  0
SECTION
  2
ENTITIES
  0
LINE
  8
APS_GEOMETRY
 10
2357.957
 11
3184.957
 20
0.0
 21
0.0
  0
LINE
  8
APS_GEOMETRY
 10
3184.957
 11
3184.957
 20
0.0
 21
2109.0
  0
LINE
  8
APS_GEOMETRY
 10
3184.957
 11
2357.957
 20
2109.0
 21
2109.0
  0
LINE
  8
APS_GEOMETRY
 10
2357.957
 11
2357.957
 20
2109.0
 21
0.0
  0
LINE
  8
APS_GEOMETRY
 10
2471.957
 11
2471.957
 20
2109.0
 21
0.0
  0
LINE
  8
APS_GEOMETRY
 10
3070.957
 11
3070.957
 20
0.0
 21
2109.0
  0
CIRCLE
  8
COSTRUZIONI
 10
3086.957
 20
830.0
 40
56.0
  0
LINE
  8
APS_GEOMETRY
 10
3086.957
 11
3056.957
 20
886.0
 21
886.0
  0
ARC
  8
APS_GEOMETRY
 10
3056.957
 20
538.0
 40
348.0
 50
90.0
 51
113.412
  0
ARC
  8
APS_GEOMETRY
 10
2771.457
 20
1176.191
 40
351.191
 50
245.215
 51
294.785
  0
ARC
  8
APS_GEOMETRY
 10
2485.957
 20
538.0
 40
348.0
 50
66.588
 51
90.0
  0
LINE
  8
APS_GEOMETRY
 10
2485.957
 11
2455.957
 20
886.0
 21
886.0
  0
LINE
  8
APS_GEOMETRY
 10
3086.957
 11
3056.957
 20
774.0
 21
774.0
  0
ARC
  8
APS_GEOMETRY
 10
3056.957
 20
426.0
 40
348.0
 50
90.0
 51
113.412
  0
ARC
  8
APS_GEOMETRY
 10
2771.457
 20
1064.191
 40
351.191
 50
245.215
 51
294.785
  0
ARC
  8
APS_GEOMETRY
 10
2485.957
 20
426.0
 40
348.0
 50
66.588
 51
90.0
  0
LINE
  8
APS_GEOMETRY
 10
2485.957
 11
2455.957
 20
774.0
 21
774.0
  0
LINE
  8
QUOTATURA
 10
2357.957
 11
2357.957
 20
-10.0
 21
-102.996
  0
LINE
  8
QUOTATURA
 10
3184.957
 11
3184.957
 20
-10.0
 21
-102.996
  0
LINE
  8
QUOTATURA
 10
2357.957
 11
2741.122
 20
-92.996
 21
-92.996
  0
LINE
  8
QUOTATURA
 10
2801.792
 11
3184.957
 20
-92.996
 21
-92.996
  0
LINE
  8
QUOTATURA
 10
2377.957
 11
2357.957
 20
-96.33
 21
-92.996
  0
LINE
  8
QUOTATURA
 10
2357.957
 11
2377.957
 20
-92.996
 21
-89.662
  0
LINE
  8
QUOTATURA
 10
2377.957
 11
2377.957
 20
-89.662
 21
-96.33
  0
LINE
  8
QUOTATURA
 10
3164.957
 11
3184.957
 20
-89.662
 21
-92.996
  0
LINE
  8
QUOTATURA
 10
3184.957
 11
3164.957
 20
-92.996
 21
-96.33
  0
LINE
  8
QUOTATURA
 10
3164.957
 11
3164.957
 20
-96.33
 21
-89.662
  0
LINE
  8
APS_GEOMETRY
 10
2455.957
 11
2485.957
 20
1934.0
 21
1934.0
  0
ARC
  8
APS_GEOMETRY
 10
2485.957
 20
2282.0
 40
348.0
 50
270.0
 51
293.412
  0
ARC
  8
APS_GEOMETRY
 10
2771.457
 20
1643.809
 40
351.191
 50
65.215
 51
114.785
  0
ARC
  8
APS_GEOMETRY
 10
3056.957
 20
2282.0
 40
348.0
 50
246.588
 51
270.0
  0
LINE
  8
APS_GEOMETRY
 10
3056.957
 11
3086.957
 20
1934.0
 21
1934.0
  0
LINE
  8
COSTRUZIONI
 10
2455.957
 11
2455.957
 20
2109.0
 21
0.0
  0
LINE
  8
COSTRUZIONI
 10
3086.957
 11
3086.957
 20
0.0
 21
2109.0
  0
LINE
  8
QUOTATURA
 10
3096.957
 11
3281.334
 20
830.0
 21
830.0
  0
LINE
  8
QUOTATURA
 10
3194.957
 11
3281.334
 20
0.0
 21
0.0
  0
LINE
  8
QUOTATURA
 10
3271.334
 11
3271.334
 20
830.0
 21
430.063
  0
LINE
  8
QUOTATURA
 10
3271.334
 11
3271.334
 20
399.756
 21
0.0
  0
LINE
  8
QUOTATURA
 10
3268.0
 11
3271.334
 20
810.0
 21
830.0
  0
LINE
  8
QUOTATURA
 10
3271.334
 11
3274.668
 20
830.0
 21
810.0
  0
LINE
  8
QUOTATURA
 10
3274.668
 11
3268.0
 20
810.0
 21
810.0
  0
LINE
  8
QUOTATURA
 10
3274.668
 11
3271.334
 20
20.0
 21
0.0
  0
LINE
  8
QUOTATURA
 10
3271.334
 11
3268.0
 20
0.0
 21
20.0
  0
LINE
  8
QUOTATURA
 10
3268.0
 11
3274.668
 20
20.0
 21
20.0
  0
LINE
  8
QUOTATURA
 10
3086.957
 11
3086.957
 20
826.666
 21
833.334
  0
LINE
  8
QUOTATURA
 10
3083.623
 11
3090.291
 20
830.0
 21
830.0
  0
LINE
  8
APS_GEOMETRY
 10
2471.957
 11
3070.957
 20
176.0
 21
176.0
  0
LINE
  8
APS_GEOMETRY
 10
6658.417
 11
6657.617
 20
5330.889
 21
5330.889
  0
LINE
  8
APS_GEOMETRY
 10
2455.957
 11
2485.957
 20
1091.0
 21
1091.0
  0
ARC
  8
APS_GEOMETRY
 10
2485.957
 20
1439.0
 40
348.0
 50
270.0
 51
293.412
  0
ARC
  8
APS_GEOMETRY
 10
2771.457
 20
800.809
 40
351.191
 50
65.215
 51
114.785
  0
ARC
  8
APS_GEOMETRY
 10
3056.957
 20
1439.0
 40
348.0
 50
246.588
 51
270.0
  0
LINE
  8
APS_GEOMETRY
 10
3056.957
 11
3086.957
 20
1091.0
 21
1091.0
  0
LINE
  8
APS_GEOMETRY
 10
2455.957
 11
2485.957
 20
1203.0
 21
1203.0
  0
ARC
  8
APS_GEOMETRY
 10
2485.957
 20
1551.0
 40
348.0
 50
270.0
 51
293.412
  0
ARC
  8
APS_GEOMETRY
 10
2771.457
 20
912.809
 40
351.191
 50
65.215
 51
114.785
  0
ARC
  8
APS_GEOMETRY
 10
3056.957
 20
1551.0
 40
348.0
 50
246.588
 51
270.0
  0
LINE
  8
APS_GEOMETRY
 10
3056.957
 11
3086.957
 20
1203.0
 21
1203.0
  0
LINE
  8
APS_GEOMETRY
 10
4757.744
 11
5584.744
 20
0.0
 21
0.0
  0
LINE
  8
APS_GEOMETRY
 10
5584.744
 11
5584.744
 20
0.0
 21
2109.0
  0
LINE
  8
APS_GEOMETRY
 10
5584.744
 11
4757.744
 20
2109.0
 21
2109.0
  0
LINE
  8
APS_GEOMETRY
 10
4757.744
 11
4757.744
 20
2109.0
 21
0.0
  0
LINE
  8
APS_GEOMETRY
 10
4871.744
 11
4871.744
 20
2109.0
 21
0.0
  0
LINE
  8
APS_GEOMETRY
 10
5470.744
 11
5470.744
 20
0.0
 21
2109.0
  0
CIRCLE
  8
COSTRUZIONI
 10
5486.744
 20
748.0
 40
56.0
  0
LINE
  8
APS_GEOMETRY
 10
5486.744
 11
5456.744
 20
804.0
 21
804.0
  0
ARC
  8
APS_GEOMETRY
 10
5456.744
 20
456.0
 40
348.0
 50
90.0
 51
113.412
  0
ARC
  8
APS_GEOMETRY
 10
5171.244
 20
1094.191
 40
351.191
 50
245.215
 51
294.785
  0
ARC
  8
APS_GEOMETRY
 10
4885.743
 20
456.0
 40
348.0
 50
66.588
 51
90.0
  0
LINE
  8
APS_GEOMETRY
 10
4885.743
 11
4855.744
 20
804.0
 21
804.0
  0
LINE
  8
APS_GEOMETRY
 10
5486.744
 11
5456.744
 20
692.0
 21
692.0
  0
ARC
  8
APS_GEOMETRY
 10
5456.744
 20
344.0
 40
348.0
 50
90.0
 51
113.412
  0
ARC
  8
APS_GEOMETRY
 10
5171.244
 20
982.191
 40
351.191
 50
245.215
 51
294.785
  0
ARC
  8
APS_GEOMETRY
 10
4885.743
 20
344.0
 40
348.0
 50
66.588
 51
90.0
  0
LINE
  8
APS_GEOMETRY
 10
4885.743
 11
4855.744
 20
692.0
 21
692.0
  0
LINE
  8
QUOTATURA
 10
4757.744
 11
4757.744
 20
-10.0
 21
-102.996
  0
LINE
  8
QUOTATURA
 10
5584.744
 11
5584.744
 20
-10.0
 21
-102.996
  0
LINE
  8
QUOTATURA
 10
4757.744
 11
5140.908
 20
-92.996
 21
-92.996
  0
LINE
  8
QUOTATURA
 10
5201.579
 11
5584.744
 20
-92.996
 21
-92.996
  0
LINE
  8
QUOTATURA
 10
4777.744
 11
4757.744
 20
-96.33
 21
-92.996
  0
LINE
  8
QUOTATURA
 10
4757.744
 11
4777.744
 20
-92.996
 21
-89.662
  0
LINE
  8
QUOTATURA
 10
4777.744
 11
4777.744
 20
-89.662
 21
-96.33
  0
LINE
  8
QUOTATURA
 10
5564.744
 11
5584.744
 20
-89.662
 21
-92.996
  0
LINE
  8
QUOTATURA
 10
5584.744
 11
5564.744
 20
-92.996
 21
-96.33
  0
LINE
  8
QUOTATURA
 10
5564.744
 11
5564.744
 20
-96.33
 21
-89.662
  0
LINE
  8
APS_GEOMETRY
 10
4855.744
 11
4885.743
 20
1934.0
 21
1934.0
  0
ARC
  8
APS_GEOMETRY
 10
4885.743
 20
2282.0
 40
348.0
 50
270.0
 51
293.412
  0
ARC
  8
APS_GEOMETRY
 10
5171.244
 20
1643.809
 40
351.191
 50
65.215
 51
114.785
  0
ARC
  8
APS_GEOMETRY
 10
5456.744
 20
2282.0
 40
348.0
 50
246.588
 51
270.0
  0
LINE
  8
APS_GEOMETRY
 10
5456.744
 11
5486.744
 20
1934.0
 21
1934.0
  0
LINE
  8
COSTRUZIONI
 10
4855.744
 11
4855.744
 20
2109.0
 21
0.0
  0
LINE
  8
COSTRUZIONI
 10
5486.744
 11
5486.744
 20
0.0
 21
2109.0
  0
LINE
  8
APS_GEOMETRY
 10
4871.744
 11
5470.744
 20
176.0
 21
176.0
  0
LINE
  8
APS_GEOMETRY
 10
4855.744
 11
4885.743
 20
1009.0
 21
1009.0
  0
ARC
  8
APS_GEOMETRY
 10
4885.743
 20
1357.0
 40
348.0
 50
270.0
 51
293.412
  0
ARC
  8
APS_GEOMETRY
 10
5171.244
 20
718.809
 40
351.191
 50
65.215
 51
114.785
  0
ARC
  8
APS_GEOMETRY
 10
5456.744
 20
1357.0
 40
348.0
 50
246.588
 51
270.0
  0
LINE
  8
APS_GEOMETRY
 10
5456.744
 11
5486.744
 20
1009.0
 21
1009.0
  0
LINE
  8
APS_GEOMETRY
 10
4855.744
 11
4885.743
 20
1121.0
 21
1121.0
  0
ARC
  8
APS_GEOMETRY
 10
4885.743
 20
1469.0
 40
348.0
 50
270.0
 51
293.412
  0
ARC
  8
APS_GEOMETRY
 10
5171.244
 20
830.809
 40
351.191
 50
65.215
 51
114.785
  0
ARC
  8
APS_GEOMETRY
 10
5456.744
 20
1469.0
 40
348.0
 50
246.588
 51
270.0
  0
LINE
  8
APS_GEOMETRY
 10
5456.744
 11
5486.744
 20
1121.0
 21
1121.0
  0
LINE
  8
QUOTATURA
 10
2347.957
 11
2173.611
 20
2109.0
 21
2109.0
  0
LINE
  8
QUOTATURA
 10
2347.957
 11
2173.611
 20
0.0
 21
0.0
  0
LINE
  8
QUOTATURA
 10
2183.611
 11
2183.611
 20
2109.0
 21
1069.563
  0
LINE
  8
QUOTATURA
 10
2183.611
 11
2183.611
 20
1039.252
 21
0.0
  0
LINE
  8
QUOTATURA
 10
2180.277
 11
2183.611
 20
2089.0
 21
2109.0
  0
LINE
  8
QUOTATURA
 10
2183.611
 11
2186.945
 20
2109.0
 21
2089.0
  0
LINE
  8
QUOTATURA
 10
2186.945
 11
2180.277
 20
2089.0
 21
2089.0
  0
LINE
  8
QUOTATURA
 10
2186.945
 11
2183.611
 20
20.0
 21
0.0
  0
LINE
  8
QUOTATURA
 10
2183.611
 11
2180.277
 20
0.0
 21
20.0
  0
LINE
  8
QUOTATURA
 10
2180.277
 11
2186.945
 20
20.0
 21
20.0
  0
LINE
  8
QUOTATURA
 10
2770.262
 11
2770.262
 20
825.0
 21
973.5
  0
LINE
  8
QUOTATURA
 10
2770.262
 11
2770.262
 20
1003.563
 21
1152.0
  0
LINE
  8
QUOTATURA
 10
2773.596
 11
2770.262
 20
845.0
 21
825.0
  0
LINE
  8
QUOTATURA
 10
2770.262
 11
2766.928
 20
825.0
 21
845.0
  0
LINE
  8
QUOTATURA
 10
2766.928
 11
2773.596
 20
845.0
 21
845.0
  0
LINE
  8
QUOTATURA
 10
2766.928
 11
2770.262
 20
1132.0
 21
1152.0
  0
LINE
  8
QUOTATURA
 10
2770.262
 11
2773.596
 20
1152.0
 21
1132.0
  0
LINE
  8
QUOTATURA
 10
2773.596
 11
2766.928
 20
1132.0
 21
1132.0
  0
LINE
  8
QUOTATURA
 10
4747.744
 11
4622.184
 20
0.0
 21
0.0
  0
LINE
  8
QUOTATURA
 10
4747.744
 11
4622.184
 20
2109.0
 21
2109.0
  0
LINE
  8
QUOTATURA
 10
4632.184
 11
4632.184
 20
0.0
 21
1039.252
  0
LINE
  8
QUOTATURA
 10
4632.184
 11
4632.184
 20
1069.563
 21
2109.0
  0
LINE
  8
QUOTATURA
 10
4635.518
 11
4632.184
 20
20.0
 21
0.0
  0
LINE
  8
QUOTATURA
 10
4632.184
 11
4628.85
 20
0.0
 21
20.0
  0
LINE
  8
QUOTATURA
 10
4628.85
 11
4635.518
 20
20.0
 21
20.0
  0
LINE
  8
QUOTATURA
 10
4628.85
 11
4632.184
 20
2089.0
 21
2109.0
  0
LINE
  8
QUOTATURA
 10
4632.184
 11
4635.518
 20
2109.0
 21
2089.0
  0
LINE
  8
QUOTATURA
 10
4635.518
 11
4628.85
 20
2089.0
 21
2089.0
  0
LINE
  8
QUOTATURA
 10
5171.431
 11
5171.431
 20
1070.0
 21
921.563
  0
LINE
  8
QUOTATURA
 10
5171.431
 11
5171.431
 20
891.5
 21
743.0
  0
LINE
  8
QUOTATURA
 10
5168.097
 11
5171.431
 20
1050.0
 21
1070.0
  0
LINE
  8
QUOTATURA
 10
5171.431
 11
5174.765
 20
1070.0
 21
1050.0
  0
LINE
  8
QUOTATURA
 10
5174.765
 11
5168.097
 20
1050.0
 21
1050.0
  0
LINE
  8
QUOTATURA
 10
5174.765
 11
5171.431
 20
763.0
 21
743.0
  0
LINE
  8
QUOTATURA
 10
5171.431
 11
5168.097
 20
743.0
 21
763.0
  0
LINE
  8
QUOTATURA
 10
5168.097
 11
5174.765
 20
763.0
 21
763.0
  0
LINE
  8
QUOTATURA
 10
5496.744
 11
5689.4
 20
748.0
 21
748.0
  0
LINE
  8
QUOTATURA
 10
5594.744
 11
5689.4
 20
0.0
 21
0.0
  0
LINE
  8
QUOTATURA
 10
5679.4
 11
5679.4
 20
748.0
 21
389.011
  0
LINE
  8
QUOTATURA
 10
5679.4
 11
5679.4
 20
358.81
 21
0.0
  0
LINE
  8
QUOTATURA
 10
5676.066
 11
5679.4
 20
728.0
 21
748.0
  0
LINE
  8
QUOTATURA
 10
5679.4
 11
5682.734
 20
748.0
 21
728.0
  0
LINE
  8
QUOTATURA
 10
5682.734
 11
5676.066
 20
728.0
 21
728.0
  0
LINE
  8
QUOTATURA
 10
5682.734
 11
5679.4
 20
20.0
 21
0.0
  0
LINE
  8
QUOTATURA
 10
5679.4
 11
5676.066
 20
0.0
 21
20.0
  0
LINE
  8
QUOTATURA
 10
5676.066
 11
5682.734
 20
20.0
 21
20.0
  0
LINE
  8
QUOTATURA
 10
5486.744
 11
5486.744
 20
744.666
 21
751.334
  0
LINE
  8
QUOTATURA
 10
5483.41
 11
5490.078
 20
748.0
 21
748.0
  0
LINE
  8
APS_GEOMETRY
 10
12607.625
 11
13434.625
 20
0.0
 21
0.0
  0
LINE
  8
APS_GEOMETRY
 10
13434.625
 11
13434.625
 20
0.0
 21
2109.0
  0
LINE
  8
APS_GEOMETRY
 10
13434.625
 11
12607.625
 20
2109.0
 21
2109.0
  0
LINE
  8
APS_GEOMETRY
 10
12607.625
 11
12607.625
 20
2109.0
 21
0.0
  0
CIRCLE
  8
COSTRUZIONI
 10
13336.625
 20
748.0
 40
56.0
  0
LINE
  8
QUOTATURA
 10
12607.625
 11
12607.625
 20
-10.0
 21
-102.996
  0
LINE
  8
QUOTATURA
 10
13434.625
 11
13434.625
 20
-10.0
 21
-102.996
  0
LINE
  8
QUOTATURA
 10
12607.625
 11
12990.79
 20
-92.996
 21
-92.996
  0
LINE
  8
QUOTATURA
 10
13051.46
 11
13434.625
 20
-92.996
 21
-92.996
  0
LINE
  8
QUOTATURA
 10
12627.625
 11
12607.625
 20
-96.33
 21
-92.996
  0
LINE
  8
QUOTATURA
 10
12607.625
 11
12627.625
 20
-92.996
 21
-89.662
  0
LINE
  8
QUOTATURA
 10
12627.625
 11
12627.625
 20
-89.662
 21
-96.33
  0
LINE
  8
QUOTATURA
 10
13414.625
 11
13434.625
 20
-89.662
 21
-92.996
  0
LINE
  8
QUOTATURA
 10
13434.625
 11
13414.625
 20
-92.996
 21
-96.33
  0
LINE
  8
QUOTATURA
 10
13414.625
 11
13414.625
 20
-96.33
 21
-89.662
  0
LINE
  8
APS_GEOMETRY
 10
12705.625
 11
12705.625
 20
2109.0
 21
0.0
  0
LINE
  8
APS_GEOMETRY
 10
13336.625
 11
13336.625
 20
0.0
 21
2109.0
  0
LINE
  8
QUOTATURA
 10
12597.625
 11
12472.066
 20
0.0
 21
0.0
  0
LINE
  8
QUOTATURA
 10
12597.625
 11
12472.066
 20
2109.0
 21
2109.0
  0
LINE
  8
QUOTATURA
 10
12482.066
 11
12482.066
 20
0.0
 21
1039.252
  0
LINE
  8
QUOTATURA
 10
12482.066
 11
12482.066
 20
1069.563
 21
2109.0
  0
LINE
  8
QUOTATURA
 10
12485.4
 11
12482.066
 20
20.0
 21
0.0
  0
LINE
  8
QUOTATURA
 10
12482.066
 11
12478.732
 20
0.0
 21
20.0
  0
LINE
  8
QUOTATURA
 10
12478.732
 11
12485.4
 20
20.0
 21
20.0
  0
LINE
  8
QUOTATURA
 10
12478.732
 11
12482.066
 20
2089.0
 21
2109.0
  0
LINE
  8
QUOTATURA
 10
12482.066
 11
12485.4
 20
2109.0
 21
2089.0
  0
LINE
  8
QUOTATURA
 10
12485.4
 11
12478.732
 20
2089.0
 21
2089.0
  0
LINE
  8
QUOTATURA
 10
13021.313
 11
13021.313
 20
1070.0
 21
921.563
  0
LINE
  8
QUOTATURA
 10
13021.313
 11
13021.313
 20
891.5
 21
743.0
  0
LINE
  8
QUOTATURA
 10
13017.979
 11
13021.313
 20
1050.0
 21
1070.0
  0
LINE
  8
QUOTATURA
 10
13021.313
 11
13024.647
 20
1070.0
 21
1050.0
  0
LINE
  8
QUOTATURA
 10
13024.647
 11
13017.979
 20
1050.0
 21
1050.0
  0
LINE
  8
QUOTATURA
 10
13024.647
 11
13021.313
 20
763.0
 21
743.0
  0
LINE
  8
QUOTATURA
 10
13021.313
 11
13017.979
 20
743.0
 21
763.0
  0
LINE
  8
QUOTATURA
 10
13017.979
 11
13024.647
 20
763.0
 21
763.0
  0
LINE
  8
QUOTATURA
 10
13346.625
 11
13539.281
 20
748.0
 21
748.0
  0
LINE
  8
QUOTATURA
 10
13444.625
 11
13539.281
 20
0.0
 21
0.0
  0
LINE
  8
QUOTATURA
 10
13529.281
 11
13529.281
 20
748.0
 21
389.011
  0
LINE
  8
QUOTATURA
 10
13529.281
 11
13529.281
 20
358.81
 21
0.0
  0
LINE
  8
QUOTATURA
 10
13525.947
 11
13529.281
 20
728.0
 21
748.0
  0
LINE
  8
QUOTATURA
 10
13529.281
 11
13532.615
 20
748.0
 21
728.0
  0
LINE
  8
QUOTATURA
 10
13532.615
 11
13525.947
 20
728.0
 21
728.0
  0
LINE
  8
QUOTATURA
 10
13532.615
 11
13529.281
 20
20.0
 21
0.0
  0
LINE
  8
QUOTATURA
 10
13529.281
 11
13525.947
 20
0.0
 21
20.0
  0
LINE
  8
QUOTATURA
 10
13525.947
 11
13532.615
 20
20.0
 21
20.0
  0
LINE
  8
QUOTATURA
 10
13336.625
 11
13336.625
 20
744.666
 21
751.334
  0
LINE
  8
QUOTATURA
 10
13333.291
 11
13339.959
 20
748.0
 21
748.0
  0
LINE
  8
APS_GEOMETRY
 10
12705.625
 11
13336.625
 20
160.0
 21
160.0
  0
LINE
  8
APS_GEOMETRY
 10
13336.625
 11
13306.625
 20
708.0
 21
708.0
  0
ARC
  8
APS_GEOMETRY
 10
13306.625
 20
344.0
 40
364.0
 50
90.0
 51
113.443
  0
ARC
  8
APS_GEOMETRY
 10
13021.125
 20
982.191
 40
335.191
 50
245.183
 51
294.817
  0
ARC
  8
APS_GEOMETRY
 10
12735.625
 20
344.0
 40
364.0
 50
66.557
 51
90.0
  0
LINE
  8
APS_GEOMETRY
 10
12735.625
 11
12705.625
 20
708.0
 21
708.0
  0
LINE
  8
APS_GEOMETRY
 10
13336.625
 11
13306.625
 20
788.0
 21
788.0
  0
ARC
  8
APS_GEOMETRY
 10
13306.625
 20
456.0
 40
332.0
 50
90.0
 51
113.38
  0
ARC
  8
APS_GEOMETRY
 10
13021.125
 20
1094.191
 40
367.191
 50
245.246
 51
294.754
  0
ARC
  8
APS_GEOMETRY
 10
12735.625
 20
456.0
 40
332.0
 50
66.62
 51
90.0
  0
LINE
  8
APS_GEOMETRY
 10
12735.625
 11
12705.625
 20
788.0
 21
788.0
  0
LINE
  8
APS_GEOMETRY
 10
12705.625
 11
12735.625
 20
1025.0
 21
1025.0
  0
ARC
  8
APS_GEOMETRY
 10
12735.625
 20
1357.0
 40
332.0
 50
270.0
 51
293.38
  0
ARC
  8
APS_GEOMETRY
 10
13021.125
 20
718.809
 40
367.191
 50
65.246
 51
114.754
  0
ARC
  8
APS_GEOMETRY
 10
13306.625
 20
1357.0
 40
332.0
 50
246.62
 51
270.0
  0
LINE
  8
APS_GEOMETRY
 10
13306.625
 11
13336.625
 20
1025.0
 21
1025.0
  0
LINE
  8
APS_GEOMETRY
 10
12705.625
 11
12735.625
 20
1105.0
 21
1105.0
  0
ARC
  8
APS_GEOMETRY
 10
12735.625
 20
1469.0
 40
364.0
 50
270.0
 51
293.443
  0
ARC
  8
APS_GEOMETRY
 10
13021.125
 20
830.809
 40
335.191
 50
65.183
 51
114.817
  0
ARC
  8
APS_GEOMETRY
 10
13306.625
 20
1469.0
 40
364.0
 50
246.557
 51
270.0
  0
LINE
  8
APS_GEOMETRY
 10
13306.625
 11
13336.625
 20
1105.0
 21
1105.0
  0
LINE
  8
APS_GEOMETRY
 10
12705.625
 11
12735.625
 20
1950.0
 21
1950.0
  0
ARC
  8
APS_GEOMETRY
 10
12735.625
 20
2282.0
 40
332.0
 50
270.0
 51
293.38
  0
ARC
  8
APS_GEOMETRY
 10
13021.125
 20
1643.809
 40
367.191
 50
65.246
 51
114.754
  0
ARC
  8
APS_GEOMETRY
 10
13306.625
 20
2282.0
 40
332.0
 50
246.62
 51
270.0
  0
LINE
  8
APS_GEOMETRY
 10
13306.625
 11
13336.625
 20
1950.0
 21
1950.0
  0
LINE
  8
APS_GEOMETRY
 10
12721.625
 11
12705.625
 20
176.0
 21
160.0
  0
LINE
  8
APS_GEOMETRY
 10
13320.625
 11
13336.625
 20
176.0
 21
160.0
  0
LINE
  8
APS_GEOMETRY
 10
12721.625
 11
12705.625
 20
692.0
 21
708.0
  0
LINE
  8
APS_GEOMETRY
 10
12705.625
 11
12721.625
 20
788.0
 21
804.0
  0
LINE
  8
APS_GEOMETRY
 10
13320.625
 11
13336.625
 20
804.0
 21
788.0
  0
LINE
  8
APS_GEOMETRY
 10
13336.625
 11
13320.625
 20
708.0
 21
692.0
  0
LINE
  8
APS_GEOMETRY
 10
12705.625
 11
12721.625
 20
1025.0
 21
1009.0
  0
LINE
  8
APS_GEOMETRY
 10
12705.625
 11
12721.625
 20
1105.0
 21
1121.0
  0
LINE
  8
APS_GEOMETRY
 10
13320.625
 11
13336.625
 20
1121.0
 21
1105.0
  0
LINE
  8
APS_GEOMETRY
 10
13320.625
 11
13336.625
 20
1009.0
 21
1025.0
  0
LINE
  8
APS_GEOMETRY
 10
12721.625
 11
12705.625
 20
1934.0
 21
1950.0
  0
LINE
  8
APS_GEOMETRY
 10
13320.625
 11
13336.625
 20
1934.0
 21
1950.0
  0
LINE
  8
APS_GEOMETRY
 10
12721.625
 11
12721.625
 20
1934.0
 21
1121.0
  0
LINE
  8
APS_GEOMETRY
 10
12721.625
 11
12735.625
 20
1121.0
 21
1121.0
  0
ARC
  8
APS_GEOMETRY
 10
12735.625
 20
1469.0
 40
348.0
 50
270.0
 51
293.412
  0
ARC
  8
APS_GEOMETRY
 10
13021.125
 20
830.809
 40
351.191
 50
65.215
 51
114.785
  0
ARC
  8
APS_GEOMETRY
 10
13306.625
 20
1469.0
 40
348.0
 50
246.588
 51
270.0
  0
LINE
  8
APS_GEOMETRY
 10
13306.625
 11
13320.625
 20
1121.0
 21
1121.0
  0
LINE
  8
APS_GEOMETRY
 10
13320.625
 11
13320.625
 20
1121.0
 21
1934.0
  0
LINE
  8
APS_GEOMETRY
 10
13320.625
 11
13306.625
 20
1934.0
 21
1934.0
  0
ARC
  8
APS_GEOMETRY
 10
13306.625
 20
2282.0
 40
348.0
 50
246.588
 51
270.0
  0
ARC
  8
APS_GEOMETRY
 10
13021.125
 20
1643.809
 40
351.191
 50
65.215
 51
114.785
  0
ARC
  8
APS_GEOMETRY
 10
12735.625
 20
2282.0
 40
348.0
 50
270.0
 51
293.412
  0
LINE
  8
APS_GEOMETRY
 10
12735.625
 11
12721.625
 20
1934.0
 21
1934.0
  0
LINE
  8
APS_GEOMETRY
 10
12721.625
 11
12721.625
 20
1009.0
 21
804.0
  0
LINE
  8
APS_GEOMETRY
 10
12721.625
 11
12735.625
 20
804.0
 21
804.0
  0
ARC
  8
APS_GEOMETRY
 10
12735.625
 20
456.0
 40
348.0
 50
66.588
 51
90.0
  0
ARC
  8
APS_GEOMETRY
 10
13021.125
 20
1094.191
 40
351.191
 50
245.215
 51
294.785
  0
ARC
  8
APS_GEOMETRY
 10
13306.625
 20
456.0
 40
348.0
 50
90.0
 51
113.412
  0
LINE
  8
APS_GEOMETRY
 10
13306.625
 11
13320.625
 20
804.0
 21
804.0
  0
LINE
  8
APS_GEOMETRY
 10
13320.625
 11
13320.625
 20
804.0
 21
1009.0
  0
LINE
  8
APS_GEOMETRY
 10
13320.625
 11
13306.625
 20
1009.0
 21
1009.0
  0
ARC
  8
APS_GEOMETRY
 10
13306.625
 20
1357.0
 40
348.0
 50
246.588
 51
270.0
  0
ARC
  8
APS_GEOMETRY
 10
13021.125
 20
718.809
 40
351.191
 50
65.215
 51
114.785
  0
ARC
  8
APS_GEOMETRY
 10
12735.625
 20
1357.0
 40
348.0
 50
270.0
 51
293.412
  0
LINE
  8
APS_GEOMETRY
 10
12735.625
 11
12721.625
 20
1009.0
 21
1009.0
  0
LINE
  8
APS_GEOMETRY
 10
12721.625
 11
12721.625
 20
692.0
 21
176.0
  0
LINE
  8
APS_GEOMETRY
 10
12721.625
 11
13320.625
 20
176.0
 21
176.0
  0
LINE
  8
APS_GEOMETRY
 10
13320.625
 11
13320.625
 20
176.0
 21
692.0
  0
LINE
  8
APS_GEOMETRY
 10
13320.625
 11
13306.625
 20
692.0
 21
692.0
  0
ARC
  8
APS_GEOMETRY
 10
13306.625
 20
344.0
 40
348.0
 50
90.0
 51
113.412
  0
ARC
  8
APS_GEOMETRY
 10
13021.125
 20
982.191
 40
351.191
 50
245.215
 51
294.785
  0
ARC
  8
APS_GEOMETRY
 10
12735.625
 20
344.0
 40
348.0
 50
66.588
 51
90.0
  0
LINE
  8
APS_GEOMETRY
 10
12735.625
 11
12721.625
 20
692.0
 21
692.0
  0
LINE
  8
APS_GEOMETRY
 10
12767.625
 11
12767.625
 20
644.3
 21
222.0
  0
LINE
  8
APS_GEOMETRY
 10
12767.625
 11
13274.625
 20
222.0
 21
222.0
  0
LINE
  8
APS_GEOMETRY
 10
13274.625
 11
13274.625
 20
222.0
 21
644.3
  0
ARC
  8
APS_GEOMETRY
 10
13306.625
 20
344.0
 40
302.0
 50
96.083
 51
113.315
  0
ARC
  8
APS_GEOMETRY
 10
13021.125
 20
982.191
 40
397.191
 50
245.3
 51
294.7
  0
ARC
  8
APS_GEOMETRY
 10
12735.625
 20
344.0
 40
302.0
 50
66.685
 51
83.917
  0
LINE
  8
APS_GEOMETRY
 10
12767.625
 11
12767.625
 20
964.302
 21
848.698
  0
ARC
  8
APS_GEOMETRY
 10
12735.625
 20
456.0
 40
394.0
 50
66.502
 51
85.341
  0
ARC
  8
APS_GEOMETRY
 10
13021.125
 20
1094.191
 40
305.191
 50
245.119
 51
294.881
  0
ARC
  8
APS_GEOMETRY
 10
13306.625
 20
456.0
 40
394.0
 50
94.659
 51
113.498
  0
LINE
  8
APS_GEOMETRY
 10
13274.625
 11
13274.625
 20
848.698
 21
964.302
  0
ARC
  8
APS_GEOMETRY
 10
13306.625
 20
1357.0
 40
394.0
 50
246.502
 51
265.341
  0
ARC
  8
APS_GEOMETRY
 10
13021.125
 20
718.809
 40
305.191
 50
65.119
 51
114.881
  0
ARC
  8
APS_GEOMETRY
 10
12735.625
 20
1357.0
 40
394.0
 50
274.659
 51
293.498
  0
LINE
  8
APS_GEOMETRY
 10
12767.625
 11
12767.625
 20
1889.302
 21
1168.7
  0
ARC
  8
APS_GEOMETRY
 10
12735.625
 20
1469.0
 40
302.0
 50
276.083
 51
293.315
  0
ARC
  8
APS_GEOMETRY
 10
13021.125
 20
830.809
 40
397.191
 50
65.3
 51
114.7
  0
ARC
  8
APS_GEOMETRY
 10
13306.625
 20
1469.0
 40
302.0
 50
246.685
 51
263.917
  0
LINE
  8
APS_GEOMETRY
 10
13274.625
 11
13274.625
 20
1168.7
 21
1889.302
  0
ARC
  8
APS_GEOMETRY
 10
13306.625
 20
2282.0
 40
394.0
 50
246.502
 51
265.341
  0
ARC
  8
APS_GEOMETRY
 10
13021.125
 20
1643.809
 40
305.191
 50
65.119
 51
114.881
  0
ARC
  8
APS_GEOMETRY
 10
12735.625
 20
2282.0
 40
394.0
 50
274.659
 51
293.498
  0
LINE
  8
APS_GEOMETRY
 10
12721.625
 11
12767.625
 20
1934.0
 21
1889.302
  0
LINE
  8
APS_GEOMETRY
 10
13274.625
 11
13320.625
 20
1889.302
 21
1934.0
  0
LINE
  8
APS_GEOMETRY
 10
12721.625
 11
12767.625
 20
1121.0
 21
1168.7
  0
LINE
  8
APS_GEOMETRY
 10
13274.625
 11
13320.625
 20
1168.7
 21
1121.0
  0
LINE
  8
APS_GEOMETRY
 10
12721.625
 11
12767.625
 20
1009.0
 21
964.302
  0
LINE
  8
APS_GEOMETRY
 10
12767.625
 11
12721.625
 20
848.698
 21
804.0
  0
LINE
  8
APS_GEOMETRY
 10
13274.625
 11
13320.625
 20
964.302
 21
1009.0
  0
LINE
  8
APS_GEOMETRY
 10
13274.625
 11
13320.625
 20
848.698
 21
804.0
  0
LINE
  8
APS_GEOMETRY
 10
12767.625
 11
12721.625
 20
644.3
 21
692.0
  0
LINE
  8
APS_GEOMETRY
 10
12721.625
 11
12767.625
 20
176.0
 21
222.0
  0
LINE
  8
APS_GEOMETRY
 10
13320.625
 11
13274.625
 20
176.0
 21
222.0
  0
LINE
  8
APS_GEOMETRY
 10
13274.625
 11
13320.625
 20
644.3
 21
692.0
  0
LINE
  8
APS_GEOMETRY
 10
9798.99
 11
10625.99
 20
0.0
 21
0.0
  0
LINE
  8
APS_GEOMETRY
 10
10625.99
 11
10625.99
 20
0.0
 21
2109.0
  0
LINE
  8
APS_GEOMETRY
 10
10625.99
 11
9798.99
 20
2109.0
 21
2109.0
  0
LINE
  8
APS_GEOMETRY
 10
9798.99
 11
9798.99
 20
2109.0
 21
0.0
  0
CIRCLE
  8
COSTRUZIONI
 10
10527.99
 20
830.0
 40
56.0
  0
LINE
  8
QUOTATURA
 10
9798.99
 11
9798.99
 20
-10.0
 21
-102.996
  0
LINE
  8
QUOTATURA
 10
10625.99
 11
10625.99
 20
-10.0
 21
-102.996
  0
LINE
  8
QUOTATURA
 10
9798.99
 11
10182.155
 20
-92.996
 21
-92.996
  0
LINE
  8
QUOTATURA
 10
10242.825
 11
10625.99
 20
-92.996
 21
-92.996
  0
LINE
  8
QUOTATURA
 10
9818.99
 11
9798.99
 20
-96.33
 21
-92.996
  0
LINE
  8
QUOTATURA
 10
9798.99
 11
9818.99
 20
-92.996
 21
-89.662
  0
LINE
  8
QUOTATURA
 10
9818.99
 11
9818.99
 20
-89.662
 21
-96.33
  0
LINE
  8
QUOTATURA
 10
10605.99
 11
10625.99
 20
-89.662
 21
-92.996
  0
LINE
  8
QUOTATURA
 10
10625.99
 11
10605.99
 20
-92.996
 21
-96.33
  0
LINE
  8
QUOTATURA
 10
10605.99
 11
10605.99
 20
-96.33
 21
-89.662
  0
LINE
  8
APS_GEOMETRY
 10
9896.99
 11
9896.99
 20
2109.0
 21
0.0
  0
LINE
  8
APS_GEOMETRY
 10
10527.99
 11
10527.99
 20
0.0
 21
2109.0
  0
LINE
  8
QUOTATURA
 10
9788.99
 11
9663.431
 20
0.0
 21
0.0
  0
LINE
  8
QUOTATURA
 10
9788.99
 11
9663.431
 20
2109.0
 21
2109.0
  0
LINE
  8
QUOTATURA
 10
9673.431
 11
9673.431
 20
0.0
 21
1039.252
  0
LINE
  8
QUOTATURA
 10
9673.431
 11
9673.431
 20
1069.563
 21
2109.0
  0
LINE
  8
QUOTATURA
 10
9676.765
 11
9673.431
 20
20.0
 21
0.0
  0
LINE
  8
QUOTATURA
 10
9673.431
 11
9670.097
 20
0.0
 21
20.0
  0
LINE
  8
QUOTATURA
 10
9670.097
 11
9676.765
 20
20.0
 21
20.0
  0
LINE
  8
QUOTATURA
 10
9670.097
 11
9673.431
 20
2089.0
 21
2109.0
  0
LINE
  8
QUOTATURA
 10
9673.431
 11
9676.765
 20
2109.0
 21
2089.0
  0
LINE
  8
QUOTATURA
 10
9676.765
 11
9670.097
 20
2089.0
 21
2089.0
  0
LINE
  8
QUOTATURA
 10
10212.678
 11
10212.678
 20
1152.0
 21
1003.563
  0
LINE
  8
QUOTATURA
 10
10212.678
 11
10212.678
 20
973.5
 21
825.0
  0
LINE
  8
QUOTATURA
 10
10209.344
 11
10212.678
 20
1132.0
 21
1152.0
  0
LINE
  8
QUOTATURA
 10
10212.678
 11
10216.012
 20
1152.0
 21
1132.0
  0
LINE
  8
QUOTATURA
 10
10216.012
 11
10209.344
 20
1132.0
 21
1132.0
  0
LINE
  8
QUOTATURA
 10
10216.012
 11
10212.678
 20
845.0
 21
825.0
  0
LINE
  8
QUOTATURA
 10
10212.678
 11
10209.344
 20
825.0
 21
845.0
  0
LINE
  8
QUOTATURA
 10
10209.344
 11
10216.012
 20
845.0
 21
845.0
  0
LINE
  8
APS_GEOMETRY
 10
9896.99
 11
10527.99
 20
160.0
 21
160.0
  0
LINE
  8
APS_GEOMETRY
 10
10527.99
 11
10497.99
 20
790.0
 21
790.0
  0
ARC
  8
APS_GEOMETRY
 10
10497.99
 20
426.0
 40
364.0
 50
90.0
 51
113.443
  0
ARC
  8
APS_GEOMETRY
 10
10212.49
 20
1064.191
 40
335.191
 50
245.183
 51
294.817
  0
ARC
  8
APS_GEOMETRY
 10
9926.99
 20
426.0
 40
364.0
 50
66.557
 51
90.0
  0
LINE
  8
APS_GEOMETRY
 10
9926.99
 11
9896.99
 20
790.0
 21
790.0
  0
LINE
  8
APS_GEOMETRY
 10
10527.99
 11
10497.99
 20
870.0
 21
870.0
  0
ARC
  8
APS_GEOMETRY
 10
10497.99
 20
538.0
 40
332.0
 50
90.0
 51
113.38
  0
ARC
  8
APS_GEOMETRY
 10
10212.49
 20
1176.191
 40
367.191
 50
245.246
 51
294.754
  0
ARC
  8
APS_GEOMETRY
 10
9926.99
 20
538.0
 40
332.0
 50
66.62
 51
90.0
  0
LINE
  8
APS_GEOMETRY
 10
9926.99
 11
9896.99
 20
870.0
 21
870.0
  0
LINE
  8
APS_GEOMETRY
 10
9896.99
 11
9926.99
 20
1107.0
 21
1107.0
  0
ARC
  8
APS_GEOMETRY
 10
9926.99
 20
1439.0
 40
332.0
 50
270.0
 51
293.38
  0
ARC
  8
APS_GEOMETRY
 10
10212.49
 20
800.809
 40
367.191
 50
65.246
 51
114.754
  0
ARC
  8
APS_GEOMETRY
 10
10497.99
 20
1439.0
 40
332.0
 50
246.62
 51
270.0
  0
LINE
  8
APS_GEOMETRY
 10
10497.99
 11
10527.99
 20
1107.0
 21
1107.0
  0
LINE
  8
APS_GEOMETRY
 10
9896.99
 11
9926.99
 20
1187.0
 21
1187.0
  0
ARC
  8
APS_GEOMETRY
 10
9926.99
 20
1551.0
 40
364.0
 50
270.0
 51
293.443
  0
ARC
  8
APS_GEOMETRY
 10
10212.49
 20
912.809
 40
335.191
 50
65.183
 51
114.817
  0
ARC
  8
APS_GEOMETRY
 10
10497.99
 20
1551.0
 40
364.0
 50
246.557
 51
270.0
  0
LINE
  8
APS_GEOMETRY
 10
10497.99
 11
10527.99
 20
1187.0
 21
1187.0
  0
LINE
  8
APS_GEOMETRY
 10
9896.99
 11
9926.99
 20
1950.0
 21
1950.0
  0
ARC
  8
APS_GEOMETRY
 10
9926.99
 20
2282.0
 40
332.0
 50
270.0
 51
293.38
  0
ARC
  8
APS_GEOMETRY
 10
10212.49
 20
1643.809
 40
367.191
 50
65.246
 51
114.754
  0
ARC
  8
APS_GEOMETRY
 10
10497.99
 20
2282.0
 40
332.0
 50
246.62
 51
270.0
  0
LINE
  8
APS_GEOMETRY
 10
10497.99
 11
10527.99
 20
1950.0
 21
1950.0
  0
LINE
  8
APS_GEOMETRY
 10
9912.99
 11
9896.99
 20
176.0
 21
160.0
  0
LINE
  8
APS_GEOMETRY
 10
10511.99
 11
10527.99
 20
176.0
 21
160.0
  0
LINE
  8
APS_GEOMETRY
 10
9912.99
 11
9896.99
 20
774.0
 21
790.0
  0
LINE
  8
APS_GEOMETRY
 10
9896.99
 11
9912.99
 20
870.0
 21
886.0
  0
LINE
  8
APS_GEOMETRY
 10
10511.99
 11
10527.99
 20
886.0
 21
870.0
  0
LINE
  8
APS_GEOMETRY
 10
10527.99
 11
10511.99
 20
790.0
 21
774.0
  0
LINE
  8
APS_GEOMETRY
 10
9896.99
 11
9912.99
 20
1107.0
 21
1091.0
  0
LINE
  8
APS_GEOMETRY
 10
9896.99
 11
9912.99
 20
1187.0
 21
1203.0
  0
LINE
  8
APS_GEOMETRY
 10
10511.99
 11
10527.99
 20
1203.0
 21
1187.0
  0
LINE
  8
APS_GEOMETRY
 10
10511.99
 11
10527.99
 20
1091.0
 21
1107.0
  0
LINE
  8
APS_GEOMETRY
 10
9912.99
 11
9896.99
 20
1934.0
 21
1950.0
  0
LINE
  8
APS_GEOMETRY
 10
10511.99
 11
10527.99
 20
1934.0
 21
1950.0
  0
LINE
  8
APS_GEOMETRY
 10
9912.99
 11
9912.99
 20
1934.0
 21
1203.0
  0
LINE
  8
APS_GEOMETRY
 10
9912.99
 11
9926.99
 20
1203.0
 21
1203.0
  0
ARC
  8
APS_GEOMETRY
 10
9926.99
 20
1551.0
 40
348.0
 50
270.0
 51
293.412
  0
ARC
  8
APS_GEOMETRY
 10
10212.49
 20
912.809
 40
351.191
 50
65.215
 51
114.785
  0
ARC
  8
APS_GEOMETRY
 10
10497.99
 20
1551.0
 40
348.0
 50
246.588
 51
270.0
  0
LINE
  8
APS_GEOMETRY
 10
10497.99
 11
10511.99
 20
1203.0
 21
1203.0
  0
LINE
  8
APS_GEOMETRY
 10
10511.99
 11
10511.99
 20
1203.0
 21
1934.0
  0
LINE
  8
APS_GEOMETRY
 10
10511.99
 11
10497.99
 20
1934.0
 21
1934.0
  0
ARC
  8
APS_GEOMETRY
 10
10497.99
 20
2282.0
 40
348.0
 50
246.588
 51
270.0
  0
ARC
  8
APS_GEOMETRY
 10
10212.49
 20
1643.809
 40
351.191
 50
65.215
 51
114.785
  0
ARC
  8
APS_GEOMETRY
 10
9926.99
 20
2282.0
 40
348.0
 50
270.0
 51
293.412
  0
LINE
  8
APS_GEOMETRY
 10
9926.99
 11
9912.99
 20
1934.0
 21
1934.0
  0
LINE
  8
APS_GEOMETRY
 10
9912.99
 11
9912.99
 20
1091.0
 21
886.0
  0
LINE
  8
APS_GEOMETRY
 10
9912.99
 11
9926.99
 20
886.0
 21
886.0
  0
ARC
  8
APS_GEOMETRY
 10
9926.99
 20
538.0
 40
348.0
 50
66.588
 51
90.0
  0
ARC
  8
APS_GEOMETRY
 10
10212.49
 20
1176.191
 40
351.191
 50
245.215
 51
294.785
  0
ARC
  8
APS_GEOMETRY
 10
10497.99
 20
538.0
 40
348.0
 50
90.0
 51
113.412
  0
LINE
  8
APS_GEOMETRY
 10
10497.99
 11
10511.99
 20
886.0
 21
886.0
  0
LINE
  8
APS_GEOMETRY
 10
10511.99
 11
10511.99
 20
886.0
 21
1091.0
  0
LINE
  8
APS_GEOMETRY
 10
10511.99
 11
10497.99
 20
1091.0
 21
1091.0
  0
ARC
  8
APS_GEOMETRY
 10
10497.99
 20
1439.0
 40
348.0
 50
246.588
 51
270.0
  0
ARC
  8
APS_GEOMETRY
 10
10212.49
 20
800.809
 40
351.191
 50
65.215
 51
114.785
  0
ARC
  8
APS_GEOMETRY
 10
9926.99
 20
1439.0
 40
348.0
 50
270.0
 51
293.412
  0
LINE
  8
APS_GEOMETRY
 10
9926.99
 11
9912.99
 20
1091.0
 21
1091.0
  0
LINE
  8
APS_GEOMETRY
 10
9912.99
 11
9912.99
 20
774.0
 21
176.0
  0
LINE
  8
APS_GEOMETRY
 10
9912.99
 11
10511.99
 20
176.0
 21
176.0
  0
LINE
  8
APS_GEOMETRY
 10
10511.99
 11
10511.99
 20
176.0
 21
774.0
  0
LINE
  8
APS_GEOMETRY
 10
10511.99
 11
10497.99
 20
774.0
 21
774.0
  0
ARC
  8
APS_GEOMETRY
 10
10497.99
 20
426.0
 40
348.0
 50
90.0
 51
113.412
  0
ARC
  8
APS_GEOMETRY
 10
10212.49
 20
1064.191
 40
351.191
 50
245.215
 51
294.785
  0
ARC
  8
APS_GEOMETRY
 10
9926.99
 20
426.0
 40
348.0
 50
66.588
 51
90.0
  0
LINE
  8
APS_GEOMETRY
 10
9926.99
 11
9912.99
 20
774.0
 21
774.0
  0
LINE
  8
APS_GEOMETRY
 10
9958.99
 11
9958.99
 20
726.3
 21
222.0
  0
LINE
  8
APS_GEOMETRY
 10
9958.99
 11
10465.99
 20
222.0
 21
222.0
  0
LINE
  8
APS_GEOMETRY
 10
10465.99
 11
10465.99
 20
222.0
 21
726.3
  0
ARC
  8
APS_GEOMETRY
 10
10497.99
 20
426.0
 40
302.0
 50
96.083
 51
113.315
  0
ARC
  8
APS_GEOMETRY
 10
10212.49
 20
1064.191
 40
397.191
 50
245.3
 51
294.7
  0
ARC
  8
APS_GEOMETRY
 10
9926.99
 20
426.0
 40
302.0
 50
66.685
 51
83.917
  0
LINE
  8
APS_GEOMETRY
 10
9958.99
 11
9958.99
 20
1046.302
 21
930.698
  0
ARC
  8
APS_GEOMETRY
 10
9926.99
 20
538.0
 40
394.0
 50
66.502
 51
85.341
  0
ARC
  8
APS_GEOMETRY
 10
10212.49
 20
1176.191
 40
305.191
 50
245.119
 51
294.881
  0
ARC
  8
APS_GEOMETRY
 10
10497.99
 20
538.0
 40
394.0
 50
94.659
 51
113.498
  0
LINE
  8
APS_GEOMETRY
 10
10465.99
 11
10465.99
 20
930.698
 21
1046.302
  0
ARC
  8
APS_GEOMETRY
 10
10497.99
 20
1439.0
 40
394.0
 50
246.502
 51
265.341
  0
ARC
  8
APS_GEOMETRY
 10
10212.49
 20
800.809
 40
305.191
 50
65.119
 51
114.881
  0
ARC
  8
APS_GEOMETRY
 10
9926.99
 20
1439.0
 40
394.0
 50
274.659
 51
293.498
  0
LINE
  8
APS_GEOMETRY
 10
9958.99
 11
9958.99
 20
1889.302
 21
1250.7
  0
ARC
  8
APS_GEOMETRY
 10
9926.99
 20
1551.0
 40
302.0
 50
276.083
 51
293.315
  0
ARC
  8
APS_GEOMETRY
 10
10212.49
 20
912.809
 40
397.191
 50
65.3
 51
114.7
  0
ARC
  8
APS_GEOMETRY
 10
10497.99
 20
1551.0
 40
302.0
 50
246.685
 51
263.917
  0
LINE
  8
APS_GEOMETRY
 10
10465.99
 11
10465.99
 20
1250.7
 21
1889.302
  0
ARC
  8
APS_GEOMETRY
 10
10497.99
 20
2282.0
 40
394.0
 50
246.502
 51
265.341
  0
ARC
  8
APS_GEOMETRY
 10
10212.49
 20
1643.809
 40
305.191
 50
65.119
 51
114.881
  0
ARC
  8
APS_GEOMETRY
 10
9926.99
 20
2282.0
 40
394.0
 50
274.659
 51
293.498
  0
LINE
  8
APS_GEOMETRY
 10
9912.99
 11
9958.99
 20
1934.0
 21
1889.302
  0
LINE
  8
APS_GEOMETRY
 10
10465.99
 11
10511.99
 20
1889.302
 21
1934.0
  0
LINE
  8
APS_GEOMETRY
 10
9912.99
 11
9958.99
 20
1203.0
 21
1250.7
  0
LINE
  8
APS_GEOMETRY
 10
10465.99
 11
10511.99
 20
1250.7
 21
1203.0
  0
LINE
  8
APS_GEOMETRY
 10
9912.99
 11
9958.99
 20
1091.0
 21
1046.302
  0
LINE
  8
APS_GEOMETRY
 10
9958.99
 11
9912.99
 20
930.698
 21
886.0
  0
LINE
  8
APS_GEOMETRY
 10
10465.99
 11
10511.99
 20
1046.302
 21
1091.0
  0
LINE
  8
APS_GEOMETRY
 10
10465.99
 11
10511.99
 20
930.698
 21
886.0
  0
LINE
  8
APS_GEOMETRY
 10
9958.99
 11
9912.99
 20
726.3
 21
774.0
  0
LINE
  8
APS_GEOMETRY
 10
9912.99
 11
9958.99
 20
176.0
 21
222.0
  0
LINE
  8
APS_GEOMETRY
 10
10511.99
 11
10465.99
 20
176.0
 21
222.0
  0
LINE
  8
APS_GEOMETRY
 10
10465.99
 11
10511.99
 20
726.3
 21
774.0
  0
LINE
  8
QUOTATURA
 10
10537.99
 11
10712.828
 20
830.0
 21
830.0
  0
LINE
  8
QUOTATURA
 10
10635.99
 11
10712.828
 20
0.0
 21
0.0
  0
LINE
  8
QUOTATURA
 10
10702.828
 11
10702.828
 20
830.0
 21
430.063
  0
LINE
  8
QUOTATURA
 10
10702.828
 11
10702.828
 20
399.756
 21
0.0
  0
LINE
  8
QUOTATURA
 10
10699.494
 11
10702.828
 20
810.0
 21
830.0
  0
LINE
  8
QUOTATURA
 10
10702.828
 11
10706.162
 20
830.0
 21
810.0
  0
LINE
  8
QUOTATURA
 10
10706.162
 11
10699.494
 20
810.0
 21
810.0
  0
LINE
  8
QUOTATURA
 10
10706.162
 11
10702.828
 20
20.0
 21
0.0
  0
LINE
  8
QUOTATURA
 10
10702.828
 11
10699.494
 20
0.0
 21
20.0
  0
LINE
  8
QUOTATURA
 10
10699.494
 11
10706.162
 20
20.0
 21
20.0
  0
LINE
  8
QUOTATURA
 10
10527.99
 11
10527.99
 20
826.666
 21
833.334
  0
LINE
  8
QUOTATURA
 10
10524.656
 11
10531.324
 20
830.0
 21
830.0
  0
LINE
  8
APS_GEOMETRY
 10
9302.353
 11
9310.97
 20
-256.631
 21
-256.631
  0
ARC
  8
APS_GEOMETRY
 10
9310.535
 20
-244.283
 40
12.355
 50
272.021
 51
278.44
  0
ARC
  8
APS_GEOMETRY
 10
9311.021
 20
-247.561
 40
9.042
 50
278.44
 51
285.945
  0
ARC
  8
APS_GEOMETRY
 10
9314.68
 20
-260.659
 40
4.559
 50
98.584
 51
104.931
  0
ARC
  8
APS_GEOMETRY
 10
9314.372
 20
-258.619
 40
2.495
 50
90.0
 51
98.584
  0
ARC
  8
APS_GEOMETRY
 10
9314.372
 20
-258.0
 40
1.876
 50
52.871
 51
90.0
  0
ARC
  8
APS_GEOMETRY
 10
9311.827
 20
-261.36
 40
6.091
 50
32.518
 51
52.871
  0
ARC
  8
APS_GEOMETRY
 10
9309.812
 20
-262.645
 40
8.481
 50
17.209
 51
32.518
  0
ARC
  8
APS_GEOMETRY
 10
9311.492
 20
-262.125
 40
6.723
 50
360.0
 51
17.209
  0
ARC
  8
APS_GEOMETRY
 10
9314.856
 20
-262.125
 40
3.359
 50
337.348
 51
360.0
  0
ARC
  8
APS_GEOMETRY
 10
9316.206
 20
-262.688
 40
1.896
 50
307.042
 51
337.348
  0
ARC
  8
APS_GEOMETRY
 10
9315.971
 20
-262.366
 40
2.295
 50
287.186
 51
306.87
  0
ARC
  8
APS_GEOMETRY
 10
9315.762
 20
-261.689
 40
3.003
 50
270.0
 51
287.186
  0
ARC
  8
APS_GEOMETRY
 10
9315.762
 20
-261.995
 40
2.697
 50
252.221
 51
270.0
  0
ARC
  8
APS_GEOMETRY
 10
9315.636
 20
-262.387
 40
2.286
 50
232.896
 51
252.221
  0
ARC
  8
APS_GEOMETRY
 10
9316.121
 20
-261.745
 40
3.09
 50
218.3
 51
232.896
  0
ARC
  8
APS_GEOMETRY
 10
9319.911
 20
-258.752
 40
7.92
 50
209.197
 51
218.3
  0
ARC
  8
APS_GEOMETRY
 10
9300.634
 20
-269.196
 40
14.006
 50
28.025
 51
32.699
  0
ARC
  8
APS_GEOMETRY
 10
9310.713
 20
-262.726
 40
2.03
 50
32.699
 51
45.0
  0
ARC
  8
APS_GEOMETRY
 10
9311.4
 20
-262.039
 40
1.058
 50
45.0
 51
67.557
  0
ARC
  8
APS_GEOMETRY
 10
9311.396
 20
-262.049
 40
1.069
 50
67.557
 51
90.0
  0
ARC
  8
APS_GEOMETRY
 10
9311.396
 20
-261.965
 40
0.984
 50
90.0
 51
120.801
  0
ARC
  8
APS_GEOMETRY
 10
9311.362
 20
-261.909
 40
0.919
 50
120.801
 51
152.7
  0
ARC
  8
APS_GEOMETRY
 10
9312.092
 20
-262.285
 40
1.74
 50
152.7
 51
171.085
  0
ARC
  8
APS_GEOMETRY
 10
9317.636
 20
-263.155
 40
7.353
 50
171.085
 51
180.0
  0
LINE
  8
APS_GEOMETRY
 10
9310.284
 11
9310.284
 20
-263.155
 21
-272.312
  0
ARC
  8
APS_GEOMETRY
 10
9319.997
 20
-272.312
 40
9.714
 50
180.0
 51
188.194
  0
ARC
  8
APS_GEOMETRY
 10
9312.743
 20
-273.357
 40
2.385
 50
188.194
 51
204.775
  0
ARC
  8
APS_GEOMETRY
 10
9312.039
 20
-273.682
 40
1.609
 50
204.775
 51
228.576
  0
ARC
  8
APS_GEOMETRY
 10
9312.7
 20
-272.933
 40
2.608
 50
228.576
 51
247.218
  0
ARC
  8
APS_GEOMETRY
 10
9308.865
 20
-281.969
 40
7.208
 50
59.381
 51
66.93
  0
ARC
  8
APS_GEOMETRY
 10
9311.696
 20
-277.186
 40
1.65
 50
43.568
 51
59.381
  0
ARC
  8
APS_GEOMETRY
 10
9312.149
 20
-276.755
 40
1.025
 50
19.041
 51
43.568
  0
ARC
  8
APS_GEOMETRY
 10
9311.52
 20
-276.972
 40
1.691
 50
360.0
 51
19.041
  0
ARC
  8
APS_GEOMETRY
 10
9311.837
 20
-276.972
 40
1.374
 50
317.66
 51
360.0
  0
ARC
  8
APS_GEOMETRY
 10
9310.576
 20
-275.823
 40
3.08
 50
289.747
 51
317.66
  0
ARC
  8
APS_GEOMETRY
 10
9309.52
 20
-272.881
 40
6.206
 50
281.964
 51
289.747
  0
ARC
  8
APS_GEOMETRY
 10
9308.056
 20
-265.975
 40
13.265
 50
276.643
 51
281.964
  0
ARC
  8
APS_GEOMETRY
 10
9307.44
 20
-260.687
 40
18.589
 50
272.836
 51
276.643
  0
ARC
  8
APS_GEOMETRY
 10
9306.703
 20
-245.799
 40
33.495
 50
270.0
 51
272.836
  0
ARC
  8
APS_GEOMETRY
 10
9306.703
 20
-236.574
 40
42.72
 50
267.283
 51
270.0
  0
ARC
  8
APS_GEOMETRY
 10
9305.806
 20
-255.476
 40
23.797
 50
263.643
 51
267.283
  0
ARC
  8
APS_GEOMETRY
 10
9305.055
 20
-262.217
 40
17.014
 50
258.563
 51
263.643
  0
ARC
  8
APS_GEOMETRY
 10
9303.26
 20
-271.087
 40
7.964
 50
251.136
 51
258.563
  0
ARC
  8
APS_GEOMETRY
 10
9301.658
 20
-275.734
 40
3.05
 50
222.558
 51
251.395
  0
ARC
  8
APS_GEOMETRY
 10
9300.469
 20
-276.825
 40
1.436
 50
180.0
 51
222.558
  0
ARC
  8
APS_GEOMETRY
 10
9300.23
 20
-276.825
 40
1.196
 50
150.642
 51
180.0
  0
ARC
  8
APS_GEOMETRY
 10
9300.325
 20
-276.879
 40
1.306
 50
122.574
 51
150.642
  0
ARC
  8
APS_GEOMETRY
 10
9300.072
 20
-276.588
 40
0.926
 50
108.677
 51
119.055
  0
ARC
  8
APS_GEOMETRY
 10
9311.63
 20
-310.78
 40
37.018
 50
107.038
 51
108.677
  0
ARC
  8
APS_GEOMETRY
 10
9300.353
 20
-273.898
 40
1.549
 50
286.144
 51
308.66
  0
ARC
  8
APS_GEOMETRY
 10
9300.606
 20
-274.215
 40
1.143
 50
308.66
 51
334.933
  0
ARC
  8
APS_GEOMETRY
 10
9299.574
 20
-273.732
 40
2.283
 50
334.933
 51
348.829
  0
ARC
  8
APS_GEOMETRY
 10
9286.661
 20
-271.182
 40
15.445
 50
348.829
 51
354.161
  0
ARC
  8
APS_GEOMETRY
 10
9277.933
 20
-270.282
 40
24.219
 50
354.144
 51
355.66
  0
ARC
  8
APS_GEOMETRY
 10
9239.245
 20
-267.346
 40
63.019
 50
355.66
 51
356.6
  0
ARC
  8
APS_GEOMETRY
 10
9209.67
 20
-265.59
 40
92.646
 50
356.6
 51
357.24
  0
ARC
  8
APS_GEOMETRY
 10
9125.758
 20
-261.544
 40
176.656
 50
357.24
 51
357.703
  0
ARC
  8
APS_GEOMETRY
 10
9134.018
 20
-261.875
 40
168.389
 50
357.703
 51
358.674
  0
ARC
  8
APS_GEOMETRY
 10
9211.934
 20
-263.678
 40
90.452
 50
358.674
 51
0.0
  0
ARC
  8
APS_GEOMETRY
 10
9288.981
 20
-263.678
 40
13.405
 50
360.0
 51
6.242
  0
ARC
  8
APS_GEOMETRY
 10
9299.64
 20
-262.512
 40
2.682
 50
6.242
 51
20.225
  0
ARC
  8
APS_GEOMETRY
 10
9301.118
 20
-261.968
 40
1.107
 50
20.225
 51
50.44
  0
ARC
  8
APS_GEOMETRY
 10
9301.405
 20
-261.621
 40
0.657
 50
50.44
 51
90.0
  0
ARC
  8
APS_GEOMETRY
 10
9301.405
 20
-261.845
 40
0.881
 50
90.0
 51
126.747
  0
ARC
  8
APS_GEOMETRY
 10
9302.65
 20
-263.512
 40
2.962
 50
126.747
 51
146.547
  0
ARC
  8
APS_GEOMETRY
 10
9280.656
 20
-249.056
 40
23.357
 50
324.255
 51
326.701
  0
ARC
  8
APS_GEOMETRY
 10
9289.967
 20
-255.758
 40
11.885
 50
320.826
 51
324.255
  0
ARC
  8
APS_GEOMETRY
 10
9293.011
 20
-258.238
 40
7.959
 50
315.722
 51
320.826
  0
ARC
  8
APS_GEOMETRY
 10
9296.508
 20
-261.648
 40
3.075
 50
307.504
 51
315.722
  0
ARC
  8
APS_GEOMETRY
 10
9296.185
 20
-261.217
 40
3.613
 50
291.306
 51
307.405
  0
ARC
  8
APS_GEOMETRY
 10
9296.744
 20
-262.652
 40
2.073
 50
270.0
 51
291.306
  0
ARC
  8
APS_GEOMETRY
 10
9296.744
 20
-262.785
 40
1.939
 50
245.532
 51
270.0
  0
ARC
  8
APS_GEOMETRY
 10
9296.73
 20
-262.818
 40
1.904
 50
220.833
 51
245.532
  0
ARC
  8
APS_GEOMETRY
 10
9296.926
 20
-262.648
 40
2.164
 50
198.684
 51
220.833
  0
ARC
  8
APS_GEOMETRY
 10
9297.747
 20
-262.37
 40
3.03
 50
180.0
 51
198.684
  0
ARC
  8
APS_GEOMETRY
 10
9299.671
 20
-262.37
 40
4.954
 50
168.408
 51
180.0
  0
ARC
  8
APS_GEOMETRY
 10
9302.847
 20
-263.022
 40
8.196
 50
159.402
 51
168.408
  0
ARC
  8
APS_GEOMETRY
 10
9303.829
 20
-263.391
 40
9.245
 50
151.39
 51
159.402
  0
ARC
  8
APS_GEOMETRY
 10
9303.627
 20
-263.281
 40
9.016
 50
143.276
 51
151.39
  0
ARC
  8
APS_GEOMETRY
 10
9301.103
 20
-261.393
 40
5.863
 50
124.216
 51
143.31
  0
ARC
  8
APS_GEOMETRY
 10
9298.854
 20
-258.086
 40
1.864
 50
90.0
 51
124.216
  0
ARC
  8
APS_GEOMETRY
 10
9298.854
 20
-258.914
 40
2.692
 50
82.725
 51
90.0
  0
ARC
  8
APS_GEOMETRY
 10
9298.643
 20
-260.562
 40
4.353
 50
77.005
 51
82.725
  0
ARC
  8
APS_GEOMETRY
 10
9305.068
 20
-229.589
 40
27.28
 50
258.486
 51
260.378
  0
ARC
  8
APS_GEOMETRY
 10
9302.316
 20
-245.821
 40
10.816
 50
260.378
 51
263.382
  0
ARC
  8
APS_GEOMETRY
 10
9302.08
 20
-247.85
 40
8.774
 50
263.382
 51
267.084
  0
ARC
  8
APS_GEOMETRY
 10
9302.353
 20
-242.494
 40
14.137
 50
267.084
 51
270.0
  0
ARC
  8
APS_GEOMETRY
 10
9332.217
 20
-269.064
 40
12.891
 50
71.91
 51
90.0
  0
ARC
  8
APS_GEOMETRY
 10
9332.716
 20
-267.535
 40
11.283
 50
52.561
 51
71.91
  0
ARC
  8
APS_GEOMETRY
 10
9332.585
 20
-267.573
 40
11.393
 50
38.846
 51
52.156
  0
ARC
  8
APS_GEOMETRY
 10
9330.799
 20
-269.012
 40
13.686
 50
26.707
 51
38.846
  0
ARC
  8
APS_GEOMETRY
 10
9331.153
 20
-268.723
 40
13.241
 50
13.868
 51
26.278
  0
ARC
  8
APS_GEOMETRY
 10
9333.702
 20
-268.093
 40
10.614
 50
360.0
 51
13.868
  0
ARC
  8
APS_GEOMETRY
 10
9333.868
 20
-268.093
 40
10.449
 50
339.712
 51
360.0
  0
ARC
  8
APS_GEOMETRY
 10
9333.279
 20
-267.876
 40
11.076
 50
320.013
 51
339.712
  0
ARC
  8
APS_GEOMETRY
 10
9333.182
 20
-267.822
 40
11.186
 50
303.344
 51
320.123
  0
ARC
  8
APS_GEOMETRY
 10
9332.034
 20
-266.077
 40
13.274
 50
287.949
 51
303.344
  0
ARC
  8
APS_GEOMETRY
 10
9331.657
 20
-264.77
 40
14.634
 50
279.039
 51
287.776
  0
ARC
  8
APS_GEOMETRY
 10
9331.808
 20
-265.719
 40
13.673
 50
270.0
 51
279.039
  0
ARC
  8
APS_GEOMETRY
 10
9331.808
 20
-266.387
 40
13.005
 50
257.728
 51
270.0
  0
ARC
  8
APS_GEOMETRY
 10
9331.828
 20
-266.293
 40
13.102
 50
245.501
 51
257.728
  0
ARC
  8
APS_GEOMETRY
 10
9331.092
 20
-267.904
 40
11.33
 50
228.665
 51
245.511
  0
ARC
  8
APS_GEOMETRY
 10
9330.847
 20
-268.183
 40
10.959
 50
211.535
 51
228.665
  0
ARC
  8
APS_GEOMETRY
 10
9331.168
 20
-267.947
 40
11.356
 50
195.642
 51
211.701
  0
ARC
  8
APS_GEOMETRY
 10
9331.755
 20
-267.783
 40
11.966
 50
180.0
 51
195.642
  0
ARC
  8
APS_GEOMETRY
 10
9331.881
 20
-267.783
 40
12.091
 50
162.181
 51
180.0
  0
ARC
  8
APS_GEOMETRY
 10
9330.777
 20
-267.428
 40
10.933
 50
143.434
 51
162.181
  0
ARC
  8
APS_GEOMETRY
 10
9330.629
 20
-267.309
 40
10.742
 50
126.384
 51
143.471
  0
ARC
  8
APS_GEOMETRY
 10
9331.646
 20
-268.689
 40
12.457
 50
110.525
 51
126.384
  0
ARC
  8
APS_GEOMETRY
 10
9331.596
 20
-268.315
 40
12.089
 50
99.77
 51
110.925
  0
ARC
  8
APS_GEOMETRY
 10
9332.217
 20
-271.921
 40
15.748
 50
90.0
 51
99.77
  0
ARC
  8
APS_GEOMETRY
 10
9330.663
 20
-263.269
 40
2.404
 50
90.0
 51
119.604
  0
ARC
  8
APS_GEOMETRY
 10
9330.874
 20
-263.64
 40
2.83
 50
119.604
 51
146.842
  0
ARC
  8
APS_GEOMETRY
 10
9331.297
 20
-263.987
 40
3.374
 50
145.84
 51
164.055
  0
ARC
  8
APS_GEOMETRY
 10
9332.277
 20
-264.267
 40
4.394
 50
164.055
 51
180.0
  0
ARC
  8
APS_GEOMETRY
 10
9338.41
 20
-264.267
 40
10.526
 50
180.0
 51
189.977
  0
ARC
  8
APS_GEOMETRY
 10
9347.735
 20
-262.626
 40
19.995
 50
189.977
 51
197.211
  0
ARC
  8
APS_GEOMETRY
 10
9349.775
 20
-261.995
 40
22.131
 50
197.211
 51
203.76
  0
ARC
  8
APS_GEOMETRY
 10
9344.694
 20
-264.232
 40
16.579
 50
203.76
 51
211.329
  0
ARC
  8
APS_GEOMETRY
 10
9334.26
 20
-270.493
 40
4.411
 50
212.32
 51
224.441
  0
ARC
  8
APS_GEOMETRY
 10
9333.832
 20
-270.913
 40
3.812
 50
224.441
 51
237.484
  0
ARC
  8
APS_GEOMETRY
 10
9333.556
 20
-271.346
 40
3.298
 50
237.484
 51
252.416
  0
ARC
  8
APS_GEOMETRY
 10
9333.279
 20
-272.218
 40
2.383
 50
252.416
 51
270.0
  0
ARC
  8
APS_GEOMETRY
 10
9333.279
 20
-271.936
 40
2.666
 50
270.0
 51
294.953
  0
ARC
  8
APS_GEOMETRY
 10
9333.354
 20
-272.096
 40
2.489
 50
294.953
 51
320.793
  0
ARC
  8
APS_GEOMETRY
 10
9332.954
 20
-271.769
 40
3.005
 50
320.793
 51
342.777
  0
ARC
  8
APS_GEOMETRY
 10
9331.17
 20
-271.216
 40
4.873
 50
342.777
 51
0.0
  0
ARC
  8
APS_GEOMETRY
 10
9322.789
 20
-271.216
 40
13.254
 50
0.0
 51
8.499
  0
ARC
  8
APS_GEOMETRY
 10
9316.956
 20
-272.088
 40
19.152
 50
8.499
 51
15.566
  0
ARC
  8
APS_GEOMETRY
 10
9317.657
 20
-271.893
 40
18.424
 50
15.566
 51
22.909
  0
ARC
  8
APS_GEOMETRY
 10
9323.689
 20
-269.344
 40
11.876
 50
22.909
 51
32.057
  0
ARC
  8
APS_GEOMETRY
 10
9328.427
 20
-266.359
 40
6.276
 50
31.921
 51
42.51
  0
ARC
  8
APS_GEOMETRY
 10
9329.728
 20
-265.166
 40
4.511
 50
42.51
 51
55.008
  0
ARC
  8
APS_GEOMETRY
 10
9330.167
 20
-264.539
 40
3.745
 50
55.008
 51
69.88
  0
ARC
  8
APS_GEOMETRY
 10
9330.561
 20
-263.463
 40
2.599
 50
69.88
 51
87.754
  0
ARC
  8
APS_GEOMETRY
 10
9356.427
 20
-264.164
 40
7.992
 50
83.923
 51
90.0
  0
ARC
  8
APS_GEOMETRY
 10
9355.784
 20
-270.202
 40
14.063
 50
79.342
 51
83.923
  0
ARC
  8
APS_GEOMETRY
 10
9355.009
 20
-274.322
 40
18.256
 50
75.808
 51
79.342
  0
ARC
  8
APS_GEOMETRY
 10
9352.303
 20
-285.02
 40
29.29
 50
73.018
 51
75.808
  0
ARC
  8
APS_GEOMETRY
 10
9361.829
 20
-253.773
 40
3.376
 50
253.288
 51
259.046
  0
ARC
  8
APS_GEOMETRY
 10
9361.365
 20
-256.17
 40
0.935
 50
259.046
 51
270.0
  0
ARC
  8
APS_GEOMETRY
 10
9361.365
 20
-256.55
 40
0.555
 50
270.0
 51
286.699
  0
ARC
  8
APS_GEOMETRY
 10
9356.929
 20
-241.761
 40
15.995
 50
286.699
 51
289.799
  0
ARC
  8
APS_GEOMETRY
 10
9362.873
 20
-258.216
 40
1.501
 50
100.008
 51
110.556
  0
ARC
  8
APS_GEOMETRY
 10
9362.902
 20
-258.38
 40
1.667
 50
90.0
 51
100.008
  0
ARC
  8
APS_GEOMETRY
 10
9362.902
 20
-258.302
 40
1.59
 50
53.356
 51
90.0
  0
ARC
  8
APS_GEOMETRY
 10
9360.125
 20
-262.035
 40
6.242
 50
35.101
 51
53.356
  0
ARC
  8
APS_GEOMETRY
 10
9358.74
 20
-263.009
 40
7.936
 50
20.245
 51
35.101
  0
ARC
  8
APS_GEOMETRY
 10
9362.157
 20
-261.749
 40
4.294
 50
360.0
 51
20.245
  0
ARC
  8
APS_GEOMETRY
 10
9363.876
 20
-261.749
 40
2.575
 50
340.481
 51
360.0
  0
ARC
  8
APS_GEOMETRY
 10
9364.3
 20
-261.899
 40
2.125
 50
318.972
 51
340.481
  0
ARC
  8
APS_GEOMETRY
 10
9364.489
 20
-262.064
 40
1.874
 50
295.017
 51
318.972
  0
ARC
  8
APS_GEOMETRY
 10
9364.554
 20
-262.203
 40
1.721
 50
270.0
 51
295.017
  0
ARC
  8
APS_GEOMETRY
 10
9364.554
 20
-261.281
 40
2.643
 50
256.171
 51
270.0
  0
ARC
  8
APS_GEOMETRY
 10
9364.266
 20
-262.451
 40
1.437
 50
237.381
 51
256.171
  0
ARC
  8
APS_GEOMETRY
 10
9364.776
 20
-261.654
 40
2.384
 50
231.559
 51
237.381
  0
ARC
  8
APS_GEOMETRY
 10
9372.197
 20
-252.304
 40
14.321
 50
229.185
 51
231.559
  0
ARC
  8
APS_GEOMETRY
 10
9380.151
 20
-243.095
 40
26.49
 50
227.9
 51
229.185
  0
ARC
  8
APS_GEOMETRY
 10
9407.678
 20
-212.631
 40
67.548
 50
227.095
 51
227.9
  0
ARC
  8
APS_GEOMETRY
 10
9355.996
 20
-268.212
 40
8.348
 50
46.975
 51
64.612
  0
ARC
  8
APS_GEOMETRY
 10
9357.833
 20
-264.34
 40
4.063
 50
64.612
 51
90.0
  0
ARC
  8
APS_GEOMETRY
 10
9357.833
 20
-263.205
 40
2.928
 50
90.0
 51
106.966
  0
ARC
  8
APS_GEOMETRY
 10
9357.494
 20
-262.093
 40
1.766
 50
106.966
 51
128.868
  0
ARC
  8
APS_GEOMETRY
 10
9357.298
 20
-261.85
 40
1.453
 50
128.868
 51
154.741
  0
ARC
  8
APS_GEOMETRY
 10
9357.361
 20
-261.88
 40
1.523
 50
154.741
 51
180.0
  0
ARC
  8
APS_GEOMETRY
 10
9357.269
 20
-261.88
 40
1.43
 50
180.0
 51
206.64
  0
ARC
  8
APS_GEOMETRY
 10
9357.729
 20
-261.649
 40
1.945
 50
206.64
 51
229.43
  0
ARC
  8
APS_GEOMETRY
 10
9358.467
 20
-260.787
 40
3.08
 50
229.43
 51
244.493
  0
ARC
  8
APS_GEOMETRY
 10
9360.49
 20
-256.547
 40
7.777
 50
244.493
 51
253.956
  0
ARC
  8
APS_GEOMETRY
 10
9324.454
 20
-379.012
 40
119.879
 50
72.737
 51
73.58
  0
ARC
  8
APS_GEOMETRY
 10
9345.106
 20
-312.554
 40
50.287
 50
71.435
 51
72.737
  0
ARC
  8
APS_GEOMETRY
 10
9351.946
 20
-292.187
 40
28.801
 50
69.164
 51
71.435
  0
ARC
  8
APS_GEOMETRY
 10
9360.019
 20
-270.976
 40
6.106
 50
64.231
 51
69.164
  0
ARC
  8
APS_GEOMETRY
 10
9359.09
 20
-272.845
 40
8.193
 50
34.939
 51
64.068
  0
ARC
  8
APS_GEOMETRY
 10
9361.094
 20
-271.445
 40
5.749
 50
360.0
 51
34.939
  0
ARC
  8
APS_GEOMETRY
 10
9359.862
 20
-271.445
 40
6.981
 50
333.435
 51
360.0
  0
ARC
  8
APS_GEOMETRY
 10
9359.406
 20
-271.217
 40
7.491
 50
307.807
 51
333.435
  0
ARC
  8
APS_GEOMETRY
 10
9358.218
 20
-269.681
 40
9.433
 50
296.732
 51
307.786
  0
ARC
  8
APS_GEOMETRY
 10
9357.516
 20
-268.286
 40
10.995
 50
286.496
 51
296.732
  0
ARC
  8
APS_GEOMETRY
 10
9357.053
 20
-266.723
 40
12.625
 50
277.544
 51
286.496
  0
ARC
  8
APS_GEOMETRY
 10
9356.378
 20
-261.628
 40
17.765
 50
270.0
 51
277.544
  0
ARC
  8
APS_GEOMETRY
 10
9356.378
 20
-260.857
 40
18.535
 50
263.555
 51
270.0
  0
ARC
  8
APS_GEOMETRY
 10
9356.978
 20
-255.545
 40
23.881
 50
257.878
 51
263.555
  0
ARC
  8
APS_GEOMETRY
 10
9356.659
 20
-257.028
 40
22.364
 50
254.839
 51
257.878
  0
ARC
  8
APS_GEOMETRY
 10
9354.076
 20
-266.562
 40
12.487
 50
250.772
 51
254.839
  0
ARC
  8
APS_GEOMETRY
 10
9352.914
 20
-269.893
 40
8.959
 50
245.121
 51
250.772
  0
ARC
  8
APS_GEOMETRY
 10
9350.948
 20
-274.134
 40
4.284
 50
236.944
 51
245.121
  0
ARC
  8
APS_GEOMETRY
 10
9349.788
 20
-275.959
 40
2.122
 50
211.802
 51
236.31
  0
ARC
  8
APS_GEOMETRY
 10
9355.3
 20
-272.541
 40
8.608
 50
199.704
 51
211.802
  0
ARC
  8
APS_GEOMETRY
 10
9357.932
 20
-271.598
 40
11.404
 50
190.413
 51
199.704
  0
ARC
  8
APS_GEOMETRY
 10
9355.651
 20
-272.018
 40
9.084
 50
180.0
 51
190.413
  0
ARC
  8
APS_GEOMETRY
 10
9349.501
 20
-272.018
 40
2.934
 50
164.876
 51
180.0
  0
ARC
  8
APS_GEOMETRY
 10
9347.848
 20
-271.571
 40
1.222
 50
141.34
 51
164.876
  0
ARC
  8
APS_GEOMETRY
 10
9348.008
 20
-271.678
 40
1.414
 50
116.928
 51
142.001
  0
ARC
  8
APS_GEOMETRY
 10
9347.924
 20
-271.513
 40
1.229
 50
90.0
 51
116.928
  0
ARC
  8
APS_GEOMETRY
 10
9347.924
 20
-271.516
 40
1.232
 50
62.21
 51
90.0
  0
ARC
  8
APS_GEOMETRY
 10
9347.432
 20
-272.449
 40
2.287
 50
41.906
 51
62.21
  0
ARC
  8
APS_GEOMETRY
 10
9347.516
 20
-272.467
 40
2.237
 50
37.313
 51
43.668
  0
ARC
  8
APS_GEOMETRY
 10
9334.982
 20
-282.02
 40
17.997
 50
35.074
 51
37.313
  0
ARC
  8
APS_GEOMETRY
 10
9320.748
 20
-292.014
 40
35.389
 50
33.934
 51
35.074
  0
ARC
  8
APS_GEOMETRY
 10
9269.999
 20
-326.159
 40
96.555
 50
33.243
 51
33.934
  0
ARC
  8
APS_GEOMETRY
 10
9353.559
 20
-271.374
 40
3.363
 50
213.453
 51
231.637
  0
ARC
  8
APS_GEOMETRY
 10
9355.148
 20
-269.366
 40
5.924
 50
231.637
 51
245.313
  0
ARC
  8
APS_GEOMETRY
 10
9355.498
 20
-268.604
 40
6.762
 50
245.313
 51
257.398
  0
ARC
  8
APS_GEOMETRY
 10
9355.38
 20
-269.132
 40
6.222
 50
257.398
 51
270.0
  0
ARC
  8
APS_GEOMETRY
 10
9355.38
 20
-270.101
 40
5.253
 50
270.0
 51
282.907
  0
ARC
  8
APS_GEOMETRY
 10
9355.946
 20
-272.567
 40
2.722
 50
282.907
 51
300.872
  0
ARC
  8
APS_GEOMETRY
 10
9356.436
 20
-273.387
 40
1.767
 50
300.872
 51
326.876
  0
ARC
  8
APS_GEOMETRY
 10
9356.994
 20
-273.751
 40
1.101
 50
326.876
 51
0.0
  0
ARC
  8
APS_GEOMETRY
 10
9356.829
 20
-273.751
 40
1.266
 50
0.0
 51
27.553
  0
ARC
  8
APS_GEOMETRY
 10
9356.429
 20
-273.96
 40
1.717
 50
27.553
 51
51.147
  0
ARC
  8
APS_GEOMETRY
 10
9355.602
 20
-274.987
 40
3.036
 50
51.147
 51
65.225
  0
ARC
  8
APS_GEOMETRY
 10
9352.55
 20
-281.599
 40
10.318
 50
65.225
 51
72.848
  0
ARC
  8
APS_GEOMETRY
 10
9370.371
 20
-224.779
 40
49.231
 50
251.106
 51
252.532
  0
ARC
  8
APS_GEOMETRY
 10
9364.063
 20
-243.21
 40
29.751
 50
249.271
 51
251.106
  0
ARC
  8
APS_GEOMETRY
 10
9361.44
 20
-250.139
 40
22.341
 50
246.83
 51
249.271
  0
ARC
  8
APS_GEOMETRY
 10
9357.198
 20
-260.051
 40
11.56
 50
243.435
 51
246.83
  0
ARC
  8
APS_GEOMETRY
 10
9356.716
 20
-261.016
 40
10.481
 50
235.981
 51
243.435
  0
ARC
  8
APS_GEOMETRY
 10
9357.086
 20
-260.467
 40
11.144
 50
228.752
 51
235.981
  0
ARC
  8
APS_GEOMETRY
 10
9355.349
 20
-262.514
 40
8.459
 50
206.421
 51
228.457
  0
ARC
  8
APS_GEOMETRY
 10
9353.072
 20
-263.646
 40
5.916
 50
180.0
 51
206.421
  0
ARC
  8
APS_GEOMETRY
 10
9353.179
 20
-263.646
 40
6.024
 50
166.555
 51
180.0
  0
ARC
  8
APS_GEOMETRY
 10
9353.877
 20
-263.812
 40
6.741
 50
153.848
 51
166.555
  0
ARC
  8
APS_GEOMETRY
 10
9353.935
 20
-263.841
 40
6.806
 50
141.244
 51
153.848
  0
ARC
  8
APS_GEOMETRY
 10
9354.365
 20
-264.186
 40
7.357
 50
129.123
 51
141.244
  0
ARC
  8
APS_GEOMETRY
 10
9355.742
 20
-265.65
 40
9.362
 50
108.978
 51
130.006
  0
ARC
  8
APS_GEOMETRY
 10
9356.427
 20
-267.643
 40
11.47
 50
90.0
 51
108.978
  0
ARC
  8
APS_GEOMETRY
 10
9381.422
 20
-266.805
 40
10.632
 50
77.257
 51
90.0
  0
ARC
  8
APS_GEOMETRY
 10
9381.314
 20
-267.282
 40
11.122
 50
64.799
 51
77.257
  0
ARC
  8
APS_GEOMETRY
 10
9390.473
 20
-247.783
 40
10.421
 50
244.885
 51
251.175
  0
ARC
  8
APS_GEOMETRY
 10
9387.489
 20
-256.537
 40
1.173
 50
251.175
 51
270.0
  0
ARC
  8
APS_GEOMETRY
 10
9387.489
 20
-255.807
 40
1.903
 50
270.0
 51
278.82
  0
ARC
  8
APS_GEOMETRY
 10
9386.259
 20
-247.883
 40
9.922
 50
278.82
 51
282.68
  0
ARC
  8
APS_GEOMETRY
 10
9388.832
 20
-259.273
 40
1.755
 50
95.906
 51
102.995
  0
ARC
  8
APS_GEOMETRY
 10
9388.911
 20
-260.041
 40
2.528
 50
90.0
 51
95.906
  0
ARC
  8
APS_GEOMETRY
 10
9388.911
 20
-259.191
 40
1.678
 50
62.447
 51
90.0
  0
ARC
  8
APS_GEOMETRY
 10
9388.613
 20
-259.763
 40
2.323
 50
39.094
 51
62.447
  0
ARC
  8
APS_GEOMETRY
 10
9385.496
 20
-262.37
 40
6.386
 50
18.435
 51
39.611
  0
ARC
  8
APS_GEOMETRY
 10
9383.583
 20
-263.008
 40
8.403
 50
360.0
 51
18.435
  0
ARC
  8
APS_GEOMETRY
 10
9387.819
 20
-263.008
 40
4.167
 50
334.877
 51
360.0
  0
ARC
  8
APS_GEOMETRY
 10
9389.072
 20
-263.596
 40
2.783
 50
304.007
 51
334.877
  0
ARC
  8
APS_GEOMETRY
 10
9389.051
 20
-263.537
 40
2.843
 50
286.39
 51
303.69
  0
ARC
  8
APS_GEOMETRY
 10
9388.96
 20
-263.228
 40
3.165
 50
270.0
 51
286.39
  0
ARC
  8
APS_GEOMETRY
 10
9388.96
 20
-263.264
 40
3.128
 50
255.155
 51
270.0
  0
ARC
  8
APS_GEOMETRY
 10
9388.618
 20
-264.557
 40
1.791
 50
235.491
 51
255.155
  0
ARC
  8
APS_GEOMETRY
 10
9388.79
 20
-264.307
 40
2.094
 50
218.48
 51
235.491
  0
ARC
  8
APS_GEOMETRY
 10
9391.6
 20
-262.073
 40
5.684
 50
208.179
 51
218.48
  0
ARC
  8
APS_GEOMETRY
 10
9362.788
 20
-277.713
 40
27.099
 50
28.56
 51
31.664
  0
ARC
  8
APS_GEOMETRY
 10
9380.394
 20
-266.854
 40
6.414
 50
31.664
 51
38.047
  0
ARC
  8
APS_GEOMETRY
 10
9381.674
 20
-265.853
 40
4.788
 50
38.047
 51
46.56
  0
ARC
  8
APS_GEOMETRY
 10
9381.009
 20
-266.555
 40
5.756
 50
46.56
 51
54.324
  0
ARC
  8
APS_GEOMETRY
 10
9380.625
 20
-267.216
 40
6.517
 50
54.968
 51
71.48
  0
ARC
  8
APS_GEOMETRY
 10
9381.046
 20
-265.958
 40
5.19
 50
71.48
 51
90.0
  0
ARC
  8
APS_GEOMETRY
 10
9381.046
 20
-264.393
 40
3.625
 50
90.0
 51
114.63
  0
ARC
  8
APS_GEOMETRY
 10
9380.864
 20
-263.996
 40
3.188
 50
114.63
 51
140.921
  0
ARC
  8
APS_GEOMETRY
 10
9381.402
 20
-264.433
 40
3.881
 50
140.921
 51
163.13
  0
ARC
  8
APS_GEOMETRY
 10
9384.091
 20
-265.248
 40
6.691
 50
163.13
 51
180.0
  0
ARC
  8
APS_GEOMETRY
 10
9387.577
 20
-265.248
 40
10.178
 50
180.0
 51
195.44
  0
ARC
  8
APS_GEOMETRY
 10
9387.048
 20
-265.394
 40
9.629
 50
195.44
 51
211.316
  0
ARC
  8
APS_GEOMETRY
 10
9384.504
 20
-266.889
 40
6.678
 50
211.708
 51
240.457
  0
ARC
  8
APS_GEOMETRY
 10
9384.333
 20
-267.19
 40
6.332
 50
240.457
 51
270.0
  0
ARC
  8
APS_GEOMETRY
 10
9384.333
 20
-265.647
 40
7.875
 50
270.0
 51
279.549
  0
ARC
  8
APS_GEOMETRY
 10
9384.235
 20
-265.065
 40
8.466
 50
279.549
 51
288.759
  0
ARC
  8
APS_GEOMETRY
 10
9384.648
 20
-266.28
 40
7.182
 50
288.759
 51
299.545
  0
ARC
  8
APS_GEOMETRY
 10
9386.303
 20
-269.199
 40
3.826
 50
299.545
 51
314.341
  0
ARC
  8
APS_GEOMETRY
 10
9391.42
 20
-274.515
 40
3.553
 50
120.141
 51
133.452
  0
ARC
  8
APS_GEOMETRY
 10
9389.991
 20
-272.053
 40
0.706
 50
90.0
 51
120.141
  0
ARC
  8
APS_GEOMETRY
 10
9389.991
 20
-272.462
 40
1.115
 50
61.952
 51
90.0
  0
ARC
  8
APS_GEOMETRY
 10
9389.825
 20
-272.774
 40
1.468
 50
37.569
 51
61.952
  0
ARC
  8
APS_GEOMETRY
 10
9389.515
 20
-273.012
 40
1.859
 50
17.665
 51
37.569
  0
ARC
  8
APS_GEOMETRY
 10
9389.043
 20
-273.162
 40
2.354
 50
360.0
 51
17.665
  0
ARC
  8
APS_GEOMETRY
 10
9387.857
 20
-273.162
 40
3.54
 50
344.932
 51
0.0
  0
ARC
  8
APS_GEOMETRY
 10
9384.708
 20
-272.315
 40
6.801
 50
334.075
 51
344.932
  0
ARC
  8
APS_GEOMETRY
 10
9384.609
 20
-272.266
 40
6.912
 50
323.374
 51
334.075
  0
ARC
  8
APS_GEOMETRY
 10
9386.64
 20
-273.777
 40
4.38
 50
309.92
 51
323.374
  0
ARC
  8
APS_GEOMETRY
 10
9388.671
 20
-276.172
 40
1.24
 50
289.026
 51
308.991
  0
ARC
  8
APS_GEOMETRY
 10
9386.504
 20
-269.889
 40
7.886
 50
281.143
 51
289.026
  0
ARC
  8
APS_GEOMETRY
 10
9388.701
 20
-281.28
 40
3.715
 50
100.437
 51
110.12
  0
ARC
  8
APS_GEOMETRY
 10
9391.612
 20
-289.225
 40
12.177
 50
110.12
 51
115.463
  0
ARC
  8
APS_GEOMETRY
 10
9381.221
 20
-267.485
 40
11.919
 50
282.94
 51
295.628
  0
ARC
  8
APS_GEOMETRY
 10
9381.324
 20
-267.932
 40
11.46
 50
270.0
 51
282.94
  0
ARC
  8
APS_GEOMETRY
 10
9381.324
 20
-267.255
 40
12.137
 50
257.307
 51
270.0
  0
ARC
  8
APS_GEOMETRY
 10
9381.837
 20
-264.98
 40
14.469
 50
245.686
 51
257.307
  0
ARC
  8
APS_GEOMETRY
 10
9380.551
 20
-267.801
 40
11.37
 50
228.801
 51
245.735
  0
ARC
  8
APS_GEOMETRY
 10
9380.573
 20
-267.776
 40
11.402
 50
211.891
 51
228.801
  0
ARC
  8
APS_GEOMETRY
 10
9381.247
 20
-267.291
 40
12.231
 50
196.728
 51
212.152
  0
ARC
  8
APS_GEOMETRY
 10
9379.503
 20
-267.815
 40
10.41
 50
180.0
 51
196.728
  0
ARC
  8
APS_GEOMETRY
 10
9379.757
 20
-267.815
 40
10.663
 50
161.184
 51
180.0
  0
ARC
  8
APS_GEOMETRY
 10
9380.441
 20
-268.048
 40
11.386
 50
142.98
 51
161.184
  0
ARC
  8
APS_GEOMETRY
 10
9380.973
 20
-268.456
 40
12.056
 50
127.824
 51
142.958
  0
ARC
  8
APS_GEOMETRY
 10
9381.85
 20
-269.585
 40
13.486
 50
113.52
 51
127.824
  0
ARC
  8
APS_GEOMETRY
 10
9381.564
 20
-268.926
 40
12.768
 50
101.927
 51
113.527
  0
ARC
  8
APS_GEOMETRY
 10
9381.422
 20
-268.253
 40
12.08
 50
90.0
 51
101.927
  0
ARC
  8
APS_GEOMETRY
 10
9406.663
 20
-269.064
 40
12.891
 50
71.91
 51
90.0
  0
ARC
  8
APS_GEOMETRY
 10
9407.162
 20
-267.535
 40
11.283
 50
52.561
 51
71.91
  0
ARC
  8
APS_GEOMETRY
 10
9407.031
 20
-267.573
 40
11.393
 50
38.846
 51
52.156
  0
ARC
  8
APS_GEOMETRY
 10
9405.245
 20
-269.012
 40
13.686
 50
26.707
 51
38.846
  0
ARC
  8
APS_GEOMETRY
 10
9405.599
 20
-268.723
 40
13.241
 50
13.868
 51
26.278
  0
ARC
  8
APS_GEOMETRY
 10
9408.149
 20
-268.093
 40
10.614
 50
360.0
 51
13.868
  0
ARC
  8
APS_GEOMETRY
 10
9408.314
 20
-268.093
 40
10.449
 50
339.712
 51
360.0
  0
ARC
  8
APS_GEOMETRY
 10
9407.726
 20
-267.876
 40
11.076
 50
320.013
 51
339.712
  0
ARC
  8
APS_GEOMETRY
 10
9407.628
 20
-267.822
 40
11.186
 50
303.344
 51
320.123
  0
ARC
  8
APS_GEOMETRY
 10
9406.48
 20
-266.077
 40
13.274
 50
287.949
 51
303.344
  0
ARC
  8
APS_GEOMETRY
 10
9406.103
 20
-264.77
 40
14.634
 50
279.039
 51
287.776
  0
ARC
  8
APS_GEOMETRY
 10
9406.254
 20
-265.719
 40
13.673
 50
270.0
 51
279.039
  0
ARC
  8
APS_GEOMETRY
 10
9406.254
 20
-266.387
 40
13.005
 50
257.728
 51
270.0
  0
ARC
  8
APS_GEOMETRY
 10
9406.275
 20
-266.293
 40
13.102
 50
245.501
 51
257.728
  0
ARC
  8
APS_GEOMETRY
 10
9405.538
 20
-267.904
 40
11.33
 50
228.665
 51
245.511
  0
ARC
  8
APS_GEOMETRY
 10
9405.293
 20
-268.183
 40
10.959
 50
211.535
 51
228.665
  0
ARC
  8
APS_GEOMETRY
 10
9405.614
 20
-267.947
 40
11.356
 50
195.642
 51
211.701
  0
ARC
  8
APS_GEOMETRY
 10
9406.201
 20
-267.783
 40
11.966
 50
180.0
 51
195.642
  0
ARC
  8
APS_GEOMETRY
 10
9406.327
 20
-267.783
 40
12.091
 50
162.181
 51
180.0
  0
ARC
  8
APS_GEOMETRY
 10
9405.224
 20
-267.428
 40
10.933
 50
143.434
 51
162.181
  0
ARC
  8
APS_GEOMETRY
 10
9405.075
 20
-267.309
 40
10.742
 50
126.384
 51
143.471
  0
ARC
  8
APS_GEOMETRY
 10
9406.092
 20
-268.689
 40
12.457
 50
110.525
 51
126.384
  0
ARC
  8
APS_GEOMETRY
 10
9406.042
 20
-268.315
 40
12.089
 50
99.77
 51
110.925
  0
ARC
  8
APS_GEOMETRY
 10
9406.663
 20
-271.921
 40
15.748
 50
90.0
 51
99.77
  0
ARC
  8
APS_GEOMETRY
 10
9405.109
 20
-263.269
 40
2.404
 50
90.0
 51
119.604
  0
ARC
  8
APS_GEOMETRY
 10
9405.32
 20
-263.64
 40
2.83
 50
119.604
 51
146.842
  0
ARC
  8
APS_GEOMETRY
 10
9405.743
 20
-263.987
 40
3.374
 50
145.84
 51
164.055
  0
ARC
  8
APS_GEOMETRY
 10
9406.724
 20
-264.267
 40
4.394
 50
164.055
 51
180.0
  0
ARC
  8
APS_GEOMETRY
 10
9412.856
 20
-264.267
 40
10.526
 50
180.0
 51
189.977
  0
ARC
  8
APS_GEOMETRY
 10
9422.182
 20
-262.626
 40
19.995
 50
189.977
 51
197.211
  0
ARC
  8
APS_GEOMETRY
 10
9424.221
 20
-261.995
 40
22.131
 50
197.211
 51
203.76
  0
ARC
  8
APS_GEOMETRY
 10
9419.14
 20
-264.232
 40
16.579
 50
203.76
 51
211.329
  0
ARC
  8
APS_GEOMETRY
 10
9408.706
 20
-270.493
 40
4.411
 50
212.32
 51
224.441
  0
ARC
  8
APS_GEOMETRY
 10
9408.278
 20
-270.913
 40
3.812
 50
224.441
 51
237.484
  0
ARC
  8
APS_GEOMETRY
 10
9408.002
 20
-271.346
 40
3.298
 50
237.484
 51
252.416
  0
ARC
  8
APS_GEOMETRY
 10
9407.726
 20
-272.218
 40
2.383
 50
252.416
 51
270.0
  0
ARC
  8
APS_GEOMETRY
 10
9407.726
 20
-271.936
 40
2.666
 50
270.0
 51
294.953
  0
ARC
  8
APS_GEOMETRY
 10
9407.8
 20
-272.096
 40
2.489
 50
294.953
 51
320.793
  0
ARC
  8
APS_GEOMETRY
 10
9407.4
 20
-271.769
 40
3.005
 50
320.793
 51
342.777
  0
ARC
  8
APS_GEOMETRY
 10
9405.616
 20
-271.216
 40
4.873
 50
342.777
 51
0.0
  0
ARC
  8
APS_GEOMETRY
 10
9397.236
 20
-271.216
 40
13.254
 50
0.0
 51
8.499
  0
ARC
  8
APS_GEOMETRY
 10
9391.402
 20
-272.088
 40
19.152
 50
8.499
 51
15.566
  0
ARC
  8
APS_GEOMETRY
 10
9392.103
 20
-271.893
 40
18.424
 50
15.566
 51
22.909
  0
ARC
  8
APS_GEOMETRY
 10
9398.135
 20
-269.344
 40
11.876
 50
22.909
 51
32.057
  0
ARC
  8
APS_GEOMETRY
 10
9402.873
 20
-266.359
 40
6.276
 50
31.921
 51
42.51
  0
ARC
  8
APS_GEOMETRY
 10
9404.174
 20
-265.166
 40
4.511
 50
42.51
 51
55.008
  0
ARC
  8
APS_GEOMETRY
 10
9404.614
 20
-264.539
 40
3.745
 50
55.008
 51
69.88
  0
ARC
  8
APS_GEOMETRY
 10
9405.008
 20
-263.463
 40
2.599
 50
69.88
 51
87.754
  0
ARC
  8
APS_GEOMETRY
 10
9433.342
 20
-266.805
 40
10.632
 50
77.257
 51
90.0
  0
ARC
  8
APS_GEOMETRY
 10
9433.234
 20
-267.282
 40
11.122
 50
64.799
 51
77.257
  0
ARC
  8
APS_GEOMETRY
 10
9442.393
 20
-247.783
 40
10.421
 50
244.885
 51
251.175
  0
ARC
  8
APS_GEOMETRY
 10
9439.409
 20
-256.537
 40
1.173
 50
251.175
 51
270.0
  0
ARC
  8
APS_GEOMETRY
 10
9439.409
 20
-255.807
 40
1.903
 50
270.0
 51
278.82
  0
ARC
  8
APS_GEOMETRY
 10
9438.179
 20
-247.883
 40
9.922
 50
278.82
 51
282.68
  0
ARC
  8
APS_GEOMETRY
 10
9440.752
 20
-259.273
 40
1.755
 50
95.906
 51
102.995
  0
ARC
  8
APS_GEOMETRY
 10
9440.831
 20
-260.041
 40
2.528
 50
90.0
 51
95.906
  0
ARC
  8
APS_GEOMETRY
 10
9440.831
 20
-259.191
 40
1.678
 50
62.447
 51
90.0
  0
ARC
  8
APS_GEOMETRY
 10
9440.533
 20
-259.763
 40
2.323
 50
39.094
 51
62.447
  0
ARC
  8
APS_GEOMETRY
 10
9437.416
 20
-262.37
 40
6.386
 50
18.435
 51
39.611
  0
ARC
  8
APS_GEOMETRY
 10
9435.503
 20
-263.008
 40
8.403
 50
360.0
 51
18.435
  0
ARC
  8
APS_GEOMETRY
 10
9439.739
 20
-263.008
 40
4.167
 50
334.877
 51
360.0
  0
ARC
  8
APS_GEOMETRY
 10
9440.992
 20
-263.596
 40
2.783
 50
304.007
 51
334.877
  0
ARC
  8
APS_GEOMETRY
 10
9440.971
 20
-263.537
 40
2.843
 50
286.39
 51
303.69
  0
ARC
  8
APS_GEOMETRY
 10
9440.88
 20
-263.228
 40
3.165
 50
270.0
 51
286.39
  0
ARC
  8
APS_GEOMETRY
 10
9440.88
 20
-263.264
 40
3.128
 50
255.155
 51
270.0
  0
ARC
  8
APS_GEOMETRY
 10
9440.538
 20
-264.557
 40
1.791
 50
235.491
 51
255.155
  0
ARC
  8
APS_GEOMETRY
 10
9440.71
 20
-264.307
 40
2.094
 50
218.48
 51
235.491
  0
ARC
  8
APS_GEOMETRY
 10
9443.52
 20
-262.073
 40
5.684
 50
208.179
 51
218.48
  0
ARC
  8
APS_GEOMETRY
 10
9414.708
 20
-277.713
 40
27.099
 50
28.56
 51
31.664
  0
ARC
  8
APS_GEOMETRY
 10
9432.314
 20
-266.854
 40
6.414
 50
31.664
 51
38.047
  0
ARC
  8
APS_GEOMETRY
 10
9433.594
 20
-265.853
 40
4.788
 50
38.047
 51
46.56
  0
ARC
  8
APS_GEOMETRY
 10
9432.929
 20
-266.555
 40
5.756
 50
46.56
 51
54.324
  0
ARC
  8
APS_GEOMETRY
 10
9432.545
 20
-267.216
 40
6.517
 50
54.968
 51
71.48
  0
ARC
  8
APS_GEOMETRY
 10
9432.966
 20
-265.958
 40
5.19
 50
71.48
 51
90.0
  0
ARC
  8
APS_GEOMETRY
 10
9432.966
 20
-264.393
 40
3.625
 50
90.0
 51
114.63
  0
ARC
  8
APS_GEOMETRY
 10
9432.784
 20
-263.996
 40
3.188
 50
114.63
 51
140.921
  0
ARC
  8
APS_GEOMETRY
 10
9433.322
 20
-264.433
 40
3.881
 50
140.921
 51
163.13
  0
ARC
  8
APS_GEOMETRY
 10
9436.011
 20
-265.248
 40
6.691
 50
163.13
 51
180.0
  0
ARC
  8
APS_GEOMETRY
 10
9439.498
 20
-265.248
 40
10.178
 50
180.0
 51
195.44
  0
ARC
  8
APS_GEOMETRY
 10
9438.969
 20
-265.394
 40
9.629
 50
195.44
 51
211.316
  0
ARC
  8
APS_GEOMETRY
 10
9436.424
 20
-266.889
 40
6.678
 50
211.708
 51
240.457
  0
ARC
  8
APS_GEOMETRY
 10
9436.253
 20
-267.19
 40
6.332
 50
240.457
 51
270.0
  0
ARC
  8
APS_GEOMETRY
 10
9436.253
 20
-265.647
 40
7.875
 50
270.0
 51
279.549
  0
ARC
  8
APS_GEOMETRY
 10
9436.155
 20
-265.065
 40
8.466
 50
279.549
 51
288.759
  0
ARC
  8
APS_GEOMETRY
 10
9436.568
 20
-266.28
 40
7.182
 50
288.759
 51
299.545
  0
ARC
  8
APS_GEOMETRY
 10
9438.223
 20
-269.199
 40
3.826
 50
299.545
 51
314.341
  0
ARC
  8
APS_GEOMETRY
 10
9443.34
 20
-274.515
 40
3.553
 50
120.141
 51
133.452
  0
ARC
  8
APS_GEOMETRY
 10
9441.911
 20
-272.053
 40
0.706
 50
90.0
 51
120.141
  0
ARC
  8
APS_GEOMETRY
 10
9441.911
 20
-272.462
 40
1.115
 50
61.952
 51
90.0
  0
ARC
  8
APS_GEOMETRY
 10
9441.745
 20
-272.774
 40
1.468
 50
37.569
 51
61.952
  0
ARC
  8
APS_GEOMETRY
 10
9441.435
 20
-273.012
 40
1.859
 50
17.665
 51
37.569
  0
ARC
  8
APS_GEOMETRY
 10
9440.963
 20
-273.162
 40
2.354
 50
360.0
 51
17.665
  0
ARC
  8
APS_GEOMETRY
 10
9439.777
 20
-273.162
 40
3.54
 50
344.932
 51
0.0
  0
ARC
  8
APS_GEOMETRY
 10
9436.628
 20
-272.315
 40
6.801
 50
334.075
 51
344.932
  0
ARC
  8
APS_GEOMETRY
 10
9436.529
 20
-272.266
 40
6.912
 50
323.374
 51
334.075
  0
ARC
  8
APS_GEOMETRY
 10
9438.56
 20
-273.777
 40
4.38
 50
309.92
 51
323.374
  0
ARC
  8
APS_GEOMETRY
 10
9440.591
 20
-276.172
 40
1.24
 50
289.026
 51
308.991
  0
ARC
  8
APS_GEOMETRY
 10
9438.425
 20
-269.889
 40
7.886
 50
281.143
 51
289.026
  0
ARC
  8
APS_GEOMETRY
 10
9440.622
 20
-281.28
 40
3.715
 50
100.437
 51
110.12
  0
ARC
  8
APS_GEOMETRY
 10
9443.532
 20
-289.225
 40
12.177
 50
110.12
 51
115.463
  0
ARC
  8
APS_GEOMETRY
 10
9433.142
 20
-267.485
 40
11.919
 50
282.94
 51
295.628
  0
ARC
  8
APS_GEOMETRY
 10
9433.244
 20
-267.932
 40
11.46
 50
270.0
 51
282.94
  0
ARC
  8
APS_GEOMETRY
 10
9433.244
 20
-267.255
 40
12.137
 50
257.307
 51
270.0
  0
ARC
  8
APS_GEOMETRY
 10
9433.757
 20
-264.98
 40
14.469
 50
245.686
 51
257.307
  0
ARC
  8
APS_GEOMETRY
 10
9432.471
 20
-267.801
 40
11.37
 50
228.801
 51
245.735
  0
ARC
  8
APS_GEOMETRY
 10
9432.493
 20
-267.776
 40
11.402
 50
211.891
 51
228.801
  0
ARC
  8
APS_GEOMETRY
 10
9433.167
 20
-267.291
 40
12.231
 50
196.728
 51
212.152
  0
ARC
  8
APS_GEOMETRY
 10
9431.423
 20
-267.815
 40
10.41
 50
180.0
 51
196.728
  0
ARC
  8
APS_GEOMETRY
 10
9431.677
 20
-267.815
 40
10.663
 50
161.184
 51
180.0
  0
ARC
  8
APS_GEOMETRY
 10
9432.361
 20
-268.048
 40
11.386
 50
142.98
 51
161.184
  0
ARC
  8
APS_GEOMETRY
 10
9432.893
 20
-268.456
 40
12.056
 50
127.824
 51
142.958
  0
ARC
  8
APS_GEOMETRY
 10
9433.77
 20
-269.585
 40
13.486
 50
113.52
 51
127.824
  0
ARC
  8
APS_GEOMETRY
 10
9433.484
 20
-268.926
 40
12.768
 50
101.927
 51
113.527
  0
ARC
  8
APS_GEOMETRY
 10
9433.342
 20
-268.253
 40
12.08
 50
90.0
 51
101.927
  0
ARC
  8
APS_GEOMETRY
 10
9458.583
 20
-269.064
 40
12.891
 50
71.91
 51
90.0
  0
ARC
  8
APS_GEOMETRY
 10
9459.082
 20
-267.535
 40
11.283
 50
52.561
 51
71.91
  0
ARC
  8
APS_GEOMETRY
 10
9458.951
 20
-267.573
 40
11.393
 50
38.846
 51
52.156
  0
ARC
  8
APS_GEOMETRY
 10
9457.165
 20
-269.012
 40
13.686
 50
26.707
 51
38.846
  0
ARC
  8
APS_GEOMETRY
 10
9457.519
 20
-268.723
 40
13.241
 50
13.868
 51
26.278
  0
ARC
  8
APS_GEOMETRY
 10
9460.069
 20
-268.093
 40
10.614
 50
360.0
 51
13.868
  0
ARC
  8
APS_GEOMETRY
 10
9460.234
 20
-268.093
 40
10.449
 50
339.712
 51
360.0
  0
ARC
  8
APS_GEOMETRY
 10
9459.646
 20
-267.876
 40
11.076
 50
320.013
 51
339.712
  0
ARC
  8
APS_GEOMETRY
 10
9459.548
 20
-267.822
 40
11.186
 50
303.344
 51
320.123
  0
ARC
  8
APS_GEOMETRY
 10
9458.4
 20
-266.077
 40
13.274
 50
287.949
 51
303.344
  0
ARC
  8
APS_GEOMETRY
 10
9458.023
 20
-264.77
 40
14.634
 50
279.039
 51
287.776
  0
ARC
  8
APS_GEOMETRY
 10
9458.174
 20
-265.719
 40
13.673
 50
270.0
 51
279.039
  0
ARC
  8
APS_GEOMETRY
 10
9458.174
 20
-266.387
 40
13.005
 50
257.728
 51
270.0
  0
ARC
  8
APS_GEOMETRY
 10
9458.195
 20
-266.293
 40
13.102
 50
245.501
 51
257.728
  0
ARC
  8
APS_GEOMETRY
 10
9457.458
 20
-267.904
 40
11.33
 50
228.665
 51
245.511
  0
ARC
  8
APS_GEOMETRY
 10
9457.213
 20
-268.183
 40
10.959
 50
211.535
 51
228.665
  0
ARC
  8
APS_GEOMETRY
 10
9457.534
 20
-267.947
 40
11.356
 50
195.642
 51
211.701
  0
ARC
  8
APS_GEOMETRY
 10
9458.121
 20
-267.783
 40
11.966
 50
180.0
 51
195.642
  0
ARC
  8
APS_GEOMETRY
 10
9458.247
 20
-267.783
 40
12.091
 50
162.181
 51
180.0
  0
ARC
  8
APS_GEOMETRY
 10
9457.144
 20
-267.428
 40
10.933
 50
143.434
 51
162.181
  0
ARC
  8
APS_GEOMETRY
 10
9456.995
 20
-267.309
 40
10.742
 50
126.384
 51
143.471
  0
ARC
  8
APS_GEOMETRY
 10
9458.012
 20
-268.689
 40
12.457
 50
110.525
 51
126.384
  0
ARC
  8
APS_GEOMETRY
 10
9457.962
 20
-268.315
 40
12.089
 50
99.77
 51
110.925
  0
ARC
  8
APS_GEOMETRY
 10
9458.583
 20
-271.921
 40
15.748
 50
90.0
 51
99.77
  0
ARC
  8
APS_GEOMETRY
 10
9457.029
 20
-263.269
 40
2.404
 50
90.0
 51
119.604
  0
ARC
  8
APS_GEOMETRY
 10
9457.24
 20
-263.64
 40
2.83
 50
119.604
 51
146.842
  0
ARC
  8
APS_GEOMETRY
 10
9457.663
 20
-263.987
 40
3.374
 50
145.84
 51
164.055
  0
ARC
  8
APS_GEOMETRY
 10
9458.644
 20
-264.267
 40
4.394
 50
164.055
 51
180.0
  0
ARC
  8
APS_GEOMETRY
 10
9464.776
 20
-264.267
 40
10.526
 50
180.0
 51
189.977
  0
ARC
  8
APS_GEOMETRY
 10
9474.102
 20
-262.626
 40
19.995
 50
189.977
 51
197.211
  0
ARC
  8
APS_GEOMETRY
 10
9476.142
 20
-261.995
 40
22.131
 50
197.211
 51
203.76
  0
ARC
  8
APS_GEOMETRY
 10
9471.06
 20
-264.232
 40
16.579
 50
203.76
 51
211.329
  0
ARC
  8
APS_GEOMETRY
 10
9460.626
 20
-270.493
 40
4.411
 50
212.32
 51
224.441
  0
ARC
  8
APS_GEOMETRY
 10
9460.198
 20
-270.913
 40
3.812
 50
224.441
 51
237.484
  0
ARC
  8
APS_GEOMETRY
 10
9459.922
 20
-271.346
 40
3.298
 50
237.484
 51
252.416
  0
ARC
  8
APS_GEOMETRY
 10
9459.646
 20
-272.218
 40
2.383
 50
252.416
 51
270.0
  0
ARC
  8
APS_GEOMETRY
 10
9459.646
 20
-271.936
 40
2.666
 50
270.0
 51
294.953
  0
ARC
  8
APS_GEOMETRY
 10
9459.72
 20
-272.096
 40
2.489
 50
294.953
 51
320.793
  0
ARC
  8
APS_GEOMETRY
 10
9459.32
 20
-271.769
 40
3.005
 50
320.793
 51
342.777
  0
ARC
  8
APS_GEOMETRY
 10
9457.536
 20
-271.216
 40
4.873
 50
342.777
 51
0.0
  0
ARC
  8
APS_GEOMETRY
 10
9449.156
 20
-271.216
 40
13.254
 50
0.0
 51
8.499
  0
ARC
  8
APS_GEOMETRY
 10
9443.322
 20
-272.088
 40
19.152
 50
8.499
 51
15.566
  0
ARC
  8
APS_GEOMETRY
 10
9444.023
 20
-271.893
 40
18.424
 50
15.566
 51
22.909
  0
ARC
  8
APS_GEOMETRY
 10
9450.055
 20
-269.344
 40
11.876
 50
22.909
 51
32.057
  0
ARC
  8
APS_GEOMETRY
 10
9454.793
 20
-266.359
 40
6.276
 50
31.921
 51
42.51
  0
ARC
  8
APS_GEOMETRY
 10
9456.094
 20
-265.166
 40
4.511
 50
42.51
 51
55.008
  0
ARC
  8
APS_GEOMETRY
 10
9456.534
 20
-264.539
 40
3.745
 50
55.008
 51
69.88
  0
ARC
  8
APS_GEOMETRY
 10
9456.928
 20
-263.463
 40
2.599
 50
69.88
 51
87.754
  0
ARC
  8
APS_GEOMETRY
 10
9483.84
 20
-270.775
 40
1.21
 50
90.0
 51
115.837
  0
ARC
  8
APS_GEOMETRY
 10
9483.542
 20
-270.16
 40
0.526
 50
115.837
 51
155.462
  0
ARC
  8
APS_GEOMETRY
 10
9483.89
 20
-270.318
 40
0.909
 50
155.462
 51
168.366
  0
ARC
  8
APS_GEOMETRY
 10
9487.063
 20
-270.972
 40
4.148
 50
168.366
 51
174.395
  0
ARC
  8
APS_GEOMETRY
 10
9490.26
 20
-271.285
 40
7.361
 50
174.395
 51
177.813
  0
ARC
  8
APS_GEOMETRY
 10
9500.875
 20
-271.691
 40
17.983
 50
177.813
 51
180.0
  0
ARC
  8
APS_GEOMETRY
 10
9508.559
 20
-271.691
 40
25.667
 50
180.0
 51
184.62
  0
ARC
  8
APS_GEOMETRY
 10
9491.349
 20
-273.081
 40
8.401
 50
184.62
 51
192.7
  0
ARC
  8
APS_GEOMETRY
 10
9484.714
 20
-274.538
 40
1.609
 50
194.036
 51
205.821
  0
ARC
  8
APS_GEOMETRY
 10
9484.011
 20
-274.878
 40
0.828
 50
205.821
 51
222.274
  0
ARC
  8
APS_GEOMETRY
 10
9484.226
 20
-274.682
 40
1.119
 50
222.274
 51
234.605
  0
ARC
  8
APS_GEOMETRY
 10
9486.657
 20
-271.262
 40
5.315
 50
234.605
 51
240.255
  0
ARC
  8
APS_GEOMETRY
 10
9482.962
 20
-277.799
 40
2.194
 50
34.592
 51
61.189
  0
ARC
  8
APS_GEOMETRY
 10
9483.687
 20
-277.299
 40
1.313
 50
360.0
 51
34.592
  0
ARC
  8
APS_GEOMETRY
 10
9483.731
 20
-277.299
 40
1.27
 50
318.231
 51
360.0
  0
ARC
  8
APS_GEOMETRY
 10
9482.882
 20
-276.541
 40
2.408
 50
288.227
 51
318.231
  0
ARC
  8
APS_GEOMETRY
 10
9482.002
 20
-273.867
 40
5.223
 50
280.377
 51
288.227
  0
ARC
  8
APS_GEOMETRY
 10
9480.467
 20
-265.485
 40
13.744
 50
275.541
 51
280.377
  0
ARC
  8
APS_GEOMETRY
 10
9479.805
 20
-258.666
 40
20.595
 50
272.304
 51
275.541
  0
ARC
  8
APS_GEOMETRY
 10
9479.0
 20
-238.649
 40
40.629
 50
270.0
 51
272.304
  0
ARC
  8
APS_GEOMETRY
 10
9479.0
 20
-255.378
 40
23.9
 50
262.811
 51
270.0
  0
ARC
  8
APS_GEOMETRY
 10
9476.855
 20
-272.381
 40
6.762
 50
249.274
 51
262.811
  0
ARC
  8
APS_GEOMETRY
 10
9475.506
 20
-275.946
 40
2.95
 50
221.379
 51
249.274
  0
ARC
  8
APS_GEOMETRY
 10
9474.323
 20
-276.989
 40
1.373
 50
180.0
 51
221.379
  0
ARC
  8
APS_GEOMETRY
 10
9474.314
 20
-276.989
 40
1.364
 50
164.055
 51
180.0
  0
ARC
  8
APS_GEOMETRY
 10
9473.745
 20
-276.826
 40
0.773
 50
142.815
 51
164.055
  0
ARC
  8
APS_GEOMETRY
 10
9474.103
 20
-277.098
 40
1.222
 50
129.007
 51
142.815
  0
ARC
  8
APS_GEOMETRY
 10
9478.499
 20
-282.525
 40
8.206
 50
123.69
 51
129.007
  0
ARC
  8
APS_GEOMETRY
 10
9472.261
 20
-273.138
 40
3.064
 50
303.389
 51
319.022
  0
ARC
  8
APS_GEOMETRY
 10
9473.09
 20
-273.859
 40
1.966
 50
319.022
 51
338.575
  0
ARC
  8
APS_GEOMETRY
 10
9471.98
 20
-273.423
 40
3.158
 50
338.575
 51
351.049
  0
ARC
  8
APS_GEOMETRY
 10
9458.577
 20
-271.312
 40
16.726
 50
351.049
 51
356.46
  0
ARC
  8
APS_GEOMETRY
 10
9462.995
 20
-271.48
 40
12.307
 50
355.972
 51
358.68
  0
ARC
  8
APS_GEOMETRY
 10
9317.9
 20
-268.137
 40
157.441
 50
358.68
 51
359.437
  0
LINE
  8
APS_GEOMETRY
 10
9475.333
 11
9475.348
 20
-269.683
 21
-267.228
  0
LINE
  8
APS_GEOMETRY
 10
9475.348
 11
9475.353
 20
-267.228
 21
-264.022
  0
ARC
  8
APS_GEOMETRY
 10
9437.449
 20
-264.022
 40
37.905
 50
360.0
 51
1.717
  0
ARC
  8
APS_GEOMETRY
 10
9457.733
 20
-263.414
 40
17.611
 50
1.717
 51
4.236
  0
ARC
  8
APS_GEOMETRY
 10
9464.347
 20
-262.924
 40
10.979
 50
4.236
 51
8.269
  0
ARC
  8
APS_GEOMETRY
 10
9471.959
 20
-261.817
 40
3.287
 50
8.269
 51
15.642
  0
ARC
  8
APS_GEOMETRY
 10
9473.269
 20
-261.451
 40
1.926
 50
15.642
 51
39.417
  0
ARC
  8
APS_GEOMETRY
 10
9473.299
 20
-261.426
 40
1.888
 50
39.417
 51
63.435
  0
ARC
  8
APS_GEOMETRY
 10
9476.699
 20
-254.382
 40
5.935
 50
236.874
 51
244.486
  0
ARC
  8
APS_GEOMETRY
 10
9474.17
 20
-258.258
 40
1.306
 50
220.601
 51
236.874
  0
ARC
  8
APS_GEOMETRY
 10
9473.88
 20
-258.507
 40
0.923
 50
198.246
 51
220.601
  0
ARC
  8
APS_GEOMETRY
 10
9474.314
 20
-258.364
 40
1.38
 50
180.0
 51
198.246
  0
ARC
  8
APS_GEOMETRY
 10
9474.307
 20
-258.364
 40
1.374
 50
156.161
 51
180.0
  0
ARC
  8
APS_GEOMETRY
 10
9474.499
 20
-258.449
 40
1.583
 50
133.977
 51
156.161
  0
ARC
  8
APS_GEOMETRY
 10
9474.88
 20
-258.844
 40
2.133
 50
116.996
 51
133.977
  0
ARC
  8
APS_GEOMETRY
 10
9475.639
 20
-260.333
 40
3.804
 50
104.3
 51
116.996
  0
ARC
  8
APS_GEOMETRY
 10
9475.835
 20
-261.086
 40
4.582
 50
95.326
 51
104.349
  0
ARC
  8
APS_GEOMETRY
 10
9476.629
 20
-269.603
 40
13.136
 50
90.0
 51
95.326
  0
ARC
  8
APS_GEOMETRY
 10
9476.629
 20
-262.974
 40
6.506
 50
87.553
 51
90.0
  0
ARC
  8
APS_GEOMETRY
 10
9475.244
 20
-295.367
 40
38.93
 50
86.553
 51
87.553
  0
ARC
  8
APS_GEOMETRY
 10
9473.276
 20
-328.041
 40
71.662
 50
86.009
 51
86.553
  0
ARC
  8
APS_GEOMETRY
 10
9465.622
 20
-437.747
 40
181.636
 50
85.668
 51
86.009
  0
ARC
  8
APS_GEOMETRY
 10
9479.946
 20
-249.092
 40
7.563
 50
265.426
 51
268.531
  0
ARC
  8
APS_GEOMETRY
 10
9480.619
 20
-222.871
 40
33.793
 50
268.531
 51
270.0
  0
ARC
  8
APS_GEOMETRY
 10
9480.619
 20
-230.908
 40
25.755
 50
270.0
 51
271.637
  0
ARC
  8
APS_GEOMETRY
 10
9480.043
 20
-210.766
 40
45.906
 50
271.637
 51
272.862
  0
ARC
  8
APS_GEOMETRY
 10
9479.382
 20
-197.551
 40
59.137
 50
272.862
 51
273.814
  0
ARC
  8
APS_GEOMETRY
 10
9477.145
 20
-163.999
 40
92.764
 50
273.814
 51
274.574
  0
ARC
  8
APS_GEOMETRY
 10
9491.177
 20
-346.494
 40
90.271
 50
93.72
 51
94.214
  0
ARC
  8
APS_GEOMETRY
 10
9488.182
 20
-300.435
 40
44.115
 50
93.013
 51
93.72
  0
ARC
  8
APS_GEOMETRY
 10
9487.361
 20
-284.838
 40
28.496
 50
91.918
 51
93.013
  0
ARC
  8
APS_GEOMETRY
 10
9486.718
 20
-265.63
 40
9.277
 50
90.0
 51
91.918
  0
ARC
  8
APS_GEOMETRY
 10
9486.718
 20
-268.407
 40
12.054
 50
73.82
 51
90.0
  0
ARC
  8
APS_GEOMETRY
 10
9487.906
 20
-264.312
 40
7.791
 50
53.658
 51
73.82
  0
ARC
  8
APS_GEOMETRY
 10
9489.596
 20
-262.002
 40
4.929
 50
26.03
 51
53.569
  0
ARC
  8
APS_GEOMETRY
 10
9489.077
 20
-262.256
 40
5.506
 50
360.0
 51
26.03
  0
ARC
  8
APS_GEOMETRY
 10
9488.861
 20
-262.256
 40
5.722
 50
345.282
 51
360.0
  0
ARC
  8
APS_GEOMETRY
 10
9489.412
 20
-262.4
 40
5.152
 50
329.767
 51
345.282
  0
ARC
  8
APS_GEOMETRY
 10
9489.724
 20
-262.582
 40
4.792
 50
313.168
 51
329.767
  0
ARC
  8
APS_GEOMETRY
 10
9489.839
 20
-262.705
 40
4.623
 50
296.267
 51
313.168
  0
ARC
  8
APS_GEOMETRY
 10
9492.471
 20
-268.022
 40
1.31
 50
116.565
 51
139.899
  0
ARC
  8
APS_GEOMETRY
 10
9491.817
 20
-267.472
 40
0.456
 50
139.899
 51
180.0
  0
ARC
  8
APS_GEOMETRY
 10
9491.868
 20
-267.472
 40
0.506
 50
180.0
 51
226.193
  0
ARC
  8
APS_GEOMETRY
 10
9492.803
 20
-266.497
 40
1.858
 50
226.193
 51
249.829
  0
ARC
  8
APS_GEOMETRY
 10
9490.123
 20
-273.877
 40
5.995
 50
53.249
 51
70.105
  0
ARC
  8
APS_GEOMETRY
 10
9491.34
 20
-272.247
 40
3.96
 50
32.471
 51
53.249
  0
ARC
  8
APS_GEOMETRY
 10
9490.773
 20
-272.608
 40
4.632
 50
23.305
 51
32.471
  0
ARC
  8
APS_GEOMETRY
 10
9487.268
 20
-274.118
 40
8.449
 50
16.521
 51
23.305
  0
ARC
  8
APS_GEOMETRY
 10
9484.535
 20
-274.928
 40
11.299
 50
11.429
 51
16.521
  0
ARC
  8
APS_GEOMETRY
 10
9476.79
 20
-276.494
 40
19.201
 50
7.524
 51
11.429
  0
ARC
  8
APS_GEOMETRY
 10
9502.454
 20
-273.076
 40
6.69
 50
187.765
 51
196.914
  0
ARC
  8
APS_GEOMETRY
 10
9496.983
 20
-274.74
 40
0.971
 50
196.914
 51
221.082
  0
ARC
  8
APS_GEOMETRY
 10
9497.004
 20
-274.722
 40
0.999
 50
221.082
 51
244.607
  0
ARC
  8
APS_GEOMETRY
 10
9499.34
 20
-269.799
 40
6.448
 50
244.607
 51
253.811
  0
ARC
  8
APS_GEOMETRY
 10
9497.286
 20
-276.804
 40
0.852
 50
51.45
 51
72.474
  0
ARC
  8
APS_GEOMETRY
 10
9497.075
 20
-277.069
 40
1.191
 50
33.69
 51
51.45
  0
ARC
  8
APS_GEOMETRY
 10
9497.026
 20
-277.102
 40
1.25
 50
16.639
 51
33.69
  0
ARC
  8
APS_GEOMETRY
 10
9496.966
 20
-277.119
 40
1.312
 50
360.0
 51
16.639
  0
ARC
  8
APS_GEOMETRY
 10
9496.948
 20
-277.119
 40
1.331
 50
338.993
 51
360.0
  0
ARC
  8
APS_GEOMETRY
 10
9496.135
 20
-276.807
 40
2.201
 50
322.696
 51
338.993
  0
ARC
  8
APS_GEOMETRY
 10
9495.832
 20
-276.577
 40
2.582
 50
308.603
 51
322.696
  0
ARC
  8
APS_GEOMETRY
 10
9495.624
 20
-276.316
 40
2.916
 50
295.346
 51
308.603
  0
ARC
  8
APS_GEOMETRY
 10
9494.528
 20
-273.903
 40
5.566
 50
279.583
 51
294.905
  0
ARC
  8
APS_GEOMETRY
 10
9493.095
 20
-265.412
 40
14.176
 50
270.0
 51
279.583
  0
ARC
  8
APS_GEOMETRY
 10
9493.095
 20
-269.253
 40
10.336
 50
261.247
 51
270.0
  0
ARC
  8
APS_GEOMETRY
 10
9492.433
 20
-273.553
 40
5.985
 50
249.737
 51
261.247
  0
ARC
  8
APS_GEOMETRY
 10
9491.998
 20
-274.732
 40
4.728
 50
235.345
 51
249.737
  0
ARC
  8
APS_GEOMETRY
 10
9491.448
 20
-275.527
 40
3.762
 50
219.198
 51
235.345
  0
ARC
  8
APS_GEOMETRY
 10
9492.605
 20
-274.541
 40
5.281
 50
209.076
 51
219.56
  0
ARC
  8
APS_GEOMETRY
 10
9495.275
 20
-273.056
 40
8.337
 50
200.735
 51
209.076
  0
ARC
  8
APS_GEOMETRY
 10
9498.96
 20
-271.661
 40
12.277
 50
197.881
 51
200.735
  0
ARC
  8
APS_GEOMETRY
 10
9514.1
 20
-266.776
 40
28.186
 50
195.997
 51
197.881
  0
ARC
  8
APS_GEOMETRY
 10
9525.291
 20
-263.568
 40
39.828
 50
194.664
 51
195.997
  0
ARC
  8
APS_GEOMETRY
 10
9556.289
 20
-255.456
 40
71.869
 50
193.671
 51
194.664
  0
ARC
  8
APS_GEOMETRY
 10
9477.684
 20
-274.567
 40
9.026
 50
13.61
 51
23.585
  0
ARC
  8
APS_GEOMETRY
 10
9483.593
 20
-271.987
 40
2.577
 50
23.585
 51
42.31
  0
ARC
  8
APS_GEOMETRY
 10
9484.129
 20
-271.499
 40
1.853
 50
42.31
 51
67.521
  0
ARC
  8
APS_GEOMETRY
 10
9483.705
 20
-272.524
 40
2.962
 50
67.521
 51
87.397
  0
LINE
  8
APS_GEOMETRY
 10
9482.908
 11
9482.728
 20
-261.226
 21
-265.035
  0
LINE
  8
APS_GEOMETRY
 10
9482.728
 11
9482.728
 20
-265.035
 21
-265.097
  0
LINE
  8
APS_GEOMETRY
 10
9482.728
 11
9482.728
 20
-265.097
 21
-265.183
  0
ARC
  8
APS_GEOMETRY
 10
9485.375
 20
-265.183
 40
2.647
 50
180.0
 51
192.339
  0
ARC
  8
APS_GEOMETRY
 10
9483.27
 20
-265.643
 40
0.493
 50
192.339
 51
221.186
  0
ARC
  8
APS_GEOMETRY
 10
9483.22
 20
-265.687
 40
0.426
 50
221.186
 51
253.872
  0
ARC
  8
APS_GEOMETRY
 10
9483.578
 20
-264.449
 40
1.715
 50
253.872
 51
270.0
  0
ARC
  8
APS_GEOMETRY
 10
9483.578
 20
-262.178
 40
3.985
 50
270.0
 51
289.569
  0
ARC
  8
APS_GEOMETRY
 10
9484.303
 20
-264.217
 40
1.822
 50
289.569
 51
318.681
  0
ARC
  8
APS_GEOMETRY
 10
9484.107
 20
-264.044
 40
2.083
 50
318.681
 51
344.628
  0
ARC
  8
APS_GEOMETRY
 10
9480.455
 20
-263.041
 40
5.87
 50
344.628
 51
0.0
  0
ARC
  8
APS_GEOMETRY
 10
9482.191
 20
-263.041
 40
4.134
 50
0.0
 51
35.369
  0
ARC
  8
APS_GEOMETRY
 10
9484.085
 20
-261.696
 40
1.812
 50
35.369
 51
90.0
  0
ARC
  8
APS_GEOMETRY
 10
9484.085
 20
-261.716
 40
1.831
 50
90.0
 51
108.435
  0
ARC
  8
APS_GEOMETRY
 10
9483.729
 20
-260.647
 40
0.705
 50
108.435
 51
138.366
  0
ARC
  8
APS_GEOMETRY
 10
9483.824
 20
-260.732
 40
0.833
 50
138.366
 51
164.291
  0
ARC
  8
APS_GEOMETRY
 10
9486.067
 20
-261.363
 40
3.162
 50
164.291
 51
177.51
  0
LINE
  8
APS_GEOMETRY
 10
9512.017
 11
9520.16
 20
-257.416
 21
-264.545
  0
ARC
  8
APS_GEOMETRY
 10
9527.776
 20
-255.805
 40
11.592
 50
228.93
 51
232.674
  0
ARC
  8
APS_GEOMETRY
 10
9523.54
 20
-261.362
 40
4.605
 50
232.674
 51
238.617
  0
ARC
  8
APS_GEOMETRY
 10
9522.474
 20
-263.109
 40
2.558
 50
238.617
 51
249.131
  0
ARC
  8
APS_GEOMETRY
 10
9521.795
 20
-264.888
 40
0.655
 50
249.131
 51
270.0
  0
ARC
  8
APS_GEOMETRY
 10
9521.795
 20
-264.968
 40
0.574
 50
270.0
 51
334.898
  0
ARC
  8
APS_GEOMETRY
 10
9519.146
 20
-263.727
 40
3.499
 50
334.898
 51
0.0
  0
ARC
  8
APS_GEOMETRY
 10
9493.531
 20
-263.727
 40
29.115
 50
360.0
 51
2.026
  0
ARC
  8
APS_GEOMETRY
 10
9508.974
 20
-263.181
 40
13.662
 50
2.026
 51
4.984
  0
ARC
  8
APS_GEOMETRY
 10
9514.024
 20
-262.741
 40
8.593
 50
4.984
 51
9.673
  0
ARC
  8
APS_GEOMETRY
 10
9519.844
 20
-261.749
 40
2.689
 50
9.673
 51
18.06
  0
ARC
  8
APS_GEOMETRY
 10
9520.729
 20
-261.46
 40
1.758
 50
18.06
 51
42.397
  0
ARC
  8
APS_GEOMETRY
 10
9520.443
 20
-261.721
 40
2.145
 50
42.397
 51
64.398
  0
ARC
  8
APS_GEOMETRY
 10
9523.055
 20
-256.328
 40
3.847
 50
233.633
 51
244.026
  0
ARC
  8
APS_GEOMETRY
 10
9521.633
 20
-258.26
 40
1.448
 50
216.656
 51
233.633
  0
ARC
  8
APS_GEOMETRY
 10
9521.415
 20
-258.422
 40
1.176
 50
196.082
 51
216.656
  0
ARC
  8
APS_GEOMETRY
 10
9522.127
 20
-258.217
 40
1.917
 50
180.0
 51
196.082
  0
ARC
  8
APS_GEOMETRY
 10
9521.603
 20
-258.217
 40
1.394
 50
133.202
 51
180.0
  0
ARC
  8
APS_GEOMETRY
 10
9522.703
 20
-259.387
 40
3.0
 50
101.788
 51
133.202
  0
ARC
  8
APS_GEOMETRY
 10
9522.959
 20
-260.536
 40
4.176
 50
96.633
 51
102.011
  0
ARC
  8
APS_GEOMETRY
 10
9523.889
 20
-268.53
 40
12.225
 50
93.489
 51
96.633
  0
ARC
  8
APS_GEOMETRY
 10
9524.287
 20
-275.059
 40
18.766
 50
91.439
 51
93.489
  0
ARC
  8
APS_GEOMETRY
 10
9524.771
 20
-294.357
 40
38.069
 50
90.0
 51
91.439
  0
ARC
  8
APS_GEOMETRY
 10
9524.771
 20
-291.769
 40
35.482
 50
87.994
 51
90.0
  0
ARC
  8
APS_GEOMETRY
 10
9525.417
 20
-273.349
 40
17.05
 50
85.101
 51
87.994
  0
ARC
  8
APS_GEOMETRY
 10
9525.94
 20
-267.241
 40
10.92
 50
80.595
 51
85.101
  0
ARC
  8
APS_GEOMETRY
 10
9527.134
 20
-260.034
 40
3.615
 50
72.759
 51
80.595
  0
ARC
  8
APS_GEOMETRY
 10
9527.496
 20
-258.914
 40
2.438
 50
40.956
 51
73.072
  0
ARC
  8
APS_GEOMETRY
 10
9528.186
 20
-258.315
 40
1.524
 50
360.0
 51
40.956
  0
ARC
  8
APS_GEOMETRY
 10
9528.277
 20
-258.315
 40
1.432
 50
322.573
 51
360.0
  0
ARC
  8
APS_GEOMETRY
 10
9527.525
 20
-257.739
 40
2.38
 50
293.749
 51
322.573
  0
ARC
  8
APS_GEOMETRY
 10
9530.547
 20
-264.679
 40
5.19
 50
113.429
 51
119.291
  0
ARC
  8
APS_GEOMETRY
 10
9528.527
 20
-261.079
 40
1.062
 50
119.291
 51
132.274
  0
ARC
  8
APS_GEOMETRY
 10
9528.411
 20
-260.951
 40
0.889
 50
132.274
 51
147.653
  0
ARC
  8
APS_GEOMETRY
 10
9529.252
 20
-261.484
 40
1.884
 50
147.653
 51
158.199
  0
ARC
  8
APS_GEOMETRY
 10
9530.532
 20
-262.023
 40
3.273
 50
157.751
 51
167.885
  0
ARC
  8
APS_GEOMETRY
 10
9537.342
 20
-263.485
 40
10.238
 50
167.885
 51
173.61
  0
ARC
  8
APS_GEOMETRY
 10
9543.365
 20
-264.16
 40
16.299
 50
173.61
 51
177.221
  0
ARC
  8
APS_GEOMETRY
 10
9561.943
 20
-265.062
 40
34.899
 50
177.221
 51
179.689
  0
LINE
  8
APS_GEOMETRY
 10
9527.044
 11
9527.044
 20
-264.872
 21
-270.203
  0
ARC
  8
APS_GEOMETRY
 10
9744.727
 20
-270.203
 40
217.683
 50
180.0
 51
180.161
  0
ARC
  8
APS_GEOMETRY
 10
9933.637
 20
-269.671
 40
406.593
 50
180.161
 51
180.279
  0
LINE
  8
APS_GEOMETRY
 10
9527.048
 11
9527.054
 20
-271.654
 21
-272.548
  0
LINE
  8
APS_GEOMETRY
 10
9527.054
 11
9527.061
 20
-272.548
 21
-273.555
  0
ARC
  8
APS_GEOMETRY
 10
9488.219
 20
-273.775
 40
38.843
 50
358.204
 51
0.326
  0
ARC
  8
APS_GEOMETRY
 10
9506.696
 20
-274.355
 40
20.356
 50
355.274
 51
358.204
  0
ARC
  8
APS_GEOMETRY
 10
9513.127
 20
-274.886
 40
13.903
 50
350.991
 51
355.274
  0
ARC
  8
APS_GEOMETRY
 10
9521.317
 20
-276.185
 40
5.612
 50
344.249
 51
350.991
  0
ARC
  8
APS_GEOMETRY
 10
9524.084
 20
-276.975
 40
2.733
 50
314.415
 51
344.445
  0
ARC
  8
APS_GEOMETRY
 10
9525.099
 20
-278.01
 40
1.284
 50
270.0
 51
314.415
  0
ARC
  8
APS_GEOMETRY
 10
9525.099
 20
-277.214
 40
2.08
 50
256.342
 51
270.0
  0
ARC
  8
APS_GEOMETRY
 10
9524.95
 20
-277.824
 40
1.452
 50
239.982
 51
256.342
  0
ARC
  8
APS_GEOMETRY
 10
9525.598
 20
-276.704
 40
2.746
 50
231.153
 51
239.982
  0
ARC
  8
APS_GEOMETRY
 10
9536.472
 20
-263.202
 40
20.083
 50
227.891
 51
231.153
  0
LINE
  8
APS_GEOMETRY
 10
9523.005
 11
9513.309
 20
-278.101
 21
-269.418
  0
ARC
  8
APS_GEOMETRY
 10
9509.573
 20
-273.554
 40
5.573
 50
47.911
 51
61.468
  0
ARC
  8
APS_GEOMETRY
 10
9511.625
 20
-269.781
 40
1.278
 50
61.468
 51
90.0
  0
ARC
  8
APS_GEOMETRY
 10
9511.625
 20
-269.062
 40
0.56
 50
90.0
 51
133.195
  0
ARC
  8
APS_GEOMETRY
 10
9512.177
 20
-269.65
 40
1.367
 50
133.195
 51
160.454
  0
ARC
  8
APS_GEOMETRY
 10
9513.949
 20
-270.279
 40
3.247
 50
160.454
 51
173.251
  0
ARC
  8
APS_GEOMETRY
 10
9522.282
 20
-271.266
 40
11.639
 50
173.251
 51
180.0
  0
ARC
  8
APS_GEOMETRY
 10
9544.953
 20
-271.266
 40
34.309
 50
180.0
 51
181.897
  0
ARC
  8
APS_GEOMETRY
 10
9526.781
 20
-271.867
 40
16.128
 50
181.897
 51
184.664
  0
ARC
  8
APS_GEOMETRY
 10
9520.825
 20
-272.353
 40
10.152
 50
184.664
 51
189.048
  0
ARC
  8
APS_GEOMETRY
 10
9513.925
 20
-273.452
 40
3.165
 50
189.048
 51
196.905
  0
ARC
  8
APS_GEOMETRY
 10
9512.83
 20
-273.785
 40
2.02
 50
196.905
 51
220.253
  0
ARC
  8
APS_GEOMETRY
 10
9512.852
 20
-273.766
 40
2.049
 50
220.253
 51
243.435
  0
ARC
  8
APS_GEOMETRY
 10
9510.853
 20
-277.797
 40
2.45
 50
37.921
 51
63.778
  0
ARC
  8
APS_GEOMETRY
 10
9511.869
 20
-277.005
 40
1.162
 50
360.0
 51
37.921
  0
ARC
  8
APS_GEOMETRY
 10
9511.417
 20
-277.005
 40
1.614
 50
324.268
 51
360.0
  0
ARC
  8
APS_GEOMETRY
 10
9510.813
 20
-276.571
 40
2.357
 50
294.86
 51
324.268
  0
ARC
  8
APS_GEOMETRY
 10
9509.815
 20
-274.416
 40
4.732
 50
278.78
 51
294.86
  0
ARC
  8
APS_GEOMETRY
 10
9508.125
 20
-263.476
 40
15.802
 50
270.0
 51
278.78
  0
ARC
  8
APS_GEOMETRY
 10
9508.125
 20
-266.311
 40
12.966
 50
260.383
 51
270.0
  0
ARC
  8
APS_GEOMETRY
 10
9506.759
 20
-274.376
 40
4.787
 50
244.522
 51
260.383
  0
ARC
  8
APS_GEOMETRY
 10
9505.769
 20
-276.453
 40
2.486
 50
216.549
 51
244.522
  0
ARC
  8
APS_GEOMETRY
 10
9504.958
 20
-277.054
 40
1.477
 50
180.0
 51
216.549
  0
ARC
  8
APS_GEOMETRY
 10
9505.485
 20
-277.054
 40
2.003
 50
164.65
 51
180.0
  0
ARC
  8
APS_GEOMETRY
 10
9504.342
 20
-276.74
 40
0.818
 50
140.528
 51
164.65
  0
ARC
  8
APS_GEOMETRY
 10
9504.805
 20
-277.121
 40
1.417
 50
126.135
 51
140.528
  0
ARC
  8
APS_GEOMETRY
 10
9509.632
 20
-283.732
 40
9.603
 50
120.619
 51
126.135
  0
ARC
  8
APS_GEOMETRY
 10
9503.909
 20
-274.072
 40
1.625
 50
300.784
 51
330.068
  0
ARC
  8
APS_GEOMETRY
 10
9502.826
 20
-273.448
 40
2.875
 50
330.068
 51
351.983
  0
ARC
  8
APS_GEOMETRY
 10
9484.645
 20
-271.078
 40
21.21
 50
352.493
 51
355.365
  0
ARC
  8
APS_GEOMETRY
 10
9462.713
 20
-269.3
 40
43.213
 50
355.365
 51
357.376
  0
ARC
  8
APS_GEOMETRY
 10
9447.357
 20
-268.596
 40
58.586
 50
357.376
 51
358.861
  0
ARC
  8
APS_GEOMETRY
 10
9406.444
 20
-267.783
 40
99.507
 50
358.861
 51
0.0
  0
ARC
  8
APS_GEOMETRY
 10
9443.238
 20
-267.783
 40
62.712
 50
360.0
 51
1.926
  0
ARC
  8
APS_GEOMETRY
 10
9472.432
 20
-266.801
 40
33.503
 50
1.926
 51
4.562
  0
ARC
  8
APS_GEOMETRY
 10
9482.725
 20
-265.979
 40
23.176
 50
4.562
 51
8.366
  0
ARC
  8
APS_GEOMETRY
 10
9496.113
 20
-264.011
 40
9.644
 50
8.366
 51
14.265
  0
ARC
  8
APS_GEOMETRY
 10
9501.176
 20
-262.73
 40
4.422
 50
14.349
 51
23.629
  0
ARC
  8
APS_GEOMETRY
 10
9503.743
 20
-261.607
 40
1.62
 50
23.629
 51
38.991
  0
ARC
  8
APS_GEOMETRY
 10
9503.753
 20
-261.599
 40
1.608
 50
38.991
 51
54.462
  0
ARC
  8
APS_GEOMETRY
 10
9502.251
 20
-263.702
 40
4.192
 50
54.462
 51
64.026
  0
ARC
  8
APS_GEOMETRY
 10
9506.49
 20
-255.019
 40
5.471
 50
235.472
 51
243.947
  0
ARC
  8
APS_GEOMETRY
 10
9504.3
 20
-258.201
 40
1.608
 50
219.806
 51
235.472
  0
ARC
  8
APS_GEOMETRY
 10
9503.968
 20
-258.477
 40
1.176
 50
198.939
 51
219.806
  0
ARC
  8
APS_GEOMETRY
 10
9504.204
 20
-258.397
 40
1.425
 50
180.0
 51
198.939
  0
ARC
  8
APS_GEOMETRY
 10
9504.134
 20
-258.397
 40
1.356
 50
126.254
 51
180.0
  0
ARC
  8
APS_GEOMETRY
 10
9506.204
 20
-261.219
 40
4.856
 50
98.616
 51
126.254
  0
ARC
  8
APS_GEOMETRY
 10
9506.495
 20
-263.551
 40
7.205
 50
94.456
 51
98.13
  0
ARC
  8
APS_GEOMETRY
 10
9507.619
 20
-277.977
 40
21.675
 50
92.337
 51
94.456
  0
ARC
  8
APS_GEOMETRY
 10
9508.099
 20
-289.716
 40
33.424
 50
90.963
 51
92.337
  0
ARC
  8
APS_GEOMETRY
 10
9508.681
 20
-324.39
 40
68.103
 50
90.0
 51
90.963
  0
ARC
  8
APS_GEOMETRY
 10
9508.681
 20
-268.698
 40
12.411
 50
83.928
 51
90.0
  0
ARC
  8
APS_GEOMETRY
 10
9509.699
 20
-259.13
 40
2.788
 50
71.095
 51
83.928
  0
ARC
  8
APS_GEOMETRY
 10
9509.792
 20
-258.858
 40
2.501
 50
56.848
 51
71.095
  0
ARC
  8
APS_GEOMETRY
 10
9507.041
 20
-263.07
 40
7.532
 50
48.652
 51
56.848
  0
ARC
  8
APS_GEOMETRY
 10
9541.421
 20
-276.591
 40
20.304
 50
84.71
 51
90.0
  0
ARC
  8
APS_GEOMETRY
 10
9541.793
 20
-272.571
 40
16.267
 50
78.799
 51
84.71
  0
ARC
  8
APS_GEOMETRY
 10
9544.201
 20
-260.4
 40
3.859
 50
49.783
 51
78.771
  0
ARC
  8
APS_GEOMETRY
 10
9545.812
 20
-258.495
 40
1.365
 50
360.0
 51
49.783
  0
ARC
  8
APS_GEOMETRY
 10
9545.667
 20
-258.495
 40
1.51
 50
342.759
 51
360.0
  0
ARC
  8
APS_GEOMETRY
 10
9546.454
 20
-258.739
 40
0.685
 50
317.045
 51
342.759
  0
ARC
  8
APS_GEOMETRY
 10
9546.074
 20
-258.385
 40
1.205
 50
301.817
 51
317.045
  0
ARC
  8
APS_GEOMETRY
 10
9540.446
 20
-249.314
 40
11.88
 50
296.98
 51
301.817
  0
ARC
  8
APS_GEOMETRY
 10
9546.447
 20
-261.123
 40
1.366
 50
116.565
 51
149.078
  0
ARC
  8
APS_GEOMETRY
 10
9548.206
 20
-262.177
 40
3.417
 50
149.078
 51
169.469
  0
ARC
  8
APS_GEOMETRY
 10
9551.959
 20
-262.875
 40
7.234
 50
169.469
 51
174.598
  0
ARC
  8
APS_GEOMETRY
 10
9571.291
 20
-264.703
 40
26.652
 50
174.598
 51
177.269
  0
ARC
  8
APS_GEOMETRY
 10
9588.289
 20
-265.514
 40
43.67
 50
177.269
 51
178.901
  0
ARC
  8
APS_GEOMETRY
 10
9640.943
 20
-266.524
 40
96.333
 50
178.901
 51
180.0
  0
ARC
  8
APS_GEOMETRY
 10
9747.938
 20
-266.524
 40
203.328
 50
180.0
 51
180.88
  0
ARC
  8
APS_GEOMETRY
 10
9622.678
 20
-268.447
 40
78.054
 50
180.88
 51
182.3
  0
ARC
  8
APS_GEOMETRY
 10
9586.065
 20
-269.918
 40
41.411
 50
182.3
 51
184.974
  0
ARC
  8
APS_GEOMETRY
 10
9551.155
 20
-272.956
 40
6.369
 50
184.974
 51
191.793
  0
ARC
  8
APS_GEOMETRY
 10
9547.1
 20
-273.732
 40
2.242
 50
193.57
 51
205.787
  0
ARC
  8
APS_GEOMETRY
 10
9546.091
 20
-274.219
 40
1.122
 50
205.787
 51
223.091
  0
ARC
  8
APS_GEOMETRY
 10
9546.347
 20
-273.98
 40
1.472
 50
223.091
 51
236.441
  0
ARC
  8
APS_GEOMETRY
 10
9548.488
 20
-270.751
 40
5.346
 50
236.441
 51
243.435
  0
ARC
  8
APS_GEOMETRY
 10
9545.21
 20
-277.487
 40
2.146
 50
37.185
 51
65.556
  0
ARC
  8
APS_GEOMETRY
 10
9545.909
 20
-276.956
 40
1.268
 50
0.0
 51
37.185
  0
ARC
  8
APS_GEOMETRY
 10
9545.871
 20
-276.956
 40
1.306
 50
312.039
 51
360.0
  0
ARC
  8
APS_GEOMETRY
 10
9544.315
 20
-275.231
 40
3.629
 50
283.815
 51
312.039
  0
ARC
  8
APS_GEOMETRY
 10
9541.745
 20
-264.578
 40
14.587
 50
279.273
 51
283.627
  0
ARC
  8
APS_GEOMETRY
 10
9540.718
 20
-258.285
 40
20.963
 50
275.641
 51
279.273
  0
ARC
  8
APS_GEOMETRY
 10
9540.325
 20
-254.308
 40
24.959
 50
272.588
 51
275.641
  0
ARC
  8
APS_GEOMETRY
 10
9539.884
 20
-244.55
 40
34.728
 50
270.0
 51
272.588
  0
ARC
  8
APS_GEOMETRY
 10
9539.884
 20
-258.331
 40
20.947
 50
262.774
 51
270.0
  0
ARC
  8
APS_GEOMETRY
 10
9537.995
 20
-273.225
 40
5.934
 50
249.175
 51
262.774
  0
ARC
  8
APS_GEOMETRY
 10
9536.809
 20
-276.344
 40
2.597
 50
221.23
 51
249.175
  0
ARC
  8
APS_GEOMETRY
 10
9535.775
 20
-277.25
 40
1.221
 50
180.0
 51
221.23
  0
ARC
  8
APS_GEOMETRY
 10
9535.574
 20
-277.25
 40
1.021
 50
142.696
 51
180.0
  0
ARC
  8
APS_GEOMETRY
 10
9537.184
 20
-278.477
 40
3.046
 50
121.357
 51
142.696
  0
ARC
  8
APS_GEOMETRY
 10
9534.463
 20
-274.02
 40
2.177
 50
301.477
 51
324.728
  0
ARC
  8
APS_GEOMETRY
 10
9534.753
 20
-274.225
 40
1.822
 50
324.728
 51
350.181
  0
ARC
  8
APS_GEOMETRY
 10
9525.633
 20
-272.717
 40
11.066
 50
350.538
 51
355.423
  0
ARC
  8
APS_GEOMETRY
 10
9488.157
 20
-269.716
 40
48.662
 50
355.423
 51
357.752
  0
ARC
  8
APS_GEOMETRY
 10
9453.36
 20
-268.35
 40
83.485
 50
357.752
 51
359.111
  0
ARC
  8
APS_GEOMETRY
 10
9341.987
 20
-266.622
 40
194.872
 50
359.111
 51
0.0
  0
ARC
  8
APS_GEOMETRY
 10
9469.247
 20
-266.622
 40
67.612
 50
0.0
 51
1.773
  0
ARC
  8
APS_GEOMETRY
 10
9508.927
 20
-265.393
 40
27.913
 50
1.773
 51
4.532
  0
ARC
  8
APS_GEOMETRY
 10
9520.987
 20
-264.437
 40
15.814
 50
4.532
 51
9.384
  0
ARC
  8
APS_GEOMETRY
 10
9533.234
 20
-262.414
 40
3.402
 50
9.384
 51
19.855
  0
ARC
  8
APS_GEOMETRY
 10
9534.855
 20
-261.797
 40
1.668
 50
18.853
 51
42.158
  0
ARC
  8
APS_GEOMETRY
 10
9533.466
 20
-263.055
 40
3.542
 50
42.158
 51
58.092
  0
ARC
  8
APS_GEOMETRY
 10
9539.58
 20
-253.606
 40
7.713
 50
230.711
 51
236.634
  0
ARC
  8
APS_GEOMETRY
 10
9535.739
 20
-258.301
 40
1.648
 50
217.875
 51
230.711
  0
ARC
  8
APS_GEOMETRY
 10
9535.213
 20
-258.71
 40
0.981
 50
196.928
 51
217.875
  0
ARC
  8
APS_GEOMETRY
 10
9535.706
 20
-258.56
 40
1.496
 50
180.0
 51
196.928
  0
ARC
  8
APS_GEOMETRY
 10
9535.383
 20
-258.56
 40
1.174
 50
148.791
 51
180.0
  0
ARC
  8
APS_GEOMETRY
 10
9535.691
 20
-258.747
 40
1.533
 50
121.569
 51
148.791
  0
ARC
  8
APS_GEOMETRY
 10
9536.244
 20
-259.646
 40
2.589
 50
112.806
 51
121.569
  0
ARC
  8
APS_GEOMETRY
 10
9537.737
 20
-263.198
 40
6.443
 50
107.254
 51
112.806
  0
ARC
  8
APS_GEOMETRY
 10
9538.652
 20
-266.144
 40
9.527
 50
103.487
 51
107.254
  0
ARC
  8
APS_GEOMETRY
 10
9540.747
 20
-274.88
 40
18.511
 50
100.784
 51
103.487
  0
ARC
  8
APS_GEOMETRY
 10
9541.404
 20
-277.296
 40
21.008
 50
95.643
 51
101.31
  0
ARC
  8
APS_GEOMETRY
 10
9541.421
 20
-277.468
 40
21.181
 50
90.0
 51
95.643
  0
ARC
  8
APS_GEOMETRY
 10
9561.756
 20
-266.805
 40
10.632
 50
77.257
 51
90.0
  0
ARC
  8
APS_GEOMETRY
 10
9561.648
 20
-267.282
 40
11.122
 50
64.799
 51
77.257
  0
ARC
  8
APS_GEOMETRY
 10
9570.807
 20
-247.783
 40
10.421
 50
244.885
 51
251.175
  0
ARC
  8
APS_GEOMETRY
 10
9567.822
 20
-256.537
 40
1.173
 50
251.175
 51
270.0
  0
ARC
  8
APS_GEOMETRY
 10
9567.822
 20
-255.807
 40
1.903
 50
270.0
 51
278.82
  0
ARC
  8
APS_GEOMETRY
 10
9566.593
 20
-247.883
 40
9.922
 50
278.82
 51
282.68
  0
ARC
  8
APS_GEOMETRY
 10
9569.166
 20
-259.273
 40
1.755
 50
95.906
 51
102.995
  0
ARC
  8
APS_GEOMETRY
 10
9569.245
 20
-260.041
 40
2.528
 50
90.0
 51
95.906
  0
ARC
  8
APS_GEOMETRY
 10
9569.245
 20
-259.191
 40
1.678
 50
62.447
 51
90.0
  0
ARC
  8
APS_GEOMETRY
 10
9568.947
 20
-259.763
 40
2.323
 50
39.094
 51
62.447
  0
ARC
  8
APS_GEOMETRY
 10
9565.83
 20
-262.37
 40
6.386
 50
18.435
 51
39.611
  0
ARC
  8
APS_GEOMETRY
 10
9563.916
 20
-263.008
 40
8.403
 50
360.0
 51
18.435
  0
ARC
  8
APS_GEOMETRY
 10
9568.152
 20
-263.008
 40
4.167
 50
334.877
 51
360.0
  0
ARC
  8
APS_GEOMETRY
 10
9569.406
 20
-263.596
 40
2.783
 50
304.007
 51
334.877
  0
ARC
  8
APS_GEOMETRY
 10
9569.385
 20
-263.537
 40
2.843
 50
286.39
 51
303.69
  0
ARC
  8
APS_GEOMETRY
 10
9569.294
 20
-263.228
 40
3.165
 50
270.0
 51
286.39
  0
ARC
  8
APS_GEOMETRY
 10
9569.294
 20
-263.264
 40
3.128
 50
255.155
 51
270.0
  0
ARC
  8
APS_GEOMETRY
 10
9568.951
 20
-264.557
 40
1.791
 50
235.491
 51
255.155
  0
ARC
  8
APS_GEOMETRY
 10
9569.123
 20
-264.307
 40
2.094
 50
218.48
 51
235.491
  0
ARC
  8
APS_GEOMETRY
 10
9571.934
 20
-262.073
 40
5.684
 50
208.179
 51
218.48
  0
ARC
  8
APS_GEOMETRY
 10
9543.122
 20
-277.713
 40
27.099
 50
28.56
 51
31.664
  0
ARC
  8
APS_GEOMETRY
 10
9560.728
 20
-266.854
 40
6.414
 50
31.664
 51
38.047
  0
ARC
  8
APS_GEOMETRY
 10
9562.008
 20
-265.853
 40
4.788
 50
38.047
 51
46.56
  0
ARC
  8
APS_GEOMETRY
 10
9561.342
 20
-266.555
 40
5.756
 50
46.56
 51
54.324
  0
ARC
  8
APS_GEOMETRY
 10
9560.958
 20
-267.216
 40
6.517
 50
54.968
 51
71.48
  0
ARC
  8
APS_GEOMETRY
 10
9561.38
 20
-265.958
 40
5.19
 50
71.48
 51
90.0
  0
ARC
  8
APS_GEOMETRY
 10
9561.38
 20
-264.393
 40
3.625
 50
90.0
 51
114.63
  0
ARC
  8
APS_GEOMETRY
 10
9561.198
 20
-263.996
 40
3.188
 50
114.63
 51
140.921
  0
ARC
  8
APS_GEOMETRY
 10
9561.736
 20
-264.433
 40
3.881
 50
140.921
 51
163.13
  0
ARC
  8
APS_GEOMETRY
 10
9564.424
 20
-265.248
 40
6.691
 50
163.13
 51
180.0
  0
ARC
  8
APS_GEOMETRY
 10
9567.911
 20
-265.248
 40
10.178
 50
180.0
 51
195.44
  0
ARC
  8
APS_GEOMETRY
 10
9567.382
 20
-265.394
 40
9.629
 50
195.44
 51
211.316
  0
ARC
  8
APS_GEOMETRY
 10
9564.837
 20
-266.889
 40
6.678
 50
211.708
 51
240.457
  0
ARC
  8
APS_GEOMETRY
 10
9564.666
 20
-267.19
 40
6.332
 50
240.457
 51
270.0
  0
ARC
  8
APS_GEOMETRY
 10
9564.666
 20
-265.647
 40
7.875
 50
270.0
 51
279.549
  0
ARC
  8
APS_GEOMETRY
 10
9564.569
 20
-265.065
 40
8.466
 50
279.549
 51
288.759
  0
ARC
  8
APS_GEOMETRY
 10
9564.981
 20
-266.28
 40
7.182
 50
288.759
 51
299.545
  0
ARC
  8
APS_GEOMETRY
 10
9566.636
 20
-269.199
 40
3.826
 50
299.545
 51
314.341
  0
ARC
  8
APS_GEOMETRY
 10
9571.754
 20
-274.515
 40
3.553
 50
120.141
 51
133.452
  0
ARC
  8
APS_GEOMETRY
 10
9570.324
 20
-272.053
 40
0.706
 50
90.0
 51
120.141
  0
ARC
  8
APS_GEOMETRY
 10
9570.324
 20
-272.462
 40
1.115
 50
61.952
 51
90.0
  0
ARC
  8
APS_GEOMETRY
 10
9570.158
 20
-272.774
 40
1.468
 50
37.569
 51
61.952
  0
ARC
  8
APS_GEOMETRY
 10
9569.849
 20
-273.012
 40
1.859
 50
17.665
 51
37.569
  0
ARC
  8
APS_GEOMETRY
 10
9569.376
 20
-273.162
 40
2.354
 50
360.0
 51
17.665
  0
ARC
  8
APS_GEOMETRY
 10
9568.19
 20
-273.162
 40
3.54
 50
344.932
 51
0.0
  0
ARC
  8
APS_GEOMETRY
 10
9565.041
 20
-272.315
 40
6.801
 50
334.075
 51
344.932
  0
ARC
  8
APS_GEOMETRY
 10
9564.942
 20
-272.266
 40
6.912
 50
323.374
 51
334.075
  0
ARC
  8
APS_GEOMETRY
 10
9566.974
 20
-273.777
 40
4.38
 50
309.92
 51
323.374
  0
ARC
  8
APS_GEOMETRY
 10
9569.004
 20
-276.172
 40
1.24
 50
289.026
 51
308.991
  0
ARC
  8
APS_GEOMETRY
 10
9566.838
 20
-269.889
 40
7.886
 50
281.143
 51
289.026
  0
ARC
  8
APS_GEOMETRY
 10
9569.035
 20
-281.28
 40
3.715
 50
100.437
 51
110.12
  0
ARC
  8
APS_GEOMETRY
 10
9571.946
 20
-289.225
 40
12.177
 50
110.12
 51
115.463
  0
ARC
  8
APS_GEOMETRY
 10
9561.555
 20
-267.485
 40
11.919
 50
282.94
 51
295.628
  0
ARC
  8
APS_GEOMETRY
 10
9561.658
 20
-267.932
 40
11.46
 50
270.0
 51
282.94
  0
ARC
  8
APS_GEOMETRY
 10
9561.658
 20
-267.255
 40
12.137
 50
257.307
 51
270.0
  0
ARC
  8
APS_GEOMETRY
 10
9562.17
 20
-264.98
 40
14.469
 50
245.686
 51
257.307
  0
ARC
  8
APS_GEOMETRY
 10
9560.885
 20
-267.801
 40
11.37
 50
228.801
 51
245.735
  0
ARC
  8
APS_GEOMETRY
 10
9560.907
 20
-267.776
 40
11.402
 50
211.891
 51
228.801
  0
ARC
  8
APS_GEOMETRY
 10
9561.58
 20
-267.291
 40
12.231
 50
196.728
 51
212.152
  0
ARC
  8
APS_GEOMETRY
 10
9559.836
 20
-267.815
 40
10.41
 50
180.0
 51
196.728
  0
ARC
  8
APS_GEOMETRY
 10
9560.09
 20
-267.815
 40
10.663
 50
161.184
 51
180.0
  0
ARC
  8
APS_GEOMETRY
 10
9560.774
 20
-268.048
 40
11.386
 50
142.98
 51
161.184
  0
ARC
  8
APS_GEOMETRY
 10
9561.306
 20
-268.456
 40
12.056
 50
127.824
 51
142.958
  0
ARC
  8
APS_GEOMETRY
 10
9562.183
 20
-269.585
 40
13.486
 50
113.52
 51
127.824
  0
ARC
  8
APS_GEOMETRY
 10
9561.898
 20
-268.926
 40
12.768
 50
101.927
 51
113.527
  0
ARC
  8
APS_GEOMETRY
 10
9561.756
 20
-268.253
 40
12.08
 50
90.0
 51
101.927
  0
ARC
  8
APS_GEOMETRY
 10
9584.03
 20
-276.591
 40
20.304
 50
84.71
 51
90.0
  0
ARC
  8
APS_GEOMETRY
 10
9584.402
 20
-272.571
 40
16.267
 50
78.799
 51
84.71
  0
ARC
  8
APS_GEOMETRY
 10
9586.811
 20
-260.4
 40
3.859
 50
49.783
 51
78.771
  0
ARC
  8
APS_GEOMETRY
 10
9588.421
 20
-258.495
 40
1.365
 50
360.0
 51
49.783
  0
ARC
  8
APS_GEOMETRY
 10
9588.276
 20
-258.495
 40
1.51
 50
342.759
 51
360.0
  0
ARC
  8
APS_GEOMETRY
 10
9589.064
 20
-258.739
 40
0.685
 50
317.045
 51
342.759
  0
ARC
  8
APS_GEOMETRY
 10
9588.683
 20
-258.385
 40
1.205
 50
301.817
 51
317.045
  0
ARC
  8
APS_GEOMETRY
 10
9583.055
 20
-249.314
 40
11.88
 50
296.98
 51
301.817
  0
ARC
  8
APS_GEOMETRY
 10
9589.056
 20
-261.123
 40
1.366
 50
116.565
 51
149.078
  0
ARC
  8
APS_GEOMETRY
 10
9590.816
 20
-262.177
 40
3.417
 50
149.078
 51
169.469
  0
ARC
  8
APS_GEOMETRY
 10
9594.568
 20
-262.875
 40
7.234
 50
169.469
 51
174.598
  0
ARC
  8
APS_GEOMETRY
 10
9613.9
 20
-264.703
 40
26.652
 50
174.598
 51
177.269
  0
ARC
  8
APS_GEOMETRY
 10
9630.899
 20
-265.514
 40
43.67
 50
177.269
 51
178.901
  0
ARC
  8
APS_GEOMETRY
 10
9683.552
 20
-266.524
 40
96.333
 50
178.901
 51
180.0
  0
ARC
  8
APS_GEOMETRY
 10
9790.547
 20
-266.524
 40
203.328
 50
180.0
 51
180.88
  0
ARC
  8
APS_GEOMETRY
 10
9665.287
 20
-268.447
 40
78.054
 50
180.88
 51
182.3
  0
ARC
  8
APS_GEOMETRY
 10
9628.674
 20
-269.918
 40
41.411
 50
182.3
 51
184.974
  0
ARC
  8
APS_GEOMETRY
 10
9593.764
 20
-272.956
 40
6.369
 50
184.974
 51
191.793
  0
ARC
  8
APS_GEOMETRY
 10
9589.709
 20
-273.732
 40
2.242
 50
193.57
 51
205.787
  0
ARC
  8
APS_GEOMETRY
 10
9588.7
 20
-274.219
 40
1.122
 50
205.787
 51
223.091
  0
ARC
  8
APS_GEOMETRY
 10
9588.956
 20
-273.98
 40
1.472
 50
223.091
 51
236.441
  0
ARC
  8
APS_GEOMETRY
 10
9591.098
 20
-270.751
 40
5.346
 50
236.441
 51
243.435
  0
ARC
  8
APS_GEOMETRY
 10
9587.819
 20
-277.487
 40
2.146
 50
37.185
 51
65.556
  0
ARC
  8
APS_GEOMETRY
 10
9588.518
 20
-276.956
 40
1.268
 50
0.0
 51
37.185
  0
ARC
  8
APS_GEOMETRY
 10
9588.48
 20
-276.956
 40
1.306
 50
312.039
 51
360.0
  0
ARC
  8
APS_GEOMETRY
 10
9586.925
 20
-275.231
 40
3.629
 50
283.815
 51
312.039
  0
ARC
  8
APS_GEOMETRY
 10
9584.354
 20
-264.578
 40
14.587
 50
279.273
 51
283.627
  0
ARC
  8
APS_GEOMETRY
 10
9583.327
 20
-258.285
 40
20.963
 50
275.641
 51
279.273
  0
ARC
  8
APS_GEOMETRY
 10
9582.934
 20
-254.308
 40
24.959
 50
272.588
 51
275.641
  0
ARC
  8
APS_GEOMETRY
 10
9582.493
 20
-244.55
 40
34.728
 50
270.0
 51
272.588
  0
ARC
  8
APS_GEOMETRY
 10
9582.493
 20
-258.331
 40
20.947
 50
262.774
 51
270.0
  0
ARC
  8
APS_GEOMETRY
 10
9580.605
 20
-273.225
 40
5.934
 50
249.175
 51
262.774
  0
ARC
  8
APS_GEOMETRY
 10
9579.418
 20
-276.344
 40
2.597
 50
221.23
 51
249.175
  0
ARC
  8
APS_GEOMETRY
 10
9578.384
 20
-277.25
 40
1.221
 50
180.0
 51
221.23
  0
ARC
  8
APS_GEOMETRY
 10
9578.183
 20
-277.25
 40
1.021
 50
142.696
 51
180.0
  0
ARC
  8
APS_GEOMETRY
 10
9579.794
 20
-278.477
 40
3.046
 50
121.357
 51
142.696
  0
ARC
  8
APS_GEOMETRY
 10
9577.072
 20
-274.02
 40
2.177
 50
301.477
 51
324.728
  0
ARC
  8
APS_GEOMETRY
 10
9577.362
 20
-274.225
 40
1.822
 50
324.728
 51
350.181
  0
ARC
  8
APS_GEOMETRY
 10
9568.242
 20
-272.717
 40
11.066
 50
350.538
 51
355.423
  0
ARC
  8
APS_GEOMETRY
 10
9530.766
 20
-269.716
 40
48.662
 50
355.423
 51
357.752
  0
ARC
  8
APS_GEOMETRY
 10
9495.969
 20
-268.35
 40
83.485
 50
357.752
 51
359.111
  0
ARC
  8
APS_GEOMETRY
 10
9384.596
 20
-266.622
 40
194.872
 50
359.111
 51
0.0
  0
ARC
  8
APS_GEOMETRY
 10
9511.856
 20
-266.622
 40
67.612
 50
0.0
 51
1.773
  0
ARC
  8
APS_GEOMETRY
 10
9551.536
 20
-265.393
 40
27.913
 50
1.773
 51
4.532
  0
ARC
  8
APS_GEOMETRY
 10
9563.597
 20
-264.437
 40
15.814
 50
4.532
 51
9.384
  0
ARC
  8
APS_GEOMETRY
 10
9575.843
 20
-262.414
 40
3.402
 50
9.384
 51
19.855
  0
ARC
  8
APS_GEOMETRY
 10
9577.464
 20
-261.797
 40
1.668
 50
18.853
 51
42.158
  0
ARC
  8
APS_GEOMETRY
 10
9576.075
 20
-263.055
 40
3.542
 50
42.158
 51
58.092
  0
ARC
  8
APS_GEOMETRY
 10
9582.189
 20
-253.606
 40
7.713
 50
230.711
 51
236.634
  0
ARC
  8
APS_GEOMETRY
 10
9578.349
 20
-258.301
 40
1.648
 50
217.875
 51
230.711
  0
ARC
  8
APS_GEOMETRY
 10
9577.822
 20
-258.71
 40
0.981
 50
196.928
 51
217.875
  0
ARC
  8
APS_GEOMETRY
 10
9578.315
 20
-258.56
 40
1.496
 50
180.0
 51
196.928
  0
ARC
  8
APS_GEOMETRY
 10
9577.993
 20
-258.56
 40
1.174
 50
148.791
 51
180.0
  0
ARC
  8
APS_GEOMETRY
 10
9578.301
 20
-258.747
 40
1.533
 50
121.569
 51
148.791
  0
ARC
  8
APS_GEOMETRY
 10
9578.853
 20
-259.646
 40
2.589
 50
112.806
 51
121.569
  0
ARC
  8
APS_GEOMETRY
 10
9580.347
 20
-263.198
 40
6.443
 50
107.254
 51
112.806
  0
ARC
  8
APS_GEOMETRY
 10
9581.262
 20
-266.144
 40
9.527
 50
103.487
 51
107.254
  0
ARC
  8
APS_GEOMETRY
 10
9583.357
 20
-274.88
 40
18.511
 50
100.784
 51
103.487
  0
ARC
  8
APS_GEOMETRY
 10
9584.013
 20
-277.296
 40
21.008
 50
95.643
 51
101.31
  0
ARC
  8
APS_GEOMETRY
 10
9584.03
 20
-277.468
 40
21.181
 50
90.0
 51
95.643
  0
LINE
  8
APS_GEOMETRY
 10
9618.604
 11
9618.604
 20
-271.249
 21
-262.648
  0
ARC
  8
APS_GEOMETRY
 10
9598.744
 20
-262.648
 40
19.861
 50
0.0
 51
2.404
  0
ARC
  8
APS_GEOMETRY
 10
9610.502
 20
-262.155
 40
8.092
 50
2.404
 51
6.17
  0
ARC
  8
APS_GEOMETRY
 10
9614.027
 20
-261.773
 40
4.547
 50
6.17
 51
12.824
  0
ARC
  8
APS_GEOMETRY
 10
9617.477
 20
-260.988
 40
1.009
 50
12.824
 51
26.98
  0
ARC
  8
APS_GEOMETRY
 10
9617.638
 20
-260.906
 40
0.828
 50
26.98
 51
59.65
  0
ARC
  8
APS_GEOMETRY
 10
9616.119
 20
-263.5
 40
3.834
 50
59.65
 51
74.667
  0
ARC
  8
APS_GEOMETRY
 10
9617.87
 20
-257.251
 40
2.656
 50
225.0
 51
253.887
  0
ARC
  8
APS_GEOMETRY
 10
9616.79
 20
-258.331
 40
1.128
 50
180.0
 51
225.0
  0
ARC
  8
APS_GEOMETRY
 10
9616.997
 20
-258.331
 40
1.336
 50
151.157
 51
180.0
  0
ARC
  8
APS_GEOMETRY
 10
9616.994
 20
-258.33
 40
1.332
 50
122.276
 51
151.157
  0
ARC
  8
APS_GEOMETRY
 10
9617.376
 20
-258.934
 40
2.048
 50
102.308
 51
122.276
  0
ARC
  8
APS_GEOMETRY
 10
9618.081
 20
-262.166
 40
5.356
 50
90.0
 51
102.308
  0
ARC
  8
APS_GEOMETRY
 10
9618.081
 20
-268.394
 40
11.583
 50
88.989
 51
90.0
  0
ARC
  8
APS_GEOMETRY
 10
9617.107
 20
-323.566
 40
66.764
 50
88.568
 51
88.989
  0
ARC
  8
APS_GEOMETRY
 10
9615.732
 20
-378.568
 40
121.783
 50
88.337
 51
88.568
  0
ARC
  8
APS_GEOMETRY
 10
9610.403
 20
-562.126
 40
305.419
 50
88.191
 51
88.337
  0
LINE
  8
APS_GEOMETRY
 10
9620.043
 11
9621.008
 20
-256.86
 21
-256.86
  0
ARC
  8
APS_GEOMETRY
 10
9617.767
 20
281.115
 40
537.985
 50
270.345
 51
270.49
  0
ARC
  8
APS_GEOMETRY
 10
9620.787
 20
-72.19
 40
184.666
 50
270.49
 51
270.736
  0
ARC
  8
APS_GEOMETRY
 10
9622.026
 20
-168.626
 40
88.223
 50
270.736
 51
271.253
  0
ARC
  8
APS_GEOMETRY
 10
9623.789
 20
-249.234
 40
7.595
 50
271.253
 51
273.013
  0
ARC
  8
APS_GEOMETRY
 10
9623.716
 20
-247.84
 40
8.991
 50
273.013
 51
274.5
  0
ARC
  8
APS_GEOMETRY
 10
9615.388
 20
-142.014
 40
115.145
 50
274.5
 51
274.915
  0
LINE
  8
APS_GEOMETRY
 10
9625.253
 11
9626.235
 20
-256.735
 21
-256.649
  0
LINE
  8
APS_GEOMETRY
 10
9626.235
 11
9627.516
 20
-256.649
 21
-256.533
  0
ARC
  8
APS_GEOMETRY
 10
9629.622
 20
-276.894
 40
20.471
 50
93.24
 51
95.906
  0
ARC
  8
APS_GEOMETRY
 10
9629.249
 20
-270.303
 40
13.868
 50
90.0
 51
93.24
  0
ARC
  8
APS_GEOMETRY
 10
9629.249
 20
-268.211
 40
11.777
 50
77.12
 51
90.0
  0
ARC
  8
APS_GEOMETRY
 10
9629.87
 20
-265.498
 40
8.993
 50
62.371
 51
77.12
  0
ARC
  8
APS_GEOMETRY
 10
9630.92
 20
-263.528
 40
6.761
 50
31.215
 51
62.517
  0
ARC
  8
APS_GEOMETRY
 10
9630.889
 20
-263.547
 40
6.798
 50
360.0
 51
31.215
  0
ARC
  8
APS_GEOMETRY
 10
9630.706
 20
-263.547
 40
6.981
 50
334.496
 51
360.0
  0
ARC
  8
APS_GEOMETRY
 10
9631.049
 20
-263.711
 40
6.601
 50
308.254
 51
334.496
  0
ARC
  8
APS_GEOMETRY
 10
9629.999
 20
-262.328
 40
8.337
 50
287.855
 51
308.034
  0
ARC
  8
APS_GEOMETRY
 10
9629.298
 20
-260.152
 40
10.623
 50
270.0
 51
287.855
  0
ARC
  8
APS_GEOMETRY
 10
9629.298
 20
-254.677
 40
16.098
 50
266.918
 51
270.0
  0
ARC
  8
APS_GEOMETRY
 10
9630.276
 20
-236.528
 40
34.273
 50
264.806
 51
266.918
  0
ARC
  8
APS_GEOMETRY
 10
9623.739
 20
-317.583
 40
47.047
 50
85.815
 51
86.634
  0
ARC
  8
APS_GEOMETRY
 10
9626.339
 20
-273.393
 40
2.782
 50
86.634
 51
90.0
  0
ARC
  8
APS_GEOMETRY
 10
9626.339
 20
-271.022
 40
0.41
 50
90.0
 51
139.686
  0
ARC
  8
APS_GEOMETRY
 10
9626.491
 20
-271.151
 40
0.61
 50
139.686
 51
180.0
  0
LINE
  8
APS_GEOMETRY
 10
9625.881
 11
9625.881
 20
-271.151
 21
-271.249
  0
LINE
  8
APS_GEOMETRY
 10
9625.881
 11
9625.995
 20
-271.249
 21
-273.931
  0
ARC
  8
APS_GEOMETRY
 10
9629.871
 20
-273.769
 40
3.879
 50
182.386
 51
193.753
  0
ARC
  8
APS_GEOMETRY
 10
9627.372
 20
-274.381
 40
1.306
 50
193.753
 51
213.408
  0
ARC
  8
APS_GEOMETRY
 10
9627.4
 20
-274.362
 40
1.339
 50
213.408
 51
232.628
  0
ARC
  8
APS_GEOMETRY
 10
9629.655
 20
-271.41
 40
5.055
 50
232.628
 51
242.488
  0
ARC
  8
APS_GEOMETRY
 10
9625.893
 20
-278.542
 40
3.009
 50
40.539
 51
61.699
  0
ARC
  8
APS_GEOMETRY
 10
9627.538
 20
-277.136
 40
0.845
 50
360.0
 51
40.539
  0
ARC
  8
APS_GEOMETRY
 10
9627.248
 20
-277.136
 40
1.135
 50
315.297
 51
360.0
  0
ARC
  8
APS_GEOMETRY
 10
9625.713
 20
-275.617
 40
3.294
 50
289.502
 51
315.297
  0
ARC
  8
APS_GEOMETRY
 10
9624.588
 20
-272.441
 40
6.663
 50
282.372
 51
289.502
  0
ARC
  8
APS_GEOMETRY
 10
9623.407
 20
-267.056
 40
12.176
 50
277.099
 51
282.372
  0
ARC
  8
APS_GEOMETRY
 10
9622.921
 20
-263.156
 40
16.106
 50
273.104
 51
277.099
  0
ARC
  8
APS_GEOMETRY
 10
9622.349
 20
-252.597
 40
26.681
 50
270.0
 51
273.104
  0
ARC
  8
APS_GEOMETRY
 10
9622.349
 20
-252.917
 40
26.361
 50
263.473
 51
270.0
  0
ARC
  8
APS_GEOMETRY
 10
9620.183
 20
-271.85
 40
7.304
 50
251.056
 51
263.473
  0
ARC
  8
APS_GEOMETRY
 10
9618.792
 20
-275.903
 40
3.02
 50
224.161
 51
251.056
  0
ARC
  8
APS_GEOMETRY
 10
9617.454
 20
-277.201
 40
1.156
 50
180.0
 51
224.161
  0
ARC
  8
APS_GEOMETRY
 10
9617.694
 20
-277.201
 40
1.396
 50
160.821
 51
180.0
  0
ARC
  8
APS_GEOMETRY
 10
9617.109
 20
-276.998
 40
0.776
 50
135.0
 51
160.821
  0
ARC
  8
APS_GEOMETRY
 10
9617.662
 20
-277.551
 40
1.558
 50
121.522
 51
135.0
  0
ARC
  8
APS_GEOMETRY
 10
9623.905
 20
-287.729
 40
13.498
 50
116.952
 51
121.522
  0
ARC
  8
APS_GEOMETRY
 10
9617.088
 20
-274.373
 40
1.496
 50
297.824
 51
321.605
  0
ARC
  8
APS_GEOMETRY
 10
9617.433
 20
-274.647
 40
1.057
 50
321.605
 51
349.992
  0
ARC
  8
APS_GEOMETRY
 10
9615.833
 20
-274.364
 40
2.681
 50
349.992
 51
356.014
  0
ARC
  8
APS_GEOMETRY
 10
9591.502
 20
-272.669
 40
27.071
 50
356.014
 51
357.908
  0
ARC
  8
APS_GEOMETRY
 10
9563.1
 20
-271.631
 40
55.492
 50
357.908
 51
358.833
  0
ARC
  8
APS_GEOMETRY
 10
9460.402
 20
-269.539
 40
158.212
 50
358.833
 51
359.381
  0
LINE
  8
APS_GEOMETRY
 10
9625.995
 11
9625.995
 20
-260.571
 21
-266.131
  0
ARC
  8
APS_GEOMETRY
 10
9627.683
 20
-266.131
 40
1.687
 50
180.0
 51
199.885
  0
ARC
  8
APS_GEOMETRY
 10
9626.42
 20
-266.588
 40
0.345
 50
199.885
 51
244.799
  0
ARC
  8
APS_GEOMETRY
 10
9627.146
 20
-265.093
 40
2.007
 50
244.231
 51
258.996
  0
ARC
  8
APS_GEOMETRY
 10
9627.451
 20
-263.524
 40
3.604
 50
258.996
 51
270.0
  0
ARC
  8
APS_GEOMETRY
 10
9627.451
 20
-263.903
 40
3.225
 50
270.0
 51
288.435
  0
ARC
  8
APS_GEOMETRY
 10
9627.682
 20
-264.597
 40
2.494
 50
288.435
 51
309.428
  0
ARC
  8
APS_GEOMETRY
 10
9627.766
 20
-264.685
 40
2.373
 50
309.193
 51
339.939
  0
ARC
  8
APS_GEOMETRY
 10
9624.831
 20
-263.613
 40
5.497
 50
339.939
 51
0.0
  0
ARC
  8
APS_GEOMETRY
 10
9625.155
 20
-263.613
 40
5.174
 50
360.0
 51
22.011
  0
ARC
  8
APS_GEOMETRY
 10
9627.447
 20
-262.686
 40
2.701
 50
22.011
 51
52.651
  0
ARC
  8
APS_GEOMETRY
 10
9627.412
 20
-262.711
 40
2.742
 50
52.374
 51
72.309
  0
ARC
  8
APS_GEOMETRY
 10
9627.189
 20
-263.409
 40
3.475
 50
72.309
 51
90.0
  0
ARC
  8
APS_GEOMETRY
 10
9627.189
 20
-261.96
 40
2.026
 50
90.0
 51
118.113
  0
ARC
  8
APS_GEOMETRY
 10
9626.447
 20
-260.571
 40
0.452
 50
118.113
 51
180.0
  0
ARC
  8
APS_GEOMETRY
 10
9652.364
 20
-269.064
 40
12.891
 50
71.91
 51
90.0
  0
ARC
  8
APS_GEOMETRY
 10
9652.863
 20
-267.535
 40
11.283
 50
52.561
 51
71.91
  0
ARC
  8
APS_GEOMETRY
 10
9652.733
 20
-267.573
 40
11.393
 50
38.846
 51
52.156
  0
ARC
  8
APS_GEOMETRY
 10
9650.947
 20
-269.012
 40
13.686
 50
26.707
 51
38.846
  0
ARC
  8
APS_GEOMETRY
 10
9651.3
 20
-268.723
 40
13.241
 50
13.868
 51
26.278
  0
ARC
  8
APS_GEOMETRY
 10
9653.85
 20
-268.093
 40
10.614
 50
360.0
 51
13.868
  0
ARC
  8
APS_GEOMETRY
 10
9654.015
 20
-268.093
 40
10.449
 50
339.712
 51
360.0
  0
ARC
  8
APS_GEOMETRY
 10
9653.427
 20
-267.876
 40
11.076
 50
320.013
 51
339.712
  0
ARC
  8
APS_GEOMETRY
 10
9653.329
 20
-267.822
 40
11.186
 50
303.344
 51
320.123
  0
ARC
  8
APS_GEOMETRY
 10
9652.181
 20
-266.077
 40
13.274
 50
287.949
 51
303.344
  0
ARC
  8
APS_GEOMETRY
 10
9651.804
 20
-264.77
 40
14.634
 50
279.039
 51
287.776
  0
ARC
  8
APS_GEOMETRY
 10
9651.955
 20
-265.719
 40
13.673
 50
270.0
 51
279.039
  0
ARC
  8
APS_GEOMETRY
 10
9651.955
 20
-266.387
 40
13.005
 50
257.728
 51
270.0
  0
ARC
  8
APS_GEOMETRY
 10
9651.976
 20
-266.293
 40
13.102
 50
245.501
 51
257.728
  0
ARC
  8
APS_GEOMETRY
 10
9651.239
 20
-267.904
 40
11.33
 50
228.665
 51
245.511
  0
ARC
  8
APS_GEOMETRY
 10
9650.995
 20
-268.183
 40
10.959
 50
211.535
 51
228.665
  0
ARC
  8
APS_GEOMETRY
 10
9651.316
 20
-267.947
 40
11.356
 50
195.642
 51
211.701
  0
ARC
  8
APS_GEOMETRY
 10
9651.902
 20
-267.783
 40
11.966
 50
180.0
 51
195.642
  0
ARC
  8
APS_GEOMETRY
 10
9652.028
 20
-267.783
 40
12.091
 50
162.181
 51
180.0
  0
ARC
  8
APS_GEOMETRY
 10
9650.925
 20
-267.428
 40
10.933
 50
143.434
 51
162.181
  0
ARC
  8
APS_GEOMETRY
 10
9650.777
 20
-267.309
 40
10.742
 50
126.384
 51
143.471
  0
ARC
  8
APS_GEOMETRY
 10
9651.794
 20
-268.689
 40
12.457
 50
110.525
 51
126.384
  0
ARC
  8
APS_GEOMETRY
 10
9651.743
 20
-268.315
 40
12.089
 50
99.77
 51
110.925
  0
ARC
  8
APS_GEOMETRY
 10
9652.364
 20
-271.921
 40
15.748
 50
90.0
 51
99.77
  0
ARC
  8
APS_GEOMETRY
 10
9650.811
 20
-263.269
 40
2.404
 50
90.0
 51
119.604
  0
ARC
  8
APS_GEOMETRY
 10
9651.021
 20
-263.64
 40
2.83
 50
119.604
 51
146.842
  0
ARC
  8
APS_GEOMETRY
 10
9651.444
 20
-263.987
 40
3.374
 50
145.84
 51
164.055
  0
ARC
  8
APS_GEOMETRY
 10
9652.425
 20
-264.267
 40
4.394
 50
164.055
 51
180.0
  0
ARC
  8
APS_GEOMETRY
 10
9658.557
 20
-264.267
 40
10.526
 50
180.0
 51
189.977
  0
ARC
  8
APS_GEOMETRY
 10
9667.883
 20
-262.626
 40
19.995
 50
189.977
 51
197.211
  0
ARC
  8
APS_GEOMETRY
 10
9669.923
 20
-261.995
 40
22.131
 50
197.211
 51
203.76
  0
ARC
  8
APS_GEOMETRY
 10
9664.841
 20
-264.232
 40
16.579
 50
203.76
 51
211.329
  0
ARC
  8
APS_GEOMETRY
 10
9654.407
 20
-270.493
 40
4.411
 50
212.32
 51
224.441
  0
ARC
  8
APS_GEOMETRY
 10
9653.98
 20
-270.913
 40
3.812
 50
224.441
 51
237.484
  0
ARC
  8
APS_GEOMETRY
 10
9653.703
 20
-271.346
 40
3.298
 50
237.484
 51
252.416
  0
ARC
  8
APS_GEOMETRY
 10
9653.427
 20
-272.218
 40
2.383
 50
252.416
 51
270.0
  0
ARC
  8
APS_GEOMETRY
 10
9653.427
 20
-271.936
 40
2.666
 50
270.0
 51
294.953
  0
ARC
  8
APS_GEOMETRY
 10
9653.502
 20
-272.096
 40
2.489
 50
294.953
 51
320.793
  0
ARC
  8
APS_GEOMETRY
 10
9653.101
 20
-271.769
 40
3.005
 50
320.793
 51
342.777
  0
ARC
  8
APS_GEOMETRY
 10
9651.317
 20
-271.216
 40
4.873
 50
342.777
 51
0.0
  0
ARC
  8
APS_GEOMETRY
 10
9642.937
 20
-271.216
 40
13.254
 50
0.0
 51
8.499
  0
ARC
  8
APS_GEOMETRY
 10
9637.103
 20
-272.088
 40
19.152
 50
8.499
 51
15.566
  0
ARC
  8
APS_GEOMETRY
 10
9637.805
 20
-271.893
 40
18.424
 50
15.566
 51
22.909
  0
ARC
  8
APS_GEOMETRY
 10
9643.837
 20
-269.344
 40
11.876
 50
22.909
 51
32.057
  0
ARC
  8
APS_GEOMETRY
 10
9648.574
 20
-266.359
 40
6.276
 50
31.921
 51
42.51
  0
ARC
  8
APS_GEOMETRY
 10
9649.875
 20
-265.166
 40
4.511
 50
42.51
 51
55.008
  0
ARC
  8
APS_GEOMETRY
 10
9650.315
 20
-264.539
 40
3.745
 50
55.008
 51
69.88
  0
ARC
  8
APS_GEOMETRY
 10
9650.709
 20
-263.463
 40
2.599
 50
69.88
 51
87.754
  0
ARC
  8
APS_GEOMETRY
 10
9677.621
 20
-270.775
 40
1.21
 50
90.0
 51
115.837
  0
ARC
  8
APS_GEOMETRY
 10
9677.323
 20
-270.16
 40
0.526
 50
115.837
 51
155.462
  0
ARC
  8
APS_GEOMETRY
 10
9677.671
 20
-270.318
 40
0.909
 50
155.462
 51
168.366
  0
ARC
  8
APS_GEOMETRY
 10
9680.844
 20
-270.972
 40
4.148
 50
168.366
 51
174.395
  0
ARC
  8
APS_GEOMETRY
 10
9684.042
 20
-271.285
 40
7.361
 50
174.395
 51
177.813
  0
ARC
  8
APS_GEOMETRY
 10
9694.656
 20
-271.691
 40
17.983
 50
177.813
 51
180.0
  0
ARC
  8
APS_GEOMETRY
 10
9702.34
 20
-271.691
 40
25.667
 50
180.0
 51
184.62
  0
ARC
  8
APS_GEOMETRY
 10
9685.13
 20
-273.081
 40
8.401
 50
184.62
 51
192.7
  0
ARC
  8
APS_GEOMETRY
 10
9678.495
 20
-274.538
 40
1.609
 50
194.036
 51
205.821
  0
ARC
  8
APS_GEOMETRY
 10
9677.792
 20
-274.878
 40
0.828
 50
205.821
 51
222.274
  0
ARC
  8
APS_GEOMETRY
 10
9678.008
 20
-274.682
 40
1.119
 50
222.274
 51
234.605
  0
ARC
  8
APS_GEOMETRY
 10
9680.438
 20
-271.262
 40
5.315
 50
234.605
 51
240.255
  0
ARC
  8
APS_GEOMETRY
 10
9676.743
 20
-277.799
 40
2.194
 50
34.592
 51
61.189
  0
ARC
  8
APS_GEOMETRY
 10
9677.469
 20
-277.299
 40
1.313
 50
360.0
 51
34.592
  0
ARC
  8
APS_GEOMETRY
 10
9677.512
 20
-277.299
 40
1.27
 50
318.231
 51
360.0
  0
ARC
  8
APS_GEOMETRY
 10
9676.663
 20
-276.541
 40
2.408
 50
288.227
 51
318.231
  0
ARC
  8
APS_GEOMETRY
 10
9675.783
 20
-273.867
 40
5.223
 50
280.377
 51
288.227
  0
ARC
  8
APS_GEOMETRY
 10
9674.248
 20
-265.485
 40
13.744
 50
275.541
 51
280.377
  0
ARC
  8
APS_GEOMETRY
 10
9673.586
 20
-258.666
 40
20.595
 50
272.304
 51
275.541
  0
ARC
  8
APS_GEOMETRY
 10
9672.781
 20
-238.649
 40
40.629
 50
270.0
 51
272.304
  0
ARC
  8
APS_GEOMETRY
 10
9672.781
 20
-255.378
 40
23.9
 50
262.811
 51
270.0
  0
ARC
  8
APS_GEOMETRY
 10
9670.636
 20
-272.381
 40
6.762
 50
249.274
 51
262.811
  0
ARC
  8
APS_GEOMETRY
 10
9669.287
 20
-275.946
 40
2.95
 50
221.379
 51
249.274
  0
ARC
  8
APS_GEOMETRY
 10
9668.104
 20
-276.989
 40
1.373
 50
180.0
 51
221.379
  0
ARC
  8
APS_GEOMETRY
 10
9668.095
 20
-276.989
 40
1.364
 50
164.055
 51
180.0
  0
ARC
  8
APS_GEOMETRY
 10
9667.526
 20
-276.826
 40
0.773
 50
142.815
 51
164.055
  0
ARC
  8
APS_GEOMETRY
 10
9667.884
 20
-277.098
 40
1.222
 50
129.007
 51
142.815
  0
ARC
  8
APS_GEOMETRY
 10
9672.28
 20
-282.525
 40
8.206
 50
123.69
 51
129.007
  0
ARC
  8
APS_GEOMETRY
 10
9666.042
 20
-273.138
 40
3.064
 50
303.389
 51
319.022
  0
ARC
  8
APS_GEOMETRY
 10
9666.871
 20
-273.859
 40
1.966
 50
319.022
 51
338.575
  0
ARC
  8
APS_GEOMETRY
 10
9665.761
 20
-273.423
 40
3.158
 50
338.575
 51
351.049
  0
ARC
  8
APS_GEOMETRY
 10
9652.358
 20
-271.312
 40
16.726
 50
351.049
 51
356.46
  0
ARC
  8
APS_GEOMETRY
 10
9656.776
 20
-271.48
 40
12.307
 50
355.972
 51
358.68
  0
ARC
  8
APS_GEOMETRY
 10
9511.681
 20
-268.137
 40
157.441
 50
358.68
 51
359.437
  0
LINE
  8
APS_GEOMETRY
 10
9669.114
 11
9669.129
 20
-269.683
 21
-267.228
  0
LINE
  8
APS_GEOMETRY
 10
9669.129
 11
9669.134
 20
-267.228
 21
-264.022
  0
ARC
  8
APS_GEOMETRY
 10
9631.23
 20
-264.022
 40
37.905
 50
360.0
 51
1.717
  0
ARC
  8
APS_GEOMETRY
 10
9651.514
 20
-263.414
 40
17.611
 50
1.717
 51
4.236
  0
ARC
  8
APS_GEOMETRY
 10
9658.129
 20
-262.924
 40
10.979
 50
4.236
 51
8.269
  0
ARC
  8
APS_GEOMETRY
 10
9665.741
 20
-261.817
 40
3.287
 50
8.269
 51
15.642
  0
ARC
  8
APS_GEOMETRY
 10
9667.051
 20
-261.451
 40
1.926
 50
15.642
 51
39.417
  0
ARC
  8
APS_GEOMETRY
 10
9667.08
 20
-261.426
 40
1.888
 50
39.417
 51
63.435
  0
ARC
  8
APS_GEOMETRY
 10
9670.481
 20
-254.382
 40
5.935
 50
236.874
 51
244.486
  0
ARC
  8
APS_GEOMETRY
 10
9667.951
 20
-258.258
 40
1.306
 50
220.601
 51
236.874
  0
ARC
  8
APS_GEOMETRY
 10
9667.661
 20
-258.507
 40
0.923
 50
198.246
 51
220.601
  0
ARC
  8
APS_GEOMETRY
 10
9668.095
 20
-258.364
 40
1.38
 50
180.0
 51
198.246
  0
ARC
  8
APS_GEOMETRY
 10
9668.088
 20
-258.364
 40
1.374
 50
156.161
 51
180.0
  0
ARC
  8
APS_GEOMETRY
 10
9668.28
 20
-258.449
 40
1.583
 50
133.977
 51
156.161
  0
ARC
  8
APS_GEOMETRY
 10
9668.662
 20
-258.844
 40
2.133
 50
116.996
 51
133.977
  0
ARC
  8
APS_GEOMETRY
 10
9669.42
 20
-260.333
 40
3.804
 50
104.3
 51
116.996
  0
ARC
  8
APS_GEOMETRY
 10
9669.616
 20
-261.086
 40
4.582
 50
95.326
 51
104.349
  0
ARC
  8
APS_GEOMETRY
 10
9670.41
 20
-269.603
 40
13.136
 50
90.0
 51
95.326
  0
ARC
  8
APS_GEOMETRY
 10
9670.41
 20
-262.974
 40
6.506
 50
87.553
 51
90.0
  0
ARC
  8
APS_GEOMETRY
 10
9669.026
 20
-295.367
 40
38.93
 50
86.553
 51
87.553
  0
ARC
  8
APS_GEOMETRY
 10
9667.057
 20
-328.041
 40
71.662
 50
86.009
 51
86.553
  0
ARC
  8
APS_GEOMETRY
 10
9659.403
 20
-437.747
 40
181.636
 50
85.668
 51
86.009
  0
ARC
  8
APS_GEOMETRY
 10
9673.727
 20
-249.092
 40
7.563
 50
265.426
 51
268.531
  0
ARC
  8
APS_GEOMETRY
 10
9674.4
 20
-222.871
 40
33.793
 50
268.531
 51
270.0
  0
ARC
  8
APS_GEOMETRY
 10
9674.4
 20
-230.908
 40
25.755
 50
270.0
 51
271.637
  0
ARC
  8
APS_GEOMETRY
 10
9673.824
 20
-210.766
 40
45.906
 50
271.637
 51
272.862
  0
ARC
  8
APS_GEOMETRY
 10
9673.164
 20
-197.551
 40
59.137
 50
272.862
 51
273.814
  0
ARC
  8
APS_GEOMETRY
 10
9670.927
 20
-163.999
 40
92.764
 50
273.814
 51
274.574
  0
ARC
  8
APS_GEOMETRY
 10
9684.958
 20
-346.494
 40
90.271
 50
93.72
 51
94.214
  0
ARC
  8
APS_GEOMETRY
 10
9681.963
 20
-300.435
 40
44.115
 50
93.013
 51
93.72
  0
ARC
  8
APS_GEOMETRY
 10
9681.142
 20
-284.838
 40
28.496
 50
91.918
 51
93.013
  0
ARC
  8
APS_GEOMETRY
 10
9680.499
 20
-265.63
 40
9.277
 50
90.0
 51
91.918
  0
ARC
  8
APS_GEOMETRY
 10
9680.499
 20
-268.407
 40
12.054
 50
73.82
 51
90.0
  0
ARC
  8
APS_GEOMETRY
 10
9681.687
 20
-264.312
 40
7.791
 50
53.658
 51
73.82
  0
ARC
  8
APS_GEOMETRY
 10
9683.377
 20
-262.002
 40
4.929
 50
26.03
 51
53.569
  0
ARC
  8
APS_GEOMETRY
 10
9682.858
 20
-262.256
 40
5.506
 50
360.0
 51
26.03
  0
ARC
  8
APS_GEOMETRY
 10
9682.643
 20
-262.256
 40
5.722
 50
345.282
 51
360.0
  0
ARC
  8
APS_GEOMETRY
 10
9683.193
 20
-262.4
 40
5.152
 50
329.767
 51
345.282
  0
ARC
  8
APS_GEOMETRY
 10
9683.505
 20
-262.582
 40
4.792
 50
313.168
 51
329.767
  0
ARC
  8
APS_GEOMETRY
 10
9683.62
 20
-262.705
 40
4.623
 50
296.267
 51
313.168
  0
ARC
  8
APS_GEOMETRY
 10
9686.252
 20
-268.022
 40
1.31
 50
116.565
 51
139.899
  0
ARC
  8
APS_GEOMETRY
 10
9685.599
 20
-267.472
 40
0.456
 50
139.899
 51
180.0
  0
ARC
  8
APS_GEOMETRY
 10
9685.649
 20
-267.472
 40
0.506
 50
180.0
 51
226.193
  0
ARC
  8
APS_GEOMETRY
 10
9686.585
 20
-266.497
 40
1.858
 50
226.193
 51
249.829
  0
ARC
  8
APS_GEOMETRY
 10
9683.904
 20
-273.877
 40
5.995
 50
53.249
 51
70.105
  0
ARC
  8
APS_GEOMETRY
 10
9685.122
 20
-272.247
 40
3.96
 50
32.471
 51
53.249
  0
ARC
  8
APS_GEOMETRY
 10
9684.554
 20
-272.608
 40
4.632
 50
23.305
 51
32.471
  0
ARC
  8
APS_GEOMETRY
 10
9681.049
 20
-274.118
 40
8.449
 50
16.521
 51
23.305
  0
ARC
  8
APS_GEOMETRY
 10
9678.316
 20
-274.928
 40
11.299
 50
11.429
 51
16.521
  0
ARC
  8
APS_GEOMETRY
 10
9670.571
 20
-276.494
 40
19.201
 50
7.524
 51
11.429
  0
ARC
  8
APS_GEOMETRY
 10
9696.236
 20
-273.076
 40
6.69
 50
187.765
 51
196.914
  0
ARC
  8
APS_GEOMETRY
 10
9690.764
 20
-274.74
 40
0.971
 50
196.914
 51
221.082
  0
ARC
  8
APS_GEOMETRY
 10
9690.785
 20
-274.722
 40
0.999
 50
221.082
 51
244.607
  0
ARC
  8
APS_GEOMETRY
 10
9693.122
 20
-269.799
 40
6.448
 50
244.607
 51
253.811
  0
ARC
  8
APS_GEOMETRY
 10
9691.067
 20
-276.804
 40
0.852
 50
51.45
 51
72.474
  0
ARC
  8
APS_GEOMETRY
 10
9690.856
 20
-277.069
 40
1.191
 50
33.69
 51
51.45
  0
ARC
  8
APS_GEOMETRY
 10
9690.807
 20
-277.102
 40
1.25
 50
16.639
 51
33.69
  0
ARC
  8
APS_GEOMETRY
 10
9690.747
 20
-277.119
 40
1.312
 50
360.0
 51
16.639
  0
ARC
  8
APS_GEOMETRY
 10
9690.729
 20
-277.119
 40
1.331
 50
338.993
 51
360.0
  0
ARC
  8
APS_GEOMETRY
 10
9689.916
 20
-276.807
 40
2.201
 50
322.696
 51
338.993
  0
ARC
  8
APS_GEOMETRY
 10
9689.614
 20
-276.577
 40
2.582
 50
308.603
 51
322.696
  0
ARC
  8
APS_GEOMETRY
 10
9689.405
 20
-276.316
 40
2.916
 50
295.346
 51
308.603
  0
ARC
  8
APS_GEOMETRY
 10
9688.31
 20
-273.903
 40
5.566
 50
279.583
 51
294.905
  0
ARC
  8
APS_GEOMETRY
 10
9686.876
 20
-265.412
 40
14.176
 50
270.0
 51
279.583
  0
ARC
  8
APS_GEOMETRY
 10
9686.876
 20
-269.253
 40
10.336
 50
261.247
 51
270.0
  0
ARC
  8
APS_GEOMETRY
 10
9686.214
 20
-273.553
 40
5.985
 50
249.737
 51
261.247
  0
ARC
  8
APS_GEOMETRY
 10
9685.779
 20
-274.732
 40
4.728
 50
235.345
 51
249.737
  0
ARC
  8
APS_GEOMETRY
 10
9685.229
 20
-275.527
 40
3.762
 50
219.198
 51
235.345
  0
ARC
  8
APS_GEOMETRY
 10
9686.386
 20
-274.541
 40
5.281
 50
209.076
 51
219.56
  0
ARC
  8
APS_GEOMETRY
 10
9689.056
 20
-273.056
 40
8.337
 50
200.735
 51
209.076
  0
ARC
  8
APS_GEOMETRY
 10
9692.741
 20
-271.661
 40
12.277
 50
197.881
 51
200.735
  0
ARC
  8
APS_GEOMETRY
 10
9707.882
 20
-266.776
 40
28.186
 50
195.997
 51
197.881
  0
ARC
  8
APS_GEOMETRY
 10
9719.073
 20
-263.568
 40
39.828
 50
194.664
 51
195.997
  0
ARC
  8
APS_GEOMETRY
 10
9750.07
 20
-255.456
 40
71.869
 50
193.671
 51
194.664
  0
ARC
  8
APS_GEOMETRY
 10
9671.465
 20
-274.567
 40
9.026
 50
13.61
 51
23.585
  0
ARC
  8
APS_GEOMETRY
 10
9677.375
 20
-271.987
 40
2.577
 50
23.585
 51
42.31
  0
ARC
  8
APS_GEOMETRY
 10
9677.911
 20
-271.499
 40
1.853
 50
42.31
 51
67.521
  0
ARC
  8
APS_GEOMETRY
 10
9677.487
 20
-272.524
 40
2.962
 50
67.521
 51
87.397
  0
LINE
  8
APS_GEOMETRY
 10
9676.689
 11
9676.509
 20
-261.226
 21
-265.035
  0
LINE
  8
APS_GEOMETRY
 10
9676.509
 11
9676.509
 20
-265.035
 21
-265.097
  0
LINE
  8
APS_GEOMETRY
 10
9676.509
 11
9676.509
 20
-265.097
 21
-265.183
  0
ARC
  8
APS_GEOMETRY
 10
9679.156
 20
-265.183
 40
2.647
 50
180.0
 51
192.339
  0
ARC
  8
APS_GEOMETRY
 10
9677.052
 20
-265.643
 40
0.493
 50
192.339
 51
221.186
  0
ARC
  8
APS_GEOMETRY
 10
9677.001
 20
-265.687
 40
0.426
 50
221.186
 51
253.872
  0
ARC
  8
APS_GEOMETRY
 10
9677.359
 20
-264.449
 40
1.715
 50
253.872
 51
270.0
  0
ARC
  8
APS_GEOMETRY
 10
9677.359
 20
-262.178
 40
3.985
 50
270.0
 51
289.569
  0
ARC
  8
APS_GEOMETRY
 10
9678.084
 20
-264.217
 40
1.822
 50
289.569
 51
318.681
  0
ARC
  8
APS_GEOMETRY
 10
9677.888
 20
-264.044
 40
2.083
 50
318.681
 51
344.628
  0
ARC
  8
APS_GEOMETRY
 10
9674.237
 20
-263.041
 40
5.87
 50
344.628
 51
0.0
  0
ARC
  8
APS_GEOMETRY
 10
9675.973
 20
-263.041
 40
4.134
 50
0.0
 51
35.369
  0
ARC
  8
APS_GEOMETRY
 10
9677.866
 20
-261.696
 40
1.812
 50
35.369
 51
90.0
  0
ARC
  8
APS_GEOMETRY
 10
9677.866
 20
-261.716
 40
1.831
 50
90.0
 51
108.435
  0
ARC
  8
APS_GEOMETRY
 10
9677.51
 20
-260.647
 40
0.705
 50
108.435
 51
138.366
  0
ARC
  8
APS_GEOMETRY
 10
9677.606
 20
-260.732
 40
0.833
 50
138.366
 51
164.291
  0
ARC
  8
APS_GEOMETRY
 10
9679.848
 20
-261.363
 40
3.162
 50
164.291
 51
177.51
  0
LINE
  8
APS_GEOMETRY
 10
9701.946
 11
9710.563
 20
-256.631
 21
-256.631
  0
ARC
  8
APS_GEOMETRY
 10
9710.127
 20
-244.283
 40
12.355
 50
272.021
 51
278.44
  0
ARC
  8
APS_GEOMETRY
 10
9710.614
 20
-247.561
 40
9.042
 50
278.44
 51
285.945
  0
ARC
  8
APS_GEOMETRY
 10
9714.272
 20
-260.659
 40
4.559
 50
98.584
 51
104.931
  0
ARC
  8
APS_GEOMETRY
 10
9713.964
 20
-258.619
 40
2.495
 50
90.0
 51
98.584
  0
ARC
  8
APS_GEOMETRY
 10
9713.964
 20
-258.0
 40
1.876
 50
52.871
 51
90.0
  0
ARC
  8
APS_GEOMETRY
 10
9711.42
 20
-261.36
 40
6.091
 50
32.518
 51
52.871
  0
ARC
  8
APS_GEOMETRY
 10
9709.405
 20
-262.645
 40
8.481
 50
17.209
 51
32.518
  0
ARC
  8
APS_GEOMETRY
 10
9711.084
 20
-262.125
 40
6.723
 50
360.0
 51
17.209
  0
ARC
  8
APS_GEOMETRY
 10
9714.448
 20
-262.125
 40
3.359
 50
337.348
 51
360.0
  0
ARC
  8
APS_GEOMETRY
 10
9715.798
 20
-262.688
 40
1.896
 50
307.042
 51
337.348
  0
ARC
  8
APS_GEOMETRY
 10
9715.564
 20
-262.366
 40
2.295
 50
287.186
 51
306.87
  0
ARC
  8
APS_GEOMETRY
 10
9715.354
 20
-261.689
 40
3.003
 50
270.0
 51
287.186
  0
ARC
  8
APS_GEOMETRY
 10
9715.354
 20
-261.995
 40
2.697
 50
252.221
 51
270.0
  0
ARC
  8
APS_GEOMETRY
 10
9715.229
 20
-262.387
 40
2.286
 50
232.896
 51
252.221
  0
ARC
  8
APS_GEOMETRY
 10
9715.714
 20
-261.745
 40
3.09
 50
218.3
 51
232.896
  0
ARC
  8
APS_GEOMETRY
 10
9719.504
 20
-258.752
 40
7.92
 50
209.197
 51
218.3
  0
ARC
  8
APS_GEOMETRY
 10
9700.227
 20
-269.196
 40
14.006
 50
28.025
 51
32.699
  0
ARC
  8
APS_GEOMETRY
 10
9710.305
 20
-262.726
 40
2.03
 50
32.699
 51
45.0
  0
ARC
  8
APS_GEOMETRY
 10
9710.992
 20
-262.039
 40
1.058
 50
45.0
 51
67.557
  0
ARC
  8
APS_GEOMETRY
 10
9710.988
 20
-262.049
 40
1.069
 50
67.557
 51
90.0
  0
ARC
  8
APS_GEOMETRY
 10
9710.988
 20
-261.965
 40
0.984
 50
90.0
 51
120.801
  0
ARC
  8
APS_GEOMETRY
 10
9710.955
 20
-261.909
 40
0.919
 50
120.801
 51
152.7
  0
ARC
  8
APS_GEOMETRY
 10
9711.685
 20
-262.285
 40
1.74
 50
152.7
 51
171.085
  0
ARC
  8
APS_GEOMETRY
 10
9717.229
 20
-263.155
 40
7.353
 50
171.085
 51
180.0
  0
LINE
  8
APS_GEOMETRY
 10
9709.877
 11
9709.877
 20
-263.155
 21
-272.312
  0
ARC
  8
APS_GEOMETRY
 10
9719.59
 20
-272.312
 40
9.714
 50
180.0
 51
188.194
  0
ARC
  8
APS_GEOMETRY
 10
9712.336
 20
-273.357
 40
2.385
 50
188.194
 51
204.775
  0
ARC
  8
APS_GEOMETRY
 10
9711.632
 20
-273.682
 40
1.609
 50
204.775
 51
228.576
  0
ARC
  8
APS_GEOMETRY
 10
9712.293
 20
-272.933
 40
2.608
 50
228.576
 51
247.218
  0
ARC
  8
APS_GEOMETRY
 10
9708.458
 20
-281.969
 40
7.208
 50
59.381
 51
66.93
  0
ARC
  8
APS_GEOMETRY
 10
9711.289
 20
-277.186
 40
1.65
 50
43.568
 51
59.381
  0
ARC
  8
APS_GEOMETRY
 10
9711.742
 20
-276.755
 40
1.025
 50
19.041
 51
43.568
  0
ARC
  8
APS_GEOMETRY
 10
9711.112
 20
-276.972
 40
1.691
 50
360.0
 51
19.041
  0
ARC
  8
APS_GEOMETRY
 10
9711.43
 20
-276.972
 40
1.374
 50
317.66
 51
360.0
  0
ARC
  8
APS_GEOMETRY
 10
9710.169
 20
-275.823
 40
3.08
 50
289.747
 51
317.66
  0
ARC
  8
APS_GEOMETRY
 10
9709.112
 20
-272.881
 40
6.206
 50
281.964
 51
289.747
  0
ARC
  8
APS_GEOMETRY
 10
9707.649
 20
-265.975
 40
13.265
 50
276.643
 51
281.964
  0
ARC
  8
APS_GEOMETRY
 10
9707.033
 20
-260.687
 40
18.589
 50
272.836
 51
276.643
  0
ARC
  8
APS_GEOMETRY
 10
9706.295
 20
-245.799
 40
33.495
 50
270.0
 51
272.836
  0
ARC
  8
APS_GEOMETRY
 10
9706.295
 20
-236.574
 40
42.72
 50
267.283
 51
270.0
  0
ARC
  8
APS_GEOMETRY
 10
9705.399
 20
-255.476
 40
23.797
 50
263.643
 51
267.283
  0
ARC
  8
APS_GEOMETRY
 10
9704.647
 20
-262.217
 40
17.014
 50
258.563
 51
263.643
  0
ARC
  8
APS_GEOMETRY
 10
9702.853
 20
-271.087
 40
7.964
 50
251.136
 51
258.563
  0
ARC
  8
APS_GEOMETRY
 10
9701.251
 20
-275.734
 40
3.05
 50
222.558
 51
251.395
  0
ARC
  8
APS_GEOMETRY
 10
9700.062
 20
-276.825
 40
1.436
 50
180.0
 51
222.558
  0
ARC
  8
APS_GEOMETRY
 10
9699.822
 20
-276.825
 40
1.196
 50
150.642
 51
180.0
  0
ARC
  8
APS_GEOMETRY
 10
9699.918
 20
-276.879
 40
1.306
 50
122.574
 51
150.642
  0
ARC
  8
APS_GEOMETRY
 10
9699.665
 20
-276.588
 40
0.926
 50
108.677
 51
119.055
  0
ARC
  8
APS_GEOMETRY
 10
9711.223
 20
-310.78
 40
37.018
 50
107.038
 51
108.677
  0
ARC
  8
APS_GEOMETRY
 10
9699.945
 20
-273.898
 40
1.549
 50
286.144
 51
308.66
  0
ARC
  8
APS_GEOMETRY
 10
9700.199
 20
-274.215
 40
1.143
 50
308.66
 51
334.933
  0
ARC
  8
APS_GEOMETRY
 10
9699.167
 20
-273.732
 40
2.283
 50
334.933
 51
348.829
  0
ARC
  8
APS_GEOMETRY
 10
9686.254
 20
-271.182
 40
15.445
 50
348.829
 51
354.161
  0
ARC
  8
APS_GEOMETRY
 10
9677.526
 20
-270.282
 40
24.219
 50
354.144
 51
355.66
  0
ARC
  8
APS_GEOMETRY
 10
9638.838
 20
-267.346
 40
63.019
 50
355.66
 51
356.6
  0
ARC
  8
APS_GEOMETRY
 10
9609.263
 20
-265.59
 40
92.646
 50
356.6
 51
357.24
  0
ARC
  8
APS_GEOMETRY
 10
9525.351
 20
-261.544
 40
176.656
 50
357.24
 51
357.703
  0
ARC
  8
APS_GEOMETRY
 10
9533.611
 20
-261.875
 40
168.389
 50
357.703
 51
358.674
  0
ARC
  8
APS_GEOMETRY
 10
9611.527
 20
-263.678
 40
90.452
 50
358.674
 51
0.0
  0
ARC
  8
APS_GEOMETRY
 10
9688.574
 20
-263.678
 40
13.405
 50
360.0
 51
6.242
  0
ARC
  8
APS_GEOMETRY
 10
9699.233
 20
-262.512
 40
2.682
 50
6.242
 51
20.225
  0
ARC
  8
APS_GEOMETRY
 10
9700.711
 20
-261.968
 40
1.107
 50
20.225
 51
50.44
  0
ARC
  8
APS_GEOMETRY
 10
9700.998
 20
-261.621
 40
0.657
 50
50.44
 51
90.0
  0
ARC
  8
APS_GEOMETRY
 10
9700.998
 20
-261.845
 40
0.881
 50
90.0
 51
126.747
  0
ARC
  8
APS_GEOMETRY
 10
9702.243
 20
-263.512
 40
2.962
 50
126.747
 51
146.547
  0
ARC
  8
APS_GEOMETRY
 10
9680.249
 20
-249.056
 40
23.357
 50
324.255
 51
326.701
  0
ARC
  8
APS_GEOMETRY
 10
9689.56
 20
-255.758
 40
11.885
 50
320.826
 51
324.255
  0
ARC
  8
APS_GEOMETRY
 10
9692.603
 20
-258.238
 40
7.959
 50
315.722
 51
320.826
  0
ARC
  8
APS_GEOMETRY
 10
9696.1
 20
-261.648
 40
3.075
 50
307.504
 51
315.722
  0
ARC
  8
APS_GEOMETRY
 10
9695.778
 20
-261.217
 40
3.613
 50
291.306
 51
307.405
  0
ARC
  8
APS_GEOMETRY
 10
9696.337
 20
-262.652
 40
2.073
 50
270.0
 51
291.306
  0
ARC
  8
APS_GEOMETRY
 10
9696.337
 20
-262.785
 40
1.939
 50
245.532
 51
270.0
  0
ARC
  8
APS_GEOMETRY
 10
9696.323
 20
-262.818
 40
1.904
 50
220.833
 51
245.532
  0
ARC
  8
APS_GEOMETRY
 10
9696.519
 20
-262.648
 40
2.164
 50
198.684
 51
220.833
  0
ARC
  8
APS_GEOMETRY
 10
9697.34
 20
-262.37
 40
3.03
 50
180.0
 51
198.684
  0
ARC
  8
APS_GEOMETRY
 10
9699.263
 20
-262.37
 40
4.954
 50
168.408
 51
180.0
  0
ARC
  8
APS_GEOMETRY
 10
9702.44
 20
-263.022
 40
8.196
 50
159.402
 51
168.408
  0
ARC
  8
APS_GEOMETRY
 10
9703.421
 20
-263.391
 40
9.245
 50
151.39
 51
159.402
  0
ARC
  8
APS_GEOMETRY
 10
9703.22
 20
-263.281
 40
9.016
 50
143.276
 51
151.39
  0
ARC
  8
APS_GEOMETRY
 10
9700.695
 20
-261.393
 40
5.863
 50
124.216
 51
143.31
  0
ARC
  8
APS_GEOMETRY
 10
9698.447
 20
-258.086
 40
1.864
 50
90.0
 51
124.216
  0
ARC
  8
APS_GEOMETRY
 10
9698.447
 20
-258.914
 40
2.692
 50
82.725
 51
90.0
  0
ARC
  8
APS_GEOMETRY
 10
9698.236
 20
-260.562
 40
4.353
 50
77.005
 51
82.725
  0
ARC
  8
APS_GEOMETRY
 10
9704.66
 20
-229.589
 40
27.28
 50
258.486
 51
260.378
  0
ARC
  8
APS_GEOMETRY
 10
9701.908
 20
-245.821
 40
10.816
 50
260.378
 51
263.382
  0
ARC
  8
APS_GEOMETRY
 10
9701.673
 20
-247.85
 40
8.774
 50
263.382
 51
267.084
  0
ARC
  8
APS_GEOMETRY
 10
9701.946
 20
-242.494
 40
14.137
 50
267.084
 51
270.0
  0
LINE
  8
APS_GEOMETRY
 10
9723.654
 11
9732.059
 20
-256.631
 21
-256.631
  0
ARC
  8
APS_GEOMETRY
 10
9732.059
 20
-150.771
 40
105.86
 50
270.0
 51
270.69
  0
ARC
  8
APS_GEOMETRY
 10
9732.656
 20
-200.299
 40
56.328
 50
270.69
 51
271.637
  0
ARC
  8
APS_GEOMETRY
 10
9733.159
 20
-217.896
 40
38.724
 50
271.637
 51
273.013
  0
ARC
  8
APS_GEOMETRY
 10
9734.384
 20
-241.177
 40
15.41
 50
273.013
 51
275.194
  0
ARC
  8
APS_GEOMETRY
 10
9734.688
 20
-244.518
 40
12.056
 50
275.194
 51
280.756
  0
ARC
  8
APS_GEOMETRY
 10
9734.745
 20
-244.818
 40
11.75
 50
280.756
 51
286.39
  0
ARC
  8
APS_GEOMETRY
 10
9739.052
 20
-259.561
 40
3.609
 50
100.305
 51
105.945
  0
ARC
  8
APS_GEOMETRY
 10
9738.6
 20
-257.076
 40
1.083
 50
90.0
 51
100.305
  0
ARC
  8
APS_GEOMETRY
 10
9738.6
 20
-257.463
 40
1.47
 50
58.946
 51
90.0
  0
ARC
  8
APS_GEOMETRY
 10
9738.038
 20
-258.396
 40
2.56
 50
35.538
 51
58.946
  0
ARC
  8
APS_GEOMETRY
 10
9735.843
 20
-260.011
 40
5.284
 50
16.699
 51
35.952
  0
ARC
  8
APS_GEOMETRY
 10
9734.193
 20
-260.506
 40
7.007
 50
360.0
 51
16.699
  0
ARC
  8
APS_GEOMETRY
 10
9737.268
 20
-260.506
 40
3.932
 50
344.982
 51
360.0
  0
ARC
  8
APS_GEOMETRY
 10
9739.155
 20
-261.012
 40
1.978
 50
323.746
 51
344.982
  0
ARC
  8
APS_GEOMETRY
 10
9739.575
 20
-261.32
 40
1.458
 50
296.114
 51
323.746
  0
ARC
  8
APS_GEOMETRY
 10
9739.499
 20
-261.166
 40
1.629
 50
270.0
 51
296.114
  0
ARC
  8
APS_GEOMETRY
 10
9739.499
 20
-260.753
 40
2.042
 50
255.311
 51
270.0
  0
ARC
  8
APS_GEOMETRY
 10
9739.226
 20
-261.795
 40
0.965
 50
233.881
 51
255.311
  0
ARC
  8
APS_GEOMETRY
 10
9739.514
 20
-261.401
 40
1.453
 50
219.289
 51
233.881
  0
ARC
  8
APS_GEOMETRY
 10
9745.279
 20
-256.684
 40
8.902
 50
213.408
 51
219.289
  0
ARC
  8
APS_GEOMETRY
 10
9734.478
 20
-263.798
 40
4.031
 50
33.294
 51
51.246
  0
ARC
  8
APS_GEOMETRY
 10
9735.027
 20
-263.114
 40
3.154
 50
51.246
 51
71.565
  0
ARC
  8
APS_GEOMETRY
 10
9734.664
 20
-264.203
 40
4.302
 50
71.565
 51
79.278
  0
ARC
  8
APS_GEOMETRY
 10
9733.5
 20
-270.351
 40
10.559
 50
79.278
 51
84.2
  0
ARC
  8
APS_GEOMETRY
 10
9733.003
 20
-275.24
 40
15.473
 50
84.2
 51
87.567
  0
ARC
  8
APS_GEOMETRY
 10
9732.403
 20
-289.379
 40
29.625
 50
87.567
 51
90.0
  0
ARC
  8
APS_GEOMETRY
 10
9732.403
 20
-268.082
 40
8.328
 50
90.0
 51
96.374
  0
ARC
  8
APS_GEOMETRY
 10
9731.85
 20
-263.134
 40
3.349
 50
96.374
 51
106.434
  0
ARC
  8
APS_GEOMETRY
 10
9731.457
 20
-261.802
 40
1.961
 50
106.434
 51
123.056
  0
ARC
  8
APS_GEOMETRY
 10
9730.844
 20
-260.86
 40
0.836
 50
123.056
 51
148.627
  0
ARC
  8
APS_GEOMETRY
 10
9731.404
 20
-261.177
 40
1.48
 50
149.421
 51
165.28
  0
ARC
  8
APS_GEOMETRY
 10
9733.018
 20
-261.601
 40
3.149
 50
165.28
 51
176.135
  0
ARC
  8
APS_GEOMETRY
 10
9737.64
 20
-261.914
 40
7.781
 50
176.135
 51
178.367
  0
ARC
  8
APS_GEOMETRY
 10
9780.393
 20
-263.133
 40
50.551
 50
178.367
 51
179.242
  0
ARC
  8
APS_GEOMETRY
 10
9824.577
 20
-263.717
 40
94.739
 50
179.242
 51
179.709
  0
ARC
  8
APS_GEOMETRY
 10
9974.901
 20
-264.48
 40
245.066
 50
179.709
 51
180.0
  0
ARC
  8
APS_GEOMETRY
 10
9733.381
 20
-264.48
 40
3.545
 50
180.0
 51
195.027
  0
ARC
  8
APS_GEOMETRY
 10
9730.481
 20
-265.258
 40
0.543
 50
195.027
 51
234.058
  0
ARC
  8
APS_GEOMETRY
 10
9730.51
 20
-265.219
 40
0.591
 50
234.058
 51
253.191
  0
ARC
  8
APS_GEOMETRY
 10
9731.128
 20
-263.171
 40
2.731
 50
253.191
 51
262.063
  0
ARC
  8
APS_GEOMETRY
 10
9731.445
 20
-260.898
 40
5.025
 50
262.063
 51
266.949
  0
ARC
  8
APS_GEOMETRY
 10
9731.863
 20
-253.057
 40
12.877
 50
266.949
 51
270.0
  0
ARC
  8
APS_GEOMETRY
 10
9731.863
 20
-263.574
 40
2.361
 50
270.0
 51
286.007
  0
ARC
  8
APS_GEOMETRY
 10
9732.276
 20
-265.014
 40
0.862
 50
286.007
 51
312.647
  0
ARC
  8
APS_GEOMETRY
 10
9732.268
 20
-265.005
 40
0.875
 50
312.647
 51
338.993
  0
ARC
  8
APS_GEOMETRY
 10
9730.48
 20
-264.319
 40
2.79
 50
338.993
 51
353.66
  0
ARC
  8
APS_GEOMETRY
 10
9748.94
 20
-266.52
 40
15.801
 50
169.663
 51
173.118
  0
ARC
  8
APS_GEOMETRY
 10
9735.745
 20
-264.113
 40
2.388
 50
160.769
 51
169.663
  0
ARC
  8
APS_GEOMETRY
 10
9734.641
 20
-263.728
 40
1.219
 50
143.746
 51
160.769
  0
ARC
  8
APS_GEOMETRY
 10
9734.908
 20
-263.924
 40
1.55
 50
128.66
 51
143.746
  0
ARC
  8
APS_GEOMETRY
 10
9734.73
 20
-263.636
 40
1.215
 50
110.171
 51
130.601
  0
ARC
  8
APS_GEOMETRY
 10
9734.741
 20
-263.665
 40
1.246
 50
90.0
 51
110.171
  0
ARC
  8
APS_GEOMETRY
 10
9734.741
 20
-263.683
 40
1.264
 50
61.22
 51
90.0
  0
ARC
  8
APS_GEOMETRY
 10
9734.52
 20
-264.084
 40
1.722
 50
36.634
 51
61.22
  0
ARC
  8
APS_GEOMETRY
 10
9734.313
 20
-264.207
 40
1.961
 50
19.103
 51
35.91
  0
ARC
  8
APS_GEOMETRY
 10
9727.916
 20
-266.423
 40
8.732
 50
11.16
 51
19.103
  0
ARC
  8
APS_GEOMETRY
 10
9724.573
 20
-267.082
 40
12.139
 50
5.396
 51
11.16
  0
ARC
  8
APS_GEOMETRY
 10
9722.873
 20
-267.243
 40
13.846
 50
0.0
 51
5.396
  0
ARC
  8
APS_GEOMETRY
 10
9723.114
 20
-267.243
 40
13.605
 50
349.287
 51
0.0
  0
ARC
  8
APS_GEOMETRY
 10
9729.793
 20
-268.507
 40
6.808
 50
334.12
 51
349.287
  0
ARC
  8
APS_GEOMETRY
 10
9734.394
 20
-270.73
 40
1.698
 50
303.53
 51
333.853
  0
ARC
  8
APS_GEOMETRY
 10
9734.561
 20
-270.982
 40
1.396
 50
270.0
 51
303.53
  0
ARC
  8
APS_GEOMETRY
 10
9734.561
 20
-270.916
 40
1.461
 50
249.578
 51
270.0
  0
ARC
  8
APS_GEOMETRY
 10
9734.25
 20
-271.751
 40
0.57
 50
216.607
 51
249.578
  0
ARC
  8
APS_GEOMETRY
 10
9734.547
 20
-271.531
 40
0.94
 50
195.422
 51
216.607
  0
ARC
  8
APS_GEOMETRY
 10
9739.679
 20
-270.115
 40
6.263
 50
187.253
 51
195.422
  0
ARC
  8
APS_GEOMETRY
 10
9731.392
 20
-271.181
 40
2.092
 50
7.561
 51
49.434
  0
ARC
  8
APS_GEOMETRY
 10
9731.307
 20
-271.28
 40
2.222
 50
49.434
 51
90.0
  0
ARC
  8
APS_GEOMETRY
 10
9731.307
 20
-270.553
 40
1.495
 50
90.0
 51
115.224
  0
ARC
  8
APS_GEOMETRY
 10
9731.011
 20
-269.926
 40
0.801
 50
115.224
 51
149.931
  0
ARC
  8
APS_GEOMETRY
 10
9731.546
 20
-270.235
 40
1.419
 50
149.931
 51
171.111
  0
ARC
  8
APS_GEOMETRY
 10
9738.03
 20
-271.249
 40
7.982
 50
171.111
 51
180.0
  0
ARC
  8
APS_GEOMETRY
 10
9744.417
 20
-271.249
 40
14.369
 50
180.0
 51
183.062
  0
ARC
  8
APS_GEOMETRY
 10
9766.411
 20
-270.073
 40
36.395
 50
183.062
 51
184.986
  0
ARC
  8
APS_GEOMETRY
 10
9754.875
 20
-271.079
 40
24.815
 50
184.986
 51
187.804
  0
ARC
  8
APS_GEOMETRY
 10
9733.024
 20
-274.074
 40
2.76
 50
187.804
 51
196.26
  0
ARC
  8
APS_GEOMETRY
 10
9731.098
 20
-274.654
 40
0.748
 50
194.931
 51
230.024
  0
ARC
  8
APS_GEOMETRY
 10
9731.588
 20
-274.069
 40
1.511
 50
230.024
 51
254.511
  0
ARC
  8
APS_GEOMETRY
 10
9732.184
 20
-271.919
 40
3.742
 50
254.511
 51
265.219
  0
ARC
  8
APS_GEOMETRY
 10
9733.433
 20
-256.985
 40
18.728
 50
265.219
 51
270.0
  0
ARC
  8
APS_GEOMETRY
 10
9733.433
 20
-258.965
 40
16.748
 50
270.0
 51
274.186
  0
ARC
  8
APS_GEOMETRY
 10
9733.942
 20
-265.923
 40
9.771
 50
274.186
 51
279.668
  0
ARC
  8
APS_GEOMETRY
 10
9734.36
 20
-268.377
 40
7.282
 50
279.668
 51
286.991
  0
ARC
  8
APS_GEOMETRY
 10
9735.317
 20
-271.507
 40
4.009
 50
286.991
 51
296.866
  0
ARC
  8
APS_GEOMETRY
 10
9735.515
 20
-271.899
 40
3.569
 50
296.866
 51
318.366
  0
ARC
  8
APS_GEOMETRY
 10
9733.516
 20
-270.122
 40
6.245
 50
318.366
 51
334.581
  0
ARC
  8
APS_GEOMETRY
 10
9746.68
 20
-276.435
 40
8.355
 50
147.08
 51
154.231
  0
ARC
  8
APS_GEOMETRY
 10
9741.177
 20
-272.872
 40
1.8
 50
131.634
 51
147.08
  0
ARC
  8
APS_GEOMETRY
 10
9740.767
 20
-272.411
 40
1.182
 50
108.875
 51
131.634
  0
ARC
  8
APS_GEOMETRY
 10
9740.938
 20
-272.912
 40
1.712
 50
90.0
 51
108.875
  0
ARC
  8
APS_GEOMETRY
 10
9740.938
 20
-272.564
 40
1.364
 50
62.628
 51
90.0
  0
ARC
  8
APS_GEOMETRY
 10
9740.852
 20
-272.731
 40
1.551
 50
36.995
 51
62.628
  0
ARC
  8
APS_GEOMETRY
 10
9740.465
 20
-273.022
 40
2.036
 50
16.728
 51
36.995
  0
ARC
  8
APS_GEOMETRY
 10
9739.563
 20
-273.293
 40
2.978
 50
360.0
 51
16.728
  0
ARC
  8
APS_GEOMETRY
 10
9737.775
 20
-273.293
 40
4.766
 50
348.323
 51
360.0
  0
ARC
  8
APS_GEOMETRY
 10
9730.62
 20
-271.815
 40
12.072
 50
340.994
 51
348.323
  0
ARC
  8
APS_GEOMETRY
 10
9728.923
 20
-271.23
 40
13.867
 50
334.592
 51
340.994
  0
ARC
  8
APS_GEOMETRY
 10
9731.885
 20
-272.637
 40
10.587
 50
327.265
 51
334.592
  0
ARC
  8
APS_GEOMETRY
 10
9735.325
 20
-274.665
 40
6.599
 50
320.133
 51
325.923
  0
ARC
  8
APS_GEOMETRY
 10
9739.327
 20
-278.007
 40
1.386
 50
307.476
 51
320.133
  0
ARC
  8
APS_GEOMETRY
 10
9739.677
 20
-278.464
 40
0.81
 50
286.429
 51
307.476
  0
ARC
  8
APS_GEOMETRY
 10
9739.532
 20
-277.971
 40
1.323
 50
270.0
 51
286.429
  0
ARC
  8
APS_GEOMETRY
 10
9739.532
 20
-276.442
 40
2.852
 50
263.774
 51
270.0
  0
ARC
  8
APS_GEOMETRY
 10
9740.366
 20
-268.794
 40
10.546
 50
260.538
 51
263.774
  0
ARC
  8
APS_GEOMETRY
 10
9736.632
 20
-289.867
 40
10.857
 50
79.38
 51
84.987
  0
ARC
  8
APS_GEOMETRY
 10
9735.013
 20
-308.322
 40
29.383
 50
84.987
 51
88.394
  0
LINE
  8
APS_GEOMETRY
 10
9735.837
 11
9721.97
 20
-278.951
 21
-278.951
  0
ARC
  8
APS_GEOMETRY
 10
9721.97
 20
-276.049
 40
2.902
 50
254.103
 51
270.0
  0
ARC
  8
APS_GEOMETRY
 10
9721.562
 20
-277.484
 40
1.41
 50
231.216
 51
254.103
  0
ARC
  8
APS_GEOMETRY
 10
9721.394
 20
-277.693
 40
1.142
 50
203.795
 51
231.216
  0
ARC
  8
APS_GEOMETRY
 10
9721.73
 20
-277.545
 40
1.509
 50
180.0
 51
203.795
  0
ARC
  8
APS_GEOMETRY
 10
9721.857
 20
-277.545
 40
1.637
 50
164.055
 51
180.0
  0
ARC
  8
APS_GEOMETRY
 10
9720.849
 20
-277.256
 40
0.588
 50
137.291
 51
164.055
  0
ARC
  8
APS_GEOMETRY
 10
9721.152
 20
-277.537
 40
1.001
 50
120.964
 51
137.291
  0
ARC
  8
APS_GEOMETRY
 10
9724.403
 20
-282.954
 40
7.318
 50
114.944
 51
120.964
  0
ARC
  8
APS_GEOMETRY
 10
9720.345
 20
-274.077
 40
2.443
 50
293.429
 51
305.72
  0
ARC
  8
APS_GEOMETRY
 10
9721.017
 20
-275.011
 40
1.292
 50
305.72
 51
322.651
  0
ARC
  8
APS_GEOMETRY
 10
9720.913
 20
-274.932
 40
1.423
 50
322.651
 51
338.11
  0
ARC
  8
APS_GEOMETRY
 10
9718.884
 20
-274.116
 40
3.61
 50
338.11
 51
347.8
  0
ARC
  8
APS_GEOMETRY
 10
9706.283
 20
-271.355
 40
16.509
 50
347.672
 51
352.051
  0
ARC
  8
APS_GEOMETRY
 10
9694.087
 20
-269.651
 40
28.824
 50
352.051
 51
355.365
  0
ARC
  8
APS_GEOMETRY
 10
9685.873
 20
-268.986
 40
37.064
 50
355.365
 51
357.943
  0
ARC
  8
APS_GEOMETRY
 10
9664.669
 20
-268.224
 40
58.283
 50
357.943
 51
0.0
  0
ARC
  8
APS_GEOMETRY
 10
9640.192
 20
-268.224
 40
82.759
 50
360.0
 51
2.183
  0
ARC
  8
APS_GEOMETRY
 10
9689.68
 20
-266.337
 40
33.235
 50
2.183
 51
5.629
  0
ARC
  8
APS_GEOMETRY
 10
9704.422
 20
-264.884
 40
18.422
 50
5.629
 51
11.805
  0
ARC
  8
APS_GEOMETRY
 10
9718.73
 20
-261.894
 40
3.805
 50
11.805
 51
25.419
  0
ARC
  8
APS_GEOMETRY
 10
9720.582
 20
-261.053
 40
1.772
 50
26.565
 51
38.157
  0
ARC
  8
APS_GEOMETRY
 10
9721.404
 20
-260.407
 40
0.726
 50
38.157
 51
56.31
  0
ARC
  8
APS_GEOMETRY
 10
9721.23
 20
-260.668
 40
1.04
 50
56.31
 51
69.193
  0
ARC
  8
APS_GEOMETRY
 10
9718.79
 20
-267.089
 40
7.908
 50
69.193
 51
73.856
  0
ARC
  8
APS_GEOMETRY
 10
9721.364
 20
-258.235
 40
1.312
 50
216.87
 51
253.393
  0
ARC
  8
APS_GEOMETRY
 10
9721.345
 20
-258.25
 40
1.288
 50
180.0
 51
216.87
  0
ARC
  8
APS_GEOMETRY
 10
9721.626
 20
-258.25
 40
1.569
 50
161.565
 51
180.0
  0
ARC
  8
APS_GEOMETRY
 10
9721.569
 20
-258.231
 40
1.509
 50
142.765
 51
161.565
  0
ARC
  8
APS_GEOMETRY
 10
9721.533
 20
-258.203
 40
1.464
 50
123.425
 51
142.765
  0
ARC
  8
APS_GEOMETRY
 10
9721.566
 20
-258.253
 40
1.523
 50
104.47
 51
123.425
  0
ARC
  8
APS_GEOMETRY
 10
9721.856
 20
-259.684
 40
2.982
 50
96.724
 51
102.995
  0
ARC
  8
APS_GEOMETRY
 10
9722.757
 20
-267.322
 40
10.673
 50
93.411
 51
96.724
  0
ARC
  8
APS_GEOMETRY
 10
9723.156
 20
-274.032
 40
17.395
 50
91.375
 51
93.411
  0
ARC
  8
APS_GEOMETRY
 10
9723.654
 20
-294.782
 40
38.151
 50
90.0
 51
91.375
  0
LINE
  8
COSTRUZIONI
 10
9286.881
 11
11286.881
 20
-421.245
 21
-421.245
  0
LINE
  8
COSTRUZIONI
 10
11286.881
 11
11286.881
 20
-421.245
 21
-221.245
  0
LINE
  8
COSTRUZIONI
 10
11286.881
 11
9286.881
 20
-221.245
 21
-221.245
  0
LINE
  8
COSTRUZIONI
 10
9286.881
 11
9286.881
 20
-221.245
 21
-421.245
  0
LINE
  8
COSTRUZIONI
 10
9752.732
 11
9752.732
 20
-421.245
 21
-221.245
  0
LINE
  8
COSTRUZIONI
 10
11087.989
 11
11087.989
 20
-421.245
 21
-221.245
  0
LINE
  8
COSTRUZIONI
 10
11286.881
 11
9752.732
 20
-271.245
 21
-271.245
  0
LINE
  8
COSTRUZIONI
 10
11087.989
 11
11286.881
 20
-371.245
 21
-371.245
  0
LINE
  8
COSTRUZIONI
 10
9752.732
 11
11286.881
 20
-321.245
 21
-321.245
  0
LINE
  8
COSTRUZIONI
 10
10781.179
 11
10781.179
 20
-321.245
 21
-271.245
  0
LINE
  8
COSTRUZIONI
 10
10286.101
 11
10286.101
 20
-321.245
 21
-271.245
  0
LINE
  8
APS_GEOMETRY
 10
12068.803
 11
12077.42
 20
-256.631
 21
-256.631
  0
ARC
  8
APS_GEOMETRY
 10
12076.984
 20
-244.283
 40
12.355
 50
272.021
 51
278.44
  0
ARC
  8
APS_GEOMETRY
 10
12077.47
 20
-247.561
 40
9.042
 50
278.44
 51
285.945
  0
ARC
  8
APS_GEOMETRY
 10
12081.129
 20
-260.659
 40
4.559
 50
98.584
 51
104.931
  0
ARC
  8
APS_GEOMETRY
 10
12080.821
 20
-258.619
 40
2.495
 50
90.0
 51
98.584
  0
ARC
  8
APS_GEOMETRY
 10
12080.821
 20
-258.0
 40
1.876
 50
52.871
 51
90.0
  0
ARC
  8
APS_GEOMETRY
 10
12078.277
 20
-261.36
 40
6.091
 50
32.518
 51
52.871
  0
ARC
  8
APS_GEOMETRY
 10
12076.261
 20
-262.645
 40
8.481
 50
17.209
 51
32.518
  0
ARC
  8
APS_GEOMETRY
 10
12077.941
 20
-262.125
 40
6.723
 50
360.0
 51
17.209
  0
ARC
  8
APS_GEOMETRY
 10
12081.305
 20
-262.125
 40
3.359
 50
337.348
 51
360.0
  0
ARC
  8
APS_GEOMETRY
 10
12082.655
 20
-262.688
 40
1.896
 50
307.042
 51
337.348
  0
ARC
  8
APS_GEOMETRY
 10
12082.42
 20
-262.366
 40
2.295
 50
287.186
 51
306.87
  0
ARC
  8
APS_GEOMETRY
 10
12082.211
 20
-261.689
 40
3.003
 50
270.0
 51
287.186
  0
ARC
  8
APS_GEOMETRY
 10
12082.211
 20
-261.995
 40
2.697
 50
252.221
 51
270.0
  0
ARC
  8
APS_GEOMETRY
 10
12082.085
 20
-262.387
 40
2.286
 50
232.896
 51
252.221
  0
ARC
  8
APS_GEOMETRY
 10
12082.571
 20
-261.745
 40
3.09
 50
218.3
 51
232.896
  0
ARC
  8
APS_GEOMETRY
 10
12086.361
 20
-258.752
 40
7.92
 50
209.197
 51
218.3
  0
ARC
  8
APS_GEOMETRY
 10
12067.084
 20
-269.196
 40
14.006
 50
28.025
 51
32.699
  0
ARC
  8
APS_GEOMETRY
 10
12077.162
 20
-262.726
 40
2.03
 50
32.699
 51
45.0
  0
ARC
  8
APS_GEOMETRY
 10
12077.849
 20
-262.039
 40
1.058
 50
45.0
 51
67.557
  0
ARC
  8
APS_GEOMETRY
 10
12077.845
 20
-262.049
 40
1.069
 50
67.557
 51
90.0
  0
ARC
  8
APS_GEOMETRY
 10
12077.845
 20
-261.965
 40
0.984
 50
90.0
 51
120.801
  0
ARC
  8
APS_GEOMETRY
 10
12077.812
 20
-261.909
 40
0.919
 50
120.801
 51
152.7
  0
ARC
  8
APS_GEOMETRY
 10
12078.541
 20
-262.285
 40
1.74
 50
152.7
 51
171.085
  0
ARC
  8
APS_GEOMETRY
 10
12084.086
 20
-263.155
 40
7.353
 50
171.085
 51
180.0
  0
LINE
  8
APS_GEOMETRY
 10
12076.733
 11
12076.733
 20
-263.155
 21
-272.312
  0
ARC
  8
APS_GEOMETRY
 10
12086.447
 20
-272.312
 40
9.714
 50
180.0
 51
188.194
  0
ARC
  8
APS_GEOMETRY
 10
12079.193
 20
-273.357
 40
2.385
 50
188.194
 51
204.775
  0
ARC
  8
APS_GEOMETRY
 10
12078.488
 20
-273.682
 40
1.609
 50
204.775
 51
228.576
  0
ARC
  8
APS_GEOMETRY
 10
12079.149
 20
-272.933
 40
2.608
 50
228.576
 51
247.218
  0
ARC
  8
APS_GEOMETRY
 10
12075.315
 20
-281.969
 40
7.208
 50
59.381
 51
66.93
  0
ARC
  8
APS_GEOMETRY
 10
12078.145
 20
-277.186
 40
1.65
 50
43.568
 51
59.381
  0
ARC
  8
APS_GEOMETRY
 10
12078.598
 20
-276.755
 40
1.025
 50
19.041
 51
43.568
  0
ARC
  8
APS_GEOMETRY
 10
12077.969
 20
-276.972
 40
1.691
 50
360.0
 51
19.041
  0
ARC
  8
APS_GEOMETRY
 10
12078.286
 20
-276.972
 40
1.374
 50
317.66
 51
360.0
  0
ARC
  8
APS_GEOMETRY
 10
12077.025
 20
-275.823
 40
3.08
 50
289.747
 51
317.66
  0
ARC
  8
APS_GEOMETRY
 10
12075.969
 20
-272.881
 40
6.206
 50
281.964
 51
289.747
  0
ARC
  8
APS_GEOMETRY
 10
12074.506
 20
-265.975
 40
13.265
 50
276.643
 51
281.964
  0
ARC
  8
APS_GEOMETRY
 10
12073.89
 20
-260.687
 40
18.589
 50
272.836
 51
276.643
  0
ARC
  8
APS_GEOMETRY
 10
12073.152
 20
-245.799
 40
33.495
 50
270.0
 51
272.836
  0
ARC
  8
APS_GEOMETRY
 10
12073.152
 20
-236.574
 40
42.72
 50
267.283
 51
270.0
  0
ARC
  8
APS_GEOMETRY
 10
12072.255
 20
-255.476
 40
23.797
 50
263.643
 51
267.283
  0
ARC
  8
APS_GEOMETRY
 10
12071.504
 20
-262.217
 40
17.014
 50
258.563
 51
263.643
  0
ARC
  8
APS_GEOMETRY
 10
12069.71
 20
-271.087
 40
7.964
 50
251.136
 51
258.563
  0
ARC
  8
APS_GEOMETRY
 10
12068.108
 20
-275.734
 40
3.05
 50
222.558
 51
251.395
  0
ARC
  8
APS_GEOMETRY
 10
12066.919
 20
-276.825
 40
1.436
 50
180.0
 51
222.558
  0
ARC
  8
APS_GEOMETRY
 10
12066.679
 20
-276.825
 40
1.196
 50
150.642
 51
180.0
  0
ARC
  8
APS_GEOMETRY
 10
12066.775
 20
-276.879
 40
1.306
 50
122.574
 51
150.642
  0
ARC
  8
APS_GEOMETRY
 10
12066.521
 20
-276.588
 40
0.926
 50
108.677
 51
119.055
  0
ARC
  8
APS_GEOMETRY
 10
12078.079
 20
-310.78
 40
37.018
 50
107.038
 51
108.677
  0
ARC
  8
APS_GEOMETRY
 10
12066.802
 20
-273.898
 40
1.549
 50
286.144
 51
308.66
  0
ARC
  8
APS_GEOMETRY
 10
12067.056
 20
-274.215
 40
1.143
 50
308.66
 51
334.933
  0
ARC
  8
APS_GEOMETRY
 10
12066.023
 20
-273.732
 40
2.283
 50
334.933
 51
348.829
  0
ARC
  8
APS_GEOMETRY
 10
12053.11
 20
-271.182
 40
15.445
 50
348.829
 51
354.161
  0
ARC
  8
APS_GEOMETRY
 10
12044.382
 20
-270.282
 40
24.219
 50
354.144
 51
355.66
  0
ARC
  8
APS_GEOMETRY
 10
12005.694
 20
-267.346
 40
63.019
 50
355.66
 51
356.6
  0
ARC
  8
APS_GEOMETRY
 10
11976.12
 20
-265.59
 40
92.646
 50
356.6
 51
357.24
  0
ARC
  8
APS_GEOMETRY
 10
11892.207
 20
-261.544
 40
176.656
 50
357.24
 51
357.703
  0
ARC
  8
APS_GEOMETRY
 10
11900.467
 20
-261.875
 40
168.389
 50
357.703
 51
358.674
  0
ARC
  8
APS_GEOMETRY
 10
11978.383
 20
-263.678
 40
90.452
 50
358.674
 51
0.0
  0
ARC
  8
APS_GEOMETRY
 10
12055.43
 20
-263.678
 40
13.405
 50
360.0
 51
6.242
  0
ARC
  8
APS_GEOMETRY
 10
12066.09
 20
-262.512
 40
2.682
 50
6.242
 51
20.225
  0
ARC
  8
APS_GEOMETRY
 10
12067.567
 20
-261.968
 40
1.107
 50
20.225
 51
50.44
  0
ARC
  8
APS_GEOMETRY
 10
12067.854
 20
-261.621
 40
0.657
 50
50.44
 51
90.0
  0
ARC
  8
APS_GEOMETRY
 10
12067.854
 20
-261.845
 40
0.881
 50
90.0
 51
126.747
  0
ARC
  8
APS_GEOMETRY
 10
12069.099
 20
-263.512
 40
2.962
 50
126.747
 51
146.547
  0
ARC
  8
APS_GEOMETRY
 10
12047.105
 20
-249.056
 40
23.357
 50
324.255
 51
326.701
  0
ARC
  8
APS_GEOMETRY
 10
12056.417
 20
-255.758
 40
11.885
 50
320.826
 51
324.255
  0
ARC
  8
APS_GEOMETRY
 10
12059.46
 20
-258.238
 40
7.959
 50
315.722
 51
320.826
  0
ARC
  8
APS_GEOMETRY
 10
12062.957
 20
-261.648
 40
3.075
 50
307.504
 51
315.722
  0
ARC
  8
APS_GEOMETRY
 10
12062.634
 20
-261.217
 40
3.613
 50
291.306
 51
307.405
  0
ARC
  8
APS_GEOMETRY
 10
12063.194
 20
-262.652
 40
2.073
 50
270.0
 51
291.306
  0
ARC
  8
APS_GEOMETRY
 10
12063.194
 20
-262.785
 40
1.939
 50
245.532
 51
270.0
  0
ARC
  8
APS_GEOMETRY
 10
12063.179
 20
-262.818
 40
1.904
 50
220.833
 51
245.532
  0
ARC
  8
APS_GEOMETRY
 10
12063.376
 20
-262.648
 40
2.164
 50
198.684
 51
220.833
  0
ARC
  8
APS_GEOMETRY
 10
12064.196
 20
-262.37
 40
3.03
 50
180.0
 51
198.684
  0
ARC
  8
APS_GEOMETRY
 10
12066.12
 20
-262.37
 40
4.954
 50
168.408
 51
180.0
  0
ARC
  8
APS_GEOMETRY
 10
12069.296
 20
-263.022
 40
8.196
 50
159.402
 51
168.408
  0
ARC
  8
APS_GEOMETRY
 10
12070.278
 20
-263.391
 40
9.245
 50
151.39
 51
159.402
  0
ARC
  8
APS_GEOMETRY
 10
12070.077
 20
-263.281
 40
9.016
 50
143.276
 51
151.39
  0
ARC
  8
APS_GEOMETRY
 10
12067.552
 20
-261.393
 40
5.863
 50
124.216
 51
143.31
  0
ARC
  8
APS_GEOMETRY
 10
12065.303
 20
-258.086
 40
1.864
 50
90.0
 51
124.216
  0
ARC
  8
APS_GEOMETRY
 10
12065.303
 20
-258.914
 40
2.692
 50
82.725
 51
90.0
  0
ARC
  8
APS_GEOMETRY
 10
12065.093
 20
-260.562
 40
4.353
 50
77.005
 51
82.725
  0
ARC
  8
APS_GEOMETRY
 10
12071.517
 20
-229.589
 40
27.28
 50
258.486
 51
260.378
  0
ARC
  8
APS_GEOMETRY
 10
12068.765
 20
-245.821
 40
10.816
 50
260.378
 51
263.382
  0
ARC
  8
APS_GEOMETRY
 10
12068.53
 20
-247.85
 40
8.774
 50
263.382
 51
267.084
  0
ARC
  8
APS_GEOMETRY
 10
12068.803
 20
-242.494
 40
14.137
 50
267.084
 51
270.0
  0
ARC
  8
APS_GEOMETRY
 10
12098.666
 20
-269.064
 40
12.891
 50
71.91
 51
90.0
  0
ARC
  8
APS_GEOMETRY
 10
12099.165
 20
-267.535
 40
11.283
 50
52.561
 51
71.91
  0
ARC
  8
APS_GEOMETRY
 10
12099.035
 20
-267.573
 40
11.393
 50
38.846
 51
52.156
  0
ARC
  8
APS_GEOMETRY
 10
12097.248
 20
-269.012
 40
13.686
 50
26.707
 51
38.846
  0
ARC
  8
APS_GEOMETRY
 10
12097.602
 20
-268.723
 40
13.241
 50
13.868
 51
26.278
  0
ARC
  8
APS_GEOMETRY
 10
12100.152
 20
-268.093
 40
10.614
 50
360.0
 51
13.868
  0
ARC
  8
APS_GEOMETRY
 10
12100.317
 20
-268.093
 40
10.449
 50
339.712
 51
360.0
  0
ARC
  8
APS_GEOMETRY
 10
12099.729
 20
-267.876
 40
11.076
 50
320.013
 51
339.712
  0
ARC
  8
APS_GEOMETRY
 10
12099.631
 20
-267.822
 40
11.186
 50
303.344
 51
320.123
  0
ARC
  8
APS_GEOMETRY
 10
12098.483
 20
-266.077
 40
13.274
 50
287.949
 51
303.344
  0
ARC
  8
APS_GEOMETRY
 10
12098.106
 20
-264.77
 40
14.634
 50
279.039
 51
287.776
  0
ARC
  8
APS_GEOMETRY
 10
12098.257
 20
-265.719
 40
13.673
 50
270.0
 51
279.039
  0
ARC
  8
APS_GEOMETRY
 10
12098.257
 20
-266.387
 40
13.005
 50
257.728
 51
270.0
  0
ARC
  8
APS_GEOMETRY
 10
12098.278
 20
-266.293
 40
13.102
 50
245.501
 51
257.728
  0
ARC
  8
APS_GEOMETRY
 10
12097.541
 20
-267.904
 40
11.33
 50
228.665
 51
245.511
  0
ARC
  8
APS_GEOMETRY
 10
12097.296
 20
-268.183
 40
10.959
 50
211.535
 51
228.665
  0
ARC
  8
APS_GEOMETRY
 10
12097.617
 20
-267.947
 40
11.356
 50
195.642
 51
211.701
  0
ARC
  8
APS_GEOMETRY
 10
12098.204
 20
-267.783
 40
11.966
 50
180.0
 51
195.642
  0
ARC
  8
APS_GEOMETRY
 10
12098.33
 20
-267.783
 40
12.091
 50
162.181
 51
180.0
  0
ARC
  8
APS_GEOMETRY
 10
12097.227
 20
-267.428
 40
10.933
 50
143.434
 51
162.181
  0
ARC
  8
APS_GEOMETRY
 10
12097.078
 20
-267.309
 40
10.742
 50
126.384
 51
143.471
  0
ARC
  8
APS_GEOMETRY
 10
12098.095
 20
-268.689
 40
12.457
 50
110.525
 51
126.384
  0
ARC
  8
APS_GEOMETRY
 10
12098.045
 20
-268.315
 40
12.089
 50
99.77
 51
110.925
  0
ARC
  8
APS_GEOMETRY
 10
12098.666
 20
-271.921
 40
15.748
 50
90.0
 51
99.77
  0
ARC
  8
APS_GEOMETRY
 10
12097.113
 20
-263.269
 40
2.404
 50
90.0
 51
119.604
  0
ARC
  8
APS_GEOMETRY
 10
12097.323
 20
-263.64
 40
2.83
 50
119.604
 51
146.842
  0
ARC
  8
APS_GEOMETRY
 10
12097.746
 20
-263.987
 40
3.374
 50
145.84
 51
164.055
  0
ARC
  8
APS_GEOMETRY
 10
12098.727
 20
-264.267
 40
4.394
 50
164.055
 51
180.0
  0
ARC
  8
APS_GEOMETRY
 10
12104.859
 20
-264.267
 40
10.526
 50
180.0
 51
189.977
  0
ARC
  8
APS_GEOMETRY
 10
12114.185
 20
-262.626
 40
19.995
 50
189.977
 51
197.211
  0
ARC
  8
APS_GEOMETRY
 10
12116.225
 20
-261.995
 40
22.131
 50
197.211
 51
203.76
  0
ARC
  8
APS_GEOMETRY
 10
12111.143
 20
-264.232
 40
16.579
 50
203.76
 51
211.329
  0
ARC
  8
APS_GEOMETRY
 10
12100.709
 20
-270.493
 40
4.411
 50
212.32
 51
224.441
  0
ARC
  8
APS_GEOMETRY
 10
12100.282
 20
-270.913
 40
3.812
 50
224.441
 51
237.484
  0
ARC
  8
APS_GEOMETRY
 10
12100.005
 20
-271.346
 40
3.298
 50
237.484
 51
252.416
  0
ARC
  8
APS_GEOMETRY
 10
12099.729
 20
-272.218
 40
2.383
 50
252.416
 51
270.0
  0
ARC
  8
APS_GEOMETRY
 10
12099.729
 20
-271.936
 40
2.666
 50
270.0
 51
294.953
  0
ARC
  8
APS_GEOMETRY
 10
12099.804
 20
-272.096
 40
2.489
 50
294.953
 51
320.793
  0
ARC
  8
APS_GEOMETRY
 10
12099.403
 20
-271.769
 40
3.005
 50
320.793
 51
342.777
  0
ARC
  8
APS_GEOMETRY
 10
12097.619
 20
-271.216
 40
4.873
 50
342.777
 51
0.0
  0
ARC
  8
APS_GEOMETRY
 10
12089.239
 20
-271.216
 40
13.254
 50
0.0
 51
8.499
  0
ARC
  8
APS_GEOMETRY
 10
12083.405
 20
-272.088
 40
19.152
 50
8.499
 51
15.566
  0
ARC
  8
APS_GEOMETRY
 10
12084.107
 20
-271.893
 40
18.424
 50
15.566
 51
22.909
  0
ARC
  8
APS_GEOMETRY
 10
12090.138
 20
-269.344
 40
11.876
 50
22.909
 51
32.057
  0
ARC
  8
APS_GEOMETRY
 10
12094.876
 20
-266.359
 40
6.276
 50
31.921
 51
42.51
  0
ARC
  8
APS_GEOMETRY
 10
12096.177
 20
-265.166
 40
4.511
 50
42.51
 51
55.008
  0
ARC
  8
APS_GEOMETRY
 10
12096.617
 20
-264.539
 40
3.745
 50
55.008
 51
69.88
  0
ARC
  8
APS_GEOMETRY
 10
12097.011
 20
-263.463
 40
2.599
 50
69.88
 51
87.754
  0
ARC
  8
APS_GEOMETRY
 10
12122.876
 20
-264.164
 40
7.992
 50
83.923
 51
90.0
  0
ARC
  8
APS_GEOMETRY
 10
12122.234
 20
-270.202
 40
14.063
 50
79.342
 51
83.923
  0
ARC
  8
APS_GEOMETRY
 10
12121.458
 20
-274.322
 40
18.256
 50
75.808
 51
79.342
  0
ARC
  8
APS_GEOMETRY
 10
12118.753
 20
-285.02
 40
29.29
 50
73.018
 51
75.808
  0
ARC
  8
APS_GEOMETRY
 10
12128.279
 20
-253.773
 40
3.376
 50
253.288
 51
259.046
  0
ARC
  8
APS_GEOMETRY
 10
12127.815
 20
-256.17
 40
0.935
 50
259.046
 51
270.0
  0
ARC
  8
APS_GEOMETRY
 10
12127.815
 20
-256.55
 40
0.555
 50
270.0
 51
286.699
  0
ARC
  8
APS_GEOMETRY
 10
12123.378
 20
-241.761
 40
15.995
 50
286.699
 51
289.799
  0
ARC
  8
APS_GEOMETRY
 10
12129.323
 20
-258.216
 40
1.501
 50
100.008
 51
110.556
  0
ARC
  8
APS_GEOMETRY
 10
12129.352
 20
-258.38
 40
1.667
 50
90.0
 51
100.008
  0
ARC
  8
APS_GEOMETRY
 10
12129.352
 20
-258.302
 40
1.59
 50
53.356
 51
90.0
  0
ARC
  8
APS_GEOMETRY
 10
12126.575
 20
-262.035
 40
6.242
 50
35.101
 51
53.356
  0
ARC
  8
APS_GEOMETRY
 10
12125.189
 20
-263.009
 40
7.936
 50
20.245
 51
35.101
  0
ARC
  8
APS_GEOMETRY
 10
12128.606
 20
-261.749
 40
4.294
 50
360.0
 51
20.245
  0
ARC
  8
APS_GEOMETRY
 10
12130.325
 20
-261.749
 40
2.575
 50
340.481
 51
360.0
  0
ARC
  8
APS_GEOMETRY
 10
12130.749
 20
-261.899
 40
2.125
 50
318.972
 51
340.481
  0
ARC
  8
APS_GEOMETRY
 10
12130.938
 20
-262.064
 40
1.874
 50
295.017
 51
318.972
  0
ARC
  8
APS_GEOMETRY
 10
12131.003
 20
-262.203
 40
1.721
 50
270.0
 51
295.017
  0
ARC
  8
APS_GEOMETRY
 10
12131.003
 20
-261.281
 40
2.643
 50
256.171
 51
270.0
  0
ARC
  8
APS_GEOMETRY
 10
12130.715
 20
-262.451
 40
1.437
 50
237.381
 51
256.171
  0
ARC
  8
APS_GEOMETRY
 10
12131.225
 20
-261.654
 40
2.384
 50
231.559
 51
237.381
  0
ARC
  8
APS_GEOMETRY
 10
12138.647
 20
-252.304
 40
14.321
 50
229.185
 51
231.559
  0
ARC
  8
APS_GEOMETRY
 10
12146.6
 20
-243.095
 40
26.49
 50
227.9
 51
229.185
  0
ARC
  8
APS_GEOMETRY
 10
12174.127
 20
-212.631
 40
67.548
 50
227.095
 51
227.9
  0
ARC
  8
APS_GEOMETRY
 10
12122.446
 20
-268.212
 40
8.348
 50
46.975
 51
64.612
  0
ARC
  8
APS_GEOMETRY
 10
12124.283
 20
-264.34
 40
4.063
 50
64.612
 51
90.0
  0
ARC
  8
APS_GEOMETRY
 10
12124.283
 20
-263.205
 40
2.928
 50
90.0
 51
106.966
  0
ARC
  8
APS_GEOMETRY
 10
12123.943
 20
-262.093
 40
1.766
 50
106.966
 51
128.868
  0
ARC
  8
APS_GEOMETRY
 10
12123.747
 20
-261.85
 40
1.453
 50
128.868
 51
154.741
  0
ARC
  8
APS_GEOMETRY
 10
12123.811
 20
-261.88
 40
1.523
 50
154.741
 51
180.0
  0
ARC
  8
APS_GEOMETRY
 10
12123.718
 20
-261.88
 40
1.43
 50
180.0
 51
206.64
  0
ARC
  8
APS_GEOMETRY
 10
12124.178
 20
-261.649
 40
1.945
 50
206.64
 51
229.43
  0
ARC
  8
APS_GEOMETRY
 10
12124.916
 20
-260.787
 40
3.08
 50
229.43
 51
244.493
  0
ARC
  8
APS_GEOMETRY
 10
12126.939
 20
-256.547
 40
7.777
 50
244.493
 51
253.956
  0
ARC
  8
APS_GEOMETRY
 10
12090.904
 20
-379.012
 40
119.879
 50
72.737
 51
73.58
  0
ARC
  8
APS_GEOMETRY
 10
12111.555
 20
-312.554
 40
50.287
 50
71.435
 51
72.737
  0
ARC
  8
APS_GEOMETRY
 10
12118.396
 20
-292.187
 40
28.801
 50
69.164
 51
71.435
  0
ARC
  8
APS_GEOMETRY
 10
12126.468
 20
-270.976
 40
6.106
 50
64.231
 51
69.164
  0
ARC
  8
APS_GEOMETRY
 10
12125.54
 20
-272.845
 40
8.193
 50
34.939
 51
64.068
  0
ARC
  8
APS_GEOMETRY
 10
12127.544
 20
-271.445
 40
5.749
 50
360.0
 51
34.939
  0
ARC
  8
APS_GEOMETRY
 10
12126.312
 20
-271.445
 40
6.981
 50
333.435
 51
360.0
  0
ARC
  8
APS_GEOMETRY
 10
12125.855
 20
-271.217
 40
7.491
 50
307.807
 51
333.435
  0
ARC
  8
APS_GEOMETRY
 10
12124.668
 20
-269.681
 40
9.433
 50
296.732
 51
307.786
  0
ARC
  8
APS_GEOMETRY
 10
12123.965
 20
-268.286
 40
10.995
 50
286.496
 51
296.732
  0
ARC
  8
APS_GEOMETRY
 10
12123.502
 20
-266.723
 40
12.625
 50
277.544
 51
286.496
  0
ARC
  8
APS_GEOMETRY
 10
12122.827
 20
-261.628
 40
17.765
 50
270.0
 51
277.544
  0
ARC
  8
APS_GEOMETRY
 10
12122.827
 20
-260.857
 40
18.535
 50
263.555
 51
270.0
  0
ARC
  8
APS_GEOMETRY
 10
12123.427
 20
-255.545
 40
23.881
 50
257.878
 51
263.555
  0
ARC
  8
APS_GEOMETRY
 10
12123.109
 20
-257.028
 40
22.364
 50
254.839
 51
257.878
  0
ARC
  8
APS_GEOMETRY
 10
12120.526
 20
-266.562
 40
12.487
 50
250.772
 51
254.839
  0
ARC
  8
APS_GEOMETRY
 10
12119.364
 20
-269.893
 40
8.959
 50
245.121
 51
250.772
  0
ARC
  8
APS_GEOMETRY
 10
12117.397
 20
-274.134
 40
4.284
 50
236.944
 51
245.121
  0
ARC
  8
APS_GEOMETRY
 10
12116.237
 20
-275.959
 40
2.122
 50
211.802
 51
236.31
  0
ARC
  8
APS_GEOMETRY
 10
12121.749
 20
-272.541
 40
8.608
 50
199.704
 51
211.802
  0
ARC
  8
APS_GEOMETRY
 10
12124.382
 20
-271.598
 40
11.404
 50
190.413
 51
199.704
  0
ARC
  8
APS_GEOMETRY
 10
12122.1
 20
-272.018
 40
9.084
 50
180.0
 51
190.413
  0
ARC
  8
APS_GEOMETRY
 10
12115.951
 20
-272.018
 40
2.934
 50
164.876
 51
180.0
  0
ARC
  8
APS_GEOMETRY
 10
12114.297
 20
-271.571
 40
1.222
 50
141.34
 51
164.876
  0
ARC
  8
APS_GEOMETRY
 10
12114.457
 20
-271.678
 40
1.414
 50
116.928
 51
142.001
  0
ARC
  8
APS_GEOMETRY
 10
12114.374
 20
-271.513
 40
1.229
 50
90.0
 51
116.928
  0
ARC
  8
APS_GEOMETRY
 10
12114.374
 20
-271.516
 40
1.232
 50
62.21
 51
90.0
  0
ARC
  8
APS_GEOMETRY
 10
12113.882
 20
-272.449
 40
2.287
 50
41.906
 51
62.21
  0
ARC
  8
APS_GEOMETRY
 10
12113.965
 20
-272.467
 40
2.237
 50
37.313
 51
43.668
  0
ARC
  8
APS_GEOMETRY
 10
12101.431
 20
-282.02
 40
17.997
 50
35.074
 51
37.313
  0
ARC
  8
APS_GEOMETRY
 10
12087.198
 20
-292.014
 40
35.389
 50
33.934
 51
35.074
  0
ARC
  8
APS_GEOMETRY
 10
12036.449
 20
-326.159
 40
96.555
 50
33.243
 51
33.934
  0
ARC
  8
APS_GEOMETRY
 10
12120.009
 20
-271.374
 40
3.363
 50
213.453
 51
231.637
  0
ARC
  8
APS_GEOMETRY
 10
12121.598
 20
-269.366
 40
5.924
 50
231.637
 51
245.313
  0
ARC
  8
APS_GEOMETRY
 10
12121.948
 20
-268.604
 40
6.762
 50
245.313
 51
257.398
  0
ARC
  8
APS_GEOMETRY
 10
12121.83
 20
-269.132
 40
6.222
 50
257.398
 51
270.0
  0
ARC
  8
APS_GEOMETRY
 10
12121.83
 20
-270.101
 40
5.253
 50
270.0
 51
282.907
  0
ARC
  8
APS_GEOMETRY
 10
12122.395
 20
-272.567
 40
2.722
 50
282.907
 51
300.872
  0
ARC
  8
APS_GEOMETRY
 10
12122.885
 20
-273.387
 40
1.767
 50
300.872
 51
326.876
  0
ARC
  8
APS_GEOMETRY
 10
12123.443
 20
-273.751
 40
1.101
 50
326.876
 51
0.0
  0
ARC
  8
APS_GEOMETRY
 10
12123.279
 20
-273.751
 40
1.266
 50
0.0
 51
27.553
  0
ARC
  8
APS_GEOMETRY
 10
12122.879
 20
-273.96
 40
1.717
 50
27.553
 51
51.147
  0
ARC
  8
APS_GEOMETRY
 10
12122.051
 20
-274.987
 40
3.036
 50
51.147
 51
65.225
  0
ARC
  8
APS_GEOMETRY
 10
12119.0
 20
-281.599
 40
10.318
 50
65.225
 51
72.848
  0
ARC
  8
APS_GEOMETRY
 10
12136.82
 20
-224.779
 40
49.231
 50
251.106
 51
252.532
  0
ARC
  8
APS_GEOMETRY
 10
12130.512
 20
-243.21
 40
29.751
 50
249.271
 51
251.106
  0
ARC
  8
APS_GEOMETRY
 10
12127.89
 20
-250.139
 40
22.341
 50
246.83
 51
249.271
  0
ARC
  8
APS_GEOMETRY
 10
12123.648
 20
-260.051
 40
11.56
 50
243.435
 51
246.83
  0
ARC
  8
APS_GEOMETRY
 10
12123.165
 20
-261.016
 40
10.481
 50
235.981
 51
243.435
  0
ARC
  8
APS_GEOMETRY
 10
12123.536
 20
-260.467
 40
11.144
 50
228.752
 51
235.981
  0
ARC
  8
APS_GEOMETRY
 10
12121.799
 20
-262.514
 40
8.459
 50
206.421
 51
228.457
  0
ARC
  8
APS_GEOMETRY
 10
12119.521
 20
-263.646
 40
5.916
 50
180.0
 51
206.421
  0
ARC
  8
APS_GEOMETRY
 10
12119.629
 20
-263.646
 40
6.024
 50
166.555
 51
180.0
  0
ARC
  8
APS_GEOMETRY
 10
12120.326
 20
-263.812
 40
6.741
 50
153.848
 51
166.555
  0
ARC
  8
APS_GEOMETRY
 10
12120.384
 20
-263.841
 40
6.806
 50
141.244
 51
153.848
  0
ARC
  8
APS_GEOMETRY
 10
12120.814
 20
-264.186
 40
7.357
 50
129.123
 51
141.244
  0
ARC
  8
APS_GEOMETRY
 10
12122.191
 20
-265.65
 40
9.362
 50
108.978
 51
130.006
  0
ARC
  8
APS_GEOMETRY
 10
12122.876
 20
-267.643
 40
11.47
 50
90.0
 51
108.978
  0
ARC
  8
APS_GEOMETRY
 10
12147.872
 20
-266.805
 40
10.632
 50
77.257
 51
90.0
  0
ARC
  8
APS_GEOMETRY
 10
12147.764
 20
-267.282
 40
11.122
 50
64.799
 51
77.257
  0
ARC
  8
APS_GEOMETRY
 10
12156.922
 20
-247.783
 40
10.421
 50
244.885
 51
251.175
  0
ARC
  8
APS_GEOMETRY
 10
12153.938
 20
-256.537
 40
1.173
 50
251.175
 51
270.0
  0
ARC
  8
APS_GEOMETRY
 10
12153.938
 20
-255.807
 40
1.903
 50
270.0
 51
278.82
  0
ARC
  8
APS_GEOMETRY
 10
12152.709
 20
-247.883
 40
9.922
 50
278.82
 51
282.68
  0
ARC
  8
APS_GEOMETRY
 10
12155.281
 20
-259.273
 40
1.755
 50
95.906
 51
102.995
  0
ARC
  8
APS_GEOMETRY
 10
12155.361
 20
-260.041
 40
2.528
 50
90.0
 51
95.906
  0
ARC
  8
APS_GEOMETRY
 10
12155.361
 20
-259.191
 40
1.678
 50
62.447
 51
90.0
  0
ARC
  8
APS_GEOMETRY
 10
12155.062
 20
-259.763
 40
2.323
 50
39.094
 51
62.447
  0
ARC
  8
APS_GEOMETRY
 10
12151.945
 20
-262.37
 40
6.386
 50
18.435
 51
39.611
  0
ARC
  8
APS_GEOMETRY
 10
12150.032
 20
-263.008
 40
8.403
 50
360.0
 51
18.435
  0
ARC
  8
APS_GEOMETRY
 10
12154.268
 20
-263.008
 40
4.167
 50
334.877
 51
360.0
  0
ARC
  8
APS_GEOMETRY
 10
12155.521
 20
-263.596
 40
2.783
 50
304.007
 51
334.877
  0
ARC
  8
APS_GEOMETRY
 10
12155.501
 20
-263.537
 40
2.843
 50
286.39
 51
303.69
  0
ARC
  8
APS_GEOMETRY
 10
12155.41
 20
-263.228
 40
3.165
 50
270.0
 51
286.39
  0
ARC
  8
APS_GEOMETRY
 10
12155.41
 20
-263.264
 40
3.128
 50
255.155
 51
270.0
  0
ARC
  8
APS_GEOMETRY
 10
12155.067
 20
-264.557
 40
1.791
 50
235.491
 51
255.155
  0
ARC
  8
APS_GEOMETRY
 10
12155.239
 20
-264.307
 40
2.094
 50
218.48
 51
235.491
  0
ARC
  8
APS_GEOMETRY
 10
12158.05
 20
-262.073
 40
5.684
 50
208.179
 51
218.48
  0
ARC
  8
APS_GEOMETRY
 10
12129.237
 20
-277.713
 40
27.099
 50
28.56
 51
31.664
  0
ARC
  8
APS_GEOMETRY
 10
12146.843
 20
-266.854
 40
6.414
 50
31.664
 51
38.047
  0
ARC
  8
APS_GEOMETRY
 10
12148.124
 20
-265.853
 40
4.788
 50
38.047
 51
46.56
  0
ARC
  8
APS_GEOMETRY
 10
12147.458
 20
-266.555
 40
5.756
 50
46.56
 51
54.324
  0
ARC
  8
APS_GEOMETRY
 10
12147.074
 20
-267.216
 40
6.517
 50
54.968
 51
71.48
  0
ARC
  8
APS_GEOMETRY
 10
12147.496
 20
-265.958
 40
5.19
 50
71.48
 51
90.0
  0
ARC
  8
APS_GEOMETRY
 10
12147.496
 20
-264.393
 40
3.625
 50
90.0
 51
114.63
  0
ARC
  8
APS_GEOMETRY
 10
12147.314
 20
-263.996
 40
3.188
 50
114.63
 51
140.921
  0
ARC
  8
APS_GEOMETRY
 10
12147.851
 20
-264.433
 40
3.881
 50
140.921
 51
163.13
  0
ARC
  8
APS_GEOMETRY
 10
12150.54
 20
-265.248
 40
6.691
 50
163.13
 51
180.0
  0
ARC
  8
APS_GEOMETRY
 10
12154.027
 20
-265.248
 40
10.178
 50
180.0
 51
195.44
  0
ARC
  8
APS_GEOMETRY
 10
12153.498
 20
-265.394
 40
9.629
 50
195.44
 51
211.316
  0
ARC
  8
APS_GEOMETRY
 10
12150.953
 20
-266.889
 40
6.678
 50
211.708
 51
240.457
  0
ARC
  8
APS_GEOMETRY
 10
12150.782
 20
-267.19
 40
6.332
 50
240.457
 51
270.0
  0
ARC
  8
APS_GEOMETRY
 10
12150.782
 20
-265.647
 40
7.875
 50
270.0
 51
279.549
  0
ARC
  8
APS_GEOMETRY
 10
12150.684
 20
-265.065
 40
8.466
 50
279.549
 51
288.759
  0
ARC
  8
APS_GEOMETRY
 10
12151.097
 20
-266.28
 40
7.182
 50
288.759
 51
299.545
  0
ARC
  8
APS_GEOMETRY
 10
12152.752
 20
-269.199
 40
3.826
 50
299.545
 51
314.341
  0
ARC
  8
APS_GEOMETRY
 10
12157.869
 20
-274.515
 40
3.553
 50
120.141
 51
133.452
  0
ARC
  8
APS_GEOMETRY
 10
12156.44
 20
-272.053
 40
0.706
 50
90.0
 51
120.141
  0
ARC
  8
APS_GEOMETRY
 10
12156.44
 20
-272.462
 40
1.115
 50
61.952
 51
90.0
  0
ARC
  8
APS_GEOMETRY
 10
12156.274
 20
-272.774
 40
1.468
 50
37.569
 51
61.952
  0
ARC
  8
APS_GEOMETRY
 10
12155.964
 20
-273.012
 40
1.859
 50
17.665
 51
37.569
  0
ARC
  8
APS_GEOMETRY
 10
12155.492
 20
-273.162
 40
2.354
 50
360.0
 51
17.665
  0
ARC
  8
APS_GEOMETRY
 10
12154.306
 20
-273.162
 40
3.54
 50
344.932
 51
0.0
  0
ARC
  8
APS_GEOMETRY
 10
12151.157
 20
-272.315
 40
6.801
 50
334.075
 51
344.932
  0
ARC
  8
APS_GEOMETRY
 10
12151.058
 20
-272.266
 40
6.912
 50
323.374
 51
334.075
  0
ARC
  8
APS_GEOMETRY
 10
12153.09
 20
-273.777
 40
4.38
 50
309.92
 51
323.374
  0
ARC
  8
APS_GEOMETRY
 10
12155.12
 20
-276.172
 40
1.24
 50
289.026
 51
308.991
  0
ARC
  8
APS_GEOMETRY
 10
12152.954
 20
-269.889
 40
7.886
 50
281.143
 51
289.026
  0
ARC
  8
APS_GEOMETRY
 10
12155.151
 20
-281.28
 40
3.715
 50
100.437
 51
110.12
  0
ARC
  8
APS_GEOMETRY
 10
12158.061
 20
-289.225
 40
12.177
 50
110.12
 51
115.463
  0
ARC
  8
APS_GEOMETRY
 10
12147.671
 20
-267.485
 40
11.919
 50
282.94
 51
295.628
  0
ARC
  8
APS_GEOMETRY
 10
12147.774
 20
-267.932
 40
11.46
 50
270.0
 51
282.94
  0
ARC
  8
APS_GEOMETRY
 10
12147.774
 20
-267.255
 40
12.137
 50
257.307
 51
270.0
  0
ARC
  8
APS_GEOMETRY
 10
12148.286
 20
-264.98
 40
14.469
 50
245.686
 51
257.307
  0
ARC
  8
APS_GEOMETRY
 10
12147.001
 20
-267.801
 40
11.37
 50
228.801
 51
245.735
  0
ARC
  8
APS_GEOMETRY
 10
12147.022
 20
-267.776
 40
11.402
 50
211.891
 51
228.801
  0
ARC
  8
APS_GEOMETRY
 10
12147.696
 20
-267.291
 40
12.231
 50
196.728
 51
212.152
  0
ARC
  8
APS_GEOMETRY
 10
12145.952
 20
-267.815
 40
10.41
 50
180.0
 51
196.728
  0
ARC
  8
APS_GEOMETRY
 10
12146.206
 20
-267.815
 40
10.663
 50
161.184
 51
180.0
  0
ARC
  8
APS_GEOMETRY
 10
12146.89
 20
-268.048
 40
11.386
 50
142.98
 51
161.184
  0
ARC
  8
APS_GEOMETRY
 10
12147.422
 20
-268.456
 40
12.056
 50
127.824
 51
142.958
  0
ARC
  8
APS_GEOMETRY
 10
12148.299
 20
-269.585
 40
13.486
 50
113.52
 51
127.824
  0
ARC
  8
APS_GEOMETRY
 10
12148.014
 20
-268.926
 40
12.768
 50
101.927
 51
113.527
  0
ARC
  8
APS_GEOMETRY
 10
12147.872
 20
-268.253
 40
12.08
 50
90.0
 51
101.927
  0
ARC
  8
APS_GEOMETRY
 10
12173.112
 20
-269.064
 40
12.891
 50
71.91
 51
90.0
  0
ARC
  8
APS_GEOMETRY
 10
12173.612
 20
-267.535
 40
11.283
 50
52.561
 51
71.91
  0
ARC
  8
APS_GEOMETRY
 10
12173.481
 20
-267.573
 40
11.393
 50
38.846
 51
52.156
  0
ARC
  8
APS_GEOMETRY
 10
12171.695
 20
-269.012
 40
13.686
 50
26.707
 51
38.846
  0
ARC
  8
APS_GEOMETRY
 10
12172.048
 20
-268.723
 40
13.241
 50
13.868
 51
26.278
  0
ARC
  8
APS_GEOMETRY
 10
12174.598
 20
-268.093
 40
10.614
 50
360.0
 51
13.868
  0
ARC
  8
APS_GEOMETRY
 10
12174.763
 20
-268.093
 40
10.449
 50
339.712
 51
360.0
  0
ARC
  8
APS_GEOMETRY
 10
12174.175
 20
-267.876
 40
11.076
 50
320.013
 51
339.712
  0
ARC
  8
APS_GEOMETRY
 10
12174.077
 20
-267.822
 40
11.186
 50
303.344
 51
320.123
  0
ARC
  8
APS_GEOMETRY
 10
12172.93
 20
-266.077
 40
13.274
 50
287.949
 51
303.344
  0
ARC
  8
APS_GEOMETRY
 10
12172.552
 20
-264.77
 40
14.634
 50
279.039
 51
287.776
  0
ARC
  8
APS_GEOMETRY
 10
12172.703
 20
-265.719
 40
13.673
 50
270.0
 51
279.039
  0
ARC
  8
APS_GEOMETRY
 10
12172.703
 20
-266.387
 40
13.005
 50
257.728
 51
270.0
  0
ARC
  8
APS_GEOMETRY
 10
12172.724
 20
-266.293
 40
13.102
 50
245.501
 51
257.728
  0
ARC
  8
APS_GEOMETRY
 10
12171.988
 20
-267.904
 40
11.33
 50
228.665
 51
245.511
  0
ARC
  8
APS_GEOMETRY
 10
12171.743
 20
-268.183
 40
10.959
 50
211.535
 51
228.665
  0
ARC
  8
APS_GEOMETRY
 10
12172.064
 20
-267.947
 40
11.356
 50
195.642
 51
211.701
  0
ARC
  8
APS_GEOMETRY
 10
12172.651
 20
-267.783
 40
11.966
 50
180.0
 51
195.642
  0
ARC
  8
APS_GEOMETRY
 10
12172.776
 20
-267.783
 40
12.091
 50
162.181
 51
180.0
  0
ARC
  8
APS_GEOMETRY
 10
12171.673
 20
-267.428
 40
10.933
 50
143.434
 51
162.181
  0
ARC
  8
APS_GEOMETRY
 10
12171.525
 20
-267.309
 40
10.742
 50
126.384
 51
143.471
  0
ARC
  8
APS_GEOMETRY
 10
12172.542
 20
-268.689
 40
12.457
 50
110.525
 51
126.384
  0
ARC
  8
APS_GEOMETRY
 10
12172.491
 20
-268.315
 40
12.089
 50
99.77
 51
110.925
  0
ARC
  8
APS_GEOMETRY
 10
12173.112
 20
-271.921
 40
15.748
 50
90.0
 51
99.77
  0
ARC
  8
APS_GEOMETRY
 10
12171.559
 20
-263.269
 40
2.404
 50
90.0
 51
119.604
  0
ARC
  8
APS_GEOMETRY
 10
12171.769
 20
-263.64
 40
2.83
 50
119.604
 51
146.842
  0
ARC
  8
APS_GEOMETRY
 10
12172.192
 20
-263.987
 40
3.374
 50
145.84
 51
164.055
  0
ARC
  8
APS_GEOMETRY
 10
12173.173
 20
-264.267
 40
4.394
 50
164.055
 51
180.0
  0
ARC
  8
APS_GEOMETRY
 10
12179.305
 20
-264.267
 40
10.526
 50
180.0
 51
189.977
  0
ARC
  8
APS_GEOMETRY
 10
12188.631
 20
-262.626
 40
19.995
 50
189.977
 51
197.211
  0
ARC
  8
APS_GEOMETRY
 10
12190.671
 20
-261.995
 40
22.131
 50
197.211
 51
203.76
  0
ARC
  8
APS_GEOMETRY
 10
12185.59
 20
-264.232
 40
16.579
 50
203.76
 51
211.329
  0
ARC
  8
APS_GEOMETRY
 10
12175.155
 20
-270.493
 40
4.411
 50
212.32
 51
224.441
  0
ARC
  8
APS_GEOMETRY
 10
12174.728
 20
-270.913
 40
3.812
 50
224.441
 51
237.484
  0
ARC
  8
APS_GEOMETRY
 10
12174.451
 20
-271.346
 40
3.298
 50
237.484
 51
252.416
  0
ARC
  8
APS_GEOMETRY
 10
12174.175
 20
-272.218
 40
2.383
 50
252.416
 51
270.0
  0
ARC
  8
APS_GEOMETRY
 10
12174.175
 20
-271.936
 40
2.666
 50
270.0
 51
294.953
  0
ARC
  8
APS_GEOMETRY
 10
12174.25
 20
-272.096
 40
2.489
 50
294.953
 51
320.793
  0
ARC
  8
APS_GEOMETRY
 10
12173.849
 20
-271.769
 40
3.005
 50
320.793
 51
342.777
  0
ARC
  8
APS_GEOMETRY
 10
12172.066
 20
-271.216
 40
4.873
 50
342.777
 51
0.0
  0
ARC
  8
APS_GEOMETRY
 10
12163.685
 20
-271.216
 40
13.254
 50
0.0
 51
8.499
  0
ARC
  8
APS_GEOMETRY
 10
12157.851
 20
-272.088
 40
19.152
 50
8.499
 51
15.566
  0
ARC
  8
APS_GEOMETRY
 10
12158.553
 20
-271.893
 40
18.424
 50
15.566
 51
22.909
  0
ARC
  8
APS_GEOMETRY
 10
12164.585
 20
-269.344
 40
11.876
 50
22.909
 51
32.057
  0
ARC
  8
APS_GEOMETRY
 10
12169.322
 20
-266.359
 40
6.276
 50
31.921
 51
42.51
  0
ARC
  8
APS_GEOMETRY
 10
12170.623
 20
-265.166
 40
4.511
 50
42.51
 51
55.008
  0
ARC
  8
APS_GEOMETRY
 10
12171.063
 20
-264.539
 40
3.745
 50
55.008
 51
69.88
  0
ARC
  8
APS_GEOMETRY
 10
12171.457
 20
-263.463
 40
2.599
 50
69.88
 51
87.754
  0
ARC
  8
APS_GEOMETRY
 10
12199.792
 20
-266.805
 40
10.632
 50
77.257
 51
90.0
  0
ARC
  8
APS_GEOMETRY
 10
12199.684
 20
-267.282
 40
11.122
 50
64.799
 51
77.257
  0
ARC
  8
APS_GEOMETRY
 10
12208.843
 20
-247.783
 40
10.421
 50
244.885
 51
251.175
  0
ARC
  8
APS_GEOMETRY
 10
12205.858
 20
-256.537
 40
1.173
 50
251.175
 51
270.0
  0
ARC
  8
APS_GEOMETRY
 10
12205.858
 20
-255.807
 40
1.903
 50
270.0
 51
278.82
  0
ARC
  8
APS_GEOMETRY
 10
12204.629
 20
-247.883
 40
9.922
 50
278.82
 51
282.68
  0
ARC
  8
APS_GEOMETRY
 10
12207.201
 20
-259.273
 40
1.755
 50
95.906
 51
102.995
  0
ARC
  8
APS_GEOMETRY
 10
12207.281
 20
-260.041
 40
2.528
 50
90.0
 51
95.906
  0
ARC
  8
APS_GEOMETRY
 10
12207.281
 20
-259.191
 40
1.678
 50
62.447
 51
90.0
  0
ARC
  8
APS_GEOMETRY
 10
12206.983
 20
-259.763
 40
2.323
 50
39.094
 51
62.447
  0
ARC
  8
APS_GEOMETRY
 10
12203.865
 20
-262.37
 40
6.386
 50
18.435
 51
39.611
  0
ARC
  8
APS_GEOMETRY
 10
12201.952
 20
-263.008
 40
8.403
 50
360.0
 51
18.435
  0
ARC
  8
APS_GEOMETRY
 10
12206.188
 20
-263.008
 40
4.167
 50
334.877
 51
360.0
  0
ARC
  8
APS_GEOMETRY
 10
12207.442
 20
-263.596
 40
2.783
 50
304.007
 51
334.877
  0
ARC
  8
APS_GEOMETRY
 10
12207.421
 20
-263.537
 40
2.843
 50
286.39
 51
303.69
  0
ARC
  8
APS_GEOMETRY
 10
12207.33
 20
-263.228
 40
3.165
 50
270.0
 51
286.39
  0
ARC
  8
APS_GEOMETRY
 10
12207.33
 20
-263.264
 40
3.128
 50
255.155
 51
270.0
  0
ARC
  8
APS_GEOMETRY
 10
12206.987
 20
-264.557
 40
1.791
 50
235.491
 51
255.155
  0
ARC
  8
APS_GEOMETRY
 10
12207.159
 20
-264.307
 40
2.094
 50
218.48
 51
235.491
  0
ARC
  8
APS_GEOMETRY
 10
12209.97
 20
-262.073
 40
5.684
 50
208.179
 51
218.48
  0
ARC
  8
APS_GEOMETRY
 10
12181.157
 20
-277.713
 40
27.099
 50
28.56
 51
31.664
  0
ARC
  8
APS_GEOMETRY
 10
12198.764
 20
-266.854
 40
6.414
 50
31.664
 51
38.047
  0
ARC
  8
APS_GEOMETRY
 10
12200.044
 20
-265.853
 40
4.788
 50
38.047
 51
46.56
  0
ARC
  8
APS_GEOMETRY
 10
12199.378
 20
-266.555
 40
5.756
 50
46.56
 51
54.324
  0
ARC
  8
APS_GEOMETRY
 10
12198.994
 20
-267.216
 40
6.517
 50
54.968
 51
71.48
  0
ARC
  8
APS_GEOMETRY
 10
12199.416
 20
-265.958
 40
5.19
 50
71.48
 51
90.0
  0
ARC
  8
APS_GEOMETRY
 10
12199.416
 20
-264.393
 40
3.625
 50
90.0
 51
114.63
  0
ARC
  8
APS_GEOMETRY
 10
12199.234
 20
-263.996
 40
3.188
 50
114.63
 51
140.921
  0
ARC
  8
APS_GEOMETRY
 10
12199.772
 20
-264.433
 40
3.881
 50
140.921
 51
163.13
  0
ARC
  8
APS_GEOMETRY
 10
12202.46
 20
-265.248
 40
6.691
 50
163.13
 51
180.0
  0
ARC
  8
APS_GEOMETRY
 10
12205.947
 20
-265.248
 40
10.178
 50
180.0
 51
195.44
  0
ARC
  8
APS_GEOMETRY
 10
12205.418
 20
-265.394
 40
9.629
 50
195.44
 51
211.316
  0
ARC
  8
APS_GEOMETRY
 10
12202.873
 20
-266.889
 40
6.678
 50
211.708
 51
240.457
  0
ARC
  8
APS_GEOMETRY
 10
12202.702
 20
-267.19
 40
6.332
 50
240.457
 51
270.0
  0
ARC
  8
APS_GEOMETRY
 10
12202.702
 20
-265.647
 40
7.875
 50
270.0
 51
279.549
  0
ARC
  8
APS_GEOMETRY
 10
12202.604
 20
-265.065
 40
8.466
 50
279.549
 51
288.759
  0
ARC
  8
APS_GEOMETRY
 10
12203.017
 20
-266.28
 40
7.182
 50
288.759
 51
299.545
  0
ARC
  8
APS_GEOMETRY
 10
12204.672
 20
-269.199
 40
3.826
 50
299.545
 51
314.341
  0
ARC
  8
APS_GEOMETRY
 10
12209.79
 20
-274.515
 40
3.553
 50
120.141
 51
133.452
  0
ARC
  8
APS_GEOMETRY
 10
12208.36
 20
-272.053
 40
0.706
 50
90.0
 51
120.141
  0
ARC
  8
APS_GEOMETRY
 10
12208.36
 20
-272.462
 40
1.115
 50
61.952
 51
90.0
  0
ARC
  8
APS_GEOMETRY
 10
12208.194
 20
-272.774
 40
1.468
 50
37.569
 51
61.952
  0
ARC
  8
APS_GEOMETRY
 10
12207.884
 20
-273.012
 40
1.859
 50
17.665
 51
37.569
  0
ARC
  8
APS_GEOMETRY
 10
12207.412
 20
-273.162
 40
2.354
 50
360.0
 51
17.665
  0
ARC
  8
APS_GEOMETRY
 10
12206.226
 20
-273.162
 40
3.54
 50
344.932
 51
0.0
  0
ARC
  8
APS_GEOMETRY
 10
12203.077
 20
-272.315
 40
6.801
 50
334.075
 51
344.932
  0
ARC
  8
APS_GEOMETRY
 10
12202.978
 20
-272.266
 40
6.912
 50
323.374
 51
334.075
  0
ARC
  8
APS_GEOMETRY
 10
12205.01
 20
-273.777
 40
4.38
 50
309.92
 51
323.374
  0
ARC
  8
APS_GEOMETRY
 10
12207.04
 20
-276.172
 40
1.24
 50
289.026
 51
308.991
  0
ARC
  8
APS_GEOMETRY
 10
12204.874
 20
-269.889
 40
7.886
 50
281.143
 51
289.026
  0
ARC
  8
APS_GEOMETRY
 10
12207.071
 20
-281.28
 40
3.715
 50
100.437
 51
110.12
  0
ARC
  8
APS_GEOMETRY
 10
12209.981
 20
-289.225
 40
12.177
 50
110.12
 51
115.463
  0
ARC
  8
APS_GEOMETRY
 10
12199.591
 20
-267.485
 40
11.919
 50
282.94
 51
295.628
  0
ARC
  8
APS_GEOMETRY
 10
12199.694
 20
-267.932
 40
11.46
 50
270.0
 51
282.94
  0
ARC
  8
APS_GEOMETRY
 10
12199.694
 20
-267.255
 40
12.137
 50
257.307
 51
270.0
  0
ARC
  8
APS_GEOMETRY
 10
12200.206
 20
-264.98
 40
14.469
 50
245.686
 51
257.307
  0
ARC
  8
APS_GEOMETRY
 10
12198.921
 20
-267.801
 40
11.37
 50
228.801
 51
245.735
  0
ARC
  8
APS_GEOMETRY
 10
12198.942
 20
-267.776
 40
11.402
 50
211.891
 51
228.801
  0
ARC
  8
APS_GEOMETRY
 10
12199.616
 20
-267.291
 40
12.231
 50
196.728
 51
212.152
  0
ARC
  8
APS_GEOMETRY
 10
12197.872
 20
-267.815
 40
10.41
 50
180.0
 51
196.728
  0
ARC
  8
APS_GEOMETRY
 10
12198.126
 20
-267.815
 40
10.663
 50
161.184
 51
180.0
  0
ARC
  8
APS_GEOMETRY
 10
12198.81
 20
-268.048
 40
11.386
 50
142.98
 51
161.184
  0
ARC
  8
APS_GEOMETRY
 10
12199.342
 20
-268.456
 40
12.056
 50
127.824
 51
142.958
  0
ARC
  8
APS_GEOMETRY
 10
12200.219
 20
-269.585
 40
13.486
 50
113.52
 51
127.824
  0
ARC
  8
APS_GEOMETRY
 10
12199.934
 20
-268.926
 40
12.768
 50
101.927
 51
113.527
  0
ARC
  8
APS_GEOMETRY
 10
12199.792
 20
-268.253
 40
12.08
 50
90.0
 51
101.927
  0
ARC
  8
APS_GEOMETRY
 10
12225.032
 20
-269.064
 40
12.891
 50
71.91
 51
90.0
  0
ARC
  8
APS_GEOMETRY
 10
12225.532
 20
-267.535
 40
11.283
 50
52.561
 51
71.91
  0
ARC
  8
APS_GEOMETRY
 10
12225.401
 20
-267.573
 40
11.393
 50
38.846
 51
52.156
  0
ARC
  8
APS_GEOMETRY
 10
12223.615
 20
-269.012
 40
13.686
 50
26.707
 51
38.846
  0
ARC
  8
APS_GEOMETRY
 10
12223.968
 20
-268.723
 40
13.241
 50
13.868
 51
26.278
  0
ARC
  8
APS_GEOMETRY
 10
12226.518
 20
-268.093
 40
10.614
 50
360.0
 51
13.868
  0
ARC
  8
APS_GEOMETRY
 10
12226.683
 20
-268.093
 40
10.449
 50
339.712
 51
360.0
  0
ARC
  8
APS_GEOMETRY
 10
12226.095
 20
-267.876
 40
11.076
 50
320.013
 51
339.712
  0
ARC
  8
APS_GEOMETRY
 10
12225.997
 20
-267.822
 40
11.186
 50
303.344
 51
320.123
  0
ARC
  8
APS_GEOMETRY
 10
12224.85
 20
-266.077
 40
13.274
 50
287.949
 51
303.344
  0
ARC
  8
APS_GEOMETRY
 10
12224.472
 20
-264.77
 40
14.634
 50
279.039
 51
287.776
  0
ARC
  8
APS_GEOMETRY
 10
12224.624
 20
-265.719
 40
13.673
 50
270.0
 51
279.039
  0
ARC
  8
APS_GEOMETRY
 10
12224.624
 20
-266.387
 40
13.005
 50
257.728
 51
270.0
  0
ARC
  8
APS_GEOMETRY
 10
12224.644
 20
-266.293
 40
13.102
 50
245.501
 51
257.728
  0
ARC
  8
APS_GEOMETRY
 10
12223.908
 20
-267.904
 40
11.33
 50
228.665
 51
245.511
  0
ARC
  8
APS_GEOMETRY
 10
12223.663
 20
-268.183
 40
10.959
 50
211.535
 51
228.665
  0
ARC
  8
APS_GEOMETRY
 10
12223.984
 20
-267.947
 40
11.356
 50
195.642
 51
211.701
  0
ARC
  8
APS_GEOMETRY
 10
12224.571
 20
-267.783
 40
11.966
 50
180.0
 51
195.642
  0
ARC
  8
APS_GEOMETRY
 10
12224.696
 20
-267.783
 40
12.091
 50
162.181
 51
180.0
  0
ARC
  8
APS_GEOMETRY
 10
12223.593
 20
-267.428
 40
10.933
 50
143.434
 51
162.181
  0
ARC
  8
APS_GEOMETRY
 10
12223.445
 20
-267.309
 40
10.742
 50
126.384
 51
143.471
  0
ARC
  8
APS_GEOMETRY
 10
12224.462
 20
-268.689
 40
12.457
 50
110.525
 51
126.384
  0
ARC
  8
APS_GEOMETRY
 10
12224.411
 20
-268.315
 40
12.089
 50
99.77
 51
110.925
  0
ARC
  8
APS_GEOMETRY
 10
12225.032
 20
-271.921
 40
15.748
 50
90.0
 51
99.77
  0
ARC
  8
APS_GEOMETRY
 10
12223.479
 20
-263.269
 40
2.404
 50
90.0
 51
119.604
  0
ARC
  8
APS_GEOMETRY
 10
12223.689
 20
-263.64
 40
2.83
 50
119.604
 51
146.842
  0
ARC
  8
APS_GEOMETRY
 10
12224.113
 20
-263.987
 40
3.374
 50
145.84
 51
164.055
  0
ARC
  8
APS_GEOMETRY
 10
12225.093
 20
-264.267
 40
4.394
 50
164.055
 51
180.0
  0
ARC
  8
APS_GEOMETRY
 10
12231.225
 20
-264.267
 40
10.526
 50
180.0
 51
189.977
  0
ARC
  8
APS_GEOMETRY
 10
12240.551
 20
-262.626
 40
19.995
 50
189.977
 51
197.211
  0
ARC
  8
APS_GEOMETRY
 10
12242.591
 20
-261.995
 40
22.131
 50
197.211
 51
203.76
  0
ARC
  8
APS_GEOMETRY
 10
12237.51
 20
-264.232
 40
16.579
 50
203.76
 51
211.329
  0
ARC
  8
APS_GEOMETRY
 10
12227.076
 20
-270.493
 40
4.411
 50
212.32
 51
224.441
  0
ARC
  8
APS_GEOMETRY
 10
12226.648
 20
-270.913
 40
3.812
 50
224.441
 51
237.484
  0
ARC
  8
APS_GEOMETRY
 10
12226.371
 20
-271.346
 40
3.298
 50
237.484
 51
252.416
  0
ARC
  8
APS_GEOMETRY
 10
12226.095
 20
-272.218
 40
2.383
 50
252.416
 51
270.0
  0
ARC
  8
APS_GEOMETRY
 10
12226.095
 20
-271.936
 40
2.666
 50
270.0
 51
294.953
  0
ARC
  8
APS_GEOMETRY
 10
12226.17
 20
-272.096
 40
2.489
 50
294.953
 51
320.793
  0
ARC
  8
APS_GEOMETRY
 10
12225.77
 20
-271.769
 40
3.005
 50
320.793
 51
342.777
  0
ARC
  8
APS_GEOMETRY
 10
12223.986
 20
-271.216
 40
4.873
 50
342.777
 51
0.0
  0
ARC
  8
APS_GEOMETRY
 10
12215.605
 20
-271.216
 40
13.254
 50
0.0
 51
8.499
  0
ARC
  8
APS_GEOMETRY
 10
12209.771
 20
-272.088
 40
19.152
 50
8.499
 51
15.566
  0
ARC
  8
APS_GEOMETRY
 10
12210.473
 20
-271.893
 40
18.424
 50
15.566
 51
22.909
  0
ARC
  8
APS_GEOMETRY
 10
12216.505
 20
-269.344
 40
11.876
 50
22.909
 51
32.057
  0
ARC
  8
APS_GEOMETRY
 10
12221.243
 20
-266.359
 40
6.276
 50
31.921
 51
42.51
  0
ARC
  8
APS_GEOMETRY
 10
12222.544
 20
-265.166
 40
4.511
 50
42.51
 51
55.008
  0
ARC
  8
APS_GEOMETRY
 10
12222.983
 20
-264.539
 40
3.745
 50
55.008
 51
69.88
  0
ARC
  8
APS_GEOMETRY
 10
12223.377
 20
-263.463
 40
2.599
 50
69.88
 51
87.754
  0
ARC
  8
APS_GEOMETRY
 10
12250.289
 20
-270.775
 40
1.21
 50
90.0
 51
115.837
  0
ARC
  8
APS_GEOMETRY
 10
12249.991
 20
-270.16
 40
0.526
 50
115.837
 51
155.462
  0
ARC
  8
APS_GEOMETRY
 10
12250.339
 20
-270.318
 40
0.909
 50
155.462
 51
168.366
  0
ARC
  8
APS_GEOMETRY
 10
12253.512
 20
-270.972
 40
4.148
 50
168.366
 51
174.395
  0
ARC
  8
APS_GEOMETRY
 10
12256.71
 20
-271.285
 40
7.361
 50
174.395
 51
177.813
  0
ARC
  8
APS_GEOMETRY
 10
12267.324
 20
-271.691
 40
17.983
 50
177.813
 51
180.0
  0
ARC
  8
APS_GEOMETRY
 10
12275.008
 20
-271.691
 40
25.667
 50
180.0
 51
184.62
  0
ARC
  8
APS_GEOMETRY
 10
12257.798
 20
-273.081
 40
8.401
 50
184.62
 51
192.7
  0
ARC
  8
APS_GEOMETRY
 10
12251.163
 20
-274.538
 40
1.609
 50
194.036
 51
205.821
  0
ARC
  8
APS_GEOMETRY
 10
12250.461
 20
-274.878
 40
0.828
 50
205.821
 51
222.274
  0
ARC
  8
APS_GEOMETRY
 10
12250.676
 20
-274.682
 40
1.119
 50
222.274
 51
234.605
  0
ARC
  8
APS_GEOMETRY
 10
12253.106
 20
-271.262
 40
5.315
 50
234.605
 51
240.255
  0
ARC
  8
APS_GEOMETRY
 10
12249.412
 20
-277.799
 40
2.194
 50
34.592
 51
61.189
  0
ARC
  8
APS_GEOMETRY
 10
12250.137
 20
-277.299
 40
1.313
 50
360.0
 51
34.592
  0
ARC
  8
APS_GEOMETRY
 10
12250.181
 20
-277.299
 40
1.27
 50
318.231
 51
360.0
  0
ARC
  8
APS_GEOMETRY
 10
12249.331
 20
-276.541
 40
2.408
 50
288.227
 51
318.231
  0
ARC
  8
APS_GEOMETRY
 10
12248.451
 20
-273.867
 40
5.223
 50
280.377
 51
288.227
  0
ARC
  8
APS_GEOMETRY
 10
12246.916
 20
-265.485
 40
13.744
 50
275.541
 51
280.377
  0
ARC
  8
APS_GEOMETRY
 10
12246.255
 20
-258.666
 40
20.595
 50
272.304
 51
275.541
  0
ARC
  8
APS_GEOMETRY
 10
12245.449
 20
-238.649
 40
40.629
 50
270.0
 51
272.304
  0
ARC
  8
APS_GEOMETRY
 10
12245.449
 20
-255.378
 40
23.9
 50
262.811
 51
270.0
  0
ARC
  8
APS_GEOMETRY
 10
12243.305
 20
-272.381
 40
6.762
 50
249.274
 51
262.811
  0
ARC
  8
APS_GEOMETRY
 10
12241.956
 20
-275.946
 40
2.95
 50
221.379
 51
249.274
  0
ARC
  8
APS_GEOMETRY
 10
12240.772
 20
-276.989
 40
1.373
 50
180.0
 51
221.379
  0
ARC
  8
APS_GEOMETRY
 10
12240.763
 20
-276.989
 40
1.364
 50
164.055
 51
180.0
  0
ARC
  8
APS_GEOMETRY
 10
12240.194
 20
-276.826
 40
0.773
 50
142.815
 51
164.055
  0
ARC
  8
APS_GEOMETRY
 10
12240.552
 20
-277.098
 40
1.222
 50
129.007
 51
142.815
  0
ARC
  8
APS_GEOMETRY
 10
12244.948
 20
-282.525
 40
8.206
 50
123.69
 51
129.007
  0
ARC
  8
APS_GEOMETRY
 10
12238.71
 20
-273.138
 40
3.064
 50
303.389
 51
319.022
  0
ARC
  8
APS_GEOMETRY
 10
12239.539
 20
-273.859
 40
1.966
 50
319.022
 51
338.575
  0
ARC
  8
APS_GEOMETRY
 10
12238.43
 20
-273.423
 40
3.158
 50
338.575
 51
351.049
  0
ARC
  8
APS_GEOMETRY
 10
12225.027
 20
-271.312
 40
16.726
 50
351.049
 51
356.46
  0
ARC
  8
APS_GEOMETRY
 10
12229.445
 20
-271.48
 40
12.307
 50
355.972
 51
358.68
  0
ARC
  8
APS_GEOMETRY
 10
12084.349
 20
-268.137
 40
157.441
 50
358.68
 51
359.437
  0
LINE
  8
APS_GEOMETRY
 10
12241.782
 11
12241.798
 20
-269.683
 21
-267.228
  0
LINE
  8
APS_GEOMETRY
 10
12241.798
 11
12241.803
 20
-267.228
 21
-264.022
  0
ARC
  8
APS_GEOMETRY
 10
12203.898
 20
-264.022
 40
37.905
 50
360.0
 51
1.717
  0
ARC
  8
APS_GEOMETRY
 10
12224.182
 20
-263.414
 40
17.611
 50
1.717
 51
4.236
  0
ARC
  8
APS_GEOMETRY
 10
12230.797
 20
-262.924
 40
10.979
 50
4.236
 51
8.269
  0
ARC
  8
APS_GEOMETRY
 10
12238.409
 20
-261.817
 40
3.287
 50
8.269
 51
15.642
  0
ARC
  8
APS_GEOMETRY
 10
12239.719
 20
-261.451
 40
1.926
 50
15.642
 51
39.417
  0
ARC
  8
APS_GEOMETRY
 10
12239.748
 20
-261.426
 40
1.888
 50
39.417
 51
63.435
  0
ARC
  8
APS_GEOMETRY
 10
12243.149
 20
-254.382
 40
5.935
 50
236.874
 51
244.486
  0
ARC
  8
APS_GEOMETRY
 10
12240.619
 20
-258.258
 40
1.306
 50
220.601
 51
236.874
  0
ARC
  8
APS_GEOMETRY
 10
12240.329
 20
-258.507
 40
0.923
 50
198.246
 51
220.601
  0
ARC
  8
APS_GEOMETRY
 10
12240.763
 20
-258.364
 40
1.38
 50
180.0
 51
198.246
  0
ARC
  8
APS_GEOMETRY
 10
12240.756
 20
-258.364
 40
1.374
 50
156.161
 51
180.0
  0
ARC
  8
APS_GEOMETRY
 10
12240.948
 20
-258.449
 40
1.583
 50
133.977
 51
156.161
  0
ARC
  8
APS_GEOMETRY
 10
12241.33
 20
-258.844
 40
2.133
 50
116.996
 51
133.977
  0
ARC
  8
APS_GEOMETRY
 10
12242.088
 20
-260.333
 40
3.804
 50
104.3
 51
116.996
  0
ARC
  8
APS_GEOMETRY
 10
12242.284
 20
-261.086
 40
4.582
 50
95.326
 51
104.349
  0
ARC
  8
APS_GEOMETRY
 10
12243.078
 20
-269.603
 40
13.136
 50
90.0
 51
95.326
  0
ARC
  8
APS_GEOMETRY
 10
12243.078
 20
-262.974
 40
6.506
 50
87.553
 51
90.0
  0
ARC
  8
APS_GEOMETRY
 10
12241.694
 20
-295.367
 40
38.93
 50
86.553
 51
87.553
  0
ARC
  8
APS_GEOMETRY
 10
12239.725
 20
-328.041
 40
71.662
 50
86.009
 51
86.553
  0
ARC
  8
APS_GEOMETRY
 10
12232.072
 20
-437.747
 40
181.636
 50
85.668
 51
86.009
  0
ARC
  8
APS_GEOMETRY
 10
12246.396
 20
-249.092
 40
7.563
 50
265.426
 51
268.531
  0
ARC
  8
APS_GEOMETRY
 10
12247.068
 20
-222.871
 40
33.793
 50
268.531
 51
270.0
  0
ARC
  8
APS_GEOMETRY
 10
12247.068
 20
-230.908
 40
25.755
 50
270.0
 51
271.637
  0
ARC
  8
APS_GEOMETRY
 10
12246.492
 20
-210.766
 40
45.906
 50
271.637
 51
272.862
  0
ARC
  8
APS_GEOMETRY
 10
12245.832
 20
-197.551
 40
59.137
 50
272.862
 51
273.814
  0
ARC
  8
APS_GEOMETRY
 10
12243.595
 20
-163.999
 40
92.764
 50
273.814
 51
274.574
  0
ARC
  8
APS_GEOMETRY
 10
12257.626
 20
-346.494
 40
90.271
 50
93.72
 51
94.214
  0
ARC
  8
APS_GEOMETRY
 10
12254.631
 20
-300.435
 40
44.115
 50
93.013
 51
93.72
  0
ARC
  8
APS_GEOMETRY
 10
12253.81
 20
-284.838
 40
28.496
 50
91.918
 51
93.013
  0
ARC
  8
APS_GEOMETRY
 10
12253.167
 20
-265.63
 40
9.277
 50
90.0
 51
91.918
  0
ARC
  8
APS_GEOMETRY
 10
12253.167
 20
-268.407
 40
12.054
 50
73.82
 51
90.0
  0
ARC
  8
APS_GEOMETRY
 10
12254.355
 20
-264.312
 40
7.791
 50
53.658
 51
73.82
  0
ARC
  8
APS_GEOMETRY
 10
12256.045
 20
-262.002
 40
4.929
 50
26.03
 51
53.569
  0
ARC
  8
APS_GEOMETRY
 10
12255.527
 20
-262.256
 40
5.506
 50
360.0
 51
26.03
  0
ARC
  8
APS_GEOMETRY
 10
12255.311
 20
-262.256
 40
5.722
 50
345.282
 51
360.0
  0
ARC
  8
APS_GEOMETRY
 10
12255.861
 20
-262.4
 40
5.152
 50
329.767
 51
345.282
  0
ARC
  8
APS_GEOMETRY
 10
12256.173
 20
-262.582
 40
4.792
 50
313.168
 51
329.767
  0
ARC
  8
APS_GEOMETRY
 10
12256.288
 20
-262.705
 40
4.623
 50
296.267
 51
313.168
  0
ARC
  8
APS_GEOMETRY
 10
12258.92
 20
-268.022
 40
1.31
 50
116.565
 51
139.899
  0
ARC
  8
APS_GEOMETRY
 10
12258.267
 20
-267.472
 40
0.456
 50
139.899
 51
180.0
  0
ARC
  8
APS_GEOMETRY
 10
12258.317
 20
-267.472
 40
0.506
 50
180.0
 51
226.193
  0
ARC
  8
APS_GEOMETRY
 10
12259.253
 20
-266.497
 40
1.858
 50
226.193
 51
249.829
  0
ARC
  8
APS_GEOMETRY
 10
12256.572
 20
-273.877
 40
5.995
 50
53.249
 51
70.105
  0
ARC
  8
APS_GEOMETRY
 10
12257.79
 20
-272.247
 40
3.96
 50
32.471
 51
53.249
  0
ARC
  8
APS_GEOMETRY
 10
12257.222
 20
-272.608
 40
4.632
 50
23.305
 51
32.471
  0
ARC
  8
APS_GEOMETRY
 10
12253.717
 20
-274.118
 40
8.449
 50
16.521
 51
23.305
  0
ARC
  8
APS_GEOMETRY
 10
12250.985
 20
-274.928
 40
11.299
 50
11.429
 51
16.521
  0
ARC
  8
APS_GEOMETRY
 10
12243.24
 20
-276.494
 40
19.201
 50
7.524
 51
11.429
  0
ARC
  8
APS_GEOMETRY
 10
12268.904
 20
-273.076
 40
6.69
 50
187.765
 51
196.914
  0
ARC
  8
APS_GEOMETRY
 10
12263.432
 20
-274.74
 40
0.971
 50
196.914
 51
221.082
  0
ARC
  8
APS_GEOMETRY
 10
12263.453
 20
-274.722
 40
0.999
 50
221.082
 51
244.607
  0
ARC
  8
APS_GEOMETRY
 10
12265.79
 20
-269.799
 40
6.448
 50
244.607
 51
253.811
  0
ARC
  8
APS_GEOMETRY
 10
12263.735
 20
-276.804
 40
0.852
 50
51.45
 51
72.474
  0
ARC
  8
APS_GEOMETRY
 10
12263.524
 20
-277.069
 40
1.191
 50
33.69
 51
51.45
  0
ARC
  8
APS_GEOMETRY
 10
12263.475
 20
-277.102
 40
1.25
 50
16.639
 51
33.69
  0
ARC
  8
APS_GEOMETRY
 10
12263.415
 20
-277.119
 40
1.312
 50
360.0
 51
16.639
  0
ARC
  8
APS_GEOMETRY
 10
12263.397
 20
-277.119
 40
1.331
 50
338.993
 51
360.0
  0
ARC
  8
APS_GEOMETRY
 10
12262.584
 20
-276.807
 40
2.201
 50
322.696
 51
338.993
  0
ARC
  8
APS_GEOMETRY
 10
12262.282
 20
-276.577
 40
2.582
 50
308.603
 51
322.696
  0
ARC
  8
APS_GEOMETRY
 10
12262.073
 20
-276.316
 40
2.916
 50
295.346
 51
308.603
  0
ARC
  8
APS_GEOMETRY
 10
12260.978
 20
-273.903
 40
5.566
 50
279.583
 51
294.905
  0
ARC
  8
APS_GEOMETRY
 10
12259.544
 20
-265.412
 40
14.176
 50
270.0
 51
279.583
  0
ARC
  8
APS_GEOMETRY
 10
12259.544
 20
-269.253
 40
10.336
 50
261.247
 51
270.0
  0
ARC
  8
APS_GEOMETRY
 10
12258.882
 20
-273.553
 40
5.985
 50
249.737
 51
261.247
  0
ARC
  8
APS_GEOMETRY
 10
12258.447
 20
-274.732
 40
4.728
 50
235.345
 51
249.737
  0
ARC
  8
APS_GEOMETRY
 10
12257.897
 20
-275.527
 40
3.762
 50
219.198
 51
235.345
  0
ARC
  8
APS_GEOMETRY
 10
12259.054
 20
-274.541
 40
5.281
 50
209.076
 51
219.56
  0
ARC
  8
APS_GEOMETRY
 10
12261.724
 20
-273.056
 40
8.337
 50
200.735
 51
209.076
  0
ARC
  8
APS_GEOMETRY
 10
12265.409
 20
-271.661
 40
12.277
 50
197.881
 51
200.735
  0
ARC
  8
APS_GEOMETRY
 10
12280.55
 20
-266.776
 40
28.186
 50
195.997
 51
197.881
  0
ARC
  8
APS_GEOMETRY
 10
12291.741
 20
-263.568
 40
39.828
 50
194.664
 51
195.997
  0
ARC
  8
APS_GEOMETRY
 10
12322.738
 20
-255.456
 40
71.869
 50
193.671
 51
194.664
  0
ARC
  8
APS_GEOMETRY
 10
12244.133
 20
-274.567
 40
9.026
 50
13.61
 51
23.585
  0
ARC
  8
APS_GEOMETRY
 10
12250.043
 20
-271.987
 40
2.577
 50
23.585
 51
42.31
  0
ARC
  8
APS_GEOMETRY
 10
12250.579
 20
-271.499
 40
1.853
 50
42.31
 51
67.521
  0
ARC
  8
APS_GEOMETRY
 10
12250.155
 20
-272.524
 40
2.962
 50
67.521
 51
87.397
  0
LINE
  8
APS_GEOMETRY
 10
12249.357
 11
12249.177
 20
-261.226
 21
-265.035
  0
LINE
  8
APS_GEOMETRY
 10
12249.177
 11
12249.177
 20
-265.035
 21
-265.097
  0
LINE
  8
APS_GEOMETRY
 10
12249.177
 11
12249.177
 20
-265.097
 21
-265.183
  0
ARC
  8
APS_GEOMETRY
 10
12251.824
 20
-265.183
 40
2.647
 50
180.0
 51
192.339
  0
ARC
  8
APS_GEOMETRY
 10
12249.72
 20
-265.643
 40
0.493
 50
192.339
 51
221.186
  0
ARC
  8
APS_GEOMETRY
 10
12249.67
 20
-265.687
 40
0.426
 50
221.186
 51
253.872
  0
ARC
  8
APS_GEOMETRY
 10
12250.028
 20
-264.449
 40
1.715
 50
253.872
 51
270.0
  0
ARC
  8
APS_GEOMETRY
 10
12250.028
 20
-262.178
 40
3.985
 50
270.0
 51
289.569
  0
ARC
  8
APS_GEOMETRY
 10
12250.752
 20
-264.217
 40
1.822
 50
289.569
 51
318.681
  0
ARC
  8
APS_GEOMETRY
 10
12250.556
 20
-264.044
 40
2.083
 50
318.681
 51
344.628
  0
ARC
  8
APS_GEOMETRY
 10
12246.905
 20
-263.041
 40
5.87
 50
344.628
 51
0.0
  0
ARC
  8
APS_GEOMETRY
 10
12248.641
 20
-263.041
 40
4.134
 50
0.0
 51
35.369
  0
ARC
  8
APS_GEOMETRY
 10
12250.534
 20
-261.696
 40
1.812
 50
35.369
 51
90.0
  0
ARC
  8
APS_GEOMETRY
 10
12250.534
 20
-261.716
 40
1.831
 50
90.0
 51
108.435
  0
ARC
  8
APS_GEOMETRY
 10
12250.178
 20
-260.647
 40
0.705
 50
108.435
 51
138.366
  0
ARC
  8
APS_GEOMETRY
 10
12250.274
 20
-260.732
 40
0.833
 50
138.366
 51
164.291
  0
ARC
  8
APS_GEOMETRY
 10
12252.516
 20
-261.363
 40
3.162
 50
164.291
 51
177.51
  0
LINE
  8
APS_GEOMETRY
 10
12278.467
 11
12286.61
 20
-257.416
 21
-264.545
  0
ARC
  8
APS_GEOMETRY
 10
12294.226
 20
-255.805
 40
11.592
 50
228.93
 51
232.674
  0
ARC
  8
APS_GEOMETRY
 10
12289.989
 20
-261.362
 40
4.605
 50
232.674
 51
238.617
  0
ARC
  8
APS_GEOMETRY
 10
12288.923
 20
-263.109
 40
2.558
 50
238.617
 51
249.131
  0
ARC
  8
APS_GEOMETRY
 10
12288.245
 20
-264.888
 40
0.655
 50
249.131
 51
270.0
  0
ARC
  8
APS_GEOMETRY
 10
12288.245
 20
-264.968
 40
0.574
 50
270.0
 51
334.898
  0
ARC
  8
APS_GEOMETRY
 10
12285.596
 20
-263.727
 40
3.499
 50
334.898
 51
0.0
  0
ARC
  8
APS_GEOMETRY
 10
12259.98
 20
-263.727
 40
29.115
 50
360.0
 51
2.026
  0
ARC
  8
APS_GEOMETRY
 10
12275.424
 20
-263.181
 40
13.662
 50
2.026
 51
4.984
  0
ARC
  8
APS_GEOMETRY
 10
12280.473
 20
-262.741
 40
8.593
 50
4.984
 51
9.673
  0
ARC
  8
APS_GEOMETRY
 10
12286.293
 20
-261.749
 40
2.689
 50
9.673
 51
18.06
  0
ARC
  8
APS_GEOMETRY
 10
12287.179
 20
-261.46
 40
1.758
 50
18.06
 51
42.397
  0
ARC
  8
APS_GEOMETRY
 10
12286.893
 20
-261.721
 40
2.145
 50
42.397
 51
64.398
  0
ARC
  8
APS_GEOMETRY
 10
12289.505
 20
-256.328
 40
3.847
 50
233.633
 51
244.026
  0
ARC
  8
APS_GEOMETRY
 10
12288.082
 20
-258.26
 40
1.448
 50
216.656
 51
233.633
  0
ARC
  8
APS_GEOMETRY
 10
12287.864
 20
-258.422
 40
1.176
 50
196.082
 51
216.656
  0
ARC
  8
APS_GEOMETRY
 10
12288.576
 20
-258.217
 40
1.917
 50
180.0
 51
196.082
  0
ARC
  8
APS_GEOMETRY
 10
12288.053
 20
-258.217
 40
1.394
 50
133.202
 51
180.0
  0
ARC
  8
APS_GEOMETRY
 10
12289.152
 20
-259.387
 40
3.0
 50
101.788
 51
133.202
  0
ARC
  8
APS_GEOMETRY
 10
12289.408
 20
-260.536
 40
4.176
 50
96.633
 51
102.011
  0
ARC
  8
APS_GEOMETRY
 10
12290.338
 20
-268.53
 40
12.225
 50
93.489
 51
96.633
  0
ARC
  8
APS_GEOMETRY
 10
12290.736
 20
-275.059
 40
18.766
 50
91.439
 51
93.489
  0
ARC
  8
APS_GEOMETRY
 10
12291.221
 20
-294.357
 40
38.069
 50
90.0
 51
91.439
  0
ARC
  8
APS_GEOMETRY
 10
12291.221
 20
-291.769
 40
35.482
 50
87.994
 51
90.0
  0
ARC
  8
APS_GEOMETRY
 10
12291.866
 20
-273.349
 40
17.05
 50
85.101
 51
87.994
  0
ARC
  8
APS_GEOMETRY
 10
12292.39
 20
-267.241
 40
10.92
 50
80.595
 51
85.101
  0
ARC
  8
APS_GEOMETRY
 10
12293.583
 20
-260.034
 40
3.615
 50
72.759
 51
80.595
  0
ARC
  8
APS_GEOMETRY
 10
12293.945
 20
-258.914
 40
2.438
 50
40.956
 51
73.072
  0
ARC
  8
APS_GEOMETRY
 10
12294.635
 20
-258.315
 40
1.524
 50
360.0
 51
40.956
  0
ARC
  8
APS_GEOMETRY
 10
12294.727
 20
-258.315
 40
1.432
 50
322.573
 51
360.0
  0
ARC
  8
APS_GEOMETRY
 10
12293.974
 20
-257.739
 40
2.38
 50
293.749
 51
322.573
  0
ARC
  8
APS_GEOMETRY
 10
12296.996
 20
-264.679
 40
5.19
 50
113.429
 51
119.291
  0
ARC
  8
APS_GEOMETRY
 10
12294.977
 20
-261.079
 40
1.062
 50
119.291
 51
132.274
  0
ARC
  8
APS_GEOMETRY
 10
12294.86
 20
-260.951
 40
0.889
 50
132.274
 51
147.653
  0
ARC
  8
APS_GEOMETRY
 10
12295.701
 20
-261.484
 40
1.884
 50
147.653
 51
158.199
  0
ARC
  8
APS_GEOMETRY
 10
12296.981
 20
-262.023
 40
3.273
 50
157.751
 51
167.885
  0
ARC
  8
APS_GEOMETRY
 10
12303.791
 20
-263.485
 40
10.238
 50
167.885
 51
173.61
  0
ARC
  8
APS_GEOMETRY
 10
12309.814
 20
-264.16
 40
16.299
 50
173.61
 51
177.221
  0
ARC
  8
APS_GEOMETRY
 10
12328.392
 20
-265.062
 40
34.899
 50
177.221
 51
179.689
  0
LINE
  8
APS_GEOMETRY
 10
12293.494
 11
12293.494
 20
-264.872
 21
-270.203
  0
ARC
  8
APS_GEOMETRY
 10
12511.177
 20
-270.203
 40
217.683
 50
180.0
 51
180.161
  0
ARC
  8
APS_GEOMETRY
 10
12700.086
 20
-269.671
 40
406.593
 50
180.161
 51
180.279
  0
LINE
  8
APS_GEOMETRY
 10
12293.498
 11
12293.503
 20
-271.654
 21
-272.548
  0
LINE
  8
APS_GEOMETRY
 10
12293.503
 11
12293.51
 20
-272.548
 21
-273.555
  0
ARC
  8
APS_GEOMETRY
 10
12254.668
 20
-273.775
 40
38.843
 50
358.204
 51
0.326
  0
ARC
  8
APS_GEOMETRY
 10
12273.145
 20
-274.355
 40
20.356
 50
355.274
 51
358.204
  0
ARC
  8
APS_GEOMETRY
 10
12279.577
 20
-274.886
 40
13.903
 50
350.991
 51
355.274
  0
ARC
  8
APS_GEOMETRY
 10
12287.766
 20
-276.185
 40
5.612
 50
344.249
 51
350.991
  0
ARC
  8
APS_GEOMETRY
 10
12290.534
 20
-276.975
 40
2.733
 50
314.415
 51
344.445
  0
ARC
  8
APS_GEOMETRY
 10
12291.548
 20
-278.01
 40
1.284
 50
270.0
 51
314.415
  0
ARC
  8
APS_GEOMETRY
 10
12291.548
 20
-277.214
 40
2.08
 50
256.342
 51
270.0
  0
ARC
  8
APS_GEOMETRY
 10
12291.4
 20
-277.824
 40
1.452
 50
239.982
 51
256.342
  0
ARC
  8
APS_GEOMETRY
 10
12292.047
 20
-276.704
 40
2.746
 50
231.153
 51
239.982
  0
ARC
  8
APS_GEOMETRY
 10
12302.921
 20
-263.202
 40
20.083
 50
227.891
 51
231.153
  0
LINE
  8
APS_GEOMETRY
 10
12289.455
 11
12279.758
 20
-278.101
 21
-269.418
  0
ARC
  8
APS_GEOMETRY
 10
12276.023
 20
-273.554
 40
5.573
 50
47.911
 51
61.468
  0
ARC
  8
APS_GEOMETRY
 10
12278.074
 20
-269.781
 40
1.278
 50
61.468
 51
90.0
  0
ARC
  8
APS_GEOMETRY
 10
12278.074
 20
-269.062
 40
0.56
 50
90.0
 51
133.195
  0
ARC
  8
APS_GEOMETRY
 10
12278.626
 20
-269.65
 40
1.367
 50
133.195
 51
160.454
  0
ARC
  8
APS_GEOMETRY
 10
12280.398
 20
-270.279
 40
3.247
 50
160.454
 51
173.251
  0
ARC
  8
APS_GEOMETRY
 10
12288.732
 20
-271.266
 40
11.639
 50
173.251
 51
180.0
  0
ARC
  8
APS_GEOMETRY
 10
12311.402
 20
-271.266
 40
34.309
 50
180.0
 51
181.897
  0
ARC
  8
APS_GEOMETRY
 10
12293.231
 20
-271.867
 40
16.128
 50
181.897
 51
184.664
  0
ARC
  8
APS_GEOMETRY
 10
12287.275
 20
-272.353
 40
10.152
 50
184.664
 51
189.048
  0
ARC
  8
APS_GEOMETRY
 10
12280.374
 20
-273.452
 40
3.165
 50
189.048
 51
196.905
  0
ARC
  8
APS_GEOMETRY
 10
12279.279
 20
-273.785
 40
2.02
 50
196.905
 51
220.253
  0
ARC
  8
APS_GEOMETRY
 10
12279.301
 20
-273.766
 40
2.049
 50
220.253
 51
243.435
  0
ARC
  8
APS_GEOMETRY
 10
12277.302
 20
-277.797
 40
2.45
 50
37.921
 51
63.778
  0
ARC
  8
APS_GEOMETRY
 10
12278.319
 20
-277.005
 40
1.162
 50
360.0
 51
37.921
  0
ARC
  8
APS_GEOMETRY
 10
12277.867
 20
-277.005
 40
1.614
 50
324.268
 51
360.0
  0
ARC
  8
APS_GEOMETRY
 10
12277.263
 20
-276.571
 40
2.357
 50
294.86
 51
324.268
  0
ARC
  8
APS_GEOMETRY
 10
12276.264
 20
-274.416
 40
4.732
 50
278.78
 51
294.86
  0
ARC
  8
APS_GEOMETRY
 10
12274.575
 20
-263.476
 40
15.802
 50
270.0
 51
278.78
  0
ARC
  8
APS_GEOMETRY
 10
12274.575
 20
-266.311
 40
12.966
 50
260.383
 51
270.0
  0
ARC
  8
APS_GEOMETRY
 10
12273.208
 20
-274.376
 40
4.787
 50
244.522
 51
260.383
  0
ARC
  8
APS_GEOMETRY
 10
12272.219
 20
-276.453
 40
2.486
 50
216.549
 51
244.522
  0
ARC
  8
APS_GEOMETRY
 10
12271.408
 20
-277.054
 40
1.477
 50
180.0
 51
216.549
  0
ARC
  8
APS_GEOMETRY
 10
12271.934
 20
-277.054
 40
2.003
 50
164.65
 51
180.0
  0
ARC
  8
APS_GEOMETRY
 10
12270.792
 20
-276.74
 40
0.818
 50
140.528
 51
164.65
  0
ARC
  8
APS_GEOMETRY
 10
12271.254
 20
-277.121
 40
1.417
 50
126.135
 51
140.528
  0
ARC
  8
APS_GEOMETRY
 10
12276.081
 20
-283.732
 40
9.603
 50
120.619
 51
126.135
  0
ARC
  8
APS_GEOMETRY
 10
12270.358
 20
-274.072
 40
1.625
 50
300.784
 51
330.068
  0
ARC
  8
APS_GEOMETRY
 10
12269.275
 20
-273.448
 40
2.875
 50
330.068
 51
351.983
  0
ARC
  8
APS_GEOMETRY
 10
12251.094
 20
-271.078
 40
21.21
 50
352.493
 51
355.365
  0
ARC
  8
APS_GEOMETRY
 10
12229.163
 20
-269.3
 40
43.213
 50
355.365
 51
357.376
  0
ARC
  8
APS_GEOMETRY
 10
12213.806
 20
-268.596
 40
58.586
 50
357.376
 51
358.861
  0
ARC
  8
APS_GEOMETRY
 10
12172.893
 20
-267.783
 40
99.507
 50
358.861
 51
0.0
  0
ARC
  8
APS_GEOMETRY
 10
12209.688
 20
-267.783
 40
62.712
 50
360.0
 51
1.926
  0
ARC
  8
APS_GEOMETRY
 10
12238.881
 20
-266.801
 40
33.503
 50
1.926
 51
4.562
  0
ARC
  8
APS_GEOMETRY
 10
12249.175
 20
-265.979
 40
23.176
 50
4.562
 51
8.366
  0
ARC
  8
APS_GEOMETRY
 10
12262.563
 20
-264.011
 40
9.644
 50
8.366
 51
14.265
  0
ARC
  8
APS_GEOMETRY
 10
12267.625
 20
-262.73
 40
4.422
 50
14.349
 51
23.629
  0
ARC
  8
APS_GEOMETRY
 10
12270.192
 20
-261.607
 40
1.62
 50
23.629
 51
38.991
  0
ARC
  8
APS_GEOMETRY
 10
12270.202
 20
-261.599
 40
1.608
 50
38.991
 51
54.462
  0
ARC
  8
APS_GEOMETRY
 10
12268.7
 20
-263.702
 40
4.192
 50
54.462
 51
64.026
  0
ARC
  8
APS_GEOMETRY
 10
12272.939
 20
-255.019
 40
5.471
 50
235.472
 51
243.947
  0
ARC
  8
APS_GEOMETRY
 10
12270.749
 20
-258.201
 40
1.608
 50
219.806
 51
235.472
  0
ARC
  8
APS_GEOMETRY
 10
12270.418
 20
-258.477
 40
1.176
 50
198.939
 51
219.806
  0
ARC
  8
APS_GEOMETRY
 10
12270.653
 20
-258.397
 40
1.425
 50
180.0
 51
198.939
  0
ARC
  8
APS_GEOMETRY
 10
12270.584
 20
-258.397
 40
1.356
 50
126.254
 51
180.0
  0
ARC
  8
APS_GEOMETRY
 10
12272.653
 20
-261.219
 40
4.856
 50
98.616
 51
126.254
  0
ARC
  8
APS_GEOMETRY
 10
12272.945
 20
-263.551
 40
7.205
 50
94.456
 51
98.13
  0
ARC
  8
APS_GEOMETRY
 10
12274.069
 20
-277.977
 40
21.675
 50
92.337
 51
94.456
  0
ARC
  8
APS_GEOMETRY
 10
12274.548
 20
-289.716
 40
33.424
 50
90.963
 51
92.337
  0
ARC
  8
APS_GEOMETRY
 10
12275.131
 20
-324.39
 40
68.103
 50
90.0
 51
90.963
  0
ARC
  8
APS_GEOMETRY
 10
12275.131
 20
-268.698
 40
12.411
 50
83.928
 51
90.0
  0
ARC
  8
APS_GEOMETRY
 10
12276.149
 20
-259.13
 40
2.788
 50
71.095
 51
83.928
  0
ARC
  8
APS_GEOMETRY
 10
12276.242
 20
-258.858
 40
2.501
 50
56.848
 51
71.095
  0
ARC
  8
APS_GEOMETRY
 10
12273.49
 20
-263.07
 40
7.532
 50
48.652
 51
56.848
  0
ARC
  8
APS_GEOMETRY
 10
12307.87
 20
-276.591
 40
20.304
 50
84.71
 51
90.0
  0
ARC
  8
APS_GEOMETRY
 10
12308.242
 20
-272.571
 40
16.267
 50
78.799
 51
84.71
  0
ARC
  8
APS_GEOMETRY
 10
12310.651
 20
-260.4
 40
3.859
 50
49.783
 51
78.771
  0
ARC
  8
APS_GEOMETRY
 10
12312.261
 20
-258.495
 40
1.365
 50
360.0
 51
49.783
  0
ARC
  8
APS_GEOMETRY
 10
12312.116
 20
-258.495
 40
1.51
 50
342.759
 51
360.0
  0
ARC
  8
APS_GEOMETRY
 10
12312.904
 20
-258.739
 40
0.685
 50
317.045
 51
342.759
  0
ARC
  8
APS_GEOMETRY
 10
12312.523
 20
-258.385
 40
1.205
 50
301.817
 51
317.045
  0
ARC
  8
APS_GEOMETRY
 10
12306.895
 20
-249.314
 40
11.88
 50
296.98
 51
301.817
  0
ARC
  8
APS_GEOMETRY
 10
12312.896
 20
-261.123
 40
1.366
 50
116.565
 51
149.078
  0
ARC
  8
APS_GEOMETRY
 10
12314.656
 20
-262.177
 40
3.417
 50
149.078
 51
169.469
  0
ARC
  8
APS_GEOMETRY
 10
12318.408
 20
-262.875
 40
7.234
 50
169.469
 51
174.598
  0
ARC
  8
APS_GEOMETRY
 10
12337.74
 20
-264.703
 40
26.652
 50
174.598
 51
177.269
  0
ARC
  8
APS_GEOMETRY
 10
12354.739
 20
-265.514
 40
43.67
 50
177.269
 51
178.901
  0
ARC
  8
APS_GEOMETRY
 10
12407.392
 20
-266.524
 40
96.333
 50
178.901
 51
180.0
  0
ARC
  8
APS_GEOMETRY
 10
12514.387
 20
-266.524
 40
203.328
 50
180.0
 51
180.88
  0
ARC
  8
APS_GEOMETRY
 10
12389.127
 20
-268.447
 40
78.054
 50
180.88
 51
182.3
  0
ARC
  8
APS_GEOMETRY
 10
12352.514
 20
-269.918
 40
41.411
 50
182.3
 51
184.974
  0
ARC
  8
APS_GEOMETRY
 10
12317.604
 20
-272.956
 40
6.369
 50
184.974
 51
191.793
  0
ARC
  8
APS_GEOMETRY
 10
12313.549
 20
-273.732
 40
2.242
 50
193.57
 51
205.787
  0
ARC
  8
APS_GEOMETRY
 10
12312.54
 20
-274.219
 40
1.122
 50
205.787
 51
223.091
  0
ARC
  8
APS_GEOMETRY
 10
12312.796
 20
-273.98
 40
1.472
 50
223.091
 51
236.441
  0
ARC
  8
APS_GEOMETRY
 10
12314.938
 20
-270.751
 40
5.346
 50
236.441
 51
243.435
  0
ARC
  8
APS_GEOMETRY
 10
12311.659
 20
-277.487
 40
2.146
 50
37.185
 51
65.556
  0
ARC
  8
APS_GEOMETRY
 10
12312.358
 20
-276.956
 40
1.268
 50
0.0
 51
37.185
  0
ARC
  8
APS_GEOMETRY
 10
12312.32
 20
-276.956
 40
1.306
 50
312.039
 51
360.0
  0
ARC
  8
APS_GEOMETRY
 10
12310.765
 20
-275.231
 40
3.629
 50
283.815
 51
312.039
  0
ARC
  8
APS_GEOMETRY
 10
12308.194
 20
-264.578
 40
14.587
 50
279.273
 51
283.627
  0
ARC
  8
APS_GEOMETRY
 10
12307.167
 20
-258.285
 40
20.963
 50
275.641
 51
279.273
  0
ARC
  8
APS_GEOMETRY
 10
12306.774
 20
-254.308
 40
24.959
 50
272.588
 51
275.641
  0
ARC
  8
APS_GEOMETRY
 10
12306.333
 20
-244.55
 40
34.728
 50
270.0
 51
272.588
  0
ARC
  8
APS_GEOMETRY
 10
12306.333
 20
-258.331
 40
20.947
 50
262.774
 51
270.0
  0
ARC
  8
APS_GEOMETRY
 10
12304.445
 20
-273.225
 40
5.934
 50
249.175
 51
262.774
  0
ARC
  8
APS_GEOMETRY
 10
12303.258
 20
-276.344
 40
2.597
 50
221.23
 51
249.175
  0
ARC
  8
APS_GEOMETRY
 10
12302.224
 20
-277.25
 40
1.221
 50
180.0
 51
221.23
  0
ARC
  8
APS_GEOMETRY
 10
12302.023
 20
-277.25
 40
1.021
 50
142.696
 51
180.0
  0
ARC
  8
APS_GEOMETRY
 10
12303.634
 20
-278.477
 40
3.046
 50
121.357
 51
142.696
  0
ARC
  8
APS_GEOMETRY
 10
12300.912
 20
-274.02
 40
2.177
 50
301.477
 51
324.728
  0
ARC
  8
APS_GEOMETRY
 10
12301.202
 20
-274.225
 40
1.822
 50
324.728
 51
350.181
  0
ARC
  8
APS_GEOMETRY
 10
12292.082
 20
-272.717
 40
11.066
 50
350.538
 51
355.423
  0
ARC
  8
APS_GEOMETRY
 10
12254.606
 20
-269.716
 40
48.662
 50
355.423
 51
357.752
  0
ARC
  8
APS_GEOMETRY
 10
12219.809
 20
-268.35
 40
83.485
 50
357.752
 51
359.111
  0
ARC
  8
APS_GEOMETRY
 10
12108.436
 20
-266.622
 40
194.872
 50
359.111
 51
0.0
  0
ARC
  8
APS_GEOMETRY
 10
12235.696
 20
-266.622
 40
67.612
 50
0.0
 51
1.773
  0
ARC
  8
APS_GEOMETRY
 10
12275.376
 20
-265.393
 40
27.913
 50
1.773
 51
4.532
  0
ARC
  8
APS_GEOMETRY
 10
12287.437
 20
-264.437
 40
15.814
 50
4.532
 51
9.384
  0
ARC
  8
APS_GEOMETRY
 10
12299.684
 20
-262.414
 40
3.402
 50
9.384
 51
19.855
  0
ARC
  8
APS_GEOMETRY
 10
12301.304
 20
-261.797
 40
1.668
 50
18.853
 51
42.158
  0
ARC
  8
APS_GEOMETRY
 10
12299.915
 20
-263.055
 40
3.542
 50
42.158
 51
58.092
  0
ARC
  8
APS_GEOMETRY
 10
12306.03
 20
-253.606
 40
7.713
 50
230.711
 51
236.634
  0
ARC
  8
APS_GEOMETRY
 10
12302.189
 20
-258.301
 40
1.648
 50
217.875
 51
230.711
  0
ARC
  8
APS_GEOMETRY
 10
12301.662
 20
-258.71
 40
0.981
 50
196.928
 51
217.875
  0
ARC
  8
APS_GEOMETRY
 10
12302.155
 20
-258.56
 40
1.496
 50
180.0
 51
196.928
  0
ARC
  8
APS_GEOMETRY
 10
12301.833
 20
-258.56
 40
1.174
 50
148.791
 51
180.0
  0
ARC
  8
APS_GEOMETRY
 10
12302.141
 20
-258.747
 40
1.533
 50
121.569
 51
148.791
  0
ARC
  8
APS_GEOMETRY
 10
12302.693
 20
-259.646
 40
2.589
 50
112.806
 51
121.569
  0
ARC
  8
APS_GEOMETRY
 10
12304.187
 20
-263.198
 40
6.443
 50
107.254
 51
112.806
  0
ARC
  8
APS_GEOMETRY
 10
12305.102
 20
-266.144
 40
9.527
 50
103.487
 51
107.254
  0
ARC
  8
APS_GEOMETRY
 10
12307.197
 20
-274.88
 40
18.511
 50
100.784
 51
103.487
  0
ARC
  8
APS_GEOMETRY
 10
12307.853
 20
-277.296
 40
21.008
 50
95.643
 51
101.31
  0
ARC
  8
APS_GEOMETRY
 10
12307.87
 20
-277.468
 40
21.181
 50
90.0
 51
95.643
  0
ARC
  8
APS_GEOMETRY
 10
12328.205
 20
-266.805
 40
10.632
 50
77.257
 51
90.0
  0
ARC
  8
APS_GEOMETRY
 10
12328.097
 20
-267.282
 40
11.122
 50
64.799
 51
77.257
  0
ARC
  8
APS_GEOMETRY
 10
12337.256
 20
-247.783
 40
10.421
 50
244.885
 51
251.175
  0
ARC
  8
APS_GEOMETRY
 10
12334.272
 20
-256.537
 40
1.173
 50
251.175
 51
270.0
  0
ARC
  8
APS_GEOMETRY
 10
12334.272
 20
-255.807
 40
1.903
 50
270.0
 51
278.82
  0
ARC
  8
APS_GEOMETRY
 10
12333.042
 20
-247.883
 40
9.922
 50
278.82
 51
282.68
  0
ARC
  8
APS_GEOMETRY
 10
12335.615
 20
-259.273
 40
1.755
 50
95.906
 51
102.995
  0
ARC
  8
APS_GEOMETRY
 10
12335.694
 20
-260.041
 40
2.528
 50
90.0
 51
95.906
  0
ARC
  8
APS_GEOMETRY
 10
12335.694
 20
-259.191
 40
1.678
 50
62.447
 51
90.0
  0
ARC
  8
APS_GEOMETRY
 10
12335.396
 20
-259.763
 40
2.323
 50
39.094
 51
62.447
  0
ARC
  8
APS_GEOMETRY
 10
12332.279
 20
-262.37
 40
6.386
 50
18.435
 51
39.611
  0
ARC
  8
APS_GEOMETRY
 10
12330.366
 20
-263.008
 40
8.403
 50
360.0
 51
18.435
  0
ARC
  8
APS_GEOMETRY
 10
12334.602
 20
-263.008
 40
4.167
 50
334.877
 51
360.0
  0
ARC
  8
APS_GEOMETRY
 10
12335.855
 20
-263.596
 40
2.783
 50
304.007
 51
334.877
  0
ARC
  8
APS_GEOMETRY
 10
12335.834
 20
-263.537
 40
2.843
 50
286.39
 51
303.69
  0
ARC
  8
APS_GEOMETRY
 10
12335.743
 20
-263.228
 40
3.165
 50
270.0
 51
286.39
  0
ARC
  8
APS_GEOMETRY
 10
12335.743
 20
-263.264
 40
3.128
 50
255.155
 51
270.0
  0
ARC
  8
APS_GEOMETRY
 10
12335.401
 20
-264.557
 40
1.791
 50
235.491
 51
255.155
  0
ARC
  8
APS_GEOMETRY
 10
12335.573
 20
-264.307
 40
2.094
 50
218.48
 51
235.491
  0
ARC
  8
APS_GEOMETRY
 10
12338.383
 20
-262.073
 40
5.684
 50
208.179
 51
218.48
  0
ARC
  8
APS_GEOMETRY
 10
12309.571
 20
-277.713
 40
27.099
 50
28.56
 51
31.664
  0
ARC
  8
APS_GEOMETRY
 10
12327.177
 20
-266.854
 40
6.414
 50
31.664
 51
38.047
  0
ARC
  8
APS_GEOMETRY
 10
12328.457
 20
-265.853
 40
4.788
 50
38.047
 51
46.56
  0
ARC
  8
APS_GEOMETRY
 10
12327.792
 20
-266.555
 40
5.756
 50
46.56
 51
54.324
  0
ARC
  8
APS_GEOMETRY
 10
12327.408
 20
-267.216
 40
6.517
 50
54.968
 51
71.48
  0
ARC
  8
APS_GEOMETRY
 10
12327.829
 20
-265.958
 40
5.19
 50
71.48
 51
90.0
  0
ARC
  8
APS_GEOMETRY
 10
12327.829
 20
-264.393
 40
3.625
 50
90.0
 51
114.63
  0
ARC
  8
APS_GEOMETRY
 10
12327.647
 20
-263.996
 40
3.188
 50
114.63
 51
140.921
  0
ARC
  8
APS_GEOMETRY
 10
12328.185
 20
-264.433
 40
3.881
 50
140.921
 51
163.13
  0
ARC
  8
APS_GEOMETRY
 10
12330.874
 20
-265.248
 40
6.691
 50
163.13
 51
180.0
  0
ARC
  8
APS_GEOMETRY
 10
12334.36
 20
-265.248
 40
10.178
 50
180.0
 51
195.44
  0
ARC
  8
APS_GEOMETRY
 10
12333.831
 20
-265.394
 40
9.629
 50
195.44
 51
211.316
  0
ARC
  8
APS_GEOMETRY
 10
12331.287
 20
-266.889
 40
6.678
 50
211.708
 51
240.457
  0
ARC
  8
APS_GEOMETRY
 10
12331.116
 20
-267.19
 40
6.332
 50
240.457
 51
270.0
  0
ARC
  8
APS_GEOMETRY
 10
12331.116
 20
-265.647
 40
7.875
 50
270.0
 51
279.549
  0
ARC
  8
APS_GEOMETRY
 10
12331.018
 20
-265.065
 40
8.466
 50
279.549
 51
288.759
  0
ARC
  8
APS_GEOMETRY
 10
12331.431
 20
-266.28
 40
7.182
 50
288.759
 51
299.545
  0
ARC
  8
APS_GEOMETRY
 10
12333.085
 20
-269.199
 40
3.826
 50
299.545
 51
314.341
  0
ARC
  8
APS_GEOMETRY
 10
12338.203
 20
-274.515
 40
3.553
 50
120.141
 51
133.452
  0
ARC
  8
APS_GEOMETRY
 10
12336.774
 20
-272.053
 40
0.706
 50
90.0
 51
120.141
  0
ARC
  8
APS_GEOMETRY
 10
12336.774
 20
-272.462
 40
1.115
 50
61.952
 51
90.0
  0
ARC
  8
APS_GEOMETRY
 10
12336.608
 20
-272.774
 40
1.468
 50
37.569
 51
61.952
  0
ARC
  8
APS_GEOMETRY
 10
12336.298
 20
-273.012
 40
1.859
 50
17.665
 51
37.569
  0
ARC
  8
APS_GEOMETRY
 10
12335.826
 20
-273.162
 40
2.354
 50
360.0
 51
17.665
  0
ARC
  8
APS_GEOMETRY
 10
12334.64
 20
-273.162
 40
3.54
 50
344.932
 51
0.0
  0
ARC
  8
APS_GEOMETRY
 10
12331.491
 20
-272.315
 40
6.801
 50
334.075
 51
344.932
  0
ARC
  8
APS_GEOMETRY
 10
12331.392
 20
-272.266
 40
6.912
 50
323.374
 51
334.075
  0
ARC
  8
APS_GEOMETRY
 10
12333.423
 20
-273.777
 40
4.38
 50
309.92
 51
323.374
  0
ARC
  8
APS_GEOMETRY
 10
12335.454
 20
-276.172
 40
1.24
 50
289.026
 51
308.991
  0
ARC
  8
APS_GEOMETRY
 10
12333.287
 20
-269.889
 40
7.886
 50
281.143
 51
289.026
  0
ARC
  8
APS_GEOMETRY
 10
12335.484
 20
-281.28
 40
3.715
 50
100.437
 51
110.12
  0
ARC
  8
APS_GEOMETRY
 10
12338.395
 20
-289.225
 40
12.177
 50
110.12
 51
115.463
  0
ARC
  8
APS_GEOMETRY
 10
12328.004
 20
-267.485
 40
11.919
 50
282.94
 51
295.628
  0
ARC
  8
APS_GEOMETRY
 10
12328.107
 20
-267.932
 40
11.46
 50
270.0
 51
282.94
  0
ARC
  8
APS_GEOMETRY
 10
12328.107
 20
-267.255
 40
12.137
 50
257.307
 51
270.0
  0
ARC
  8
APS_GEOMETRY
 10
12328.62
 20
-264.98
 40
14.469
 50
245.686
 51
257.307
  0
ARC
  8
APS_GEOMETRY
 10
12327.334
 20
-267.801
 40
11.37
 50
228.801
 51
245.735
  0
ARC
  8
APS_GEOMETRY
 10
12327.356
 20
-267.776
 40
11.402
 50
211.891
 51
228.801
  0
ARC
  8
APS_GEOMETRY
 10
12328.03
 20
-267.291
 40
12.231
 50
196.728
 51
212.152
  0
ARC
  8
APS_GEOMETRY
 10
12326.286
 20
-267.815
 40
10.41
 50
180.0
 51
196.728
  0
ARC
  8
APS_GEOMETRY
 10
12326.54
 20
-267.815
 40
10.663
 50
161.184
 51
180.0
  0
ARC
  8
APS_GEOMETRY
 10
12327.224
 20
-268.048
 40
11.386
 50
142.98
 51
161.184
  0
ARC
  8
APS_GEOMETRY
 10
12327.756
 20
-268.456
 40
12.056
 50
127.824
 51
142.958
  0
ARC
  8
APS_GEOMETRY
 10
12328.633
 20
-269.585
 40
13.486
 50
113.52
 51
127.824
  0
ARC
  8
APS_GEOMETRY
 10
12328.347
 20
-268.926
 40
12.768
 50
101.927
 51
113.527
  0
ARC
  8
APS_GEOMETRY
 10
12328.205
 20
-268.253
 40
12.08
 50
90.0
 51
101.927
  0
ARC
  8
APS_GEOMETRY
 10
12350.48
 20
-276.591
 40
20.304
 50
84.71
 51
90.0
  0
ARC
  8
APS_GEOMETRY
 10
12350.852
 20
-272.571
 40
16.267
 50
78.799
 51
84.71
  0
ARC
  8
APS_GEOMETRY
 10
12353.26
 20
-260.4
 40
3.859
 50
49.783
 51
78.771
  0
ARC
  8
APS_GEOMETRY
 10
12354.871
 20
-258.495
 40
1.365
 50
360.0
 51
49.783
  0
ARC
  8
APS_GEOMETRY
 10
12354.726
 20
-258.495
 40
1.51
 50
342.759
 51
360.0
  0
ARC
  8
APS_GEOMETRY
 10
12355.513
 20
-258.739
 40
0.685
 50
317.045
 51
342.759
  0
ARC
  8
APS_GEOMETRY
 10
12355.133
 20
-258.385
 40
1.205
 50
301.817
 51
317.045
  0
ARC
  8
APS_GEOMETRY
 10
12349.505
 20
-249.314
 40
11.88
 50
296.98
 51
301.817
  0
ARC
  8
APS_GEOMETRY
 10
12355.506
 20
-261.123
 40
1.366
 50
116.565
 51
149.078
  0
ARC
  8
APS_GEOMETRY
 10
12357.265
 20
-262.177
 40
3.417
 50
149.078
 51
169.469
  0
ARC
  8
APS_GEOMETRY
 10
12361.017
 20
-262.875
 40
7.234
 50
169.469
 51
174.598
  0
ARC
  8
APS_GEOMETRY
 10
12380.349
 20
-264.703
 40
26.652
 50
174.598
 51
177.269
  0
ARC
  8
APS_GEOMETRY
 10
12397.348
 20
-265.514
 40
43.67
 50
177.269
 51
178.901
  0
ARC
  8
APS_GEOMETRY
 10
12450.002
 20
-266.524
 40
96.333
 50
178.901
 51
180.0
  0
ARC
  8
APS_GEOMETRY
 10
12556.997
 20
-266.524
 40
203.328
 50
180.0
 51
180.88
  0
ARC
  8
APS_GEOMETRY
 10
12431.737
 20
-268.447
 40
78.054
 50
180.88
 51
182.3
  0
ARC
  8
APS_GEOMETRY
 10
12395.124
 20
-269.918
 40
41.411
 50
182.3
 51
184.974
  0
ARC
  8
APS_GEOMETRY
 10
12360.213
 20
-272.956
 40
6.369
 50
184.974
 51
191.793
  0
ARC
  8
APS_GEOMETRY
 10
12356.158
 20
-273.732
 40
2.242
 50
193.57
 51
205.787
  0
ARC
  8
APS_GEOMETRY
 10
12355.15
 20
-274.219
 40
1.122
 50
205.787
 51
223.091
  0
ARC
  8
APS_GEOMETRY
 10
12355.406
 20
-273.98
 40
1.472
 50
223.091
 51
236.441
  0
ARC
  8
APS_GEOMETRY
 10
12357.547
 20
-270.751
 40
5.346
 50
236.441
 51
243.435
  0
ARC
  8
APS_GEOMETRY
 10
12354.268
 20
-277.487
 40
2.146
 50
37.185
 51
65.556
  0
ARC
  8
APS_GEOMETRY
 10
12354.968
 20
-276.956
 40
1.268
 50
0.0
 51
37.185
  0
ARC
  8
APS_GEOMETRY
 10
12354.929
 20
-276.956
 40
1.306
 50
312.039
 51
360.0
  0
ARC
  8
APS_GEOMETRY
 10
12353.374
 20
-275.231
 40
3.629
 50
283.815
 51
312.039
  0
ARC
  8
APS_GEOMETRY
 10
12350.804
 20
-264.578
 40
14.587
 50
279.273
 51
283.627
  0
ARC
  8
APS_GEOMETRY
 10
12349.776
 20
-258.285
 40
20.963
 50
275.641
 51
279.273
  0
ARC
  8
APS_GEOMETRY
 10
12349.384
 20
-254.308
 40
24.959
 50
272.588
 51
275.641
  0
ARC
  8
APS_GEOMETRY
 10
12348.943
 20
-244.55
 40
34.728
 50
270.0
 51
272.588
  0
ARC
  8
APS_GEOMETRY
 10
12348.943
 20
-258.331
 40
20.947
 50
262.774
 51
270.0
  0
ARC
  8
APS_GEOMETRY
 10
12347.054
 20
-273.225
 40
5.934
 50
249.175
 51
262.774
  0
ARC
  8
APS_GEOMETRY
 10
12345.868
 20
-276.344
 40
2.597
 50
221.23
 51
249.175
  0
ARC
  8
APS_GEOMETRY
 10
12344.833
 20
-277.25
 40
1.221
 50
180.0
 51
221.23
  0
ARC
  8
APS_GEOMETRY
 10
12344.633
 20
-277.25
 40
1.021
 50
142.696
 51
180.0
  0
ARC
  8
APS_GEOMETRY
 10
12346.243
 20
-278.477
 40
3.046
 50
121.357
 51
142.696
  0
ARC
  8
APS_GEOMETRY
 10
12343.522
 20
-274.02
 40
2.177
 50
301.477
 51
324.728
  0
ARC
  8
APS_GEOMETRY
 10
12343.812
 20
-274.225
 40
1.822
 50
324.728
 51
350.181
  0
ARC
  8
APS_GEOMETRY
 10
12334.691
 20
-272.717
 40
11.066
 50
350.538
 51
355.423
  0
ARC
  8
APS_GEOMETRY
 10
12297.215
 20
-269.716
 40
48.662
 50
355.423
 51
357.752
  0
ARC
  8
APS_GEOMETRY
 10
12262.419
 20
-268.35
 40
83.485
 50
357.752
 51
359.111
  0
ARC
  8
APS_GEOMETRY
 10
12151.045
 20
-266.622
 40
194.872
 50
359.111
 51
0.0
  0
ARC
  8
APS_GEOMETRY
 10
12278.306
 20
-266.622
 40
67.612
 50
0.0
 51
1.773
  0
ARC
  8
APS_GEOMETRY
 10
12317.986
 20
-265.393
 40
27.913
 50
1.773
 51
4.532
  0
ARC
  8
APS_GEOMETRY
 10
12330.046
 20
-264.437
 40
15.814
 50
4.532
 51
9.384
  0
ARC
  8
APS_GEOMETRY
 10
12342.293
 20
-262.414
 40
3.402
 50
9.384
 51
19.855
  0
ARC
  8
APS_GEOMETRY
 10
12343.914
 20
-261.797
 40
1.668
 50
18.853
 51
42.158
  0
ARC
  8
APS_GEOMETRY
 10
12342.525
 20
-263.055
 40
3.542
 50
42.158
 51
58.092
  0
ARC
  8
APS_GEOMETRY
 10
12348.639
 20
-253.606
 40
7.713
 50
230.711
 51
236.634
  0
ARC
  8
APS_GEOMETRY
 10
12344.798
 20
-258.301
 40
1.648
 50
217.875
 51
230.711
  0
ARC
  8
APS_GEOMETRY
 10
12344.272
 20
-258.71
 40
0.981
 50
196.928
 51
217.875
  0
ARC
  8
APS_GEOMETRY
 10
12344.765
 20
-258.56
 40
1.496
 50
180.0
 51
196.928
  0
ARC
  8
APS_GEOMETRY
 10
12344.442
 20
-258.56
 40
1.174
 50
148.791
 51
180.0
  0
ARC
  8
APS_GEOMETRY
 10
12344.75
 20
-258.747
 40
1.533
 50
121.569
 51
148.791
  0
ARC
  8
APS_GEOMETRY
 10
12345.303
 20
-259.646
 40
2.589
 50
112.806
 51
121.569
  0
ARC
  8
APS_GEOMETRY
 10
12346.796
 20
-263.198
 40
6.443
 50
107.254
 51
112.806
  0
ARC
  8
APS_GEOMETRY
 10
12347.711
 20
-266.144
 40
9.527
 50
103.487
 51
107.254
  0
ARC
  8
APS_GEOMETRY
 10
12349.806
 20
-274.88
 40
18.511
 50
100.784
 51
103.487
  0
ARC
  8
APS_GEOMETRY
 10
12350.463
 20
-277.296
 40
21.008
 50
95.643
 51
101.31
  0
ARC
  8
APS_GEOMETRY
 10
12350.48
 20
-277.468
 40
21.181
 50
90.0
 51
95.643
  0
LINE
  8
APS_GEOMETRY
 10
12385.054
 11
12385.054
 20
-271.249
 21
-262.648
  0
ARC
  8
APS_GEOMETRY
 10
12365.193
 20
-262.648
 40
19.861
 50
0.0
 51
2.404
  0
ARC
  8
APS_GEOMETRY
 10
12376.952
 20
-262.155
 40
8.092
 50
2.404
 51
6.17
  0
ARC
  8
APS_GEOMETRY
 10
12380.476
 20
-261.773
 40
4.547
 50
6.17
 51
12.824
  0
ARC
  8
APS_GEOMETRY
 10
12383.926
 20
-260.988
 40
1.009
 50
12.824
 51
26.98
  0
ARC
  8
APS_GEOMETRY
 10
12384.087
 20
-260.906
 40
0.828
 50
26.98
 51
59.65
  0
ARC
  8
APS_GEOMETRY
 10
12382.568
 20
-263.5
 40
3.834
 50
59.65
 51
74.667
  0
ARC
  8
APS_GEOMETRY
 10
12384.319
 20
-257.251
 40
2.656
 50
225.0
 51
253.887
  0
ARC
  8
APS_GEOMETRY
 10
12383.239
 20
-258.331
 40
1.128
 50
180.0
 51
225.0
  0
ARC
  8
APS_GEOMETRY
 10
12383.446
 20
-258.331
 40
1.336
 50
151.157
 51
180.0
  0
ARC
  8
APS_GEOMETRY
 10
12383.443
 20
-258.33
 40
1.332
 50
122.276
 51
151.157
  0
ARC
  8
APS_GEOMETRY
 10
12383.825
 20
-258.934
 40
2.048
 50
102.308
 51
122.276
  0
ARC
  8
APS_GEOMETRY
 10
12384.53
 20
-262.166
 40
5.356
 50
90.0
 51
102.308
  0
ARC
  8
APS_GEOMETRY
 10
12384.53
 20
-268.394
 40
11.583
 50
88.989
 51
90.0
  0
ARC
  8
APS_GEOMETRY
 10
12383.557
 20
-323.566
 40
66.764
 50
88.568
 51
88.989
  0
ARC
  8
APS_GEOMETRY
 10
12382.182
 20
-378.568
 40
121.783
 50
88.337
 51
88.568
  0
ARC
  8
APS_GEOMETRY
 10
12376.853
 20
-562.126
 40
305.419
 50
88.191
 51
88.337
  0
LINE
  8
APS_GEOMETRY
 10
12386.493
 11
12387.457
 20
-256.86
 21
-256.86
  0
ARC
  8
APS_GEOMETRY
 10
12384.217
 20
281.115
 40
537.985
 50
270.345
 51
270.49
  0
ARC
  8
APS_GEOMETRY
 10
12387.236
 20
-72.19
 40
184.666
 50
270.49
 51
270.736
  0
ARC
  8
APS_GEOMETRY
 10
12388.476
 20
-168.626
 40
88.223
 50
270.736
 51
271.253
  0
ARC
  8
APS_GEOMETRY
 10
12390.239
 20
-249.234
 40
7.595
 50
271.253
 51
273.013
  0
ARC
  8
APS_GEOMETRY
 10
12390.165
 20
-247.84
 40
8.991
 50
273.013
 51
274.5
  0
ARC
  8
APS_GEOMETRY
 10
12381.837
 20
-142.014
 40
115.145
 50
274.5
 51
274.915
  0
LINE
  8
APS_GEOMETRY
 10
12391.703
 11
12392.684
 20
-256.735
 21
-256.649
  0
LINE
  8
APS_GEOMETRY
 10
12392.684
 11
12393.965
 20
-256.649
 21
-256.533
  0
ARC
  8
APS_GEOMETRY
 10
12396.072
 20
-276.894
 40
20.471
 50
93.24
 51
95.906
  0
ARC
  8
APS_GEOMETRY
 10
12395.699
 20
-270.303
 40
13.868
 50
90.0
 51
93.24
  0
ARC
  8
APS_GEOMETRY
 10
12395.699
 20
-268.211
 40
11.777
 50
77.12
 51
90.0
  0
ARC
  8
APS_GEOMETRY
 10
12396.319
 20
-265.498
 40
8.993
 50
62.371
 51
77.12
  0
ARC
  8
APS_GEOMETRY
 10
12397.37
 20
-263.528
 40
6.761
 50
31.215
 51
62.517
  0
ARC
  8
APS_GEOMETRY
 10
12397.338
 20
-263.547
 40
6.798
 50
360.0
 51
31.215
  0
ARC
  8
APS_GEOMETRY
 10
12397.155
 20
-263.547
 40
6.981
 50
334.496
 51
360.0
  0
ARC
  8
APS_GEOMETRY
 10
12397.499
 20
-263.711
 40
6.601
 50
308.254
 51
334.496
  0
ARC
  8
APS_GEOMETRY
 10
12396.449
 20
-262.328
 40
8.337
 50
287.855
 51
308.034
  0
ARC
  8
APS_GEOMETRY
 10
12395.748
 20
-260.152
 40
10.623
 50
270.0
 51
287.855
  0
ARC
  8
APS_GEOMETRY
 10
12395.748
 20
-254.677
 40
16.098
 50
266.918
 51
270.0
  0
ARC
  8
APS_GEOMETRY
 10
12396.725
 20
-236.528
 40
34.273
 50
264.806
 51
266.918
  0
ARC
  8
APS_GEOMETRY
 10
12390.189
 20
-317.583
 40
47.047
 50
85.815
 51
86.634
  0
ARC
  8
APS_GEOMETRY
 10
12392.788
 20
-273.393
 40
2.782
 50
86.634
 51
90.0
  0
ARC
  8
APS_GEOMETRY
 10
12392.788
 20
-271.022
 40
0.41
 50
90.0
 51
139.686
  0
ARC
  8
APS_GEOMETRY
 10
12392.94
 20
-271.151
 40
0.61
 50
139.686
 51
180.0
  0
LINE
  8
APS_GEOMETRY
 10
12392.33
 11
12392.33
 20
-271.151
 21
-271.249
  0
LINE
  8
APS_GEOMETRY
 10
12392.33
 11
12392.445
 20
-271.249
 21
-273.931
  0
ARC
  8
APS_GEOMETRY
 10
12396.32
 20
-273.769
 40
3.879
 50
182.386
 51
193.753
  0
ARC
  8
APS_GEOMETRY
 10
12393.821
 20
-274.381
 40
1.306
 50
193.753
 51
213.408
  0
ARC
  8
APS_GEOMETRY
 10
12393.849
 20
-274.362
 40
1.339
 50
213.408
 51
232.628
  0
ARC
  8
APS_GEOMETRY
 10
12396.104
 20
-271.41
 40
5.055
 50
232.628
 51
242.488
  0
ARC
  8
APS_GEOMETRY
 10
12392.343
 20
-278.542
 40
3.009
 50
40.539
 51
61.699
  0
ARC
  8
APS_GEOMETRY
 10
12393.987
 20
-277.136
 40
0.845
 50
360.0
 51
40.539
  0
ARC
  8
APS_GEOMETRY
 10
12393.697
 20
-277.136
 40
1.135
 50
315.297
 51
360.0
  0
ARC
  8
APS_GEOMETRY
 10
12392.163
 20
-275.617
 40
3.294
 50
289.502
 51
315.297
  0
ARC
  8
APS_GEOMETRY
 10
12391.038
 20
-272.441
 40
6.663
 50
282.372
 51
289.502
  0
ARC
  8
APS_GEOMETRY
 10
12389.857
 20
-267.056
 40
12.176
 50
277.099
 51
282.372
  0
ARC
  8
APS_GEOMETRY
 10
12389.371
 20
-263.156
 40
16.106
 50
273.104
 51
277.099
  0
ARC
  8
APS_GEOMETRY
 10
12388.798
 20
-252.597
 40
26.681
 50
270.0
 51
273.104
  0
ARC
  8
APS_GEOMETRY
 10
12388.798
 20
-252.917
 40
26.361
 50
263.473
 51
270.0
  0
ARC
  8
APS_GEOMETRY
 10
12386.632
 20
-271.85
 40
7.304
 50
251.056
 51
263.473
  0
ARC
  8
APS_GEOMETRY
 10
12385.241
 20
-275.903
 40
3.02
 50
224.161
 51
251.056
  0
ARC
  8
APS_GEOMETRY
 10
12383.904
 20
-277.201
 40
1.156
 50
180.0
 51
224.161
  0
ARC
  8
APS_GEOMETRY
 10
12384.144
 20
-277.201
 40
1.396
 50
160.821
 51
180.0
  0
ARC
  8
APS_GEOMETRY
 10
12383.558
 20
-276.998
 40
0.776
 50
135.0
 51
160.821
  0
ARC
  8
APS_GEOMETRY
 10
12384.112
 20
-277.551
 40
1.558
 50
121.522
 51
135.0
  0
ARC
  8
APS_GEOMETRY
 10
12390.354
 20
-287.729
 40
13.498
 50
116.952
 51
121.522
  0
ARC
  8
APS_GEOMETRY
 10
12383.538
 20
-274.373
 40
1.496
 50
297.824
 51
321.605
  0
ARC
  8
APS_GEOMETRY
 10
12383.882
 20
-274.647
 40
1.057
 50
321.605
 51
349.992
  0
ARC
  8
APS_GEOMETRY
 10
12382.283
 20
-274.364
 40
2.681
 50
349.992
 51
356.014
  0
ARC
  8
APS_GEOMETRY
 10
12357.951
 20
-272.669
 40
27.071
 50
356.014
 51
357.908
  0
ARC
  8
APS_GEOMETRY
 10
12329.549
 20
-271.631
 40
55.492
 50
357.908
 51
358.833
  0
ARC
  8
APS_GEOMETRY
 10
12226.851
 20
-269.539
 40
158.212
 50
358.833
 51
359.381
  0
LINE
  8
APS_GEOMETRY
 10
12392.445
 11
12392.445
 20
-260.571
 21
-266.131
  0
ARC
  8
APS_GEOMETRY
 10
12394.132
 20
-266.131
 40
1.687
 50
180.0
 51
199.885
  0
ARC
  8
APS_GEOMETRY
 10
12392.869
 20
-266.588
 40
0.345
 50
199.885
 51
244.799
  0
ARC
  8
APS_GEOMETRY
 10
12393.595
 20
-265.093
 40
2.007
 50
244.231
 51
258.996
  0
ARC
  8
APS_GEOMETRY
 10
12393.9
 20
-263.524
 40
3.604
 50
258.996
 51
270.0
  0
ARC
  8
APS_GEOMETRY
 10
12393.9
 20
-263.903
 40
3.225
 50
270.0
 51
288.435
  0
ARC
  8
APS_GEOMETRY
 10
12394.131
 20
-264.597
 40
2.494
 50
288.435
 51
309.428
  0
ARC
  8
APS_GEOMETRY
 10
12394.216
 20
-264.685
 40
2.373
 50
309.193
 51
339.939
  0
ARC
  8
APS_GEOMETRY
 10
12391.281
 20
-263.613
 40
5.497
 50
339.939
 51
0.0
  0
ARC
  8
APS_GEOMETRY
 10
12391.604
 20
-263.613
 40
5.174
 50
360.0
 51
22.011
  0
ARC
  8
APS_GEOMETRY
 10
12393.896
 20
-262.686
 40
2.701
 50
22.011
 51
52.651
  0
ARC
  8
APS_GEOMETRY
 10
12393.861
 20
-262.711
 40
2.742
 50
52.374
 51
72.309
  0
ARC
  8
APS_GEOMETRY
 10
12393.638
 20
-263.409
 40
3.475
 50
72.309
 51
90.0
  0
ARC
  8
APS_GEOMETRY
 10
12393.638
 20
-261.96
 40
2.026
 50
90.0
 51
118.113
  0
ARC
  8
APS_GEOMETRY
 10
12392.897
 20
-260.571
 40
0.452
 50
118.113
 51
180.0
  0
ARC
  8
APS_GEOMETRY
 10
12418.814
 20
-269.064
 40
12.891
 50
71.91
 51
90.0
  0
ARC
  8
APS_GEOMETRY
 10
12419.313
 20
-267.535
 40
11.283
 50
52.561
 51
71.91
  0
ARC
  8
APS_GEOMETRY
 10
12419.182
 20
-267.573
 40
11.393
 50
38.846
 51
52.156
  0
ARC
  8
APS_GEOMETRY
 10
12417.396
 20
-269.012
 40
13.686
 50
26.707
 51
38.846
  0
ARC
  8
APS_GEOMETRY
 10
12417.75
 20
-268.723
 40
13.241
 50
13.868
 51
26.278
  0
ARC
  8
APS_GEOMETRY
 10
12420.299
 20
-268.093
 40
10.614
 50
360.0
 51
13.868
  0
ARC
  8
APS_GEOMETRY
 10
12420.465
 20
-268.093
 40
10.449
 50
339.712
 51
360.0
  0
ARC
  8
APS_GEOMETRY
 10
12419.876
 20
-267.876
 40
11.076
 50
320.013
 51
339.712
  0
ARC
  8
APS_GEOMETRY
 10
12419.779
 20
-267.822
 40
11.186
 50
303.344
 51
320.123
  0
ARC
  8
APS_GEOMETRY
 10
12418.631
 20
-266.077
 40
13.274
 50
287.949
 51
303.344
  0
ARC
  8
APS_GEOMETRY
 10
12418.254
 20
-264.77
 40
14.634
 50
279.039
 51
287.776
  0
ARC
  8
APS_GEOMETRY
 10
12418.405
 20
-265.719
 40
13.673
 50
270.0
 51
279.039
  0
ARC
  8
APS_GEOMETRY
 10
12418.405
 20
-266.387
 40
13.005
 50
257.728
 51
270.0
  0
ARC
  8
APS_GEOMETRY
 10
12418.425
 20
-266.293
 40
13.102
 50
245.501
 51
257.728
  0
ARC
  8
APS_GEOMETRY
 10
12417.689
 20
-267.904
 40
11.33
 50
228.665
 51
245.511
  0
ARC
  8
APS_GEOMETRY
 10
12417.444
 20
-268.183
 40
10.959
 50
211.535
 51
228.665
  0
ARC
  8
APS_GEOMETRY
 10
12417.765
 20
-267.947
 40
11.356
 50
195.642
 51
211.701
  0
ARC
  8
APS_GEOMETRY
 10
12418.352
 20
-267.783
 40
11.966
 50
180.0
 51
195.642
  0
ARC
  8
APS_GEOMETRY
 10
12418.478
 20
-267.783
 40
12.091
 50
162.181
 51
180.0
  0
ARC
  8
APS_GEOMETRY
 10
12417.374
 20
-267.428
 40
10.933
 50
143.434
 51
162.181
  0
ARC
  8
APS_GEOMETRY
 10
12417.226
 20
-267.309
 40
10.742
 50
126.384
 51
143.471
  0
ARC
  8
APS_GEOMETRY
 10
12418.243
 20
-268.689
 40
12.457
 50
110.525
 51
126.384
  0
ARC
  8
APS_GEOMETRY
 10
12418.193
 20
-268.315
 40
12.089
 50
99.77
 51
110.925
  0
ARC
  8
APS_GEOMETRY
 10
12418.814
 20
-271.921
 40
15.748
 50
90.0
 51
99.77
  0
ARC
  8
APS_GEOMETRY
 10
12417.26
 20
-263.269
 40
2.404
 50
90.0
 51
119.604
  0
ARC
  8
APS_GEOMETRY
 10
12417.471
 20
-263.64
 40
2.83
 50
119.604
 51
146.842
  0
ARC
  8
APS_GEOMETRY
 10
12417.894
 20
-263.987
 40
3.374
 50
145.84
 51
164.055
  0
ARC
  8
APS_GEOMETRY
 10
12418.874
 20
-264.267
 40
4.394
 50
164.055
 51
180.0
  0
ARC
  8
APS_GEOMETRY
 10
12425.007
 20
-264.267
 40
10.526
 50
180.0
 51
189.977
  0
ARC
  8
APS_GEOMETRY
 10
12434.332
 20
-262.626
 40
19.995
 50
189.977
 51
197.211
  0
ARC
  8
APS_GEOMETRY
 10
12436.372
 20
-261.995
 40
22.131
 50
197.211
 51
203.76
  0
ARC
  8
APS_GEOMETRY
 10
12431.291
 20
-264.232
 40
16.579
 50
203.76
 51
211.329
  0
ARC
  8
APS_GEOMETRY
 10
12420.857
 20
-270.493
 40
4.411
 50
212.32
 51
224.441
  0
ARC
  8
APS_GEOMETRY
 10
12420.429
 20
-270.913
 40
3.812
 50
224.441
 51
237.484
  0
ARC
  8
APS_GEOMETRY
 10
12420.153
 20
-271.346
 40
3.298
 50
237.484
 51
252.416
  0
ARC
  8
APS_GEOMETRY
 10
12419.876
 20
-272.218
 40
2.383
 50
252.416
 51
270.0
  0
ARC
  8
APS_GEOMETRY
 10
12419.876
 20
-271.936
 40
2.666
 50
270.0
 51
294.953
  0
ARC
  8
APS_GEOMETRY
 10
12419.951
 20
-272.096
 40
2.489
 50
294.953
 51
320.793
  0
ARC
  8
APS_GEOMETRY
 10
12419.551
 20
-271.769
 40
3.005
 50
320.793
 51
342.777
  0
ARC
  8
APS_GEOMETRY
 10
12417.767
 20
-271.216
 40
4.873
 50
342.777
 51
0.0
  0
ARC
  8
APS_GEOMETRY
 10
12409.386
 20
-271.216
 40
13.254
 50
0.0
 51
8.499
  0
ARC
  8
APS_GEOMETRY
 10
12403.553
 20
-272.088
 40
19.152
 50
8.499
 51
15.566
  0
ARC
  8
APS_GEOMETRY
 10
12404.254
 20
-271.893
 40
18.424
 50
15.566
 51
22.909
  0
ARC
  8
APS_GEOMETRY
 10
12410.286
 20
-269.344
 40
11.876
 50
22.909
 51
32.057
  0
ARC
  8
APS_GEOMETRY
 10
12415.024
 20
-266.359
 40
6.276
 50
31.921
 51
42.51
  0
ARC
  8
APS_GEOMETRY
 10
12416.325
 20
-265.166
 40
4.511
 50
42.51
 51
55.008
  0
ARC
  8
APS_GEOMETRY
 10
12416.764
 20
-264.539
 40
3.745
 50
55.008
 51
69.88
  0
ARC
  8
APS_GEOMETRY
 10
12417.158
 20
-263.463
 40
2.599
 50
69.88
 51
87.754
  0
ARC
  8
APS_GEOMETRY
 10
12444.07
 20
-270.775
 40
1.21
 50
90.0
 51
115.837
  0
ARC
  8
APS_GEOMETRY
 10
12443.773
 20
-270.16
 40
0.526
 50
115.837
 51
155.462
  0
ARC
  8
APS_GEOMETRY
 10
12444.12
 20
-270.318
 40
0.909
 50
155.462
 51
168.366
  0
ARC
  8
APS_GEOMETRY
 10
12447.293
 20
-270.972
 40
4.148
 50
168.366
 51
174.395
  0
ARC
  8
APS_GEOMETRY
 10
12450.491
 20
-271.285
 40
7.361
 50
174.395
 51
177.813
  0
ARC
  8
APS_GEOMETRY
 10
12461.105
 20
-271.691
 40
17.983
 50
177.813
 51
180.0
  0
ARC
  8
APS_GEOMETRY
 10
12468.789
 20
-271.691
 40
25.667
 50
180.0
 51
184.62
  0
ARC
  8
APS_GEOMETRY
 10
12451.58
 20
-273.081
 40
8.401
 50
184.62
 51
192.7
  0
ARC
  8
APS_GEOMETRY
 10
12444.944
 20
-274.538
 40
1.609
 50
194.036
 51
205.821
  0
ARC
  8
APS_GEOMETRY
 10
12444.242
 20
-274.878
 40
0.828
 50
205.821
 51
222.274
  0
ARC
  8
APS_GEOMETRY
 10
12444.457
 20
-274.682
 40
1.119
 50
222.274
 51
234.605
  0
ARC
  8
APS_GEOMETRY
 10
12446.887
 20
-271.262
 40
5.315
 50
234.605
 51
240.255
  0
ARC
  8
APS_GEOMETRY
 10
12443.193
 20
-277.799
 40
2.194
 50
34.592
 51
61.189
  0
ARC
  8
APS_GEOMETRY
 10
12443.918
 20
-277.299
 40
1.313
 50
360.0
 51
34.592
  0
ARC
  8
APS_GEOMETRY
 10
12443.962
 20
-277.299
 40
1.27
 50
318.231
 51
360.0
  0
ARC
  8
APS_GEOMETRY
 10
12443.113
 20
-276.541
 40
2.408
 50
288.227
 51
318.231
  0
ARC
  8
APS_GEOMETRY
 10
12442.232
 20
-273.867
 40
5.223
 50
280.377
 51
288.227
  0
ARC
  8
APS_GEOMETRY
 10
12440.697
 20
-265.485
 40
13.744
 50
275.541
 51
280.377
  0
ARC
  8
APS_GEOMETRY
 10
12440.036
 20
-258.666
 40
20.595
 50
272.304
 51
275.541
  0
ARC
  8
APS_GEOMETRY
 10
12439.23
 20
-238.649
 40
40.629
 50
270.0
 51
272.304
  0
ARC
  8
APS_GEOMETRY
 10
12439.23
 20
-255.378
 40
23.9
 50
262.811
 51
270.0
  0
ARC
  8
APS_GEOMETRY
 10
12437.086
 20
-272.381
 40
6.762
 50
249.274
 51
262.811
  0
ARC
  8
APS_GEOMETRY
 10
12435.737
 20
-275.946
 40
2.95
 50
221.379
 51
249.274
  0
ARC
  8
APS_GEOMETRY
 10
12434.553
 20
-276.989
 40
1.373
 50
180.0
 51
221.379
  0
ARC
  8
APS_GEOMETRY
 10
12434.544
 20
-276.989
 40
1.364
 50
164.055
 51
180.0
  0
ARC
  8
APS_GEOMETRY
 10
12433.976
 20
-276.826
 40
0.773
 50
142.815
 51
164.055
  0
ARC
  8
APS_GEOMETRY
 10
12434.334
 20
-277.098
 40
1.222
 50
129.007
 51
142.815
  0
ARC
  8
APS_GEOMETRY
 10
12438.73
 20
-282.525
 40
8.206
 50
123.69
 51
129.007
  0
ARC
  8
APS_GEOMETRY
 10
12432.491
 20
-273.138
 40
3.064
 50
303.389
 51
319.022
  0
ARC
  8
APS_GEOMETRY
 10
12433.321
 20
-273.859
 40
1.966
 50
319.022
 51
338.575
  0
ARC
  8
APS_GEOMETRY
 10
12432.211
 20
-273.423
 40
3.158
 50
338.575
 51
351.049
  0
ARC
  8
APS_GEOMETRY
 10
12418.808
 20
-271.312
 40
16.726
 50
351.049
 51
356.46
  0
ARC
  8
APS_GEOMETRY
 10
12423.226
 20
-271.48
 40
12.307
 50
355.972
 51
358.68
  0
ARC
  8
APS_GEOMETRY
 10
12278.13
 20
-268.137
 40
157.441
 50
358.68
 51
359.437
  0
LINE
  8
APS_GEOMETRY
 10
12435.563
 11
12435.579
 20
-269.683
 21
-267.228
  0
LINE
  8
APS_GEOMETRY
 10
12435.579
 11
12435.584
 20
-267.228
 21
-264.022
  0
ARC
  8
APS_GEOMETRY
 10
12397.679
 20
-264.022
 40
37.905
 50
360.0
 51
1.717
  0
ARC
  8
APS_GEOMETRY
 10
12417.964
 20
-263.414
 40
17.611
 50
1.717
 51
4.236
  0
ARC
  8
APS_GEOMETRY
 10
12424.578
 20
-262.924
 40
10.979
 50
4.236
 51
8.269
  0
ARC
  8
APS_GEOMETRY
 10
12432.19
 20
-261.817
 40
3.287
 50
8.269
 51
15.642
  0
ARC
  8
APS_GEOMETRY
 10
12433.5
 20
-261.451
 40
1.926
 50
15.642
 51
39.417
  0
ARC
  8
APS_GEOMETRY
 10
12433.529
 20
-261.426
 40
1.888
 50
39.417
 51
63.435
  0
ARC
  8
APS_GEOMETRY
 10
12436.93
 20
-254.382
 40
5.935
 50
236.874
 51
244.486
  0
ARC
  8
APS_GEOMETRY
 10
12434.4
 20
-258.258
 40
1.306
 50
220.601
 51
236.874
  0
ARC
  8
APS_GEOMETRY
 10
12434.11
 20
-258.507
 40
0.923
 50
198.246
 51
220.601
  0
ARC
  8
APS_GEOMETRY
 10
12434.544
 20
-258.364
 40
1.38
 50
180.0
 51
198.246
  0
ARC
  8
APS_GEOMETRY
 10
12434.538
 20
-258.364
 40
1.374
 50
156.161
 51
180.0
  0
ARC
  8
APS_GEOMETRY
 10
12434.729
 20
-258.449
 40
1.583
 50
133.977
 51
156.161
  0
ARC
  8
APS_GEOMETRY
 10
12435.111
 20
-258.844
 40
2.133
 50
116.996
 51
133.977
  0
ARC
  8
APS_GEOMETRY
 10
12435.869
 20
-260.333
 40
3.804
 50
104.3
 51
116.996
  0
ARC
  8
APS_GEOMETRY
 10
12436.065
 20
-261.086
 40
4.582
 50
95.326
 51
104.349
  0
ARC
  8
APS_GEOMETRY
 10
12436.859
 20
-269.603
 40
13.136
 50
90.0
 51
95.326
  0
ARC
  8
APS_GEOMETRY
 10
12436.859
 20
-262.974
 40
6.506
 50
87.553
 51
90.0
  0
ARC
  8
APS_GEOMETRY
 10
12435.475
 20
-295.367
 40
38.93
 50
86.553
 51
87.553
  0
ARC
  8
APS_GEOMETRY
 10
12433.507
 20
-328.041
 40
71.662
 50
86.009
 51
86.553
  0
ARC
  8
APS_GEOMETRY
 10
12425.853
 20
-437.747
 40
181.636
 50
85.668
 51
86.009
  0
ARC
  8
APS_GEOMETRY
 10
12440.177
 20
-249.092
 40
7.563
 50
265.426
 51
268.531
  0
ARC
  8
APS_GEOMETRY
 10
12440.849
 20
-222.871
 40
33.793
 50
268.531
 51
270.0
  0
ARC
  8
APS_GEOMETRY
 10
12440.849
 20
-230.908
 40
25.755
 50
270.0
 51
271.637
  0
ARC
  8
APS_GEOMETRY
 10
12440.274
 20
-210.766
 40
45.906
 50
271.637
 51
272.862
  0
ARC
  8
APS_GEOMETRY
 10
12439.613
 20
-197.551
 40
59.137
 50
272.862
 51
273.814
  0
ARC
  8
APS_GEOMETRY
 10
12437.376
 20
-163.999
 40
92.764
 50
273.814
 51
274.574
  0
ARC
  8
APS_GEOMETRY
 10
12451.407
 20
-346.494
 40
90.271
 50
93.72
 51
94.214
  0
ARC
  8
APS_GEOMETRY
 10
12448.413
 20
-300.435
 40
44.115
 50
93.013
 51
93.72
  0
ARC
  8
APS_GEOMETRY
 10
12447.592
 20
-284.838
 40
28.496
 50
91.918
 51
93.013
  0
ARC
  8
APS_GEOMETRY
 10
12446.948
 20
-265.63
 40
9.277
 50
90.0
 51
91.918
  0
ARC
  8
APS_GEOMETRY
 10
12446.948
 20
-268.407
 40
12.054
 50
73.82
 51
90.0
  0
ARC
  8
APS_GEOMETRY
 10
12448.136
 20
-264.312
 40
7.791
 50
53.658
 51
73.82
  0
ARC
  8
APS_GEOMETRY
 10
12449.826
 20
-262.002
 40
4.929
 50
26.03
 51
53.569
  0
ARC
  8
APS_GEOMETRY
 10
12449.308
 20
-262.256
 40
5.506
 50
360.0
 51
26.03
  0
ARC
  8
APS_GEOMETRY
 10
12449.092
 20
-262.256
 40
5.722
 50
345.282
 51
360.0
  0
ARC
  8
APS_GEOMETRY
 10
12449.642
 20
-262.4
 40
5.152
 50
329.767
 51
345.282
  0
ARC
  8
APS_GEOMETRY
 10
12449.954
 20
-262.582
 40
4.792
 50
313.168
 51
329.767
  0
ARC
  8
APS_GEOMETRY
 10
12450.07
 20
-262.705
 40
4.623
 50
296.267
 51
313.168
  0
ARC
  8
APS_GEOMETRY
 10
12452.701
 20
-268.022
 40
1.31
 50
116.565
 51
139.899
  0
ARC
  8
APS_GEOMETRY
 10
12452.048
 20
-267.472
 40
0.456
 50
139.899
 51
180.0
  0
ARC
  8
APS_GEOMETRY
 10
12452.099
 20
-267.472
 40
0.506
 50
180.0
 51
226.193
  0
ARC
  8
APS_GEOMETRY
 10
12453.034
 20
-266.497
 40
1.858
 50
226.193
 51
249.829
  0
ARC
  8
APS_GEOMETRY
 10
12450.354
 20
-273.877
 40
5.995
 50
53.249
 51
70.105
  0
ARC
  8
APS_GEOMETRY
 10
12451.571
 20
-272.247
 40
3.96
 50
32.471
 51
53.249
  0
ARC
  8
APS_GEOMETRY
 10
12451.004
 20
-272.608
 40
4.632
 50
23.305
 51
32.471
  0
ARC
  8
APS_GEOMETRY
 10
12447.499
 20
-274.118
 40
8.449
 50
16.521
 51
23.305
  0
ARC
  8
APS_GEOMETRY
 10
12444.766
 20
-274.928
 40
11.299
 50
11.429
 51
16.521
  0
ARC
  8
APS_GEOMETRY
 10
12437.021
 20
-276.494
 40
19.201
 50
7.524
 51
11.429
  0
ARC
  8
APS_GEOMETRY
 10
12462.685
 20
-273.076
 40
6.69
 50
187.765
 51
196.914
  0
ARC
  8
APS_GEOMETRY
 10
12457.213
 20
-274.74
 40
0.971
 50
196.914
 51
221.082
  0
ARC
  8
APS_GEOMETRY
 10
12457.234
 20
-274.722
 40
0.999
 50
221.082
 51
244.607
  0
ARC
  8
APS_GEOMETRY
 10
12459.571
 20
-269.799
 40
6.448
 50
244.607
 51
253.811
  0
ARC
  8
APS_GEOMETRY
 10
12457.517
 20
-276.804
 40
0.852
 50
51.45
 51
72.474
  0
ARC
  8
APS_GEOMETRY
 10
12457.306
 20
-277.069
 40
1.191
 50
33.69
 51
51.45
  0
ARC
  8
APS_GEOMETRY
 10
12457.256
 20
-277.102
 40
1.25
 50
16.639
 51
33.69
  0
ARC
  8
APS_GEOMETRY
 10
12457.197
 20
-277.119
 40
1.312
 50
360.0
 51
16.639
  0
ARC
  8
APS_GEOMETRY
 10
12457.178
 20
-277.119
 40
1.331
 50
338.993
 51
360.0
  0
ARC
  8
APS_GEOMETRY
 10
12456.366
 20
-276.807
 40
2.201
 50
322.696
 51
338.993
  0
ARC
  8
APS_GEOMETRY
 10
12456.063
 20
-276.577
 40
2.582
 50
308.603
 51
322.696
  0
ARC
  8
APS_GEOMETRY
 10
12455.855
 20
-276.316
 40
2.916
 50
295.346
 51
308.603
  0
ARC
  8
APS_GEOMETRY
 10
12454.759
 20
-273.903
 40
5.566
 50
279.583
 51
294.905
  0
ARC
  8
APS_GEOMETRY
 10
12453.326
 20
-265.412
 40
14.176
 50
270.0
 51
279.583
  0
ARC
  8
APS_GEOMETRY
 10
12453.326
 20
-269.253
 40
10.336
 50
261.247
 51
270.0
  0
ARC
  8
APS_GEOMETRY
 10
12452.663
 20
-273.553
 40
5.985
 50
249.737
 51
261.247
  0
ARC
  8
APS_GEOMETRY
 10
12452.228
 20
-274.732
 40
4.728
 50
235.345
 51
249.737
  0
ARC
  8
APS_GEOMETRY
 10
12451.679
 20
-275.527
 40
3.762
 50
219.198
 51
235.345
  0
ARC
  8
APS_GEOMETRY
 10
12452.835
 20
-274.541
 40
5.281
 50
209.076
 51
219.56
  0
ARC
  8
APS_GEOMETRY
 10
12455.506
 20
-273.056
 40
8.337
 50
200.735
 51
209.076
  0
ARC
  8
APS_GEOMETRY
 10
12459.19
 20
-271.661
 40
12.277
 50
197.881
 51
200.735
  0
ARC
  8
APS_GEOMETRY
 10
12474.331
 20
-266.776
 40
28.186
 50
195.997
 51
197.881
  0
ARC
  8
APS_GEOMETRY
 10
12485.522
 20
-263.568
 40
39.828
 50
194.664
 51
195.997
  0
ARC
  8
APS_GEOMETRY
 10
12516.52
 20
-255.456
 40
71.869
 50
193.671
 51
194.664
  0
ARC
  8
APS_GEOMETRY
 10
12437.914
 20
-274.567
 40
9.026
 50
13.61
 51
23.585
  0
ARC
  8
APS_GEOMETRY
 10
12443.824
 20
-271.987
 40
2.577
 50
23.585
 51
42.31
  0
ARC
  8
APS_GEOMETRY
 10
12444.36
 20
-271.499
 40
1.853
 50
42.31
 51
67.521
  0
ARC
  8
APS_GEOMETRY
 10
12443.936
 20
-272.524
 40
2.962
 50
67.521
 51
87.397
  0
LINE
  8
APS_GEOMETRY
 10
12443.138
 11
12442.959
 20
-261.226
 21
-265.035
  0
LINE
  8
APS_GEOMETRY
 10
12442.959
 11
12442.959
 20
-265.035
 21
-265.097
  0
LINE
  8
APS_GEOMETRY
 10
12442.959
 11
12442.959
 20
-265.097
 21
-265.183
  0
ARC
  8
APS_GEOMETRY
 10
12445.606
 20
-265.183
 40
2.647
 50
180.0
 51
192.339
  0
ARC
  8
APS_GEOMETRY
 10
12443.501
 20
-265.643
 40
0.493
 50
192.339
 51
221.186
  0
ARC
  8
APS_GEOMETRY
 10
12443.451
 20
-265.687
 40
0.426
 50
221.186
 51
253.872
  0
ARC
  8
APS_GEOMETRY
 10
12443.809
 20
-264.449
 40
1.715
 50
253.872
 51
270.0
  0
ARC
  8
APS_GEOMETRY
 10
12443.809
 20
-262.178
 40
3.985
 50
270.0
 51
289.569
  0
ARC
  8
APS_GEOMETRY
 10
12444.533
 20
-264.217
 40
1.822
 50
289.569
 51
318.681
  0
ARC
  8
APS_GEOMETRY
 10
12444.337
 20
-264.044
 40
2.083
 50
318.681
 51
344.628
  0
ARC
  8
APS_GEOMETRY
 10
12440.686
 20
-263.041
 40
5.87
 50
344.628
 51
0.0
  0
ARC
  8
APS_GEOMETRY
 10
12442.422
 20
-263.041
 40
4.134
 50
0.0
 51
35.369
  0
ARC
  8
APS_GEOMETRY
 10
12444.316
 20
-261.696
 40
1.812
 50
35.369
 51
90.0
  0
ARC
  8
APS_GEOMETRY
 10
12444.316
 20
-261.716
 40
1.831
 50
90.0
 51
108.435
  0
ARC
  8
APS_GEOMETRY
 10
12443.959
 20
-260.647
 40
0.705
 50
108.435
 51
138.366
  0
ARC
  8
APS_GEOMETRY
 10
12444.055
 20
-260.732
 40
0.833
 50
138.366
 51
164.291
  0
ARC
  8
APS_GEOMETRY
 10
12446.298
 20
-261.363
 40
3.162
 50
164.291
 51
177.51
  0
LINE
  8
APS_GEOMETRY
 10
12468.395
 11
12477.013
 20
-256.631
 21
-256.631
  0
ARC
  8
APS_GEOMETRY
 10
12476.577
 20
-244.283
 40
12.355
 50
272.021
 51
278.44
  0
ARC
  8
APS_GEOMETRY
 10
12477.063
 20
-247.561
 40
9.042
 50
278.44
 51
285.945
  0
ARC
  8
APS_GEOMETRY
 10
12480.722
 20
-260.659
 40
4.559
 50
98.584
 51
104.931
  0
ARC
  8
APS_GEOMETRY
 10
12480.414
 20
-258.619
 40
2.495
 50
90.0
 51
98.584
  0
ARC
  8
APS_GEOMETRY
 10
12480.414
 20
-258.0
 40
1.876
 50
52.871
 51
90.0
  0
ARC
  8
APS_GEOMETRY
 10
12477.87
 20
-261.36
 40
6.091
 50
32.518
 51
52.871
  0
ARC
  8
APS_GEOMETRY
 10
12475.854
 20
-262.645
 40
8.481
 50
17.209
 51
32.518
  0
ARC
  8
APS_GEOMETRY
 10
12477.534
 20
-262.125
 40
6.723
 50
360.0
 51
17.209
  0
ARC
  8
APS_GEOMETRY
 10
12480.898
 20
-262.125
 40
3.359
 50
337.348
 51
360.0
  0
ARC
  8
APS_GEOMETRY
 10
12482.248
 20
-262.688
 40
1.896
 50
307.042
 51
337.348
  0
ARC
  8
APS_GEOMETRY
 10
12482.013
 20
-262.366
 40
2.295
 50
287.186
 51
306.87
  0
ARC
  8
APS_GEOMETRY
 10
12481.804
 20
-261.689
 40
3.003
 50
270.0
 51
287.186
  0
ARC
  8
APS_GEOMETRY
 10
12481.804
 20
-261.995
 40
2.697
 50
252.221
 51
270.0
  0
ARC
  8
APS_GEOMETRY
 10
12481.678
 20
-262.387
 40
2.286
 50
232.896
 51
252.221
  0
ARC
  8
APS_GEOMETRY
 10
12482.163
 20
-261.745
 40
3.09
 50
218.3
 51
232.896
  0
ARC
  8
APS_GEOMETRY
 10
12485.954
 20
-258.752
 40
7.92
 50
209.197
 51
218.3
  0
ARC
  8
APS_GEOMETRY
 10
12466.677
 20
-269.196
 40
14.006
 50
28.025
 51
32.699
  0
ARC
  8
APS_GEOMETRY
 10
12476.755
 20
-262.726
 40
2.03
 50
32.699
 51
45.0
  0
ARC
  8
APS_GEOMETRY
 10
12477.442
 20
-262.039
 40
1.058
 50
45.0
 51
67.557
  0
ARC
  8
APS_GEOMETRY
 10
12477.438
 20
-262.049
 40
1.069
 50
67.557
 51
90.0
  0
ARC
  8
APS_GEOMETRY
 10
12477.438
 20
-261.965
 40
0.984
 50
90.0
 51
120.801
  0
ARC
  8
APS_GEOMETRY
 10
12477.405
 20
-261.909
 40
0.919
 50
120.801
 51
152.7
  0
ARC
  8
APS_GEOMETRY
 10
12478.134
 20
-262.285
 40
1.74
 50
152.7
 51
171.085
  0
ARC
  8
APS_GEOMETRY
 10
12483.678
 20
-263.155
 40
7.353
 50
171.085
 51
180.0
  0
LINE
  8
APS_GEOMETRY
 10
12476.326
 11
12476.326
 20
-263.155
 21
-272.312
  0
ARC
  8
APS_GEOMETRY
 10
12486.039
 20
-272.312
 40
9.714
 50
180.0
 51
188.194
  0
ARC
  8
APS_GEOMETRY
 10
12478.786
 20
-273.357
 40
2.385
 50
188.194
 51
204.775
  0
ARC
  8
APS_GEOMETRY
 10
12478.081
 20
-273.682
 40
1.609
 50
204.775
 51
228.576
  0
ARC
  8
APS_GEOMETRY
 10
12478.742
 20
-272.933
 40
2.608
 50
228.576
 51
247.218
  0
ARC
  8
APS_GEOMETRY
 10
12474.908
 20
-281.969
 40
7.208
 50
59.381
 51
66.93
  0
ARC
  8
APS_GEOMETRY
 10
12477.738
 20
-277.186
 40
1.65
 50
43.568
 51
59.381
  0
ARC
  8
APS_GEOMETRY
 10
12478.191
 20
-276.755
 40
1.025
 50
19.041
 51
43.568
  0
ARC
  8
APS_GEOMETRY
 10
12477.562
 20
-276.972
 40
1.691
 50
360.0
 51
19.041
  0
ARC
  8
APS_GEOMETRY
 10
12477.879
 20
-276.972
 40
1.374
 50
317.66
 51
360.0
  0
ARC
  8
APS_GEOMETRY
 10
12476.618
 20
-275.823
 40
3.08
 50
289.747
 51
317.66
  0
ARC
  8
APS_GEOMETRY
 10
12475.562
 20
-272.881
 40
6.206
 50
281.964
 51
289.747
  0
ARC
  8
APS_GEOMETRY
 10
12474.098
 20
-265.975
 40
13.265
 50
276.643
 51
281.964
  0
ARC
  8
APS_GEOMETRY
 10
12473.482
 20
-260.687
 40
18.589
 50
272.836
 51
276.643
  0
ARC
  8
APS_GEOMETRY
 10
12472.745
 20
-245.799
 40
33.495
 50
270.0
 51
272.836
  0
ARC
  8
APS_GEOMETRY
 10
12472.745
 20
-236.574
 40
42.72
 50
267.283
 51
270.0
  0
ARC
  8
APS_GEOMETRY
 10
12471.848
 20
-255.476
 40
23.797
 50
263.643
 51
267.283
  0
ARC
  8
APS_GEOMETRY
 10
12471.097
 20
-262.217
 40
17.014
 50
258.563
 51
263.643
  0
ARC
  8
APS_GEOMETRY
 10
12469.302
 20
-271.087
 40
7.964
 50
251.136
 51
258.563
  0
ARC
  8
APS_GEOMETRY
 10
12467.7
 20
-275.734
 40
3.05
 50
222.558
 51
251.395
  0
ARC
  8
APS_GEOMETRY
 10
12466.512
 20
-276.825
 40
1.436
 50
180.0
 51
222.558
  0
ARC
  8
APS_GEOMETRY
 10
12466.272
 20
-276.825
 40
1.196
 50
150.642
 51
180.0
  0
ARC
  8
APS_GEOMETRY
 10
12466.368
 20
-276.879
 40
1.306
 50
122.574
 51
150.642
  0
ARC
  8
APS_GEOMETRY
 10
12466.114
 20
-276.588
 40
0.926
 50
108.677
 51
119.055
  0
ARC
  8
APS_GEOMETRY
 10
12477.672
 20
-310.78
 40
37.018
 50
107.038
 51
108.677
  0
ARC
  8
APS_GEOMETRY
 10
12466.395
 20
-273.898
 40
1.549
 50
286.144
 51
308.66
  0
ARC
  8
APS_GEOMETRY
 10
12466.648
 20
-274.215
 40
1.143
 50
308.66
 51
334.933
  0
ARC
  8
APS_GEOMETRY
 10
12465.616
 20
-273.732
 40
2.283
 50
334.933
 51
348.829
  0
ARC
  8
APS_GEOMETRY
 10
12452.703
 20
-271.182
 40
15.445
 50
348.829
 51
354.161
  0
ARC
  8
APS_GEOMETRY
 10
12443.975
 20
-270.282
 40
24.219
 50
354.144
 51
355.66
  0
ARC
  8
APS_GEOMETRY
 10
12405.287
 20
-267.346
 40
63.019
 50
355.66
 51
356.6
  0
ARC
  8
APS_GEOMETRY
 10
12375.713
 20
-265.59
 40
92.646
 50
356.6
 51
357.24
  0
ARC
  8
APS_GEOMETRY
 10
12291.8
 20
-261.544
 40
176.656
 50
357.24
 51
357.703
  0
ARC
  8
APS_GEOMETRY
 10
12300.06
 20
-261.875
 40
168.389
 50
357.703
 51
358.674
  0
ARC
  8
APS_GEOMETRY
 10
12377.976
 20
-263.678
 40
90.452
 50
358.674
 51
0.0
  0
ARC
  8
APS_GEOMETRY
 10
12455.023
 20
-263.678
 40
13.405
 50
360.0
 51
6.242
  0
ARC
  8
APS_GEOMETRY
 10
12465.683
 20
-262.512
 40
2.682
 50
6.242
 51
20.225
  0
ARC
  8
APS_GEOMETRY
 10
12467.16
 20
-261.968
 40
1.107
 50
20.225
 51
50.44
  0
ARC
  8
APS_GEOMETRY
 10
12467.447
 20
-261.621
 40
0.657
 50
50.44
 51
90.0
  0
ARC
  8
APS_GEOMETRY
 10
12467.447
 20
-261.845
 40
0.881
 50
90.0
 51
126.747
  0
ARC
  8
APS_GEOMETRY
 10
12468.692
 20
-263.512
 40
2.962
 50
126.747
 51
146.547
  0
ARC
  8
APS_GEOMETRY
 10
12446.698
 20
-249.056
 40
23.357
 50
324.255
 51
326.701
  0
ARC
  8
APS_GEOMETRY
 10
12456.01
 20
-255.758
 40
11.885
 50
320.826
 51
324.255
  0
ARC
  8
APS_GEOMETRY
 10
12459.053
 20
-258.238
 40
7.959
 50
315.722
 51
320.826
  0
ARC
  8
APS_GEOMETRY
 10
12462.55
 20
-261.648
 40
3.075
 50
307.504
 51
315.722
  0
ARC
  8
APS_GEOMETRY
 10
12462.227
 20
-261.217
 40
3.613
 50
291.306
 51
307.405
  0
ARC
  8
APS_GEOMETRY
 10
12462.787
 20
-262.652
 40
2.073
 50
270.0
 51
291.306
  0
ARC
  8
APS_GEOMETRY
 10
12462.787
 20
-262.785
 40
1.939
 50
245.532
 51
270.0
  0
ARC
  8
APS_GEOMETRY
 10
12462.772
 20
-262.818
 40
1.904
 50
220.833
 51
245.532
  0
ARC
  8
APS_GEOMETRY
 10
12462.969
 20
-262.648
 40
2.164
 50
198.684
 51
220.833
  0
ARC
  8
APS_GEOMETRY
 10
12463.789
 20
-262.37
 40
3.03
 50
180.0
 51
198.684
  0
ARC
  8
APS_GEOMETRY
 10
12465.713
 20
-262.37
 40
4.954
 50
168.408
 51
180.0
  0
ARC
  8
APS_GEOMETRY
 10
12468.889
 20
-263.022
 40
8.196
 50
159.402
 51
168.408
  0
ARC
  8
APS_GEOMETRY
 10
12469.871
 20
-263.391
 40
9.245
 50
151.39
 51
159.402
  0
ARC
  8
APS_GEOMETRY
 10
12469.67
 20
-263.281
 40
9.016
 50
143.276
 51
151.39
  0
ARC
  8
APS_GEOMETRY
 10
12467.145
 20
-261.393
 40
5.863
 50
124.216
 51
143.31
  0
ARC
  8
APS_GEOMETRY
 10
12464.896
 20
-258.086
 40
1.864
 50
90.0
 51
124.216
  0
ARC
  8
APS_GEOMETRY
 10
12464.896
 20
-258.914
 40
2.692
 50
82.725
 51
90.0
  0
ARC
  8
APS_GEOMETRY
 10
12464.686
 20
-260.562
 40
4.353
 50
77.005
 51
82.725
  0
ARC
  8
APS_GEOMETRY
 10
12471.11
 20
-229.589
 40
27.28
 50
258.486
 51
260.378
  0
ARC
  8
APS_GEOMETRY
 10
12468.358
 20
-245.821
 40
10.816
 50
260.378
 51
263.382
  0
ARC
  8
APS_GEOMETRY
 10
12468.123
 20
-247.85
 40
8.774
 50
263.382
 51
267.084
  0
ARC
  8
APS_GEOMETRY
 10
12468.395
 20
-242.494
 40
14.137
 50
267.084
 51
270.0
  0
LINE
  8
APS_GEOMETRY
 10
12490.104
 11
12498.509
 20
-256.631
 21
-256.631
  0
ARC
  8
APS_GEOMETRY
 10
12498.509
 20
-150.771
 40
105.86
 50
270.0
 51
270.69
  0
ARC
  8
APS_GEOMETRY
 10
12499.105
 20
-200.299
 40
56.328
 50
270.69
 51
271.637
  0
ARC
  8
APS_GEOMETRY
 10
12499.608
 20
-217.896
 40
38.724
 50
271.637
 51
273.013
  0
ARC
  8
APS_GEOMETRY
 10
12500.834
 20
-241.177
 40
15.41
 50
273.013
 51
275.194
  0
ARC
  8
APS_GEOMETRY
 10
12501.137
 20
-244.518
 40
12.056
 50
275.194
 51
280.756
  0
ARC
  8
APS_GEOMETRY
 10
12501.194
 20
-244.818
 40
11.75
 50
280.756
 51
286.39
  0
ARC
  8
APS_GEOMETRY
 10
12505.501
 20
-259.561
 40
3.609
 50
100.305
 51
105.945
  0
ARC
  8
APS_GEOMETRY
 10
12505.049
 20
-257.076
 40
1.083
 50
90.0
 51
100.305
  0
ARC
  8
APS_GEOMETRY
 10
12505.049
 20
-257.463
 40
1.47
 50
58.946
 51
90.0
  0
ARC
  8
APS_GEOMETRY
 10
12504.487
 20
-258.396
 40
2.56
 50
35.538
 51
58.946
  0
ARC
  8
APS_GEOMETRY
 10
12502.293
 20
-260.011
 40
5.284
 50
16.699
 51
35.952
  0
ARC
  8
APS_GEOMETRY
 10
12500.642
 20
-260.506
 40
7.007
 50
360.0
 51
16.699
  0
ARC
  8
APS_GEOMETRY
 10
12503.717
 20
-260.506
 40
3.932
 50
344.982
 51
360.0
  0
ARC
  8
APS_GEOMETRY
 10
12505.605
 20
-261.012
 40
1.978
 50
323.746
 51
344.982
  0
ARC
  8
APS_GEOMETRY
 10
12506.024
 20
-261.32
 40
1.458
 50
296.114
 51
323.746
  0
ARC
  8
APS_GEOMETRY
 10
12505.949
 20
-261.166
 40
1.629
 50
270.0
 51
296.114
  0
ARC
  8
APS_GEOMETRY
 10
12505.949
 20
-260.753
 40
2.042
 50
255.311
 51
270.0
  0
ARC
  8
APS_GEOMETRY
 10
12505.676
 20
-261.795
 40
0.965
 50
233.881
 51
255.311
  0
ARC
  8
APS_GEOMETRY
 10
12505.963
 20
-261.401
 40
1.453
 50
219.289
 51
233.881
  0
ARC
  8
APS_GEOMETRY
 10
12511.728
 20
-256.684
 40
8.902
 50
213.408
 51
219.289
  0
ARC
  8
APS_GEOMETRY
 10
12500.928
 20
-263.798
 40
4.031
 50
33.294
 51
51.246
  0
ARC
  8
APS_GEOMETRY
 10
12501.476
 20
-263.114
 40
3.154
 50
51.246
 51
71.565
  0
ARC
  8
APS_GEOMETRY
 10
12501.114
 20
-264.203
 40
4.302
 50
71.565
 51
79.278
  0
ARC
  8
APS_GEOMETRY
 10
12499.95
 20
-270.351
 40
10.559
 50
79.278
 51
84.2
  0
ARC
  8
APS_GEOMETRY
 10
12499.453
 20
-275.24
 40
15.473
 50
84.2
 51
87.567
  0
ARC
  8
APS_GEOMETRY
 10
12498.852
 20
-289.379
 40
29.625
 50
87.567
 51
90.0
  0
ARC
  8
APS_GEOMETRY
 10
12498.852
 20
-268.082
 40
8.328
 50
90.0
 51
96.374
  0
ARC
  8
APS_GEOMETRY
 10
12498.299
 20
-263.134
 40
3.349
 50
96.374
 51
106.434
  0
ARC
  8
APS_GEOMETRY
 10
12497.906
 20
-261.802
 40
1.961
 50
106.434
 51
123.056
  0
ARC
  8
APS_GEOMETRY
 10
12497.293
 20
-260.86
 40
0.836
 50
123.056
 51
148.627
  0
ARC
  8
APS_GEOMETRY
 10
12497.853
 20
-261.177
 40
1.48
 50
149.421
 51
165.28
  0
ARC
  8
APS_GEOMETRY
 10
12499.468
 20
-261.601
 40
3.149
 50
165.28
 51
176.135
  0
ARC
  8
APS_GEOMETRY
 10
12504.089
 20
-261.914
 40
7.781
 50
176.135
 51
178.367
  0
ARC
  8
APS_GEOMETRY
 10
12546.842
 20
-263.133
 40
50.551
 50
178.367
 51
179.242
  0
ARC
  8
APS_GEOMETRY
 10
12591.026
 20
-263.717
 40
94.739
 50
179.242
 51
179.709
  0
ARC
  8
APS_GEOMETRY
 10
12741.351
 20
-264.48
 40
245.066
 50
179.709
 51
180.0
  0
ARC
  8
APS_GEOMETRY
 10
12499.83
 20
-264.48
 40
3.545
 50
180.0
 51
195.027
  0
ARC
  8
APS_GEOMETRY
 10
12496.931
 20
-265.258
 40
0.543
 50
195.027
 51
234.058
  0
ARC
  8
APS_GEOMETRY
 10
12496.959
 20
-265.219
 40
0.591
 50
234.058
 51
253.191
  0
ARC
  8
APS_GEOMETRY
 10
12497.578
 20
-263.171
 40
2.731
 50
253.191
 51
262.063
  0
ARC
  8
APS_GEOMETRY
 10
12497.894
 20
-260.898
 40
5.025
 50
262.063
 51
266.949
  0
ARC
  8
APS_GEOMETRY
 10
12498.312
 20
-253.057
 40
12.877
 50
266.949
 51
270.0
  0
ARC
  8
APS_GEOMETRY
 10
12498.312
 20
-263.574
 40
2.361
 50
270.0
 51
286.007
  0
ARC
  8
APS_GEOMETRY
 10
12498.726
 20
-265.014
 40
0.862
 50
286.007
 51
312.647
  0
ARC
  8
APS_GEOMETRY
 10
12498.717
 20
-265.005
 40
0.875
 50
312.647
 51
338.993
  0
ARC
  8
APS_GEOMETRY
 10
12496.93
 20
-264.319
 40
2.79
 50
338.993
 51
353.66
  0
ARC
  8
APS_GEOMETRY
 10
12515.389
 20
-266.52
 40
15.801
 50
169.663
 51
173.118
  0
ARC
  8
APS_GEOMETRY
 10
12502.194
 20
-264.113
 40
2.388
 50
160.769
 51
169.663
  0
ARC
  8
APS_GEOMETRY
 10
12501.091
 20
-263.728
 40
1.219
 50
143.746
 51
160.769
  0
ARC
  8
APS_GEOMETRY
 10
12501.357
 20
-263.924
 40
1.55
 50
128.66
 51
143.746
  0
ARC
  8
APS_GEOMETRY
 10
12501.18
 20
-263.636
 40
1.215
 50
110.171
 51
130.601
  0
ARC
  8
APS_GEOMETRY
 10
12501.19
 20
-263.665
 40
1.246
 50
90.0
 51
110.171
  0
ARC
  8
APS_GEOMETRY
 10
12501.19
 20
-263.683
 40
1.264
 50
61.22
 51
90.0
  0
ARC
  8
APS_GEOMETRY
 10
12500.97
 20
-264.084
 40
1.722
 50
36.634
 51
61.22
  0
ARC
  8
APS_GEOMETRY
 10
12500.763
 20
-264.207
 40
1.961
 50
19.103
 51
35.91
  0
ARC
  8
APS_GEOMETRY
 10
12494.365
 20
-266.423
 40
8.732
 50
11.16
 51
19.103
  0
ARC
  8
APS_GEOMETRY
 10
12491.023
 20
-267.082
 40
12.139
 50
5.396
 51
11.16
  0
ARC
  8
APS_GEOMETRY
 10
12489.323
 20
-267.243
 40
13.846
 50
0.0
 51
5.396
  0
ARC
  8
APS_GEOMETRY
 10
12489.564
 20
-267.243
 40
13.605
 50
349.287
 51
0.0
  0
ARC
  8
APS_GEOMETRY
 10
12496.243
 20
-268.507
 40
6.808
 50
334.12
 51
349.287
  0
ARC
  8
APS_GEOMETRY
 10
12500.844
 20
-270.73
 40
1.698
 50
303.53
 51
333.853
  0
ARC
  8
APS_GEOMETRY
 10
12501.011
 20
-270.982
 40
1.396
 50
270.0
 51
303.53
  0
ARC
  8
APS_GEOMETRY
 10
12501.011
 20
-270.916
 40
1.461
 50
249.578
 51
270.0
  0
ARC
  8
APS_GEOMETRY
 10
12500.7
 20
-271.751
 40
0.57
 50
216.607
 51
249.578
  0
ARC
  8
APS_GEOMETRY
 10
12500.997
 20
-271.531
 40
0.94
 50
195.422
 51
216.607
  0
ARC
  8
APS_GEOMETRY
 10
12506.128
 20
-270.115
 40
6.263
 50
187.253
 51
195.422
  0
ARC
  8
APS_GEOMETRY
 10
12497.842
 20
-271.181
 40
2.092
 50
7.561
 51
49.434
  0
ARC
  8
APS_GEOMETRY
 10
12497.757
 20
-271.28
 40
2.222
 50
49.434
 51
90.0
  0
ARC
  8
APS_GEOMETRY
 10
12497.757
 20
-270.553
 40
1.495
 50
90.0
 51
115.224
  0
ARC
  8
APS_GEOMETRY
 10
12497.461
 20
-269.926
 40
0.801
 50
115.224
 51
149.931
  0
ARC
  8
APS_GEOMETRY
 10
12497.995
 20
-270.235
 40
1.419
 50
149.931
 51
171.111
  0
ARC
  8
APS_GEOMETRY
 10
12504.479
 20
-271.249
 40
7.982
 50
171.111
 51
180.0
  0
ARC
  8
APS_GEOMETRY
 10
12510.867
 20
-271.249
 40
14.369
 50
180.0
 51
183.062
  0
ARC
  8
APS_GEOMETRY
 10
12532.861
 20
-270.073
 40
36.395
 50
183.062
 51
184.986
  0
ARC
  8
APS_GEOMETRY
 10
12521.324
 20
-271.079
 40
24.815
 50
184.986
 51
187.804
  0
ARC
  8
APS_GEOMETRY
 10
12499.474
 20
-274.074
 40
2.76
 50
187.804
 51
196.26
  0
ARC
  8
APS_GEOMETRY
 10
12497.547
 20
-274.654
 40
0.748
 50
194.931
 51
230.024
  0
ARC
  8
APS_GEOMETRY
 10
12498.037
 20
-274.069
 40
1.511
 50
230.024
 51
254.511
  0
ARC
  8
APS_GEOMETRY
 10
12498.633
 20
-271.919
 40
3.742
 50
254.511
 51
265.219
  0
ARC
  8
APS_GEOMETRY
 10
12499.882
 20
-256.985
 40
18.728
 50
265.219
 51
270.0
  0
ARC
  8
APS_GEOMETRY
 10
12499.882
 20
-258.965
 40
16.748
 50
270.0
 51
274.186
  0
ARC
  8
APS_GEOMETRY
 10
12500.392
 20
-265.923
 40
9.771
 50
274.186
 51
279.668
  0
ARC
  8
APS_GEOMETRY
 10
12500.81
 20
-268.377
 40
7.282
 50
279.668
 51
286.991
  0
ARC
  8
APS_GEOMETRY
 10
12501.766
 20
-271.507
 40
4.009
 50
286.991
 51
296.866
  0
ARC
  8
APS_GEOMETRY
 10
12501.965
 20
-271.899
 40
3.569
 50
296.866
 51
318.366
  0
ARC
  8
APS_GEOMETRY
 10
12499.965
 20
-270.122
 40
6.245
 50
318.366
 51
334.581
  0
ARC
  8
APS_GEOMETRY
 10
12513.13
 20
-276.435
 40
8.355
 50
147.08
 51
154.231
  0
ARC
  8
APS_GEOMETRY
 10
12507.627
 20
-272.872
 40
1.8
 50
131.634
 51
147.08
  0
ARC
  8
APS_GEOMETRY
 10
12507.216
 20
-272.411
 40
1.182
 50
108.875
 51
131.634
  0
ARC
  8
APS_GEOMETRY
 10
12507.388
 20
-272.912
 40
1.712
 50
90.0
 51
108.875
  0
ARC
  8
APS_GEOMETRY
 10
12507.388
 20
-272.564
 40
1.364
 50
62.628
 51
90.0
  0
ARC
  8
APS_GEOMETRY
 10
12507.301
 20
-272.731
 40
1.551
 50
36.995
 51
62.628
  0
ARC
  8
APS_GEOMETRY
 10
12506.915
 20
-273.022
 40
2.036
 50
16.728
 51
36.995
  0
ARC
  8
APS_GEOMETRY
 10
12506.012
 20
-273.293
 40
2.978
 50
360.0
 51
16.728
  0
ARC
  8
APS_GEOMETRY
 10
12504.224
 20
-273.293
 40
4.766
 50
348.323
 51
360.0
  0
ARC
  8
APS_GEOMETRY
 10
12497.07
 20
-271.815
 40
12.072
 50
340.994
 51
348.323
  0
ARC
  8
APS_GEOMETRY
 10
12495.373
 20
-271.23
 40
13.867
 50
334.592
 51
340.994
  0
ARC
  8
APS_GEOMETRY
 10
12498.335
 20
-272.637
 40
10.587
 50
327.265
 51
334.592
  0
ARC
  8
APS_GEOMETRY
 10
12501.775
 20
-274.665
 40
6.599
 50
320.133
 51
325.923
  0
ARC
  8
APS_GEOMETRY
 10
12505.776
 20
-278.007
 40
1.386
 50
307.476
 51
320.133
  0
ARC
  8
APS_GEOMETRY
 10
12506.127
 20
-278.464
 40
0.81
 50
286.429
 51
307.476
  0
ARC
  8
APS_GEOMETRY
 10
12505.981
 20
-277.971
 40
1.323
 50
270.0
 51
286.429
  0
ARC
  8
APS_GEOMETRY
 10
12505.981
 20
-276.442
 40
2.852
 50
263.774
 51
270.0
  0
ARC
  8
APS_GEOMETRY
 10
12506.816
 20
-268.794
 40
10.546
 50
260.538
 51
263.774
  0
ARC
  8
APS_GEOMETRY
 10
12503.081
 20
-289.867
 40
10.857
 50
79.38
 51
84.987
  0
ARC
  8
APS_GEOMETRY
 10
12501.462
 20
-308.322
 40
29.383
 50
84.987
 51
88.394
  0
LINE
  8
APS_GEOMETRY
 10
12502.286
 11
12488.42
 20
-278.951
 21
-278.951
  0
ARC
  8
APS_GEOMETRY
 10
12488.42
 20
-276.049
 40
2.902
 50
254.103
 51
270.0
  0
ARC
  8
APS_GEOMETRY
 10
12488.011
 20
-277.484
 40
1.41
 50
231.216
 51
254.103
  0
ARC
  8
APS_GEOMETRY
 10
12487.843
 20
-277.693
 40
1.142
 50
203.795
 51
231.216
  0
ARC
  8
APS_GEOMETRY
 10
12488.179
 20
-277.545
 40
1.509
 50
180.0
 51
203.795
  0
ARC
  8
APS_GEOMETRY
 10
12488.307
 20
-277.545
 40
1.637
 50
164.055
 51
180.0
  0
ARC
  8
APS_GEOMETRY
 10
12487.298
 20
-277.256
 40
0.588
 50
137.291
 51
164.055
  0
ARC
  8
APS_GEOMETRY
 10
12487.602
 20
-277.537
 40
1.001
 50
120.964
 51
137.291
  0
ARC
  8
APS_GEOMETRY
 10
12490.852
 20
-282.954
 40
7.318
 50
114.944
 51
120.964
  0
ARC
  8
APS_GEOMETRY
 10
12486.794
 20
-274.077
 40
2.443
 50
293.429
 51
305.72
  0
ARC
  8
APS_GEOMETRY
 10
12487.466
 20
-275.011
 40
1.292
 50
305.72
 51
322.651
  0
ARC
  8
APS_GEOMETRY
 10
12487.362
 20
-274.932
 40
1.423
 50
322.651
 51
338.11
  0
ARC
  8
APS_GEOMETRY
 10
12485.333
 20
-274.116
 40
3.61
 50
338.11
 51
347.8
  0
ARC
  8
APS_GEOMETRY
 10
12472.733
 20
-271.355
 40
16.509
 50
347.672
 51
352.051
  0
ARC
  8
APS_GEOMETRY
 10
12460.536
 20
-269.651
 40
28.824
 50
352.051
 51
355.365
  0
ARC
  8
APS_GEOMETRY
 10
12452.323
 20
-268.986
 40
37.064
 50
355.365
 51
357.943
  0
ARC
  8
APS_GEOMETRY
 10
12431.118
 20
-268.224
 40
58.283
 50
357.943
 51
0.0
  0
ARC
  8
APS_GEOMETRY
 10
12406.642
 20
-268.224
 40
82.759
 50
360.0
 51
2.183
  0
ARC
  8
APS_GEOMETRY
 10
12456.129
 20
-266.337
 40
33.235
 50
2.183
 51
5.629
  0
ARC
  8
APS_GEOMETRY
 10
12470.871
 20
-264.884
 40
18.422
 50
5.629
 51
11.805
  0
ARC
  8
APS_GEOMETRY
 10
12485.179
 20
-261.894
 40
3.805
 50
11.805
 51
25.419
  0
ARC
  8
APS_GEOMETRY
 10
12487.031
 20
-261.053
 40
1.772
 50
26.565
 51
38.157
  0
ARC
  8
APS_GEOMETRY
 10
12487.853
 20
-260.407
 40
0.726
 50
38.157
 51
56.31
  0
ARC
  8
APS_GEOMETRY
 10
12487.679
 20
-260.668
 40
1.04
 50
56.31
 51
69.193
  0
ARC
  8
APS_GEOMETRY
 10
12485.24
 20
-267.089
 40
7.908
 50
69.193
 51
73.856
  0
ARC
  8
APS_GEOMETRY
 10
12487.813
 20
-258.235
 40
1.312
 50
216.87
 51
253.393
  0
ARC
  8
APS_GEOMETRY
 10
12487.794
 20
-258.25
 40
1.288
 50
180.0
 51
216.87
  0
ARC
  8
APS_GEOMETRY
 10
12488.075
 20
-258.25
 40
1.569
 50
161.565
 51
180.0
  0
ARC
  8
APS_GEOMETRY
 10
12488.019
 20
-258.231
 40
1.509
 50
142.765
 51
161.565
  0
ARC
  8
APS_GEOMETRY
 10
12487.983
 20
-258.203
 40
1.464
 50
123.425
 51
142.765
  0
ARC
  8
APS_GEOMETRY
 10
12488.015
 20
-258.253
 40
1.523
 50
104.47
 51
123.425
  0
ARC
  8
APS_GEOMETRY
 10
12488.305
 20
-259.684
 40
2.982
 50
96.724
 51
102.995
  0
ARC
  8
APS_GEOMETRY
 10
12489.206
 20
-267.322
 40
10.673
 50
93.411
 51
96.724
  0
ARC
  8
APS_GEOMETRY
 10
12489.606
 20
-274.032
 40
17.395
 50
91.375
 51
93.411
  0
ARC
  8
APS_GEOMETRY
 10
12490.104
 20
-294.782
 40
38.151
 50
90.0
 51
91.375
  0
LINE
  8
COSTRUZIONI
 10
12053.33
 11
14053.33
 20
-421.245
 21
-421.245
  0
LINE
  8
COSTRUZIONI
 10
14053.33
 11
14053.33
 20
-421.245
 21
-221.245
  0
LINE
  8
COSTRUZIONI
 10
14053.33
 11
12053.33
 20
-221.245
 21
-221.245
  0
LINE
  8
COSTRUZIONI
 10
12053.33
 11
12053.33
 20
-221.245
 21
-421.245
  0
LINE
  8
COSTRUZIONI
 10
12519.181
 11
12519.181
 20
-421.245
 21
-221.245
  0
LINE
  8
COSTRUZIONI
 10
13854.438
 11
13854.438
 20
-421.245
 21
-221.245
  0
LINE
  8
COSTRUZIONI
 10
14053.33
 11
12519.181
 20
-271.245
 21
-271.245
  0
LINE
  8
COSTRUZIONI
 10
13854.438
 11
14053.33
 20
-371.245
 21
-371.245
  0
LINE
  8
COSTRUZIONI
 10
12519.181
 11
14053.33
 20
-321.245
 21
-321.245
  0
LINE
  8
COSTRUZIONI
 10
13547.629
 11
13547.629
 20
-321.245
 21
-271.245
  0
LINE
  8
COSTRUZIONI
 10
13052.55
 11
13052.55
 20
-321.245
 21
-271.245
  0
ARC
  8
COSTRUZIONI
 10
4885.743
 20
1357.0
 40
336.0
 50
270.0
 51
293.412
  0
LINE
  8
APS_GEOMETRY
 10
5482.744
 11
5456.744
 20
792.0
 21
792.0
  0
ARC
  8
APS_GEOMETRY
 10
5456.744
 20
456.0
 40
336.0
 50
90.0
 51
113.388
  0
ARC
  8
APS_GEOMETRY
 10
5171.244
 20
1094.191
 40
363.191
 50
245.238
 51
294.762
  0
ARC
  8
APS_GEOMETRY
 10
4885.743
 20
456.0
 40
336.0
 50
66.612
 51
90.0
  0
LINE
  8
APS_GEOMETRY
 10
4885.743
 11
4859.744
 20
792.0
 21
792.0
  0
LINE
  8
APS_GEOMETRY
 10
4859.744
 11
4859.744
 20
792.0
 21
1021.0
  0
LINE
  8
APS_GEOMETRY
 10
4859.744
 11
4885.743
 20
1021.0
 21
1021.0
  0
ARC
  8
APS_GEOMETRY
 10
4885.743
 20
1357.0
 40
336.0
 50
270.0
 51
293.388
  0
ARC
  8
APS_GEOMETRY
 10
5171.244
 20
718.809
 40
363.191
 50
65.238
 51
114.762
  0
ARC
  8
APS_GEOMETRY
 10
5456.744
 20
1357.0
 40
336.0
 50
246.612
 51
270.0
  0
LINE
  8
APS_GEOMETRY
 10
5456.744
 11
5482.744
 20
1021.0
 21
1021.0
  0
LINE
  8
APS_GEOMETRY
 10
5482.744
 11
5482.744
 20
1021.0
 21
792.0
  0
LINE
  8
QUOTATURA
 10
5492.744
 11
5700.943
 20
1021.0
 21
1021.0
  0
LINE
  8
QUOTATURA
 10
5492.744
 11
5700.943
 20
792.0
 21
792.0
  0
LINE
  8
QUOTATURA
 10
5690.943
 11
5690.943
 20
1021.0
 21
921.5
  0
LINE
  8
QUOTATURA
 10
5690.943
 11
5690.943
 20
891.165
 21
792.0
  0
LINE
  8
QUOTATURA
 10
5687.609
 11
5690.943
 20
1001.0
 21
1021.0
  0
LINE
  8
QUOTATURA
 10
5690.943
 11
5694.277
 20
1021.0
 21
1001.0
  0
LINE
  8
QUOTATURA
 10
5694.277
 11
5687.609
 20
1001.0
 21
1001.0
  0
LINE
  8
QUOTATURA
 10
5694.277
 11
5690.943
 20
812.0
 21
792.0
  0
LINE
  8
QUOTATURA
 10
5690.943
 11
5687.609
 20
792.0
 21
812.0
  0
LINE
  8
QUOTATURA
 10
5687.609
 11
5694.277
 20
812.0
 21
812.0
  0
TEXT
  8
QUOTATURA
 10
2745.989
 20
-102.996
 30
0.0
 40
20.0
 50
0.0
  1
827
  0
TEXT
  8
QUOTATURA
 10
3244.978
 20
405.0
 30
0.0
 40
20.0
 50
0.0
  1
830
  0
TEXT
  8
QUOTATURA
 10
5145.776
 20
-102.996
 30
0.0
 40
20.0
 50
0.0
  1
827
  0
TEXT
  8
QUOTATURA
 10
2152.594
 20
1044.5
 30
0.0
 40
20.0
 50
0.0
  1
2109
  0
TEXT
  8
QUOTATURA
 10
2744.641
 20
978.5
 30
0.0
 40
20.0
 50
0.0
  1
327
  0
TEXT
  8
QUOTATURA
 10
4601.167
 20
1044.5
 30
0.0
 40
20.0
 50
0.0
  1
2109
  0
TEXT
  8
QUOTATURA
 10
5145.81
 20
896.5
 30
0.0
 40
20.0
 50
0.0
  1
327
  0
TEXT
  8
QUOTATURA
 10
5652.265
 20
364.0
 30
0.0
 40
20.0
 50
0.0
  1
748
  0
TEXT
  8
QUOTATURA
 10
12995.657
 20
-102.996
 30
0.0
 40
20.0
 50
0.0
  1
827
  0
TEXT
  8
QUOTATURA
 10
12451.049
 20
1044.5
 30
0.0
 40
20.0
 50
0.0
  1
2109
  0
TEXT
  8
QUOTATURA
 10
13502.147
 20
364.0
 30
0.0
 40
20.0
 50
0.0
  1
748
  0
TEXT
  8
QUOTATURA
 10
12995.691
 20
896.5
 30
0.0
 40
20.0
 50
0.0
  1
327
  0
TEXT
  8
QUOTATURA
 10
10187.023
 20
-102.996
 30
0.0
 40
20.0
 50
0.0
  1
827
  0
TEXT
  8
QUOTATURA
 10
9642.414
 20
1044.5
 30
0.0
 40
20.0
 50
0.0
  1
2109
  0
TEXT
  8
QUOTATURA
 10
10187.056
 20
978.5
 30
0.0
 40
20.0
 50
0.0
  1
327
  0
TEXT
  8
QUOTATURA
 10
10676.472
 20
405.0
 30
0.0
 40
20.0
 50
0.0
  1
830
  0
TEXT
  8
TEXT
 10
11194.879
 20
-362.68
 30
0.0
 40
20.0
 50
0.0
  1
B.Stefano
  0
TEXT
  8
TEXT
 10
9757.681
 20
-239.914
 30
0.0
 40
15.0
 50
0.0
  1
file:
  0
TEXT
  8
TEXT
 10
11094.899
 20
-240.223
 30
0.0
 40
15.0
 50
0.0
  1
data:
  0
TEXT
  8
TEXT
 10
11208.436
 20
-260.024
 30
0.0
 40
20.0
 50
0.0
  1
06/03/15
  0
TEXT
  8
TEXT
 10
11209.455
 20
-416.498
 30
0.0
 40
20.0
 50
0.0
  1
1 : 10
  0
TEXT
  8
TEXT
 10
11093.035
 20
-337.839
 30
0.0
 40
15.0
 50
0.0
  1
responsabile tecnico:
  0
TEXT
  8
TEXT
 10
11095.09
 20
-390.222
 30
0.0
 40
15.0
 50
0.0
  1
scala:
  0
TEXT
  8
TEXT
 10
9295.643
 20
-240.512
 30
0.0
 40
15.0
 50
0.0
  1
Ufficio tecnico:
  0
TEXT
  8
TEXT
 10
9294.644
 20
-313.233
 30
0.0
 40
20.0
 50
0.0
  1
tel. 0577-68.54.26
  0
TEXT
  8
TEXT
 10
9294.644
 20
-343.233
 30
0.0
 40
20.0
 50
0.0
  1
fax 0577-68.64.29
  0
TEXT
  8
TEXT
 10
9294.644
 20
-373.233
 30
0.0
 40
20.0
 50
0.0
  1
e-mail: tecnico@toscocornici.it
  0
TEXT
  8
TEXT
 10
9294.644
 20
-403.233
 30
0.0
 40
20.0
 50
0.0
  1
web: www.tosococornici.it
  0
TEXT
  8
TEXT
 10
9804.526
 20
-260.497
 30
0.0
 40
20.0
 50
0.0
  1
VIENNA-MODIFICATO
  0
TEXT
  8
TEXT
 10
9757.681
 20
-289.914
 30
0.0
 40
15.0
 50
0.0
  1
pezzo:
  0
TEXT
  8
TEXT
 10
9804.526
 20
-310.497
 30
0.0
 40
20.0
 50
0.0
  1
VERSIONE HT 830 (774)
  0
TEXT
  8
TEXT
 10
9757.681
 20
-339.914
 30
0.0
 40
15.0
 50
0.0
  1
note:
  0
TEXT
  8
TEXT
 10
9804.526
 20
-360.497
 30
0.0
 40
20.0
 50
0.0
  1
NOTE
  0
TEXT
  8
TEXT
 10
10291.83
 20
-289.914
 30
0.0
 40
15.0
 50
0.0
  1
lotto:
  0
TEXT
  8
TEXT
 10
10339.879
 20
-310.497
 30
0.0
 40
20.0
 50
0.0
  1
---
  0
TEXT
  8
TEXT
 10
10791.83
 20
-289.914
 30
0.0
 40
15.0
 50
0.0
  1
ordine:
  0
TEXT
  8
TEXT
 10
10845.919
 20
-310.497
 30
0.0
 40
20.0
 50
0.0
  1
---
  0
TEXT
  8
TEXT
 10
11092.938
 20
-289.914
 30
0.0
 40
15.0
 50
0.0
  1
pos:
  0
TEXT
  8
TEXT
 10
11137.352
 20
-310.497
 30
0.0
 40
20.0
 50
0.0
  1
---
  0
TEXT
  8
TEXT
 10
13961.328
 20
-362.68
 30
0.0
 40
20.0
 50
0.0
  1
B.Stefano
  0
TEXT
  8
TEXT
 10
12524.13
 20
-239.914
 30
0.0
 40
15.0
 50
0.0
  1
file:
  0
TEXT
  8
TEXT
 10
13861.349
 20
-240.223
 30
0.0
 40
15.0
 50
0.0
  1
data:
  0
TEXT
  8
TEXT
 10
13974.885
 20
-260.024
 30
0.0
 40
20.0
 50
0.0
  1
06/03/15
  0
TEXT
  8
TEXT
 10
13975.905
 20
-416.498
 30
0.0
 40
20.0
 50
0.0
  1
1 : 10
  0
TEXT
  8
TEXT
 10
13859.485
 20
-337.839
 30
0.0
 40
15.0
 50
0.0
  1
responsabile tecnico:
  0
TEXT
  8
TEXT
 10
13861.54
 20
-390.222
 30
0.0
 40
15.0
 50
0.0
  1
scala:
  0
TEXT
  8
TEXT
 10
12062.092
 20
-240.512
 30
0.0
 40
15.0
 50
0.0
  1
Ufficio tecnico:
  0
TEXT
  8
TEXT
 10
12061.094
 20
-313.233
 30
0.0
 40
20.0
 50
0.0
  1
tel. 0577-68.54.26
  0
TEXT
  8
TEXT
 10
12061.094
 20
-343.233
 30
0.0
 40
20.0
 50
0.0
  1
fax 0577-68.64.29
  0
TEXT
  8
TEXT
 10
12061.094
 20
-373.233
 30
0.0
 40
20.0
 50
0.0
  1
e-mail: tecnico@toscocornici.it
  0
TEXT
  8
TEXT
 10
12061.094
 20
-403.233
 30
0.0
 40
20.0
 50
0.0
  1
web: www.tosococornici.it
  0
TEXT
  8
TEXT
 10
12570.976
 20
-260.497
 30
0.0
 40
20.0
 50
0.0
  1
VIENNA-MODIFICATO
  0
TEXT
  8
TEXT
 10
12524.13
 20
-289.914
 30
0.0
 40
15.0
 50
0.0
  1
pezzo:
  0
TEXT
  8
TEXT
 10
12570.976
 20
-310.497
 30
0.0
 40
20.0
 50
0.0
  1
VERSIONE HT 748 (692)
  0
TEXT
  8
TEXT
 10
12524.13
 20
-339.914
 30
0.0
 40
15.0
 50
0.0
  1
note:
  0
TEXT
  8
TEXT
 10
12570.976
 20
-360.497
 30
0.0
 40
20.0
 50
0.0
  1
NOTE
  0
TEXT
  8
TEXT
 10
13058.279
 20
-289.914
 30
0.0
 40
15.0
 50
0.0
  1
lotto:
  0
TEXT
  8
TEXT
 10
13106.329
 20
-310.497
 30
0.0
 40
20.0
 50
0.0
  1
---
  0
TEXT
  8
TEXT
 10
13558.279
 20
-289.914
 30
0.0
 40
15.0
 50
0.0
  1
ordine:
  0
TEXT
  8
TEXT
 10
13612.368
 20
-310.497
 30
0.0
 40
20.0
 50
0.0
  1
---
  0
TEXT
  8
TEXT
 10
13859.387
 20
-289.914
 30
0.0
 40
15.0
 50
0.0
  1
pos:
  0
TEXT
  8
TEXT
 10
13903.802
 20
-310.497
 30
0.0
 40
20.0
 50
0.0
  1
---
  0
TEXT
  8
QUOTATURA
 10
5607.785
 20
896.5
 30
0.0
 40
20.0
 50
0.0
  1
BUGNA=229
  0
ENDSEC
  0
EOF
