  0
SECTION
  2
ENTITIES
  0
LINE
  8
APS_GEOMETRY
 10
836.0
 11
836.0
 20
0.0
 21
4.5
  0
LINE
  8
APS_GEOMETRY
 10
44.0
 11
44.0
 20
4.5
 21
0.0
  0
LINE
  8
APS_GEOMETRY
 10
36.5
 11
11.0
 20
2103.5
 21
2129.0
  0
LINE
  8
APS_GEOMETRY
 10
843.5
 11
869.0
 20
2103.5
 21
2129.0
  0
LINE
  8
APS_GEOMETRY
 10
843.5
 11
843.5
 20
4.5
 21
2103.5
  0
LINE
  8
APS_GEOMETRY
 10
843.5
 11
36.5
 20
2103.5
 21
2103.5
  0
LINE
  8
APS_GEOMETRY
 10
36.5
 11
36.5
 20
2103.5
 21
4.5
  0
LINE
  8
APS_GEOMETRY
 10
36.5
 11
843.5
 20
4.5
 21
4.5
  0
CIRCLE
  8
APS_GEOMETRY
 10
86.5
 20
1044.5
 40
2.0
  0
LINE
  8
APS_GEOMETRY
 10
86.5
 11
186.5
 20
1054.5
 21
1054.5
  0
LINE
  8
APS_GEOMETRY
 10
186.5
 11
186.5
 20
1054.5
 21
1034.5
  0
LINE
  8
APS_GEOMETRY
 10
186.5
 11
76.5
 20
1034.5
 21
1034.5
  0
LINE
  8
APS_GEOMETRY
 10
76.5
 11
76.5
 20
1034.5
 21
1054.5
  0
LINE
  8
APS_GEOMETRY
 10
76.5
 11
176.5
 20
1054.5
 21
1054.5
  0
ARC
  8
APS_GEOMETRY
 10
86.5
 20
943.5
 40
7.0
 50
180.0
 51
360.0
  0
LINE
  8
APS_GEOMETRY
 10
79.5
 11
79.5
 20
943.5
 21
954.5
  0
ARC
  8
APS_GEOMETRY
 10
86.5
 20
954.5
 40
7.0
 50
360.0
 51
180.0
  0
LINE
  8
APS_GEOMETRY
 10
93.5
 11
93.5
 20
954.5
 21
943.5
  0
CIRCLE
  8
APS_GEOMETRY
 10
86.5
 20
1044.5
 40
1.0
  0
LINE
  8
APS_GEOMETRY
 10
61.5
 11
61.5
 20
924.0
 21
974.0
  0
LINE
  8
APS_GEOMETRY
 10
61.5
 11
111.5
 20
974.0
 21
974.0
  0
LINE
  8
APS_GEOMETRY
 10
111.5
 11
111.5
 20
974.0
 21
924.0
  0
LINE
  8
APS_GEOMETRY
 10
111.5
 11
61.5
 20
924.0
 21
924.0
  0
LINE
  8
APS_GEOMETRY
 10
111.5
 11
111.5
 20
1034.5
 21
1019.5
  0
LINE
  8
APS_GEOMETRY
 10
111.5
 11
61.5
 20
1019.5
 21
1019.5
  0
LINE
  8
APS_GEOMETRY
 10
61.5
 11
61.5
 20
1019.5
 21
1069.5
  0
LINE
  8
APS_GEOMETRY
 10
61.5
 11
111.5
 20
1069.5
 21
1069.5
  0
LINE
  8
APS_GEOMETRY
 10
111.5
 11
111.5
 20
1069.5
 21
1054.5
  0
LINE
  8
APS_GEOMETRY
 10
934.5
 11
880.0
 20
-207.0
 21
-207.0
  0
LINE
  8
APS_GEOMETRY
 10
880.0
 11
880.0
 20
-207.0
 21
-210.0
  0
LINE
  8
APS_GEOMETRY
 10
880.0
 11
875.5
 20
-210.0
 21
-210.0
  0
LINE
  8
APS_GEOMETRY
 10
875.5
 11
875.5
 20
-210.0
 21
-220.5
  0
LINE
  8
APS_GEOMETRY
 10
875.5
 11
874.0
 20
-220.5
 21
-222.0
  0
LINE
  8
APS_GEOMETRY
 10
874.0
 11
871.5
 20
-222.0
 21
-222.0
  0
LINE
  8
APS_GEOMETRY
 10
871.5
 11
871.5
 20
-222.0
 21
-204.0
  0
ARC
  8
APS_GEOMETRY
 10
875.5
 20
-204.0
 40
4.0
 50
90.0
 51
180.0
  0
LINE
  8
APS_GEOMETRY
 10
875.5
 11
936.5
 20
-200.0
 21
-200.0
  0
ARC
  8
APS_GEOMETRY
 10
936.5
 20
-204.0
 40
4.0
 50
360.0
 51
90.0
  0
LINE
  8
APS_GEOMETRY
 10
940.5
 11
940.5
 20
-204.0
 21
-210.0
  0
LINE
  8
APS_GEOMETRY
 10
940.5
 11
934.5
 20
-210.0
 21
-210.0
  0
LINE
  8
APS_GEOMETRY
 10
934.5
 11
934.5
 20
-210.0
 21
-207.0
  0
LINE
  8
APS_GEOMETRY
 10
932.5
 11
878.0
 20
-331.0
 21
-331.0
  0
LINE
  8
APS_GEOMETRY
 10
878.0
 11
878.0
 20
-331.0
 21
-328.0
  0
LINE
  8
APS_GEOMETRY
 10
878.0
 11
873.5
 20
-328.0
 21
-328.0
  0
LINE
  8
APS_GEOMETRY
 10
873.5
 11
873.5
 20
-328.0
 21
-317.5
  0
LINE
  8
APS_GEOMETRY
 10
873.5
 11
872.0
 20
-317.5
 21
-316.0
  0
LINE
  8
APS_GEOMETRY
 10
872.0
 11
869.5
 20
-316.0
 21
-316.0
  0
LINE
  8
APS_GEOMETRY
 10
869.5
 11
869.5
 20
-316.0
 21
-334.0
  0
ARC
  8
APS_GEOMETRY
 10
873.5
 20
-334.0
 40
4.0
 50
180.0
 51
270.0
  0
LINE
  8
APS_GEOMETRY
 10
873.5
 11
934.5
 20
-338.0
 21
-338.0
  0
ARC
  8
APS_GEOMETRY
 10
934.5
 20
-334.0
 40
4.0
 50
270.0
 51
0.0
  0
LINE
  8
APS_GEOMETRY
 10
938.5
 11
938.5
 20
-334.0
 21
-328.0
  0
LINE
  8
APS_GEOMETRY
 10
938.5
 11
932.5
 20
-328.0
 21
-328.0
  0
LINE
  8
APS_GEOMETRY
 10
932.5
 11
932.5
 20
-328.0
 21
-331.0
  0
LINE
  8
COSTRUZIONI
 10
25.8
 11
43.5
 20
-229.5
 21
-229.5
  0
LINE
  8
COSTRUZIONI
 10
43.5
 11
43.5
 20
-229.5
 21
-233.0
  0
LINE
  8
COSTRUZIONI
 10
43.5
 11
25.8
 20
-233.0
 21
-233.0
  0
LINE
  8
COSTRUZIONI
 10
25.8
 11
25.8
 20
-233.0
 21
-229.5
  0
ARC
  8
APS_GEOMETRY
 10
43.0
 20
-234.0
 40
1.0
 50
360.0
 51
90.0
  0
LINE
  8
APS_GEOMETRY
 10
-54.5
 11
0.0
 20
-207.0
 21
-207.0
  0
LINE
  8
APS_GEOMETRY
 10
0.0
 11
0.0
 20
-207.0
 21
-210.0
  0
LINE
  8
APS_GEOMETRY
 10
0.0
 11
4.5
 20
-210.0
 21
-210.0
  0
LINE
  8
APS_GEOMETRY
 10
4.5
 11
4.5
 20
-210.0
 21
-220.5
  0
LINE
  8
APS_GEOMETRY
 10
4.5
 11
6.0
 20
-220.5
 21
-222.0
  0
LINE
  8
APS_GEOMETRY
 10
6.0
 11
8.5
 20
-222.0
 21
-222.0
  0
LINE
  8
APS_GEOMETRY
 10
8.5
 11
8.5
 20
-222.0
 21
-204.0
  0
ARC
  8
APS_GEOMETRY
 10
4.5
 20
-204.0
 40
4.0
 50
0.0
 51
90.0
  0
LINE
  8
APS_GEOMETRY
 10
4.5
 11
-56.5
 20
-200.0
 21
-200.0
  0
ARC
  8
APS_GEOMETRY
 10
-56.5
 20
-204.0
 40
4.0
 50
90.0
 51
180.0
  0
LINE
  8
APS_GEOMETRY
 10
-60.5
 11
-60.5
 20
-204.0
 21
-210.0
  0
LINE
  8
APS_GEOMETRY
 10
-60.5
 11
-54.5
 20
-210.0
 21
-210.0
  0
LINE
  8
APS_GEOMETRY
 10
-54.5
 11
-54.5
 20
-210.0
 21
-207.0
  0
LINE
  8
APS_GEOMETRY
 10
-52.5
 11
2.0
 20
-331.0
 21
-331.0
  0
LINE
  8
APS_GEOMETRY
 10
2.0
 11
2.0
 20
-331.0
 21
-328.0
  0
LINE
  8
APS_GEOMETRY
 10
2.0
 11
6.5
 20
-328.0
 21
-328.0
  0
LINE
  8
APS_GEOMETRY
 10
6.5
 11
6.5
 20
-328.0
 21
-317.5
  0
LINE
  8
APS_GEOMETRY
 10
6.5
 11
8.0
 20
-317.5
 21
-316.0
  0
LINE
  8
APS_GEOMETRY
 10
8.0
 11
10.5
 20
-316.0
 21
-316.0
  0
LINE
  8
APS_GEOMETRY
 10
10.5
 11
10.5
 20
-316.0
 21
-334.0
  0
ARC
  8
APS_GEOMETRY
 10
6.5
 20
-334.0
 40
4.0
 50
270.0
 51
360.0
  0
LINE
  8
APS_GEOMETRY
 10
6.5
 11
-54.5
 20
-338.0
 21
-338.0
  0
ARC
  8
APS_GEOMETRY
 10
-54.5
 20
-334.0
 40
4.0
 50
180.0
 51
270.0
  0
LINE
  8
APS_GEOMETRY
 10
-58.5
 11
-58.5
 20
-334.0
 21
-328.0
  0
LINE
  8
APS_GEOMETRY
 10
-58.5
 11
-52.5
 20
-328.0
 21
-328.0
  0
LINE
  8
APS_GEOMETRY
 10
-52.5
 11
-52.5
 20
-328.0
 21
-331.0
  0
LINE
  8
COSTRUZIONI
 10
854.2
 11
836.5
 20
-229.5
 21
-229.5
  0
LINE
  8
COSTRUZIONI
 10
836.5
 11
836.5
 20
-229.5
 21
-233.0
  0
LINE
  8
COSTRUZIONI
 10
836.5
 11
854.2
 20
-233.0
 21
-233.0
  0
LINE
  8
COSTRUZIONI
 10
854.2
 11
854.2
 20
-233.0
 21
-229.5
  0
LINE
  8
APS_GEOMETRY
 10
869.0
 11
869.0
 20
0.0
 21
2129.0
  0
LINE
  8
APS_GEOMETRY
 10
869.0
 11
11.0
 20
2129.0
 21
2129.0
  0
LINE
  8
APS_GEOMETRY
 10
11.0
 11
11.0
 20
2129.0
 21
0.0
  0
LINE
  8
APS_GEOMETRY
 10
938.0
 11
938.0
 20
0.0
 21
2198.0
  0
LINE
  8
APS_GEOMETRY
 10
938.0
 11
-58.0
 20
2198.0
 21
2198.0
  0
LINE
  8
APS_GEOMETRY
 10
-58.0
 11
-58.0
 20
2198.0
 21
0.0
  0
LINE
  8
COSTRUZIONI
 10
-643.063
 11
1356.937
 20
-613.393
 21
-613.393
  0
LINE
  8
COSTRUZIONI
 10
1356.937
 11
1356.937
 20
-613.393
 21
-413.393
  0
LINE
  8
COSTRUZIONI
 10
1356.937
 11
-643.063
 20
-413.393
 21
-413.393
  0
LINE
  8
COSTRUZIONI
 10
-643.063
 11
-643.063
 20
-413.393
 21
-613.393
  0
LINE
  8
COSTRUZIONI
 10
356.937
 11
356.937
 20
-613.393
 21
-413.393
  0
LINE
  8
COSTRUZIONI
 10
356.937
 11
1356.937
 20
-513.393
 21
-513.393
  0
LINE
  8
COSTRUZIONI
 10
856.937
 11
856.937
 20
-613.393
 21
-413.393
  0
LINE
  8
APS_GEOMETRY
 10
-580.378
 11
-563.143
 20
-467.378
 21
-467.378
  0
ARC
  8
APS_GEOMETRY
 10
-564.014
 20
-442.683
 40
24.711
 50
272.021
 51
278.44
  0
ARC
  8
APS_GEOMETRY
 10
-563.042
 20
-449.238
 40
18.083
 50
278.44
 51
285.945
  0
ARC
  8
APS_GEOMETRY
 10
-555.725
 20
-475.435
 40
9.118
 50
98.584
 51
104.931
  0
ARC
  8
APS_GEOMETRY
 10
-556.341
 20
-471.355
 40
4.991
 50
90.0
 51
98.584
  0
ARC
  8
APS_GEOMETRY
 10
-556.341
 20
-470.116
 40
3.752
 50
52.871
 51
90.0
  0
ARC
  8
APS_GEOMETRY
 10
-561.429
 20
-476.837
 40
12.182
 50
32.518
 51
52.871
  0
ARC
  8
APS_GEOMETRY
 10
-565.46
 20
-479.407
 40
16.963
 50
17.209
 51
32.518
  0
ARC
  8
APS_GEOMETRY
 10
-562.101
 20
-478.366
 40
13.445
 50
360.0
 51
17.209
  0
ARC
  8
APS_GEOMETRY
 10
-555.373
 20
-478.366
 40
6.717
 50
337.348
 51
360.0
  0
ARC
  8
APS_GEOMETRY
 10
-552.673
 20
-479.493
 40
3.792
 50
307.042
 51
337.348
  0
ARC
  8
APS_GEOMETRY
 10
-553.142
 20
-478.848
 40
4.589
 50
287.186
 51
306.87
  0
ARC
  8
APS_GEOMETRY
 10
-553.561
 20
-477.494
 40
6.006
 50
270.0
 51
287.186
  0
ARC
  8
APS_GEOMETRY
 10
-553.561
 20
-478.107
 40
5.393
 50
252.221
 51
270.0
  0
ARC
  8
APS_GEOMETRY
 10
-553.812
 20
-478.89
 40
4.571
 50
232.896
 51
252.221
  0
ARC
  8
APS_GEOMETRY
 10
-552.841
 20
-477.607
 40
6.18
 50
218.3
 51
232.896
  0
ARC
  8
APS_GEOMETRY
 10
-545.261
 20
-471.621
 40
15.839
 50
209.197
 51
218.3
  0
ARC
  8
APS_GEOMETRY
 10
-583.815
 20
-492.509
 40
28.012
 50
28.025
 51
32.699
  0
ARC
  8
APS_GEOMETRY
 10
-563.659
 20
-479.569
 40
4.06
 50
32.699
 51
45.0
  0
ARC
  8
APS_GEOMETRY
 10
-562.284
 20
-478.195
 40
2.116
 50
45.0
 51
67.557
  0
ARC
  8
APS_GEOMETRY
 10
-562.293
 20
-478.214
 40
2.137
 50
67.557
 51
90.0
  0
ARC
  8
APS_GEOMETRY
 10
-562.293
 20
-478.046
 40
1.969
 50
90.0
 51
120.801
  0
ARC
  8
APS_GEOMETRY
 10
-562.359
 20
-477.934
 40
1.839
 50
120.801
 51
152.7
  0
ARC
  8
APS_GEOMETRY
 10
-560.9
 20
-478.687
 40
3.481
 50
152.7
 51
171.085
  0
ARC
  8
APS_GEOMETRY
 10
-549.811
 20
-480.427
 40
14.705
 50
171.085
 51
180.0
  0
LINE
  8
APS_GEOMETRY
 10
-564.516
 11
-564.516
 20
-480.427
 21
-498.741
  0
ARC
  8
APS_GEOMETRY
 10
-545.089
 20
-498.741
 40
19.427
 50
180.0
 51
188.194
  0
ARC
  8
APS_GEOMETRY
 10
-559.597
 20
-500.83
 40
4.77
 50
188.194
 51
204.775
  0
ARC
  8
APS_GEOMETRY
 10
-561.006
 20
-501.48
 40
3.218
 50
204.775
 51
228.576
  0
ARC
  8
APS_GEOMETRY
 10
-559.684
 20
-499.982
 40
5.216
 50
228.576
 51
247.218
  0
ARC
  8
APS_GEOMETRY
 10
-567.353
 20
-518.054
 40
14.416
 50
59.381
 51
66.93
  0
ARC
  8
APS_GEOMETRY
 10
-561.692
 20
-508.488
 40
3.301
 50
43.568
 51
59.381
  0
ARC
  8
APS_GEOMETRY
 10
-560.786
 20
-507.627
 40
2.051
 50
19.041
 51
43.568
  0
ARC
  8
APS_GEOMETRY
 10
-562.044
 20
-508.061
 40
3.382
 50
360.0
 51
19.041
  0
ARC
  8
APS_GEOMETRY
 10
-561.41
 20
-508.061
 40
2.747
 50
317.66
 51
360.0
  0
ARC
  8
APS_GEOMETRY
 10
-563.932
 20
-505.763
 40
6.16
 50
289.747
 51
317.66
  0
ARC
  8
APS_GEOMETRY
 10
-566.045
 20
-499.878
 40
12.412
 50
281.964
 51
289.747
  0
ARC
  8
APS_GEOMETRY
 10
-568.972
 20
-486.066
 40
26.531
 50
276.643
 51
281.964
  0
ARC
  8
APS_GEOMETRY
 10
-570.203
 20
-475.49
 40
37.178
 50
272.836
 51
276.643
  0
ARC
  8
APS_GEOMETRY
 10
-571.678
 20
-445.714
 40
66.99
 50
270.0
 51
272.836
  0
ARC
  8
APS_GEOMETRY
 10
-571.678
 20
-427.265
 40
85.44
 50
267.283
 51
270.0
  0
ARC
  8
APS_GEOMETRY
 10
-573.472
 20
-465.068
 40
47.595
 50
263.643
 51
267.283
  0
ARC
  8
APS_GEOMETRY
 10
-574.975
 20
-478.551
 40
34.027
 50
258.563
 51
263.643
  0
ARC
  8
APS_GEOMETRY
 10
-578.563
 20
-496.291
 40
15.929
 50
251.136
 51
258.563
  0
ARC
  8
APS_GEOMETRY
 10
-581.768
 20
-505.584
 40
6.099
 50
222.558
 51
251.395
  0
ARC
  8
APS_GEOMETRY
 10
-584.145
 20
-507.767
 40
2.871
 50
180.0
 51
222.558
  0
ARC
  8
APS_GEOMETRY
 10
-584.625
 20
-507.767
 40
2.392
 50
150.642
 51
180.0
  0
ARC
  8
APS_GEOMETRY
 10
-584.433
 20
-507.874
 40
2.612
 50
122.574
 51
150.642
  0
ARC
  8
APS_GEOMETRY
 10
-584.94
 20
-507.292
 40
1.851
 50
108.677
 51
119.055
  0
ARC
  8
APS_GEOMETRY
 10
-561.824
 20
-575.676
 40
74.036
 50
107.038
 51
108.677
  0
ARC
  8
APS_GEOMETRY
 10
-584.379
 20
-501.912
 40
3.099
 50
286.144
 51
308.66
  0
ARC
  8
APS_GEOMETRY
 10
-583.871
 20
-502.546
 40
2.287
 50
308.66
 51
334.933
  0
ARC
  8
APS_GEOMETRY
 10
-585.936
 20
-501.581
 40
4.566
 50
334.933
 51
348.829
  0
ARC
  8
APS_GEOMETRY
 10
-611.762
 20
-496.481
 40
30.891
 50
348.829
 51
354.161
  0
ARC
  8
APS_GEOMETRY
 10
-629.218
 20
-494.681
 40
48.439
 50
354.144
 51
355.66
  0
ARC
  8
APS_GEOMETRY
 10
-706.594
 20
-488.809
 40
126.038
 50
355.66
 51
356.6
  0
ARC
  8
APS_GEOMETRY
 10
-765.743
 20
-485.296
 40
185.291
 50
356.6
 51
357.24
  0
ARC
  8
APS_GEOMETRY
 10
-933.568
 20
-477.204
 40
353.311
 50
357.24
 51
357.703
  0
ARC
  8
APS_GEOMETRY
 10
-917.048
 20
-477.867
 40
336.777
 50
357.703
 51
358.674
  0
ARC
  8
APS_GEOMETRY
 10
-761.216
 20
-481.473
 40
180.903
 50
358.674
 51
0.0
  0
ARC
  8
APS_GEOMETRY
 10
-607.122
 20
-481.473
 40
26.81
 50
0.0
 51
6.242
  0
ARC
  8
APS_GEOMETRY
 10
-585.803
 20
-479.141
 40
5.364
 50
6.242
 51
20.225
  0
ARC
  8
APS_GEOMETRY
 10
-582.848
 20
-478.053
 40
2.215
 50
20.225
 51
50.44
  0
ARC
  8
APS_GEOMETRY
 10
-582.274
 20
-477.358
 40
1.314
 50
50.44
 51
90.0
  0
ARC
  8
APS_GEOMETRY
 10
-582.274
 20
-477.807
 40
1.762
 50
90.0
 51
126.747
  0
ARC
  8
APS_GEOMETRY
 10
-579.784
 20
-481.141
 40
5.924
 50
126.747
 51
146.547
  0
ARC
  8
APS_GEOMETRY
 10
-623.772
 20
-452.229
 40
46.715
 50
324.255
 51
326.701
  0
ARC
  8
APS_GEOMETRY
 10
-605.149
 20
-465.633
 40
23.77
 50
320.826
 51
324.255
  0
ARC
  8
APS_GEOMETRY
 10
-599.063
 20
-470.592
 40
15.918
 50
315.722
 51
320.826
  0
ARC
  8
APS_GEOMETRY
 10
-592.068
 20
-477.412
 40
6.149
 50
307.504
 51
315.722
  0
ARC
  8
APS_GEOMETRY
 10
-592.714
 20
-476.551
 40
7.226
 50
291.306
 51
307.405
  0
ARC
  8
APS_GEOMETRY
 10
-591.595
 20
-479.42
 40
4.146
 50
270.0
 51
291.306
  0
ARC
  8
APS_GEOMETRY
 10
-591.595
 20
-479.687
 40
3.879
 50
245.532
 51
270.0
  0
ARC
  8
APS_GEOMETRY
 10
-591.624
 20
-479.752
 40
3.808
 50
220.833
 51
245.532
  0
ARC
  8
APS_GEOMETRY
 10
-591.231
 20
-479.412
 40
4.328
 50
198.684
 51
220.833
  0
ARC
  8
APS_GEOMETRY
 10
-589.59
 20
-478.857
 40
6.06
 50
180.0
 51
198.684
  0
ARC
  8
APS_GEOMETRY
 10
-585.742
 20
-478.857
 40
9.908
 50
168.408
 51
180.0
  0
ARC
  8
APS_GEOMETRY
 10
-579.39
 20
-480.16
 40
16.393
 50
159.402
 51
168.408
  0
ARC
  8
APS_GEOMETRY
 10
-577.427
 20
-480.898
 40
18.49
 50
151.39
 51
159.402
  0
ARC
  8
APS_GEOMETRY
 10
-577.829
 20
-480.678
 40
18.032
 50
143.276
 51
151.39
  0
ARC
  8
APS_GEOMETRY
 10
-582.878
 20
-476.902
 40
11.726
 50
124.216
 51
143.31
  0
ARC
  8
APS_GEOMETRY
 10
-587.376
 20
-470.288
 40
3.728
 50
90.0
 51
124.216
  0
ARC
  8
APS_GEOMETRY
 10
-587.376
 20
-471.945
 40
5.384
 50
82.725
 51
90.0
  0
ARC
  8
APS_GEOMETRY
 10
-587.797
 20
-475.24
 40
8.707
 50
77.005
 51
82.725
  0
ARC
  8
APS_GEOMETRY
 10
-574.948
 20
-413.294
 40
54.561
 50
258.486
 51
260.378
  0
ARC
  8
APS_GEOMETRY
 10
-580.452
 20
-445.758
 40
21.633
 50
260.378
 51
263.382
  0
ARC
  8
APS_GEOMETRY
 10
-580.923
 20
-449.816
 40
17.548
 50
263.382
 51
267.084
  0
ARC
  8
APS_GEOMETRY
 10
-580.378
 20
-439.105
 40
28.273
 50
267.084
 51
270.0
  0
ARC
  8
APS_GEOMETRY
 10
-520.651
 20
-492.244
 40
25.782
 50
71.91
 51
90.0
  0
ARC
  8
APS_GEOMETRY
 10
-519.652
 20
-489.187
 40
22.566
 50
52.561
 51
71.91
  0
ARC
  8
APS_GEOMETRY
 10
-519.914
 20
-489.263
 40
22.786
 50
38.846
 51
52.156
  0
ARC
  8
APS_GEOMETRY
 10
-523.486
 20
-492.14
 40
27.372
 50
26.707
 51
38.846
  0
ARC
  8
APS_GEOMETRY
 10
-522.779
 20
-491.562
 40
26.482
 50
13.868
 51
26.278
  0
ARC
  8
APS_GEOMETRY
 10
-517.679
 20
-490.303
 40
21.229
 50
360.0
 51
13.868
  0
ARC
  8
APS_GEOMETRY
 10
-517.349
 20
-490.303
 40
20.899
 50
339.712
 51
360.0
  0
ARC
  8
APS_GEOMETRY
 10
-518.525
 20
-489.868
 40
22.153
 50
320.013
 51
339.712
  0
ARC
  8
APS_GEOMETRY
 10
-518.72
 20
-489.761
 40
22.372
 50
303.344
 51
320.123
  0
ARC
  8
APS_GEOMETRY
 10
-521.016
 20
-486.271
 40
26.548
 50
287.949
 51
303.344
  0
ARC
  8
APS_GEOMETRY
 10
-521.77
 20
-483.656
 40
29.269
 50
279.039
 51
287.776
  0
ARC
  8
APS_GEOMETRY
 10
-521.468
 20
-485.555
 40
27.346
 50
270.0
 51
279.039
  0
ARC
  8
APS_GEOMETRY
 10
-521.468
 20
-486.89
 40
26.011
 50
257.728
 51
270.0
  0
ARC
  8
APS_GEOMETRY
 10
-521.427
 20
-486.702
 40
26.203
 50
245.501
 51
257.728
  0
ARC
  8
APS_GEOMETRY
 10
-522.9
 20
-489.925
 40
22.66
 50
228.665
 51
245.511
  0
ARC
  8
APS_GEOMETRY
 10
-523.39
 20
-490.482
 40
21.918
 50
211.535
 51
228.665
  0
ARC
  8
APS_GEOMETRY
 10
-522.748
 20
-490.01
 40
22.712
 50
195.642
 51
211.701
  0
ARC
  8
APS_GEOMETRY
 10
-521.574
 20
-489.682
 40
23.931
 50
180.0
 51
195.642
  0
ARC
  8
APS_GEOMETRY
 10
-521.322
 20
-489.682
 40
24.183
 50
162.181
 51
180.0
  0
ARC
  8
APS_GEOMETRY
 10
-523.529
 20
-488.972
 40
21.865
 50
143.434
 51
162.181
  0
ARC
  8
APS_GEOMETRY
 10
-523.826
 20
-488.735
 40
21.485
 50
126.384
 51
143.471
  0
ARC
  8
APS_GEOMETRY
 10
-521.792
 20
-491.495
 40
24.914
 50
110.525
 51
126.384
  0
ARC
  8
APS_GEOMETRY
 10
-521.892
 20
-490.746
 40
24.177
 50
99.77
 51
110.925
  0
ARC
  8
APS_GEOMETRY
 10
-520.651
 20
-497.958
 40
31.496
 50
90.0
 51
99.77
  0
ARC
  8
APS_GEOMETRY
 10
-523.757
 20
-480.655
 40
4.807
 50
90.0
 51
119.604
  0
ARC
  8
APS_GEOMETRY
 10
-523.336
 20
-481.396
 40
5.659
 50
119.604
 51
146.842
  0
ARC
  8
APS_GEOMETRY
 10
-522.49
 20
-482.09
 40
6.748
 50
145.84
 51
164.055
  0
ARC
  8
APS_GEOMETRY
 10
-520.529
 20
-482.65
 40
8.788
 50
164.055
 51
180.0
  0
ARC
  8
APS_GEOMETRY
 10
-508.264
 20
-482.65
 40
21.053
 50
180.0
 51
189.977
  0
ARC
  8
APS_GEOMETRY
 10
-489.613
 20
-479.369
 40
39.991
 50
189.977
 51
197.211
  0
ARC
  8
APS_GEOMETRY
 10
-485.533
 20
-478.106
 40
44.261
 50
197.211
 51
203.76
  0
ARC
  8
APS_GEOMETRY
 10
-495.696
 20
-482.58
 40
33.157
 50
203.76
 51
211.329
  0
ARC
  8
APS_GEOMETRY
 10
-516.564
 20
-495.103
 40
8.821
 50
212.32
 51
224.441
  0
ARC
  8
APS_GEOMETRY
 10
-517.42
 20
-495.942
 40
7.623
 50
224.441
 51
237.484
  0
ARC
  8
APS_GEOMETRY
 10
-517.972
 20
-496.809
 40
6.595
 50
237.484
 51
252.416
  0
ARC
  8
APS_GEOMETRY
 10
-518.525
 20
-498.553
 40
4.766
 50
252.416
 51
270.0
  0
ARC
  8
APS_GEOMETRY
 10
-518.525
 20
-497.988
 40
5.331
 50
270.0
 51
294.953
  0
ARC
  8
APS_GEOMETRY
 10
-518.375
 20
-498.309
 40
4.977
 50
294.953
 51
320.793
  0
ARC
  8
APS_GEOMETRY
 10
-519.176
 20
-497.655
 40
6.011
 50
320.793
 51
342.777
  0
ARC
  8
APS_GEOMETRY
 10
-522.744
 20
-496.549
 40
9.746
 50
342.777
 51
0.0
  0
ARC
  8
APS_GEOMETRY
 10
-539.505
 20
-496.549
 40
26.507
 50
0.0
 51
8.499
  0
ARC
  8
APS_GEOMETRY
 10
-551.172
 20
-498.293
 40
38.304
 50
8.499
 51
15.566
  0
ARC
  8
APS_GEOMETRY
 10
-549.77
 20
-497.902
 40
36.848
 50
15.566
 51
22.909
  0
ARC
  8
APS_GEOMETRY
 10
-537.706
 20
-492.804
 40
23.751
 50
22.909
 51
32.057
  0
ARC
  8
APS_GEOMETRY
 10
-528.23
 20
-486.834
 40
12.552
 50
31.921
 51
42.51
  0
ARC
  8
APS_GEOMETRY
 10
-525.628
 20
-484.449
 40
9.022
 50
42.51
 51
55.008
  0
ARC
  8
APS_GEOMETRY
 10
-524.749
 20
-483.194
 40
7.489
 50
55.008
 51
69.88
  0
ARC
  8
APS_GEOMETRY
 10
-523.961
 20
-481.042
 40
5.198
 50
69.88
 51
87.754
  0
ARC
  8
APS_GEOMETRY
 10
-472.23
 20
-482.445
 40
15.983
 50
83.923
 51
90.0
  0
ARC
  8
APS_GEOMETRY
 10
-473.515
 20
-494.521
 40
28.127
 50
79.342
 51
83.923
  0
ARC
  8
APS_GEOMETRY
 10
-475.066
 20
-502.761
 40
36.512
 50
75.808
 51
79.342
  0
ARC
  8
APS_GEOMETRY
 10
-480.477
 20
-524.156
 40
58.58
 50
73.018
 51
75.808
  0
ARC
  8
APS_GEOMETRY
 10
-461.426
 20
-461.663
 40
6.752
 50
253.288
 51
259.046
  0
ARC
  8
APS_GEOMETRY
 10
-462.353
 20
-466.457
 40
1.87
 50
259.046
 51
270.0
  0
ARC
  8
APS_GEOMETRY
 10
-462.353
 20
-467.217
 40
1.11
 50
270.0
 51
286.699
  0
ARC
  8
APS_GEOMETRY
 10
-471.227
 20
-437.639
 40
31.989
 50
286.699
 51
289.799
  0
ARC
  8
APS_GEOMETRY
 10
-459.337
 20
-470.549
 40
3.002
 50
100.008
 51
110.556
  0
ARC
  8
APS_GEOMETRY
 10
-459.279
 20
-470.876
 40
3.334
 50
90.0
 51
100.008
  0
ARC
  8
APS_GEOMETRY
 10
-459.279
 20
-470.721
 40
3.179
 50
53.356
 51
90.0
  0
ARC
  8
APS_GEOMETRY
 10
-464.833
 20
-478.187
 40
12.484
 50
35.101
 51
53.356
  0
ARC
  8
APS_GEOMETRY
 10
-467.604
 20
-480.134
 40
15.871
 50
20.245
 51
35.101
  0
ARC
  8
APS_GEOMETRY
 10
-460.771
 20
-477.614
 40
8.588
 50
360.0
 51
20.245
  0
ARC
  8
APS_GEOMETRY
 10
-457.332
 20
-477.614
 40
5.15
 50
340.481
 51
360.0
  0
ARC
  8
APS_GEOMETRY
 10
-456.484
 20
-477.915
 40
4.25
 50
318.972
 51
340.481
  0
ARC
  8
APS_GEOMETRY
 10
-456.106
 20
-478.244
 40
3.748
 50
295.017
 51
318.972
  0
ARC
  8
APS_GEOMETRY
 10
-455.976
 20
-478.522
 40
3.442
 50
270.0
 51
295.017
  0
ARC
  8
APS_GEOMETRY
 10
-455.976
 20
-476.678
 40
5.285
 50
256.171
 51
270.0
  0
ARC
  8
APS_GEOMETRY
 10
-456.552
 20
-479.019
 40
2.874
 50
237.381
 51
256.171
  0
ARC
  8
APS_GEOMETRY
 10
-455.532
 20
-477.425
 40
4.768
 50
231.559
 51
237.381
  0
ARC
  8
APS_GEOMETRY
 10
-440.689
 20
-458.725
 40
28.642
 50
229.185
 51
231.559
  0
ARC
  8
APS_GEOMETRY
 10
-424.782
 20
-440.306
 40
52.979
 50
227.9
 51
229.185
  0
ARC
  8
APS_GEOMETRY
 10
-369.729
 20
-379.378
 40
135.095
 50
227.095
 51
227.9
  0
ARC
  8
APS_GEOMETRY
 10
-473.092
 20
-490.54
 40
16.696
 50
46.975
 51
64.612
  0
ARC
  8
APS_GEOMETRY
 10
-469.417
 20
-482.797
 40
8.127
 50
64.612
 51
90.0
  0
ARC
  8
APS_GEOMETRY
 10
-469.417
 20
-480.527
 40
5.856
 50
90.0
 51
106.966
  0
ARC
  8
APS_GEOMETRY
 10
-470.096
 20
-478.303
 40
3.531
 50
106.966
 51
128.868
  0
ARC
  8
APS_GEOMETRY
 10
-470.488
 20
-477.816
 40
2.905
 50
128.868
 51
154.741
  0
ARC
  8
APS_GEOMETRY
 10
-470.361
 20
-477.876
 40
3.046
 50
154.741
 51
180.0
  0
ARC
  8
APS_GEOMETRY
 10
-470.546
 20
-477.876
 40
2.861
 50
180.0
 51
206.64
  0
ARC
  8
APS_GEOMETRY
 10
-469.626
 20
-477.414
 40
3.891
 50
206.64
 51
229.43
  0
ARC
  8
APS_GEOMETRY
 10
-468.15
 20
-475.691
 40
6.159
 50
229.43
 51
244.493
  0
ARC
  8
APS_GEOMETRY
 10
-464.105
 20
-467.211
 40
15.554
 50
244.493
 51
253.956
  0
ARC
  8
APS_GEOMETRY
 10
-536.176
 20
-712.14
 40
239.758
 50
72.737
 51
73.58
  0
ARC
  8
APS_GEOMETRY
 10
-494.872
 20
-579.225
 40
100.573
 50
71.435
 51
72.737
  0
ARC
  8
APS_GEOMETRY
 10
-481.191
 20
-538.49
 40
57.603
 50
69.164
 51
71.435
  0
ARC
  8
APS_GEOMETRY
 10
-465.046
 20
-496.068
 40
12.212
 50
64.231
 51
69.164
  0
ARC
  8
APS_GEOMETRY
 10
-466.903
 20
-499.807
 40
16.387
 50
34.939
 51
64.068
  0
ARC
  8
APS_GEOMETRY
 10
-462.895
 20
-497.007
 40
11.498
 50
360.0
 51
34.939
  0
ARC
  8
APS_GEOMETRY
 10
-465.359
 20
-497.007
 40
13.962
 50
333.435
 51
360.0
  0
ARC
  8
APS_GEOMETRY
 10
-466.272
 20
-496.551
 40
14.982
 50
307.807
 51
333.435
  0
ARC
  8
APS_GEOMETRY
 10
-468.647
 20
-493.478
 40
18.866
 50
296.732
 51
307.786
  0
ARC
  8
APS_GEOMETRY
 10
-470.053
 20
-490.688
 40
21.99
 50
286.496
 51
296.732
  0
ARC
  8
APS_GEOMETRY
 10
-470.978
 20
-487.562
 40
25.25
 50
277.544
 51
286.496
  0
ARC
  8
APS_GEOMETRY
 10
-472.328
 20
-477.372
 40
35.53
 50
270.0
 51
277.544
  0
ARC
  8
APS_GEOMETRY
 10
-472.328
 20
-475.83
 40
37.071
 50
263.555
 51
270.0
  0
ARC
  8
APS_GEOMETRY
 10
-471.128
 20
-465.206
 40
47.762
 50
257.878
 51
263.555
  0
ARC
  8
APS_GEOMETRY
 10
-471.765
 20
-468.172
 40
44.729
 50
254.839
 51
257.878
  0
ARC
  8
APS_GEOMETRY
 10
-476.931
 20
-487.24
 40
24.974
 50
250.772
 51
254.839
  0
ARC
  8
APS_GEOMETRY
 10
-479.255
 20
-493.902
 40
17.918
 50
245.121
 51
250.772
  0
ARC
  8
APS_GEOMETRY
 10
-483.189
 20
-502.384
 40
8.568
 50
236.944
 51
245.121
  0
ARC
  8
APS_GEOMETRY
 10
-485.508
 20
-506.035
 40
4.243
 50
211.802
 51
236.31
  0
ARC
  8
APS_GEOMETRY
 10
-474.484
 20
-499.199
 40
17.215
 50
199.704
 51
211.802
  0
ARC
  8
APS_GEOMETRY
 10
-469.219
 20
-497.313
 40
22.807
 50
190.413
 51
199.704
  0
ARC
  8
APS_GEOMETRY
 10
-473.782
 20
-498.152
 40
18.168
 50
180.0
 51
190.413
  0
ARC
  8
APS_GEOMETRY
 10
-486.081
 20
-498.152
 40
5.869
 50
164.876
 51
180.0
  0
ARC
  8
APS_GEOMETRY
 10
-489.388
 20
-497.258
 40
2.443
 50
141.34
 51
164.876
  0
ARC
  8
APS_GEOMETRY
 10
-489.068
 20
-497.472
 40
2.827
 50
116.928
 51
142.001
  0
ARC
  8
APS_GEOMETRY
 10
-489.236
 20
-497.143
 40
2.457
 50
90.0
 51
116.928
  0
ARC
  8
APS_GEOMETRY
 10
-489.236
 20
-497.149
 40
2.464
 50
62.21
 51
90.0
  0
ARC
  8
APS_GEOMETRY
 10
-490.219
 20
-499.015
 40
4.573
 50
41.906
 51
62.21
  0
ARC
  8
APS_GEOMETRY
 10
-490.052
 20
-499.05
 40
4.475
 50
37.313
 51
43.668
  0
ARC
  8
APS_GEOMETRY
 10
-515.12
 20
-518.156
 40
35.993
 50
35.074
 51
37.313
  0
ARC
  8
APS_GEOMETRY
 10
-543.588
 20
-538.144
 40
70.777
 50
33.934
 51
35.074
  0
ARC
  8
APS_GEOMETRY
 10
-645.085
 20
-606.434
 40
193.11
 50
33.243
 51
33.934
  0
ARC
  8
APS_GEOMETRY
 10
-477.966
 20
-496.864
 40
6.727
 50
213.453
 51
231.637
  0
ARC
  8
APS_GEOMETRY
 10
-474.787
 20
-492.848
 40
11.848
 50
231.637
 51
245.313
  0
ARC
  8
APS_GEOMETRY
 10
-474.087
 20
-491.325
 40
13.524
 50
245.313
 51
257.398
  0
ARC
  8
APS_GEOMETRY
 10
-474.323
 20
-492.38
 40
12.443
 50
257.398
 51
270.0
  0
ARC
  8
APS_GEOMETRY
 10
-474.323
 20
-494.318
 40
10.506
 50
270.0
 51
282.907
  0
ARC
  8
APS_GEOMETRY
 10
-473.192
 20
-499.251
 40
5.445
 50
282.907
 51
300.872
  0
ARC
  8
APS_GEOMETRY
 10
-472.212
 20
-500.89
 40
3.535
 50
300.872
 51
326.876
  0
ARC
  8
APS_GEOMETRY
 10
-471.096
 20
-501.618
 40
2.202
 50
326.876
 51
0.0
  0
ARC
  8
APS_GEOMETRY
 10
-471.425
 20
-501.618
 40
2.531
 50
0.0
 51
27.553
  0
ARC
  8
APS_GEOMETRY
 10
-472.226
 20
-502.036
 40
3.434
 50
27.553
 51
51.147
  0
ARC
  8
APS_GEOMETRY
 10
-473.88
 20
-504.09
 40
6.071
 50
51.147
 51
65.225
  0
ARC
  8
APS_GEOMETRY
 10
-479.983
 20
-517.314
 40
20.636
 50
65.225
 51
72.848
  0
ARC
  8
APS_GEOMETRY
 10
-444.342
 20
-403.675
 40
98.462
 50
251.106
 51
252.532
  0
ARC
  8
APS_GEOMETRY
 10
-456.958
 20
-440.536
 40
59.501
 50
249.271
 51
251.106
  0
ARC
  8
APS_GEOMETRY
 10
-462.203
 20
-454.395
 40
44.683
 50
246.83
 51
249.271
  0
ARC
  8
APS_GEOMETRY
 10
-470.687
 20
-474.218
 40
23.121
 50
243.435
 51
246.83
  0
ARC
  8
APS_GEOMETRY
 10
-471.653
 20
-476.149
 40
20.961
 50
235.981
 51
243.435
  0
ARC
  8
APS_GEOMETRY
 10
-470.911
 20
-475.051
 40
22.287
 50
228.752
 51
235.981
  0
ARC
  8
APS_GEOMETRY
 10
-474.385
 20
-479.145
 40
16.918
 50
206.421
 51
228.457
  0
ARC
  8
APS_GEOMETRY
 10
-478.94
 20
-481.408
 40
11.833
 50
180.0
 51
206.421
  0
ARC
  8
APS_GEOMETRY
 10
-478.725
 20
-481.408
 40
12.047
 50
166.555
 51
180.0
  0
ARC
  8
APS_GEOMETRY
 10
-477.33
 20
-481.741
 40
13.482
 50
153.848
 51
166.555
  0
ARC
  8
APS_GEOMETRY
 10
-477.214
 20
-481.798
 40
13.611
 50
141.244
 51
153.848
  0
ARC
  8
APS_GEOMETRY
 10
-476.354
 20
-482.489
 40
14.714
 50
129.123
 51
141.244
  0
ARC
  8
APS_GEOMETRY
 10
-473.601
 20
-485.416
 40
18.725
 50
108.978
 51
130.006
  0
ARC
  8
APS_GEOMETRY
 10
-472.23
 20
-489.402
 40
22.94
 50
90.0
 51
108.978
  0
ARC
  8
APS_GEOMETRY
 10
-422.239
 20
-487.726
 40
21.264
 50
77.257
 51
90.0
  0
ARC
  8
APS_GEOMETRY
 10
-422.455
 20
-488.681
 40
22.243
 50
64.799
 51
77.257
  0
ARC
  8
APS_GEOMETRY
 10
-404.138
 20
-449.683
 40
20.843
 50
244.885
 51
251.175
  0
ARC
  8
APS_GEOMETRY
 10
-410.106
 20
-467.19
 40
2.346
 50
251.175
 51
270.0
  0
ARC
  8
APS_GEOMETRY
 10
-410.106
 20
-465.73
 40
3.806
 50
270.0
 51
278.82
  0
ARC
  8
APS_GEOMETRY
 10
-412.565
 20
-449.882
 40
19.844
 50
278.82
 51
282.68
  0
ARC
  8
APS_GEOMETRY
 10
-407.42
 20
-472.663
 40
3.511
 50
95.906
 51
102.995
  0
ARC
  8
APS_GEOMETRY
 10
-407.261
 20
-474.199
 40
5.055
 50
90.0
 51
95.906
  0
ARC
  8
APS_GEOMETRY
 10
-407.261
 20
-472.499
 40
3.356
 50
62.447
 51
90.0
  0
ARC
  8
APS_GEOMETRY
 10
-407.858
 20
-473.643
 40
4.645
 50
39.094
 51
62.447
  0
ARC
  8
APS_GEOMETRY
 10
-414.092
 20
-478.857
 40
12.772
 50
18.435
 51
39.611
  0
ARC
  8
APS_GEOMETRY
 10
-417.918
 20
-480.132
 40
16.806
 50
360.0
 51
18.435
  0
ARC
  8
APS_GEOMETRY
 10
-409.446
 20
-480.132
 40
8.333
 50
334.877
 51
360.0
  0
ARC
  8
APS_GEOMETRY
 10
-406.94
 20
-481.308
 40
5.565
 50
304.007
 51
334.877
  0
ARC
  8
APS_GEOMETRY
 10
-406.981
 20
-481.19
 40
5.686
 50
286.39
 51
303.69
  0
ARC
  8
APS_GEOMETRY
 10
-407.163
 20
-480.571
 40
6.33
 50
270.0
 51
286.39
  0
ARC
  8
APS_GEOMETRY
 10
-407.163
 20
-480.645
 40
6.257
 50
255.155
 51
270.0
  0
ARC
  8
APS_GEOMETRY
 10
-407.848
 20
-483.231
 40
3.581
 50
235.491
 51
255.155
  0
ARC
  8
APS_GEOMETRY
 10
-407.504
 20
-482.731
 40
4.189
 50
218.48
 51
235.491
  0
ARC
  8
APS_GEOMETRY
 10
-401.883
 20
-478.263
 40
11.369
 50
208.179
 51
218.48
  0
ARC
  8
APS_GEOMETRY
 10
-459.508
 20
-509.542
 40
54.198
 50
28.56
 51
31.664
  0
ARC
  8
APS_GEOMETRY
 10
-424.296
 20
-487.825
 40
12.827
 50
31.664
 51
38.047
  0
ARC
  8
APS_GEOMETRY
 10
-421.735
 20
-485.822
 40
9.576
 50
38.047
 51
46.56
  0
ARC
  8
APS_GEOMETRY
 10
-423.066
 20
-487.227
 40
11.512
 50
46.56
 51
54.324
  0
ARC
  8
APS_GEOMETRY
 10
-423.834
 20
-488.548
 40
13.034
 50
54.968
 51
71.48
  0
ARC
  8
APS_GEOMETRY
 10
-422.991
 20
-486.032
 40
10.38
 50
71.48
 51
90.0
  0
ARC
  8
APS_GEOMETRY
 10
-422.991
 20
-482.902
 40
7.251
 50
90.0
 51
114.63
  0
ARC
  8
APS_GEOMETRY
 10
-423.356
 20
-482.108
 40
6.377
 50
114.63
 51
140.921
  0
ARC
  8
APS_GEOMETRY
 10
-422.28
 20
-482.982
 40
7.763
 50
140.921
 51
163.13
  0
ARC
  8
APS_GEOMETRY
 10
-416.902
 20
-484.613
 40
13.382
 50
163.13
 51
180.0
  0
ARC
  8
APS_GEOMETRY
 10
-409.929
 20
-484.613
 40
20.355
 50
180.0
 51
195.44
  0
ARC
  8
APS_GEOMETRY
 10
-410.987
 20
-484.905
 40
19.258
 50
195.44
 51
211.316
  0
ARC
  8
APS_GEOMETRY
 10
-416.076
 20
-487.894
 40
13.357
 50
211.708
 51
240.457
  0
ARC
  8
APS_GEOMETRY
 10
-416.418
 20
-488.497
 40
12.663
 50
240.457
 51
270.0
  0
ARC
  8
APS_GEOMETRY
 10
-416.418
 20
-485.41
 40
15.751
 50
270.0
 51
279.549
  0
ARC
  8
APS_GEOMETRY
 10
-416.614
 20
-484.246
 40
16.931
 50
279.549
 51
288.759
  0
ARC
  8
APS_GEOMETRY
 10
-415.788
 20
-486.676
 40
14.364
 50
288.759
 51
299.545
  0
ARC
  8
APS_GEOMETRY
 10
-412.479
 20
-492.515
 40
7.652
 50
299.545
 51
314.341
  0
ARC
  8
APS_GEOMETRY
 10
-402.244
 20
-503.146
 40
7.105
 50
120.141
 51
133.452
  0
ARC
  8
APS_GEOMETRY
 10
-405.103
 20
-498.223
 40
1.412
 50
90.0
 51
120.141
  0
ARC
  8
APS_GEOMETRY
 10
-405.103
 20
-499.041
 40
2.23
 50
61.952
 51
90.0
  0
ARC
  8
APS_GEOMETRY
 10
-405.435
 20
-499.664
 40
2.936
 50
37.569
 51
61.952
  0
ARC
  8
APS_GEOMETRY
 10
-406.054
 20
-500.14
 40
3.717
 50
17.665
 51
37.569
  0
ARC
  8
APS_GEOMETRY
 10
-406.999
 20
-500.441
 40
4.709
 50
360.0
 51
17.665
  0
ARC
  8
APS_GEOMETRY
 10
-409.371
 20
-500.441
 40
7.081
 50
344.932
 51
360.0
  0
ARC
  8
APS_GEOMETRY
 10
-415.669
 20
-498.745
 40
13.603
 50
334.075
 51
344.932
  0
ARC
  8
APS_GEOMETRY
 10
-415.867
 20
-498.649
 40
13.823
 50
323.374
 51
334.075
  0
ARC
  8
APS_GEOMETRY
 10
-411.803
 20
-501.67
 40
8.76
 50
309.92
 51
323.374
  0
ARC
  8
APS_GEOMETRY
 10
-407.742
 20
-506.461
 40
2.48
 50
289.026
 51
308.991
  0
ARC
  8
APS_GEOMETRY
 10
-412.075
 20
-493.895
 40
15.771
 50
281.143
 51
289.026
  0
ARC
  8
APS_GEOMETRY
 10
-407.681
 20
-516.677
 40
7.431
 50
100.437
 51
110.12
  0
ARC
  8
APS_GEOMETRY
 10
-401.86
 20
-532.567
 40
24.353
 50
110.12
 51
115.463
  0
ARC
  8
APS_GEOMETRY
 10
-422.641
 20
-489.086
 40
23.838
 50
282.94
 51
295.628
  0
ARC
  8
APS_GEOMETRY
 10
-422.435
 20
-489.98
 40
22.921
 50
270.0
 51
282.94
  0
ARC
  8
APS_GEOMETRY
 10
-422.435
 20
-488.626
 40
24.275
 50
257.307
 51
270.0
  0
ARC
  8
APS_GEOMETRY
 10
-421.411
 20
-484.077
 40
28.939
 50
245.686
 51
257.307
  0
ARC
  8
APS_GEOMETRY
 10
-423.981
 20
-489.718
 40
22.739
 50
228.801
 51
245.735
  0
ARC
  8
APS_GEOMETRY
 10
-423.938
 20
-489.669
 40
22.805
 50
211.891
 51
228.801
  0
ARC
  8
APS_GEOMETRY
 10
-422.59
 20
-488.699
 40
24.462
 50
196.728
 51
212.152
  0
ARC
  8
APS_GEOMETRY
 10
-426.078
 20
-489.747
 40
20.82
 50
180.0
 51
196.728
  0
ARC
  8
APS_GEOMETRY
 10
-425.571
 20
-489.747
 40
21.327
 50
161.184
 51
180.0
  0
ARC
  8
APS_GEOMETRY
 10
-424.202
 20
-490.213
 40
22.773
 50
142.98
 51
161.184
  0
ARC
  8
APS_GEOMETRY
 10
-423.138
 20
-491.028
 40
24.112
 50
127.824
 51
142.958
  0
ARC
  8
APS_GEOMETRY
 10
-421.384
 20
-493.287
 40
26.973
 50
113.52
 51
127.824
  0
ARC
  8
APS_GEOMETRY
 10
-421.955
 20
-491.968
 40
25.535
 50
101.927
 51
113.527
  0
ARC
  8
APS_GEOMETRY
 10
-422.239
 20
-490.623
 40
24.161
 50
90.0
 51
101.927
  0
ARC
  8
APS_GEOMETRY
 10
-371.758
 20
-492.244
 40
25.782
 50
71.91
 51
90.0
  0
ARC
  8
APS_GEOMETRY
 10
-370.76
 20
-489.187
 40
22.566
 50
52.561
 51
71.91
  0
ARC
  8
APS_GEOMETRY
 10
-371.021
 20
-489.263
 40
22.786
 50
38.846
 51
52.156
  0
ARC
  8
APS_GEOMETRY
 10
-374.593
 20
-492.14
 40
27.372
 50
26.707
 51
38.846
  0
ARC
  8
APS_GEOMETRY
 10
-373.886
 20
-491.562
 40
26.482
 50
13.868
 51
26.278
  0
ARC
  8
APS_GEOMETRY
 10
-368.786
 20
-490.303
 40
21.229
 50
360.0
 51
13.868
  0
ARC
  8
APS_GEOMETRY
 10
-368.456
 20
-490.303
 40
20.899
 50
339.712
 51
360.0
  0
ARC
  8
APS_GEOMETRY
 10
-369.633
 20
-489.868
 40
22.153
 50
320.013
 51
339.712
  0
ARC
  8
APS_GEOMETRY
 10
-369.828
 20
-489.761
 40
22.372
 50
303.344
 51
320.123
  0
ARC
  8
APS_GEOMETRY
 10
-372.124
 20
-486.271
 40
26.548
 50
287.949
 51
303.344
  0
ARC
  8
APS_GEOMETRY
 10
-372.878
 20
-483.656
 40
29.269
 50
279.039
 51
287.776
  0
ARC
  8
APS_GEOMETRY
 10
-372.576
 20
-485.555
 40
27.346
 50
270.0
 51
279.039
  0
ARC
  8
APS_GEOMETRY
 10
-372.576
 20
-486.89
 40
26.011
 50
257.728
 51
270.0
  0
ARC
  8
APS_GEOMETRY
 10
-372.535
 20
-486.702
 40
26.203
 50
245.501
 51
257.728
  0
ARC
  8
APS_GEOMETRY
 10
-374.008
 20
-489.925
 40
22.66
 50
228.665
 51
245.511
  0
ARC
  8
APS_GEOMETRY
 10
-374.497
 20
-490.482
 40
21.918
 50
211.535
 51
228.665
  0
ARC
  8
APS_GEOMETRY
 10
-373.855
 20
-490.01
 40
22.712
 50
195.642
 51
211.701
  0
ARC
  8
APS_GEOMETRY
 10
-372.682
 20
-489.682
 40
23.931
 50
180.0
 51
195.642
  0
ARC
  8
APS_GEOMETRY
 10
-372.43
 20
-489.682
 40
24.183
 50
162.181
 51
180.0
  0
ARC
  8
APS_GEOMETRY
 10
-374.637
 20
-488.972
 40
21.865
 50
143.434
 51
162.181
  0
ARC
  8
APS_GEOMETRY
 10
-374.933
 20
-488.735
 40
21.485
 50
126.384
 51
143.471
  0
ARC
  8
APS_GEOMETRY
 10
-372.899
 20
-491.495
 40
24.914
 50
110.525
 51
126.384
  0
ARC
  8
APS_GEOMETRY
 10
-373.0
 20
-490.746
 40
24.177
 50
99.77
 51
110.925
  0
ARC
  8
APS_GEOMETRY
 10
-371.758
 20
-497.958
 40
31.496
 50
90.0
 51
99.77
  0
ARC
  8
APS_GEOMETRY
 10
-374.865
 20
-480.655
 40
4.807
 50
90.0
 51
119.604
  0
ARC
  8
APS_GEOMETRY
 10
-374.444
 20
-481.396
 40
5.659
 50
119.604
 51
146.842
  0
ARC
  8
APS_GEOMETRY
 10
-373.598
 20
-482.09
 40
6.748
 50
145.84
 51
164.055
  0
ARC
  8
APS_GEOMETRY
 10
-371.636
 20
-482.65
 40
8.788
 50
164.055
 51
180.0
  0
ARC
  8
APS_GEOMETRY
 10
-359.372
 20
-482.65
 40
21.053
 50
180.0
 51
189.977
  0
ARC
  8
APS_GEOMETRY
 10
-340.72
 20
-479.369
 40
39.991
 50
189.977
 51
197.211
  0
ARC
  8
APS_GEOMETRY
 10
-336.641
 20
-478.106
 40
44.261
 50
197.211
 51
203.76
  0
ARC
  8
APS_GEOMETRY
 10
-346.804
 20
-482.58
 40
33.157
 50
203.76
 51
211.329
  0
ARC
  8
APS_GEOMETRY
 10
-367.672
 20
-495.103
 40
8.821
 50
212.32
 51
224.441
  0
ARC
  8
APS_GEOMETRY
 10
-368.527
 20
-495.942
 40
7.623
 50
224.441
 51
237.484
  0
ARC
  8
APS_GEOMETRY
 10
-369.08
 20
-496.809
 40
6.595
 50
237.484
 51
252.416
  0
ARC
  8
APS_GEOMETRY
 10
-369.632
 20
-498.553
 40
4.766
 50
252.416
 51
270.0
  0
ARC
  8
APS_GEOMETRY
 10
-369.632
 20
-497.988
 40
5.331
 50
270.0
 51
294.953
  0
ARC
  8
APS_GEOMETRY
 10
-369.483
 20
-498.309
 40
4.977
 50
294.953
 51
320.793
  0
ARC
  8
APS_GEOMETRY
 10
-370.284
 20
-497.655
 40
6.011
 50
320.793
 51
342.777
  0
ARC
  8
APS_GEOMETRY
 10
-373.852
 20
-496.549
 40
9.746
 50
342.777
 51
0.0
  0
ARC
  8
APS_GEOMETRY
 10
-390.613
 20
-496.549
 40
26.507
 50
0.0
 51
8.499
  0
ARC
  8
APS_GEOMETRY
 10
-402.28
 20
-498.293
 40
38.304
 50
8.499
 51
15.566
  0
ARC
  8
APS_GEOMETRY
 10
-400.877
 20
-497.902
 40
36.848
 50
15.566
 51
22.909
  0
ARC
  8
APS_GEOMETRY
 10
-388.813
 20
-492.804
 40
23.751
 50
22.909
 51
32.057
  0
ARC
  8
APS_GEOMETRY
 10
-379.338
 20
-486.834
 40
12.552
 50
31.921
 51
42.51
  0
ARC
  8
APS_GEOMETRY
 10
-376.736
 20
-484.449
 40
9.022
 50
42.51
 51
55.008
  0
ARC
  8
APS_GEOMETRY
 10
-375.857
 20
-483.194
 40
7.489
 50
55.008
 51
69.88
  0
ARC
  8
APS_GEOMETRY
 10
-375.069
 20
-481.042
 40
5.198
 50
69.88
 51
87.754
  0
ARC
  8
APS_GEOMETRY
 10
-318.399
 20
-487.726
 40
21.264
 50
77.257
 51
90.0
  0
ARC
  8
APS_GEOMETRY
 10
-318.615
 20
-488.681
 40
22.243
 50
64.799
 51
77.257
  0
ARC
  8
APS_GEOMETRY
 10
-300.298
 20
-449.683
 40
20.843
 50
244.885
 51
251.175
  0
ARC
  8
APS_GEOMETRY
 10
-306.266
 20
-467.19
 40
2.346
 50
251.175
 51
270.0
  0
ARC
  8
APS_GEOMETRY
 10
-306.266
 20
-465.73
 40
3.806
 50
270.0
 51
278.82
  0
ARC
  8
APS_GEOMETRY
 10
-308.725
 20
-449.882
 40
19.844
 50
278.82
 51
282.68
  0
ARC
  8
APS_GEOMETRY
 10
-303.58
 20
-472.663
 40
3.511
 50
95.906
 51
102.995
  0
ARC
  8
APS_GEOMETRY
 10
-303.421
 20
-474.199
 40
5.055
 50
90.0
 51
95.906
  0
ARC
  8
APS_GEOMETRY
 10
-303.421
 20
-472.499
 40
3.356
 50
62.447
 51
90.0
  0
ARC
  8
APS_GEOMETRY
 10
-304.018
 20
-473.643
 40
4.645
 50
39.094
 51
62.447
  0
ARC
  8
APS_GEOMETRY
 10
-310.252
 20
-478.857
 40
12.772
 50
18.435
 51
39.611
  0
ARC
  8
APS_GEOMETRY
 10
-314.078
 20
-480.132
 40
16.806
 50
360.0
 51
18.435
  0
ARC
  8
APS_GEOMETRY
 10
-305.606
 20
-480.132
 40
8.333
 50
334.877
 51
360.0
  0
ARC
  8
APS_GEOMETRY
 10
-303.1
 20
-481.308
 40
5.565
 50
304.007
 51
334.877
  0
ARC
  8
APS_GEOMETRY
 10
-303.141
 20
-481.19
 40
5.686
 50
286.39
 51
303.69
  0
ARC
  8
APS_GEOMETRY
 10
-303.323
 20
-480.571
 40
6.33
 50
270.0
 51
286.39
  0
ARC
  8
APS_GEOMETRY
 10
-303.323
 20
-480.645
 40
6.257
 50
255.155
 51
270.0
  0
ARC
  8
APS_GEOMETRY
 10
-304.008
 20
-483.231
 40
3.581
 50
235.491
 51
255.155
  0
ARC
  8
APS_GEOMETRY
 10
-303.664
 20
-482.731
 40
4.189
 50
218.48
 51
235.491
  0
ARC
  8
APS_GEOMETRY
 10
-298.043
 20
-478.263
 40
11.369
 50
208.179
 51
218.48
  0
ARC
  8
APS_GEOMETRY
 10
-355.668
 20
-509.542
 40
54.198
 50
28.56
 51
31.664
  0
ARC
  8
APS_GEOMETRY
 10
-320.456
 20
-487.825
 40
12.827
 50
31.664
 51
38.047
  0
ARC
  8
APS_GEOMETRY
 10
-317.895
 20
-485.822
 40
9.576
 50
38.047
 51
46.56
  0
ARC
  8
APS_GEOMETRY
 10
-319.226
 20
-487.227
 40
11.512
 50
46.56
 51
54.324
  0
ARC
  8
APS_GEOMETRY
 10
-319.994
 20
-488.548
 40
13.034
 50
54.968
 51
71.48
  0
ARC
  8
APS_GEOMETRY
 10
-319.151
 20
-486.032
 40
10.38
 50
71.48
 51
90.0
  0
ARC
  8
APS_GEOMETRY
 10
-319.151
 20
-482.902
 40
7.251
 50
90.0
 51
114.63
  0
ARC
  8
APS_GEOMETRY
 10
-319.515
 20
-482.108
 40
6.377
 50
114.63
 51
140.921
  0
ARC
  8
APS_GEOMETRY
 10
-318.44
 20
-482.982
 40
7.763
 50
140.921
 51
163.13
  0
ARC
  8
APS_GEOMETRY
 10
-313.062
 20
-484.613
 40
13.382
 50
163.13
 51
180.0
  0
ARC
  8
APS_GEOMETRY
 10
-306.089
 20
-484.613
 40
20.355
 50
180.0
 51
195.44
  0
ARC
  8
APS_GEOMETRY
 10
-307.147
 20
-484.905
 40
19.258
 50
195.44
 51
211.316
  0
ARC
  8
APS_GEOMETRY
 10
-312.236
 20
-487.894
 40
13.357
 50
211.708
 51
240.457
  0
ARC
  8
APS_GEOMETRY
 10
-312.578
 20
-488.497
 40
12.663
 50
240.457
 51
270.0
  0
ARC
  8
APS_GEOMETRY
 10
-312.578
 20
-485.41
 40
15.751
 50
270.0
 51
279.549
  0
ARC
  8
APS_GEOMETRY
 10
-312.774
 20
-484.246
 40
16.931
 50
279.549
 51
288.759
  0
ARC
  8
APS_GEOMETRY
 10
-311.948
 20
-486.676
 40
14.364
 50
288.759
 51
299.545
  0
ARC
  8
APS_GEOMETRY
 10
-308.639
 20
-492.515
 40
7.652
 50
299.545
 51
314.341
  0
ARC
  8
APS_GEOMETRY
 10
-298.404
 20
-503.146
 40
7.105
 50
120.141
 51
133.452
  0
ARC
  8
APS_GEOMETRY
 10
-301.263
 20
-498.223
 40
1.412
 50
90.0
 51
120.141
  0
ARC
  8
APS_GEOMETRY
 10
-301.263
 20
-499.041
 40
2.23
 50
61.952
 51
90.0
  0
ARC
  8
APS_GEOMETRY
 10
-301.595
 20
-499.664
 40
2.936
 50
37.569
 51
61.952
  0
ARC
  8
APS_GEOMETRY
 10
-302.214
 20
-500.14
 40
3.717
 50
17.665
 51
37.569
  0
ARC
  8
APS_GEOMETRY
 10
-303.159
 20
-500.441
 40
4.709
 50
360.0
 51
17.665
  0
ARC
  8
APS_GEOMETRY
 10
-305.531
 20
-500.441
 40
7.081
 50
344.932
 51
360.0
  0
ARC
  8
APS_GEOMETRY
 10
-311.829
 20
-498.745
 40
13.603
 50
334.075
 51
344.932
  0
ARC
  8
APS_GEOMETRY
 10
-312.027
 20
-498.649
 40
13.823
 50
323.374
 51
334.075
  0
ARC
  8
APS_GEOMETRY
 10
-307.963
 20
-501.67
 40
8.76
 50
309.92
 51
323.374
  0
ARC
  8
APS_GEOMETRY
 10
-303.902
 20
-506.461
 40
2.48
 50
289.026
 51
308.991
  0
ARC
  8
APS_GEOMETRY
 10
-308.235
 20
-493.895
 40
15.771
 50
281.143
 51
289.026
  0
ARC
  8
APS_GEOMETRY
 10
-303.841
 20
-516.677
 40
7.431
 50
100.437
 51
110.12
  0
ARC
  8
APS_GEOMETRY
 10
-298.02
 20
-532.567
 40
24.353
 50
110.12
 51
115.463
  0
ARC
  8
APS_GEOMETRY
 10
-318.801
 20
-489.086
 40
23.838
 50
282.94
 51
295.628
  0
ARC
  8
APS_GEOMETRY
 10
-318.595
 20
-489.98
 40
22.921
 50
270.0
 51
282.94
  0
ARC
  8
APS_GEOMETRY
 10
-318.595
 20
-488.626
 40
24.275
 50
257.307
 51
270.0
  0
ARC
  8
APS_GEOMETRY
 10
-317.571
 20
-484.077
 40
28.939
 50
245.686
 51
257.307
  0
ARC
  8
APS_GEOMETRY
 10
-320.141
 20
-489.718
 40
22.739
 50
228.801
 51
245.735
  0
ARC
  8
APS_GEOMETRY
 10
-320.098
 20
-489.669
 40
22.805
 50
211.891
 51
228.801
  0
ARC
  8
APS_GEOMETRY
 10
-318.75
 20
-488.699
 40
24.462
 50
196.728
 51
212.152
  0
ARC
  8
APS_GEOMETRY
 10
-322.238
 20
-489.747
 40
20.82
 50
180.0
 51
196.728
  0
ARC
  8
APS_GEOMETRY
 10
-321.731
 20
-489.747
 40
21.327
 50
161.184
 51
180.0
  0
ARC
  8
APS_GEOMETRY
 10
-320.362
 20
-490.213
 40
22.773
 50
142.98
 51
161.184
  0
ARC
  8
APS_GEOMETRY
 10
-319.298
 20
-491.028
 40
24.112
 50
127.824
 51
142.958
  0
ARC
  8
APS_GEOMETRY
 10
-317.544
 20
-493.287
 40
26.973
 50
113.52
 51
127.824
  0
ARC
  8
APS_GEOMETRY
 10
-318.115
 20
-491.968
 40
25.535
 50
101.927
 51
113.527
  0
ARC
  8
APS_GEOMETRY
 10
-318.399
 20
-490.623
 40
24.161
 50
90.0
 51
101.927
  0
ARC
  8
APS_GEOMETRY
 10
-267.918
 20
-492.244
 40
25.782
 50
71.91
 51
90.0
  0
ARC
  8
APS_GEOMETRY
 10
-266.92
 20
-489.187
 40
22.566
 50
52.561
 51
71.91
  0
ARC
  8
APS_GEOMETRY
 10
-267.181
 20
-489.263
 40
22.786
 50
38.846
 51
52.156
  0
ARC
  8
APS_GEOMETRY
 10
-270.753
 20
-492.14
 40
27.372
 50
26.707
 51
38.846
  0
ARC
  8
APS_GEOMETRY
 10
-270.046
 20
-491.562
 40
26.482
 50
13.868
 51
26.278
  0
ARC
  8
APS_GEOMETRY
 10
-264.946
 20
-490.303
 40
21.229
 50
360.0
 51
13.868
  0
ARC
  8
APS_GEOMETRY
 10
-264.616
 20
-490.303
 40
20.899
 50
339.712
 51
360.0
  0
ARC
  8
APS_GEOMETRY
 10
-265.793
 20
-489.868
 40
22.153
 50
320.013
 51
339.712
  0
ARC
  8
APS_GEOMETRY
 10
-265.988
 20
-489.761
 40
22.372
 50
303.344
 51
320.123
  0
ARC
  8
APS_GEOMETRY
 10
-268.283
 20
-486.271
 40
26.548
 50
287.949
 51
303.344
  0
ARC
  8
APS_GEOMETRY
 10
-269.038
 20
-483.656
 40
29.269
 50
279.039
 51
287.776
  0
ARC
  8
APS_GEOMETRY
 10
-268.736
 20
-485.555
 40
27.346
 50
270.0
 51
279.039
  0
ARC
  8
APS_GEOMETRY
 10
-268.736
 20
-486.89
 40
26.011
 50
257.728
 51
270.0
  0
ARC
  8
APS_GEOMETRY
 10
-268.695
 20
-486.702
 40
26.203
 50
245.501
 51
257.728
  0
ARC
  8
APS_GEOMETRY
 10
-270.167
 20
-489.925
 40
22.66
 50
228.665
 51
245.511
  0
ARC
  8
APS_GEOMETRY
 10
-270.657
 20
-490.482
 40
21.918
 50
211.535
 51
228.665
  0
ARC
  8
APS_GEOMETRY
 10
-270.015
 20
-490.01
 40
22.712
 50
195.642
 51
211.701
  0
ARC
  8
APS_GEOMETRY
 10
-268.841
 20
-489.682
 40
23.931
 50
180.0
 51
195.642
  0
ARC
  8
APS_GEOMETRY
 10
-268.59
 20
-489.682
 40
24.183
 50
162.181
 51
180.0
  0
ARC
  8
APS_GEOMETRY
 10
-270.796
 20
-488.972
 40
21.865
 50
143.434
 51
162.181
  0
ARC
  8
APS_GEOMETRY
 10
-271.093
 20
-488.735
 40
21.485
 50
126.384
 51
143.471
  0
ARC
  8
APS_GEOMETRY
 10
-269.059
 20
-491.495
 40
24.914
 50
110.525
 51
126.384
  0
ARC
  8
APS_GEOMETRY
 10
-269.16
 20
-490.746
 40
24.177
 50
99.77
 51
110.925
  0
ARC
  8
APS_GEOMETRY
 10
-267.918
 20
-497.958
 40
31.496
 50
90.0
 51
99.77
  0
ARC
  8
APS_GEOMETRY
 10
-271.025
 20
-480.655
 40
4.807
 50
90.0
 51
119.604
  0
ARC
  8
APS_GEOMETRY
 10
-270.604
 20
-481.396
 40
5.659
 50
119.604
 51
146.842
  0
ARC
  8
APS_GEOMETRY
 10
-269.758
 20
-482.09
 40
6.748
 50
145.84
 51
164.055
  0
ARC
  8
APS_GEOMETRY
 10
-267.796
 20
-482.65
 40
8.788
 50
164.055
 51
180.0
  0
ARC
  8
APS_GEOMETRY
 10
-255.532
 20
-482.65
 40
21.053
 50
180.0
 51
189.977
  0
ARC
  8
APS_GEOMETRY
 10
-236.88
 20
-479.369
 40
39.991
 50
189.977
 51
197.211
  0
ARC
  8
APS_GEOMETRY
 10
-232.801
 20
-478.106
 40
44.261
 50
197.211
 51
203.76
  0
ARC
  8
APS_GEOMETRY
 10
-242.963
 20
-482.58
 40
33.157
 50
203.76
 51
211.329
  0
ARC
  8
APS_GEOMETRY
 10
-263.832
 20
-495.103
 40
8.821
 50
212.32
 51
224.441
  0
ARC
  8
APS_GEOMETRY
 10
-264.687
 20
-495.942
 40
7.623
 50
224.441
 51
237.484
  0
ARC
  8
APS_GEOMETRY
 10
-265.24
 20
-496.809
 40
6.595
 50
237.484
 51
252.416
  0
ARC
  8
APS_GEOMETRY
 10
-265.792
 20
-498.553
 40
4.766
 50
252.416
 51
270.0
  0
ARC
  8
APS_GEOMETRY
 10
-265.792
 20
-497.988
 40
5.331
 50
270.0
 51
294.953
  0
ARC
  8
APS_GEOMETRY
 10
-265.643
 20
-498.309
 40
4.977
 50
294.953
 51
320.793
  0
ARC
  8
APS_GEOMETRY
 10
-266.444
 20
-497.655
 40
6.011
 50
320.793
 51
342.777
  0
ARC
  8
APS_GEOMETRY
 10
-270.011
 20
-496.549
 40
9.746
 50
342.777
 51
0.0
  0
ARC
  8
APS_GEOMETRY
 10
-286.773
 20
-496.549
 40
26.507
 50
0.0
 51
8.499
  0
ARC
  8
APS_GEOMETRY
 10
-298.44
 20
-498.293
 40
38.304
 50
8.499
 51
15.566
  0
ARC
  8
APS_GEOMETRY
 10
-297.037
 20
-497.902
 40
36.848
 50
15.566
 51
22.909
  0
ARC
  8
APS_GEOMETRY
 10
-284.973
 20
-492.804
 40
23.751
 50
22.909
 51
32.057
  0
ARC
  8
APS_GEOMETRY
 10
-275.498
 20
-486.834
 40
12.552
 50
31.921
 51
42.51
  0
ARC
  8
APS_GEOMETRY
 10
-272.896
 20
-484.449
 40
9.022
 50
42.51
 51
55.008
  0
ARC
  8
APS_GEOMETRY
 10
-272.017
 20
-483.194
 40
7.489
 50
55.008
 51
69.88
  0
ARC
  8
APS_GEOMETRY
 10
-271.229
 20
-481.042
 40
5.198
 50
69.88
 51
87.754
  0
ARC
  8
APS_GEOMETRY
 10
-217.404
 20
-495.666
 40
2.42
 50
90.0
 51
115.837
  0
ARC
  8
APS_GEOMETRY
 10
-218.0
 20
-494.436
 40
1.053
 50
115.837
 51
155.462
  0
ARC
  8
APS_GEOMETRY
 10
-217.305
 20
-494.753
 40
1.817
 50
155.462
 51
168.366
  0
ARC
  8
APS_GEOMETRY
 10
-210.959
 20
-496.06
 40
8.296
 50
168.366
 51
174.395
  0
ARC
  8
APS_GEOMETRY
 10
-204.563
 20
-496.687
 40
14.722
 50
174.395
 51
177.813
  0
ARC
  8
APS_GEOMETRY
 10
-183.335
 20
-497.498
 40
35.966
 50
177.813
 51
180.0
  0
ARC
  8
APS_GEOMETRY
 10
-167.966
 20
-497.498
 40
51.335
 50
180.0
 51
184.62
  0
ARC
  8
APS_GEOMETRY
 10
-202.386
 20
-500.279
 40
16.803
 50
184.62
 51
192.7
  0
ARC
  8
APS_GEOMETRY
 10
-215.656
 20
-503.193
 40
3.218
 50
194.036
 51
205.821
  0
ARC
  8
APS_GEOMETRY
 10
-217.062
 20
-503.873
 40
1.656
 50
205.821
 51
222.274
  0
ARC
  8
APS_GEOMETRY
 10
-216.631
 20
-503.481
 40
2.238
 50
222.274
 51
234.605
  0
ARC
  8
APS_GEOMETRY
 10
-211.771
 20
-496.641
 40
10.63
 50
234.605
 51
240.255
  0
ARC
  8
APS_GEOMETRY
 10
-219.159
 20
-509.715
 40
4.389
 50
34.592
 51
61.189
  0
ARC
  8
APS_GEOMETRY
 10
-217.709
 20
-508.715
 40
2.627
 50
360.0
 51
34.592
  0
ARC
  8
APS_GEOMETRY
 10
-217.622
 20
-508.715
 40
2.539
 50
318.231
 51
360.0
  0
ARC
  8
APS_GEOMETRY
 10
-219.32
 20
-507.198
 40
4.816
 50
288.227
 51
318.231
  0
ARC
  8
APS_GEOMETRY
 10
-221.081
 20
-501.851
 40
10.446
 50
280.377
 51
288.227
  0
ARC
  8
APS_GEOMETRY
 10
-224.151
 20
-485.087
 40
27.489
 50
275.541
 51
280.377
  0
ARC
  8
APS_GEOMETRY
 10
-225.474
 20
-471.449
 40
41.19
 50
272.304
 51
275.541
  0
ARC
  8
APS_GEOMETRY
 10
-227.084
 20
-431.413
 40
81.259
 50
270.0
 51
272.304
  0
ARC
  8
APS_GEOMETRY
 10
-227.084
 20
-464.872
 40
47.8
 50
262.811
 51
270.0
  0
ARC
  8
APS_GEOMETRY
 10
-231.374
 20
-498.879
 40
13.524
 50
249.274
 51
262.811
  0
ARC
  8
APS_GEOMETRY
 10
-234.071
 20
-506.009
 40
5.901
 50
221.379
 51
249.274
  0
ARC
  8
APS_GEOMETRY
 10
-236.438
 20
-508.094
 40
2.747
 50
180.0
 51
221.379
  0
ARC
  8
APS_GEOMETRY
 10
-236.456
 20
-508.094
 40
2.728
 50
164.055
 51
180.0
  0
ARC
  8
APS_GEOMETRY
 10
-237.594
 20
-507.769
 40
1.546
 50
142.815
 51
164.055
  0
ARC
  8
APS_GEOMETRY
 10
-236.878
 20
-508.312
 40
2.444
 50
129.007
 51
142.815
  0
ARC
  8
APS_GEOMETRY
 10
-228.086
 20
-519.166
 40
16.412
 50
123.69
 51
129.007
  0
ARC
  8
APS_GEOMETRY
 10
-240.562
 20
-500.393
 40
6.128
 50
303.389
 51
319.022
  0
ARC
  8
APS_GEOMETRY
 10
-238.904
 20
-501.834
 40
3.932
 50
319.022
 51
338.575
  0
ARC
  8
APS_GEOMETRY
 10
-241.123
 20
-500.963
 40
6.316
 50
338.575
 51
351.049
  0
ARC
  8
APS_GEOMETRY
 10
-267.929
 20
-496.741
 40
33.452
 50
351.049
 51
356.46
  0
ARC
  8
APS_GEOMETRY
 10
-259.093
 20
-497.077
 40
24.613
 50
355.972
 51
358.68
  0
ARC
  8
APS_GEOMETRY
 10
-549.284
 20
-490.39
 40
314.881
 50
358.68
 51
359.437
  0
LINE
  8
APS_GEOMETRY
 10
-234.418
 11
-234.388
 20
-493.483
 21
-488.572
  0
LINE
  8
APS_GEOMETRY
 10
-234.388
 11
-234.377
 20
-488.572
 21
-482.16
  0
ARC
  8
APS_GEOMETRY
 10
-310.187
 20
-482.16
 40
75.809
 50
0.0
 51
1.717
  0
ARC
  8
APS_GEOMETRY
 10
-269.618
 20
-480.944
 40
35.223
 50
1.717
 51
4.236
  0
ARC
  8
APS_GEOMETRY
 10
-256.389
 20
-479.964
 40
21.957
 50
4.236
 51
8.269
  0
ARC
  8
APS_GEOMETRY
 10
-241.165
 20
-477.751
 40
6.573
 50
8.269
 51
15.642
  0
ARC
  8
APS_GEOMETRY
 10
-238.545
 20
-477.018
 40
3.853
 50
15.642
 51
39.417
  0
ARC
  8
APS_GEOMETRY
 10
-238.486
 20
-476.969
 40
3.776
 50
39.417
 51
63.435
  0
ARC
  8
APS_GEOMETRY
 10
-231.685
 20
-462.88
 40
11.869
 50
236.874
 51
244.486
  0
ARC
  8
APS_GEOMETRY
 10
-236.744
 20
-470.633
 40
2.611
 50
220.601
 51
236.874
  0
ARC
  8
APS_GEOMETRY
 10
-237.325
 20
-471.131
 40
1.847
 50
198.246
 51
220.601
  0
ARC
  8
APS_GEOMETRY
 10
-236.457
 20
-470.844
 40
2.761
 50
180.0
 51
198.246
  0
ARC
  8
APS_GEOMETRY
 10
-236.47
 20
-470.844
 40
2.748
 50
156.161
 51
180.0
  0
ARC
  8
APS_GEOMETRY
 10
-236.087
 20
-471.014
 40
3.167
 50
133.977
 51
156.161
  0
ARC
  8
APS_GEOMETRY
 10
-235.323
 20
-471.805
 40
4.266
 50
116.996
 51
133.977
  0
ARC
  8
APS_GEOMETRY
 10
-233.806
 20
-474.782
 40
7.608
 50
104.3
 51
116.996
  0
ARC
  8
APS_GEOMETRY
 10
-233.414
 20
-476.288
 40
9.164
 50
95.326
 51
104.349
  0
ARC
  8
APS_GEOMETRY
 10
-231.826
 20
-493.323
 40
26.272
 50
90.0
 51
95.326
  0
ARC
  8
APS_GEOMETRY
 10
-231.826
 20
-480.064
 40
13.013
 50
87.553
 51
90.0
  0
ARC
  8
APS_GEOMETRY
 10
-234.595
 20
-544.851
 40
77.86
 50
86.553
 51
87.553
  0
ARC
  8
APS_GEOMETRY
 10
-238.532
 20
-610.198
 40
143.325
 50
86.009
 51
86.553
  0
ARC
  8
APS_GEOMETRY
 10
-253.84
 20
-829.611
 40
363.271
 50
85.668
 51
86.009
  0
ARC
  8
APS_GEOMETRY
 10
-225.191
 20
-452.301
 40
15.125
 50
265.426
 51
268.531
  0
ARC
  8
APS_GEOMETRY
 10
-223.847
 20
-399.858
 40
67.586
 50
268.531
 51
270.0
  0
ARC
  8
APS_GEOMETRY
 10
-223.847
 20
-415.933
 40
51.511
 50
270.0
 51
271.637
  0
ARC
  8
APS_GEOMETRY
 10
-224.998
 20
-375.648
 40
91.812
 50
271.637
 51
272.862
  0
ARC
  8
APS_GEOMETRY
 10
-226.319
 20
-349.219
 40
118.274
 50
272.862
 51
273.814
  0
ARC
  8
APS_GEOMETRY
 10
-230.793
 20
-282.115
 40
185.527
 50
273.814
 51
274.574
  0
ARC
  8
APS_GEOMETRY
 10
-202.731
 20
-647.105
 40
180.543
 50
93.72
 51
94.214
  0
ARC
  8
APS_GEOMETRY
 10
-208.72
 20
-554.987
 40
88.23
 50
93.013
 51
93.72
  0
ARC
  8
APS_GEOMETRY
 10
-210.362
 20
-523.792
 40
56.991
 50
91.918
 51
93.013
  0
ARC
  8
APS_GEOMETRY
 10
-211.648
 20
-485.376
 40
18.554
 50
90.0
 51
91.918
  0
ARC
  8
APS_GEOMETRY
 10
-211.648
 20
-490.93
 40
24.109
 50
73.82
 51
90.0
  0
ARC
  8
APS_GEOMETRY
 10
-209.272
 20
-482.741
 40
15.581
 50
53.658
 51
73.82
  0
ARC
  8
APS_GEOMETRY
 10
-205.893
 20
-478.121
 40
9.857
 50
26.03
 51
53.569
  0
ARC
  8
APS_GEOMETRY
 10
-206.93
 20
-478.628
 40
11.012
 50
360.0
 51
26.03
  0
ARC
  8
APS_GEOMETRY
 10
-207.361
 20
-478.628
 40
11.443
 50
345.282
 51
360.0
  0
ARC
  8
APS_GEOMETRY
 10
-206.26
 20
-478.917
 40
10.305
 50
329.767
 51
345.282
  0
ARC
  8
APS_GEOMETRY
 10
-205.637
 20
-479.28
 40
9.583
 50
313.168
 51
329.767
  0
ARC
  8
APS_GEOMETRY
 10
-205.406
 20
-479.527
 40
9.246
 50
296.267
 51
313.168
  0
ARC
  8
APS_GEOMETRY
 10
-200.143
 20
-490.161
 40
2.62
 50
116.565
 51
139.899
  0
ARC
  8
APS_GEOMETRY
 10
-201.449
 20
-489.06
 40
0.911
 50
139.899
 51
180.0
  0
ARC
  8
APS_GEOMETRY
 10
-201.348
 20
-489.06
 40
1.013
 50
180.0
 51
226.193
  0
ARC
  8
APS_GEOMETRY
 10
-199.477
 20
-487.11
 40
3.715
 50
226.193
 51
249.829
  0
ARC
  8
APS_GEOMETRY
 10
-204.838
 20
-501.871
 40
11.989
 50
53.249
 51
70.105
  0
ARC
  8
APS_GEOMETRY
 10
-202.403
 20
-498.61
 40
7.919
 50
32.471
 51
53.249
  0
ARC
  8
APS_GEOMETRY
 10
-203.538
 20
-499.332
 40
9.264
 50
23.305
 51
32.471
  0
ARC
  8
APS_GEOMETRY
 10
-210.548
 20
-502.352
 40
16.897
 50
16.521
 51
23.305
  0
ARC
  8
APS_GEOMETRY
 10
-216.013
 20
-503.973
 40
22.598
 50
11.429
 51
16.521
  0
ARC
  8
APS_GEOMETRY
 10
-231.503
 20
-507.104
 40
38.401
 50
7.524
 51
11.429
  0
ARC
  8
APS_GEOMETRY
 10
-180.175
 20
-500.268
 40
13.38
 50
187.765
 51
196.914
  0
ARC
  8
APS_GEOMETRY
 10
-191.118
 20
-503.596
 40
1.942
 50
196.914
 51
221.082
  0
ARC
  8
APS_GEOMETRY
 10
-191.077
 20
-503.56
 40
1.997
 50
221.082
 51
244.607
  0
ARC
  8
APS_GEOMETRY
 10
-186.403
 20
-493.715
 40
12.896
 50
244.607
 51
253.811
  0
ARC
  8
APS_GEOMETRY
 10
-190.512
 20
-507.725
 40
1.705
 50
51.45
 51
72.474
  0
ARC
  8
APS_GEOMETRY
 10
-190.934
 20
-508.254
 40
2.382
 50
33.69
 51
51.45
  0
ARC
  8
APS_GEOMETRY
 10
-191.033
 20
-508.32
 40
2.5
 50
16.639
 51
33.69
  0
ARC
  8
APS_GEOMETRY
 10
-191.152
 20
-508.355
 40
2.625
 50
360.0
 51
16.639
  0
ARC
  8
APS_GEOMETRY
 10
-191.189
 20
-508.355
 40
2.662
 50
338.993
 51
360.0
  0
ARC
  8
APS_GEOMETRY
 10
-192.814
 20
-507.731
 40
4.402
 50
322.696
 51
338.993
  0
ARC
  8
APS_GEOMETRY
 10
-193.419
 20
-507.27
 40
5.164
 50
308.603
 51
322.696
  0
ARC
  8
APS_GEOMETRY
 10
-193.836
 20
-506.748
 40
5.831
 50
295.346
 51
308.603
  0
ARC
  8
APS_GEOMETRY
 10
-196.027
 20
-501.922
 40
11.131
 50
279.583
 51
294.905
  0
ARC
  8
APS_GEOMETRY
 10
-198.894
 20
-484.941
 40
28.353
 50
270.0
 51
279.583
  0
ARC
  8
APS_GEOMETRY
 10
-198.894
 20
-492.622
 40
20.672
 50
261.247
 51
270.0
  0
ARC
  8
APS_GEOMETRY
 10
-200.218
 20
-501.222
 40
11.97
 50
249.737
 51
261.247
  0
ARC
  8
APS_GEOMETRY
 10
-201.089
 20
-503.58
 40
9.457
 50
235.345
 51
249.737
  0
ARC
  8
APS_GEOMETRY
 10
-202.188
 20
-505.17
 40
7.524
 50
219.198
 51
235.345
  0
ARC
  8
APS_GEOMETRY
 10
-199.875
 20
-503.198
 40
10.563
 50
209.076
 51
219.56
  0
ARC
  8
APS_GEOMETRY
 10
-194.534
 20
-500.228
 40
16.674
 50
200.735
 51
209.076
  0
ARC
  8
APS_GEOMETRY
 10
-187.164
 20
-497.438
 40
24.554
 50
197.881
 51
200.735
  0
ARC
  8
APS_GEOMETRY
 10
-156.883
 20
-487.669
 40
56.372
 50
195.997
 51
197.881
  0
ARC
  8
APS_GEOMETRY
 10
-134.501
 20
-481.252
 40
79.656
 50
194.664
 51
195.997
  0
ARC
  8
APS_GEOMETRY
 10
-72.506
 20
-465.029
 40
143.738
 50
193.671
 51
194.664
  0
ARC
  8
APS_GEOMETRY
 10
-229.716
 20
-503.25
 40
18.051
 50
13.61
 51
23.585
  0
ARC
  8
APS_GEOMETRY
 10
-217.897
 20
-498.09
 40
5.155
 50
23.585
 51
42.31
  0
ARC
  8
APS_GEOMETRY
 10
-216.825
 20
-497.114
 40
3.705
 50
42.31
 51
67.521
  0
ARC
  8
APS_GEOMETRY
 10
-217.673
 20
-499.164
 40
5.924
 50
67.521
 51
87.397
  0
LINE
  8
APS_GEOMETRY
 10
-219.268
 11
-219.628
 20
-476.568
 21
-484.187
  0
LINE
  8
APS_GEOMETRY
 10
-219.628
 11
-219.628
 20
-484.187
 21
-484.31
  0
LINE
  8
APS_GEOMETRY
 10
-219.628
 11
-219.628
 20
-484.31
 21
-484.482
  0
ARC
  8
APS_GEOMETRY
 10
-214.334
 20
-484.482
 40
5.294
 50
180.0
 51
192.339
  0
ARC
  8
APS_GEOMETRY
 10
-218.543
 20
-485.403
 40
0.986
 50
192.339
 51
221.186
  0
ARC
  8
APS_GEOMETRY
 10
-218.643
 20
-485.49
 40
0.852
 50
221.186
 51
253.872
  0
ARC
  8
APS_GEOMETRY
 10
-217.927
 20
-483.015
 40
3.429
 50
253.872
 51
270.0
  0
ARC
  8
APS_GEOMETRY
 10
-217.927
 20
-478.473
 40
7.971
 50
270.0
 51
289.569
  0
ARC
  8
APS_GEOMETRY
 10
-216.478
 20
-482.55
 40
3.644
 50
289.569
 51
318.681
  0
ARC
  8
APS_GEOMETRY
 10
-216.87
 20
-482.205
 40
4.166
 50
318.681
 51
344.628
  0
ARC
  8
APS_GEOMETRY
 10
-224.173
 20
-480.198
 40
11.74
 50
344.628
 51
0.0
  0
ARC
  8
APS_GEOMETRY
 10
-220.701
 20
-480.198
 40
8.268
 50
0.0
 51
35.369
  0
ARC
  8
APS_GEOMETRY
 10
-216.914
 20
-477.509
 40
3.623
 50
35.369
 51
90.0
  0
ARC
  8
APS_GEOMETRY
 10
-216.914
 20
-477.549
 40
3.663
 50
90.0
 51
108.435
  0
ARC
  8
APS_GEOMETRY
 10
-217.626
 20
-475.411
 40
1.409
 50
108.435
 51
138.366
  0
ARC
  8
APS_GEOMETRY
 10
-217.435
 20
-475.581
 40
1.665
 50
138.366
 51
164.291
  0
ARC
  8
APS_GEOMETRY
 10
-212.95
 20
-476.842
 40
6.324
 50
164.291
 51
177.51
  0
LINE
  8
APS_GEOMETRY
 10
-161.05
 11
-144.763
 20
-468.948
 21
-483.206
  0
ARC
  8
APS_GEOMETRY
 10
-129.531
 20
-465.727
 40
23.185
 50
228.93
 51
232.674
  0
ARC
  8
APS_GEOMETRY
 10
-138.005
 20
-476.84
 40
9.21
 50
232.674
 51
238.617
  0
ARC
  8
APS_GEOMETRY
 10
-140.137
 20
-480.335
 40
5.116
 50
238.617
 51
249.131
  0
ARC
  8
APS_GEOMETRY
 10
-141.493
 20
-483.892
 40
1.309
 50
249.131
 51
270.0
  0
ARC
  8
APS_GEOMETRY
 10
-141.493
 20
-484.053
 40
1.148
 50
270.0
 51
334.898
  0
ARC
  8
APS_GEOMETRY
 10
-146.791
 20
-481.571
 40
6.999
 50
334.898
 51
0.0
  0
ARC
  8
APS_GEOMETRY
 10
-198.022
 20
-481.571
 40
58.23
 50
0.0
 51
2.026
  0
ARC
  8
APS_GEOMETRY
 10
-167.135
 20
-480.478
 40
27.324
 50
2.026
 51
4.984
  0
ARC
  8
APS_GEOMETRY
 10
-157.036
 20
-479.598
 40
17.186
 50
4.984
 51
9.673
  0
ARC
  8
APS_GEOMETRY
 10
-145.397
 20
-477.614
 40
5.379
 50
9.673
 51
18.06
  0
ARC
  8
APS_GEOMETRY
 10
-143.625
 20
-477.036
 40
3.515
 50
18.06
 51
42.397
  0
ARC
  8
APS_GEOMETRY
 10
-144.197
 20
-477.558
 40
4.29
 50
42.397
 51
64.398
  0
ARC
  8
APS_GEOMETRY
 10
-138.973
 20
-466.772
 40
7.695
 50
233.633
 51
244.026
  0
ARC
  8
APS_GEOMETRY
 10
-141.818
 20
-470.636
 40
2.896
 50
216.656
 51
233.633
  0
ARC
  8
APS_GEOMETRY
 10
-142.255
 20
-470.961
 40
2.353
 50
196.082
 51
216.656
  0
ARC
  8
APS_GEOMETRY
 10
-140.831
 20
-470.55
 40
3.835
 50
180.0
 51
196.082
  0
ARC
  8
APS_GEOMETRY
 10
-141.877
 20
-470.55
 40
2.788
 50
133.202
 51
180.0
  0
ARC
  8
APS_GEOMETRY
 10
-139.679
 20
-472.891
 40
6.0
 50
101.788
 51
133.202
  0
ARC
  8
APS_GEOMETRY
 10
-139.166
 20
-475.188
 40
8.353
 50
96.633
 51
102.011
  0
ARC
  8
APS_GEOMETRY
 10
-137.307
 20
-491.177
 40
24.449
 50
93.489
 51
96.633
  0
ARC
  8
APS_GEOMETRY
 10
-136.511
 20
-504.235
 40
37.532
 50
91.439
 51
93.489
  0
ARC
  8
APS_GEOMETRY
 10
-135.541
 20
-542.83
 40
76.138
 50
90.0
 51
91.439
  0
ARC
  8
APS_GEOMETRY
 10
-135.541
 20
-537.655
 40
70.964
 50
87.994
 51
90.0
  0
ARC
  8
APS_GEOMETRY
 10
-134.251
 20
-500.815
 40
34.101
 50
85.101
 51
87.994
  0
ARC
  8
APS_GEOMETRY
 10
-133.204
 20
-488.599
 40
21.84
 50
80.595
 51
85.101
  0
ARC
  8
APS_GEOMETRY
 10
-130.816
 20
-474.185
 40
7.23
 50
72.759
 51
80.595
  0
ARC
  8
APS_GEOMETRY
 10
-130.093
 20
-471.944
 40
4.876
 50
40.956
 51
73.072
  0
ARC
  8
APS_GEOMETRY
 10
-128.713
 20
-470.746
 40
3.048
 50
360.0
 51
40.956
  0
ARC
  8
APS_GEOMETRY
 10
-128.529
 20
-470.746
 40
2.865
 50
322.573
 51
360.0
  0
ARC
  8
APS_GEOMETRY
 10
-130.034
 20
-469.594
 40
4.76
 50
293.749
 51
322.573
  0
ARC
  8
APS_GEOMETRY
 10
-123.99
 20
-483.475
 40
10.38
 50
113.429
 51
119.291
  0
ARC
  8
APS_GEOMETRY
 10
-128.029
 20
-476.275
 40
2.124
 50
119.291
 51
132.274
  0
ARC
  8
APS_GEOMETRY
 10
-128.262
 20
-476.019
 40
1.778
 50
132.274
 51
147.653
  0
ARC
  8
APS_GEOMETRY
 10
-126.58
 20
-477.084
 40
3.769
 50
147.653
 51
158.199
  0
ARC
  8
APS_GEOMETRY
 10
-124.02
 20
-478.163
 40
6.546
 50
157.751
 51
167.885
  0
ARC
  8
APS_GEOMETRY
 10
-110.4
 20
-481.087
 40
20.477
 50
167.885
 51
173.61
  0
ARC
  8
APS_GEOMETRY
 10
-98.354
 20
-482.436
 40
32.599
 50
173.61
 51
177.221
  0
ARC
  8
APS_GEOMETRY
 10
-61.198
 20
-484.24
 40
69.798
 50
177.221
 51
179.689
  0
LINE
  8
APS_GEOMETRY
 10
-130.995
 11
-130.995
 20
-483.86
 21
-494.522
  0
ARC
  8
APS_GEOMETRY
 10
304.37
 20
-494.522
 40
435.365
 50
180.0
 51
180.161
  0
ARC
  8
APS_GEOMETRY
 10
682.189
 20
-493.457
 40
813.186
 50
180.161
 51
180.279
  0
LINE
  8
APS_GEOMETRY
 10
-130.987
 11
-130.977
 20
-497.424
 21
-499.213
  0
LINE
  8
APS_GEOMETRY
 10
-130.977
 11
-130.962
 20
-499.213
 21
-501.226
  0
ARC
  8
APS_GEOMETRY
 10
-208.646
 20
-501.667
 40
77.685
 50
358.204
 51
0.326
  0
ARC
  8
APS_GEOMETRY
 10
-171.692
 20
-502.826
 40
40.713
 50
355.274
 51
358.204
  0
ARC
  8
APS_GEOMETRY
 10
-158.829
 20
-503.889
 40
27.806
 50
350.991
 51
355.274
  0
ARC
  8
APS_GEOMETRY
 10
-142.451
 20
-506.486
 40
11.223
 50
344.249
 51
350.991
  0
ARC
  8
APS_GEOMETRY
 10
-136.915
 20
-508.067
 40
5.466
 50
314.415
 51
344.445
  0
ARC
  8
APS_GEOMETRY
 10
-134.887
 20
-510.137
 40
2.568
 50
270.0
 51
314.415
  0
ARC
  8
APS_GEOMETRY
 10
-134.887
 20
-508.545
 40
4.16
 50
256.342
 51
270.0
  0
ARC
  8
APS_GEOMETRY
 10
-135.183
 20
-509.764
 40
2.905
 50
239.982
 51
256.342
  0
ARC
  8
APS_GEOMETRY
 10
-133.889
 20
-507.524
 40
5.492
 50
231.153
 51
239.982
  0
ARC
  8
APS_GEOMETRY
 10
-112.14
 20
-480.52
 40
40.166
 50
227.891
 51
231.153
  0
LINE
  8
APS_GEOMETRY
 10
-139.073
 11
-158.466
 20
-510.318
 21
-492.952
  0
ARC
  8
APS_GEOMETRY
 10
-165.937
 20
-501.224
 40
11.146
 50
47.911
 51
61.468
  0
ARC
  8
APS_GEOMETRY
 10
-161.834
 20
-493.678
 40
2.557
 50
61.468
 51
90.0
  0
ARC
  8
APS_GEOMETRY
 10
-161.834
 20
-492.241
 40
1.12
 50
90.0
 51
133.195
  0
ARC
  8
APS_GEOMETRY
 10
-160.73
 20
-493.417
 40
2.733
 50
133.195
 51
160.454
  0
ARC
  8
APS_GEOMETRY
 10
-157.186
 20
-494.675
 40
6.494
 50
160.454
 51
173.251
  0
ARC
  8
APS_GEOMETRY
 10
-140.519
 20
-496.647
 40
23.278
 50
173.251
 51
180.0
  0
ARC
  8
APS_GEOMETRY
 10
-95.179
 20
-496.647
 40
68.618
 50
180.0
 51
181.897
  0
ARC
  8
APS_GEOMETRY
 10
-131.521
 20
-497.851
 40
32.255
 50
181.897
 51
184.664
  0
ARC
  8
APS_GEOMETRY
 10
-143.433
 20
-498.823
 40
20.304
 50
184.664
 51
189.048
  0
ARC
  8
APS_GEOMETRY
 10
-157.234
 20
-501.021
 40
6.329
 50
189.048
 51
196.905
  0
ARC
  8
APS_GEOMETRY
 10
-159.425
 20
-501.686
 40
4.04
 50
196.905
 51
220.253
  0
ARC
  8
APS_GEOMETRY
 10
-159.381
 20
-501.649
 40
4.097
 50
220.253
 51
243.435
  0
ARC
  8
APS_GEOMETRY
 10
-163.378
 20
-509.71
 40
4.901
 50
37.921
 51
63.778
  0
ARC
  8
APS_GEOMETRY
 10
-161.346
 20
-508.126
 40
2.324
 50
360.0
 51
37.921
  0
ARC
  8
APS_GEOMETRY
 10
-162.249
 20
-508.126
 40
3.227
 50
324.268
 51
360.0
  0
ARC
  8
APS_GEOMETRY
 10
-163.457
 20
-507.258
 40
4.715
 50
294.86
 51
324.268
  0
ARC
  8
APS_GEOMETRY
 10
-165.454
 20
-502.948
 40
9.465
 50
278.78
 51
294.86
  0
ARC
  8
APS_GEOMETRY
 10
-168.833
 20
-481.068
 40
31.604
 50
270.0
 51
278.78
  0
ARC
  8
APS_GEOMETRY
 10
-168.833
 20
-486.739
 40
25.933
 50
260.383
 51
270.0
  0
ARC
  8
APS_GEOMETRY
 10
-171.566
 20
-502.869
 40
9.574
 50
244.522
 51
260.383
  0
ARC
  8
APS_GEOMETRY
 10
-173.545
 20
-507.023
 40
4.972
 50
216.549
 51
244.522
  0
ARC
  8
APS_GEOMETRY
 10
-175.167
 20
-508.225
 40
2.954
 50
180.0
 51
216.549
  0
ARC
  8
APS_GEOMETRY
 10
-174.114
 20
-508.225
 40
4.007
 50
164.65
 51
180.0
  0
ARC
  8
APS_GEOMETRY
 10
-176.399
 20
-507.597
 40
1.637
 50
140.528
 51
164.65
  0
ARC
  8
APS_GEOMETRY
 10
-175.475
 20
-508.359
 40
2.835
 50
126.135
 51
140.528
  0
ARC
  8
APS_GEOMETRY
 10
-165.82
 20
-521.581
 40
19.207
 50
120.619
 51
126.135
  0
ARC
  8
APS_GEOMETRY
 10
-177.266
 20
-502.26
 40
3.251
 50
300.784
 51
330.068
  0
ARC
  8
APS_GEOMETRY
 10
-179.432
 20
-501.013
 40
5.749
 50
330.068
 51
351.983
  0
ARC
  8
APS_GEOMETRY
 10
-215.794
 20
-496.272
 40
42.42
 50
352.493
 51
355.365
  0
ARC
  8
APS_GEOMETRY
 10
-259.657
 20
-492.716
 40
86.427
 50
355.365
 51
357.376
  0
ARC
  8
APS_GEOMETRY
 10
-290.37
 20
-491.309
 40
117.171
 50
357.376
 51
358.861
  0
ARC
  8
APS_GEOMETRY
 10
-372.197
 20
-489.682
 40
199.014
 50
358.861
 51
0.0
  0
ARC
  8
APS_GEOMETRY
 10
-298.607
 20
-489.682
 40
125.424
 50
360.0
 51
1.926
  0
ARC
  8
APS_GEOMETRY
 10
-240.221
 20
-487.718
 40
67.005
 50
1.926
 51
4.562
  0
ARC
  8
APS_GEOMETRY
 10
-219.633
 20
-486.075
 40
46.352
 50
4.562
 51
8.366
  0
ARC
  8
APS_GEOMETRY
 10
-192.857
 20
-482.138
 40
19.288
 50
8.366
 51
14.265
  0
ARC
  8
APS_GEOMETRY
 10
-182.732
 20
-479.577
 40
8.844
 50
14.349
 51
23.629
  0
ARC
  8
APS_GEOMETRY
 10
-177.598
 20
-477.331
 40
3.24
 50
23.629
 51
38.991
  0
ARC
  8
APS_GEOMETRY
 10
-177.579
 20
-477.315
 40
3.215
 50
38.991
 51
54.462
  0
ARC
  8
APS_GEOMETRY
 10
-180.583
 20
-481.521
 40
8.384
 50
54.462
 51
64.026
  0
ARC
  8
APS_GEOMETRY
 10
-172.105
 20
-464.154
 40
10.942
 50
235.472
 51
243.947
  0
ARC
  8
APS_GEOMETRY
 10
-176.484
 20
-470.519
 40
3.216
 50
219.806
 51
235.472
  0
ARC
  8
APS_GEOMETRY
 10
-177.147
 20
-471.071
 40
2.353
 50
198.939
 51
219.806
  0
ARC
  8
APS_GEOMETRY
 10
-176.676
 20
-470.91
 40
2.851
 50
180.0
 51
198.939
  0
ARC
  8
APS_GEOMETRY
 10
-176.815
 20
-470.91
 40
2.712
 50
126.254
 51
180.0
  0
ARC
  8
APS_GEOMETRY
 10
-172.676
 20
-476.554
 40
9.711
 50
98.616
 51
126.254
  0
ARC
  8
APS_GEOMETRY
 10
-172.093
 20
-481.218
 40
14.41
 50
94.456
 51
98.13
  0
ARC
  8
APS_GEOMETRY
 10
-169.845
 20
-510.07
 40
43.349
 50
92.337
 51
94.456
  0
ARC
  8
APS_GEOMETRY
 10
-168.887
 20
-533.548
 40
66.847
 50
90.963
 51
92.337
  0
ARC
  8
APS_GEOMETRY
 10
-167.721
 20
-602.897
 40
136.206
 50
90.0
 51
90.963
  0
ARC
  8
APS_GEOMETRY
 10
-167.721
 20
-491.513
 40
24.822
 50
83.928
 51
90.0
  0
ARC
  8
APS_GEOMETRY
 10
-165.685
 20
-472.376
 40
5.577
 50
71.095
 51
83.928
  0
ARC
  8
APS_GEOMETRY
 10
-165.499
 20
-471.833
 40
5.003
 50
56.848
 51
71.095
  0
ARC
  8
APS_GEOMETRY
 10
-171.002
 20
-480.257
 40
15.065
 50
48.652
 51
56.848
  0
ARC
  8
APS_GEOMETRY
 10
-102.242
 20
-507.299
 40
40.608
 50
84.71
 51
90.0
  0
ARC
  8
APS_GEOMETRY
 10
-101.498
 20
-499.259
 40
32.533
 50
78.799
 51
84.71
  0
ARC
  8
APS_GEOMETRY
 10
-96.681
 20
-474.916
 40
7.718
 50
49.783
 51
78.771
  0
ARC
  8
APS_GEOMETRY
 10
-93.46
 20
-471.106
 40
2.729
 50
360.0
 51
49.783
  0
ARC
  8
APS_GEOMETRY
 10
-93.75
 20
-471.106
 40
3.02
 50
342.759
 51
360.0
  0
ARC
  8
APS_GEOMETRY
 10
-92.175
 20
-471.595
 40
1.37
 50
317.045
 51
342.759
  0
ARC
  8
APS_GEOMETRY
 10
-92.936
 20
-470.887
 40
2.41
 50
301.817
 51
317.045
  0
ARC
  8
APS_GEOMETRY
 10
-104.192
 20
-452.745
 40
23.76
 50
296.98
 51
301.817
  0
ARC
  8
APS_GEOMETRY
 10
-92.19
 20
-476.363
 40
2.733
 50
116.565
 51
149.078
  0
ARC
  8
APS_GEOMETRY
 10
-88.671
 20
-478.471
 40
6.835
 50
149.078
 51
169.469
  0
ARC
  8
APS_GEOMETRY
 10
-81.167
 20
-479.866
 40
14.468
 50
169.469
 51
174.598
  0
ARC
  8
APS_GEOMETRY
 10
-42.503
 20
-483.522
 40
53.304
 50
174.598
 51
177.269
  0
ARC
  8
APS_GEOMETRY
 10
-8.505
 20
-485.144
 40
87.341
 50
177.269
 51
178.901
  0
ARC
  8
APS_GEOMETRY
 10
96.802
 20
-487.163
 40
192.667
 50
178.901
 51
180.0
  0
ARC
  8
APS_GEOMETRY
 10
310.792
 20
-487.163
 40
406.657
 50
180.0
 51
180.88
  0
ARC
  8
APS_GEOMETRY
 10
60.272
 20
-491.011
 40
156.107
 50
180.88
 51
182.3
  0
ARC
  8
APS_GEOMETRY
 10
-12.954
 20
-493.953
 40
82.823
 50
182.3
 51
184.974
  0
ARC
  8
APS_GEOMETRY
 10
-82.775
 20
-500.029
 40
12.738
 50
184.974
 51
191.793
  0
ARC
  8
APS_GEOMETRY
 10
-90.885
 20
-501.58
 40
4.484
 50
193.57
 51
205.787
  0
ARC
  8
APS_GEOMETRY
 10
-92.902
 20
-502.555
 40
2.244
 50
205.787
 51
223.091
  0
ARC
  8
APS_GEOMETRY
 10
-92.39
 20
-502.076
 40
2.944
 50
223.091
 51
236.441
  0
ARC
  8
APS_GEOMETRY
 10
-88.107
 20
-495.619
 40
10.693
 50
236.441
 51
243.435
  0
ARC
  8
APS_GEOMETRY
 10
-94.665
 20
-509.09
 40
4.291
 50
37.185
 51
65.556
  0
ARC
  8
APS_GEOMETRY
 10
-93.266
 20
-508.028
 40
2.535
 50
360.0
 51
37.185
  0
ARC
  8
APS_GEOMETRY
 10
-93.342
 20
-508.028
 40
2.612
 50
312.039
 51
360.0
  0
ARC
  8
APS_GEOMETRY
 10
-96.453
 20
-504.578
 40
7.258
 50
283.815
 51
312.039
  0
ARC
  8
APS_GEOMETRY
 10
-101.594
 20
-483.273
 40
29.174
 50
279.273
 51
283.627
  0
ARC
  8
APS_GEOMETRY
 10
-103.649
 20
-470.687
 40
41.926
 50
275.641
 51
279.273
  0
ARC
  8
APS_GEOMETRY
 10
-104.434
 20
-462.733
 40
49.919
 50
272.588
 51
275.641
  0
ARC
  8
APS_GEOMETRY
 10
-105.316
 20
-443.216
 40
69.456
 50
270.0
 51
272.588
  0
ARC
  8
APS_GEOMETRY
 10
-105.316
 20
-470.778
 40
41.894
 50
262.774
 51
270.0
  0
ARC
  8
APS_GEOMETRY
 10
-109.093
 20
-500.566
 40
11.868
 50
249.175
 51
262.774
  0
ARC
  8
APS_GEOMETRY
 10
-111.466
 20
-506.804
 40
5.194
 50
221.23
 51
249.175
  0
ARC
  8
APS_GEOMETRY
 10
-113.535
 20
-508.617
 40
2.443
 50
180.0
 51
221.23
  0
ARC
  8
APS_GEOMETRY
 10
-113.936
 20
-508.617
 40
2.041
 50
142.696
 51
180.0
  0
ARC
  8
APS_GEOMETRY
 10
-110.715
 20
-511.071
 40
6.091
 50
121.357
 51
142.696
  0
ARC
  8
APS_GEOMETRY
 10
-116.158
 20
-502.156
 40
4.354
 50
301.477
 51
324.728
  0
ARC
  8
APS_GEOMETRY
 10
-115.578
 20
-502.567
 40
3.643
 50
324.728
 51
350.181
  0
ARC
  8
APS_GEOMETRY
 10
-133.819
 20
-499.55
 40
22.132
 50
350.538
 51
355.423
  0
ARC
  8
APS_GEOMETRY
 10
-208.771
 20
-493.549
 40
97.324
 50
355.423
 51
357.752
  0
ARC
  8
APS_GEOMETRY
 10
-278.364
 20
-490.817
 40
166.971
 50
357.752
 51
359.111
  0
ARC
  8
APS_GEOMETRY
 10
-501.111
 20
-487.36
 40
389.744
 50
359.111
 51
0.0
  0
ARC
  8
APS_GEOMETRY
 10
-246.59
 20
-487.36
 40
135.223
 50
0.0
 51
1.773
  0
ARC
  8
APS_GEOMETRY
 10
-167.23
 20
-484.903
 40
55.825
 50
1.773
 51
4.532
  0
ARC
  8
APS_GEOMETRY
 10
-143.109
 20
-482.991
 40
31.629
 50
4.532
 51
9.384
  0
ARC
  8
APS_GEOMETRY
 10
-118.616
 20
-478.944
 40
6.803
 50
9.384
 51
19.855
  0
ARC
  8
APS_GEOMETRY
 10
-115.374
 20
-477.711
 40
3.336
 50
18.853
 51
42.158
  0
ARC
  8
APS_GEOMETRY
 10
-118.152
 20
-480.227
 40
7.084
 50
42.158
 51
58.092
  0
ARC
  8
APS_GEOMETRY
 10
-105.924
 20
-461.329
 40
15.426
 50
230.711
 51
236.634
  0
ARC
  8
APS_GEOMETRY
 10
-113.605
 20
-470.718
 40
3.296
 50
217.875
 51
230.711
  0
ARC
  8
APS_GEOMETRY
 10
-114.658
 20
-471.537
 40
1.962
 50
196.928
 51
217.875
  0
ARC
  8
APS_GEOMETRY
 10
-113.672
 20
-471.237
 40
2.992
 50
180.0
 51
196.928
  0
ARC
  8
APS_GEOMETRY
 10
-114.317
 20
-471.237
 40
2.347
 50
148.791
 51
180.0
  0
ARC
  8
APS_GEOMETRY
 10
-113.702
 20
-471.61
 40
3.067
 50
121.569
 51
148.791
  0
ARC
  8
APS_GEOMETRY
 10
-112.596
 20
-473.408
 40
5.178
 50
112.806
 51
121.569
  0
ARC
  8
APS_GEOMETRY
 10
-109.609
 20
-480.513
 40
12.885
 50
107.254
 51
112.806
  0
ARC
  8
APS_GEOMETRY
 10
-107.779
 20
-486.404
 40
19.054
 50
103.487
 51
107.254
  0
ARC
  8
APS_GEOMETRY
 10
-103.589
 20
-503.877
 40
37.022
 50
100.784
 51
103.487
  0
ARC
  8
APS_GEOMETRY
 10
-102.276
 20
-508.708
 40
42.015
 50
95.643
 51
101.31
  0
ARC
  8
APS_GEOMETRY
 10
-102.242
 20
-509.053
 40
42.362
 50
90.0
 51
95.643
  0
ARC
  8
APS_GEOMETRY
 10
-61.572
 20
-487.726
 40
21.264
 50
77.257
 51
90.0
  0
ARC
  8
APS_GEOMETRY
 10
-61.788
 20
-488.681
 40
22.243
 50
64.799
 51
77.257
  0
ARC
  8
APS_GEOMETRY
 10
-43.471
 20
-449.683
 40
20.843
 50
244.885
 51
251.175
  0
ARC
  8
APS_GEOMETRY
 10
-49.439
 20
-467.19
 40
2.346
 50
251.175
 51
270.0
  0
ARC
  8
APS_GEOMETRY
 10
-49.439
 20
-465.73
 40
3.806
 50
270.0
 51
278.82
  0
ARC
  8
APS_GEOMETRY
 10
-51.898
 20
-449.882
 40
19.844
 50
278.82
 51
282.68
  0
ARC
  8
APS_GEOMETRY
 10
-46.753
 20
-472.663
 40
3.511
 50
95.906
 51
102.995
  0
ARC
  8
APS_GEOMETRY
 10
-46.594
 20
-474.199
 40
5.055
 50
90.0
 51
95.906
  0
ARC
  8
APS_GEOMETRY
 10
-46.594
 20
-472.499
 40
3.356
 50
62.447
 51
90.0
  0
ARC
  8
APS_GEOMETRY
 10
-47.191
 20
-473.643
 40
4.645
 50
39.094
 51
62.447
  0
ARC
  8
APS_GEOMETRY
 10
-53.425
 20
-478.857
 40
12.772
 50
18.435
 51
39.611
  0
ARC
  8
APS_GEOMETRY
 10
-57.251
 20
-480.132
 40
16.806
 50
360.0
 51
18.435
  0
ARC
  8
APS_GEOMETRY
 10
-48.779
 20
-480.132
 40
8.333
 50
334.877
 51
360.0
  0
ARC
  8
APS_GEOMETRY
 10
-46.273
 20
-481.308
 40
5.565
 50
304.007
 51
334.877
  0
ARC
  8
APS_GEOMETRY
 10
-46.314
 20
-481.19
 40
5.686
 50
286.39
 51
303.69
  0
ARC
  8
APS_GEOMETRY
 10
-46.496
 20
-480.571
 40
6.33
 50
270.0
 51
286.39
  0
ARC
  8
APS_GEOMETRY
 10
-46.496
 20
-480.645
 40
6.257
 50
255.155
 51
270.0
  0
ARC
  8
APS_GEOMETRY
 10
-47.181
 20
-483.231
 40
3.581
 50
235.491
 51
255.155
  0
ARC
  8
APS_GEOMETRY
 10
-46.837
 20
-482.731
 40
4.189
 50
218.48
 51
235.491
  0
ARC
  8
APS_GEOMETRY
 10
-41.216
 20
-478.263
 40
11.369
 50
208.179
 51
218.48
  0
ARC
  8
APS_GEOMETRY
 10
-98.841
 20
-509.542
 40
54.198
 50
28.56
 51
31.664
  0
ARC
  8
APS_GEOMETRY
 10
-63.629
 20
-487.825
 40
12.827
 50
31.664
 51
38.047
  0
ARC
  8
APS_GEOMETRY
 10
-61.068
 20
-485.822
 40
9.576
 50
38.047
 51
46.56
  0
ARC
  8
APS_GEOMETRY
 10
-62.399
 20
-487.227
 40
11.512
 50
46.56
 51
54.324
  0
ARC
  8
APS_GEOMETRY
 10
-63.167
 20
-488.548
 40
13.034
 50
54.968
 51
71.48
  0
ARC
  8
APS_GEOMETRY
 10
-62.324
 20
-486.032
 40
10.38
 50
71.48
 51
90.0
  0
ARC
  8
APS_GEOMETRY
 10
-62.324
 20
-482.902
 40
7.251
 50
90.0
 51
114.63
  0
ARC
  8
APS_GEOMETRY
 10
-62.688
 20
-482.108
 40
6.377
 50
114.63
 51
140.921
  0
ARC
  8
APS_GEOMETRY
 10
-61.613
 20
-482.982
 40
7.763
 50
140.921
 51
163.13
  0
ARC
  8
APS_GEOMETRY
 10
-56.235
 20
-484.613
 40
13.382
 50
163.13
 51
180.0
  0
ARC
  8
APS_GEOMETRY
 10
-49.262
 20
-484.613
 40
20.355
 50
180.0
 51
195.44
  0
ARC
  8
APS_GEOMETRY
 10
-50.32
 20
-484.905
 40
19.258
 50
195.44
 51
211.316
  0
ARC
  8
APS_GEOMETRY
 10
-55.409
 20
-487.894
 40
13.357
 50
211.708
 51
240.457
  0
ARC
  8
APS_GEOMETRY
 10
-55.751
 20
-488.497
 40
12.663
 50
240.457
 51
270.0
  0
ARC
  8
APS_GEOMETRY
 10
-55.751
 20
-485.41
 40
15.751
 50
270.0
 51
279.549
  0
ARC
  8
APS_GEOMETRY
 10
-55.947
 20
-484.246
 40
16.931
 50
279.549
 51
288.759
  0
ARC
  8
APS_GEOMETRY
 10
-55.121
 20
-486.676
 40
14.364
 50
288.759
 51
299.545
  0
ARC
  8
APS_GEOMETRY
 10
-51.812
 20
-492.515
 40
7.652
 50
299.545
 51
314.341
  0
ARC
  8
APS_GEOMETRY
 10
-41.577
 20
-503.146
 40
7.105
 50
120.141
 51
133.452
  0
ARC
  8
APS_GEOMETRY
 10
-44.435
 20
-498.223
 40
1.412
 50
90.0
 51
120.141
  0
ARC
  8
APS_GEOMETRY
 10
-44.435
 20
-499.041
 40
2.23
 50
61.952
 51
90.0
  0
ARC
  8
APS_GEOMETRY
 10
-44.768
 20
-499.664
 40
2.936
 50
37.569
 51
61.952
  0
ARC
  8
APS_GEOMETRY
 10
-45.387
 20
-500.14
 40
3.717
 50
17.665
 51
37.569
  0
ARC
  8
APS_GEOMETRY
 10
-46.332
 20
-500.441
 40
4.709
 50
360.0
 51
17.665
  0
ARC
  8
APS_GEOMETRY
 10
-48.704
 20
-500.441
 40
7.081
 50
344.932
 51
360.0
  0
ARC
  8
APS_GEOMETRY
 10
-55.002
 20
-498.745
 40
13.603
 50
334.075
 51
344.932
  0
ARC
  8
APS_GEOMETRY
 10
-55.2
 20
-498.649
 40
13.823
 50
323.374
 51
334.075
  0
ARC
  8
APS_GEOMETRY
 10
-51.136
 20
-501.67
 40
8.76
 50
309.92
 51
323.374
  0
ARC
  8
APS_GEOMETRY
 10
-47.075
 20
-506.461
 40
2.48
 50
289.026
 51
308.991
  0
ARC
  8
APS_GEOMETRY
 10
-51.408
 20
-493.895
 40
15.771
 50
281.143
 51
289.026
  0
ARC
  8
APS_GEOMETRY
 10
-47.014
 20
-516.677
 40
7.431
 50
100.437
 51
110.12
  0
ARC
  8
APS_GEOMETRY
 10
-41.193
 20
-532.567
 40
24.353
 50
110.12
 51
115.463
  0
ARC
  8
APS_GEOMETRY
 10
-61.974
 20
-489.086
 40
23.838
 50
282.94
 51
295.628
  0
ARC
  8
APS_GEOMETRY
 10
-61.768
 20
-489.98
 40
22.921
 50
270.0
 51
282.94
  0
ARC
  8
APS_GEOMETRY
 10
-61.768
 20
-488.626
 40
24.275
 50
257.307
 51
270.0
  0
ARC
  8
APS_GEOMETRY
 10
-60.744
 20
-484.077
 40
28.939
 50
245.686
 51
257.307
  0
ARC
  8
APS_GEOMETRY
 10
-63.314
 20
-489.718
 40
22.739
 50
228.801
 51
245.735
  0
ARC
  8
APS_GEOMETRY
 10
-63.271
 20
-489.669
 40
22.805
 50
211.891
 51
228.801
  0
ARC
  8
APS_GEOMETRY
 10
-61.923
 20
-488.699
 40
24.462
 50
196.728
 51
212.152
  0
ARC
  8
APS_GEOMETRY
 10
-65.411
 20
-489.747
 40
20.82
 50
180.0
 51
196.728
  0
ARC
  8
APS_GEOMETRY
 10
-64.904
 20
-489.747
 40
21.327
 50
161.184
 51
180.0
  0
ARC
  8
APS_GEOMETRY
 10
-63.535
 20
-490.213
 40
22.773
 50
142.98
 51
161.184
  0
ARC
  8
APS_GEOMETRY
 10
-62.471
 20
-491.028
 40
24.112
 50
127.824
 51
142.958
  0
ARC
  8
APS_GEOMETRY
 10
-60.717
 20
-493.287
 40
26.973
 50
113.52
 51
127.824
  0
ARC
  8
APS_GEOMETRY
 10
-61.288
 20
-491.968
 40
25.535
 50
101.927
 51
113.527
  0
ARC
  8
APS_GEOMETRY
 10
-61.572
 20
-490.623
 40
24.161
 50
90.0
 51
101.927
  0
ARC
  8
APS_GEOMETRY
 10
-17.023
 20
-507.299
 40
40.608
 50
84.71
 51
90.0
  0
ARC
  8
APS_GEOMETRY
 10
-16.279
 20
-499.259
 40
32.533
 50
78.799
 51
84.71
  0
ARC
  8
APS_GEOMETRY
 10
-11.462
 20
-474.916
 40
7.718
 50
49.783
 51
78.771
  0
ARC
  8
APS_GEOMETRY
 10
-8.241
 20
-471.106
 40
2.729
 50
360.0
 51
49.783
  0
ARC
  8
APS_GEOMETRY
 10
-8.531
 20
-471.106
 40
3.02
 50
342.759
 51
360.0
  0
ARC
  8
APS_GEOMETRY
 10
-6.956
 20
-471.595
 40
1.37
 50
317.045
 51
342.759
  0
ARC
  8
APS_GEOMETRY
 10
-7.717
 20
-470.887
 40
2.41
 50
301.817
 51
317.045
  0
ARC
  8
APS_GEOMETRY
 10
-18.973
 20
-452.745
 40
23.76
 50
296.98
 51
301.817
  0
ARC
  8
APS_GEOMETRY
 10
-6.971
 20
-476.363
 40
2.733
 50
116.565
 51
149.078
  0
ARC
  8
APS_GEOMETRY
 10
-3.452
 20
-478.471
 40
6.835
 50
149.078
 51
169.469
  0
ARC
  8
APS_GEOMETRY
 10
4.052
 20
-479.866
 40
14.468
 50
169.469
 51
174.598
  0
ARC
  8
APS_GEOMETRY
 10
42.716
 20
-483.522
 40
53.304
 50
174.598
 51
177.269
  0
ARC
  8
APS_GEOMETRY
 10
76.714
 20
-485.144
 40
87.341
 50
177.269
 51
178.901
  0
ARC
  8
APS_GEOMETRY
 10
182.021
 20
-487.163
 40
192.667
 50
178.901
 51
180.0
  0
ARC
  8
APS_GEOMETRY
 10
396.01
 20
-487.163
 40
406.657
 50
180.0
 51
180.88
  0
ARC
  8
APS_GEOMETRY
 10
145.49
 20
-491.011
 40
156.107
 50
180.88
 51
182.3
  0
ARC
  8
APS_GEOMETRY
 10
72.265
 20
-493.953
 40
82.823
 50
182.3
 51
184.974
  0
ARC
  8
APS_GEOMETRY
 10
2.444
 20
-500.029
 40
12.738
 50
184.974
 51
191.793
  0
ARC
  8
APS_GEOMETRY
 10
-5.666
 20
-501.58
 40
4.484
 50
193.57
 51
205.787
  0
ARC
  8
APS_GEOMETRY
 10
-7.683
 20
-502.555
 40
2.244
 50
205.787
 51
223.091
  0
ARC
  8
APS_GEOMETRY
 10
-7.172
 20
-502.076
 40
2.944
 50
223.091
 51
236.441
  0
ARC
  8
APS_GEOMETRY
 10
-2.888
 20
-495.619
 40
10.693
 50
236.441
 51
243.435
  0
ARC
  8
APS_GEOMETRY
 10
-9.446
 20
-509.09
 40
4.291
 50
37.185
 51
65.556
  0
ARC
  8
APS_GEOMETRY
 10
-8.047
 20
-508.028
 40
2.535
 50
360.0
 51
37.185
  0
ARC
  8
APS_GEOMETRY
 10
-8.124
 20
-508.028
 40
2.612
 50
312.039
 51
360.0
  0
ARC
  8
APS_GEOMETRY
 10
-11.235
 20
-504.578
 40
7.258
 50
283.815
 51
312.039
  0
ARC
  8
APS_GEOMETRY
 10
-16.375
 20
-483.273
 40
29.174
 50
279.273
 51
283.627
  0
ARC
  8
APS_GEOMETRY
 10
-18.43
 20
-470.687
 40
41.926
 50
275.641
 51
279.273
  0
ARC
  8
APS_GEOMETRY
 10
-19.215
 20
-462.733
 40
49.919
 50
272.588
 51
275.641
  0
ARC
  8
APS_GEOMETRY
 10
-20.098
 20
-443.216
 40
69.456
 50
270.0
 51
272.588
  0
ARC
  8
APS_GEOMETRY
 10
-20.098
 20
-470.778
 40
41.894
 50
262.774
 51
270.0
  0
ARC
  8
APS_GEOMETRY
 10
-23.874
 20
-500.566
 40
11.868
 50
249.175
 51
262.774
  0
ARC
  8
APS_GEOMETRY
 10
-26.247
 20
-506.804
 40
5.194
 50
221.23
 51
249.175
  0
ARC
  8
APS_GEOMETRY
 10
-28.316
 20
-508.617
 40
2.443
 50
180.0
 51
221.23
  0
ARC
  8
APS_GEOMETRY
 10
-28.718
 20
-508.617
 40
2.041
 50
142.696
 51
180.0
  0
ARC
  8
APS_GEOMETRY
 10
-25.496
 20
-511.071
 40
6.091
 50
121.357
 51
142.696
  0
ARC
  8
APS_GEOMETRY
 10
-30.939
 20
-502.156
 40
4.354
 50
301.477
 51
324.728
  0
ARC
  8
APS_GEOMETRY
 10
-30.359
 20
-502.567
 40
3.643
 50
324.728
 51
350.181
  0
ARC
  8
APS_GEOMETRY
 10
-48.6
 20
-499.55
 40
22.132
 50
350.538
 51
355.423
  0
ARC
  8
APS_GEOMETRY
 10
-123.552
 20
-493.549
 40
97.324
 50
355.423
 51
357.752
  0
ARC
  8
APS_GEOMETRY
 10
-193.145
 20
-490.817
 40
166.971
 50
357.752
 51
359.111
  0
ARC
  8
APS_GEOMETRY
 10
-415.892
 20
-487.36
 40
389.744
 50
359.111
 51
0.0
  0
ARC
  8
APS_GEOMETRY
 10
-161.371
 20
-487.36
 40
135.223
 50
0.0
 51
1.773
  0
ARC
  8
APS_GEOMETRY
 10
-82.011
 20
-484.903
 40
55.825
 50
1.773
 51
4.532
  0
ARC
  8
APS_GEOMETRY
 10
-57.89
 20
-482.991
 40
31.629
 50
4.532
 51
9.384
  0
ARC
  8
APS_GEOMETRY
 10
-33.397
 20
-478.944
 40
6.803
 50
9.384
 51
19.855
  0
ARC
  8
APS_GEOMETRY
 10
-30.155
 20
-477.711
 40
3.336
 50
18.853
 51
42.158
  0
ARC
  8
APS_GEOMETRY
 10
-32.933
 20
-480.227
 40
7.084
 50
42.158
 51
58.092
  0
ARC
  8
APS_GEOMETRY
 10
-20.705
 20
-461.329
 40
15.426
 50
230.711
 51
236.634
  0
ARC
  8
APS_GEOMETRY
 10
-28.386
 20
-470.718
 40
3.296
 50
217.875
 51
230.711
  0
ARC
  8
APS_GEOMETRY
 10
-29.439
 20
-471.537
 40
1.962
 50
196.928
 51
217.875
  0
ARC
  8
APS_GEOMETRY
 10
-28.453
 20
-471.237
 40
2.992
 50
180.0
 51
196.928
  0
ARC
  8
APS_GEOMETRY
 10
-29.098
 20
-471.237
 40
2.347
 50
148.791
 51
180.0
  0
ARC
  8
APS_GEOMETRY
 10
-28.483
 20
-471.61
 40
3.067
 50
121.569
 51
148.791
  0
ARC
  8
APS_GEOMETRY
 10
-27.378
 20
-473.408
 40
5.178
 50
112.806
 51
121.569
  0
ARC
  8
APS_GEOMETRY
 10
-24.39
 20
-480.513
 40
12.885
 50
107.254
 51
112.806
  0
ARC
  8
APS_GEOMETRY
 10
-22.561
 20
-486.404
 40
19.054
 50
103.487
 51
107.254
  0
ARC
  8
APS_GEOMETRY
 10
-18.37
 20
-503.877
 40
37.022
 50
100.784
 51
103.487
  0
ARC
  8
APS_GEOMETRY
 10
-17.058
 20
-508.708
 40
42.015
 50
95.643
 51
101.31
  0
ARC
  8
APS_GEOMETRY
 10
-17.023
 20
-509.053
 40
42.362
 50
90.0
 51
95.643
  0
LINE
  8
APS_GEOMETRY
 10
52.125
 11
52.125
 20
-496.615
 21
-479.413
  0
ARC
  8
APS_GEOMETRY
 10
12.404
 20
-479.413
 40
39.721
 50
0.0
 51
2.404
  0
ARC
  8
APS_GEOMETRY
 10
35.921
 20
-478.426
 40
16.183
 50
2.404
 51
6.17
  0
ARC
  8
APS_GEOMETRY
 10
42.97
 20
-477.663
 40
9.093
 50
6.17
 51
12.824
  0
ARC
  8
APS_GEOMETRY
 10
49.869
 20
-476.093
 40
2.017
 50
12.824
 51
26.98
  0
ARC
  8
APS_GEOMETRY
 10
50.192
 20
-475.929
 40
1.655
 50
26.98
 51
59.65
  0
ARC
  8
APS_GEOMETRY
 10
47.154
 20
-481.117
 40
7.668
 50
59.65
 51
74.667
  0
ARC
  8
APS_GEOMETRY
 10
50.656
 20
-468.618
 40
5.313
 50
225.0
 51
253.887
  0
ARC
  8
APS_GEOMETRY
 10
48.495
 20
-470.779
 40
2.257
 50
180.0
 51
225.0
  0
ARC
  8
APS_GEOMETRY
 10
48.91
 20
-470.779
 40
2.672
 50
151.157
 51
180.0
  0
ARC
  8
APS_GEOMETRY
 10
48.904
 20
-470.776
 40
2.665
 50
122.276
 51
151.157
  0
ARC
  8
APS_GEOMETRY
 10
49.668
 20
-471.985
 40
4.096
 50
102.308
 51
122.276
  0
ARC
  8
APS_GEOMETRY
 10
51.078
 20
-478.449
 40
10.712
 50
90.0
 51
102.308
  0
ARC
  8
APS_GEOMETRY
 10
51.078
 20
-490.904
 40
23.166
 50
88.989
 51
90.0
  0
ARC
  8
APS_GEOMETRY
 10
49.131
 20
-601.249
 40
133.528
 50
88.568
 51
88.989
  0
ARC
  8
APS_GEOMETRY
 10
46.381
 20
-711.253
 40
243.567
 50
88.337
 51
88.568
  0
ARC
  8
APS_GEOMETRY
 10
35.723
 20
-1078.369
 40
610.838
 50
88.191
 51
88.337
  0
LINE
  8
APS_GEOMETRY
 10
55.003
 11
56.932
 20
-467.836
 21
-467.836
  0
ARC
  8
APS_GEOMETRY
 10
50.451
 20
608.114
 40
1075.969
 50
270.345
 51
270.49
  0
ARC
  8
APS_GEOMETRY
 10
56.49
 20
-98.497
 40
369.332
 50
270.49
 51
270.736
  0
ARC
  8
APS_GEOMETRY
 10
58.969
 20
-291.368
 40
176.445
 50
270.736
 51
271.253
  0
ARC
  8
APS_GEOMETRY
 10
62.495
 20
-452.585
 40
15.19
 50
271.253
 51
273.013
  0
ARC
  8
APS_GEOMETRY
 10
62.348
 20
-449.797
 40
17.982
 50
273.013
 51
274.5
  0
ARC
  8
APS_GEOMETRY
 10
45.692
 20
-238.144
 40
230.289
 50
274.5
 51
274.915
  0
LINE
  8
APS_GEOMETRY
 10
65.423
 11
67.386
 20
-467.586
 21
-467.414
  0
LINE
  8
APS_GEOMETRY
 10
67.386
 11
69.948
 20
-467.414
 21
-467.182
  0
ARC
  8
APS_GEOMETRY
 10
74.161
 20
-507.905
 40
40.941
 50
93.24
 51
95.906
  0
ARC
  8
APS_GEOMETRY
 10
73.415
 20
-494.722
 40
27.736
 50
90.0
 51
93.24
  0
ARC
  8
APS_GEOMETRY
 10
73.415
 20
-490.539
 40
23.553
 50
77.12
 51
90.0
  0
ARC
  8
APS_GEOMETRY
 10
74.656
 20
-485.112
 40
17.987
 50
62.371
 51
77.12
  0
ARC
  8
APS_GEOMETRY
 10
76.757
 20
-481.173
 40
13.522
 50
31.215
 51
62.517
  0
ARC
  8
APS_GEOMETRY
 10
76.693
 20
-481.211
 40
13.597
 50
360.0
 51
31.215
  0
ARC
  8
APS_GEOMETRY
 10
76.328
 20
-481.211
 40
13.962
 50
334.496
 51
360.0
  0
ARC
  8
APS_GEOMETRY
 10
77.015
 20
-481.539
 40
13.201
 50
308.254
 51
334.496
  0
ARC
  8
APS_GEOMETRY
 10
74.915
 20
-478.773
 40
16.674
 50
287.855
 51
308.034
  0
ARC
  8
APS_GEOMETRY
 10
73.513
 20
-474.42
 40
21.247
 50
270.0
 51
287.855
  0
ARC
  8
APS_GEOMETRY
 10
73.513
 20
-463.469
 40
32.197
 50
266.918
 51
270.0
  0
ARC
  8
APS_GEOMETRY
 10
75.467
 20
-427.172
 40
68.546
 50
264.806
 51
266.918
  0
ARC
  8
APS_GEOMETRY
 10
62.395
 20
-589.282
 40
94.095
 50
85.815
 51
86.634
  0
ARC
  8
APS_GEOMETRY
 10
67.594
 20
-500.903
 40
5.563
 50
86.634
 51
90.0
  0
ARC
  8
APS_GEOMETRY
 10
67.594
 20
-496.16
 40
0.821
 50
90.0
 51
139.686
  0
ARC
  8
APS_GEOMETRY
 10
67.898
 20
-496.419
 40
1.22
 50
139.686
 51
180.0
  0
LINE
  8
APS_GEOMETRY
 10
66.678
 11
66.678
 20
-496.419
 21
-496.615
  0
LINE
  8
APS_GEOMETRY
 10
66.678
 11
66.907
 20
-496.615
 21
-501.978
  0
ARC
  8
APS_GEOMETRY
 10
74.657
 20
-501.655
 40
7.757
 50
182.386
 51
193.753
  0
ARC
  8
APS_GEOMETRY
 10
69.659
 20
-502.879
 40
2.612
 50
193.753
 51
213.408
  0
ARC
  8
APS_GEOMETRY
 10
69.715
 20
-502.841
 40
2.679
 50
213.408
 51
232.628
  0
ARC
  8
APS_GEOMETRY
 10
74.226
 20
-496.936
 40
10.11
 50
232.628
 51
242.488
  0
ARC
  8
APS_GEOMETRY
 10
66.703
 20
-511.2
 40
6.017
 50
40.539
 51
61.699
  0
ARC
  8
APS_GEOMETRY
 10
69.991
 20
-508.388
 40
1.69
 50
360.0
 51
40.539
  0
ARC
  8
APS_GEOMETRY
 10
69.412
 20
-508.388
 40
2.269
 50
315.297
 51
360.0
  0
ARC
  8
APS_GEOMETRY
 10
66.343
 20
-505.35
 40
6.588
 50
289.502
 51
315.297
  0
ARC
  8
APS_GEOMETRY
 10
64.093
 20
-498.999
 40
13.326
 50
282.372
 51
289.502
  0
ARC
  8
APS_GEOMETRY
 10
61.731
 20
-488.228
 40
24.353
 50
277.099
 51
282.372
  0
ARC
  8
APS_GEOMETRY
 10
60.759
 20
-480.428
 40
32.213
 50
273.104
 51
277.099
  0
ARC
  8
APS_GEOMETRY
 10
59.614
 20
-459.31
 40
53.362
 50
270.0
 51
273.104
  0
ARC
  8
APS_GEOMETRY
 10
59.614
 20
-459.95
 40
52.723
 50
263.473
 51
270.0
  0
ARC
  8
APS_GEOMETRY
 10
55.281
 20
-497.817
 40
14.609
 50
251.056
 51
263.473
  0
ARC
  8
APS_GEOMETRY
 10
52.499
 20
-505.922
 40
6.039
 50
224.161
 51
251.056
  0
ARC
  8
APS_GEOMETRY
 10
49.825
 20
-508.519
 40
2.311
 50
180.0
 51
224.161
  0
ARC
  8
APS_GEOMETRY
 10
50.305
 20
-508.519
 40
2.791
 50
160.821
 51
180.0
  0
ARC
  8
APS_GEOMETRY
 10
49.134
 20
-508.112
 40
1.552
 50
135.0
 51
160.821
  0
ARC
  8
APS_GEOMETRY
 10
50.241
 20
-509.218
 40
3.117
 50
121.522
 51
135.0
  0
ARC
  8
APS_GEOMETRY
 10
62.726
 20
-529.574
 40
26.996
 50
116.952
 51
121.522
  0
ARC
  8
APS_GEOMETRY
 10
49.093
 20
-502.863
 40
2.993
 50
297.824
 51
321.605
  0
ARC
  8
APS_GEOMETRY
 10
49.782
 20
-503.41
 40
2.113
 50
321.605
 51
349.992
  0
ARC
  8
APS_GEOMETRY
 10
46.583
 20
-502.845
 40
5.362
 50
349.992
 51
356.014
  0
ARC
  8
APS_GEOMETRY
 10
-2.08
 20
-499.454
 40
54.143
 50
356.014
 51
357.908
  0
ARC
  8
APS_GEOMETRY
 10
-58.884
 20
-497.379
 40
110.985
 50
357.908
 51
358.833
  0
ARC
  8
APS_GEOMETRY
 10
-264.281
 20
-493.194
 40
316.424
 50
358.833
 51
359.381
  0
LINE
  8
APS_GEOMETRY
 10
66.907
 11
66.907
 20
-475.259
 21
-486.379
  0
ARC
  8
APS_GEOMETRY
 10
70.281
 20
-486.379
 40
3.374
 50
180.0
 51
199.885
  0
ARC
  8
APS_GEOMETRY
 10
67.756
 20
-487.292
 40
0.689
 50
199.885
 51
244.799
  0
ARC
  8
APS_GEOMETRY
 10
69.207
 20
-484.302
 40
4.013
 50
244.231
 51
258.996
  0
ARC
  8
APS_GEOMETRY
 10
69.817
 20
-481.165
 40
7.209
 50
258.996
 51
270.0
  0
ARC
  8
APS_GEOMETRY
 10
69.817
 20
-481.923
 40
6.45
 50
270.0
 51
288.435
  0
ARC
  8
APS_GEOMETRY
 10
70.28
 20
-483.311
 40
4.987
 50
288.435
 51
309.428
  0
ARC
  8
APS_GEOMETRY
 10
70.449
 20
-483.486
 40
4.745
 50
309.193
 51
339.939
  0
ARC
  8
APS_GEOMETRY
 10
64.579
 20
-481.342
 40
10.994
 50
339.939
 51
0.0
  0
ARC
  8
APS_GEOMETRY
 10
65.225
 20
-481.342
 40
10.348
 50
0.0
 51
22.011
  0
ARC
  8
APS_GEOMETRY
 10
69.81
 20
-479.489
 40
5.403
 50
22.011
 51
52.651
  0
ARC
  8
APS_GEOMETRY
 10
69.739
 20
-479.538
 40
5.485
 50
52.374
 51
72.309
  0
ARC
  8
APS_GEOMETRY
 10
69.294
 20
-480.934
 40
6.95
 50
72.309
 51
90.0
  0
ARC
  8
APS_GEOMETRY
 10
69.294
 20
-478.036
 40
4.052
 50
90.0
 51
118.113
  0
ARC
  8
APS_GEOMETRY
 10
67.811
 20
-475.259
 40
0.904
 50
118.113
 51
180.0
  0
ARC
  8
APS_GEOMETRY
 10
119.644
 20
-492.244
 40
25.782
 50
71.91
 51
90.0
  0
ARC
  8
APS_GEOMETRY
 10
120.643
 20
-489.187
 40
22.566
 50
52.561
 51
71.91
  0
ARC
  8
APS_GEOMETRY
 10
120.381
 20
-489.263
 40
22.786
 50
38.846
 51
52.156
  0
ARC
  8
APS_GEOMETRY
 10
116.809
 20
-492.14
 40
27.372
 50
26.707
 51
38.846
  0
ARC
  8
APS_GEOMETRY
 10
117.516
 20
-491.562
 40
26.482
 50
13.868
 51
26.278
  0
ARC
  8
APS_GEOMETRY
 10
122.616
 20
-490.303
 40
21.229
 50
360.0
 51
13.868
  0
ARC
  8
APS_GEOMETRY
 10
122.946
 20
-490.303
 40
20.899
 50
339.712
 51
360.0
  0
ARC
  8
APS_GEOMETRY
 10
121.77
 20
-489.868
 40
22.153
 50
320.013
 51
339.712
  0
ARC
  8
APS_GEOMETRY
 10
121.575
 20
-489.761
 40
22.372
 50
303.344
 51
320.123
  0
ARC
  8
APS_GEOMETRY
 10
119.279
 20
-486.271
 40
26.548
 50
287.949
 51
303.344
  0
ARC
  8
APS_GEOMETRY
 10
118.525
 20
-483.656
 40
29.269
 50
279.039
 51
287.776
  0
ARC
  8
APS_GEOMETRY
 10
118.827
 20
-485.555
 40
27.346
 50
270.0
 51
279.039
  0
ARC
  8
APS_GEOMETRY
 10
118.827
 20
-486.89
 40
26.011
 50
257.728
 51
270.0
  0
ARC
  8
APS_GEOMETRY
 10
118.868
 20
-486.702
 40
26.203
 50
245.501
 51
257.728
  0
ARC
  8
APS_GEOMETRY
 10
117.395
 20
-489.925
 40
22.66
 50
228.665
 51
245.511
  0
ARC
  8
APS_GEOMETRY
 10
116.905
 20
-490.482
 40
21.918
 50
211.535
 51
228.665
  0
ARC
  8
APS_GEOMETRY
 10
117.547
 20
-490.01
 40
22.712
 50
195.642
 51
211.701
  0
ARC
  8
APS_GEOMETRY
 10
118.721
 20
-489.682
 40
23.931
 50
180.0
 51
195.642
  0
ARC
  8
APS_GEOMETRY
 10
118.973
 20
-489.682
 40
24.183
 50
162.181
 51
180.0
  0
ARC
  8
APS_GEOMETRY
 10
116.766
 20
-488.972
 40
21.865
 50
143.434
 51
162.181
  0
ARC
  8
APS_GEOMETRY
 10
116.469
 20
-488.735
 40
21.485
 50
126.384
 51
143.471
  0
ARC
  8
APS_GEOMETRY
 10
118.503
 20
-491.495
 40
24.914
 50
110.525
 51
126.384
  0
ARC
  8
APS_GEOMETRY
 10
118.403
 20
-490.746
 40
24.177
 50
99.77
 51
110.925
  0
ARC
  8
APS_GEOMETRY
 10
119.644
 20
-497.958
 40
31.496
 50
90.0
 51
99.77
  0
ARC
  8
APS_GEOMETRY
 10
116.538
 20
-480.655
 40
4.807
 50
90.0
 51
119.604
  0
ARC
  8
APS_GEOMETRY
 10
116.959
 20
-481.396
 40
5.659
 50
119.604
 51
146.842
  0
ARC
  8
APS_GEOMETRY
 10
117.805
 20
-482.09
 40
6.748
 50
145.84
 51
164.055
  0
ARC
  8
APS_GEOMETRY
 10
119.766
 20
-482.65
 40
8.788
 50
164.055
 51
180.0
  0
ARC
  8
APS_GEOMETRY
 10
132.031
 20
-482.65
 40
21.053
 50
180.0
 51
189.977
  0
ARC
  8
APS_GEOMETRY
 10
150.682
 20
-479.369
 40
39.991
 50
189.977
 51
197.211
  0
ARC
  8
APS_GEOMETRY
 10
154.762
 20
-478.106
 40
44.261
 50
197.211
 51
203.76
  0
ARC
  8
APS_GEOMETRY
 10
144.599
 20
-482.58
 40
33.157
 50
203.76
 51
211.329
  0
ARC
  8
APS_GEOMETRY
 10
123.731
 20
-495.103
 40
8.821
 50
212.32
 51
224.441
  0
ARC
  8
APS_GEOMETRY
 10
122.875
 20
-495.942
 40
7.623
 50
224.441
 51
237.484
  0
ARC
  8
APS_GEOMETRY
 10
122.323
 20
-496.809
 40
6.595
 50
237.484
 51
252.416
  0
ARC
  8
APS_GEOMETRY
 10
121.77
 20
-498.553
 40
4.766
 50
252.416
 51
270.0
  0
ARC
  8
APS_GEOMETRY
 10
121.77
 20
-497.988
 40
5.331
 50
270.0
 51
294.953
  0
ARC
  8
APS_GEOMETRY
 10
121.92
 20
-498.309
 40
4.977
 50
294.953
 51
320.793
  0
ARC
  8
APS_GEOMETRY
 10
121.119
 20
-497.655
 40
6.011
 50
320.793
 51
342.777
  0
ARC
  8
APS_GEOMETRY
 10
117.551
 20
-496.549
 40
9.746
 50
342.777
 51
0.0
  0
ARC
  8
APS_GEOMETRY
 10
100.79
 20
-496.549
 40
26.507
 50
0.0
 51
8.499
  0
ARC
  8
APS_GEOMETRY
 10
89.123
 20
-498.293
 40
38.304
 50
8.499
 51
15.566
  0
ARC
  8
APS_GEOMETRY
 10
90.525
 20
-497.902
 40
36.848
 50
15.566
 51
22.909
  0
ARC
  8
APS_GEOMETRY
 10
102.589
 20
-492.804
 40
23.751
 50
22.909
 51
32.057
  0
ARC
  8
APS_GEOMETRY
 10
112.065
 20
-486.834
 40
12.552
 50
31.921
 51
42.51
  0
ARC
  8
APS_GEOMETRY
 10
114.667
 20
-484.449
 40
9.022
 50
42.51
 51
55.008
  0
ARC
  8
APS_GEOMETRY
 10
115.546
 20
-483.194
 40
7.489
 50
55.008
 51
69.88
  0
ARC
  8
APS_GEOMETRY
 10
116.334
 20
-481.042
 40
5.198
 50
69.88
 51
87.754
  0
ARC
  8
APS_GEOMETRY
 10
170.158
 20
-495.666
 40
2.42
 50
90.0
 51
115.837
  0
ARC
  8
APS_GEOMETRY
 10
169.563
 20
-494.436
 40
1.053
 50
115.837
 51
155.462
  0
ARC
  8
APS_GEOMETRY
 10
170.258
 20
-494.753
 40
1.817
 50
155.462
 51
168.366
  0
ARC
  8
APS_GEOMETRY
 10
176.604
 20
-496.06
 40
8.296
 50
168.366
 51
174.395
  0
ARC
  8
APS_GEOMETRY
 10
182.999
 20
-496.687
 40
14.722
 50
174.395
 51
177.813
  0
ARC
  8
APS_GEOMETRY
 10
204.228
 20
-497.498
 40
35.966
 50
177.813
 51
180.0
  0
ARC
  8
APS_GEOMETRY
 10
219.596
 20
-497.498
 40
51.335
 50
180.0
 51
184.62
  0
ARC
  8
APS_GEOMETRY
 10
185.176
 20
-500.279
 40
16.803
 50
184.62
 51
192.7
  0
ARC
  8
APS_GEOMETRY
 10
171.906
 20
-503.193
 40
3.218
 50
194.036
 51
205.821
  0
ARC
  8
APS_GEOMETRY
 10
170.501
 20
-503.873
 40
1.656
 50
205.821
 51
222.274
  0
ARC
  8
APS_GEOMETRY
 10
170.931
 20
-503.481
 40
2.238
 50
222.274
 51
234.605
  0
ARC
  8
APS_GEOMETRY
 10
175.792
 20
-496.641
 40
10.63
 50
234.605
 51
240.255
  0
ARC
  8
APS_GEOMETRY
 10
168.403
 20
-509.715
 40
4.389
 50
34.592
 51
61.189
  0
ARC
  8
APS_GEOMETRY
 10
169.853
 20
-508.715
 40
2.627
 50
360.0
 51
34.592
  0
ARC
  8
APS_GEOMETRY
 10
169.941
 20
-508.715
 40
2.539
 50
318.231
 51
360.0
  0
ARC
  8
APS_GEOMETRY
 10
168.243
 20
-507.198
 40
4.816
 50
288.227
 51
318.231
  0
ARC
  8
APS_GEOMETRY
 10
166.482
 20
-501.851
 40
10.446
 50
280.377
 51
288.227
  0
ARC
  8
APS_GEOMETRY
 10
163.412
 20
-485.087
 40
27.489
 50
275.541
 51
280.377
  0
ARC
  8
APS_GEOMETRY
 10
162.089
 20
-471.449
 40
41.19
 50
272.304
 51
275.541
  0
ARC
  8
APS_GEOMETRY
 10
160.478
 20
-431.413
 40
81.259
 50
270.0
 51
272.304
  0
ARC
  8
APS_GEOMETRY
 10
160.478
 20
-464.872
 40
47.8
 50
262.811
 51
270.0
  0
ARC
  8
APS_GEOMETRY
 10
156.189
 20
-498.879
 40
13.524
 50
249.274
 51
262.811
  0
ARC
  8
APS_GEOMETRY
 10
153.491
 20
-506.009
 40
5.901
 50
221.379
 51
249.274
  0
ARC
  8
APS_GEOMETRY
 10
151.124
 20
-508.094
 40
2.747
 50
180.0
 51
221.379
  0
ARC
  8
APS_GEOMETRY
 10
151.106
 20
-508.094
 40
2.728
 50
164.055
 51
180.0
  0
ARC
  8
APS_GEOMETRY
 10
149.969
 20
-507.769
 40
1.546
 50
142.815
 51
164.055
  0
ARC
  8
APS_GEOMETRY
 10
150.685
 20
-508.312
 40
2.444
 50
129.007
 51
142.815
  0
ARC
  8
APS_GEOMETRY
 10
159.477
 20
-519.166
 40
16.412
 50
123.69
 51
129.007
  0
ARC
  8
APS_GEOMETRY
 10
147.0
 20
-500.393
 40
6.128
 50
303.389
 51
319.022
  0
ARC
  8
APS_GEOMETRY
 10
148.659
 20
-501.834
 40
3.932
 50
319.022
 51
338.575
  0
ARC
  8
APS_GEOMETRY
 10
146.439
 20
-500.963
 40
6.316
 50
338.575
 51
351.049
  0
ARC
  8
APS_GEOMETRY
 10
119.633
 20
-496.741
 40
33.452
 50
351.049
 51
356.46
  0
ARC
  8
APS_GEOMETRY
 10
128.469
 20
-497.077
 40
24.613
 50
355.972
 51
358.68
  0
ARC
  8
APS_GEOMETRY
 10
-161.722
 20
-490.39
 40
314.881
 50
358.68
 51
359.437
  0
LINE
  8
APS_GEOMETRY
 10
153.144
 11
153.175
 20
-493.483
 21
-488.572
  0
LINE
  8
APS_GEOMETRY
 10
153.175
 11
153.185
 20
-488.572
 21
-482.16
  0
ARC
  8
APS_GEOMETRY
 10
77.376
 20
-482.16
 40
75.809
 50
0.0
 51
1.717
  0
ARC
  8
APS_GEOMETRY
 10
117.944
 20
-480.944
 40
35.223
 50
1.717
 51
4.236
  0
ARC
  8
APS_GEOMETRY
 10
131.174
 20
-479.964
 40
21.957
 50
4.236
 51
8.269
  0
ARC
  8
APS_GEOMETRY
 10
146.397
 20
-477.751
 40
6.573
 50
8.269
 51
15.642
  0
ARC
  8
APS_GEOMETRY
 10
149.017
 20
-477.018
 40
3.853
 50
15.642
 51
39.417
  0
ARC
  8
APS_GEOMETRY
 10
149.076
 20
-476.969
 40
3.776
 50
39.417
 51
63.435
  0
ARC
  8
APS_GEOMETRY
 10
155.878
 20
-462.88
 40
11.869
 50
236.874
 51
244.486
  0
ARC
  8
APS_GEOMETRY
 10
150.818
 20
-470.633
 40
2.611
 50
220.601
 51
236.874
  0
ARC
  8
APS_GEOMETRY
 10
150.238
 20
-471.131
 40
1.847
 50
198.246
 51
220.601
  0
ARC
  8
APS_GEOMETRY
 10
151.106
 20
-470.844
 40
2.761
 50
180.0
 51
198.246
  0
ARC
  8
APS_GEOMETRY
 10
151.093
 20
-470.844
 40
2.748
 50
156.161
 51
180.0
  0
ARC
  8
APS_GEOMETRY
 10
151.476
 20
-471.014
 40
3.167
 50
133.977
 51
156.161
  0
ARC
  8
APS_GEOMETRY
 10
152.239
 20
-471.805
 40
4.266
 50
116.996
 51
133.977
  0
ARC
  8
APS_GEOMETRY
 10
153.756
 20
-474.782
 40
7.608
 50
104.3
 51
116.996
  0
ARC
  8
APS_GEOMETRY
 10
154.148
 20
-476.288
 40
9.164
 50
95.326
 51
104.349
  0
ARC
  8
APS_GEOMETRY
 10
155.736
 20
-493.323
 40
26.272
 50
90.0
 51
95.326
  0
ARC
  8
APS_GEOMETRY
 10
155.736
 20
-480.064
 40
13.013
 50
87.553
 51
90.0
  0
ARC
  8
APS_GEOMETRY
 10
152.967
 20
-544.851
 40
77.86
 50
86.553
 51
87.553
  0
ARC
  8
APS_GEOMETRY
 10
149.031
 20
-610.198
 40
143.325
 50
86.009
 51
86.553
  0
ARC
  8
APS_GEOMETRY
 10
133.723
 20
-829.611
 40
363.271
 50
85.668
 51
86.009
  0
ARC
  8
APS_GEOMETRY
 10
162.371
 20
-452.301
 40
15.125
 50
265.426
 51
268.531
  0
ARC
  8
APS_GEOMETRY
 10
163.716
 20
-399.858
 40
67.586
 50
268.531
 51
270.0
  0
ARC
  8
APS_GEOMETRY
 10
163.716
 20
-415.933
 40
51.511
 50
270.0
 51
271.637
  0
ARC
  8
APS_GEOMETRY
 10
162.565
 20
-375.648
 40
91.812
 50
271.637
 51
272.862
  0
ARC
  8
APS_GEOMETRY
 10
161.243
 20
-349.219
 40
118.274
 50
272.862
 51
273.814
  0
ARC
  8
APS_GEOMETRY
 10
156.77
 20
-282.115
 40
185.527
 50
273.814
 51
274.574
  0
ARC
  8
APS_GEOMETRY
 10
184.832
 20
-647.105
 40
180.543
 50
93.72
 51
94.214
  0
ARC
  8
APS_GEOMETRY
 10
178.843
 20
-554.987
 40
88.23
 50
93.013
 51
93.72
  0
ARC
  8
APS_GEOMETRY
 10
177.201
 20
-523.792
 40
56.991
 50
91.918
 51
93.013
  0
ARC
  8
APS_GEOMETRY
 10
175.914
 20
-485.376
 40
18.554
 50
90.0
 51
91.918
  0
ARC
  8
APS_GEOMETRY
 10
175.914
 20
-490.93
 40
24.109
 50
73.82
 51
90.0
  0
ARC
  8
APS_GEOMETRY
 10
178.29
 20
-482.741
 40
15.581
 50
53.658
 51
73.82
  0
ARC
  8
APS_GEOMETRY
 10
181.67
 20
-478.121
 40
9.857
 50
26.03
 51
53.569
  0
ARC
  8
APS_GEOMETRY
 10
180.633
 20
-478.628
 40
11.012
 50
360.0
 51
26.03
  0
ARC
  8
APS_GEOMETRY
 10
180.201
 20
-478.628
 40
11.443
 50
345.282
 51
360.0
  0
ARC
  8
APS_GEOMETRY
 10
181.302
 20
-478.917
 40
10.305
 50
329.767
 51
345.282
  0
ARC
  8
APS_GEOMETRY
 10
181.926
 20
-479.28
 40
9.583
 50
313.168
 51
329.767
  0
ARC
  8
APS_GEOMETRY
 10
182.157
 20
-479.527
 40
9.246
 50
296.267
 51
313.168
  0
ARC
  8
APS_GEOMETRY
 10
187.42
 20
-490.161
 40
2.62
 50
116.565
 51
139.899
  0
ARC
  8
APS_GEOMETRY
 10
186.113
 20
-489.06
 40
0.911
 50
139.899
 51
180.0
  0
ARC
  8
APS_GEOMETRY
 10
186.215
 20
-489.06
 40
1.013
 50
180.0
 51
226.193
  0
ARC
  8
APS_GEOMETRY
 10
188.086
 20
-487.11
 40
3.715
 50
226.193
 51
249.829
  0
ARC
  8
APS_GEOMETRY
 10
182.724
 20
-501.871
 40
11.989
 50
53.249
 51
70.105
  0
ARC
  8
APS_GEOMETRY
 10
185.16
 20
-498.61
 40
7.919
 50
32.471
 51
53.249
  0
ARC
  8
APS_GEOMETRY
 10
184.025
 20
-499.332
 40
9.264
 50
23.305
 51
32.471
  0
ARC
  8
APS_GEOMETRY
 10
177.015
 20
-502.352
 40
16.897
 50
16.521
 51
23.305
  0
ARC
  8
APS_GEOMETRY
 10
171.549
 20
-503.973
 40
22.598
 50
11.429
 51
16.521
  0
ARC
  8
APS_GEOMETRY
 10
156.059
 20
-507.104
 40
38.401
 50
7.524
 51
11.429
  0
ARC
  8
APS_GEOMETRY
 10
207.387
 20
-500.268
 40
13.38
 50
187.765
 51
196.914
  0
ARC
  8
APS_GEOMETRY
 10
196.444
 20
-503.596
 40
1.942
 50
196.914
 51
221.082
  0
ARC
  8
APS_GEOMETRY
 10
196.486
 20
-503.56
 40
1.997
 50
221.082
 51
244.607
  0
ARC
  8
APS_GEOMETRY
 10
201.159
 20
-493.715
 40
12.896
 50
244.607
 51
253.811
  0
ARC
  8
APS_GEOMETRY
 10
197.05
 20
-507.725
 40
1.705
 50
51.45
 51
72.474
  0
ARC
  8
APS_GEOMETRY
 10
196.629
 20
-508.254
 40
2.382
 50
33.69
 51
51.45
  0
ARC
  8
APS_GEOMETRY
 10
196.53
 20
-508.32
 40
2.5
 50
16.639
 51
33.69
  0
ARC
  8
APS_GEOMETRY
 10
196.411
 20
-508.355
 40
2.625
 50
360.0
 51
16.639
  0
ARC
  8
APS_GEOMETRY
 10
196.374
 20
-508.355
 40
2.662
 50
338.993
 51
360.0
  0
ARC
  8
APS_GEOMETRY
 10
194.749
 20
-507.731
 40
4.402
 50
322.696
 51
338.993
  0
ARC
  8
APS_GEOMETRY
 10
194.143
 20
-507.27
 40
5.164
 50
308.603
 51
322.696
  0
ARC
  8
APS_GEOMETRY
 10
193.727
 20
-506.748
 40
5.831
 50
295.346
 51
308.603
  0
ARC
  8
APS_GEOMETRY
 10
191.535
 20
-501.922
 40
11.131
 50
279.583
 51
294.905
  0
ARC
  8
APS_GEOMETRY
 10
188.668
 20
-484.941
 40
28.353
 50
270.0
 51
279.583
  0
ARC
  8
APS_GEOMETRY
 10
188.668
 20
-492.622
 40
20.672
 50
261.247
 51
270.0
  0
ARC
  8
APS_GEOMETRY
 10
187.344
 20
-501.222
 40
11.97
 50
249.737
 51
261.247
  0
ARC
  8
APS_GEOMETRY
 10
186.474
 20
-503.58
 40
9.457
 50
235.345
 51
249.737
  0
ARC
  8
APS_GEOMETRY
 10
185.375
 20
-505.17
 40
7.524
 50
219.198
 51
235.345
  0
ARC
  8
APS_GEOMETRY
 10
187.688
 20
-503.198
 40
10.563
 50
209.076
 51
219.56
  0
ARC
  8
APS_GEOMETRY
 10
193.028
 20
-500.228
 40
16.674
 50
200.735
 51
209.076
  0
ARC
  8
APS_GEOMETRY
 10
200.398
 20
-497.438
 40
24.554
 50
197.881
 51
200.735
  0
ARC
  8
APS_GEOMETRY
 10
230.68
 20
-487.669
 40
56.372
 50
195.997
 51
197.881
  0
ARC
  8
APS_GEOMETRY
 10
253.061
 20
-481.252
 40
79.656
 50
194.664
 51
195.997
  0
ARC
  8
APS_GEOMETRY
 10
315.057
 20
-465.029
 40
143.738
 50
193.671
 51
194.664
  0
ARC
  8
APS_GEOMETRY
 10
157.846
 20
-503.25
 40
18.051
 50
13.61
 51
23.585
  0
ARC
  8
APS_GEOMETRY
 10
169.666
 20
-498.09
 40
5.155
 50
23.585
 51
42.31
  0
ARC
  8
APS_GEOMETRY
 10
170.738
 20
-497.114
 40
3.705
 50
42.31
 51
67.521
  0
ARC
  8
APS_GEOMETRY
 10
169.889
 20
-499.164
 40
5.924
 50
67.521
 51
87.397
  0
LINE
  8
APS_GEOMETRY
 10
168.294
 11
167.934
 20
-476.568
 21
-484.187
  0
LINE
  8
APS_GEOMETRY
 10
167.934
 11
167.934
 20
-484.187
 21
-484.31
  0
LINE
  8
APS_GEOMETRY
 10
167.934
 11
167.934
 20
-484.31
 21
-484.482
  0
ARC
  8
APS_GEOMETRY
 10
173.229
 20
-484.482
 40
5.294
 50
180.0
 51
192.339
  0
ARC
  8
APS_GEOMETRY
 10
169.02
 20
-485.403
 40
0.986
 50
192.339
 51
221.186
  0
ARC
  8
APS_GEOMETRY
 10
168.919
 20
-485.49
 40
0.852
 50
221.186
 51
253.872
  0
ARC
  8
APS_GEOMETRY
 10
169.635
 20
-483.015
 40
3.429
 50
253.872
 51
270.0
  0
ARC
  8
APS_GEOMETRY
 10
169.635
 20
-478.473
 40
7.971
 50
270.0
 51
289.569
  0
ARC
  8
APS_GEOMETRY
 10
171.084
 20
-482.55
 40
3.644
 50
289.569
 51
318.681
  0
ARC
  8
APS_GEOMETRY
 10
170.692
 20
-482.205
 40
4.166
 50
318.681
 51
344.628
  0
ARC
  8
APS_GEOMETRY
 10
163.389
 20
-480.198
 40
11.74
 50
344.628
 51
0.0
  0
ARC
  8
APS_GEOMETRY
 10
166.861
 20
-480.198
 40
8.268
 50
0.0
 51
35.369
  0
ARC
  8
APS_GEOMETRY
 10
170.649
 20
-477.509
 40
3.623
 50
35.369
 51
90.0
  0
ARC
  8
APS_GEOMETRY
 10
170.649
 20
-477.549
 40
3.663
 50
90.0
 51
108.435
  0
ARC
  8
APS_GEOMETRY
 10
169.936
 20
-475.411
 40
1.409
 50
108.435
 51
138.366
  0
ARC
  8
APS_GEOMETRY
 10
170.127
 20
-475.581
 40
1.665
 50
138.366
 51
164.291
  0
ARC
  8
APS_GEOMETRY
 10
174.612
 20
-476.842
 40
6.324
 50
164.291
 51
177.51
  0
LINE
  8
APS_GEOMETRY
 10
218.808
 11
236.043
 20
-467.378
 21
-467.378
  0
ARC
  8
APS_GEOMETRY
 10
235.171
 20
-442.683
 40
24.711
 50
272.021
 51
278.44
  0
ARC
  8
APS_GEOMETRY
 10
236.144
 20
-449.238
 40
18.083
 50
278.44
 51
285.945
  0
ARC
  8
APS_GEOMETRY
 10
243.461
 20
-475.435
 40
9.118
 50
98.584
 51
104.931
  0
ARC
  8
APS_GEOMETRY
 10
242.845
 20
-471.355
 40
4.991
 50
90.0
 51
98.584
  0
ARC
  8
APS_GEOMETRY
 10
242.845
 20
-470.116
 40
3.752
 50
52.871
 51
90.0
  0
ARC
  8
APS_GEOMETRY
 10
237.756
 20
-476.837
 40
12.182
 50
32.518
 51
52.871
  0
ARC
  8
APS_GEOMETRY
 10
233.725
 20
-479.407
 40
16.963
 50
17.209
 51
32.518
  0
ARC
  8
APS_GEOMETRY
 10
237.085
 20
-478.366
 40
13.445
 50
360.0
 51
17.209
  0
ARC
  8
APS_GEOMETRY
 10
243.813
 20
-478.366
 40
6.717
 50
337.348
 51
360.0
  0
ARC
  8
APS_GEOMETRY
 10
246.513
 20
-479.493
 40
3.792
 50
307.042
 51
337.348
  0
ARC
  8
APS_GEOMETRY
 10
246.044
 20
-478.848
 40
4.589
 50
287.186
 51
306.87
  0
ARC
  8
APS_GEOMETRY
 10
245.625
 20
-477.494
 40
6.006
 50
270.0
 51
287.186
  0
ARC
  8
APS_GEOMETRY
 10
245.625
 20
-478.107
 40
5.393
 50
252.221
 51
270.0
  0
ARC
  8
APS_GEOMETRY
 10
245.374
 20
-478.89
 40
4.571
 50
232.896
 51
252.221
  0
ARC
  8
APS_GEOMETRY
 10
246.344
 20
-477.607
 40
6.18
 50
218.3
 51
232.896
  0
ARC
  8
APS_GEOMETRY
 10
253.925
 20
-471.621
 40
15.839
 50
209.197
 51
218.3
  0
ARC
  8
APS_GEOMETRY
 10
215.371
 20
-492.509
 40
28.012
 50
28.025
 51
32.699
  0
ARC
  8
APS_GEOMETRY
 10
235.527
 20
-479.569
 40
4.06
 50
32.699
 51
45.0
  0
ARC
  8
APS_GEOMETRY
 10
236.901
 20
-478.195
 40
2.116
 50
45.0
 51
67.557
  0
ARC
  8
APS_GEOMETRY
 10
236.893
 20
-478.214
 40
2.137
 50
67.557
 51
90.0
  0
ARC
  8
APS_GEOMETRY
 10
236.893
 20
-478.046
 40
1.969
 50
90.0
 51
120.801
  0
ARC
  8
APS_GEOMETRY
 10
236.826
 20
-477.934
 40
1.839
 50
120.801
 51
152.7
  0
ARC
  8
APS_GEOMETRY
 10
238.285
 20
-478.687
 40
3.481
 50
152.7
 51
171.085
  0
ARC
  8
APS_GEOMETRY
 10
249.374
 20
-480.427
 40
14.705
 50
171.085
 51
180.0
  0
LINE
  8
APS_GEOMETRY
 10
234.669
 11
234.669
 20
-480.427
 21
-498.741
  0
ARC
  8
APS_GEOMETRY
 10
254.096
 20
-498.741
 40
19.427
 50
180.0
 51
188.194
  0
ARC
  8
APS_GEOMETRY
 10
239.589
 20
-500.83
 40
4.77
 50
188.194
 51
204.775
  0
ARC
  8
APS_GEOMETRY
 10
238.179
 20
-501.48
 40
3.218
 50
204.775
 51
228.576
  0
ARC
  8
APS_GEOMETRY
 10
239.502
 20
-499.982
 40
5.216
 50
228.576
 51
247.218
  0
ARC
  8
APS_GEOMETRY
 10
231.833
 20
-518.054
 40
14.416
 50
59.381
 51
66.93
  0
ARC
  8
APS_GEOMETRY
 10
237.494
 20
-508.488
 40
3.301
 50
43.568
 51
59.381
  0
ARC
  8
APS_GEOMETRY
 10
238.399
 20
-507.627
 40
2.051
 50
19.041
 51
43.568
  0
ARC
  8
APS_GEOMETRY
 10
237.141
 20
-508.061
 40
3.382
 50
360.0
 51
19.041
  0
ARC
  8
APS_GEOMETRY
 10
237.776
 20
-508.061
 40
2.747
 50
317.66
 51
360.0
  0
ARC
  8
APS_GEOMETRY
 10
235.253
 20
-505.763
 40
6.16
 50
289.747
 51
317.66
  0
ARC
  8
APS_GEOMETRY
 10
233.141
 20
-499.878
 40
12.412
 50
281.964
 51
289.747
  0
ARC
  8
APS_GEOMETRY
 10
230.214
 20
-486.066
 40
26.531
 50
276.643
 51
281.964
  0
ARC
  8
APS_GEOMETRY
 10
228.982
 20
-475.49
 40
37.178
 50
272.836
 51
276.643
  0
ARC
  8
APS_GEOMETRY
 10
227.507
 20
-445.714
 40
66.99
 50
270.0
 51
272.836
  0
ARC
  8
APS_GEOMETRY
 10
227.507
 20
-427.265
 40
85.44
 50
267.283
 51
270.0
  0
ARC
  8
APS_GEOMETRY
 10
225.713
 20
-465.068
 40
47.595
 50
263.643
 51
267.283
  0
ARC
  8
APS_GEOMETRY
 10
224.211
 20
-478.551
 40
34.027
 50
258.563
 51
263.643
  0
ARC
  8
APS_GEOMETRY
 10
220.622
 20
-496.291
 40
15.929
 50
251.136
 51
258.563
  0
ARC
  8
APS_GEOMETRY
 10
217.418
 20
-505.584
 40
6.099
 50
222.558
 51
251.395
  0
ARC
  8
APS_GEOMETRY
 10
215.041
 20
-507.767
 40
2.871
 50
180.0
 51
222.558
  0
ARC
  8
APS_GEOMETRY
 10
214.561
 20
-507.767
 40
2.392
 50
150.642
 51
180.0
  0
ARC
  8
APS_GEOMETRY
 10
214.753
 20
-507.874
 40
2.612
 50
122.574
 51
150.642
  0
ARC
  8
APS_GEOMETRY
 10
214.246
 20
-507.292
 40
1.851
 50
108.677
 51
119.055
  0
ARC
  8
APS_GEOMETRY
 10
237.361
 20
-575.676
 40
74.036
 50
107.038
 51
108.677
  0
ARC
  8
APS_GEOMETRY
 10
214.807
 20
-501.912
 40
3.099
 50
286.144
 51
308.66
  0
ARC
  8
APS_GEOMETRY
 10
215.314
 20
-502.546
 40
2.287
 50
308.66
 51
334.933
  0
ARC
  8
APS_GEOMETRY
 10
213.25
 20
-501.581
 40
4.566
 50
334.933
 51
348.829
  0
ARC
  8
APS_GEOMETRY
 10
187.424
 20
-496.481
 40
30.891
 50
348.829
 51
354.161
  0
ARC
  8
APS_GEOMETRY
 10
169.968
 20
-494.681
 40
48.439
 50
354.144
 51
355.66
  0
ARC
  8
APS_GEOMETRY
 10
92.591
 20
-488.809
 40
126.038
 50
355.66
 51
356.6
  0
ARC
  8
APS_GEOMETRY
 10
33.442
 20
-485.296
 40
185.291
 50
356.6
 51
357.24
  0
ARC
  8
APS_GEOMETRY
 10
-134.383
 20
-477.204
 40
353.311
 50
357.24
 51
357.703
  0
ARC
  8
APS_GEOMETRY
 10
-117.862
 20
-477.867
 40
336.777
 50
357.703
 51
358.674
  0
ARC
  8
APS_GEOMETRY
 10
37.97
 20
-481.473
 40
180.903
 50
358.674
 51
0.0
  0
ARC
  8
APS_GEOMETRY
 10
192.063
 20
-481.473
 40
26.81
 50
0.0
 51
6.242
  0
ARC
  8
APS_GEOMETRY
 10
213.383
 20
-479.141
 40
5.364
 50
6.242
 51
20.225
  0
ARC
  8
APS_GEOMETRY
 10
216.337
 20
-478.053
 40
2.215
 50
20.225
 51
50.44
  0
ARC
  8
APS_GEOMETRY
 10
216.911
 20
-477.358
 40
1.314
 50
50.44
 51
90.0
  0
ARC
  8
APS_GEOMETRY
 10
216.911
 20
-477.807
 40
1.762
 50
90.0
 51
126.747
  0
ARC
  8
APS_GEOMETRY
 10
219.401
 20
-481.141
 40
5.924
 50
126.747
 51
146.547
  0
ARC
  8
APS_GEOMETRY
 10
175.413
 20
-452.229
 40
46.715
 50
324.255
 51
326.701
  0
ARC
  8
APS_GEOMETRY
 10
194.036
 20
-465.633
 40
23.77
 50
320.826
 51
324.255
  0
ARC
  8
APS_GEOMETRY
 10
200.123
 20
-470.592
 40
15.918
 50
315.722
 51
320.826
  0
ARC
  8
APS_GEOMETRY
 10
207.117
 20
-477.412
 40
6.149
 50
307.504
 51
315.722
  0
ARC
  8
APS_GEOMETRY
 10
206.472
 20
-476.551
 40
7.226
 50
291.306
 51
307.405
  0
ARC
  8
APS_GEOMETRY
 10
207.591
 20
-479.42
 40
4.146
 50
270.0
 51
291.306
  0
ARC
  8
APS_GEOMETRY
 10
207.591
 20
-479.687
 40
3.879
 50
245.532
 51
270.0
  0
ARC
  8
APS_GEOMETRY
 10
207.561
 20
-479.752
 40
3.808
 50
220.833
 51
245.532
  0
ARC
  8
APS_GEOMETRY
 10
207.954
 20
-479.412
 40
4.328
 50
198.684
 51
220.833
  0
ARC
  8
APS_GEOMETRY
 10
209.596
 20
-478.857
 40
6.06
 50
180.0
 51
198.684
  0
ARC
  8
APS_GEOMETRY
 10
213.443
 20
-478.857
 40
9.908
 50
168.408
 51
180.0
  0
ARC
  8
APS_GEOMETRY
 10
219.796
 20
-480.16
 40
16.393
 50
159.402
 51
168.408
  0
ARC
  8
APS_GEOMETRY
 10
221.759
 20
-480.898
 40
18.49
 50
151.39
 51
159.402
  0
ARC
  8
APS_GEOMETRY
 10
221.357
 20
-480.678
 40
18.032
 50
143.276
 51
151.39
  0
ARC
  8
APS_GEOMETRY
 10
216.307
 20
-476.902
 40
11.726
 50
124.216
 51
143.31
  0
ARC
  8
APS_GEOMETRY
 10
211.809
 20
-470.288
 40
3.728
 50
90.0
 51
124.216
  0
ARC
  8
APS_GEOMETRY
 10
211.809
 20
-471.945
 40
5.384
 50
82.725
 51
90.0
  0
ARC
  8
APS_GEOMETRY
 10
211.389
 20
-475.24
 40
8.707
 50
77.005
 51
82.725
  0
ARC
  8
APS_GEOMETRY
 10
224.237
 20
-413.294
 40
54.561
 50
258.486
 51
260.378
  0
ARC
  8
APS_GEOMETRY
 10
218.733
 20
-445.758
 40
21.633
 50
260.378
 51
263.382
  0
ARC
  8
APS_GEOMETRY
 10
218.262
 20
-449.816
 40
17.548
 50
263.382
 51
267.084
  0
ARC
  8
APS_GEOMETRY
 10
218.808
 20
-439.105
 40
28.273
 50
267.084
 51
270.0
  0
LINE
  8
APS_GEOMETRY
 10
262.225
 11
279.035
 20
-467.378
 21
-467.378
  0
ARC
  8
APS_GEOMETRY
 10
279.035
 20
-255.658
 40
211.72
 50
270.0
 51
270.69
  0
ARC
  8
APS_GEOMETRY
 10
280.228
 20
-354.714
 40
112.656
 50
270.69
 51
271.637
  0
ARC
  8
APS_GEOMETRY
 10
281.234
 20
-389.908
 40
77.448
 50
271.637
 51
273.013
  0
ARC
  8
APS_GEOMETRY
 10
283.684
 20
-436.471
 40
30.821
 50
273.013
 51
275.194
  0
ARC
  8
APS_GEOMETRY
 10
284.292
 20
-443.152
 40
24.112
 50
275.194
 51
280.756
  0
ARC
  8
APS_GEOMETRY
 10
284.406
 20
-443.753
 40
23.5
 50
280.756
 51
286.39
  0
ARC
  8
APS_GEOMETRY
 10
293.02
 20
-473.238
 40
7.217
 50
100.305
 51
105.945
  0
ARC
  8
APS_GEOMETRY
 10
292.116
 20
-468.269
 40
2.166
 50
90.0
 51
100.305
  0
ARC
  8
APS_GEOMETRY
 10
292.116
 20
-469.042
 40
2.94
 50
58.946
 51
90.0
  0
ARC
  8
APS_GEOMETRY
 10
290.992
 20
-470.909
 40
5.119
 50
35.538
 51
58.946
  0
ARC
  8
APS_GEOMETRY
 10
286.603
 20
-474.138
 40
10.568
 50
16.699
 51
35.952
  0
ARC
  8
APS_GEOMETRY
 10
283.302
 20
-475.129
 40
14.014
 50
360.0
 51
16.699
  0
ARC
  8
APS_GEOMETRY
 10
289.452
 20
-475.129
 40
7.864
 50
344.982
 51
360.0
  0
ARC
  8
APS_GEOMETRY
 10
293.227
 20
-476.141
 40
3.956
 50
323.746
 51
344.982
  0
ARC
  8
APS_GEOMETRY
 10
294.065
 20
-476.756
 40
2.916
 50
296.114
 51
323.746
  0
ARC
  8
APS_GEOMETRY
 10
293.915
 20
-476.449
 40
3.258
 50
270.0
 51
296.114
  0
ARC
  8
APS_GEOMETRY
 10
293.915
 20
-475.623
 40
4.084
 50
255.311
 51
270.0
  0
ARC
  8
APS_GEOMETRY
 10
293.369
 20
-477.706
 40
1.931
 50
233.881
 51
255.311
  0
ARC
  8
APS_GEOMETRY
 10
293.944
 20
-476.918
 40
2.906
 50
219.289
 51
233.881
  0
ARC
  8
APS_GEOMETRY
 10
305.474
 20
-467.485
 40
17.803
 50
213.408
 51
219.289
  0
ARC
  8
APS_GEOMETRY
 10
283.872
 20
-481.713
 40
8.063
 50
33.294
 51
51.246
  0
ARC
  8
APS_GEOMETRY
 10
284.97
 20
-480.345
 40
6.309
 50
51.246
 51
71.565
  0
ARC
  8
APS_GEOMETRY
 10
284.244
 20
-482.523
 40
8.604
 50
71.565
 51
79.278
  0
ARC
  8
APS_GEOMETRY
 10
281.916
 20
-494.818
 40
21.118
 50
79.278
 51
84.2
  0
ARC
  8
APS_GEOMETRY
 10
280.923
 20
-504.597
 40
30.947
 50
84.2
 51
87.567
  0
ARC
  8
APS_GEOMETRY
 10
279.722
 20
-532.875
 40
59.251
 50
87.567
 51
90.0
  0
ARC
  8
APS_GEOMETRY
 10
279.722
 20
-490.28
 40
16.656
 50
90.0
 51
96.374
  0
ARC
  8
APS_GEOMETRY
 10
278.616
 20
-480.384
 40
6.698
 50
96.374
 51
106.434
  0
ARC
  8
APS_GEOMETRY
 10
277.83
 20
-477.72
 40
3.921
 50
106.434
 51
123.056
  0
ARC
  8
APS_GEOMETRY
 10
276.604
 20
-475.836
 40
1.673
 50
123.056
 51
148.627
  0
ARC
  8
APS_GEOMETRY
 10
277.724
 20
-476.471
 40
2.96
 50
149.421
 51
165.28
  0
ARC
  8
APS_GEOMETRY
 10
280.953
 20
-477.319
 40
6.298
 50
165.28
 51
176.135
  0
ARC
  8
APS_GEOMETRY
 10
290.195
 20
-477.944
 40
15.562
 50
176.135
 51
178.367
  0
ARC
  8
APS_GEOMETRY
 10
375.701
 20
-480.382
 40
101.103
 50
178.367
 51
179.242
  0
ARC
  8
APS_GEOMETRY
 10
464.07
 20
-481.551
 40
189.479
 50
179.242
 51
179.709
  0
ARC
  8
APS_GEOMETRY
 10
764.719
 20
-483.076
 40
490.132
 50
179.709
 51
180.0
  0
ARC
  8
APS_GEOMETRY
 10
281.678
 20
-483.076
 40
7.091
 50
180.0
 51
195.027
  0
ARC
  8
APS_GEOMETRY
 10
275.879
 20
-484.632
 40
1.086
 50
195.027
 51
234.058
  0
ARC
  8
APS_GEOMETRY
 10
275.935
 20
-484.554
 40
1.183
 50
234.058
 51
253.191
  0
ARC
  8
APS_GEOMETRY
 10
277.173
 20
-480.459
 40
5.461
 50
253.191
 51
262.063
  0
ARC
  8
APS_GEOMETRY
 10
277.806
 20
-475.913
 40
10.05
 50
262.063
 51
266.949
  0
ARC
  8
APS_GEOMETRY
 10
278.642
 20
-460.231
 40
25.755
 50
266.949
 51
270.0
  0
ARC
  8
APS_GEOMETRY
 10
278.642
 20
-481.264
 40
4.722
 50
270.0
 51
286.007
  0
ARC
  8
APS_GEOMETRY
 10
279.469
 20
-484.145
 40
1.725
 50
286.007
 51
312.647
  0
ARC
  8
APS_GEOMETRY
 10
279.451
 20
-484.126
 40
1.75
 50
312.647
 51
338.993
  0
ARC
  8
APS_GEOMETRY
 10
275.877
 20
-482.754
 40
5.58
 50
338.993
 51
353.66
  0
ARC
  8
APS_GEOMETRY
 10
312.796
 20
-487.156
 40
31.601
 50
169.663
 51
173.118
  0
ARC
  8
APS_GEOMETRY
 10
286.406
 20
-482.343
 40
4.776
 50
160.769
 51
169.663
  0
ARC
  8
APS_GEOMETRY
 10
284.199
 20
-481.573
 40
2.439
 50
143.746
 51
160.769
  0
ARC
  8
APS_GEOMETRY
 10
284.732
 20
-481.964
 40
3.1
 50
128.66
 51
143.746
  0
ARC
  8
APS_GEOMETRY
 10
284.377
 20
-481.388
 40
2.429
 50
110.171
 51
130.601
  0
ARC
  8
APS_GEOMETRY
 10
284.398
 20
-481.447
 40
2.492
 50
90.0
 51
110.171
  0
ARC
  8
APS_GEOMETRY
 10
284.398
 20
-481.482
 40
2.527
 50
61.22
 51
90.0
  0
ARC
  8
APS_GEOMETRY
 10
283.957
 20
-482.285
 40
3.443
 50
36.634
 51
61.22
  0
ARC
  8
APS_GEOMETRY
 10
283.543
 20
-482.531
 40
3.923
 50
19.103
 51
35.91
  0
ARC
  8
APS_GEOMETRY
 10
270.748
 20
-486.962
 40
17.463
 50
11.16
 51
19.103
  0
ARC
  8
APS_GEOMETRY
 10
264.063
 20
-488.281
 40
24.277
 50
5.396
 51
11.16
  0
ARC
  8
APS_GEOMETRY
 10
260.663
 20
-488.602
 40
27.692
 50
0.0
 51
5.396
  0
ARC
  8
APS_GEOMETRY
 10
261.145
 20
-488.602
 40
27.21
 50
349.287
 51
0.0
  0
ARC
  8
APS_GEOMETRY
 10
274.503
 20
-491.13
 40
13.615
 50
334.12
 51
349.287
  0
ARC
  8
APS_GEOMETRY
 10
283.705
 20
-495.576
 40
3.396
 50
303.53
 51
333.853
  0
ARC
  8
APS_GEOMETRY
 10
284.038
 20
-496.08
 40
2.791
 50
270.0
 51
303.53
  0
ARC
  8
APS_GEOMETRY
 10
284.038
 20
-495.949
 40
2.922
 50
249.578
 51
270.0
  0
ARC
  8
APS_GEOMETRY
 10
283.417
 20
-497.619
 40
1.14
 50
216.607
 51
249.578
  0
ARC
  8
APS_GEOMETRY
 10
284.011
 20
-497.177
 40
1.881
 50
195.422
 51
216.607
  0
ARC
  8
APS_GEOMETRY
 10
294.273
 20
-494.347
 40
12.526
 50
187.253
 51
195.422
  0
ARC
  8
APS_GEOMETRY
 10
277.701
 20
-496.478
 40
4.183
 50
7.561
 51
49.434
  0
ARC
  8
APS_GEOMETRY
 10
277.53
 20
-496.677
 40
4.445
 50
49.434
 51
90.0
  0
ARC
  8
APS_GEOMETRY
 10
277.53
 20
-495.223
 40
2.991
 50
90.0
 51
115.224
  0
ARC
  8
APS_GEOMETRY
 10
276.939
 20
-493.968
 40
1.603
 50
115.224
 51
149.931
  0
ARC
  8
APS_GEOMETRY
 10
278.008
 20
-494.587
 40
2.838
 50
149.931
 51
171.111
  0
ARC
  8
APS_GEOMETRY
 10
290.976
 20
-496.615
 40
15.963
 50
171.111
 51
180.0
  0
ARC
  8
APS_GEOMETRY
 10
303.751
 20
-496.615
 40
28.739
 50
180.0
 51
183.062
  0
ARC
  8
APS_GEOMETRY
 10
347.739
 20
-494.262
 40
72.789
 50
183.062
 51
184.986
  0
ARC
  8
APS_GEOMETRY
 10
324.666
 20
-496.275
 40
49.629
 50
184.986
 51
187.804
  0
ARC
  8
APS_GEOMETRY
 10
280.965
 20
-502.264
 40
5.52
 50
187.804
 51
196.26
  0
ARC
  8
APS_GEOMETRY
 10
277.111
 20
-503.424
 40
1.496
 50
194.931
 51
230.024
  0
ARC
  8
APS_GEOMETRY
 10
278.092
 20
-502.254
 40
3.022
 50
230.024
 51
254.511
  0
ARC
  8
APS_GEOMETRY
 10
279.284
 20
-497.954
 40
7.485
 50
254.511
 51
265.219
  0
ARC
  8
APS_GEOMETRY
 10
281.782
 20
-468.087
 40
37.456
 50
265.219
 51
270.0
  0
ARC
  8
APS_GEOMETRY
 10
281.782
 20
-472.046
 40
33.497
 50
270.0
 51
274.186
  0
ARC
  8
APS_GEOMETRY
 10
282.8
 20
-485.963
 40
19.543
 50
274.186
 51
279.668
  0
ARC
  8
APS_GEOMETRY
 10
283.637
 20
-490.871
 40
14.564
 50
279.668
 51
286.991
  0
ARC
  8
APS_GEOMETRY
 10
285.549
 20
-497.131
 40
8.018
 50
286.991
 51
296.866
  0
ARC
  8
APS_GEOMETRY
 10
285.947
 20
-497.915
 40
7.139
 50
296.866
 51
318.366
  0
ARC
  8
APS_GEOMETRY
 10
281.948
 20
-494.361
 40
12.489
 50
318.366
 51
334.581
  0
ARC
  8
APS_GEOMETRY
 10
308.277
 20
-506.987
 40
16.711
 50
147.08
 51
154.231
  0
ARC
  8
APS_GEOMETRY
 10
297.271
 20
-499.861
 40
3.599
 50
131.634
 51
147.08
  0
ARC
  8
APS_GEOMETRY
 10
296.45
 20
-498.938
 40
2.364
 50
108.875
 51
131.634
  0
ARC
  8
APS_GEOMETRY
 10
296.793
 20
-499.94
 40
3.423
 50
90.0
 51
108.875
  0
ARC
  8
APS_GEOMETRY
 10
296.793
 20
-499.244
 40
2.727
 50
62.628
 51
90.0
  0
ARC
  8
APS_GEOMETRY
 10
296.62
 20
-499.577
 40
3.103
 50
36.995
 51
62.628
  0
ARC
  8
APS_GEOMETRY
 10
295.847
 20
-500.16
 40
4.071
 50
16.728
 51
36.995
  0
ARC
  8
APS_GEOMETRY
 10
294.041
 20
-500.703
 40
5.956
 50
360.0
 51
16.728
  0
ARC
  8
APS_GEOMETRY
 10
290.466
 20
-500.703
 40
9.532
 50
348.323
 51
360.0
  0
ARC
  8
APS_GEOMETRY
 10
276.157
 20
-497.746
 40
24.143
 50
340.994
 51
348.323
  0
ARC
  8
APS_GEOMETRY
 10
272.763
 20
-496.577
 40
27.733
 50
334.592
 51
340.994
  0
ARC
  8
APS_GEOMETRY
 10
278.687
 20
-499.39
 40
21.175
 50
327.265
 51
334.592
  0
ARC
  8
APS_GEOMETRY
 10
285.567
 20
-503.446
 40
13.198
 50
320.133
 51
325.923
  0
ARC
  8
APS_GEOMETRY
 10
293.57
 20
-510.13
 40
2.771
 50
307.476
 51
320.133
  0
ARC
  8
APS_GEOMETRY
 10
294.271
 20
-511.044
 40
1.619
 50
286.429
 51
307.476
  0
ARC
  8
APS_GEOMETRY
 10
293.98
 20
-510.059
 40
2.646
 50
270.0
 51
286.429
  0
ARC
  8
APS_GEOMETRY
 10
293.98
 20
-507.001
 40
5.704
 50
263.774
 51
270.0
  0
ARC
  8
APS_GEOMETRY
 10
295.649
 20
-491.704
 40
21.092
 50
260.538
 51
263.774
  0
ARC
  8
APS_GEOMETRY
 10
288.18
 20
-533.85
 40
21.713
 50
79.38
 51
84.987
  0
ARC
  8
APS_GEOMETRY
 10
284.942
 20
-570.761
 40
58.766
 50
84.987
 51
88.394
  0
LINE
  8
APS_GEOMETRY
 10
286.589
 11
258.857
 20
-512.018
 21
-512.018
  0
ARC
  8
APS_GEOMETRY
 10
258.857
 20
-506.214
 40
5.804
 50
254.103
 51
270.0
  0
ARC
  8
APS_GEOMETRY
 10
258.039
 20
-509.084
 40
2.82
 50
231.216
 51
254.103
  0
ARC
  8
APS_GEOMETRY
 10
257.704
 20
-509.502
 40
2.284
 50
203.795
 51
231.216
  0
ARC
  8
APS_GEOMETRY
 10
258.376
 20
-509.206
 40
3.019
 50
180.0
 51
203.795
  0
ARC
  8
APS_GEOMETRY
 10
258.63
 20
-509.206
 40
3.273
 50
164.055
 51
180.0
  0
ARC
  8
APS_GEOMETRY
 10
256.614
 20
-508.629
 40
1.175
 50
137.291
 51
164.055
  0
ARC
  8
APS_GEOMETRY
 10
257.221
 20
-509.19
 40
2.001
 50
120.964
 51
137.291
  0
ARC
  8
APS_GEOMETRY
 10
263.721
 20
-520.024
 40
14.637
 50
114.944
 51
120.964
  0
ARC
  8
APS_GEOMETRY
 10
255.606
 20
-502.27
 40
4.886
 50
293.429
 51
305.72
  0
ARC
  8
APS_GEOMETRY
 10
256.95
 20
-504.139
 40
2.584
 50
305.72
 51
322.651
  0
ARC
  8
APS_GEOMETRY
 10
256.741
 20
-503.98
 40
2.846
 50
322.651
 51
338.11
  0
ARC
  8
APS_GEOMETRY
 10
252.683
 20
-502.349
 40
7.219
 50
338.11
 51
347.8
  0
ARC
  8
APS_GEOMETRY
 10
227.483
 20
-496.825
 40
33.018
 50
347.672
 51
352.051
  0
ARC
  8
APS_GEOMETRY
 10
203.09
 20
-493.419
 40
57.647
 50
352.051
 51
355.365
  0
ARC
  8
APS_GEOMETRY
 10
186.663
 20
-492.088
 40
74.128
 50
355.365
 51
357.943
  0
ARC
  8
APS_GEOMETRY
 10
144.253
 20
-490.565
 40
116.566
 50
357.943
 51
0.0
  0
ARC
  8
APS_GEOMETRY
 10
95.301
 20
-490.565
 40
165.518
 50
0.0
 51
2.183
  0
ARC
  8
APS_GEOMETRY
 10
194.276
 20
-486.791
 40
66.471
 50
2.183
 51
5.629
  0
ARC
  8
APS_GEOMETRY
 10
223.76
 20
-483.885
 40
36.844
 50
5.629
 51
11.805
  0
ARC
  8
APS_GEOMETRY
 10
252.376
 20
-477.904
 40
7.61
 50
11.805
 51
25.419
  0
ARC
  8
APS_GEOMETRY
 10
256.08
 20
-476.223
 40
3.544
 50
26.565
 51
38.157
  0
ARC
  8
APS_GEOMETRY
 10
257.724
 20
-474.931
 40
1.452
 50
38.157
 51
56.31
  0
ARC
  8
APS_GEOMETRY
 10
257.376
 20
-475.452
 40
2.079
 50
56.31
 51
69.193
  0
ARC
  8
APS_GEOMETRY
 10
252.496
 20
-488.294
 40
15.817
 50
69.193
 51
73.856
  0
ARC
  8
APS_GEOMETRY
 10
257.644
 20
-470.587
 40
2.623
 50
216.87
 51
253.393
  0
ARC
  8
APS_GEOMETRY
 10
257.606
 20
-470.616
 40
2.576
 50
180.0
 51
216.87
  0
ARC
  8
APS_GEOMETRY
 10
258.168
 20
-470.616
 40
3.138
 50
161.565
 51
180.0
  0
ARC
  8
APS_GEOMETRY
 10
258.055
 20
-470.578
 40
3.018
 50
142.765
 51
161.565
  0
ARC
  8
APS_GEOMETRY
 10
257.983
 20
-470.523
 40
2.928
 50
123.425
 51
142.765
  0
ARC
  8
APS_GEOMETRY
 10
258.048
 20
-470.622
 40
3.047
 50
104.47
 51
123.425
  0
ARC
  8
APS_GEOMETRY
 10
258.628
 20
-473.484
 40
5.965
 50
96.724
 51
102.995
  0
ARC
  8
APS_GEOMETRY
 10
260.429
 20
-488.76
 40
21.346
 50
93.411
 51
96.724
  0
ARC
  8
APS_GEOMETRY
 10
261.229
 20
-502.181
 40
34.791
 50
91.375
 51
93.411
  0
ARC
  8
APS_GEOMETRY
 10
262.225
 20
-543.681
 40
76.303
 50
90.0
 51
91.375
  0
LINE
  8
QUOTATURA
 10
987.665
 11
984.331
 20
623.945
 21
603.945
  0
LINE
  8
QUOTATURA
 10
984.331
 11
980.997
 20
603.945
 21
623.945
  0
LINE
  8
QUOTATURA
 10
980.997
 11
987.665
 20
623.945
 21
623.945
  0
LINE
  8
QUOTATURA
 10
984.331
 11
984.331
 20
603.945
 21
646.075
  0
LINE
  8
QUOTATURA
 10
984.331
 11
945.074
 20
646.075
 21
646.075
  0
LINE
  8
COSTRUZIONI
 10
-1.5
 11
-1.5
 20
-210.0
 21
-328.0
  0
LINE
  8
COSTRUZIONI
 10
-21.5
 11
-21.5
 20
-210.0
 21
-328.0
  0
LINE
  8
COSTRUZIONI
 10
-1.5
 11
-136.543
 20
-210.0
 21
-210.0
  0
LINE
  8
COSTRUZIONI
 10
-1.5
 11
-136.543
 20
-328.0
 21
-328.0
  0
LINE
  8
COSTRUZIONI
 10
-21.5
 11
-1.5
 20
-328.0
 21
-210.0
  0
LINE
  8
COSTRUZIONI
 10
-21.5
 11
-1.5
 20
-210.0
 21
-328.0
  0
LINE
  8
COSTRUZIONI
 10
881.5
 11
881.5
 20
-210.0
 21
-328.0
  0
LINE
  8
COSTRUZIONI
 10
901.5
 11
901.5
 20
-210.0
 21
-328.0
  0
LINE
  8
COSTRUZIONI
 10
881.5
 11
1016.543
 20
-210.0
 21
-210.0
  0
LINE
  8
COSTRUZIONI
 10
881.5
 11
1016.543
 20
-328.0
 21
-328.0
  0
LINE
  8
COSTRUZIONI
 10
901.5
 11
881.5
 20
-328.0
 21
-210.0
  0
LINE
  8
COSTRUZIONI
 10
901.5
 11
881.5
 20
-210.0
 21
-328.0
  0
LINE
  8
QUOTATURA
 10
44.0
 11
312.082
 20
-302.111
 21
-302.111
  0
LINE
  8
QUOTATURA
 10
567.918
 11
836.0
 20
-302.111
 21
-302.111
  0
LINE
  8
QUOTATURA
 10
64.0
 11
44.0
 20
-305.445
 21
-302.111
  0
LINE
  8
QUOTATURA
 10
44.0
 11
64.0
 20
-302.111
 21
-298.777
  0
LINE
  8
QUOTATURA
 10
64.0
 11
64.0
 20
-298.777
 21
-305.445
  0
LINE
  8
QUOTATURA
 10
816.0
 11
836.0
 20
-298.777
 21
-302.111
  0
LINE
  8
QUOTATURA
 10
836.0
 11
816.0
 20
-302.111
 21
-305.445
  0
LINE
  8
QUOTATURA
 10
816.0
 11
816.0
 20
-305.445
 21
-298.777
  0
LINE
  8
QUOTATURA
 10
0.0
 11
0.0
 20
-348.0
 21
-380.635
  0
LINE
  8
QUOTATURA
 10
880.0
 11
880.0
 20
-348.0
 21
-380.635
  0
LINE
  8
QUOTATURA
 10
0.0
 11
309.204
 20
-370.635
 21
-370.635
  0
LINE
  8
QUOTATURA
 10
570.796
 11
880.0
 20
-370.635
 21
-370.635
  0
LINE
  8
QUOTATURA
 10
20.0
 11
0.0
 20
-373.969
 21
-370.635
  0
LINE
  8
QUOTATURA
 10
0.0
 11
20.0
 20
-370.635
 21
-367.301
  0
LINE
  8
QUOTATURA
 10
20.0
 11
20.0
 20
-367.301
 21
-373.969
  0
LINE
  8
QUOTATURA
 10
860.0
 11
880.0
 20
-367.301
 21
-370.635
  0
LINE
  8
QUOTATURA
 10
880.0
 11
860.0
 20
-370.635
 21
-373.969
  0
LINE
  8
QUOTATURA
 10
860.0
 11
860.0
 20
-373.969
 21
-367.301
  0
LINE
  8
QUOTATURA
 10
36.5
 11
36.5
 20
-190.0
 21
-141.749
  0
LINE
  8
QUOTATURA
 10
843.5
 11
843.5
 20
-190.0
 21
-141.749
  0
LINE
  8
QUOTATURA
 10
36.5
 11
363.104
 20
-151.749
 21
-151.749
  0
LINE
  8
QUOTATURA
 10
516.896
 11
843.5
 20
-151.749
 21
-151.749
  0
LINE
  8
QUOTATURA
 10
56.5
 11
36.5
 20
-155.083
 21
-151.749
  0
LINE
  8
QUOTATURA
 10
36.5
 11
56.5
 20
-151.749
 21
-148.415
  0
LINE
  8
QUOTATURA
 10
56.5
 11
56.5
 20
-148.415
 21
-155.083
  0
LINE
  8
QUOTATURA
 10
823.5
 11
843.5
 20
-148.415
 21
-151.749
  0
LINE
  8
QUOTATURA
 10
843.5
 11
823.5
 20
-151.749
 21
-155.083
  0
LINE
  8
QUOTATURA
 10
823.5
 11
823.5
 20
-155.083
 21
-148.415
  0
LINE
  8
APS_GEOMETRY
 10
33.5
 11
33.5
 20
-229.5
 21
-203.0
  0
ARC
  8
APS_GEOMETRY
 10
30.5
 20
-203.0
 40
3.0
 50
0.0
 51
90.0
  0
LINE
  8
APS_GEOMETRY
 10
30.5
 11
11.5
 20
-200.0
 21
-200.0
  0
ARC
  8
APS_GEOMETRY
 10
11.5
 20
-203.0
 40
3.0
 50
90.0
 51
180.0
  0
LINE
  8
APS_GEOMETRY
 10
8.5
 11
8.5
 20
-203.0
 21
-224.0
  0
LINE
  8
APS_GEOMETRY
 10
8.5
 11
4.0
 20
-224.0
 21
-224.0
  0
LINE
  8
APS_GEOMETRY
 10
4.0
 11
4.0
 20
-224.0
 21
-210.0
  0
LINE
  8
APS_GEOMETRY
 10
4.0
 11
0.0
 20
-210.0
 21
-210.0
  0
LINE
  8
APS_GEOMETRY
 10
0.0
 11
0.0
 20
-210.0
 21
-328.0
  0
LINE
  8
APS_GEOMETRY
 10
0.0
 11
6.5
 20
-328.0
 21
-328.0
  0
LINE
  8
APS_GEOMETRY
 10
6.5
 11
6.5
 20
-328.0
 21
-314.0
  0
LINE
  8
APS_GEOMETRY
 10
6.5
 11
11.0
 20
-314.0
 21
-314.0
  0
LINE
  8
APS_GEOMETRY
 10
11.0
 11
11.0
 20
-314.0
 21
-335.0
  0
ARC
  8
APS_GEOMETRY
 10
14.0
 20
-335.0
 40
3.0
 50
180.0
 51
270.0
  0
LINE
  8
APS_GEOMETRY
 10
14.0
 11
41.0
 20
-338.0
 21
-338.0
  0
ARC
  8
APS_GEOMETRY
 10
41.0
 20
-335.0
 40
3.0
 50
270.0
 51
0.0
  0
LINE
  8
APS_GEOMETRY
 10
44.0
 11
44.0
 20
-335.0
 21
-234.0
  0
LINE
  8
COSTRUZIONI
 10
-287.5
 11
-287.5
 20
2114.2
 21
2096.5
  0
LINE
  8
COSTRUZIONI
 10
-287.5
 11
-291.0
 20
2096.5
 21
2096.5
  0
LINE
  8
COSTRUZIONI
 10
-291.0
 11
-291.0
 20
2096.5
 21
2114.2
  0
LINE
  8
COSTRUZIONI
 10
-291.0
 11
-287.5
 20
2114.2
 21
2114.2
  0
LINE
  8
APS_GEOMETRY
 10
-265.0
 11
-265.0
 20
2194.5
 21
2140.0
  0
LINE
  8
APS_GEOMETRY
 10
-265.0
 11
-268.0
 20
2140.0
 21
2140.0
  0
LINE
  8
APS_GEOMETRY
 10
-268.0
 11
-268.0
 20
2140.0
 21
2135.5
  0
LINE
  8
APS_GEOMETRY
 10
-268.0
 11
-278.5
 20
2135.5
 21
2135.5
  0
LINE
  8
APS_GEOMETRY
 10
-278.5
 11
-280.0
 20
2135.5
 21
2134.0
  0
LINE
  8
APS_GEOMETRY
 10
-280.0
 11
-280.0
 20
2134.0
 21
2131.5
  0
LINE
  8
APS_GEOMETRY
 10
-280.0
 11
-262.0
 20
2131.5
 21
2131.5
  0
ARC
  8
APS_GEOMETRY
 10
-262.0
 20
2135.5
 40
4.0
 50
270.0
 51
360.0
  0
LINE
  8
APS_GEOMETRY
 10
-258.0
 11
-258.0
 20
2135.5
 21
2196.5
  0
ARC
  8
APS_GEOMETRY
 10
-262.0
 20
2196.5
 40
4.0
 50
360.0
 51
90.0
  0
LINE
  8
APS_GEOMETRY
 10
-262.0
 11
-268.0
 20
2200.5
 21
2200.5
  0
LINE
  8
APS_GEOMETRY
 10
-268.0
 11
-268.0
 20
2200.5
 21
2194.5
  0
LINE
  8
APS_GEOMETRY
 10
-268.0
 11
-265.0
 20
2194.5
 21
2194.5
  0
LINE
  8
APS_GEOMETRY
 10
-389.0
 11
-389.0
 20
2192.5
 21
2138.0
  0
LINE
  8
APS_GEOMETRY
 10
-389.0
 11
-386.0
 20
2138.0
 21
2138.0
  0
LINE
  8
APS_GEOMETRY
 10
-386.0
 11
-386.0
 20
2138.0
 21
2133.5
  0
LINE
  8
APS_GEOMETRY
 10
-386.0
 11
-375.5
 20
2133.5
 21
2133.5
  0
LINE
  8
APS_GEOMETRY
 10
-375.5
 11
-374.0
 20
2133.5
 21
2132.0
  0
LINE
  8
APS_GEOMETRY
 10
-374.0
 11
-374.0
 20
2132.0
 21
2129.5
  0
LINE
  8
APS_GEOMETRY
 10
-374.0
 11
-392.0
 20
2129.5
 21
2129.5
  0
ARC
  8
APS_GEOMETRY
 10
-392.0
 20
2133.5
 40
4.0
 50
180.0
 51
270.0
  0
LINE
  8
APS_GEOMETRY
 10
-396.0
 11
-396.0
 20
2133.5
 21
2194.5
  0
ARC
  8
APS_GEOMETRY
 10
-392.0
 20
2194.5
 40
4.0
 50
90.0
 51
180.0
  0
LINE
  8
APS_GEOMETRY
 10
-392.0
 11
-386.0
 20
2198.5
 21
2198.5
  0
LINE
  8
APS_GEOMETRY
 10
-386.0
 11
-386.0
 20
2198.5
 21
2192.5
  0
LINE
  8
APS_GEOMETRY
 10
-386.0
 11
-389.0
 20
2192.5
 21
2192.5
  0
LINE
  8
COSTRUZIONI
 10
-268.0
 11
-386.0
 20
2141.5
 21
2141.5
  0
LINE
  8
COSTRUZIONI
 10
-268.0
 11
-386.0
 20
2161.5
 21
2161.5
  0
LINE
  8
COSTRUZIONI
 10
-268.0
 11
-268.0
 20
2141.5
 21
2276.543
  0
LINE
  8
COSTRUZIONI
 10
-386.0
 11
-386.0
 20
2141.5
 21
2276.543
  0
LINE
  8
COSTRUZIONI
 10
-386.0
 11
-268.0
 20
2161.5
 21
2141.5
  0
LINE
  8
COSTRUZIONI
 10
-268.0
 11
-386.0
 20
2161.5
 21
2141.5
  0
LINE
  8
APS_GEOMETRY
 10
-287.5
 11
-261.0
 20
2106.5
 21
2106.5
  0
ARC
  8
APS_GEOMETRY
 10
-261.0
 20
2109.5
 40
3.0
 50
270.0
 51
360.0
  0
LINE
  8
APS_GEOMETRY
 10
-258.0
 11
-258.0
 20
2109.5
 21
2128.5
  0
ARC
  8
APS_GEOMETRY
 10
-261.0
 20
2128.5
 40
3.0
 50
360.0
 51
90.0
  0
LINE
  8
APS_GEOMETRY
 10
-261.0
 11
-282.0
 20
2131.5
 21
2131.5
  0
LINE
  8
APS_GEOMETRY
 10
-282.0
 11
-282.0
 20
2131.5
 21
2136.0
  0
LINE
  8
APS_GEOMETRY
 10
-282.0
 11
-268.0
 20
2136.0
 21
2136.0
  0
LINE
  8
APS_GEOMETRY
 10
-268.0
 11
-268.0
 20
2136.0
 21
2140.0
  0
LINE
  8
APS_GEOMETRY
 10
-268.0
 11
-386.0
 20
2140.0
 21
2140.0
  0
LINE
  8
APS_GEOMETRY
 10
-386.0
 11
-386.0
 20
2140.0
 21
2133.5
  0
LINE
  8
APS_GEOMETRY
 10
-386.0
 11
-372.0
 20
2133.5
 21
2133.5
  0
LINE
  8
APS_GEOMETRY
 10
-372.0
 11
-372.0
 20
2133.5
 21
2129.0
  0
LINE
  8
APS_GEOMETRY
 10
-372.0
 11
-393.0
 20
2129.0
 21
2129.0
  0
ARC
  8
APS_GEOMETRY
 10
-393.0
 20
2126.0
 40
3.0
 50
90.0
 51
180.0
  0
LINE
  8
APS_GEOMETRY
 10
-396.0
 11
-396.0
 20
2126.0
 21
2099.0
  0
ARC
  8
APS_GEOMETRY
 10
-393.0
 20
2099.0
 40
3.0
 50
180.0
 51
270.0
  0
LINE
  8
APS_GEOMETRY
 10
-393.0
 11
-292.0
 20
2096.0
 21
2096.0
  0
LINE
  8
APS_GEOMETRY
 10
-400.0
 11
-161.0
 20
0.0
 21
0.0
  0
LINE
  8
QUOTATURA
 10
434.176
 11
454.176
 20
-28.336
 21
-31.67
  0
LINE
  8
QUOTATURA
 10
454.176
 11
434.176
 20
-31.67
 21
-35.004
  0
LINE
  8
QUOTATURA
 10
434.176
 11
434.176
 20
-35.004
 21
-28.336
  0
LINE
  8
QUOTATURA
 10
454.176
 11
413.25
 20
-31.67
 21
-31.67
  0
LINE
  8
QUOTATURA
 10
413.25
 11
413.25
 20
-31.67
 21
-4.069
  0
LINE
  8
QUOTATURA
 10
-313.0
 11
-357.33
 20
2103.5
 21
2103.5
  0
LINE
  8
QUOTATURA
 10
-313.0
 11
-357.33
 20
4.5
 21
4.5
  0
LINE
  8
QUOTATURA
 10
-347.33
 11
-347.33
 20
2103.5
 21
1138.979
  0
LINE
  8
QUOTATURA
 10
-347.33
 11
-347.33
 20
969.021
 21
4.5
  0
LINE
  8
QUOTATURA
 10
-350.664
 11
-347.33
 20
2083.5
 21
2103.5
  0
LINE
  8
QUOTATURA
 10
-347.33
 11
-343.996
 20
2103.5
 21
2083.5
  0
LINE
  8
QUOTATURA
 10
-343.996
 11
-350.664
 20
2083.5
 21
2083.5
  0
LINE
  8
QUOTATURA
 10
-343.996
 11
-347.33
 20
24.5
 21
4.5
  0
LINE
  8
QUOTATURA
 10
-347.33
 11
-350.664
 20
4.5
 21
24.5
  0
LINE
  8
QUOTATURA
 10
-350.664
 11
-343.996
 20
24.5
 21
24.5
  0
LINE
  8
QUOTATURA
 10
-410.0
 11
-436.102
 20
0.0
 21
0.0
  0
LINE
  8
QUOTATURA
 10
-406.0
 11
-436.102
 20
2096.0
 21
2096.0
  0
LINE
  8
QUOTATURA
 10
-426.102
 11
-426.102
 20
0.0
 21
910.312
  0
LINE
  8
QUOTATURA
 10
-426.102
 11
-426.102
 20
1185.688
 21
2096.0
  0
LINE
  8
QUOTATURA
 10
-422.768
 11
-426.102
 20
20.0
 21
0.0
  0
LINE
  8
QUOTATURA
 10
-426.102
 11
-429.436
 20
0.0
 21
20.0
  0
LINE
  8
QUOTATURA
 10
-429.436
 11
-422.768
 20
20.0
 21
20.0
  0
LINE
  8
QUOTATURA
 10
-429.436
 11
-426.102
 20
2076.0
 21
2096.0
  0
LINE
  8
QUOTATURA
 10
-426.102
 11
-422.768
 20
2096.0
 21
2076.0
  0
LINE
  8
QUOTATURA
 10
-422.768
 11
-429.436
 20
2076.0
 21
2076.0
  0
LINE
  8
QUOTATURA
 10
-406.0
 11
-492.085
 20
2140.0
 21
2140.0
  0
LINE
  8
QUOTATURA
 10
-410.0
 11
-492.085
 20
0.0
 21
0.0
  0
LINE
  8
QUOTATURA
 10
-482.085
 11
-482.085
 20
2140.0
 21
1206.753
  0
LINE
  8
QUOTATURA
 10
-482.085
 11
-482.085
 20
933.247
 21
0.0
  0
LINE
  8
QUOTATURA
 10
-485.419
 11
-482.085
 20
2120.0
 21
2140.0
  0
LINE
  8
QUOTATURA
 10
-482.085
 11
-478.751
 20
2140.0
 21
2120.0
  0
LINE
  8
QUOTATURA
 10
-478.751
 11
-485.419
 20
2120.0
 21
2120.0
  0
LINE
  8
QUOTATURA
 10
-478.751
 11
-482.085
 20
20.0
 21
0.0
  0
LINE
  8
QUOTATURA
 10
-482.085
 11
-485.419
 20
0.0
 21
20.0
  0
LINE
  8
QUOTATURA
 10
-485.419
 11
-478.751
 20
20.0
 21
20.0
  0
LINE
  8
COSTRUZIONI
 10
11.0
 11
44.0
 20
0.0
 21
0.0
  0
LINE
  8
COSTRUZIONI
 10
869.0
 11
836.0
 20
0.0
 21
0.0
  0
LINE
  8
APS_GEOMETRY
 10
-58.0
 11
11.0
 20
2198.0
 21
2129.0
  0
LINE
  8
APS_GEOMETRY
 10
869.0
 11
938.0
 20
2129.0
 21
2198.0
  0
LINE
  8
APS_GEOMETRY
 10
846.5
 11
846.5
 20
-229.5
 21
-203.0
  0
ARC
  8
APS_GEOMETRY
 10
849.5
 20
-203.0
 40
3.0
 50
90.0
 51
180.0
  0
LINE
  8
APS_GEOMETRY
 10
849.5
 11
868.5
 20
-200.0
 21
-200.0
  0
ARC
  8
APS_GEOMETRY
 10
868.5
 20
-203.0
 40
3.0
 50
360.0
 51
90.0
  0
LINE
  8
APS_GEOMETRY
 10
871.5
 11
871.5
 20
-203.0
 21
-224.0
  0
LINE
  8
APS_GEOMETRY
 10
871.5
 11
876.0
 20
-224.0
 21
-224.0
  0
LINE
  8
APS_GEOMETRY
 10
876.0
 11
876.0
 20
-224.0
 21
-210.0
  0
LINE
  8
APS_GEOMETRY
 10
876.0
 11
880.0
 20
-210.0
 21
-210.0
  0
LINE
  8
APS_GEOMETRY
 10
880.0
 11
880.0
 20
-210.0
 21
-328.0
  0
LINE
  8
APS_GEOMETRY
 10
880.0
 11
873.5
 20
-328.0
 21
-328.0
  0
LINE
  8
APS_GEOMETRY
 10
873.5
 11
873.5
 20
-328.0
 21
-314.0
  0
LINE
  8
APS_GEOMETRY
 10
873.5
 11
869.0
 20
-314.0
 21
-314.0
  0
LINE
  8
APS_GEOMETRY
 10
869.0
 11
869.0
 20
-314.0
 21
-335.0
  0
ARC
  8
APS_GEOMETRY
 10
866.0
 20
-335.0
 40
3.0
 50
270.0
 51
360.0
  0
LINE
  8
APS_GEOMETRY
 10
866.0
 11
839.0
 20
-338.0
 21
-338.0
  0
ARC
  8
APS_GEOMETRY
 10
839.0
 20
-335.0
 40
3.0
 50
180.0
 51
270.0
  0
LINE
  8
APS_GEOMETRY
 10
836.0
 11
836.0
 20
-335.0
 21
-234.0
  0
LINE
  8
APS_GEOMETRY
 10
140.5
 11
140.5
 20
-219.5
 21
-200.0
  0
LINE
  8
APS_GEOMETRY
 10
140.5
 11
39.5
 20
-200.0
 21
-200.0
  0
ARC
  8
APS_GEOMETRY
 10
39.5
 20
-203.0
 40
3.0
 50
90.0
 51
180.0
  0
LINE
  8
APS_GEOMETRY
 10
36.5
 11
36.5
 20
-203.0
 21
-228.5
  0
ARC
  8
APS_GEOMETRY
 10
38.0
 20
-228.5
 40
1.5
 50
180.0
 51
270.0
  0
LINE
  8
APS_GEOMETRY
 10
38.0
 11
46.5
 20
-230.0
 21
-230.0
  0
LINE
  8
APS_GEOMETRY
 10
46.5
 11
46.5
 20
-230.0
 21
-242.0
  0
ARC
  8
APS_GEOMETRY
 10
49.5
 20
-242.0
 40
3.0
 50
180.0
 51
270.0
  0
LINE
  8
QUOTATURA
 10
-386.0
 11
-386.0
 20
2151.5
 21
2235.108
  0
LINE
  8
QUOTATURA
 10
-268.0
 11
-268.0
 20
2151.5
 21
2235.108
  0
LINE
  8
QUOTATURA
 10
-386.0
 11
-350.166
 20
2225.108
 21
2225.108
  0
LINE
  8
QUOTATURA
 10
-303.834
 11
-268.0
 20
2225.108
 21
2225.108
  0
LINE
  8
QUOTATURA
 10
-366.0
 11
-386.0
 20
2221.774
 21
2225.108
  0
LINE
  8
QUOTATURA
 10
-386.0
 11
-366.0
 20
2225.108
 21
2228.442
  0
LINE
  8
QUOTATURA
 10
-366.0
 11
-366.0
 20
2228.442
 21
2221.774
  0
LINE
  8
QUOTATURA
 10
-288.0
 11
-268.0
 20
2228.442
 21
2225.108
  0
LINE
  8
QUOTATURA
 10
-268.0
 11
-288.0
 20
2225.108
 21
2221.774
  0
LINE
  8
QUOTATURA
 10
-288.0
 11
-288.0
 20
2221.774
 21
2228.442
  0
LINE
  8
QUOTATURA
 10
-126.543
 11
-83.026
 20
-328.0
 21
-328.0
  0
LINE
  8
QUOTATURA
 10
-126.543
 11
-83.026
 20
-210.0
 21
-210.0
  0
LINE
  8
QUOTATURA
 10
-93.026
 11
-93.026
 20
-328.0
 21
-284.19
  0
LINE
  8
QUOTATURA
 10
-93.026
 11
-93.026
 20
-253.989
 21
-210.0
  0
LINE
  8
QUOTATURA
 10
-89.692
 11
-93.026
 20
-308.0
 21
-328.0
  0
LINE
  8
QUOTATURA
 10
-93.026
 11
-96.36
 20
-328.0
 21
-308.0
  0
LINE
  8
QUOTATURA
 10
-96.36
 11
-89.692
 20
-308.0
 21
-308.0
  0
LINE
  8
QUOTATURA
 10
-96.36
 11
-93.026
 20
-230.0
 21
-210.0
  0
LINE
  8
QUOTATURA
 10
-93.026
 11
-89.692
 20
-210.0
 21
-230.0
  0
LINE
  8
QUOTATURA
 10
-89.692
 11
-96.36
 20
-230.0
 21
-230.0
  0
LINE
  8
QUOTATURA
 10
21.332
 11
21.332
 20
-338.0
 21
-157.356
  0
LINE
  8
QUOTATURA
 10
21.332
 11
-26.44
 20
-157.356
 21
-157.356
  0
LINE
  8
QUOTATURA
 10
24.666
 11
21.332
 20
-318.0
 21
-338.0
  0
LINE
  8
QUOTATURA
 10
21.332
 11
17.998
 20
-338.0
 21
-318.0
  0
LINE
  8
QUOTATURA
 10
17.998
 11
24.666
 20
-318.0
 21
-318.0
  0
LINE
  8
QUOTATURA
 10
17.998
 11
21.332
 20
-220.0
 21
-200.0
  0
LINE
  8
QUOTATURA
 10
21.332
 11
24.666
 20
-200.0
 21
-220.0
  0
LINE
  8
QUOTATURA
 10
24.666
 11
17.998
 20
-220.0
 21
-220.0
  0
LINE
  8
QUOTATURA
 10
-258.0
 11
-411.654
 20
2118.121
 21
2118.121
  0
LINE
  8
QUOTATURA
 10
-376.0
 11
-396.0
 20
2114.787
 21
2118.121
  0
LINE
  8
QUOTATURA
 10
-396.0
 11
-376.0
 20
2118.121
 21
2121.455
  0
LINE
  8
QUOTATURA
 10
-376.0
 11
-376.0
 20
2121.455
 21
2114.787
  0
LINE
  8
QUOTATURA
 10
-278.0
 11
-258.0
 20
2121.455
 21
2118.121
  0
LINE
  8
QUOTATURA
 10
-258.0
 11
-278.0
 20
2118.121
 21
2114.787
  0
LINE
  8
QUOTATURA
 10
-278.0
 11
-278.0
 20
2114.787
 21
2121.455
  0
LINE
  8
APS_GEOMETRY
 10
743.5
 11
743.5
 20
2003.5
 21
209.5
  0
LINE
  8
APS_GEOMETRY
 10
743.5
 11
136.5
 20
209.5
 21
209.5
  0
LINE
  8
APS_GEOMETRY
 10
136.5
 11
136.5
 20
209.5
 21
2003.5
  0
LINE
  8
APS_GEOMETRY
 10
136.5
 11
743.5
 20
2003.5
 21
2003.5
  0
LINE
  8
APS_GEOMETRY
 10
136.5
 11
150.5
 20
209.5
 21
223.5
  0
LINE
  8
APS_GEOMETRY
 10
743.5
 11
729.5
 20
209.5
 21
223.5
  0
LINE
  8
APS_GEOMETRY
 10
729.5
 11
743.5
 20
1989.5
 21
2003.5
  0
LINE
  8
APS_GEOMETRY
 10
150.5
 11
136.5
 20
1989.5
 21
2003.5
  0
LINE
  8
APS_GEOMETRY
 10
729.5
 11
729.5
 20
1989.5
 21
223.5
  0
LINE
  8
APS_GEOMETRY
 10
729.5
 11
150.5
 20
223.5
 21
223.5
  0
LINE
  8
APS_GEOMETRY
 10
150.5
 11
150.5
 20
223.5
 21
1989.5
  0
LINE
  8
APS_GEOMETRY
 10
150.5
 11
729.5
 20
1989.5
 21
1989.5
  0
LINE
  8
APS_GEOMETRY
 10
679.5
 11
679.5
 20
1939.5
 21
273.5
  0
LINE
  8
APS_GEOMETRY
 10
679.5
 11
200.5
 20
273.5
 21
273.5
  0
LINE
  8
APS_GEOMETRY
 10
200.5
 11
200.5
 20
273.5
 21
1939.5
  0
LINE
  8
APS_GEOMETRY
 10
200.5
 11
679.5
 20
1939.5
 21
1939.5
  0
LINE
  8
APS_GEOMETRY
 10
200.5
 11
150.5
 20
1939.5
 21
1989.5
  0
LINE
  8
APS_GEOMETRY
 10
679.5
 11
729.5
 20
1939.5
 21
1989.5
  0
LINE
  8
APS_GEOMETRY
 10
200.5
 11
150.5
 20
273.5
 21
223.5
  0
LINE
  8
APS_GEOMETRY
 10
679.5
 11
729.5
 20
273.5
 21
223.5
  0
LINE
  8
APS_GEOMETRY
 10
136.5
 11
136.5
 20
-200.0
 21
-198.0
  0
LINE
  8
APS_GEOMETRY
 10
136.5
 11
147.5
 20
-198.0
 21
-198.0
  0
ARC
  8
APS_GEOMETRY
 10
147.5
 20
-201.0
 40
3.0
 50
360.0
 51
90.0
  0
LINE
  8
APS_GEOMETRY
 10
150.5
 11
150.5
 20
-201.0
 21
-219.5
  0
LINE
  8
APS_GEOMETRY
 10
150.5
 11
140.5
 20
-219.5
 21
-219.5
  0
LINE
  8
APS_GEOMETRY
 10
140.5
 11
140.5
 20
-219.5
 21
-225.5
  0
LINE
  8
APS_GEOMETRY
 10
140.5
 11
150.5
 20
-225.5
 21
-225.5
  0
LINE
  8
APS_GEOMETRY
 10
150.5
 11
150.5
 20
-225.5
 21
-244.0
  0
ARC
  8
APS_GEOMETRY
 10
147.5
 20
-244.0
 40
3.0
 50
270.0
 51
360.0
  0
LINE
  8
APS_GEOMETRY
 10
147.5
 11
136.5
 20
-247.0
 21
-247.0
  0
LINE
  8
APS_GEOMETRY
 10
136.5
 11
136.5
 20
-247.0
 21
-245.0
  0
LINE
  8
APS_GEOMETRY
 10
140.5
 11
140.5
 20
-225.5
 21
-245.0
  0
LINE
  8
APS_GEOMETRY
 10
140.5
 11
49.5
 20
-245.0
 21
-245.0
  0
LINE
  8
APS_GEOMETRY
 10
743.5
 11
743.5
 20
-200.0
 21
-198.0
  0
LINE
  8
APS_GEOMETRY
 10
743.5
 11
732.5
 20
-198.0
 21
-198.0
  0
ARC
  8
APS_GEOMETRY
 10
732.5
 20
-201.0
 40
3.0
 50
90.0
 51
180.0
  0
LINE
  8
APS_GEOMETRY
 10
729.5
 11
729.5
 20
-201.0
 21
-219.5
  0
LINE
  8
APS_GEOMETRY
 10
729.5
 11
739.5
 20
-219.5
 21
-219.5
  0
LINE
  8
APS_GEOMETRY
 10
739.5
 11
739.5
 20
-219.5
 21
-225.5
  0
LINE
  8
APS_GEOMETRY
 10
739.5
 11
729.5
 20
-225.5
 21
-225.5
  0
LINE
  8
APS_GEOMETRY
 10
729.5
 11
729.5
 20
-225.5
 21
-244.0
  0
ARC
  8
APS_GEOMETRY
 10
732.5
 20
-244.0
 40
3.0
 50
180.0
 51
270.0
  0
LINE
  8
APS_GEOMETRY
 10
732.5
 11
743.5
 20
-247.0
 21
-247.0
  0
LINE
  8
APS_GEOMETRY
 10
743.5
 11
743.5
 20
-247.0
 21
-245.0
  0
LINE
  8
APS_GEOMETRY
 10
739.5
 11
739.5
 20
-225.5
 21
-245.0
  0
LINE
  8
APS_GEOMETRY
 10
739.5
 11
830.5
 20
-245.0
 21
-245.0
  0
ARC
  8
APS_GEOMETRY
 10
830.5
 20
-242.0
 40
3.0
 50
270.0
 51
0.0
  0
LINE
  8
APS_GEOMETRY
 10
833.5
 11
833.5
 20
-242.0
 21
-230.0
  0
LINE
  8
APS_GEOMETRY
 10
833.5
 11
842.0
 20
-230.0
 21
-230.0
  0
ARC
  8
APS_GEOMETRY
 10
842.0
 20
-228.5
 40
1.5
 50
270.0
 51
0.0
  0
LINE
  8
APS_GEOMETRY
 10
843.5
 11
843.5
 20
-228.5
 21
-203.0
  0
ARC
  8
APS_GEOMETRY
 10
840.5
 20
-203.0
 40
3.0
 50
0.0
 51
90.0
  0
LINE
  8
APS_GEOMETRY
 10
840.5
 11
739.5
 20
-200.0
 21
-200.0
  0
LINE
  8
APS_GEOMETRY
 10
739.5
 11
739.5
 20
-200.0
 21
-219.5
  0
LINE
  8
QUOTATURA
 10
150.5
 11
150.5
 20
213.5
 21
-100.145
  0
LINE
  8
QUOTATURA
 10
36.5
 11
36.5
 20
-5.5
 21
-100.145
  0
LINE
  8
QUOTATURA
 10
150.5
 11
117.995
 20
-90.145
 21
-90.145
  0
LINE
  8
QUOTATURA
 10
69.005
 11
36.5
 20
-90.145
 21
-90.145
  0
LINE
  8
QUOTATURA
 10
130.5
 11
150.5
 20
-86.811
 21
-90.145
  0
LINE
  8
QUOTATURA
 10
150.5
 11
130.5
 20
-90.145
 21
-93.479
  0
LINE
  8
QUOTATURA
 10
130.5
 11
130.5
 20
-93.479
 21
-86.811
  0
LINE
  8
QUOTATURA
 10
56.5
 11
36.5
 20
-93.479
 21
-90.145
  0
LINE
  8
QUOTATURA
 10
36.5
 11
56.5
 20
-90.145
 21
-86.811
  0
LINE
  8
QUOTATURA
 10
56.5
 11
56.5
 20
-86.811
 21
-93.479
  0
LINE
  8
QUOTATURA
 10
729.5
 11
729.5
 20
213.5
 21
-86.682
  0
LINE
  8
QUOTATURA
 10
843.5
 11
843.5
 20
-5.5
 21
-86.682
  0
LINE
  8
QUOTATURA
 10
729.5
 11
762.005
 20
-76.682
 21
-76.682
  0
LINE
  8
QUOTATURA
 10
810.995
 11
843.5
 20
-76.682
 21
-76.682
  0
LINE
  8
QUOTATURA
 10
749.5
 11
729.5
 20
-80.016
 21
-76.682
  0
LINE
  8
QUOTATURA
 10
729.5
 11
749.5
 20
-76.682
 21
-73.348
  0
LINE
  8
QUOTATURA
 10
749.5
 11
749.5
 20
-73.348
 21
-80.016
  0
LINE
  8
QUOTATURA
 10
823.5
 11
843.5
 20
-73.348
 21
-76.682
  0
LINE
  8
QUOTATURA
 10
843.5
 11
823.5
 20
-76.682
 21
-80.016
  0
LINE
  8
QUOTATURA
 10
823.5
 11
823.5
 20
-80.016
 21
-73.348
  0
LINE
  8
QUOTATURA
 10
46.5
 11
449.848
 20
4.5
 21
4.5
  0
LINE
  8
QUOTATURA
 10
439.848
 11
439.848
 20
223.5
 21
105.713
  0
LINE
  8
QUOTATURA
 10
439.848
 11
439.848
 20
75.403
 21
4.5
  0
LINE
  8
QUOTATURA
 10
436.514
 11
439.848
 20
203.5
 21
223.5
  0
LINE
  8
QUOTATURA
 10
439.848
 11
443.182
 20
223.5
 21
203.5
  0
LINE
  8
QUOTATURA
 10
443.182
 11
436.514
 20
203.5
 21
203.5
  0
LINE
  8
QUOTATURA
 10
443.182
 11
439.848
 20
24.5
 21
4.5
  0
LINE
  8
QUOTATURA
 10
439.848
 11
436.514
 20
4.5
 21
24.5
  0
LINE
  8
QUOTATURA
 10
436.514
 11
443.182
 20
24.5
 21
24.5
  0
ARC
  8
APS_GEOMETRY
 10
677.928
 20
-213.0
 40
1.0
 50
5.722
 51
90.0
  0
ARC
  8
APS_GEOMETRY
 10
680.913
 20
-212.701
 40
2.0
 50
185.722
 51
263.3
  0
ARC
  8
APS_GEOMETRY
 10
678.114
 20
-353.163
 40
138.5
 50
75.624
 51
88.938
  0
LINE
  8
APS_GEOMETRY
 10
712.5
 11
732.5
 20
-219.0
 21
-220.0
  0
LINE
  8
APS_GEOMETRY
 10
732.5
 11
737.5
 20
-220.0
 21
-220.0
  0
LINE
  8
APS_GEOMETRY
 10
737.5
 11
737.5
 20
-220.0
 21
-225.0
  0
LINE
  8
APS_GEOMETRY
 10
737.5
 11
732.5
 20
-225.0
 21
-225.0
  0
LINE
  8
APS_GEOMETRY
 10
732.5
 11
712.5
 20
-225.0
 21
-226.0
  0
ARC
  8
APS_GEOMETRY
 10
678.114
 20
-91.837
 40
138.5
 50
271.062
 51
284.376
  0
ARC
  8
APS_GEOMETRY
 10
680.913
 20
-232.299
 40
2.0
 50
96.7
 51
174.278
  0
ARC
  8
APS_GEOMETRY
 10
677.928
 20
-232.0
 40
1.0
 50
270.0
 51
354.278
  0
ARC
  8
APS_GEOMETRY
 10
202.072
 20
-213.0
 40
1.0
 50
90.0
 51
174.278
  0
ARC
  8
APS_GEOMETRY
 10
199.087
 20
-212.701
 40
2.0
 50
276.7
 51
354.278
  0
ARC
  8
APS_GEOMETRY
 10
201.886
 20
-353.163
 40
138.5
 50
91.062
 51
104.376
  0
LINE
  8
APS_GEOMETRY
 10
167.5
 11
147.5
 20
-219.0
 21
-220.0
  0
LINE
  8
APS_GEOMETRY
 10
147.5
 11
142.5
 20
-220.0
 21
-220.0
  0
LINE
  8
APS_GEOMETRY
 10
142.5
 11
142.5
 20
-220.0
 21
-225.0
  0
LINE
  8
APS_GEOMETRY
 10
142.5
 11
147.5
 20
-225.0
 21
-225.0
  0
LINE
  8
APS_GEOMETRY
 10
147.5
 11
167.5
 20
-225.0
 21
-226.0
  0
ARC
  8
APS_GEOMETRY
 10
201.886
 20
-91.837
 40
138.5
 50
255.624
 51
268.938
  0
ARC
  8
APS_GEOMETRY
 10
199.087
 20
-232.299
 40
2.0
 50
5.722
 51
83.3
  0
ARC
  8
APS_GEOMETRY
 10
202.072
 20
-232.0
 40
1.0
 50
185.722
 51
270.0
  0
LINE
  8
APS_GEOMETRY
 10
202.072
 11
677.928
 20
-212.0
 21
-212.0
  0
LINE
  8
APS_GEOMETRY
 10
677.928
 11
202.072
 20
-233.0
 21
-233.0
  0
LINE
  8
APS_GEOMETRY
 10
140.5
 11
36.542
 20
-202.5
 21
-202.5
  0
LINE
  8
APS_GEOMETRY
 10
140.5
 11
46.542
 20
-242.5
 21
-242.5
  0
LINE
  8
COSTRUZIONI
 10
56.5
 11
56.5
 20
-203.0
 21
-242.5
  0
LINE
  8
QUOTATURA
 10
115.996
 11
106.129
 20
-261.685
 21
-243.972
  0
LINE
  8
QUOTATURA
 10
106.129
 11
121.209
 20
-243.972
 21
-257.526
  0
LINE
  8
QUOTATURA
 10
121.209
 11
115.996
 20
-257.526
 21
-261.685
  0
LINE
  8
QUOTATURA
 10
106.129
 11
122.999
 20
-243.972
 21
-265.115
  0
LINE
  8
QUOTATURA
 10
122.999
 11
190.927
 20
-265.115
 21
-276.362
  0
LINE
  8
QUOTATURA
 10
190.927
 11
214.994
 20
-276.362
 21
-231.826
  0
LINE
  8
QUOTATURA
 10
116.106
 11
99.606
 20
-187.202
 21
-198.986
  0
LINE
  8
QUOTATURA
 10
99.606
 11
111.391
 20
-198.986
 21
-182.487
  0
LINE
  8
QUOTATURA
 10
111.391
 11
116.106
 20
-182.487
 21
-187.202
  0
LINE
  8
QUOTATURA
 10
99.606
 11
123.448
 20
-198.986
 21
-175.144
  0
LINE
  8
QUOTATURA
 10
123.448
 11
165.285
 20
-175.144
 21
-165.247
  0
LINE
  8
QUOTATURA
 10
165.285
 11
216.794
 20
-165.247
 21
-212.932
  0
LINE
  8
APS_GEOMETRY
 10
56.5
 11
140.5
 20
-242.5
 21
-242.5
  0
LINE
  8
APS_GEOMETRY
 10
140.5
 11
140.5
 20
-242.5
 21
-202.5
  0
LINE
  8
APS_GEOMETRY
 10
140.5
 11
56.5
 20
-202.5
 21
-202.5
  0
LINE
  8
APS_GEOMETRY
 10
56.5
 11
56.5
 20
-202.5
 21
-242.5
  0
LINE
  8
APS_GEOMETRY
 10
139.086
 11
140.5
 20
-242.5
 21
-241.086
  0
LINE
  8
APS_GEOMETRY
 10
140.5
 11
137.672
 20
-239.672
 21
-242.5
  0
LINE
  8
APS_GEOMETRY
 10
136.257
 11
140.5
 20
-242.5
 21
-238.257
  0
LINE
  8
APS_GEOMETRY
 10
140.5
 11
134.843
 20
-236.843
 21
-242.5
  0
LINE
  8
APS_GEOMETRY
 10
133.429
 11
140.5
 20
-242.5
 21
-235.429
  0
LINE
  8
APS_GEOMETRY
 10
140.5
 11
132.015
 20
-234.015
 21
-242.5
  0
LINE
  8
APS_GEOMETRY
 10
130.601
 11
140.5
 20
-242.5
 21
-232.601
  0
LINE
  8
APS_GEOMETRY
 10
140.5
 11
129.186
 20
-231.186
 21
-242.5
  0
LINE
  8
APS_GEOMETRY
 10
127.772
 11
140.5
 20
-242.5
 21
-229.772
  0
LINE
  8
APS_GEOMETRY
 10
140.5
 11
126.358
 20
-228.358
 21
-242.5
  0
LINE
  8
APS_GEOMETRY
 10
124.944
 11
140.5
 20
-242.5
 21
-226.944
  0
LINE
  8
APS_GEOMETRY
 10
140.5
 11
123.529
 20
-225.529
 21
-242.5
  0
LINE
  8
APS_GEOMETRY
 10
122.115
 11
140.5
 20
-242.5
 21
-224.115
  0
LINE
  8
APS_GEOMETRY
 10
140.5
 11
120.701
 20
-222.701
 21
-242.5
  0
LINE
  8
APS_GEOMETRY
 10
119.287
 11
140.5
 20
-242.5
 21
-221.287
  0
LINE
  8
APS_GEOMETRY
 10
140.5
 11
117.873
 20
-219.873
 21
-242.5
  0
LINE
  8
APS_GEOMETRY
 10
116.458
 11
140.5
 20
-242.5
 21
-218.458
  0
LINE
  8
APS_GEOMETRY
 10
140.5
 11
115.044
 20
-217.044
 21
-242.5
  0
LINE
  8
APS_GEOMETRY
 10
113.63
 11
140.5
 20
-242.5
 21
-215.63
  0
LINE
  8
APS_GEOMETRY
 10
140.5
 11
112.216
 20
-214.216
 21
-242.5
  0
LINE
  8
APS_GEOMETRY
 10
110.802
 11
140.5
 20
-242.5
 21
-212.802
  0
LINE
  8
APS_GEOMETRY
 10
140.5
 11
109.387
 20
-211.387
 21
-242.5
  0
LINE
  8
APS_GEOMETRY
 10
107.973
 11
140.5
 20
-242.5
 21
-209.973
  0
LINE
  8
APS_GEOMETRY
 10
140.5
 11
106.559
 20
-208.559
 21
-242.5
  0
LINE
  8
APS_GEOMETRY
 10
105.145
 11
140.5
 20
-242.5
 21
-207.145
  0
LINE
  8
APS_GEOMETRY
 10
140.5
 11
103.73
 20
-205.73
 21
-242.5
  0
LINE
  8
APS_GEOMETRY
 10
102.316
 11
140.5
 20
-242.5
 21
-204.316
  0
LINE
  8
APS_GEOMETRY
 10
140.5
 11
100.902
 20
-202.902
 21
-242.5
  0
LINE
  8
APS_GEOMETRY
 10
99.488
 11
139.488
 20
-242.5
 21
-202.5
  0
LINE
  8
APS_GEOMETRY
 10
138.074
 11
98.074
 20
-202.5
 21
-242.5
  0
LINE
  8
APS_GEOMETRY
 10
96.659
 11
136.659
 20
-242.5
 21
-202.5
  0
LINE
  8
APS_GEOMETRY
 10
135.245
 11
95.245
 20
-202.5
 21
-242.5
  0
LINE
  8
APS_GEOMETRY
 10
93.831
 11
133.831
 20
-242.5
 21
-202.5
  0
LINE
  8
APS_GEOMETRY
 10
132.417
 11
92.417
 20
-202.5
 21
-242.5
  0
LINE
  8
APS_GEOMETRY
 10
91.003
 11
131.003
 20
-242.5
 21
-202.5
  0
LINE
  8
APS_GEOMETRY
 10
129.588
 11
89.588
 20
-202.5
 21
-242.5
  0
LINE
  8
APS_GEOMETRY
 10
88.174
 11
128.174
 20
-242.5
 21
-202.5
  0
LINE
  8
APS_GEOMETRY
 10
126.76
 11
86.76
 20
-202.5
 21
-242.5
  0
LINE
  8
APS_GEOMETRY
 10
85.346
 11
125.346
 20
-242.5
 21
-202.5
  0
LINE
  8
APS_GEOMETRY
 10
123.931
 11
83.931
 20
-202.5
 21
-242.5
  0
LINE
  8
APS_GEOMETRY
 10
82.517
 11
122.517
 20
-242.5
 21
-202.5
  0
LINE
  8
APS_GEOMETRY
 10
121.103
 11
81.103
 20
-202.5
 21
-242.5
  0
LINE
  8
APS_GEOMETRY
 10
79.689
 11
119.689
 20
-242.5
 21
-202.5
  0
LINE
  8
APS_GEOMETRY
 10
118.275
 11
78.275
 20
-202.5
 21
-242.5
  0
LINE
  8
APS_GEOMETRY
 10
76.86
 11
116.86
 20
-242.5
 21
-202.5
  0
LINE
  8
APS_GEOMETRY
 10
115.446
 11
75.446
 20
-202.5
 21
-242.5
  0
LINE
  8
APS_GEOMETRY
 10
74.032
 11
114.032
 20
-242.5
 21
-202.5
  0
LINE
  8
APS_GEOMETRY
 10
112.618
 11
72.618
 20
-202.5
 21
-242.5
  0
LINE
  8
APS_GEOMETRY
 10
71.204
 11
111.204
 20
-242.5
 21
-202.5
  0
LINE
  8
APS_GEOMETRY
 10
109.789
 11
69.789
 20
-202.5
 21
-242.5
  0
LINE
  8
APS_GEOMETRY
 10
68.375
 11
108.375
 20
-242.5
 21
-202.5
  0
LINE
  8
APS_GEOMETRY
 10
106.961
 11
66.961
 20
-202.5
 21
-242.5
  0
LINE
  8
APS_GEOMETRY
 10
65.547
 11
105.547
 20
-242.5
 21
-202.5
  0
LINE
  8
APS_GEOMETRY
 10
104.132
 11
64.132
 20
-202.5
 21
-242.5
  0
LINE
  8
APS_GEOMETRY
 10
62.718
 11
102.718
 20
-242.5
 21
-202.5
  0
LINE
  8
APS_GEOMETRY
 10
101.304
 11
61.304
 20
-202.5
 21
-242.5
  0
LINE
  8
APS_GEOMETRY
 10
59.89
 11
99.89
 20
-242.5
 21
-202.5
  0
LINE
  8
APS_GEOMETRY
 10
98.476
 11
58.476
 20
-202.5
 21
-242.5
  0
LINE
  8
APS_GEOMETRY
 10
57.061
 11
97.061
 20
-242.5
 21
-202.5
  0
LINE
  8
APS_GEOMETRY
 10
95.647
 11
56.5
 20
-202.5
 21
-241.647
  0
LINE
  8
APS_GEOMETRY
 10
56.5
 11
94.233
 20
-240.233
 21
-202.5
  0
LINE
  8
APS_GEOMETRY
 10
92.819
 11
56.5
 20
-202.5
 21
-238.819
  0
LINE
  8
APS_GEOMETRY
 10
56.5
 11
91.405
 20
-237.405
 21
-202.5
  0
LINE
  8
APS_GEOMETRY
 10
89.99
 11
56.5
 20
-202.5
 21
-235.99
  0
LINE
  8
APS_GEOMETRY
 10
56.5
 11
88.576
 20
-234.576
 21
-202.5
  0
LINE
  8
APS_GEOMETRY
 10
87.162
 11
56.5
 20
-202.5
 21
-233.162
  0
LINE
  8
APS_GEOMETRY
 10
56.5
 11
85.748
 20
-231.748
 21
-202.5
  0
LINE
  8
APS_GEOMETRY
 10
84.333
 11
56.5
 20
-202.5
 21
-230.333
  0
LINE
  8
APS_GEOMETRY
 10
56.5
 11
82.919
 20
-228.919
 21
-202.5
  0
LINE
  8
APS_GEOMETRY
 10
81.505
 11
56.5
 20
-202.5
 21
-227.505
  0
LINE
  8
APS_GEOMETRY
 10
56.5
 11
80.091
 20
-226.091
 21
-202.5
  0
LINE
  8
APS_GEOMETRY
 10
78.677
 11
56.5
 20
-202.5
 21
-224.677
  0
LINE
  8
APS_GEOMETRY
 10
56.5
 11
77.262
 20
-223.262
 21
-202.5
  0
LINE
  8
APS_GEOMETRY
 10
75.848
 11
56.5
 20
-202.5
 21
-221.848
  0
LINE
  8
APS_GEOMETRY
 10
56.5
 11
74.434
 20
-220.434
 21
-202.5
  0
LINE
  8
APS_GEOMETRY
 10
73.02
 11
56.5
 20
-202.5
 21
-219.02
  0
LINE
  8
APS_GEOMETRY
 10
56.5
 11
71.606
 20
-217.606
 21
-202.5
  0
LINE
  8
APS_GEOMETRY
 10
70.191
 11
56.5
 20
-202.5
 21
-216.191
  0
LINE
  8
APS_GEOMETRY
 10
56.5
 11
68.777
 20
-214.777
 21
-202.5
  0
LINE
  8
APS_GEOMETRY
 10
67.363
 11
56.5
 20
-202.5
 21
-213.363
  0
LINE
  8
APS_GEOMETRY
 10
56.5
 11
65.949
 20
-211.949
 21
-202.5
  0
LINE
  8
APS_GEOMETRY
 10
64.534
 11
56.5
 20
-202.5
 21
-210.534
  0
LINE
  8
APS_GEOMETRY
 10
56.5
 11
63.12
 20
-209.12
 21
-202.5
  0
LINE
  8
APS_GEOMETRY
 10
61.706
 11
56.5
 20
-202.5
 21
-207.706
  0
LINE
  8
APS_GEOMETRY
 10
56.5
 11
60.292
 20
-206.292
 21
-202.5
  0
LINE
  8
APS_GEOMETRY
 10
58.878
 11
56.5
 20
-202.5
 21
-204.878
  0
LINE
  8
APS_GEOMETRY
 10
56.5
 11
57.463
 20
-203.463
 21
-202.5
  0
LINE
  8
QUOTATURA
 10
51.144
 11
50.391
 20
-255.129
 21
-234.867
  0
LINE
  8
QUOTATURA
 10
50.391
 11
57.676
 20
-234.867
 21
-253.789
  0
LINE
  8
QUOTATURA
 10
57.676
 11
51.144
 20
-253.789
 21
-255.129
  0
LINE
  8
QUOTATURA
 10
50.391
 11
57.757
 20
-234.867
 21
-270.779
  0
LINE
  8
QUOTATURA
 10
130.343
 11
146.618
 20
-256.169
 21
-244.075
  0
LINE
  8
QUOTATURA
 10
146.618
 11
135.146
 20
-244.075
 21
-260.794
  0
LINE
  8
QUOTATURA
 10
135.146
 11
130.343
 20
-260.794
 21
-256.169
  0
LINE
  8
QUOTATURA
 10
146.618
 11
110.705
 20
-244.075
 21
-281.369
  0
LINE
  8
QUOTATURA
 10
96.036
 11
87.51
 20
-250.218
 21
-231.822
  0
LINE
  8
QUOTATURA
 10
87.51
 11
101.542
 20
-231.822
 21
-246.458
  0
LINE
  8
QUOTATURA
 10
101.542
 11
96.036
 20
-246.458
 21
-250.218
  0
LINE
  8
QUOTATURA
 10
87.51
 11
124.788
 20
-231.822
 21
-286.407
  0
LINE
  8
QUOTATURA
 10
124.788
 11
152.08
 20
-286.407
 21
-294.396
  0
LINE
  8
QUOTATURA
 10
152.08
 11
250.6
 20
-294.396
 21
-294.396
  0
LINE
  8
APS_GEOMETRY
 10
739.5
 11
843.458
 20
-202.5
 21
-202.5
  0
LINE
  8
APS_GEOMETRY
 10
739.5
 11
833.458
 20
-242.5
 21
-242.5
  0
LINE
  8
APS_GEOMETRY
 10
823.5
 11
739.5
 20
-242.5
 21
-242.5
  0
LINE
  8
APS_GEOMETRY
 10
739.5
 11
739.5
 20
-242.5
 21
-202.5
  0
LINE
  8
APS_GEOMETRY
 10
739.5
 11
823.5
 20
-202.5
 21
-202.5
  0
LINE
  8
APS_GEOMETRY
 10
823.5
 11
823.5
 20
-202.5
 21
-242.5
  0
LINE
  8
APS_GEOMETRY
 10
740.914
 11
739.5
 20
-242.5
 21
-241.086
  0
LINE
  8
APS_GEOMETRY
 10
739.5
 11
742.328
 20
-239.672
 21
-242.5
  0
LINE
  8
APS_GEOMETRY
 10
743.743
 11
739.5
 20
-242.5
 21
-238.257
  0
LINE
  8
APS_GEOMETRY
 10
739.5
 11
745.157
 20
-236.843
 21
-242.5
  0
LINE
  8
APS_GEOMETRY
 10
746.571
 11
739.5
 20
-242.5
 21
-235.429
  0
LINE
  8
APS_GEOMETRY
 10
739.5
 11
747.985
 20
-234.015
 21
-242.5
  0
LINE
  8
APS_GEOMETRY
 10
749.399
 11
739.5
 20
-242.5
 21
-232.601
  0
LINE
  8
APS_GEOMETRY
 10
739.5
 11
750.814
 20
-231.186
 21
-242.5
  0
LINE
  8
APS_GEOMETRY
 10
752.228
 11
739.5
 20
-242.5
 21
-229.772
  0
LINE
  8
APS_GEOMETRY
 10
739.5
 11
753.642
 20
-228.358
 21
-242.5
  0
LINE
  8
APS_GEOMETRY
 10
755.056
 11
739.5
 20
-242.5
 21
-226.944
  0
LINE
  8
APS_GEOMETRY
 10
739.5
 11
756.471
 20
-225.529
 21
-242.5
  0
LINE
  8
APS_GEOMETRY
 10
757.885
 11
739.5
 20
-242.5
 21
-224.115
  0
LINE
  8
APS_GEOMETRY
 10
739.5
 11
759.299
 20
-222.701
 21
-242.5
  0
LINE
  8
APS_GEOMETRY
 10
760.713
 11
739.5
 20
-242.5
 21
-221.287
  0
LINE
  8
APS_GEOMETRY
 10
739.5
 11
762.127
 20
-219.873
 21
-242.5
  0
LINE
  8
APS_GEOMETRY
 10
763.542
 11
739.5
 20
-242.5
 21
-218.458
  0
LINE
  8
APS_GEOMETRY
 10
739.5
 11
764.956
 20
-217.044
 21
-242.5
  0
LINE
  8
APS_GEOMETRY
 10
766.37
 11
739.5
 20
-242.5
 21
-215.63
  0
LINE
  8
APS_GEOMETRY
 10
739.5
 11
767.784
 20
-214.216
 21
-242.5
  0
LINE
  8
APS_GEOMETRY
 10
769.198
 11
739.5
 20
-242.5
 21
-212.802
  0
LINE
  8
APS_GEOMETRY
 10
739.5
 11
770.613
 20
-211.387
 21
-242.5
  0
LINE
  8
APS_GEOMETRY
 10
772.027
 11
739.5
 20
-242.5
 21
-209.973
  0
LINE
  8
APS_GEOMETRY
 10
739.5
 11
773.441
 20
-208.559
 21
-242.5
  0
LINE
  8
APS_GEOMETRY
 10
774.855
 11
739.5
 20
-242.5
 21
-207.145
  0
LINE
  8
APS_GEOMETRY
 10
739.5
 11
776.27
 20
-205.73
 21
-242.5
  0
LINE
  8
APS_GEOMETRY
 10
777.684
 11
739.5
 20
-242.5
 21
-204.316
  0
LINE
  8
APS_GEOMETRY
 10
739.5
 11
779.098
 20
-202.902
 21
-242.5
  0
LINE
  8
APS_GEOMETRY
 10
780.512
 11
740.512
 20
-242.5
 21
-202.5
  0
LINE
  8
APS_GEOMETRY
 10
741.926
 11
781.926
 20
-202.5
 21
-242.5
  0
LINE
  8
APS_GEOMETRY
 10
783.341
 11
743.341
 20
-242.5
 21
-202.5
  0
LINE
  8
APS_GEOMETRY
 10
744.755
 11
784.755
 20
-202.5
 21
-242.5
  0
LINE
  8
APS_GEOMETRY
 10
786.169
 11
746.169
 20
-242.5
 21
-202.5
  0
LINE
  8
APS_GEOMETRY
 10
747.583
 11
787.583
 20
-202.5
 21
-242.5
  0
LINE
  8
APS_GEOMETRY
 10
788.997
 11
748.997
 20
-242.5
 21
-202.5
  0
LINE
  8
APS_GEOMETRY
 10
750.412
 11
790.412
 20
-202.5
 21
-242.5
  0
LINE
  8
APS_GEOMETRY
 10
791.826
 11
751.826
 20
-242.5
 21
-202.5
  0
LINE
  8
APS_GEOMETRY
 10
753.24
 11
793.24
 20
-202.5
 21
-242.5
  0
LINE
  8
APS_GEOMETRY
 10
794.654
 11
754.654
 20
-242.5
 21
-202.5
  0
LINE
  8
APS_GEOMETRY
 10
756.069
 11
796.069
 20
-202.5
 21
-242.5
  0
LINE
  8
APS_GEOMETRY
 10
797.483
 11
757.483
 20
-242.5
 21
-202.5
  0
LINE
  8
APS_GEOMETRY
 10
758.897
 11
798.897
 20
-202.5
 21
-242.5
  0
LINE
  8
APS_GEOMETRY
 10
800.311
 11
760.311
 20
-242.5
 21
-202.5
  0
LINE
  8
APS_GEOMETRY
 10
761.725
 11
801.725
 20
-202.5
 21
-242.5
  0
LINE
  8
APS_GEOMETRY
 10
803.14
 11
763.14
 20
-242.5
 21
-202.5
  0
LINE
  8
APS_GEOMETRY
 10
764.554
 11
804.554
 20
-202.5
 21
-242.5
  0
LINE
  8
APS_GEOMETRY
 10
805.968
 11
765.968
 20
-242.5
 21
-202.5
  0
LINE
  8
APS_GEOMETRY
 10
767.382
 11
807.382
 20
-202.5
 21
-242.5
  0
LINE
  8
APS_GEOMETRY
 10
808.796
 11
768.796
 20
-242.5
 21
-202.5
  0
LINE
  8
APS_GEOMETRY
 10
770.211
 11
810.211
 20
-202.5
 21
-242.5
  0
LINE
  8
APS_GEOMETRY
 10
811.625
 11
771.625
 20
-242.5
 21
-202.5
  0
LINE
  8
APS_GEOMETRY
 10
773.039
 11
813.039
 20
-202.5
 21
-242.5
  0
LINE
  8
APS_GEOMETRY
 10
814.453
 11
774.453
 20
-242.5
 21
-202.5
  0
LINE
  8
APS_GEOMETRY
 10
775.868
 11
815.868
 20
-202.5
 21
-242.5
  0
LINE
  8
APS_GEOMETRY
 10
817.282
 11
777.282
 20
-242.5
 21
-202.5
  0
LINE
  8
APS_GEOMETRY
 10
778.696
 11
818.696
 20
-202.5
 21
-242.5
  0
LINE
  8
APS_GEOMETRY
 10
820.11
 11
780.11
 20
-242.5
 21
-202.5
  0
LINE
  8
APS_GEOMETRY
 10
781.524
 11
821.524
 20
-202.5
 21
-242.5
  0
LINE
  8
APS_GEOMETRY
 10
822.939
 11
782.939
 20
-242.5
 21
-202.5
  0
LINE
  8
APS_GEOMETRY
 10
784.353
 11
823.5
 20
-202.5
 21
-241.647
  0
LINE
  8
APS_GEOMETRY
 10
823.5
 11
785.767
 20
-240.233
 21
-202.5
  0
LINE
  8
APS_GEOMETRY
 10
787.181
 11
823.5
 20
-202.5
 21
-238.819
  0
LINE
  8
APS_GEOMETRY
 10
823.5
 11
788.595
 20
-237.405
 21
-202.5
  0
LINE
  8
APS_GEOMETRY
 10
790.01
 11
823.5
 20
-202.5
 21
-235.99
  0
LINE
  8
APS_GEOMETRY
 10
823.5
 11
791.424
 20
-234.576
 21
-202.5
  0
LINE
  8
APS_GEOMETRY
 10
792.838
 11
823.5
 20
-202.5
 21
-233.162
  0
LINE
  8
APS_GEOMETRY
 10
823.5
 11
794.252
 20
-231.748
 21
-202.5
  0
LINE
  8
APS_GEOMETRY
 10
795.667
 11
823.5
 20
-202.5
 21
-230.333
  0
LINE
  8
APS_GEOMETRY
 10
823.5
 11
797.081
 20
-228.919
 21
-202.5
  0
LINE
  8
APS_GEOMETRY
 10
798.495
 11
823.5
 20
-202.5
 21
-227.505
  0
LINE
  8
APS_GEOMETRY
 10
823.5
 11
799.909
 20
-226.091
 21
-202.5
  0
LINE
  8
APS_GEOMETRY
 10
801.323
 11
823.5
 20
-202.5
 21
-224.677
  0
LINE
  8
APS_GEOMETRY
 10
823.5
 11
802.738
 20
-223.262
 21
-202.5
  0
LINE
  8
APS_GEOMETRY
 10
804.152
 11
823.5
 20
-202.5
 21
-221.848
  0
LINE
  8
APS_GEOMETRY
 10
823.5
 11
805.566
 20
-220.434
 21
-202.5
  0
LINE
  8
APS_GEOMETRY
 10
806.98
 11
823.5
 20
-202.5
 21
-219.02
  0
LINE
  8
APS_GEOMETRY
 10
823.5
 11
808.394
 20
-217.606
 21
-202.5
  0
LINE
  8
APS_GEOMETRY
 10
809.809
 11
823.5
 20
-202.5
 21
-216.191
  0
LINE
  8
APS_GEOMETRY
 10
823.5
 11
811.223
 20
-214.777
 21
-202.5
  0
LINE
  8
APS_GEOMETRY
 10
812.637
 11
823.5
 20
-202.5
 21
-213.363
  0
LINE
  8
APS_GEOMETRY
 10
823.5
 11
814.051
 20
-211.949
 21
-202.5
  0
LINE
  8
APS_GEOMETRY
 10
815.466
 11
823.5
 20
-202.5
 21
-210.534
  0
LINE
  8
APS_GEOMETRY
 10
823.5
 11
816.88
 20
-209.12
 21
-202.5
  0
LINE
  8
APS_GEOMETRY
 10
818.294
 11
823.5
 20
-202.5
 21
-207.706
  0
LINE
  8
APS_GEOMETRY
 10
823.5
 11
819.708
 20
-206.292
 21
-202.5
  0
LINE
  8
APS_GEOMETRY
 10
821.122
 11
823.5
 20
-202.5
 21
-204.878
  0
LINE
  8
APS_GEOMETRY
 10
823.5
 11
822.537
 20
-203.463
 21
-202.5
  0
LINE
  8
APS_GEOMETRY
 10
-277.5
 11
-258.0
 20
1999.5
 21
1999.5
  0
LINE
  8
APS_GEOMETRY
 10
-258.0
 11
-258.0
 20
1999.5
 21
2100.5
  0
ARC
  8
APS_GEOMETRY
 10
-261.0
 20
2100.5
 40
3.0
 50
360.0
 51
90.0
  0
LINE
  8
APS_GEOMETRY
 10
-261.0
 11
-286.5
 20
2103.5
 21
2103.5
  0
ARC
  8
APS_GEOMETRY
 10
-286.5
 20
2102.0
 40
1.5
 50
90.0
 51
180.0
  0
LINE
  8
APS_GEOMETRY
 10
-288.0
 11
-288.0
 20
2102.0
 21
2093.5
  0
LINE
  8
APS_GEOMETRY
 10
-288.0
 11
-300.0
 20
2093.5
 21
2093.5
  0
ARC
  8
APS_GEOMETRY
 10
-300.0
 20
2090.5
 40
3.0
 50
90.0
 51
180.0
  0
LINE
  8
APS_GEOMETRY
 10
-258.0
 11
-256.0
 20
2003.5
 21
2003.5
  0
LINE
  8
APS_GEOMETRY
 10
-256.0
 11
-256.0
 20
2003.5
 21
1992.5
  0
ARC
  8
APS_GEOMETRY
 10
-259.0
 20
1992.5
 40
3.0
 50
270.0
 51
360.0
  0
LINE
  8
APS_GEOMETRY
 10
-259.0
 11
-277.5
 20
1989.5
 21
1989.5
  0
LINE
  8
APS_GEOMETRY
 10
-277.5
 11
-277.5
 20
1989.5
 21
1999.5
  0
LINE
  8
APS_GEOMETRY
 10
-277.5
 11
-283.5
 20
1999.5
 21
1999.5
  0
LINE
  8
APS_GEOMETRY
 10
-283.5
 11
-283.5
 20
1999.5
 21
1989.5
  0
LINE
  8
APS_GEOMETRY
 10
-283.5
 11
-302.0
 20
1989.5
 21
1989.5
  0
ARC
  8
APS_GEOMETRY
 10
-302.0
 20
1992.5
 40
3.0
 50
180.0
 51
270.0
  0
LINE
  8
APS_GEOMETRY
 10
-305.0
 11
-305.0
 20
1992.5
 21
2003.5
  0
LINE
  8
APS_GEOMETRY
 10
-305.0
 11
-303.0
 20
2003.5
 21
2003.5
  0
LINE
  8
APS_GEOMETRY
 10
-283.5
 11
-303.0
 20
1999.5
 21
1999.5
  0
LINE
  8
APS_GEOMETRY
 10
-303.0
 11
-303.0
 20
1999.5
 21
2090.5
  0
ARC
  8
APS_GEOMETRY
 10
-271.0
 20
1937.928
 40
1.0
 50
360.0
 51
84.278
  0
ARC
  8
APS_GEOMETRY
 10
-270.701
 20
1940.913
 40
2.0
 50
186.7
 51
264.278
  0
ARC
  8
APS_GEOMETRY
 10
-411.163
 20
1938.114
 40
138.5
 50
1.062
 51
14.376
  0
LINE
  8
APS_GEOMETRY
 10
-277.0
 11
-278.0
 20
1972.5
 21
1992.5
  0
LINE
  8
APS_GEOMETRY
 10
-278.0
 11
-278.0
 20
1992.5
 21
1997.5
  0
LINE
  8
APS_GEOMETRY
 10
-278.0
 11
-283.0
 20
1997.5
 21
1997.5
  0
LINE
  8
APS_GEOMETRY
 10
-283.0
 11
-283.0
 20
1997.5
 21
1992.5
  0
LINE
  8
APS_GEOMETRY
 10
-283.0
 11
-284.0
 20
1992.5
 21
1972.5
  0
ARC
  8
APS_GEOMETRY
 10
-149.837
 20
1938.114
 40
138.5
 50
165.624
 51
178.938
  0
ARC
  8
APS_GEOMETRY
 10
-290.299
 20
1940.913
 40
2.0
 50
275.722
 51
353.3
  0
ARC
  8
APS_GEOMETRY
 10
-290.0
 20
1937.928
 40
1.0
 50
95.722
 51
180.0
  0
LINE
  8
APS_GEOMETRY
 10
-260.5
 11
-260.5
 20
1999.5
 21
2103.458
  0
LINE
  8
APS_GEOMETRY
 10
-300.5
 11
-300.5
 20
1999.5
 21
2093.458
  0
LINE
  8
APS_GEOMETRY
 10
-300.5
 11
-300.5
 20
2083.5
 21
1999.5
  0
LINE
  8
APS_GEOMETRY
 10
-300.5
 11
-260.5
 20
1999.5
 21
1999.5
  0
LINE
  8
APS_GEOMETRY
 10
-260.5
 11
-260.5
 20
1999.5
 21
2083.5
  0
LINE
  8
APS_GEOMETRY
 10
-260.5
 11
-300.5
 20
2083.5
 21
2083.5
  0
LINE
  8
APS_GEOMETRY
 10
-300.5
 11
-299.086
 20
2000.914
 21
1999.5
  0
LINE
  8
APS_GEOMETRY
 10
-297.672
 11
-300.5
 20
1999.5
 21
2002.328
  0
LINE
  8
APS_GEOMETRY
 10
-300.5
 11
-296.257
 20
2003.743
 21
1999.5
  0
LINE
  8
APS_GEOMETRY
 10
-294.843
 11
-300.5
 20
1999.5
 21
2005.157
  0
LINE
  8
APS_GEOMETRY
 10
-300.5
 11
-293.429
 20
2006.571
 21
1999.5
  0
LINE
  8
APS_GEOMETRY
 10
-292.015
 11
-300.5
 20
1999.5
 21
2007.985
  0
LINE
  8
APS_GEOMETRY
 10
-300.5
 11
-290.601
 20
2009.399
 21
1999.5
  0
LINE
  8
APS_GEOMETRY
 10
-289.186
 11
-300.5
 20
1999.5
 21
2010.814
  0
LINE
  8
APS_GEOMETRY
 10
-300.5
 11
-287.772
 20
2012.228
 21
1999.5
  0
LINE
  8
APS_GEOMETRY
 10
-286.358
 11
-300.5
 20
1999.5
 21
2013.642
  0
LINE
  8
APS_GEOMETRY
 10
-300.5
 11
-284.944
 20
2015.056
 21
1999.5
  0
LINE
  8
APS_GEOMETRY
 10
-283.529
 11
-300.5
 20
1999.5
 21
2016.471
  0
LINE
  8
APS_GEOMETRY
 10
-300.5
 11
-282.115
 20
2017.885
 21
1999.5
  0
LINE
  8
APS_GEOMETRY
 10
-280.701
 11
-300.5
 20
1999.5
 21
2019.299
  0
LINE
  8
APS_GEOMETRY
 10
-300.5
 11
-279.287
 20
2020.713
 21
1999.5
  0
LINE
  8
APS_GEOMETRY
 10
-277.873
 11
-300.5
 20
1999.5
 21
2022.127
  0
LINE
  8
APS_GEOMETRY
 10
-300.5
 11
-276.458
 20
2023.542
 21
1999.5
  0
LINE
  8
APS_GEOMETRY
 10
-275.044
 11
-300.5
 20
1999.5
 21
2024.956
  0
LINE
  8
APS_GEOMETRY
 10
-300.5
 11
-273.63
 20
2026.37
 21
1999.5
  0
LINE
  8
APS_GEOMETRY
 10
-272.216
 11
-300.5
 20
1999.5
 21
2027.784
  0
LINE
  8
APS_GEOMETRY
 10
-300.5
 11
-270.802
 20
2029.198
 21
1999.5
  0
LINE
  8
APS_GEOMETRY
 10
-269.387
 11
-300.5
 20
1999.5
 21
2030.613
  0
LINE
  8
APS_GEOMETRY
 10
-300.5
 11
-267.973
 20
2032.027
 21
1999.5
  0
LINE
  8
APS_GEOMETRY
 10
-266.559
 11
-300.5
 20
1999.5
 21
2033.441
  0
LINE
  8
APS_GEOMETRY
 10
-300.5
 11
-265.145
 20
2034.855
 21
1999.5
  0
LINE
  8
APS_GEOMETRY
 10
-263.73
 11
-300.5
 20
1999.5
 21
2036.27
  0
LINE
  8
APS_GEOMETRY
 10
-300.5
 11
-262.316
 20
2037.684
 21
1999.5
  0
LINE
  8
APS_GEOMETRY
 10
-260.902
 11
-300.5
 20
1999.5
 21
2039.098
  0
LINE
  8
APS_GEOMETRY
 10
-300.5
 11
-260.5
 20
2040.512
 21
2000.512
  0
LINE
  8
APS_GEOMETRY
 10
-260.5
 11
-300.5
 20
2001.926
 21
2041.926
  0
LINE
  8
APS_GEOMETRY
 10
-300.5
 11
-260.5
 20
2043.341
 21
2003.341
  0
LINE
  8
APS_GEOMETRY
 10
-260.5
 11
-300.5
 20
2004.755
 21
2044.755
  0
LINE
  8
APS_GEOMETRY
 10
-300.5
 11
-260.5
 20
2046.169
 21
2006.169
  0
LINE
  8
APS_GEOMETRY
 10
-260.5
 11
-300.5
 20
2007.583
 21
2047.583
  0
LINE
  8
APS_GEOMETRY
 10
-300.5
 11
-260.5
 20
2048.997
 21
2008.997
  0
LINE
  8
APS_GEOMETRY
 10
-260.5
 11
-300.5
 20
2010.412
 21
2050.412
  0
LINE
  8
APS_GEOMETRY
 10
-300.5
 11
-260.5
 20
2051.826
 21
2011.826
  0
LINE
  8
APS_GEOMETRY
 10
-260.5
 11
-300.5
 20
2013.24
 21
2053.24
  0
LINE
  8
APS_GEOMETRY
 10
-300.5
 11
-260.5
 20
2054.654
 21
2014.654
  0
LINE
  8
APS_GEOMETRY
 10
-260.5
 11
-300.5
 20
2016.069
 21
2056.069
  0
LINE
  8
APS_GEOMETRY
 10
-300.5
 11
-260.5
 20
2057.483
 21
2017.483
  0
LINE
  8
APS_GEOMETRY
 10
-260.5
 11
-300.5
 20
2018.897
 21
2058.897
  0
LINE
  8
APS_GEOMETRY
 10
-300.5
 11
-260.5
 20
2060.311
 21
2020.311
  0
LINE
  8
APS_GEOMETRY
 10
-260.5
 11
-300.5
 20
2021.725
 21
2061.725
  0
LINE
  8
APS_GEOMETRY
 10
-300.5
 11
-260.5
 20
2063.14
 21
2023.14
  0
LINE
  8
APS_GEOMETRY
 10
-260.5
 11
-300.5
 20
2024.554
 21
2064.554
  0
LINE
  8
APS_GEOMETRY
 10
-300.5
 11
-260.5
 20
2065.968
 21
2025.968
  0
LINE
  8
APS_GEOMETRY
 10
-260.5
 11
-300.5
 20
2027.382
 21
2067.382
  0
LINE
  8
APS_GEOMETRY
 10
-300.5
 11
-260.5
 20
2068.796
 21
2028.796
  0
LINE
  8
APS_GEOMETRY
 10
-260.5
 11
-300.5
 20
2030.211
 21
2070.211
  0
LINE
  8
APS_GEOMETRY
 10
-300.5
 11
-260.5
 20
2071.625
 21
2031.625
  0
LINE
  8
APS_GEOMETRY
 10
-260.5
 11
-300.5
 20
2033.039
 21
2073.039
  0
LINE
  8
APS_GEOMETRY
 10
-300.5
 11
-260.5
 20
2074.453
 21
2034.453
  0
LINE
  8
APS_GEOMETRY
 10
-260.5
 11
-300.5
 20
2035.868
 21
2075.868
  0
LINE
  8
APS_GEOMETRY
 10
-300.5
 11
-260.5
 20
2077.282
 21
2037.282
  0
LINE
  8
APS_GEOMETRY
 10
-260.5
 11
-300.5
 20
2038.696
 21
2078.696
  0
LINE
  8
APS_GEOMETRY
 10
-300.5
 11
-260.5
 20
2080.11
 21
2040.11
  0
LINE
  8
APS_GEOMETRY
 10
-260.5
 11
-300.5
 20
2041.524
 21
2081.524
  0
LINE
  8
APS_GEOMETRY
 10
-300.5
 11
-260.5
 20
2082.939
 21
2042.939
  0
LINE
  8
APS_GEOMETRY
 10
-260.5
 11
-299.647
 20
2044.353
 21
2083.5
  0
LINE
  8
APS_GEOMETRY
 10
-298.233
 11
-260.5
 20
2083.5
 21
2045.767
  0
LINE
  8
APS_GEOMETRY
 10
-260.5
 11
-296.819
 20
2047.181
 21
2083.5
  0
LINE
  8
APS_GEOMETRY
 10
-295.405
 11
-260.5
 20
2083.5
 21
2048.595
  0
LINE
  8
APS_GEOMETRY
 10
-260.5
 11
-293.99
 20
2050.01
 21
2083.5
  0
LINE
  8
APS_GEOMETRY
 10
-292.576
 11
-260.5
 20
2083.5
 21
2051.424
  0
LINE
  8
APS_GEOMETRY
 10
-260.5
 11
-291.162
 20
2052.838
 21
2083.5
  0
LINE
  8
APS_GEOMETRY
 10
-289.748
 11
-260.5
 20
2083.5
 21
2054.252
  0
LINE
  8
APS_GEOMETRY
 10
-260.5
 11
-288.333
 20
2055.667
 21
2083.5
  0
LINE
  8
APS_GEOMETRY
 10
-286.919
 11
-260.5
 20
2083.5
 21
2057.081
  0
LINE
  8
APS_GEOMETRY
 10
-260.5
 11
-285.505
 20
2058.495
 21
2083.5
  0
LINE
  8
APS_GEOMETRY
 10
-284.091
 11
-260.5
 20
2083.5
 21
2059.909
  0
LINE
  8
APS_GEOMETRY
 10
-260.5
 11
-282.677
 20
2061.323
 21
2083.5
  0
LINE
  8
APS_GEOMETRY
 10
-281.262
 11
-260.5
 20
2083.5
 21
2062.738
  0
LINE
  8
APS_GEOMETRY
 10
-260.5
 11
-279.848
 20
2064.152
 21
2083.5
  0
LINE
  8
APS_GEOMETRY
 10
-278.434
 11
-260.5
 20
2083.5
 21
2065.566
  0
LINE
  8
APS_GEOMETRY
 10
-260.5
 11
-277.02
 20
2066.98
 21
2083.5
  0
LINE
  8
APS_GEOMETRY
 10
-275.606
 11
-260.5
 20
2083.5
 21
2068.394
  0
LINE
  8
APS_GEOMETRY
 10
-260.5
 11
-274.191
 20
2069.809
 21
2083.5
  0
LINE
  8
APS_GEOMETRY
 10
-272.777
 11
-260.5
 20
2083.5
 21
2071.223
  0
LINE
  8
APS_GEOMETRY
 10
-260.5
 11
-271.363
 20
2072.637
 21
2083.5
  0
LINE
  8
APS_GEOMETRY
 10
-269.949
 11
-260.5
 20
2083.5
 21
2074.051
  0
LINE
  8
APS_GEOMETRY
 10
-260.5
 11
-268.534
 20
2075.466
 21
2083.5
  0
LINE
  8
APS_GEOMETRY
 10
-267.12
 11
-260.5
 20
2083.5
 21
2076.88
  0
LINE
  8
APS_GEOMETRY
 10
-260.5
 11
-265.706
 20
2078.294
 21
2083.5
  0
LINE
  8
APS_GEOMETRY
 10
-264.292
 11
-260.5
 20
2083.5
 21
2079.708
  0
LINE
  8
APS_GEOMETRY
 10
-260.5
 11
-262.878
 20
2081.122
 21
2083.5
  0
LINE
  8
APS_GEOMETRY
 10
-261.463
 11
-260.5
 20
2083.5
 21
2082.537
  0
LINE
  8
APS_GEOMETRY
 10
-277.5
 11
-258.0
 20
213.5
 21
213.5
  0
LINE
  8
APS_GEOMETRY
 10
-258.0
 11
-258.0
 20
213.5
 21
7.5
  0
ARC
  8
APS_GEOMETRY
 10
-261.0
 20
7.5
 40
3.0
 50
270.0
 51
360.0
  0
LINE
  8
APS_GEOMETRY
 10
-261.0
 11
-300.0
 20
4.5
 21
4.5
  0
ARC
  8
APS_GEOMETRY
 10
-300.0
 20
7.5
 40
3.0
 50
180.0
 51
270.0
  0
LINE
  8
APS_GEOMETRY
 10
-258.0
 11
-256.0
 20
209.5
 21
209.5
  0
LINE
  8
APS_GEOMETRY
 10
-256.0
 11
-256.0
 20
209.5
 21
220.5
  0
ARC
  8
APS_GEOMETRY
 10
-259.0
 20
220.5
 40
3.0
 50
0.0
 51
90.0
  0
LINE
  8
APS_GEOMETRY
 10
-259.0
 11
-277.5
 20
223.5
 21
223.5
  0
LINE
  8
APS_GEOMETRY
 10
-277.5
 11
-277.5
 20
223.5
 21
213.5
  0
LINE
  8
APS_GEOMETRY
 10
-277.5
 11
-283.5
 20
213.5
 21
213.5
  0
LINE
  8
APS_GEOMETRY
 10
-283.5
 11
-283.5
 20
213.5
 21
223.5
  0
LINE
  8
APS_GEOMETRY
 10
-283.5
 11
-302.0
 20
223.5
 21
223.5
  0
ARC
  8
APS_GEOMETRY
 10
-302.0
 20
220.5
 40
3.0
 50
90.0
 51
180.0
  0
LINE
  8
APS_GEOMETRY
 10
-305.0
 11
-305.0
 20
220.5
 21
209.5
  0
LINE
  8
APS_GEOMETRY
 10
-305.0
 11
-303.0
 20
209.5
 21
209.5
  0
LINE
  8
APS_GEOMETRY
 10
-283.5
 11
-303.0
 20
213.5
 21
213.5
  0
LINE
  8
APS_GEOMETRY
 10
-303.0
 11
-303.0
 20
213.5
 21
7.5
  0
ARC
  8
APS_GEOMETRY
 10
-271.0
 20
275.072
 40
1.0
 50
275.722
 51
360.0
  0
ARC
  8
APS_GEOMETRY
 10
-270.701
 20
272.087
 40
2.0
 50
95.722
 51
173.3
  0
ARC
  8
APS_GEOMETRY
 10
-411.163
 20
274.886
 40
138.5
 50
345.624
 51
358.938
  0
LINE
  8
APS_GEOMETRY
 10
-277.0
 11
-278.0
 20
240.5
 21
220.5
  0
LINE
  8
APS_GEOMETRY
 10
-278.0
 11
-278.0
 20
220.5
 21
215.5
  0
LINE
  8
APS_GEOMETRY
 10
-278.0
 11
-283.0
 20
215.5
 21
215.5
  0
LINE
  8
APS_GEOMETRY
 10
-283.0
 11
-283.0
 20
215.5
 21
220.5
  0
LINE
  8
APS_GEOMETRY
 10
-283.0
 11
-284.0
 20
220.5
 21
240.5
  0
ARC
  8
APS_GEOMETRY
 10
-149.837
 20
274.886
 40
138.5
 50
181.062
 51
194.376
  0
ARC
  8
APS_GEOMETRY
 10
-290.299
 20
272.087
 40
2.0
 50
6.7
 51
84.278
  0
ARC
  8
APS_GEOMETRY
 10
-290.0
 20
275.072
 40
1.0
 50
180.0
 51
264.278
  0
LINE
  8
APS_GEOMETRY
 10
-260.5
 11
-260.5
 20
213.5
 21
4.542
  0
LINE
  8
APS_GEOMETRY
 10
-300.5
 11
-300.5
 20
213.5
 21
4.542
  0
LINE
  8
COSTRUZIONI
 10
-300.5
 11
-260.5
 20
24.5
 21
24.5
  0
LINE
  8
APS_GEOMETRY
 10
-300.5
 11
-260.5
 20
24.5
 21
24.5
  0
LINE
  8
APS_GEOMETRY
 10
-260.5
 11
-260.5
 20
24.5
 21
213.5
  0
LINE
  8
APS_GEOMETRY
 10
-260.5
 11
-300.5
 20
213.5
 21
213.5
  0
LINE
  8
APS_GEOMETRY
 10
-300.5
 11
-300.5
 20
213.5
 21
24.5
  0
LINE
  8
APS_GEOMETRY
 10
-263.328
 11
-260.5
 20
24.5
 21
27.328
  0
LINE
  8
APS_GEOMETRY
 10
-260.5
 11
-266.157
 20
30.157
 21
24.5
  0
LINE
  8
APS_GEOMETRY
 10
-268.985
 11
-260.5
 20
24.5
 21
32.985
  0
LINE
  8
APS_GEOMETRY
 10
-260.5
 11
-271.814
 20
35.814
 21
24.5
  0
LINE
  8
APS_GEOMETRY
 10
-274.642
 11
-260.5
 20
24.5
 21
38.642
  0
LINE
  8
APS_GEOMETRY
 10
-260.5
 11
-277.471
 20
41.471
 21
24.5
  0
LINE
  8
APS_GEOMETRY
 10
-280.299
 11
-260.5
 20
24.5
 21
44.299
  0
LINE
  8
APS_GEOMETRY
 10
-260.5
 11
-283.127
 20
47.127
 21
24.5
  0
LINE
  8
APS_GEOMETRY
 10
-285.956
 11
-260.5
 20
24.5
 21
49.956
  0
LINE
  8
APS_GEOMETRY
 10
-260.5
 11
-288.784
 20
52.784
 21
24.5
  0
LINE
  8
APS_GEOMETRY
 10
-291.613
 11
-260.5
 20
24.5
 21
55.613
  0
LINE
  8
APS_GEOMETRY
 10
-260.5
 11
-294.441
 20
58.441
 21
24.5
  0
LINE
  8
APS_GEOMETRY
 10
-297.27
 11
-260.5
 20
24.5
 21
61.27
  0
LINE
  8
APS_GEOMETRY
 10
-260.5
 11
-300.098
 20
64.098
 21
24.5
  0
LINE
  8
APS_GEOMETRY
 10
-300.5
 11
-260.5
 20
26.926
 21
66.926
  0
LINE
  8
APS_GEOMETRY
 10
-260.5
 11
-300.5
 20
69.755
 21
29.755
  0
LINE
  8
APS_GEOMETRY
 10
-300.5
 11
-260.5
 20
32.583
 21
72.583
  0
LINE
  8
APS_GEOMETRY
 10
-260.5
 11
-300.5
 20
75.412
 21
35.412
  0
LINE
  8
APS_GEOMETRY
 10
-300.5
 11
-260.5
 20
38.24
 21
78.24
  0
LINE
  8
APS_GEOMETRY
 10
-260.5
 11
-300.5
 20
81.069
 21
41.069
  0
LINE
  8
APS_GEOMETRY
 10
-300.5
 11
-260.5
 20
43.897
 21
83.897
  0
LINE
  8
APS_GEOMETRY
 10
-260.5
 11
-300.5
 20
86.725
 21
46.725
  0
LINE
  8
APS_GEOMETRY
 10
-300.5
 11
-260.5
 20
49.554
 21
89.554
  0
LINE
  8
APS_GEOMETRY
 10
-260.5
 11
-300.5
 20
92.382
 21
52.382
  0
LINE
  8
APS_GEOMETRY
 10
-300.5
 11
-260.5
 20
55.211
 21
95.211
  0
LINE
  8
APS_GEOMETRY
 10
-260.5
 11
-300.5
 20
98.039
 21
58.039
  0
LINE
  8
APS_GEOMETRY
 10
-300.5
 11
-260.5
 20
60.868
 21
100.868
  0
LINE
  8
APS_GEOMETRY
 10
-260.5
 11
-300.5
 20
103.696
 21
63.696
  0
LINE
  8
APS_GEOMETRY
 10
-300.5
 11
-260.5
 20
66.524
 21
106.524
  0
LINE
  8
APS_GEOMETRY
 10
-260.5
 11
-300.5
 20
109.353
 21
69.353
  0
LINE
  8
APS_GEOMETRY
 10
-300.5
 11
-260.5
 20
72.181
 21
112.181
  0
LINE
  8
APS_GEOMETRY
 10
-260.5
 11
-300.5
 20
115.01
 21
75.01
  0
LINE
  8
APS_GEOMETRY
 10
-300.5
 11
-260.5
 20
77.838
 21
117.838
  0
LINE
  8
APS_GEOMETRY
 10
-260.5
 11
-300.5
 20
120.667
 21
80.667
  0
LINE
  8
APS_GEOMETRY
 10
-300.5
 11
-260.5
 20
83.495
 21
123.495
  0
LINE
  8
APS_GEOMETRY
 10
-260.5
 11
-300.5
 20
126.323
 21
86.323
  0
LINE
  8
APS_GEOMETRY
 10
-300.5
 11
-260.5
 20
89.152
 21
129.152
  0
LINE
  8
APS_GEOMETRY
 10
-260.5
 11
-300.5
 20
131.98
 21
91.98
  0
LINE
  8
APS_GEOMETRY
 10
-300.5
 11
-260.5
 20
94.809
 21
134.809
  0
LINE
  8
APS_GEOMETRY
 10
-260.5
 11
-300.5
 20
137.637
 21
97.637
  0
LINE
  8
APS_GEOMETRY
 10
-300.5
 11
-260.5
 20
100.466
 21
140.466
  0
LINE
  8
APS_GEOMETRY
 10
-260.5
 11
-300.5
 20
143.294
 21
103.294
  0
LINE
  8
APS_GEOMETRY
 10
-300.5
 11
-260.5
 20
106.122
 21
146.122
  0
LINE
  8
APS_GEOMETRY
 10
-260.5
 11
-300.5
 20
148.951
 21
108.951
  0
LINE
  8
APS_GEOMETRY
 10
-300.5
 11
-260.5
 20
111.779
 21
151.779
  0
LINE
  8
APS_GEOMETRY
 10
-260.5
 11
-300.5
 20
154.608
 21
114.608
  0
LINE
  8
APS_GEOMETRY
 10
-300.5
 11
-260.5
 20
117.436
 21
157.436
  0
LINE
  8
APS_GEOMETRY
 10
-260.5
 11
-300.5
 20
160.265
 21
120.265
  0
LINE
  8
APS_GEOMETRY
 10
-300.5
 11
-260.5
 20
123.093
 21
163.093
  0
LINE
  8
APS_GEOMETRY
 10
-260.5
 11
-300.5
 20
165.921
 21
125.921
  0
LINE
  8
APS_GEOMETRY
 10
-300.5
 11
-260.5
 20
128.75
 21
168.75
  0
LINE
  8
APS_GEOMETRY
 10
-260.5
 11
-300.5
 20
171.578
 21
131.578
  0
LINE
  8
APS_GEOMETRY
 10
-300.5
 11
-260.5
 20
134.407
 21
174.407
  0
LINE
  8
APS_GEOMETRY
 10
-260.5
 11
-300.5
 20
177.235
 21
137.235
  0
LINE
  8
APS_GEOMETRY
 10
-300.5
 11
-260.5
 20
140.063
 21
180.063
  0
LINE
  8
APS_GEOMETRY
 10
-260.5
 11
-300.5
 20
182.892
 21
142.892
  0
LINE
  8
APS_GEOMETRY
 10
-300.5
 11
-260.5
 20
145.72
 21
185.72
  0
LINE
  8
APS_GEOMETRY
 10
-260.5
 11
-300.5
 20
188.549
 21
148.549
  0
LINE
  8
APS_GEOMETRY
 10
-300.5
 11
-260.5
 20
151.377
 21
191.377
  0
LINE
  8
APS_GEOMETRY
 10
-260.5
 11
-300.5
 20
194.206
 21
154.206
  0
LINE
  8
APS_GEOMETRY
 10
-300.5
 11
-260.5
 20
157.034
 21
197.034
  0
LINE
  8
APS_GEOMETRY
 10
-260.5
 11
-300.5
 20
199.862
 21
159.862
  0
LINE
  8
APS_GEOMETRY
 10
-300.5
 11
-260.5
 20
162.691
 21
202.691
  0
LINE
  8
APS_GEOMETRY
 10
-260.5
 11
-300.5
 20
205.519
 21
165.519
  0
LINE
  8
APS_GEOMETRY
 10
-300.5
 11
-260.5
 20
168.348
 21
208.348
  0
LINE
  8
APS_GEOMETRY
 10
-260.5
 11
-300.5
 20
211.176
 21
171.176
  0
LINE
  8
APS_GEOMETRY
 10
-300.5
 11
-261.005
 20
174.005
 21
213.5
  0
LINE
  8
APS_GEOMETRY
 10
-263.833
 11
-300.5
 20
213.5
 21
176.833
  0
LINE
  8
APS_GEOMETRY
 10
-300.5
 11
-266.661
 20
179.661
 21
213.5
  0
LINE
  8
APS_GEOMETRY
 10
-269.49
 11
-300.5
 20
213.5
 21
182.49
  0
LINE
  8
APS_GEOMETRY
 10
-300.5
 11
-272.318
 20
185.318
 21
213.5
  0
LINE
  8
APS_GEOMETRY
 10
-275.147
 11
-300.5
 20
213.5
 21
188.147
  0
LINE
  8
APS_GEOMETRY
 10
-300.5
 11
-277.975
 20
190.975
 21
213.5
  0
LINE
  8
APS_GEOMETRY
 10
-280.804
 11
-300.5
 20
213.5
 21
193.804
  0
LINE
  8
APS_GEOMETRY
 10
-300.5
 11
-283.632
 20
196.632
 21
213.5
  0
LINE
  8
APS_GEOMETRY
 10
-286.46
 11
-300.5
 20
213.5
 21
199.46
  0
LINE
  8
APS_GEOMETRY
 10
-300.5
 11
-289.289
 20
202.289
 21
213.5
  0
LINE
  8
APS_GEOMETRY
 10
-292.117
 11
-300.5
 20
213.5
 21
205.117
  0
LINE
  8
APS_GEOMETRY
 10
-300.5
 11
-294.946
 20
207.946
 21
213.5
  0
LINE
  8
APS_GEOMETRY
 10
-297.774
 11
-300.5
 20
213.5
 21
210.774
  0
LINE
  8
APS_GEOMETRY
 10
-291.0
 11
-291.0
 20
275.072
 21
1937.928
  0
LINE
  8
APS_GEOMETRY
 10
-270.0
 11
-270.0
 20
1937.928
 21
275.072
  0
CIRCLE
  8
QUOTATURA
 10
-3481.932
 20
-170.345
 40
1366.552
  0
LINE
  8
QUOTATURA
 10
-34.763
 11
-2115.551
 20
-224.741
 21
-191.907
  0
CIRCLE
  8
QUOTATURA
 10
101.875
 20
-226.897
 40
136.655
  0
LINE
  8
COSTRUZIONI
 10
-4242.683
 11
-4065.683
 20
-196.37
 21
-196.37
  0
LINE
  8
COSTRUZIONI
 10
-4065.683
 11
-4065.683
 20
-196.37
 21
-231.37
  0
LINE
  8
COSTRUZIONI
 10
-4065.683
 11
-4242.683
 20
-231.37
 21
-231.37
  0
LINE
  8
COSTRUZIONI
 10
-4242.683
 11
-4242.683
 20
-231.37
 21
-196.37
  0
ARC
  8
APS_GEOMETRY
 10
-4070.683
 20
-241.37
 40
10.0
 50
360.0
 51
90.0
  0
LINE
  8
APS_GEOMETRY
 10
-4833.921
 11
-4500.684
 20
28.63
 21
28.63
  0
LINE
  8
APS_GEOMETRY
 10
-4500.684
 11
-4500.684
 20
28.63
 21
-1.37
  0
LINE
  8
APS_GEOMETRY
 10
-4500.684
 11
-4455.684
 20
-1.37
 21
-1.37
  0
LINE
  8
APS_GEOMETRY
 10
-4455.684
 11
-4455.684
 20
-1.37
 21
-106.37
  0
LINE
  8
APS_GEOMETRY
 10
-4455.684
 11
-4440.684
 20
-106.37
 21
-121.37
  0
LINE
  8
APS_GEOMETRY
 10
-4440.684
 11
-4415.684
 20
-121.37
 21
-121.37
  0
LINE
  8
APS_GEOMETRY
 10
-4415.684
 11
-4415.684
 20
-121.37
 21
58.63
  0
ARC
  8
APS_GEOMETRY
 10
-4455.684
 20
58.63
 40
40.0
 50
0.0
 51
90.0
  0
LINE
  8
APS_GEOMETRY
 10
-4455.684
 11
-4821.752
 20
98.63
 21
98.63
  0
LINE
  8
APS_GEOMETRY
 10
-4435.683
 11
-4435.683
 20
-1149.029
 21
-1076.37
  0
LINE
  8
APS_GEOMETRY
 10
-4435.683
 11
-4420.683
 20
-1076.37
 21
-1061.37
  0
LINE
  8
APS_GEOMETRY
 10
-4420.683
 11
-4395.683
 20
-1061.37
 21
-1061.37
  0
LINE
  8
APS_GEOMETRY
 10
-4395.683
 11
-4395.683
 20
-1061.37
 21
-1186.476
  0
LINE
  8
COSTRUZIONI
 10
-4515.684
 11
-4515.684
 20
-1.37
 21
-1064.113
  0
LINE
  8
COSTRUZIONI
 10
-4715.684
 11
-4715.684
 20
-1.37
 21
-757.985
  0
LINE
  8
COSTRUZIONI
 10
-4515.684
 11
-4837.997
 20
-1.37
 21
-1.37
  0
LINE
  8
COSTRUZIONI
 10
-4661.322
 11
-4515.684
 20
-860.637
 21
-1.37
  0
LINE
  8
COSTRUZIONI
 10
-4715.684
 11
-4540.581
 20
-1.37
 21
-1034.479
  0
LINE
  8
APS_GEOMETRY
 10
-4165.683
 11
-4165.683
 20
-196.37
 21
68.63
  0
ARC
  8
APS_GEOMETRY
 10
-4195.683
 20
68.63
 40
30.0
 50
0.0
 51
90.0
  0
LINE
  8
APS_GEOMETRY
 10
-4195.683
 11
-4385.684
 20
98.63
 21
98.63
  0
ARC
  8
APS_GEOMETRY
 10
-4385.684
 20
68.63
 40
30.0
 50
90.0
 51
180.0
  0
LINE
  8
APS_GEOMETRY
 10
-4415.684
 11
-4415.684
 20
68.63
 21
-141.37
  0
LINE
  8
APS_GEOMETRY
 10
-4415.684
 11
-4460.684
 20
-141.37
 21
-141.37
  0
LINE
  8
APS_GEOMETRY
 10
-4460.684
 11
-4460.684
 20
-141.37
 21
-1.37
  0
LINE
  8
APS_GEOMETRY
 10
-4460.684
 11
-4500.684
 20
-1.37
 21
-1.37
  0
LINE
  8
APS_GEOMETRY
 10
-4500.684
 11
-4500.684
 20
-1.37
 21
-1081.174
  0
LINE
  8
APS_GEOMETRY
 10
-4435.683
 11
-4435.683
 20
-1149.029
 21
-1041.37
  0
LINE
  8
APS_GEOMETRY
 10
-4435.683
 11
-4390.683
 20
-1041.37
 21
-1041.37
  0
LINE
  8
APS_GEOMETRY
 10
-4390.683
 11
-4390.683
 20
-1041.37
 21
-1190.95
  0
LINE
  8
APS_GEOMETRY
 10
-4277.6
 11
-4090.683
 20
-1281.37
 21
-1281.37
  0
ARC
  8
APS_GEOMETRY
 10
-4090.683
 20
-1251.37
 40
30.0
 50
270.0
 51
0.0
  0
LINE
  8
APS_GEOMETRY
 10
-4060.683
 11
-4060.683
 20
-1251.37
 21
-241.37
  0
LINE
  8
APS_GEOMETRY
 10
-3095.684
 11
-3095.684
 20
-96.37
 21
98.63
  0
LINE
  8
APS_GEOMETRY
 10
-3095.684
 11
-4105.683
 20
98.63
 21
98.63
  0
ARC
  8
APS_GEOMETRY
 10
-4105.683
 20
68.63
 40
30.0
 50
90.0
 51
180.0
  0
LINE
  8
APS_GEOMETRY
 10
-4135.683
 11
-4135.683
 20
68.63
 21
-186.37
  0
ARC
  8
APS_GEOMETRY
 10
-4120.683
 20
-186.37
 40
15.0
 50
180.0
 51
270.0
  0
LINE
  8
APS_GEOMETRY
 10
-4120.683
 11
-4035.683
 20
-201.37
 21
-201.37
  0
LINE
  8
APS_GEOMETRY
 10
-4035.683
 11
-4035.683
 20
-201.37
 21
-321.37
  0
ARC
  8
APS_GEOMETRY
 10
-4005.683
 20
-321.37
 40
30.0
 50
180.0
 51
270.0
  0
LINE
  8
APS_GEOMETRY
 10
-3135.684
 11
-3135.684
 20
98.63
 21
118.63
  0
LINE
  8
APS_GEOMETRY
 10
-3135.684
 11
-3025.684
 20
118.63
 21
118.63
  0
ARC
  8
APS_GEOMETRY
 10
-3025.684
 20
88.63
 40
30.0
 50
360.0
 51
90.0
  0
LINE
  8
APS_GEOMETRY
 10
-2995.684
 11
-2995.684
 20
88.63
 21
-96.37
  0
LINE
  8
APS_GEOMETRY
 10
-2995.684
 11
-3095.684
 20
-96.37
 21
-96.37
  0
LINE
  8
APS_GEOMETRY
 10
-3095.684
 11
-3095.684
 20
-96.37
 21
-156.37
  0
LINE
  8
APS_GEOMETRY
 10
-3095.684
 11
-2995.684
 20
-156.37
 21
-156.37
  0
LINE
  8
APS_GEOMETRY
 10
-2995.684
 11
-2995.684
 20
-156.37
 21
-341.37
  0
ARC
  8
APS_GEOMETRY
 10
-3025.684
 20
-341.37
 40
30.0
 50
270.0
 51
360.0
  0
LINE
  8
APS_GEOMETRY
 10
-3025.684
 11
-3135.684
 20
-371.37
 21
-371.37
  0
LINE
  8
APS_GEOMETRY
 10
-3135.684
 11
-3135.684
 20
-371.37
 21
-351.37
  0
LINE
  8
APS_GEOMETRY
 10
-3095.684
 11
-3095.684
 20
-156.37
 21
-351.37
  0
LINE
  8
APS_GEOMETRY
 10
-3095.684
 11
-4005.683
 20
-351.37
 21
-351.37
  0
ARC
  8
APS_GEOMETRY
 10
-2479.965
 20
-31.37
 40
10.0
 50
90.0
 51
174.278
  0
ARC
  8
APS_GEOMETRY
 10
-2509.815
 20
-28.38
 40
20.0
 50
276.7
 51
354.278
  0
ARC
  8
APS_GEOMETRY
 10
-2481.822
 20
-1433.002
 40
1384.997
 50
91.062
 51
104.376
  0
LINE
  8
APS_GEOMETRY
 10
-2825.684
 11
-3025.684
 20
-91.37
 21
-101.37
  0
LINE
  8
APS_GEOMETRY
 10
-3025.684
 11
-3075.684
 20
-101.37
 21
-101.37
  0
LINE
  8
APS_GEOMETRY
 10
-3075.684
 11
-3075.684
 20
-101.37
 21
-151.37
  0
LINE
  8
APS_GEOMETRY
 10
-3075.684
 11
-3025.684
 20
-151.37
 21
-151.37
  0
LINE
  8
APS_GEOMETRY
 10
-3025.684
 11
-2825.684
 20
-151.37
 21
-161.37
  0
ARC
  8
APS_GEOMETRY
 10
-2481.822
 20
1180.262
 40
1384.997
 50
255.624
 51
268.938
  0
ARC
  8
APS_GEOMETRY
 10
-2509.815
 20
-224.361
 40
20.0
 50
5.722
 51
83.3
  0
ARC
  8
APS_GEOMETRY
 10
-2479.965
 20
-221.37
 40
10.0
 50
185.722
 51
270.0
  0
LINE
  8
APS_GEOMETRY
 10
-2479.965
 11
-2123.525
 20
-21.37
 21
-21.37
  0
LINE
  8
APS_GEOMETRY
 10
-2116.744
 11
-2479.965
 20
-231.37
 21
-231.37
  0
LINE
  8
APS_GEOMETRY
 10
-3095.684
 11
-4135.264
 20
73.63
 21
73.63
  0
LINE
  8
APS_GEOMETRY
 10
-3095.684
 11
-4035.264
 20
-326.37
 21
-326.37
  0
LINE
  8
COSTRUZIONI
 10
-3935.683
 11
-3935.683
 20
68.63
 21
-326.37
  0
LINE
  8
APS_GEOMETRY
 10
-3935.683
 11
-3095.684
 20
-326.37
 21
-326.37
  0
LINE
  8
APS_GEOMETRY
 10
-3095.684
 11
-3095.684
 20
-326.37
 21
73.63
  0
LINE
  8
APS_GEOMETRY
 10
-3095.684
 11
-3935.683
 20
73.63
 21
73.63
  0
LINE
  8
APS_GEOMETRY
 10
-3935.683
 11
-3935.683
 20
73.63
 21
-326.37
  0
LINE
  8
APS_GEOMETRY
 10
-3109.826
 11
-3095.684
 20
-326.37
 21
-312.228
  0
LINE
  8
APS_GEOMETRY
 10
-3095.684
 11
-3123.968
 20
-298.086
 21
-326.37
  0
LINE
  8
APS_GEOMETRY
 10
-3138.11
 11
-3095.684
 20
-326.37
 21
-283.944
  0
LINE
  8
APS_GEOMETRY
 10
-3095.684
 11
-3152.252
 20
-269.802
 21
-326.37
  0
LINE
  8
APS_GEOMETRY
 10
-3166.395
 11
-3095.684
 20
-326.37
 21
-255.66
  0
LINE
  8
APS_GEOMETRY
 10
-3095.684
 11
-3180.537
 20
-241.518
 21
-326.37
  0
LINE
  8
APS_GEOMETRY
 10
-3194.679
 11
-3095.684
 20
-326.37
 21
-227.375
  0
LINE
  8
APS_GEOMETRY
 10
-3095.684
 11
-3208.821
 20
-213.233
 21
-326.37
  0
LINE
  8
APS_GEOMETRY
 10
-3222.963
 11
-3095.684
 20
-326.37
 21
-199.091
  0
LINE
  8
APS_GEOMETRY
 10
-3095.684
 11
-3237.105
 20
-184.949
 21
-326.37
  0
LINE
  8
APS_GEOMETRY
 10
-3251.247
 11
-3095.684
 20
-326.37
 21
-170.807
  0
LINE
  8
APS_GEOMETRY
 10
-3095.684
 11
-3265.389
 20
-156.665
 21
-326.37
  0
LINE
  8
APS_GEOMETRY
 10
-3279.532
 11
-3095.684
 20
-326.37
 21
-142.523
  0
LINE
  8
APS_GEOMETRY
 10
-3095.684
 11
-3293.674
 20
-128.38
 21
-326.37
  0
LINE
  8
APS_GEOMETRY
 10
-3307.816
 11
-3095.684
 20
-326.37
 21
-114.238
  0
LINE
  8
APS_GEOMETRY
 10
-3095.684
 11
-3321.958
 20
-100.096
 21
-326.37
  0
LINE
  8
APS_GEOMETRY
 10
-3336.1
 11
-3095.684
 20
-326.37
 21
-85.954
  0
LINE
  8
APS_GEOMETRY
 10
-3095.684
 11
-3350.242
 20
-71.812
 21
-326.37
  0
LINE
  8
APS_GEOMETRY
 10
-3364.384
 11
-3095.684
 20
-326.37
 21
-57.67
  0
LINE
  8
APS_GEOMETRY
 10
-3095.684
 11
-3378.527
 20
-43.528
 21
-326.37
  0
LINE
  8
APS_GEOMETRY
 10
-3392.669
 11
-3095.684
 20
-326.37
 21
-29.386
  0
LINE
  8
APS_GEOMETRY
 10
-3095.684
 11
-3406.811
 20
-15.243
 21
-326.37
  0
LINE
  8
APS_GEOMETRY
 10
-3420.953
 11
-3095.684
 20
-326.37
 21
-1.101
  0
LINE
  8
APS_GEOMETRY
 10
-3095.684
 11
-3435.095
 20
13.041
 21
-326.37
  0
LINE
  8
APS_GEOMETRY
 10
-3449.237
 11
-3095.684
 20
-326.37
 21
27.183
  0
LINE
  8
APS_GEOMETRY
 10
-3095.684
 11
-3463.379
 20
41.325
 21
-326.37
  0
LINE
  8
APS_GEOMETRY
 10
-3477.522
 11
-3095.684
 20
-326.37
 21
55.467
  0
LINE
  8
APS_GEOMETRY
 10
-3095.684
 11
-3491.664
 20
69.609
 21
-326.37
  0
LINE
  8
APS_GEOMETRY
 10
-3505.806
 11
-3105.806
 20
-326.37
 21
73.63
  0
LINE
  8
APS_GEOMETRY
 10
-3119.948
 11
-3519.948
 20
73.63
 21
-326.37
  0
LINE
  8
APS_GEOMETRY
 10
-3534.09
 11
-3134.09
 20
-326.37
 21
73.63
  0
LINE
  8
APS_GEOMETRY
 10
-3148.232
 11
-3548.232
 20
73.63
 21
-326.37
  0
LINE
  8
APS_GEOMETRY
 10
-3562.374
 11
-3162.374
 20
-326.37
 21
73.63
  0
LINE
  8
APS_GEOMETRY
 10
-3176.516
 11
-3576.516
 20
73.63
 21
-326.37
  0
LINE
  8
APS_GEOMETRY
 10
-3590.659
 11
-3190.659
 20
-326.37
 21
73.63
  0
LINE
  8
APS_GEOMETRY
 10
-3204.801
 11
-3604.801
 20
73.63
 21
-326.37
  0
LINE
  8
APS_GEOMETRY
 10
-3618.943
 11
-3218.943
 20
-326.37
 21
73.63
  0
LINE
  8
APS_GEOMETRY
 10
-3233.085
 11
-3633.085
 20
73.63
 21
-326.37
  0
LINE
  8
APS_GEOMETRY
 10
-3647.227
 11
-3247.227
 20
-326.37
 21
73.63
  0
LINE
  8
APS_GEOMETRY
 10
-3261.369
 11
-3661.369
 20
73.63
 21
-326.37
  0
LINE
  8
APS_GEOMETRY
 10
-3675.511
 11
-3275.511
 20
-326.37
 21
73.63
  0
LINE
  8
APS_GEOMETRY
 10
-3289.654
 11
-3689.654
 20
73.63
 21
-326.37
  0
LINE
  8
APS_GEOMETRY
 10
-3703.796
 11
-3303.796
 20
-326.37
 21
73.63
  0
LINE
  8
APS_GEOMETRY
 10
-3317.938
 11
-3717.938
 20
73.63
 21
-326.37
  0
LINE
  8
APS_GEOMETRY
 10
-3732.08
 11
-3332.08
 20
-326.37
 21
73.63
  0
LINE
  8
APS_GEOMETRY
 10
-3346.222
 11
-3746.222
 20
73.63
 21
-326.37
  0
LINE
  8
APS_GEOMETRY
 10
-3760.364
 11
-3360.364
 20
-326.37
 21
73.63
  0
LINE
  8
APS_GEOMETRY
 10
-3374.506
 11
-3774.506
 20
73.63
 21
-326.37
  0
LINE
  8
APS_GEOMETRY
 10
-3788.648
 11
-3388.648
 20
-326.37
 21
73.63
  0
LINE
  8
APS_GEOMETRY
 10
-3402.791
 11
-3802.791
 20
73.63
 21
-326.37
  0
LINE
  8
APS_GEOMETRY
 10
-3816.933
 11
-3416.933
 20
-326.37
 21
73.63
  0
LINE
  8
APS_GEOMETRY
 10
-3431.075
 11
-3831.075
 20
73.63
 21
-326.37
  0
LINE
  8
APS_GEOMETRY
 10
-3845.217
 11
-3445.217
 20
-326.37
 21
73.63
  0
LINE
  8
APS_GEOMETRY
 10
-3459.359
 11
-3859.359
 20
73.63
 21
-326.37
  0
LINE
  8
APS_GEOMETRY
 10
-3873.501
 11
-3473.501
 20
-326.37
 21
73.63
  0
LINE
  8
APS_GEOMETRY
 10
-3487.643
 11
-3887.643
 20
73.63
 21
-326.37
  0
LINE
  8
APS_GEOMETRY
 10
-3901.786
 11
-3501.786
 20
-326.37
 21
73.63
  0
LINE
  8
APS_GEOMETRY
 10
-3515.928
 11
-3915.928
 20
73.63
 21
-326.37
  0
LINE
  8
APS_GEOMETRY
 10
-3930.07
 11
-3530.07
 20
-326.37
 21
73.63
  0
LINE
  8
APS_GEOMETRY
 10
-3544.212
 11
-3935.683
 20
73.63
 21
-317.842
  0
LINE
  8
APS_GEOMETRY
 10
-3935.683
 11
-3558.354
 20
-303.7
 21
73.63
  0
LINE
  8
APS_GEOMETRY
 10
-3572.496
 11
-3935.683
 20
73.63
 21
-289.558
  0
LINE
  8
APS_GEOMETRY
 10
-3935.683
 11
-3586.638
 20
-275.415
 21
73.63
  0
LINE
  8
APS_GEOMETRY
 10
-3600.781
 11
-3935.683
 20
73.63
 21
-261.273
  0
LINE
  8
APS_GEOMETRY
 10
-3935.683
 11
-3614.923
 20
-247.131
 21
73.63
  0
LINE
  8
APS_GEOMETRY
 10
-3629.065
 11
-3935.683
 20
73.63
 21
-232.989
  0
LINE
  8
APS_GEOMETRY
 10
-3935.683
 11
-3643.207
 20
-218.847
 21
73.63
  0
LINE
  8
APS_GEOMETRY
 10
-3657.349
 11
-3935.683
 20
73.63
 21
-204.705
  0
LINE
  8
APS_GEOMETRY
 10
-3935.683
 11
-3671.491
 20
-190.563
 21
73.63
  0
LINE
  8
APS_GEOMETRY
 10
-3685.633
 11
-3935.683
 20
73.63
 21
-176.421
  0
LINE
  8
APS_GEOMETRY
 10
-3935.683
 11
-3699.775
 20
-162.278
 21
73.63
  0
LINE
  8
APS_GEOMETRY
 10
-3713.918
 11
-3935.683
 20
73.63
 21
-148.136
  0
LINE
  8
APS_GEOMETRY
 10
-3935.683
 11
-3728.06
 20
-133.994
 21
73.63
  0
LINE
  8
APS_GEOMETRY
 10
-3742.202
 11
-3935.683
 20
73.63
 21
-119.852
  0
LINE
  8
APS_GEOMETRY
 10
-3935.683
 11
-3756.344
 20
-105.71
 21
73.63
  0
LINE
  8
APS_GEOMETRY
 10
-3770.486
 11
-3935.683
 20
73.63
 21
-91.568
  0
LINE
  8
APS_GEOMETRY
 10
-3935.683
 11
-3784.628
 20
-77.426
 21
73.63
  0
LINE
  8
APS_GEOMETRY
 10
-3798.77
 11
-3935.683
 20
73.63
 21
-63.283
  0
LINE
  8
APS_GEOMETRY
 10
-3935.683
 11
-3812.913
 20
-49.141
 21
73.63
  0
LINE
  8
APS_GEOMETRY
 10
-3827.055
 11
-3935.683
 20
73.63
 21
-34.999
  0
LINE
  8
APS_GEOMETRY
 10
-3935.683
 11
-3841.197
 20
-20.857
 21
73.63
  0
LINE
  8
APS_GEOMETRY
 10
-3855.339
 11
-3935.683
 20
73.63
 21
-6.715
  0
LINE
  8
APS_GEOMETRY
 10
-3935.683
 11
-3869.481
 20
7.427
 21
73.63
  0
LINE
  8
APS_GEOMETRY
 10
-3883.623
 11
-3935.683
 20
73.63
 21
21.569
  0
LINE
  8
APS_GEOMETRY
 10
-3935.683
 11
-3897.765
 20
35.712
 21
73.63
  0
LINE
  8
APS_GEOMETRY
 10
-3911.908
 11
-3935.683
 20
73.63
 21
49.854
  0
LINE
  8
APS_GEOMETRY
 10
-3935.683
 11
-3926.05
 20
63.996
 21
73.63
  0
ARC
  8
QUOTATURA
 10
-3489.057
 20
-1538.684
 40
0.822
 50
42.904
 51
122.546
  0
ARC
  8
QUOTATURA
 10
-3489.268
 20
-1538.343
 40
0.421
 50
123.307
 51
253.426
  0
LINE
  8
QUOTATURA
 10
-3489.388
 11
-3488.721
 20
-1538.746
 21
-1538.968
  0
ARC
  8
QUOTATURA
 10
-3488.857
 20
-1539.399
 40
0.451
 50
299.838
 51
72.504
  0
ARC
  8
QUOTATURA
 10
-3489.066
 20
-1539.039
 40
0.867
 50
240.023
 51
299.974
  0
ARC
  8
QUOTATURA
 10
-3489.262
 20
-1539.376
 40
0.478
 50
209.759
 51
240.255
  0
ARC
  8
QUOTATURA
 10
-3487.681
 20
-1538.895
 40
1.216
 50
31.027
 51
40.045
  0
ARC
  8
QUOTATURA
 10
-3487.262
 20
-1538.523
 40
0.655
 50
38.687
 51
141.312
  0
ARC
  8
QUOTATURA
 10
-3486.827
 20
-1538.88
 40
1.218
 50
140.979
 51
219.022
  0
ARC
  8
QUOTATURA
 10
-3487.262
 20
-1539.237
 40
0.655
 50
218.688
 51
321.313
  0
ARC
  8
QUOTATURA
 10
-3487.689
 20
-1538.933
 40
1.179
 50
322.727
 51
335.346
  0
LINE
  8
QUOTATURA
 10
-3485.957
 11
-3484.735
 20
-1539.452
 21
-1539.452
  0
LINE
  8
QUOTATURA
 10
-3486.202
 11
-3485.424
 20
-1539.897
 21
-1537.897
  0
LINE
  8
QUOTATURA
 10
-3485.424
 11
-3485.246
 20
-1537.897
 21
-1537.897
  0
LINE
  8
QUOTATURA
 10
-3485.246
 11
-3484.513
 20
-1537.897
 21
-1539.897
  0
LINE
  8
QUOTATURA
 10
-3484.113
 11
-3484.113
 20
-1537.897
 21
-1539.897
  0
LINE
  8
QUOTATURA
 10
-3484.113
 11
-3482.779
 20
-1539.897
 21
-1539.897
  0
LINE
  8
QUOTATURA
 10
-3482.135
 11
-3480.913
 20
-1539.452
 21
-1539.452
  0
LINE
  8
QUOTATURA
 10
-3482.379
 11
-3481.602
 20
-1539.897
 21
-1537.897
  0
LINE
  8
QUOTATURA
 10
-3481.602
 11
-3481.424
 20
-1537.897
 21
-1537.897
  0
LINE
  8
QUOTATURA
 10
-3481.424
 11
-3480.69
 20
-1537.897
 21
-1539.897
  0
LINE
  8
QUOTATURA
 10
-3478.39
 11
-3478.047
 20
-1539.897
 21
-1539.897
  0
LINE
  8
QUOTATURA
 10
-3478.047
 11
-3477.704
 20
-1539.897
 21
-1539.897
  0
LINE
  8
QUOTATURA
 10
-3478.047
 11
-3478.047
 20
-1539.897
 21
-1537.897
  0
LINE
  8
QUOTATURA
 10
-3478.047
 11
-3478.39
 20
-1537.897
 21
-1538.24
  0
ARC
  8
QUOTATURA
 10
-3476.514
 20
-1539.266
 40
0.655
 50
218.689
 51
321.311
  0
ARC
  8
QUOTATURA
 10
-3476.949
 20
-1538.909
 40
1.218
 50
320.978
 51
39.021
  0
ARC
  8
QUOTATURA
 10
-3476.514
 20
-1538.552
 40
0.655
 50
38.688
 51
141.313
  0
ARC
  8
QUOTATURA
 10
-3476.079
 20
-1538.909
 40
1.218
 50
140.979
 51
219.021
  0
LINE
  8
QUOTATURA
 10
-3475.239
 11
-3475.339
 20
-1538.634
 21
-1538.634
  0
LINE
  8
QUOTATURA
 10
-3475.339
 11
-3475.339
 20
-1538.634
 21
-1538.534
  0
LINE
  8
QUOTATURA
 10
-3475.339
 11
-3475.239
 20
-1538.534
 21
-1538.534
  0
LINE
  8
QUOTATURA
 10
-3475.239
 11
-3475.239
 20
-1538.534
 21
-1538.634
  0
LINE
  8
QUOTATURA
 10
-3475.239
 11
-3475.339
 20
-1539.434
 21
-1539.434
  0
LINE
  8
QUOTATURA
 10
-3475.339
 11
-3475.339
 20
-1539.434
 21
-1539.334
  0
LINE
  8
QUOTATURA
 10
-3475.339
 11
-3475.239
 20
-1539.334
 21
-1539.334
  0
LINE
  8
QUOTATURA
 10
-3475.239
 11
-3475.239
 20
-1539.334
 21
-1539.434
  0
LINE
  8
QUOTATURA
 10
-3474.839
 11
-3474.496
 20
-1539.897
 21
-1539.897
  0
LINE
  8
QUOTATURA
 10
-3474.496
 11
-3474.152
 20
-1539.897
 21
-1539.897
  0
LINE
  8
QUOTATURA
 10
-3474.496
 11
-3474.496
 20
-1539.897
 21
-1537.897
  0
LINE
  8
QUOTATURA
 10
-3474.496
 11
-3474.839
 20
-1537.897
 21
-1538.24
  0
LINE
  8
QUOTATURA
 10
-4135.683
 11
-4135.683
 20
93.63
 21
475.956
  0
LINE
  8
QUOTATURA
 10
-2995.684
 11
-2995.684
 20
113.63
 21
475.956
  0
LINE
  8
QUOTATURA
 10
-4135.683
 11
-3626.921
 20
450.956
 21
450.956
  0
LINE
  8
QUOTATURA
 10
-3504.446
 11
-2995.684
 20
450.956
 21
450.956
  0
LINE
  8
QUOTATURA
 10
-4085.683
 11
-4135.683
 20
442.621
 21
450.956
  0
LINE
  8
QUOTATURA
 10
-4135.683
 11
-4085.683
 20
450.956
 21
459.291
  0
LINE
  8
QUOTATURA
 10
-4085.683
 11
-4085.683
 20
459.291
 21
442.621
  0
LINE
  8
QUOTATURA
 10
-3045.684
 11
-2995.684
 20
459.291
 21
450.956
  0
LINE
  8
QUOTATURA
 10
-2995.684
 11
-3045.684
 20
450.956
 21
442.621
  0
LINE
  8
QUOTATURA
 10
-3045.684
 11
-3045.684
 20
442.621
 21
459.291
  0
LINE
  8
QUOTATURA
 10
-3095.684
 11
-3095.684
 20
123.63
 21
348.071
  0
LINE
  8
QUOTATURA
 10
-4135.683
 11
-4135.683
 20
93.63
 21
348.071
  0
LINE
  8
QUOTATURA
 10
-3095.684
 11
-3543.455
 20
323.071
 21
323.071
  0
LINE
  8
QUOTATURA
 10
-3687.912
 11
-4135.683
 20
323.071
 21
323.071
  0
LINE
  8
QUOTATURA
 10
-3145.684
 11
-3095.684
 20
331.406
 21
323.071
  0
LINE
  8
QUOTATURA
 10
-3095.684
 11
-3145.684
 20
323.071
 21
314.736
  0
LINE
  8
QUOTATURA
 10
-3145.684
 11
-3145.684
 20
314.736
 21
331.406
  0
LINE
  8
QUOTATURA
 10
-4085.683
 11
-4135.683
 20
314.736
 21
323.071
  0
LINE
  8
QUOTATURA
 10
-4135.683
 11
-4085.683
 20
323.071
 21
331.406
  0
LINE
  8
QUOTATURA
 10
-4085.683
 11
-4085.683
 20
331.406
 21
314.736
  0
LINE
  8
QUOTATURA
 10
-3935.683
 11
-3935.683
 20
98.63
 21
276.798
  0
LINE
  8
QUOTATURA
 10
-4135.683
 11
-4135.683
 20
93.63
 21
276.798
  0
LINE
  8
QUOTATURA
 10
-3935.683
 11
-3981.858
 20
251.798
 21
251.798
  0
LINE
  8
QUOTATURA
 10
-4089.509
 11
-4135.683
 20
251.798
 21
251.798
  0
LINE
  8
QUOTATURA
 10
-3985.683
 11
-3935.683
 20
260.133
 21
251.798
  0
LINE
  8
QUOTATURA
 10
-3935.683
 11
-3985.683
 20
251.798
 21
243.463
  0
LINE
  8
QUOTATURA
 10
-3985.683
 11
-3985.683
 20
243.463
 21
260.133
  0
LINE
  8
QUOTATURA
 10
-4085.683
 11
-4135.683
 20
243.463
 21
251.798
  0
LINE
  8
QUOTATURA
 10
-4135.683
 11
-4085.683
 20
251.798
 21
260.133
  0
LINE
  8
QUOTATURA
 10
-4085.683
 11
-4085.683
 20
260.133
 21
243.463
  0
LINE
  8
QUOTATURA
 10
-3095.684
 11
-3095.684
 20
80.467
 21
276.798
  0
LINE
  8
QUOTATURA
 10
-3935.683
 11
-3572.692
 20
251.798
 21
251.798
  0
LINE
  8
QUOTATURA
 10
-3458.675
 11
-3095.684
 20
251.798
 21
251.798
  0
LINE
  8
QUOTATURA
 10
-3885.683
 11
-3935.683
 20
243.463
 21
251.798
  0
LINE
  8
QUOTATURA
 10
-3935.683
 11
-3885.683
 20
251.798
 21
260.133
  0
LINE
  8
QUOTATURA
 10
-3885.683
 11
-3885.683
 20
260.133
 21
243.463
  0
LINE
  8
QUOTATURA
 10
-3145.684
 11
-3095.684
 20
260.133
 21
251.798
  0
LINE
  8
QUOTATURA
 10
-3095.684
 11
-3145.684
 20
251.798
 21
243.463
  0
LINE
  8
QUOTATURA
 10
-3145.684
 11
-3145.684
 20
243.463
 21
260.133
  0
LINE
  8
QUOTATURA
 10
-2995.684
 11
-2995.684
 20
113.63
 21
208.375
  0
LINE
  8
QUOTATURA
 10
-2995.684
 11
-2892.105
 20
183.375
 21
183.375
  0
LINE
  8
QUOTATURA
 10
-2945.684
 11
-2995.684
 20
175.04
 21
183.375
  0
LINE
  8
QUOTATURA
 10
-2995.684
 11
-2945.684
 20
183.375
 21
191.71
  0
LINE
  8
QUOTATURA
 10
-2945.684
 11
-2945.684
 20
191.71
 21
175.04
  0
LINE
  8
QUOTATURA
 10
-3095.684
 11
-3195.684
 20
183.375
 21
183.375
  0
LINE
  8
QUOTATURA
 10
-3145.684
 11
-3095.684
 20
191.71
 21
183.375
  0
LINE
  8
QUOTATURA
 10
-3095.684
 11
-3145.684
 20
183.375
 21
175.04
  0
LINE
  8
QUOTATURA
 10
-3145.684
 11
-3145.684
 20
175.04
 21
191.71
  0
LINE
  8
QUOTATURA
 10
-3135.684
 11
-3135.684
 20
-396.37
 21
-568.612
  0
LINE
  8
QUOTATURA
 10
-2995.684
 11
-2995.684
 20
-366.37
 21
-568.612
  0
LINE
  8
QUOTATURA
 10
-2995.684
 11
-2876.921
 20
-543.612
 21
-543.612
  0
LINE
  8
QUOTATURA
 10
-2945.684
 11
-2995.684
 20
-551.947
 21
-543.612
  0
LINE
  8
QUOTATURA
 10
-2995.684
 11
-2945.684
 20
-543.612
 21
-535.277
  0
LINE
  8
QUOTATURA
 10
-2945.684
 11
-2945.684
 20
-535.277
 21
-551.947
  0
LINE
  8
QUOTATURA
 10
-3135.684
 11
-3235.684
 20
-543.612
 21
-543.612
  0
LINE
  8
QUOTATURA
 10
-3185.684
 11
-3135.684
 20
-535.277
 21
-543.612
  0
LINE
  8
QUOTATURA
 10
-3135.684
 11
-3185.684
 20
-543.612
 21
-551.947
  0
LINE
  8
QUOTATURA
 10
-3185.684
 11
-3185.684
 20
-551.947
 21
-535.277
  0
LINE
  8
QUOTATURA
 10
-3000.684
 11
-2901.194
 20
-371.37
 21
-371.37
  0
LINE
  8
QUOTATURA
 10
-2970.684
 11
-2901.194
 20
-156.37
 21
-156.37
  0
LINE
  8
QUOTATURA
 10
-2926.194
 11
-2926.194
 20
-156.37
 21
-463.786
  0
LINE
  8
QUOTATURA
 10
-2926.194
 11
-2660.325
 20
-463.786
 21
-463.786
  0
LINE
  8
QUOTATURA
 10
-2917.859
 11
-2926.194
 20
-321.37
 21
-371.37
  0
LINE
  8
QUOTATURA
 10
-2926.194
 11
-2934.529
 20
-371.37
 21
-321.37
  0
LINE
  8
QUOTATURA
 10
-2934.529
 11
-2917.859
 20
-321.37
 21
-321.37
  0
LINE
  8
QUOTATURA
 10
-2934.529
 11
-2926.194
 20
-206.37
 21
-156.37
  0
LINE
  8
QUOTATURA
 10
-2926.194
 11
-2917.859
 20
-156.37
 21
-206.37
  0
LINE
  8
QUOTATURA
 10
-2917.859
 11
-2934.529
 20
-206.37
 21
-206.37
  0
LINE
  8
QUOTATURA
 10
-3020.684
 11
-3082.336
 20
-96.37
 21
-96.37
  0
LINE
  8
QUOTATURA
 10
-3020.684
 11
-3082.336
 20
-156.37
 21
-156.37
  0
LINE
  8
QUOTATURA
 10
-3057.336
 11
-3057.336
 20
-156.37
 21
-243.75
  0
LINE
  8
QUOTATURA
 10
-3057.336
 11
-3057.336
 20
-281.326
 21
-281.326
  0
LINE
  8
QUOTATURA
 10
-3065.671
 11
-3057.336
 20
-206.37
 21
-156.37
  0
LINE
  8
QUOTATURA
 10
-3057.336
 11
-3049.001
 20
-156.37
 21
-206.37
  0
LINE
  8
QUOTATURA
 10
-3049.001
 11
-3065.671
 20
-206.37
 21
-206.37
  0
LINE
  8
QUOTATURA
 10
-3057.336
 11
-3057.336
 20
-96.37
 21
3.63
  0
LINE
  8
QUOTATURA
 10
-3049.001
 11
-3057.336
 20
-46.37
 21
-96.37
  0
LINE
  8
QUOTATURA
 10
-3057.336
 11
-3065.671
 20
-96.37
 21
-46.37
  0
LINE
  8
QUOTATURA
 10
-3065.671
 11
-3049.001
 20
-46.37
 21
-46.37
  0
LINE
  8
QUOTATURA
 10
-4010.264
 11
-3947.485
 20
-326.37
 21
-326.37
  0
LINE
  8
QUOTATURA
 10
-3972.485
 11
-3972.485
 20
-351.37
 21
-546.463
  0
LINE
  8
QUOTATURA
 10
-3972.485
 11
-3844.137
 20
-546.463
 21
-546.463
  0
LINE
  8
QUOTATURA
 10
-3980.82
 11
-3972.485
 20
-401.37
 21
-351.37
  0
LINE
  8
QUOTATURA
 10
-3972.485
 11
-3964.15
 20
-351.37
 21
-401.37
  0
LINE
  8
QUOTATURA
 10
-3964.15
 11
-3980.82
 20
-401.37
 21
-401.37
  0
LINE
  8
QUOTATURA
 10
-3972.485
 11
-3972.485
 20
-326.37
 21
-226.37
  0
LINE
  8
QUOTATURA
 10
-3964.15
 11
-3972.485
 20
-276.37
 21
-326.37
  0
LINE
  8
QUOTATURA
 10
-3972.485
 11
-3980.82
 20
-326.37
 21
-276.37
  0
LINE
  8
QUOTATURA
 10
-3980.82
 11
-3964.15
 20
-276.37
 21
-276.37
  0
LINE
  8
QUOTATURA
 10
-3910.683
 11
-3708.007
 20
-326.37
 21
-326.37
  0
LINE
  8
QUOTATURA
 10
-3910.683
 11
-3708.007
 20
73.63
 21
73.63
  0
LINE
  8
QUOTATURA
 10
-3733.007
 11
-3733.007
 20
-326.37
 21
-164.48
  0
LINE
  8
QUOTATURA
 10
-3733.007
 11
-3733.007
 20
-88.853
 21
73.63
  0
LINE
  8
QUOTATURA
 10
-3724.672
 11
-3733.007
 20
-276.37
 21
-326.37
  0
LINE
  8
QUOTATURA
 10
-3733.007
 11
-3741.342
 20
-326.37
 21
-276.37
  0
LINE
  8
QUOTATURA
 10
-3741.342
 11
-3724.672
 20
-276.37
 21
-276.37
  0
LINE
  8
QUOTATURA
 10
-3741.342
 11
-3733.007
 20
23.63
 21
73.63
  0
LINE
  8
QUOTATURA
 10
-3733.007
 11
-3724.672
 20
73.63
 21
23.63
  0
LINE
  8
QUOTATURA
 10
-3724.672
 11
-3741.342
 20
23.63
 21
23.63
  0
LINE
  8
QUOTATURA
 10
-4110.264
 11
-3990.249
 20
73.63
 21
73.63
  0
LINE
  8
QUOTATURA
 10
-4080.683
 11
-3990.249
 20
98.63
 21
98.63
  0
LINE
  8
QUOTATURA
 10
-4015.249
 11
-4015.249
 20
98.63
 21
169.121
  0
LINE
  8
QUOTATURA
 10
-4015.249
 11
-3827.032
 20
169.121
 21
169.121
  0
LINE
  8
QUOTATURA
 10
-4006.914
 11
-4015.249
 20
148.63
 21
98.63
  0
LINE
  8
QUOTATURA
 10
-4015.249
 11
-4023.584
 20
98.63
 21
148.63
  0
LINE
  8
QUOTATURA
 10
-4023.584
 11
-4006.914
 20
148.63
 21
148.63
  0
LINE
  8
QUOTATURA
 10
-4015.249
 11
-4015.249
 20
73.63
 21
-26.37
  0
LINE
  8
QUOTATURA
 10
-4023.584
 11
-4015.249
 20
23.63
 21
73.63
  0
LINE
  8
QUOTATURA
 10
-4015.249
 11
-4006.914
 20
73.63
 21
23.63
  0
LINE
  8
QUOTATURA
 10
-4006.914
 11
-4023.584
 20
23.63
 21
23.63
  0
LINE
  8
QUOTATURA
 10
-3576.108
 11
-3576.108
 20
98.63
 21
-497.438
  0
LINE
  8
QUOTATURA
 10
-3576.108
 11
-3576.108
 20
-534.956
 21
-534.956
  0
LINE
  8
QUOTATURA
 10
-3567.773
 11
-3576.108
 20
-301.37
 21
-351.37
  0
LINE
  8
QUOTATURA
 10
-3576.108
 11
-3584.443
 20
-351.37
 21
-301.37
  0
LINE
  8
QUOTATURA
 10
-3584.443
 11
-3567.773
 20
-301.37
 21
-301.37
  0
LINE
  8
QUOTATURA
 10
-3584.443
 11
-3576.108
 20
48.63
 21
98.63
  0
LINE
  8
QUOTATURA
 10
-3576.108
 11
-3567.773
 20
98.63
 21
48.63
  0
LINE
  8
QUOTATURA
 10
-3567.773
 11
-3584.443
 20
48.63
 21
48.63
  0
LINE
  8
QUOTATURA
 10
-3050.684
 11
-3142.29
 20
118.63
 21
118.63
  0
LINE
  8
QUOTATURA
 10
-3050.684
 11
-3142.29
 20
-371.37
 21
-371.37
  0
LINE
  8
QUOTATURA
 10
-3117.29
 11
-3117.29
 20
118.63
 21
-471.816
  0
LINE
  8
QUOTATURA
 10
-3117.29
 11
-3230.349
 20
-471.816
 21
-471.816
  0
LINE
  8
QUOTATURA
 10
-3125.625
 11
-3117.29
 20
68.63
 21
118.63
  0
LINE
  8
QUOTATURA
 10
-3117.29
 11
-3108.955
 20
118.63
 21
68.63
  0
LINE
  8
QUOTATURA
 10
-3108.955
 11
-3125.625
 20
68.63
 21
68.63
  0
LINE
  8
QUOTATURA
 10
-3108.955
 11
-3117.29
 20
-321.37
 21
-371.37
  0
LINE
  8
QUOTATURA
 10
-3117.29
 11
-3125.625
 20
-371.37
 21
-321.37
  0
LINE
  8
QUOTATURA
 10
-3125.625
 11
-3108.955
 20
-321.37
 21
-321.37
  0
LINE
  8
APS_GEOMETRY
 10
3093.825
 11
3093.825
 20
2094.586
 21
25.586
  0
LINE
  8
APS_GEOMETRY
 10
2508.825
 11
2508.825
 20
25.586
 21
2094.586
  0
LINE
  8
APS_GEOMETRY
 10
3207.825
 11
3207.825
 20
2114.586
 21
5.586
  0
LINE
  8
APS_GEOMETRY
 10
3207.825
 11
2394.825
 20
5.586
 21
5.586
  0
LINE
  8
APS_GEOMETRY
 10
2394.825
 11
2394.825
 20
5.586
 21
2114.586
  0
LINE
  8
APS_GEOMETRY
 10
2394.825
 11
3207.825
 20
2114.586
 21
2114.586
  0
LINE
  8
COSTRUZIONI
 10
3204.825
 11
3204.825
 20
10.586
 21
2109.586
  0
LINE
  8
COSTRUZIONI
 10
3204.825
 11
2397.825
 20
2109.586
 21
2109.586
  0
LINE
  8
COSTRUZIONI
 10
2397.825
 11
2397.825
 20
2109.586
 21
10.586
  0
LINE
  8
COSTRUZIONI
 10
2397.825
 11
3204.825
 20
10.586
 21
10.586
  0
LINE
  8
QUOTATURA
 10
2394.825
 11
2394.825
 20
0.586
 21
-149.666
  0
LINE
  8
QUOTATURA
 10
3207.825
 11
3207.825
 20
0.586
 21
-149.666
  0
LINE
  8
QUOTATURA
 10
2394.825
 11
2713.588
 20
-139.666
 21
-139.666
  0
LINE
  8
QUOTATURA
 10
2889.063
 11
3207.825
 20
-139.666
 21
-139.666
  0
LINE
  8
QUOTATURA
 10
2414.825
 11
2394.825
 20
-143.0
 21
-139.666
  0
LINE
  8
QUOTATURA
 10
2394.825
 11
2414.825
 20
-139.666
 21
-136.332
  0
LINE
  8
QUOTATURA
 10
2414.825
 11
2414.825
 20
-136.332
 21
-143.0
  0
LINE
  8
QUOTATURA
 10
3187.825
 11
3207.825
 20
-136.332
 21
-139.666
  0
LINE
  8
QUOTATURA
 10
3207.825
 11
3187.825
 20
-139.666
 21
-143.0
  0
LINE
  8
QUOTATURA
 10
3187.825
 11
3187.825
 20
-143.0
 21
-136.332
  0
LINE
  8
COSTRUZIONI
 10
2414.825
 11
2414.825
 20
2114.586
 21
5.586
  0
LINE
  8
COSTRUZIONI
 10
3187.825
 11
3187.825
 20
5.586
 21
2114.586
  0
LINE
  8
COSTRUZIONI
 10
2414.825
 11
3187.825
 20
25.586
 21
25.586
  0
LINE
  8
QUOTATURA
 10
2384.825
 11
2206.974
 20
5.586
 21
5.586
  0
LINE
  8
QUOTATURA
 10
2384.825
 11
2206.974
 20
2114.586
 21
2114.586
  0
LINE
  8
QUOTATURA
 10
2216.974
 11
2216.974
 20
5.586
 21
1044.838
  0
LINE
  8
QUOTATURA
 10
2216.974
 11
2216.974
 20
1075.44
 21
2114.586
  0
LINE
  8
QUOTATURA
 10
2220.308
 11
2216.974
 20
25.586
 21
5.586
  0
LINE
  8
QUOTATURA
 10
2216.974
 11
2213.64
 20
5.586
 21
25.586
  0
LINE
  8
QUOTATURA
 10
2213.64
 11
2220.308
 20
25.586
 21
25.586
  0
LINE
  8
QUOTATURA
 10
2213.64
 11
2216.974
 20
2094.586
 21
2114.586
  0
LINE
  8
QUOTATURA
 10
2216.974
 11
2220.308
 20
2114.586
 21
2094.586
  0
LINE
  8
QUOTATURA
 10
2220.308
 11
2213.64
 20
2094.586
 21
2094.586
  0
LINE
  8
QUOTATURA
 10
2387.825
 11
2312.086
 20
10.586
 21
10.586
  0
LINE
  8
QUOTATURA
 10
2387.825
 11
2312.086
 20
2109.586
 21
2109.586
  0
LINE
  8
QUOTATURA
 10
2322.086
 11
2322.086
 20
10.586
 21
462.057
  0
LINE
  8
QUOTATURA
 10
2322.086
 11
2322.086
 20
492.368
 21
2109.586
  0
LINE
  8
QUOTATURA
 10
2325.42
 11
2322.086
 20
30.586
 21
10.586
  0
LINE
  8
QUOTATURA
 10
2322.086
 11
2318.752
 20
10.586
 21
30.586
  0
LINE
  8
QUOTATURA
 10
2318.752
 11
2325.42
 20
30.586
 21
30.586
  0
LINE
  8
QUOTATURA
 10
2318.752
 11
2322.086
 20
2089.586
 21
2109.586
  0
LINE
  8
QUOTATURA
 10
2322.086
 11
2325.42
 20
2109.586
 21
2089.586
  0
LINE
  8
QUOTATURA
 10
2325.42
 11
2318.752
 20
2089.586
 21
2089.586
  0
LINE
  8
QUOTATURA
 10
2501.825
 11
2501.825
 20
229.586
 21
289.986
  0
LINE
  8
QUOTATURA
 10
3100.825
 11
3100.825
 20
229.586
 21
289.986
  0
LINE
  8
QUOTATURA
 10
2501.825
 11
2770.984
 20
279.986
 21
279.986
  0
LINE
  8
QUOTATURA
 10
2831.666
 11
3100.825
 20
279.986
 21
279.986
  0
LINE
  8
QUOTATURA
 10
2521.825
 11
2501.825
 20
276.652
 21
279.986
  0
LINE
  8
QUOTATURA
 10
2501.825
 11
2521.825
 20
279.986
 21
283.32
  0
LINE
  8
QUOTATURA
 10
2521.825
 11
2521.825
 20
283.32
 21
276.652
  0
LINE
  8
QUOTATURA
 10
3080.825
 11
3100.825
 20
283.32
 21
279.986
  0
LINE
  8
QUOTATURA
 10
3100.825
 11
3080.825
 20
279.986
 21
276.652
  0
LINE
  8
QUOTATURA
 10
3080.825
 11
3080.825
 20
276.652
 21
283.32
  0
LINE
  8
QUOTATURA
 10
2397.825
 11
2397.825
 20
0.586
 21
-121.343
  0
LINE
  8
QUOTATURA
 10
3204.825
 11
3204.825
 20
0.586
 21
-121.343
  0
LINE
  8
QUOTATURA
 10
2397.825
 11
2769.829
 20
-111.343
 21
-111.343
  0
LINE
  8
QUOTATURA
 10
2832.821
 11
3204.825
 20
-111.343
 21
-111.343
  0
LINE
  8
QUOTATURA
 10
2417.825
 11
2397.825
 20
-114.677
 21
-111.343
  0
LINE
  8
QUOTATURA
 10
2397.825
 11
2417.825
 20
-111.343
 21
-108.009
  0
LINE
  8
QUOTATURA
 10
2417.825
 11
2417.825
 20
-108.009
 21
-114.677
  0
LINE
  8
QUOTATURA
 10
3184.825
 11
3204.825
 20
-108.009
 21
-111.343
  0
LINE
  8
QUOTATURA
 10
3204.825
 11
3184.825
 20
-111.343
 21
-114.677
  0
LINE
  8
QUOTATURA
 10
3184.825
 11
3184.825
 20
-114.677
 21
-108.009
  0
LINE
  8
QUOTATURA
 10
3207.825
 11
3207.825
 20
15.586
 21
525.057
  0
LINE
  8
QUOTATURA
 10
3204.825
 11
3204.825
 20
20.586
 21
525.057
  0
LINE
  8
QUOTATURA
 10
3207.825
 11
3256.677
 20
515.057
 21
515.057
  0
LINE
  8
QUOTATURA
 10
3227.825
 11
3207.825
 20
511.723
 21
515.057
  0
LINE
  8
QUOTATURA
 10
3207.825
 11
3227.825
 20
515.057
 21
518.391
  0
LINE
  8
QUOTATURA
 10
3227.825
 11
3227.825
 20
518.391
 21
511.723
  0
LINE
  8
QUOTATURA
 10
3204.825
 11
3164.825
 20
515.057
 21
515.057
  0
LINE
  8
QUOTATURA
 10
3184.825
 11
3204.825
 20
518.391
 21
515.057
  0
LINE
  8
QUOTATURA
 10
3204.825
 11
3184.825
 20
515.057
 21
511.723
  0
LINE
  8
QUOTATURA
 10
3184.825
 11
3184.825
 20
511.723
 21
518.391
  0
LINE
  8
QUOTATURA
 10
2394.825
 11
2394.825
 20
15.586
 21
528.548
  0
LINE
  8
QUOTATURA
 10
2397.825
 11
2397.825
 20
20.586
 21
528.548
  0
LINE
  8
QUOTATURA
 10
2394.825
 11
2368.867
 20
518.548
 21
518.548
  0
LINE
  8
QUOTATURA
 10
2374.825
 11
2394.825
 20
521.882
 21
518.548
  0
LINE
  8
QUOTATURA
 10
2394.825
 11
2374.825
 20
518.548
 21
515.214
  0
LINE
  8
QUOTATURA
 10
2374.825
 11
2374.825
 20
515.214
 21
521.882
  0
LINE
  8
QUOTATURA
 10
2397.825
 11
2437.825
 20
518.548
 21
518.548
  0
LINE
  8
QUOTATURA
 10
2417.825
 11
2397.825
 20
515.214
 21
518.548
  0
LINE
  8
QUOTATURA
 10
2397.825
 11
2417.825
 20
518.548
 21
521.882
  0
LINE
  8
QUOTATURA
 10
2417.825
 11
2417.825
 20
521.882
 21
515.214
  0
LINE
  8
COSTRUZIONI
 10
3100.825
 11
3100.825
 20
2005.586
 21
219.586
  0
LINE
  8
COSTRUZIONI
 10
3100.825
 11
2501.825
 20
219.586
 21
219.586
  0
LINE
  8
COSTRUZIONI
 10
2501.825
 11
2501.825
 20
219.586
 21
2005.586
  0
LINE
  8
COSTRUZIONI
 10
2501.825
 11
3100.825
 20
2005.586
 21
2005.586
  0
LINE
  8
COSTRUZIONI
 10
3097.825
 11
2504.825
 20
224.586
 21
224.586
  0
LINE
  8
QUOTATURA
 10
2811.325
 11
2979.482
 20
5.586
 21
5.586
  0
LINE
  8
QUOTATURA
 10
2811.325
 11
2979.482
 20
224.586
 21
224.586
  0
LINE
  8
QUOTATURA
 10
2969.482
 11
2969.482
 20
5.586
 21
99.838
  0
LINE
  8
QUOTATURA
 10
2969.482
 11
2969.482
 20
130.44
 21
224.586
  0
LINE
  8
QUOTATURA
 10
2972.816
 11
2969.482
 20
25.586
 21
5.586
  0
LINE
  8
QUOTATURA
 10
2969.482
 11
2966.148
 20
5.586
 21
25.586
  0
LINE
  8
QUOTATURA
 10
2966.148
 11
2972.816
 20
25.586
 21
25.586
  0
LINE
  8
QUOTATURA
 10
2966.148
 11
2969.482
 20
204.586
 21
224.586
  0
LINE
  8
QUOTATURA
 10
2969.482
 11
2972.816
 20
224.586
 21
204.586
  0
LINE
  8
QUOTATURA
 10
2972.816
 11
2966.148
 20
204.586
 21
204.586
  0
LINE
  8
QUOTATURA
 10
2511.825
 11
2648.499
 20
219.586
 21
219.586
  0
LINE
  8
QUOTATURA
 10
2511.825
 11
2648.499
 20
2005.586
 21
2005.586
  0
LINE
  8
QUOTATURA
 10
2638.499
 11
2638.499
 20
219.586
 21
1097.373
  0
LINE
  8
QUOTATURA
 10
2638.499
 11
2638.499
 20
1127.616
 21
2005.586
  0
LINE
  8
QUOTATURA
 10
2641.833
 11
2638.499
 20
239.586
 21
219.586
  0
LINE
  8
QUOTATURA
 10
2638.499
 11
2635.165
 20
219.586
 21
239.586
  0
LINE
  8
QUOTATURA
 10
2635.165
 11
2641.833
 20
239.586
 21
239.586
  0
LINE
  8
QUOTATURA
 10
2635.165
 11
2638.499
 20
1985.586
 21
2005.586
  0
LINE
  8
QUOTATURA
 10
2638.499
 11
2641.833
 20
2005.586
 21
1985.586
  0
LINE
  8
QUOTATURA
 10
2641.833
 11
2635.165
 20
1985.586
 21
1985.586
  0
LINE
  8
QUOTATURA
 10
2791.325
 11
2713.334
 20
224.586
 21
224.586
  0
LINE
  8
QUOTATURA
 10
2723.334
 11
2723.334
 20
219.586
 21
167.866
  0
LINE
  8
QUOTATURA
 10
2723.334
 11
2701.108
 20
167.866
 21
167.866
  0
LINE
  8
QUOTATURA
 10
2720.0
 11
2723.334
 20
199.586
 21
219.586
  0
LINE
  8
QUOTATURA
 10
2723.334
 11
2726.668
 20
219.586
 21
199.586
  0
LINE
  8
QUOTATURA
 10
2726.668
 11
2720.0
 20
199.586
 21
199.586
  0
LINE
  8
QUOTATURA
 10
2723.334
 11
2723.334
 20
224.586
 21
264.586
  0
LINE
  8
QUOTATURA
 10
2726.668
 11
2723.334
 20
244.586
 21
224.586
  0
LINE
  8
QUOTATURA
 10
2723.334
 11
2720.0
 20
224.586
 21
244.586
  0
LINE
  8
QUOTATURA
 10
2720.0
 11
2726.668
 20
244.586
 21
244.586
  0
LINE
  8
COSTRUZIONI
 10
2504.825
 11
3097.825
 20
2000.586
 21
2000.586
  0
LINE
  8
QUOTATURA
 10
2811.325
 11
2968.079
 20
2000.586
 21
2000.586
  0
LINE
  8
QUOTATURA
 10
2811.325
 11
2968.079
 20
2114.586
 21
2114.586
  0
LINE
  8
QUOTATURA
 10
2958.079
 11
2958.079
 20
2000.586
 21
2042.489
  0
LINE
  8
QUOTATURA
 10
2958.079
 11
2958.079
 20
2072.94
 21
2114.586
  0
LINE
  8
QUOTATURA
 10
2961.413
 11
2958.079
 20
2020.586
 21
2000.586
  0
LINE
  8
QUOTATURA
 10
2958.079
 11
2954.745
 20
2000.586
 21
2020.586
  0
LINE
  8
QUOTATURA
 10
2954.745
 11
2961.413
 20
2020.586
 21
2020.586
  0
LINE
  8
QUOTATURA
 10
2954.745
 11
2958.079
 20
2094.586
 21
2114.586
  0
LINE
  8
QUOTATURA
 10
2958.079
 11
2961.413
 20
2114.586
 21
2094.586
  0
LINE
  8
QUOTATURA
 10
2961.413
 11
2954.745
 20
2094.586
 21
2094.586
  0
LINE
  8
QUOTATURA
 10
3087.825
 11
2957.253
 20
2000.586
 21
2000.586
  0
LINE
  8
QUOTATURA
 10
3087.825
 11
2957.253
 20
224.586
 21
224.586
  0
LINE
  8
QUOTATURA
 10
2967.253
 11
2967.253
 20
2000.586
 21
1127.94
  0
LINE
  8
QUOTATURA
 10
2967.253
 11
2967.253
 20
1097.373
 21
224.586
  0
LINE
  8
QUOTATURA
 10
2963.919
 11
2967.253
 20
1980.586
 21
2000.586
  0
LINE
  8
QUOTATURA
 10
2967.253
 11
2970.587
 20
2000.586
 21
1980.586
  0
LINE
  8
QUOTATURA
 10
2970.587
 11
2963.919
 20
1980.586
 21
1980.586
  0
LINE
  8
QUOTATURA
 10
2970.587
 11
2967.253
 20
244.586
 21
224.586
  0
LINE
  8
QUOTATURA
 10
2967.253
 11
2963.919
 20
224.586
 21
244.586
  0
LINE
  8
QUOTATURA
 10
2963.919
 11
2970.587
 20
244.586
 21
244.586
  0
LINE
  8
QUOTATURA
 10
2791.325
 11
2628.5
 20
219.586
 21
219.586
  0
LINE
  8
QUOTATURA
 10
2791.325
 11
2628.5
 20
10.586
 21
10.586
  0
LINE
  8
QUOTATURA
 10
2638.5
 11
2638.5
 20
219.586
 21
130.149
  0
LINE
  8
QUOTATURA
 10
2638.5
 11
2638.5
 20
99.838
 21
10.586
  0
LINE
  8
QUOTATURA
 10
2635.166
 11
2638.5
 20
199.586
 21
219.586
  0
LINE
  8
QUOTATURA
 10
2638.5
 11
2641.834
 20
219.586
 21
199.586
  0
LINE
  8
QUOTATURA
 10
2641.834
 11
2635.166
 20
199.586
 21
199.586
  0
LINE
  8
QUOTATURA
 10
2641.834
 11
2638.5
 20
30.586
 21
10.586
  0
LINE
  8
QUOTATURA
 10
2638.5
 11
2635.166
 20
10.586
 21
30.586
  0
LINE
  8
QUOTATURA
 10
2635.166
 11
2641.834
 20
30.586
 21
30.586
  0
LINE
  8
QUOTATURA
 10
2791.325
 11
2663.78
 20
5.586
 21
5.586
  0
LINE
  8
QUOTATURA
 10
2791.325
 11
2663.78
 20
10.586
 21
10.586
  0
LINE
  8
QUOTATURA
 10
2673.78
 11
2673.78
 20
10.586
 21
91.919
  0
LINE
  8
QUOTATURA
 10
2673.78
 11
2699.658
 20
91.919
 21
91.919
  0
LINE
  8
QUOTATURA
 10
2677.114
 11
2673.78
 20
30.586
 21
10.586
  0
LINE
  8
QUOTATURA
 10
2673.78
 11
2670.446
 20
10.586
 21
30.586
  0
LINE
  8
QUOTATURA
 10
2670.446
 11
2677.114
 20
30.586
 21
30.586
  0
LINE
  8
QUOTATURA
 10
2673.78
 11
2673.78
 20
5.586
 21
-34.414
  0
LINE
  8
QUOTATURA
 10
2670.446
 11
2673.78
 20
-14.414
 21
5.586
  0
LINE
  8
QUOTATURA
 10
2673.78
 11
2677.114
 20
5.586
 21
-14.414
  0
LINE
  8
QUOTATURA
 10
2677.114
 11
2670.446
 20
-14.414
 21
-14.414
  0
LINE
  8
QUOTATURA
 10
2791.325
 11
2628.079
 20
2005.586
 21
2005.586
  0
LINE
  8
QUOTATURA
 10
2791.325
 11
2628.079
 20
2109.586
 21
2109.586
  0
LINE
  8
QUOTATURA
 10
2638.079
 11
2638.079
 20
2005.586
 21
2042.342
  0
LINE
  8
QUOTATURA
 10
2638.079
 11
2638.079
 20
2072.593
 21
2109.586
  0
LINE
  8
QUOTATURA
 10
2641.413
 11
2638.079
 20
2025.586
 21
2005.586
  0
LINE
  8
QUOTATURA
 10
2638.079
 11
2634.745
 20
2005.586
 21
2025.586
  0
LINE
  8
QUOTATURA
 10
2634.745
 11
2641.413
 20
2025.586
 21
2025.586
  0
LINE
  8
QUOTATURA
 10
2634.745
 11
2638.079
 20
2089.586
 21
2109.586
  0
LINE
  8
QUOTATURA
 10
2638.079
 11
2641.413
 20
2109.586
 21
2089.586
  0
LINE
  8
QUOTATURA
 10
2641.413
 11
2634.745
 20
2089.586
 21
2089.586
  0
LINE
  8
QUOTATURA
 10
2397.825
 11
2397.825
 20
1050.086
 21
268.783
  0
LINE
  8
QUOTATURA
 10
2501.825
 11
2501.825
 20
1102.586
 21
268.783
  0
LINE
  8
QUOTATURA
 10
2397.825
 11
2420.934
 20
278.783
 21
278.783
  0
LINE
  8
QUOTATURA
 10
2478.716
 11
2501.825
 20
278.783
 21
278.783
  0
LINE
  8
QUOTATURA
 10
2417.825
 11
2397.825
 20
275.449
 21
278.783
  0
LINE
  8
QUOTATURA
 10
2397.825
 11
2417.825
 20
278.783
 21
282.117
  0
LINE
  8
QUOTATURA
 10
2417.825
 11
2417.825
 20
282.117
 21
275.449
  0
LINE
  8
QUOTATURA
 10
2481.825
 11
2501.825
 20
282.117
 21
278.783
  0
LINE
  8
QUOTATURA
 10
2501.825
 11
2481.825
 20
278.783
 21
275.449
  0
LINE
  8
QUOTATURA
 10
2481.825
 11
2481.825
 20
275.449
 21
282.117
  0
LINE
  8
COSTRUZIONI
 10
2414.825
 11
3187.825
 20
2094.586
 21
2094.586
  0
LINE
  8
APS_GEOMETRY
 10
5461.828
 11
5461.828
 20
2114.586
 21
5.586
  0
LINE
  8
APS_GEOMETRY
 10
4448.828
 11
4448.828
 20
5.586
 21
2114.586
  0
LINE
  8
APS_GEOMETRY
 10
4468.828
 11
4468.828
 20
2114.586
 21
5.586
  0
LINE
  8
APS_GEOMETRY
 10
5441.828
 11
5441.828
 20
5.586
 21
2114.586
  0
LINE
  8
APS_GEOMETRY
 10
4568.828
 11
5341.828
 20
-24.414
 21
-24.414
  0
LINE
  8
APS_GEOMETRY
 10
4568.828
 11
5341.828
 20
2144.586
 21
2144.586
  0
LINE
  8
APS_GEOMETRY
 10
4448.828
 11
4468.828
 20
2114.586
 21
2114.586
  0
LINE
  8
APS_GEOMETRY
 10
4448.828
 11
4468.828
 20
5.586
 21
5.586
  0
LINE
  8
APS_GEOMETRY
 10
4568.828
 11
4568.828
 20
-24.414
 21
-44.414
  0
LINE
  8
APS_GEOMETRY
 10
4568.828
 11
5341.828
 20
-44.414
 21
-44.414
  0
LINE
  8
APS_GEOMETRY
 10
5341.828
 11
5341.828
 20
-44.414
 21
-24.414
  0
LINE
  8
APS_GEOMETRY
 10
5441.828
 11
5461.828
 20
5.586
 21
5.586
  0
LINE
  8
APS_GEOMETRY
 10
5441.828
 11
5461.828
 20
2114.586
 21
2114.586
  0
LINE
  8
APS_GEOMETRY
 10
5341.828
 11
5341.828
 20
2144.586
 21
2164.586
  0
LINE
  8
APS_GEOMETRY
 10
5341.828
 11
4568.828
 20
2164.586
 21
2164.586
  0
LINE
  8
APS_GEOMETRY
 10
4568.828
 11
4568.828
 20
2164.586
 21
2144.586
  0
LINE
  8
QUOTATURA
 10
4558.828
 11
4536.946
 20
-44.414
 21
-44.414
  0
LINE
  8
QUOTATURA
 10
4558.828
 11
4536.946
 20
-24.414
 21
-24.414
  0
LINE
  8
QUOTATURA
 10
4546.946
 11
4546.946
 20
-44.414
 21
-105.929
  0
LINE
  8
QUOTATURA
 10
4546.946
 11
4454.39
 20
-105.929
 21
-105.929
  0
LINE
  8
QUOTATURA
 10
4543.612
 11
4546.946
 20
-64.414
 21
-44.414
  0
LINE
  8
QUOTATURA
 10
4546.946
 11
4550.28
 20
-44.414
 21
-64.414
  0
LINE
  8
QUOTATURA
 10
4550.28
 11
4543.612
 20
-64.414
 21
-64.414
  0
LINE
  8
QUOTATURA
 10
4546.946
 11
4546.946
 20
-24.414
 21
15.586
  0
LINE
  8
QUOTATURA
 10
4550.28
 11
4546.946
 20
-4.414
 21
-24.414
  0
LINE
  8
QUOTATURA
 10
4546.946
 11
4543.612
 20
-24.414
 21
-4.414
  0
LINE
  8
QUOTATURA
 10
4543.612
 11
4550.28
 20
-4.414
 21
-4.414
  0
LINE
  8
QUOTATURA
 10
4568.828
 11
4568.828
 20
-54.414
 21
-144.567
  0
LINE
  8
QUOTATURA
 10
5341.828
 11
5341.828
 20
-54.414
 21
-144.567
  0
LINE
  8
QUOTATURA
 10
4568.828
 11
4871.932
 20
-134.567
 21
-134.567
  0
LINE
  8
QUOTATURA
 10
5038.724
 11
5341.828
 20
-134.567
 21
-134.567
  0
LINE
  8
QUOTATURA
 10
4588.828
 11
4568.828
 20
-137.901
 21
-134.567
  0
LINE
  8
QUOTATURA
 10
4568.828
 11
4588.828
 20
-134.567
 21
-131.233
  0
LINE
  8
QUOTATURA
 10
4588.828
 11
4588.828
 20
-131.233
 21
-137.901
  0
LINE
  8
QUOTATURA
 10
5321.828
 11
5341.828
 20
-131.233
 21
-134.567
  0
LINE
  8
QUOTATURA
 10
5341.828
 11
5321.828
 20
-134.567
 21
-137.901
  0
LINE
  8
QUOTATURA
 10
5321.828
 11
5321.828
 20
-137.901
 21
-131.233
  0
LINE
  8
QUOTATURA
 10
4468.828
 11
4468.828
 20
-4.414
 21
-42.811
  0
LINE
  8
QUOTATURA
 10
4448.828
 11
4448.828
 20
-4.414
 21
-42.811
  0
LINE
  8
QUOTATURA
 10
4448.828
 11
4352.083
 20
-32.811
 21
-32.811
  0
LINE
  8
QUOTATURA
 10
4428.828
 11
4448.828
 20
-29.477
 21
-32.811
  0
LINE
  8
QUOTATURA
 10
4448.828
 11
4428.828
 20
-32.811
 21
-36.145
  0
LINE
  8
QUOTATURA
 10
4428.828
 11
4428.828
 20
-36.145
 21
-29.477
  0
LINE
  8
QUOTATURA
 10
4468.828
 11
4508.828
 20
-32.811
 21
-32.811
  0
LINE
  8
QUOTATURA
 10
4488.828
 11
4468.828
 20
-36.145
 21
-32.811
  0
LINE
  8
QUOTATURA
 10
4468.828
 11
4488.828
 20
-32.811
 21
-29.477
  0
LINE
  8
QUOTATURA
 10
4488.828
 11
4488.828
 20
-29.477
 21
-36.145
  0
LINE
  8
QUOTATURA
 10
4438.828
 11
4333.334
 20
5.586
 21
5.586
  0
LINE
  8
QUOTATURA
 10
4438.828
 11
4333.334
 20
2114.586
 21
2114.586
  0
LINE
  8
QUOTATURA
 10
4343.334
 11
4343.334
 20
5.586
 21
1044.838
  0
LINE
  8
QUOTATURA
 10
4343.334
 11
4343.334
 20
1075.399
 21
2114.586
  0
LINE
  8
QUOTATURA
 10
4346.668
 11
4343.334
 20
25.586
 21
5.586
  0
LINE
  8
QUOTATURA
 10
4343.334
 11
4340.0
 20
5.586
 21
25.586
  0
LINE
  8
QUOTATURA
 10
4340.0
 11
4346.668
 20
25.586
 21
25.586
  0
LINE
  8
QUOTATURA
 10
4340.0
 11
4343.334
 20
2094.586
 21
2114.586
  0
LINE
  8
QUOTATURA
 10
4343.334
 11
4346.668
 20
2114.586
 21
2094.586
  0
LINE
  8
QUOTATURA
 10
4346.668
 11
4340.0
 20
2094.586
 21
2094.586
  0
LINE
  8
QUOTATURA
 10
5381.828
 11
5104.165
 20
25.586
 21
25.586
  0
LINE
  8
QUOTATURA
 10
5381.828
 11
5104.165
 20
2094.586
 21
2094.586
  0
LINE
  8
QUOTATURA
 10
5114.165
 11
5114.165
 20
25.586
 21
1044.838
  0
LINE
  8
QUOTATURA
 10
5114.165
 11
5114.165
 20
1075.399
 21
2094.586
  0
LINE
  8
QUOTATURA
 10
5117.499
 11
5114.165
 20
45.586
 21
25.586
  0
LINE
  8
QUOTATURA
 10
5114.165
 11
5110.831
 20
25.586
 21
45.586
  0
LINE
  8
QUOTATURA
 10
5110.831
 11
5117.499
 20
45.586
 21
45.586
  0
LINE
  8
QUOTATURA
 10
5110.831
 11
5114.165
 20
2074.586
 21
2094.586
  0
LINE
  8
QUOTATURA
 10
5114.165
 11
5117.499
 20
2094.586
 21
2074.586
  0
LINE
  8
QUOTATURA
 10
5117.499
 11
5110.831
 20
2074.586
 21
2074.586
  0
LINE
  8
QUOTATURA
 10
4944.939
 11
4944.939
 20
2000.586
 21
2032.338
  0
LINE
  8
QUOTATURA
 10
4944.939
 11
4944.939
 20
2062.593
 21
2094.586
  0
LINE
  8
QUOTATURA
 10
4948.273
 11
4944.939
 20
2020.586
 21
2000.586
  0
LINE
  8
QUOTATURA
 10
4944.939
 11
4941.605
 20
2000.586
 21
2020.586
  0
LINE
  8
QUOTATURA
 10
4941.605
 11
4948.273
 20
2020.586
 21
2020.586
  0
LINE
  8
QUOTATURA
 10
4941.605
 11
4944.939
 20
2074.586
 21
2094.586
  0
LINE
  8
QUOTATURA
 10
4944.939
 11
4948.273
 20
2094.586
 21
2074.586
  0
LINE
  8
QUOTATURA
 10
4948.273
 11
4941.605
 20
2074.586
 21
2074.586
  0
LINE
  8
QUOTATURA
 10
2801.325
 11
2801.325
 20
2000.586
 21
1937.062
  0
LINE
  8
QUOTATURA
 10
2801.325
 11
2870.158
 20
1937.062
 21
1937.062
  0
LINE
  8
QUOTATURA
 10
2797.991
 11
2801.325
 20
1980.586
 21
2000.586
  0
LINE
  8
QUOTATURA
 10
2801.325
 11
2804.659
 20
2000.586
 21
1980.586
  0
LINE
  8
QUOTATURA
 10
2804.659
 11
2797.991
 20
1980.586
 21
1980.586
  0
LINE
  8
QUOTATURA
 10
2801.325
 11
2801.325
 20
2005.586
 21
2045.586
  0
LINE
  8
QUOTATURA
 10
2804.659
 11
2801.325
 20
2025.586
 21
2005.586
  0
LINE
  8
QUOTATURA
 10
2801.325
 11
2797.991
 20
2005.586
 21
2025.586
  0
LINE
  8
QUOTATURA
 10
2797.991
 11
2804.659
 20
2025.586
 21
2025.586
  0
LINE
  8
QUOTATURA
 10
2801.325
 11
2801.325
 20
2114.586
 21
2198.169
  0
LINE
  8
QUOTATURA
 10
2801.325
 11
2743.918
 20
2198.169
 21
2198.169
  0
LINE
  8
QUOTATURA
 10
2804.659
 11
2801.325
 20
2134.586
 21
2114.586
  0
LINE
  8
QUOTATURA
 10
2801.325
 11
2797.991
 20
2114.586
 21
2134.586
  0
LINE
  8
QUOTATURA
 10
2797.991
 11
2804.659
 20
2134.586
 21
2134.586
  0
LINE
  8
QUOTATURA
 10
2801.325
 11
2801.325
 20
2109.586
 21
2069.586
  0
LINE
  8
QUOTATURA
 10
2797.991
 11
2801.325
 20
2089.586
 21
2109.586
  0
LINE
  8
QUOTATURA
 10
2801.325
 11
2804.659
 20
2109.586
 21
2089.586
  0
LINE
  8
QUOTATURA
 10
2804.659
 11
2797.991
 20
2089.586
 21
2089.586
  0
LINE
  8
QUOTATURA
 10
3093.825
 11
3093.825
 20
35.586
 21
332.913
  0
LINE
  8
QUOTATURA
 10
2508.825
 11
2709.993
 20
322.913
 21
322.913
  0
LINE
  8
QUOTATURA
 10
2892.657
 11
3093.825
 20
322.913
 21
322.913
  0
LINE
  8
QUOTATURA
 10
2528.825
 11
2508.825
 20
319.579
 21
322.913
  0
LINE
  8
QUOTATURA
 10
2508.825
 11
2528.825
 20
322.913
 21
326.247
  0
LINE
  8
QUOTATURA
 10
2528.825
 11
2528.825
 20
326.247
 21
319.579
  0
LINE
  8
QUOTATURA
 10
3073.825
 11
3093.825
 20
326.247
 21
322.913
  0
LINE
  8
QUOTATURA
 10
3093.825
 11
3073.825
 20
322.913
 21
319.579
  0
LINE
  8
QUOTATURA
 10
3073.825
 11
3073.825
 20
319.579
 21
326.247
  0
LINE
  8
QUOTATURA
 10
2508.825
 11
2508.825
 20
35.586
 21
526.715
  0
LINE
  8
QUOTATURA
 10
2501.825
 11
2501.825
 20
278.783
 21
526.715
  0
LINE
  8
QUOTATURA
 10
2508.825
 11
2560.572
 20
516.715
 21
516.715
  0
LINE
  8
QUOTATURA
 10
2528.825
 11
2508.825
 20
513.381
 21
516.715
  0
LINE
  8
QUOTATURA
 10
2508.825
 11
2528.825
 20
516.715
 21
520.049
  0
LINE
  8
QUOTATURA
 10
2528.825
 11
2528.825
 20
520.049
 21
513.381
  0
LINE
  8
QUOTATURA
 10
2501.825
 11
2461.825
 20
516.715
 21
516.715
  0
LINE
  8
QUOTATURA
 10
2481.825
 11
2501.825
 20
520.049
 21
516.715
  0
LINE
  8
QUOTATURA
 10
2501.825
 11
2481.825
 20
516.715
 21
513.381
  0
LINE
  8
QUOTATURA
 10
2481.825
 11
2481.825
 20
513.381
 21
520.049
  0
LINE
  8
QUOTATURA
 10
3093.825
 11
3093.825
 20
45.586
 21
496.597
  0
LINE
  8
QUOTATURA
 10
3100.825
 11
3100.825
 20
229.586
 21
496.597
  0
LINE
  8
QUOTATURA
 10
3093.825
 11
3018.45
 20
486.597
 21
486.597
  0
LINE
  8
QUOTATURA
 10
3073.825
 11
3093.825
 20
489.931
 21
486.597
  0
LINE
  8
QUOTATURA
 10
3093.825
 11
3073.825
 20
486.597
 21
483.263
  0
LINE
  8
QUOTATURA
 10
3073.825
 11
3073.825
 20
483.263
 21
489.931
  0
LINE
  8
QUOTATURA
 10
3100.825
 11
3140.825
 20
486.597
 21
486.597
  0
LINE
  8
QUOTATURA
 10
3120.825
 11
3100.825
 20
483.263
 21
486.597
  0
LINE
  8
QUOTATURA
 10
3100.825
 11
3120.825
 20
486.597
 21
489.931
  0
LINE
  8
QUOTATURA
 10
3120.825
 11
3120.825
 20
489.931
 21
483.263
  0
LINE
  8
QUOTATURA
 10
2508.825
 11
2508.825
 20
45.586
 21
372.377
  0
LINE
  8
QUOTATURA
 10
2394.825
 11
2394.825
 20
15.586
 21
372.377
  0
LINE
  8
QUOTATURA
 10
2394.825
 11
2546.461
 20
362.377
 21
362.377
  0
LINE
  8
QUOTATURA
 10
2488.825
 11
2508.825
 20
365.711
 21
362.377
  0
LINE
  8
QUOTATURA
 10
2508.825
 11
2488.825
 20
362.377
 21
359.043
  0
LINE
  8
QUOTATURA
 10
2488.825
 11
2488.825
 20
359.043
 21
365.711
  0
LINE
  8
QUOTATURA
 10
2414.825
 11
2394.825
 20
359.043
 21
362.377
  0
LINE
  8
QUOTATURA
 10
2394.825
 11
2414.825
 20
362.377
 21
365.711
  0
LINE
  8
QUOTATURA
 10
2414.825
 11
2414.825
 20
365.711
 21
359.043
  0
LINE
  8
APS_GEOMETRY
 10
4612.828
 11
4612.828
 20
25.586
 21
2094.586
  0
LINE
  8
APS_GEOMETRY
 10
4612.828
 11
4518.828
 20
2094.586
 21
2094.586
  0
LINE
  8
APS_GEOMETRY
 10
4518.828
 11
4518.828
 20
2094.586
 21
25.586
  0
LINE
  8
APS_GEOMETRY
 10
4518.828
 11
4612.828
 20
25.586
 21
25.586
  0
LINE
  8
QUOTATURA
 10
4518.828
 11
4518.828
 20
35.586
 21
405.451
  0
LINE
  8
QUOTATURA
 10
4612.828
 11
4612.828
 20
35.586
 21
405.451
  0
LINE
  8
QUOTATURA
 10
4518.828
 11
4653.673
 20
395.451
 21
395.451
  0
LINE
  8
QUOTATURA
 10
4538.828
 11
4518.828
 20
392.117
 21
395.451
  0
LINE
  8
QUOTATURA
 10
4518.828
 11
4538.828
 20
395.451
 21
398.785
  0
LINE
  8
QUOTATURA
 10
4538.828
 11
4538.828
 20
398.785
 21
392.117
  0
LINE
  8
QUOTATURA
 10
4592.828
 11
4612.828
 20
398.785
 21
395.451
  0
LINE
  8
QUOTATURA
 10
4612.828
 11
4592.828
 20
395.451
 21
392.117
  0
LINE
  8
QUOTATURA
 10
4592.828
 11
4592.828
 20
392.117
 21
398.785
  0
LINE
  8
APS_GEOMETRY
 10
5297.828
 11
5297.828
 20
2094.586
 21
25.586
  0
LINE
  8
APS_GEOMETRY
 10
5297.828
 11
5391.828
 20
25.586
 21
25.586
  0
LINE
  8
APS_GEOMETRY
 10
5391.828
 11
5391.828
 20
25.586
 21
2094.586
  0
LINE
  8
APS_GEOMETRY
 10
5391.828
 11
5297.828
 20
2094.586
 21
2094.586
  0
LINE
  8
APS_GEOMETRY
 10
5247.828
 11
4662.828
 20
224.586
 21
224.586
  0
LINE
  8
APS_GEOMETRY
 10
4662.828
 11
4662.828
 20
224.586
 21
25.586
  0
LINE
  8
APS_GEOMETRY
 10
4662.828
 11
5247.828
 20
25.586
 21
25.586
  0
LINE
  8
APS_GEOMETRY
 10
5247.828
 11
5247.828
 20
25.586
 21
224.586
  0
LINE
  8
APS_GEOMETRY
 10
4662.828
 11
5247.828
 20
2000.586
 21
2000.586
  0
LINE
  8
APS_GEOMETRY
 10
5247.828
 11
5247.828
 20
2000.586
 21
2094.586
  0
LINE
  8
APS_GEOMETRY
 10
5247.828
 11
4662.828
 20
2094.586
 21
2094.586
  0
LINE
  8
APS_GEOMETRY
 10
4662.828
 11
4662.828
 20
2094.586
 21
2000.586
  0
LINE
  8
QUOTATURA
 10
4662.828
 11
4662.828
 20
35.586
 21
135.341
  0
LINE
  8
QUOTATURA
 10
5247.828
 11
5247.828
 20
35.586
 21
135.341
  0
LINE
  8
QUOTATURA
 10
4662.828
 11
4828.083
 20
125.341
 21
125.341
  0
LINE
  8
QUOTATURA
 10
5082.573
 11
5247.828
 20
125.341
 21
125.341
  0
LINE
  8
QUOTATURA
 10
4682.828
 11
4662.828
 20
122.007
 21
125.341
  0
LINE
  8
QUOTATURA
 10
4662.828
 11
4682.828
 20
125.341
 21
128.675
  0
LINE
  8
QUOTATURA
 10
4682.828
 11
4682.828
 20
128.675
 21
122.007
  0
LINE
  8
QUOTATURA
 10
5227.828
 11
5247.828
 20
128.675
 21
125.341
  0
LINE
  8
QUOTATURA
 10
5247.828
 11
5227.828
 20
125.341
 21
122.007
  0
LINE
  8
QUOTATURA
 10
5227.828
 11
5227.828
 20
122.007
 21
128.675
  0
LINE
  8
QUOTATURA
 10
4672.828
 11
4756.052
 20
25.586
 21
25.586
  0
LINE
  8
QUOTATURA
 10
4672.828
 11
4756.052
 20
224.586
 21
224.586
  0
LINE
  8
QUOTATURA
 10
4746.052
 11
4746.052
 20
25.586
 21
64.951
  0
LINE
  8
QUOTATURA
 10
4746.052
 11
4746.052
 20
95.199
 21
224.586
  0
LINE
  8
QUOTATURA
 10
4749.386
 11
4746.052
 20
45.586
 21
25.586
  0
LINE
  8
QUOTATURA
 10
4746.052
 11
4742.718
 20
25.586
 21
45.586
  0
LINE
  8
QUOTATURA
 10
4742.718
 11
4749.386
 20
45.586
 21
45.586
  0
LINE
  8
QUOTATURA
 10
4742.718
 11
4746.052
 20
204.586
 21
224.586
  0
LINE
  8
QUOTATURA
 10
4746.052
 11
4749.386
 20
224.586
 21
204.586
  0
LINE
  8
QUOTATURA
 10
4749.386
 11
4742.718
 20
204.586
 21
204.586
  0
LINE
  8
COSTRUZIONI
 10
1669.331
 11
3669.331
 20
-613.393
 21
-613.393
  0
LINE
  8
COSTRUZIONI
 10
3669.331
 11
3669.331
 20
-613.393
 21
-413.393
  0
LINE
  8
COSTRUZIONI
 10
3669.331
 11
1669.331
 20
-413.393
 21
-413.393
  0
LINE
  8
COSTRUZIONI
 10
1669.331
 11
1669.331
 20
-413.393
 21
-613.393
  0
LINE
  8
COSTRUZIONI
 10
2669.331
 11
2669.331
 20
-613.393
 21
-413.393
  0
LINE
  8
COSTRUZIONI
 10
2669.331
 11
3669.331
 20
-513.393
 21
-513.393
  0
LINE
  8
COSTRUZIONI
 10
3169.331
 11
3169.331
 20
-613.393
 21
-413.393
  0
LINE
  8
APS_GEOMETRY
 10
1732.016
 11
1749.251
 20
-467.378
 21
-467.378
  0
ARC
  8
APS_GEOMETRY
 10
1748.379
 20
-442.683
 40
24.711
 50
272.021
 51
278.44
  0
ARC
  8
APS_GEOMETRY
 10
1749.352
 20
-449.238
 40
18.083
 50
278.44
 51
285.945
  0
ARC
  8
APS_GEOMETRY
 10
1756.669
 20
-475.435
 40
9.118
 50
98.584
 51
104.931
  0
ARC
  8
APS_GEOMETRY
 10
1756.053
 20
-471.355
 40
4.991
 50
90.0
 51
98.584
  0
ARC
  8
APS_GEOMETRY
 10
1756.053
 20
-470.116
 40
3.752
 50
52.871
 51
90.0
  0
ARC
  8
APS_GEOMETRY
 10
1750.965
 20
-476.837
 40
12.182
 50
32.518
 51
52.871
  0
ARC
  8
APS_GEOMETRY
 10
1746.934
 20
-479.407
 40
16.963
 50
17.209
 51
32.518
  0
ARC
  8
APS_GEOMETRY
 10
1750.293
 20
-478.366
 40
13.445
 50
360.0
 51
17.209
  0
ARC
  8
APS_GEOMETRY
 10
1757.021
 20
-478.366
 40
6.717
 50
337.348
 51
360.0
  0
ARC
  8
APS_GEOMETRY
 10
1759.721
 20
-479.493
 40
3.792
 50
307.042
 51
337.348
  0
ARC
  8
APS_GEOMETRY
 10
1759.252
 20
-478.848
 40
4.589
 50
287.186
 51
306.87
  0
ARC
  8
APS_GEOMETRY
 10
1758.833
 20
-477.494
 40
6.006
 50
270.0
 51
287.186
  0
ARC
  8
APS_GEOMETRY
 10
1758.833
 20
-478.107
 40
5.393
 50
252.221
 51
270.0
  0
ARC
  8
APS_GEOMETRY
 10
1758.582
 20
-478.89
 40
4.571
 50
232.896
 51
252.221
  0
ARC
  8
APS_GEOMETRY
 10
1759.553
 20
-477.607
 40
6.18
 50
218.3
 51
232.896
  0
ARC
  8
APS_GEOMETRY
 10
1767.133
 20
-471.621
 40
15.839
 50
209.197
 51
218.3
  0
ARC
  8
APS_GEOMETRY
 10
1728.579
 20
-492.509
 40
28.012
 50
28.025
 51
32.699
  0
ARC
  8
APS_GEOMETRY
 10
1748.735
 20
-479.569
 40
4.06
 50
32.699
 51
45.0
  0
ARC
  8
APS_GEOMETRY
 10
1750.11
 20
-478.195
 40
2.116
 50
45.0
 51
67.557
  0
ARC
  8
APS_GEOMETRY
 10
1750.101
 20
-478.214
 40
2.137
 50
67.557
 51
90.0
  0
ARC
  8
APS_GEOMETRY
 10
1750.101
 20
-478.046
 40
1.969
 50
90.0
 51
120.801
  0
ARC
  8
APS_GEOMETRY
 10
1750.035
 20
-477.934
 40
1.839
 50
120.801
 51
152.7
  0
ARC
  8
APS_GEOMETRY
 10
1751.494
 20
-478.687
 40
3.481
 50
152.7
 51
171.085
  0
ARC
  8
APS_GEOMETRY
 10
1762.583
 20
-480.427
 40
14.705
 50
171.085
 51
180.0
  0
LINE
  8
APS_GEOMETRY
 10
1747.878
 11
1747.878
 20
-480.427
 21
-498.741
  0
ARC
  8
APS_GEOMETRY
 10
1767.305
 20
-498.741
 40
19.427
 50
180.0
 51
188.194
  0
ARC
  8
APS_GEOMETRY
 10
1752.797
 20
-500.83
 40
4.77
 50
188.194
 51
204.775
  0
ARC
  8
APS_GEOMETRY
 10
1751.388
 20
-501.48
 40
3.218
 50
204.775
 51
228.576
  0
ARC
  8
APS_GEOMETRY
 10
1752.71
 20
-499.982
 40
5.216
 50
228.576
 51
247.218
  0
ARC
  8
APS_GEOMETRY
 10
1745.041
 20
-518.054
 40
14.416
 50
59.381
 51
66.93
  0
ARC
  8
APS_GEOMETRY
 10
1750.702
 20
-508.488
 40
3.301
 50
43.568
 51
59.381
  0
ARC
  8
APS_GEOMETRY
 10
1751.608
 20
-507.627
 40
2.051
 50
19.041
 51
43.568
  0
ARC
  8
APS_GEOMETRY
 10
1750.349
 20
-508.061
 40
3.382
 50
360.0
 51
19.041
  0
ARC
  8
APS_GEOMETRY
 10
1750.984
 20
-508.061
 40
2.747
 50
317.66
 51
360.0
  0
ARC
  8
APS_GEOMETRY
 10
1748.462
 20
-505.763
 40
6.16
 50
289.747
 51
317.66
  0
ARC
  8
APS_GEOMETRY
 10
1746.349
 20
-499.878
 40
12.412
 50
281.964
 51
289.747
  0
ARC
  8
APS_GEOMETRY
 10
1743.422
 20
-486.066
 40
26.531
 50
276.643
 51
281.964
  0
ARC
  8
APS_GEOMETRY
 10
1742.191
 20
-475.49
 40
37.178
 50
272.836
 51
276.643
  0
ARC
  8
APS_GEOMETRY
 10
1740.715
 20
-445.714
 40
66.99
 50
270.0
 51
272.836
  0
ARC
  8
APS_GEOMETRY
 10
1740.715
 20
-427.265
 40
85.44
 50
267.283
 51
270.0
  0
ARC
  8
APS_GEOMETRY
 10
1738.922
 20
-465.068
 40
47.595
 50
263.643
 51
267.283
  0
ARC
  8
APS_GEOMETRY
 10
1737.419
 20
-478.551
 40
34.027
 50
258.563
 51
263.643
  0
ARC
  8
APS_GEOMETRY
 10
1733.831
 20
-496.291
 40
15.929
 50
251.136
 51
258.563
  0
ARC
  8
APS_GEOMETRY
 10
1730.626
 20
-505.584
 40
6.099
 50
222.558
 51
251.395
  0
ARC
  8
APS_GEOMETRY
 10
1728.249
 20
-507.767
 40
2.871
 50
180.0
 51
222.558
  0
ARC
  8
APS_GEOMETRY
 10
1727.769
 20
-507.767
 40
2.392
 50
150.642
 51
180.0
  0
ARC
  8
APS_GEOMETRY
 10
1727.961
 20
-507.874
 40
2.612
 50
122.574
 51
150.642
  0
ARC
  8
APS_GEOMETRY
 10
1727.454
 20
-507.292
 40
1.851
 50
108.677
 51
119.055
  0
ARC
  8
APS_GEOMETRY
 10
1750.57
 20
-575.676
 40
74.036
 50
107.038
 51
108.677
  0
ARC
  8
APS_GEOMETRY
 10
1728.015
 20
-501.912
 40
3.099
 50
286.144
 51
308.66
  0
ARC
  8
APS_GEOMETRY
 10
1728.523
 20
-502.546
 40
2.287
 50
308.66
 51
334.933
  0
ARC
  8
APS_GEOMETRY
 10
1726.458
 20
-501.581
 40
4.566
 50
334.933
 51
348.829
  0
ARC
  8
APS_GEOMETRY
 10
1700.632
 20
-496.481
 40
30.891
 50
348.829
 51
354.161
  0
ARC
  8
APS_GEOMETRY
 10
1683.176
 20
-494.681
 40
48.439
 50
354.144
 51
355.66
  0
ARC
  8
APS_GEOMETRY
 10
1605.8
 20
-488.809
 40
126.038
 50
355.66
 51
356.6
  0
ARC
  8
APS_GEOMETRY
 10
1546.651
 20
-485.296
 40
185.291
 50
356.6
 51
357.24
  0
ARC
  8
APS_GEOMETRY
 10
1378.826
 20
-477.204
 40
353.311
 50
357.24
 51
357.703
  0
ARC
  8
APS_GEOMETRY
 10
1395.346
 20
-477.867
 40
336.777
 50
357.703
 51
358.674
  0
ARC
  8
APS_GEOMETRY
 10
1551.178
 20
-481.473
 40
180.903
 50
358.674
 51
0.0
  0
ARC
  8
APS_GEOMETRY
 10
1705.272
 20
-481.473
 40
26.81
 50
0.0
 51
6.242
  0
ARC
  8
APS_GEOMETRY
 10
1726.591
 20
-479.141
 40
5.364
 50
6.242
 51
20.225
  0
ARC
  8
APS_GEOMETRY
 10
1729.546
 20
-478.053
 40
2.215
 50
20.225
 51
50.44
  0
ARC
  8
APS_GEOMETRY
 10
1730.12
 20
-477.358
 40
1.314
 50
50.44
 51
90.0
  0
ARC
  8
APS_GEOMETRY
 10
1730.12
 20
-477.807
 40
1.762
 50
90.0
 51
126.747
  0
ARC
  8
APS_GEOMETRY
 10
1732.61
 20
-481.141
 40
5.924
 50
126.747
 51
146.547
  0
ARC
  8
APS_GEOMETRY
 10
1688.622
 20
-452.229
 40
46.715
 50
324.255
 51
326.701
  0
ARC
  8
APS_GEOMETRY
 10
1707.245
 20
-465.633
 40
23.77
 50
320.826
 51
324.255
  0
ARC
  8
APS_GEOMETRY
 10
1713.331
 20
-470.592
 40
15.918
 50
315.722
 51
320.826
  0
ARC
  8
APS_GEOMETRY
 10
1720.325
 20
-477.412
 40
6.149
 50
307.504
 51
315.722
  0
ARC
  8
APS_GEOMETRY
 10
1719.68
 20
-476.551
 40
7.226
 50
291.306
 51
307.405
  0
ARC
  8
APS_GEOMETRY
 10
1720.799
 20
-479.42
 40
4.146
 50
270.0
 51
291.306
  0
ARC
  8
APS_GEOMETRY
 10
1720.799
 20
-479.687
 40
3.879
 50
245.532
 51
270.0
  0
ARC
  8
APS_GEOMETRY
 10
1720.77
 20
-479.752
 40
3.808
 50
220.833
 51
245.532
  0
ARC
  8
APS_GEOMETRY
 10
1721.163
 20
-479.412
 40
4.328
 50
198.684
 51
220.833
  0
ARC
  8
APS_GEOMETRY
 10
1722.804
 20
-478.857
 40
6.06
 50
180.0
 51
198.684
  0
ARC
  8
APS_GEOMETRY
 10
1726.651
 20
-478.857
 40
9.908
 50
168.408
 51
180.0
  0
ARC
  8
APS_GEOMETRY
 10
1733.004
 20
-480.16
 40
16.393
 50
159.402
 51
168.408
  0
ARC
  8
APS_GEOMETRY
 10
1734.967
 20
-480.898
 40
18.49
 50
151.39
 51
159.402
  0
ARC
  8
APS_GEOMETRY
 10
1734.565
 20
-480.678
 40
18.032
 50
143.276
 51
151.39
  0
ARC
  8
APS_GEOMETRY
 10
1729.515
 20
-476.902
 40
11.726
 50
124.216
 51
143.31
  0
ARC
  8
APS_GEOMETRY
 10
1725.018
 20
-470.288
 40
3.728
 50
90.0
 51
124.216
  0
ARC
  8
APS_GEOMETRY
 10
1725.018
 20
-471.945
 40
5.384
 50
82.725
 51
90.0
  0
ARC
  8
APS_GEOMETRY
 10
1724.597
 20
-475.24
 40
8.707
 50
77.005
 51
82.725
  0
ARC
  8
APS_GEOMETRY
 10
1737.445
 20
-413.294
 40
54.561
 50
258.486
 51
260.378
  0
ARC
  8
APS_GEOMETRY
 10
1731.941
 20
-445.758
 40
21.633
 50
260.378
 51
263.382
  0
ARC
  8
APS_GEOMETRY
 10
1731.471
 20
-449.816
 40
17.548
 50
263.382
 51
267.084
  0
ARC
  8
APS_GEOMETRY
 10
1732.016
 20
-439.105
 40
28.273
 50
267.084
 51
270.0
  0
ARC
  8
APS_GEOMETRY
 10
1791.743
 20
-492.244
 40
25.782
 50
71.91
 51
90.0
  0
ARC
  8
APS_GEOMETRY
 10
1792.742
 20
-489.187
 40
22.566
 50
52.561
 51
71.91
  0
ARC
  8
APS_GEOMETRY
 10
1792.48
 20
-489.263
 40
22.786
 50
38.846
 51
52.156
  0
ARC
  8
APS_GEOMETRY
 10
1788.908
 20
-492.14
 40
27.372
 50
26.707
 51
38.846
  0
ARC
  8
APS_GEOMETRY
 10
1789.615
 20
-491.562
 40
26.482
 50
13.868
 51
26.278
  0
ARC
  8
APS_GEOMETRY
 10
1794.715
 20
-490.303
 40
21.229
 50
360.0
 51
13.868
  0
ARC
  8
APS_GEOMETRY
 10
1795.045
 20
-490.303
 40
20.899
 50
339.712
 51
360.0
  0
ARC
  8
APS_GEOMETRY
 10
1793.869
 20
-489.868
 40
22.153
 50
320.013
 51
339.712
  0
ARC
  8
APS_GEOMETRY
 10
1793.674
 20
-489.761
 40
22.372
 50
303.344
 51
320.123
  0
ARC
  8
APS_GEOMETRY
 10
1791.378
 20
-486.271
 40
26.548
 50
287.949
 51
303.344
  0
ARC
  8
APS_GEOMETRY
 10
1790.624
 20
-483.656
 40
29.269
 50
279.039
 51
287.776
  0
ARC
  8
APS_GEOMETRY
 10
1790.926
 20
-485.555
 40
27.346
 50
270.0
 51
279.039
  0
ARC
  8
APS_GEOMETRY
 10
1790.926
 20
-486.89
 40
26.011
 50
257.728
 51
270.0
  0
ARC
  8
APS_GEOMETRY
 10
1790.967
 20
-486.702
 40
26.203
 50
245.501
 51
257.728
  0
ARC
  8
APS_GEOMETRY
 10
1789.494
 20
-489.925
 40
22.66
 50
228.665
 51
245.511
  0
ARC
  8
APS_GEOMETRY
 10
1789.004
 20
-490.482
 40
21.918
 50
211.535
 51
228.665
  0
ARC
  8
APS_GEOMETRY
 10
1789.646
 20
-490.01
 40
22.712
 50
195.642
 51
211.701
  0
ARC
  8
APS_GEOMETRY
 10
1790.82
 20
-489.682
 40
23.931
 50
180.0
 51
195.642
  0
ARC
  8
APS_GEOMETRY
 10
1791.071
 20
-489.682
 40
24.183
 50
162.181
 51
180.0
  0
ARC
  8
APS_GEOMETRY
 10
1788.865
 20
-488.972
 40
21.865
 50
143.434
 51
162.181
  0
ARC
  8
APS_GEOMETRY
 10
1788.568
 20
-488.735
 40
21.485
 50
126.384
 51
143.471
  0
ARC
  8
APS_GEOMETRY
 10
1790.602
 20
-491.495
 40
24.914
 50
110.525
 51
126.384
  0
ARC
  8
APS_GEOMETRY
 10
1790.502
 20
-490.746
 40
24.177
 50
99.77
 51
110.925
  0
ARC
  8
APS_GEOMETRY
 10
1791.743
 20
-497.958
 40
31.496
 50
90.0
 51
99.77
  0
ARC
  8
APS_GEOMETRY
 10
1788.637
 20
-480.655
 40
4.807
 50
90.0
 51
119.604
  0
ARC
  8
APS_GEOMETRY
 10
1789.058
 20
-481.396
 40
5.659
 50
119.604
 51
146.842
  0
ARC
  8
APS_GEOMETRY
 10
1789.904
 20
-482.09
 40
6.748
 50
145.84
 51
164.055
  0
ARC
  8
APS_GEOMETRY
 10
1791.865
 20
-482.65
 40
8.788
 50
164.055
 51
180.0
  0
ARC
  8
APS_GEOMETRY
 10
1804.129
 20
-482.65
 40
21.053
 50
180.0
 51
189.977
  0
ARC
  8
APS_GEOMETRY
 10
1822.781
 20
-479.369
 40
39.991
 50
189.977
 51
197.211
  0
ARC
  8
APS_GEOMETRY
 10
1826.861
 20
-478.106
 40
44.261
 50
197.211
 51
203.76
  0
ARC
  8
APS_GEOMETRY
 10
1816.698
 20
-482.58
 40
33.157
 50
203.76
 51
211.329
  0
ARC
  8
APS_GEOMETRY
 10
1795.83
 20
-495.103
 40
8.821
 50
212.32
 51
224.441
  0
ARC
  8
APS_GEOMETRY
 10
1794.974
 20
-495.942
 40
7.623
 50
224.441
 51
237.484
  0
ARC
  8
APS_GEOMETRY
 10
1794.422
 20
-496.809
 40
6.595
 50
237.484
 51
252.416
  0
ARC
  8
APS_GEOMETRY
 10
1793.869
 20
-498.553
 40
4.766
 50
252.416
 51
270.0
  0
ARC
  8
APS_GEOMETRY
 10
1793.869
 20
-497.988
 40
5.331
 50
270.0
 51
294.953
  0
ARC
  8
APS_GEOMETRY
 10
1794.018
 20
-498.309
 40
4.977
 50
294.953
 51
320.793
  0
ARC
  8
APS_GEOMETRY
 10
1793.218
 20
-497.655
 40
6.011
 50
320.793
 51
342.777
  0
ARC
  8
APS_GEOMETRY
 10
1789.65
 20
-496.549
 40
9.746
 50
342.777
 51
0.0
  0
ARC
  8
APS_GEOMETRY
 10
1772.889
 20
-496.549
 40
26.507
 50
0.0
 51
8.499
  0
ARC
  8
APS_GEOMETRY
 10
1761.222
 20
-498.293
 40
38.304
 50
8.499
 51
15.566
  0
ARC
  8
APS_GEOMETRY
 10
1762.624
 20
-497.902
 40
36.848
 50
15.566
 51
22.909
  0
ARC
  8
APS_GEOMETRY
 10
1774.688
 20
-492.804
 40
23.751
 50
22.909
 51
32.057
  0
ARC
  8
APS_GEOMETRY
 10
1784.164
 20
-486.834
 40
12.552
 50
31.921
 51
42.51
  0
ARC
  8
APS_GEOMETRY
 10
1786.766
 20
-484.449
 40
9.022
 50
42.51
 51
55.008
  0
ARC
  8
APS_GEOMETRY
 10
1787.645
 20
-483.194
 40
7.489
 50
55.008
 51
69.88
  0
ARC
  8
APS_GEOMETRY
 10
1788.433
 20
-481.042
 40
5.198
 50
69.88
 51
87.754
  0
ARC
  8
APS_GEOMETRY
 10
1840.164
 20
-482.445
 40
15.983
 50
83.923
 51
90.0
  0
ARC
  8
APS_GEOMETRY
 10
1838.878
 20
-494.521
 40
28.127
 50
79.342
 51
83.923
  0
ARC
  8
APS_GEOMETRY
 10
1837.328
 20
-502.761
 40
36.512
 50
75.808
 51
79.342
  0
ARC
  8
APS_GEOMETRY
 10
1831.917
 20
-524.156
 40
58.58
 50
73.018
 51
75.808
  0
ARC
  8
APS_GEOMETRY
 10
1850.968
 20
-461.663
 40
6.752
 50
253.288
 51
259.046
  0
ARC
  8
APS_GEOMETRY
 10
1850.041
 20
-466.457
 40
1.87
 50
259.046
 51
270.0
  0
ARC
  8
APS_GEOMETRY
 10
1850.041
 20
-467.217
 40
1.11
 50
270.0
 51
286.699
  0
ARC
  8
APS_GEOMETRY
 10
1841.167
 20
-437.639
 40
31.989
 50
286.699
 51
289.799
  0
ARC
  8
APS_GEOMETRY
 10
1853.057
 20
-470.549
 40
3.002
 50
100.008
 51
110.556
  0
ARC
  8
APS_GEOMETRY
 10
1853.115
 20
-470.876
 40
3.334
 50
90.0
 51
100.008
  0
ARC
  8
APS_GEOMETRY
 10
1853.115
 20
-470.721
 40
3.179
 50
53.356
 51
90.0
  0
ARC
  8
APS_GEOMETRY
 10
1847.561
 20
-478.187
 40
12.484
 50
35.101
 51
53.356
  0
ARC
  8
APS_GEOMETRY
 10
1844.79
 20
-480.134
 40
15.871
 50
20.245
 51
35.101
  0
ARC
  8
APS_GEOMETRY
 10
1851.623
 20
-477.614
 40
8.588
 50
360.0
 51
20.245
  0
ARC
  8
APS_GEOMETRY
 10
1855.062
 20
-477.614
 40
5.15
 50
340.481
 51
360.0
  0
ARC
  8
APS_GEOMETRY
 10
1855.91
 20
-477.915
 40
4.25
 50
318.972
 51
340.481
  0
ARC
  8
APS_GEOMETRY
 10
1856.288
 20
-478.244
 40
3.748
 50
295.017
 51
318.972
  0
ARC
  8
APS_GEOMETRY
 10
1856.418
 20
-478.522
 40
3.442
 50
270.0
 51
295.017
  0
ARC
  8
APS_GEOMETRY
 10
1856.418
 20
-476.678
 40
5.285
 50
256.171
 51
270.0
  0
ARC
  8
APS_GEOMETRY
 10
1855.842
 20
-479.019
 40
2.874
 50
237.381
 51
256.171
  0
ARC
  8
APS_GEOMETRY
 10
1856.862
 20
-477.425
 40
4.768
 50
231.559
 51
237.381
  0
ARC
  8
APS_GEOMETRY
 10
1871.705
 20
-458.725
 40
28.642
 50
229.185
 51
231.559
  0
ARC
  8
APS_GEOMETRY
 10
1887.612
 20
-440.306
 40
52.979
 50
227.9
 51
229.185
  0
ARC
  8
APS_GEOMETRY
 10
1942.665
 20
-379.378
 40
135.095
 50
227.095
 51
227.9
  0
ARC
  8
APS_GEOMETRY
 10
1839.302
 20
-490.54
 40
16.696
 50
46.975
 51
64.612
  0
ARC
  8
APS_GEOMETRY
 10
1842.977
 20
-482.797
 40
8.127
 50
64.612
 51
90.0
  0
ARC
  8
APS_GEOMETRY
 10
1842.977
 20
-480.527
 40
5.856
 50
90.0
 51
106.966
  0
ARC
  8
APS_GEOMETRY
 10
1842.298
 20
-478.303
 40
3.531
 50
106.966
 51
128.868
  0
ARC
  8
APS_GEOMETRY
 10
1841.906
 20
-477.816
 40
2.905
 50
128.868
 51
154.741
  0
ARC
  8
APS_GEOMETRY
 10
1842.032
 20
-477.876
 40
3.046
 50
154.741
 51
180.0
  0
ARC
  8
APS_GEOMETRY
 10
1841.848
 20
-477.876
 40
2.861
 50
180.0
 51
206.64
  0
ARC
  8
APS_GEOMETRY
 10
1842.768
 20
-477.414
 40
3.891
 50
206.64
 51
229.43
  0
ARC
  8
APS_GEOMETRY
 10
1844.244
 20
-475.691
 40
6.159
 50
229.43
 51
244.493
  0
ARC
  8
APS_GEOMETRY
 10
1848.289
 20
-467.211
 40
15.554
 50
244.493
 51
253.956
  0
ARC
  8
APS_GEOMETRY
 10
1776.218
 20
-712.14
 40
239.758
 50
72.737
 51
73.58
  0
ARC
  8
APS_GEOMETRY
 10
1817.522
 20
-579.225
 40
100.573
 50
71.435
 51
72.737
  0
ARC
  8
APS_GEOMETRY
 10
1831.203
 20
-538.49
 40
57.603
 50
69.164
 51
71.435
  0
ARC
  8
APS_GEOMETRY
 10
1847.348
 20
-496.068
 40
12.212
 50
64.231
 51
69.164
  0
ARC
  8
APS_GEOMETRY
 10
1845.491
 20
-499.807
 40
16.387
 50
34.939
 51
64.068
  0
ARC
  8
APS_GEOMETRY
 10
1849.498
 20
-497.007
 40
11.498
 50
360.0
 51
34.939
  0
ARC
  8
APS_GEOMETRY
 10
1847.035
 20
-497.007
 40
13.962
 50
333.435
 51
360.0
  0
ARC
  8
APS_GEOMETRY
 10
1846.122
 20
-496.551
 40
14.982
 50
307.807
 51
333.435
  0
ARC
  8
APS_GEOMETRY
 10
1843.747
 20
-493.478
 40
18.866
 50
296.732
 51
307.786
  0
ARC
  8
APS_GEOMETRY
 10
1842.341
 20
-490.688
 40
21.99
 50
286.496
 51
296.732
  0
ARC
  8
APS_GEOMETRY
 10
1841.416
 20
-487.562
 40
25.25
 50
277.544
 51
286.496
  0
ARC
  8
APS_GEOMETRY
 10
1840.066
 20
-477.372
 40
35.53
 50
270.0
 51
277.544
  0
ARC
  8
APS_GEOMETRY
 10
1840.066
 20
-475.83
 40
37.071
 50
263.555
 51
270.0
  0
ARC
  8
APS_GEOMETRY
 10
1841.266
 20
-465.206
 40
47.762
 50
257.878
 51
263.555
  0
ARC
  8
APS_GEOMETRY
 10
1840.629
 20
-468.172
 40
44.729
 50
254.839
 51
257.878
  0
ARC
  8
APS_GEOMETRY
 10
1835.463
 20
-487.24
 40
24.974
 50
250.772
 51
254.839
  0
ARC
  8
APS_GEOMETRY
 10
1833.139
 20
-493.902
 40
17.918
 50
245.121
 51
250.772
  0
ARC
  8
APS_GEOMETRY
 10
1829.205
 20
-502.384
 40
8.568
 50
236.944
 51
245.121
  0
ARC
  8
APS_GEOMETRY
 10
1826.886
 20
-506.035
 40
4.243
 50
211.802
 51
236.31
  0
ARC
  8
APS_GEOMETRY
 10
1837.91
 20
-499.199
 40
17.215
 50
199.704
 51
211.802
  0
ARC
  8
APS_GEOMETRY
 10
1843.175
 20
-497.313
 40
22.807
 50
190.413
 51
199.704
  0
ARC
  8
APS_GEOMETRY
 10
1838.612
 20
-498.152
 40
18.168
 50
180.0
 51
190.413
  0
ARC
  8
APS_GEOMETRY
 10
1826.313
 20
-498.152
 40
5.869
 50
164.876
 51
180.0
  0
ARC
  8
APS_GEOMETRY
 10
1823.006
 20
-497.258
 40
2.443
 50
141.34
 51
164.876
  0
ARC
  8
APS_GEOMETRY
 10
1823.326
 20
-497.472
 40
2.827
 50
116.928
 51
142.001
  0
ARC
  8
APS_GEOMETRY
 10
1823.158
 20
-497.143
 40
2.457
 50
90.0
 51
116.928
  0
ARC
  8
APS_GEOMETRY
 10
1823.158
 20
-497.149
 40
2.464
 50
62.21
 51
90.0
  0
ARC
  8
APS_GEOMETRY
 10
1822.175
 20
-499.015
 40
4.573
 50
41.906
 51
62.21
  0
ARC
  8
APS_GEOMETRY
 10
1822.342
 20
-499.05
 40
4.475
 50
37.313
 51
43.668
  0
ARC
  8
APS_GEOMETRY
 10
1797.274
 20
-518.156
 40
35.993
 50
35.074
 51
37.313
  0
ARC
  8
APS_GEOMETRY
 10
1768.806
 20
-538.144
 40
70.777
 50
33.934
 51
35.074
  0
ARC
  8
APS_GEOMETRY
 10
1667.309
 20
-606.434
 40
193.11
 50
33.243
 51
33.934
  0
ARC
  8
APS_GEOMETRY
 10
1834.428
 20
-496.864
 40
6.727
 50
213.453
 51
231.637
  0
ARC
  8
APS_GEOMETRY
 10
1837.607
 20
-492.848
 40
11.848
 50
231.637
 51
245.313
  0
ARC
  8
APS_GEOMETRY
 10
1838.307
 20
-491.325
 40
13.524
 50
245.313
 51
257.398
  0
ARC
  8
APS_GEOMETRY
 10
1838.071
 20
-492.38
 40
12.443
 50
257.398
 51
270.0
  0
ARC
  8
APS_GEOMETRY
 10
1838.071
 20
-494.318
 40
10.506
 50
270.0
 51
282.907
  0
ARC
  8
APS_GEOMETRY
 10
1839.202
 20
-499.251
 40
5.445
 50
282.907
 51
300.872
  0
ARC
  8
APS_GEOMETRY
 10
1840.182
 20
-500.89
 40
3.535
 50
300.872
 51
326.876
  0
ARC
  8
APS_GEOMETRY
 10
1841.298
 20
-501.618
 40
2.202
 50
326.876
 51
0.0
  0
ARC
  8
APS_GEOMETRY
 10
1840.969
 20
-501.618
 40
2.531
 50
0.0
 51
27.553
  0
ARC
  8
APS_GEOMETRY
 10
1840.168
 20
-502.036
 40
3.434
 50
27.553
 51
51.147
  0
ARC
  8
APS_GEOMETRY
 10
1838.514
 20
-504.09
 40
6.071
 50
51.147
 51
65.225
  0
ARC
  8
APS_GEOMETRY
 10
1832.41
 20
-517.314
 40
20.636
 50
65.225
 51
72.848
  0
ARC
  8
APS_GEOMETRY
 10
1868.052
 20
-403.675
 40
98.462
 50
251.106
 51
252.532
  0
ARC
  8
APS_GEOMETRY
 10
1855.436
 20
-440.536
 40
59.501
 50
249.271
 51
251.106
  0
ARC
  8
APS_GEOMETRY
 10
1850.191
 20
-454.395
 40
44.683
 50
246.83
 51
249.271
  0
ARC
  8
APS_GEOMETRY
 10
1841.707
 20
-474.218
 40
23.121
 50
243.435
 51
246.83
  0
ARC
  8
APS_GEOMETRY
 10
1840.741
 20
-476.149
 40
20.961
 50
235.981
 51
243.435
  0
ARC
  8
APS_GEOMETRY
 10
1841.483
 20
-475.051
 40
22.287
 50
228.752
 51
235.981
  0
ARC
  8
APS_GEOMETRY
 10
1838.009
 20
-479.145
 40
16.918
 50
206.421
 51
228.457
  0
ARC
  8
APS_GEOMETRY
 10
1833.454
 20
-481.408
 40
11.833
 50
180.0
 51
206.421
  0
ARC
  8
APS_GEOMETRY
 10
1833.669
 20
-481.408
 40
12.047
 50
166.555
 51
180.0
  0
ARC
  8
APS_GEOMETRY
 10
1835.064
 20
-481.741
 40
13.482
 50
153.848
 51
166.555
  0
ARC
  8
APS_GEOMETRY
 10
1835.18
 20
-481.798
 40
13.611
 50
141.244
 51
153.848
  0
ARC
  8
APS_GEOMETRY
 10
1836.04
 20
-482.489
 40
14.714
 50
129.123
 51
141.244
  0
ARC
  8
APS_GEOMETRY
 10
1838.793
 20
-485.416
 40
18.725
 50
108.978
 51
130.006
  0
ARC
  8
APS_GEOMETRY
 10
1840.164
 20
-489.402
 40
22.94
 50
90.0
 51
108.978
  0
ARC
  8
APS_GEOMETRY
 10
1890.155
 20
-487.726
 40
21.264
 50
77.257
 51
90.0
  0
ARC
  8
APS_GEOMETRY
 10
1889.939
 20
-488.681
 40
22.243
 50
64.799
 51
77.257
  0
ARC
  8
APS_GEOMETRY
 10
1908.256
 20
-449.683
 40
20.843
 50
244.885
 51
251.175
  0
ARC
  8
APS_GEOMETRY
 10
1902.288
 20
-467.19
 40
2.346
 50
251.175
 51
270.0
  0
ARC
  8
APS_GEOMETRY
 10
1902.288
 20
-465.73
 40
3.806
 50
270.0
 51
278.82
  0
ARC
  8
APS_GEOMETRY
 10
1899.829
 20
-449.882
 40
19.844
 50
278.82
 51
282.68
  0
ARC
  8
APS_GEOMETRY
 10
1904.974
 20
-472.663
 40
3.511
 50
95.906
 51
102.995
  0
ARC
  8
APS_GEOMETRY
 10
1905.133
 20
-474.199
 40
5.055
 50
90.0
 51
95.906
  0
ARC
  8
APS_GEOMETRY
 10
1905.133
 20
-472.499
 40
3.356
 50
62.447
 51
90.0
  0
ARC
  8
APS_GEOMETRY
 10
1904.536
 20
-473.643
 40
4.645
 50
39.094
 51
62.447
  0
ARC
  8
APS_GEOMETRY
 10
1898.302
 20
-478.857
 40
12.772
 50
18.435
 51
39.611
  0
ARC
  8
APS_GEOMETRY
 10
1894.475
 20
-480.132
 40
16.806
 50
360.0
 51
18.435
  0
ARC
  8
APS_GEOMETRY
 10
1902.948
 20
-480.132
 40
8.333
 50
334.877
 51
360.0
  0
ARC
  8
APS_GEOMETRY
 10
1905.454
 20
-481.308
 40
5.565
 50
304.007
 51
334.877
  0
ARC
  8
APS_GEOMETRY
 10
1905.413
 20
-481.19
 40
5.686
 50
286.39
 51
303.69
  0
ARC
  8
APS_GEOMETRY
 10
1905.231
 20
-480.571
 40
6.33
 50
270.0
 51
286.39
  0
ARC
  8
APS_GEOMETRY
 10
1905.231
 20
-480.645
 40
6.257
 50
255.155
 51
270.0
  0
ARC
  8
APS_GEOMETRY
 10
1904.546
 20
-483.231
 40
3.581
 50
235.491
 51
255.155
  0
ARC
  8
APS_GEOMETRY
 10
1904.89
 20
-482.731
 40
4.189
 50
218.48
 51
235.491
  0
ARC
  8
APS_GEOMETRY
 10
1910.511
 20
-478.263
 40
11.369
 50
208.179
 51
218.48
  0
ARC
  8
APS_GEOMETRY
 10
1852.886
 20
-509.542
 40
54.198
 50
28.56
 51
31.664
  0
ARC
  8
APS_GEOMETRY
 10
1888.098
 20
-487.825
 40
12.827
 50
31.664
 51
38.047
  0
ARC
  8
APS_GEOMETRY
 10
1890.658
 20
-485.822
 40
9.576
 50
38.047
 51
46.56
  0
ARC
  8
APS_GEOMETRY
 10
1889.328
 20
-487.227
 40
11.512
 50
46.56
 51
54.324
  0
ARC
  8
APS_GEOMETRY
 10
1888.56
 20
-488.548
 40
13.034
 50
54.968
 51
71.48
  0
ARC
  8
APS_GEOMETRY
 10
1889.403
 20
-486.032
 40
10.38
 50
71.48
 51
90.0
  0
ARC
  8
APS_GEOMETRY
 10
1889.403
 20
-482.902
 40
7.251
 50
90.0
 51
114.63
  0
ARC
  8
APS_GEOMETRY
 10
1889.038
 20
-482.108
 40
6.377
 50
114.63
 51
140.921
  0
ARC
  8
APS_GEOMETRY
 10
1890.114
 20
-482.982
 40
7.763
 50
140.921
 51
163.13
  0
ARC
  8
APS_GEOMETRY
 10
1895.492
 20
-484.613
 40
13.382
 50
163.13
 51
180.0
  0
ARC
  8
APS_GEOMETRY
 10
1902.465
 20
-484.613
 40
20.355
 50
180.0
 51
195.44
  0
ARC
  8
APS_GEOMETRY
 10
1901.407
 20
-484.905
 40
19.258
 50
195.44
 51
211.316
  0
ARC
  8
APS_GEOMETRY
 10
1896.318
 20
-487.894
 40
13.357
 50
211.708
 51
240.457
  0
ARC
  8
APS_GEOMETRY
 10
1895.976
 20
-488.497
 40
12.663
 50
240.457
 51
270.0
  0
ARC
  8
APS_GEOMETRY
 10
1895.976
 20
-485.41
 40
15.751
 50
270.0
 51
279.549
  0
ARC
  8
APS_GEOMETRY
 10
1895.78
 20
-484.246
 40
16.931
 50
279.549
 51
288.759
  0
ARC
  8
APS_GEOMETRY
 10
1896.606
 20
-486.676
 40
14.364
 50
288.759
 51
299.545
  0
ARC
  8
APS_GEOMETRY
 10
1899.915
 20
-492.515
 40
7.652
 50
299.545
 51
314.341
  0
ARC
  8
APS_GEOMETRY
 10
1910.15
 20
-503.146
 40
7.105
 50
120.141
 51
133.452
  0
ARC
  8
APS_GEOMETRY
 10
1907.291
 20
-498.223
 40
1.412
 50
90.0
 51
120.141
  0
ARC
  8
APS_GEOMETRY
 10
1907.291
 20
-499.041
 40
2.23
 50
61.952
 51
90.0
  0
ARC
  8
APS_GEOMETRY
 10
1906.959
 20
-499.664
 40
2.936
 50
37.569
 51
61.952
  0
ARC
  8
APS_GEOMETRY
 10
1906.34
 20
-500.14
 40
3.717
 50
17.665
 51
37.569
  0
ARC
  8
APS_GEOMETRY
 10
1905.395
 20
-500.441
 40
4.709
 50
360.0
 51
17.665
  0
ARC
  8
APS_GEOMETRY
 10
1903.023
 20
-500.441
 40
7.081
 50
344.932
 51
360.0
  0
ARC
  8
APS_GEOMETRY
 10
1896.725
 20
-498.745
 40
13.603
 50
334.075
 51
344.932
  0
ARC
  8
APS_GEOMETRY
 10
1896.527
 20
-498.649
 40
13.823
 50
323.374
 51
334.075
  0
ARC
  8
APS_GEOMETRY
 10
1900.591
 20
-501.67
 40
8.76
 50
309.92
 51
323.374
  0
ARC
  8
APS_GEOMETRY
 10
1904.652
 20
-506.461
 40
2.48
 50
289.026
 51
308.991
  0
ARC
  8
APS_GEOMETRY
 10
1900.319
 20
-493.895
 40
15.771
 50
281.143
 51
289.026
  0
ARC
  8
APS_GEOMETRY
 10
1904.713
 20
-516.677
 40
7.431
 50
100.437
 51
110.12
  0
ARC
  8
APS_GEOMETRY
 10
1910.534
 20
-532.567
 40
24.353
 50
110.12
 51
115.463
  0
ARC
  8
APS_GEOMETRY
 10
1889.753
 20
-489.086
 40
23.838
 50
282.94
 51
295.628
  0
ARC
  8
APS_GEOMETRY
 10
1889.958
 20
-489.98
 40
22.921
 50
270.0
 51
282.94
  0
ARC
  8
APS_GEOMETRY
 10
1889.958
 20
-488.626
 40
24.275
 50
257.307
 51
270.0
  0
ARC
  8
APS_GEOMETRY
 10
1890.983
 20
-484.077
 40
28.939
 50
245.686
 51
257.307
  0
ARC
  8
APS_GEOMETRY
 10
1888.413
 20
-489.718
 40
22.739
 50
228.801
 51
245.735
  0
ARC
  8
APS_GEOMETRY
 10
1888.456
 20
-489.669
 40
22.805
 50
211.891
 51
228.801
  0
ARC
  8
APS_GEOMETRY
 10
1889.804
 20
-488.699
 40
24.462
 50
196.728
 51
212.152
  0
ARC
  8
APS_GEOMETRY
 10
1886.316
 20
-489.747
 40
20.82
 50
180.0
 51
196.728
  0
ARC
  8
APS_GEOMETRY
 10
1886.823
 20
-489.747
 40
21.327
 50
161.184
 51
180.0
  0
ARC
  8
APS_GEOMETRY
 10
1888.192
 20
-490.213
 40
22.773
 50
142.98
 51
161.184
  0
ARC
  8
APS_GEOMETRY
 10
1889.256
 20
-491.028
 40
24.112
 50
127.824
 51
142.958
  0
ARC
  8
APS_GEOMETRY
 10
1891.01
 20
-493.287
 40
26.973
 50
113.52
 51
127.824
  0
ARC
  8
APS_GEOMETRY
 10
1890.439
 20
-491.968
 40
25.535
 50
101.927
 51
113.527
  0
ARC
  8
APS_GEOMETRY
 10
1890.155
 20
-490.623
 40
24.161
 50
90.0
 51
101.927
  0
ARC
  8
APS_GEOMETRY
 10
1940.636
 20
-492.244
 40
25.782
 50
71.91
 51
90.0
  0
ARC
  8
APS_GEOMETRY
 10
1941.634
 20
-489.187
 40
22.566
 50
52.561
 51
71.91
  0
ARC
  8
APS_GEOMETRY
 10
1941.373
 20
-489.263
 40
22.786
 50
38.846
 51
52.156
  0
ARC
  8
APS_GEOMETRY
 10
1937.801
 20
-492.14
 40
27.372
 50
26.707
 51
38.846
  0
ARC
  8
APS_GEOMETRY
 10
1938.508
 20
-491.562
 40
26.482
 50
13.868
 51
26.278
  0
ARC
  8
APS_GEOMETRY
 10
1943.608
 20
-490.303
 40
21.229
 50
360.0
 51
13.868
  0
ARC
  8
APS_GEOMETRY
 10
1943.938
 20
-490.303
 40
20.899
 50
339.712
 51
360.0
  0
ARC
  8
APS_GEOMETRY
 10
1942.761
 20
-489.868
 40
22.153
 50
320.013
 51
339.712
  0
ARC
  8
APS_GEOMETRY
 10
1942.566
 20
-489.761
 40
22.372
 50
303.344
 51
320.123
  0
ARC
  8
APS_GEOMETRY
 10
1940.27
 20
-486.271
 40
26.548
 50
287.949
 51
303.344
  0
ARC
  8
APS_GEOMETRY
 10
1939.516
 20
-483.656
 40
29.269
 50
279.039
 51
287.776
  0
ARC
  8
APS_GEOMETRY
 10
1939.818
 20
-485.555
 40
27.346
 50
270.0
 51
279.039
  0
ARC
  8
APS_GEOMETRY
 10
1939.818
 20
-486.89
 40
26.011
 50
257.728
 51
270.0
  0
ARC
  8
APS_GEOMETRY
 10
1939.859
 20
-486.702
 40
26.203
 50
245.501
 51
257.728
  0
ARC
  8
APS_GEOMETRY
 10
1938.386
 20
-489.925
 40
22.66
 50
228.665
 51
245.511
  0
ARC
  8
APS_GEOMETRY
 10
1937.897
 20
-490.482
 40
21.918
 50
211.535
 51
228.665
  0
ARC
  8
APS_GEOMETRY
 10
1938.539
 20
-490.01
 40
22.712
 50
195.642
 51
211.701
  0
ARC
  8
APS_GEOMETRY
 10
1939.712
 20
-489.682
 40
23.931
 50
180.0
 51
195.642
  0
ARC
  8
APS_GEOMETRY
 10
1939.964
 20
-489.682
 40
24.183
 50
162.181
 51
180.0
  0
ARC
  8
APS_GEOMETRY
 10
1937.757
 20
-488.972
 40
21.865
 50
143.434
 51
162.181
  0
ARC
  8
APS_GEOMETRY
 10
1937.461
 20
-488.735
 40
21.485
 50
126.384
 51
143.471
  0
ARC
  8
APS_GEOMETRY
 10
1939.495
 20
-491.495
 40
24.914
 50
110.525
 51
126.384
  0
ARC
  8
APS_GEOMETRY
 10
1939.394
 20
-490.746
 40
24.177
 50
99.77
 51
110.925
  0
ARC
  8
APS_GEOMETRY
 10
1940.636
 20
-497.958
 40
31.496
 50
90.0
 51
99.77
  0
ARC
  8
APS_GEOMETRY
 10
1937.529
 20
-480.655
 40
4.807
 50
90.0
 51
119.604
  0
ARC
  8
APS_GEOMETRY
 10
1937.95
 20
-481.396
 40
5.659
 50
119.604
 51
146.842
  0
ARC
  8
APS_GEOMETRY
 10
1938.796
 20
-482.09
 40
6.748
 50
145.84
 51
164.055
  0
ARC
  8
APS_GEOMETRY
 10
1940.757
 20
-482.65
 40
8.788
 50
164.055
 51
180.0
  0
ARC
  8
APS_GEOMETRY
 10
1953.022
 20
-482.65
 40
21.053
 50
180.0
 51
189.977
  0
ARC
  8
APS_GEOMETRY
 10
1971.674
 20
-479.369
 40
39.991
 50
189.977
 51
197.211
  0
ARC
  8
APS_GEOMETRY
 10
1975.753
 20
-478.106
 40
44.261
 50
197.211
 51
203.76
  0
ARC
  8
APS_GEOMETRY
 10
1965.59
 20
-482.58
 40
33.157
 50
203.76
 51
211.329
  0
ARC
  8
APS_GEOMETRY
 10
1944.722
 20
-495.103
 40
8.821
 50
212.32
 51
224.441
  0
ARC
  8
APS_GEOMETRY
 10
1943.867
 20
-495.942
 40
7.623
 50
224.441
 51
237.484
  0
ARC
  8
APS_GEOMETRY
 10
1943.314
 20
-496.809
 40
6.595
 50
237.484
 51
252.416
  0
ARC
  8
APS_GEOMETRY
 10
1942.762
 20
-498.553
 40
4.766
 50
252.416
 51
270.0
  0
ARC
  8
APS_GEOMETRY
 10
1942.762
 20
-497.988
 40
5.331
 50
270.0
 51
294.953
  0
ARC
  8
APS_GEOMETRY
 10
1942.911
 20
-498.309
 40
4.977
 50
294.953
 51
320.793
  0
ARC
  8
APS_GEOMETRY
 10
1942.11
 20
-497.655
 40
6.011
 50
320.793
 51
342.777
  0
ARC
  8
APS_GEOMETRY
 10
1938.542
 20
-496.549
 40
9.746
 50
342.777
 51
0.0
  0
ARC
  8
APS_GEOMETRY
 10
1921.781
 20
-496.549
 40
26.507
 50
0.0
 51
8.499
  0
ARC
  8
APS_GEOMETRY
 10
1910.114
 20
-498.293
 40
38.304
 50
8.499
 51
15.566
  0
ARC
  8
APS_GEOMETRY
 10
1911.517
 20
-497.902
 40
36.848
 50
15.566
 51
22.909
  0
ARC
  8
APS_GEOMETRY
 10
1923.581
 20
-492.804
 40
23.751
 50
22.909
 51
32.057
  0
ARC
  8
APS_GEOMETRY
 10
1933.056
 20
-486.834
 40
12.552
 50
31.921
 51
42.51
  0
ARC
  8
APS_GEOMETRY
 10
1935.658
 20
-484.449
 40
9.022
 50
42.51
 51
55.008
  0
ARC
  8
APS_GEOMETRY
 10
1936.537
 20
-483.194
 40
7.489
 50
55.008
 51
69.88
  0
ARC
  8
APS_GEOMETRY
 10
1937.325
 20
-481.042
 40
5.198
 50
69.88
 51
87.754
  0
ARC
  8
APS_GEOMETRY
 10
1993.995
 20
-487.726
 40
21.264
 50
77.257
 51
90.0
  0
ARC
  8
APS_GEOMETRY
 10
1993.779
 20
-488.681
 40
22.243
 50
64.799
 51
77.257
  0
ARC
  8
APS_GEOMETRY
 10
2012.096
 20
-449.683
 40
20.843
 50
244.885
 51
251.175
  0
ARC
  8
APS_GEOMETRY
 10
2006.128
 20
-467.19
 40
2.346
 50
251.175
 51
270.0
  0
ARC
  8
APS_GEOMETRY
 10
2006.128
 20
-465.73
 40
3.806
 50
270.0
 51
278.82
  0
ARC
  8
APS_GEOMETRY
 10
2003.669
 20
-449.882
 40
19.844
 50
278.82
 51
282.68
  0
ARC
  8
APS_GEOMETRY
 10
2008.814
 20
-472.663
 40
3.511
 50
95.906
 51
102.995
  0
ARC
  8
APS_GEOMETRY
 10
2008.973
 20
-474.199
 40
5.055
 50
90.0
 51
95.906
  0
ARC
  8
APS_GEOMETRY
 10
2008.973
 20
-472.499
 40
3.356
 50
62.447
 51
90.0
  0
ARC
  8
APS_GEOMETRY
 10
2008.376
 20
-473.643
 40
4.645
 50
39.094
 51
62.447
  0
ARC
  8
APS_GEOMETRY
 10
2002.142
 20
-478.857
 40
12.772
 50
18.435
 51
39.611
  0
ARC
  8
APS_GEOMETRY
 10
1998.316
 20
-480.132
 40
16.806
 50
360.0
 51
18.435
  0
ARC
  8
APS_GEOMETRY
 10
2006.788
 20
-480.132
 40
8.333
 50
334.877
 51
360.0
  0
ARC
  8
APS_GEOMETRY
 10
2009.294
 20
-481.308
 40
5.565
 50
304.007
 51
334.877
  0
ARC
  8
APS_GEOMETRY
 10
2009.253
 20
-481.19
 40
5.686
 50
286.39
 51
303.69
  0
ARC
  8
APS_GEOMETRY
 10
2009.071
 20
-480.571
 40
6.33
 50
270.0
 51
286.39
  0
ARC
  8
APS_GEOMETRY
 10
2009.071
 20
-480.645
 40
6.257
 50
255.155
 51
270.0
  0
ARC
  8
APS_GEOMETRY
 10
2008.386
 20
-483.231
 40
3.581
 50
235.491
 51
255.155
  0
ARC
  8
APS_GEOMETRY
 10
2008.73
 20
-482.731
 40
4.189
 50
218.48
 51
235.491
  0
ARC
  8
APS_GEOMETRY
 10
2014.351
 20
-478.263
 40
11.369
 50
208.179
 51
218.48
  0
ARC
  8
APS_GEOMETRY
 10
1956.726
 20
-509.542
 40
54.198
 50
28.56
 51
31.664
  0
ARC
  8
APS_GEOMETRY
 10
1991.938
 20
-487.825
 40
12.827
 50
31.664
 51
38.047
  0
ARC
  8
APS_GEOMETRY
 10
1994.499
 20
-485.822
 40
9.576
 50
38.047
 51
46.56
  0
ARC
  8
APS_GEOMETRY
 10
1993.168
 20
-487.227
 40
11.512
 50
46.56
 51
54.324
  0
ARC
  8
APS_GEOMETRY
 10
1992.4
 20
-488.548
 40
13.034
 50
54.968
 51
71.48
  0
ARC
  8
APS_GEOMETRY
 10
1993.243
 20
-486.032
 40
10.38
 50
71.48
 51
90.0
  0
ARC
  8
APS_GEOMETRY
 10
1993.243
 20
-482.902
 40
7.251
 50
90.0
 51
114.63
  0
ARC
  8
APS_GEOMETRY
 10
1992.879
 20
-482.108
 40
6.377
 50
114.63
 51
140.921
  0
ARC
  8
APS_GEOMETRY
 10
1993.954
 20
-482.982
 40
7.763
 50
140.921
 51
163.13
  0
ARC
  8
APS_GEOMETRY
 10
1999.332
 20
-484.613
 40
13.382
 50
163.13
 51
180.0
  0
ARC
  8
APS_GEOMETRY
 10
2006.305
 20
-484.613
 40
20.355
 50
180.0
 51
195.44
  0
ARC
  8
APS_GEOMETRY
 10
2005.247
 20
-484.905
 40
19.258
 50
195.44
 51
211.316
  0
ARC
  8
APS_GEOMETRY
 10
2000.158
 20
-487.894
 40
13.357
 50
211.708
 51
240.457
  0
ARC
  8
APS_GEOMETRY
 10
1999.816
 20
-488.497
 40
12.663
 50
240.457
 51
270.0
  0
ARC
  8
APS_GEOMETRY
 10
1999.816
 20
-485.41
 40
15.751
 50
270.0
 51
279.549
  0
ARC
  8
APS_GEOMETRY
 10
1999.62
 20
-484.246
 40
16.931
 50
279.549
 51
288.759
  0
ARC
  8
APS_GEOMETRY
 10
2000.446
 20
-486.676
 40
14.364
 50
288.759
 51
299.545
  0
ARC
  8
APS_GEOMETRY
 10
2003.755
 20
-492.515
 40
7.652
 50
299.545
 51
314.341
  0
ARC
  8
APS_GEOMETRY
 10
2013.99
 20
-503.146
 40
7.105
 50
120.141
 51
133.452
  0
ARC
  8
APS_GEOMETRY
 10
2011.131
 20
-498.223
 40
1.412
 50
90.0
 51
120.141
  0
ARC
  8
APS_GEOMETRY
 10
2011.131
 20
-499.041
 40
2.23
 50
61.952
 51
90.0
  0
ARC
  8
APS_GEOMETRY
 10
2010.799
 20
-499.664
 40
2.936
 50
37.569
 51
61.952
  0
ARC
  8
APS_GEOMETRY
 10
2010.18
 20
-500.14
 40
3.717
 50
17.665
 51
37.569
  0
ARC
  8
APS_GEOMETRY
 10
2009.235
 20
-500.441
 40
4.709
 50
360.0
 51
17.665
  0
ARC
  8
APS_GEOMETRY
 10
2006.863
 20
-500.441
 40
7.081
 50
344.932
 51
360.0
  0
ARC
  8
APS_GEOMETRY
 10
2000.565
 20
-498.745
 40
13.603
 50
334.075
 51
344.932
  0
ARC
  8
APS_GEOMETRY
 10
2000.367
 20
-498.649
 40
13.823
 50
323.374
 51
334.075
  0
ARC
  8
APS_GEOMETRY
 10
2004.431
 20
-501.67
 40
8.76
 50
309.92
 51
323.374
  0
ARC
  8
APS_GEOMETRY
 10
2008.492
 20
-506.461
 40
2.48
 50
289.026
 51
308.991
  0
ARC
  8
APS_GEOMETRY
 10
2004.159
 20
-493.895
 40
15.771
 50
281.143
 51
289.026
  0
ARC
  8
APS_GEOMETRY
 10
2008.553
 20
-516.677
 40
7.431
 50
100.437
 51
110.12
  0
ARC
  8
APS_GEOMETRY
 10
2014.374
 20
-532.567
 40
24.353
 50
110.12
 51
115.463
  0
ARC
  8
APS_GEOMETRY
 10
1993.593
 20
-489.086
 40
23.838
 50
282.94
 51
295.628
  0
ARC
  8
APS_GEOMETRY
 10
1993.799
 20
-489.98
 40
22.921
 50
270.0
 51
282.94
  0
ARC
  8
APS_GEOMETRY
 10
1993.799
 20
-488.626
 40
24.275
 50
257.307
 51
270.0
  0
ARC
  8
APS_GEOMETRY
 10
1994.823
 20
-484.077
 40
28.939
 50
245.686
 51
257.307
  0
ARC
  8
APS_GEOMETRY
 10
1992.253
 20
-489.718
 40
22.739
 50
228.801
 51
245.735
  0
ARC
  8
APS_GEOMETRY
 10
1992.296
 20
-489.669
 40
22.805
 50
211.891
 51
228.801
  0
ARC
  8
APS_GEOMETRY
 10
1993.644
 20
-488.699
 40
24.462
 50
196.728
 51
212.152
  0
ARC
  8
APS_GEOMETRY
 10
1990.156
 20
-489.747
 40
20.82
 50
180.0
 51
196.728
  0
ARC
  8
APS_GEOMETRY
 10
1990.663
 20
-489.747
 40
21.327
 50
161.184
 51
180.0
  0
ARC
  8
APS_GEOMETRY
 10
1992.032
 20
-490.213
 40
22.773
 50
142.98
 51
161.184
  0
ARC
  8
APS_GEOMETRY
 10
1993.096
 20
-491.028
 40
24.112
 50
127.824
 51
142.958
  0
ARC
  8
APS_GEOMETRY
 10
1994.85
 20
-493.287
 40
26.973
 50
113.52
 51
127.824
  0
ARC
  8
APS_GEOMETRY
 10
1994.279
 20
-491.968
 40
25.535
 50
101.927
 51
113.527
  0
ARC
  8
APS_GEOMETRY
 10
1993.995
 20
-490.623
 40
24.161
 50
90.0
 51
101.927
  0
ARC
  8
APS_GEOMETRY
 10
2044.476
 20
-492.244
 40
25.782
 50
71.91
 51
90.0
  0
ARC
  8
APS_GEOMETRY
 10
2045.474
 20
-489.187
 40
22.566
 50
52.561
 51
71.91
  0
ARC
  8
APS_GEOMETRY
 10
2045.213
 20
-489.263
 40
22.786
 50
38.846
 51
52.156
  0
ARC
  8
APS_GEOMETRY
 10
2041.641
 20
-492.14
 40
27.372
 50
26.707
 51
38.846
  0
ARC
  8
APS_GEOMETRY
 10
2042.348
 20
-491.562
 40
26.482
 50
13.868
 51
26.278
  0
ARC
  8
APS_GEOMETRY
 10
2047.448
 20
-490.303
 40
21.229
 50
360.0
 51
13.868
  0
ARC
  8
APS_GEOMETRY
 10
2047.778
 20
-490.303
 40
20.899
 50
339.712
 51
360.0
  0
ARC
  8
APS_GEOMETRY
 10
2046.601
 20
-489.868
 40
22.153
 50
320.013
 51
339.712
  0
ARC
  8
APS_GEOMETRY
 10
2046.406
 20
-489.761
 40
22.372
 50
303.344
 51
320.123
  0
ARC
  8
APS_GEOMETRY
 10
2044.11
 20
-486.271
 40
26.548
 50
287.949
 51
303.344
  0
ARC
  8
APS_GEOMETRY
 10
2043.356
 20
-483.656
 40
29.269
 50
279.039
 51
287.776
  0
ARC
  8
APS_GEOMETRY
 10
2043.658
 20
-485.555
 40
27.346
 50
270.0
 51
279.039
  0
ARC
  8
APS_GEOMETRY
 10
2043.658
 20
-486.89
 40
26.011
 50
257.728
 51
270.0
  0
ARC
  8
APS_GEOMETRY
 10
2043.699
 20
-486.702
 40
26.203
 50
245.501
 51
257.728
  0
ARC
  8
APS_GEOMETRY
 10
2042.227
 20
-489.925
 40
22.66
 50
228.665
 51
245.511
  0
ARC
  8
APS_GEOMETRY
 10
2041.737
 20
-490.482
 40
21.918
 50
211.535
 51
228.665
  0
ARC
  8
APS_GEOMETRY
 10
2042.379
 20
-490.01
 40
22.712
 50
195.642
 51
211.701
  0
ARC
  8
APS_GEOMETRY
 10
2043.552
 20
-489.682
 40
23.931
 50
180.0
 51
195.642
  0
ARC
  8
APS_GEOMETRY
 10
2043.804
 20
-489.682
 40
24.183
 50
162.181
 51
180.0
  0
ARC
  8
APS_GEOMETRY
 10
2041.598
 20
-488.972
 40
21.865
 50
143.434
 51
162.181
  0
ARC
  8
APS_GEOMETRY
 10
2041.301
 20
-488.735
 40
21.485
 50
126.384
 51
143.471
  0
ARC
  8
APS_GEOMETRY
 10
2043.335
 20
-491.495
 40
24.914
 50
110.525
 51
126.384
  0
ARC
  8
APS_GEOMETRY
 10
2043.234
 20
-490.746
 40
24.177
 50
99.77
 51
110.925
  0
ARC
  8
APS_GEOMETRY
 10
2044.476
 20
-497.958
 40
31.496
 50
90.0
 51
99.77
  0
ARC
  8
APS_GEOMETRY
 10
2041.369
 20
-480.655
 40
4.807
 50
90.0
 51
119.604
  0
ARC
  8
APS_GEOMETRY
 10
2041.79
 20
-481.396
 40
5.659
 50
119.604
 51
146.842
  0
ARC
  8
APS_GEOMETRY
 10
2042.636
 20
-482.09
 40
6.748
 50
145.84
 51
164.055
  0
ARC
  8
APS_GEOMETRY
 10
2044.598
 20
-482.65
 40
8.788
 50
164.055
 51
180.0
  0
ARC
  8
APS_GEOMETRY
 10
2056.862
 20
-482.65
 40
21.053
 50
180.0
 51
189.977
  0
ARC
  8
APS_GEOMETRY
 10
2075.514
 20
-479.369
 40
39.991
 50
189.977
 51
197.211
  0
ARC
  8
APS_GEOMETRY
 10
2079.593
 20
-478.106
 40
44.261
 50
197.211
 51
203.76
  0
ARC
  8
APS_GEOMETRY
 10
2069.43
 20
-482.58
 40
33.157
 50
203.76
 51
211.329
  0
ARC
  8
APS_GEOMETRY
 10
2048.562
 20
-495.103
 40
8.821
 50
212.32
 51
224.441
  0
ARC
  8
APS_GEOMETRY
 10
2047.707
 20
-495.942
 40
7.623
 50
224.441
 51
237.484
  0
ARC
  8
APS_GEOMETRY
 10
2047.154
 20
-496.809
 40
6.595
 50
237.484
 51
252.416
  0
ARC
  8
APS_GEOMETRY
 10
2046.602
 20
-498.553
 40
4.766
 50
252.416
 51
270.0
  0
ARC
  8
APS_GEOMETRY
 10
2046.602
 20
-497.988
 40
5.331
 50
270.0
 51
294.953
  0
ARC
  8
APS_GEOMETRY
 10
2046.751
 20
-498.309
 40
4.977
 50
294.953
 51
320.793
  0
ARC
  8
APS_GEOMETRY
 10
2045.95
 20
-497.655
 40
6.011
 50
320.793
 51
342.777
  0
ARC
  8
APS_GEOMETRY
 10
2042.383
 20
-496.549
 40
9.746
 50
342.777
 51
0.0
  0
ARC
  8
APS_GEOMETRY
 10
2025.621
 20
-496.549
 40
26.507
 50
0.0
 51
8.499
  0
ARC
  8
APS_GEOMETRY
 10
2013.954
 20
-498.293
 40
38.304
 50
8.499
 51
15.566
  0
ARC
  8
APS_GEOMETRY
 10
2015.357
 20
-497.902
 40
36.848
 50
15.566
 51
22.909
  0
ARC
  8
APS_GEOMETRY
 10
2027.421
 20
-492.804
 40
23.751
 50
22.909
 51
32.057
  0
ARC
  8
APS_GEOMETRY
 10
2036.896
 20
-486.834
 40
12.552
 50
31.921
 51
42.51
  0
ARC
  8
APS_GEOMETRY
 10
2039.498
 20
-484.449
 40
9.022
 50
42.51
 51
55.008
  0
ARC
  8
APS_GEOMETRY
 10
2040.377
 20
-483.194
 40
7.489
 50
55.008
 51
69.88
  0
ARC
  8
APS_GEOMETRY
 10
2041.165
 20
-481.042
 40
5.198
 50
69.88
 51
87.754
  0
ARC
  8
APS_GEOMETRY
 10
2094.99
 20
-495.666
 40
2.42
 50
90.0
 51
115.837
  0
ARC
  8
APS_GEOMETRY
 10
2094.394
 20
-494.436
 40
1.053
 50
115.837
 51
155.462
  0
ARC
  8
APS_GEOMETRY
 10
2095.089
 20
-494.753
 40
1.817
 50
155.462
 51
168.366
  0
ARC
  8
APS_GEOMETRY
 10
2101.435
 20
-496.06
 40
8.296
 50
168.366
 51
174.395
  0
ARC
  8
APS_GEOMETRY
 10
2107.831
 20
-496.687
 40
14.722
 50
174.395
 51
177.813
  0
ARC
  8
APS_GEOMETRY
 10
2129.059
 20
-497.498
 40
35.966
 50
177.813
 51
180.0
  0
ARC
  8
APS_GEOMETRY
 10
2144.428
 20
-497.498
 40
51.335
 50
180.0
 51
184.62
  0
ARC
  8
APS_GEOMETRY
 10
2110.008
 20
-500.279
 40
16.803
 50
184.62
 51
192.7
  0
ARC
  8
APS_GEOMETRY
 10
2096.738
 20
-503.193
 40
3.218
 50
194.036
 51
205.821
  0
ARC
  8
APS_GEOMETRY
 10
2095.332
 20
-503.873
 40
1.656
 50
205.821
 51
222.274
  0
ARC
  8
APS_GEOMETRY
 10
2095.763
 20
-503.481
 40
2.238
 50
222.274
 51
234.605
  0
ARC
  8
APS_GEOMETRY
 10
2100.623
 20
-496.641
 40
10.63
 50
234.605
 51
240.255
  0
ARC
  8
APS_GEOMETRY
 10
2093.235
 20
-509.715
 40
4.389
 50
34.592
 51
61.189
  0
ARC
  8
APS_GEOMETRY
 10
2094.685
 20
-508.715
 40
2.627
 50
360.0
 51
34.592
  0
ARC
  8
APS_GEOMETRY
 10
2094.772
 20
-508.715
 40
2.539
 50
318.231
 51
360.0
  0
ARC
  8
APS_GEOMETRY
 10
2093.074
 20
-507.198
 40
4.816
 50
288.227
 51
318.231
  0
ARC
  8
APS_GEOMETRY
 10
2091.313
 20
-501.851
 40
10.446
 50
280.377
 51
288.227
  0
ARC
  8
APS_GEOMETRY
 10
2088.243
 20
-485.087
 40
27.489
 50
275.541
 51
280.377
  0
ARC
  8
APS_GEOMETRY
 10
2086.92
 20
-471.449
 40
41.19
 50
272.304
 51
275.541
  0
ARC
  8
APS_GEOMETRY
 10
2085.309
 20
-431.413
 40
81.259
 50
270.0
 51
272.304
  0
ARC
  8
APS_GEOMETRY
 10
2085.309
 20
-464.872
 40
47.8
 50
262.811
 51
270.0
  0
ARC
  8
APS_GEOMETRY
 10
2081.02
 20
-498.879
 40
13.524
 50
249.274
 51
262.811
  0
ARC
  8
APS_GEOMETRY
 10
2078.322
 20
-506.009
 40
5.901
 50
221.379
 51
249.274
  0
ARC
  8
APS_GEOMETRY
 10
2075.956
 20
-508.094
 40
2.747
 50
180.0
 51
221.379
  0
ARC
  8
APS_GEOMETRY
 10
2075.938
 20
-508.094
 40
2.728
 50
164.055
 51
180.0
  0
ARC
  8
APS_GEOMETRY
 10
2074.8
 20
-507.769
 40
1.546
 50
142.815
 51
164.055
  0
ARC
  8
APS_GEOMETRY
 10
2075.516
 20
-508.312
 40
2.444
 50
129.007
 51
142.815
  0
ARC
  8
APS_GEOMETRY
 10
2084.308
 20
-519.166
 40
16.412
 50
123.69
 51
129.007
  0
ARC
  8
APS_GEOMETRY
 10
2071.832
 20
-500.393
 40
6.128
 50
303.389
 51
319.022
  0
ARC
  8
APS_GEOMETRY
 10
2073.49
 20
-501.834
 40
3.932
 50
319.022
 51
338.575
  0
ARC
  8
APS_GEOMETRY
 10
2071.271
 20
-500.963
 40
6.316
 50
338.575
 51
351.049
  0
ARC
  8
APS_GEOMETRY
 10
2044.465
 20
-496.741
 40
33.452
 50
351.049
 51
356.46
  0
ARC
  8
APS_GEOMETRY
 10
2053.301
 20
-497.077
 40
24.613
 50
355.972
 51
358.68
  0
ARC
  8
APS_GEOMETRY
 10
1763.11
 20
-490.39
 40
314.881
 50
358.68
 51
359.437
  0
LINE
  8
APS_GEOMETRY
 10
2077.976
 11
2078.006
 20
-493.483
 21
-488.572
  0
LINE
  8
APS_GEOMETRY
 10
2078.006
 11
2078.017
 20
-488.572
 21
-482.16
  0
ARC
  8
APS_GEOMETRY
 10
2002.207
 20
-482.16
 40
75.809
 50
0.0
 51
1.717
  0
ARC
  8
APS_GEOMETRY
 10
2042.776
 20
-480.944
 40
35.223
 50
1.717
 51
4.236
  0
ARC
  8
APS_GEOMETRY
 10
2056.005
 20
-479.964
 40
21.957
 50
4.236
 51
8.269
  0
ARC
  8
APS_GEOMETRY
 10
2071.229
 20
-477.751
 40
6.573
 50
8.269
 51
15.642
  0
ARC
  8
APS_GEOMETRY
 10
2073.849
 20
-477.018
 40
3.853
 50
15.642
 51
39.417
  0
ARC
  8
APS_GEOMETRY
 10
2073.908
 20
-476.969
 40
3.776
 50
39.417
 51
63.435
  0
ARC
  8
APS_GEOMETRY
 10
2080.709
 20
-462.88
 40
11.869
 50
236.874
 51
244.486
  0
ARC
  8
APS_GEOMETRY
 10
2075.65
 20
-470.633
 40
2.611
 50
220.601
 51
236.874
  0
ARC
  8
APS_GEOMETRY
 10
2075.069
 20
-471.131
 40
1.847
 50
198.246
 51
220.601
  0
ARC
  8
APS_GEOMETRY
 10
2075.937
 20
-470.844
 40
2.761
 50
180.0
 51
198.246
  0
ARC
  8
APS_GEOMETRY
 10
2075.924
 20
-470.844
 40
2.748
 50
156.161
 51
180.0
  0
ARC
  8
APS_GEOMETRY
 10
2076.307
 20
-471.014
 40
3.167
 50
133.977
 51
156.161
  0
ARC
  8
APS_GEOMETRY
 10
2077.071
 20
-471.805
 40
4.266
 50
116.996
 51
133.977
  0
ARC
  8
APS_GEOMETRY
 10
2078.588
 20
-474.782
 40
7.608
 50
104.3
 51
116.996
  0
ARC
  8
APS_GEOMETRY
 10
2078.98
 20
-476.288
 40
9.164
 50
95.326
 51
104.349
  0
ARC
  8
APS_GEOMETRY
 10
2080.567
 20
-493.323
 40
26.272
 50
90.0
 51
95.326
  0
ARC
  8
APS_GEOMETRY
 10
2080.567
 20
-480.064
 40
13.013
 50
87.553
 51
90.0
  0
ARC
  8
APS_GEOMETRY
 10
2077.799
 20
-544.851
 40
77.86
 50
86.553
 51
87.553
  0
ARC
  8
APS_GEOMETRY
 10
2073.862
 20
-610.198
 40
143.325
 50
86.009
 51
86.553
  0
ARC
  8
APS_GEOMETRY
 10
2058.554
 20
-829.611
 40
363.271
 50
85.668
 51
86.009
  0
ARC
  8
APS_GEOMETRY
 10
2087.202
 20
-452.301
 40
15.125
 50
265.426
 51
268.531
  0
ARC
  8
APS_GEOMETRY
 10
2088.547
 20
-399.858
 40
67.586
 50
268.531
 51
270.0
  0
ARC
  8
APS_GEOMETRY
 10
2088.547
 20
-415.933
 40
51.511
 50
270.0
 51
271.637
  0
ARC
  8
APS_GEOMETRY
 10
2087.396
 20
-375.648
 40
91.812
 50
271.637
 51
272.862
  0
ARC
  8
APS_GEOMETRY
 10
2086.075
 20
-349.219
 40
118.274
 50
272.862
 51
273.814
  0
ARC
  8
APS_GEOMETRY
 10
2081.601
 20
-282.115
 40
185.527
 50
273.814
 51
274.574
  0
ARC
  8
APS_GEOMETRY
 10
2109.663
 20
-647.105
 40
180.543
 50
93.72
 51
94.214
  0
ARC
  8
APS_GEOMETRY
 10
2103.674
 20
-554.987
 40
88.23
 50
93.013
 51
93.72
  0
ARC
  8
APS_GEOMETRY
 10
2102.032
 20
-523.792
 40
56.991
 50
91.918
 51
93.013
  0
ARC
  8
APS_GEOMETRY
 10
2100.746
 20
-485.376
 40
18.554
 50
90.0
 51
91.918
  0
ARC
  8
APS_GEOMETRY
 10
2100.746
 20
-490.93
 40
24.109
 50
73.82
 51
90.0
  0
ARC
  8
APS_GEOMETRY
 10
2103.122
 20
-482.741
 40
15.581
 50
53.658
 51
73.82
  0
ARC
  8
APS_GEOMETRY
 10
2106.501
 20
-478.121
 40
9.857
 50
26.03
 51
53.569
  0
ARC
  8
APS_GEOMETRY
 10
2105.464
 20
-478.628
 40
11.012
 50
360.0
 51
26.03
  0
ARC
  8
APS_GEOMETRY
 10
2105.033
 20
-478.628
 40
11.443
 50
345.282
 51
360.0
  0
ARC
  8
APS_GEOMETRY
 10
2106.134
 20
-478.917
 40
10.305
 50
329.767
 51
345.282
  0
ARC
  8
APS_GEOMETRY
 10
2106.757
 20
-479.28
 40
9.583
 50
313.168
 51
329.767
  0
ARC
  8
APS_GEOMETRY
 10
2106.988
 20
-479.527
 40
9.246
 50
296.267
 51
313.168
  0
ARC
  8
APS_GEOMETRY
 10
2112.251
 20
-490.161
 40
2.62
 50
116.565
 51
139.899
  0
ARC
  8
APS_GEOMETRY
 10
2110.945
 20
-489.06
 40
0.911
 50
139.899
 51
180.0
  0
ARC
  8
APS_GEOMETRY
 10
2111.046
 20
-489.06
 40
1.013
 50
180.0
 51
226.193
  0
ARC
  8
APS_GEOMETRY
 10
2112.917
 20
-487.11
 40
3.715
 50
226.193
 51
249.829
  0
ARC
  8
APS_GEOMETRY
 10
2107.556
 20
-501.871
 40
11.989
 50
53.249
 51
70.105
  0
ARC
  8
APS_GEOMETRY
 10
2109.991
 20
-498.61
 40
7.919
 50
32.471
 51
53.249
  0
ARC
  8
APS_GEOMETRY
 10
2108.856
 20
-499.332
 40
9.264
 50
23.305
 51
32.471
  0
ARC
  8
APS_GEOMETRY
 10
2101.846
 20
-502.352
 40
16.897
 50
16.521
 51
23.305
  0
ARC
  8
APS_GEOMETRY
 10
2096.38
 20
-503.973
 40
22.598
 50
11.429
 51
16.521
  0
ARC
  8
APS_GEOMETRY
 10
2080.891
 20
-507.104
 40
38.401
 50
7.524
 51
11.429
  0
ARC
  8
APS_GEOMETRY
 10
2132.219
 20
-500.268
 40
13.38
 50
187.765
 51
196.914
  0
ARC
  8
APS_GEOMETRY
 10
2121.276
 20
-503.596
 40
1.942
 50
196.914
 51
221.082
  0
ARC
  8
APS_GEOMETRY
 10
2121.317
 20
-503.56
 40
1.997
 50
221.082
 51
244.607
  0
ARC
  8
APS_GEOMETRY
 10
2125.991
 20
-493.715
 40
12.896
 50
244.607
 51
253.811
  0
ARC
  8
APS_GEOMETRY
 10
2121.882
 20
-507.725
 40
1.705
 50
51.45
 51
72.474
  0
ARC
  8
APS_GEOMETRY
 10
2121.46
 20
-508.254
 40
2.382
 50
33.69
 51
51.45
  0
ARC
  8
APS_GEOMETRY
 10
2121.361
 20
-508.32
 40
2.5
 50
16.639
 51
33.69
  0
ARC
  8
APS_GEOMETRY
 10
2121.242
 20
-508.355
 40
2.625
 50
360.0
 51
16.639
  0
ARC
  8
APS_GEOMETRY
 10
2121.205
 20
-508.355
 40
2.662
 50
338.993
 51
360.0
  0
ARC
  8
APS_GEOMETRY
 10
2119.58
 20
-507.731
 40
4.402
 50
322.696
 51
338.993
  0
ARC
  8
APS_GEOMETRY
 10
2118.975
 20
-507.27
 40
5.164
 50
308.603
 51
322.696
  0
ARC
  8
APS_GEOMETRY
 10
2118.558
 20
-506.748
 40
5.831
 50
295.346
 51
308.603
  0
ARC
  8
APS_GEOMETRY
 10
2116.367
 20
-501.922
 40
11.131
 50
279.583
 51
294.905
  0
ARC
  8
APS_GEOMETRY
 10
2113.5
 20
-484.941
 40
28.353
 50
270.0
 51
279.583
  0
ARC
  8
APS_GEOMETRY
 10
2113.5
 20
-492.622
 40
20.672
 50
261.247
 51
270.0
  0
ARC
  8
APS_GEOMETRY
 10
2112.176
 20
-501.222
 40
11.97
 50
249.737
 51
261.247
  0
ARC
  8
APS_GEOMETRY
 10
2111.305
 20
-503.58
 40
9.457
 50
235.345
 51
249.737
  0
ARC
  8
APS_GEOMETRY
 10
2110.206
 20
-505.17
 40
7.524
 50
219.198
 51
235.345
  0
ARC
  8
APS_GEOMETRY
 10
2112.519
 20
-503.198
 40
10.563
 50
209.076
 51
219.56
  0
ARC
  8
APS_GEOMETRY
 10
2117.86
 20
-500.228
 40
16.674
 50
200.735
 51
209.076
  0
ARC
  8
APS_GEOMETRY
 10
2125.229
 20
-497.438
 40
24.554
 50
197.881
 51
200.735
  0
ARC
  8
APS_GEOMETRY
 10
2155.511
 20
-487.669
 40
56.372
 50
195.997
 51
197.881
  0
ARC
  8
APS_GEOMETRY
 10
2177.893
 20
-481.252
 40
79.656
 50
194.664
 51
195.997
  0
ARC
  8
APS_GEOMETRY
 10
2239.888
 20
-465.029
 40
143.738
 50
193.671
 51
194.664
  0
ARC
  8
APS_GEOMETRY
 10
2082.678
 20
-503.25
 40
18.051
 50
13.61
 51
23.585
  0
ARC
  8
APS_GEOMETRY
 10
2094.497
 20
-498.09
 40
5.155
 50
23.585
 51
42.31
  0
ARC
  8
APS_GEOMETRY
 10
2095.569
 20
-497.114
 40
3.705
 50
42.31
 51
67.521
  0
ARC
  8
APS_GEOMETRY
 10
2094.721
 20
-499.164
 40
5.924
 50
67.521
 51
87.397
  0
LINE
  8
APS_GEOMETRY
 10
2093.126
 11
2092.766
 20
-476.568
 21
-484.187
  0
LINE
  8
APS_GEOMETRY
 10
2092.766
 11
2092.766
 20
-484.187
 21
-484.31
  0
LINE
  8
APS_GEOMETRY
 10
2092.766
 11
2092.766
 20
-484.31
 21
-484.482
  0
ARC
  8
APS_GEOMETRY
 10
2098.06
 20
-484.482
 40
5.294
 50
180.0
 51
192.339
  0
ARC
  8
APS_GEOMETRY
 10
2093.851
 20
-485.403
 40
0.986
 50
192.339
 51
221.186
  0
ARC
  8
APS_GEOMETRY
 10
2093.751
 20
-485.49
 40
0.852
 50
221.186
 51
253.872
  0
ARC
  8
APS_GEOMETRY
 10
2094.466
 20
-483.015
 40
3.429
 50
253.872
 51
270.0
  0
ARC
  8
APS_GEOMETRY
 10
2094.466
 20
-478.473
 40
7.971
 50
270.0
 51
289.569
  0
ARC
  8
APS_GEOMETRY
 10
2095.916
 20
-482.55
 40
3.644
 50
289.569
 51
318.681
  0
ARC
  8
APS_GEOMETRY
 10
2095.524
 20
-482.205
 40
4.166
 50
318.681
 51
344.628
  0
ARC
  8
APS_GEOMETRY
 10
2088.221
 20
-480.198
 40
11.74
 50
344.628
 51
0.0
  0
ARC
  8
APS_GEOMETRY
 10
2091.693
 20
-480.198
 40
8.268
 50
0.0
 51
35.369
  0
ARC
  8
APS_GEOMETRY
 10
2095.48
 20
-477.509
 40
3.623
 50
35.369
 51
90.0
  0
ARC
  8
APS_GEOMETRY
 10
2095.48
 20
-477.549
 40
3.663
 50
90.0
 51
108.435
  0
ARC
  8
APS_GEOMETRY
 10
2094.768
 20
-475.411
 40
1.409
 50
108.435
 51
138.366
  0
ARC
  8
APS_GEOMETRY
 10
2094.959
 20
-475.581
 40
1.665
 50
138.366
 51
164.291
  0
ARC
  8
APS_GEOMETRY
 10
2099.444
 20
-476.842
 40
6.324
 50
164.291
 51
177.51
  0
LINE
  8
APS_GEOMETRY
 10
2151.344
 11
2167.631
 20
-468.948
 21
-483.206
  0
ARC
  8
APS_GEOMETRY
 10
2182.863
 20
-465.727
 40
23.185
 50
228.93
 51
232.674
  0
ARC
  8
APS_GEOMETRY
 10
2174.389
 20
-476.84
 40
9.21
 50
232.674
 51
238.617
  0
ARC
  8
APS_GEOMETRY
 10
2172.257
 20
-480.335
 40
5.116
 50
238.617
 51
249.131
  0
ARC
  8
APS_GEOMETRY
 10
2170.901
 20
-483.892
 40
1.309
 50
249.131
 51
270.0
  0
ARC
  8
APS_GEOMETRY
 10
2170.901
 20
-484.053
 40
1.148
 50
270.0
 51
334.898
  0
ARC
  8
APS_GEOMETRY
 10
2165.603
 20
-481.571
 40
6.999
 50
334.898
 51
0.0
  0
ARC
  8
APS_GEOMETRY
 10
2114.372
 20
-481.571
 40
58.23
 50
0.0
 51
2.026
  0
ARC
  8
APS_GEOMETRY
 10
2145.259
 20
-480.478
 40
27.324
 50
2.026
 51
4.984
  0
ARC
  8
APS_GEOMETRY
 10
2155.358
 20
-479.598
 40
17.186
 50
4.984
 51
9.673
  0
ARC
  8
APS_GEOMETRY
 10
2166.997
 20
-477.614
 40
5.379
 50
9.673
 51
18.06
  0
ARC
  8
APS_GEOMETRY
 10
2168.769
 20
-477.036
 40
3.515
 50
18.06
 51
42.397
  0
ARC
  8
APS_GEOMETRY
 10
2168.197
 20
-477.558
 40
4.29
 50
42.397
 51
64.398
  0
ARC
  8
APS_GEOMETRY
 10
2173.421
 20
-466.772
 40
7.695
 50
233.633
 51
244.026
  0
ARC
  8
APS_GEOMETRY
 10
2170.576
 20
-470.636
 40
2.896
 50
216.656
 51
233.633
  0
ARC
  8
APS_GEOMETRY
 10
2170.139
 20
-470.961
 40
2.353
 50
196.082
 51
216.656
  0
ARC
  8
APS_GEOMETRY
 10
2171.563
 20
-470.55
 40
3.835
 50
180.0
 51
196.082
  0
ARC
  8
APS_GEOMETRY
 10
2170.517
 20
-470.55
 40
2.788
 50
133.202
 51
180.0
  0
ARC
  8
APS_GEOMETRY
 10
2172.715
 20
-472.891
 40
6.0
 50
101.788
 51
133.202
  0
ARC
  8
APS_GEOMETRY
 10
2173.228
 20
-475.188
 40
8.353
 50
96.633
 51
102.011
  0
ARC
  8
APS_GEOMETRY
 10
2175.087
 20
-491.177
 40
24.449
 50
93.489
 51
96.633
  0
ARC
  8
APS_GEOMETRY
 10
2175.883
 20
-504.235
 40
37.532
 50
91.439
 51
93.489
  0
ARC
  8
APS_GEOMETRY
 10
2176.853
 20
-542.83
 40
76.138
 50
90.0
 51
91.439
  0
ARC
  8
APS_GEOMETRY
 10
2176.853
 20
-537.655
 40
70.964
 50
87.994
 51
90.0
  0
ARC
  8
APS_GEOMETRY
 10
2178.143
 20
-500.815
 40
34.101
 50
85.101
 51
87.994
  0
ARC
  8
APS_GEOMETRY
 10
2179.19
 20
-488.599
 40
21.84
 50
80.595
 51
85.101
  0
ARC
  8
APS_GEOMETRY
 10
2181.578
 20
-474.185
 40
7.23
 50
72.759
 51
80.595
  0
ARC
  8
APS_GEOMETRY
 10
2182.301
 20
-471.944
 40
4.876
 50
40.956
 51
73.072
  0
ARC
  8
APS_GEOMETRY
 10
2183.681
 20
-470.746
 40
3.048
 50
360.0
 51
40.956
  0
ARC
  8
APS_GEOMETRY
 10
2183.865
 20
-470.746
 40
2.865
 50
322.573
 51
360.0
  0
ARC
  8
APS_GEOMETRY
 10
2182.36
 20
-469.594
 40
4.76
 50
293.749
 51
322.573
  0
ARC
  8
APS_GEOMETRY
 10
2188.404
 20
-483.475
 40
10.38
 50
113.429
 51
119.291
  0
ARC
  8
APS_GEOMETRY
 10
2184.365
 20
-476.275
 40
2.124
 50
119.291
 51
132.274
  0
ARC
  8
APS_GEOMETRY
 10
2184.132
 20
-476.019
 40
1.778
 50
132.274
 51
147.653
  0
ARC
  8
APS_GEOMETRY
 10
2185.814
 20
-477.084
 40
3.769
 50
147.653
 51
158.199
  0
ARC
  8
APS_GEOMETRY
 10
2188.374
 20
-478.163
 40
6.546
 50
157.751
 51
167.885
  0
ARC
  8
APS_GEOMETRY
 10
2201.993
 20
-481.087
 40
20.477
 50
167.885
 51
173.61
  0
ARC
  8
APS_GEOMETRY
 10
2214.04
 20
-482.436
 40
32.599
 50
173.61
 51
177.221
  0
ARC
  8
APS_GEOMETRY
 10
2251.196
 20
-484.24
 40
69.798
 50
177.221
 51
179.689
  0
LINE
  8
APS_GEOMETRY
 10
2181.399
 11
2181.399
 20
-483.86
 21
-494.522
  0
ARC
  8
APS_GEOMETRY
 10
2616.764
 20
-494.522
 40
435.365
 50
180.0
 51
180.161
  0
ARC
  8
APS_GEOMETRY
 10
2994.583
 20
-493.457
 40
813.186
 50
180.161
 51
180.279
  0
LINE
  8
APS_GEOMETRY
 10
2181.407
 11
2181.417
 20
-497.424
 21
-499.213
  0
LINE
  8
APS_GEOMETRY
 10
2181.417
 11
2181.432
 20
-499.213
 21
-501.226
  0
ARC
  8
APS_GEOMETRY
 10
2103.748
 20
-501.667
 40
77.685
 50
358.204
 51
0.326
  0
ARC
  8
APS_GEOMETRY
 10
2140.702
 20
-502.826
 40
40.713
 50
355.274
 51
358.204
  0
ARC
  8
APS_GEOMETRY
 10
2153.565
 20
-503.889
 40
27.806
 50
350.991
 51
355.274
  0
ARC
  8
APS_GEOMETRY
 10
2169.943
 20
-506.486
 40
11.223
 50
344.249
 51
350.991
  0
ARC
  8
APS_GEOMETRY
 10
2175.479
 20
-508.067
 40
5.466
 50
314.415
 51
344.445
  0
ARC
  8
APS_GEOMETRY
 10
2177.507
 20
-510.137
 40
2.568
 50
270.0
 51
314.415
  0
ARC
  8
APS_GEOMETRY
 10
2177.507
 20
-508.545
 40
4.16
 50
256.342
 51
270.0
  0
ARC
  8
APS_GEOMETRY
 10
2177.211
 20
-509.764
 40
2.905
 50
239.982
 51
256.342
  0
ARC
  8
APS_GEOMETRY
 10
2178.505
 20
-507.524
 40
5.492
 50
231.153
 51
239.982
  0
ARC
  8
APS_GEOMETRY
 10
2200.254
 20
-480.52
 40
40.166
 50
227.891
 51
231.153
  0
LINE
  8
APS_GEOMETRY
 10
2173.321
 11
2153.928
 20
-510.318
 21
-492.952
  0
ARC
  8
APS_GEOMETRY
 10
2146.457
 20
-501.224
 40
11.146
 50
47.911
 51
61.468
  0
ARC
  8
APS_GEOMETRY
 10
2150.559
 20
-493.678
 40
2.557
 50
61.468
 51
90.0
  0
ARC
  8
APS_GEOMETRY
 10
2150.559
 20
-492.241
 40
1.12
 50
90.0
 51
133.195
  0
ARC
  8
APS_GEOMETRY
 10
2151.664
 20
-493.417
 40
2.733
 50
133.195
 51
160.454
  0
ARC
  8
APS_GEOMETRY
 10
2155.208
 20
-494.675
 40
6.494
 50
160.454
 51
173.251
  0
ARC
  8
APS_GEOMETRY
 10
2171.875
 20
-496.647
 40
23.278
 50
173.251
 51
180.0
  0
ARC
  8
APS_GEOMETRY
 10
2217.215
 20
-496.647
 40
68.618
 50
180.0
 51
181.897
  0
ARC
  8
APS_GEOMETRY
 10
2180.873
 20
-497.851
 40
32.255
 50
181.897
 51
184.664
  0
ARC
  8
APS_GEOMETRY
 10
2168.961
 20
-498.823
 40
20.304
 50
184.664
 51
189.048
  0
ARC
  8
APS_GEOMETRY
 10
2155.16
 20
-501.021
 40
6.329
 50
189.048
 51
196.905
  0
ARC
  8
APS_GEOMETRY
 10
2152.969
 20
-501.686
 40
4.04
 50
196.905
 51
220.253
  0
ARC
  8
APS_GEOMETRY
 10
2153.013
 20
-501.649
 40
4.097
 50
220.253
 51
243.435
  0
ARC
  8
APS_GEOMETRY
 10
2149.016
 20
-509.71
 40
4.901
 50
37.921
 51
63.778
  0
ARC
  8
APS_GEOMETRY
 10
2151.048
 20
-508.126
 40
2.324
 50
360.0
 51
37.921
  0
ARC
  8
APS_GEOMETRY
 10
2150.145
 20
-508.126
 40
3.227
 50
324.268
 51
360.0
  0
ARC
  8
APS_GEOMETRY
 10
2148.937
 20
-507.258
 40
4.715
 50
294.86
 51
324.268
  0
ARC
  8
APS_GEOMETRY
 10
2146.94
 20
-502.948
 40
9.465
 50
278.78
 51
294.86
  0
ARC
  8
APS_GEOMETRY
 10
2143.561
 20
-481.068
 40
31.604
 50
270.0
 51
278.78
  0
ARC
  8
APS_GEOMETRY
 10
2143.561
 20
-486.739
 40
25.933
 50
260.383
 51
270.0
  0
ARC
  8
APS_GEOMETRY
 10
2140.828
 20
-502.869
 40
9.574
 50
244.522
 51
260.383
  0
ARC
  8
APS_GEOMETRY
 10
2138.848
 20
-507.023
 40
4.972
 50
216.549
 51
244.522
  0
ARC
  8
APS_GEOMETRY
 10
2137.227
 20
-508.225
 40
2.954
 50
180.0
 51
216.549
  0
ARC
  8
APS_GEOMETRY
 10
2138.28
 20
-508.225
 40
4.007
 50
164.65
 51
180.0
  0
ARC
  8
APS_GEOMETRY
 10
2135.995
 20
-507.597
 40
1.637
 50
140.528
 51
164.65
  0
ARC
  8
APS_GEOMETRY
 10
2136.919
 20
-508.359
 40
2.835
 50
126.135
 51
140.528
  0
ARC
  8
APS_GEOMETRY
 10
2146.574
 20
-521.581
 40
19.207
 50
120.619
 51
126.135
  0
ARC
  8
APS_GEOMETRY
 10
2135.128
 20
-502.26
 40
3.251
 50
300.784
 51
330.068
  0
ARC
  8
APS_GEOMETRY
 10
2132.962
 20
-501.013
 40
5.749
 50
330.068
 51
351.983
  0
ARC
  8
APS_GEOMETRY
 10
2096.599
 20
-496.272
 40
42.42
 50
352.493
 51
355.365
  0
ARC
  8
APS_GEOMETRY
 10
2052.736
 20
-492.716
 40
86.427
 50
355.365
 51
357.376
  0
ARC
  8
APS_GEOMETRY
 10
2022.024
 20
-491.309
 40
117.171
 50
357.376
 51
358.861
  0
ARC
  8
APS_GEOMETRY
 10
1940.197
 20
-489.682
 40
199.014
 50
358.861
 51
0.0
  0
ARC
  8
APS_GEOMETRY
 10
2013.787
 20
-489.682
 40
125.424
 50
360.0
 51
1.926
  0
ARC
  8
APS_GEOMETRY
 10
2072.173
 20
-487.718
 40
67.005
 50
1.926
 51
4.562
  0
ARC
  8
APS_GEOMETRY
 10
2092.761
 20
-486.075
 40
46.352
 50
4.562
 51
8.366
  0
ARC
  8
APS_GEOMETRY
 10
2119.537
 20
-482.138
 40
19.288
 50
8.366
 51
14.265
  0
ARC
  8
APS_GEOMETRY
 10
2129.662
 20
-479.577
 40
8.844
 50
14.349
 51
23.629
  0
ARC
  8
APS_GEOMETRY
 10
2134.796
 20
-477.331
 40
3.24
 50
23.629
 51
38.991
  0
ARC
  8
APS_GEOMETRY
 10
2134.815
 20
-477.315
 40
3.215
 50
38.991
 51
54.462
  0
ARC
  8
APS_GEOMETRY
 10
2131.811
 20
-481.521
 40
8.384
 50
54.462
 51
64.026
  0
ARC
  8
APS_GEOMETRY
 10
2140.289
 20
-464.154
 40
10.942
 50
235.472
 51
243.947
  0
ARC
  8
APS_GEOMETRY
 10
2135.91
 20
-470.519
 40
3.216
 50
219.806
 51
235.472
  0
ARC
  8
APS_GEOMETRY
 10
2135.247
 20
-471.071
 40
2.353
 50
198.939
 51
219.806
  0
ARC
  8
APS_GEOMETRY
 10
2135.718
 20
-470.91
 40
2.851
 50
180.0
 51
198.939
  0
ARC
  8
APS_GEOMETRY
 10
2135.579
 20
-470.91
 40
2.712
 50
126.254
 51
180.0
  0
ARC
  8
APS_GEOMETRY
 10
2139.718
 20
-476.554
 40
9.711
 50
98.616
 51
126.254
  0
ARC
  8
APS_GEOMETRY
 10
2140.301
 20
-481.218
 40
14.41
 50
94.456
 51
98.13
  0
ARC
  8
APS_GEOMETRY
 10
2142.549
 20
-510.07
 40
43.349
 50
92.337
 51
94.456
  0
ARC
  8
APS_GEOMETRY
 10
2143.507
 20
-533.548
 40
66.847
 50
90.963
 51
92.337
  0
ARC
  8
APS_GEOMETRY
 10
2144.673
 20
-602.897
 40
136.206
 50
90.0
 51
90.963
  0
ARC
  8
APS_GEOMETRY
 10
2144.673
 20
-491.513
 40
24.822
 50
83.928
 51
90.0
  0
ARC
  8
APS_GEOMETRY
 10
2146.709
 20
-472.376
 40
5.577
 50
71.095
 51
83.928
  0
ARC
  8
APS_GEOMETRY
 10
2146.895
 20
-471.833
 40
5.003
 50
56.848
 51
71.095
  0
ARC
  8
APS_GEOMETRY
 10
2141.392
 20
-480.257
 40
15.065
 50
48.652
 51
56.848
  0
ARC
  8
APS_GEOMETRY
 10
2210.152
 20
-507.299
 40
40.608
 50
84.71
 51
90.0
  0
ARC
  8
APS_GEOMETRY
 10
2210.896
 20
-499.259
 40
32.533
 50
78.799
 51
84.71
  0
ARC
  8
APS_GEOMETRY
 10
2215.713
 20
-474.916
 40
7.718
 50
49.783
 51
78.771
  0
ARC
  8
APS_GEOMETRY
 10
2218.934
 20
-471.106
 40
2.729
 50
360.0
 51
49.783
  0
ARC
  8
APS_GEOMETRY
 10
2218.644
 20
-471.106
 40
3.02
 50
342.759
 51
360.0
  0
ARC
  8
APS_GEOMETRY
 10
2220.219
 20
-471.595
 40
1.37
 50
317.045
 51
342.759
  0
ARC
  8
APS_GEOMETRY
 10
2219.458
 20
-470.887
 40
2.41
 50
301.817
 51
317.045
  0
ARC
  8
APS_GEOMETRY
 10
2208.202
 20
-452.745
 40
23.76
 50
296.98
 51
301.817
  0
ARC
  8
APS_GEOMETRY
 10
2220.204
 20
-476.363
 40
2.733
 50
116.565
 51
149.078
  0
ARC
  8
APS_GEOMETRY
 10
2223.723
 20
-478.471
 40
6.835
 50
149.078
 51
169.469
  0
ARC
  8
APS_GEOMETRY
 10
2231.227
 20
-479.866
 40
14.468
 50
169.469
 51
174.598
  0
ARC
  8
APS_GEOMETRY
 10
2269.891
 20
-483.522
 40
53.304
 50
174.598
 51
177.269
  0
ARC
  8
APS_GEOMETRY
 10
2303.889
 20
-485.144
 40
87.341
 50
177.269
 51
178.901
  0
ARC
  8
APS_GEOMETRY
 10
2409.196
 20
-487.163
 40
192.667
 50
178.901
 51
180.0
  0
ARC
  8
APS_GEOMETRY
 10
2623.186
 20
-487.163
 40
406.657
 50
180.0
 51
180.88
  0
ARC
  8
APS_GEOMETRY
 10
2372.666
 20
-491.011
 40
156.107
 50
180.88
 51
182.3
  0
ARC
  8
APS_GEOMETRY
 10
2299.44
 20
-493.953
 40
82.823
 50
182.3
 51
184.974
  0
ARC
  8
APS_GEOMETRY
 10
2229.619
 20
-500.029
 40
12.738
 50
184.974
 51
191.793
  0
ARC
  8
APS_GEOMETRY
 10
2221.509
 20
-501.58
 40
4.484
 50
193.57
 51
205.787
  0
ARC
  8
APS_GEOMETRY
 10
2219.492
 20
-502.555
 40
2.244
 50
205.787
 51
223.091
  0
ARC
  8
APS_GEOMETRY
 10
2220.004
 20
-502.076
 40
2.944
 50
223.091
 51
236.441
  0
ARC
  8
APS_GEOMETRY
 10
2224.287
 20
-495.619
 40
10.693
 50
236.441
 51
243.435
  0
ARC
  8
APS_GEOMETRY
 10
2217.729
 20
-509.09
 40
4.291
 50
37.185
 51
65.556
  0
ARC
  8
APS_GEOMETRY
 10
2219.128
 20
-508.028
 40
2.535
 50
360.0
 51
37.185
  0
ARC
  8
APS_GEOMETRY
 10
2219.051
 20
-508.028
 40
2.612
 50
312.039
 51
360.0
  0
ARC
  8
APS_GEOMETRY
 10
2215.941
 20
-504.578
 40
7.258
 50
283.815
 51
312.039
  0
ARC
  8
APS_GEOMETRY
 10
2210.8
 20
-483.273
 40
29.174
 50
279.273
 51
283.627
  0
ARC
  8
APS_GEOMETRY
 10
2208.745
 20
-470.687
 40
41.926
 50
275.641
 51
279.273
  0
ARC
  8
APS_GEOMETRY
 10
2207.96
 20
-462.733
 40
49.919
 50
272.588
 51
275.641
  0
ARC
  8
APS_GEOMETRY
 10
2207.078
 20
-443.216
 40
69.456
 50
270.0
 51
272.588
  0
ARC
  8
APS_GEOMETRY
 10
2207.078
 20
-470.778
 40
41.894
 50
262.774
 51
270.0
  0
ARC
  8
APS_GEOMETRY
 10
2203.301
 20
-500.566
 40
11.868
 50
249.175
 51
262.774
  0
ARC
  8
APS_GEOMETRY
 10
2200.928
 20
-506.804
 40
5.194
 50
221.23
 51
249.175
  0
ARC
  8
APS_GEOMETRY
 10
2198.859
 20
-508.617
 40
2.443
 50
180.0
 51
221.23
  0
ARC
  8
APS_GEOMETRY
 10
2198.458
 20
-508.617
 40
2.041
 50
142.696
 51
180.0
  0
ARC
  8
APS_GEOMETRY
 10
2201.679
 20
-511.071
 40
6.091
 50
121.357
 51
142.696
  0
ARC
  8
APS_GEOMETRY
 10
2196.236
 20
-502.156
 40
4.354
 50
301.477
 51
324.728
  0
ARC
  8
APS_GEOMETRY
 10
2196.816
 20
-502.567
 40
3.643
 50
324.728
 51
350.181
  0
ARC
  8
APS_GEOMETRY
 10
2178.575
 20
-499.55
 40
22.132
 50
350.538
 51
355.423
  0
ARC
  8
APS_GEOMETRY
 10
2103.623
 20
-493.549
 40
97.324
 50
355.423
 51
357.752
  0
ARC
  8
APS_GEOMETRY
 10
2034.03
 20
-490.817
 40
166.971
 50
357.752
 51
359.111
  0
ARC
  8
APS_GEOMETRY
 10
1811.283
 20
-487.36
 40
389.744
 50
359.111
 51
0.0
  0
ARC
  8
APS_GEOMETRY
 10
2065.804
 20
-487.36
 40
135.223
 50
0.0
 51
1.773
  0
ARC
  8
APS_GEOMETRY
 10
2145.164
 20
-484.903
 40
55.825
 50
1.773
 51
4.532
  0
ARC
  8
APS_GEOMETRY
 10
2169.285
 20
-482.991
 40
31.629
 50
4.532
 51
9.384
  0
ARC
  8
APS_GEOMETRY
 10
2193.778
 20
-478.944
 40
6.803
 50
9.384
 51
19.855
  0
ARC
  8
APS_GEOMETRY
 10
2197.02
 20
-477.711
 40
3.336
 50
18.853
 51
42.158
  0
ARC
  8
APS_GEOMETRY
 10
2194.242
 20
-480.227
 40
7.084
 50
42.158
 51
58.092
  0
ARC
  8
APS_GEOMETRY
 10
2206.47
 20
-461.329
 40
15.426
 50
230.711
 51
236.634
  0
ARC
  8
APS_GEOMETRY
 10
2198.789
 20
-470.718
 40
3.296
 50
217.875
 51
230.711
  0
ARC
  8
APS_GEOMETRY
 10
2197.736
 20
-471.537
 40
1.962
 50
196.928
 51
217.875
  0
ARC
  8
APS_GEOMETRY
 10
2198.722
 20
-471.237
 40
2.992
 50
180.0
 51
196.928
  0
ARC
  8
APS_GEOMETRY
 10
2198.077
 20
-471.237
 40
2.347
 50
148.791
 51
180.0
  0
ARC
  8
APS_GEOMETRY
 10
2198.692
 20
-471.61
 40
3.067
 50
121.569
 51
148.791
  0
ARC
  8
APS_GEOMETRY
 10
2199.798
 20
-473.408
 40
5.178
 50
112.806
 51
121.569
  0
ARC
  8
APS_GEOMETRY
 10
2202.785
 20
-480.513
 40
12.885
 50
107.254
 51
112.806
  0
ARC
  8
APS_GEOMETRY
 10
2204.615
 20
-486.404
 40
19.054
 50
103.487
 51
107.254
  0
ARC
  8
APS_GEOMETRY
 10
2208.805
 20
-503.877
 40
37.022
 50
100.784
 51
103.487
  0
ARC
  8
APS_GEOMETRY
 10
2210.118
 20
-508.708
 40
42.015
 50
95.643
 51
101.31
  0
ARC
  8
APS_GEOMETRY
 10
2210.152
 20
-509.053
 40
42.362
 50
90.0
 51
95.643
  0
ARC
  8
APS_GEOMETRY
 10
2250.822
 20
-487.726
 40
21.264
 50
77.257
 51
90.0
  0
ARC
  8
APS_GEOMETRY
 10
2250.606
 20
-488.681
 40
22.243
 50
64.799
 51
77.257
  0
ARC
  8
APS_GEOMETRY
 10
2268.923
 20
-449.683
 40
20.843
 50
244.885
 51
251.175
  0
ARC
  8
APS_GEOMETRY
 10
2262.955
 20
-467.19
 40
2.346
 50
251.175
 51
270.0
  0
ARC
  8
APS_GEOMETRY
 10
2262.955
 20
-465.73
 40
3.806
 50
270.0
 51
278.82
  0
ARC
  8
APS_GEOMETRY
 10
2260.496
 20
-449.882
 40
19.844
 50
278.82
 51
282.68
  0
ARC
  8
APS_GEOMETRY
 10
2265.641
 20
-472.663
 40
3.511
 50
95.906
 51
102.995
  0
ARC
  8
APS_GEOMETRY
 10
2265.8
 20
-474.199
 40
5.055
 50
90.0
 51
95.906
  0
ARC
  8
APS_GEOMETRY
 10
2265.8
 20
-472.499
 40
3.356
 50
62.447
 51
90.0
  0
ARC
  8
APS_GEOMETRY
 10
2265.203
 20
-473.643
 40
4.645
 50
39.094
 51
62.447
  0
ARC
  8
APS_GEOMETRY
 10
2258.969
 20
-478.857
 40
12.772
 50
18.435
 51
39.611
  0
ARC
  8
APS_GEOMETRY
 10
2255.143
 20
-480.132
 40
16.806
 50
360.0
 51
18.435
  0
ARC
  8
APS_GEOMETRY
 10
2263.615
 20
-480.132
 40
8.333
 50
334.877
 51
360.0
  0
ARC
  8
APS_GEOMETRY
 10
2266.121
 20
-481.308
 40
5.565
 50
304.007
 51
334.877
  0
ARC
  8
APS_GEOMETRY
 10
2266.08
 20
-481.19
 40
5.686
 50
286.39
 51
303.69
  0
ARC
  8
APS_GEOMETRY
 10
2265.898
 20
-480.571
 40
6.33
 50
270.0
 51
286.39
  0
ARC
  8
APS_GEOMETRY
 10
2265.898
 20
-480.645
 40
6.257
 50
255.155
 51
270.0
  0
ARC
  8
APS_GEOMETRY
 10
2265.213
 20
-483.231
 40
3.581
 50
235.491
 51
255.155
  0
ARC
  8
APS_GEOMETRY
 10
2265.557
 20
-482.731
 40
4.189
 50
218.48
 51
235.491
  0
ARC
  8
APS_GEOMETRY
 10
2271.178
 20
-478.263
 40
11.369
 50
208.179
 51
218.48
  0
ARC
  8
APS_GEOMETRY
 10
2213.553
 20
-509.542
 40
54.198
 50
28.56
 51
31.664
  0
ARC
  8
APS_GEOMETRY
 10
2248.765
 20
-487.825
 40
12.827
 50
31.664
 51
38.047
  0
ARC
  8
APS_GEOMETRY
 10
2251.326
 20
-485.822
 40
9.576
 50
38.047
 51
46.56
  0
ARC
  8
APS_GEOMETRY
 10
2249.995
 20
-487.227
 40
11.512
 50
46.56
 51
54.324
  0
ARC
  8
APS_GEOMETRY
 10
2249.227
 20
-488.548
 40
13.034
 50
54.968
 51
71.48
  0
ARC
  8
APS_GEOMETRY
 10
2250.07
 20
-486.032
 40
10.38
 50
71.48
 51
90.0
  0
ARC
  8
APS_GEOMETRY
 10
2250.07
 20
-482.902
 40
7.251
 50
90.0
 51
114.63
  0
ARC
  8
APS_GEOMETRY
 10
2249.706
 20
-482.108
 40
6.377
 50
114.63
 51
140.921
  0
ARC
  8
APS_GEOMETRY
 10
2250.781
 20
-482.982
 40
7.763
 50
140.921
 51
163.13
  0
ARC
  8
APS_GEOMETRY
 10
2256.159
 20
-484.613
 40
13.382
 50
163.13
 51
180.0
  0
ARC
  8
APS_GEOMETRY
 10
2263.132
 20
-484.613
 40
20.355
 50
180.0
 51
195.44
  0
ARC
  8
APS_GEOMETRY
 10
2262.074
 20
-484.905
 40
19.258
 50
195.44
 51
211.316
  0
ARC
  8
APS_GEOMETRY
 10
2256.985
 20
-487.894
 40
13.357
 50
211.708
 51
240.457
  0
ARC
  8
APS_GEOMETRY
 10
2256.643
 20
-488.497
 40
12.663
 50
240.457
 51
270.0
  0
ARC
  8
APS_GEOMETRY
 10
2256.643
 20
-485.41
 40
15.751
 50
270.0
 51
279.549
  0
ARC
  8
APS_GEOMETRY
 10
2256.447
 20
-484.246
 40
16.931
 50
279.549
 51
288.759
  0
ARC
  8
APS_GEOMETRY
 10
2257.273
 20
-486.676
 40
14.364
 50
288.759
 51
299.545
  0
ARC
  8
APS_GEOMETRY
 10
2260.582
 20
-492.515
 40
7.652
 50
299.545
 51
314.341
  0
ARC
  8
APS_GEOMETRY
 10
2270.817
 20
-503.146
 40
7.105
 50
120.141
 51
133.452
  0
ARC
  8
APS_GEOMETRY
 10
2267.958
 20
-498.223
 40
1.412
 50
90.0
 51
120.141
  0
ARC
  8
APS_GEOMETRY
 10
2267.958
 20
-499.041
 40
2.23
 50
61.952
 51
90.0
  0
ARC
  8
APS_GEOMETRY
 10
2267.626
 20
-499.664
 40
2.936
 50
37.569
 51
61.952
  0
ARC
  8
APS_GEOMETRY
 10
2267.007
 20
-500.14
 40
3.717
 50
17.665
 51
37.569
  0
ARC
  8
APS_GEOMETRY
 10
2266.062
 20
-500.441
 40
4.709
 50
360.0
 51
17.665
  0
ARC
  8
APS_GEOMETRY
 10
2263.69
 20
-500.441
 40
7.081
 50
344.932
 51
360.0
  0
ARC
  8
APS_GEOMETRY
 10
2257.392
 20
-498.745
 40
13.603
 50
334.075
 51
344.932
  0
ARC
  8
APS_GEOMETRY
 10
2257.194
 20
-498.649
 40
13.823
 50
323.374
 51
334.075
  0
ARC
  8
APS_GEOMETRY
 10
2261.258
 20
-501.67
 40
8.76
 50
309.92
 51
323.374
  0
ARC
  8
APS_GEOMETRY
 10
2265.319
 20
-506.461
 40
2.48
 50
289.026
 51
308.991
  0
ARC
  8
APS_GEOMETRY
 10
2260.986
 20
-493.895
 40
15.771
 50
281.143
 51
289.026
  0
ARC
  8
APS_GEOMETRY
 10
2265.38
 20
-516.677
 40
7.431
 50
100.437
 51
110.12
  0
ARC
  8
APS_GEOMETRY
 10
2271.201
 20
-532.567
 40
24.353
 50
110.12
 51
115.463
  0
ARC
  8
APS_GEOMETRY
 10
2250.42
 20
-489.086
 40
23.838
 50
282.94
 51
295.628
  0
ARC
  8
APS_GEOMETRY
 10
2250.626
 20
-489.98
 40
22.921
 50
270.0
 51
282.94
  0
ARC
  8
APS_GEOMETRY
 10
2250.626
 20
-488.626
 40
24.275
 50
257.307
 51
270.0
  0
ARC
  8
APS_GEOMETRY
 10
2251.65
 20
-484.077
 40
28.939
 50
245.686
 51
257.307
  0
ARC
  8
APS_GEOMETRY
 10
2249.08
 20
-489.718
 40
22.739
 50
228.801
 51
245.735
  0
ARC
  8
APS_GEOMETRY
 10
2249.123
 20
-489.669
 40
22.805
 50
211.891
 51
228.801
  0
ARC
  8
APS_GEOMETRY
 10
2250.471
 20
-488.699
 40
24.462
 50
196.728
 51
212.152
  0
ARC
  8
APS_GEOMETRY
 10
2246.983
 20
-489.747
 40
20.82
 50
180.0
 51
196.728
  0
ARC
  8
APS_GEOMETRY
 10
2247.49
 20
-489.747
 40
21.327
 50
161.184
 51
180.0
  0
ARC
  8
APS_GEOMETRY
 10
2248.859
 20
-490.213
 40
22.773
 50
142.98
 51
161.184
  0
ARC
  8
APS_GEOMETRY
 10
2249.923
 20
-491.028
 40
24.112
 50
127.824
 51
142.958
  0
ARC
  8
APS_GEOMETRY
 10
2251.677
 20
-493.287
 40
26.973
 50
113.52
 51
127.824
  0
ARC
  8
APS_GEOMETRY
 10
2251.106
 20
-491.968
 40
25.535
 50
101.927
 51
113.527
  0
ARC
  8
APS_GEOMETRY
 10
2250.822
 20
-490.623
 40
24.161
 50
90.0
 51
101.927
  0
ARC
  8
APS_GEOMETRY
 10
2295.371
 20
-507.299
 40
40.608
 50
84.71
 51
90.0
  0
ARC
  8
APS_GEOMETRY
 10
2296.115
 20
-499.259
 40
32.533
 50
78.799
 51
84.71
  0
ARC
  8
APS_GEOMETRY
 10
2300.932
 20
-474.916
 40
7.718
 50
49.783
 51
78.771
  0
ARC
  8
APS_GEOMETRY
 10
2304.153
 20
-471.106
 40
2.729
 50
360.0
 51
49.783
  0
ARC
  8
APS_GEOMETRY
 10
2303.863
 20
-471.106
 40
3.02
 50
342.759
 51
360.0
  0
ARC
  8
APS_GEOMETRY
 10
2305.438
 20
-471.595
 40
1.37
 50
317.045
 51
342.759
  0
ARC
  8
APS_GEOMETRY
 10
2304.677
 20
-470.887
 40
2.41
 50
301.817
 51
317.045
  0
ARC
  8
APS_GEOMETRY
 10
2293.421
 20
-452.745
 40
23.76
 50
296.98
 51
301.817
  0
ARC
  8
APS_GEOMETRY
 10
2305.423
 20
-476.363
 40
2.733
 50
116.565
 51
149.078
  0
ARC
  8
APS_GEOMETRY
 10
2308.942
 20
-478.471
 40
6.835
 50
149.078
 51
169.469
  0
ARC
  8
APS_GEOMETRY
 10
2316.446
 20
-479.866
 40
14.468
 50
169.469
 51
174.598
  0
ARC
  8
APS_GEOMETRY
 10
2355.11
 20
-483.522
 40
53.304
 50
174.598
 51
177.269
  0
ARC
  8
APS_GEOMETRY
 10
2389.108
 20
-485.144
 40
87.341
 50
177.269
 51
178.901
  0
ARC
  8
APS_GEOMETRY
 10
2494.415
 20
-487.163
 40
192.667
 50
178.901
 51
180.0
  0
ARC
  8
APS_GEOMETRY
 10
2708.404
 20
-487.163
 40
406.657
 50
180.0
 51
180.88
  0
ARC
  8
APS_GEOMETRY
 10
2457.884
 20
-491.011
 40
156.107
 50
180.88
 51
182.3
  0
ARC
  8
APS_GEOMETRY
 10
2384.659
 20
-493.953
 40
82.823
 50
182.3
 51
184.974
  0
ARC
  8
APS_GEOMETRY
 10
2314.838
 20
-500.029
 40
12.738
 50
184.974
 51
191.793
  0
ARC
  8
APS_GEOMETRY
 10
2306.728
 20
-501.58
 40
4.484
 50
193.57
 51
205.787
  0
ARC
  8
APS_GEOMETRY
 10
2304.711
 20
-502.555
 40
2.244
 50
205.787
 51
223.091
  0
ARC
  8
APS_GEOMETRY
 10
2305.222
 20
-502.076
 40
2.944
 50
223.091
 51
236.441
  0
ARC
  8
APS_GEOMETRY
 10
2309.506
 20
-495.619
 40
10.693
 50
236.441
 51
243.435
  0
ARC
  8
APS_GEOMETRY
 10
2302.948
 20
-509.09
 40
4.291
 50
37.185
 51
65.556
  0
ARC
  8
APS_GEOMETRY
 10
2304.347
 20
-508.028
 40
2.535
 50
360.0
 51
37.185
  0
ARC
  8
APS_GEOMETRY
 10
2304.27
 20
-508.028
 40
2.612
 50
312.039
 51
360.0
  0
ARC
  8
APS_GEOMETRY
 10
2301.159
 20
-504.578
 40
7.258
 50
283.815
 51
312.039
  0
ARC
  8
APS_GEOMETRY
 10
2296.019
 20
-483.273
 40
29.174
 50
279.273
 51
283.627
  0
ARC
  8
APS_GEOMETRY
 10
2293.964
 20
-470.687
 40
41.926
 50
275.641
 51
279.273
  0
ARC
  8
APS_GEOMETRY
 10
2293.179
 20
-462.733
 40
49.919
 50
272.588
 51
275.641
  0
ARC
  8
APS_GEOMETRY
 10
2292.296
 20
-443.216
 40
69.456
 50
270.0
 51
272.588
  0
ARC
  8
APS_GEOMETRY
 10
2292.296
 20
-470.778
 40
41.894
 50
262.774
 51
270.0
  0
ARC
  8
APS_GEOMETRY
 10
2288.52
 20
-500.566
 40
11.868
 50
249.175
 51
262.774
  0
ARC
  8
APS_GEOMETRY
 10
2286.147
 20
-506.804
 40
5.194
 50
221.23
 51
249.175
  0
ARC
  8
APS_GEOMETRY
 10
2284.078
 20
-508.617
 40
2.443
 50
180.0
 51
221.23
  0
ARC
  8
APS_GEOMETRY
 10
2283.676
 20
-508.617
 40
2.041
 50
142.696
 51
180.0
  0
ARC
  8
APS_GEOMETRY
 10
2286.898
 20
-511.071
 40
6.091
 50
121.357
 51
142.696
  0
ARC
  8
APS_GEOMETRY
 10
2281.454
 20
-502.156
 40
4.354
 50
301.477
 51
324.728
  0
ARC
  8
APS_GEOMETRY
 10
2282.035
 20
-502.567
 40
3.643
 50
324.728
 51
350.181
  0
ARC
  8
APS_GEOMETRY
 10
2263.794
 20
-499.55
 40
22.132
 50
350.538
 51
355.423
  0
ARC
  8
APS_GEOMETRY
 10
2188.842
 20
-493.549
 40
97.324
 50
355.423
 51
357.752
  0
ARC
  8
APS_GEOMETRY
 10
2119.248
 20
-490.817
 40
166.971
 50
357.752
 51
359.111
  0
ARC
  8
APS_GEOMETRY
 10
1896.502
 20
-487.36
 40
389.744
 50
359.111
 51
0.0
  0
ARC
  8
APS_GEOMETRY
 10
2151.023
 20
-487.36
 40
135.223
 50
0.0
 51
1.773
  0
ARC
  8
APS_GEOMETRY
 10
2230.383
 20
-484.903
 40
55.825
 50
1.773
 51
4.532
  0
ARC
  8
APS_GEOMETRY
 10
2254.504
 20
-482.991
 40
31.629
 50
4.532
 51
9.384
  0
ARC
  8
APS_GEOMETRY
 10
2278.997
 20
-478.944
 40
6.803
 50
9.384
 51
19.855
  0
ARC
  8
APS_GEOMETRY
 10
2282.239
 20
-477.711
 40
3.336
 50
18.853
 51
42.158
  0
ARC
  8
APS_GEOMETRY
 10
2279.461
 20
-480.227
 40
7.084
 50
42.158
 51
58.092
  0
ARC
  8
APS_GEOMETRY
 10
2291.689
 20
-461.329
 40
15.426
 50
230.711
 51
236.634
  0
ARC
  8
APS_GEOMETRY
 10
2284.008
 20
-470.718
 40
3.296
 50
217.875
 51
230.711
  0
ARC
  8
APS_GEOMETRY
 10
2282.955
 20
-471.537
 40
1.962
 50
196.928
 51
217.875
  0
ARC
  8
APS_GEOMETRY
 10
2283.941
 20
-471.237
 40
2.992
 50
180.0
 51
196.928
  0
ARC
  8
APS_GEOMETRY
 10
2283.296
 20
-471.237
 40
2.347
 50
148.791
 51
180.0
  0
ARC
  8
APS_GEOMETRY
 10
2283.911
 20
-471.61
 40
3.067
 50
121.569
 51
148.791
  0
ARC
  8
APS_GEOMETRY
 10
2285.016
 20
-473.408
 40
5.178
 50
112.806
 51
121.569
  0
ARC
  8
APS_GEOMETRY
 10
2288.004
 20
-480.513
 40
12.885
 50
107.254
 51
112.806
  0
ARC
  8
APS_GEOMETRY
 10
2289.833
 20
-486.404
 40
19.054
 50
103.487
 51
107.254
  0
ARC
  8
APS_GEOMETRY
 10
2294.024
 20
-503.877
 40
37.022
 50
100.784
 51
103.487
  0
ARC
  8
APS_GEOMETRY
 10
2295.336
 20
-508.708
 40
42.015
 50
95.643
 51
101.31
  0
ARC
  8
APS_GEOMETRY
 10
2295.371
 20
-509.053
 40
42.362
 50
90.0
 51
95.643
  0
LINE
  8
APS_GEOMETRY
 10
2364.519
 11
2364.519
 20
-496.615
 21
-479.413
  0
ARC
  8
APS_GEOMETRY
 10
2324.797
 20
-479.413
 40
39.721
 50
0.0
 51
2.404
  0
ARC
  8
APS_GEOMETRY
 10
2348.315
 20
-478.426
 40
16.183
 50
2.404
 51
6.17
  0
ARC
  8
APS_GEOMETRY
 10
2355.364
 20
-477.663
 40
9.093
 50
6.17
 51
12.824
  0
ARC
  8
APS_GEOMETRY
 10
2362.263
 20
-476.093
 40
2.017
 50
12.824
 51
26.98
  0
ARC
  8
APS_GEOMETRY
 10
2362.586
 20
-475.929
 40
1.655
 50
26.98
 51
59.65
  0
ARC
  8
APS_GEOMETRY
 10
2359.548
 20
-481.117
 40
7.668
 50
59.65
 51
74.667
  0
ARC
  8
APS_GEOMETRY
 10
2363.05
 20
-468.618
 40
5.313
 50
225.0
 51
253.887
  0
ARC
  8
APS_GEOMETRY
 10
2360.889
 20
-470.779
 40
2.257
 50
180.0
 51
225.0
  0
ARC
  8
APS_GEOMETRY
 10
2361.304
 20
-470.779
 40
2.672
 50
151.157
 51
180.0
  0
ARC
  8
APS_GEOMETRY
 10
2361.298
 20
-470.776
 40
2.665
 50
122.276
 51
151.157
  0
ARC
  8
APS_GEOMETRY
 10
2362.062
 20
-471.985
 40
4.096
 50
102.308
 51
122.276
  0
ARC
  8
APS_GEOMETRY
 10
2363.472
 20
-478.449
 40
10.712
 50
90.0
 51
102.308
  0
ARC
  8
APS_GEOMETRY
 10
2363.472
 20
-490.904
 40
23.166
 50
88.989
 51
90.0
  0
ARC
  8
APS_GEOMETRY
 10
2361.525
 20
-601.249
 40
133.528
 50
88.568
 51
88.989
  0
ARC
  8
APS_GEOMETRY
 10
2358.775
 20
-711.253
 40
243.567
 50
88.337
 51
88.568
  0
ARC
  8
APS_GEOMETRY
 10
2348.117
 20
-1078.369
 40
610.838
 50
88.191
 51
88.337
  0
LINE
  8
APS_GEOMETRY
 10
2367.397
 11
2369.326
 20
-467.836
 21
-467.836
  0
ARC
  8
APS_GEOMETRY
 10
2362.845
 20
608.114
 40
1075.969
 50
270.345
 51
270.49
  0
ARC
  8
APS_GEOMETRY
 10
2368.884
 20
-98.497
 40
369.332
 50
270.49
 51
270.736
  0
ARC
  8
APS_GEOMETRY
 10
2371.363
 20
-291.368
 40
176.445
 50
270.736
 51
271.253
  0
ARC
  8
APS_GEOMETRY
 10
2374.889
 20
-452.585
 40
15.19
 50
271.253
 51
273.013
  0
ARC
  8
APS_GEOMETRY
 10
2374.742
 20
-449.797
 40
17.982
 50
273.013
 51
274.5
  0
ARC
  8
APS_GEOMETRY
 10
2358.086
 20
-238.144
 40
230.289
 50
274.5
 51
274.915
  0
LINE
  8
APS_GEOMETRY
 10
2377.817
 11
2379.78
 20
-467.586
 21
-467.414
  0
LINE
  8
APS_GEOMETRY
 10
2379.78
 11
2382.342
 20
-467.414
 21
-467.182
  0
ARC
  8
APS_GEOMETRY
 10
2386.555
 20
-507.905
 40
40.941
 50
93.24
 51
95.906
  0
ARC
  8
APS_GEOMETRY
 10
2385.809
 20
-494.722
 40
27.736
 50
90.0
 51
93.24
  0
ARC
  8
APS_GEOMETRY
 10
2385.809
 20
-490.539
 40
23.553
 50
77.12
 51
90.0
  0
ARC
  8
APS_GEOMETRY
 10
2387.05
 20
-485.112
 40
17.987
 50
62.371
 51
77.12
  0
ARC
  8
APS_GEOMETRY
 10
2389.151
 20
-481.173
 40
13.522
 50
31.215
 51
62.517
  0
ARC
  8
APS_GEOMETRY
 10
2389.087
 20
-481.211
 40
13.597
 50
360.0
 51
31.215
  0
ARC
  8
APS_GEOMETRY
 10
2388.722
 20
-481.211
 40
13.962
 50
334.496
 51
360.0
  0
ARC
  8
APS_GEOMETRY
 10
2389.408
 20
-481.539
 40
13.201
 50
308.254
 51
334.496
  0
ARC
  8
APS_GEOMETRY
 10
2387.309
 20
-478.773
 40
16.674
 50
287.855
 51
308.034
  0
ARC
  8
APS_GEOMETRY
 10
2385.907
 20
-474.42
 40
21.247
 50
270.0
 51
287.855
  0
ARC
  8
APS_GEOMETRY
 10
2385.907
 20
-463.469
 40
32.197
 50
266.918
 51
270.0
  0
ARC
  8
APS_GEOMETRY
 10
2387.861
 20
-427.172
 40
68.546
 50
264.806
 51
266.918
  0
ARC
  8
APS_GEOMETRY
 10
2374.789
 20
-589.282
 40
94.095
 50
85.815
 51
86.634
  0
ARC
  8
APS_GEOMETRY
 10
2379.988
 20
-500.903
 40
5.563
 50
86.634
 51
90.0
  0
ARC
  8
APS_GEOMETRY
 10
2379.988
 20
-496.16
 40
0.821
 50
90.0
 51
139.686
  0
ARC
  8
APS_GEOMETRY
 10
2380.292
 20
-496.419
 40
1.22
 50
139.686
 51
180.0
  0
LINE
  8
APS_GEOMETRY
 10
2379.072
 11
2379.072
 20
-496.419
 21
-496.615
  0
LINE
  8
APS_GEOMETRY
 10
2379.072
 11
2379.301
 20
-496.615
 21
-501.978
  0
ARC
  8
APS_GEOMETRY
 10
2387.051
 20
-501.655
 40
7.757
 50
182.386
 51
193.753
  0
ARC
  8
APS_GEOMETRY
 10
2382.053
 20
-502.879
 40
2.612
 50
193.753
 51
213.408
  0
ARC
  8
APS_GEOMETRY
 10
2382.109
 20
-502.841
 40
2.679
 50
213.408
 51
232.628
  0
ARC
  8
APS_GEOMETRY
 10
2386.62
 20
-496.936
 40
10.11
 50
232.628
 51
242.488
  0
ARC
  8
APS_GEOMETRY
 10
2379.097
 20
-511.2
 40
6.017
 50
40.539
 51
61.699
  0
ARC
  8
APS_GEOMETRY
 10
2382.385
 20
-508.388
 40
1.69
 50
360.0
 51
40.539
  0
ARC
  8
APS_GEOMETRY
 10
2381.806
 20
-508.388
 40
2.269
 50
315.297
 51
360.0
  0
ARC
  8
APS_GEOMETRY
 10
2378.737
 20
-505.35
 40
6.588
 50
289.502
 51
315.297
  0
ARC
  8
APS_GEOMETRY
 10
2376.487
 20
-498.999
 40
13.326
 50
282.372
 51
289.502
  0
ARC
  8
APS_GEOMETRY
 10
2374.124
 20
-488.228
 40
24.353
 50
277.099
 51
282.372
  0
ARC
  8
APS_GEOMETRY
 10
2373.153
 20
-480.428
 40
32.213
 50
273.104
 51
277.099
  0
ARC
  8
APS_GEOMETRY
 10
2372.008
 20
-459.31
 40
53.362
 50
270.0
 51
273.104
  0
ARC
  8
APS_GEOMETRY
 10
2372.008
 20
-459.95
 40
52.723
 50
263.473
 51
270.0
  0
ARC
  8
APS_GEOMETRY
 10
2367.675
 20
-497.817
 40
14.609
 50
251.056
 51
263.473
  0
ARC
  8
APS_GEOMETRY
 10
2364.893
 20
-505.922
 40
6.039
 50
224.161
 51
251.056
  0
ARC
  8
APS_GEOMETRY
 10
2362.219
 20
-508.519
 40
2.311
 50
180.0
 51
224.161
  0
ARC
  8
APS_GEOMETRY
 10
2362.699
 20
-508.519
 40
2.791
 50
160.821
 51
180.0
  0
ARC
  8
APS_GEOMETRY
 10
2361.528
 20
-508.112
 40
1.552
 50
135.0
 51
160.821
  0
ARC
  8
APS_GEOMETRY
 10
2362.635
 20
-509.218
 40
3.117
 50
121.522
 51
135.0
  0
ARC
  8
APS_GEOMETRY
 10
2375.12
 20
-529.574
 40
26.996
 50
116.952
 51
121.522
  0
ARC
  8
APS_GEOMETRY
 10
2361.487
 20
-502.863
 40
2.993
 50
297.824
 51
321.605
  0
ARC
  8
APS_GEOMETRY
 10
2362.176
 20
-503.41
 40
2.113
 50
321.605
 51
349.992
  0
ARC
  8
APS_GEOMETRY
 10
2358.977
 20
-502.845
 40
5.362
 50
349.992
 51
356.014
  0
ARC
  8
APS_GEOMETRY
 10
2310.314
 20
-499.454
 40
54.143
 50
356.014
 51
357.908
  0
ARC
  8
APS_GEOMETRY
 10
2253.51
 20
-497.379
 40
110.985
 50
357.908
 51
358.833
  0
ARC
  8
APS_GEOMETRY
 10
2048.113
 20
-493.194
 40
316.424
 50
358.833
 51
359.381
  0
LINE
  8
APS_GEOMETRY
 10
2379.301
 11
2379.301
 20
-475.259
 21
-486.379
  0
ARC
  8
APS_GEOMETRY
 10
2382.675
 20
-486.379
 40
3.374
 50
180.0
 51
199.885
  0
ARC
  8
APS_GEOMETRY
 10
2380.15
 20
-487.292
 40
0.689
 50
199.885
 51
244.799
  0
ARC
  8
APS_GEOMETRY
 10
2381.601
 20
-484.302
 40
4.013
 50
244.231
 51
258.996
  0
ARC
  8
APS_GEOMETRY
 10
2382.211
 20
-481.165
 40
7.209
 50
258.996
 51
270.0
  0
ARC
  8
APS_GEOMETRY
 10
2382.211
 20
-481.923
 40
6.45
 50
270.0
 51
288.435
  0
ARC
  8
APS_GEOMETRY
 10
2382.674
 20
-483.311
 40
4.987
 50
288.435
 51
309.428
  0
ARC
  8
APS_GEOMETRY
 10
2382.843
 20
-483.486
 40
4.745
 50
309.193
 51
339.939
  0
ARC
  8
APS_GEOMETRY
 10
2376.973
 20
-481.342
 40
10.994
 50
339.939
 51
0.0
  0
ARC
  8
APS_GEOMETRY
 10
2377.619
 20
-481.342
 40
10.348
 50
0.0
 51
22.011
  0
ARC
  8
APS_GEOMETRY
 10
2382.204
 20
-479.489
 40
5.403
 50
22.011
 51
52.651
  0
ARC
  8
APS_GEOMETRY
 10
2382.133
 20
-479.538
 40
5.485
 50
52.374
 51
72.309
  0
ARC
  8
APS_GEOMETRY
 10
2381.688
 20
-480.934
 40
6.95
 50
72.309
 51
90.0
  0
ARC
  8
APS_GEOMETRY
 10
2381.688
 20
-478.036
 40
4.052
 50
90.0
 51
118.113
  0
ARC
  8
APS_GEOMETRY
 10
2380.205
 20
-475.259
 40
0.904
 50
118.113
 51
180.0
  0
ARC
  8
APS_GEOMETRY
 10
2432.038
 20
-492.244
 40
25.782
 50
71.91
 51
90.0
  0
ARC
  8
APS_GEOMETRY
 10
2433.037
 20
-489.187
 40
22.566
 50
52.561
 51
71.91
  0
ARC
  8
APS_GEOMETRY
 10
2432.775
 20
-489.263
 40
22.786
 50
38.846
 51
52.156
  0
ARC
  8
APS_GEOMETRY
 10
2429.203
 20
-492.14
 40
27.372
 50
26.707
 51
38.846
  0
ARC
  8
APS_GEOMETRY
 10
2429.91
 20
-491.562
 40
26.482
 50
13.868
 51
26.278
  0
ARC
  8
APS_GEOMETRY
 10
2435.01
 20
-490.303
 40
21.229
 50
360.0
 51
13.868
  0
ARC
  8
APS_GEOMETRY
 10
2435.34
 20
-490.303
 40
20.899
 50
339.712
 51
360.0
  0
ARC
  8
APS_GEOMETRY
 10
2434.164
 20
-489.868
 40
22.153
 50
320.013
 51
339.712
  0
ARC
  8
APS_GEOMETRY
 10
2433.969
 20
-489.761
 40
22.372
 50
303.344
 51
320.123
  0
ARC
  8
APS_GEOMETRY
 10
2431.673
 20
-486.271
 40
26.548
 50
287.949
 51
303.344
  0
ARC
  8
APS_GEOMETRY
 10
2430.919
 20
-483.656
 40
29.269
 50
279.039
 51
287.776
  0
ARC
  8
APS_GEOMETRY
 10
2431.221
 20
-485.555
 40
27.346
 50
270.0
 51
279.039
  0
ARC
  8
APS_GEOMETRY
 10
2431.221
 20
-486.89
 40
26.011
 50
257.728
 51
270.0
  0
ARC
  8
APS_GEOMETRY
 10
2431.262
 20
-486.702
 40
26.203
 50
245.501
 51
257.728
  0
ARC
  8
APS_GEOMETRY
 10
2429.789
 20
-489.925
 40
22.66
 50
228.665
 51
245.511
  0
ARC
  8
APS_GEOMETRY
 10
2429.299
 20
-490.482
 40
21.918
 50
211.535
 51
228.665
  0
ARC
  8
APS_GEOMETRY
 10
2429.941
 20
-490.01
 40
22.712
 50
195.642
 51
211.701
  0
ARC
  8
APS_GEOMETRY
 10
2431.115
 20
-489.682
 40
23.931
 50
180.0
 51
195.642
  0
ARC
  8
APS_GEOMETRY
 10
2431.367
 20
-489.682
 40
24.183
 50
162.181
 51
180.0
  0
ARC
  8
APS_GEOMETRY
 10
2429.16
 20
-488.972
 40
21.865
 50
143.434
 51
162.181
  0
ARC
  8
APS_GEOMETRY
 10
2428.863
 20
-488.735
 40
21.485
 50
126.384
 51
143.471
  0
ARC
  8
APS_GEOMETRY
 10
2430.897
 20
-491.495
 40
24.914
 50
110.525
 51
126.384
  0
ARC
  8
APS_GEOMETRY
 10
2430.797
 20
-490.746
 40
24.177
 50
99.77
 51
110.925
  0
ARC
  8
APS_GEOMETRY
 10
2432.038
 20
-497.958
 40
31.496
 50
90.0
 51
99.77
  0
ARC
  8
APS_GEOMETRY
 10
2428.932
 20
-480.655
 40
4.807
 50
90.0
 51
119.604
  0
ARC
  8
APS_GEOMETRY
 10
2429.353
 20
-481.396
 40
5.659
 50
119.604
 51
146.842
  0
ARC
  8
APS_GEOMETRY
 10
2430.199
 20
-482.09
 40
6.748
 50
145.84
 51
164.055
  0
ARC
  8
APS_GEOMETRY
 10
2432.16
 20
-482.65
 40
8.788
 50
164.055
 51
180.0
  0
ARC
  8
APS_GEOMETRY
 10
2444.425
 20
-482.65
 40
21.053
 50
180.0
 51
189.977
  0
ARC
  8
APS_GEOMETRY
 10
2463.076
 20
-479.369
 40
39.991
 50
189.977
 51
197.211
  0
ARC
  8
APS_GEOMETRY
 10
2467.156
 20
-478.106
 40
44.261
 50
197.211
 51
203.76
  0
ARC
  8
APS_GEOMETRY
 10
2456.993
 20
-482.58
 40
33.157
 50
203.76
 51
211.329
  0
ARC
  8
APS_GEOMETRY
 10
2436.125
 20
-495.103
 40
8.821
 50
212.32
 51
224.441
  0
ARC
  8
APS_GEOMETRY
 10
2435.269
 20
-495.942
 40
7.623
 50
224.441
 51
237.484
  0
ARC
  8
APS_GEOMETRY
 10
2434.717
 20
-496.809
 40
6.595
 50
237.484
 51
252.416
  0
ARC
  8
APS_GEOMETRY
 10
2434.164
 20
-498.553
 40
4.766
 50
252.416
 51
270.0
  0
ARC
  8
APS_GEOMETRY
 10
2434.164
 20
-497.988
 40
5.331
 50
270.0
 51
294.953
  0
ARC
  8
APS_GEOMETRY
 10
2434.314
 20
-498.309
 40
4.977
 50
294.953
 51
320.793
  0
ARC
  8
APS_GEOMETRY
 10
2433.513
 20
-497.655
 40
6.011
 50
320.793
 51
342.777
  0
ARC
  8
APS_GEOMETRY
 10
2429.945
 20
-496.549
 40
9.746
 50
342.777
 51
0.0
  0
ARC
  8
APS_GEOMETRY
 10
2413.184
 20
-496.549
 40
26.507
 50
0.0
 51
8.499
  0
ARC
  8
APS_GEOMETRY
 10
2401.517
 20
-498.293
 40
38.304
 50
8.499
 51
15.566
  0
ARC
  8
APS_GEOMETRY
 10
2402.919
 20
-497.902
 40
36.848
 50
15.566
 51
22.909
  0
ARC
  8
APS_GEOMETRY
 10
2414.983
 20
-492.804
 40
23.751
 50
22.909
 51
32.057
  0
ARC
  8
APS_GEOMETRY
 10
2424.459
 20
-486.834
 40
12.552
 50
31.921
 51
42.51
  0
ARC
  8
APS_GEOMETRY
 10
2427.061
 20
-484.449
 40
9.022
 50
42.51
 51
55.008
  0
ARC
  8
APS_GEOMETRY
 10
2427.94
 20
-483.194
 40
7.489
 50
55.008
 51
69.88
  0
ARC
  8
APS_GEOMETRY
 10
2428.728
 20
-481.042
 40
5.198
 50
69.88
 51
87.754
  0
ARC
  8
APS_GEOMETRY
 10
2482.552
 20
-495.666
 40
2.42
 50
90.0
 51
115.837
  0
ARC
  8
APS_GEOMETRY
 10
2481.956
 20
-494.436
 40
1.053
 50
115.837
 51
155.462
  0
ARC
  8
APS_GEOMETRY
 10
2482.652
 20
-494.753
 40
1.817
 50
155.462
 51
168.366
  0
ARC
  8
APS_GEOMETRY
 10
2488.998
 20
-496.06
 40
8.296
 50
168.366
 51
174.395
  0
ARC
  8
APS_GEOMETRY
 10
2495.393
 20
-496.687
 40
14.722
 50
174.395
 51
177.813
  0
ARC
  8
APS_GEOMETRY
 10
2516.622
 20
-497.498
 40
35.966
 50
177.813
 51
180.0
  0
ARC
  8
APS_GEOMETRY
 10
2531.99
 20
-497.498
 40
51.335
 50
180.0
 51
184.62
  0
ARC
  8
APS_GEOMETRY
 10
2497.57
 20
-500.279
 40
16.803
 50
184.62
 51
192.7
  0
ARC
  8
APS_GEOMETRY
 10
2484.3
 20
-503.193
 40
3.218
 50
194.036
 51
205.821
  0
ARC
  8
APS_GEOMETRY
 10
2482.895
 20
-503.873
 40
1.656
 50
205.821
 51
222.274
  0
ARC
  8
APS_GEOMETRY
 10
2483.325
 20
-503.481
 40
2.238
 50
222.274
 51
234.605
  0
ARC
  8
APS_GEOMETRY
 10
2488.186
 20
-496.641
 40
10.63
 50
234.605
 51
240.255
  0
ARC
  8
APS_GEOMETRY
 10
2480.797
 20
-509.715
 40
4.389
 50
34.592
 51
61.189
  0
ARC
  8
APS_GEOMETRY
 10
2482.247
 20
-508.715
 40
2.627
 50
360.0
 51
34.592
  0
ARC
  8
APS_GEOMETRY
 10
2482.335
 20
-508.715
 40
2.539
 50
318.231
 51
360.0
  0
ARC
  8
APS_GEOMETRY
 10
2480.637
 20
-507.198
 40
4.816
 50
288.227
 51
318.231
  0
ARC
  8
APS_GEOMETRY
 10
2478.876
 20
-501.851
 40
10.446
 50
280.377
 51
288.227
  0
ARC
  8
APS_GEOMETRY
 10
2475.806
 20
-485.087
 40
27.489
 50
275.541
 51
280.377
  0
ARC
  8
APS_GEOMETRY
 10
2474.483
 20
-471.449
 40
41.19
 50
272.304
 51
275.541
  0
ARC
  8
APS_GEOMETRY
 10
2472.872
 20
-431.413
 40
81.259
 50
270.0
 51
272.304
  0
ARC
  8
APS_GEOMETRY
 10
2472.872
 20
-464.872
 40
47.8
 50
262.811
 51
270.0
  0
ARC
  8
APS_GEOMETRY
 10
2468.583
 20
-498.879
 40
13.524
 50
249.274
 51
262.811
  0
ARC
  8
APS_GEOMETRY
 10
2465.885
 20
-506.009
 40
5.901
 50
221.379
 51
249.274
  0
ARC
  8
APS_GEOMETRY
 10
2463.518
 20
-508.094
 40
2.747
 50
180.0
 51
221.379
  0
ARC
  8
APS_GEOMETRY
 10
2463.5
 20
-508.094
 40
2.728
 50
164.055
 51
180.0
  0
ARC
  8
APS_GEOMETRY
 10
2462.363
 20
-507.769
 40
1.546
 50
142.815
 51
164.055
  0
ARC
  8
APS_GEOMETRY
 10
2463.079
 20
-508.312
 40
2.444
 50
129.007
 51
142.815
  0
ARC
  8
APS_GEOMETRY
 10
2471.871
 20
-519.166
 40
16.412
 50
123.69
 51
129.007
  0
ARC
  8
APS_GEOMETRY
 10
2459.394
 20
-500.393
 40
6.128
 50
303.389
 51
319.022
  0
ARC
  8
APS_GEOMETRY
 10
2461.053
 20
-501.834
 40
3.932
 50
319.022
 51
338.575
  0
ARC
  8
APS_GEOMETRY
 10
2458.833
 20
-500.963
 40
6.316
 50
338.575
 51
351.049
  0
ARC
  8
APS_GEOMETRY
 10
2432.027
 20
-496.741
 40
33.452
 50
351.049
 51
356.46
  0
ARC
  8
APS_GEOMETRY
 10
2440.863
 20
-497.077
 40
24.613
 50
355.972
 51
358.68
  0
ARC
  8
APS_GEOMETRY
 10
2150.672
 20
-490.39
 40
314.881
 50
358.68
 51
359.437
  0
LINE
  8
APS_GEOMETRY
 10
2465.538
 11
2465.569
 20
-493.483
 21
-488.572
  0
LINE
  8
APS_GEOMETRY
 10
2465.569
 11
2465.579
 20
-488.572
 21
-482.16
  0
ARC
  8
APS_GEOMETRY
 10
2389.77
 20
-482.16
 40
75.809
 50
0.0
 51
1.717
  0
ARC
  8
APS_GEOMETRY
 10
2430.338
 20
-480.944
 40
35.223
 50
1.717
 51
4.236
  0
ARC
  8
APS_GEOMETRY
 10
2443.568
 20
-479.964
 40
21.957
 50
4.236
 51
8.269
  0
ARC
  8
APS_GEOMETRY
 10
2458.791
 20
-477.751
 40
6.573
 50
8.269
 51
15.642
  0
ARC
  8
APS_GEOMETRY
 10
2461.411
 20
-477.018
 40
3.853
 50
15.642
 51
39.417
  0
ARC
  8
APS_GEOMETRY
 10
2461.47
 20
-476.969
 40
3.776
 50
39.417
 51
63.435
  0
ARC
  8
APS_GEOMETRY
 10
2468.272
 20
-462.88
 40
11.869
 50
236.874
 51
244.486
  0
ARC
  8
APS_GEOMETRY
 10
2463.212
 20
-470.633
 40
2.611
 50
220.601
 51
236.874
  0
ARC
  8
APS_GEOMETRY
 10
2462.632
 20
-471.131
 40
1.847
 50
198.246
 51
220.601
  0
ARC
  8
APS_GEOMETRY
 10
2463.5
 20
-470.844
 40
2.761
 50
180.0
 51
198.246
  0
ARC
  8
APS_GEOMETRY
 10
2463.487
 20
-470.844
 40
2.748
 50
156.161
 51
180.0
  0
ARC
  8
APS_GEOMETRY
 10
2463.87
 20
-471.014
 40
3.167
 50
133.977
 51
156.161
  0
ARC
  8
APS_GEOMETRY
 10
2464.633
 20
-471.805
 40
4.266
 50
116.996
 51
133.977
  0
ARC
  8
APS_GEOMETRY
 10
2466.15
 20
-474.782
 40
7.608
 50
104.3
 51
116.996
  0
ARC
  8
APS_GEOMETRY
 10
2466.542
 20
-476.288
 40
9.164
 50
95.326
 51
104.349
  0
ARC
  8
APS_GEOMETRY
 10
2468.13
 20
-493.323
 40
26.272
 50
90.0
 51
95.326
  0
ARC
  8
APS_GEOMETRY
 10
2468.13
 20
-480.064
 40
13.013
 50
87.553
 51
90.0
  0
ARC
  8
APS_GEOMETRY
 10
2465.361
 20
-544.851
 40
77.86
 50
86.553
 51
87.553
  0
ARC
  8
APS_GEOMETRY
 10
2461.425
 20
-610.198
 40
143.325
 50
86.009
 51
86.553
  0
ARC
  8
APS_GEOMETRY
 10
2446.117
 20
-829.611
 40
363.271
 50
85.668
 51
86.009
  0
ARC
  8
APS_GEOMETRY
 10
2474.765
 20
-452.301
 40
15.125
 50
265.426
 51
268.531
  0
ARC
  8
APS_GEOMETRY
 10
2476.11
 20
-399.858
 40
67.586
 50
268.531
 51
270.0
  0
ARC
  8
APS_GEOMETRY
 10
2476.11
 20
-415.933
 40
51.511
 50
270.0
 51
271.637
  0
ARC
  8
APS_GEOMETRY
 10
2474.959
 20
-375.648
 40
91.812
 50
271.637
 51
272.862
  0
ARC
  8
APS_GEOMETRY
 10
2473.637
 20
-349.219
 40
118.274
 50
272.862
 51
273.814
  0
ARC
  8
APS_GEOMETRY
 10
2469.164
 20
-282.115
 40
185.527
 50
273.814
 51
274.574
  0
ARC
  8
APS_GEOMETRY
 10
2497.226
 20
-647.105
 40
180.543
 50
93.72
 51
94.214
  0
ARC
  8
APS_GEOMETRY
 10
2491.237
 20
-554.987
 40
88.23
 50
93.013
 51
93.72
  0
ARC
  8
APS_GEOMETRY
 10
2489.595
 20
-523.792
 40
56.991
 50
91.918
 51
93.013
  0
ARC
  8
APS_GEOMETRY
 10
2488.308
 20
-485.376
 40
18.554
 50
90.0
 51
91.918
  0
ARC
  8
APS_GEOMETRY
 10
2488.308
 20
-490.93
 40
24.109
 50
73.82
 51
90.0
  0
ARC
  8
APS_GEOMETRY
 10
2490.684
 20
-482.741
 40
15.581
 50
53.658
 51
73.82
  0
ARC
  8
APS_GEOMETRY
 10
2494.064
 20
-478.121
 40
9.857
 50
26.03
 51
53.569
  0
ARC
  8
APS_GEOMETRY
 10
2493.027
 20
-478.628
 40
11.012
 50
360.0
 51
26.03
  0
ARC
  8
APS_GEOMETRY
 10
2492.595
 20
-478.628
 40
11.443
 50
345.282
 51
360.0
  0
ARC
  8
APS_GEOMETRY
 10
2493.696
 20
-478.917
 40
10.305
 50
329.767
 51
345.282
  0
ARC
  8
APS_GEOMETRY
 10
2494.32
 20
-479.28
 40
9.583
 50
313.168
 51
329.767
  0
ARC
  8
APS_GEOMETRY
 10
2494.551
 20
-479.527
 40
9.246
 50
296.267
 51
313.168
  0
ARC
  8
APS_GEOMETRY
 10
2499.814
 20
-490.161
 40
2.62
 50
116.565
 51
139.899
  0
ARC
  8
APS_GEOMETRY
 10
2498.507
 20
-489.06
 40
0.911
 50
139.899
 51
180.0
  0
ARC
  8
APS_GEOMETRY
 10
2498.609
 20
-489.06
 40
1.013
 50
180.0
 51
226.193
  0
ARC
  8
APS_GEOMETRY
 10
2500.479
 20
-487.11
 40
3.715
 50
226.193
 51
249.829
  0
ARC
  8
APS_GEOMETRY
 10
2495.118
 20
-501.871
 40
11.989
 50
53.249
 51
70.105
  0
ARC
  8
APS_GEOMETRY
 10
2497.554
 20
-498.61
 40
7.919
 50
32.471
 51
53.249
  0
ARC
  8
APS_GEOMETRY
 10
2496.419
 20
-499.332
 40
9.264
 50
23.305
 51
32.471
  0
ARC
  8
APS_GEOMETRY
 10
2489.408
 20
-502.352
 40
16.897
 50
16.521
 51
23.305
  0
ARC
  8
APS_GEOMETRY
 10
2483.943
 20
-503.973
 40
22.598
 50
11.429
 51
16.521
  0
ARC
  8
APS_GEOMETRY
 10
2468.453
 20
-507.104
 40
38.401
 50
7.524
 51
11.429
  0
ARC
  8
APS_GEOMETRY
 10
2519.781
 20
-500.268
 40
13.38
 50
187.765
 51
196.914
  0
ARC
  8
APS_GEOMETRY
 10
2508.838
 20
-503.596
 40
1.942
 50
196.914
 51
221.082
  0
ARC
  8
APS_GEOMETRY
 10
2508.88
 20
-503.56
 40
1.997
 50
221.082
 51
244.607
  0
ARC
  8
APS_GEOMETRY
 10
2513.553
 20
-493.715
 40
12.896
 50
244.607
 51
253.811
  0
ARC
  8
APS_GEOMETRY
 10
2509.444
 20
-507.725
 40
1.705
 50
51.45
 51
72.474
  0
ARC
  8
APS_GEOMETRY
 10
2509.023
 20
-508.254
 40
2.382
 50
33.69
 51
51.45
  0
ARC
  8
APS_GEOMETRY
 10
2508.924
 20
-508.32
 40
2.5
 50
16.639
 51
33.69
  0
ARC
  8
APS_GEOMETRY
 10
2508.805
 20
-508.355
 40
2.625
 50
360.0
 51
16.639
  0
ARC
  8
APS_GEOMETRY
 10
2508.768
 20
-508.355
 40
2.662
 50
338.993
 51
360.0
  0
ARC
  8
APS_GEOMETRY
 10
2507.143
 20
-507.731
 40
4.402
 50
322.696
 51
338.993
  0
ARC
  8
APS_GEOMETRY
 10
2506.537
 20
-507.27
 40
5.164
 50
308.603
 51
322.696
  0
ARC
  8
APS_GEOMETRY
 10
2506.121
 20
-506.748
 40
5.831
 50
295.346
 51
308.603
  0
ARC
  8
APS_GEOMETRY
 10
2503.929
 20
-501.922
 40
11.131
 50
279.583
 51
294.905
  0
ARC
  8
APS_GEOMETRY
 10
2501.062
 20
-484.941
 40
28.353
 50
270.0
 51
279.583
  0
ARC
  8
APS_GEOMETRY
 10
2501.062
 20
-492.622
 40
20.672
 50
261.247
 51
270.0
  0
ARC
  8
APS_GEOMETRY
 10
2499.738
 20
-501.222
 40
11.97
 50
249.737
 51
261.247
  0
ARC
  8
APS_GEOMETRY
 10
2498.868
 20
-503.58
 40
9.457
 50
235.345
 51
249.737
  0
ARC
  8
APS_GEOMETRY
 10
2497.769
 20
-505.17
 40
7.524
 50
219.198
 51
235.345
  0
ARC
  8
APS_GEOMETRY
 10
2500.082
 20
-503.198
 40
10.563
 50
209.076
 51
219.56
  0
ARC
  8
APS_GEOMETRY
 10
2505.422
 20
-500.228
 40
16.674
 50
200.735
 51
209.076
  0
ARC
  8
APS_GEOMETRY
 10
2512.792
 20
-497.438
 40
24.554
 50
197.881
 51
200.735
  0
ARC
  8
APS_GEOMETRY
 10
2543.073
 20
-487.669
 40
56.372
 50
195.997
 51
197.881
  0
ARC
  8
APS_GEOMETRY
 10
2565.455
 20
-481.252
 40
79.656
 50
194.664
 51
195.997
  0
ARC
  8
APS_GEOMETRY
 10
2627.451
 20
-465.029
 40
143.738
 50
193.671
 51
194.664
  0
ARC
  8
APS_GEOMETRY
 10
2470.24
 20
-503.25
 40
18.051
 50
13.61
 51
23.585
  0
ARC
  8
APS_GEOMETRY
 10
2482.06
 20
-498.09
 40
5.155
 50
23.585
 51
42.31
  0
ARC
  8
APS_GEOMETRY
 10
2483.132
 20
-497.114
 40
3.705
 50
42.31
 51
67.521
  0
ARC
  8
APS_GEOMETRY
 10
2482.283
 20
-499.164
 40
5.924
 50
67.521
 51
87.397
  0
LINE
  8
APS_GEOMETRY
 10
2480.688
 11
2480.328
 20
-476.568
 21
-484.187
  0
LINE
  8
APS_GEOMETRY
 10
2480.328
 11
2480.328
 20
-484.187
 21
-484.31
  0
LINE
  8
APS_GEOMETRY
 10
2480.328
 11
2480.328
 20
-484.31
 21
-484.482
  0
ARC
  8
APS_GEOMETRY
 10
2485.623
 20
-484.482
 40
5.294
 50
180.0
 51
192.339
  0
ARC
  8
APS_GEOMETRY
 10
2481.414
 20
-485.403
 40
0.986
 50
192.339
 51
221.186
  0
ARC
  8
APS_GEOMETRY
 10
2481.313
 20
-485.49
 40
0.852
 50
221.186
 51
253.872
  0
ARC
  8
APS_GEOMETRY
 10
2482.029
 20
-483.015
 40
3.429
 50
253.872
 51
270.0
  0
ARC
  8
APS_GEOMETRY
 10
2482.029
 20
-478.473
 40
7.971
 50
270.0
 51
289.569
  0
ARC
  8
APS_GEOMETRY
 10
2483.478
 20
-482.55
 40
3.644
 50
289.569
 51
318.681
  0
ARC
  8
APS_GEOMETRY
 10
2483.086
 20
-482.205
 40
4.166
 50
318.681
 51
344.628
  0
ARC
  8
APS_GEOMETRY
 10
2475.783
 20
-480.198
 40
11.74
 50
344.628
 51
0.0
  0
ARC
  8
APS_GEOMETRY
 10
2479.255
 20
-480.198
 40
8.268
 50
0.0
 51
35.369
  0
ARC
  8
APS_GEOMETRY
 10
2483.043
 20
-477.509
 40
3.623
 50
35.369
 51
90.0
  0
ARC
  8
APS_GEOMETRY
 10
2483.043
 20
-477.549
 40
3.663
 50
90.0
 51
108.435
  0
ARC
  8
APS_GEOMETRY
 10
2482.33
 20
-475.411
 40
1.409
 50
108.435
 51
138.366
  0
ARC
  8
APS_GEOMETRY
 10
2482.521
 20
-475.581
 40
1.665
 50
138.366
 51
164.291
  0
ARC
  8
APS_GEOMETRY
 10
2487.006
 20
-476.842
 40
6.324
 50
164.291
 51
177.51
  0
LINE
  8
APS_GEOMETRY
 10
2531.202
 11
2548.437
 20
-467.378
 21
-467.378
  0
ARC
  8
APS_GEOMETRY
 10
2547.565
 20
-442.683
 40
24.711
 50
272.021
 51
278.44
  0
ARC
  8
APS_GEOMETRY
 10
2548.538
 20
-449.238
 40
18.083
 50
278.44
 51
285.945
  0
ARC
  8
APS_GEOMETRY
 10
2555.855
 20
-475.435
 40
9.118
 50
98.584
 51
104.931
  0
ARC
  8
APS_GEOMETRY
 10
2555.239
 20
-471.355
 40
4.991
 50
90.0
 51
98.584
  0
ARC
  8
APS_GEOMETRY
 10
2555.239
 20
-470.116
 40
3.752
 50
52.871
 51
90.0
  0
ARC
  8
APS_GEOMETRY
 10
2550.15
 20
-476.837
 40
12.182
 50
32.518
 51
52.871
  0
ARC
  8
APS_GEOMETRY
 10
2546.119
 20
-479.407
 40
16.963
 50
17.209
 51
32.518
  0
ARC
  8
APS_GEOMETRY
 10
2549.479
 20
-478.366
 40
13.445
 50
360.0
 51
17.209
  0
ARC
  8
APS_GEOMETRY
 10
2556.207
 20
-478.366
 40
6.717
 50
337.348
 51
360.0
  0
ARC
  8
APS_GEOMETRY
 10
2558.907
 20
-479.493
 40
3.792
 50
307.042
 51
337.348
  0
ARC
  8
APS_GEOMETRY
 10
2558.438
 20
-478.848
 40
4.589
 50
287.186
 51
306.87
  0
ARC
  8
APS_GEOMETRY
 10
2558.019
 20
-477.494
 40
6.006
 50
270.0
 51
287.186
  0
ARC
  8
APS_GEOMETRY
 10
2558.019
 20
-478.107
 40
5.393
 50
252.221
 51
270.0
  0
ARC
  8
APS_GEOMETRY
 10
2557.768
 20
-478.89
 40
4.571
 50
232.896
 51
252.221
  0
ARC
  8
APS_GEOMETRY
 10
2558.738
 20
-477.607
 40
6.18
 50
218.3
 51
232.896
  0
ARC
  8
APS_GEOMETRY
 10
2566.318
 20
-471.621
 40
15.839
 50
209.197
 51
218.3
  0
ARC
  8
APS_GEOMETRY
 10
2527.765
 20
-492.509
 40
28.012
 50
28.025
 51
32.699
  0
ARC
  8
APS_GEOMETRY
 10
2547.921
 20
-479.569
 40
4.06
 50
32.699
 51
45.0
  0
ARC
  8
APS_GEOMETRY
 10
2549.295
 20
-478.195
 40
2.116
 50
45.0
 51
67.557
  0
ARC
  8
APS_GEOMETRY
 10
2549.287
 20
-478.214
 40
2.137
 50
67.557
 51
90.0
  0
ARC
  8
APS_GEOMETRY
 10
2549.287
 20
-478.046
 40
1.969
 50
90.0
 51
120.801
  0
ARC
  8
APS_GEOMETRY
 10
2549.22
 20
-477.934
 40
1.839
 50
120.801
 51
152.7
  0
ARC
  8
APS_GEOMETRY
 10
2550.679
 20
-478.687
 40
3.481
 50
152.7
 51
171.085
  0
ARC
  8
APS_GEOMETRY
 10
2561.768
 20
-480.427
 40
14.705
 50
171.085
 51
180.0
  0
LINE
  8
APS_GEOMETRY
 10
2547.063
 11
2547.063
 20
-480.427
 21
-498.741
  0
ARC
  8
APS_GEOMETRY
 10
2566.49
 20
-498.741
 40
19.427
 50
180.0
 51
188.194
  0
ARC
  8
APS_GEOMETRY
 10
2551.983
 20
-500.83
 40
4.77
 50
188.194
 51
204.775
  0
ARC
  8
APS_GEOMETRY
 10
2550.573
 20
-501.48
 40
3.218
 50
204.775
 51
228.576
  0
ARC
  8
APS_GEOMETRY
 10
2551.895
 20
-499.982
 40
5.216
 50
228.576
 51
247.218
  0
ARC
  8
APS_GEOMETRY
 10
2544.227
 20
-518.054
 40
14.416
 50
59.381
 51
66.93
  0
ARC
  8
APS_GEOMETRY
 10
2549.888
 20
-508.488
 40
3.301
 50
43.568
 51
59.381
  0
ARC
  8
APS_GEOMETRY
 10
2550.793
 20
-507.627
 40
2.051
 50
19.041
 51
43.568
  0
ARC
  8
APS_GEOMETRY
 10
2549.535
 20
-508.061
 40
3.382
 50
360.0
 51
19.041
  0
ARC
  8
APS_GEOMETRY
 10
2550.17
 20
-508.061
 40
2.747
 50
317.66
 51
360.0
  0
ARC
  8
APS_GEOMETRY
 10
2547.647
 20
-505.763
 40
6.16
 50
289.747
 51
317.66
  0
ARC
  8
APS_GEOMETRY
 10
2545.535
 20
-499.878
 40
12.412
 50
281.964
 51
289.747
  0
ARC
  8
APS_GEOMETRY
 10
2542.608
 20
-486.066
 40
26.531
 50
276.643
 51
281.964
  0
ARC
  8
APS_GEOMETRY
 10
2541.376
 20
-475.49
 40
37.178
 50
272.836
 51
276.643
  0
ARC
  8
APS_GEOMETRY
 10
2539.901
 20
-445.714
 40
66.99
 50
270.0
 51
272.836
  0
ARC
  8
APS_GEOMETRY
 10
2539.901
 20
-427.265
 40
85.44
 50
267.283
 51
270.0
  0
ARC
  8
APS_GEOMETRY
 10
2538.107
 20
-465.068
 40
47.595
 50
263.643
 51
267.283
  0
ARC
  8
APS_GEOMETRY
 10
2536.605
 20
-478.551
 40
34.027
 50
258.563
 51
263.643
  0
ARC
  8
APS_GEOMETRY
 10
2533.016
 20
-496.291
 40
15.929
 50
251.136
 51
258.563
  0
ARC
  8
APS_GEOMETRY
 10
2529.812
 20
-505.584
 40
6.099
 50
222.558
 51
251.395
  0
ARC
  8
APS_GEOMETRY
 10
2527.435
 20
-507.767
 40
2.871
 50
180.0
 51
222.558
  0
ARC
  8
APS_GEOMETRY
 10
2526.955
 20
-507.767
 40
2.392
 50
150.642
 51
180.0
  0
ARC
  8
APS_GEOMETRY
 10
2527.147
 20
-507.874
 40
2.612
 50
122.574
 51
150.642
  0
ARC
  8
APS_GEOMETRY
 10
2526.64
 20
-507.292
 40
1.851
 50
108.677
 51
119.055
  0
ARC
  8
APS_GEOMETRY
 10
2549.755
 20
-575.676
 40
74.036
 50
107.038
 51
108.677
  0
ARC
  8
APS_GEOMETRY
 10
2527.201
 20
-501.912
 40
3.099
 50
286.144
 51
308.66
  0
ARC
  8
APS_GEOMETRY
 10
2527.708
 20
-502.546
 40
2.287
 50
308.66
 51
334.933
  0
ARC
  8
APS_GEOMETRY
 10
2525.643
 20
-501.581
 40
4.566
 50
334.933
 51
348.829
  0
ARC
  8
APS_GEOMETRY
 10
2499.818
 20
-496.481
 40
30.891
 50
348.829
 51
354.161
  0
ARC
  8
APS_GEOMETRY
 10
2482.362
 20
-494.681
 40
48.439
 50
354.144
 51
355.66
  0
ARC
  8
APS_GEOMETRY
 10
2404.985
 20
-488.809
 40
126.038
 50
355.66
 51
356.6
  0
ARC
  8
APS_GEOMETRY
 10
2345.836
 20
-485.296
 40
185.291
 50
356.6
 51
357.24
  0
ARC
  8
APS_GEOMETRY
 10
2178.011
 20
-477.204
 40
353.311
 50
357.24
 51
357.703
  0
ARC
  8
APS_GEOMETRY
 10
2194.532
 20
-477.867
 40
336.777
 50
357.703
 51
358.674
  0
ARC
  8
APS_GEOMETRY
 10
2350.364
 20
-481.473
 40
180.903
 50
358.674
 51
0.0
  0
ARC
  8
APS_GEOMETRY
 10
2504.457
 20
-481.473
 40
26.81
 50
0.0
 51
6.242
  0
ARC
  8
APS_GEOMETRY
 10
2525.777
 20
-479.141
 40
5.364
 50
6.242
 51
20.225
  0
ARC
  8
APS_GEOMETRY
 10
2528.731
 20
-478.053
 40
2.215
 50
20.225
 51
50.44
  0
ARC
  8
APS_GEOMETRY
 10
2529.305
 20
-477.358
 40
1.314
 50
50.44
 51
90.0
  0
ARC
  8
APS_GEOMETRY
 10
2529.305
 20
-477.807
 40
1.762
 50
90.0
 51
126.747
  0
ARC
  8
APS_GEOMETRY
 10
2531.795
 20
-481.141
 40
5.924
 50
126.747
 51
146.547
  0
ARC
  8
APS_GEOMETRY
 10
2487.807
 20
-452.229
 40
46.715
 50
324.255
 51
326.701
  0
ARC
  8
APS_GEOMETRY
 10
2506.43
 20
-465.633
 40
23.77
 50
320.826
 51
324.255
  0
ARC
  8
APS_GEOMETRY
 10
2512.517
 20
-470.592
 40
15.918
 50
315.722
 51
320.826
  0
ARC
  8
APS_GEOMETRY
 10
2519.511
 20
-477.412
 40
6.149
 50
307.504
 51
315.722
  0
ARC
  8
APS_GEOMETRY
 10
2518.866
 20
-476.551
 40
7.226
 50
291.306
 51
307.405
  0
ARC
  8
APS_GEOMETRY
 10
2519.985
 20
-479.42
 40
4.146
 50
270.0
 51
291.306
  0
ARC
  8
APS_GEOMETRY
 10
2519.985
 20
-479.687
 40
3.879
 50
245.532
 51
270.0
  0
ARC
  8
APS_GEOMETRY
 10
2519.955
 20
-479.752
 40
3.808
 50
220.833
 51
245.532
  0
ARC
  8
APS_GEOMETRY
 10
2520.348
 20
-479.412
 40
4.328
 50
198.684
 51
220.833
  0
ARC
  8
APS_GEOMETRY
 10
2521.99
 20
-478.857
 40
6.06
 50
180.0
 51
198.684
  0
ARC
  8
APS_GEOMETRY
 10
2525.837
 20
-478.857
 40
9.908
 50
168.408
 51
180.0
  0
ARC
  8
APS_GEOMETRY
 10
2532.19
 20
-480.16
 40
16.393
 50
159.402
 51
168.408
  0
ARC
  8
APS_GEOMETRY
 10
2534.153
 20
-480.898
 40
18.49
 50
151.39
 51
159.402
  0
ARC
  8
APS_GEOMETRY
 10
2533.751
 20
-480.678
 40
18.032
 50
143.276
 51
151.39
  0
ARC
  8
APS_GEOMETRY
 10
2528.701
 20
-476.902
 40
11.726
 50
124.216
 51
143.31
  0
ARC
  8
APS_GEOMETRY
 10
2524.203
 20
-470.288
 40
3.728
 50
90.0
 51
124.216
  0
ARC
  8
APS_GEOMETRY
 10
2524.203
 20
-471.945
 40
5.384
 50
82.725
 51
90.0
  0
ARC
  8
APS_GEOMETRY
 10
2523.783
 20
-475.24
 40
8.707
 50
77.005
 51
82.725
  0
ARC
  8
APS_GEOMETRY
 10
2536.631
 20
-413.294
 40
54.561
 50
258.486
 51
260.378
  0
ARC
  8
APS_GEOMETRY
 10
2531.127
 20
-445.758
 40
21.633
 50
260.378
 51
263.382
  0
ARC
  8
APS_GEOMETRY
 10
2530.656
 20
-449.816
 40
17.548
 50
263.382
 51
267.084
  0
ARC
  8
APS_GEOMETRY
 10
2531.202
 20
-439.105
 40
28.273
 50
267.084
 51
270.0
  0
LINE
  8
APS_GEOMETRY
 10
2574.619
 11
2591.429
 20
-467.378
 21
-467.378
  0
ARC
  8
APS_GEOMETRY
 10
2591.429
 20
-255.658
 40
211.72
 50
270.0
 51
270.69
  0
ARC
  8
APS_GEOMETRY
 10
2592.622
 20
-354.714
 40
112.656
 50
270.69
 51
271.637
  0
ARC
  8
APS_GEOMETRY
 10
2593.628
 20
-389.908
 40
77.448
 50
271.637
 51
273.013
  0
ARC
  8
APS_GEOMETRY
 10
2596.078
 20
-436.471
 40
30.821
 50
273.013
 51
275.194
  0
ARC
  8
APS_GEOMETRY
 10
2596.686
 20
-443.152
 40
24.112
 50
275.194
 51
280.756
  0
ARC
  8
APS_GEOMETRY
 10
2596.8
 20
-443.753
 40
23.5
 50
280.756
 51
286.39
  0
ARC
  8
APS_GEOMETRY
 10
2605.414
 20
-473.238
 40
7.217
 50
100.305
 51
105.945
  0
ARC
  8
APS_GEOMETRY
 10
2604.51
 20
-468.269
 40
2.166
 50
90.0
 51
100.305
  0
ARC
  8
APS_GEOMETRY
 10
2604.51
 20
-469.042
 40
2.94
 50
58.946
 51
90.0
  0
ARC
  8
APS_GEOMETRY
 10
2603.386
 20
-470.909
 40
5.119
 50
35.538
 51
58.946
  0
ARC
  8
APS_GEOMETRY
 10
2598.997
 20
-474.138
 40
10.568
 50
16.699
 51
35.952
  0
ARC
  8
APS_GEOMETRY
 10
2595.696
 20
-475.129
 40
14.014
 50
360.0
 51
16.699
  0
ARC
  8
APS_GEOMETRY
 10
2601.846
 20
-475.129
 40
7.864
 50
344.982
 51
360.0
  0
ARC
  8
APS_GEOMETRY
 10
2605.62
 20
-476.141
 40
3.956
 50
323.746
 51
344.982
  0
ARC
  8
APS_GEOMETRY
 10
2606.459
 20
-476.756
 40
2.916
 50
296.114
 51
323.746
  0
ARC
  8
APS_GEOMETRY
 10
2606.309
 20
-476.449
 40
3.258
 50
270.0
 51
296.114
  0
ARC
  8
APS_GEOMETRY
 10
2606.309
 20
-475.623
 40
4.084
 50
255.311
 51
270.0
  0
ARC
  8
APS_GEOMETRY
 10
2605.763
 20
-477.706
 40
1.931
 50
233.881
 51
255.311
  0
ARC
  8
APS_GEOMETRY
 10
2606.337
 20
-476.918
 40
2.906
 50
219.289
 51
233.881
  0
ARC
  8
APS_GEOMETRY
 10
2617.868
 20
-467.485
 40
17.803
 50
213.408
 51
219.289
  0
ARC
  8
APS_GEOMETRY
 10
2596.266
 20
-481.713
 40
8.063
 50
33.294
 51
51.246
  0
ARC
  8
APS_GEOMETRY
 10
2597.364
 20
-480.345
 40
6.309
 50
51.246
 51
71.565
  0
ARC
  8
APS_GEOMETRY
 10
2596.638
 20
-482.523
 40
8.604
 50
71.565
 51
79.278
  0
ARC
  8
APS_GEOMETRY
 10
2594.31
 20
-494.818
 40
21.118
 50
79.278
 51
84.2
  0
ARC
  8
APS_GEOMETRY
 10
2593.317
 20
-504.597
 40
30.947
 50
84.2
 51
87.567
  0
ARC
  8
APS_GEOMETRY
 10
2592.115
 20
-532.875
 40
59.251
 50
87.567
 51
90.0
  0
ARC
  8
APS_GEOMETRY
 10
2592.115
 20
-490.28
 40
16.656
 50
90.0
 51
96.374
  0
ARC
  8
APS_GEOMETRY
 10
2591.01
 20
-480.384
 40
6.698
 50
96.374
 51
106.434
  0
ARC
  8
APS_GEOMETRY
 10
2590.224
 20
-477.72
 40
3.921
 50
106.434
 51
123.056
  0
ARC
  8
APS_GEOMETRY
 10
2588.998
 20
-475.836
 40
1.673
 50
123.056
 51
148.627
  0
ARC
  8
APS_GEOMETRY
 10
2590.118
 20
-476.471
 40
2.96
 50
149.421
 51
165.28
  0
ARC
  8
APS_GEOMETRY
 10
2593.347
 20
-477.319
 40
6.298
 50
165.28
 51
176.135
  0
ARC
  8
APS_GEOMETRY
 10
2602.589
 20
-477.944
 40
15.562
 50
176.135
 51
178.367
  0
ARC
  8
APS_GEOMETRY
 10
2688.095
 20
-480.382
 40
101.103
 50
178.367
 51
179.242
  0
ARC
  8
APS_GEOMETRY
 10
2776.464
 20
-481.551
 40
189.479
 50
179.242
 51
179.709
  0
ARC
  8
APS_GEOMETRY
 10
3077.113
 20
-483.076
 40
490.132
 50
179.709
 51
180.0
  0
ARC
  8
APS_GEOMETRY
 10
2594.072
 20
-483.076
 40
7.091
 50
180.0
 51
195.027
  0
ARC
  8
APS_GEOMETRY
 10
2588.273
 20
-484.632
 40
1.086
 50
195.027
 51
234.058
  0
ARC
  8
APS_GEOMETRY
 10
2588.329
 20
-484.554
 40
1.183
 50
234.058
 51
253.191
  0
ARC
  8
APS_GEOMETRY
 10
2589.567
 20
-480.459
 40
5.461
 50
253.191
 51
262.063
  0
ARC
  8
APS_GEOMETRY
 10
2590.2
 20
-475.913
 40
10.05
 50
262.063
 51
266.949
  0
ARC
  8
APS_GEOMETRY
 10
2591.036
 20
-460.231
 40
25.755
 50
266.949
 51
270.0
  0
ARC
  8
APS_GEOMETRY
 10
2591.036
 20
-481.264
 40
4.722
 50
270.0
 51
286.007
  0
ARC
  8
APS_GEOMETRY
 10
2591.863
 20
-484.145
 40
1.725
 50
286.007
 51
312.647
  0
ARC
  8
APS_GEOMETRY
 10
2591.845
 20
-484.126
 40
1.75
 50
312.647
 51
338.993
  0
ARC
  8
APS_GEOMETRY
 10
2588.271
 20
-482.754
 40
5.58
 50
338.993
 51
353.66
  0
ARC
  8
APS_GEOMETRY
 10
2625.19
 20
-487.156
 40
31.601
 50
169.663
 51
173.118
  0
ARC
  8
APS_GEOMETRY
 10
2598.8
 20
-482.343
 40
4.776
 50
160.769
 51
169.663
  0
ARC
  8
APS_GEOMETRY
 10
2596.593
 20
-481.573
 40
2.439
 50
143.746
 51
160.769
  0
ARC
  8
APS_GEOMETRY
 10
2597.126
 20
-481.964
 40
3.1
 50
128.66
 51
143.746
  0
ARC
  8
APS_GEOMETRY
 10
2596.771
 20
-481.388
 40
2.429
 50
110.171
 51
130.601
  0
ARC
  8
APS_GEOMETRY
 10
2596.792
 20
-481.447
 40
2.492
 50
90.0
 51
110.171
  0
ARC
  8
APS_GEOMETRY
 10
2596.792
 20
-481.482
 40
2.527
 50
61.22
 51
90.0
  0
ARC
  8
APS_GEOMETRY
 10
2596.351
 20
-482.285
 40
3.443
 50
36.634
 51
61.22
  0
ARC
  8
APS_GEOMETRY
 10
2595.937
 20
-482.531
 40
3.923
 50
19.103
 51
35.91
  0
ARC
  8
APS_GEOMETRY
 10
2583.142
 20
-486.962
 40
17.463
 50
11.16
 51
19.103
  0
ARC
  8
APS_GEOMETRY
 10
2576.457
 20
-488.281
 40
24.277
 50
5.396
 51
11.16
  0
ARC
  8
APS_GEOMETRY
 10
2573.057
 20
-488.602
 40
27.692
 50
0.0
 51
5.396
  0
ARC
  8
APS_GEOMETRY
 10
2573.539
 20
-488.602
 40
27.21
 50
349.287
 51
0.0
  0
ARC
  8
APS_GEOMETRY
 10
2586.897
 20
-491.13
 40
13.615
 50
334.12
 51
349.287
  0
ARC
  8
APS_GEOMETRY
 10
2596.099
 20
-495.576
 40
3.396
 50
303.53
 51
333.853
  0
ARC
  8
APS_GEOMETRY
 10
2596.432
 20
-496.08
 40
2.791
 50
270.0
 51
303.53
  0
ARC
  8
APS_GEOMETRY
 10
2596.432
 20
-495.949
 40
2.922
 50
249.578
 51
270.0
  0
ARC
  8
APS_GEOMETRY
 10
2595.811
 20
-497.619
 40
1.14
 50
216.607
 51
249.578
  0
ARC
  8
APS_GEOMETRY
 10
2596.405
 20
-497.177
 40
1.881
 50
195.422
 51
216.607
  0
ARC
  8
APS_GEOMETRY
 10
2606.667
 20
-494.347
 40
12.526
 50
187.253
 51
195.422
  0
ARC
  8
APS_GEOMETRY
 10
2590.095
 20
-496.478
 40
4.183
 50
7.561
 51
49.434
  0
ARC
  8
APS_GEOMETRY
 10
2589.924
 20
-496.677
 40
4.445
 50
49.434
 51
90.0
  0
ARC
  8
APS_GEOMETRY
 10
2589.924
 20
-495.223
 40
2.991
 50
90.0
 51
115.224
  0
ARC
  8
APS_GEOMETRY
 10
2589.333
 20
-493.968
 40
1.603
 50
115.224
 51
149.931
  0
ARC
  8
APS_GEOMETRY
 10
2590.402
 20
-494.587
 40
2.838
 50
149.931
 51
171.111
  0
ARC
  8
APS_GEOMETRY
 10
2603.37
 20
-496.615
 40
15.963
 50
171.111
 51
180.0
  0
ARC
  8
APS_GEOMETRY
 10
2616.145
 20
-496.615
 40
28.739
 50
180.0
 51
183.062
  0
ARC
  8
APS_GEOMETRY
 10
2660.133
 20
-494.262
 40
72.789
 50
183.062
 51
184.986
  0
ARC
  8
APS_GEOMETRY
 10
2637.06
 20
-496.275
 40
49.629
 50
184.986
 51
187.804
  0
ARC
  8
APS_GEOMETRY
 10
2593.359
 20
-502.264
 40
5.52
 50
187.804
 51
196.26
  0
ARC
  8
APS_GEOMETRY
 10
2589.505
 20
-503.424
 40
1.496
 50
194.931
 51
230.024
  0
ARC
  8
APS_GEOMETRY
 10
2590.486
 20
-502.254
 40
3.022
 50
230.024
 51
254.511
  0
ARC
  8
APS_GEOMETRY
 10
2591.678
 20
-497.954
 40
7.485
 50
254.511
 51
265.219
  0
ARC
  8
APS_GEOMETRY
 10
2594.176
 20
-468.087
 40
37.456
 50
265.219
 51
270.0
  0
ARC
  8
APS_GEOMETRY
 10
2594.176
 20
-472.046
 40
33.497
 50
270.0
 51
274.186
  0
ARC
  8
APS_GEOMETRY
 10
2595.194
 20
-485.963
 40
19.543
 50
274.186
 51
279.668
  0
ARC
  8
APS_GEOMETRY
 10
2596.03
 20
-490.871
 40
14.564
 50
279.668
 51
286.991
  0
ARC
  8
APS_GEOMETRY
 10
2597.943
 20
-497.131
 40
8.018
 50
286.991
 51
296.866
  0
ARC
  8
APS_GEOMETRY
 10
2598.341
 20
-497.915
 40
7.139
 50
296.866
 51
318.366
  0
ARC
  8
APS_GEOMETRY
 10
2594.342
 20
-494.361
 40
12.489
 50
318.366
 51
334.581
  0
ARC
  8
APS_GEOMETRY
 10
2620.671
 20
-506.987
 40
16.711
 50
147.08
 51
154.231
  0
ARC
  8
APS_GEOMETRY
 10
2609.665
 20
-499.861
 40
3.599
 50
131.634
 51
147.08
  0
ARC
  8
APS_GEOMETRY
 10
2608.844
 20
-498.938
 40
2.364
 50
108.875
 51
131.634
  0
ARC
  8
APS_GEOMETRY
 10
2609.187
 20
-499.94
 40
3.423
 50
90.0
 51
108.875
  0
ARC
  8
APS_GEOMETRY
 10
2609.187
 20
-499.244
 40
2.727
 50
62.628
 51
90.0
  0
ARC
  8
APS_GEOMETRY
 10
2609.014
 20
-499.577
 40
3.103
 50
36.995
 51
62.628
  0
ARC
  8
APS_GEOMETRY
 10
2608.241
 20
-500.16
 40
4.071
 50
16.728
 51
36.995
  0
ARC
  8
APS_GEOMETRY
 10
2606.435
 20
-500.703
 40
5.956
 50
360.0
 51
16.728
  0
ARC
  8
APS_GEOMETRY
 10
2602.86
 20
-500.703
 40
9.532
 50
348.323
 51
360.0
  0
ARC
  8
APS_GEOMETRY
 10
2588.551
 20
-497.746
 40
24.143
 50
340.994
 51
348.323
  0
ARC
  8
APS_GEOMETRY
 10
2585.157
 20
-496.577
 40
27.733
 50
334.592
 51
340.994
  0
ARC
  8
APS_GEOMETRY
 10
2591.081
 20
-499.39
 40
21.175
 50
327.265
 51
334.592
  0
ARC
  8
APS_GEOMETRY
 10
2597.961
 20
-503.446
 40
13.198
 50
320.133
 51
325.923
  0
ARC
  8
APS_GEOMETRY
 10
2605.963
 20
-510.13
 40
2.771
 50
307.476
 51
320.133
  0
ARC
  8
APS_GEOMETRY
 10
2606.664
 20
-511.044
 40
1.619
 50
286.429
 51
307.476
  0
ARC
  8
APS_GEOMETRY
 10
2606.374
 20
-510.059
 40
2.646
 50
270.0
 51
286.429
  0
ARC
  8
APS_GEOMETRY
 10
2606.374
 20
-507.001
 40
5.704
 50
263.774
 51
270.0
  0
ARC
  8
APS_GEOMETRY
 10
2608.043
 20
-491.704
 40
21.092
 50
260.538
 51
263.774
  0
ARC
  8
APS_GEOMETRY
 10
2600.574
 20
-533.85
 40
21.713
 50
79.38
 51
84.987
  0
ARC
  8
APS_GEOMETRY
 10
2597.336
 20
-570.761
 40
58.766
 50
84.987
 51
88.394
  0
LINE
  8
APS_GEOMETRY
 10
2598.983
 11
2571.251
 20
-512.018
 21
-512.018
  0
ARC
  8
APS_GEOMETRY
 10
2571.251
 20
-506.214
 40
5.804
 50
254.103
 51
270.0
  0
ARC
  8
APS_GEOMETRY
 10
2570.433
 20
-509.084
 40
2.82
 50
231.216
 51
254.103
  0
ARC
  8
APS_GEOMETRY
 10
2570.098
 20
-509.502
 40
2.284
 50
203.795
 51
231.216
  0
ARC
  8
APS_GEOMETRY
 10
2570.77
 20
-509.206
 40
3.019
 50
180.0
 51
203.795
  0
ARC
  8
APS_GEOMETRY
 10
2571.024
 20
-509.206
 40
3.273
 50
164.055
 51
180.0
  0
ARC
  8
APS_GEOMETRY
 10
2569.008
 20
-508.629
 40
1.175
 50
137.291
 51
164.055
  0
ARC
  8
APS_GEOMETRY
 10
2569.614
 20
-509.19
 40
2.001
 50
120.964
 51
137.291
  0
ARC
  8
APS_GEOMETRY
 10
2576.115
 20
-520.024
 40
14.637
 50
114.944
 51
120.964
  0
ARC
  8
APS_GEOMETRY
 10
2568.0
 20
-502.27
 40
4.886
 50
293.429
 51
305.72
  0
ARC
  8
APS_GEOMETRY
 10
2569.344
 20
-504.139
 40
2.584
 50
305.72
 51
322.651
  0
ARC
  8
APS_GEOMETRY
 10
2569.135
 20
-503.98
 40
2.846
 50
322.651
 51
338.11
  0
ARC
  8
APS_GEOMETRY
 10
2565.077
 20
-502.349
 40
7.219
 50
338.11
 51
347.8
  0
ARC
  8
APS_GEOMETRY
 10
2539.877
 20
-496.825
 40
33.018
 50
347.672
 51
352.051
  0
ARC
  8
APS_GEOMETRY
 10
2515.484
 20
-493.419
 40
57.647
 50
352.051
 51
355.365
  0
ARC
  8
APS_GEOMETRY
 10
2499.057
 20
-492.088
 40
74.128
 50
355.365
 51
357.943
  0
ARC
  8
APS_GEOMETRY
 10
2456.647
 20
-490.565
 40
116.566
 50
357.943
 51
0.0
  0
ARC
  8
APS_GEOMETRY
 10
2407.695
 20
-490.565
 40
165.518
 50
0.0
 51
2.183
  0
ARC
  8
APS_GEOMETRY
 10
2506.67
 20
-486.791
 40
66.471
 50
2.183
 51
5.629
  0
ARC
  8
APS_GEOMETRY
 10
2536.154
 20
-483.885
 40
36.844
 50
5.629
 51
11.805
  0
ARC
  8
APS_GEOMETRY
 10
2564.77
 20
-477.904
 40
7.61
 50
11.805
 51
25.419
  0
ARC
  8
APS_GEOMETRY
 10
2568.474
 20
-476.223
 40
3.544
 50
26.565
 51
38.157
  0
ARC
  8
APS_GEOMETRY
 10
2570.118
 20
-474.931
 40
1.452
 50
38.157
 51
56.31
  0
ARC
  8
APS_GEOMETRY
 10
2569.77
 20
-475.452
 40
2.079
 50
56.31
 51
69.193
  0
ARC
  8
APS_GEOMETRY
 10
2564.89
 20
-488.294
 40
15.817
 50
69.193
 51
73.856
  0
ARC
  8
APS_GEOMETRY
 10
2570.038
 20
-470.587
 40
2.623
 50
216.87
 51
253.393
  0
ARC
  8
APS_GEOMETRY
 10
2570.0
 20
-470.616
 40
2.576
 50
180.0
 51
216.87
  0
ARC
  8
APS_GEOMETRY
 10
2570.562
 20
-470.616
 40
3.138
 50
161.565
 51
180.0
  0
ARC
  8
APS_GEOMETRY
 10
2570.449
 20
-470.578
 40
3.018
 50
142.765
 51
161.565
  0
ARC
  8
APS_GEOMETRY
 10
2570.377
 20
-470.523
 40
2.928
 50
123.425
 51
142.765
  0
ARC
  8
APS_GEOMETRY
 10
2570.442
 20
-470.622
 40
3.047
 50
104.47
 51
123.425
  0
ARC
  8
APS_GEOMETRY
 10
2571.022
 20
-473.484
 40
5.965
 50
96.724
 51
102.995
  0
ARC
  8
APS_GEOMETRY
 10
2572.823
 20
-488.76
 40
21.346
 50
93.411
 51
96.724
  0
ARC
  8
APS_GEOMETRY
 10
2573.623
 20
-502.181
 40
34.791
 50
91.375
 51
93.411
  0
ARC
  8
APS_GEOMETRY
 10
2574.619
 20
-543.681
 40
76.303
 50
90.0
 51
91.375
  0
LINE
  8
COSTRUZIONI
 10
3974.75
 11
5974.75
 20
-613.393
 21
-613.393
  0
LINE
  8
COSTRUZIONI
 10
5974.75
 11
5974.75
 20
-613.393
 21
-413.393
  0
LINE
  8
COSTRUZIONI
 10
5974.75
 11
3974.75
 20
-413.393
 21
-413.393
  0
LINE
  8
COSTRUZIONI
 10
3974.75
 11
3974.75
 20
-413.393
 21
-613.393
  0
LINE
  8
COSTRUZIONI
 10
4974.75
 11
4974.75
 20
-613.393
 21
-413.393
  0
LINE
  8
COSTRUZIONI
 10
4974.75
 11
5974.75
 20
-513.393
 21
-513.393
  0
LINE
  8
COSTRUZIONI
 10
5474.75
 11
5474.75
 20
-613.393
 21
-413.393
  0
LINE
  8
APS_GEOMETRY
 10
4037.435
 11
4054.67
 20
-467.378
 21
-467.378
  0
ARC
  8
APS_GEOMETRY
 10
4053.798
 20
-442.683
 40
24.711
 50
272.021
 51
278.44
  0
ARC
  8
APS_GEOMETRY
 10
4054.771
 20
-449.238
 40
18.083
 50
278.44
 51
285.945
  0
ARC
  8
APS_GEOMETRY
 10
4062.088
 20
-475.435
 40
9.118
 50
98.584
 51
104.931
  0
ARC
  8
APS_GEOMETRY
 10
4061.472
 20
-471.355
 40
4.991
 50
90.0
 51
98.584
  0
ARC
  8
APS_GEOMETRY
 10
4061.472
 20
-470.116
 40
3.752
 50
52.871
 51
90.0
  0
ARC
  8
APS_GEOMETRY
 10
4056.384
 20
-476.837
 40
12.182
 50
32.518
 51
52.871
  0
ARC
  8
APS_GEOMETRY
 10
4052.352
 20
-479.407
 40
16.963
 50
17.209
 51
32.518
  0
ARC
  8
APS_GEOMETRY
 10
4055.712
 20
-478.366
 40
13.445
 50
360.0
 51
17.209
  0
ARC
  8
APS_GEOMETRY
 10
4062.44
 20
-478.366
 40
6.717
 50
337.348
 51
360.0
  0
ARC
  8
APS_GEOMETRY
 10
4065.14
 20
-479.493
 40
3.792
 50
307.042
 51
337.348
  0
ARC
  8
APS_GEOMETRY
 10
4064.671
 20
-478.848
 40
4.589
 50
287.186
 51
306.87
  0
ARC
  8
APS_GEOMETRY
 10
4064.252
 20
-477.494
 40
6.006
 50
270.0
 51
287.186
  0
ARC
  8
APS_GEOMETRY
 10
4064.252
 20
-478.107
 40
5.393
 50
252.221
 51
270.0
  0
ARC
  8
APS_GEOMETRY
 10
4064.001
 20
-478.89
 40
4.571
 50
232.896
 51
252.221
  0
ARC
  8
APS_GEOMETRY
 10
4064.971
 20
-477.607
 40
6.18
 50
218.3
 51
232.896
  0
ARC
  8
APS_GEOMETRY
 10
4072.552
 20
-471.621
 40
15.839
 50
209.197
 51
218.3
  0
ARC
  8
APS_GEOMETRY
 10
4033.998
 20
-492.509
 40
28.012
 50
28.025
 51
32.699
  0
ARC
  8
APS_GEOMETRY
 10
4054.154
 20
-479.569
 40
4.06
 50
32.699
 51
45.0
  0
ARC
  8
APS_GEOMETRY
 10
4055.528
 20
-478.195
 40
2.116
 50
45.0
 51
67.557
  0
ARC
  8
APS_GEOMETRY
 10
4055.52
 20
-478.214
 40
2.137
 50
67.557
 51
90.0
  0
ARC
  8
APS_GEOMETRY
 10
4055.52
 20
-478.046
 40
1.969
 50
90.0
 51
120.801
  0
ARC
  8
APS_GEOMETRY
 10
4055.454
 20
-477.934
 40
1.839
 50
120.801
 51
152.7
  0
ARC
  8
APS_GEOMETRY
 10
4056.913
 20
-478.687
 40
3.481
 50
152.7
 51
171.085
  0
ARC
  8
APS_GEOMETRY
 10
4068.001
 20
-480.427
 40
14.705
 50
171.085
 51
180.0
  0
LINE
  8
APS_GEOMETRY
 10
4053.296
 11
4053.296
 20
-480.427
 21
-498.741
  0
ARC
  8
APS_GEOMETRY
 10
4072.723
 20
-498.741
 40
19.427
 50
180.0
 51
188.194
  0
ARC
  8
APS_GEOMETRY
 10
4058.216
 20
-500.83
 40
4.77
 50
188.194
 51
204.775
  0
ARC
  8
APS_GEOMETRY
 10
4056.806
 20
-501.48
 40
3.218
 50
204.775
 51
228.576
  0
ARC
  8
APS_GEOMETRY
 10
4058.129
 20
-499.982
 40
5.216
 50
228.576
 51
247.218
  0
ARC
  8
APS_GEOMETRY
 10
4050.46
 20
-518.054
 40
14.416
 50
59.381
 51
66.93
  0
ARC
  8
APS_GEOMETRY
 10
4056.121
 20
-508.488
 40
3.301
 50
43.568
 51
59.381
  0
ARC
  8
APS_GEOMETRY
 10
4057.027
 20
-507.627
 40
2.051
 50
19.041
 51
43.568
  0
ARC
  8
APS_GEOMETRY
 10
4055.768
 20
-508.061
 40
3.382
 50
360.0
 51
19.041
  0
ARC
  8
APS_GEOMETRY
 10
4056.403
 20
-508.061
 40
2.747
 50
317.66
 51
360.0
  0
ARC
  8
APS_GEOMETRY
 10
4053.88
 20
-505.763
 40
6.16
 50
289.747
 51
317.66
  0
ARC
  8
APS_GEOMETRY
 10
4051.768
 20
-499.878
 40
12.412
 50
281.964
 51
289.747
  0
ARC
  8
APS_GEOMETRY
 10
4048.841
 20
-486.066
 40
26.531
 50
276.643
 51
281.964
  0
ARC
  8
APS_GEOMETRY
 10
4047.609
 20
-475.49
 40
37.178
 50
272.836
 51
276.643
  0
ARC
  8
APS_GEOMETRY
 10
4046.134
 20
-445.714
 40
66.99
 50
270.0
 51
272.836
  0
ARC
  8
APS_GEOMETRY
 10
4046.134
 20
-427.265
 40
85.44
 50
267.283
 51
270.0
  0
ARC
  8
APS_GEOMETRY
 10
4044.34
 20
-465.068
 40
47.595
 50
263.643
 51
267.283
  0
ARC
  8
APS_GEOMETRY
 10
4042.838
 20
-478.551
 40
34.027
 50
258.563
 51
263.643
  0
ARC
  8
APS_GEOMETRY
 10
4039.249
 20
-496.291
 40
15.929
 50
251.136
 51
258.563
  0
ARC
  8
APS_GEOMETRY
 10
4036.045
 20
-505.584
 40
6.099
 50
222.558
 51
251.395
  0
ARC
  8
APS_GEOMETRY
 10
4033.668
 20
-507.767
 40
2.871
 50
180.0
 51
222.558
  0
ARC
  8
APS_GEOMETRY
 10
4033.188
 20
-507.767
 40
2.392
 50
150.642
 51
180.0
  0
ARC
  8
APS_GEOMETRY
 10
4033.38
 20
-507.874
 40
2.612
 50
122.574
 51
150.642
  0
ARC
  8
APS_GEOMETRY
 10
4032.873
 20
-507.292
 40
1.851
 50
108.677
 51
119.055
  0
ARC
  8
APS_GEOMETRY
 10
4055.988
 20
-575.676
 40
74.036
 50
107.038
 51
108.677
  0
ARC
  8
APS_GEOMETRY
 10
4033.434
 20
-501.912
 40
3.099
 50
286.144
 51
308.66
  0
ARC
  8
APS_GEOMETRY
 10
4033.941
 20
-502.546
 40
2.287
 50
308.66
 51
334.933
  0
ARC
  8
APS_GEOMETRY
 10
4031.877
 20
-501.581
 40
4.566
 50
334.933
 51
348.829
  0
ARC
  8
APS_GEOMETRY
 10
4006.051
 20
-496.481
 40
30.891
 50
348.829
 51
354.161
  0
ARC
  8
APS_GEOMETRY
 10
3988.595
 20
-494.681
 40
48.439
 50
354.144
 51
355.66
  0
ARC
  8
APS_GEOMETRY
 10
3911.219
 20
-488.809
 40
126.038
 50
355.66
 51
356.6
  0
ARC
  8
APS_GEOMETRY
 10
3852.07
 20
-485.296
 40
185.291
 50
356.6
 51
357.24
  0
ARC
  8
APS_GEOMETRY
 10
3684.245
 20
-477.204
 40
353.311
 50
357.24
 51
357.703
  0
ARC
  8
APS_GEOMETRY
 10
3700.765
 20
-477.867
 40
336.777
 50
357.703
 51
358.674
  0
ARC
  8
APS_GEOMETRY
 10
3856.597
 20
-481.473
 40
180.903
 50
358.674
 51
0.0
  0
ARC
  8
APS_GEOMETRY
 10
4010.691
 20
-481.473
 40
26.81
 50
0.0
 51
6.242
  0
ARC
  8
APS_GEOMETRY
 10
4032.01
 20
-479.141
 40
5.364
 50
6.242
 51
20.225
  0
ARC
  8
APS_GEOMETRY
 10
4034.965
 20
-478.053
 40
2.215
 50
20.225
 51
50.44
  0
ARC
  8
APS_GEOMETRY
 10
4035.538
 20
-477.358
 40
1.314
 50
50.44
 51
90.0
  0
ARC
  8
APS_GEOMETRY
 10
4035.538
 20
-477.807
 40
1.762
 50
90.0
 51
126.747
  0
ARC
  8
APS_GEOMETRY
 10
4038.028
 20
-481.141
 40
5.924
 50
126.747
 51
146.547
  0
ARC
  8
APS_GEOMETRY
 10
3994.041
 20
-452.229
 40
46.715
 50
324.255
 51
326.701
  0
ARC
  8
APS_GEOMETRY
 10
4012.664
 20
-465.633
 40
23.77
 50
320.826
 51
324.255
  0
ARC
  8
APS_GEOMETRY
 10
4018.75
 20
-470.592
 40
15.918
 50
315.722
 51
320.826
  0
ARC
  8
APS_GEOMETRY
 10
4025.744
 20
-477.412
 40
6.149
 50
307.504
 51
315.722
  0
ARC
  8
APS_GEOMETRY
 10
4025.099
 20
-476.551
 40
7.226
 50
291.306
 51
307.405
  0
ARC
  8
APS_GEOMETRY
 10
4026.218
 20
-479.42
 40
4.146
 50
270.0
 51
291.306
  0
ARC
  8
APS_GEOMETRY
 10
4026.218
 20
-479.687
 40
3.879
 50
245.532
 51
270.0
  0
ARC
  8
APS_GEOMETRY
 10
4026.189
 20
-479.752
 40
3.808
 50
220.833
 51
245.532
  0
ARC
  8
APS_GEOMETRY
 10
4026.582
 20
-479.412
 40
4.328
 50
198.684
 51
220.833
  0
ARC
  8
APS_GEOMETRY
 10
4028.223
 20
-478.857
 40
6.06
 50
180.0
 51
198.684
  0
ARC
  8
APS_GEOMETRY
 10
4032.07
 20
-478.857
 40
9.908
 50
168.408
 51
180.0
  0
ARC
  8
APS_GEOMETRY
 10
4038.423
 20
-480.16
 40
16.393
 50
159.402
 51
168.408
  0
ARC
  8
APS_GEOMETRY
 10
4040.386
 20
-480.898
 40
18.49
 50
151.39
 51
159.402
  0
ARC
  8
APS_GEOMETRY
 10
4039.984
 20
-480.678
 40
18.032
 50
143.276
 51
151.39
  0
ARC
  8
APS_GEOMETRY
 10
4034.934
 20
-476.902
 40
11.726
 50
124.216
 51
143.31
  0
ARC
  8
APS_GEOMETRY
 10
4030.437
 20
-470.288
 40
3.728
 50
90.0
 51
124.216
  0
ARC
  8
APS_GEOMETRY
 10
4030.437
 20
-471.945
 40
5.384
 50
82.725
 51
90.0
  0
ARC
  8
APS_GEOMETRY
 10
4030.016
 20
-475.24
 40
8.707
 50
77.005
 51
82.725
  0
ARC
  8
APS_GEOMETRY
 10
4042.864
 20
-413.294
 40
54.561
 50
258.486
 51
260.378
  0
ARC
  8
APS_GEOMETRY
 10
4037.36
 20
-445.758
 40
21.633
 50
260.378
 51
263.382
  0
ARC
  8
APS_GEOMETRY
 10
4036.89
 20
-449.816
 40
17.548
 50
263.382
 51
267.084
  0
ARC
  8
APS_GEOMETRY
 10
4037.435
 20
-439.105
 40
28.273
 50
267.084
 51
270.0
  0
ARC
  8
APS_GEOMETRY
 10
4097.162
 20
-492.244
 40
25.782
 50
71.91
 51
90.0
  0
ARC
  8
APS_GEOMETRY
 10
4098.161
 20
-489.187
 40
22.566
 50
52.561
 51
71.91
  0
ARC
  8
APS_GEOMETRY
 10
4097.899
 20
-489.263
 40
22.786
 50
38.846
 51
52.156
  0
ARC
  8
APS_GEOMETRY
 10
4094.327
 20
-492.14
 40
27.372
 50
26.707
 51
38.846
  0
ARC
  8
APS_GEOMETRY
 10
4095.034
 20
-491.562
 40
26.482
 50
13.868
 51
26.278
  0
ARC
  8
APS_GEOMETRY
 10
4100.134
 20
-490.303
 40
21.229
 50
360.0
 51
13.868
  0
ARC
  8
APS_GEOMETRY
 10
4100.464
 20
-490.303
 40
20.899
 50
339.712
 51
360.0
  0
ARC
  8
APS_GEOMETRY
 10
4099.288
 20
-489.868
 40
22.153
 50
320.013
 51
339.712
  0
ARC
  8
APS_GEOMETRY
 10
4099.093
 20
-489.761
 40
22.372
 50
303.344
 51
320.123
  0
ARC
  8
APS_GEOMETRY
 10
4096.797
 20
-486.271
 40
26.548
 50
287.949
 51
303.344
  0
ARC
  8
APS_GEOMETRY
 10
4096.043
 20
-483.656
 40
29.269
 50
279.039
 51
287.776
  0
ARC
  8
APS_GEOMETRY
 10
4096.345
 20
-485.555
 40
27.346
 50
270.0
 51
279.039
  0
ARC
  8
APS_GEOMETRY
 10
4096.345
 20
-486.89
 40
26.011
 50
257.728
 51
270.0
  0
ARC
  8
APS_GEOMETRY
 10
4096.386
 20
-486.702
 40
26.203
 50
245.501
 51
257.728
  0
ARC
  8
APS_GEOMETRY
 10
4094.913
 20
-489.925
 40
22.66
 50
228.665
 51
245.511
  0
ARC
  8
APS_GEOMETRY
 10
4094.423
 20
-490.482
 40
21.918
 50
211.535
 51
228.665
  0
ARC
  8
APS_GEOMETRY
 10
4095.065
 20
-490.01
 40
22.712
 50
195.642
 51
211.701
  0
ARC
  8
APS_GEOMETRY
 10
4096.239
 20
-489.682
 40
23.931
 50
180.0
 51
195.642
  0
ARC
  8
APS_GEOMETRY
 10
4096.49
 20
-489.682
 40
24.183
 50
162.181
 51
180.0
  0
ARC
  8
APS_GEOMETRY
 10
4094.284
 20
-488.972
 40
21.865
 50
143.434
 51
162.181
  0
ARC
  8
APS_GEOMETRY
 10
4093.987
 20
-488.735
 40
21.485
 50
126.384
 51
143.471
  0
ARC
  8
APS_GEOMETRY
 10
4096.021
 20
-491.495
 40
24.914
 50
110.525
 51
126.384
  0
ARC
  8
APS_GEOMETRY
 10
4095.92
 20
-490.746
 40
24.177
 50
99.77
 51
110.925
  0
ARC
  8
APS_GEOMETRY
 10
4097.162
 20
-497.958
 40
31.496
 50
90.0
 51
99.77
  0
ARC
  8
APS_GEOMETRY
 10
4094.055
 20
-480.655
 40
4.807
 50
90.0
 51
119.604
  0
ARC
  8
APS_GEOMETRY
 10
4094.476
 20
-481.396
 40
5.659
 50
119.604
 51
146.842
  0
ARC
  8
APS_GEOMETRY
 10
4095.323
 20
-482.09
 40
6.748
 50
145.84
 51
164.055
  0
ARC
  8
APS_GEOMETRY
 10
4097.284
 20
-482.65
 40
8.788
 50
164.055
 51
180.0
  0
ARC
  8
APS_GEOMETRY
 10
4109.548
 20
-482.65
 40
21.053
 50
180.0
 51
189.977
  0
ARC
  8
APS_GEOMETRY
 10
4128.2
 20
-479.369
 40
39.991
 50
189.977
 51
197.211
  0
ARC
  8
APS_GEOMETRY
 10
4132.279
 20
-478.106
 40
44.261
 50
197.211
 51
203.76
  0
ARC
  8
APS_GEOMETRY
 10
4122.117
 20
-482.58
 40
33.157
 50
203.76
 51
211.329
  0
ARC
  8
APS_GEOMETRY
 10
4101.249
 20
-495.103
 40
8.821
 50
212.32
 51
224.441
  0
ARC
  8
APS_GEOMETRY
 10
4100.393
 20
-495.942
 40
7.623
 50
224.441
 51
237.484
  0
ARC
  8
APS_GEOMETRY
 10
4099.84
 20
-496.809
 40
6.595
 50
237.484
 51
252.416
  0
ARC
  8
APS_GEOMETRY
 10
4099.288
 20
-498.553
 40
4.766
 50
252.416
 51
270.0
  0
ARC
  8
APS_GEOMETRY
 10
4099.288
 20
-497.988
 40
5.331
 50
270.0
 51
294.953
  0
ARC
  8
APS_GEOMETRY
 10
4099.437
 20
-498.309
 40
4.977
 50
294.953
 51
320.793
  0
ARC
  8
APS_GEOMETRY
 10
4098.637
 20
-497.655
 40
6.011
 50
320.793
 51
342.777
  0
ARC
  8
APS_GEOMETRY
 10
4095.069
 20
-496.549
 40
9.746
 50
342.777
 51
0.0
  0
ARC
  8
APS_GEOMETRY
 10
4078.308
 20
-496.549
 40
26.507
 50
0.0
 51
8.499
  0
ARC
  8
APS_GEOMETRY
 10
4066.64
 20
-498.293
 40
38.304
 50
8.499
 51
15.566
  0
ARC
  8
APS_GEOMETRY
 10
4068.043
 20
-497.902
 40
36.848
 50
15.566
 51
22.909
  0
ARC
  8
APS_GEOMETRY
 10
4080.107
 20
-492.804
 40
23.751
 50
22.909
 51
32.057
  0
ARC
  8
APS_GEOMETRY
 10
4089.583
 20
-486.834
 40
12.552
 50
31.921
 51
42.51
  0
ARC
  8
APS_GEOMETRY
 10
4092.185
 20
-484.449
 40
9.022
 50
42.51
 51
55.008
  0
ARC
  8
APS_GEOMETRY
 10
4093.064
 20
-483.194
 40
7.489
 50
55.008
 51
69.88
  0
ARC
  8
APS_GEOMETRY
 10
4093.852
 20
-481.042
 40
5.198
 50
69.88
 51
87.754
  0
ARC
  8
APS_GEOMETRY
 10
4145.583
 20
-482.445
 40
15.983
 50
83.923
 51
90.0
  0
ARC
  8
APS_GEOMETRY
 10
4144.297
 20
-494.521
 40
28.127
 50
79.342
 51
83.923
  0
ARC
  8
APS_GEOMETRY
 10
4142.747
 20
-502.761
 40
36.512
 50
75.808
 51
79.342
  0
ARC
  8
APS_GEOMETRY
 10
4137.336
 20
-524.156
 40
58.58
 50
73.018
 51
75.808
  0
ARC
  8
APS_GEOMETRY
 10
4156.387
 20
-461.663
 40
6.752
 50
253.288
 51
259.046
  0
ARC
  8
APS_GEOMETRY
 10
4155.459
 20
-466.457
 40
1.87
 50
259.046
 51
270.0
  0
ARC
  8
APS_GEOMETRY
 10
4155.459
 20
-467.217
 40
1.11
 50
270.0
 51
286.699
  0
ARC
  8
APS_GEOMETRY
 10
4146.586
 20
-437.639
 40
31.989
 50
286.699
 51
289.799
  0
ARC
  8
APS_GEOMETRY
 10
4158.476
 20
-470.549
 40
3.002
 50
100.008
 51
110.556
  0
ARC
  8
APS_GEOMETRY
 10
4158.534
 20
-470.876
 40
3.334
 50
90.0
 51
100.008
  0
ARC
  8
APS_GEOMETRY
 10
4158.534
 20
-470.721
 40
3.179
 50
53.356
 51
90.0
  0
ARC
  8
APS_GEOMETRY
 10
4152.98
 20
-478.187
 40
12.484
 50
35.101
 51
53.356
  0
ARC
  8
APS_GEOMETRY
 10
4150.209
 20
-480.134
 40
15.871
 50
20.245
 51
35.101
  0
ARC
  8
APS_GEOMETRY
 10
4157.042
 20
-477.614
 40
8.588
 50
360.0
 51
20.245
  0
ARC
  8
APS_GEOMETRY
 10
4160.48
 20
-477.614
 40
5.15
 50
340.481
 51
360.0
  0
ARC
  8
APS_GEOMETRY
 10
4161.328
 20
-477.915
 40
4.25
 50
318.972
 51
340.481
  0
ARC
  8
APS_GEOMETRY
 10
4161.707
 20
-478.244
 40
3.748
 50
295.017
 51
318.972
  0
ARC
  8
APS_GEOMETRY
 10
4161.837
 20
-478.522
 40
3.442
 50
270.0
 51
295.017
  0
ARC
  8
APS_GEOMETRY
 10
4161.837
 20
-476.678
 40
5.285
 50
256.171
 51
270.0
  0
ARC
  8
APS_GEOMETRY
 10
4161.26
 20
-479.019
 40
2.874
 50
237.381
 51
256.171
  0
ARC
  8
APS_GEOMETRY
 10
4162.281
 20
-477.425
 40
4.768
 50
231.559
 51
237.381
  0
ARC
  8
APS_GEOMETRY
 10
4177.124
 20
-458.725
 40
28.642
 50
229.185
 51
231.559
  0
ARC
  8
APS_GEOMETRY
 10
4193.031
 20
-440.306
 40
52.979
 50
227.9
 51
229.185
  0
ARC
  8
APS_GEOMETRY
 10
4248.084
 20
-379.378
 40
135.095
 50
227.095
 51
227.9
  0
ARC
  8
APS_GEOMETRY
 10
4144.721
 20
-490.54
 40
16.696
 50
46.975
 51
64.612
  0
ARC
  8
APS_GEOMETRY
 10
4148.396
 20
-482.797
 40
8.127
 50
64.612
 51
90.0
  0
ARC
  8
APS_GEOMETRY
 10
4148.396
 20
-480.527
 40
5.856
 50
90.0
 51
106.966
  0
ARC
  8
APS_GEOMETRY
 10
4147.717
 20
-478.303
 40
3.531
 50
106.966
 51
128.868
  0
ARC
  8
APS_GEOMETRY
 10
4147.324
 20
-477.816
 40
2.905
 50
128.868
 51
154.741
  0
ARC
  8
APS_GEOMETRY
 10
4147.451
 20
-477.876
 40
3.046
 50
154.741
 51
180.0
  0
ARC
  8
APS_GEOMETRY
 10
4147.267
 20
-477.876
 40
2.861
 50
180.0
 51
206.64
  0
ARC
  8
APS_GEOMETRY
 10
4148.187
 20
-477.414
 40
3.891
 50
206.64
 51
229.43
  0
ARC
  8
APS_GEOMETRY
 10
4149.663
 20
-475.691
 40
6.159
 50
229.43
 51
244.493
  0
ARC
  8
APS_GEOMETRY
 10
4153.708
 20
-467.211
 40
15.554
 50
244.493
 51
253.956
  0
ARC
  8
APS_GEOMETRY
 10
4081.637
 20
-712.14
 40
239.758
 50
72.737
 51
73.58
  0
ARC
  8
APS_GEOMETRY
 10
4122.941
 20
-579.225
 40
100.573
 50
71.435
 51
72.737
  0
ARC
  8
APS_GEOMETRY
 10
4136.622
 20
-538.49
 40
57.603
 50
69.164
 51
71.435
  0
ARC
  8
APS_GEOMETRY
 10
4152.766
 20
-496.068
 40
12.212
 50
64.231
 51
69.164
  0
ARC
  8
APS_GEOMETRY
 10
4150.91
 20
-499.807
 40
16.387
 50
34.939
 51
64.068
  0
ARC
  8
APS_GEOMETRY
 10
4154.917
 20
-497.007
 40
11.498
 50
360.0
 51
34.939
  0
ARC
  8
APS_GEOMETRY
 10
4152.453
 20
-497.007
 40
13.962
 50
333.435
 51
360.0
  0
ARC
  8
APS_GEOMETRY
 10
4151.541
 20
-496.551
 40
14.982
 50
307.807
 51
333.435
  0
ARC
  8
APS_GEOMETRY
 10
4149.165
 20
-493.478
 40
18.866
 50
296.732
 51
307.786
  0
ARC
  8
APS_GEOMETRY
 10
4147.76
 20
-490.688
 40
21.99
 50
286.496
 51
296.732
  0
ARC
  8
APS_GEOMETRY
 10
4146.835
 20
-487.562
 40
25.25
 50
277.544
 51
286.496
  0
ARC
  8
APS_GEOMETRY
 10
4145.485
 20
-477.372
 40
35.53
 50
270.0
 51
277.544
  0
ARC
  8
APS_GEOMETRY
 10
4145.485
 20
-475.83
 40
37.071
 50
263.555
 51
270.0
  0
ARC
  8
APS_GEOMETRY
 10
4146.685
 20
-465.206
 40
47.762
 50
257.878
 51
263.555
  0
ARC
  8
APS_GEOMETRY
 10
4146.048
 20
-468.172
 40
44.729
 50
254.839
 51
257.878
  0
ARC
  8
APS_GEOMETRY
 10
4140.881
 20
-487.24
 40
24.974
 50
250.772
 51
254.839
  0
ARC
  8
APS_GEOMETRY
 10
4138.558
 20
-493.902
 40
17.918
 50
245.121
 51
250.772
  0
ARC
  8
APS_GEOMETRY
 10
4134.624
 20
-502.384
 40
8.568
 50
236.944
 51
245.121
  0
ARC
  8
APS_GEOMETRY
 10
4132.304
 20
-506.035
 40
4.243
 50
211.802
 51
236.31
  0
ARC
  8
APS_GEOMETRY
 10
4143.329
 20
-499.199
 40
17.215
 50
199.704
 51
211.802
  0
ARC
  8
APS_GEOMETRY
 10
4148.594
 20
-497.313
 40
22.807
 50
190.413
 51
199.704
  0
ARC
  8
APS_GEOMETRY
 10
4144.031
 20
-498.152
 40
18.168
 50
180.0
 51
190.413
  0
ARC
  8
APS_GEOMETRY
 10
4131.731
 20
-498.152
 40
5.869
 50
164.876
 51
180.0
  0
ARC
  8
APS_GEOMETRY
 10
4128.425
 20
-497.258
 40
2.443
 50
141.34
 51
164.876
  0
ARC
  8
APS_GEOMETRY
 10
4128.745
 20
-497.472
 40
2.827
 50
116.928
 51
142.001
  0
ARC
  8
APS_GEOMETRY
 10
4128.577
 20
-497.143
 40
2.457
 50
90.0
 51
116.928
  0
ARC
  8
APS_GEOMETRY
 10
4128.577
 20
-497.149
 40
2.464
 50
62.21
 51
90.0
  0
ARC
  8
APS_GEOMETRY
 10
4127.594
 20
-499.015
 40
4.573
 50
41.906
 51
62.21
  0
ARC
  8
APS_GEOMETRY
 10
4127.76
 20
-499.05
 40
4.475
 50
37.313
 51
43.668
  0
ARC
  8
APS_GEOMETRY
 10
4102.693
 20
-518.156
 40
35.993
 50
35.074
 51
37.313
  0
ARC
  8
APS_GEOMETRY
 10
4074.225
 20
-538.144
 40
70.777
 50
33.934
 51
35.074
  0
ARC
  8
APS_GEOMETRY
 10
3972.728
 20
-606.434
 40
193.11
 50
33.243
 51
33.934
  0
ARC
  8
APS_GEOMETRY
 10
4139.847
 20
-496.864
 40
6.727
 50
213.453
 51
231.637
  0
ARC
  8
APS_GEOMETRY
 10
4143.026
 20
-492.848
 40
11.848
 50
231.637
 51
245.313
  0
ARC
  8
APS_GEOMETRY
 10
4143.726
 20
-491.325
 40
13.524
 50
245.313
 51
257.398
  0
ARC
  8
APS_GEOMETRY
 10
4143.49
 20
-492.38
 40
12.443
 50
257.398
 51
270.0
  0
ARC
  8
APS_GEOMETRY
 10
4143.49
 20
-494.318
 40
10.506
 50
270.0
 51
282.907
  0
ARC
  8
APS_GEOMETRY
 10
4144.62
 20
-499.251
 40
5.445
 50
282.907
 51
300.872
  0
ARC
  8
APS_GEOMETRY
 10
4145.601
 20
-500.89
 40
3.535
 50
300.872
 51
326.876
  0
ARC
  8
APS_GEOMETRY
 10
4146.717
 20
-501.618
 40
2.202
 50
326.876
 51
0.0
  0
ARC
  8
APS_GEOMETRY
 10
4146.388
 20
-501.618
 40
2.531
 50
0.0
 51
27.553
  0
ARC
  8
APS_GEOMETRY
 10
4145.587
 20
-502.036
 40
3.434
 50
27.553
 51
51.147
  0
ARC
  8
APS_GEOMETRY
 10
4143.933
 20
-504.09
 40
6.071
 50
51.147
 51
65.225
  0
ARC
  8
APS_GEOMETRY
 10
4137.829
 20
-517.314
 40
20.636
 50
65.225
 51
72.848
  0
ARC
  8
APS_GEOMETRY
 10
4173.471
 20
-403.675
 40
98.462
 50
251.106
 51
252.532
  0
ARC
  8
APS_GEOMETRY
 10
4160.855
 20
-440.536
 40
59.501
 50
249.271
 51
251.106
  0
ARC
  8
APS_GEOMETRY
 10
4155.61
 20
-454.395
 40
44.683
 50
246.83
 51
249.271
  0
ARC
  8
APS_GEOMETRY
 10
4147.126
 20
-474.218
 40
23.121
 50
243.435
 51
246.83
  0
ARC
  8
APS_GEOMETRY
 10
4146.16
 20
-476.149
 40
20.961
 50
235.981
 51
243.435
  0
ARC
  8
APS_GEOMETRY
 10
4146.902
 20
-475.051
 40
22.287
 50
228.752
 51
235.981
  0
ARC
  8
APS_GEOMETRY
 10
4143.427
 20
-479.145
 40
16.918
 50
206.421
 51
228.457
  0
ARC
  8
APS_GEOMETRY
 10
4138.873
 20
-481.408
 40
11.833
 50
180.0
 51
206.421
  0
ARC
  8
APS_GEOMETRY
 10
4139.088
 20
-481.408
 40
12.047
 50
166.555
 51
180.0
  0
ARC
  8
APS_GEOMETRY
 10
4140.483
 20
-481.741
 40
13.482
 50
153.848
 51
166.555
  0
ARC
  8
APS_GEOMETRY
 10
4140.599
 20
-481.798
 40
13.611
 50
141.244
 51
153.848
  0
ARC
  8
APS_GEOMETRY
 10
4141.459
 20
-482.489
 40
14.714
 50
129.123
 51
141.244
  0
ARC
  8
APS_GEOMETRY
 10
4144.212
 20
-485.416
 40
18.725
 50
108.978
 51
130.006
  0
ARC
  8
APS_GEOMETRY
 10
4145.583
 20
-489.402
 40
22.94
 50
90.0
 51
108.978
  0
ARC
  8
APS_GEOMETRY
 10
4195.574
 20
-487.726
 40
21.264
 50
77.257
 51
90.0
  0
ARC
  8
APS_GEOMETRY
 10
4195.358
 20
-488.681
 40
22.243
 50
64.799
 51
77.257
  0
ARC
  8
APS_GEOMETRY
 10
4213.675
 20
-449.683
 40
20.843
 50
244.885
 51
251.175
  0
ARC
  8
APS_GEOMETRY
 10
4207.707
 20
-467.19
 40
2.346
 50
251.175
 51
270.0
  0
ARC
  8
APS_GEOMETRY
 10
4207.707
 20
-465.73
 40
3.806
 50
270.0
 51
278.82
  0
ARC
  8
APS_GEOMETRY
 10
4205.247
 20
-449.882
 40
19.844
 50
278.82
 51
282.68
  0
ARC
  8
APS_GEOMETRY
 10
4210.393
 20
-472.663
 40
3.511
 50
95.906
 51
102.995
  0
ARC
  8
APS_GEOMETRY
 10
4210.552
 20
-474.199
 40
5.055
 50
90.0
 51
95.906
  0
ARC
  8
APS_GEOMETRY
 10
4210.552
 20
-472.499
 40
3.356
 50
62.447
 51
90.0
  0
ARC
  8
APS_GEOMETRY
 10
4209.955
 20
-473.643
 40
4.645
 50
39.094
 51
62.447
  0
ARC
  8
APS_GEOMETRY
 10
4203.721
 20
-478.857
 40
12.772
 50
18.435
 51
39.611
  0
ARC
  8
APS_GEOMETRY
 10
4199.894
 20
-480.132
 40
16.806
 50
360.0
 51
18.435
  0
ARC
  8
APS_GEOMETRY
 10
4208.367
 20
-480.132
 40
8.333
 50
334.877
 51
360.0
  0
ARC
  8
APS_GEOMETRY
 10
4210.873
 20
-481.308
 40
5.565
 50
304.007
 51
334.877
  0
ARC
  8
APS_GEOMETRY
 10
4210.832
 20
-481.19
 40
5.686
 50
286.39
 51
303.69
  0
ARC
  8
APS_GEOMETRY
 10
4210.65
 20
-480.571
 40
6.33
 50
270.0
 51
286.39
  0
ARC
  8
APS_GEOMETRY
 10
4210.65
 20
-480.645
 40
6.257
 50
255.155
 51
270.0
  0
ARC
  8
APS_GEOMETRY
 10
4209.964
 20
-483.231
 40
3.581
 50
235.491
 51
255.155
  0
ARC
  8
APS_GEOMETRY
 10
4210.308
 20
-482.731
 40
4.189
 50
218.48
 51
235.491
  0
ARC
  8
APS_GEOMETRY
 10
4215.929
 20
-478.263
 40
11.369
 50
208.179
 51
218.48
  0
ARC
  8
APS_GEOMETRY
 10
4158.305
 20
-509.542
 40
54.198
 50
28.56
 51
31.664
  0
ARC
  8
APS_GEOMETRY
 10
4193.517
 20
-487.825
 40
12.827
 50
31.664
 51
38.047
  0
ARC
  8
APS_GEOMETRY
 10
4196.077
 20
-485.822
 40
9.576
 50
38.047
 51
46.56
  0
ARC
  8
APS_GEOMETRY
 10
4194.747
 20
-487.227
 40
11.512
 50
46.56
 51
54.324
  0
ARC
  8
APS_GEOMETRY
 10
4193.978
 20
-488.548
 40
13.034
 50
54.968
 51
71.48
  0
ARC
  8
APS_GEOMETRY
 10
4194.821
 20
-486.032
 40
10.38
 50
71.48
 51
90.0
  0
ARC
  8
APS_GEOMETRY
 10
4194.821
 20
-482.902
 40
7.251
 50
90.0
 51
114.63
  0
ARC
  8
APS_GEOMETRY
 10
4194.457
 20
-482.108
 40
6.377
 50
114.63
 51
140.921
  0
ARC
  8
APS_GEOMETRY
 10
4195.533
 20
-482.982
 40
7.763
 50
140.921
 51
163.13
  0
ARC
  8
APS_GEOMETRY
 10
4200.91
 20
-484.613
 40
13.382
 50
163.13
 51
180.0
  0
ARC
  8
APS_GEOMETRY
 10
4207.884
 20
-484.613
 40
20.355
 50
180.0
 51
195.44
  0
ARC
  8
APS_GEOMETRY
 10
4206.826
 20
-484.905
 40
19.258
 50
195.44
 51
211.316
  0
ARC
  8
APS_GEOMETRY
 10
4201.737
 20
-487.894
 40
13.357
 50
211.708
 51
240.457
  0
ARC
  8
APS_GEOMETRY
 10
4201.395
 20
-488.497
 40
12.663
 50
240.457
 51
270.0
  0
ARC
  8
APS_GEOMETRY
 10
4201.395
 20
-485.41
 40
15.751
 50
270.0
 51
279.549
  0
ARC
  8
APS_GEOMETRY
 10
4201.199
 20
-484.246
 40
16.931
 50
279.549
 51
288.759
  0
ARC
  8
APS_GEOMETRY
 10
4202.024
 20
-486.676
 40
14.364
 50
288.759
 51
299.545
  0
ARC
  8
APS_GEOMETRY
 10
4205.334
 20
-492.515
 40
7.652
 50
299.545
 51
314.341
  0
ARC
  8
APS_GEOMETRY
 10
4215.569
 20
-503.146
 40
7.105
 50
120.141
 51
133.452
  0
ARC
  8
APS_GEOMETRY
 10
4212.71
 20
-498.223
 40
1.412
 50
90.0
 51
120.141
  0
ARC
  8
APS_GEOMETRY
 10
4212.71
 20
-499.041
 40
2.23
 50
61.952
 51
90.0
  0
ARC
  8
APS_GEOMETRY
 10
4212.378
 20
-499.664
 40
2.936
 50
37.569
 51
61.952
  0
ARC
  8
APS_GEOMETRY
 10
4211.759
 20
-500.14
 40
3.717
 50
17.665
 51
37.569
  0
ARC
  8
APS_GEOMETRY
 10
4210.814
 20
-500.441
 40
4.709
 50
360.0
 51
17.665
  0
ARC
  8
APS_GEOMETRY
 10
4208.442
 20
-500.441
 40
7.081
 50
344.932
 51
360.0
  0
ARC
  8
APS_GEOMETRY
 10
4202.144
 20
-498.745
 40
13.603
 50
334.075
 51
344.932
  0
ARC
  8
APS_GEOMETRY
 10
4201.946
 20
-498.649
 40
13.823
 50
323.374
 51
334.075
  0
ARC
  8
APS_GEOMETRY
 10
4206.01
 20
-501.67
 40
8.76
 50
309.92
 51
323.374
  0
ARC
  8
APS_GEOMETRY
 10
4210.071
 20
-506.461
 40
2.48
 50
289.026
 51
308.991
  0
ARC
  8
APS_GEOMETRY
 10
4205.738
 20
-493.895
 40
15.771
 50
281.143
 51
289.026
  0
ARC
  8
APS_GEOMETRY
 10
4210.132
 20
-516.677
 40
7.431
 50
100.437
 51
110.12
  0
ARC
  8
APS_GEOMETRY
 10
4215.953
 20
-532.567
 40
24.353
 50
110.12
 51
115.463
  0
ARC
  8
APS_GEOMETRY
 10
4195.172
 20
-489.086
 40
23.838
 50
282.94
 51
295.628
  0
ARC
  8
APS_GEOMETRY
 10
4195.377
 20
-489.98
 40
22.921
 50
270.0
 51
282.94
  0
ARC
  8
APS_GEOMETRY
 10
4195.377
 20
-488.626
 40
24.275
 50
257.307
 51
270.0
  0
ARC
  8
APS_GEOMETRY
 10
4196.402
 20
-484.077
 40
28.939
 50
245.686
 51
257.307
  0
ARC
  8
APS_GEOMETRY
 10
4193.832
 20
-489.718
 40
22.739
 50
228.801
 51
245.735
  0
ARC
  8
APS_GEOMETRY
 10
4193.875
 20
-489.669
 40
22.805
 50
211.891
 51
228.801
  0
ARC
  8
APS_GEOMETRY
 10
4195.223
 20
-488.699
 40
24.462
 50
196.728
 51
212.152
  0
ARC
  8
APS_GEOMETRY
 10
4191.735
 20
-489.747
 40
20.82
 50
180.0
 51
196.728
  0
ARC
  8
APS_GEOMETRY
 10
4192.242
 20
-489.747
 40
21.327
 50
161.184
 51
180.0
  0
ARC
  8
APS_GEOMETRY
 10
4193.61
 20
-490.213
 40
22.773
 50
142.98
 51
161.184
  0
ARC
  8
APS_GEOMETRY
 10
4194.674
 20
-491.028
 40
24.112
 50
127.824
 51
142.958
  0
ARC
  8
APS_GEOMETRY
 10
4196.428
 20
-493.287
 40
26.973
 50
113.52
 51
127.824
  0
ARC
  8
APS_GEOMETRY
 10
4195.858
 20
-491.968
 40
25.535
 50
101.927
 51
113.527
  0
ARC
  8
APS_GEOMETRY
 10
4195.574
 20
-490.623
 40
24.161
 50
90.0
 51
101.927
  0
ARC
  8
APS_GEOMETRY
 10
4246.055
 20
-492.244
 40
25.782
 50
71.91
 51
90.0
  0
ARC
  8
APS_GEOMETRY
 10
4247.053
 20
-489.187
 40
22.566
 50
52.561
 51
71.91
  0
ARC
  8
APS_GEOMETRY
 10
4246.792
 20
-489.263
 40
22.786
 50
38.846
 51
52.156
  0
ARC
  8
APS_GEOMETRY
 10
4243.22
 20
-492.14
 40
27.372
 50
26.707
 51
38.846
  0
ARC
  8
APS_GEOMETRY
 10
4243.927
 20
-491.562
 40
26.482
 50
13.868
 51
26.278
  0
ARC
  8
APS_GEOMETRY
 10
4249.026
 20
-490.303
 40
21.229
 50
360.0
 51
13.868
  0
ARC
  8
APS_GEOMETRY
 10
4249.357
 20
-490.303
 40
20.899
 50
339.712
 51
360.0
  0
ARC
  8
APS_GEOMETRY
 10
4248.18
 20
-489.868
 40
22.153
 50
320.013
 51
339.712
  0
ARC
  8
APS_GEOMETRY
 10
4247.985
 20
-489.761
 40
22.372
 50
303.344
 51
320.123
  0
ARC
  8
APS_GEOMETRY
 10
4245.689
 20
-486.271
 40
26.548
 50
287.949
 51
303.344
  0
ARC
  8
APS_GEOMETRY
 10
4244.935
 20
-483.656
 40
29.269
 50
279.039
 51
287.776
  0
ARC
  8
APS_GEOMETRY
 10
4245.237
 20
-485.555
 40
27.346
 50
270.0
 51
279.039
  0
ARC
  8
APS_GEOMETRY
 10
4245.237
 20
-486.89
 40
26.011
 50
257.728
 51
270.0
  0
ARC
  8
APS_GEOMETRY
 10
4245.278
 20
-486.702
 40
26.203
 50
245.501
 51
257.728
  0
ARC
  8
APS_GEOMETRY
 10
4243.805
 20
-489.925
 40
22.66
 50
228.665
 51
245.511
  0
ARC
  8
APS_GEOMETRY
 10
4243.316
 20
-490.482
 40
21.918
 50
211.535
 51
228.665
  0
ARC
  8
APS_GEOMETRY
 10
4243.957
 20
-490.01
 40
22.712
 50
195.642
 51
211.701
  0
ARC
  8
APS_GEOMETRY
 10
4245.131
 20
-489.682
 40
23.931
 50
180.0
 51
195.642
  0
ARC
  8
APS_GEOMETRY
 10
4245.383
 20
-489.682
 40
24.183
 50
162.181
 51
180.0
  0
ARC
  8
APS_GEOMETRY
 10
4243.176
 20
-488.972
 40
21.865
 50
143.434
 51
162.181
  0
ARC
  8
APS_GEOMETRY
 10
4242.879
 20
-488.735
 40
21.485
 50
126.384
 51
143.471
  0
ARC
  8
APS_GEOMETRY
 10
4244.914
 20
-491.495
 40
24.914
 50
110.525
 51
126.384
  0
ARC
  8
APS_GEOMETRY
 10
4244.813
 20
-490.746
 40
24.177
 50
99.77
 51
110.925
  0
ARC
  8
APS_GEOMETRY
 10
4246.055
 20
-497.958
 40
31.496
 50
90.0
 51
99.77
  0
ARC
  8
APS_GEOMETRY
 10
4242.948
 20
-480.655
 40
4.807
 50
90.0
 51
119.604
  0
ARC
  8
APS_GEOMETRY
 10
4243.369
 20
-481.396
 40
5.659
 50
119.604
 51
146.842
  0
ARC
  8
APS_GEOMETRY
 10
4244.215
 20
-482.09
 40
6.748
 50
145.84
 51
164.055
  0
ARC
  8
APS_GEOMETRY
 10
4246.176
 20
-482.65
 40
8.788
 50
164.055
 51
180.0
  0
ARC
  8
APS_GEOMETRY
 10
4258.441
 20
-482.65
 40
21.053
 50
180.0
 51
189.977
  0
ARC
  8
APS_GEOMETRY
 10
4277.092
 20
-479.369
 40
39.991
 50
189.977
 51
197.211
  0
ARC
  8
APS_GEOMETRY
 10
4281.172
 20
-478.106
 40
44.261
 50
197.211
 51
203.76
  0
ARC
  8
APS_GEOMETRY
 10
4271.009
 20
-482.58
 40
33.157
 50
203.76
 51
211.329
  0
ARC
  8
APS_GEOMETRY
 10
4250.141
 20
-495.103
 40
8.821
 50
212.32
 51
224.441
  0
ARC
  8
APS_GEOMETRY
 10
4249.286
 20
-495.942
 40
7.623
 50
224.441
 51
237.484
  0
ARC
  8
APS_GEOMETRY
 10
4248.733
 20
-496.809
 40
6.595
 50
237.484
 51
252.416
  0
ARC
  8
APS_GEOMETRY
 10
4248.18
 20
-498.553
 40
4.766
 50
252.416
 51
270.0
  0
ARC
  8
APS_GEOMETRY
 10
4248.18
 20
-497.988
 40
5.331
 50
270.0
 51
294.953
  0
ARC
  8
APS_GEOMETRY
 10
4248.33
 20
-498.309
 40
4.977
 50
294.953
 51
320.793
  0
ARC
  8
APS_GEOMETRY
 10
4247.529
 20
-497.655
 40
6.011
 50
320.793
 51
342.777
  0
ARC
  8
APS_GEOMETRY
 10
4243.961
 20
-496.549
 40
9.746
 50
342.777
 51
0.0
  0
ARC
  8
APS_GEOMETRY
 10
4227.2
 20
-496.549
 40
26.507
 50
0.0
 51
8.499
  0
ARC
  8
APS_GEOMETRY
 10
4215.533
 20
-498.293
 40
38.304
 50
8.499
 51
15.566
  0
ARC
  8
APS_GEOMETRY
 10
4216.936
 20
-497.902
 40
36.848
 50
15.566
 51
22.909
  0
ARC
  8
APS_GEOMETRY
 10
4228.999
 20
-492.804
 40
23.751
 50
22.909
 51
32.057
  0
ARC
  8
APS_GEOMETRY
 10
4238.475
 20
-486.834
 40
12.552
 50
31.921
 51
42.51
  0
ARC
  8
APS_GEOMETRY
 10
4241.077
 20
-484.449
 40
9.022
 50
42.51
 51
55.008
  0
ARC
  8
APS_GEOMETRY
 10
4241.956
 20
-483.194
 40
7.489
 50
55.008
 51
69.88
  0
ARC
  8
APS_GEOMETRY
 10
4242.744
 20
-481.042
 40
5.198
 50
69.88
 51
87.754
  0
ARC
  8
APS_GEOMETRY
 10
4299.414
 20
-487.726
 40
21.264
 50
77.257
 51
90.0
  0
ARC
  8
APS_GEOMETRY
 10
4299.198
 20
-488.681
 40
22.243
 50
64.799
 51
77.257
  0
ARC
  8
APS_GEOMETRY
 10
4317.515
 20
-449.683
 40
20.843
 50
244.885
 51
251.175
  0
ARC
  8
APS_GEOMETRY
 10
4311.547
 20
-467.19
 40
2.346
 50
251.175
 51
270.0
  0
ARC
  8
APS_GEOMETRY
 10
4311.547
 20
-465.73
 40
3.806
 50
270.0
 51
278.82
  0
ARC
  8
APS_GEOMETRY
 10
4309.088
 20
-449.882
 40
19.844
 50
278.82
 51
282.68
  0
ARC
  8
APS_GEOMETRY
 10
4314.233
 20
-472.663
 40
3.511
 50
95.906
 51
102.995
  0
ARC
  8
APS_GEOMETRY
 10
4314.392
 20
-474.199
 40
5.055
 50
90.0
 51
95.906
  0
ARC
  8
APS_GEOMETRY
 10
4314.392
 20
-472.499
 40
3.356
 50
62.447
 51
90.0
  0
ARC
  8
APS_GEOMETRY
 10
4313.795
 20
-473.643
 40
4.645
 50
39.094
 51
62.447
  0
ARC
  8
APS_GEOMETRY
 10
4307.561
 20
-478.857
 40
12.772
 50
18.435
 51
39.611
  0
ARC
  8
APS_GEOMETRY
 10
4303.734
 20
-480.132
 40
16.806
 50
360.0
 51
18.435
  0
ARC
  8
APS_GEOMETRY
 10
4312.207
 20
-480.132
 40
8.333
 50
334.877
 51
360.0
  0
ARC
  8
APS_GEOMETRY
 10
4314.713
 20
-481.308
 40
5.565
 50
304.007
 51
334.877
  0
ARC
  8
APS_GEOMETRY
 10
4314.672
 20
-481.19
 40
5.686
 50
286.39
 51
303.69
  0
ARC
  8
APS_GEOMETRY
 10
4314.49
 20
-480.571
 40
6.33
 50
270.0
 51
286.39
  0
ARC
  8
APS_GEOMETRY
 10
4314.49
 20
-480.645
 40
6.257
 50
255.155
 51
270.0
  0
ARC
  8
APS_GEOMETRY
 10
4313.805
 20
-483.231
 40
3.581
 50
235.491
 51
255.155
  0
ARC
  8
APS_GEOMETRY
 10
4314.149
 20
-482.731
 40
4.189
 50
218.48
 51
235.491
  0
ARC
  8
APS_GEOMETRY
 10
4319.769
 20
-478.263
 40
11.369
 50
208.179
 51
218.48
  0
ARC
  8
APS_GEOMETRY
 10
4262.145
 20
-509.542
 40
54.198
 50
28.56
 51
31.664
  0
ARC
  8
APS_GEOMETRY
 10
4297.357
 20
-487.825
 40
12.827
 50
31.664
 51
38.047
  0
ARC
  8
APS_GEOMETRY
 10
4299.917
 20
-485.822
 40
9.576
 50
38.047
 51
46.56
  0
ARC
  8
APS_GEOMETRY
 10
4298.587
 20
-487.227
 40
11.512
 50
46.56
 51
54.324
  0
ARC
  8
APS_GEOMETRY
 10
4297.818
 20
-488.548
 40
13.034
 50
54.968
 51
71.48
  0
ARC
  8
APS_GEOMETRY
 10
4298.661
 20
-486.032
 40
10.38
 50
71.48
 51
90.0
  0
ARC
  8
APS_GEOMETRY
 10
4298.661
 20
-482.902
 40
7.251
 50
90.0
 51
114.63
  0
ARC
  8
APS_GEOMETRY
 10
4298.297
 20
-482.108
 40
6.377
 50
114.63
 51
140.921
  0
ARC
  8
APS_GEOMETRY
 10
4299.373
 20
-482.982
 40
7.763
 50
140.921
 51
163.13
  0
ARC
  8
APS_GEOMETRY
 10
4304.751
 20
-484.613
 40
13.382
 50
163.13
 51
180.0
  0
ARC
  8
APS_GEOMETRY
 10
4311.724
 20
-484.613
 40
20.355
 50
180.0
 51
195.44
  0
ARC
  8
APS_GEOMETRY
 10
4310.666
 20
-484.905
 40
19.258
 50
195.44
 51
211.316
  0
ARC
  8
APS_GEOMETRY
 10
4305.577
 20
-487.894
 40
13.357
 50
211.708
 51
240.457
  0
ARC
  8
APS_GEOMETRY
 10
4305.235
 20
-488.497
 40
12.663
 50
240.457
 51
270.0
  0
ARC
  8
APS_GEOMETRY
 10
4305.235
 20
-485.41
 40
15.751
 50
270.0
 51
279.549
  0
ARC
  8
APS_GEOMETRY
 10
4305.039
 20
-484.246
 40
16.931
 50
279.549
 51
288.759
  0
ARC
  8
APS_GEOMETRY
 10
4305.864
 20
-486.676
 40
14.364
 50
288.759
 51
299.545
  0
ARC
  8
APS_GEOMETRY
 10
4309.174
 20
-492.515
 40
7.652
 50
299.545
 51
314.341
  0
ARC
  8
APS_GEOMETRY
 10
4319.409
 20
-503.146
 40
7.105
 50
120.141
 51
133.452
  0
ARC
  8
APS_GEOMETRY
 10
4316.55
 20
-498.223
 40
1.412
 50
90.0
 51
120.141
  0
ARC
  8
APS_GEOMETRY
 10
4316.55
 20
-499.041
 40
2.23
 50
61.952
 51
90.0
  0
ARC
  8
APS_GEOMETRY
 10
4316.218
 20
-499.664
 40
2.936
 50
37.569
 51
61.952
  0
ARC
  8
APS_GEOMETRY
 10
4315.599
 20
-500.14
 40
3.717
 50
17.665
 51
37.569
  0
ARC
  8
APS_GEOMETRY
 10
4314.654
 20
-500.441
 40
4.709
 50
360.0
 51
17.665
  0
ARC
  8
APS_GEOMETRY
 10
4312.282
 20
-500.441
 40
7.081
 50
344.932
 51
360.0
  0
ARC
  8
APS_GEOMETRY
 10
4305.984
 20
-498.745
 40
13.603
 50
334.075
 51
344.932
  0
ARC
  8
APS_GEOMETRY
 10
4305.786
 20
-498.649
 40
13.823
 50
323.374
 51
334.075
  0
ARC
  8
APS_GEOMETRY
 10
4309.85
 20
-501.67
 40
8.76
 50
309.92
 51
323.374
  0
ARC
  8
APS_GEOMETRY
 10
4313.911
 20
-506.461
 40
2.48
 50
289.026
 51
308.991
  0
ARC
  8
APS_GEOMETRY
 10
4309.578
 20
-493.895
 40
15.771
 50
281.143
 51
289.026
  0
ARC
  8
APS_GEOMETRY
 10
4313.972
 20
-516.677
 40
7.431
 50
100.437
 51
110.12
  0
ARC
  8
APS_GEOMETRY
 10
4319.793
 20
-532.567
 40
24.353
 50
110.12
 51
115.463
  0
ARC
  8
APS_GEOMETRY
 10
4299.012
 20
-489.086
 40
23.838
 50
282.94
 51
295.628
  0
ARC
  8
APS_GEOMETRY
 10
4299.217
 20
-489.98
 40
22.921
 50
270.0
 51
282.94
  0
ARC
  8
APS_GEOMETRY
 10
4299.217
 20
-488.626
 40
24.275
 50
257.307
 51
270.0
  0
ARC
  8
APS_GEOMETRY
 10
4300.242
 20
-484.077
 40
28.939
 50
245.686
 51
257.307
  0
ARC
  8
APS_GEOMETRY
 10
4297.672
 20
-489.718
 40
22.739
 50
228.801
 51
245.735
  0
ARC
  8
APS_GEOMETRY
 10
4297.715
 20
-489.669
 40
22.805
 50
211.891
 51
228.801
  0
ARC
  8
APS_GEOMETRY
 10
4299.063
 20
-488.699
 40
24.462
 50
196.728
 51
212.152
  0
ARC
  8
APS_GEOMETRY
 10
4295.575
 20
-489.747
 40
20.82
 50
180.0
 51
196.728
  0
ARC
  8
APS_GEOMETRY
 10
4296.082
 20
-489.747
 40
21.327
 50
161.184
 51
180.0
  0
ARC
  8
APS_GEOMETRY
 10
4297.451
 20
-490.213
 40
22.773
 50
142.98
 51
161.184
  0
ARC
  8
APS_GEOMETRY
 10
4298.515
 20
-491.028
 40
24.112
 50
127.824
 51
142.958
  0
ARC
  8
APS_GEOMETRY
 10
4300.269
 20
-493.287
 40
26.973
 50
113.52
 51
127.824
  0
ARC
  8
APS_GEOMETRY
 10
4299.698
 20
-491.968
 40
25.535
 50
101.927
 51
113.527
  0
ARC
  8
APS_GEOMETRY
 10
4299.414
 20
-490.623
 40
24.161
 50
90.0
 51
101.927
  0
ARC
  8
APS_GEOMETRY
 10
4349.895
 20
-492.244
 40
25.782
 50
71.91
 51
90.0
  0
ARC
  8
APS_GEOMETRY
 10
4350.893
 20
-489.187
 40
22.566
 50
52.561
 51
71.91
  0
ARC
  8
APS_GEOMETRY
 10
4350.632
 20
-489.263
 40
22.786
 50
38.846
 51
52.156
  0
ARC
  8
APS_GEOMETRY
 10
4347.06
 20
-492.14
 40
27.372
 50
26.707
 51
38.846
  0
ARC
  8
APS_GEOMETRY
 10
4347.767
 20
-491.562
 40
26.482
 50
13.868
 51
26.278
  0
ARC
  8
APS_GEOMETRY
 10
4352.866
 20
-490.303
 40
21.229
 50
360.0
 51
13.868
  0
ARC
  8
APS_GEOMETRY
 10
4353.197
 20
-490.303
 40
20.899
 50
339.712
 51
360.0
  0
ARC
  8
APS_GEOMETRY
 10
4352.02
 20
-489.868
 40
22.153
 50
320.013
 51
339.712
  0
ARC
  8
APS_GEOMETRY
 10
4351.825
 20
-489.761
 40
22.372
 50
303.344
 51
320.123
  0
ARC
  8
APS_GEOMETRY
 10
4349.529
 20
-486.271
 40
26.548
 50
287.949
 51
303.344
  0
ARC
  8
APS_GEOMETRY
 10
4348.775
 20
-483.656
 40
29.269
 50
279.039
 51
287.776
  0
ARC
  8
APS_GEOMETRY
 10
4349.077
 20
-485.555
 40
27.346
 50
270.0
 51
279.039
  0
ARC
  8
APS_GEOMETRY
 10
4349.077
 20
-486.89
 40
26.011
 50
257.728
 51
270.0
  0
ARC
  8
APS_GEOMETRY
 10
4349.118
 20
-486.702
 40
26.203
 50
245.501
 51
257.728
  0
ARC
  8
APS_GEOMETRY
 10
4347.645
 20
-489.925
 40
22.66
 50
228.665
 51
245.511
  0
ARC
  8
APS_GEOMETRY
 10
4347.156
 20
-490.482
 40
21.918
 50
211.535
 51
228.665
  0
ARC
  8
APS_GEOMETRY
 10
4347.798
 20
-490.01
 40
22.712
 50
195.642
 51
211.701
  0
ARC
  8
APS_GEOMETRY
 10
4348.971
 20
-489.682
 40
23.931
 50
180.0
 51
195.642
  0
ARC
  8
APS_GEOMETRY
 10
4349.223
 20
-489.682
 40
24.183
 50
162.181
 51
180.0
  0
ARC
  8
APS_GEOMETRY
 10
4347.016
 20
-488.972
 40
21.865
 50
143.434
 51
162.181
  0
ARC
  8
APS_GEOMETRY
 10
4346.72
 20
-488.735
 40
21.485
 50
126.384
 51
143.471
  0
ARC
  8
APS_GEOMETRY
 10
4348.754
 20
-491.495
 40
24.914
 50
110.525
 51
126.384
  0
ARC
  8
APS_GEOMETRY
 10
4348.653
 20
-490.746
 40
24.177
 50
99.77
 51
110.925
  0
ARC
  8
APS_GEOMETRY
 10
4349.895
 20
-497.958
 40
31.496
 50
90.0
 51
99.77
  0
ARC
  8
APS_GEOMETRY
 10
4346.788
 20
-480.655
 40
4.807
 50
90.0
 51
119.604
  0
ARC
  8
APS_GEOMETRY
 10
4347.209
 20
-481.396
 40
5.659
 50
119.604
 51
146.842
  0
ARC
  8
APS_GEOMETRY
 10
4348.055
 20
-482.09
 40
6.748
 50
145.84
 51
164.055
  0
ARC
  8
APS_GEOMETRY
 10
4350.016
 20
-482.65
 40
8.788
 50
164.055
 51
180.0
  0
ARC
  8
APS_GEOMETRY
 10
4362.281
 20
-482.65
 40
21.053
 50
180.0
 51
189.977
  0
ARC
  8
APS_GEOMETRY
 10
4380.933
 20
-479.369
 40
39.991
 50
189.977
 51
197.211
  0
ARC
  8
APS_GEOMETRY
 10
4385.012
 20
-478.106
 40
44.261
 50
197.211
 51
203.76
  0
ARC
  8
APS_GEOMETRY
 10
4374.849
 20
-482.58
 40
33.157
 50
203.76
 51
211.329
  0
ARC
  8
APS_GEOMETRY
 10
4353.981
 20
-495.103
 40
8.821
 50
212.32
 51
224.441
  0
ARC
  8
APS_GEOMETRY
 10
4353.126
 20
-495.942
 40
7.623
 50
224.441
 51
237.484
  0
ARC
  8
APS_GEOMETRY
 10
4352.573
 20
-496.809
 40
6.595
 50
237.484
 51
252.416
  0
ARC
  8
APS_GEOMETRY
 10
4352.021
 20
-498.553
 40
4.766
 50
252.416
 51
270.0
  0
ARC
  8
APS_GEOMETRY
 10
4352.021
 20
-497.988
 40
5.331
 50
270.0
 51
294.953
  0
ARC
  8
APS_GEOMETRY
 10
4352.17
 20
-498.309
 40
4.977
 50
294.953
 51
320.793
  0
ARC
  8
APS_GEOMETRY
 10
4351.369
 20
-497.655
 40
6.011
 50
320.793
 51
342.777
  0
ARC
  8
APS_GEOMETRY
 10
4347.801
 20
-496.549
 40
9.746
 50
342.777
 51
0.0
  0
ARC
  8
APS_GEOMETRY
 10
4331.04
 20
-496.549
 40
26.507
 50
0.0
 51
8.499
  0
ARC
  8
APS_GEOMETRY
 10
4319.373
 20
-498.293
 40
38.304
 50
8.499
 51
15.566
  0
ARC
  8
APS_GEOMETRY
 10
4320.776
 20
-497.902
 40
36.848
 50
15.566
 51
22.909
  0
ARC
  8
APS_GEOMETRY
 10
4332.839
 20
-492.804
 40
23.751
 50
22.909
 51
32.057
  0
ARC
  8
APS_GEOMETRY
 10
4342.315
 20
-486.834
 40
12.552
 50
31.921
 51
42.51
  0
ARC
  8
APS_GEOMETRY
 10
4344.917
 20
-484.449
 40
9.022
 50
42.51
 51
55.008
  0
ARC
  8
APS_GEOMETRY
 10
4345.796
 20
-483.194
 40
7.489
 50
55.008
 51
69.88
  0
ARC
  8
APS_GEOMETRY
 10
4346.584
 20
-481.042
 40
5.198
 50
69.88
 51
87.754
  0
ARC
  8
APS_GEOMETRY
 10
4400.409
 20
-495.666
 40
2.42
 50
90.0
 51
115.837
  0
ARC
  8
APS_GEOMETRY
 10
4399.813
 20
-494.436
 40
1.053
 50
115.837
 51
155.462
  0
ARC
  8
APS_GEOMETRY
 10
4400.508
 20
-494.753
 40
1.817
 50
155.462
 51
168.366
  0
ARC
  8
APS_GEOMETRY
 10
4406.854
 20
-496.06
 40
8.296
 50
168.366
 51
174.395
  0
ARC
  8
APS_GEOMETRY
 10
4413.25
 20
-496.687
 40
14.722
 50
174.395
 51
177.813
  0
ARC
  8
APS_GEOMETRY
 10
4434.478
 20
-497.498
 40
35.966
 50
177.813
 51
180.0
  0
ARC
  8
APS_GEOMETRY
 10
4449.847
 20
-497.498
 40
51.335
 50
180.0
 51
184.62
  0
ARC
  8
APS_GEOMETRY
 10
4415.427
 20
-500.279
 40
16.803
 50
184.62
 51
192.7
  0
ARC
  8
APS_GEOMETRY
 10
4402.157
 20
-503.193
 40
3.218
 50
194.036
 51
205.821
  0
ARC
  8
APS_GEOMETRY
 10
4400.751
 20
-503.873
 40
1.656
 50
205.821
 51
222.274
  0
ARC
  8
APS_GEOMETRY
 10
4401.182
 20
-503.481
 40
2.238
 50
222.274
 51
234.605
  0
ARC
  8
APS_GEOMETRY
 10
4406.042
 20
-496.641
 40
10.63
 50
234.605
 51
240.255
  0
ARC
  8
APS_GEOMETRY
 10
4398.653
 20
-509.715
 40
4.389
 50
34.592
 51
61.189
  0
ARC
  8
APS_GEOMETRY
 10
4400.104
 20
-508.715
 40
2.627
 50
360.0
 51
34.592
  0
ARC
  8
APS_GEOMETRY
 10
4400.191
 20
-508.715
 40
2.539
 50
318.231
 51
360.0
  0
ARC
  8
APS_GEOMETRY
 10
4398.493
 20
-507.198
 40
4.816
 50
288.227
 51
318.231
  0
ARC
  8
APS_GEOMETRY
 10
4396.732
 20
-501.851
 40
10.446
 50
280.377
 51
288.227
  0
ARC
  8
APS_GEOMETRY
 10
4393.662
 20
-485.087
 40
27.489
 50
275.541
 51
280.377
  0
ARC
  8
APS_GEOMETRY
 10
4392.339
 20
-471.449
 40
41.19
 50
272.304
 51
275.541
  0
ARC
  8
APS_GEOMETRY
 10
4390.728
 20
-431.413
 40
81.259
 50
270.0
 51
272.304
  0
ARC
  8
APS_GEOMETRY
 10
4390.728
 20
-464.872
 40
47.8
 50
262.811
 51
270.0
  0
ARC
  8
APS_GEOMETRY
 10
4386.439
 20
-498.879
 40
13.524
 50
249.274
 51
262.811
  0
ARC
  8
APS_GEOMETRY
 10
4383.741
 20
-506.009
 40
5.901
 50
221.379
 51
249.274
  0
ARC
  8
APS_GEOMETRY
 10
4381.375
 20
-508.094
 40
2.747
 50
180.0
 51
221.379
  0
ARC
  8
APS_GEOMETRY
 10
4381.357
 20
-508.094
 40
2.728
 50
164.055
 51
180.0
  0
ARC
  8
APS_GEOMETRY
 10
4380.219
 20
-507.769
 40
1.546
 50
142.815
 51
164.055
  0
ARC
  8
APS_GEOMETRY
 10
4380.935
 20
-508.312
 40
2.444
 50
129.007
 51
142.815
  0
ARC
  8
APS_GEOMETRY
 10
4389.727
 20
-519.166
 40
16.412
 50
123.69
 51
129.007
  0
ARC
  8
APS_GEOMETRY
 10
4377.25
 20
-500.393
 40
6.128
 50
303.389
 51
319.022
  0
ARC
  8
APS_GEOMETRY
 10
4378.909
 20
-501.834
 40
3.932
 50
319.022
 51
338.575
  0
ARC
  8
APS_GEOMETRY
 10
4376.689
 20
-500.963
 40
6.316
 50
338.575
 51
351.049
  0
ARC
  8
APS_GEOMETRY
 10
4349.883
 20
-496.741
 40
33.452
 50
351.049
 51
356.46
  0
ARC
  8
APS_GEOMETRY
 10
4358.719
 20
-497.077
 40
24.613
 50
355.972
 51
358.68
  0
ARC
  8
APS_GEOMETRY
 10
4068.528
 20
-490.39
 40
314.881
 50
358.68
 51
359.437
  0
LINE
  8
APS_GEOMETRY
 10
4383.395
 11
4383.425
 20
-493.483
 21
-488.572
  0
LINE
  8
APS_GEOMETRY
 10
4383.425
 11
4383.435
 20
-488.572
 21
-482.16
  0
ARC
  8
APS_GEOMETRY
 10
4307.626
 20
-482.16
 40
75.809
 50
0.0
 51
1.717
  0
ARC
  8
APS_GEOMETRY
 10
4348.195
 20
-480.944
 40
35.223
 50
1.717
 51
4.236
  0
ARC
  8
APS_GEOMETRY
 10
4361.424
 20
-479.964
 40
21.957
 50
4.236
 51
8.269
  0
ARC
  8
APS_GEOMETRY
 10
4376.648
 20
-477.751
 40
6.573
 50
8.269
 51
15.642
  0
ARC
  8
APS_GEOMETRY
 10
4379.268
 20
-477.018
 40
3.853
 50
15.642
 51
39.417
  0
ARC
  8
APS_GEOMETRY
 10
4379.327
 20
-476.969
 40
3.776
 50
39.417
 51
63.435
  0
ARC
  8
APS_GEOMETRY
 10
4386.128
 20
-462.88
 40
11.869
 50
236.874
 51
244.486
  0
ARC
  8
APS_GEOMETRY
 10
4381.068
 20
-470.633
 40
2.611
 50
220.601
 51
236.874
  0
ARC
  8
APS_GEOMETRY
 10
4380.488
 20
-471.131
 40
1.847
 50
198.246
 51
220.601
  0
ARC
  8
APS_GEOMETRY
 10
4381.356
 20
-470.844
 40
2.761
 50
180.0
 51
198.246
  0
ARC
  8
APS_GEOMETRY
 10
4381.343
 20
-470.844
 40
2.748
 50
156.161
 51
180.0
  0
ARC
  8
APS_GEOMETRY
 10
4381.726
 20
-471.014
 40
3.167
 50
133.977
 51
156.161
  0
ARC
  8
APS_GEOMETRY
 10
4382.49
 20
-471.805
 40
4.266
 50
116.996
 51
133.977
  0
ARC
  8
APS_GEOMETRY
 10
4384.006
 20
-474.782
 40
7.608
 50
104.3
 51
116.996
  0
ARC
  8
APS_GEOMETRY
 10
4384.398
 20
-476.288
 40
9.164
 50
95.326
 51
104.349
  0
ARC
  8
APS_GEOMETRY
 10
4385.986
 20
-493.323
 40
26.272
 50
90.0
 51
95.326
  0
ARC
  8
APS_GEOMETRY
 10
4385.986
 20
-480.064
 40
13.013
 50
87.553
 51
90.0
  0
ARC
  8
APS_GEOMETRY
 10
4383.218
 20
-544.851
 40
77.86
 50
86.553
 51
87.553
  0
ARC
  8
APS_GEOMETRY
 10
4379.281
 20
-610.198
 40
143.325
 50
86.009
 51
86.553
  0
ARC
  8
APS_GEOMETRY
 10
4363.973
 20
-829.611
 40
363.271
 50
85.668
 51
86.009
  0
ARC
  8
APS_GEOMETRY
 10
4392.621
 20
-452.301
 40
15.125
 50
265.426
 51
268.531
  0
ARC
  8
APS_GEOMETRY
 10
4393.966
 20
-399.858
 40
67.586
 50
268.531
 51
270.0
  0
ARC
  8
APS_GEOMETRY
 10
4393.966
 20
-415.933
 40
51.511
 50
270.0
 51
271.637
  0
ARC
  8
APS_GEOMETRY
 10
4392.815
 20
-375.648
 40
91.812
 50
271.637
 51
272.862
  0
ARC
  8
APS_GEOMETRY
 10
4391.494
 20
-349.219
 40
118.274
 50
272.862
 51
273.814
  0
ARC
  8
APS_GEOMETRY
 10
4387.02
 20
-282.115
 40
185.527
 50
273.814
 51
274.574
  0
ARC
  8
APS_GEOMETRY
 10
4415.082
 20
-647.105
 40
180.543
 50
93.72
 51
94.214
  0
ARC
  8
APS_GEOMETRY
 10
4409.093
 20
-554.987
 40
88.23
 50
93.013
 51
93.72
  0
ARC
  8
APS_GEOMETRY
 10
4407.451
 20
-523.792
 40
56.991
 50
91.918
 51
93.013
  0
ARC
  8
APS_GEOMETRY
 10
4406.164
 20
-485.376
 40
18.554
 50
90.0
 51
91.918
  0
ARC
  8
APS_GEOMETRY
 10
4406.164
 20
-490.93
 40
24.109
 50
73.82
 51
90.0
  0
ARC
  8
APS_GEOMETRY
 10
4408.541
 20
-482.741
 40
15.581
 50
53.658
 51
73.82
  0
ARC
  8
APS_GEOMETRY
 10
4411.92
 20
-478.121
 40
9.857
 50
26.03
 51
53.569
  0
ARC
  8
APS_GEOMETRY
 10
4410.883
 20
-478.628
 40
11.012
 50
360.0
 51
26.03
  0
ARC
  8
APS_GEOMETRY
 10
4410.452
 20
-478.628
 40
11.443
 50
345.282
 51
360.0
  0
ARC
  8
APS_GEOMETRY
 10
4411.553
 20
-478.917
 40
10.305
 50
329.767
 51
345.282
  0
ARC
  8
APS_GEOMETRY
 10
4412.176
 20
-479.28
 40
9.583
 50
313.168
 51
329.767
  0
ARC
  8
APS_GEOMETRY
 10
4412.407
 20
-479.527
 40
9.246
 50
296.267
 51
313.168
  0
ARC
  8
APS_GEOMETRY
 10
4417.67
 20
-490.161
 40
2.62
 50
116.565
 51
139.899
  0
ARC
  8
APS_GEOMETRY
 10
4416.364
 20
-489.06
 40
0.911
 50
139.899
 51
180.0
  0
ARC
  8
APS_GEOMETRY
 10
4416.465
 20
-489.06
 40
1.013
 50
180.0
 51
226.193
  0
ARC
  8
APS_GEOMETRY
 10
4418.336
 20
-487.11
 40
3.715
 50
226.193
 51
249.829
  0
ARC
  8
APS_GEOMETRY
 10
4412.975
 20
-501.871
 40
11.989
 50
53.249
 51
70.105
  0
ARC
  8
APS_GEOMETRY
 10
4415.41
 20
-498.61
 40
7.919
 50
32.471
 51
53.249
  0
ARC
  8
APS_GEOMETRY
 10
4414.275
 20
-499.332
 40
9.264
 50
23.305
 51
32.471
  0
ARC
  8
APS_GEOMETRY
 10
4407.265
 20
-502.352
 40
16.897
 50
16.521
 51
23.305
  0
ARC
  8
APS_GEOMETRY
 10
4401.799
 20
-503.973
 40
22.598
 50
11.429
 51
16.521
  0
ARC
  8
APS_GEOMETRY
 10
4386.309
 20
-507.104
 40
38.401
 50
7.524
 51
11.429
  0
ARC
  8
APS_GEOMETRY
 10
4437.638
 20
-500.268
 40
13.38
 50
187.765
 51
196.914
  0
ARC
  8
APS_GEOMETRY
 10
4426.694
 20
-503.596
 40
1.942
 50
196.914
 51
221.082
  0
ARC
  8
APS_GEOMETRY
 10
4426.736
 20
-503.56
 40
1.997
 50
221.082
 51
244.607
  0
ARC
  8
APS_GEOMETRY
 10
4431.41
 20
-493.715
 40
12.896
 50
244.607
 51
253.811
  0
ARC
  8
APS_GEOMETRY
 10
4427.301
 20
-507.725
 40
1.705
 50
51.45
 51
72.474
  0
ARC
  8
APS_GEOMETRY
 10
4426.879
 20
-508.254
 40
2.382
 50
33.69
 51
51.45
  0
ARC
  8
APS_GEOMETRY
 10
4426.78
 20
-508.32
 40
2.5
 50
16.639
 51
33.69
  0
ARC
  8
APS_GEOMETRY
 10
4426.661
 20
-508.355
 40
2.625
 50
360.0
 51
16.639
  0
ARC
  8
APS_GEOMETRY
 10
4426.624
 20
-508.355
 40
2.662
 50
338.993
 51
360.0
  0
ARC
  8
APS_GEOMETRY
 10
4424.999
 20
-507.731
 40
4.402
 50
322.696
 51
338.993
  0
ARC
  8
APS_GEOMETRY
 10
4424.394
 20
-507.27
 40
5.164
 50
308.603
 51
322.696
  0
ARC
  8
APS_GEOMETRY
 10
4423.977
 20
-506.748
 40
5.831
 50
295.346
 51
308.603
  0
ARC
  8
APS_GEOMETRY
 10
4421.786
 20
-501.922
 40
11.131
 50
279.583
 51
294.905
  0
ARC
  8
APS_GEOMETRY
 10
4418.919
 20
-484.941
 40
28.353
 50
270.0
 51
279.583
  0
ARC
  8
APS_GEOMETRY
 10
4418.919
 20
-492.622
 40
20.672
 50
261.247
 51
270.0
  0
ARC
  8
APS_GEOMETRY
 10
4417.595
 20
-501.222
 40
11.97
 50
249.737
 51
261.247
  0
ARC
  8
APS_GEOMETRY
 10
4416.724
 20
-503.58
 40
9.457
 50
235.345
 51
249.737
  0
ARC
  8
APS_GEOMETRY
 10
4415.625
 20
-505.17
 40
7.524
 50
219.198
 51
235.345
  0
ARC
  8
APS_GEOMETRY
 10
4417.938
 20
-503.198
 40
10.563
 50
209.076
 51
219.56
  0
ARC
  8
APS_GEOMETRY
 10
4423.279
 20
-500.228
 40
16.674
 50
200.735
 51
209.076
  0
ARC
  8
APS_GEOMETRY
 10
4430.648
 20
-497.438
 40
24.554
 50
197.881
 51
200.735
  0
ARC
  8
APS_GEOMETRY
 10
4460.93
 20
-487.669
 40
56.372
 50
195.997
 51
197.881
  0
ARC
  8
APS_GEOMETRY
 10
4483.312
 20
-481.252
 40
79.656
 50
194.664
 51
195.997
  0
ARC
  8
APS_GEOMETRY
 10
4545.307
 20
-465.029
 40
143.738
 50
193.671
 51
194.664
  0
ARC
  8
APS_GEOMETRY
 10
4388.097
 20
-503.25
 40
18.051
 50
13.61
 51
23.585
  0
ARC
  8
APS_GEOMETRY
 10
4399.916
 20
-498.09
 40
5.155
 50
23.585
 51
42.31
  0
ARC
  8
APS_GEOMETRY
 10
4400.988
 20
-497.114
 40
3.705
 50
42.31
 51
67.521
  0
ARC
  8
APS_GEOMETRY
 10
4400.14
 20
-499.164
 40
5.924
 50
67.521
 51
87.397
  0
LINE
  8
APS_GEOMETRY
 10
4398.544
 11
4398.185
 20
-476.568
 21
-484.187
  0
LINE
  8
APS_GEOMETRY
 10
4398.185
 11
4398.185
 20
-484.187
 21
-484.31
  0
LINE
  8
APS_GEOMETRY
 10
4398.185
 11
4398.185
 20
-484.31
 21
-484.482
  0
ARC
  8
APS_GEOMETRY
 10
4403.479
 20
-484.482
 40
5.294
 50
180.0
 51
192.339
  0
ARC
  8
APS_GEOMETRY
 10
4399.27
 20
-485.403
 40
0.986
 50
192.339
 51
221.186
  0
ARC
  8
APS_GEOMETRY
 10
4399.169
 20
-485.49
 40
0.852
 50
221.186
 51
253.872
  0
ARC
  8
APS_GEOMETRY
 10
4399.885
 20
-483.015
 40
3.429
 50
253.872
 51
270.0
  0
ARC
  8
APS_GEOMETRY
 10
4399.885
 20
-478.473
 40
7.971
 50
270.0
 51
289.569
  0
ARC
  8
APS_GEOMETRY
 10
4401.334
 20
-482.55
 40
3.644
 50
289.569
 51
318.681
  0
ARC
  8
APS_GEOMETRY
 10
4400.942
 20
-482.205
 40
4.166
 50
318.681
 51
344.628
  0
ARC
  8
APS_GEOMETRY
 10
4393.64
 20
-480.198
 40
11.74
 50
344.628
 51
0.0
  0
ARC
  8
APS_GEOMETRY
 10
4397.111
 20
-480.198
 40
8.268
 50
0.0
 51
35.369
  0
ARC
  8
APS_GEOMETRY
 10
4400.899
 20
-477.509
 40
3.623
 50
35.369
 51
90.0
  0
ARC
  8
APS_GEOMETRY
 10
4400.899
 20
-477.549
 40
3.663
 50
90.0
 51
108.435
  0
ARC
  8
APS_GEOMETRY
 10
4400.186
 20
-475.411
 40
1.409
 50
108.435
 51
138.366
  0
ARC
  8
APS_GEOMETRY
 10
4400.378
 20
-475.581
 40
1.665
 50
138.366
 51
164.291
  0
ARC
  8
APS_GEOMETRY
 10
4404.863
 20
-476.842
 40
6.324
 50
164.291
 51
177.51
  0
LINE
  8
APS_GEOMETRY
 10
4456.763
 11
4473.05
 20
-468.948
 21
-483.206
  0
ARC
  8
APS_GEOMETRY
 10
4488.281
 20
-465.727
 40
23.185
 50
228.93
 51
232.674
  0
ARC
  8
APS_GEOMETRY
 10
4479.808
 20
-476.84
 40
9.21
 50
232.674
 51
238.617
  0
ARC
  8
APS_GEOMETRY
 10
4477.676
 20
-480.335
 40
5.116
 50
238.617
 51
249.131
  0
ARC
  8
APS_GEOMETRY
 10
4476.32
 20
-483.892
 40
1.309
 50
249.131
 51
270.0
  0
ARC
  8
APS_GEOMETRY
 10
4476.32
 20
-484.053
 40
1.148
 50
270.0
 51
334.898
  0
ARC
  8
APS_GEOMETRY
 10
4471.022
 20
-481.571
 40
6.999
 50
334.898
 51
0.0
  0
ARC
  8
APS_GEOMETRY
 10
4419.791
 20
-481.571
 40
58.23
 50
0.0
 51
2.026
  0
ARC
  8
APS_GEOMETRY
 10
4450.677
 20
-480.478
 40
27.324
 50
2.026
 51
4.984
  0
ARC
  8
APS_GEOMETRY
 10
4460.777
 20
-479.598
 40
17.186
 50
4.984
 51
9.673
  0
ARC
  8
APS_GEOMETRY
 10
4472.416
 20
-477.614
 40
5.379
 50
9.673
 51
18.06
  0
ARC
  8
APS_GEOMETRY
 10
4474.188
 20
-477.036
 40
3.515
 50
18.06
 51
42.397
  0
ARC
  8
APS_GEOMETRY
 10
4473.616
 20
-477.558
 40
4.29
 50
42.397
 51
64.398
  0
ARC
  8
APS_GEOMETRY
 10
4478.84
 20
-466.772
 40
7.695
 50
233.633
 51
244.026
  0
ARC
  8
APS_GEOMETRY
 10
4475.995
 20
-470.636
 40
2.896
 50
216.656
 51
233.633
  0
ARC
  8
APS_GEOMETRY
 10
4475.558
 20
-470.961
 40
2.353
 50
196.082
 51
216.656
  0
ARC
  8
APS_GEOMETRY
 10
4476.982
 20
-470.55
 40
3.835
 50
180.0
 51
196.082
  0
ARC
  8
APS_GEOMETRY
 10
4475.936
 20
-470.55
 40
2.788
 50
133.202
 51
180.0
  0
ARC
  8
APS_GEOMETRY
 10
4478.134
 20
-472.891
 40
6.0
 50
101.788
 51
133.202
  0
ARC
  8
APS_GEOMETRY
 10
4478.647
 20
-475.188
 40
8.353
 50
96.633
 51
102.011
  0
ARC
  8
APS_GEOMETRY
 10
4480.506
 20
-491.177
 40
24.449
 50
93.489
 51
96.633
  0
ARC
  8
APS_GEOMETRY
 10
4481.302
 20
-504.235
 40
37.532
 50
91.439
 51
93.489
  0
ARC
  8
APS_GEOMETRY
 10
4482.272
 20
-542.83
 40
76.138
 50
90.0
 51
91.439
  0
ARC
  8
APS_GEOMETRY
 10
4482.272
 20
-537.655
 40
70.964
 50
87.994
 51
90.0
  0
ARC
  8
APS_GEOMETRY
 10
4483.562
 20
-500.815
 40
34.101
 50
85.101
 51
87.994
  0
ARC
  8
APS_GEOMETRY
 10
4484.609
 20
-488.599
 40
21.84
 50
80.595
 51
85.101
  0
ARC
  8
APS_GEOMETRY
 10
4486.997
 20
-474.185
 40
7.23
 50
72.759
 51
80.595
  0
ARC
  8
APS_GEOMETRY
 10
4487.72
 20
-471.944
 40
4.876
 50
40.956
 51
73.072
  0
ARC
  8
APS_GEOMETRY
 10
4489.1
 20
-470.746
 40
3.048
 50
360.0
 51
40.956
  0
ARC
  8
APS_GEOMETRY
 10
4489.284
 20
-470.746
 40
2.865
 50
322.573
 51
360.0
  0
ARC
  8
APS_GEOMETRY
 10
4487.779
 20
-469.594
 40
4.76
 50
293.749
 51
322.573
  0
ARC
  8
APS_GEOMETRY
 10
4493.823
 20
-483.475
 40
10.38
 50
113.429
 51
119.291
  0
ARC
  8
APS_GEOMETRY
 10
4489.784
 20
-476.275
 40
2.124
 50
119.291
 51
132.274
  0
ARC
  8
APS_GEOMETRY
 10
4489.551
 20
-476.019
 40
1.778
 50
132.274
 51
147.653
  0
ARC
  8
APS_GEOMETRY
 10
4491.233
 20
-477.084
 40
3.769
 50
147.653
 51
158.199
  0
ARC
  8
APS_GEOMETRY
 10
4493.792
 20
-478.163
 40
6.546
 50
157.751
 51
167.885
  0
ARC
  8
APS_GEOMETRY
 10
4507.412
 20
-481.087
 40
20.477
 50
167.885
 51
173.61
  0
ARC
  8
APS_GEOMETRY
 10
4519.459
 20
-482.436
 40
32.599
 50
173.61
 51
177.221
  0
ARC
  8
APS_GEOMETRY
 10
4556.615
 20
-484.24
 40
69.798
 50
177.221
 51
179.689
  0
LINE
  8
APS_GEOMETRY
 10
4486.818
 11
4486.818
 20
-483.86
 21
-494.522
  0
ARC
  8
APS_GEOMETRY
 10
4922.183
 20
-494.522
 40
435.365
 50
180.0
 51
180.161
  0
ARC
  8
APS_GEOMETRY
 10
5300.002
 20
-493.457
 40
813.186
 50
180.161
 51
180.279
  0
LINE
  8
APS_GEOMETRY
 10
4486.826
 11
4486.836
 20
-497.424
 21
-499.213
  0
LINE
  8
APS_GEOMETRY
 10
4486.836
 11
4486.85
 20
-499.213
 21
-501.226
  0
ARC
  8
APS_GEOMETRY
 10
4409.167
 20
-501.667
 40
77.685
 50
358.204
 51
0.326
  0
ARC
  8
APS_GEOMETRY
 10
4446.121
 20
-502.826
 40
40.713
 50
355.274
 51
358.204
  0
ARC
  8
APS_GEOMETRY
 10
4458.983
 20
-503.889
 40
27.806
 50
350.991
 51
355.274
  0
ARC
  8
APS_GEOMETRY
 10
4475.362
 20
-506.486
 40
11.223
 50
344.249
 51
350.991
  0
ARC
  8
APS_GEOMETRY
 10
4480.898
 20
-508.067
 40
5.466
 50
314.415
 51
344.445
  0
ARC
  8
APS_GEOMETRY
 10
4482.926
 20
-510.137
 40
2.568
 50
270.0
 51
314.415
  0
ARC
  8
APS_GEOMETRY
 10
4482.926
 20
-508.545
 40
4.16
 50
256.342
 51
270.0
  0
ARC
  8
APS_GEOMETRY
 10
4482.63
 20
-509.764
 40
2.905
 50
239.982
 51
256.342
  0
ARC
  8
APS_GEOMETRY
 10
4483.924
 20
-507.524
 40
5.492
 50
231.153
 51
239.982
  0
ARC
  8
APS_GEOMETRY
 10
4505.673
 20
-480.52
 40
40.166
 50
227.891
 51
231.153
  0
LINE
  8
APS_GEOMETRY
 10
4478.74
 11
4459.347
 20
-510.318
 21
-492.952
  0
ARC
  8
APS_GEOMETRY
 10
4451.876
 20
-501.224
 40
11.146
 50
47.911
 51
61.468
  0
ARC
  8
APS_GEOMETRY
 10
4455.978
 20
-493.678
 40
2.557
 50
61.468
 51
90.0
  0
ARC
  8
APS_GEOMETRY
 10
4455.978
 20
-492.241
 40
1.12
 50
90.0
 51
133.195
  0
ARC
  8
APS_GEOMETRY
 10
4457.082
 20
-493.417
 40
2.733
 50
133.195
 51
160.454
  0
ARC
  8
APS_GEOMETRY
 10
4460.626
 20
-494.675
 40
6.494
 50
160.454
 51
173.251
  0
ARC
  8
APS_GEOMETRY
 10
4477.294
 20
-496.647
 40
23.278
 50
173.251
 51
180.0
  0
ARC
  8
APS_GEOMETRY
 10
4522.634
 20
-496.647
 40
68.618
 50
180.0
 51
181.897
  0
ARC
  8
APS_GEOMETRY
 10
4486.291
 20
-497.851
 40
32.255
 50
181.897
 51
184.664
  0
ARC
  8
APS_GEOMETRY
 10
4474.38
 20
-498.823
 40
20.304
 50
184.664
 51
189.048
  0
ARC
  8
APS_GEOMETRY
 10
4460.579
 20
-501.021
 40
6.329
 50
189.048
 51
196.905
  0
ARC
  8
APS_GEOMETRY
 10
4458.388
 20
-501.686
 40
4.04
 50
196.905
 51
220.253
  0
ARC
  8
APS_GEOMETRY
 10
4458.432
 20
-501.649
 40
4.097
 50
220.253
 51
243.435
  0
ARC
  8
APS_GEOMETRY
 10
4454.434
 20
-509.71
 40
4.901
 50
37.921
 51
63.778
  0
ARC
  8
APS_GEOMETRY
 10
4456.467
 20
-508.126
 40
2.324
 50
360.0
 51
37.921
  0
ARC
  8
APS_GEOMETRY
 10
4455.563
 20
-508.126
 40
3.227
 50
324.268
 51
360.0
  0
ARC
  8
APS_GEOMETRY
 10
4454.356
 20
-507.258
 40
4.715
 50
294.86
 51
324.268
  0
ARC
  8
APS_GEOMETRY
 10
4452.359
 20
-502.948
 40
9.465
 50
278.78
 51
294.86
  0
ARC
  8
APS_GEOMETRY
 10
4448.98
 20
-481.068
 40
31.604
 50
270.0
 51
278.78
  0
ARC
  8
APS_GEOMETRY
 10
4448.98
 20
-486.739
 40
25.933
 50
260.383
 51
270.0
  0
ARC
  8
APS_GEOMETRY
 10
4446.247
 20
-502.869
 40
9.574
 50
244.522
 51
260.383
  0
ARC
  8
APS_GEOMETRY
 10
4444.267
 20
-507.023
 40
4.972
 50
216.549
 51
244.522
  0
ARC
  8
APS_GEOMETRY
 10
4442.646
 20
-508.225
 40
2.954
 50
180.0
 51
216.549
  0
ARC
  8
APS_GEOMETRY
 10
4443.699
 20
-508.225
 40
4.007
 50
164.65
 51
180.0
  0
ARC
  8
APS_GEOMETRY
 10
4441.413
 20
-507.597
 40
1.637
 50
140.528
 51
164.65
  0
ARC
  8
APS_GEOMETRY
 10
4442.338
 20
-508.359
 40
2.835
 50
126.135
 51
140.528
  0
ARC
  8
APS_GEOMETRY
 10
4451.993
 20
-521.581
 40
19.207
 50
120.619
 51
126.135
  0
ARC
  8
APS_GEOMETRY
 10
4440.546
 20
-502.26
 40
3.251
 50
300.784
 51
330.068
  0
ARC
  8
APS_GEOMETRY
 10
4438.381
 20
-501.013
 40
5.749
 50
330.068
 51
351.983
  0
ARC
  8
APS_GEOMETRY
 10
4402.018
 20
-496.272
 40
42.42
 50
352.493
 51
355.365
  0
ARC
  8
APS_GEOMETRY
 10
4358.155
 20
-492.716
 40
86.427
 50
355.365
 51
357.376
  0
ARC
  8
APS_GEOMETRY
 10
4327.443
 20
-491.309
 40
117.171
 50
357.376
 51
358.861
  0
ARC
  8
APS_GEOMETRY
 10
4245.616
 20
-489.682
 40
199.014
 50
358.861
 51
0.0
  0
ARC
  8
APS_GEOMETRY
 10
4319.206
 20
-489.682
 40
125.424
 50
360.0
 51
1.926
  0
ARC
  8
APS_GEOMETRY
 10
4377.592
 20
-487.718
 40
67.005
 50
1.926
 51
4.562
  0
ARC
  8
APS_GEOMETRY
 10
4398.18
 20
-486.075
 40
46.352
 50
4.562
 51
8.366
  0
ARC
  8
APS_GEOMETRY
 10
4424.956
 20
-482.138
 40
19.288
 50
8.366
 51
14.265
  0
ARC
  8
APS_GEOMETRY
 10
4435.081
 20
-479.577
 40
8.844
 50
14.349
 51
23.629
  0
ARC
  8
APS_GEOMETRY
 10
4440.215
 20
-477.331
 40
3.24
 50
23.629
 51
38.991
  0
ARC
  8
APS_GEOMETRY
 10
4440.234
 20
-477.315
 40
3.215
 50
38.991
 51
54.462
  0
ARC
  8
APS_GEOMETRY
 10
4437.23
 20
-481.521
 40
8.384
 50
54.462
 51
64.026
  0
ARC
  8
APS_GEOMETRY
 10
4445.708
 20
-464.154
 40
10.942
 50
235.472
 51
243.947
  0
ARC
  8
APS_GEOMETRY
 10
4441.329
 20
-470.519
 40
3.216
 50
219.806
 51
235.472
  0
ARC
  8
APS_GEOMETRY
 10
4440.666
 20
-471.071
 40
2.353
 50
198.939
 51
219.806
  0
ARC
  8
APS_GEOMETRY
 10
4441.136
 20
-470.91
 40
2.851
 50
180.0
 51
198.939
  0
ARC
  8
APS_GEOMETRY
 10
4440.997
 20
-470.91
 40
2.712
 50
126.254
 51
180.0
  0
ARC
  8
APS_GEOMETRY
 10
4445.137
 20
-476.554
 40
9.711
 50
98.616
 51
126.254
  0
ARC
  8
APS_GEOMETRY
 10
4445.72
 20
-481.218
 40
14.41
 50
94.456
 51
98.13
  0
ARC
  8
APS_GEOMETRY
 10
4447.968
 20
-510.07
 40
43.349
 50
92.337
 51
94.456
  0
ARC
  8
APS_GEOMETRY
 10
4448.926
 20
-533.548
 40
66.847
 50
90.963
 51
92.337
  0
ARC
  8
APS_GEOMETRY
 10
4450.092
 20
-602.897
 40
136.206
 50
90.0
 51
90.963
  0
ARC
  8
APS_GEOMETRY
 10
4450.092
 20
-491.513
 40
24.822
 50
83.928
 51
90.0
  0
ARC
  8
APS_GEOMETRY
 10
4452.128
 20
-472.376
 40
5.577
 50
71.095
 51
83.928
  0
ARC
  8
APS_GEOMETRY
 10
4452.314
 20
-471.833
 40
5.003
 50
56.848
 51
71.095
  0
ARC
  8
APS_GEOMETRY
 10
4446.811
 20
-480.257
 40
15.065
 50
48.652
 51
56.848
  0
ARC
  8
APS_GEOMETRY
 10
4515.571
 20
-507.299
 40
40.608
 50
84.71
 51
90.0
  0
ARC
  8
APS_GEOMETRY
 10
4516.315
 20
-499.259
 40
32.533
 50
78.799
 51
84.71
  0
ARC
  8
APS_GEOMETRY
 10
4521.132
 20
-474.916
 40
7.718
 50
49.783
 51
78.771
  0
ARC
  8
APS_GEOMETRY
 10
4524.353
 20
-471.106
 40
2.729
 50
360.0
 51
49.783
  0
ARC
  8
APS_GEOMETRY
 10
4524.063
 20
-471.106
 40
3.02
 50
342.759
 51
360.0
  0
ARC
  8
APS_GEOMETRY
 10
4525.638
 20
-471.595
 40
1.37
 50
317.045
 51
342.759
  0
ARC
  8
APS_GEOMETRY
 10
4524.877
 20
-470.887
 40
2.41
 50
301.817
 51
317.045
  0
ARC
  8
APS_GEOMETRY
 10
4513.621
 20
-452.745
 40
23.76
 50
296.98
 51
301.817
  0
ARC
  8
APS_GEOMETRY
 10
4525.623
 20
-476.363
 40
2.733
 50
116.565
 51
149.078
  0
ARC
  8
APS_GEOMETRY
 10
4529.142
 20
-478.471
 40
6.835
 50
149.078
 51
169.469
  0
ARC
  8
APS_GEOMETRY
 10
4536.646
 20
-479.866
 40
14.468
 50
169.469
 51
174.598
  0
ARC
  8
APS_GEOMETRY
 10
4575.31
 20
-483.522
 40
53.304
 50
174.598
 51
177.269
  0
ARC
  8
APS_GEOMETRY
 10
4609.308
 20
-485.144
 40
87.341
 50
177.269
 51
178.901
  0
ARC
  8
APS_GEOMETRY
 10
4714.615
 20
-487.163
 40
192.667
 50
178.901
 51
180.0
  0
ARC
  8
APS_GEOMETRY
 10
4928.604
 20
-487.163
 40
406.657
 50
180.0
 51
180.88
  0
ARC
  8
APS_GEOMETRY
 10
4678.084
 20
-491.011
 40
156.107
 50
180.88
 51
182.3
  0
ARC
  8
APS_GEOMETRY
 10
4604.859
 20
-493.953
 40
82.823
 50
182.3
 51
184.974
  0
ARC
  8
APS_GEOMETRY
 10
4535.038
 20
-500.029
 40
12.738
 50
184.974
 51
191.793
  0
ARC
  8
APS_GEOMETRY
 10
4526.928
 20
-501.58
 40
4.484
 50
193.57
 51
205.787
  0
ARC
  8
APS_GEOMETRY
 10
4524.911
 20
-502.555
 40
2.244
 50
205.787
 51
223.091
  0
ARC
  8
APS_GEOMETRY
 10
4525.422
 20
-502.076
 40
2.944
 50
223.091
 51
236.441
  0
ARC
  8
APS_GEOMETRY
 10
4529.706
 20
-495.619
 40
10.693
 50
236.441
 51
243.435
  0
ARC
  8
APS_GEOMETRY
 10
4523.148
 20
-509.09
 40
4.291
 50
37.185
 51
65.556
  0
ARC
  8
APS_GEOMETRY
 10
4524.547
 20
-508.028
 40
2.535
 50
360.0
 51
37.185
  0
ARC
  8
APS_GEOMETRY
 10
4524.47
 20
-508.028
 40
2.612
 50
312.039
 51
360.0
  0
ARC
  8
APS_GEOMETRY
 10
4521.359
 20
-504.578
 40
7.258
 50
283.815
 51
312.039
  0
ARC
  8
APS_GEOMETRY
 10
4516.219
 20
-483.273
 40
29.174
 50
279.273
 51
283.627
  0
ARC
  8
APS_GEOMETRY
 10
4514.164
 20
-470.687
 40
41.926
 50
275.641
 51
279.273
  0
ARC
  8
APS_GEOMETRY
 10
4513.379
 20
-462.733
 40
49.919
 50
272.588
 51
275.641
  0
ARC
  8
APS_GEOMETRY
 10
4512.497
 20
-443.216
 40
69.456
 50
270.0
 51
272.588
  0
ARC
  8
APS_GEOMETRY
 10
4512.497
 20
-470.778
 40
41.894
 50
262.774
 51
270.0
  0
ARC
  8
APS_GEOMETRY
 10
4508.72
 20
-500.566
 40
11.868
 50
249.175
 51
262.774
  0
ARC
  8
APS_GEOMETRY
 10
4506.347
 20
-506.804
 40
5.194
 50
221.23
 51
249.175
  0
ARC
  8
APS_GEOMETRY
 10
4504.278
 20
-508.617
 40
2.443
 50
180.0
 51
221.23
  0
ARC
  8
APS_GEOMETRY
 10
4503.876
 20
-508.617
 40
2.041
 50
142.696
 51
180.0
  0
ARC
  8
APS_GEOMETRY
 10
4507.098
 20
-511.071
 40
6.091
 50
121.357
 51
142.696
  0
ARC
  8
APS_GEOMETRY
 10
4501.655
 20
-502.156
 40
4.354
 50
301.477
 51
324.728
  0
ARC
  8
APS_GEOMETRY
 10
4502.235
 20
-502.567
 40
3.643
 50
324.728
 51
350.181
  0
ARC
  8
APS_GEOMETRY
 10
4483.994
 20
-499.55
 40
22.132
 50
350.538
 51
355.423
  0
ARC
  8
APS_GEOMETRY
 10
4409.042
 20
-493.549
 40
97.324
 50
355.423
 51
357.752
  0
ARC
  8
APS_GEOMETRY
 10
4339.449
 20
-490.817
 40
166.971
 50
357.752
 51
359.111
  0
ARC
  8
APS_GEOMETRY
 10
4116.702
 20
-487.36
 40
389.744
 50
359.111
 51
0.0
  0
ARC
  8
APS_GEOMETRY
 10
4371.223
 20
-487.36
 40
135.223
 50
0.0
 51
1.773
  0
ARC
  8
APS_GEOMETRY
 10
4450.583
 20
-484.903
 40
55.825
 50
1.773
 51
4.532
  0
ARC
  8
APS_GEOMETRY
 10
4474.704
 20
-482.991
 40
31.629
 50
4.532
 51
9.384
  0
ARC
  8
APS_GEOMETRY
 10
4499.197
 20
-478.944
 40
6.803
 50
9.384
 51
19.855
  0
ARC
  8
APS_GEOMETRY
 10
4502.439
 20
-477.711
 40
3.336
 50
18.853
 51
42.158
  0
ARC
  8
APS_GEOMETRY
 10
4499.661
 20
-480.227
 40
7.084
 50
42.158
 51
58.092
  0
ARC
  8
APS_GEOMETRY
 10
4511.889
 20
-461.329
 40
15.426
 50
230.711
 51
236.634
  0
ARC
  8
APS_GEOMETRY
 10
4504.208
 20
-470.718
 40
3.296
 50
217.875
 51
230.711
  0
ARC
  8
APS_GEOMETRY
 10
4503.155
 20
-471.537
 40
1.962
 50
196.928
 51
217.875
  0
ARC
  8
APS_GEOMETRY
 10
4504.141
 20
-471.237
 40
2.992
 50
180.0
 51
196.928
  0
ARC
  8
APS_GEOMETRY
 10
4503.496
 20
-471.237
 40
2.347
 50
148.791
 51
180.0
  0
ARC
  8
APS_GEOMETRY
 10
4504.111
 20
-471.61
 40
3.067
 50
121.569
 51
148.791
  0
ARC
  8
APS_GEOMETRY
 10
4505.216
 20
-473.408
 40
5.178
 50
112.806
 51
121.569
  0
ARC
  8
APS_GEOMETRY
 10
4508.204
 20
-480.513
 40
12.885
 50
107.254
 51
112.806
  0
ARC
  8
APS_GEOMETRY
 10
4510.033
 20
-486.404
 40
19.054
 50
103.487
 51
107.254
  0
ARC
  8
APS_GEOMETRY
 10
4514.224
 20
-503.877
 40
37.022
 50
100.784
 51
103.487
  0
ARC
  8
APS_GEOMETRY
 10
4515.537
 20
-508.708
 40
42.015
 50
95.643
 51
101.31
  0
ARC
  8
APS_GEOMETRY
 10
4515.571
 20
-509.053
 40
42.362
 50
90.0
 51
95.643
  0
ARC
  8
APS_GEOMETRY
 10
4556.241
 20
-487.726
 40
21.264
 50
77.257
 51
90.0
  0
ARC
  8
APS_GEOMETRY
 10
4556.025
 20
-488.681
 40
22.243
 50
64.799
 51
77.257
  0
ARC
  8
APS_GEOMETRY
 10
4574.342
 20
-449.683
 40
20.843
 50
244.885
 51
251.175
  0
ARC
  8
APS_GEOMETRY
 10
4568.374
 20
-467.19
 40
2.346
 50
251.175
 51
270.0
  0
ARC
  8
APS_GEOMETRY
 10
4568.374
 20
-465.73
 40
3.806
 50
270.0
 51
278.82
  0
ARC
  8
APS_GEOMETRY
 10
4565.915
 20
-449.882
 40
19.844
 50
278.82
 51
282.68
  0
ARC
  8
APS_GEOMETRY
 10
4571.06
 20
-472.663
 40
3.511
 50
95.906
 51
102.995
  0
ARC
  8
APS_GEOMETRY
 10
4571.219
 20
-474.199
 40
5.055
 50
90.0
 51
95.906
  0
ARC
  8
APS_GEOMETRY
 10
4571.219
 20
-472.499
 40
3.356
 50
62.447
 51
90.0
  0
ARC
  8
APS_GEOMETRY
 10
4570.622
 20
-473.643
 40
4.645
 50
39.094
 51
62.447
  0
ARC
  8
APS_GEOMETRY
 10
4564.388
 20
-478.857
 40
12.772
 50
18.435
 51
39.611
  0
ARC
  8
APS_GEOMETRY
 10
4560.561
 20
-480.132
 40
16.806
 50
360.0
 51
18.435
  0
ARC
  8
APS_GEOMETRY
 10
4569.034
 20
-480.132
 40
8.333
 50
334.877
 51
360.0
  0
ARC
  8
APS_GEOMETRY
 10
4571.54
 20
-481.308
 40
5.565
 50
304.007
 51
334.877
  0
ARC
  8
APS_GEOMETRY
 10
4571.499
 20
-481.19
 40
5.686
 50
286.39
 51
303.69
  0
ARC
  8
APS_GEOMETRY
 10
4571.317
 20
-480.571
 40
6.33
 50
270.0
 51
286.39
  0
ARC
  8
APS_GEOMETRY
 10
4571.317
 20
-480.645
 40
6.257
 50
255.155
 51
270.0
  0
ARC
  8
APS_GEOMETRY
 10
4570.632
 20
-483.231
 40
3.581
 50
235.491
 51
255.155
  0
ARC
  8
APS_GEOMETRY
 10
4570.976
 20
-482.731
 40
4.189
 50
218.48
 51
235.491
  0
ARC
  8
APS_GEOMETRY
 10
4576.597
 20
-478.263
 40
11.369
 50
208.179
 51
218.48
  0
ARC
  8
APS_GEOMETRY
 10
4518.972
 20
-509.542
 40
54.198
 50
28.56
 51
31.664
  0
ARC
  8
APS_GEOMETRY
 10
4554.184
 20
-487.825
 40
12.827
 50
31.664
 51
38.047
  0
ARC
  8
APS_GEOMETRY
 10
4556.744
 20
-485.822
 40
9.576
 50
38.047
 51
46.56
  0
ARC
  8
APS_GEOMETRY
 10
4555.414
 20
-487.227
 40
11.512
 50
46.56
 51
54.324
  0
ARC
  8
APS_GEOMETRY
 10
4554.646
 20
-488.548
 40
13.034
 50
54.968
 51
71.48
  0
ARC
  8
APS_GEOMETRY
 10
4555.489
 20
-486.032
 40
10.38
 50
71.48
 51
90.0
  0
ARC
  8
APS_GEOMETRY
 10
4555.489
 20
-482.902
 40
7.251
 50
90.0
 51
114.63
  0
ARC
  8
APS_GEOMETRY
 10
4555.124
 20
-482.108
 40
6.377
 50
114.63
 51
140.921
  0
ARC
  8
APS_GEOMETRY
 10
4556.2
 20
-482.982
 40
7.763
 50
140.921
 51
163.13
  0
ARC
  8
APS_GEOMETRY
 10
4561.578
 20
-484.613
 40
13.382
 50
163.13
 51
180.0
  0
ARC
  8
APS_GEOMETRY
 10
4568.551
 20
-484.613
 40
20.355
 50
180.0
 51
195.44
  0
ARC
  8
APS_GEOMETRY
 10
4567.493
 20
-484.905
 40
19.258
 50
195.44
 51
211.316
  0
ARC
  8
APS_GEOMETRY
 10
4562.404
 20
-487.894
 40
13.357
 50
211.708
 51
240.457
  0
ARC
  8
APS_GEOMETRY
 10
4562.062
 20
-488.497
 40
12.663
 50
240.457
 51
270.0
  0
ARC
  8
APS_GEOMETRY
 10
4562.062
 20
-485.41
 40
15.751
 50
270.0
 51
279.549
  0
ARC
  8
APS_GEOMETRY
 10
4561.866
 20
-484.246
 40
16.931
 50
279.549
 51
288.759
  0
ARC
  8
APS_GEOMETRY
 10
4562.692
 20
-486.676
 40
14.364
 50
288.759
 51
299.545
  0
ARC
  8
APS_GEOMETRY
 10
4566.001
 20
-492.515
 40
7.652
 50
299.545
 51
314.341
  0
ARC
  8
APS_GEOMETRY
 10
4576.236
 20
-503.146
 40
7.105
 50
120.141
 51
133.452
  0
ARC
  8
APS_GEOMETRY
 10
4573.377
 20
-498.223
 40
1.412
 50
90.0
 51
120.141
  0
ARC
  8
APS_GEOMETRY
 10
4573.377
 20
-499.041
 40
2.23
 50
61.952
 51
90.0
  0
ARC
  8
APS_GEOMETRY
 10
4573.045
 20
-499.664
 40
2.936
 50
37.569
 51
61.952
  0
ARC
  8
APS_GEOMETRY
 10
4572.426
 20
-500.14
 40
3.717
 50
17.665
 51
37.569
  0
ARC
  8
APS_GEOMETRY
 10
4571.481
 20
-500.441
 40
4.709
 50
360.0
 51
17.665
  0
ARC
  8
APS_GEOMETRY
 10
4569.109
 20
-500.441
 40
7.081
 50
344.932
 51
360.0
  0
ARC
  8
APS_GEOMETRY
 10
4562.811
 20
-498.745
 40
13.603
 50
334.075
 51
344.932
  0
ARC
  8
APS_GEOMETRY
 10
4562.613
 20
-498.649
 40
13.823
 50
323.374
 51
334.075
  0
ARC
  8
APS_GEOMETRY
 10
4566.677
 20
-501.67
 40
8.76
 50
309.92
 51
323.374
  0
ARC
  8
APS_GEOMETRY
 10
4570.738
 20
-506.461
 40
2.48
 50
289.026
 51
308.991
  0
ARC
  8
APS_GEOMETRY
 10
4566.405
 20
-493.895
 40
15.771
 50
281.143
 51
289.026
  0
ARC
  8
APS_GEOMETRY
 10
4570.799
 20
-516.677
 40
7.431
 50
100.437
 51
110.12
  0
ARC
  8
APS_GEOMETRY
 10
4576.62
 20
-532.567
 40
24.353
 50
110.12
 51
115.463
  0
ARC
  8
APS_GEOMETRY
 10
4555.839
 20
-489.086
 40
23.838
 50
282.94
 51
295.628
  0
ARC
  8
APS_GEOMETRY
 10
4556.044
 20
-489.98
 40
22.921
 50
270.0
 51
282.94
  0
ARC
  8
APS_GEOMETRY
 10
4556.044
 20
-488.626
 40
24.275
 50
257.307
 51
270.0
  0
ARC
  8
APS_GEOMETRY
 10
4557.069
 20
-484.077
 40
28.939
 50
245.686
 51
257.307
  0
ARC
  8
APS_GEOMETRY
 10
4554.499
 20
-489.718
 40
22.739
 50
228.801
 51
245.735
  0
ARC
  8
APS_GEOMETRY
 10
4554.542
 20
-489.669
 40
22.805
 50
211.891
 51
228.801
  0
ARC
  8
APS_GEOMETRY
 10
4555.89
 20
-488.699
 40
24.462
 50
196.728
 51
212.152
  0
ARC
  8
APS_GEOMETRY
 10
4552.402
 20
-489.747
 40
20.82
 50
180.0
 51
196.728
  0
ARC
  8
APS_GEOMETRY
 10
4552.909
 20
-489.747
 40
21.327
 50
161.184
 51
180.0
  0
ARC
  8
APS_GEOMETRY
 10
4554.278
 20
-490.213
 40
22.773
 50
142.98
 51
161.184
  0
ARC
  8
APS_GEOMETRY
 10
4555.342
 20
-491.028
 40
24.112
 50
127.824
 51
142.958
  0
ARC
  8
APS_GEOMETRY
 10
4557.096
 20
-493.287
 40
26.973
 50
113.52
 51
127.824
  0
ARC
  8
APS_GEOMETRY
 10
4556.525
 20
-491.968
 40
25.535
 50
101.927
 51
113.527
  0
ARC
  8
APS_GEOMETRY
 10
4556.241
 20
-490.623
 40
24.161
 50
90.0
 51
101.927
  0
ARC
  8
APS_GEOMETRY
 10
4600.789
 20
-507.299
 40
40.608
 50
84.71
 51
90.0
  0
ARC
  8
APS_GEOMETRY
 10
4601.534
 20
-499.259
 40
32.533
 50
78.799
 51
84.71
  0
ARC
  8
APS_GEOMETRY
 10
4606.35
 20
-474.916
 40
7.718
 50
49.783
 51
78.771
  0
ARC
  8
APS_GEOMETRY
 10
4609.572
 20
-471.106
 40
2.729
 50
360.0
 51
49.783
  0
ARC
  8
APS_GEOMETRY
 10
4609.281
 20
-471.106
 40
3.02
 50
342.759
 51
360.0
  0
ARC
  8
APS_GEOMETRY
 10
4610.857
 20
-471.595
 40
1.37
 50
317.045
 51
342.759
  0
ARC
  8
APS_GEOMETRY
 10
4610.096
 20
-470.887
 40
2.41
 50
301.817
 51
317.045
  0
ARC
  8
APS_GEOMETRY
 10
4598.84
 20
-452.745
 40
23.76
 50
296.98
 51
301.817
  0
ARC
  8
APS_GEOMETRY
 10
4610.841
 20
-476.363
 40
2.733
 50
116.565
 51
149.078
  0
ARC
  8
APS_GEOMETRY
 10
4614.361
 20
-478.471
 40
6.835
 50
149.078
 51
169.469
  0
ARC
  8
APS_GEOMETRY
 10
4621.865
 20
-479.866
 40
14.468
 50
169.469
 51
174.598
  0
ARC
  8
APS_GEOMETRY
 10
4660.529
 20
-483.522
 40
53.304
 50
174.598
 51
177.269
  0
ARC
  8
APS_GEOMETRY
 10
4694.527
 20
-485.144
 40
87.341
 50
177.269
 51
178.901
  0
ARC
  8
APS_GEOMETRY
 10
4799.833
 20
-487.163
 40
192.667
 50
178.901
 51
180.0
  0
ARC
  8
APS_GEOMETRY
 10
5013.823
 20
-487.163
 40
406.657
 50
180.0
 51
180.88
  0
ARC
  8
APS_GEOMETRY
 10
4763.303
 20
-491.011
 40
156.107
 50
180.88
 51
182.3
  0
ARC
  8
APS_GEOMETRY
 10
4690.078
 20
-493.953
 40
82.823
 50
182.3
 51
184.974
  0
ARC
  8
APS_GEOMETRY
 10
4620.257
 20
-500.029
 40
12.738
 50
184.974
 51
191.793
  0
ARC
  8
APS_GEOMETRY
 10
4612.147
 20
-501.58
 40
4.484
 50
193.57
 51
205.787
  0
ARC
  8
APS_GEOMETRY
 10
4610.13
 20
-502.555
 40
2.244
 50
205.787
 51
223.091
  0
ARC
  8
APS_GEOMETRY
 10
4610.641
 20
-502.076
 40
2.944
 50
223.091
 51
236.441
  0
ARC
  8
APS_GEOMETRY
 10
4614.925
 20
-495.619
 40
10.693
 50
236.441
 51
243.435
  0
ARC
  8
APS_GEOMETRY
 10
4608.367
 20
-509.09
 40
4.291
 50
37.185
 51
65.556
  0
ARC
  8
APS_GEOMETRY
 10
4609.766
 20
-508.028
 40
2.535
 50
360.0
 51
37.185
  0
ARC
  8
APS_GEOMETRY
 10
4609.689
 20
-508.028
 40
2.612
 50
312.039
 51
360.0
  0
ARC
  8
APS_GEOMETRY
 10
4606.578
 20
-504.578
 40
7.258
 50
283.815
 51
312.039
  0
ARC
  8
APS_GEOMETRY
 10
4601.438
 20
-483.273
 40
29.174
 50
279.273
 51
283.627
  0
ARC
  8
APS_GEOMETRY
 10
4599.383
 20
-470.687
 40
41.926
 50
275.641
 51
279.273
  0
ARC
  8
APS_GEOMETRY
 10
4598.597
 20
-462.733
 40
49.919
 50
272.588
 51
275.641
  0
ARC
  8
APS_GEOMETRY
 10
4597.715
 20
-443.216
 40
69.456
 50
270.0
 51
272.588
  0
ARC
  8
APS_GEOMETRY
 10
4597.715
 20
-470.778
 40
41.894
 50
262.774
 51
270.0
  0
ARC
  8
APS_GEOMETRY
 10
4593.939
 20
-500.566
 40
11.868
 50
249.175
 51
262.774
  0
ARC
  8
APS_GEOMETRY
 10
4591.566
 20
-506.804
 40
5.194
 50
221.23
 51
249.175
  0
ARC
  8
APS_GEOMETRY
 10
4589.497
 20
-508.617
 40
2.443
 50
180.0
 51
221.23
  0
ARC
  8
APS_GEOMETRY
 10
4589.095
 20
-508.617
 40
2.041
 50
142.696
 51
180.0
  0
ARC
  8
APS_GEOMETRY
 10
4592.317
 20
-511.071
 40
6.091
 50
121.357
 51
142.696
  0
ARC
  8
APS_GEOMETRY
 10
4586.873
 20
-502.156
 40
4.354
 50
301.477
 51
324.728
  0
ARC
  8
APS_GEOMETRY
 10
4587.454
 20
-502.567
 40
3.643
 50
324.728
 51
350.181
  0
ARC
  8
APS_GEOMETRY
 10
4569.213
 20
-499.55
 40
22.132
 50
350.538
 51
355.423
  0
ARC
  8
APS_GEOMETRY
 10
4494.261
 20
-493.549
 40
97.324
 50
355.423
 51
357.752
  0
ARC
  8
APS_GEOMETRY
 10
4424.667
 20
-490.817
 40
166.971
 50
357.752
 51
359.111
  0
ARC
  8
APS_GEOMETRY
 10
4201.921
 20
-487.36
 40
389.744
 50
359.111
 51
0.0
  0
ARC
  8
APS_GEOMETRY
 10
4456.442
 20
-487.36
 40
135.223
 50
0.0
 51
1.773
  0
ARC
  8
APS_GEOMETRY
 10
4535.802
 20
-484.903
 40
55.825
 50
1.773
 51
4.532
  0
ARC
  8
APS_GEOMETRY
 10
4559.923
 20
-482.991
 40
31.629
 50
4.532
 51
9.384
  0
ARC
  8
APS_GEOMETRY
 10
4584.416
 20
-478.944
 40
6.803
 50
9.384
 51
19.855
  0
ARC
  8
APS_GEOMETRY
 10
4587.658
 20
-477.711
 40
3.336
 50
18.853
 51
42.158
  0
ARC
  8
APS_GEOMETRY
 10
4584.879
 20
-480.227
 40
7.084
 50
42.158
 51
58.092
  0
ARC
  8
APS_GEOMETRY
 10
4597.108
 20
-461.329
 40
15.426
 50
230.711
 51
236.634
  0
ARC
  8
APS_GEOMETRY
 10
4589.426
 20
-470.718
 40
3.296
 50
217.875
 51
230.711
  0
ARC
  8
APS_GEOMETRY
 10
4588.373
 20
-471.537
 40
1.962
 50
196.928
 51
217.875
  0
ARC
  8
APS_GEOMETRY
 10
4589.359
 20
-471.237
 40
2.992
 50
180.0
 51
196.928
  0
ARC
  8
APS_GEOMETRY
 10
4588.714
 20
-471.237
 40
2.347
 50
148.791
 51
180.0
  0
ARC
  8
APS_GEOMETRY
 10
4589.33
 20
-471.61
 40
3.067
 50
121.569
 51
148.791
  0
ARC
  8
APS_GEOMETRY
 10
4590.435
 20
-473.408
 40
5.178
 50
112.806
 51
121.569
  0
ARC
  8
APS_GEOMETRY
 10
4593.422
 20
-480.513
 40
12.885
 50
107.254
 51
112.806
  0
ARC
  8
APS_GEOMETRY
 10
4595.252
 20
-486.404
 40
19.054
 50
103.487
 51
107.254
  0
ARC
  8
APS_GEOMETRY
 10
4599.443
 20
-503.877
 40
37.022
 50
100.784
 51
103.487
  0
ARC
  8
APS_GEOMETRY
 10
4600.755
 20
-508.708
 40
42.015
 50
95.643
 51
101.31
  0
ARC
  8
APS_GEOMETRY
 10
4600.789
 20
-509.053
 40
42.362
 50
90.0
 51
95.643
  0
LINE
  8
APS_GEOMETRY
 10
4669.938
 11
4669.938
 20
-496.615
 21
-479.413
  0
ARC
  8
APS_GEOMETRY
 10
4630.216
 20
-479.413
 40
39.721
 50
0.0
 51
2.404
  0
ARC
  8
APS_GEOMETRY
 10
4653.734
 20
-478.426
 40
16.183
 50
2.404
 51
6.17
  0
ARC
  8
APS_GEOMETRY
 10
4660.783
 20
-477.663
 40
9.093
 50
6.17
 51
12.824
  0
ARC
  8
APS_GEOMETRY
 10
4667.682
 20
-476.093
 40
2.017
 50
12.824
 51
26.98
  0
ARC
  8
APS_GEOMETRY
 10
4668.005
 20
-475.929
 40
1.655
 50
26.98
 51
59.65
  0
ARC
  8
APS_GEOMETRY
 10
4664.967
 20
-481.117
 40
7.668
 50
59.65
 51
74.667
  0
ARC
  8
APS_GEOMETRY
 10
4668.469
 20
-468.618
 40
5.313
 50
225.0
 51
253.887
  0
ARC
  8
APS_GEOMETRY
 10
4666.308
 20
-470.779
 40
2.257
 50
180.0
 51
225.0
  0
ARC
  8
APS_GEOMETRY
 10
4666.723
 20
-470.779
 40
2.672
 50
151.157
 51
180.0
  0
ARC
  8
APS_GEOMETRY
 10
4666.717
 20
-470.776
 40
2.665
 50
122.276
 51
151.157
  0
ARC
  8
APS_GEOMETRY
 10
4667.481
 20
-471.985
 40
4.096
 50
102.308
 51
122.276
  0
ARC
  8
APS_GEOMETRY
 10
4668.891
 20
-478.449
 40
10.712
 50
90.0
 51
102.308
  0
ARC
  8
APS_GEOMETRY
 10
4668.891
 20
-490.904
 40
23.166
 50
88.989
 51
90.0
  0
ARC
  8
APS_GEOMETRY
 10
4666.944
 20
-601.249
 40
133.528
 50
88.568
 51
88.989
  0
ARC
  8
APS_GEOMETRY
 10
4664.194
 20
-711.253
 40
243.567
 50
88.337
 51
88.568
  0
ARC
  8
APS_GEOMETRY
 10
4653.536
 20
-1078.369
 40
610.838
 50
88.191
 51
88.337
  0
LINE
  8
APS_GEOMETRY
 10
4672.816
 11
4674.745
 20
-467.836
 21
-467.836
  0
ARC
  8
APS_GEOMETRY
 10
4668.263
 20
608.114
 40
1075.969
 50
270.345
 51
270.49
  0
ARC
  8
APS_GEOMETRY
 10
4674.303
 20
-98.497
 40
369.332
 50
270.49
 51
270.736
  0
ARC
  8
APS_GEOMETRY
 10
4676.782
 20
-291.368
 40
176.445
 50
270.736
 51
271.253
  0
ARC
  8
APS_GEOMETRY
 10
4680.308
 20
-452.585
 40
15.19
 50
271.253
 51
273.013
  0
ARC
  8
APS_GEOMETRY
 10
4680.161
 20
-449.797
 40
17.982
 50
273.013
 51
274.5
  0
ARC
  8
APS_GEOMETRY
 10
4663.505
 20
-238.144
 40
230.289
 50
274.5
 51
274.915
  0
LINE
  8
APS_GEOMETRY
 10
4683.236
 11
4685.199
 20
-467.586
 21
-467.414
  0
LINE
  8
APS_GEOMETRY
 10
4685.199
 11
4687.761
 20
-467.414
 21
-467.182
  0
ARC
  8
APS_GEOMETRY
 10
4691.974
 20
-507.905
 40
40.941
 50
93.24
 51
95.906
  0
ARC
  8
APS_GEOMETRY
 10
4691.228
 20
-494.722
 40
27.736
 50
90.0
 51
93.24
  0
ARC
  8
APS_GEOMETRY
 10
4691.228
 20
-490.539
 40
23.553
 50
77.12
 51
90.0
  0
ARC
  8
APS_GEOMETRY
 10
4692.468
 20
-485.112
 40
17.987
 50
62.371
 51
77.12
  0
ARC
  8
APS_GEOMETRY
 10
4694.569
 20
-481.173
 40
13.522
 50
31.215
 51
62.517
  0
ARC
  8
APS_GEOMETRY
 10
4694.506
 20
-481.211
 40
13.597
 50
360.0
 51
31.215
  0
ARC
  8
APS_GEOMETRY
 10
4694.141
 20
-481.211
 40
13.962
 50
334.496
 51
360.0
  0
ARC
  8
APS_GEOMETRY
 10
4694.827
 20
-481.539
 40
13.201
 50
308.254
 51
334.496
  0
ARC
  8
APS_GEOMETRY
 10
4692.728
 20
-478.773
 40
16.674
 50
287.855
 51
308.034
  0
ARC
  8
APS_GEOMETRY
 10
4691.326
 20
-474.42
 40
21.247
 50
270.0
 51
287.855
  0
ARC
  8
APS_GEOMETRY
 10
4691.326
 20
-463.469
 40
32.197
 50
266.918
 51
270.0
  0
ARC
  8
APS_GEOMETRY
 10
4693.28
 20
-427.172
 40
68.546
 50
264.806
 51
266.918
  0
ARC
  8
APS_GEOMETRY
 10
4680.208
 20
-589.282
 40
94.095
 50
85.815
 51
86.634
  0
ARC
  8
APS_GEOMETRY
 10
4685.406
 20
-500.903
 40
5.563
 50
86.634
 51
90.0
  0
ARC
  8
APS_GEOMETRY
 10
4685.406
 20
-496.16
 40
0.821
 50
90.0
 51
139.686
  0
ARC
  8
APS_GEOMETRY
 10
4685.711
 20
-496.419
 40
1.22
 50
139.686
 51
180.0
  0
LINE
  8
APS_GEOMETRY
 10
4684.491
 11
4684.491
 20
-496.419
 21
-496.615
  0
LINE
  8
APS_GEOMETRY
 10
4684.491
 11
4684.72
 20
-496.615
 21
-501.978
  0
ARC
  8
APS_GEOMETRY
 10
4692.47
 20
-501.655
 40
7.757
 50
182.386
 51
193.753
  0
ARC
  8
APS_GEOMETRY
 10
4687.472
 20
-502.879
 40
2.612
 50
193.753
 51
213.408
  0
ARC
  8
APS_GEOMETRY
 10
4687.528
 20
-502.841
 40
2.679
 50
213.408
 51
232.628
  0
ARC
  8
APS_GEOMETRY
 10
4692.039
 20
-496.936
 40
10.11
 50
232.628
 51
242.488
  0
ARC
  8
APS_GEOMETRY
 10
4684.516
 20
-511.2
 40
6.017
 50
40.539
 51
61.699
  0
ARC
  8
APS_GEOMETRY
 10
4687.804
 20
-508.388
 40
1.69
 50
360.0
 51
40.539
  0
ARC
  8
APS_GEOMETRY
 10
4687.225
 20
-508.388
 40
2.269
 50
315.297
 51
360.0
  0
ARC
  8
APS_GEOMETRY
 10
4684.155
 20
-505.35
 40
6.588
 50
289.502
 51
315.297
  0
ARC
  8
APS_GEOMETRY
 10
4681.906
 20
-498.999
 40
13.326
 50
282.372
 51
289.502
  0
ARC
  8
APS_GEOMETRY
 10
4679.543
 20
-488.228
 40
24.353
 50
277.099
 51
282.372
  0
ARC
  8
APS_GEOMETRY
 10
4678.572
 20
-480.428
 40
32.213
 50
273.104
 51
277.099
  0
ARC
  8
APS_GEOMETRY
 10
4677.427
 20
-459.31
 40
53.362
 50
270.0
 51
273.104
  0
ARC
  8
APS_GEOMETRY
 10
4677.427
 20
-459.95
 40
52.723
 50
263.473
 51
270.0
  0
ARC
  8
APS_GEOMETRY
 10
4673.094
 20
-497.817
 40
14.609
 50
251.056
 51
263.473
  0
ARC
  8
APS_GEOMETRY
 10
4670.312
 20
-505.922
 40
6.039
 50
224.161
 51
251.056
  0
ARC
  8
APS_GEOMETRY
 10
4667.638
 20
-508.519
 40
2.311
 50
180.0
 51
224.161
  0
ARC
  8
APS_GEOMETRY
 10
4668.118
 20
-508.519
 40
2.791
 50
160.821
 51
180.0
  0
ARC
  8
APS_GEOMETRY
 10
4666.947
 20
-508.112
 40
1.552
 50
135.0
 51
160.821
  0
ARC
  8
APS_GEOMETRY
 10
4668.053
 20
-509.218
 40
3.117
 50
121.522
 51
135.0
  0
ARC
  8
APS_GEOMETRY
 10
4680.538
 20
-529.574
 40
26.996
 50
116.952
 51
121.522
  0
ARC
  8
APS_GEOMETRY
 10
4666.906
 20
-502.863
 40
2.993
 50
297.824
 51
321.605
  0
ARC
  8
APS_GEOMETRY
 10
4667.595
 20
-503.41
 40
2.113
 50
321.605
 51
349.992
  0
ARC
  8
APS_GEOMETRY
 10
4664.396
 20
-502.845
 40
5.362
 50
349.992
 51
356.014
  0
ARC
  8
APS_GEOMETRY
 10
4615.733
 20
-499.454
 40
54.143
 50
356.014
 51
357.908
  0
ARC
  8
APS_GEOMETRY
 10
4558.929
 20
-497.379
 40
110.985
 50
357.908
 51
358.833
  0
ARC
  8
APS_GEOMETRY
 10
4353.532
 20
-493.194
 40
316.424
 50
358.833
 51
359.381
  0
LINE
  8
APS_GEOMETRY
 10
4684.72
 11
4684.72
 20
-475.259
 21
-486.379
  0
ARC
  8
APS_GEOMETRY
 10
4688.094
 20
-486.379
 40
3.374
 50
180.0
 51
199.885
  0
ARC
  8
APS_GEOMETRY
 10
4685.569
 20
-487.292
 40
0.689
 50
199.885
 51
244.799
  0
ARC
  8
APS_GEOMETRY
 10
4687.02
 20
-484.302
 40
4.013
 50
244.231
 51
258.996
  0
ARC
  8
APS_GEOMETRY
 10
4687.63
 20
-481.165
 40
7.209
 50
258.996
 51
270.0
  0
ARC
  8
APS_GEOMETRY
 10
4687.63
 20
-481.923
 40
6.45
 50
270.0
 51
288.435
  0
ARC
  8
APS_GEOMETRY
 10
4688.093
 20
-483.311
 40
4.987
 50
288.435
 51
309.428
  0
ARC
  8
APS_GEOMETRY
 10
4688.262
 20
-483.486
 40
4.745
 50
309.193
 51
339.939
  0
ARC
  8
APS_GEOMETRY
 10
4682.392
 20
-481.342
 40
10.994
 50
339.939
 51
0.0
  0
ARC
  8
APS_GEOMETRY
 10
4683.038
 20
-481.342
 40
10.348
 50
0.0
 51
22.011
  0
ARC
  8
APS_GEOMETRY
 10
4687.623
 20
-479.489
 40
5.403
 50
22.011
 51
52.651
  0
ARC
  8
APS_GEOMETRY
 10
4687.552
 20
-479.538
 40
5.485
 50
52.374
 51
72.309
  0
ARC
  8
APS_GEOMETRY
 10
4687.107
 20
-480.934
 40
6.95
 50
72.309
 51
90.0
  0
ARC
  8
APS_GEOMETRY
 10
4687.107
 20
-478.036
 40
4.052
 50
90.0
 51
118.113
  0
ARC
  8
APS_GEOMETRY
 10
4685.624
 20
-475.259
 40
0.904
 50
118.113
 51
180.0
  0
ARC
  8
APS_GEOMETRY
 10
4737.457
 20
-492.244
 40
25.782
 50
71.91
 51
90.0
  0
ARC
  8
APS_GEOMETRY
 10
4738.456
 20
-489.187
 40
22.566
 50
52.561
 51
71.91
  0
ARC
  8
APS_GEOMETRY
 10
4738.194
 20
-489.263
 40
22.786
 50
38.846
 51
52.156
  0
ARC
  8
APS_GEOMETRY
 10
4734.622
 20
-492.14
 40
27.372
 50
26.707
 51
38.846
  0
ARC
  8
APS_GEOMETRY
 10
4735.329
 20
-491.562
 40
26.482
 50
13.868
 51
26.278
  0
ARC
  8
APS_GEOMETRY
 10
4740.429
 20
-490.303
 40
21.229
 50
360.0
 51
13.868
  0
ARC
  8
APS_GEOMETRY
 10
4740.759
 20
-490.303
 40
20.899
 50
339.712
 51
360.0
  0
ARC
  8
APS_GEOMETRY
 10
4739.583
 20
-489.868
 40
22.153
 50
320.013
 51
339.712
  0
ARC
  8
APS_GEOMETRY
 10
4739.388
 20
-489.761
 40
22.372
 50
303.344
 51
320.123
  0
ARC
  8
APS_GEOMETRY
 10
4737.092
 20
-486.271
 40
26.548
 50
287.949
 51
303.344
  0
ARC
  8
APS_GEOMETRY
 10
4736.338
 20
-483.656
 40
29.269
 50
279.039
 51
287.776
  0
ARC
  8
APS_GEOMETRY
 10
4736.64
 20
-485.555
 40
27.346
 50
270.0
 51
279.039
  0
ARC
  8
APS_GEOMETRY
 10
4736.64
 20
-486.89
 40
26.011
 50
257.728
 51
270.0
  0
ARC
  8
APS_GEOMETRY
 10
4736.681
 20
-486.702
 40
26.203
 50
245.501
 51
257.728
  0
ARC
  8
APS_GEOMETRY
 10
4735.208
 20
-489.925
 40
22.66
 50
228.665
 51
245.511
  0
ARC
  8
APS_GEOMETRY
 10
4734.718
 20
-490.482
 40
21.918
 50
211.535
 51
228.665
  0
ARC
  8
APS_GEOMETRY
 10
4735.36
 20
-490.01
 40
22.712
 50
195.642
 51
211.701
  0
ARC
  8
APS_GEOMETRY
 10
4736.534
 20
-489.682
 40
23.931
 50
180.0
 51
195.642
  0
ARC
  8
APS_GEOMETRY
 10
4736.785
 20
-489.682
 40
24.183
 50
162.181
 51
180.0
  0
ARC
  8
APS_GEOMETRY
 10
4734.579
 20
-488.972
 40
21.865
 50
143.434
 51
162.181
  0
ARC
  8
APS_GEOMETRY
 10
4734.282
 20
-488.735
 40
21.485
 50
126.384
 51
143.471
  0
ARC
  8
APS_GEOMETRY
 10
4736.316
 20
-491.495
 40
24.914
 50
110.525
 51
126.384
  0
ARC
  8
APS_GEOMETRY
 10
4736.215
 20
-490.746
 40
24.177
 50
99.77
 51
110.925
  0
ARC
  8
APS_GEOMETRY
 10
4737.457
 20
-497.958
 40
31.496
 50
90.0
 51
99.77
  0
ARC
  8
APS_GEOMETRY
 10
4734.35
 20
-480.655
 40
4.807
 50
90.0
 51
119.604
  0
ARC
  8
APS_GEOMETRY
 10
4734.771
 20
-481.396
 40
5.659
 50
119.604
 51
146.842
  0
ARC
  8
APS_GEOMETRY
 10
4735.618
 20
-482.09
 40
6.748
 50
145.84
 51
164.055
  0
ARC
  8
APS_GEOMETRY
 10
4737.579
 20
-482.65
 40
8.788
 50
164.055
 51
180.0
  0
ARC
  8
APS_GEOMETRY
 10
4749.843
 20
-482.65
 40
21.053
 50
180.0
 51
189.977
  0
ARC
  8
APS_GEOMETRY
 10
4768.495
 20
-479.369
 40
39.991
 50
189.977
 51
197.211
  0
ARC
  8
APS_GEOMETRY
 10
4772.575
 20
-478.106
 40
44.261
 50
197.211
 51
203.76
  0
ARC
  8
APS_GEOMETRY
 10
4762.412
 20
-482.58
 40
33.157
 50
203.76
 51
211.329
  0
ARC
  8
APS_GEOMETRY
 10
4741.544
 20
-495.103
 40
8.821
 50
212.32
 51
224.441
  0
ARC
  8
APS_GEOMETRY
 10
4740.688
 20
-495.942
 40
7.623
 50
224.441
 51
237.484
  0
ARC
  8
APS_GEOMETRY
 10
4740.135
 20
-496.809
 40
6.595
 50
237.484
 51
252.416
  0
ARC
  8
APS_GEOMETRY
 10
4739.583
 20
-498.553
 40
4.766
 50
252.416
 51
270.0
  0
ARC
  8
APS_GEOMETRY
 10
4739.583
 20
-497.988
 40
5.331
 50
270.0
 51
294.953
  0
ARC
  8
APS_GEOMETRY
 10
4739.732
 20
-498.309
 40
4.977
 50
294.953
 51
320.793
  0
ARC
  8
APS_GEOMETRY
 10
4738.932
 20
-497.655
 40
6.011
 50
320.793
 51
342.777
  0
ARC
  8
APS_GEOMETRY
 10
4735.364
 20
-496.549
 40
9.746
 50
342.777
 51
0.0
  0
ARC
  8
APS_GEOMETRY
 10
4718.603
 20
-496.549
 40
26.507
 50
0.0
 51
8.499
  0
ARC
  8
APS_GEOMETRY
 10
4706.935
 20
-498.293
 40
38.304
 50
8.499
 51
15.566
  0
ARC
  8
APS_GEOMETRY
 10
4708.338
 20
-497.902
 40
36.848
 50
15.566
 51
22.909
  0
ARC
  8
APS_GEOMETRY
 10
4720.402
 20
-492.804
 40
23.751
 50
22.909
 51
32.057
  0
ARC
  8
APS_GEOMETRY
 10
4729.878
 20
-486.834
 40
12.552
 50
31.921
 51
42.51
  0
ARC
  8
APS_GEOMETRY
 10
4732.48
 20
-484.449
 40
9.022
 50
42.51
 51
55.008
  0
ARC
  8
APS_GEOMETRY
 10
4733.359
 20
-483.194
 40
7.489
 50
55.008
 51
69.88
  0
ARC
  8
APS_GEOMETRY
 10
4734.147
 20
-481.042
 40
5.198
 50
69.88
 51
87.754
  0
ARC
  8
APS_GEOMETRY
 10
4787.971
 20
-495.666
 40
2.42
 50
90.0
 51
115.837
  0
ARC
  8
APS_GEOMETRY
 10
4787.375
 20
-494.436
 40
1.053
 50
115.837
 51
155.462
  0
ARC
  8
APS_GEOMETRY
 10
4788.071
 20
-494.753
 40
1.817
 50
155.462
 51
168.366
  0
ARC
  8
APS_GEOMETRY
 10
4794.417
 20
-496.06
 40
8.296
 50
168.366
 51
174.395
  0
ARC
  8
APS_GEOMETRY
 10
4800.812
 20
-496.687
 40
14.722
 50
174.395
 51
177.813
  0
ARC
  8
APS_GEOMETRY
 10
4822.041
 20
-497.498
 40
35.966
 50
177.813
 51
180.0
  0
ARC
  8
APS_GEOMETRY
 10
4837.409
 20
-497.498
 40
51.335
 50
180.0
 51
184.62
  0
ARC
  8
APS_GEOMETRY
 10
4802.989
 20
-500.279
 40
16.803
 50
184.62
 51
192.7
  0
ARC
  8
APS_GEOMETRY
 10
4789.719
 20
-503.193
 40
3.218
 50
194.036
 51
205.821
  0
ARC
  8
APS_GEOMETRY
 10
4788.314
 20
-503.873
 40
1.656
 50
205.821
 51
222.274
  0
ARC
  8
APS_GEOMETRY
 10
4788.744
 20
-503.481
 40
2.238
 50
222.274
 51
234.605
  0
ARC
  8
APS_GEOMETRY
 10
4793.605
 20
-496.641
 40
10.63
 50
234.605
 51
240.255
  0
ARC
  8
APS_GEOMETRY
 10
4786.216
 20
-509.715
 40
4.389
 50
34.592
 51
61.189
  0
ARC
  8
APS_GEOMETRY
 10
4787.666
 20
-508.715
 40
2.627
 50
360.0
 51
34.592
  0
ARC
  8
APS_GEOMETRY
 10
4787.754
 20
-508.715
 40
2.539
 50
318.231
 51
360.0
  0
ARC
  8
APS_GEOMETRY
 10
4786.056
 20
-507.198
 40
4.816
 50
288.227
 51
318.231
  0
ARC
  8
APS_GEOMETRY
 10
4784.295
 20
-501.851
 40
10.446
 50
280.377
 51
288.227
  0
ARC
  8
APS_GEOMETRY
 10
4781.225
 20
-485.087
 40
27.489
 50
275.541
 51
280.377
  0
ARC
  8
APS_GEOMETRY
 10
4779.902
 20
-471.449
 40
41.19
 50
272.304
 51
275.541
  0
ARC
  8
APS_GEOMETRY
 10
4778.291
 20
-431.413
 40
81.259
 50
270.0
 51
272.304
  0
ARC
  8
APS_GEOMETRY
 10
4778.291
 20
-464.872
 40
47.8
 50
262.811
 51
270.0
  0
ARC
  8
APS_GEOMETRY
 10
4774.002
 20
-498.879
 40
13.524
 50
249.274
 51
262.811
  0
ARC
  8
APS_GEOMETRY
 10
4771.304
 20
-506.009
 40
5.901
 50
221.379
 51
249.274
  0
ARC
  8
APS_GEOMETRY
 10
4768.937
 20
-508.094
 40
2.747
 50
180.0
 51
221.379
  0
ARC
  8
APS_GEOMETRY
 10
4768.919
 20
-508.094
 40
2.728
 50
164.055
 51
180.0
  0
ARC
  8
APS_GEOMETRY
 10
4767.782
 20
-507.769
 40
1.546
 50
142.815
 51
164.055
  0
ARC
  8
APS_GEOMETRY
 10
4768.497
 20
-508.312
 40
2.444
 50
129.007
 51
142.815
  0
ARC
  8
APS_GEOMETRY
 10
4777.289
 20
-519.166
 40
16.412
 50
123.69
 51
129.007
  0
ARC
  8
APS_GEOMETRY
 10
4764.813
 20
-500.393
 40
6.128
 50
303.389
 51
319.022
  0
ARC
  8
APS_GEOMETRY
 10
4766.471
 20
-501.834
 40
3.932
 50
319.022
 51
338.575
  0
ARC
  8
APS_GEOMETRY
 10
4764.252
 20
-500.963
 40
6.316
 50
338.575
 51
351.049
  0
ARC
  8
APS_GEOMETRY
 10
4737.446
 20
-496.741
 40
33.452
 50
351.049
 51
356.46
  0
ARC
  8
APS_GEOMETRY
 10
4746.282
 20
-497.077
 40
24.613
 50
355.972
 51
358.68
  0
ARC
  8
APS_GEOMETRY
 10
4456.091
 20
-490.39
 40
314.881
 50
358.68
 51
359.437
  0
LINE
  8
APS_GEOMETRY
 10
4770.957
 11
4770.988
 20
-493.483
 21
-488.572
  0
LINE
  8
APS_GEOMETRY
 10
4770.988
 11
4770.998
 20
-488.572
 21
-482.16
  0
ARC
  8
APS_GEOMETRY
 10
4695.189
 20
-482.16
 40
75.809
 50
0.0
 51
1.717
  0
ARC
  8
APS_GEOMETRY
 10
4735.757
 20
-480.944
 40
35.223
 50
1.717
 51
4.236
  0
ARC
  8
APS_GEOMETRY
 10
4748.986
 20
-479.964
 40
21.957
 50
4.236
 51
8.269
  0
ARC
  8
APS_GEOMETRY
 10
4764.21
 20
-477.751
 40
6.573
 50
8.269
 51
15.642
  0
ARC
  8
APS_GEOMETRY
 10
4766.83
 20
-477.018
 40
3.853
 50
15.642
 51
39.417
  0
ARC
  8
APS_GEOMETRY
 10
4766.889
 20
-476.969
 40
3.776
 50
39.417
 51
63.435
  0
ARC
  8
APS_GEOMETRY
 10
4773.69
 20
-462.88
 40
11.869
 50
236.874
 51
244.486
  0
ARC
  8
APS_GEOMETRY
 10
4768.631
 20
-470.633
 40
2.611
 50
220.601
 51
236.874
  0
ARC
  8
APS_GEOMETRY
 10
4768.051
 20
-471.131
 40
1.847
 50
198.246
 51
220.601
  0
ARC
  8
APS_GEOMETRY
 10
4768.919
 20
-470.844
 40
2.761
 50
180.0
 51
198.246
  0
ARC
  8
APS_GEOMETRY
 10
4768.905
 20
-470.844
 40
2.748
 50
156.161
 51
180.0
  0
ARC
  8
APS_GEOMETRY
 10
4769.289
 20
-471.014
 40
3.167
 50
133.977
 51
156.161
  0
ARC
  8
APS_GEOMETRY
 10
4770.052
 20
-471.805
 40
4.266
 50
116.996
 51
133.977
  0
ARC
  8
APS_GEOMETRY
 10
4771.569
 20
-474.782
 40
7.608
 50
104.3
 51
116.996
  0
ARC
  8
APS_GEOMETRY
 10
4771.961
 20
-476.288
 40
9.164
 50
95.326
 51
104.349
  0
ARC
  8
APS_GEOMETRY
 10
4773.549
 20
-493.323
 40
26.272
 50
90.0
 51
95.326
  0
ARC
  8
APS_GEOMETRY
 10
4773.549
 20
-480.064
 40
13.013
 50
87.553
 51
90.0
  0
ARC
  8
APS_GEOMETRY
 10
4770.78
 20
-544.851
 40
77.86
 50
86.553
 51
87.553
  0
ARC
  8
APS_GEOMETRY
 10
4766.844
 20
-610.198
 40
143.325
 50
86.009
 51
86.553
  0
ARC
  8
APS_GEOMETRY
 10
4751.536
 20
-829.611
 40
363.271
 50
85.668
 51
86.009
  0
ARC
  8
APS_GEOMETRY
 10
4780.184
 20
-452.301
 40
15.125
 50
265.426
 51
268.531
  0
ARC
  8
APS_GEOMETRY
 10
4781.529
 20
-399.858
 40
67.586
 50
268.531
 51
270.0
  0
ARC
  8
APS_GEOMETRY
 10
4781.529
 20
-415.933
 40
51.511
 50
270.0
 51
271.637
  0
ARC
  8
APS_GEOMETRY
 10
4780.378
 20
-375.648
 40
91.812
 50
271.637
 51
272.862
  0
ARC
  8
APS_GEOMETRY
 10
4779.056
 20
-349.219
 40
118.274
 50
272.862
 51
273.814
  0
ARC
  8
APS_GEOMETRY
 10
4774.582
 20
-282.115
 40
185.527
 50
273.814
 51
274.574
  0
ARC
  8
APS_GEOMETRY
 10
4802.645
 20
-647.105
 40
180.543
 50
93.72
 51
94.214
  0
ARC
  8
APS_GEOMETRY
 10
4796.655
 20
-554.987
 40
88.23
 50
93.013
 51
93.72
  0
ARC
  8
APS_GEOMETRY
 10
4795.014
 20
-523.792
 40
56.991
 50
91.918
 51
93.013
  0
ARC
  8
APS_GEOMETRY
 10
4793.727
 20
-485.376
 40
18.554
 50
90.0
 51
91.918
  0
ARC
  8
APS_GEOMETRY
 10
4793.727
 20
-490.93
 40
24.109
 50
73.82
 51
90.0
  0
ARC
  8
APS_GEOMETRY
 10
4796.103
 20
-482.741
 40
15.581
 50
53.658
 51
73.82
  0
ARC
  8
APS_GEOMETRY
 10
4799.483
 20
-478.121
 40
9.857
 50
26.03
 51
53.569
  0
ARC
  8
APS_GEOMETRY
 10
4798.446
 20
-478.628
 40
11.012
 50
360.0
 51
26.03
  0
ARC
  8
APS_GEOMETRY
 10
4798.014
 20
-478.628
 40
11.443
 50
345.282
 51
360.0
  0
ARC
  8
APS_GEOMETRY
 10
4799.115
 20
-478.917
 40
10.305
 50
329.767
 51
345.282
  0
ARC
  8
APS_GEOMETRY
 10
4799.739
 20
-479.28
 40
9.583
 50
313.168
 51
329.767
  0
ARC
  8
APS_GEOMETRY
 10
4799.97
 20
-479.527
 40
9.246
 50
296.267
 51
313.168
  0
ARC
  8
APS_GEOMETRY
 10
4805.233
 20
-490.161
 40
2.62
 50
116.565
 51
139.899
  0
ARC
  8
APS_GEOMETRY
 10
4803.926
 20
-489.06
 40
0.911
 50
139.899
 51
180.0
  0
ARC
  8
APS_GEOMETRY
 10
4804.027
 20
-489.06
 40
1.013
 50
180.0
 51
226.193
  0
ARC
  8
APS_GEOMETRY
 10
4805.898
 20
-487.11
 40
3.715
 50
226.193
 51
249.829
  0
ARC
  8
APS_GEOMETRY
 10
4800.537
 20
-501.871
 40
11.989
 50
53.249
 51
70.105
  0
ARC
  8
APS_GEOMETRY
 10
4802.972
 20
-498.61
 40
7.919
 50
32.471
 51
53.249
  0
ARC
  8
APS_GEOMETRY
 10
4801.837
 20
-499.332
 40
9.264
 50
23.305
 51
32.471
  0
ARC
  8
APS_GEOMETRY
 10
4794.827
 20
-502.352
 40
16.897
 50
16.521
 51
23.305
  0
ARC
  8
APS_GEOMETRY
 10
4789.362
 20
-503.973
 40
22.598
 50
11.429
 51
16.521
  0
ARC
  8
APS_GEOMETRY
 10
4773.872
 20
-507.104
 40
38.401
 50
7.524
 51
11.429
  0
ARC
  8
APS_GEOMETRY
 10
4825.2
 20
-500.268
 40
13.38
 50
187.765
 51
196.914
  0
ARC
  8
APS_GEOMETRY
 10
4814.257
 20
-503.596
 40
1.942
 50
196.914
 51
221.082
  0
ARC
  8
APS_GEOMETRY
 10
4814.299
 20
-503.56
 40
1.997
 50
221.082
 51
244.607
  0
ARC
  8
APS_GEOMETRY
 10
4818.972
 20
-493.715
 40
12.896
 50
244.607
 51
253.811
  0
ARC
  8
APS_GEOMETRY
 10
4814.863
 20
-507.725
 40
1.705
 50
51.45
 51
72.474
  0
ARC
  8
APS_GEOMETRY
 10
4814.441
 20
-508.254
 40
2.382
 50
33.69
 51
51.45
  0
ARC
  8
APS_GEOMETRY
 10
4814.343
 20
-508.32
 40
2.5
 50
16.639
 51
33.69
  0
ARC
  8
APS_GEOMETRY
 10
4814.223
 20
-508.355
 40
2.625
 50
360.0
 51
16.639
  0
ARC
  8
APS_GEOMETRY
 10
4814.187
 20
-508.355
 40
2.662
 50
338.993
 51
360.0
  0
ARC
  8
APS_GEOMETRY
 10
4812.562
 20
-507.731
 40
4.402
 50
322.696
 51
338.993
  0
ARC
  8
APS_GEOMETRY
 10
4811.956
 20
-507.27
 40
5.164
 50
308.603
 51
322.696
  0
ARC
  8
APS_GEOMETRY
 10
4811.539
 20
-506.748
 40
5.831
 50
295.346
 51
308.603
  0
ARC
  8
APS_GEOMETRY
 10
4809.348
 20
-501.922
 40
11.131
 50
279.583
 51
294.905
  0
ARC
  8
APS_GEOMETRY
 10
4806.481
 20
-484.941
 40
28.353
 50
270.0
 51
279.583
  0
ARC
  8
APS_GEOMETRY
 10
4806.481
 20
-492.622
 40
20.672
 50
261.247
 51
270.0
  0
ARC
  8
APS_GEOMETRY
 10
4805.157
 20
-501.222
 40
11.97
 50
249.737
 51
261.247
  0
ARC
  8
APS_GEOMETRY
 10
4804.287
 20
-503.58
 40
9.457
 50
235.345
 51
249.737
  0
ARC
  8
APS_GEOMETRY
 10
4803.188
 20
-505.17
 40
7.524
 50
219.198
 51
235.345
  0
ARC
  8
APS_GEOMETRY
 10
4805.501
 20
-503.198
 40
10.563
 50
209.076
 51
219.56
  0
ARC
  8
APS_GEOMETRY
 10
4810.841
 20
-500.228
 40
16.674
 50
200.735
 51
209.076
  0
ARC
  8
APS_GEOMETRY
 10
4818.211
 20
-497.438
 40
24.554
 50
197.881
 51
200.735
  0
ARC
  8
APS_GEOMETRY
 10
4848.492
 20
-487.669
 40
56.372
 50
195.997
 51
197.881
  0
ARC
  8
APS_GEOMETRY
 10
4870.874
 20
-481.252
 40
79.656
 50
194.664
 51
195.997
  0
ARC
  8
APS_GEOMETRY
 10
4932.87
 20
-465.029
 40
143.738
 50
193.671
 51
194.664
  0
ARC
  8
APS_GEOMETRY
 10
4775.659
 20
-503.25
 40
18.051
 50
13.61
 51
23.585
  0
ARC
  8
APS_GEOMETRY
 10
4787.478
 20
-498.09
 40
5.155
 50
23.585
 51
42.31
  0
ARC
  8
APS_GEOMETRY
 10
4788.55
 20
-497.114
 40
3.705
 50
42.31
 51
67.521
  0
ARC
  8
APS_GEOMETRY
 10
4787.702
 20
-499.164
 40
5.924
 50
67.521
 51
87.397
  0
LINE
  8
APS_GEOMETRY
 10
4786.107
 11
4785.747
 20
-476.568
 21
-484.187
  0
LINE
  8
APS_GEOMETRY
 10
4785.747
 11
4785.747
 20
-484.187
 21
-484.31
  0
LINE
  8
APS_GEOMETRY
 10
4785.747
 11
4785.747
 20
-484.31
 21
-484.482
  0
ARC
  8
APS_GEOMETRY
 10
4791.042
 20
-484.482
 40
5.294
 50
180.0
 51
192.339
  0
ARC
  8
APS_GEOMETRY
 10
4786.832
 20
-485.403
 40
0.986
 50
192.339
 51
221.186
  0
ARC
  8
APS_GEOMETRY
 10
4786.732
 20
-485.49
 40
0.852
 50
221.186
 51
253.872
  0
ARC
  8
APS_GEOMETRY
 10
4787.448
 20
-483.015
 40
3.429
 50
253.872
 51
270.0
  0
ARC
  8
APS_GEOMETRY
 10
4787.448
 20
-478.473
 40
7.971
 50
270.0
 51
289.569
  0
ARC
  8
APS_GEOMETRY
 10
4788.897
 20
-482.55
 40
3.644
 50
289.569
 51
318.681
  0
ARC
  8
APS_GEOMETRY
 10
4788.505
 20
-482.205
 40
4.166
 50
318.681
 51
344.628
  0
ARC
  8
APS_GEOMETRY
 10
4781.202
 20
-480.198
 40
11.74
 50
344.628
 51
0.0
  0
ARC
  8
APS_GEOMETRY
 10
4784.674
 20
-480.198
 40
8.268
 50
0.0
 51
35.369
  0
ARC
  8
APS_GEOMETRY
 10
4788.462
 20
-477.509
 40
3.623
 50
35.369
 51
90.0
  0
ARC
  8
APS_GEOMETRY
 10
4788.462
 20
-477.549
 40
3.663
 50
90.0
 51
108.435
  0
ARC
  8
APS_GEOMETRY
 10
4787.749
 20
-475.411
 40
1.409
 50
108.435
 51
138.366
  0
ARC
  8
APS_GEOMETRY
 10
4787.94
 20
-475.581
 40
1.665
 50
138.366
 51
164.291
  0
ARC
  8
APS_GEOMETRY
 10
4792.425
 20
-476.842
 40
6.324
 50
164.291
 51
177.51
  0
LINE
  8
APS_GEOMETRY
 10
4836.621
 11
4853.856
 20
-467.378
 21
-467.378
  0
ARC
  8
APS_GEOMETRY
 10
4852.984
 20
-442.683
 40
24.711
 50
272.021
 51
278.44
  0
ARC
  8
APS_GEOMETRY
 10
4853.957
 20
-449.238
 40
18.083
 50
278.44
 51
285.945
  0
ARC
  8
APS_GEOMETRY
 10
4861.274
 20
-475.435
 40
9.118
 50
98.584
 51
104.931
  0
ARC
  8
APS_GEOMETRY
 10
4860.658
 20
-471.355
 40
4.991
 50
90.0
 51
98.584
  0
ARC
  8
APS_GEOMETRY
 10
4860.658
 20
-470.116
 40
3.752
 50
52.871
 51
90.0
  0
ARC
  8
APS_GEOMETRY
 10
4855.569
 20
-476.837
 40
12.182
 50
32.518
 51
52.871
  0
ARC
  8
APS_GEOMETRY
 10
4851.538
 20
-479.407
 40
16.963
 50
17.209
 51
32.518
  0
ARC
  8
APS_GEOMETRY
 10
4854.898
 20
-478.366
 40
13.445
 50
360.0
 51
17.209
  0
ARC
  8
APS_GEOMETRY
 10
4861.626
 20
-478.366
 40
6.717
 50
337.348
 51
360.0
  0
ARC
  8
APS_GEOMETRY
 10
4864.326
 20
-479.493
 40
3.792
 50
307.042
 51
337.348
  0
ARC
  8
APS_GEOMETRY
 10
4863.856
 20
-478.848
 40
4.589
 50
287.186
 51
306.87
  0
ARC
  8
APS_GEOMETRY
 10
4863.438
 20
-477.494
 40
6.006
 50
270.0
 51
287.186
  0
ARC
  8
APS_GEOMETRY
 10
4863.438
 20
-478.107
 40
5.393
 50
252.221
 51
270.0
  0
ARC
  8
APS_GEOMETRY
 10
4863.187
 20
-478.89
 40
4.571
 50
232.896
 51
252.221
  0
ARC
  8
APS_GEOMETRY
 10
4864.157
 20
-477.607
 40
6.18
 50
218.3
 51
232.896
  0
ARC
  8
APS_GEOMETRY
 10
4871.737
 20
-471.621
 40
15.839
 50
209.197
 51
218.3
  0
ARC
  8
APS_GEOMETRY
 10
4833.184
 20
-492.509
 40
28.012
 50
28.025
 51
32.699
  0
ARC
  8
APS_GEOMETRY
 10
4853.34
 20
-479.569
 40
4.06
 50
32.699
 51
45.0
  0
ARC
  8
APS_GEOMETRY
 10
4854.714
 20
-478.195
 40
2.116
 50
45.0
 51
67.557
  0
ARC
  8
APS_GEOMETRY
 10
4854.706
 20
-478.214
 40
2.137
 50
67.557
 51
90.0
  0
ARC
  8
APS_GEOMETRY
 10
4854.706
 20
-478.046
 40
1.969
 50
90.0
 51
120.801
  0
ARC
  8
APS_GEOMETRY
 10
4854.639
 20
-477.934
 40
1.839
 50
120.801
 51
152.7
  0
ARC
  8
APS_GEOMETRY
 10
4856.098
 20
-478.687
 40
3.481
 50
152.7
 51
171.085
  0
ARC
  8
APS_GEOMETRY
 10
4867.187
 20
-480.427
 40
14.705
 50
171.085
 51
180.0
  0
LINE
  8
APS_GEOMETRY
 10
4852.482
 11
4852.482
 20
-480.427
 21
-498.741
  0
ARC
  8
APS_GEOMETRY
 10
4871.909
 20
-498.741
 40
19.427
 50
180.0
 51
188.194
  0
ARC
  8
APS_GEOMETRY
 10
4857.401
 20
-500.83
 40
4.77
 50
188.194
 51
204.775
  0
ARC
  8
APS_GEOMETRY
 10
4855.992
 20
-501.48
 40
3.218
 50
204.775
 51
228.576
  0
ARC
  8
APS_GEOMETRY
 10
4857.314
 20
-499.982
 40
5.216
 50
228.576
 51
247.218
  0
ARC
  8
APS_GEOMETRY
 10
4849.645
 20
-518.054
 40
14.416
 50
59.381
 51
66.93
  0
ARC
  8
APS_GEOMETRY
 10
4855.307
 20
-508.488
 40
3.301
 50
43.568
 51
59.381
  0
ARC
  8
APS_GEOMETRY
 10
4856.212
 20
-507.627
 40
2.051
 50
19.041
 51
43.568
  0
ARC
  8
APS_GEOMETRY
 10
4854.954
 20
-508.061
 40
3.382
 50
360.0
 51
19.041
  0
ARC
  8
APS_GEOMETRY
 10
4855.588
 20
-508.061
 40
2.747
 50
317.66
 51
360.0
  0
ARC
  8
APS_GEOMETRY
 10
4853.066
 20
-505.763
 40
6.16
 50
289.747
 51
317.66
  0
ARC
  8
APS_GEOMETRY
 10
4850.954
 20
-499.878
 40
12.412
 50
281.964
 51
289.747
  0
ARC
  8
APS_GEOMETRY
 10
4848.027
 20
-486.066
 40
26.531
 50
276.643
 51
281.964
  0
ARC
  8
APS_GEOMETRY
 10
4846.795
 20
-475.49
 40
37.178
 50
272.836
 51
276.643
  0
ARC
  8
APS_GEOMETRY
 10
4845.32
 20
-445.714
 40
66.99
 50
270.0
 51
272.836
  0
ARC
  8
APS_GEOMETRY
 10
4845.32
 20
-427.265
 40
85.44
 50
267.283
 51
270.0
  0
ARC
  8
APS_GEOMETRY
 10
4843.526
 20
-465.068
 40
47.595
 50
263.643
 51
267.283
  0
ARC
  8
APS_GEOMETRY
 10
4842.024
 20
-478.551
 40
34.027
 50
258.563
 51
263.643
  0
ARC
  8
APS_GEOMETRY
 10
4838.435
 20
-496.291
 40
15.929
 50
251.136
 51
258.563
  0
ARC
  8
APS_GEOMETRY
 10
4835.231
 20
-505.584
 40
6.099
 50
222.558
 51
251.395
  0
ARC
  8
APS_GEOMETRY
 10
4832.853
 20
-507.767
 40
2.871
 50
180.0
 51
222.558
  0
ARC
  8
APS_GEOMETRY
 10
4832.374
 20
-507.767
 40
2.392
 50
150.642
 51
180.0
  0
ARC
  8
APS_GEOMETRY
 10
4832.565
 20
-507.874
 40
2.612
 50
122.574
 51
150.642
  0
ARC
  8
APS_GEOMETRY
 10
4832.058
 20
-507.292
 40
1.851
 50
108.677
 51
119.055
  0
ARC
  8
APS_GEOMETRY
 10
4855.174
 20
-575.676
 40
74.036
 50
107.038
 51
108.677
  0
ARC
  8
APS_GEOMETRY
 10
4832.62
 20
-501.912
 40
3.099
 50
286.144
 51
308.66
  0
ARC
  8
APS_GEOMETRY
 10
4833.127
 20
-502.546
 40
2.287
 50
308.66
 51
334.933
  0
ARC
  8
APS_GEOMETRY
 10
4831.062
 20
-501.581
 40
4.566
 50
334.933
 51
348.829
  0
ARC
  8
APS_GEOMETRY
 10
4805.236
 20
-496.481
 40
30.891
 50
348.829
 51
354.161
  0
ARC
  8
APS_GEOMETRY
 10
4787.781
 20
-494.681
 40
48.439
 50
354.144
 51
355.66
  0
ARC
  8
APS_GEOMETRY
 10
4710.404
 20
-488.809
 40
126.038
 50
355.66
 51
356.6
  0
ARC
  8
APS_GEOMETRY
 10
4651.255
 20
-485.296
 40
185.291
 50
356.6
 51
357.24
  0
ARC
  8
APS_GEOMETRY
 10
4483.43
 20
-477.204
 40
353.311
 50
357.24
 51
357.703
  0
ARC
  8
APS_GEOMETRY
 10
4499.95
 20
-477.867
 40
336.777
 50
357.703
 51
358.674
  0
ARC
  8
APS_GEOMETRY
 10
4655.783
 20
-481.473
 40
180.903
 50
358.674
 51
0.0
  0
ARC
  8
APS_GEOMETRY
 10
4809.876
 20
-481.473
 40
26.81
 50
0.0
 51
6.242
  0
ARC
  8
APS_GEOMETRY
 10
4831.195
 20
-479.141
 40
5.364
 50
6.242
 51
20.225
  0
ARC
  8
APS_GEOMETRY
 10
4834.15
 20
-478.053
 40
2.215
 50
20.225
 51
50.44
  0
ARC
  8
APS_GEOMETRY
 10
4834.724
 20
-477.358
 40
1.314
 50
50.44
 51
90.0
  0
ARC
  8
APS_GEOMETRY
 10
4834.724
 20
-477.807
 40
1.762
 50
90.0
 51
126.747
  0
ARC
  8
APS_GEOMETRY
 10
4837.214
 20
-481.141
 40
5.924
 50
126.747
 51
146.547
  0
ARC
  8
APS_GEOMETRY
 10
4793.226
 20
-452.229
 40
46.715
 50
324.255
 51
326.701
  0
ARC
  8
APS_GEOMETRY
 10
4811.849
 20
-465.633
 40
23.77
 50
320.826
 51
324.255
  0
ARC
  8
APS_GEOMETRY
 10
4817.936
 20
-470.592
 40
15.918
 50
315.722
 51
320.826
  0
ARC
  8
APS_GEOMETRY
 10
4824.93
 20
-477.412
 40
6.149
 50
307.504
 51
315.722
  0
ARC
  8
APS_GEOMETRY
 10
4824.285
 20
-476.551
 40
7.226
 50
291.306
 51
307.405
  0
ARC
  8
APS_GEOMETRY
 10
4825.404
 20
-479.42
 40
4.146
 50
270.0
 51
291.306
  0
ARC
  8
APS_GEOMETRY
 10
4825.404
 20
-479.687
 40
3.879
 50
245.532
 51
270.0
  0
ARC
  8
APS_GEOMETRY
 10
4825.374
 20
-479.752
 40
3.808
 50
220.833
 51
245.532
  0
ARC
  8
APS_GEOMETRY
 10
4825.767
 20
-479.412
 40
4.328
 50
198.684
 51
220.833
  0
ARC
  8
APS_GEOMETRY
 10
4827.409
 20
-478.857
 40
6.06
 50
180.0
 51
198.684
  0
ARC
  8
APS_GEOMETRY
 10
4831.256
 20
-478.857
 40
9.908
 50
168.408
 51
180.0
  0
ARC
  8
APS_GEOMETRY
 10
4837.609
 20
-480.16
 40
16.393
 50
159.402
 51
168.408
  0
ARC
  8
APS_GEOMETRY
 10
4839.572
 20
-480.898
 40
18.49
 50
151.39
 51
159.402
  0
ARC
  8
APS_GEOMETRY
 10
4839.17
 20
-480.678
 40
18.032
 50
143.276
 51
151.39
  0
ARC
  8
APS_GEOMETRY
 10
4834.12
 20
-476.902
 40
11.726
 50
124.216
 51
143.31
  0
ARC
  8
APS_GEOMETRY
 10
4829.622
 20
-470.288
 40
3.728
 50
90.0
 51
124.216
  0
ARC
  8
APS_GEOMETRY
 10
4829.622
 20
-471.945
 40
5.384
 50
82.725
 51
90.0
  0
ARC
  8
APS_GEOMETRY
 10
4829.202
 20
-475.24
 40
8.707
 50
77.005
 51
82.725
  0
ARC
  8
APS_GEOMETRY
 10
4842.05
 20
-413.294
 40
54.561
 50
258.486
 51
260.378
  0
ARC
  8
APS_GEOMETRY
 10
4836.546
 20
-445.758
 40
21.633
 50
260.378
 51
263.382
  0
ARC
  8
APS_GEOMETRY
 10
4836.075
 20
-449.816
 40
17.548
 50
263.382
 51
267.084
  0
ARC
  8
APS_GEOMETRY
 10
4836.621
 20
-439.105
 40
28.273
 50
267.084
 51
270.0
  0
LINE
  8
APS_GEOMETRY
 10
4880.038
 11
4896.848
 20
-467.378
 21
-467.378
  0
ARC
  8
APS_GEOMETRY
 10
4896.848
 20
-255.658
 40
211.72
 50
270.0
 51
270.69
  0
ARC
  8
APS_GEOMETRY
 10
4898.041
 20
-354.714
 40
112.656
 50
270.69
 51
271.637
  0
ARC
  8
APS_GEOMETRY
 10
4899.047
 20
-389.908
 40
77.448
 50
271.637
 51
273.013
  0
ARC
  8
APS_GEOMETRY
 10
4901.497
 20
-436.471
 40
30.821
 50
273.013
 51
275.194
  0
ARC
  8
APS_GEOMETRY
 10
4902.105
 20
-443.152
 40
24.112
 50
275.194
 51
280.756
  0
ARC
  8
APS_GEOMETRY
 10
4902.219
 20
-443.753
 40
23.5
 50
280.756
 51
286.39
  0
ARC
  8
APS_GEOMETRY
 10
4910.832
 20
-473.238
 40
7.217
 50
100.305
 51
105.945
  0
ARC
  8
APS_GEOMETRY
 10
4909.929
 20
-468.269
 40
2.166
 50
90.0
 51
100.305
  0
ARC
  8
APS_GEOMETRY
 10
4909.929
 20
-469.042
 40
2.94
 50
58.946
 51
90.0
  0
ARC
  8
APS_GEOMETRY
 10
4908.805
 20
-470.909
 40
5.119
 50
35.538
 51
58.946
  0
ARC
  8
APS_GEOMETRY
 10
4904.416
 20
-474.138
 40
10.568
 50
16.699
 51
35.952
  0
ARC
  8
APS_GEOMETRY
 10
4901.114
 20
-475.129
 40
14.014
 50
360.0
 51
16.699
  0
ARC
  8
APS_GEOMETRY
 10
4907.265
 20
-475.129
 40
7.864
 50
344.982
 51
360.0
  0
ARC
  8
APS_GEOMETRY
 10
4911.039
 20
-476.141
 40
3.956
 50
323.746
 51
344.982
  0
ARC
  8
APS_GEOMETRY
 10
4911.878
 20
-476.756
 40
2.916
 50
296.114
 51
323.746
  0
ARC
  8
APS_GEOMETRY
 10
4911.728
 20
-476.449
 40
3.258
 50
270.0
 51
296.114
  0
ARC
  8
APS_GEOMETRY
 10
4911.728
 20
-475.623
 40
4.084
 50
255.311
 51
270.0
  0
ARC
  8
APS_GEOMETRY
 10
4911.182
 20
-477.706
 40
1.931
 50
233.881
 51
255.311
  0
ARC
  8
APS_GEOMETRY
 10
4911.756
 20
-476.918
 40
2.906
 50
219.289
 51
233.881
  0
ARC
  8
APS_GEOMETRY
 10
4923.286
 20
-467.485
 40
17.803
 50
213.408
 51
219.289
  0
ARC
  8
APS_GEOMETRY
 10
4901.685
 20
-481.713
 40
8.063
 50
33.294
 51
51.246
  0
ARC
  8
APS_GEOMETRY
 10
4902.783
 20
-480.345
 40
6.309
 50
51.246
 51
71.565
  0
ARC
  8
APS_GEOMETRY
 10
4902.057
 20
-482.523
 40
8.604
 50
71.565
 51
79.278
  0
ARC
  8
APS_GEOMETRY
 10
4899.729
 20
-494.818
 40
21.118
 50
79.278
 51
84.2
  0
ARC
  8
APS_GEOMETRY
 10
4898.736
 20
-504.597
 40
30.947
 50
84.2
 51
87.567
  0
ARC
  8
APS_GEOMETRY
 10
4897.534
 20
-532.875
 40
59.251
 50
87.567
 51
90.0
  0
ARC
  8
APS_GEOMETRY
 10
4897.534
 20
-490.28
 40
16.656
 50
90.0
 51
96.374
  0
ARC
  8
APS_GEOMETRY
 10
4896.429
 20
-480.384
 40
6.698
 50
96.374
 51
106.434
  0
ARC
  8
APS_GEOMETRY
 10
4895.643
 20
-477.72
 40
3.921
 50
106.434
 51
123.056
  0
ARC
  8
APS_GEOMETRY
 10
4894.417
 20
-475.836
 40
1.673
 50
123.056
 51
148.627
  0
ARC
  8
APS_GEOMETRY
 10
4895.537
 20
-476.471
 40
2.96
 50
149.421
 51
165.28
  0
ARC
  8
APS_GEOMETRY
 10
4898.766
 20
-477.319
 40
6.298
 50
165.28
 51
176.135
  0
ARC
  8
APS_GEOMETRY
 10
4908.008
 20
-477.944
 40
15.562
 50
176.135
 51
178.367
  0
ARC
  8
APS_GEOMETRY
 10
4993.514
 20
-480.382
 40
101.103
 50
178.367
 51
179.242
  0
ARC
  8
APS_GEOMETRY
 10
5081.883
 20
-481.551
 40
189.479
 50
179.242
 51
179.709
  0
ARC
  8
APS_GEOMETRY
 10
5382.532
 20
-483.076
 40
490.132
 50
179.709
 51
180.0
  0
ARC
  8
APS_GEOMETRY
 10
4899.491
 20
-483.076
 40
7.091
 50
180.0
 51
195.027
  0
ARC
  8
APS_GEOMETRY
 10
4893.692
 20
-484.632
 40
1.086
 50
195.027
 51
234.058
  0
ARC
  8
APS_GEOMETRY
 10
4893.748
 20
-484.554
 40
1.183
 50
234.058
 51
253.191
  0
ARC
  8
APS_GEOMETRY
 10
4894.985
 20
-480.459
 40
5.461
 50
253.191
 51
262.063
  0
ARC
  8
APS_GEOMETRY
 10
4895.619
 20
-475.913
 40
10.05
 50
262.063
 51
266.949
  0
ARC
  8
APS_GEOMETRY
 10
4896.455
 20
-460.231
 40
25.755
 50
266.949
 51
270.0
  0
ARC
  8
APS_GEOMETRY
 10
4896.455
 20
-481.264
 40
4.722
 50
270.0
 51
286.007
  0
ARC
  8
APS_GEOMETRY
 10
4897.282
 20
-484.145
 40
1.725
 50
286.007
 51
312.647
  0
ARC
  8
APS_GEOMETRY
 10
4897.264
 20
-484.126
 40
1.75
 50
312.647
 51
338.993
  0
ARC
  8
APS_GEOMETRY
 10
4893.689
 20
-482.754
 40
5.58
 50
338.993
 51
353.66
  0
ARC
  8
APS_GEOMETRY
 10
4930.609
 20
-487.156
 40
31.601
 50
169.663
 51
173.118
  0
ARC
  8
APS_GEOMETRY
 10
4904.219
 20
-482.343
 40
4.776
 50
160.769
 51
169.663
  0
ARC
  8
APS_GEOMETRY
 10
4902.012
 20
-481.573
 40
2.439
 50
143.746
 51
160.769
  0
ARC
  8
APS_GEOMETRY
 10
4902.545
 20
-481.964
 40
3.1
 50
128.66
 51
143.746
  0
ARC
  8
APS_GEOMETRY
 10
4902.189
 20
-481.388
 40
2.429
 50
110.171
 51
130.601
  0
ARC
  8
APS_GEOMETRY
 10
4902.211
 20
-481.447
 40
2.492
 50
90.0
 51
110.171
  0
ARC
  8
APS_GEOMETRY
 10
4902.211
 20
-481.482
 40
2.527
 50
61.22
 51
90.0
  0
ARC
  8
APS_GEOMETRY
 10
4901.77
 20
-482.285
 40
3.443
 50
36.634
 51
61.22
  0
ARC
  8
APS_GEOMETRY
 10
4901.356
 20
-482.531
 40
3.923
 50
19.103
 51
35.91
  0
ARC
  8
APS_GEOMETRY
 10
4888.561
 20
-486.962
 40
17.463
 50
11.16
 51
19.103
  0
ARC
  8
APS_GEOMETRY
 10
4881.876
 20
-488.281
 40
24.277
 50
5.396
 51
11.16
  0
ARC
  8
APS_GEOMETRY
 10
4878.476
 20
-488.602
 40
27.692
 50
0.0
 51
5.396
  0
ARC
  8
APS_GEOMETRY
 10
4878.958
 20
-488.602
 40
27.21
 50
349.287
 51
0.0
  0
ARC
  8
APS_GEOMETRY
 10
4892.316
 20
-491.13
 40
13.615
 50
334.12
 51
349.287
  0
ARC
  8
APS_GEOMETRY
 10
4901.518
 20
-495.576
 40
3.396
 50
303.53
 51
333.853
  0
ARC
  8
APS_GEOMETRY
 10
4901.851
 20
-496.08
 40
2.791
 50
270.0
 51
303.53
  0
ARC
  8
APS_GEOMETRY
 10
4901.851
 20
-495.949
 40
2.922
 50
249.578
 51
270.0
  0
ARC
  8
APS_GEOMETRY
 10
4901.23
 20
-497.619
 40
1.14
 50
216.607
 51
249.578
  0
ARC
  8
APS_GEOMETRY
 10
4901.824
 20
-497.177
 40
1.881
 50
195.422
 51
216.607
  0
ARC
  8
APS_GEOMETRY
 10
4912.086
 20
-494.347
 40
12.526
 50
187.253
 51
195.422
  0
ARC
  8
APS_GEOMETRY
 10
4895.513
 20
-496.478
 40
4.183
 50
7.561
 51
49.434
  0
ARC
  8
APS_GEOMETRY
 10
4895.343
 20
-496.677
 40
4.445
 50
49.434
 51
90.0
  0
ARC
  8
APS_GEOMETRY
 10
4895.343
 20
-495.223
 40
2.991
 50
90.0
 51
115.224
  0
ARC
  8
APS_GEOMETRY
 10
4894.752
 20
-493.968
 40
1.603
 50
115.224
 51
149.931
  0
ARC
  8
APS_GEOMETRY
 10
4895.821
 20
-494.587
 40
2.838
 50
149.931
 51
171.111
  0
ARC
  8
APS_GEOMETRY
 10
4908.788
 20
-496.615
 40
15.963
 50
171.111
 51
180.0
  0
ARC
  8
APS_GEOMETRY
 10
4921.564
 20
-496.615
 40
28.739
 50
180.0
 51
183.062
  0
ARC
  8
APS_GEOMETRY
 10
4965.552
 20
-494.262
 40
72.789
 50
183.062
 51
184.986
  0
ARC
  8
APS_GEOMETRY
 10
4942.479
 20
-496.275
 40
49.629
 50
184.986
 51
187.804
  0
ARC
  8
APS_GEOMETRY
 10
4898.778
 20
-502.264
 40
5.52
 50
187.804
 51
196.26
  0
ARC
  8
APS_GEOMETRY
 10
4894.924
 20
-503.424
 40
1.496
 50
194.931
 51
230.024
  0
ARC
  8
APS_GEOMETRY
 10
4895.905
 20
-502.254
 40
3.022
 50
230.024
 51
254.511
  0
ARC
  8
APS_GEOMETRY
 10
4897.097
 20
-497.954
 40
7.485
 50
254.511
 51
265.219
  0
ARC
  8
APS_GEOMETRY
 10
4899.595
 20
-468.087
 40
37.456
 50
265.219
 51
270.0
  0
ARC
  8
APS_GEOMETRY
 10
4899.595
 20
-472.046
 40
33.497
 50
270.0
 51
274.186
  0
ARC
  8
APS_GEOMETRY
 10
4900.613
 20
-485.963
 40
19.543
 50
274.186
 51
279.668
  0
ARC
  8
APS_GEOMETRY
 10
4901.449
 20
-490.871
 40
14.564
 50
279.668
 51
286.991
  0
ARC
  8
APS_GEOMETRY
 10
4903.362
 20
-497.131
 40
8.018
 50
286.991
 51
296.866
  0
ARC
  8
APS_GEOMETRY
 10
4903.76
 20
-497.915
 40
7.139
 50
296.866
 51
318.366
  0
ARC
  8
APS_GEOMETRY
 10
4899.761
 20
-494.361
 40
12.489
 50
318.366
 51
334.581
  0
ARC
  8
APS_GEOMETRY
 10
4926.09
 20
-506.987
 40
16.711
 50
147.08
 51
154.231
  0
ARC
  8
APS_GEOMETRY
 10
4915.083
 20
-499.861
 40
3.599
 50
131.634
 51
147.08
  0
ARC
  8
APS_GEOMETRY
 10
4914.263
 20
-498.938
 40
2.364
 50
108.875
 51
131.634
  0
ARC
  8
APS_GEOMETRY
 10
4914.606
 20
-499.94
 40
3.423
 50
90.0
 51
108.875
  0
ARC
  8
APS_GEOMETRY
 10
4914.606
 20
-499.244
 40
2.727
 50
62.628
 51
90.0
  0
ARC
  8
APS_GEOMETRY
 10
4914.433
 20
-499.577
 40
3.103
 50
36.995
 51
62.628
  0
ARC
  8
APS_GEOMETRY
 10
4913.66
 20
-500.16
 40
4.071
 50
16.728
 51
36.995
  0
ARC
  8
APS_GEOMETRY
 10
4911.854
 20
-500.703
 40
5.956
 50
360.0
 51
16.728
  0
ARC
  8
APS_GEOMETRY
 10
4908.278
 20
-500.703
 40
9.532
 50
348.323
 51
360.0
  0
ARC
  8
APS_GEOMETRY
 10
4893.969
 20
-497.746
 40
24.143
 50
340.994
 51
348.323
  0
ARC
  8
APS_GEOMETRY
 10
4890.576
 20
-496.577
 40
27.733
 50
334.592
 51
340.994
  0
ARC
  8
APS_GEOMETRY
 10
4896.499
 20
-499.39
 40
21.175
 50
327.265
 51
334.592
  0
ARC
  8
APS_GEOMETRY
 10
4903.38
 20
-503.446
 40
13.198
 50
320.133
 51
325.923
  0
ARC
  8
APS_GEOMETRY
 10
4911.382
 20
-510.13
 40
2.771
 50
307.476
 51
320.133
  0
ARC
  8
APS_GEOMETRY
 10
4912.083
 20
-511.044
 40
1.619
 50
286.429
 51
307.476
  0
ARC
  8
APS_GEOMETRY
 10
4911.793
 20
-510.059
 40
2.646
 50
270.0
 51
286.429
  0
ARC
  8
APS_GEOMETRY
 10
4911.793
 20
-507.001
 40
5.704
 50
263.774
 51
270.0
  0
ARC
  8
APS_GEOMETRY
 10
4913.462
 20
-491.704
 40
21.092
 50
260.538
 51
263.774
  0
ARC
  8
APS_GEOMETRY
 10
4905.993
 20
-533.85
 40
21.713
 50
79.38
 51
84.987
  0
ARC
  8
APS_GEOMETRY
 10
4902.755
 20
-570.761
 40
58.766
 50
84.987
 51
88.394
  0
LINE
  8
APS_GEOMETRY
 10
4904.402
 11
4876.669
 20
-512.018
 21
-512.018
  0
ARC
  8
APS_GEOMETRY
 10
4876.669
 20
-506.214
 40
5.804
 50
254.103
 51
270.0
  0
ARC
  8
APS_GEOMETRY
 10
4875.852
 20
-509.084
 40
2.82
 50
231.216
 51
254.103
  0
ARC
  8
APS_GEOMETRY
 10
4875.516
 20
-509.502
 40
2.284
 50
203.795
 51
231.216
  0
ARC
  8
APS_GEOMETRY
 10
4876.189
 20
-509.206
 40
3.019
 50
180.0
 51
203.795
  0
ARC
  8
APS_GEOMETRY
 10
4876.443
 20
-509.206
 40
3.273
 50
164.055
 51
180.0
  0
ARC
  8
APS_GEOMETRY
 10
4874.426
 20
-508.629
 40
1.175
 50
137.291
 51
164.055
  0
ARC
  8
APS_GEOMETRY
 10
4875.033
 20
-509.19
 40
2.001
 50
120.964
 51
137.291
  0
ARC
  8
APS_GEOMETRY
 10
4881.534
 20
-520.024
 40
14.637
 50
114.944
 51
120.964
  0
ARC
  8
APS_GEOMETRY
 10
4873.419
 20
-502.27
 40
4.886
 50
293.429
 51
305.72
  0
ARC
  8
APS_GEOMETRY
 10
4874.763
 20
-504.139
 40
2.584
 50
305.72
 51
322.651
  0
ARC
  8
APS_GEOMETRY
 10
4874.554
 20
-503.98
 40
2.846
 50
322.651
 51
338.11
  0
ARC
  8
APS_GEOMETRY
 10
4870.496
 20
-502.349
 40
7.219
 50
338.11
 51
347.8
  0
ARC
  8
APS_GEOMETRY
 10
4845.296
 20
-496.825
 40
33.018
 50
347.672
 51
352.051
  0
ARC
  8
APS_GEOMETRY
 10
4820.903
 20
-493.419
 40
57.647
 50
352.051
 51
355.365
  0
ARC
  8
APS_GEOMETRY
 10
4804.476
 20
-492.088
 40
74.128
 50
355.365
 51
357.943
  0
ARC
  8
APS_GEOMETRY
 10
4762.066
 20
-490.565
 40
116.566
 50
357.943
 51
0.0
  0
ARC
  8
APS_GEOMETRY
 10
4713.114
 20
-490.565
 40
165.518
 50
0.0
 51
2.183
  0
ARC
  8
APS_GEOMETRY
 10
4812.089
 20
-486.791
 40
66.471
 50
2.183
 51
5.629
  0
ARC
  8
APS_GEOMETRY
 10
4841.573
 20
-483.885
 40
36.844
 50
5.629
 51
11.805
  0
ARC
  8
APS_GEOMETRY
 10
4870.189
 20
-477.904
 40
7.61
 50
11.805
 51
25.419
  0
ARC
  8
APS_GEOMETRY
 10
4873.892
 20
-476.223
 40
3.544
 50
26.565
 51
38.157
  0
ARC
  8
APS_GEOMETRY
 10
4875.537
 20
-474.931
 40
1.452
 50
38.157
 51
56.31
  0
ARC
  8
APS_GEOMETRY
 10
4875.189
 20
-475.452
 40
2.079
 50
56.31
 51
69.193
  0
ARC
  8
APS_GEOMETRY
 10
4870.309
 20
-488.294
 40
15.817
 50
69.193
 51
73.856
  0
ARC
  8
APS_GEOMETRY
 10
4875.457
 20
-470.587
 40
2.623
 50
216.87
 51
253.393
  0
ARC
  8
APS_GEOMETRY
 10
4875.419
 20
-470.616
 40
2.576
 50
180.0
 51
216.87
  0
ARC
  8
APS_GEOMETRY
 10
4875.981
 20
-470.616
 40
3.138
 50
161.565
 51
180.0
  0
ARC
  8
APS_GEOMETRY
 10
4875.868
 20
-470.578
 40
3.018
 50
142.765
 51
161.565
  0
ARC
  8
APS_GEOMETRY
 10
4875.795
 20
-470.523
 40
2.928
 50
123.425
 51
142.765
  0
ARC
  8
APS_GEOMETRY
 10
4875.861
 20
-470.622
 40
3.047
 50
104.47
 51
123.425
  0
ARC
  8
APS_GEOMETRY
 10
4876.441
 20
-473.484
 40
5.965
 50
96.724
 51
102.995
  0
ARC
  8
APS_GEOMETRY
 10
4878.242
 20
-488.76
 40
21.346
 50
93.411
 51
96.724
  0
ARC
  8
APS_GEOMETRY
 10
4879.042
 20
-502.181
 40
34.791
 50
91.375
 51
93.411
  0
ARC
  8
APS_GEOMETRY
 10
4880.038
 20
-543.681
 40
76.303
 50
90.0
 51
91.375
  0
LINE
  8
APS_GEOMETRY
 10
140.5
 11
140.5
 20
-1559.878
 21
-1540.378
  0
LINE
  8
APS_GEOMETRY
 10
140.5
 11
39.5
 20
-1540.378
 21
-1540.378
  0
ARC
  8
APS_GEOMETRY
 10
39.5
 20
-1543.378
 40
3.0
 50
90.0
 51
180.0
  0
LINE
  8
APS_GEOMETRY
 10
36.5
 11
36.5
 20
-1543.378
 21
-1568.878
  0
ARC
  8
APS_GEOMETRY
 10
38.0
 20
-1568.878
 40
1.5
 50
180.0
 51
270.0
  0
LINE
  8
APS_GEOMETRY
 10
38.0
 11
46.5
 20
-1570.378
 21
-1570.378
  0
LINE
  8
APS_GEOMETRY
 10
46.5
 11
46.5
 20
-1570.378
 21
-1582.378
  0
ARC
  8
APS_GEOMETRY
 10
49.5
 20
-1582.378
 40
3.0
 50
180.0
 51
270.0
  0
LINE
  8
APS_GEOMETRY
 10
140.5
 11
140.5
 20
-1565.878
 21
-1585.378
  0
LINE
  8
APS_GEOMETRY
 10
140.5
 11
49.5
 20
-1585.378
 21
-1585.378
  0
ARC
  8
APS_GEOMETRY
 10
202.072
 20
-1553.378
 40
1.0
 50
90.0
 51
174.278
  0
ARC
  8
APS_GEOMETRY
 10
199.087
 20
-1553.079
 40
2.0
 50
276.7
 51
354.278
  0
ARC
  8
APS_GEOMETRY
 10
201.886
 20
-1693.541
 40
138.5
 50
91.062
 51
104.376
  0
LINE
  8
APS_GEOMETRY
 10
167.5
 11
147.5
 20
-1559.378
 21
-1560.378
  0
LINE
  8
APS_GEOMETRY
 10
147.5
 11
142.5
 20
-1560.378
 21
-1560.378
  0
LINE
  8
APS_GEOMETRY
 10
142.5
 11
142.5
 20
-1560.378
 21
-1565.378
  0
LINE
  8
APS_GEOMETRY
 10
142.5
 11
147.5
 20
-1565.378
 21
-1565.378
  0
LINE
  8
APS_GEOMETRY
 10
147.5
 11
167.5
 20
-1565.378
 21
-1566.378
  0
ARC
  8
APS_GEOMETRY
 10
201.886
 20
-1432.215
 40
138.5
 50
255.624
 51
268.938
  0
ARC
  8
APS_GEOMETRY
 10
199.087
 20
-1572.677
 40
2.0
 50
5.722
 51
83.3
  0
ARC
  8
APS_GEOMETRY
 10
202.072
 20
-1572.378
 40
1.0
 50
185.722
 51
270.0
  0
LINE
  8
APS_GEOMETRY
 10
140.5
 11
36.542
 20
-1542.878
 21
-1542.878
  0
LINE
  8
APS_GEOMETRY
 10
140.5
 11
46.542
 20
-1582.878
 21
-1582.878
  0
LINE
  8
APS_GEOMETRY
 10
140.5
 11
140.5
 20
-1565.878
 21
-1559.878
  0
LINE
  8
APS_GEOMETRY
 10
140.5
 11
155.0
 20
-1559.878
 21
-1559.878
  0
ARC
  8
APS_GEOMETRY
 10
155.0
 20
-1558.378
 40
1.5
 50
270.0
 51
0.0
  0
LINE
  8
APS_GEOMETRY
 10
156.5
 11
156.5
 20
-1558.378
 21
-1555.078
  0
ARC
  8
APS_GEOMETRY
 10
156.3
 20
-1555.078
 40
0.2
 50
0.0
 51
90.0
  0
LINE
  8
APS_GEOMETRY
 10
156.3
 11
155.7
 20
-1554.878
 21
-1554.878
  0
ARC
  8
APS_GEOMETRY
 10
155.7
 20
-1554.678
 40
0.2
 50
180.0
 51
270.0
  0
LINE
  8
APS_GEOMETRY
 10
155.5
 11
155.5
 20
-1554.678
 21
-1554.075
  0
ARC
  8
APS_GEOMETRY
 10
155.3
 20
-1554.075
 40
0.2
 50
0.0
 51
88.512
  0
ARC
  8
APS_GEOMETRY
 10
155.5
 20
-1546.378
 40
7.5
 50
180.0
 51
268.512
  0
ARC
  8
APS_GEOMETRY
 10
138.0
 20
-1546.378
 40
10.0
 50
0.0
 51
143.13
  0
LINE
  8
APS_GEOMETRY
 10
140.5
 11
155.0
 20
-1565.878
 21
-1565.878
  0
ARC
  8
APS_GEOMETRY
 10
155.0
 20
-1567.378
 40
1.5
 50
360.0
 51
90.0
  0
LINE
  8
APS_GEOMETRY
 10
156.5
 11
156.5
 20
-1567.378
 21
-1570.678
  0
ARC
  8
APS_GEOMETRY
 10
156.3
 20
-1570.678
 40
0.2
 50
270.0
 51
360.0
  0
LINE
  8
APS_GEOMETRY
 10
156.3
 11
155.7
 20
-1570.878
 21
-1570.878
  0
ARC
  8
APS_GEOMETRY
 10
155.7
 20
-1571.078
 40
0.2
 50
90.0
 51
180.0
  0
LINE
  8
APS_GEOMETRY
 10
155.5
 11
155.5
 20
-1571.078
 21
-1571.681
  0
ARC
  8
APS_GEOMETRY
 10
155.3
 20
-1571.681
 40
0.2
 50
271.488
 51
360.0
  0
ARC
  8
APS_GEOMETRY
 10
155.5
 20
-1579.378
 40
7.5
 50
91.488
 51
180.0
  0
ARC
  8
APS_GEOMETRY
 10
138.0
 20
-1579.378
 40
10.0
 50
216.87
 51
360.0
  0
TEXT
  8
TEXT
 10
-636.532
 20
-438.788
 30
0.0
 40
20.0
 50
0.0
  1
Ufficio tecnico:
  0
TEXT
  8
TEXT
 10
-143.183
 20
-563.129
 30
0.0
 40
25.0
 50
0.0
  1
tel. 0577-68.54.26 - fax 0577-68.64.29
  0
TEXT
  8
TEXT
 10
-143.183
 20
-600.629
 30
0.0
 40
25.0
 50
0.0
  1
e-mail: tecnico@toscocornici.it - web: www.tosococornici.it
  0
TEXT
  8
TEXT
 10
467.906
 20
-592.322
 30
0.0
 40
40.0
 50
0.0
  1
B.Ste
  0
TEXT
  8
TEXT
 10
616.326
 20
-592.322
 30
0.0
 40
40.0
 50
0.0
  1
f
  0
TEXT
  8
TEXT
 10
647.011
 20
-592.322
 30
0.0
 40
40.0
 50
0.0
  1
ano
  0
TEXT
  8
TEXT
 10
363.687
 20
-435.825
 30
0.0
 40
20.0
 50
0.0
  1
documento:
  0
TEXT
  8
TEXT
 10
607.343
 20
-488.947
 30
0.0
 40
20.0
 50
0.0
  1
BASE IN TRUCIOLARE
  0
TEXT
  8
TEXT
 10
864.888
 20
-435.739
 30
0.0
 40
20.0
 50
0.0
  1
data:
  0
TEXT
  8
TEXT
 10
1113.987
 20
-487.231
 30
0.0
 40
30.0
 50
0.0
  1
8/12/12
  0
TEXT
  8
TEXT
 10
1122.741
 20
-587.94
 30
0.0
 40
30.0
 50
0.0
  1
1 : 10
  0
TEXT
  8
TEXT
 10
361.873
 20
-534.05
 30
0.0
 40
20.0
 50
0.0
  1
responsabile tecnico:
  0
TEXT
  8
TEXT
 10
863.469
 20
-534.34
 30
0.0
 40
20.0
 50
0.0
  1
scala:
  0
TEXT
  8
TEXT
 10
380.843
 20
-273.23
 30
0.0
 40
20.0
 50
0.0
  1
SEZ-B
  0
TEXT
  8
TEXT
 10
963.665
 20
663.882
 30
0.0
 40
20.0
 50
0.0
  1
SEZ-B
  0
TEXT
  8
QUOTATURA
 10
317.082
 20
-312.111
 30
0.0
 40
20.0
 50
0.0
  1
LUCE NETTA=792
  0
TEXT
  8
QUOTATURA
 10
314.204
 20
-380.635
 30
0.0
 40
20.0
 50
0.0
  1
EST. TELAIO=880
  0
TEXT
  8
QUOTATURA
 10
368.104
 20
-161.749
 30
0.0
 40
20.0
 50
0.0
  1
ANTA=807
  0
TEXT
  8
TEXT
 10
-234.169
 20
821.127
 30
0.0
 40
20.0
 50
0.0
  1
SEZ-A
  0
TEXT
  8
TEXT
 10
399.608
 20
-68.294
 30
0.0
 40
20.0
 50
0.0
  1
SEZ-A
  0
TEXT
  8
QUOTATURA
 10
-337.33
 20
974.021
 30
0.0
 40
20.0
 50
90.0
  1
ANTA=2099
  0
TEXT
  8
QUOTATURA
 10
-416.102
 20
915.312
 30
0.0
 40
20.0
 50
90.0
  1
LUCE NETTA=2096
  0
TEXT
  8
QUOTATURA
 10
-472.085
 20
938.247
 30
0.0
 40
20.0
 50
90.0
  1
EST. TELAIO=2140
  0
TEXT
  8
QUOTATURA
 10
-345.166
 20
2215.108
 30
0.0
 40
20.0
 50
0.0
  1
118
  0
TEXT
  8
QUOTATURA
 10
-111.192
 20
-279.0
 30
0.0
 40
20.0
 50
0.0
  1
118
  0
TEXT
  8
QUOTATURA
 10
-75.288
 20
-167.356
 30
0.0
 40
20.0
 50
0.0
  1
138
  0
TEXT
  8
QUOTATURA
 10
-460.502
 20
2108.121
 30
0.0
 40
20.0
 50
0.0
  1
138
  0
TEXT
  8
QUOTATURA
 10
74.005
 20
-100.145
 30
0.0
 40
20.0
 50
0.0
  1
114
  0
TEXT
  8
QUOTATURA
 10
767.005
 20
-86.682
 30
0.0
 40
20.0
 50
0.0
  1
114
  0
TEXT
  8
QUOTATURA
 10
418.659
 20
80.651
 30
0.0
 40
20.0
 50
0.0
  1
219
  0
TEXT
  8
TEXT
 10
212.679
 20
-231.169
 30
0.0
 40
20.0
 50
0.0
  1
mdf
  0
TEXT
  8
TEXT
 10
56.837
 20
-292.419
 30
0.0
 40
20.0
 50
0.0
  1
legno
  0
TEXT
  8
TEXT
 10
152.08
 20
-292.399
 30
0.0
 40
20.0
 50
0.0
  1
truciolare
  0
TEXT
  8
QUOTATURA
 10
-3614.421
 20
425.956
 30
0.0
 40
50.0
 50
0.0
  1
114
  0
TEXT
  8
QUOTATURA
 10
-3675.412
 20
298.071
 30
0.0
 40
50.0
 50
0.0
  1
104
  0
TEXT
  8
QUOTATURA
 10
-4077.009
 20
226.798
 30
0.0
 40
50.0
 50
0.0
  1
20
  0
TEXT
  8
QUOTATURA
 10
-3560.523
 20
226.798
 30
0.0
 40
50.0
 50
0.0
  1
84
  0
TEXT
  8
QUOTATURA
 10
-2879.605
 20
158.375
 30
0.0
 40
50.0
 50
0.0
  1
10
  0
TEXT
  8
QUOTATURA
 10
-2864.421
 20
-568.612
 30
0.0
 40
50.0
 50
0.0
  1
14
  0
TEXT
  8
QUOTATURA
 10
-2647.824
 20
-488.786
 30
0.0
 40
50.0
 50
0.0
  1
21.5
  0
TEXT
  8
QUOTATURA
 10
-3069.804
 20
-306.326
 30
0.0
 40
50.0
 50
0.0
  1
6
  0
TEXT
  8
QUOTATURA
 10
-3831.637
 20
-571.463
 30
0.0
 40
50.0
 50
0.0
  1
2.5
  0
TEXT
  8
QUOTATURA
 10
-3779.247
 20
-151.37
 30
0.0
 40
50.0
 50
0.0
  1
40
  0
TEXT
  8
QUOTATURA
 10
-3814.532
 20
144.121
 30
0.0
 40
50.0
 50
0.0
  1
2.5
  0
TEXT
  8
TEXT
 10
48.387
 20
-183.987
 30
0.0
 40
20.0
 50
0.0
  1
D1
  0
TEXT
  8
TEXT
 10
-4105.751
 20
545.386
 30
0.0
 40
200.0
 50
0.0
  1
D1
  0
TEXT
  8
QUOTATURA
 10
-3629.254
 20
-559.956
 30
0.0
 40
50.0
 50
0.0
  1
45
  0
TEXT
  8
QUOTATURA
 10
-3329.974
 20
-496.816
 30
0.0
 40
50.0
 50
0.0
  1
49
  0
TEXT
  8
QUOTATURA
 10
2718.588
 20
-149.666
 30
0.0
 40
20.0
 50
0.0
  1
PRESSA=813
  0
TEXT
  8
TEXT
 10
2714.649
 20
41.87
 30
0.0
 40
30.0
 50
0.0
  1
SP40
  0
TEXT
  8
QUOTATURA
 10
2125.345
 20
1050.086
 30
0.0
 40
20.0
 50
0.0
  1
PRESSA=2109
  0
TEXT
  8
QUOTATURA
 10
2287.44
 20
467.305
 30
0.0
 40
20.0
 50
0.0
  1
2099
  0
TEXT
  8
QUOTATURA
 10
2775.915
 20
269.986
 30
0.0
 40
20.0
 50
0.0
  1
599
  0
TEXT
  8
QUOTATURA
 10
2774.697
 20
-121.343
 30
0.0
 40
20.0
 50
0.0
  1
807
  0
TEXT
  8
QUOTATURA
 10
3261.141
 20
505.057
 30
0.0
 40
20.0
 50
0.0
  1
3
  0
TEXT
  8
QUOTATURA
 10
2348.952
 20
508.548
 30
0.0
 40
20.0
 50
0.0
  1
3
  0
TEXT
  8
QUOTATURA
 10
2887.681
 20
105.086
 30
0.0
 40
20.0
 50
0.0
  1
PRESSA=219
  0
TEXT
  8
QUOTATURA
 10
2607.445
 20
1102.586
 30
0.0
 40
20.0
 50
0.0
  1
1786
  0
TEXT
  8
QUOTATURA
 10
2681.591
 20
157.866
 30
0.0
 40
20.0
 50
0.0
  1
5
  0
TEXT
  8
QUOTATURA
 10
2877.972
 20
2047.586
 30
0.0
 40
20.0
 50
0.0
  1
PRESSA=114
  0
TEXT
  8
QUOTATURA
 10
2875.601
 20
1102.586
 30
0.0
 40
20.0
 50
0.0
  1
PRESSA=1776
  0
TEXT
  8
QUOTATURA
 10
2612.915
 20
105.086
 30
0.0
 40
20.0
 50
0.0
  1
209
  0
TEXT
  8
QUOTATURA
 10
2704.589
 20
81.919
 30
0.0
 40
20.0
 50
0.0
  1
5
  0
TEXT
  8
QUOTATURA
 10
2614.188
 20
2047.586
 30
0.0
 40
20.0
 50
0.0
  1
104
  0
TEXT
  8
QUOTATURA
 10
2425.934
 20
268.783
 30
0.0
 40
20.0
 50
0.0
  1
104
  0
TEXT
  8
QUOTATURA
 10
4416.33
 20
-115.929
 30
0.0
 40
20.0
 50
0.0
  1
20
  0
TEXT
  8
QUOTATURA
 10
4876.932
 20
-144.567
 30
0.0
 40
20.0
 50
0.0
  1
BORDO=773
  0
TEXT
  8
QUOTATURA
 10
4314.022
 20
-42.811
 30
0.0
 40
20.0
 50
0.0
  1
20
  0
TEXT
  8
QUOTATURA
 10
4259.823
 20
1050.086
 30
0.0
 40
20.0
 50
0.0
  1
BORDO=2109
  0
TEXT
  8
QUOTATURA
 10
4982.913
 20
1050.086
 30
0.0
 40
20.0
 50
0.0
  1
TRUCIOLARE=2069
  0
TEXT
  8
QUOTATURA
 10
4927.215
 20
2037.586
 30
0.0
 40
20.0
 50
0.0
  1
94
  0
TEXT
  8
QUOTATURA
 10
2875.089
 20
1927.062
 30
0.0
 40
20.0
 50
0.0
  1
5
  0
TEXT
  8
QUOTATURA
 10
2724.401
 20
2188.169
 30
0.0
 40
20.0
 50
0.0
  1
5
  0
TEXT
  8
QUOTATURA
 10
2714.993
 20
312.913
 30
0.0
 40
20.0
 50
0.0
  1
PRESSA=585
  0
TEXT
  8
QUOTATURA
 10
2565.021
 20
506.715
 30
0.0
 40
20.0
 50
0.0
  1
7
  0
TEXT
  8
QUOTATURA
 10
2998.455
 20
476.597
 30
0.0
 40
20.0
 50
0.0
  1
7
  0
TEXT
  8
QUOTATURA
 10
2551.461
 20
352.377
 30
0.0
 40
20.0
 50
0.0
  1
PRESSA=114
  0
TEXT
  8
QUOTATURA
 10
4658.591
 20
385.451
 30
0.0
 40
20.0
 50
0.0
  1
TRUCIOLARE=94
  0
TEXT
  8
QUOTATURA
 10
4833.001
 20
115.341
 30
0.0
 40
20.0
 50
0.0
  1
TRUCIOLARE=585
  0
TEXT
  8
QUOTATURA
 10
4724.469
 20
70.199
 30
0.0
 40
20.0
 50
0.0
  1
199
  0
TEXT
  8
TEXT
 10
1675.862
 20
-438.788
 30
0.0
 40
20.0
 50
0.0
  1
Ufficio tecnico:
  0
TEXT
  8
TEXT
 10
2169.211
 20
-563.129
 30
0.0
 40
25.0
 50
0.0
  1
tel. 0577-68.54.26 - fax 0577-68.64.29
  0
TEXT
  8
TEXT
 10
2169.211
 20
-600.629
 30
0.0
 40
25.0
 50
0.0
  1
e-mail: tecnico@toscocornici.it - web: www.tosococornici.it
  0
TEXT
  8
TEXT
 10
2780.3
 20
-592.322
 30
0.0
 40
40.0
 50
0.0
  1
B.Ste
  0
TEXT
  8
TEXT
 10
2928.72
 20
-592.322
 30
0.0
 40
40.0
 50
0.0
  1
f
  0
TEXT
  8
TEXT
 10
2959.405
 20
-592.322
 30
0.0
 40
40.0
 50
0.0
  1
ano
  0
TEXT
  8
TEXT
 10
2676.081
 20
-435.825
 30
0.0
 40
20.0
 50
0.0
  1
documento:
  0
TEXT
  8
TEXT
 10
2919.737
 20
-488.947
 30
0.0
 40
20.0
 50
0.0
  1
BASE IN TRUCIOLARE
  0
TEXT
  8
TEXT
 10
3177.282
 20
-435.739
 30
0.0
 40
20.0
 50
0.0
  1
data:
  0
TEXT
  8
TEXT
 10
3426.381
 20
-487.231
 30
0.0
 40
30.0
 50
0.0
  1
8/12/12
  0
TEXT
  8
TEXT
 10
3435.135
 20
-587.94
 30
0.0
 40
30.0
 50
0.0
  1
1 : 10
  0
TEXT
  8
TEXT
 10
2674.267
 20
-534.05
 30
0.0
 40
20.0
 50
0.0
  1
responsabile tecnico:
  0
TEXT
  8
TEXT
 10
3175.863
 20
-534.34
 30
0.0
 40
20.0
 50
0.0
  1
scala:
  0
TEXT
  8
TEXT
 10
3981.281
 20
-438.788
 30
0.0
 40
20.0
 50
0.0
  1
Ufficio tecnico:
  0
TEXT
  8
TEXT
 10
4474.63
 20
-563.129
 30
0.0
 40
25.0
 50
0.0
  1
tel. 0577-68.54.26 - fax 0577-68.64.29
  0
TEXT
  8
TEXT
 10
4474.63
 20
-600.629
 30
0.0
 40
25.0
 50
0.0
  1
e-mail: tecnico@toscocornici.it - web: www.tosococornici.it
  0
TEXT
  8
TEXT
 10
5085.719
 20
-592.322
 30
0.0
 40
40.0
 50
0.0
  1
B.Ste
  0
TEXT
  8
TEXT
 10
5234.139
 20
-592.322
 30
0.0
 40
40.0
 50
0.0
  1
f
  0
TEXT
  8
TEXT
 10
5264.824
 20
-592.322
 30
0.0
 40
40.0
 50
0.0
  1
ano
  0
TEXT
  8
TEXT
 10
4981.5
 20
-435.825
 30
0.0
 40
20.0
 50
0.0
  1
documento:
  0
TEXT
  8
TEXT
 10
5225.155
 20
-488.947
 30
0.0
 40
20.0
 50
0.0
  1
BASE IN TRUCIOLARE
  0
TEXT
  8
TEXT
 10
5482.701
 20
-435.739
 30
0.0
 40
20.0
 50
0.0
  1
data:
  0
TEXT
  8
TEXT
 10
5731.8
 20
-487.231
 30
0.0
 40
30.0
 50
0.0
  1
8/12/12
  0
TEXT
  8
TEXT
 10
5740.554
 20
-587.94
 30
0.0
 40
30.0
 50
0.0
  1
1 : 10
  0
TEXT
  8
TEXT
 10
4979.686
 20
-534.05
 30
0.0
 40
20.0
 50
0.0
  1
responsabile tecnico:
  0
TEXT
  8
TEXT
 10
5481.282
 20
-534.34
 30
0.0
 40
20.0
 50
0.0
  1
scala:
  0
TEXT
  8
TEXT
 10
2116.397
 20
-287.609
 30
0.0
 40
50.0
 50
0.0
  1
INSIEME PRESSA
  0
TEXT
  8
TEXT
 10
4350.4
 20
-332.829
 30
0.0
 40
50.0
 50
0.0
  1
ESPLOSO PER PRESSA
  0
ENDSEC
  0
EOF
