  0
SECTION
  2
ENTITIES
  0
LINE
  8
APS_GEOMETRY
 10
430.5
 11
731.4
 20
182.0
 21
182.0
  0
ARC
  8
APS_GEOMETRY
 10
731.4
 20
184.1
 40
2.1
 50
270.0
 51
360.0
  0
LINE
  8
APS_GEOMETRY
 10
733.5
 11
733.5
 20
184.1
 21
583.9
  0
ARC
  8
APS_GEOMETRY
 10
731.4
 20
583.9
 40
2.1
 50
360.0
 51
90.0
  0
LINE
  8
APS_GEOMETRY
 10
731.4
 11
148.6
 20
586.0
 21
586.0
  0
ARC
  8
APS_GEOMETRY
 10
148.6
 20
583.9
 40
2.1
 50
90.0
 51
180.0
  0
LINE
  8
APS_GEOMETRY
 10
146.5
 11
146.5
 20
583.9
 21
184.1
  0
ARC
  8
APS_GEOMETRY
 10
148.6
 20
184.1
 40
2.1
 50
180.0
 51
270.0
  0
LINE
  8
APS_GEOMETRY
 10
148.6
 11
430.5
 20
182.0
 21
182.0
  0
LINE
  8
APS_GEOMETRY
 10
430.5
 11
148.6
 20
1476.0
 21
1476.0
  0
ARC
  8
APS_GEOMETRY
 10
148.6
 20
1473.9
 40
2.1
 50
90.0
 51
180.0
  0
LINE
  8
APS_GEOMETRY
 10
146.5
 11
146.5
 20
1473.9
 21
916.0
  0
LINE
  8
APS_GEOMETRY
 10
146.5
 11
146.5
 20
896.0
 21
700.1
  0
ARC
  8
APS_GEOMETRY
 10
148.6
 20
700.1
 40
2.1
 50
180.0
 51
270.0
  0
LINE
  8
APS_GEOMETRY
 10
148.6
 11
731.4
 20
698.0
 21
698.0
  0
ARC
  8
APS_GEOMETRY
 10
731.4
 20
700.1
 40
2.1
 50
270.0
 51
0.0
  0
LINE
  8
APS_GEOMETRY
 10
733.5
 11
733.5
 20
700.1
 21
1473.9
  0
ARC
  8
APS_GEOMETRY
 10
731.4
 20
1473.9
 40
2.1
 50
360.0
 51
90.0
  0
LINE
  8
APS_GEOMETRY
 10
731.4
 11
430.5
 20
1476.0
 21
1476.0
  0
LINE
  8
APS_GEOMETRY
 10
430.5
 11
148.6
 20
1992.0
 21
1992.0
  0
ARC
  8
APS_GEOMETRY
 10
148.6
 20
1989.9
 40
2.1
 50
90.0
 51
180.0
  0
LINE
  8
APS_GEOMETRY
 10
146.5
 11
146.5
 20
1989.9
 21
1590.1
  0
ARC
  8
APS_GEOMETRY
 10
148.6
 20
1590.1
 40
2.1
 50
180.0
 51
270.0
  0
LINE
  8
APS_GEOMETRY
 10
148.6
 11
731.4
 20
1588.0
 21
1588.0
  0
ARC
  8
APS_GEOMETRY
 10
731.4
 20
1590.1
 40
2.1
 50
270.0
 51
360.0
  0
LINE
  8
APS_GEOMETRY
 10
733.5
 11
733.5
 20
1590.1
 21
1989.9
  0
ARC
  8
APS_GEOMETRY
 10
731.4
 20
1989.9
 40
2.1
 50
360.0
 51
90.0
  0
LINE
  8
APS_GEOMETRY
 10
731.4
 11
430.5
 20
1992.0
 21
1992.0
  0
LINE
  8
APS_GEOMETRY
 10
32.5
 11
32.5
 20
2106.0
 21
6.0
  0
LINE
  8
APS_GEOMETRY
 10
32.5
 11
847.5
 20
6.0
 21
6.0
  0
LINE
  8
APS_GEOMETRY
 10
847.5
 11
847.5
 20
6.0
 21
2106.0
  0
LINE
  8
APS_GEOMETRY
 10
847.5
 11
32.5
 20
2106.0
 21
2106.0
  0
LINE
  8
TELAIO_NON_A_VISTA
 10
880.0
 11
880.0
 20
0.0
 21
2140.0
  0
LINE
  8
TELAIO_NON_A_VISTA
 10
880.0
 11
0.0
 20
2140.0
 21
2140.0
  0
LINE
  8
TELAIO_NON_A_VISTA
 10
0.0
 11
0.0
 20
2140.0
 21
0.0
  0
LINE
  8
APS_GEOMETRY
 10
840.0
 11
840.0
 20
0.0
 21
6.0
  0
LINE
  8
TELAIO_NON_A_VISTA
 10
840.0
 11
40.0
 20
2100.0
 21
2100.0
  0
LINE
  8
APS_GEOMETRY
 10
40.0
 11
40.0
 20
6.0
 21
0.0
  0
LINE
  8
TELAIO_NON_A_VISTA
 10
840.0
 11
840.0
 20
6.0
 21
2100.0
  0
LINE
  8
TELAIO_NON_A_VISTA
 10
40.0
 11
40.0
 20
2100.0
 21
6.0
  0
LINE
  8
TELAIO_NON_A_VISTA
 10
40.0
 11
34.0
 20
2100.0
 21
2106.0
  0
LINE
  8
APS_GEOMETRY
 10
34.0
 11
8.0
 20
2106.0
 21
2132.0
  0
LINE
  8
TELAIO_NON_A_VISTA
 10
8.0
 11
0.0
 20
2132.0
 21
2140.0
  0
LINE
  8
TELAIO_NON_A_VISTA
 10
840.0
 11
846.0
 20
2100.0
 21
2106.0
  0
LINE
  8
APS_GEOMETRY
 10
846.0
 11
872.0
 20
2106.0
 21
2132.0
  0
LINE
  8
TELAIO_NON_A_VISTA
 10
872.0
 11
880.0
 20
2132.0
 21
2140.0
  0
LINE
  8
APS_GEOMETRY
 10
872.0
 11
872.0
 20
0.0
 21
2201.0
  0
LINE
  8
APS_GEOMETRY
 10
872.0
 11
8.0
 20
2132.0
 21
2132.0
  0
LINE
  8
APS_GEOMETRY
 10
8.0
 11
8.0
 20
2201.0
 21
0.0
  0
LINE
  8
APS_GEOMETRY
 10
941.0
 11
941.0
 20
0.0
 21
2201.0
  0
LINE
  8
APS_GEOMETRY
 10
941.0
 11
-61.0
 20
2201.0
 21
2201.0
  0
LINE
  8
APS_GEOMETRY
 10
-61.0
 11
-61.0
 20
2201.0
 21
0.0
  0
LINE
  8
APS_GEOMETRY
 10
40.0
 11
8.0
 20
0.0
 21
0.0
  0
LINE
  8
TELAIO_NON_A_VISTA
 10
8.0
 11
0.0
 20
0.0
 21
0.0
  0
LINE
  8
APS_GEOMETRY
 10
8.0
 11
-61.0
 20
0.0
 21
0.0
  0
LINE
  8
APS_GEOMETRY
 10
840.0
 11
872.0
 20
0.0
 21
0.0
  0
LINE
  8
APS_GEOMETRY
 10
872.0
 11
941.0
 20
0.0
 21
0.0
  0
LINE
  8
APS_GEOMETRY
 10
440.0
 11
35.5
 20
-412.985
 21
-412.985
  0
ARC
  8
APS_GEOMETRY
 10
35.5
 20
-415.985
 40
3.0
 50
90.0
 51
180.0
  0
LINE
  8
APS_GEOMETRY
 10
32.5
 11
32.5
 20
-415.985
 21
-455.485
  0
ARC
  8
APS_GEOMETRY
 10
35.5
 20
-455.485
 40
3.0
 50
180.0
 51
270.0
  0
LINE
  8
APS_GEOMETRY
 10
35.5
 11
844.5
 20
-458.485
 21
-458.485
  0
ARC
  8
APS_GEOMETRY
 10
844.5
 20
-455.485
 40
3.0
 50
270.0
 51
0.0
  0
LINE
  8
APS_GEOMETRY
 10
847.5
 11
847.5
 20
-455.485
 21
-415.985
  0
ARC
  8
APS_GEOMETRY
 10
844.5
 20
-415.985
 40
3.0
 50
0.0
 51
90.0
  0
LINE
  8
COSTRUZIONI
 10
-10.0
 11
-10.0
 20
-422.985
 21
-540.285
  0
LINE
  8
COSTRUZIONI
 10
-30.0
 11
-30.0
 20
-422.985
 21
-540.285
  0
LINE
  8
COSTRUZIONI
 10
-10.0
 11
-145.043
 20
-422.985
 21
-422.985
  0
LINE
  8
COSTRUZIONI
 10
-10.0
 11
-145.043
 20
-540.285
 21
-540.285
  0
LINE
  8
COSTRUZIONI
 10
-29.881
 11
-10.0
 20
-540.285
 21
-422.985
  0
LINE
  8
COSTRUZIONI
 10
-30.0
 11
-10.119
 20
-422.985
 21
-540.285
  0
LINE
  8
APS_GEOMETRY
 10
0.0
 11
0.0
 20
-422.985
 21
-540.285
  0
LINE
  8
APS_GEOMETRY
 10
0.0
 11
28.2
 20
-540.285
 21
-540.285
  0
LINE
  8
APS_GEOMETRY
 10
28.2
 11
28.2
 20
-540.285
 21
-522.985
  0
LINE
  8
APS_GEOMETRY
 10
28.2
 11
32.0
 20
-522.985
 21
-522.985
  0
LINE
  8
APS_GEOMETRY
 10
32.0
 11
32.0
 20
-522.985
 21
-540.285
  0
LINE
  8
APS_GEOMETRY
 10
32.0
 11
38.0
 20
-540.285
 21
-540.285
  0
ARC
  8
APS_GEOMETRY
 10
38.0
 20
-538.285
 40
2.0
 50
270.0
 51
0.0
  0
LINE
  8
APS_GEOMETRY
 10
40.0
 11
40.0
 20
-538.285
 21
-462.485
  0
ARC
  8
APS_GEOMETRY
 10
38.0
 20
-462.485
 40
2.0
 50
0.0
 51
90.0
  0
LINE
  8
APS_GEOMETRY
 10
38.0
 11
36.3
 20
-460.485
 21
-460.485
  0
LINE
  8
APS_GEOMETRY
 10
36.3
 11
36.3
 20
-460.485
 21
-466.485
  0
LINE
  8
APS_GEOMETRY
 10
36.3
 11
33.3
 20
-466.485
 21
-466.485
  0
LINE
  8
APS_GEOMETRY
 10
33.3
 11
33.3
 20
-466.485
 21
-460.485
  0
LINE
  8
APS_GEOMETRY
 10
33.3
 11
30.0
 20
-460.485
 21
-460.485
  0
LINE
  8
APS_GEOMETRY
 10
30.0
 11
30.0
 20
-460.485
 21
-414.985
  0
ARC
  8
APS_GEOMETRY
 10
28.0
 20
-414.985
 40
2.0
 50
0.0
 51
90.0
  0
LINE
  8
APS_GEOMETRY
 10
28.0
 11
11.0
 20
-412.985
 21
-412.985
  0
ARC
  8
APS_GEOMETRY
 10
11.0
 20
-415.985
 40
3.0
 50
90.0
 51
180.0
  0
LINE
  8
APS_GEOMETRY
 10
8.0
 11
8.0
 20
-415.985
 21
-440.285
  0
LINE
  8
APS_GEOMETRY
 10
8.0
 11
4.5
 20
-440.285
 21
-440.285
  0
LINE
  8
APS_GEOMETRY
 10
4.5
 11
4.5
 20
-440.285
 21
-422.985
  0
LINE
  8
APS_GEOMETRY
 10
4.5
 11
0.0
 20
-422.985
 21
-422.985
  0
LINE
  8
APS_GEOMETRY
 10
-55.0
 11
-0.5
 20
-419.985
 21
-419.985
  0
LINE
  8
APS_GEOMETRY
 10
-0.5
 11
-0.5
 20
-419.985
 21
-422.985
  0
LINE
  8
APS_GEOMETRY
 10
-0.5
 11
4.5
 20
-422.985
 21
-422.985
  0
LINE
  8
APS_GEOMETRY
 10
4.5
 11
4.5
 20
-422.985
 21
-433.985
  0
LINE
  8
APS_GEOMETRY
 10
4.5
 11
5.5
 20
-433.985
 21
-434.985
  0
LINE
  8
APS_GEOMETRY
 10
5.5
 11
8.0
 20
-434.985
 21
-434.985
  0
LINE
  8
APS_GEOMETRY
 10
8.0
 11
8.0
 20
-434.985
 21
-416.985
  0
ARC
  8
APS_GEOMETRY
 10
4.0
 20
-416.985
 40
4.0
 50
0.0
 51
90.0
  0
LINE
  8
APS_GEOMETRY
 10
4.0
 11
-57.0
 20
-412.985
 21
-412.985
  0
ARC
  8
APS_GEOMETRY
 10
-57.0
 20
-416.985
 40
4.0
 50
90.0
 51
180.0
  0
LINE
  8
APS_GEOMETRY
 10
-61.0
 11
-61.0
 20
-416.985
 21
-422.985
  0
LINE
  8
APS_GEOMETRY
 10
-61.0
 11
-55.0
 20
-422.985
 21
-422.985
  0
LINE
  8
APS_GEOMETRY
 10
-55.0
 11
-55.0
 20
-422.985
 21
-419.985
  0
LINE
  8
APS_GEOMETRY
 10
28.5
 11
29.5
 20
-529.285
 21
-528.285
  0
LINE
  8
APS_GEOMETRY
 10
29.5
 11
32.0
 20
-528.285
 21
-528.285
  0
LINE
  8
APS_GEOMETRY
 10
32.0
 11
32.0
 20
-528.285
 21
-546.285
  0
ARC
  8
APS_GEOMETRY
 10
28.0
 20
-546.285
 40
4.0
 50
270.0
 51
360.0
  0
LINE
  8
APS_GEOMETRY
 10
28.0
 11
-54.0
 20
-550.285
 21
-550.285
  0
ARC
  8
APS_GEOMETRY
 10
-54.0
 20
-546.285
 40
4.0
 50
180.0
 51
270.0
  0
LINE
  8
APS_GEOMETRY
 10
-58.0
 11
-58.0
 20
-546.285
 21
-540.285
  0
LINE
  8
APS_GEOMETRY
 10
-58.0
 11
-52.0
 20
-540.285
 21
-540.285
  0
LINE
  8
APS_GEOMETRY
 10
-52.0
 11
-52.0
 20
-540.285
 21
-543.285
  0
LINE
  8
APS_GEOMETRY
 10
-52.0
 11
23.5
 20
-543.285
 21
-543.285
  0
LINE
  8
APS_GEOMETRY
 10
23.5
 11
23.5
 20
-543.285
 21
-540.285
  0
LINE
  8
APS_GEOMETRY
 10
23.5
 11
28.5
 20
-540.285
 21
-540.285
  0
LINE
  8
APS_GEOMETRY
 10
28.5
 11
28.5
 20
-540.285
 21
-529.285
  0
LINE
  8
APS_GEOMETRY
 10
440.0
 11
844.5
 20
-412.985
 21
-412.985
  0
LINE
  8
COSTRUZIONI
 10
890.0
 11
890.0
 20
-422.985
 21
-540.285
  0
LINE
  8
COSTRUZIONI
 10
910.0
 11
910.0
 20
-422.985
 21
-540.285
  0
LINE
  8
COSTRUZIONI
 10
890.0
 11
1025.043
 20
-422.985
 21
-422.985
  0
LINE
  8
COSTRUZIONI
 10
890.0
 11
1025.043
 20
-540.285
 21
-540.285
  0
LINE
  8
COSTRUZIONI
 10
909.881
 11
890.0
 20
-540.285
 21
-422.985
  0
LINE
  8
COSTRUZIONI
 10
910.0
 11
890.119
 20
-422.985
 21
-540.285
  0
LINE
  8
APS_GEOMETRY
 10
872.0
 11
872.0
 20
-440.285
 21
-415.985
  0
ARC
  8
APS_GEOMETRY
 10
869.0
 20
-415.985
 40
3.0
 50
0.0
 51
90.0
  0
LINE
  8
APS_GEOMETRY
 10
869.0
 11
852.0
 20
-412.985
 21
-412.985
  0
ARC
  8
APS_GEOMETRY
 10
852.0
 20
-414.985
 40
2.0
 50
90.0
 51
180.0
  0
LINE
  8
APS_GEOMETRY
 10
850.0
 11
850.0
 20
-414.985
 21
-460.485
  0
LINE
  8
APS_GEOMETRY
 10
850.0
 11
846.7
 20
-460.485
 21
-460.485
  0
LINE
  8
APS_GEOMETRY
 10
846.7
 11
846.7
 20
-460.485
 21
-466.485
  0
LINE
  8
APS_GEOMETRY
 10
846.7
 11
843.7
 20
-466.485
 21
-466.485
  0
LINE
  8
APS_GEOMETRY
 10
843.7
 11
843.7
 20
-466.485
 21
-460.485
  0
LINE
  8
APS_GEOMETRY
 10
843.7
 11
842.0
 20
-460.485
 21
-460.485
  0
ARC
  8
APS_GEOMETRY
 10
842.0
 20
-462.485
 40
2.0
 50
90.0
 51
180.0
  0
LINE
  8
APS_GEOMETRY
 10
840.0
 11
840.0
 20
-462.485
 21
-538.285
  0
ARC
  8
APS_GEOMETRY
 10
842.0
 20
-538.285
 40
2.0
 50
180.0
 51
270.0
  0
LINE
  8
APS_GEOMETRY
 10
842.0
 11
848.0
 20
-540.285
 21
-540.285
  0
LINE
  8
APS_GEOMETRY
 10
848.0
 11
848.0
 20
-540.285
 21
-522.985
  0
LINE
  8
APS_GEOMETRY
 10
848.0
 11
851.8
 20
-522.985
 21
-522.985
  0
LINE
  8
APS_GEOMETRY
 10
851.8
 11
851.8
 20
-522.985
 21
-540.285
  0
LINE
  8
APS_GEOMETRY
 10
851.8
 11
880.0
 20
-540.285
 21
-540.285
  0
LINE
  8
APS_GEOMETRY
 10
880.0
 11
880.0
 20
-540.285
 21
-422.985
  0
LINE
  8
APS_GEOMETRY
 10
880.0
 11
875.5
 20
-422.985
 21
-422.985
  0
LINE
  8
APS_GEOMETRY
 10
875.5
 11
875.5
 20
-422.985
 21
-440.285
  0
LINE
  8
APS_GEOMETRY
 10
875.5
 11
872.0
 20
-440.285
 21
-440.285
  0
LINE
  8
APS_GEOMETRY
 10
935.0
 11
880.5
 20
-419.985
 21
-419.985
  0
LINE
  8
APS_GEOMETRY
 10
880.5
 11
880.5
 20
-419.985
 21
-422.985
  0
LINE
  8
APS_GEOMETRY
 10
880.5
 11
875.5
 20
-422.985
 21
-422.985
  0
LINE
  8
APS_GEOMETRY
 10
875.5
 11
875.5
 20
-422.985
 21
-433.985
  0
LINE
  8
APS_GEOMETRY
 10
875.5
 11
874.5
 20
-433.985
 21
-434.985
  0
LINE
  8
APS_GEOMETRY
 10
874.5
 11
872.0
 20
-434.985
 21
-434.985
  0
LINE
  8
APS_GEOMETRY
 10
872.0
 11
872.0
 20
-434.985
 21
-416.985
  0
ARC
  8
APS_GEOMETRY
 10
876.0
 20
-416.985
 40
4.0
 50
90.0
 51
180.0
  0
LINE
  8
APS_GEOMETRY
 10
876.0
 11
937.0
 20
-412.985
 21
-412.985
  0
ARC
  8
APS_GEOMETRY
 10
937.0
 20
-416.985
 40
4.0
 50
360.0
 51
90.0
  0
LINE
  8
APS_GEOMETRY
 10
941.0
 11
941.0
 20
-416.985
 21
-422.985
  0
LINE
  8
APS_GEOMETRY
 10
941.0
 11
935.0
 20
-422.985
 21
-422.985
  0
LINE
  8
APS_GEOMETRY
 10
935.0
 11
935.0
 20
-422.985
 21
-419.985
  0
LINE
  8
APS_GEOMETRY
 10
851.5
 11
850.5
 20
-529.285
 21
-528.285
  0
LINE
  8
APS_GEOMETRY
 10
850.5
 11
848.0
 20
-528.285
 21
-528.285
  0
LINE
  8
APS_GEOMETRY
 10
848.0
 11
848.0
 20
-528.285
 21
-546.285
  0
ARC
  8
APS_GEOMETRY
 10
852.0
 20
-546.285
 40
4.0
 50
180.0
 51
270.0
  0
LINE
  8
APS_GEOMETRY
 10
852.0
 11
934.0
 20
-550.285
 21
-550.285
  0
ARC
  8
APS_GEOMETRY
 10
934.0
 20
-546.285
 40
4.0
 50
270.0
 51
0.0
  0
LINE
  8
APS_GEOMETRY
 10
938.0
 11
938.0
 20
-546.285
 21
-540.285
  0
LINE
  8
APS_GEOMETRY
 10
938.0
 11
932.0
 20
-540.285
 21
-540.285
  0
LINE
  8
APS_GEOMETRY
 10
932.0
 11
932.0
 20
-540.285
 21
-543.285
  0
LINE
  8
APS_GEOMETRY
 10
932.0
 11
856.5
 20
-543.285
 21
-543.285
  0
LINE
  8
APS_GEOMETRY
 10
856.5
 11
856.5
 20
-543.285
 21
-540.285
  0
LINE
  8
APS_GEOMETRY
 10
856.5
 11
851.5
 20
-540.285
 21
-540.285
  0
LINE
  8
APS_GEOMETRY
 10
851.5
 11
851.5
 20
-540.285
 21
-529.285
  0
LINE
  8
APS_GEOMETRY
 10
67.5
 11
812.5
 20
-431.735
 21
-431.735
  0
LINE
  8
APS_GEOMETRY
 10
67.5
 11
812.5
 20
-439.735
 21
-439.735
  0
LINE
  8
APS_GEOMETRY
 10
847.5
 11
32.5
 20
-418.985
 21
-418.985
  0
LINE
  8
APS_GEOMETRY
 10
32.5
 11
847.5
 20
-452.485
 21
-452.485
  0
LINE
  8
APS_GEOMETRY
 10
-267.5
 11
-267.5
 20
1698.5
 21
2103.0
  0
ARC
  8
APS_GEOMETRY
 10
-270.5
 20
2103.0
 40
3.0
 50
360.0
 51
90.0
  0
LINE
  8
APS_GEOMETRY
 10
-270.5
 11
-310.0
 20
2106.0
 21
2106.0
  0
ARC
  8
APS_GEOMETRY
 10
-310.0
 20
2103.0
 40
3.0
 50
90.0
 51
180.0
  0
LINE
  8
APS_GEOMETRY
 10
-313.0
 11
-313.0
 20
2103.0
 21
9.0
  0
ARC
  8
APS_GEOMETRY
 10
-310.0
 20
9.0
 40
3.0
 50
180.0
 51
270.0
  0
LINE
  8
APS_GEOMETRY
 10
-310.0
 11
-295.75
 20
6.0
 21
6.0
  0
LINE
  8
APS_GEOMETRY
 10
-290.351
 11
-290.149
 20
6.0
 21
6.0
  0
LINE
  8
APS_GEOMETRY
 10
-284.75
 11
-270.5
 20
6.0
 21
6.0
  0
ARC
  8
APS_GEOMETRY
 10
-270.5
 20
9.0
 40
3.0
 50
270.0
 51
360.0
  0
LINE
  8
COSTRUZIONI
 10
-277.5
 11
-394.8
 20
2145.0
 21
2145.0
  0
LINE
  8
COSTRUZIONI
 10
-277.5
 11
-394.8
 20
2165.0
 21
2165.0
  0
LINE
  8
COSTRUZIONI
 10
-277.5
 11
-277.5
 20
2145.0
 21
2280.043
  0
LINE
  8
COSTRUZIONI
 10
-394.8
 11
-394.8
 20
2145.0
 21
2280.043
  0
LINE
  8
COSTRUZIONI
 10
-394.8
 11
-277.5
 20
2164.881
 21
2145.0
  0
LINE
  8
COSTRUZIONI
 10
-277.5
 11
-394.8
 20
2165.0
 21
2145.119
  0
LINE
  8
APS_GEOMETRY
 10
-394.8
 11
-277.5
 20
2140.0
 21
2140.0
  0
LINE
  8
APS_GEOMETRY
 10
-277.5
 11
-277.5
 20
2140.0
 21
2135.5
  0
LINE
  8
APS_GEOMETRY
 10
-277.5
 11
-294.8
 20
2135.5
 21
2135.5
  0
LINE
  8
APS_GEOMETRY
 10
-294.8
 11
-294.8
 20
2135.5
 21
2132.0
  0
LINE
  8
APS_GEOMETRY
 10
-294.8
 11
-270.5
 20
2132.0
 21
2132.0
  0
ARC
  8
APS_GEOMETRY
 10
-270.5
 20
2129.0
 40
3.0
 50
360.0
 51
90.0
  0
LINE
  8
APS_GEOMETRY
 10
-267.5
 11
-267.5
 20
2129.0
 21
2112.0
  0
ARC
  8
APS_GEOMETRY
 10
-269.5
 20
2112.0
 40
2.0
 50
270.0
 51
360.0
  0
LINE
  8
APS_GEOMETRY
 10
-269.5
 11
-315.0
 20
2110.0
 21
2110.0
  0
LINE
  8
APS_GEOMETRY
 10
-315.0
 11
-315.0
 20
2110.0
 21
2106.7
  0
LINE
  8
APS_GEOMETRY
 10
-315.0
 11
-321.0
 20
2106.7
 21
2106.7
  0
LINE
  8
APS_GEOMETRY
 10
-321.0
 11
-321.0
 20
2106.7
 21
2103.7
  0
LINE
  8
APS_GEOMETRY
 10
-321.0
 11
-315.0
 20
2103.7
 21
2103.7
  0
LINE
  8
APS_GEOMETRY
 10
-315.0
 11
-315.0
 20
2103.7
 21
2102.0
  0
ARC
  8
APS_GEOMETRY
 10
-317.0
 20
2102.0
 40
2.0
 50
270.0
 51
360.0
  0
LINE
  8
APS_GEOMETRY
 10
-317.0
 11
-392.8
 20
2100.0
 21
2100.0
  0
ARC
  8
APS_GEOMETRY
 10
-392.8
 20
2102.0
 40
2.0
 50
180.0
 51
270.0
  0
LINE
  8
APS_GEOMETRY
 10
-394.8
 11
-394.8
 20
2102.0
 21
2106.0
  0
LINE
  8
APS_GEOMETRY
 10
-394.8
 11
-377.5
 20
2106.0
 21
2106.0
  0
LINE
  8
APS_GEOMETRY
 10
-377.5
 11
-377.5
 20
2106.0
 21
2109.8
  0
LINE
  8
APS_GEOMETRY
 10
-377.5
 11
-394.8
 20
2109.8
 21
2109.8
  0
LINE
  8
APS_GEOMETRY
 10
-394.8
 11
-394.8
 20
2109.8
 21
2140.0
  0
LINE
  8
APS_GEOMETRY
 10
-274.5
 11
-274.5
 20
2195.0
 21
2140.5
  0
LINE
  8
APS_GEOMETRY
 10
-274.5
 11
-277.5
 20
2140.5
 21
2140.5
  0
LINE
  8
APS_GEOMETRY
 10
-277.5
 11
-277.5
 20
2140.5
 21
2135.5
  0
LINE
  8
APS_GEOMETRY
 10
-277.5
 11
-288.5
 20
2135.5
 21
2135.5
  0
LINE
  8
APS_GEOMETRY
 10
-288.5
 11
-289.5
 20
2135.5
 21
2134.5
  0
LINE
  8
APS_GEOMETRY
 10
-289.5
 11
-289.5
 20
2134.5
 21
2132.0
  0
LINE
  8
APS_GEOMETRY
 10
-289.5
 11
-271.5
 20
2132.0
 21
2132.0
  0
ARC
  8
APS_GEOMETRY
 10
-271.5
 20
2136.0
 40
4.0
 50
270.0
 51
360.0
  0
LINE
  8
APS_GEOMETRY
 10
-267.5
 11
-267.5
 20
2136.0
 21
2197.0
  0
ARC
  8
APS_GEOMETRY
 10
-271.5
 20
2197.0
 40
4.0
 50
360.0
 51
90.0
  0
LINE
  8
APS_GEOMETRY
 10
-271.5
 11
-277.5
 20
2201.0
 21
2201.0
  0
LINE
  8
APS_GEOMETRY
 10
-277.5
 11
-277.5
 20
2201.0
 21
2195.0
  0
LINE
  8
APS_GEOMETRY
 10
-277.5
 11
-274.5
 20
2195.0
 21
2195.0
  0
LINE
  8
APS_GEOMETRY
 10
-383.8
 11
-382.8
 20
2109.8
 21
2108.8
  0
LINE
  8
APS_GEOMETRY
 10
-382.8
 11
-382.8
 20
2108.8
 21
2106.3
  0
LINE
  8
APS_GEOMETRY
 10
-382.8
 11
-400.8
 20
2106.3
 21
2106.3
  0
ARC
  8
APS_GEOMETRY
 10
-400.8
 20
2110.3
 40
4.0
 50
180.0
 51
270.0
  0
LINE
  8
APS_GEOMETRY
 10
-404.8
 11
-404.8
 20
2110.3
 21
2192.3
  0
ARC
  8
APS_GEOMETRY
 10
-400.8
 20
2192.3
 40
4.0
 50
90.0
 51
180.0
  0
LINE
  8
APS_GEOMETRY
 10
-400.8
 11
-394.8
 20
2196.3
 21
2196.3
  0
LINE
  8
APS_GEOMETRY
 10
-394.8
 11
-394.8
 20
2196.3
 21
2190.3
  0
LINE
  8
APS_GEOMETRY
 10
-394.8
 11
-397.8
 20
2190.3
 21
2190.3
  0
LINE
  8
APS_GEOMETRY
 10
-397.8
 11
-397.8
 20
2190.3
 21
2114.8
  0
LINE
  8
APS_GEOMETRY
 10
-397.8
 11
-394.8
 20
2114.8
 21
2114.8
  0
LINE
  8
APS_GEOMETRY
 10
-394.8
 11
-394.8
 20
2114.8
 21
2109.8
  0
LINE
  8
APS_GEOMETRY
 10
-394.8
 11
-383.8
 20
2109.8
 21
2109.8
  0
LINE
  8
APS_GEOMETRY
 10
-267.5
 11
-267.5
 20
1698.5
 21
9.0
  0
LINE
  8
APS_GEOMETRY
 10
-286.25
 11
-286.25
 20
2071.0
 21
61.0
  0
LINE
  8
APS_GEOMETRY
 10
-294.25
 11
-294.25
 20
2071.0
 21
61.0
  0
LINE
  8
APS_GEOMETRY
 10
-273.5
 11
-273.5
 20
6.0
 21
2106.0
  0
LINE
  8
APS_GEOMETRY
 10
-307.0
 11
-307.0
 20
2106.0
 21
6.0
  0
LINE
  8
COSTRUZIONI
 10
8.0
 11
-640.876
 20
0.0
 21
0.0
  0
LINE
  8
APS_GEOMETRY
 10
-283.75
 11
-283.75
 20
6.0
 21
36.0
  0
LINE
  8
APS_GEOMETRY
 10
-283.75
 11
-296.75
 20
36.0
 21
36.0
  0
LINE
  8
APS_GEOMETRY
 10
-296.75
 11
-296.75
 20
36.0
 21
6.0
  0
CIRCLE
  8
APS_GEOMETRY
 10
-290.25
 20
27.0
 40
6.5
  0
CIRCLE
  8
APS_GEOMETRY
 10
-290.25
 20
27.0
 40
6.0
  0
LINE
  8
APS_GEOMETRY
 10
-284.75
 11
-284.75
 20
6.0
 21
23.536
  0
LINE
  8
APS_GEOMETRY
 10
-284.75
 11
-284.75
 20
30.464
 21
32.415
  0
LINE
  8
APS_GEOMETRY
 10
-284.75
 11
-284.75
 20
33.415
 21
35.0
  0
LINE
  8
APS_GEOMETRY
 10
-284.75
 11
-295.75
 20
35.0
 21
35.0
  0
LINE
  8
APS_GEOMETRY
 10
-295.75
 11
-295.75
 20
35.0
 21
33.415
  0
LINE
  8
APS_GEOMETRY
 10
-295.75
 11
-295.75
 20
32.415
 21
30.464
  0
LINE
  8
APS_GEOMETRY
 10
-295.75
 11
-295.75
 20
23.536
 21
6.0
  0
LINE
  8
APS_GEOMETRY
 10
-296.75
 11
-295.75
 20
6.0
 21
6.0
  0
LINE
  8
APS_GEOMETRY
 10
-284.75
 11
-283.75
 20
6.0
 21
6.0
  0
LINE
  8
APS_GEOMETRY
 10
-284.75
 11
-285.75
 20
33.415
 21
33.415
  0
LINE
  8
APS_GEOMETRY
 10
-285.75
 11
-285.75
 20
33.415
 21
32.415
  0
LINE
  8
APS_GEOMETRY
 10
-285.75
 11
-284.75
 20
32.415
 21
32.415
  0
LINE
  8
APS_GEOMETRY
 10
-295.75
 11
-294.75
 20
32.415
 21
32.415
  0
LINE
  8
APS_GEOMETRY
 10
-294.75
 11
-294.75
 20
32.415
 21
33.415
  0
LINE
  8
APS_GEOMETRY
 10
-294.75
 11
-295.75
 20
33.415
 21
33.415
  0
CIRCLE
  8
APS_GEOMETRY
 10
-290.25
 20
27.0
 40
1.5
  0
LINE
  8
APS_GEOMETRY
 10
-291.0
 11
-289.5
 20
25.701
 21
25.701
  0
LINE
  8
APS_GEOMETRY
 10
-289.5
 11
-288.75
 20
25.701
 21
27.0
  0
LINE
  8
APS_GEOMETRY
 10
-288.75
 11
-289.5
 20
27.0
 21
28.299
  0
LINE
  8
APS_GEOMETRY
 10
-289.5
 11
-291.0
 20
28.299
 21
28.299
  0
LINE
  8
APS_GEOMETRY
 10
-291.0
 11
-291.75
 20
28.299
 21
27.0
  0
LINE
  8
APS_GEOMETRY
 10
-291.75
 11
-291.0
 20
27.0
 21
25.701
  0
CIRCLE
  8
COSTRUZIONI
 10
-290.25
 20
27.0
 40
1.5
  0
LINE
  8
APS_GEOMETRY
 10
-293.5
 11
-293.5
 20
21.371
 21
17.5
  0
LINE
  8
APS_GEOMETRY
 10
-293.5
 11
-287.0
 20
17.5
 21
17.5
  0
LINE
  8
APS_GEOMETRY
 10
-287.0
 11
-287.0
 20
17.5
 21
21.371
  0
LINE
  8
APS_GEOMETRY
 10
-294.5
 11
-294.5
 20
22.082
 21
12.5
  0
ARC
  8
APS_GEOMETRY
 10
-294.0
 20
12.5
 40
0.5
 50
180.0
 51
270.0
  0
LINE
  8
APS_GEOMETRY
 10
-294.0
 11
-292.5
 20
12.0
 21
12.0
  0
LINE
  8
APS_GEOMETRY
 10
-292.5
 11
-292.5
 20
12.0
 21
13.0
  0
LINE
  8
APS_GEOMETRY
 10
-292.5
 11
-293.5
 20
13.0
 21
13.0
  0
LINE
  8
APS_GEOMETRY
 10
-293.5
 11
-293.5
 20
13.0
 21
16.5
  0
LINE
  8
APS_GEOMETRY
 10
-293.5
 11
-287.0
 20
16.5
 21
16.5
  0
LINE
  8
APS_GEOMETRY
 10
-287.0
 11
-287.0
 20
16.5
 21
13.0
  0
LINE
  8
APS_GEOMETRY
 10
-287.0
 11
-288.0
 20
13.0
 21
13.0
  0
LINE
  8
APS_GEOMETRY
 10
-288.0
 11
-288.0
 20
13.0
 21
12.0
  0
LINE
  8
APS_GEOMETRY
 10
-288.0
 11
-286.5
 20
12.0
 21
12.0
  0
ARC
  8
APS_GEOMETRY
 10
-286.5
 20
12.5
 40
0.5
 50
270.0
 51
0.0
  0
LINE
  8
APS_GEOMETRY
 10
-286.0
 11
-286.0
 20
12.5
 21
22.082
  0
ARC
  8
APS_GEOMETRY
 10
-289.782
 20
22.867
 40
13.175
 50
258.977
 51
261.092
  0
ARC
  8
APS_GEOMETRY
 10
-291.104
 20
14.435
 40
4.639
 50
261.092
 51
265.699
  0
ARC
  8
APS_GEOMETRY
 10
-290.931
 20
16.728
 40
6.939
 50
265.699
 51
269.237
  0
ARC
  8
APS_GEOMETRY
 10
-290.346
 20
60.706
 40
50.921
 50
269.237
 51
270.051
  0
ARC
  8
APS_GEOMETRY
 10
-290.347
 20
62.544
 40
52.758
 50
270.051
 51
270.106
  0
ARC
  8
APS_GEOMETRY
 10
-290.153
 20
62.544
 40
52.758
 50
269.894
 51
269.949
  0
ARC
  8
APS_GEOMETRY
 10
-290.154
 20
60.706
 40
50.921
 50
269.949
 51
270.763
  0
ARC
  8
APS_GEOMETRY
 10
-289.569
 20
16.728
 40
6.939
 50
270.763
 51
274.301
  0
ARC
  8
APS_GEOMETRY
 10
-289.396
 20
14.435
 40
4.639
 50
274.301
 51
278.908
  0
ARC
  8
APS_GEOMETRY
 10
-290.718
 20
22.867
 40
13.175
 50
278.908
 51
281.023
  0
ARC
  8
APS_GEOMETRY
 10
-820.563
 20
2742.812
 40
2784.246
 50
281.023
 51
281.03
  0
ARC
  8
APS_GEOMETRY
 10
-641.796
 20
1825.648
 40
1849.822
 50
281.03
 51
281.038
  0
ARC
  8
APS_GEOMETRY
 10
-739.885
 20
2328.461
 40
2362.113
 50
281.038
 51
281.044
  0
ARC
  8
APS_GEOMETRY
 10
-295.684
 20
52.615
 40
43.323
 50
281.044
 51
281.145
  0
ARC
  8
APS_GEOMETRY
 10
-287.24
 20
9.755
 40
0.361
 50
75.552
 51
101.145
  0
ARC
  8
APS_GEOMETRY
 10
-287.272
 20
9.634
 40
0.486
 50
55.088
 51
75.552
  0
ARC
  8
APS_GEOMETRY
 10
-287.244
 20
9.673
 40
0.439
 50
33.459
 51
55.088
  0
ARC
  8
APS_GEOMETRY
 10
-287.083
 20
9.78
 40
0.245
 50
0.0
 51
33.459
  0
ARC
  8
APS_GEOMETRY
 10
-286.999
 20
9.78
 40
0.162
 50
338.756
 51
360.0
  0
ARC
  8
APS_GEOMETRY
 10
-287.572
 20
10.003
 40
0.776
 50
332.124
 51
338.756
  0
ARC
  8
APS_GEOMETRY
 10
-287.706
 20
10.073
 40
0.927
 50
325.751
 51
332.124
  0
ARC
  8
APS_GEOMETRY
 10
-287.722
 20
10.084
 40
0.947
 50
319.478
 51
325.751
  0
ARC
  8
APS_GEOMETRY
 10
-286.149
 20
8.739
 40
1.123
 50
139.478
 51
147.383
  0
ARC
  8
APS_GEOMETRY
 10
-286.769
 20
9.136
 40
0.387
 50
147.383
 51
164.883
  0
ARC
  8
APS_GEOMETRY
 10
-286.481
 20
9.058
 40
0.685
 50
164.883
 51
176.835
  0
ARC
  8
APS_GEOMETRY
 10
-280.238
 20
8.713
 40
6.938
 50
176.835
 51
179.018
  0
ARC
  8
APS_GEOMETRY
 10
-291.489
 20
8.906
 40
4.315
 50
356.461
 51
359.018
  0
ARC
  8
APS_GEOMETRY
 10
-293.436
 20
9.026
 40
6.266
 50
354.527
 51
356.461
  0
ARC
  8
APS_GEOMETRY
 10
-292.991
 20
8.984
 40
5.819
 50
352.57
 51
354.527
  0
ARC
  8
APS_GEOMETRY
 10
-289.124
 20
8.479
 40
1.919
 50
348.094
 51
352.57
  0
ARC
  8
APS_GEOMETRY
 10
-289.273
 20
8.511
 40
2.072
 50
343.165
 51
348.094
  0
ARC
  8
APS_GEOMETRY
 10
-287.689
 20
8.032
 40
0.417
 50
326.985
 51
343.165
  0
ARC
  8
APS_GEOMETRY
 10
-287.659
 20
8.012
 40
0.381
 50
309.82
 51
326.985
  0
ARC
  8
APS_GEOMETRY
 10
-288.414
 20
8.917
 40
1.559
 50
303.798
 51
309.82
  0
ARC
  8
APS_GEOMETRY
 10
-286.588
 20
6.19
 40
1.723
 50
123.798
 51
128.634
  0
ARC
  8
APS_GEOMETRY
 10
-287.413
 20
7.222
 40
0.401
 50
128.634
 51
142.921
  0
ARC
  8
APS_GEOMETRY
 10
-287.547
 20
7.323
 40
0.233
 50
142.921
 51
162.791
  0
ARC
  8
APS_GEOMETRY
 10
-287.5
 20
7.309
 40
0.282
 50
162.791
 51
180.0
  0
ARC
  8
APS_GEOMETRY
 10
-288.198
 20
7.309
 40
0.416
 50
336.608
 51
360.0
  0
ARC
  8
APS_GEOMETRY
 10
-288.023
 20
7.233
 40
0.225
 50
299.563
 51
336.608
  0
ARC
  8
APS_GEOMETRY
 10
-288.097
 20
7.364
 40
0.375
 50
272.754
 51
299.563
  0
ARC
  8
APS_GEOMETRY
 10
-288.153
 20
8.531
 40
1.544
 50
263.38
 51
272.754
  0
LINE
  8
APS_GEOMETRY
 10
-288.331
 11
-288.664
 20
6.997
 21
7.036
  0
LINE
  8
APS_GEOMETRY
 10
-288.664
 11
-288.777
 20
7.036
 21
6.815
  0
ARC
  8
APS_GEOMETRY
 10
-289.481
 20
7.175
 40
0.791
 50
318.146
 51
332.971
  0
ARC
  8
APS_GEOMETRY
 10
-289.118
 20
6.85
 40
0.304
 50
287.853
 51
318.146
  0
ARC
  8
APS_GEOMETRY
 10
-289.104
 20
6.806
 40
0.258
 50
254.338
 51
287.853
  0
ARC
  8
APS_GEOMETRY
 10
-289.033
 20
7.061
 40
0.522
 50
234.547
 51
254.338
  0
ARC
  8
APS_GEOMETRY
 10
-289.823
 20
5.952
 40
0.839
 50
54.547
 51
66.446
  0
ARC
  8
APS_GEOMETRY
 10
-289.576
 20
6.518
 40
0.222
 50
66.446
 51
98.436
  0
ARC
  8
APS_GEOMETRY
 10
-289.566
 20
6.448
 40
0.293
 50
98.436
 51
125.1
  0
ARC
  8
APS_GEOMETRY
 10
-288.706
 20
5.225
 40
1.787
 50
125.1
 51
132.096
  0
ARC
  8
APS_GEOMETRY
 10
-290.665
 20
7.393
 40
1.135
 50
301.144
 51
312.096
  0
ARC
  8
APS_GEOMETRY
 10
-290.202
 20
6.627
 40
0.24
 50
266.437
 51
301.144
  0
ARC
  8
APS_GEOMETRY
 10
-290.203
 20
6.616
 40
0.229
 50
258.098
 51
266.437
  0
ARC
  8
APS_GEOMETRY
 10
-290.297
 20
6.616
 40
0.229
 50
273.563
 51
281.902
  0
ARC
  8
APS_GEOMETRY
 10
-290.298
 20
6.627
 40
0.24
 50
238.856
 51
273.563
  0
ARC
  8
APS_GEOMETRY
 10
-289.835
 20
7.393
 40
1.135
 50
227.904
 51
238.856
  0
ARC
  8
APS_GEOMETRY
 10
-291.794
 20
5.225
 40
1.787
 50
47.904
 51
54.9
  0
ARC
  8
APS_GEOMETRY
 10
-290.934
 20
6.448
 40
0.293
 50
54.9
 51
81.564
  0
ARC
  8
APS_GEOMETRY
 10
-290.924
 20
6.518
 40
0.222
 50
81.564
 51
113.554
  0
ARC
  8
APS_GEOMETRY
 10
-290.677
 20
5.952
 40
0.839
 50
113.554
 51
125.453
  0
ARC
  8
APS_GEOMETRY
 10
-291.467
 20
7.061
 40
0.522
 50
285.662
 51
305.453
  0
ARC
  8
APS_GEOMETRY
 10
-291.396
 20
6.806
 40
0.258
 50
252.147
 51
285.662
  0
ARC
  8
APS_GEOMETRY
 10
-291.382
 20
6.85
 40
0.304
 50
221.854
 51
252.147
  0
ARC
  8
APS_GEOMETRY
 10
-291.019
 20
7.175
 40
0.791
 50
207.029
 51
221.854
  0
LINE
  8
APS_GEOMETRY
 10
-291.723
 11
-291.836
 20
6.815
 21
7.036
  0
LINE
  8
APS_GEOMETRY
 10
-291.836
 11
-292.169
 20
7.036
 21
6.997
  0
ARC
  8
APS_GEOMETRY
 10
-292.347
 20
8.531
 40
1.544
 50
267.246
 51
276.62
  0
ARC
  8
APS_GEOMETRY
 10
-292.403
 20
7.364
 40
0.375
 50
240.437
 51
267.246
  0
ARC
  8
APS_GEOMETRY
 10
-292.477
 20
7.233
 40
0.225
 50
203.392
 51
240.437
  0
ARC
  8
APS_GEOMETRY
 10
-292.302
 20
7.309
 40
0.416
 50
180.0
 51
203.392
  0
ARC
  8
APS_GEOMETRY
 10
-293.0
 20
7.309
 40
0.282
 50
0.0
 51
17.209
  0
ARC
  8
APS_GEOMETRY
 10
-292.953
 20
7.323
 40
0.233
 50
17.209
 51
37.079
  0
ARC
  8
APS_GEOMETRY
 10
-293.087
 20
7.222
 40
0.401
 50
37.079
 51
51.366
  0
ARC
  8
APS_GEOMETRY
 10
-293.912
 20
6.19
 40
1.723
 50
51.366
 51
56.202
  0
ARC
  8
APS_GEOMETRY
 10
-292.086
 20
8.917
 40
1.559
 50
230.18
 51
236.202
  0
ARC
  8
APS_GEOMETRY
 10
-292.841
 20
8.012
 40
0.381
 50
213.015
 51
230.18
  0
ARC
  8
APS_GEOMETRY
 10
-292.811
 20
8.032
 40
0.417
 50
196.835
 51
213.015
  0
ARC
  8
APS_GEOMETRY
 10
-291.227
 20
8.511
 40
2.072
 50
191.906
 51
196.835
  0
ARC
  8
APS_GEOMETRY
 10
-291.376
 20
8.479
 40
1.919
 50
187.43
 51
191.906
  0
ARC
  8
APS_GEOMETRY
 10
-287.509
 20
8.984
 40
5.819
 50
185.473
 51
187.43
  0
ARC
  8
APS_GEOMETRY
 10
-287.064
 20
9.026
 40
6.266
 50
183.539
 51
185.473
  0
ARC
  8
APS_GEOMETRY
 10
-289.011
 20
8.906
 40
4.315
 50
180.982
 51
183.539
  0
ARC
  8
APS_GEOMETRY
 10
-300.262
 20
8.713
 40
6.938
 50
0.982
 51
3.165
  0
ARC
  8
APS_GEOMETRY
 10
-294.019
 20
9.058
 40
0.685
 50
3.165
 51
15.117
  0
ARC
  8
APS_GEOMETRY
 10
-293.731
 20
9.136
 40
0.387
 50
15.117
 51
32.617
  0
ARC
  8
APS_GEOMETRY
 10
-294.351
 20
8.739
 40
1.123
 50
32.617
 51
40.522
  0
ARC
  8
APS_GEOMETRY
 10
-292.778
 20
10.084
 40
0.947
 50
214.249
 51
220.522
  0
ARC
  8
APS_GEOMETRY
 10
-292.794
 20
10.073
 40
0.927
 50
207.876
 51
214.249
  0
ARC
  8
APS_GEOMETRY
 10
-292.928
 20
10.003
 40
0.776
 50
201.244
 51
207.876
  0
ARC
  8
APS_GEOMETRY
 10
-293.501
 20
9.78
 40
0.162
 50
180.0
 51
201.244
  0
ARC
  8
APS_GEOMETRY
 10
-293.417
 20
9.78
 40
0.245
 50
146.541
 51
180.0
  0
ARC
  8
APS_GEOMETRY
 10
-293.256
 20
9.673
 40
0.439
 50
124.912
 51
146.541
  0
ARC
  8
APS_GEOMETRY
 10
-293.228
 20
9.634
 40
0.486
 50
104.448
 51
124.912
  0
ARC
  8
APS_GEOMETRY
 10
-293.26
 20
9.755
 40
0.361
 50
78.855
 51
104.448
  0
ARC
  8
APS_GEOMETRY
 10
-284.816
 20
52.615
 40
43.323
 50
258.855
 51
258.956
  0
ARC
  8
APS_GEOMETRY
 10
159.385
 20
2328.461
 40
2362.113
 50
258.956
 51
258.962
  0
ARC
  8
APS_GEOMETRY
 10
61.296
 20
1825.648
 40
1849.822
 50
258.962
 51
258.97
  0
ARC
  8
APS_GEOMETRY
 10
240.063
 20
2742.812
 40
2784.246
 50
258.97
 51
258.977
  0
ARC
  8
APS_GEOMETRY
 10
-293.206
 20
9.62
 40
0.663
 50
113.912
 51
127.912
  0
ARC
  8
APS_GEOMETRY
 10
-293.209
 20
9.624
 40
0.658
 50
127.912
 51
141.99
  0
ARC
  8
APS_GEOMETRY
 10
-293.28
 20
9.68
 40
0.567
 50
141.99
 51
157.152
  0
ARC
  8
APS_GEOMETRY
 10
-293.501
 20
9.773
 40
0.328
 50
157.152
 51
180.0
  0
ARC
  8
APS_GEOMETRY
 10
-293.653
 20
9.773
 40
0.176
 50
180.0
 51
200.173
  0
ARC
  8
APS_GEOMETRY
 10
-292.839
 20
10.072
 40
1.043
 50
200.173
 51
205.574
  0
ARC
  8
APS_GEOMETRY
 10
-292.668
 20
10.154
 40
1.233
 50
205.574
 51
210.874
  0
ARC
  8
APS_GEOMETRY
 10
-292.596
 20
10.197
 40
1.317
 50
210.874
 51
215.919
  0
ARC
  8
APS_GEOMETRY
 10
-294.868
 20
8.551
 40
1.489
 50
29.927
 51
35.919
  0
ARC
  8
APS_GEOMETRY
 10
-294.076
 20
9.007
 40
0.575
 50
17.742
 51
29.927
  0
ARC
  8
APS_GEOMETRY
 10
-294.09
 20
9.002
 40
0.589
 50
5.737
 51
17.742
  0
ARC
  8
APS_GEOMETRY
 10
-295.112
 20
8.9
 40
1.617
 50
0.082
 51
5.737
  0
ARC
  8
APS_GEOMETRY
 10
-290.372
 20
8.906
 40
3.123
 50
180.082
 51
185.369
  0
ARC
  8
APS_GEOMETRY
 10
-286.89
 20
9.234
 40
6.62
 50
185.369
 51
188.384
  0
ARC
  8
APS_GEOMETRY
 10
-286.9
 20
9.232
 40
6.611
 50
188.384
 51
191.241
  0
ARC
  8
APS_GEOMETRY
 10
-292.26
 20
8.167
 40
1.146
 50
191.241
 51
201.692
  0
ARC
  8
APS_GEOMETRY
 10
-293.093
 20
7.835
 40
0.249
 50
201.692
 51
218.099
  0
ARC
  8
APS_GEOMETRY
 10
-292.802
 20
8.063
 40
0.619
 50
218.099
 51
226.418
  0
ARC
  8
APS_GEOMETRY
 10
-292.76
 20
8.108
 40
0.68
 50
226.418
 51
234.469
  0
ARC
  8
APS_GEOMETRY
 10
-292.861
 20
7.967
 40
0.507
 50
234.469
 51
244.505
  0
ARC
  8
APS_GEOMETRY
 10
-293.382
 20
6.873
 40
0.705
 50
55.749
 51
64.505
  0
ARC
  8
APS_GEOMETRY
 10
-293.146
 20
7.22
 40
0.285
 50
38.526
 51
55.749
  0
ARC
  8
APS_GEOMETRY
 10
-293.133
 20
7.23
 40
0.269
 50
20.67
 51
38.526
  0
ARC
  8
APS_GEOMETRY
 10
-293.424
 20
7.121
 40
0.58
 50
10.625
 51
20.67
  0
ARC
  8
APS_GEOMETRY
 10
-292.387
 20
7.315
 40
0.475
 50
190.625
 51
200.983
  0
ARC
  8
APS_GEOMETRY
 10
-292.076
 20
7.434
 40
0.808
 50
200.983
 51
207.941
  0
ARC
  8
APS_GEOMETRY
 10
-292.093
 20
7.426
 40
0.789
 50
207.941
 51
214.953
  0
ARC
  8
APS_GEOMETRY
 10
-292.418
 20
7.198
 40
0.392
 50
214.953
 51
226.788
  0
ARC
  8
APS_GEOMETRY
 10
-292.308
 20
7.315
 40
0.553
 50
226.788
 51
237.896
  0
ARC
  8
APS_GEOMETRY
 10
-292.481
 20
7.041
 40
0.229
 50
237.896
 51
259.381
  0
ARC
  8
APS_GEOMETRY
 10
-292.444
 20
7.235
 40
0.426
 50
259.381
 51
273.644
  0
ARC
  8
APS_GEOMETRY
 10
-292.664
 20
10.683
 40
3.882
 50
273.644
 51
276.455
  0
ARC
  8
APS_GEOMETRY
 10
-291.479
 20
0.213
 40
6.655
 50
94.596
 51
96.455
  0
ARC
  8
APS_GEOMETRY
 10
-291.996
 20
6.644
 40
0.203
 50
71.487
 51
94.596
  0
ARC
  8
APS_GEOMETRY
 10
-291.962
 20
6.748
 40
0.094
 50
31.044
 51
71.487
  0
ARC
  8
APS_GEOMETRY
 10
-292.549
 20
6.394
 40
0.78
 50
22.5
 51
31.044
  0
ARC
  8
APS_GEOMETRY
 10
-291.393
 20
6.873
 40
0.471
 50
202.5
 51
228.66
  0
ARC
  8
APS_GEOMETRY
 10
-291.422
 20
6.84
 40
0.428
 50
228.66
 51
256.775
  0
ARC
  8
APS_GEOMETRY
 10
-291.401
 20
6.926
 40
0.516
 50
256.775
 51
281.94
  0
ARC
  8
APS_GEOMETRY
 10
-291.463
 20
7.217
 40
0.813
 50
281.94
 51
299.852
  0
ARC
  8
APS_GEOMETRY
 10
-290.33
 20
5.243
 40
1.462
 50
115.05
 51
119.852
  0
ARC
  8
APS_GEOMETRY
 10
-290.907
 20
6.478
 40
0.099
 50
80.817
 51
115.05
  0
ARC
  8
APS_GEOMETRY
 10
-290.91
 20
6.463
 40
0.114
 50
49.92
 51
80.817
  0
ARC
  8
APS_GEOMETRY
 10
-292.226
 20
4.899
 40
2.158
 50
46.279
 51
49.92
  0
ARC
  8
APS_GEOMETRY
 10
-289.933
 20
7.297
 40
1.159
 50
226.28
 51
240.146
  0
ARC
  8
APS_GEOMETRY
 10
-290.302
 20
6.654
 40
0.419
 50
240.146
 51
269.787
  0
ARC
  8
APS_GEOMETRY
 10
-290.302
 20
6.608
 40
0.372
 50
269.787
 51
278.004
  0
ARC
  8
APS_GEOMETRY
 10
-290.198
 20
6.608
 40
0.372
 50
261.996
 51
270.213
  0
ARC
  8
APS_GEOMETRY
 10
-290.198
 20
6.654
 40
0.419
 50
270.213
 51
299.854
  0
ARC
  8
APS_GEOMETRY
 10
-290.567
 20
7.297
 40
1.159
 50
299.854
 51
313.72
  0
ARC
  8
APS_GEOMETRY
 10
-288.274
 20
4.899
 40
2.158
 50
130.08
 51
133.721
  0
ARC
  8
APS_GEOMETRY
 10
-289.59
 20
6.463
 40
0.114
 50
99.183
 51
130.08
  0
ARC
  8
APS_GEOMETRY
 10
-289.593
 20
6.478
 40
0.099
 50
64.95
 51
99.183
  0
ARC
  8
APS_GEOMETRY
 10
-290.17
 20
5.243
 40
1.462
 50
60.148
 51
64.95
  0
ARC
  8
APS_GEOMETRY
 10
-289.037
 20
7.217
 40
0.813
 50
240.148
 51
258.06
  0
ARC
  8
APS_GEOMETRY
 10
-289.099
 20
6.926
 40
0.516
 50
258.06
 51
283.225
  0
ARC
  8
APS_GEOMETRY
 10
-289.078
 20
6.84
 40
0.428
 50
283.225
 51
311.34
  0
ARC
  8
APS_GEOMETRY
 10
-289.107
 20
6.873
 40
0.471
 50
311.34
 51
337.5
  0
ARC
  8
APS_GEOMETRY
 10
-287.951
 20
6.394
 40
0.78
 50
148.956
 51
157.5
  0
ARC
  8
APS_GEOMETRY
 10
-288.538
 20
6.748
 40
0.094
 50
108.513
 51
148.956
  0
ARC
  8
APS_GEOMETRY
 10
-288.504
 20
6.644
 40
0.203
 50
85.404
 51
108.513
  0
ARC
  8
APS_GEOMETRY
 10
-289.021
 20
0.213
 40
6.655
 50
83.545
 51
85.404
  0
ARC
  8
APS_GEOMETRY
 10
-287.836
 20
10.683
 40
3.882
 50
263.545
 51
266.356
  0
ARC
  8
APS_GEOMETRY
 10
-288.056
 20
7.235
 40
0.426
 50
266.356
 51
280.619
  0
ARC
  8
APS_GEOMETRY
 10
-288.019
 20
7.041
 40
0.229
 50
280.619
 51
302.104
  0
ARC
  8
APS_GEOMETRY
 10
-288.192
 20
7.315
 40
0.553
 50
302.104
 51
313.212
  0
ARC
  8
APS_GEOMETRY
 10
-288.082
 20
7.198
 40
0.392
 50
313.212
 51
325.047
  0
ARC
  8
APS_GEOMETRY
 10
-288.407
 20
7.426
 40
0.789
 50
325.047
 51
332.059
  0
ARC
  8
APS_GEOMETRY
 10
-288.424
 20
7.434
 40
0.808
 50
332.059
 51
339.017
  0
ARC
  8
APS_GEOMETRY
 10
-288.113
 20
7.315
 40
0.475
 50
339.017
 51
349.375
  0
ARC
  8
APS_GEOMETRY
 10
-287.076
 20
7.121
 40
0.58
 50
159.33
 51
169.375
  0
ARC
  8
APS_GEOMETRY
 10
-287.367
 20
7.23
 40
0.269
 50
141.474
 51
159.33
  0
ARC
  8
APS_GEOMETRY
 10
-287.354
 20
7.22
 40
0.285
 50
124.251
 51
141.474
  0
ARC
  8
APS_GEOMETRY
 10
-287.118
 20
6.873
 40
0.705
 50
115.495
 51
124.251
  0
ARC
  8
APS_GEOMETRY
 10
-287.639
 20
7.967
 40
0.507
 50
295.495
 51
305.531
  0
ARC
  8
APS_GEOMETRY
 10
-287.74
 20
8.108
 40
0.68
 50
305.531
 51
313.582
  0
ARC
  8
APS_GEOMETRY
 10
-287.698
 20
8.063
 40
0.619
 50
313.582
 51
321.901
  0
ARC
  8
APS_GEOMETRY
 10
-287.407
 20
7.835
 40
0.249
 50
321.901
 51
338.308
  0
ARC
  8
APS_GEOMETRY
 10
-288.24
 20
8.167
 40
1.146
 50
338.308
 51
348.759
  0
ARC
  8
APS_GEOMETRY
 10
-293.6
 20
9.232
 40
6.611
 50
348.759
 51
351.616
  0
ARC
  8
APS_GEOMETRY
 10
-293.61
 20
9.234
 40
6.62
 50
351.616
 51
354.631
  0
ARC
  8
APS_GEOMETRY
 10
-290.128
 20
8.906
 40
3.123
 50
354.631
 51
359.918
  0
ARC
  8
APS_GEOMETRY
 10
-285.388
 20
8.9
 40
1.617
 50
174.263
 51
179.918
  0
ARC
  8
APS_GEOMETRY
 10
-286.41
 20
9.002
 40
0.589
 50
162.258
 51
174.263
  0
ARC
  8
APS_GEOMETRY
 10
-286.424
 20
9.007
 40
0.575
 50
150.073
 51
162.258
  0
ARC
  8
APS_GEOMETRY
 10
-285.632
 20
8.551
 40
1.489
 50
144.081
 51
150.073
  0
ARC
  8
APS_GEOMETRY
 10
-287.904
 20
10.197
 40
1.317
 50
324.081
 51
329.126
  0
ARC
  8
APS_GEOMETRY
 10
-287.832
 20
10.154
 40
1.233
 50
329.126
 51
334.426
  0
ARC
  8
APS_GEOMETRY
 10
-287.661
 20
10.072
 40
1.043
 50
334.426
 51
339.827
  0
ARC
  8
APS_GEOMETRY
 10
-286.847
 20
9.773
 40
0.176
 50
339.827
 51
0.0
  0
ARC
  8
APS_GEOMETRY
 10
-286.999
 20
9.773
 40
0.328
 50
360.0
 51
22.848
  0
ARC
  8
APS_GEOMETRY
 10
-287.22
 20
9.68
 40
0.567
 50
22.848
 51
38.01
  0
ARC
  8
APS_GEOMETRY
 10
-287.291
 20
9.624
 40
0.658
 50
38.01
 51
52.088
  0
ARC
  8
APS_GEOMETRY
 10
-287.294
 20
9.62
 40
0.663
 50
52.088
 51
66.088
  0
ARC
  8
APS_GEOMETRY
 10
-287.275
 20
9.664
 40
0.615
 50
66.088
 51
73.494
  0
ARC
  8
APS_GEOMETRY
 10
-287.306
 20
9.559
 40
0.724
 50
73.494
 51
80.048
  0
ARC
  8
APS_GEOMETRY
 10
-287.29
 20
9.649
 40
0.633
 50
80.048
 51
86.855
  0
ARC
  8
APS_GEOMETRY
 10
-287.266
 20
10.093
 40
0.188
 50
86.855
 51
103.643
  0
ARC
  8
APS_GEOMETRY
 10
-287.804
 20
12.31
 40
2.093
 50
281.53
 51
283.643
  0
ARC
  8
APS_GEOMETRY
 10
-309.547
 20
118.898
 40
110.876
 50
281.408
 51
281.53
  0
ARC
  8
APS_GEOMETRY
 10
-304.777
 20
95.257
 40
86.759
 50
281.222
 51
281.408
  0
ARC
  8
APS_GEOMETRY
 10
-313.36
 20
138.515
 40
130.86
 50
281.085
 51
281.222
  0
ARC
  8
APS_GEOMETRY
 10
-290.775
 20
23.244
 40
13.397
 50
278.972
 51
281.086
  0
ARC
  8
APS_GEOMETRY
 10
-289.361
 20
14.289
 40
4.331
 50
274.07
 51
278.973
  0
ARC
  8
APS_GEOMETRY
 10
-289.538
 20
16.778
 40
6.827
 50
270.448
 51
274.07
  0
ARC
  8
APS_GEOMETRY
 10
-289.962
 20
70.963
 40
61.014
 50
269.73
 51
270.448
  0
ARC
  8
APS_GEOMETRY
 10
-290.538
 20
70.963
 40
61.014
 50
269.552
 51
270.27
  0
ARC
  8
APS_GEOMETRY
 10
-290.962
 20
16.778
 40
6.827
 50
265.93
 51
269.552
  0
ARC
  8
APS_GEOMETRY
 10
-291.139
 20
14.289
 40
4.331
 50
261.027
 51
265.93
  0
ARC
  8
APS_GEOMETRY
 10
-289.725
 20
23.244
 40
13.397
 50
258.914
 51
261.028
  0
ARC
  8
APS_GEOMETRY
 10
-267.14
 20
138.515
 40
130.86
 50
258.778
 51
258.915
  0
ARC
  8
APS_GEOMETRY
 10
-275.723
 20
95.257
 40
86.759
 50
258.592
 51
258.778
  0
ARC
  8
APS_GEOMETRY
 10
-270.953
 20
118.898
 40
110.876
 50
258.47
 51
258.592
  0
ARC
  8
APS_GEOMETRY
 10
-292.696
 20
12.31
 40
2.093
 50
256.357
 51
258.47
  0
ARC
  8
APS_GEOMETRY
 10
-293.234
 20
10.093
 40
0.188
 50
76.357
 51
93.145
  0
ARC
  8
APS_GEOMETRY
 10
-293.21
 20
9.649
 40
0.633
 50
93.145
 51
99.952
  0
ARC
  8
APS_GEOMETRY
 10
-293.194
 20
9.559
 40
0.724
 50
99.952
 51
106.506
  0
ARC
  8
APS_GEOMETRY
 10
-293.225
 20
9.664
 40
0.615
 50
106.506
 51
113.912
  0
ARC
  8
APS_GEOMETRY
 10
-290.351
 20
16.978
 40
10.978
 50
270.186
 51
270.525
  0
ARC
  8
APS_GEOMETRY
 10
-290.351
 20
16.941
 40
10.941
 50
265.947
 51
270.188
  0
ARC
  8
APS_GEOMETRY
 10
-290.877
 20
9.528
 40
3.509
 50
256.079
 51
265.966
  0
ARC
  8
APS_GEOMETRY
 10
-289.294
 20
15.898
 40
10.073
 50
253.171
 51
256.055
  0
ARC
  8
APS_GEOMETRY
 10
-290.044
 20
13.42
 40
7.484
 50
249.576
 51
253.174
  0
ARC
  8
APS_GEOMETRY
 10
-290.426
 20
12.394
 40
6.39
 50
245.666
 51
249.578
  0
ARC
  8
APS_GEOMETRY
 10
-291.065
 20
10.982
 40
4.839
 50
240.866
 51
245.672
  0
ARC
  8
APS_GEOMETRY
 10
-295.071
 20
3.796
 40
3.387
 50
60.858
 51
63.97
  0
ARC
  8
APS_GEOMETRY
 10
-294.562
 20
4.837
 40
2.229
 50
63.974
 51
68.241
  0
ARC
  8
APS_GEOMETRY
 10
-294.542
 20
4.888
 40
2.174
 50
68.237
 51
71.812
  0
ARC
  8
APS_GEOMETRY
 10
-293.891
 20
6.868
 40
0.09
 50
71.966
 51
108.024
  0
ARC
  8
APS_GEOMETRY
 10
-293.895
 20
6.877
 40
0.08
 50
107.478
 51
141.9
  0
ARC
  8
APS_GEOMETRY
 10
-293.445
 20
6.536
 40
0.645
 50
142.701
 51
150.078
  0
ARC
  8
APS_GEOMETRY
 10
-293.338
 20
6.474
 40
0.768
 50
150.082
 51
157.534
  0
ARC
  8
APS_GEOMETRY
 10
-293.114
 20
6.382
 40
1.011
 50
157.546
 51
163.594
  0
ARC
  8
APS_GEOMETRY
 10
-294.986
 20
6.934
 40
0.941
 50
332.685
 51
343.561
  0
ARC
  8
APS_GEOMETRY
 10
-294.43
 20
6.649
 40
0.317
 50
307.651
 51
332.349
  0
ARC
  8
APS_GEOMETRY
 10
-294.329
 20
6.519
 40
0.152
 50
268.936
 51
307.226
  0
ARC
  8
APS_GEOMETRY
 10
-294.332
 20
6.512
 40
0.145
 50
230.356
 51
270.0
  0
ARC
  8
APS_GEOMETRY
 10
-294.378
 20
6.456
 40
0.073
 50
187.028
 51
230.463
  0
ARC
  8
APS_GEOMETRY
 10
-293.638
 20
6.536
 40
0.817
 50
178.871
 51
186.191
  0
ARC
  8
APS_GEOMETRY
 10
-293.081
 20
6.524
 40
1.374
 50
172.757
 51
178.867
  0
ARC
  8
APS_GEOMETRY
 10
-289.804
 20
6.108
 40
4.678
 50
170.305
 51
172.76
  0
ARC
  8
APS_GEOMETRY
 10
-299.002
 20
7.68
 40
4.654
 50
350.305
 51
353.424
  0
ARC
  8
APS_GEOMETRY
 10
-295.472
 20
7.273
 40
1.101
 50
353.42
 51
2.519
  0
ARC
  8
APS_GEOMETRY
 10
-295.316
 20
7.279
 40
0.944
 50
2.533
 51
12.563
  0
ARC
  8
APS_GEOMETRY
 10
-297.087
 20
6.885
 40
2.759
 50
12.551
 51
17.063
  0
ARC
  8
APS_GEOMETRY
 10
-292.854
 20
8.185
 40
1.67
 50
190.427
 51
197.07
  0
ARC
  8
APS_GEOMETRY
 10
-286.622
 20
9.33
 40
8.006
 50
188.341
 51
190.417
  0
ARC
  8
APS_GEOMETRY
 10
-285.682
 20
9.468
 40
8.956
 50
186.265
 51
188.341
  0
ARC
  8
APS_GEOMETRY
 10
-286.681
 20
9.358
 40
7.951
 50
183.996
 51
186.265
  0
ARC
  8
APS_GEOMETRY
 10
-304.336
 20
8.125
 40
9.747
 50
3.996
 51
6.229
  0
ARC
  8
APS_GEOMETRY
 10
-299.097
 20
8.697
 40
4.477
 50
6.231
 51
10.228
  0
ARC
  8
APS_GEOMETRY
 10
-298.109
 20
8.875
 40
3.473
 50
10.23
 51
14.826
  0
ARC
  8
APS_GEOMETRY
 10
-297.951
 20
8.916
 40
3.31
 50
14.828
 51
19.6
  0
ARC
  8
APS_GEOMETRY
 10
-286.544
 20
12.978
 40
8.799
 50
196.118
 51
199.596
  0
ARC
  8
APS_GEOMETRY
 10
-289.151
 20
12.224
 40
6.085
 50
191.542
 51
196.12
  0
ARC
  8
APS_GEOMETRY
 10
-288.502
 20
12.357
 40
6.747
 50
189.319
 51
191.54
  0
ARC
  8
APS_GEOMETRY
 10
-292.2
 20
11.75
 40
3.0
 50
180.0
 51
189.319
  0
LINE
  8
APS_GEOMETRY
 10
-295.2
 11
-295.2
 20
11.75
 21
22.082
  0
ARC
  8
APS_GEOMETRY
 10
-294.95
 20
22.082
 40
0.25
 50
360.0
 51
180.0
  0
LINE
  8
APS_GEOMETRY
 10
-294.7
 11
-294.7
 20
22.082
 21
12.5
  0
ARC
  8
APS_GEOMETRY
 10
-294.0
 20
12.5
 40
0.7
 50
180.0
 51
270.0
  0
LINE
  8
APS_GEOMETRY
 10
-294.0
 11
-292.3
 20
11.8
 21
11.8
  0
LINE
  8
APS_GEOMETRY
 10
-292.3
 11
-292.3
 20
11.8
 21
13.2
  0
LINE
  8
APS_GEOMETRY
 10
-292.3
 11
-293.3
 20
13.2
 21
13.2
  0
LINE
  8
APS_GEOMETRY
 10
-293.3
 11
-293.3
 20
13.2
 21
16.3
  0
LINE
  8
APS_GEOMETRY
 10
-293.3
 11
-291.75
 20
16.3
 21
16.3
  0
LINE
  8
APS_GEOMETRY
 10
-291.75
 11
-291.75
 20
16.3
 21
15.8
  0
LINE
  8
APS_GEOMETRY
 10
-291.75
 11
-288.75
 20
15.8
 21
15.8
  0
LINE
  8
APS_GEOMETRY
 10
-288.75
 11
-288.75
 20
15.8
 21
16.3
  0
LINE
  8
APS_GEOMETRY
 10
-288.75
 11
-287.2
 20
16.3
 21
16.3
  0
LINE
  8
APS_GEOMETRY
 10
-287.2
 11
-287.2
 20
16.3
 21
13.2
  0
LINE
  8
APS_GEOMETRY
 10
-287.2
 11
-288.2
 20
13.2
 21
13.2
  0
LINE
  8
APS_GEOMETRY
 10
-288.2
 11
-288.2
 20
13.2
 21
11.8
  0
LINE
  8
APS_GEOMETRY
 10
-288.2
 11
-286.5
 20
11.8
 21
11.8
  0
ARC
  8
APS_GEOMETRY
 10
-286.5
 20
12.5
 40
0.7
 50
270.0
 51
0.0
  0
LINE
  8
APS_GEOMETRY
 10
-285.8
 11
-285.8
 20
12.5
 21
22.082
  0
ARC
  8
APS_GEOMETRY
 10
-285.55
 20
22.082
 40
0.25
 50
360.0
 51
180.0
  0
LINE
  8
APS_GEOMETRY
 10
-285.3
 11
-285.3
 20
22.082
 21
11.75
  0
ARC
  8
APS_GEOMETRY
 10
-288.3
 20
11.75
 40
3.0
 50
350.681
 51
360.0
  0
ARC
  8
APS_GEOMETRY
 10
-291.998
 20
12.357
 40
6.747
 50
348.46
 51
350.681
  0
ARC
  8
APS_GEOMETRY
 10
-291.349
 20
12.224
 40
6.085
 50
343.88
 51
348.458
  0
ARC
  8
APS_GEOMETRY
 10
-293.956
 20
12.978
 40
8.799
 50
340.404
 51
343.882
  0
ARC
  8
APS_GEOMETRY
 10
-282.549
 20
8.916
 40
3.31
 50
160.4
 51
165.172
  0
ARC
  8
APS_GEOMETRY
 10
-282.391
 20
8.875
 40
3.473
 50
165.174
 51
169.77
  0
ARC
  8
APS_GEOMETRY
 10
-281.403
 20
8.697
 40
4.477
 50
169.772
 51
173.769
  0
ARC
  8
APS_GEOMETRY
 10
-276.164
 20
8.125
 40
9.747
 50
173.771
 51
176.004
  0
ARC
  8
APS_GEOMETRY
 10
-293.819
 20
9.358
 40
7.951
 50
353.735
 51
356.004
  0
ARC
  8
APS_GEOMETRY
 10
-294.818
 20
9.468
 40
8.956
 50
351.659
 51
353.735
  0
ARC
  8
APS_GEOMETRY
 10
-293.878
 20
9.33
 40
8.006
 50
349.583
 51
351.659
  0
ARC
  8
APS_GEOMETRY
 10
-287.646
 20
8.185
 40
1.67
 50
342.93
 51
349.573
  0
ARC
  8
APS_GEOMETRY
 10
-283.413
 20
6.885
 40
2.759
 50
162.937
 51
167.449
  0
ARC
  8
APS_GEOMETRY
 10
-285.184
 20
7.279
 40
0.944
 50
167.437
 51
177.467
  0
ARC
  8
APS_GEOMETRY
 10
-285.028
 20
7.273
 40
1.101
 50
177.481
 51
186.58
  0
ARC
  8
APS_GEOMETRY
 10
-281.498
 20
7.68
 40
4.654
 50
186.576
 51
189.695
  0
ARC
  8
APS_GEOMETRY
 10
-290.696
 20
6.108
 40
4.678
 50
7.24
 51
9.695
  0
ARC
  8
APS_GEOMETRY
 10
-287.419
 20
6.524
 40
1.374
 50
1.133
 51
7.243
  0
ARC
  8
APS_GEOMETRY
 10
-286.862
 20
6.536
 40
0.817
 50
353.809
 51
1.129
  0
ARC
  8
APS_GEOMETRY
 10
-286.122
 20
6.456
 40
0.073
 50
309.537
 51
352.972
  0
ARC
  8
APS_GEOMETRY
 10
-286.168
 20
6.512
 40
0.145
 50
270.0
 51
309.644
  0
ARC
  8
APS_GEOMETRY
 10
-286.171
 20
6.519
 40
0.152
 50
232.774
 51
271.064
  0
ARC
  8
APS_GEOMETRY
 10
-286.07
 20
6.649
 40
0.317
 50
207.651
 51
232.349
  0
ARC
  8
APS_GEOMETRY
 10
-285.514
 20
6.934
 40
0.941
 50
196.439
 51
207.315
  0
ARC
  8
APS_GEOMETRY
 10
-287.386
 20
6.382
 40
1.011
 50
16.406
 51
22.454
  0
ARC
  8
APS_GEOMETRY
 10
-287.162
 20
6.474
 40
0.768
 50
22.466
 51
29.918
  0
ARC
  8
APS_GEOMETRY
 10
-287.055
 20
6.536
 40
0.645
 50
29.922
 51
37.299
  0
ARC
  8
APS_GEOMETRY
 10
-286.605
 20
6.877
 40
0.08
 50
38.1
 51
72.522
  0
ARC
  8
APS_GEOMETRY
 10
-286.609
 20
6.868
 40
0.09
 50
71.976
 51
108.034
  0
ARC
  8
APS_GEOMETRY
 10
-285.958
 20
4.888
 40
2.174
 50
108.188
 51
111.763
  0
ARC
  8
APS_GEOMETRY
 10
-285.938
 20
4.837
 40
2.229
 50
111.759
 51
116.026
  0
ARC
  8
APS_GEOMETRY
 10
-285.429
 20
3.796
 40
3.387
 50
116.03
 51
119.142
  0
ARC
  8
APS_GEOMETRY
 10
-289.435
 20
10.982
 40
4.839
 50
294.328
 51
299.134
  0
ARC
  8
APS_GEOMETRY
 10
-290.074
 20
12.394
 40
6.39
 50
290.422
 51
294.334
  0
ARC
  8
APS_GEOMETRY
 10
-290.456
 20
13.42
 40
7.484
 50
286.826
 51
290.424
  0
ARC
  8
APS_GEOMETRY
 10
-291.206
 20
15.898
 40
10.073
 50
283.945
 51
286.829
  0
ARC
  8
APS_GEOMETRY
 10
-289.623
 20
9.528
 40
3.509
 50
274.034
 51
283.921
  0
ARC
  8
APS_GEOMETRY
 10
-290.149
 20
16.941
 40
10.941
 50
269.812
 51
274.053
  0
ARC
  8
APS_GEOMETRY
 10
-290.149
 20
16.978
 40
10.978
 50
269.475
 51
269.814
  0
CIRCLE
  8
APS_GEOMETRY
 10
92.5
 20
906.0
 40
2.0
  0
LINE
  8
APS_GEOMETRY
 10
92.5
 11
192.5
 20
916.0
 21
916.0
  0
LINE
  8
APS_GEOMETRY
 10
192.5
 11
192.5
 20
916.0
 21
896.0
  0
LINE
  8
APS_GEOMETRY
 10
192.5
 11
82.5
 20
896.0
 21
896.0
  0
LINE
  8
APS_GEOMETRY
 10
82.5
 11
82.5
 20
896.0
 21
916.0
  0
LINE
  8
APS_GEOMETRY
 10
82.5
 11
182.5
 20
916.0
 21
916.0
  0
CIRCLE
  8
APS_GEOMETRY
 10
92.5
 20
906.0
 40
1.0
  0
LINE
  8
APS_GEOMETRY
 10
67.5
 11
67.5
 20
788.345
 21
838.345
  0
LINE
  8
APS_GEOMETRY
 10
67.5
 11
117.5
 20
838.345
 21
838.345
  0
LINE
  8
APS_GEOMETRY
 10
117.5
 11
117.5
 20
838.345
 21
788.345
  0
LINE
  8
APS_GEOMETRY
 10
117.5
 11
67.5
 20
788.345
 21
788.345
  0
LINE
  8
APS_GEOMETRY
 10
117.5
 11
117.5
 20
896.0
 21
881.0
  0
LINE
  8
APS_GEOMETRY
 10
117.5
 11
67.5
 20
881.0
 21
881.0
  0
LINE
  8
APS_GEOMETRY
 10
67.5
 11
67.5
 20
881.0
 21
931.0
  0
LINE
  8
APS_GEOMETRY
 10
67.5
 11
117.5
 20
931.0
 21
931.0
  0
LINE
  8
APS_GEOMETRY
 10
117.5
 11
117.5
 20
931.0
 21
916.0
  0
LINE
  8
APS_GEOMETRY
 10
85.5
 11
85.5
 20
807.929
 21
813.859
  0
ARC
  8
APS_GEOMETRY
 10
92.5
 20
821.0
 40
10.0
 50
0.0
 51
180.0
  0
ARC
  8
APS_GEOMETRY
 10
92.5
 20
821.0
 40
10.0
 50
180.0
 51
225.573
  0
ARC
  8
APS_GEOMETRY
 10
92.5
 20
821.0
 40
10.0
 50
314.427
 51
0.0
  0
LINE
  8
APS_GEOMETRY
 10
99.5
 11
99.5
 20
813.859
 21
802.0
  0
ARC
  8
APS_GEOMETRY
 10
92.5
 20
802.0
 40
7.0
 50
180.0
 51
0.0
  0
LINE
  8
APS_GEOMETRY
 10
85.5
 11
85.5
 20
802.0
 21
807.929
  0
LINE
  8
APS_GEOMETRY
 10
-287.25
 11
-287.25
 20
61.0
 21
2071.0
  0
LINE
  8
APS_GEOMETRY
 10
-288.25
 11
-288.25
 20
2071.0
 21
61.0
  0
LINE
  8
APS_GEOMETRY
 10
-289.25
 11
-289.25
 20
61.0
 21
2071.0
  0
LINE
  8
APS_GEOMETRY
 10
-290.25
 11
-290.25
 20
2071.0
 21
61.0
  0
LINE
  8
APS_GEOMETRY
 10
-291.25
 11
-291.25
 20
61.0
 21
2071.0
  0
LINE
  8
APS_GEOMETRY
 10
-292.25
 11
-292.25
 20
2071.0
 21
61.0
  0
LINE
  8
APS_GEOMETRY
 10
-293.25
 11
-293.25
 20
61.0
 21
2071.0
  0
LINE
  8
APS_GEOMETRY
 10
812.5
 11
67.5
 20
-432.735
 21
-432.735
  0
LINE
  8
APS_GEOMETRY
 10
67.5
 11
812.5
 20
-433.735
 21
-433.735
  0
LINE
  8
APS_GEOMETRY
 10
812.5
 11
67.5
 20
-434.735
 21
-434.735
  0
LINE
  8
APS_GEOMETRY
 10
67.5
 11
812.5
 20
-435.735
 21
-435.735
  0
LINE
  8
APS_GEOMETRY
 10
812.5
 11
67.5
 20
-436.735
 21
-436.735
  0
LINE
  8
APS_GEOMETRY
 10
67.5
 11
812.5
 20
-437.735
 21
-437.735
  0
LINE
  8
APS_GEOMETRY
 10
812.5
 11
67.5
 20
-438.735
 21
-438.735
  0
LINE
  8
COSTRUZIONI
 10
67.5
 11
117.5
 20
-412.985
 21
-412.985
  0
LINE
  8
COSTRUZIONI
 10
117.5
 11
117.5
 20
-412.985
 21
-407.795
  0
LINE
  8
COSTRUZIONI
 10
117.5
 11
67.5
 20
-407.795
 21
-407.795
  0
LINE
  8
COSTRUZIONI
 10
67.5
 11
67.5
 20
-407.795
 21
-412.985
  0
LINE
  8
COSTRUZIONI
 10
92.5
 11
92.5
 20
-407.795
 21
-382.795
  0
LINE
  8
COSTRUZIONI
 10
102.5
 11
102.5
 20
-407.795
 21
-385.795
  0
ARC
  8
COSTRUZIONI
 10
105.5
 20
-385.795
 40
3.0
 50
90.0
 51
180.0
  0
LINE
  8
COSTRUZIONI
 10
105.5
 11
189.5
 20
-382.795
 21
-382.795
  0
ARC
  8
COSTRUZIONI
 10
189.5
 20
-379.795
 40
3.0
 50
270.0
 51
0.0
  0
LINE
  8
COSTRUZIONI
 10
192.5
 11
192.5
 20
-379.795
 21
-370.795
  0
ARC
  8
COSTRUZIONI
 10
189.5
 20
-370.795
 40
3.0
 50
0.0
 51
90.0
  0
LINE
  8
COSTRUZIONI
 10
189.5
 11
85.5
 20
-367.795
 21
-367.795
  0
ARC
  8
COSTRUZIONI
 10
85.5
 20
-370.795
 40
3.0
 50
90.0
 51
180.0
  0
LINE
  8
COSTRUZIONI
 10
82.5
 11
82.5
 20
-370.795
 21
-407.795
  0
LINE
  8
COSTRUZIONI
 10
67.5
 11
117.5
 20
-458.485
 21
-458.485
  0
LINE
  8
COSTRUZIONI
 10
117.5
 11
117.5
 20
-458.485
 21
-463.675
  0
LINE
  8
COSTRUZIONI
 10
117.5
 11
67.5
 20
-463.675
 21
-463.675
  0
LINE
  8
COSTRUZIONI
 10
67.5
 11
67.5
 20
-463.675
 21
-458.485
  0
LINE
  8
COSTRUZIONI
 10
92.5
 11
92.5
 20
-463.675
 21
-488.675
  0
LINE
  8
COSTRUZIONI
 10
102.5
 11
102.5
 20
-463.675
 21
-485.675
  0
ARC
  8
COSTRUZIONI
 10
105.5
 20
-485.675
 40
3.0
 50
180.0
 51
270.0
  0
LINE
  8
COSTRUZIONI
 10
105.5
 11
189.5
 20
-488.675
 21
-488.675
  0
ARC
  8
COSTRUZIONI
 10
189.5
 20
-491.675
 40
3.0
 50
360.0
 51
90.0
  0
LINE
  8
COSTRUZIONI
 10
192.5
 11
192.5
 20
-491.675
 21
-500.675
  0
ARC
  8
COSTRUZIONI
 10
189.5
 20
-500.675
 40
3.0
 50
270.0
 51
360.0
  0
LINE
  8
COSTRUZIONI
 10
189.5
 11
85.5
 20
-503.675
 21
-503.675
  0
ARC
  8
COSTRUZIONI
 10
85.5
 20
-500.675
 40
3.0
 50
180.0
 51
270.0
  0
LINE
  8
COSTRUZIONI
 10
82.5
 11
82.5
 20
-500.675
 21
-463.675
  0
LINE
  8
COSTRUZIONI
 10
-662.29
 11
1337.71
 20
-1037.433
 21
-1037.433
  0
LINE
  8
COSTRUZIONI
 10
1337.71
 11
1337.71
 20
-1037.433
 21
-837.433
  0
LINE
  8
COSTRUZIONI
 10
1337.71
 11
-662.29
 20
-837.433
 21
-837.433
  0
LINE
  8
COSTRUZIONI
 10
-662.29
 11
-662.29
 20
-837.433
 21
-1037.433
  0
LINE
  8
COSTRUZIONI
 10
337.71
 11
337.71
 20
-1037.433
 21
-837.433
  0
LINE
  8
COSTRUZIONI
 10
337.71
 11
1337.71
 20
-937.433
 21
-937.433
  0
LINE
  8
COSTRUZIONI
 10
837.71
 11
837.71
 20
-1037.433
 21
-837.433
  0
LINE
  8
APS_GEOMETRY
 10
-599.604
 11
-582.37
 20
-891.419
 21
-891.419
  0
ARC
  8
APS_GEOMETRY
 10
-583.241
 20
-866.723
 40
24.711
 50
272.021
 51
278.44
  0
ARC
  8
APS_GEOMETRY
 10
-582.269
 20
-873.279
 40
18.083
 50
278.44
 51
285.945
  0
ARC
  8
APS_GEOMETRY
 10
-574.951
 20
-899.476
 40
9.118
 50
98.584
 51
104.931
  0
ARC
  8
APS_GEOMETRY
 10
-575.567
 20
-895.395
 40
4.991
 50
90.0
 51
98.584
  0
ARC
  8
APS_GEOMETRY
 10
-575.567
 20
-894.156
 40
3.752
 50
52.871
 51
90.0
  0
ARC
  8
APS_GEOMETRY
 10
-580.656
 20
-900.878
 40
12.182
 50
32.518
 51
52.871
  0
ARC
  8
APS_GEOMETRY
 10
-584.687
 20
-903.448
 40
16.963
 50
17.209
 51
32.518
  0
ARC
  8
APS_GEOMETRY
 10
-581.327
 20
-902.407
 40
13.445
 50
360.0
 51
17.209
  0
ARC
  8
APS_GEOMETRY
 10
-574.6
 20
-902.407
 40
6.717
 50
337.348
 51
360.0
  0
ARC
  8
APS_GEOMETRY
 10
-571.9
 20
-903.534
 40
3.792
 50
307.042
 51
337.348
  0
ARC
  8
APS_GEOMETRY
 10
-572.369
 20
-902.889
 40
4.589
 50
287.186
 51
306.87
  0
ARC
  8
APS_GEOMETRY
 10
-572.788
 20
-901.535
 40
6.006
 50
270.0
 51
287.186
  0
ARC
  8
APS_GEOMETRY
 10
-572.788
 20
-902.148
 40
5.393
 50
252.221
 51
270.0
  0
ARC
  8
APS_GEOMETRY
 10
-573.039
 20
-902.931
 40
4.571
 50
232.896
 51
252.221
  0
ARC
  8
APS_GEOMETRY
 10
-572.068
 20
-901.648
 40
6.18
 50
218.3
 51
232.896
  0
ARC
  8
APS_GEOMETRY
 10
-564.488
 20
-895.661
 40
15.839
 50
209.197
 51
218.3
  0
ARC
  8
APS_GEOMETRY
 10
-603.042
 20
-916.549
 40
28.012
 50
28.025
 51
32.699
  0
ARC
  8
APS_GEOMETRY
 10
-582.886
 20
-903.61
 40
4.06
 50
32.699
 51
45.0
  0
ARC
  8
APS_GEOMETRY
 10
-581.511
 20
-902.235
 40
2.116
 50
45.0
 51
67.557
  0
ARC
  8
APS_GEOMETRY
 10
-581.519
 20
-902.255
 40
2.137
 50
67.557
 51
90.0
  0
ARC
  8
APS_GEOMETRY
 10
-581.519
 20
-902.086
 40
1.969
 50
90.0
 51
120.801
  0
ARC
  8
APS_GEOMETRY
 10
-581.586
 20
-901.975
 40
1.839
 50
120.801
 51
152.7
  0
ARC
  8
APS_GEOMETRY
 10
-580.127
 20
-902.728
 40
3.481
 50
152.7
 51
171.085
  0
ARC
  8
APS_GEOMETRY
 10
-569.038
 20
-904.467
 40
14.705
 50
171.085
 51
180.0
  0
LINE
  8
APS_GEOMETRY
 10
-583.743
 11
-583.743
 20
-904.467
 21
-922.781
  0
ARC
  8
APS_GEOMETRY
 10
-564.316
 20
-922.781
 40
19.427
 50
180.0
 51
188.194
  0
ARC
  8
APS_GEOMETRY
 10
-578.824
 20
-924.87
 40
4.77
 50
188.194
 51
204.775
  0
ARC
  8
APS_GEOMETRY
 10
-580.233
 20
-925.521
 40
3.218
 50
204.775
 51
228.576
  0
ARC
  8
APS_GEOMETRY
 10
-578.911
 20
-924.022
 40
5.216
 50
228.576
 51
247.218
  0
ARC
  8
APS_GEOMETRY
 10
-586.58
 20
-942.094
 40
14.416
 50
59.381
 51
66.93
  0
ARC
  8
APS_GEOMETRY
 10
-580.919
 20
-932.529
 40
3.301
 50
43.568
 51
59.381
  0
ARC
  8
APS_GEOMETRY
 10
-580.013
 20
-931.667
 40
2.051
 50
19.041
 51
43.568
  0
ARC
  8
APS_GEOMETRY
 10
-581.271
 20
-932.102
 40
3.382
 50
360.0
 51
19.041
  0
ARC
  8
APS_GEOMETRY
 10
-580.637
 20
-932.102
 40
2.747
 50
317.66
 51
360.0
  0
ARC
  8
APS_GEOMETRY
 10
-583.159
 20
-929.803
 40
6.16
 50
289.747
 51
317.66
  0
ARC
  8
APS_GEOMETRY
 10
-585.272
 20
-923.919
 40
12.412
 50
281.964
 51
289.747
  0
ARC
  8
APS_GEOMETRY
 10
-588.198
 20
-910.107
 40
26.531
 50
276.643
 51
281.964
  0
ARC
  8
APS_GEOMETRY
 10
-589.43
 20
-899.531
 40
37.178
 50
272.836
 51
276.643
  0
ARC
  8
APS_GEOMETRY
 10
-590.905
 20
-869.755
 40
66.99
 50
270.0
 51
272.836
  0
ARC
  8
APS_GEOMETRY
 10
-590.905
 20
-851.305
 40
85.44
 50
267.283
 51
270.0
  0
ARC
  8
APS_GEOMETRY
 10
-592.699
 20
-889.108
 40
47.595
 50
263.643
 51
267.283
  0
ARC
  8
APS_GEOMETRY
 10
-594.202
 20
-902.592
 40
34.027
 50
258.563
 51
263.643
  0
ARC
  8
APS_GEOMETRY
 10
-597.79
 20
-920.332
 40
15.929
 50
251.136
 51
258.563
  0
ARC
  8
APS_GEOMETRY
 10
-600.994
 20
-929.624
 40
6.099
 50
222.558
 51
251.395
  0
ARC
  8
APS_GEOMETRY
 10
-603.372
 20
-931.807
 40
2.871
 50
180.0
 51
222.558
  0
ARC
  8
APS_GEOMETRY
 10
-603.852
 20
-931.807
 40
2.392
 50
150.642
 51
180.0
  0
ARC
  8
APS_GEOMETRY
 10
-603.66
 20
-931.915
 40
2.612
 50
122.574
 51
150.642
  0
ARC
  8
APS_GEOMETRY
 10
-604.167
 20
-931.333
 40
1.851
 50
108.677
 51
119.055
  0
ARC
  8
APS_GEOMETRY
 10
-581.051
 20
-999.716
 40
74.036
 50
107.038
 51
108.677
  0
ARC
  8
APS_GEOMETRY
 10
-603.606
 20
-925.953
 40
3.099
 50
286.144
 51
308.66
  0
ARC
  8
APS_GEOMETRY
 10
-603.098
 20
-926.587
 40
2.287
 50
308.66
 51
334.933
  0
ARC
  8
APS_GEOMETRY
 10
-605.163
 20
-925.621
 40
4.566
 50
334.933
 51
348.829
  0
ARC
  8
APS_GEOMETRY
 10
-630.989
 20
-920.521
 40
30.891
 50
348.829
 51
354.161
  0
ARC
  8
APS_GEOMETRY
 10
-648.445
 20
-918.722
 40
48.439
 50
354.144
 51
355.66
  0
ARC
  8
APS_GEOMETRY
 10
-725.821
 20
-912.85
 40
126.038
 50
355.66
 51
356.6
  0
ARC
  8
APS_GEOMETRY
 10
-784.97
 20
-909.336
 40
185.291
 50
356.6
 51
357.24
  0
ARC
  8
APS_GEOMETRY
 10
-952.795
 20
-901.245
 40
353.311
 50
357.24
 51
357.703
  0
ARC
  8
APS_GEOMETRY
 10
-936.275
 20
-901.908
 40
336.777
 50
357.703
 51
358.674
  0
ARC
  8
APS_GEOMETRY
 10
-780.443
 20
-905.514
 40
180.903
 50
358.674
 51
0.0
  0
ARC
  8
APS_GEOMETRY
 10
-626.349
 20
-905.514
 40
26.81
 50
0.0
 51
6.242
  0
ARC
  8
APS_GEOMETRY
 10
-605.03
 20
-903.182
 40
5.364
 50
6.242
 51
20.225
  0
ARC
  8
APS_GEOMETRY
 10
-602.075
 20
-902.093
 40
2.215
 50
20.225
 51
50.44
  0
ARC
  8
APS_GEOMETRY
 10
-601.501
 20
-901.399
 40
1.314
 50
50.44
 51
90.0
  0
ARC
  8
APS_GEOMETRY
 10
-601.501
 20
-901.847
 40
1.762
 50
90.0
 51
126.747
  0
ARC
  8
APS_GEOMETRY
 10
-599.011
 20
-905.182
 40
5.924
 50
126.747
 51
146.547
  0
ARC
  8
APS_GEOMETRY
 10
-642.999
 20
-876.269
 40
46.715
 50
324.255
 51
326.701
  0
ARC
  8
APS_GEOMETRY
 10
-624.376
 20
-889.673
 40
23.77
 50
320.826
 51
324.255
  0
ARC
  8
APS_GEOMETRY
 10
-618.289
 20
-894.633
 40
15.918
 50
315.722
 51
320.826
  0
ARC
  8
APS_GEOMETRY
 10
-611.295
 20
-901.453
 40
6.149
 50
307.504
 51
315.722
  0
ARC
  8
APS_GEOMETRY
 10
-611.941
 20
-900.592
 40
7.226
 50
291.306
 51
307.405
  0
ARC
  8
APS_GEOMETRY
 10
-610.822
 20
-903.46
 40
4.146
 50
270.0
 51
291.306
  0
ARC
  8
APS_GEOMETRY
 10
-610.822
 20
-903.728
 40
3.879
 50
245.532
 51
270.0
  0
ARC
  8
APS_GEOMETRY
 10
-610.851
 20
-903.792
 40
3.808
 50
220.833
 51
245.532
  0
ARC
  8
APS_GEOMETRY
 10
-610.458
 20
-903.453
 40
4.328
 50
198.684
 51
220.833
  0
ARC
  8
APS_GEOMETRY
 10
-608.817
 20
-902.897
 40
6.06
 50
180.0
 51
198.684
  0
ARC
  8
APS_GEOMETRY
 10
-604.969
 20
-902.897
 40
9.908
 50
168.408
 51
180.0
  0
ARC
  8
APS_GEOMETRY
 10
-598.617
 20
-904.201
 40
16.393
 50
159.402
 51
168.408
  0
ARC
  8
APS_GEOMETRY
 10
-596.653
 20
-904.938
 40
18.49
 50
151.39
 51
159.402
  0
ARC
  8
APS_GEOMETRY
 10
-597.056
 20
-904.719
 40
18.032
 50
143.276
 51
151.39
  0
ARC
  8
APS_GEOMETRY
 10
-602.105
 20
-900.943
 40
11.726
 50
124.216
 51
143.31
  0
ARC
  8
APS_GEOMETRY
 10
-606.603
 20
-894.329
 40
3.728
 50
90.0
 51
124.216
  0
ARC
  8
APS_GEOMETRY
 10
-606.603
 20
-895.985
 40
5.384
 50
82.725
 51
90.0
  0
ARC
  8
APS_GEOMETRY
 10
-607.024
 20
-899.281
 40
8.707
 50
77.005
 51
82.725
  0
ARC
  8
APS_GEOMETRY
 10
-594.175
 20
-837.334
 40
54.561
 50
258.486
 51
260.378
  0
ARC
  8
APS_GEOMETRY
 10
-599.679
 20
-869.799
 40
21.633
 50
260.378
 51
263.382
  0
ARC
  8
APS_GEOMETRY
 10
-600.15
 20
-873.857
 40
17.548
 50
263.382
 51
267.084
  0
ARC
  8
APS_GEOMETRY
 10
-599.604
 20
-863.146
 40
28.273
 50
267.084
 51
270.0
  0
ARC
  8
APS_GEOMETRY
 10
-539.877
 20
-916.284
 40
25.782
 50
71.91
 51
90.0
  0
ARC
  8
APS_GEOMETRY
 10
-538.879
 20
-913.228
 40
22.566
 50
52.561
 51
71.91
  0
ARC
  8
APS_GEOMETRY
 10
-539.14
 20
-913.304
 40
22.786
 50
38.846
 51
52.156
  0
ARC
  8
APS_GEOMETRY
 10
-542.713
 20
-916.181
 40
27.372
 50
26.707
 51
38.846
  0
ARC
  8
APS_GEOMETRY
 10
-542.005
 20
-915.603
 40
26.482
 50
13.868
 51
26.278
  0
ARC
  8
APS_GEOMETRY
 10
-536.906
 20
-914.344
 40
21.229
 50
360.0
 51
13.868
  0
ARC
  8
APS_GEOMETRY
 10
-536.576
 20
-914.344
 40
20.899
 50
339.712
 51
360.0
  0
ARC
  8
APS_GEOMETRY
 10
-537.752
 20
-913.909
 40
22.153
 50
320.013
 51
339.712
  0
ARC
  8
APS_GEOMETRY
 10
-537.947
 20
-913.801
 40
22.372
 50
303.344
 51
320.123
  0
ARC
  8
APS_GEOMETRY
 10
-540.243
 20
-910.312
 40
26.548
 50
287.949
 51
303.344
  0
ARC
  8
APS_GEOMETRY
 10
-540.997
 20
-907.697
 40
29.269
 50
279.039
 51
287.776
  0
ARC
  8
APS_GEOMETRY
 10
-540.695
 20
-909.596
 40
27.346
 50
270.0
 51
279.039
  0
ARC
  8
APS_GEOMETRY
 10
-540.695
 20
-910.931
 40
26.011
 50
257.728
 51
270.0
  0
ARC
  8
APS_GEOMETRY
 10
-540.654
 20
-910.743
 40
26.203
 50
245.501
 51
257.728
  0
ARC
  8
APS_GEOMETRY
 10
-542.127
 20
-913.966
 40
22.66
 50
228.665
 51
245.511
  0
ARC
  8
APS_GEOMETRY
 10
-542.617
 20
-914.522
 40
21.918
 50
211.535
 51
228.665
  0
ARC
  8
APS_GEOMETRY
 10
-541.975
 20
-914.051
 40
22.712
 50
195.642
 51
211.701
  0
ARC
  8
APS_GEOMETRY
 10
-540.801
 20
-913.722
 40
23.931
 50
180.0
 51
195.642
  0
ARC
  8
APS_GEOMETRY
 10
-540.549
 20
-913.722
 40
24.183
 50
162.181
 51
180.0
  0
ARC
  8
APS_GEOMETRY
 10
-542.756
 20
-913.013
 40
21.865
 50
143.434
 51
162.181
  0
ARC
  8
APS_GEOMETRY
 10
-543.053
 20
-912.775
 40
21.485
 50
126.384
 51
143.471
  0
ARC
  8
APS_GEOMETRY
 10
-541.019
 20
-915.536
 40
24.914
 50
110.525
 51
126.384
  0
ARC
  8
APS_GEOMETRY
 10
-541.119
 20
-914.786
 40
24.177
 50
99.77
 51
110.925
  0
ARC
  8
APS_GEOMETRY
 10
-539.877
 20
-921.998
 40
31.496
 50
90.0
 51
99.77
  0
ARC
  8
APS_GEOMETRY
 10
-542.984
 20
-904.696
 40
4.807
 50
90.0
 51
119.604
  0
ARC
  8
APS_GEOMETRY
 10
-542.563
 20
-905.437
 40
5.659
 50
119.604
 51
146.842
  0
ARC
  8
APS_GEOMETRY
 10
-541.717
 20
-906.131
 40
6.748
 50
145.84
 51
164.055
  0
ARC
  8
APS_GEOMETRY
 10
-539.756
 20
-906.691
 40
8.788
 50
164.055
 51
180.0
  0
ARC
  8
APS_GEOMETRY
 10
-527.491
 20
-906.691
 40
21.053
 50
180.0
 51
189.977
  0
ARC
  8
APS_GEOMETRY
 10
-508.84
 20
-903.41
 40
39.991
 50
189.977
 51
197.211
  0
ARC
  8
APS_GEOMETRY
 10
-504.76
 20
-902.146
 40
44.261
 50
197.211
 51
203.76
  0
ARC
  8
APS_GEOMETRY
 10
-514.923
 20
-906.62
 40
33.157
 50
203.76
 51
211.329
  0
ARC
  8
APS_GEOMETRY
 10
-535.791
 20
-919.144
 40
8.821
 50
212.32
 51
224.441
  0
ARC
  8
APS_GEOMETRY
 10
-536.646
 20
-919.983
 40
7.623
 50
224.441
 51
237.484
  0
ARC
  8
APS_GEOMETRY
 10
-537.199
 20
-920.85
 40
6.595
 50
237.484
 51
252.416
  0
ARC
  8
APS_GEOMETRY
 10
-537.752
 20
-922.593
 40
4.766
 50
252.416
 51
270.0
  0
ARC
  8
APS_GEOMETRY
 10
-537.752
 20
-922.028
 40
5.331
 50
270.0
 51
294.953
  0
ARC
  8
APS_GEOMETRY
 10
-537.602
 20
-922.349
 40
4.977
 50
294.953
 51
320.793
  0
ARC
  8
APS_GEOMETRY
 10
-538.403
 20
-921.696
 40
6.011
 50
320.793
 51
342.777
  0
ARC
  8
APS_GEOMETRY
 10
-541.971
 20
-920.59
 40
9.746
 50
342.777
 51
0.0
  0
ARC
  8
APS_GEOMETRY
 10
-558.732
 20
-920.59
 40
26.507
 50
0.0
 51
8.499
  0
ARC
  8
APS_GEOMETRY
 10
-570.399
 20
-922.333
 40
38.304
 50
8.499
 51
15.566
  0
ARC
  8
APS_GEOMETRY
 10
-568.996
 20
-921.943
 40
36.848
 50
15.566
 51
22.909
  0
ARC
  8
APS_GEOMETRY
 10
-556.933
 20
-916.845
 40
23.751
 50
22.909
 51
32.057
  0
ARC
  8
APS_GEOMETRY
 10
-547.457
 20
-910.875
 40
12.552
 50
31.921
 51
42.51
  0
ARC
  8
APS_GEOMETRY
 10
-544.855
 20
-908.49
 40
9.022
 50
42.51
 51
55.008
  0
ARC
  8
APS_GEOMETRY
 10
-543.976
 20
-907.234
 40
7.489
 50
55.008
 51
69.88
  0
ARC
  8
APS_GEOMETRY
 10
-543.188
 20
-905.083
 40
5.198
 50
69.88
 51
87.754
  0
ARC
  8
APS_GEOMETRY
 10
-491.457
 20
-906.486
 40
15.983
 50
83.923
 51
90.0
  0
ARC
  8
APS_GEOMETRY
 10
-492.742
 20
-918.561
 40
28.127
 50
79.342
 51
83.923
  0
ARC
  8
APS_GEOMETRY
 10
-494.293
 20
-926.802
 40
36.512
 50
75.808
 51
79.342
  0
ARC
  8
APS_GEOMETRY
 10
-499.704
 20
-948.197
 40
58.58
 50
73.018
 51
75.808
  0
ARC
  8
APS_GEOMETRY
 10
-480.652
 20
-885.704
 40
6.752
 50
253.288
 51
259.046
  0
ARC
  8
APS_GEOMETRY
 10
-481.58
 20
-890.497
 40
1.87
 50
259.046
 51
270.0
  0
ARC
  8
APS_GEOMETRY
 10
-481.58
 20
-891.257
 40
1.11
 50
270.0
 51
286.699
  0
ARC
  8
APS_GEOMETRY
 10
-490.453
 20
-861.68
 40
31.989
 50
286.699
 51
289.799
  0
ARC
  8
APS_GEOMETRY
 10
-478.564
 20
-894.59
 40
3.002
 50
100.008
 51
110.556
  0
ARC
  8
APS_GEOMETRY
 10
-478.506
 20
-894.916
 40
3.334
 50
90.0
 51
100.008
  0
ARC
  8
APS_GEOMETRY
 10
-478.506
 20
-894.761
 40
3.179
 50
53.356
 51
90.0
  0
ARC
  8
APS_GEOMETRY
 10
-484.06
 20
-902.227
 40
12.484
 50
35.101
 51
53.356
  0
ARC
  8
APS_GEOMETRY
 10
-486.831
 20
-904.175
 40
15.871
 50
20.245
 51
35.101
  0
ARC
  8
APS_GEOMETRY
 10
-479.998
 20
-901.655
 40
8.588
 50
360.0
 51
20.245
  0
ARC
  8
APS_GEOMETRY
 10
-476.559
 20
-901.655
 40
5.15
 50
340.481
 51
360.0
  0
ARC
  8
APS_GEOMETRY
 10
-475.711
 20
-901.955
 40
4.25
 50
318.972
 51
340.481
  0
ARC
  8
APS_GEOMETRY
 10
-475.333
 20
-902.285
 40
3.748
 50
295.017
 51
318.972
  0
ARC
  8
APS_GEOMETRY
 10
-475.203
 20
-902.563
 40
3.442
 50
270.0
 51
295.017
  0
ARC
  8
APS_GEOMETRY
 10
-475.203
 20
-900.719
 40
5.285
 50
256.171
 51
270.0
  0
ARC
  8
APS_GEOMETRY
 10
-475.779
 20
-903.06
 40
2.874
 50
237.381
 51
256.171
  0
ARC
  8
APS_GEOMETRY
 10
-474.759
 20
-901.465
 40
4.768
 50
231.559
 51
237.381
  0
ARC
  8
APS_GEOMETRY
 10
-459.916
 20
-882.766
 40
28.642
 50
229.185
 51
231.559
  0
ARC
  8
APS_GEOMETRY
 10
-444.009
 20
-864.347
 40
52.979
 50
227.9
 51
229.185
  0
ARC
  8
APS_GEOMETRY
 10
-388.956
 20
-803.419
 40
135.095
 50
227.095
 51
227.9
  0
ARC
  8
APS_GEOMETRY
 10
-492.318
 20
-914.58
 40
16.696
 50
46.975
 51
64.612
  0
ARC
  8
APS_GEOMETRY
 10
-488.644
 20
-906.838
 40
8.127
 50
64.612
 51
90.0
  0
ARC
  8
APS_GEOMETRY
 10
-488.644
 20
-904.567
 40
5.856
 50
90.0
 51
106.966
  0
ARC
  8
APS_GEOMETRY
 10
-489.323
 20
-902.344
 40
3.531
 50
106.966
 51
128.868
  0
ARC
  8
APS_GEOMETRY
 10
-489.715
 20
-901.856
 40
2.905
 50
128.868
 51
154.741
  0
ARC
  8
APS_GEOMETRY
 10
-489.588
 20
-901.916
 40
3.046
 50
154.741
 51
180.0
  0
ARC
  8
APS_GEOMETRY
 10
-489.773
 20
-901.916
 40
2.861
 50
180.0
 51
206.64
  0
ARC
  8
APS_GEOMETRY
 10
-488.853
 20
-901.455
 40
3.891
 50
206.64
 51
229.43
  0
ARC
  8
APS_GEOMETRY
 10
-487.377
 20
-899.731
 40
6.159
 50
229.43
 51
244.493
  0
ARC
  8
APS_GEOMETRY
 10
-483.331
 20
-891.252
 40
15.554
 50
244.493
 51
253.956
  0
ARC
  8
APS_GEOMETRY
 10
-555.402
 20
-1136.181
 40
239.758
 50
72.737
 51
73.58
  0
ARC
  8
APS_GEOMETRY
 10
-514.099
 20
-1003.265
 40
100.573
 50
71.435
 51
72.737
  0
ARC
  8
APS_GEOMETRY
 10
-500.418
 20
-962.531
 40
57.603
 50
69.164
 51
71.435
  0
ARC
  8
APS_GEOMETRY
 10
-484.273
 20
-920.109
 40
12.212
 50
64.231
 51
69.164
  0
ARC
  8
APS_GEOMETRY
 10
-486.13
 20
-923.848
 40
16.387
 50
34.939
 51
64.068
  0
ARC
  8
APS_GEOMETRY
 10
-482.122
 20
-921.048
 40
11.498
 50
360.0
 51
34.939
  0
ARC
  8
APS_GEOMETRY
 10
-484.586
 20
-921.048
 40
13.962
 50
333.435
 51
360.0
  0
ARC
  8
APS_GEOMETRY
 10
-485.499
 20
-920.592
 40
14.982
 50
307.807
 51
333.435
  0
ARC
  8
APS_GEOMETRY
 10
-487.874
 20
-917.519
 40
18.866
 50
296.732
 51
307.786
  0
ARC
  8
APS_GEOMETRY
 10
-489.28
 20
-914.729
 40
21.99
 50
286.496
 51
296.732
  0
ARC
  8
APS_GEOMETRY
 10
-490.205
 20
-911.603
 40
25.25
 50
277.544
 51
286.496
  0
ARC
  8
APS_GEOMETRY
 10
-491.555
 20
-901.412
 40
35.53
 50
270.0
 51
277.544
  0
ARC
  8
APS_GEOMETRY
 10
-491.555
 20
-899.871
 40
37.071
 50
263.555
 51
270.0
  0
ARC
  8
APS_GEOMETRY
 10
-490.355
 20
-889.247
 40
47.762
 50
257.878
 51
263.555
  0
ARC
  8
APS_GEOMETRY
 10
-490.992
 20
-892.213
 40
44.729
 50
254.839
 51
257.878
  0
ARC
  8
APS_GEOMETRY
 10
-496.158
 20
-911.28
 40
24.974
 50
250.772
 51
254.839
  0
ARC
  8
APS_GEOMETRY
 10
-498.482
 20
-917.943
 40
17.918
 50
245.121
 51
250.772
  0
ARC
  8
APS_GEOMETRY
 10
-502.416
 20
-926.425
 40
8.568
 50
236.944
 51
245.121
  0
ARC
  8
APS_GEOMETRY
 10
-504.735
 20
-930.075
 40
4.243
 50
211.802
 51
236.31
  0
ARC
  8
APS_GEOMETRY
 10
-493.711
 20
-923.24
 40
17.215
 50
199.704
 51
211.802
  0
ARC
  8
APS_GEOMETRY
 10
-488.446
 20
-921.354
 40
22.807
 50
190.413
 51
199.704
  0
ARC
  8
APS_GEOMETRY
 10
-493.009
 20
-922.193
 40
18.168
 50
180.0
 51
190.413
  0
ARC
  8
APS_GEOMETRY
 10
-505.308
 20
-922.193
 40
5.869
 50
164.876
 51
180.0
  0
ARC
  8
APS_GEOMETRY
 10
-508.615
 20
-921.299
 40
2.443
 50
141.34
 51
164.876
  0
ARC
  8
APS_GEOMETRY
 10
-508.295
 20
-921.513
 40
2.827
 50
116.928
 51
142.001
  0
ARC
  8
APS_GEOMETRY
 10
-508.462
 20
-921.183
 40
2.457
 50
90.0
 51
116.928
  0
ARC
  8
APS_GEOMETRY
 10
-508.462
 20
-921.19
 40
2.464
 50
62.21
 51
90.0
  0
ARC
  8
APS_GEOMETRY
 10
-509.446
 20
-923.056
 40
4.573
 50
41.906
 51
62.21
  0
ARC
  8
APS_GEOMETRY
 10
-509.279
 20
-923.091
 40
4.475
 50
37.313
 51
43.668
  0
ARC
  8
APS_GEOMETRY
 10
-534.347
 20
-942.197
 40
35.993
 50
35.074
 51
37.313
  0
ARC
  8
APS_GEOMETRY
 10
-562.814
 20
-962.185
 40
70.777
 50
33.934
 51
35.074
  0
ARC
  8
APS_GEOMETRY
 10
-664.312
 20
-1030.475
 40
193.11
 50
33.243
 51
33.934
  0
ARC
  8
APS_GEOMETRY
 10
-497.192
 20
-920.904
 40
6.727
 50
213.453
 51
231.637
  0
ARC
  8
APS_GEOMETRY
 10
-494.014
 20
-916.889
 40
11.848
 50
231.637
 51
245.313
  0
ARC
  8
APS_GEOMETRY
 10
-493.314
 20
-915.366
 40
13.524
 50
245.313
 51
257.398
  0
ARC
  8
APS_GEOMETRY
 10
-493.55
 20
-916.421
 40
12.443
 50
257.398
 51
270.0
  0
ARC
  8
APS_GEOMETRY
 10
-493.55
 20
-918.358
 40
10.506
 50
270.0
 51
282.907
  0
ARC
  8
APS_GEOMETRY
 10
-492.419
 20
-923.291
 40
5.445
 50
282.907
 51
300.872
  0
ARC
  8
APS_GEOMETRY
 10
-491.439
 20
-924.931
 40
3.535
 50
300.872
 51
326.876
  0
ARC
  8
APS_GEOMETRY
 10
-490.323
 20
-925.659
 40
2.202
 50
326.876
 51
0.0
  0
ARC
  8
APS_GEOMETRY
 10
-490.652
 20
-925.659
 40
2.531
 50
0.0
 51
27.553
  0
ARC
  8
APS_GEOMETRY
 10
-491.452
 20
-926.077
 40
3.434
 50
27.553
 51
51.147
  0
ARC
  8
APS_GEOMETRY
 10
-493.107
 20
-928.131
 40
6.071
 50
51.147
 51
65.225
  0
ARC
  8
APS_GEOMETRY
 10
-499.21
 20
-941.355
 40
20.636
 50
65.225
 51
72.848
  0
ARC
  8
APS_GEOMETRY
 10
-463.569
 20
-827.715
 40
98.462
 50
251.106
 51
252.532
  0
ARC
  8
APS_GEOMETRY
 10
-476.185
 20
-864.577
 40
59.501
 50
249.271
 51
251.106
  0
ARC
  8
APS_GEOMETRY
 10
-481.43
 20
-878.436
 40
44.683
 50
246.83
 51
249.271
  0
ARC
  8
APS_GEOMETRY
 10
-489.914
 20
-898.259
 40
23.121
 50
243.435
 51
246.83
  0
ARC
  8
APS_GEOMETRY
 10
-490.88
 20
-900.19
 40
20.961
 50
235.981
 51
243.435
  0
ARC
  8
APS_GEOMETRY
 10
-490.138
 20
-899.091
 40
22.287
 50
228.752
 51
235.981
  0
ARC
  8
APS_GEOMETRY
 10
-493.612
 20
-903.185
 40
16.918
 50
206.421
 51
228.457
  0
ARC
  8
APS_GEOMETRY
 10
-498.167
 20
-905.448
 40
11.833
 50
180.0
 51
206.421
  0
ARC
  8
APS_GEOMETRY
 10
-497.952
 20
-905.448
 40
12.047
 50
166.555
 51
180.0
  0
ARC
  8
APS_GEOMETRY
 10
-496.557
 20
-905.782
 40
13.482
 50
153.848
 51
166.555
  0
ARC
  8
APS_GEOMETRY
 10
-496.441
 20
-905.839
 40
13.611
 50
141.244
 51
153.848
  0
ARC
  8
APS_GEOMETRY
 10
-495.581
 20
-906.529
 40
14.714
 50
129.123
 51
141.244
  0
ARC
  8
APS_GEOMETRY
 10
-492.828
 20
-909.457
 40
18.725
 50
108.978
 51
130.006
  0
ARC
  8
APS_GEOMETRY
 10
-491.457
 20
-913.443
 40
22.94
 50
90.0
 51
108.978
  0
ARC
  8
APS_GEOMETRY
 10
-441.466
 20
-911.767
 40
21.264
 50
77.257
 51
90.0
  0
ARC
  8
APS_GEOMETRY
 10
-441.682
 20
-912.722
 40
22.243
 50
64.799
 51
77.257
  0
ARC
  8
APS_GEOMETRY
 10
-423.365
 20
-873.723
 40
20.843
 50
244.885
 51
251.175
  0
ARC
  8
APS_GEOMETRY
 10
-429.333
 20
-891.231
 40
2.346
 50
251.175
 51
270.0
  0
ARC
  8
APS_GEOMETRY
 10
-429.333
 20
-889.771
 40
3.806
 50
270.0
 51
278.82
  0
ARC
  8
APS_GEOMETRY
 10
-431.792
 20
-873.923
 40
19.844
 50
278.82
 51
282.68
  0
ARC
  8
APS_GEOMETRY
 10
-426.647
 20
-896.704
 40
3.511
 50
95.906
 51
102.995
  0
ARC
  8
APS_GEOMETRY
 10
-426.488
 20
-898.24
 40
5.055
 50
90.0
 51
95.906
  0
ARC
  8
APS_GEOMETRY
 10
-426.488
 20
-896.54
 40
3.356
 50
62.447
 51
90.0
  0
ARC
  8
APS_GEOMETRY
 10
-427.085
 20
-897.684
 40
4.645
 50
39.094
 51
62.447
  0
ARC
  8
APS_GEOMETRY
 10
-433.319
 20
-902.897
 40
12.772
 50
18.435
 51
39.611
  0
ARC
  8
APS_GEOMETRY
 10
-437.145
 20
-904.173
 40
16.806
 50
360.0
 51
18.435
  0
ARC
  8
APS_GEOMETRY
 10
-428.673
 20
-904.173
 40
8.333
 50
334.877
 51
360.0
  0
ARC
  8
APS_GEOMETRY
 10
-426.167
 20
-905.348
 40
5.565
 50
304.007
 51
334.877
  0
ARC
  8
APS_GEOMETRY
 10
-426.208
 20
-905.231
 40
5.686
 50
286.39
 51
303.69
  0
ARC
  8
APS_GEOMETRY
 10
-426.39
 20
-904.612
 40
6.33
 50
270.0
 51
286.39
  0
ARC
  8
APS_GEOMETRY
 10
-426.39
 20
-904.686
 40
6.257
 50
255.155
 51
270.0
  0
ARC
  8
APS_GEOMETRY
 10
-427.075
 20
-907.272
 40
3.581
 50
235.491
 51
255.155
  0
ARC
  8
APS_GEOMETRY
 10
-426.731
 20
-906.771
 40
4.189
 50
218.48
 51
235.491
  0
ARC
  8
APS_GEOMETRY
 10
-421.11
 20
-902.304
 40
11.369
 50
208.179
 51
218.48
  0
ARC
  8
APS_GEOMETRY
 10
-478.735
 20
-933.583
 40
54.198
 50
28.56
 51
31.664
  0
ARC
  8
APS_GEOMETRY
 10
-443.523
 20
-911.866
 40
12.827
 50
31.664
 51
38.047
  0
ARC
  8
APS_GEOMETRY
 10
-440.962
 20
-909.862
 40
9.576
 50
38.047
 51
46.56
  0
ARC
  8
APS_GEOMETRY
 10
-442.293
 20
-911.268
 40
11.512
 50
46.56
 51
54.324
  0
ARC
  8
APS_GEOMETRY
 10
-443.061
 20
-912.589
 40
13.034
 50
54.968
 51
71.48
  0
ARC
  8
APS_GEOMETRY
 10
-442.218
 20
-910.072
 40
10.38
 50
71.48
 51
90.0
  0
ARC
  8
APS_GEOMETRY
 10
-442.218
 20
-906.943
 40
7.251
 50
90.0
 51
114.63
  0
ARC
  8
APS_GEOMETRY
 10
-442.582
 20
-906.149
 40
6.377
 50
114.63
 51
140.921
  0
ARC
  8
APS_GEOMETRY
 10
-441.507
 20
-907.023
 40
7.763
 50
140.921
 51
163.13
  0
ARC
  8
APS_GEOMETRY
 10
-436.129
 20
-908.653
 40
13.382
 50
163.13
 51
180.0
  0
ARC
  8
APS_GEOMETRY
 10
-429.156
 20
-908.653
 40
20.355
 50
180.0
 51
195.44
  0
ARC
  8
APS_GEOMETRY
 10
-430.214
 20
-908.946
 40
19.258
 50
195.44
 51
211.316
  0
ARC
  8
APS_GEOMETRY
 10
-435.303
 20
-911.935
 40
13.357
 50
211.708
 51
240.457
  0
ARC
  8
APS_GEOMETRY
 10
-435.645
 20
-912.538
 40
12.663
 50
240.457
 51
270.0
  0
ARC
  8
APS_GEOMETRY
 10
-435.645
 20
-909.451
 40
15.751
 50
270.0
 51
279.549
  0
ARC
  8
APS_GEOMETRY
 10
-435.841
 20
-908.287
 40
16.931
 50
279.549
 51
288.759
  0
ARC
  8
APS_GEOMETRY
 10
-435.015
 20
-910.717
 40
14.364
 50
288.759
 51
299.545
  0
ARC
  8
APS_GEOMETRY
 10
-431.706
 20
-916.556
 40
7.652
 50
299.545
 51
314.341
  0
ARC
  8
APS_GEOMETRY
 10
-421.471
 20
-927.187
 40
7.105
 50
120.141
 51
133.452
  0
ARC
  8
APS_GEOMETRY
 10
-424.329
 20
-922.263
 40
1.412
 50
90.0
 51
120.141
  0
ARC
  8
APS_GEOMETRY
 10
-424.329
 20
-923.081
 40
2.23
 50
61.952
 51
90.0
  0
ARC
  8
APS_GEOMETRY
 10
-424.662
 20
-923.705
 40
2.936
 50
37.569
 51
61.952
  0
ARC
  8
APS_GEOMETRY
 10
-425.281
 20
-924.181
 40
3.717
 50
17.665
 51
37.569
  0
ARC
  8
APS_GEOMETRY
 10
-426.226
 20
-924.482
 40
4.709
 50
360.0
 51
17.665
  0
ARC
  8
APS_GEOMETRY
 10
-428.598
 20
-924.482
 40
7.081
 50
344.932
 51
360.0
  0
ARC
  8
APS_GEOMETRY
 10
-434.896
 20
-922.786
 40
13.603
 50
334.075
 51
344.932
  0
ARC
  8
APS_GEOMETRY
 10
-435.094
 20
-922.69
 40
13.823
 50
323.374
 51
334.075
  0
ARC
  8
APS_GEOMETRY
 10
-431.03
 20
-925.711
 40
8.76
 50
309.92
 51
323.374
  0
ARC
  8
APS_GEOMETRY
 10
-426.969
 20
-930.502
 40
2.48
 50
289.026
 51
308.991
  0
ARC
  8
APS_GEOMETRY
 10
-431.302
 20
-917.936
 40
15.771
 50
281.143
 51
289.026
  0
ARC
  8
APS_GEOMETRY
 10
-426.908
 20
-940.717
 40
7.431
 50
100.437
 51
110.12
  0
ARC
  8
APS_GEOMETRY
 10
-421.087
 20
-956.608
 40
24.353
 50
110.12
 51
115.463
  0
ARC
  8
APS_GEOMETRY
 10
-441.868
 20
-913.127
 40
23.838
 50
282.94
 51
295.628
  0
ARC
  8
APS_GEOMETRY
 10
-441.662
 20
-914.021
 40
22.921
 50
270.0
 51
282.94
  0
ARC
  8
APS_GEOMETRY
 10
-441.662
 20
-912.667
 40
24.275
 50
257.307
 51
270.0
  0
ARC
  8
APS_GEOMETRY
 10
-440.638
 20
-908.117
 40
28.939
 50
245.686
 51
257.307
  0
ARC
  8
APS_GEOMETRY
 10
-443.208
 20
-913.759
 40
22.739
 50
228.801
 51
245.735
  0
ARC
  8
APS_GEOMETRY
 10
-443.165
 20
-913.71
 40
22.805
 50
211.891
 51
228.801
  0
ARC
  8
APS_GEOMETRY
 10
-441.817
 20
-912.74
 40
24.462
 50
196.728
 51
212.152
  0
ARC
  8
APS_GEOMETRY
 10
-445.305
 20
-913.788
 40
20.82
 50
180.0
 51
196.728
  0
ARC
  8
APS_GEOMETRY
 10
-444.798
 20
-913.788
 40
21.327
 50
161.184
 51
180.0
  0
ARC
  8
APS_GEOMETRY
 10
-443.429
 20
-914.254
 40
22.773
 50
142.98
 51
161.184
  0
ARC
  8
APS_GEOMETRY
 10
-442.365
 20
-915.068
 40
24.112
 50
127.824
 51
142.958
  0
ARC
  8
APS_GEOMETRY
 10
-440.611
 20
-917.328
 40
26.973
 50
113.52
 51
127.824
  0
ARC
  8
APS_GEOMETRY
 10
-441.182
 20
-916.008
 40
25.535
 50
101.927
 51
113.527
  0
ARC
  8
APS_GEOMETRY
 10
-441.466
 20
-914.664
 40
24.161
 50
90.0
 51
101.927
  0
ARC
  8
APS_GEOMETRY
 10
-390.985
 20
-916.284
 40
25.782
 50
71.91
 51
90.0
  0
ARC
  8
APS_GEOMETRY
 10
-389.987
 20
-913.228
 40
22.566
 50
52.561
 51
71.91
  0
ARC
  8
APS_GEOMETRY
 10
-390.248
 20
-913.304
 40
22.786
 50
38.846
 51
52.156
  0
ARC
  8
APS_GEOMETRY
 10
-393.82
 20
-916.181
 40
27.372
 50
26.707
 51
38.846
  0
ARC
  8
APS_GEOMETRY
 10
-393.113
 20
-915.603
 40
26.482
 50
13.868
 51
26.278
  0
ARC
  8
APS_GEOMETRY
 10
-388.013
 20
-914.344
 40
21.229
 50
360.0
 51
13.868
  0
ARC
  8
APS_GEOMETRY
 10
-387.683
 20
-914.344
 40
20.899
 50
339.712
 51
360.0
  0
ARC
  8
APS_GEOMETRY
 10
-388.86
 20
-913.909
 40
22.153
 50
320.013
 51
339.712
  0
ARC
  8
APS_GEOMETRY
 10
-389.055
 20
-913.801
 40
22.372
 50
303.344
 51
320.123
  0
ARC
  8
APS_GEOMETRY
 10
-391.35
 20
-910.312
 40
26.548
 50
287.949
 51
303.344
  0
ARC
  8
APS_GEOMETRY
 10
-392.105
 20
-907.697
 40
29.269
 50
279.039
 51
287.776
  0
ARC
  8
APS_GEOMETRY
 10
-391.803
 20
-909.596
 40
27.346
 50
270.0
 51
279.039
  0
ARC
  8
APS_GEOMETRY
 10
-391.803
 20
-910.931
 40
26.011
 50
257.728
 51
270.0
  0
ARC
  8
APS_GEOMETRY
 10
-391.762
 20
-910.743
 40
26.203
 50
245.501
 51
257.728
  0
ARC
  8
APS_GEOMETRY
 10
-393.234
 20
-913.966
 40
22.66
 50
228.665
 51
245.511
  0
ARC
  8
APS_GEOMETRY
 10
-393.724
 20
-914.522
 40
21.918
 50
211.535
 51
228.665
  0
ARC
  8
APS_GEOMETRY
 10
-393.082
 20
-914.051
 40
22.712
 50
195.642
 51
211.701
  0
ARC
  8
APS_GEOMETRY
 10
-391.908
 20
-913.722
 40
23.931
 50
180.0
 51
195.642
  0
ARC
  8
APS_GEOMETRY
 10
-391.657
 20
-913.722
 40
24.183
 50
162.181
 51
180.0
  0
ARC
  8
APS_GEOMETRY
 10
-393.863
 20
-913.013
 40
21.865
 50
143.434
 51
162.181
  0
ARC
  8
APS_GEOMETRY
 10
-394.16
 20
-912.775
 40
21.485
 50
126.384
 51
143.471
  0
ARC
  8
APS_GEOMETRY
 10
-392.126
 20
-915.536
 40
24.914
 50
110.525
 51
126.384
  0
ARC
  8
APS_GEOMETRY
 10
-392.227
 20
-914.786
 40
24.177
 50
99.77
 51
110.925
  0
ARC
  8
APS_GEOMETRY
 10
-390.985
 20
-921.998
 40
31.496
 50
90.0
 51
99.77
  0
ARC
  8
APS_GEOMETRY
 10
-394.092
 20
-904.696
 40
4.807
 50
90.0
 51
119.604
  0
ARC
  8
APS_GEOMETRY
 10
-393.671
 20
-905.437
 40
5.659
 50
119.604
 51
146.842
  0
ARC
  8
APS_GEOMETRY
 10
-392.825
 20
-906.131
 40
6.748
 50
145.84
 51
164.055
  0
ARC
  8
APS_GEOMETRY
 10
-390.863
 20
-906.691
 40
8.788
 50
164.055
 51
180.0
  0
ARC
  8
APS_GEOMETRY
 10
-378.599
 20
-906.691
 40
21.053
 50
180.0
 51
189.977
  0
ARC
  8
APS_GEOMETRY
 10
-359.947
 20
-903.41
 40
39.991
 50
189.977
 51
197.211
  0
ARC
  8
APS_GEOMETRY
 10
-355.868
 20
-902.146
 40
44.261
 50
197.211
 51
203.76
  0
ARC
  8
APS_GEOMETRY
 10
-366.03
 20
-906.62
 40
33.157
 50
203.76
 51
211.329
  0
ARC
  8
APS_GEOMETRY
 10
-386.899
 20
-919.144
 40
8.821
 50
212.32
 51
224.441
  0
ARC
  8
APS_GEOMETRY
 10
-387.754
 20
-919.983
 40
7.623
 50
224.441
 51
237.484
  0
ARC
  8
APS_GEOMETRY
 10
-388.307
 20
-920.85
 40
6.595
 50
237.484
 51
252.416
  0
ARC
  8
APS_GEOMETRY
 10
-388.859
 20
-922.593
 40
4.766
 50
252.416
 51
270.0
  0
ARC
  8
APS_GEOMETRY
 10
-388.859
 20
-922.028
 40
5.331
 50
270.0
 51
294.953
  0
ARC
  8
APS_GEOMETRY
 10
-388.71
 20
-922.349
 40
4.977
 50
294.953
 51
320.793
  0
ARC
  8
APS_GEOMETRY
 10
-389.511
 20
-921.696
 40
6.011
 50
320.793
 51
342.777
  0
ARC
  8
APS_GEOMETRY
 10
-393.078
 20
-920.59
 40
9.746
 50
342.777
 51
0.0
  0
ARC
  8
APS_GEOMETRY
 10
-409.839
 20
-920.59
 40
26.507
 50
0.0
 51
8.499
  0
ARC
  8
APS_GEOMETRY
 10
-421.507
 20
-922.333
 40
38.304
 50
8.499
 51
15.566
  0
ARC
  8
APS_GEOMETRY
 10
-420.104
 20
-921.943
 40
36.848
 50
15.566
 51
22.909
  0
ARC
  8
APS_GEOMETRY
 10
-408.04
 20
-916.845
 40
23.751
 50
22.909
 51
32.057
  0
ARC
  8
APS_GEOMETRY
 10
-398.565
 20
-910.875
 40
12.552
 50
31.921
 51
42.51
  0
ARC
  8
APS_GEOMETRY
 10
-395.963
 20
-908.49
 40
9.022
 50
42.51
 51
55.008
  0
ARC
  8
APS_GEOMETRY
 10
-395.084
 20
-907.234
 40
7.489
 50
55.008
 51
69.88
  0
ARC
  8
APS_GEOMETRY
 10
-394.296
 20
-905.083
 40
5.198
 50
69.88
 51
87.754
  0
ARC
  8
APS_GEOMETRY
 10
-337.626
 20
-911.767
 40
21.264
 50
77.257
 51
90.0
  0
ARC
  8
APS_GEOMETRY
 10
-337.842
 20
-912.722
 40
22.243
 50
64.799
 51
77.257
  0
ARC
  8
APS_GEOMETRY
 10
-319.524
 20
-873.723
 40
20.843
 50
244.885
 51
251.175
  0
ARC
  8
APS_GEOMETRY
 10
-325.493
 20
-891.231
 40
2.346
 50
251.175
 51
270.0
  0
ARC
  8
APS_GEOMETRY
 10
-325.493
 20
-889.771
 40
3.806
 50
270.0
 51
278.82
  0
ARC
  8
APS_GEOMETRY
 10
-327.952
 20
-873.923
 40
19.844
 50
278.82
 51
282.68
  0
ARC
  8
APS_GEOMETRY
 10
-322.807
 20
-896.704
 40
3.511
 50
95.906
 51
102.995
  0
ARC
  8
APS_GEOMETRY
 10
-322.648
 20
-898.24
 40
5.055
 50
90.0
 51
95.906
  0
ARC
  8
APS_GEOMETRY
 10
-322.648
 20
-896.54
 40
3.356
 50
62.447
 51
90.0
  0
ARC
  8
APS_GEOMETRY
 10
-323.244
 20
-897.684
 40
4.645
 50
39.094
 51
62.447
  0
ARC
  8
APS_GEOMETRY
 10
-329.479
 20
-902.897
 40
12.772
 50
18.435
 51
39.611
  0
ARC
  8
APS_GEOMETRY
 10
-333.305
 20
-904.173
 40
16.806
 50
360.0
 51
18.435
  0
ARC
  8
APS_GEOMETRY
 10
-324.833
 20
-904.173
 40
8.333
 50
334.877
 51
360.0
  0
ARC
  8
APS_GEOMETRY
 10
-322.326
 20
-905.348
 40
5.565
 50
304.007
 51
334.877
  0
ARC
  8
APS_GEOMETRY
 10
-322.368
 20
-905.231
 40
5.686
 50
286.39
 51
303.69
  0
ARC
  8
APS_GEOMETRY
 10
-322.55
 20
-904.612
 40
6.33
 50
270.0
 51
286.39
  0
ARC
  8
APS_GEOMETRY
 10
-322.55
 20
-904.686
 40
6.257
 50
255.155
 51
270.0
  0
ARC
  8
APS_GEOMETRY
 10
-323.235
 20
-907.272
 40
3.581
 50
235.491
 51
255.155
  0
ARC
  8
APS_GEOMETRY
 10
-322.891
 20
-906.771
 40
4.189
 50
218.48
 51
235.491
  0
ARC
  8
APS_GEOMETRY
 10
-317.27
 20
-902.304
 40
11.369
 50
208.179
 51
218.48
  0
ARC
  8
APS_GEOMETRY
 10
-374.895
 20
-933.583
 40
54.198
 50
28.56
 51
31.664
  0
ARC
  8
APS_GEOMETRY
 10
-339.682
 20
-911.866
 40
12.827
 50
31.664
 51
38.047
  0
ARC
  8
APS_GEOMETRY
 10
-337.122
 20
-909.862
 40
9.576
 50
38.047
 51
46.56
  0
ARC
  8
APS_GEOMETRY
 10
-338.453
 20
-911.268
 40
11.512
 50
46.56
 51
54.324
  0
ARC
  8
APS_GEOMETRY
 10
-339.221
 20
-912.589
 40
13.034
 50
54.968
 51
71.48
  0
ARC
  8
APS_GEOMETRY
 10
-338.378
 20
-910.072
 40
10.38
 50
71.48
 51
90.0
  0
ARC
  8
APS_GEOMETRY
 10
-338.378
 20
-906.943
 40
7.251
 50
90.0
 51
114.63
  0
ARC
  8
APS_GEOMETRY
 10
-338.742
 20
-906.149
 40
6.377
 50
114.63
 51
140.921
  0
ARC
  8
APS_GEOMETRY
 10
-337.666
 20
-907.023
 40
7.763
 50
140.921
 51
163.13
  0
ARC
  8
APS_GEOMETRY
 10
-332.289
 20
-908.653
 40
13.382
 50
163.13
 51
180.0
  0
ARC
  8
APS_GEOMETRY
 10
-325.316
 20
-908.653
 40
20.355
 50
180.0
 51
195.44
  0
ARC
  8
APS_GEOMETRY
 10
-326.374
 20
-908.946
 40
19.258
 50
195.44
 51
211.316
  0
ARC
  8
APS_GEOMETRY
 10
-331.463
 20
-911.935
 40
13.357
 50
211.708
 51
240.457
  0
ARC
  8
APS_GEOMETRY
 10
-331.805
 20
-912.538
 40
12.663
 50
240.457
 51
270.0
  0
ARC
  8
APS_GEOMETRY
 10
-331.805
 20
-909.451
 40
15.751
 50
270.0
 51
279.549
  0
ARC
  8
APS_GEOMETRY
 10
-332.001
 20
-908.287
 40
16.931
 50
279.549
 51
288.759
  0
ARC
  8
APS_GEOMETRY
 10
-331.175
 20
-910.717
 40
14.364
 50
288.759
 51
299.545
  0
ARC
  8
APS_GEOMETRY
 10
-327.866
 20
-916.556
 40
7.652
 50
299.545
 51
314.341
  0
ARC
  8
APS_GEOMETRY
 10
-317.63
 20
-927.187
 40
7.105
 50
120.141
 51
133.452
  0
ARC
  8
APS_GEOMETRY
 10
-320.489
 20
-922.263
 40
1.412
 50
90.0
 51
120.141
  0
ARC
  8
APS_GEOMETRY
 10
-320.489
 20
-923.081
 40
2.23
 50
61.952
 51
90.0
  0
ARC
  8
APS_GEOMETRY
 10
-320.821
 20
-923.705
 40
2.936
 50
37.569
 51
61.952
  0
ARC
  8
APS_GEOMETRY
 10
-321.441
 20
-924.181
 40
3.717
 50
17.665
 51
37.569
  0
ARC
  8
APS_GEOMETRY
 10
-322.385
 20
-924.482
 40
4.709
 50
360.0
 51
17.665
  0
ARC
  8
APS_GEOMETRY
 10
-324.757
 20
-924.482
 40
7.081
 50
344.932
 51
360.0
  0
ARC
  8
APS_GEOMETRY
 10
-331.055
 20
-922.786
 40
13.603
 50
334.075
 51
344.932
  0
ARC
  8
APS_GEOMETRY
 10
-331.254
 20
-922.69
 40
13.823
 50
323.374
 51
334.075
  0
ARC
  8
APS_GEOMETRY
 10
-327.19
 20
-925.711
 40
8.76
 50
309.92
 51
323.374
  0
ARC
  8
APS_GEOMETRY
 10
-323.129
 20
-930.502
 40
2.48
 50
289.026
 51
308.991
  0
ARC
  8
APS_GEOMETRY
 10
-327.462
 20
-917.936
 40
15.771
 50
281.143
 51
289.026
  0
ARC
  8
APS_GEOMETRY
 10
-323.068
 20
-940.717
 40
7.431
 50
100.437
 51
110.12
  0
ARC
  8
APS_GEOMETRY
 10
-317.247
 20
-956.608
 40
24.353
 50
110.12
 51
115.463
  0
ARC
  8
APS_GEOMETRY
 10
-338.028
 20
-913.127
 40
23.838
 50
282.94
 51
295.628
  0
ARC
  8
APS_GEOMETRY
 10
-337.822
 20
-914.021
 40
22.921
 50
270.0
 51
282.94
  0
ARC
  8
APS_GEOMETRY
 10
-337.822
 20
-912.667
 40
24.275
 50
257.307
 51
270.0
  0
ARC
  8
APS_GEOMETRY
 10
-336.797
 20
-908.117
 40
28.939
 50
245.686
 51
257.307
  0
ARC
  8
APS_GEOMETRY
 10
-339.368
 20
-913.759
 40
22.739
 50
228.801
 51
245.735
  0
ARC
  8
APS_GEOMETRY
 10
-339.325
 20
-913.71
 40
22.805
 50
211.891
 51
228.801
  0
ARC
  8
APS_GEOMETRY
 10
-337.977
 20
-912.74
 40
24.462
 50
196.728
 51
212.152
  0
ARC
  8
APS_GEOMETRY
 10
-341.465
 20
-913.788
 40
20.82
 50
180.0
 51
196.728
  0
ARC
  8
APS_GEOMETRY
 10
-340.957
 20
-913.788
 40
21.327
 50
161.184
 51
180.0
  0
ARC
  8
APS_GEOMETRY
 10
-339.589
 20
-914.254
 40
22.773
 50
142.98
 51
161.184
  0
ARC
  8
APS_GEOMETRY
 10
-338.525
 20
-915.068
 40
24.112
 50
127.824
 51
142.958
  0
ARC
  8
APS_GEOMETRY
 10
-336.771
 20
-917.328
 40
26.973
 50
113.52
 51
127.824
  0
ARC
  8
APS_GEOMETRY
 10
-337.342
 20
-916.008
 40
25.535
 50
101.927
 51
113.527
  0
ARC
  8
APS_GEOMETRY
 10
-337.626
 20
-914.664
 40
24.161
 50
90.0
 51
101.927
  0
ARC
  8
APS_GEOMETRY
 10
-287.145
 20
-916.284
 40
25.782
 50
71.91
 51
90.0
  0
ARC
  8
APS_GEOMETRY
 10
-286.146
 20
-913.228
 40
22.566
 50
52.561
 51
71.91
  0
ARC
  8
APS_GEOMETRY
 10
-286.408
 20
-913.304
 40
22.786
 50
38.846
 51
52.156
  0
ARC
  8
APS_GEOMETRY
 10
-289.98
 20
-916.181
 40
27.372
 50
26.707
 51
38.846
  0
ARC
  8
APS_GEOMETRY
 10
-289.273
 20
-915.603
 40
26.482
 50
13.868
 51
26.278
  0
ARC
  8
APS_GEOMETRY
 10
-284.173
 20
-914.344
 40
21.229
 50
360.0
 51
13.868
  0
ARC
  8
APS_GEOMETRY
 10
-283.843
 20
-914.344
 40
20.899
 50
339.712
 51
360.0
  0
ARC
  8
APS_GEOMETRY
 10
-285.019
 20
-913.909
 40
22.153
 50
320.013
 51
339.712
  0
ARC
  8
APS_GEOMETRY
 10
-285.215
 20
-913.801
 40
22.372
 50
303.344
 51
320.123
  0
ARC
  8
APS_GEOMETRY
 10
-287.51
 20
-910.312
 40
26.548
 50
287.949
 51
303.344
  0
ARC
  8
APS_GEOMETRY
 10
-288.265
 20
-907.697
 40
29.269
 50
279.039
 51
287.776
  0
ARC
  8
APS_GEOMETRY
 10
-287.962
 20
-909.596
 40
27.346
 50
270.0
 51
279.039
  0
ARC
  8
APS_GEOMETRY
 10
-287.962
 20
-910.931
 40
26.011
 50
257.728
 51
270.0
  0
ARC
  8
APS_GEOMETRY
 10
-287.922
 20
-910.743
 40
26.203
 50
245.501
 51
257.728
  0
ARC
  8
APS_GEOMETRY
 10
-289.394
 20
-913.966
 40
22.66
 50
228.665
 51
245.511
  0
ARC
  8
APS_GEOMETRY
 10
-289.884
 20
-914.522
 40
21.918
 50
211.535
 51
228.665
  0
ARC
  8
APS_GEOMETRY
 10
-289.242
 20
-914.051
 40
22.712
 50
195.642
 51
211.701
  0
ARC
  8
APS_GEOMETRY
 10
-288.068
 20
-913.722
 40
23.931
 50
180.0
 51
195.642
  0
ARC
  8
APS_GEOMETRY
 10
-287.817
 20
-913.722
 40
24.183
 50
162.181
 51
180.0
  0
ARC
  8
APS_GEOMETRY
 10
-290.023
 20
-913.013
 40
21.865
 50
143.434
 51
162.181
  0
ARC
  8
APS_GEOMETRY
 10
-290.32
 20
-912.775
 40
21.485
 50
126.384
 51
143.471
  0
ARC
  8
APS_GEOMETRY
 10
-288.286
 20
-915.536
 40
24.914
 50
110.525
 51
126.384
  0
ARC
  8
APS_GEOMETRY
 10
-288.387
 20
-914.786
 40
24.177
 50
99.77
 51
110.925
  0
ARC
  8
APS_GEOMETRY
 10
-287.145
 20
-921.998
 40
31.496
 50
90.0
 51
99.77
  0
ARC
  8
APS_GEOMETRY
 10
-290.252
 20
-904.696
 40
4.807
 50
90.0
 51
119.604
  0
ARC
  8
APS_GEOMETRY
 10
-289.831
 20
-905.437
 40
5.659
 50
119.604
 51
146.842
  0
ARC
  8
APS_GEOMETRY
 10
-288.985
 20
-906.131
 40
6.748
 50
145.84
 51
164.055
  0
ARC
  8
APS_GEOMETRY
 10
-287.023
 20
-906.691
 40
8.788
 50
164.055
 51
180.0
  0
ARC
  8
APS_GEOMETRY
 10
-274.759
 20
-906.691
 40
21.053
 50
180.0
 51
189.977
  0
ARC
  8
APS_GEOMETRY
 10
-256.107
 20
-903.41
 40
39.991
 50
189.977
 51
197.211
  0
ARC
  8
APS_GEOMETRY
 10
-252.028
 20
-902.146
 40
44.261
 50
197.211
 51
203.76
  0
ARC
  8
APS_GEOMETRY
 10
-262.19
 20
-906.62
 40
33.157
 50
203.76
 51
211.329
  0
ARC
  8
APS_GEOMETRY
 10
-283.058
 20
-919.144
 40
8.821
 50
212.32
 51
224.441
  0
ARC
  8
APS_GEOMETRY
 10
-283.914
 20
-919.983
 40
7.623
 50
224.441
 51
237.484
  0
ARC
  8
APS_GEOMETRY
 10
-284.467
 20
-920.85
 40
6.595
 50
237.484
 51
252.416
  0
ARC
  8
APS_GEOMETRY
 10
-285.019
 20
-922.593
 40
4.766
 50
252.416
 51
270.0
  0
ARC
  8
APS_GEOMETRY
 10
-285.019
 20
-922.028
 40
5.331
 50
270.0
 51
294.953
  0
ARC
  8
APS_GEOMETRY
 10
-284.87
 20
-922.349
 40
4.977
 50
294.953
 51
320.793
  0
ARC
  8
APS_GEOMETRY
 10
-285.67
 20
-921.696
 40
6.011
 50
320.793
 51
342.777
  0
ARC
  8
APS_GEOMETRY
 10
-289.238
 20
-920.59
 40
9.746
 50
342.777
 51
0.0
  0
ARC
  8
APS_GEOMETRY
 10
-305.999
 20
-920.59
 40
26.507
 50
0.0
 51
8.499
  0
ARC
  8
APS_GEOMETRY
 10
-317.667
 20
-922.333
 40
38.304
 50
8.499
 51
15.566
  0
ARC
  8
APS_GEOMETRY
 10
-316.264
 20
-921.943
 40
36.848
 50
15.566
 51
22.909
  0
ARC
  8
APS_GEOMETRY
 10
-304.2
 20
-916.845
 40
23.751
 50
22.909
 51
32.057
  0
ARC
  8
APS_GEOMETRY
 10
-294.724
 20
-910.875
 40
12.552
 50
31.921
 51
42.51
  0
ARC
  8
APS_GEOMETRY
 10
-292.122
 20
-908.49
 40
9.022
 50
42.51
 51
55.008
  0
ARC
  8
APS_GEOMETRY
 10
-291.244
 20
-907.234
 40
7.489
 50
55.008
 51
69.88
  0
ARC
  8
APS_GEOMETRY
 10
-290.455
 20
-905.083
 40
5.198
 50
69.88
 51
87.754
  0
ARC
  8
APS_GEOMETRY
 10
-236.631
 20
-919.707
 40
2.42
 50
90.0
 51
115.837
  0
ARC
  8
APS_GEOMETRY
 10
-237.227
 20
-918.476
 40
1.053
 50
115.837
 51
155.462
  0
ARC
  8
APS_GEOMETRY
 10
-236.532
 20
-918.794
 40
1.817
 50
155.462
 51
168.366
  0
ARC
  8
APS_GEOMETRY
 10
-230.186
 20
-920.1
 40
8.296
 50
168.366
 51
174.395
  0
ARC
  8
APS_GEOMETRY
 10
-223.79
 20
-920.728
 40
14.722
 50
174.395
 51
177.813
  0
ARC
  8
APS_GEOMETRY
 10
-202.561
 20
-921.538
 40
35.966
 50
177.813
 51
180.0
  0
ARC
  8
APS_GEOMETRY
 10
-187.193
 20
-921.538
 40
51.335
 50
180.0
 51
184.62
  0
ARC
  8
APS_GEOMETRY
 10
-221.613
 20
-924.32
 40
16.803
 50
184.62
 51
192.7
  0
ARC
  8
APS_GEOMETRY
 10
-234.883
 20
-927.233
 40
3.218
 50
194.036
 51
205.821
  0
ARC
  8
APS_GEOMETRY
 10
-236.288
 20
-927.913
 40
1.656
 50
205.821
 51
222.274
  0
ARC
  8
APS_GEOMETRY
 10
-235.858
 20
-927.522
 40
2.238
 50
222.274
 51
234.605
  0
ARC
  8
APS_GEOMETRY
 10
-230.998
 20
-920.681
 40
10.63
 50
234.605
 51
240.255
  0
ARC
  8
APS_GEOMETRY
 10
-238.386
 20
-933.756
 40
4.389
 50
34.592
 51
61.189
  0
ARC
  8
APS_GEOMETRY
 10
-236.936
 20
-932.756
 40
2.627
 50
360.0
 51
34.592
  0
ARC
  8
APS_GEOMETRY
 10
-236.848
 20
-932.756
 40
2.539
 50
318.231
 51
360.0
  0
ARC
  8
APS_GEOMETRY
 10
-238.547
 20
-931.239
 40
4.816
 50
288.227
 51
318.231
  0
ARC
  8
APS_GEOMETRY
 10
-240.308
 20
-925.891
 40
10.446
 50
280.377
 51
288.227
  0
ARC
  8
APS_GEOMETRY
 10
-243.378
 20
-909.128
 40
27.489
 50
275.541
 51
280.377
  0
ARC
  8
APS_GEOMETRY
 10
-244.7
 20
-895.49
 40
41.19
 50
272.304
 51
275.541
  0
ARC
  8
APS_GEOMETRY
 10
-246.311
 20
-855.454
 40
81.259
 50
270.0
 51
272.304
  0
ARC
  8
APS_GEOMETRY
 10
-246.311
 20
-888.913
 40
47.8
 50
262.811
 51
270.0
  0
ARC
  8
APS_GEOMETRY
 10
-250.6
 20
-922.919
 40
13.524
 50
249.274
 51
262.811
  0
ARC
  8
APS_GEOMETRY
 10
-253.298
 20
-930.049
 40
5.901
 50
221.379
 51
249.274
  0
ARC
  8
APS_GEOMETRY
 10
-255.665
 20
-932.134
 40
2.747
 50
180.0
 51
221.379
  0
ARC
  8
APS_GEOMETRY
 10
-255.683
 20
-932.134
 40
2.728
 50
164.055
 51
180.0
  0
ARC
  8
APS_GEOMETRY
 10
-256.821
 20
-931.809
 40
1.546
 50
142.815
 51
164.055
  0
ARC
  8
APS_GEOMETRY
 10
-256.105
 20
-932.352
 40
2.444
 50
129.007
 51
142.815
  0
ARC
  8
APS_GEOMETRY
 10
-247.313
 20
-943.207
 40
16.412
 50
123.69
 51
129.007
  0
ARC
  8
APS_GEOMETRY
 10
-259.789
 20
-924.434
 40
6.128
 50
303.389
 51
319.022
  0
ARC
  8
APS_GEOMETRY
 10
-258.131
 20
-925.874
 40
3.932
 50
319.022
 51
338.575
  0
ARC
  8
APS_GEOMETRY
 10
-260.35
 20
-925.004
 40
6.316
 50
338.575
 51
351.049
  0
ARC
  8
APS_GEOMETRY
 10
-287.156
 20
-920.781
 40
33.452
 50
351.049
 51
356.46
  0
ARC
  8
APS_GEOMETRY
 10
-278.32
 20
-921.118
 40
24.613
 50
355.972
 51
358.68
  0
ARC
  8
APS_GEOMETRY
 10
-568.511
 20
-914.431
 40
314.881
 50
358.68
 51
359.437
  0
LINE
  8
APS_GEOMETRY
 10
-253.645
 11
-253.614
 20
-917.524
 21
-912.612
  0
LINE
  8
APS_GEOMETRY
 10
-253.614
 11
-253.604
 20
-912.612
 21
-906.201
  0
ARC
  8
APS_GEOMETRY
 10
-329.413
 20
-906.201
 40
75.809
 50
0.0
 51
1.717
  0
ARC
  8
APS_GEOMETRY
 10
-288.845
 20
-904.984
 40
35.223
 50
1.717
 51
4.236
  0
ARC
  8
APS_GEOMETRY
 10
-275.616
 20
-904.004
 40
21.957
 50
4.236
 51
8.269
  0
ARC
  8
APS_GEOMETRY
 10
-260.392
 20
-901.792
 40
6.573
 50
8.269
 51
15.642
  0
ARC
  8
APS_GEOMETRY
 10
-257.772
 20
-901.058
 40
3.853
 50
15.642
 51
39.417
  0
ARC
  8
APS_GEOMETRY
 10
-257.713
 20
-901.01
 40
3.776
 50
39.417
 51
63.435
  0
ARC
  8
APS_GEOMETRY
 10
-250.912
 20
-886.92
 40
11.869
 50
236.874
 51
244.486
  0
ARC
  8
APS_GEOMETRY
 10
-255.971
 20
-894.674
 40
2.611
 50
220.601
 51
236.874
  0
ARC
  8
APS_GEOMETRY
 10
-256.552
 20
-895.171
 40
1.847
 50
198.246
 51
220.601
  0
ARC
  8
APS_GEOMETRY
 10
-255.684
 20
-894.885
 40
2.761
 50
180.0
 51
198.246
  0
ARC
  8
APS_GEOMETRY
 10
-255.697
 20
-894.885
 40
2.748
 50
156.161
 51
180.0
  0
ARC
  8
APS_GEOMETRY
 10
-255.314
 20
-895.054
 40
3.167
 50
133.977
 51
156.161
  0
ARC
  8
APS_GEOMETRY
 10
-254.55
 20
-895.846
 40
4.266
 50
116.996
 51
133.977
  0
ARC
  8
APS_GEOMETRY
 10
-253.033
 20
-898.823
 40
7.608
 50
104.3
 51
116.996
  0
ARC
  8
APS_GEOMETRY
 10
-252.641
 20
-900.329
 40
9.164
 50
95.326
 51
104.349
  0
ARC
  8
APS_GEOMETRY
 10
-251.053
 20
-917.363
 40
26.272
 50
90.0
 51
95.326
  0
ARC
  8
APS_GEOMETRY
 10
-251.053
 20
-904.104
 40
13.013
 50
87.553
 51
90.0
  0
ARC
  8
APS_GEOMETRY
 10
-253.822
 20
-968.892
 40
77.86
 50
86.553
 51
87.553
  0
ARC
  8
APS_GEOMETRY
 10
-257.759
 20
-1034.239
 40
143.325
 50
86.009
 51
86.553
  0
ARC
  8
APS_GEOMETRY
 10
-273.066
 20
-1253.652
 40
363.271
 50
85.668
 51
86.009
  0
ARC
  8
APS_GEOMETRY
 10
-244.418
 20
-876.341
 40
15.125
 50
265.426
 51
268.531
  0
ARC
  8
APS_GEOMETRY
 10
-243.074
 20
-823.898
 40
67.586
 50
268.531
 51
270.0
  0
ARC
  8
APS_GEOMETRY
 10
-243.074
 20
-839.973
 40
51.511
 50
270.0
 51
271.637
  0
ARC
  8
APS_GEOMETRY
 10
-244.225
 20
-799.689
 40
91.812
 50
271.637
 51
272.862
  0
ARC
  8
APS_GEOMETRY
 10
-245.546
 20
-773.259
 40
118.274
 50
272.862
 51
273.814
  0
ARC
  8
APS_GEOMETRY
 10
-250.02
 20
-706.155
 40
185.527
 50
273.814
 51
274.574
  0
ARC
  8
APS_GEOMETRY
 10
-221.958
 20
-1071.146
 40
180.543
 50
93.72
 51
94.214
  0
ARC
  8
APS_GEOMETRY
 10
-227.947
 20
-979.028
 40
88.23
 50
93.013
 51
93.72
  0
ARC
  8
APS_GEOMETRY
 10
-229.589
 20
-947.832
 40
56.991
 50
91.918
 51
93.013
  0
ARC
  8
APS_GEOMETRY
 10
-230.875
 20
-909.417
 40
18.554
 50
90.0
 51
91.918
  0
ARC
  8
APS_GEOMETRY
 10
-230.875
 20
-914.971
 40
24.109
 50
73.82
 51
90.0
  0
ARC
  8
APS_GEOMETRY
 10
-228.499
 20
-906.782
 40
15.581
 50
53.658
 51
73.82
  0
ARC
  8
APS_GEOMETRY
 10
-225.119
 20
-902.162
 40
9.857
 50
26.03
 51
53.569
  0
ARC
  8
APS_GEOMETRY
 10
-226.156
 20
-902.669
 40
11.012
 50
360.0
 51
26.03
  0
ARC
  8
APS_GEOMETRY
 10
-226.588
 20
-902.669
 40
11.443
 50
345.282
 51
360.0
  0
ARC
  8
APS_GEOMETRY
 10
-225.487
 20
-902.958
 40
10.305
 50
329.767
 51
345.282
  0
ARC
  8
APS_GEOMETRY
 10
-224.864
 20
-903.321
 40
9.583
 50
313.168
 51
329.767
  0
ARC
  8
APS_GEOMETRY
 10
-224.633
 20
-903.567
 40
9.246
 50
296.267
 51
313.168
  0
ARC
  8
APS_GEOMETRY
 10
-219.369
 20
-914.201
 40
2.62
 50
116.565
 51
139.899
  0
ARC
  8
APS_GEOMETRY
 10
-220.676
 20
-913.101
 40
0.911
 50
139.899
 51
180.0
  0
ARC
  8
APS_GEOMETRY
 10
-220.575
 20
-913.101
 40
1.013
 50
180.0
 51
226.193
  0
ARC
  8
APS_GEOMETRY
 10
-218.704
 20
-911.15
 40
3.715
 50
226.193
 51
249.829
  0
ARC
  8
APS_GEOMETRY
 10
-224.065
 20
-925.912
 40
11.989
 50
53.249
 51
70.105
  0
ARC
  8
APS_GEOMETRY
 10
-221.63
 20
-922.651
 40
7.919
 50
32.471
 51
53.249
  0
ARC
  8
APS_GEOMETRY
 10
-222.765
 20
-923.373
 40
9.264
 50
23.305
 51
32.471
  0
ARC
  8
APS_GEOMETRY
 10
-229.775
 20
-926.393
 40
16.897
 50
16.521
 51
23.305
  0
ARC
  8
APS_GEOMETRY
 10
-235.24
 20
-928.014
 40
22.598
 50
11.429
 51
16.521
  0
ARC
  8
APS_GEOMETRY
 10
-250.73
 20
-931.145
 40
38.401
 50
7.524
 51
11.429
  0
ARC
  8
APS_GEOMETRY
 10
-199.402
 20
-924.309
 40
13.38
 50
187.765
 51
196.914
  0
ARC
  8
APS_GEOMETRY
 10
-210.345
 20
-927.637
 40
1.942
 50
196.914
 51
221.082
  0
ARC
  8
APS_GEOMETRY
 10
-210.304
 20
-927.601
 40
1.997
 50
221.082
 51
244.607
  0
ARC
  8
APS_GEOMETRY
 10
-205.63
 20
-917.755
 40
12.896
 50
244.607
 51
253.811
  0
ARC
  8
APS_GEOMETRY
 10
-209.739
 20
-931.765
 40
1.705
 50
51.45
 51
72.474
  0
ARC
  8
APS_GEOMETRY
 10
-210.161
 20
-932.295
 40
2.382
 50
33.69
 51
51.45
  0
ARC
  8
APS_GEOMETRY
 10
-210.259
 20
-932.36
 40
2.5
 50
16.639
 51
33.69
  0
ARC
  8
APS_GEOMETRY
 10
-210.379
 20
-932.396
 40
2.625
 50
360.0
 51
16.639
  0
ARC
  8
APS_GEOMETRY
 10
-210.415
 20
-932.396
 40
2.662
 50
338.993
 51
360.0
  0
ARC
  8
APS_GEOMETRY
 10
-212.041
 20
-931.772
 40
4.402
 50
322.696
 51
338.993
  0
ARC
  8
APS_GEOMETRY
 10
-212.646
 20
-931.311
 40
5.164
 50
308.603
 51
322.696
  0
ARC
  8
APS_GEOMETRY
 10
-213.063
 20
-930.789
 40
5.831
 50
295.346
 51
308.603
  0
ARC
  8
APS_GEOMETRY
 10
-215.254
 20
-925.963
 40
11.131
 50
279.583
 51
294.905
  0
ARC
  8
APS_GEOMETRY
 10
-218.121
 20
-908.981
 40
28.353
 50
270.0
 51
279.583
  0
ARC
  8
APS_GEOMETRY
 10
-218.121
 20
-916.663
 40
20.672
 50
261.247
 51
270.0
  0
ARC
  8
APS_GEOMETRY
 10
-219.445
 20
-925.263
 40
11.97
 50
249.737
 51
261.247
  0
ARC
  8
APS_GEOMETRY
 10
-220.315
 20
-927.621
 40
9.457
 50
235.345
 51
249.737
  0
ARC
  8
APS_GEOMETRY
 10
-221.415
 20
-929.211
 40
7.524
 50
219.198
 51
235.345
  0
ARC
  8
APS_GEOMETRY
 10
-219.102
 20
-927.239
 40
10.563
 50
209.076
 51
219.56
  0
ARC
  8
APS_GEOMETRY
 10
-213.761
 20
-924.269
 40
16.674
 50
200.735
 51
209.076
  0
ARC
  8
APS_GEOMETRY
 10
-206.391
 20
-921.479
 40
24.554
 50
197.881
 51
200.735
  0
ARC
  8
APS_GEOMETRY
 10
-176.11
 20
-911.709
 40
56.372
 50
195.997
 51
197.881
  0
ARC
  8
APS_GEOMETRY
 10
-153.728
 20
-905.293
 40
79.656
 50
194.664
 51
195.997
  0
ARC
  8
APS_GEOMETRY
 10
-91.733
 20
-889.07
 40
143.738
 50
193.671
 51
194.664
  0
ARC
  8
APS_GEOMETRY
 10
-248.943
 20
-927.29
 40
18.051
 50
13.61
 51
23.585
  0
ARC
  8
APS_GEOMETRY
 10
-237.124
 20
-922.131
 40
5.155
 50
23.585
 51
42.31
  0
ARC
  8
APS_GEOMETRY
 10
-236.052
 20
-921.155
 40
3.705
 50
42.31
 51
67.521
  0
ARC
  8
APS_GEOMETRY
 10
-236.9
 20
-923.205
 40
5.924
 50
67.521
 51
87.397
  0
LINE
  8
APS_GEOMETRY
 10
-238.495
 11
-238.855
 20
-900.608
 21
-908.228
  0
LINE
  8
APS_GEOMETRY
 10
-238.855
 11
-238.855
 20
-908.228
 21
-908.351
  0
LINE
  8
APS_GEOMETRY
 10
-238.855
 11
-238.855
 20
-908.351
 21
-908.522
  0
ARC
  8
APS_GEOMETRY
 10
-233.561
 20
-908.522
 40
5.294
 50
180.0
 51
192.339
  0
ARC
  8
APS_GEOMETRY
 10
-237.77
 20
-909.443
 40
0.986
 50
192.339
 51
221.186
  0
ARC
  8
APS_GEOMETRY
 10
-237.87
 20
-909.531
 40
0.852
 50
221.186
 51
253.872
  0
ARC
  8
APS_GEOMETRY
 10
-237.154
 20
-907.055
 40
3.429
 50
253.872
 51
270.0
  0
ARC
  8
APS_GEOMETRY
 10
-237.154
 20
-902.514
 40
7.971
 50
270.0
 51
289.569
  0
ARC
  8
APS_GEOMETRY
 10
-235.705
 20
-906.591
 40
3.644
 50
289.569
 51
318.681
  0
ARC
  8
APS_GEOMETRY
 10
-236.097
 20
-906.246
 40
4.166
 50
318.681
 51
344.628
  0
ARC
  8
APS_GEOMETRY
 10
-243.4
 20
-904.238
 40
11.74
 50
344.628
 51
0.0
  0
ARC
  8
APS_GEOMETRY
 10
-239.928
 20
-904.238
 40
8.268
 50
0.0
 51
35.369
  0
ARC
  8
APS_GEOMETRY
 10
-236.141
 20
-901.55
 40
3.623
 50
35.369
 51
90.0
  0
ARC
  8
APS_GEOMETRY
 10
-236.141
 20
-901.589
 40
3.663
 50
90.0
 51
108.435
  0
ARC
  8
APS_GEOMETRY
 10
-236.853
 20
-899.452
 40
1.409
 50
108.435
 51
138.366
  0
ARC
  8
APS_GEOMETRY
 10
-236.662
 20
-899.622
 40
1.665
 50
138.366
 51
164.291
  0
ARC
  8
APS_GEOMETRY
 10
-232.177
 20
-900.883
 40
6.324
 50
164.291
 51
177.51
  0
LINE
  8
APS_GEOMETRY
 10
-180.276
 11
-163.99
 20
-892.988
 21
-907.247
  0
ARC
  8
APS_GEOMETRY
 10
-148.758
 20
-889.768
 40
23.185
 50
228.93
 51
232.674
  0
ARC
  8
APS_GEOMETRY
 10
-157.232
 20
-900.881
 40
9.21
 50
232.674
 51
238.617
  0
ARC
  8
APS_GEOMETRY
 10
-159.364
 20
-904.376
 40
5.116
 50
238.617
 51
249.131
  0
ARC
  8
APS_GEOMETRY
 10
-160.72
 20
-907.933
 40
1.309
 50
249.131
 51
270.0
  0
ARC
  8
APS_GEOMETRY
 10
-160.72
 20
-908.094
 40
1.148
 50
270.0
 51
334.898
  0
ARC
  8
APS_GEOMETRY
 10
-166.018
 20
-905.612
 40
6.999
 50
334.898
 51
0.0
  0
ARC
  8
APS_GEOMETRY
 10
-217.249
 20
-905.612
 40
58.23
 50
0.0
 51
2.026
  0
ARC
  8
APS_GEOMETRY
 10
-186.362
 20
-904.519
 40
27.324
 50
2.026
 51
4.984
  0
ARC
  8
APS_GEOMETRY
 10
-176.263
 20
-903.638
 40
17.186
 50
4.984
 51
9.673
  0
ARC
  8
APS_GEOMETRY
 10
-164.624
 20
-901.654
 40
5.379
 50
9.673
 51
18.06
  0
ARC
  8
APS_GEOMETRY
 10
-162.852
 20
-901.077
 40
3.515
 50
18.06
 51
42.397
  0
ARC
  8
APS_GEOMETRY
 10
-163.424
 20
-901.599
 40
4.29
 50
42.397
 51
64.398
  0
ARC
  8
APS_GEOMETRY
 10
-158.2
 20
-890.813
 40
7.695
 50
233.633
 51
244.026
  0
ARC
  8
APS_GEOMETRY
 10
-161.045
 20
-894.677
 40
2.896
 50
216.656
 51
233.633
  0
ARC
  8
APS_GEOMETRY
 10
-161.481
 20
-895.001
 40
2.353
 50
196.082
 51
216.656
  0
ARC
  8
APS_GEOMETRY
 10
-160.057
 20
-894.591
 40
3.835
 50
180.0
 51
196.082
  0
ARC
  8
APS_GEOMETRY
 10
-161.104
 20
-894.591
 40
2.788
 50
133.202
 51
180.0
  0
ARC
  8
APS_GEOMETRY
 10
-158.905
 20
-896.932
 40
6.0
 50
101.788
 51
133.202
  0
ARC
  8
APS_GEOMETRY
 10
-158.393
 20
-899.229
 40
8.353
 50
96.633
 51
102.011
  0
ARC
  8
APS_GEOMETRY
 10
-156.534
 20
-915.218
 40
24.449
 50
93.489
 51
96.633
  0
ARC
  8
APS_GEOMETRY
 10
-155.737
 20
-928.276
 40
37.532
 50
91.439
 51
93.489
  0
ARC
  8
APS_GEOMETRY
 10
-154.768
 20
-966.87
 40
76.138
 50
90.0
 51
91.439
  0
ARC
  8
APS_GEOMETRY
 10
-154.768
 20
-961.696
 40
70.964
 50
87.994
 51
90.0
  0
ARC
  8
APS_GEOMETRY
 10
-153.478
 20
-924.855
 40
34.101
 50
85.101
 51
87.994
  0
ARC
  8
APS_GEOMETRY
 10
-152.43
 20
-912.639
 40
21.84
 50
80.595
 51
85.101
  0
ARC
  8
APS_GEOMETRY
 10
-150.043
 20
-898.225
 40
7.23
 50
72.759
 51
80.595
  0
ARC
  8
APS_GEOMETRY
 10
-149.32
 20
-895.985
 40
4.876
 50
40.956
 51
73.072
  0
ARC
  8
APS_GEOMETRY
 10
-147.939
 20
-894.787
 40
3.048
 50
360.0
 51
40.956
  0
ARC
  8
APS_GEOMETRY
 10
-147.756
 20
-894.787
 40
2.865
 50
322.573
 51
360.0
  0
ARC
  8
APS_GEOMETRY
 10
-149.261
 20
-893.635
 40
4.76
 50
293.749
 51
322.573
  0
ARC
  8
APS_GEOMETRY
 10
-143.217
 20
-907.516
 40
10.38
 50
113.429
 51
119.291
  0
ARC
  8
APS_GEOMETRY
 10
-147.256
 20
-900.316
 40
2.124
 50
119.291
 51
132.274
  0
ARC
  8
APS_GEOMETRY
 10
-147.489
 20
-900.06
 40
1.778
 50
132.274
 51
147.653
  0
ARC
  8
APS_GEOMETRY
 10
-145.807
 20
-901.125
 40
3.769
 50
147.653
 51
158.199
  0
ARC
  8
APS_GEOMETRY
 10
-143.247
 20
-902.204
 40
6.546
 50
157.751
 51
167.885
  0
ARC
  8
APS_GEOMETRY
 10
-129.627
 20
-905.128
 40
20.477
 50
167.885
 51
173.61
  0
ARC
  8
APS_GEOMETRY
 10
-117.581
 20
-906.477
 40
32.599
 50
173.61
 51
177.221
  0
ARC
  8
APS_GEOMETRY
 10
-80.425
 20
-908.28
 40
69.798
 50
177.221
 51
179.689
  0
LINE
  8
APS_GEOMETRY
 10
-150.222
 11
-150.222
 20
-907.901
 21
-918.562
  0
ARC
  8
APS_GEOMETRY
 10
285.143
 20
-918.562
 40
435.365
 50
180.0
 51
180.161
  0
ARC
  8
APS_GEOMETRY
 10
662.963
 20
-917.498
 40
813.186
 50
180.161
 51
180.279
  0
LINE
  8
APS_GEOMETRY
 10
-150.214
 11
-150.204
 20
-921.465
 21
-923.253
  0
LINE
  8
APS_GEOMETRY
 10
-150.204
 11
-150.189
 20
-923.253
 21
-925.267
  0
ARC
  8
APS_GEOMETRY
 10
-227.873
 20
-925.708
 40
77.685
 50
358.204
 51
0.326
  0
ARC
  8
APS_GEOMETRY
 10
-190.919
 20
-926.867
 40
40.713
 50
355.274
 51
358.204
  0
ARC
  8
APS_GEOMETRY
 10
-178.056
 20
-927.93
 40
27.806
 50
350.991
 51
355.274
  0
ARC
  8
APS_GEOMETRY
 10
-161.678
 20
-930.527
 40
11.223
 50
344.249
 51
350.991
  0
ARC
  8
APS_GEOMETRY
 10
-156.142
 20
-932.108
 40
5.466
 50
314.415
 51
344.445
  0
ARC
  8
APS_GEOMETRY
 10
-154.114
 20
-934.178
 40
2.568
 50
270.0
 51
314.415
  0
ARC
  8
APS_GEOMETRY
 10
-154.114
 20
-932.586
 40
4.16
 50
256.342
 51
270.0
  0
ARC
  8
APS_GEOMETRY
 10
-154.41
 20
-933.805
 40
2.905
 50
239.982
 51
256.342
  0
ARC
  8
APS_GEOMETRY
 10
-153.116
 20
-931.565
 40
5.492
 50
231.153
 51
239.982
  0
ARC
  8
APS_GEOMETRY
 10
-131.367
 20
-904.56
 40
40.166
 50
227.891
 51
231.153
  0
LINE
  8
APS_GEOMETRY
 10
-158.3
 11
-177.693
 20
-934.358
 21
-916.993
  0
ARC
  8
APS_GEOMETRY
 10
-185.164
 20
-925.264
 40
11.146
 50
47.911
 51
61.468
  0
ARC
  8
APS_GEOMETRY
 10
-181.061
 20
-917.718
 40
2.557
 50
61.468
 51
90.0
  0
ARC
  8
APS_GEOMETRY
 10
-181.061
 20
-916.282
 40
1.12
 50
90.0
 51
133.195
  0
ARC
  8
APS_GEOMETRY
 10
-179.957
 20
-917.457
 40
2.733
 50
133.195
 51
160.454
  0
ARC
  8
APS_GEOMETRY
 10
-176.413
 20
-918.716
 40
6.494
 50
160.454
 51
173.251
  0
ARC
  8
APS_GEOMETRY
 10
-159.746
 20
-920.688
 40
23.278
 50
173.251
 51
180.0
  0
ARC
  8
APS_GEOMETRY
 10
-114.405
 20
-920.688
 40
68.618
 50
180.0
 51
181.897
  0
ARC
  8
APS_GEOMETRY
 10
-150.748
 20
-921.892
 40
32.255
 50
181.897
 51
184.664
  0
ARC
  8
APS_GEOMETRY
 10
-162.66
 20
-922.864
 40
20.304
 50
184.664
 51
189.048
  0
ARC
  8
APS_GEOMETRY
 10
-176.461
 20
-925.061
 40
6.329
 50
189.048
 51
196.905
  0
ARC
  8
APS_GEOMETRY
 10
-178.652
 20
-925.727
 40
4.04
 50
196.905
 51
220.253
  0
ARC
  8
APS_GEOMETRY
 10
-178.608
 20
-925.69
 40
4.097
 50
220.253
 51
243.435
  0
ARC
  8
APS_GEOMETRY
 10
-182.605
 20
-933.751
 40
4.901
 50
37.921
 51
63.778
  0
ARC
  8
APS_GEOMETRY
 10
-180.572
 20
-932.167
 40
2.324
 50
360.0
 51
37.921
  0
ARC
  8
APS_GEOMETRY
 10
-181.476
 20
-932.167
 40
3.227
 50
324.268
 51
360.0
  0
ARC
  8
APS_GEOMETRY
 10
-182.684
 20
-931.298
 40
4.715
 50
294.86
 51
324.268
  0
ARC
  8
APS_GEOMETRY
 10
-184.681
 20
-926.989
 40
9.465
 50
278.78
 51
294.86
  0
ARC
  8
APS_GEOMETRY
 10
-188.06
 20
-905.109
 40
31.604
 50
270.0
 51
278.78
  0
ARC
  8
APS_GEOMETRY
 10
-188.06
 20
-910.78
 40
25.933
 50
260.383
 51
270.0
  0
ARC
  8
APS_GEOMETRY
 10
-190.793
 20
-926.909
 40
9.574
 50
244.522
 51
260.383
  0
ARC
  8
APS_GEOMETRY
 10
-192.772
 20
-931.063
 40
4.972
 50
216.549
 51
244.522
  0
ARC
  8
APS_GEOMETRY
 10
-194.394
 20
-932.265
 40
2.954
 50
180.0
 51
216.549
  0
ARC
  8
APS_GEOMETRY
 10
-193.341
 20
-932.265
 40
4.007
 50
164.65
 51
180.0
  0
ARC
  8
APS_GEOMETRY
 10
-195.626
 20
-931.638
 40
1.637
 50
140.528
 51
164.65
  0
ARC
  8
APS_GEOMETRY
 10
-194.702
 20
-932.399
 40
2.835
 50
126.135
 51
140.528
  0
ARC
  8
APS_GEOMETRY
 10
-185.047
 20
-945.622
 40
19.207
 50
120.619
 51
126.135
  0
ARC
  8
APS_GEOMETRY
 10
-196.493
 20
-926.3
 40
3.251
 50
300.784
 51
330.068
  0
ARC
  8
APS_GEOMETRY
 10
-198.659
 20
-925.053
 40
5.749
 50
330.068
 51
351.983
  0
ARC
  8
APS_GEOMETRY
 10
-235.021
 20
-920.313
 40
42.42
 50
352.493
 51
355.365
  0
ARC
  8
APS_GEOMETRY
 10
-278.884
 20
-916.757
 40
86.427
 50
355.365
 51
357.376
  0
ARC
  8
APS_GEOMETRY
 10
-309.597
 20
-915.349
 40
117.171
 50
357.376
 51
358.861
  0
ARC
  8
APS_GEOMETRY
 10
-391.423
 20
-913.722
 40
199.014
 50
358.861
 51
0.0
  0
ARC
  8
APS_GEOMETRY
 10
-317.834
 20
-913.722
 40
125.424
 50
360.0
 51
1.926
  0
ARC
  8
APS_GEOMETRY
 10
-259.447
 20
-911.759
 40
67.005
 50
1.926
 51
4.562
  0
ARC
  8
APS_GEOMETRY
 10
-238.86
 20
-910.116
 40
46.352
 50
4.562
 51
8.366
  0
ARC
  8
APS_GEOMETRY
 10
-212.084
 20
-906.178
 40
19.288
 50
8.366
 51
14.265
  0
ARC
  8
APS_GEOMETRY
 10
-201.959
 20
-903.618
 40
8.844
 50
14.349
 51
23.629
  0
ARC
  8
APS_GEOMETRY
 10
-196.825
 20
-901.371
 40
3.24
 50
23.629
 51
38.991
  0
ARC
  8
APS_GEOMETRY
 10
-196.805
 20
-901.356
 40
3.215
 50
38.991
 51
54.462
  0
ARC
  8
APS_GEOMETRY
 10
-199.81
 20
-905.562
 40
8.384
 50
54.462
 51
64.026
  0
ARC
  8
APS_GEOMETRY
 10
-191.332
 20
-888.194
 40
10.942
 50
235.472
 51
243.947
  0
ARC
  8
APS_GEOMETRY
 10
-195.711
 20
-894.56
 40
3.216
 50
219.806
 51
235.472
  0
ARC
  8
APS_GEOMETRY
 10
-196.374
 20
-895.112
 40
2.353
 50
198.939
 51
219.806
  0
ARC
  8
APS_GEOMETRY
 10
-195.903
 20
-894.951
 40
2.851
 50
180.0
 51
198.939
  0
ARC
  8
APS_GEOMETRY
 10
-196.042
 20
-894.951
 40
2.712
 50
126.254
 51
180.0
  0
ARC
  8
APS_GEOMETRY
 10
-191.903
 20
-900.595
 40
9.711
 50
98.616
 51
126.254
  0
ARC
  8
APS_GEOMETRY
 10
-191.32
 20
-905.258
 40
14.41
 50
94.456
 51
98.13
  0
ARC
  8
APS_GEOMETRY
 10
-189.072
 20
-934.11
 40
43.349
 50
92.337
 51
94.456
  0
ARC
  8
APS_GEOMETRY
 10
-188.113
 20
-957.589
 40
66.847
 50
90.963
 51
92.337
  0
ARC
  8
APS_GEOMETRY
 10
-186.948
 20
-1026.938
 40
136.206
 50
90.0
 51
90.963
  0
ARC
  8
APS_GEOMETRY
 10
-186.948
 20
-915.554
 40
24.822
 50
83.928
 51
90.0
  0
ARC
  8
APS_GEOMETRY
 10
-184.912
 20
-896.416
 40
5.577
 50
71.095
 51
83.928
  0
ARC
  8
APS_GEOMETRY
 10
-184.726
 20
-895.873
 40
5.003
 50
56.848
 51
71.095
  0
ARC
  8
APS_GEOMETRY
 10
-190.229
 20
-904.298
 40
15.065
 50
48.652
 51
56.848
  0
ARC
  8
APS_GEOMETRY
 10
-121.469
 20
-931.339
 40
40.608
 50
84.71
 51
90.0
  0
ARC
  8
APS_GEOMETRY
 10
-120.725
 20
-923.299
 40
32.533
 50
78.799
 51
84.71
  0
ARC
  8
APS_GEOMETRY
 10
-115.908
 20
-898.956
 40
7.718
 50
49.783
 51
78.771
  0
ARC
  8
APS_GEOMETRY
 10
-112.687
 20
-895.147
 40
2.729
 50
360.0
 51
49.783
  0
ARC
  8
APS_GEOMETRY
 10
-112.977
 20
-895.147
 40
3.02
 50
342.759
 51
360.0
  0
ARC
  8
APS_GEOMETRY
 10
-111.402
 20
-895.636
 40
1.37
 50
317.045
 51
342.759
  0
ARC
  8
APS_GEOMETRY
 10
-112.163
 20
-894.927
 40
2.41
 50
301.817
 51
317.045
  0
ARC
  8
APS_GEOMETRY
 10
-123.419
 20
-876.785
 40
23.76
 50
296.98
 51
301.817
  0
ARC
  8
APS_GEOMETRY
 10
-111.417
 20
-900.404
 40
2.733
 50
116.565
 51
149.078
  0
ARC
  8
APS_GEOMETRY
 10
-107.898
 20
-902.512
 40
6.835
 50
149.078
 51
169.469
  0
ARC
  8
APS_GEOMETRY
 10
-100.394
 20
-903.907
 40
14.468
 50
169.469
 51
174.598
  0
ARC
  8
APS_GEOMETRY
 10
-61.729
 20
-907.563
 40
53.304
 50
174.598
 51
177.269
  0
ARC
  8
APS_GEOMETRY
 10
-27.732
 20
-909.184
 40
87.341
 50
177.269
 51
178.901
  0
ARC
  8
APS_GEOMETRY
 10
77.575
 20
-911.204
 40
192.667
 50
178.901
 51
180.0
  0
ARC
  8
APS_GEOMETRY
 10
291.565
 20
-911.204
 40
406.657
 50
180.0
 51
180.88
  0
ARC
  8
APS_GEOMETRY
 10
41.045
 20
-915.052
 40
156.107
 50
180.88
 51
182.3
  0
ARC
  8
APS_GEOMETRY
 10
-32.181
 20
-917.993
 40
82.823
 50
182.3
 51
184.974
  0
ARC
  8
APS_GEOMETRY
 10
-102.001
 20
-924.069
 40
12.738
 50
184.974
 51
191.793
  0
ARC
  8
APS_GEOMETRY
 10
-110.112
 20
-925.621
 40
4.484
 50
193.57
 51
205.787
  0
ARC
  8
APS_GEOMETRY
 10
-112.129
 20
-926.595
 40
2.244
 50
205.787
 51
223.091
  0
ARC
  8
APS_GEOMETRY
 10
-111.617
 20
-926.117
 40
2.944
 50
223.091
 51
236.441
  0
ARC
  8
APS_GEOMETRY
 10
-107.334
 20
-919.66
 40
10.693
 50
236.441
 51
243.435
  0
ARC
  8
APS_GEOMETRY
 10
-113.891
 20
-933.13
 40
4.291
 50
37.185
 51
65.556
  0
ARC
  8
APS_GEOMETRY
 10
-112.493
 20
-932.069
 40
2.535
 50
360.0
 51
37.185
  0
ARC
  8
APS_GEOMETRY
 10
-112.569
 20
-932.069
 40
2.612
 50
312.039
 51
360.0
  0
ARC
  8
APS_GEOMETRY
 10
-115.68
 20
-928.619
 40
7.258
 50
283.815
 51
312.039
  0
ARC
  8
APS_GEOMETRY
 10
-120.821
 20
-907.313
 40
29.174
 50
279.273
 51
283.627
  0
ARC
  8
APS_GEOMETRY
 10
-122.875
 20
-894.728
 40
41.926
 50
275.641
 51
279.273
  0
ARC
  8
APS_GEOMETRY
 10
-123.661
 20
-886.774
 40
49.919
 50
272.588
 51
275.641
  0
ARC
  8
APS_GEOMETRY
 10
-124.543
 20
-867.257
 40
69.456
 50
270.0
 51
272.588
  0
ARC
  8
APS_GEOMETRY
 10
-124.543
 20
-894.819
 40
41.894
 50
262.774
 51
270.0
  0
ARC
  8
APS_GEOMETRY
 10
-128.32
 20
-924.607
 40
11.868
 50
249.175
 51
262.774
  0
ARC
  8
APS_GEOMETRY
 10
-130.693
 20
-930.844
 40
5.194
 50
221.23
 51
249.175
  0
ARC
  8
APS_GEOMETRY
 10
-132.762
 20
-932.658
 40
2.443
 50
180.0
 51
221.23
  0
ARC
  8
APS_GEOMETRY
 10
-133.163
 20
-932.658
 40
2.041
 50
142.696
 51
180.0
  0
ARC
  8
APS_GEOMETRY
 10
-129.942
 20
-935.112
 40
6.091
 50
121.357
 51
142.696
  0
ARC
  8
APS_GEOMETRY
 10
-135.385
 20
-926.197
 40
4.354
 50
301.477
 51
324.728
  0
ARC
  8
APS_GEOMETRY
 10
-134.805
 20
-926.608
 40
3.643
 50
324.728
 51
350.181
  0
ARC
  8
APS_GEOMETRY
 10
-153.045
 20
-923.59
 40
22.132
 50
350.538
 51
355.423
  0
ARC
  8
APS_GEOMETRY
 10
-227.998
 20
-917.59
 40
97.324
 50
355.423
 51
357.752
  0
ARC
  8
APS_GEOMETRY
 10
-297.591
 20
-914.858
 40
166.971
 50
357.752
 51
359.111
  0
ARC
  8
APS_GEOMETRY
 10
-520.338
 20
-911.4
 40
389.744
 50
359.111
 51
0.0
  0
ARC
  8
APS_GEOMETRY
 10
-265.817
 20
-911.4
 40
135.223
 50
0.0
 51
1.773
  0
ARC
  8
APS_GEOMETRY
 10
-186.457
 20
-908.944
 40
55.825
 50
1.773
 51
4.532
  0
ARC
  8
APS_GEOMETRY
 10
-162.336
 20
-907.032
 40
31.629
 50
4.532
 51
9.384
  0
ARC
  8
APS_GEOMETRY
 10
-137.842
 20
-902.984
 40
6.803
 50
9.384
 51
19.855
  0
ARC
  8
APS_GEOMETRY
 10
-134.601
 20
-901.752
 40
3.336
 50
18.853
 51
42.158
  0
ARC
  8
APS_GEOMETRY
 10
-137.379
 20
-904.267
 40
7.084
 50
42.158
 51
58.092
  0
ARC
  8
APS_GEOMETRY
 10
-125.15
 20
-885.37
 40
15.426
 50
230.711
 51
236.634
  0
ARC
  8
APS_GEOMETRY
 10
-132.832
 20
-894.759
 40
3.296
 50
217.875
 51
230.711
  0
ARC
  8
APS_GEOMETRY
 10
-133.885
 20
-895.578
 40
1.962
 50
196.928
 51
217.875
  0
ARC
  8
APS_GEOMETRY
 10
-132.899
 20
-895.278
 40
2.992
 50
180.0
 51
196.928
  0
ARC
  8
APS_GEOMETRY
 10
-133.544
 20
-895.278
 40
2.347
 50
148.791
 51
180.0
  0
ARC
  8
APS_GEOMETRY
 10
-132.928
 20
-895.65
 40
3.067
 50
121.569
 51
148.791
  0
ARC
  8
APS_GEOMETRY
 10
-131.823
 20
-897.449
 40
5.178
 50
112.806
 51
121.569
  0
ARC
  8
APS_GEOMETRY
 10
-128.836
 20
-904.554
 40
12.885
 50
107.254
 51
112.806
  0
ARC
  8
APS_GEOMETRY
 10
-127.006
 20
-910.445
 40
19.054
 50
103.487
 51
107.254
  0
ARC
  8
APS_GEOMETRY
 10
-122.816
 20
-927.918
 40
37.022
 50
100.784
 51
103.487
  0
ARC
  8
APS_GEOMETRY
 10
-121.503
 20
-932.749
 40
42.015
 50
95.643
 51
101.31
  0
ARC
  8
APS_GEOMETRY
 10
-121.469
 20
-933.094
 40
42.362
 50
90.0
 51
95.643
  0
ARC
  8
APS_GEOMETRY
 10
-80.799
 20
-911.767
 40
21.264
 50
77.257
 51
90.0
  0
ARC
  8
APS_GEOMETRY
 10
-81.015
 20
-912.722
 40
22.243
 50
64.799
 51
77.257
  0
ARC
  8
APS_GEOMETRY
 10
-62.697
 20
-873.723
 40
20.843
 50
244.885
 51
251.175
  0
ARC
  8
APS_GEOMETRY
 10
-68.666
 20
-891.231
 40
2.346
 50
251.175
 51
270.0
  0
ARC
  8
APS_GEOMETRY
 10
-68.666
 20
-889.771
 40
3.806
 50
270.0
 51
278.82
  0
ARC
  8
APS_GEOMETRY
 10
-71.125
 20
-873.923
 40
19.844
 50
278.82
 51
282.68
  0
ARC
  8
APS_GEOMETRY
 10
-65.98
 20
-896.704
 40
3.511
 50
95.906
 51
102.995
  0
ARC
  8
APS_GEOMETRY
 10
-65.821
 20
-898.24
 40
5.055
 50
90.0
 51
95.906
  0
ARC
  8
APS_GEOMETRY
 10
-65.821
 20
-896.54
 40
3.356
 50
62.447
 51
90.0
  0
ARC
  8
APS_GEOMETRY
 10
-66.417
 20
-897.684
 40
4.645
 50
39.094
 51
62.447
  0
ARC
  8
APS_GEOMETRY
 10
-72.652
 20
-902.897
 40
12.772
 50
18.435
 51
39.611
  0
ARC
  8
APS_GEOMETRY
 10
-76.478
 20
-904.173
 40
16.806
 50
360.0
 51
18.435
  0
ARC
  8
APS_GEOMETRY
 10
-68.006
 20
-904.173
 40
8.333
 50
334.877
 51
360.0
  0
ARC
  8
APS_GEOMETRY
 10
-65.499
 20
-905.348
 40
5.565
 50
304.007
 51
334.877
  0
ARC
  8
APS_GEOMETRY
 10
-65.541
 20
-905.231
 40
5.686
 50
286.39
 51
303.69
  0
ARC
  8
APS_GEOMETRY
 10
-65.723
 20
-904.612
 40
6.33
 50
270.0
 51
286.39
  0
ARC
  8
APS_GEOMETRY
 10
-65.723
 20
-904.686
 40
6.257
 50
255.155
 51
270.0
  0
ARC
  8
APS_GEOMETRY
 10
-66.408
 20
-907.272
 40
3.581
 50
235.491
 51
255.155
  0
ARC
  8
APS_GEOMETRY
 10
-66.064
 20
-906.771
 40
4.189
 50
218.48
 51
235.491
  0
ARC
  8
APS_GEOMETRY
 10
-60.443
 20
-902.304
 40
11.369
 50
208.179
 51
218.48
  0
ARC
  8
APS_GEOMETRY
 10
-118.068
 20
-933.583
 40
54.198
 50
28.56
 51
31.664
  0
ARC
  8
APS_GEOMETRY
 10
-82.855
 20
-911.866
 40
12.827
 50
31.664
 51
38.047
  0
ARC
  8
APS_GEOMETRY
 10
-80.295
 20
-909.862
 40
9.576
 50
38.047
 51
46.56
  0
ARC
  8
APS_GEOMETRY
 10
-81.626
 20
-911.268
 40
11.512
 50
46.56
 51
54.324
  0
ARC
  8
APS_GEOMETRY
 10
-82.394
 20
-912.589
 40
13.034
 50
54.968
 51
71.48
  0
ARC
  8
APS_GEOMETRY
 10
-81.551
 20
-910.072
 40
10.38
 50
71.48
 51
90.0
  0
ARC
  8
APS_GEOMETRY
 10
-81.551
 20
-906.943
 40
7.251
 50
90.0
 51
114.63
  0
ARC
  8
APS_GEOMETRY
 10
-81.915
 20
-906.149
 40
6.377
 50
114.63
 51
140.921
  0
ARC
  8
APS_GEOMETRY
 10
-80.839
 20
-907.023
 40
7.763
 50
140.921
 51
163.13
  0
ARC
  8
APS_GEOMETRY
 10
-75.462
 20
-908.653
 40
13.382
 50
163.13
 51
180.0
  0
ARC
  8
APS_GEOMETRY
 10
-68.489
 20
-908.653
 40
20.355
 50
180.0
 51
195.44
  0
ARC
  8
APS_GEOMETRY
 10
-69.547
 20
-908.946
 40
19.258
 50
195.44
 51
211.316
  0
ARC
  8
APS_GEOMETRY
 10
-74.636
 20
-911.935
 40
13.357
 50
211.708
 51
240.457
  0
ARC
  8
APS_GEOMETRY
 10
-74.978
 20
-912.538
 40
12.663
 50
240.457
 51
270.0
  0
ARC
  8
APS_GEOMETRY
 10
-74.978
 20
-909.451
 40
15.751
 50
270.0
 51
279.549
  0
ARC
  8
APS_GEOMETRY
 10
-75.174
 20
-908.287
 40
16.931
 50
279.549
 51
288.759
  0
ARC
  8
APS_GEOMETRY
 10
-74.348
 20
-910.717
 40
14.364
 50
288.759
 51
299.545
  0
ARC
  8
APS_GEOMETRY
 10
-71.039
 20
-916.556
 40
7.652
 50
299.545
 51
314.341
  0
ARC
  8
APS_GEOMETRY
 10
-60.803
 20
-927.187
 40
7.105
 50
120.141
 51
133.452
  0
ARC
  8
APS_GEOMETRY
 10
-63.662
 20
-922.263
 40
1.412
 50
90.0
 51
120.141
  0
ARC
  8
APS_GEOMETRY
 10
-63.662
 20
-923.081
 40
2.23
 50
61.952
 51
90.0
  0
ARC
  8
APS_GEOMETRY
 10
-63.994
 20
-923.705
 40
2.936
 50
37.569
 51
61.952
  0
ARC
  8
APS_GEOMETRY
 10
-64.614
 20
-924.181
 40
3.717
 50
17.665
 51
37.569
  0
ARC
  8
APS_GEOMETRY
 10
-65.558
 20
-924.482
 40
4.709
 50
360.0
 51
17.665
  0
ARC
  8
APS_GEOMETRY
 10
-67.93
 20
-924.482
 40
7.081
 50
344.932
 51
360.0
  0
ARC
  8
APS_GEOMETRY
 10
-74.228
 20
-922.786
 40
13.603
 50
334.075
 51
344.932
  0
ARC
  8
APS_GEOMETRY
 10
-74.426
 20
-922.69
 40
13.823
 50
323.374
 51
334.075
  0
ARC
  8
APS_GEOMETRY
 10
-70.363
 20
-925.711
 40
8.76
 50
309.92
 51
323.374
  0
ARC
  8
APS_GEOMETRY
 10
-66.302
 20
-930.502
 40
2.48
 50
289.026
 51
308.991
  0
ARC
  8
APS_GEOMETRY
 10
-70.635
 20
-917.936
 40
15.771
 50
281.143
 51
289.026
  0
ARC
  8
APS_GEOMETRY
 10
-66.241
 20
-940.717
 40
7.431
 50
100.437
 51
110.12
  0
ARC
  8
APS_GEOMETRY
 10
-60.419
 20
-956.608
 40
24.353
 50
110.12
 51
115.463
  0
ARC
  8
APS_GEOMETRY
 10
-81.201
 20
-913.127
 40
23.838
 50
282.94
 51
295.628
  0
ARC
  8
APS_GEOMETRY
 10
-80.995
 20
-914.021
 40
22.921
 50
270.0
 51
282.94
  0
ARC
  8
APS_GEOMETRY
 10
-80.995
 20
-912.667
 40
24.275
 50
257.307
 51
270.0
  0
ARC
  8
APS_GEOMETRY
 10
-79.97
 20
-908.117
 40
28.939
 50
245.686
 51
257.307
  0
ARC
  8
APS_GEOMETRY
 10
-82.541
 20
-913.759
 40
22.739
 50
228.801
 51
245.735
  0
ARC
  8
APS_GEOMETRY
 10
-82.498
 20
-913.71
 40
22.805
 50
211.891
 51
228.801
  0
ARC
  8
APS_GEOMETRY
 10
-81.15
 20
-912.74
 40
24.462
 50
196.728
 51
212.152
  0
ARC
  8
APS_GEOMETRY
 10
-84.638
 20
-913.788
 40
20.82
 50
180.0
 51
196.728
  0
ARC
  8
APS_GEOMETRY
 10
-84.13
 20
-913.788
 40
21.327
 50
161.184
 51
180.0
  0
ARC
  8
APS_GEOMETRY
 10
-82.762
 20
-914.254
 40
22.773
 50
142.98
 51
161.184
  0
ARC
  8
APS_GEOMETRY
 10
-81.698
 20
-915.068
 40
24.112
 50
127.824
 51
142.958
  0
ARC
  8
APS_GEOMETRY
 10
-79.944
 20
-917.328
 40
26.973
 50
113.52
 51
127.824
  0
ARC
  8
APS_GEOMETRY
 10
-80.515
 20
-916.008
 40
25.535
 50
101.927
 51
113.527
  0
ARC
  8
APS_GEOMETRY
 10
-80.799
 20
-914.664
 40
24.161
 50
90.0
 51
101.927
  0
ARC
  8
APS_GEOMETRY
 10
-36.25
 20
-931.339
 40
40.608
 50
84.71
 51
90.0
  0
ARC
  8
APS_GEOMETRY
 10
-35.506
 20
-923.299
 40
32.533
 50
78.799
 51
84.71
  0
ARC
  8
APS_GEOMETRY
 10
-30.689
 20
-898.956
 40
7.718
 50
49.783
 51
78.771
  0
ARC
  8
APS_GEOMETRY
 10
-27.468
 20
-895.147
 40
2.729
 50
360.0
 51
49.783
  0
ARC
  8
APS_GEOMETRY
 10
-27.758
 20
-895.147
 40
3.02
 50
342.759
 51
360.0
  0
ARC
  8
APS_GEOMETRY
 10
-26.183
 20
-895.636
 40
1.37
 50
317.045
 51
342.759
  0
ARC
  8
APS_GEOMETRY
 10
-26.944
 20
-894.927
 40
2.41
 50
301.817
 51
317.045
  0
ARC
  8
APS_GEOMETRY
 10
-38.2
 20
-876.785
 40
23.76
 50
296.98
 51
301.817
  0
ARC
  8
APS_GEOMETRY
 10
-26.198
 20
-900.404
 40
2.733
 50
116.565
 51
149.078
  0
ARC
  8
APS_GEOMETRY
 10
-22.679
 20
-902.512
 40
6.835
 50
149.078
 51
169.469
  0
ARC
  8
APS_GEOMETRY
 10
-15.175
 20
-903.907
 40
14.468
 50
169.469
 51
174.598
  0
ARC
  8
APS_GEOMETRY
 10
23.489
 20
-907.563
 40
53.304
 50
174.598
 51
177.269
  0
ARC
  8
APS_GEOMETRY
 10
57.487
 20
-909.184
 40
87.341
 50
177.269
 51
178.901
  0
ARC
  8
APS_GEOMETRY
 10
162.794
 20
-911.204
 40
192.667
 50
178.901
 51
180.0
  0
ARC
  8
APS_GEOMETRY
 10
376.783
 20
-911.204
 40
406.657
 50
180.0
 51
180.88
  0
ARC
  8
APS_GEOMETRY
 10
126.263
 20
-915.052
 40
156.107
 50
180.88
 51
182.3
  0
ARC
  8
APS_GEOMETRY
 10
53.038
 20
-917.993
 40
82.823
 50
182.3
 51
184.974
  0
ARC
  8
APS_GEOMETRY
 10
-16.783
 20
-924.069
 40
12.738
 50
184.974
 51
191.793
  0
ARC
  8
APS_GEOMETRY
 10
-24.893
 20
-925.621
 40
4.484
 50
193.57
 51
205.787
  0
ARC
  8
APS_GEOMETRY
 10
-26.91
 20
-926.595
 40
2.244
 50
205.787
 51
223.091
  0
ARC
  8
APS_GEOMETRY
 10
-26.398
 20
-926.117
 40
2.944
 50
223.091
 51
236.441
  0
ARC
  8
APS_GEOMETRY
 10
-22.115
 20
-919.66
 40
10.693
 50
236.441
 51
243.435
  0
ARC
  8
APS_GEOMETRY
 10
-28.673
 20
-933.13
 40
4.291
 50
37.185
 51
65.556
  0
ARC
  8
APS_GEOMETRY
 10
-27.274
 20
-932.069
 40
2.535
 50
360.0
 51
37.185
  0
ARC
  8
APS_GEOMETRY
 10
-27.351
 20
-932.069
 40
2.612
 50
312.039
 51
360.0
  0
ARC
  8
APS_GEOMETRY
 10
-30.462
 20
-928.619
 40
7.258
 50
283.815
 51
312.039
  0
ARC
  8
APS_GEOMETRY
 10
-35.602
 20
-907.313
 40
29.174
 50
279.273
 51
283.627
  0
ARC
  8
APS_GEOMETRY
 10
-37.657
 20
-894.728
 40
41.926
 50
275.641
 51
279.273
  0
ARC
  8
APS_GEOMETRY
 10
-38.442
 20
-886.774
 40
49.919
 50
272.588
 51
275.641
  0
ARC
  8
APS_GEOMETRY
 10
-39.324
 20
-867.257
 40
69.456
 50
270.0
 51
272.588
  0
ARC
  8
APS_GEOMETRY
 10
-39.324
 20
-894.819
 40
41.894
 50
262.774
 51
270.0
  0
ARC
  8
APS_GEOMETRY
 10
-43.101
 20
-924.607
 40
11.868
 50
249.175
 51
262.774
  0
ARC
  8
APS_GEOMETRY
 10
-45.474
 20
-930.844
 40
5.194
 50
221.23
 51
249.175
  0
ARC
  8
APS_GEOMETRY
 10
-47.543
 20
-932.658
 40
2.443
 50
180.0
 51
221.23
  0
ARC
  8
APS_GEOMETRY
 10
-47.944
 20
-932.658
 40
2.041
 50
142.696
 51
180.0
  0
ARC
  8
APS_GEOMETRY
 10
-44.723
 20
-935.112
 40
6.091
 50
121.357
 51
142.696
  0
ARC
  8
APS_GEOMETRY
 10
-50.166
 20
-926.197
 40
4.354
 50
301.477
 51
324.728
  0
ARC
  8
APS_GEOMETRY
 10
-49.586
 20
-926.608
 40
3.643
 50
324.728
 51
350.181
  0
ARC
  8
APS_GEOMETRY
 10
-67.827
 20
-923.59
 40
22.132
 50
350.538
 51
355.423
  0
ARC
  8
APS_GEOMETRY
 10
-142.779
 20
-917.59
 40
97.324
 50
355.423
 51
357.752
  0
ARC
  8
APS_GEOMETRY
 10
-212.372
 20
-914.858
 40
166.971
 50
357.752
 51
359.111
  0
ARC
  8
APS_GEOMETRY
 10
-435.119
 20
-911.4
 40
389.744
 50
359.111
 51
0.0
  0
ARC
  8
APS_GEOMETRY
 10
-180.598
 20
-911.4
 40
135.223
 50
0.0
 51
1.773
  0
ARC
  8
APS_GEOMETRY
 10
-101.238
 20
-908.944
 40
55.825
 50
1.773
 51
4.532
  0
ARC
  8
APS_GEOMETRY
 10
-77.117
 20
-907.032
 40
31.629
 50
4.532
 51
9.384
  0
ARC
  8
APS_GEOMETRY
 10
-52.624
 20
-902.984
 40
6.803
 50
9.384
 51
19.855
  0
ARC
  8
APS_GEOMETRY
 10
-49.382
 20
-901.752
 40
3.336
 50
18.853
 51
42.158
  0
ARC
  8
APS_GEOMETRY
 10
-52.16
 20
-904.267
 40
7.084
 50
42.158
 51
58.092
  0
ARC
  8
APS_GEOMETRY
 10
-39.932
 20
-885.37
 40
15.426
 50
230.711
 51
236.634
  0
ARC
  8
APS_GEOMETRY
 10
-47.613
 20
-894.759
 40
3.296
 50
217.875
 51
230.711
  0
ARC
  8
APS_GEOMETRY
 10
-48.666
 20
-895.578
 40
1.962
 50
196.928
 51
217.875
  0
ARC
  8
APS_GEOMETRY
 10
-47.68
 20
-895.278
 40
2.992
 50
180.0
 51
196.928
  0
ARC
  8
APS_GEOMETRY
 10
-48.325
 20
-895.278
 40
2.347
 50
148.791
 51
180.0
  0
ARC
  8
APS_GEOMETRY
 10
-47.71
 20
-895.65
 40
3.067
 50
121.569
 51
148.791
  0
ARC
  8
APS_GEOMETRY
 10
-46.605
 20
-897.449
 40
5.178
 50
112.806
 51
121.569
  0
ARC
  8
APS_GEOMETRY
 10
-43.617
 20
-904.554
 40
12.885
 50
107.254
 51
112.806
  0
ARC
  8
APS_GEOMETRY
 10
-41.787
 20
-910.445
 40
19.054
 50
103.487
 51
107.254
  0
ARC
  8
APS_GEOMETRY
 10
-37.597
 20
-927.918
 40
37.022
 50
100.784
 51
103.487
  0
ARC
  8
APS_GEOMETRY
 10
-36.284
 20
-932.749
 40
42.015
 50
95.643
 51
101.31
  0
ARC
  8
APS_GEOMETRY
 10
-36.25
 20
-933.094
 40
42.362
 50
90.0
 51
95.643
  0
LINE
  8
APS_GEOMETRY
 10
32.898
 11
32.898
 20
-920.655
 21
-903.453
  0
ARC
  8
APS_GEOMETRY
 10
-6.823
 20
-903.453
 40
39.721
 50
0.0
 51
2.404
  0
ARC
  8
APS_GEOMETRY
 10
16.694
 20
-902.466
 40
16.183
 50
2.404
 51
6.17
  0
ARC
  8
APS_GEOMETRY
 10
23.743
 20
-901.704
 40
9.093
 50
6.17
 51
12.824
  0
ARC
  8
APS_GEOMETRY
 10
30.642
 20
-900.134
 40
2.017
 50
12.824
 51
26.98
  0
ARC
  8
APS_GEOMETRY
 10
30.965
 20
-899.969
 40
1.655
 50
26.98
 51
59.65
  0
ARC
  8
APS_GEOMETRY
 10
27.927
 20
-905.158
 40
7.668
 50
59.65
 51
74.667
  0
ARC
  8
APS_GEOMETRY
 10
31.429
 20
-892.659
 40
5.313
 50
225.0
 51
253.887
  0
ARC
  8
APS_GEOMETRY
 10
29.268
 20
-894.82
 40
2.257
 50
180.0
 51
225.0
  0
ARC
  8
APS_GEOMETRY
 10
29.683
 20
-894.82
 40
2.672
 50
151.157
 51
180.0
  0
ARC
  8
APS_GEOMETRY
 10
29.677
 20
-894.816
 40
2.665
 50
122.276
 51
151.157
  0
ARC
  8
APS_GEOMETRY
 10
30.441
 20
-896.026
 40
4.096
 50
102.308
 51
122.276
  0
ARC
  8
APS_GEOMETRY
 10
31.851
 20
-902.49
 40
10.712
 50
90.0
 51
102.308
  0
ARC
  8
APS_GEOMETRY
 10
31.851
 20
-914.944
 40
23.166
 50
88.989
 51
90.0
  0
ARC
  8
APS_GEOMETRY
 10
29.904
 20
-1025.289
 40
133.528
 50
88.568
 51
88.989
  0
ARC
  8
APS_GEOMETRY
 10
27.154
 20
-1135.294
 40
243.567
 50
88.337
 51
88.568
  0
ARC
  8
APS_GEOMETRY
 10
16.496
 20
-1502.41
 40
610.838
 50
88.191
 51
88.337
  0
LINE
  8
APS_GEOMETRY
 10
35.776
 11
37.705
 20
-891.876
 21
-891.876
  0
ARC
  8
APS_GEOMETRY
 10
31.224
 20
184.073
 40
1075.969
 50
270.345
 51
270.49
  0
ARC
  8
APS_GEOMETRY
 10
37.263
 20
-522.538
 40
369.332
 50
270.49
 51
270.736
  0
ARC
  8
APS_GEOMETRY
 10
39.742
 20
-715.409
 40
176.445
 50
270.736
 51
271.253
  0
ARC
  8
APS_GEOMETRY
 10
43.268
 20
-876.626
 40
15.19
 50
271.253
 51
273.013
  0
ARC
  8
APS_GEOMETRY
 10
43.121
 20
-873.838
 40
17.982
 50
273.013
 51
274.5
  0
ARC
  8
APS_GEOMETRY
 10
26.465
 20
-662.184
 40
230.289
 50
274.5
 51
274.915
  0
LINE
  8
APS_GEOMETRY
 10
46.196
 11
48.159
 20
-891.627
 21
-891.454
  0
LINE
  8
APS_GEOMETRY
 10
48.159
 11
50.721
 20
-891.454
 21
-891.222
  0
ARC
  8
APS_GEOMETRY
 10
54.934
 20
-931.946
 40
40.941
 50
93.24
 51
95.906
  0
ARC
  8
APS_GEOMETRY
 10
54.188
 20
-918.763
 40
27.736
 50
90.0
 51
93.24
  0
ARC
  8
APS_GEOMETRY
 10
54.188
 20
-914.579
 40
23.553
 50
77.12
 51
90.0
  0
ARC
  8
APS_GEOMETRY
 10
55.429
 20
-909.153
 40
17.987
 50
62.371
 51
77.12
  0
ARC
  8
APS_GEOMETRY
 10
57.53
 20
-905.214
 40
13.522
 50
31.215
 51
62.517
  0
ARC
  8
APS_GEOMETRY
 10
57.466
 20
-905.252
 40
13.597
 50
360.0
 51
31.215
  0
ARC
  8
APS_GEOMETRY
 10
57.101
 20
-905.252
 40
13.962
 50
334.496
 51
360.0
  0
ARC
  8
APS_GEOMETRY
 10
57.788
 20
-905.58
 40
13.201
 50
308.254
 51
334.496
  0
ARC
  8
APS_GEOMETRY
 10
55.688
 20
-902.813
 40
16.674
 50
287.855
 51
308.034
  0
ARC
  8
APS_GEOMETRY
 10
54.286
 20
-898.46
 40
21.247
 50
270.0
 51
287.855
  0
ARC
  8
APS_GEOMETRY
 10
54.286
 20
-887.51
 40
32.197
 50
266.918
 51
270.0
  0
ARC
  8
APS_GEOMETRY
 10
56.241
 20
-851.213
 40
68.546
 50
264.806
 51
266.918
  0
ARC
  8
APS_GEOMETRY
 10
43.168
 20
-1013.322
 40
94.095
 50
85.815
 51
86.634
  0
ARC
  8
APS_GEOMETRY
 10
48.367
 20
-924.943
 40
5.563
 50
86.634
 51
90.0
  0
ARC
  8
APS_GEOMETRY
 10
48.367
 20
-920.201
 40
0.821
 50
90.0
 51
139.686
  0
ARC
  8
APS_GEOMETRY
 10
48.671
 20
-920.459
 40
1.22
 50
139.686
 51
180.0
  0
LINE
  8
APS_GEOMETRY
 10
47.451
 11
47.451
 20
-920.459
 21
-920.655
  0
LINE
  8
APS_GEOMETRY
 10
47.451
 11
47.68
 20
-920.655
 21
-926.019
  0
ARC
  8
APS_GEOMETRY
 10
55.43
 20
-925.696
 40
7.757
 50
182.386
 51
193.753
  0
ARC
  8
APS_GEOMETRY
 10
50.432
 20
-926.919
 40
2.612
 50
193.753
 51
213.408
  0
ARC
  8
APS_GEOMETRY
 10
50.489
 20
-926.882
 40
2.679
 50
213.408
 51
232.628
  0
ARC
  8
APS_GEOMETRY
 10
54.999
 20
-920.977
 40
10.11
 50
232.628
 51
242.488
  0
ARC
  8
APS_GEOMETRY
 10
47.476
 20
-935.241
 40
6.017
 50
40.539
 51
61.699
  0
ARC
  8
APS_GEOMETRY
 10
50.765
 20
-932.429
 40
1.69
 50
360.0
 51
40.539
  0
ARC
  8
APS_GEOMETRY
 10
50.185
 20
-932.429
 40
2.269
 50
315.297
 51
360.0
  0
ARC
  8
APS_GEOMETRY
 10
47.116
 20
-929.391
 40
6.588
 50
289.502
 51
315.297
  0
ARC
  8
APS_GEOMETRY
 10
44.866
 20
-923.039
 40
13.326
 50
282.372
 51
289.502
  0
ARC
  8
APS_GEOMETRY
 10
42.504
 20
-912.269
 40
24.353
 50
277.099
 51
282.372
  0
ARC
  8
APS_GEOMETRY
 10
41.532
 20
-904.469
 40
32.213
 50
273.104
 51
277.099
  0
ARC
  8
APS_GEOMETRY
 10
40.387
 20
-883.351
 40
53.362
 50
270.0
 51
273.104
  0
ARC
  8
APS_GEOMETRY
 10
40.387
 20
-883.99
 40
52.723
 50
263.473
 51
270.0
  0
ARC
  8
APS_GEOMETRY
 10
36.055
 20
-921.857
 40
14.609
 50
251.056
 51
263.473
  0
ARC
  8
APS_GEOMETRY
 10
33.273
 20
-929.962
 40
6.039
 50
224.161
 51
251.056
  0
ARC
  8
APS_GEOMETRY
 10
30.598
 20
-932.56
 40
2.311
 50
180.0
 51
224.161
  0
ARC
  8
APS_GEOMETRY
 10
31.078
 20
-932.56
 40
2.791
 50
160.821
 51
180.0
  0
ARC
  8
APS_GEOMETRY
 10
29.907
 20
-932.152
 40
1.552
 50
135.0
 51
160.821
  0
ARC
  8
APS_GEOMETRY
 10
31.014
 20
-933.259
 40
3.117
 50
121.522
 51
135.0
  0
ARC
  8
APS_GEOMETRY
 10
43.499
 20
-953.615
 40
26.996
 50
116.952
 51
121.522
  0
ARC
  8
APS_GEOMETRY
 10
29.866
 20
-926.904
 40
2.993
 50
297.824
 51
321.605
  0
ARC
  8
APS_GEOMETRY
 10
30.555
 20
-927.45
 40
2.113
 50
321.605
 51
349.992
  0
ARC
  8
APS_GEOMETRY
 10
27.356
 20
-926.886
 40
5.362
 50
349.992
 51
356.014
  0
ARC
  8
APS_GEOMETRY
 10
-21.307
 20
-923.495
 40
54.143
 50
356.014
 51
357.908
  0
ARC
  8
APS_GEOMETRY
 10
-78.111
 20
-921.42
 40
110.985
 50
357.908
 51
358.833
  0
ARC
  8
APS_GEOMETRY
 10
-283.507
 20
-917.235
 40
316.424
 50
358.833
 51
359.381
  0
LINE
  8
APS_GEOMETRY
 10
47.68
 11
47.68
 20
-899.3
 21
-910.419
  0
ARC
  8
APS_GEOMETRY
 10
51.054
 20
-910.419
 40
3.374
 50
180.0
 51
199.885
  0
ARC
  8
APS_GEOMETRY
 10
48.529
 20
-911.333
 40
0.689
 50
199.885
 51
244.799
  0
ARC
  8
APS_GEOMETRY
 10
49.981
 20
-908.342
 40
4.013
 50
244.231
 51
258.996
  0
ARC
  8
APS_GEOMETRY
 10
50.591
 20
-905.205
 40
7.209
 50
258.996
 51
270.0
  0
ARC
  8
APS_GEOMETRY
 10
50.591
 20
-905.964
 40
6.45
 50
270.0
 51
288.435
  0
ARC
  8
APS_GEOMETRY
 10
51.053
 20
-907.352
 40
4.987
 50
288.435
 51
309.428
  0
ARC
  8
APS_GEOMETRY
 10
51.222
 20
-907.526
 40
4.745
 50
309.193
 51
339.939
  0
ARC
  8
APS_GEOMETRY
 10
45.352
 20
-905.383
 40
10.994
 50
339.939
 51
0.0
  0
ARC
  8
APS_GEOMETRY
 10
45.999
 20
-905.383
 40
10.348
 50
0.0
 51
22.011
  0
ARC
  8
APS_GEOMETRY
 10
50.583
 20
-903.53
 40
5.403
 50
22.011
 51
52.651
  0
ARC
  8
APS_GEOMETRY
 10
50.513
 20
-903.579
 40
5.485
 50
52.374
 51
72.309
  0
ARC
  8
APS_GEOMETRY
 10
50.067
 20
-904.974
 40
6.95
 50
72.309
 51
90.0
  0
ARC
  8
APS_GEOMETRY
 10
50.067
 20
-902.077
 40
4.052
 50
90.0
 51
118.113
  0
ARC
  8
APS_GEOMETRY
 10
48.584
 20
-899.3
 40
0.904
 50
118.113
 51
180.0
  0
ARC
  8
APS_GEOMETRY
 10
100.418
 20
-916.284
 40
25.782
 50
71.91
 51
90.0
  0
ARC
  8
APS_GEOMETRY
 10
101.416
 20
-913.228
 40
22.566
 50
52.561
 51
71.91
  0
ARC
  8
APS_GEOMETRY
 10
101.155
 20
-913.304
 40
22.786
 50
38.846
 51
52.156
  0
ARC
  8
APS_GEOMETRY
 10
97.582
 20
-916.181
 40
27.372
 50
26.707
 51
38.846
  0
ARC
  8
APS_GEOMETRY
 10
98.29
 20
-915.603
 40
26.482
 50
13.868
 51
26.278
  0
ARC
  8
APS_GEOMETRY
 10
103.389
 20
-914.344
 40
21.229
 50
360.0
 51
13.868
  0
ARC
  8
APS_GEOMETRY
 10
103.72
 20
-914.344
 40
20.899
 50
339.712
 51
360.0
  0
ARC
  8
APS_GEOMETRY
 10
102.543
 20
-913.909
 40
22.153
 50
320.013
 51
339.712
  0
ARC
  8
APS_GEOMETRY
 10
102.348
 20
-913.801
 40
22.372
 50
303.344
 51
320.123
  0
ARC
  8
APS_GEOMETRY
 10
100.052
 20
-910.312
 40
26.548
 50
287.949
 51
303.344
  0
ARC
  8
APS_GEOMETRY
 10
99.298
 20
-907.697
 40
29.269
 50
279.039
 51
287.776
  0
ARC
  8
APS_GEOMETRY
 10
99.6
 20
-909.596
 40
27.346
 50
270.0
 51
279.039
  0
ARC
  8
APS_GEOMETRY
 10
99.6
 20
-910.931
 40
26.011
 50
257.728
 51
270.0
  0
ARC
  8
APS_GEOMETRY
 10
99.641
 20
-910.743
 40
26.203
 50
245.501
 51
257.728
  0
ARC
  8
APS_GEOMETRY
 10
98.168
 20
-913.966
 40
22.66
 50
228.665
 51
245.511
  0
ARC
  8
APS_GEOMETRY
 10
97.678
 20
-914.522
 40
21.918
 50
211.535
 51
228.665
  0
ARC
  8
APS_GEOMETRY
 10
98.32
 20
-914.051
 40
22.712
 50
195.642
 51
211.701
  0
ARC
  8
APS_GEOMETRY
 10
99.494
 20
-913.722
 40
23.931
 50
180.0
 51
195.642
  0
ARC
  8
APS_GEOMETRY
 10
99.746
 20
-913.722
 40
24.183
 50
162.181
 51
180.0
  0
ARC
  8
APS_GEOMETRY
 10
97.539
 20
-913.013
 40
21.865
 50
143.434
 51
162.181
  0
ARC
  8
APS_GEOMETRY
 10
97.242
 20
-912.775
 40
21.485
 50
126.384
 51
143.471
  0
ARC
  8
APS_GEOMETRY
 10
99.276
 20
-915.536
 40
24.914
 50
110.525
 51
126.384
  0
ARC
  8
APS_GEOMETRY
 10
99.176
 20
-914.786
 40
24.177
 50
99.77
 51
110.925
  0
ARC
  8
APS_GEOMETRY
 10
100.418
 20
-921.998
 40
31.496
 50
90.0
 51
99.77
  0
ARC
  8
APS_GEOMETRY
 10
97.311
 20
-904.696
 40
4.807
 50
90.0
 51
119.604
  0
ARC
  8
APS_GEOMETRY
 10
97.732
 20
-905.437
 40
5.659
 50
119.604
 51
146.842
  0
ARC
  8
APS_GEOMETRY
 10
98.578
 20
-906.131
 40
6.748
 50
145.84
 51
164.055
  0
ARC
  8
APS_GEOMETRY
 10
100.539
 20
-906.691
 40
8.788
 50
164.055
 51
180.0
  0
ARC
  8
APS_GEOMETRY
 10
112.804
 20
-906.691
 40
21.053
 50
180.0
 51
189.977
  0
ARC
  8
APS_GEOMETRY
 10
131.455
 20
-903.41
 40
39.991
 50
189.977
 51
197.211
  0
ARC
  8
APS_GEOMETRY
 10
135.535
 20
-902.146
 40
44.261
 50
197.211
 51
203.76
  0
ARC
  8
APS_GEOMETRY
 10
125.372
 20
-906.62
 40
33.157
 50
203.76
 51
211.329
  0
ARC
  8
APS_GEOMETRY
 10
104.504
 20
-919.144
 40
8.821
 50
212.32
 51
224.441
  0
ARC
  8
APS_GEOMETRY
 10
103.649
 20
-919.983
 40
7.623
 50
224.441
 51
237.484
  0
ARC
  8
APS_GEOMETRY
 10
103.096
 20
-920.85
 40
6.595
 50
237.484
 51
252.416
  0
ARC
  8
APS_GEOMETRY
 10
102.543
 20
-922.593
 40
4.766
 50
252.416
 51
270.0
  0
ARC
  8
APS_GEOMETRY
 10
102.543
 20
-922.028
 40
5.331
 50
270.0
 51
294.953
  0
ARC
  8
APS_GEOMETRY
 10
102.693
 20
-922.349
 40
4.977
 50
294.953
 51
320.793
  0
ARC
  8
APS_GEOMETRY
 10
101.892
 20
-921.696
 40
6.011
 50
320.793
 51
342.777
  0
ARC
  8
APS_GEOMETRY
 10
98.324
 20
-920.59
 40
9.746
 50
342.777
 51
0.0
  0
ARC
  8
APS_GEOMETRY
 10
81.563
 20
-920.59
 40
26.507
 50
0.0
 51
8.499
  0
ARC
  8
APS_GEOMETRY
 10
69.896
 20
-922.333
 40
38.304
 50
8.499
 51
15.566
  0
ARC
  8
APS_GEOMETRY
 10
71.299
 20
-921.943
 40
36.848
 50
15.566
 51
22.909
  0
ARC
  8
APS_GEOMETRY
 10
83.362
 20
-916.845
 40
23.751
 50
22.909
 51
32.057
  0
ARC
  8
APS_GEOMETRY
 10
92.838
 20
-910.875
 40
12.552
 50
31.921
 51
42.51
  0
ARC
  8
APS_GEOMETRY
 10
95.44
 20
-908.49
 40
9.022
 50
42.51
 51
55.008
  0
ARC
  8
APS_GEOMETRY
 10
96.319
 20
-907.234
 40
7.489
 50
55.008
 51
69.88
  0
ARC
  8
APS_GEOMETRY
 10
97.107
 20
-905.083
 40
5.198
 50
69.88
 51
87.754
  0
ARC
  8
APS_GEOMETRY
 10
150.931
 20
-919.707
 40
2.42
 50
90.0
 51
115.837
  0
ARC
  8
APS_GEOMETRY
 10
150.336
 20
-918.476
 40
1.053
 50
115.837
 51
155.462
  0
ARC
  8
APS_GEOMETRY
 10
151.031
 20
-918.794
 40
1.817
 50
155.462
 51
168.366
  0
ARC
  8
APS_GEOMETRY
 10
157.377
 20
-920.1
 40
8.296
 50
168.366
 51
174.395
  0
ARC
  8
APS_GEOMETRY
 10
163.773
 20
-920.728
 40
14.722
 50
174.395
 51
177.813
  0
ARC
  8
APS_GEOMETRY
 10
185.001
 20
-921.538
 40
35.966
 50
177.813
 51
180.0
  0
ARC
  8
APS_GEOMETRY
 10
200.369
 20
-921.538
 40
51.335
 50
180.0
 51
184.62
  0
ARC
  8
APS_GEOMETRY
 10
165.95
 20
-924.32
 40
16.803
 50
184.62
 51
192.7
  0
ARC
  8
APS_GEOMETRY
 10
152.679
 20
-927.233
 40
3.218
 50
194.036
 51
205.821
  0
ARC
  8
APS_GEOMETRY
 10
151.274
 20
-927.913
 40
1.656
 50
205.821
 51
222.274
  0
ARC
  8
APS_GEOMETRY
 10
151.705
 20
-927.522
 40
2.238
 50
222.274
 51
234.605
  0
ARC
  8
APS_GEOMETRY
 10
156.565
 20
-920.681
 40
10.63
 50
234.605
 51
240.255
  0
ARC
  8
APS_GEOMETRY
 10
149.176
 20
-933.756
 40
4.389
 50
34.592
 51
61.189
  0
ARC
  8
APS_GEOMETRY
 10
150.626
 20
-932.756
 40
2.627
 50
360.0
 51
34.592
  0
ARC
  8
APS_GEOMETRY
 10
150.714
 20
-932.756
 40
2.539
 50
318.231
 51
360.0
  0
ARC
  8
APS_GEOMETRY
 10
149.016
 20
-931.239
 40
4.816
 50
288.227
 51
318.231
  0
ARC
  8
APS_GEOMETRY
 10
147.255
 20
-925.891
 40
10.446
 50
280.377
 51
288.227
  0
ARC
  8
APS_GEOMETRY
 10
144.185
 20
-909.128
 40
27.489
 50
275.541
 51
280.377
  0
ARC
  8
APS_GEOMETRY
 10
142.862
 20
-895.49
 40
41.19
 50
272.304
 51
275.541
  0
ARC
  8
APS_GEOMETRY
 10
141.251
 20
-855.454
 40
81.259
 50
270.0
 51
272.304
  0
ARC
  8
APS_GEOMETRY
 10
141.251
 20
-888.913
 40
47.8
 50
262.811
 51
270.0
  0
ARC
  8
APS_GEOMETRY
 10
136.962
 20
-922.919
 40
13.524
 50
249.274
 51
262.811
  0
ARC
  8
APS_GEOMETRY
 10
134.264
 20
-930.049
 40
5.901
 50
221.379
 51
249.274
  0
ARC
  8
APS_GEOMETRY
 10
131.897
 20
-932.134
 40
2.747
 50
180.0
 51
221.379
  0
ARC
  8
APS_GEOMETRY
 10
131.879
 20
-932.134
 40
2.728
 50
164.055
 51
180.0
  0
ARC
  8
APS_GEOMETRY
 10
130.742
 20
-931.809
 40
1.546
 50
142.815
 51
164.055
  0
ARC
  8
APS_GEOMETRY
 10
131.458
 20
-932.352
 40
2.444
 50
129.007
 51
142.815
  0
ARC
  8
APS_GEOMETRY
 10
140.25
 20
-943.207
 40
16.412
 50
123.69
 51
129.007
  0
ARC
  8
APS_GEOMETRY
 10
127.773
 20
-924.434
 40
6.128
 50
303.389
 51
319.022
  0
ARC
  8
APS_GEOMETRY
 10
129.432
 20
-925.874
 40
3.932
 50
319.022
 51
338.575
  0
ARC
  8
APS_GEOMETRY
 10
127.212
 20
-925.004
 40
6.316
 50
338.575
 51
351.049
  0
ARC
  8
APS_GEOMETRY
 10
100.406
 20
-920.781
 40
33.452
 50
351.049
 51
356.46
  0
ARC
  8
APS_GEOMETRY
 10
109.242
 20
-921.118
 40
24.613
 50
355.972
 51
358.68
  0
ARC
  8
APS_GEOMETRY
 10
-180.949
 20
-914.431
 40
314.881
 50
358.68
 51
359.437
  0
LINE
  8
APS_GEOMETRY
 10
133.917
 11
133.948
 20
-917.524
 21
-912.612
  0
LINE
  8
APS_GEOMETRY
 10
133.948
 11
133.958
 20
-912.612
 21
-906.201
  0
ARC
  8
APS_GEOMETRY
 10
58.149
 20
-906.201
 40
75.809
 50
0.0
 51
1.717
  0
ARC
  8
APS_GEOMETRY
 10
98.718
 20
-904.984
 40
35.223
 50
1.717
 51
4.236
  0
ARC
  8
APS_GEOMETRY
 10
111.947
 20
-904.004
 40
21.957
 50
4.236
 51
8.269
  0
ARC
  8
APS_GEOMETRY
 10
127.17
 20
-901.792
 40
6.573
 50
8.269
 51
15.642
  0
ARC
  8
APS_GEOMETRY
 10
129.79
 20
-901.058
 40
3.853
 50
15.642
 51
39.417
  0
ARC
  8
APS_GEOMETRY
 10
129.849
 20
-901.01
 40
3.776
 50
39.417
 51
63.435
  0
ARC
  8
APS_GEOMETRY
 10
136.651
 20
-886.92
 40
11.869
 50
236.874
 51
244.486
  0
ARC
  8
APS_GEOMETRY
 10
131.591
 20
-894.674
 40
2.611
 50
220.601
 51
236.874
  0
ARC
  8
APS_GEOMETRY
 10
131.011
 20
-895.171
 40
1.847
 50
198.246
 51
220.601
  0
ARC
  8
APS_GEOMETRY
 10
131.879
 20
-894.885
 40
2.761
 50
180.0
 51
198.246
  0
ARC
  8
APS_GEOMETRY
 10
131.866
 20
-894.885
 40
2.748
 50
156.161
 51
180.0
  0
ARC
  8
APS_GEOMETRY
 10
132.249
 20
-895.054
 40
3.167
 50
133.977
 51
156.161
  0
ARC
  8
APS_GEOMETRY
 10
133.012
 20
-895.846
 40
4.266
 50
116.996
 51
133.977
  0
ARC
  8
APS_GEOMETRY
 10
134.529
 20
-898.823
 40
7.608
 50
104.3
 51
116.996
  0
ARC
  8
APS_GEOMETRY
 10
134.921
 20
-900.329
 40
9.164
 50
95.326
 51
104.349
  0
ARC
  8
APS_GEOMETRY
 10
136.509
 20
-917.363
 40
26.272
 50
90.0
 51
95.326
  0
ARC
  8
APS_GEOMETRY
 10
136.509
 20
-904.104
 40
13.013
 50
87.553
 51
90.0
  0
ARC
  8
APS_GEOMETRY
 10
133.74
 20
-968.892
 40
77.86
 50
86.553
 51
87.553
  0
ARC
  8
APS_GEOMETRY
 10
129.804
 20
-1034.239
 40
143.325
 50
86.009
 51
86.553
  0
ARC
  8
APS_GEOMETRY
 10
114.496
 20
-1253.652
 40
363.271
 50
85.668
 51
86.009
  0
ARC
  8
APS_GEOMETRY
 10
143.144
 20
-876.341
 40
15.125
 50
265.426
 51
268.531
  0
ARC
  8
APS_GEOMETRY
 10
144.489
 20
-823.898
 40
67.586
 50
268.531
 51
270.0
  0
ARC
  8
APS_GEOMETRY
 10
144.489
 20
-839.973
 40
51.511
 50
270.0
 51
271.637
  0
ARC
  8
APS_GEOMETRY
 10
143.338
 20
-799.689
 40
91.812
 50
271.637
 51
272.862
  0
ARC
  8
APS_GEOMETRY
 10
142.016
 20
-773.259
 40
118.274
 50
272.862
 51
273.814
  0
ARC
  8
APS_GEOMETRY
 10
137.543
 20
-706.155
 40
185.527
 50
273.814
 51
274.574
  0
ARC
  8
APS_GEOMETRY
 10
165.605
 20
-1071.146
 40
180.543
 50
93.72
 51
94.214
  0
ARC
  8
APS_GEOMETRY
 10
159.616
 20
-979.028
 40
88.23
 50
93.013
 51
93.72
  0
ARC
  8
APS_GEOMETRY
 10
157.974
 20
-947.832
 40
56.991
 50
91.918
 51
93.013
  0
ARC
  8
APS_GEOMETRY
 10
156.687
 20
-909.417
 40
18.554
 50
90.0
 51
91.918
  0
ARC
  8
APS_GEOMETRY
 10
156.687
 20
-914.971
 40
24.109
 50
73.82
 51
90.0
  0
ARC
  8
APS_GEOMETRY
 10
159.063
 20
-906.782
 40
15.581
 50
53.658
 51
73.82
  0
ARC
  8
APS_GEOMETRY
 10
162.443
 20
-902.162
 40
9.857
 50
26.03
 51
53.569
  0
ARC
  8
APS_GEOMETRY
 10
161.406
 20
-902.669
 40
11.012
 50
360.0
 51
26.03
  0
ARC
  8
APS_GEOMETRY
 10
160.975
 20
-902.669
 40
11.443
 50
345.282
 51
360.0
  0
ARC
  8
APS_GEOMETRY
 10
162.075
 20
-902.958
 40
10.305
 50
329.767
 51
345.282
  0
ARC
  8
APS_GEOMETRY
 10
162.699
 20
-903.321
 40
9.583
 50
313.168
 51
329.767
  0
ARC
  8
APS_GEOMETRY
 10
162.93
 20
-903.567
 40
9.246
 50
296.267
 51
313.168
  0
ARC
  8
APS_GEOMETRY
 10
168.193
 20
-914.201
 40
2.62
 50
116.565
 51
139.899
  0
ARC
  8
APS_GEOMETRY
 10
166.886
 20
-913.101
 40
0.911
 50
139.899
 51
180.0
  0
ARC
  8
APS_GEOMETRY
 10
166.988
 20
-913.101
 40
1.013
 50
180.0
 51
226.193
  0
ARC
  8
APS_GEOMETRY
 10
168.859
 20
-911.15
 40
3.715
 50
226.193
 51
249.829
  0
ARC
  8
APS_GEOMETRY
 10
163.498
 20
-925.912
 40
11.989
 50
53.249
 51
70.105
  0
ARC
  8
APS_GEOMETRY
 10
165.933
 20
-922.651
 40
7.919
 50
32.471
 51
53.249
  0
ARC
  8
APS_GEOMETRY
 10
164.798
 20
-923.373
 40
9.264
 50
23.305
 51
32.471
  0
ARC
  8
APS_GEOMETRY
 10
157.788
 20
-926.393
 40
16.897
 50
16.521
 51
23.305
  0
ARC
  8
APS_GEOMETRY
 10
152.322
 20
-928.014
 40
22.598
 50
11.429
 51
16.521
  0
ARC
  8
APS_GEOMETRY
 10
136.832
 20
-931.145
 40
38.401
 50
7.524
 51
11.429
  0
ARC
  8
APS_GEOMETRY
 10
188.16
 20
-924.309
 40
13.38
 50
187.765
 51
196.914
  0
ARC
  8
APS_GEOMETRY
 10
177.217
 20
-927.637
 40
1.942
 50
196.914
 51
221.082
  0
ARC
  8
APS_GEOMETRY
 10
177.259
 20
-927.601
 40
1.997
 50
221.082
 51
244.607
  0
ARC
  8
APS_GEOMETRY
 10
181.932
 20
-917.755
 40
12.896
 50
244.607
 51
253.811
  0
ARC
  8
APS_GEOMETRY
 10
177.824
 20
-931.765
 40
1.705
 50
51.45
 51
72.474
  0
ARC
  8
APS_GEOMETRY
 10
177.402
 20
-932.295
 40
2.382
 50
33.69
 51
51.45
  0
ARC
  8
APS_GEOMETRY
 10
177.303
 20
-932.36
 40
2.5
 50
16.639
 51
33.69
  0
ARC
  8
APS_GEOMETRY
 10
177.184
 20
-932.396
 40
2.625
 50
360.0
 51
16.639
  0
ARC
  8
APS_GEOMETRY
 10
177.147
 20
-932.396
 40
2.662
 50
338.993
 51
360.0
  0
ARC
  8
APS_GEOMETRY
 10
175.522
 20
-931.772
 40
4.402
 50
322.696
 51
338.993
  0
ARC
  8
APS_GEOMETRY
 10
174.916
 20
-931.311
 40
5.164
 50
308.603
 51
322.696
  0
ARC
  8
APS_GEOMETRY
 10
174.5
 20
-930.789
 40
5.831
 50
295.346
 51
308.603
  0
ARC
  8
APS_GEOMETRY
 10
172.309
 20
-925.963
 40
11.131
 50
279.583
 51
294.905
  0
ARC
  8
APS_GEOMETRY
 10
169.442
 20
-908.981
 40
28.353
 50
270.0
 51
279.583
  0
ARC
  8
APS_GEOMETRY
 10
169.442
 20
-916.663
 40
20.672
 50
261.247
 51
270.0
  0
ARC
  8
APS_GEOMETRY
 10
168.117
 20
-925.263
 40
11.97
 50
249.737
 51
261.247
  0
ARC
  8
APS_GEOMETRY
 10
167.247
 20
-927.621
 40
9.457
 50
235.345
 51
249.737
  0
ARC
  8
APS_GEOMETRY
 10
166.148
 20
-929.211
 40
7.524
 50
219.198
 51
235.345
  0
ARC
  8
APS_GEOMETRY
 10
168.461
 20
-927.239
 40
10.563
 50
209.076
 51
219.56
  0
ARC
  8
APS_GEOMETRY
 10
173.802
 20
-924.269
 40
16.674
 50
200.735
 51
209.076
  0
ARC
  8
APS_GEOMETRY
 10
181.171
 20
-921.479
 40
24.554
 50
197.881
 51
200.735
  0
ARC
  8
APS_GEOMETRY
 10
211.453
 20
-911.709
 40
56.372
 50
195.997
 51
197.881
  0
ARC
  8
APS_GEOMETRY
 10
233.835
 20
-905.293
 40
79.656
 50
194.664
 51
195.997
  0
ARC
  8
APS_GEOMETRY
 10
295.83
 20
-889.07
 40
143.738
 50
193.671
 51
194.664
  0
ARC
  8
APS_GEOMETRY
 10
138.619
 20
-927.29
 40
18.051
 50
13.61
 51
23.585
  0
ARC
  8
APS_GEOMETRY
 10
150.439
 20
-922.131
 40
5.155
 50
23.585
 51
42.31
  0
ARC
  8
APS_GEOMETRY
 10
151.511
 20
-921.155
 40
3.705
 50
42.31
 51
67.521
  0
ARC
  8
APS_GEOMETRY
 10
150.662
 20
-923.205
 40
5.924
 50
67.521
 51
87.397
  0
LINE
  8
APS_GEOMETRY
 10
149.067
 11
148.708
 20
-900.608
 21
-908.228
  0
LINE
  8
APS_GEOMETRY
 10
148.708
 11
148.708
 20
-908.228
 21
-908.351
  0
LINE
  8
APS_GEOMETRY
 10
148.708
 11
148.708
 20
-908.351
 21
-908.522
  0
ARC
  8
APS_GEOMETRY
 10
154.002
 20
-908.522
 40
5.294
 50
180.0
 51
192.339
  0
ARC
  8
APS_GEOMETRY
 10
149.793
 20
-909.443
 40
0.986
 50
192.339
 51
221.186
  0
ARC
  8
APS_GEOMETRY
 10
149.692
 20
-909.531
 40
0.852
 50
221.186
 51
253.872
  0
ARC
  8
APS_GEOMETRY
 10
150.408
 20
-907.055
 40
3.429
 50
253.872
 51
270.0
  0
ARC
  8
APS_GEOMETRY
 10
150.408
 20
-902.514
 40
7.971
 50
270.0
 51
289.569
  0
ARC
  8
APS_GEOMETRY
 10
151.857
 20
-906.591
 40
3.644
 50
289.569
 51
318.681
  0
ARC
  8
APS_GEOMETRY
 10
151.465
 20
-906.246
 40
4.166
 50
318.681
 51
344.628
  0
ARC
  8
APS_GEOMETRY
 10
144.163
 20
-904.238
 40
11.74
 50
344.628
 51
0.0
  0
ARC
  8
APS_GEOMETRY
 10
147.634
 20
-904.238
 40
8.268
 50
0.0
 51
35.369
  0
ARC
  8
APS_GEOMETRY
 10
151.422
 20
-901.55
 40
3.623
 50
35.369
 51
90.0
  0
ARC
  8
APS_GEOMETRY
 10
151.422
 20
-901.589
 40
3.663
 50
90.0
 51
108.435
  0
ARC
  8
APS_GEOMETRY
 10
150.709
 20
-899.452
 40
1.409
 50
108.435
 51
138.366
  0
ARC
  8
APS_GEOMETRY
 10
150.901
 20
-899.622
 40
1.665
 50
138.366
 51
164.291
  0
ARC
  8
APS_GEOMETRY
 10
155.386
 20
-900.883
 40
6.324
 50
164.291
 51
177.51
  0
LINE
  8
APS_GEOMETRY
 10
199.581
 11
216.816
 20
-891.419
 21
-891.419
  0
ARC
  8
APS_GEOMETRY
 10
215.944
 20
-866.723
 40
24.711
 50
272.021
 51
278.44
  0
ARC
  8
APS_GEOMETRY
 10
216.917
 20
-873.279
 40
18.083
 50
278.44
 51
285.945
  0
ARC
  8
APS_GEOMETRY
 10
224.234
 20
-899.476
 40
9.118
 50
98.584
 51
104.931
  0
ARC
  8
APS_GEOMETRY
 10
223.618
 20
-895.395
 40
4.991
 50
90.0
 51
98.584
  0
ARC
  8
APS_GEOMETRY
 10
223.618
 20
-894.156
 40
3.752
 50
52.871
 51
90.0
  0
ARC
  8
APS_GEOMETRY
 10
218.53
 20
-900.878
 40
12.182
 50
32.518
 51
52.871
  0
ARC
  8
APS_GEOMETRY
 10
214.498
 20
-903.448
 40
16.963
 50
17.209
 51
32.518
  0
ARC
  8
APS_GEOMETRY
 10
217.858
 20
-902.407
 40
13.445
 50
360.0
 51
17.209
  0
ARC
  8
APS_GEOMETRY
 10
224.586
 20
-902.407
 40
6.717
 50
337.348
 51
360.0
  0
ARC
  8
APS_GEOMETRY
 10
227.286
 20
-903.534
 40
3.792
 50
307.042
 51
337.348
  0
ARC
  8
APS_GEOMETRY
 10
226.817
 20
-902.889
 40
4.589
 50
287.186
 51
306.87
  0
ARC
  8
APS_GEOMETRY
 10
226.398
 20
-901.535
 40
6.006
 50
270.0
 51
287.186
  0
ARC
  8
APS_GEOMETRY
 10
226.398
 20
-902.148
 40
5.393
 50
252.221
 51
270.0
  0
ARC
  8
APS_GEOMETRY
 10
226.147
 20
-902.931
 40
4.571
 50
232.896
 51
252.221
  0
ARC
  8
APS_GEOMETRY
 10
227.117
 20
-901.648
 40
6.18
 50
218.3
 51
232.896
  0
ARC
  8
APS_GEOMETRY
 10
234.698
 20
-895.661
 40
15.839
 50
209.197
 51
218.3
  0
ARC
  8
APS_GEOMETRY
 10
196.144
 20
-916.549
 40
28.012
 50
28.025
 51
32.699
  0
ARC
  8
APS_GEOMETRY
 10
216.3
 20
-903.61
 40
4.06
 50
32.699
 51
45.0
  0
ARC
  8
APS_GEOMETRY
 10
217.674
 20
-902.235
 40
2.116
 50
45.0
 51
67.557
  0
ARC
  8
APS_GEOMETRY
 10
217.666
 20
-902.255
 40
2.137
 50
67.557
 51
90.0
  0
ARC
  8
APS_GEOMETRY
 10
217.666
 20
-902.086
 40
1.969
 50
90.0
 51
120.801
  0
ARC
  8
APS_GEOMETRY
 10
217.6
 20
-901.975
 40
1.839
 50
120.801
 51
152.7
  0
ARC
  8
APS_GEOMETRY
 10
219.058
 20
-902.728
 40
3.481
 50
152.7
 51
171.085
  0
ARC
  8
APS_GEOMETRY
 10
230.147
 20
-904.467
 40
14.705
 50
171.085
 51
180.0
  0
LINE
  8
APS_GEOMETRY
 10
215.442
 11
215.442
 20
-904.467
 21
-922.781
  0
ARC
  8
APS_GEOMETRY
 10
234.869
 20
-922.781
 40
19.427
 50
180.0
 51
188.194
  0
ARC
  8
APS_GEOMETRY
 10
220.362
 20
-924.87
 40
4.77
 50
188.194
 51
204.775
  0
ARC
  8
APS_GEOMETRY
 10
218.952
 20
-925.521
 40
3.218
 50
204.775
 51
228.576
  0
ARC
  8
APS_GEOMETRY
 10
220.275
 20
-924.022
 40
5.216
 50
228.576
 51
247.218
  0
ARC
  8
APS_GEOMETRY
 10
212.606
 20
-942.094
 40
14.416
 50
59.381
 51
66.93
  0
ARC
  8
APS_GEOMETRY
 10
218.267
 20
-932.529
 40
3.301
 50
43.568
 51
59.381
  0
ARC
  8
APS_GEOMETRY
 10
219.173
 20
-931.667
 40
2.051
 50
19.041
 51
43.568
  0
ARC
  8
APS_GEOMETRY
 10
217.914
 20
-932.102
 40
3.382
 50
360.0
 51
19.041
  0
ARC
  8
APS_GEOMETRY
 10
218.549
 20
-932.102
 40
2.747
 50
317.66
 51
360.0
  0
ARC
  8
APS_GEOMETRY
 10
216.026
 20
-929.803
 40
6.16
 50
289.747
 51
317.66
  0
ARC
  8
APS_GEOMETRY
 10
213.914
 20
-923.919
 40
12.412
 50
281.964
 51
289.747
  0
ARC
  8
APS_GEOMETRY
 10
210.987
 20
-910.107
 40
26.531
 50
276.643
 51
281.964
  0
ARC
  8
APS_GEOMETRY
 10
209.755
 20
-899.531
 40
37.178
 50
272.836
 51
276.643
  0
ARC
  8
APS_GEOMETRY
 10
208.28
 20
-869.755
 40
66.99
 50
270.0
 51
272.836
  0
ARC
  8
APS_GEOMETRY
 10
208.28
 20
-851.305
 40
85.44
 50
267.283
 51
270.0
  0
ARC
  8
APS_GEOMETRY
 10
206.486
 20
-889.108
 40
47.595
 50
263.643
 51
267.283
  0
ARC
  8
APS_GEOMETRY
 10
204.984
 20
-902.592
 40
34.027
 50
258.563
 51
263.643
  0
ARC
  8
APS_GEOMETRY
 10
201.395
 20
-920.332
 40
15.929
 50
251.136
 51
258.563
  0
ARC
  8
APS_GEOMETRY
 10
198.191
 20
-929.624
 40
6.099
 50
222.558
 51
251.395
  0
ARC
  8
APS_GEOMETRY
 10
195.814
 20
-931.807
 40
2.871
 50
180.0
 51
222.558
  0
ARC
  8
APS_GEOMETRY
 10
195.334
 20
-931.807
 40
2.392
 50
150.642
 51
180.0
  0
ARC
  8
APS_GEOMETRY
 10
195.526
 20
-931.915
 40
2.612
 50
122.574
 51
150.642
  0
ARC
  8
APS_GEOMETRY
 10
195.019
 20
-931.333
 40
1.851
 50
108.677
 51
119.055
  0
ARC
  8
APS_GEOMETRY
 10
218.134
 20
-999.716
 40
74.036
 50
107.038
 51
108.677
  0
ARC
  8
APS_GEOMETRY
 10
195.58
 20
-925.953
 40
3.099
 50
286.144
 51
308.66
  0
ARC
  8
APS_GEOMETRY
 10
196.087
 20
-926.587
 40
2.287
 50
308.66
 51
334.933
  0
ARC
  8
APS_GEOMETRY
 10
194.023
 20
-925.621
 40
4.566
 50
334.933
 51
348.829
  0
ARC
  8
APS_GEOMETRY
 10
168.197
 20
-920.521
 40
30.891
 50
348.829
 51
354.161
  0
ARC
  8
APS_GEOMETRY
 10
150.741
 20
-918.722
 40
48.439
 50
354.144
 51
355.66
  0
ARC
  8
APS_GEOMETRY
 10
73.365
 20
-912.85
 40
126.038
 50
355.66
 51
356.6
  0
ARC
  8
APS_GEOMETRY
 10
14.216
 20
-909.336
 40
185.291
 50
356.6
 51
357.24
  0
ARC
  8
APS_GEOMETRY
 10
-153.61
 20
-901.245
 40
353.311
 50
357.24
 51
357.703
  0
ARC
  8
APS_GEOMETRY
 10
-137.089
 20
-901.908
 40
336.777
 50
357.703
 51
358.674
  0
ARC
  8
APS_GEOMETRY
 10
18.743
 20
-905.514
 40
180.903
 50
358.674
 51
0.0
  0
ARC
  8
APS_GEOMETRY
 10
172.836
 20
-905.514
 40
26.81
 50
0.0
 51
6.242
  0
ARC
  8
APS_GEOMETRY
 10
194.156
 20
-903.182
 40
5.364
 50
6.242
 51
20.225
  0
ARC
  8
APS_GEOMETRY
 10
197.11
 20
-902.093
 40
2.215
 50
20.225
 51
50.44
  0
ARC
  8
APS_GEOMETRY
 10
197.684
 20
-901.399
 40
1.314
 50
50.44
 51
90.0
  0
ARC
  8
APS_GEOMETRY
 10
197.684
 20
-901.847
 40
1.762
 50
90.0
 51
126.747
  0
ARC
  8
APS_GEOMETRY
 10
200.174
 20
-905.182
 40
5.924
 50
126.747
 51
146.547
  0
ARC
  8
APS_GEOMETRY
 10
156.187
 20
-876.269
 40
46.715
 50
324.255
 51
326.701
  0
ARC
  8
APS_GEOMETRY
 10
174.81
 20
-889.673
 40
23.77
 50
320.826
 51
324.255
  0
ARC
  8
APS_GEOMETRY
 10
180.896
 20
-894.633
 40
15.918
 50
315.722
 51
320.826
  0
ARC
  8
APS_GEOMETRY
 10
187.89
 20
-901.453
 40
6.149
 50
307.504
 51
315.722
  0
ARC
  8
APS_GEOMETRY
 10
187.245
 20
-900.592
 40
7.226
 50
291.306
 51
307.405
  0
ARC
  8
APS_GEOMETRY
 10
188.364
 20
-903.46
 40
4.146
 50
270.0
 51
291.306
  0
ARC
  8
APS_GEOMETRY
 10
188.364
 20
-903.728
 40
3.879
 50
245.532
 51
270.0
  0
ARC
  8
APS_GEOMETRY
 10
188.334
 20
-903.792
 40
3.808
 50
220.833
 51
245.532
  0
ARC
  8
APS_GEOMETRY
 10
188.728
 20
-903.453
 40
4.328
 50
198.684
 51
220.833
  0
ARC
  8
APS_GEOMETRY
 10
190.369
 20
-902.897
 40
6.06
 50
180.0
 51
198.684
  0
ARC
  8
APS_GEOMETRY
 10
194.216
 20
-902.897
 40
9.908
 50
168.408
 51
180.0
  0
ARC
  8
APS_GEOMETRY
 10
200.569
 20
-904.201
 40
16.393
 50
159.402
 51
168.408
  0
ARC
  8
APS_GEOMETRY
 10
202.532
 20
-904.938
 40
18.49
 50
151.39
 51
159.402
  0
ARC
  8
APS_GEOMETRY
 10
202.13
 20
-904.719
 40
18.032
 50
143.276
 51
151.39
  0
ARC
  8
APS_GEOMETRY
 10
197.08
 20
-900.943
 40
11.726
 50
124.216
 51
143.31
  0
ARC
  8
APS_GEOMETRY
 10
192.583
 20
-894.329
 40
3.728
 50
90.0
 51
124.216
  0
ARC
  8
APS_GEOMETRY
 10
192.583
 20
-895.985
 40
5.384
 50
82.725
 51
90.0
  0
ARC
  8
APS_GEOMETRY
 10
192.162
 20
-899.281
 40
8.707
 50
77.005
 51
82.725
  0
ARC
  8
APS_GEOMETRY
 10
205.01
 20
-837.334
 40
54.561
 50
258.486
 51
260.378
  0
ARC
  8
APS_GEOMETRY
 10
199.506
 20
-869.799
 40
21.633
 50
260.378
 51
263.382
  0
ARC
  8
APS_GEOMETRY
 10
199.035
 20
-873.857
 40
17.548
 50
263.382
 51
267.084
  0
ARC
  8
APS_GEOMETRY
 10
199.581
 20
-863.146
 40
28.273
 50
267.084
 51
270.0
  0
LINE
  8
APS_GEOMETRY
 10
242.998
 11
259.808
 20
-891.419
 21
-891.419
  0
ARC
  8
APS_GEOMETRY
 10
259.808
 20
-679.699
 40
211.72
 50
270.0
 51
270.69
  0
ARC
  8
APS_GEOMETRY
 10
261.001
 20
-778.755
 40
112.656
 50
270.69
 51
271.637
  0
ARC
  8
APS_GEOMETRY
 10
262.007
 20
-813.949
 40
77.448
 50
271.637
 51
273.013
  0
ARC
  8
APS_GEOMETRY
 10
264.458
 20
-860.512
 40
30.821
 50
273.013
 51
275.194
  0
ARC
  8
APS_GEOMETRY
 10
265.065
 20
-867.193
 40
24.112
 50
275.194
 51
280.756
  0
ARC
  8
APS_GEOMETRY
 10
265.179
 20
-867.794
 40
23.5
 50
280.756
 51
286.39
  0
ARC
  8
APS_GEOMETRY
 10
273.793
 20
-897.279
 40
7.217
 50
100.305
 51
105.945
  0
ARC
  8
APS_GEOMETRY
 10
272.889
 20
-892.31
 40
2.166
 50
90.0
 51
100.305
  0
ARC
  8
APS_GEOMETRY
 10
272.889
 20
-893.083
 40
2.94
 50
58.946
 51
90.0
  0
ARC
  8
APS_GEOMETRY
 10
271.765
 20
-894.95
 40
5.119
 50
35.538
 51
58.946
  0
ARC
  8
APS_GEOMETRY
 10
267.376
 20
-898.179
 40
10.568
 50
16.699
 51
35.952
  0
ARC
  8
APS_GEOMETRY
 10
264.075
 20
-899.169
 40
14.014
 50
360.0
 51
16.699
  0
ARC
  8
APS_GEOMETRY
 10
270.225
 20
-899.169
 40
7.864
 50
344.982
 51
360.0
  0
ARC
  8
APS_GEOMETRY
 10
274.0
 20
-900.182
 40
3.956
 50
323.746
 51
344.982
  0
ARC
  8
APS_GEOMETRY
 10
274.839
 20
-900.797
 40
2.916
 50
296.114
 51
323.746
  0
ARC
  8
APS_GEOMETRY
 10
274.688
 20
-900.49
 40
3.258
 50
270.0
 51
296.114
  0
ARC
  8
APS_GEOMETRY
 10
274.688
 20
-899.663
 40
4.084
 50
255.311
 51
270.0
  0
ARC
  8
APS_GEOMETRY
 10
274.142
 20
-901.747
 40
1.931
 50
233.881
 51
255.311
  0
ARC
  8
APS_GEOMETRY
 10
274.717
 20
-900.959
 40
2.906
 50
219.289
 51
233.881
  0
ARC
  8
APS_GEOMETRY
 10
286.247
 20
-891.525
 40
17.803
 50
213.408
 51
219.289
  0
ARC
  8
APS_GEOMETRY
 10
264.646
 20
-905.754
 40
8.063
 50
33.294
 51
51.246
  0
ARC
  8
APS_GEOMETRY
 10
265.743
 20
-904.386
 40
6.309
 50
51.246
 51
71.565
  0
ARC
  8
APS_GEOMETRY
 10
265.018
 20
-906.563
 40
8.604
 50
71.565
 51
79.278
  0
ARC
  8
APS_GEOMETRY
 10
262.69
 20
-918.859
 40
21.118
 50
79.278
 51
84.2
  0
ARC
  8
APS_GEOMETRY
 10
261.696
 20
-928.637
 40
30.947
 50
84.2
 51
87.567
  0
ARC
  8
APS_GEOMETRY
 10
260.495
 20
-956.916
 40
59.251
 50
87.567
 51
90.0
  0
ARC
  8
APS_GEOMETRY
 10
260.495
 20
-914.321
 40
16.656
 50
90.0
 51
96.374
  0
ARC
  8
APS_GEOMETRY
 10
259.389
 20
-904.425
 40
6.698
 50
96.374
 51
106.434
  0
ARC
  8
APS_GEOMETRY
 10
258.603
 20
-901.761
 40
3.921
 50
106.434
 51
123.056
  0
ARC
  8
APS_GEOMETRY
 10
257.377
 20
-899.877
 40
1.673
 50
123.056
 51
148.627
  0
ARC
  8
APS_GEOMETRY
 10
258.497
 20
-900.512
 40
2.96
 50
149.421
 51
165.28
  0
ARC
  8
APS_GEOMETRY
 10
261.726
 20
-901.36
 40
6.298
 50
165.28
 51
176.135
  0
ARC
  8
APS_GEOMETRY
 10
270.969
 20
-901.984
 40
15.562
 50
176.135
 51
178.367
  0
ARC
  8
APS_GEOMETRY
 10
356.474
 20
-904.423
 40
101.103
 50
178.367
 51
179.242
  0
ARC
  8
APS_GEOMETRY
 10
444.843
 20
-905.592
 40
189.479
 50
179.242
 51
179.709
  0
ARC
  8
APS_GEOMETRY
 10
745.492
 20
-907.116
 40
490.132
 50
179.709
 51
180.0
  0
ARC
  8
APS_GEOMETRY
 10
262.451
 20
-907.116
 40
7.091
 50
180.0
 51
195.027
  0
ARC
  8
APS_GEOMETRY
 10
256.652
 20
-908.673
 40
1.086
 50
195.027
 51
234.058
  0
ARC
  8
APS_GEOMETRY
 10
256.708
 20
-908.595
 40
1.183
 50
234.058
 51
253.191
  0
ARC
  8
APS_GEOMETRY
 10
257.946
 20
-904.499
 40
5.461
 50
253.191
 51
262.063
  0
ARC
  8
APS_GEOMETRY
 10
258.579
 20
-899.954
 40
10.05
 50
262.063
 51
266.949
  0
ARC
  8
APS_GEOMETRY
 10
259.415
 20
-884.272
 40
25.755
 50
266.949
 51
270.0
  0
ARC
  8
APS_GEOMETRY
 10
259.415
 20
-905.305
 40
4.722
 50
270.0
 51
286.007
  0
ARC
  8
APS_GEOMETRY
 10
260.242
 20
-908.186
 40
1.725
 50
286.007
 51
312.647
  0
ARC
  8
APS_GEOMETRY
 10
260.225
 20
-908.167
 40
1.75
 50
312.647
 51
338.993
  0
ARC
  8
APS_GEOMETRY
 10
256.65
 20
-906.794
 40
5.58
 50
338.993
 51
353.66
  0
ARC
  8
APS_GEOMETRY
 10
293.569
 20
-911.197
 40
31.601
 50
169.663
 51
173.118
  0
ARC
  8
APS_GEOMETRY
 10
267.179
 20
-906.384
 40
4.776
 50
160.769
 51
169.663
  0
ARC
  8
APS_GEOMETRY
 10
264.972
 20
-905.614
 40
2.439
 50
143.746
 51
160.769
  0
ARC
  8
APS_GEOMETRY
 10
265.505
 20
-906.005
 40
3.1
 50
128.66
 51
143.746
  0
ARC
  8
APS_GEOMETRY
 10
265.15
 20
-905.429
 40
2.429
 50
110.171
 51
130.601
  0
ARC
  8
APS_GEOMETRY
 10
265.171
 20
-905.487
 40
2.492
 50
90.0
 51
110.171
  0
ARC
  8
APS_GEOMETRY
 10
265.171
 20
-905.523
 40
2.527
 50
61.22
 51
90.0
  0
ARC
  8
APS_GEOMETRY
 10
264.73
 20
-906.326
 40
3.443
 50
36.634
 51
61.22
  0
ARC
  8
APS_GEOMETRY
 10
264.316
 20
-906.572
 40
3.923
 50
19.103
 51
35.91
  0
ARC
  8
APS_GEOMETRY
 10
251.521
 20
-911.003
 40
17.463
 50
11.16
 51
19.103
  0
ARC
  8
APS_GEOMETRY
 10
244.836
 20
-912.322
 40
24.277
 50
5.396
 51
11.16
  0
ARC
  8
APS_GEOMETRY
 10
241.436
 20
-912.643
 40
27.692
 50
0.0
 51
5.396
  0
ARC
  8
APS_GEOMETRY
 10
241.918
 20
-912.643
 40
27.21
 50
349.287
 51
0.0
  0
ARC
  8
APS_GEOMETRY
 10
255.276
 20
-915.17
 40
13.615
 50
334.12
 51
349.287
  0
ARC
  8
APS_GEOMETRY
 10
264.478
 20
-919.617
 40
3.396
 50
303.53
 51
333.853
  0
ARC
  8
APS_GEOMETRY
 10
264.811
 20
-920.121
 40
2.791
 50
270.0
 51
303.53
  0
ARC
  8
APS_GEOMETRY
 10
264.811
 20
-919.99
 40
2.922
 50
249.578
 51
270.0
  0
ARC
  8
APS_GEOMETRY
 10
264.19
 20
-921.66
 40
1.14
 50
216.607
 51
249.578
  0
ARC
  8
APS_GEOMETRY
 10
264.784
 20
-921.218
 40
1.881
 50
195.422
 51
216.607
  0
ARC
  8
APS_GEOMETRY
 10
275.047
 20
-918.387
 40
12.526
 50
187.253
 51
195.422
  0
ARC
  8
APS_GEOMETRY
 10
258.474
 20
-920.519
 40
4.183
 50
7.561
 51
49.434
  0
ARC
  8
APS_GEOMETRY
 10
258.304
 20
-920.718
 40
4.445
 50
49.434
 51
90.0
  0
ARC
  8
APS_GEOMETRY
 10
258.304
 20
-919.264
 40
2.991
 50
90.0
 51
115.224
  0
ARC
  8
APS_GEOMETRY
 10
257.712
 20
-918.008
 40
1.603
 50
115.224
 51
149.931
  0
ARC
  8
APS_GEOMETRY
 10
258.781
 20
-918.627
 40
2.838
 50
149.931
 51
171.111
  0
ARC
  8
APS_GEOMETRY
 10
271.749
 20
-920.655
 40
15.963
 50
171.111
 51
180.0
  0
ARC
  8
APS_GEOMETRY
 10
284.524
 20
-920.655
 40
28.739
 50
180.0
 51
183.062
  0
ARC
  8
APS_GEOMETRY
 10
328.512
 20
-918.302
 40
72.789
 50
183.062
 51
184.986
  0
ARC
  8
APS_GEOMETRY
 10
305.439
 20
-920.315
 40
49.629
 50
184.986
 51
187.804
  0
ARC
  8
APS_GEOMETRY
 10
261.738
 20
-926.305
 40
5.52
 50
187.804
 51
196.26
  0
ARC
  8
APS_GEOMETRY
 10
257.884
 20
-927.465
 40
1.496
 50
194.931
 51
230.024
  0
ARC
  8
APS_GEOMETRY
 10
258.865
 20
-926.295
 40
3.022
 50
230.024
 51
254.511
  0
ARC
  8
APS_GEOMETRY
 10
260.057
 20
-921.995
 40
7.485
 50
254.511
 51
265.219
  0
ARC
  8
APS_GEOMETRY
 10
262.555
 20
-892.127
 40
37.456
 50
265.219
 51
270.0
  0
ARC
  8
APS_GEOMETRY
 10
262.555
 20
-896.087
 40
33.497
 50
270.0
 51
274.186
  0
ARC
  8
APS_GEOMETRY
 10
263.574
 20
-910.004
 40
19.543
 50
274.186
 51
279.668
  0
ARC
  8
APS_GEOMETRY
 10
264.41
 20
-914.911
 40
14.564
 50
279.668
 51
286.991
  0
ARC
  8
APS_GEOMETRY
 10
266.322
 20
-921.172
 40
8.018
 50
286.991
 51
296.866
  0
ARC
  8
APS_GEOMETRY
 10
266.72
 20
-921.956
 40
7.139
 50
296.866
 51
318.366
  0
ARC
  8
APS_GEOMETRY
 10
262.721
 20
-918.401
 40
12.489
 50
318.366
 51
334.581
  0
ARC
  8
APS_GEOMETRY
 10
289.05
 20
-931.027
 40
16.711
 50
147.08
 51
154.231
  0
ARC
  8
APS_GEOMETRY
 10
278.044
 20
-923.901
 40
3.599
 50
131.634
 51
147.08
  0
ARC
  8
APS_GEOMETRY
 10
277.223
 20
-922.978
 40
2.364
 50
108.875
 51
131.634
  0
ARC
  8
APS_GEOMETRY
 10
277.566
 20
-923.98
 40
3.423
 50
90.0
 51
108.875
  0
ARC
  8
APS_GEOMETRY
 10
277.566
 20
-923.285
 40
2.727
 50
62.628
 51
90.0
  0
ARC
  8
APS_GEOMETRY
 10
277.393
 20
-923.618
 40
3.103
 50
36.995
 51
62.628
  0
ARC
  8
APS_GEOMETRY
 10
276.62
 20
-924.201
 40
4.071
 50
16.728
 51
36.995
  0
ARC
  8
APS_GEOMETRY
 10
274.815
 20
-924.743
 40
5.956
 50
360.0
 51
16.728
  0
ARC
  8
APS_GEOMETRY
 10
271.239
 20
-924.743
 40
9.532
 50
348.323
 51
360.0
  0
ARC
  8
APS_GEOMETRY
 10
256.93
 20
-921.786
 40
24.143
 50
340.994
 51
348.323
  0
ARC
  8
APS_GEOMETRY
 10
253.536
 20
-920.617
 40
27.733
 50
334.592
 51
340.994
  0
ARC
  8
APS_GEOMETRY
 10
259.46
 20
-923.431
 40
21.175
 50
327.265
 51
334.592
  0
ARC
  8
APS_GEOMETRY
 10
266.34
 20
-927.487
 40
13.198
 50
320.133
 51
325.923
  0
ARC
  8
APS_GEOMETRY
 10
274.343
 20
-934.17
 40
2.771
 50
307.476
 51
320.133
  0
ARC
  8
APS_GEOMETRY
 10
275.044
 20
-935.085
 40
1.619
 50
286.429
 51
307.476
  0
ARC
  8
APS_GEOMETRY
 10
274.753
 20
-934.1
 40
2.646
 50
270.0
 51
286.429
  0
ARC
  8
APS_GEOMETRY
 10
274.753
 20
-931.042
 40
5.704
 50
263.774
 51
270.0
  0
ARC
  8
APS_GEOMETRY
 10
276.422
 20
-915.745
 40
21.092
 50
260.538
 51
263.774
  0
ARC
  8
APS_GEOMETRY
 10
268.953
 20
-957.891
 40
21.713
 50
79.38
 51
84.987
  0
ARC
  8
APS_GEOMETRY
 10
265.715
 20
-994.801
 40
58.766
 50
84.987
 51
88.394
  0
LINE
  8
APS_GEOMETRY
 10
267.362
 11
239.63
 20
-936.059
 21
-936.059
  0
ARC
  8
APS_GEOMETRY
 10
239.63
 20
-930.255
 40
5.804
 50
254.103
 51
270.0
  0
ARC
  8
APS_GEOMETRY
 10
238.812
 20
-933.125
 40
2.82
 50
231.216
 51
254.103
  0
ARC
  8
APS_GEOMETRY
 10
238.477
 20
-933.543
 40
2.284
 50
203.795
 51
231.216
  0
ARC
  8
APS_GEOMETRY
 10
239.149
 20
-933.246
 40
3.019
 50
180.0
 51
203.795
  0
ARC
  8
APS_GEOMETRY
 10
239.404
 20
-933.246
 40
3.273
 50
164.055
 51
180.0
  0
ARC
  8
APS_GEOMETRY
 10
237.387
 20
-932.67
 40
1.175
 50
137.291
 51
164.055
  0
ARC
  8
APS_GEOMETRY
 10
237.994
 20
-933.23
 40
2.001
 50
120.964
 51
137.291
  0
ARC
  8
APS_GEOMETRY
 10
244.494
 20
-944.065
 40
14.637
 50
114.944
 51
120.964
  0
ARC
  8
APS_GEOMETRY
 10
236.379
 20
-926.311
 40
4.886
 50
293.429
 51
305.72
  0
ARC
  8
APS_GEOMETRY
 10
237.723
 20
-928.18
 40
2.584
 50
305.72
 51
322.651
  0
ARC
  8
APS_GEOMETRY
 10
237.514
 20
-928.02
 40
2.846
 50
322.651
 51
338.11
  0
ARC
  8
APS_GEOMETRY
 10
233.457
 20
-926.39
 40
7.219
 50
338.11
 51
347.8
  0
ARC
  8
APS_GEOMETRY
 10
208.256
 20
-920.866
 40
33.018
 50
347.672
 51
352.051
  0
ARC
  8
APS_GEOMETRY
 10
183.863
 20
-917.46
 40
57.647
 50
352.051
 51
355.365
  0
ARC
  8
APS_GEOMETRY
 10
167.436
 20
-916.128
 40
74.128
 50
355.365
 51
357.943
  0
ARC
  8
APS_GEOMETRY
 10
125.027
 20
-914.605
 40
116.566
 50
357.943
 51
0.0
  0
ARC
  8
APS_GEOMETRY
 10
76.074
 20
-914.605
 40
165.518
 50
0.0
 51
2.183
  0
ARC
  8
APS_GEOMETRY
 10
175.049
 20
-910.832
 40
66.471
 50
2.183
 51
5.629
  0
ARC
  8
APS_GEOMETRY
 10
204.533
 20
-907.926
 40
36.844
 50
5.629
 51
11.805
  0
ARC
  8
APS_GEOMETRY
 10
233.149
 20
-901.945
 40
7.61
 50
11.805
 51
25.419
  0
ARC
  8
APS_GEOMETRY
 10
236.853
 20
-900.264
 40
3.544
 50
26.565
 51
38.157
  0
ARC
  8
APS_GEOMETRY
 10
238.497
 20
-898.971
 40
1.452
 50
38.157
 51
56.31
  0
ARC
  8
APS_GEOMETRY
 10
238.149
 20
-899.493
 40
2.079
 50
56.31
 51
69.193
  0
ARC
  8
APS_GEOMETRY
 10
233.27
 20
-912.335
 40
15.817
 50
69.193
 51
73.856
  0
ARC
  8
APS_GEOMETRY
 10
238.417
 20
-894.628
 40
2.623
 50
216.87
 51
253.393
  0
ARC
  8
APS_GEOMETRY
 10
238.379
 20
-894.656
 40
2.576
 50
180.0
 51
216.87
  0
ARC
  8
APS_GEOMETRY
 10
238.941
 20
-894.656
 40
3.138
 50
161.565
 51
180.0
  0
ARC
  8
APS_GEOMETRY
 10
238.828
 20
-894.618
 40
3.018
 50
142.765
 51
161.565
  0
ARC
  8
APS_GEOMETRY
 10
238.756
 20
-894.564
 40
2.928
 50
123.425
 51
142.765
  0
ARC
  8
APS_GEOMETRY
 10
238.821
 20
-894.663
 40
3.047
 50
104.47
 51
123.425
  0
ARC
  8
APS_GEOMETRY
 10
239.401
 20
-897.525
 40
5.965
 50
96.724
 51
102.995
  0
ARC
  8
APS_GEOMETRY
 10
241.202
 20
-912.8
 40
21.346
 50
93.411
 51
96.724
  0
ARC
  8
APS_GEOMETRY
 10
242.002
 20
-926.221
 40
34.791
 50
91.375
 51
93.411
  0
ARC
  8
APS_GEOMETRY
 10
242.998
 20
-967.721
 40
76.303
 50
90.0
 51
91.375
  0
LINE
  8
QUOTATURA
 10
425.0
 11
394.106
 20
-458.485
 21
-458.485
  0
LINE
  8
QUOTATURA
 10
627.25
 11
394.106
 20
-412.985
 21
-412.985
  0
LINE
  8
QUOTATURA
 10
409.106
 11
409.106
 20
-458.485
 21
-524.976
  0
LINE
  8
QUOTATURA
 10
409.106
 11
359.544
 20
-524.976
 21
-524.976
  0
LINE
  8
QUOTATURA
 10
404.105
 11
409.106
 20
-488.485
 21
-458.485
  0
LINE
  8
QUOTATURA
 10
409.106
 11
414.107
 20
-458.485
 21
-488.485
  0
LINE
  8
QUOTATURA
 10
414.107
 11
404.105
 20
-488.485
 21
-488.485
  0
LINE
  8
QUOTATURA
 10
409.106
 11
409.106
 20
-412.985
 21
-352.985
  0
LINE
  8
QUOTATURA
 10
414.107
 11
409.106
 20
-382.985
 21
-412.985
  0
LINE
  8
QUOTATURA
 10
409.106
 11
404.105
 20
-412.985
 21
-382.985
  0
LINE
  8
QUOTATURA
 10
404.105
 11
414.107
 20
-382.985
 21
-382.985
  0
LINE
  8
QUOTATURA
 10
846.3
 11
846.3
 20
-556.285
 21
-609.338
  0
LINE
  8
QUOTATURA
 10
936.3
 11
936.3
 20
-556.285
 21
-609.338
  0
LINE
  8
QUOTATURA
 10
846.3
 11
975.774
 20
-599.338
 21
-599.338
  0
LINE
  8
QUOTATURA
 10
866.3
 11
846.3
 20
-602.672
 21
-599.338
  0
LINE
  8
QUOTATURA
 10
846.3
 11
866.3
 20
-599.338
 21
-596.004
  0
LINE
  8
QUOTATURA
 10
866.3
 11
866.3
 20
-596.004
 21
-602.672
  0
LINE
  8
QUOTATURA
 10
916.3
 11
936.3
 20
-596.004
 21
-599.338
  0
LINE
  8
QUOTATURA
 10
936.3
 11
916.3
 20
-599.338
 21
-602.672
  0
LINE
  8
QUOTATURA
 10
916.3
 11
916.3
 20
-602.672
 21
-596.004
  0
LINE
  8
QUOTATURA
 10
872.0
 11
872.0
 20
-406.985
 21
-370.334
  0
LINE
  8
QUOTATURA
 10
941.0
 11
941.0
 20
-406.985
 21
-370.334
  0
LINE
  8
QUOTATURA
 10
872.0
 11
980.224
 20
-380.334
 21
-380.334
  0
LINE
  8
QUOTATURA
 10
892.0
 11
872.0
 20
-383.668
 21
-380.334
  0
LINE
  8
QUOTATURA
 10
872.0
 11
892.0
 20
-380.334
 21
-377.0
  0
LINE
  8
QUOTATURA
 10
892.0
 11
892.0
 20
-377.0
 21
-383.668
  0
LINE
  8
QUOTATURA
 10
921.0
 11
941.0
 20
-377.0
 21
-380.334
  0
LINE
  8
QUOTATURA
 10
941.0
 11
921.0
 20
-380.334
 21
-383.668
  0
LINE
  8
QUOTATURA
 10
921.0
 11
921.0
 20
-383.668
 21
-377.0
  0
LINE
  8
QUOTATURA
 10
0.0
 11
0.0
 20
-550.285
 21
-628.244
  0
LINE
  8
QUOTATURA
 10
40.0
 11
40.0
 20
-548.285
 21
-628.244
  0
LINE
  8
QUOTATURA
 10
0.0
 11
-64.439
 20
-618.244
 21
-618.244
  0
LINE
  8
QUOTATURA
 10
-20.0
 11
0.0
 20
-614.91
 21
-618.244
  0
LINE
  8
QUOTATURA
 10
0.0
 11
-20.0
 20
-618.244
 21
-621.578
  0
LINE
  8
QUOTATURA
 10
-20.0
 11
-20.0
 20
-621.578
 21
-614.91
  0
LINE
  8
QUOTATURA
 10
40.0
 11
80.0
 20
-618.244
 21
-618.244
  0
LINE
  8
QUOTATURA
 10
60.0
 11
40.0
 20
-621.578
 21
-618.244
  0
LINE
  8
QUOTATURA
 10
40.0
 11
60.0
 20
-618.244
 21
-614.91
  0
LINE
  8
QUOTATURA
 10
60.0
 11
60.0
 20
-614.91
 21
-621.578
  0
LINE
  8
QUOTATURA
 10
-328.0
 11
-455.767
 20
6.0
 21
6.0
  0
LINE
  8
QUOTATURA
 10
-328.0
 11
-455.767
 20
2106.0
 21
2106.0
  0
LINE
  8
QUOTATURA
 10
-440.767
 11
-440.767
 20
6.0
 21
628.902
  0
LINE
  8
QUOTATURA
 10
-440.767
 11
-440.767
 20
875.269
 21
2106.0
  0
LINE
  8
QUOTATURA
 10
-435.766
 11
-440.767
 20
36.0
 21
6.0
  0
LINE
  8
QUOTATURA
 10
-440.767
 11
-445.768
 20
6.0
 21
36.0
  0
LINE
  8
QUOTATURA
 10
-445.768
 11
-435.766
 20
36.0
 21
36.0
  0
LINE
  8
QUOTATURA
 10
-445.768
 11
-440.767
 20
2076.0
 21
2106.0
  0
LINE
  8
QUOTATURA
 10
-440.767
 11
-435.766
 20
2106.0
 21
2076.0
  0
LINE
  8
QUOTATURA
 10
-435.766
 11
-445.768
 20
2076.0
 21
2076.0
  0
LINE
  8
QUOTATURA
 10
-407.8
 11
-529.485
 20
2100.0
 21
2100.0
  0
LINE
  8
QUOTATURA
 10
-328.0
 11
-529.485
 20
6.0
 21
6.0
  0
LINE
  8
QUOTATURA
 10
-514.485
 11
-514.485
 20
2100.0
 21
1478.748
  0
LINE
  8
QUOTATURA
 10
-514.485
 11
-514.485
 20
1061.28
 21
6.0
  0
LINE
  8
QUOTATURA
 10
-519.486
 11
-514.485
 20
2070.0
 21
2100.0
  0
LINE
  8
QUOTATURA
 10
-514.485
 11
-509.484
 20
2100.0
 21
2070.0
  0
LINE
  8
QUOTATURA
 10
-509.484
 11
-519.486
 20
2070.0
 21
2070.0
  0
LINE
  8
QUOTATURA
 10
-509.484
 11
-514.485
 20
36.0
 21
6.0
  0
LINE
  8
QUOTATURA
 10
-514.485
 11
-519.486
 20
6.0
 21
36.0
  0
LINE
  8
QUOTATURA
 10
-519.486
 11
-509.484
 20
36.0
 21
36.0
  0
LINE
  8
QUOTATURA
 10
-409.8
 11
-638.335
 20
2140.0
 21
2140.0
  0
LINE
  8
QUOTATURA
 10
-328.0
 11
-638.335
 20
0.0
 21
0.0
  0
LINE
  8
QUOTATURA
 10
-623.335
 11
-623.335
 20
2140.0
 21
1499.841
  0
LINE
  8
QUOTATURA
 10
-623.335
 11
-623.335
 20
1089.583
 21
0.0
  0
LINE
  8
QUOTATURA
 10
-628.336
 11
-623.335
 20
2110.0
 21
2140.0
  0
LINE
  8
QUOTATURA
 10
-623.335
 11
-618.334
 20
2140.0
 21
2110.0
  0
LINE
  8
QUOTATURA
 10
-618.334
 11
-628.336
 20
2110.0
 21
2110.0
  0
LINE
  8
QUOTATURA
 10
-618.334
 11
-623.335
 20
30.0
 21
0.0
  0
LINE
  8
QUOTATURA
 10
-623.335
 11
-628.336
 20
0.0
 21
30.0
  0
LINE
  8
QUOTATURA
 10
-628.336
 11
-618.334
 20
30.0
 21
30.0
  0
LINE
  8
QUOTATURA
 10
77.5
 11
-123.981
 20
906.0
 21
906.0
  0
LINE
  8
QUOTATURA
 10
17.5
 11
-123.981
 20
6.0
 21
6.0
  0
LINE
  8
QUOTATURA
 10
-108.981
 11
-108.981
 20
906.0
 21
737.783
  0
LINE
  8
QUOTATURA
 10
-108.981
 11
-108.981
 20
642.624
 21
6.0
  0
LINE
  8
QUOTATURA
 10
-113.982
 11
-108.981
 20
876.0
 21
906.0
  0
LINE
  8
QUOTATURA
 10
-108.981
 11
-103.98
 20
906.0
 21
876.0
  0
LINE
  8
QUOTATURA
 10
-103.98
 11
-113.982
 20
876.0
 21
876.0
  0
LINE
  8
QUOTATURA
 10
-103.98
 11
-108.981
 20
36.0
 21
6.0
  0
LINE
  8
QUOTATURA
 10
-108.981
 11
-113.982
 20
6.0
 21
36.0
  0
LINE
  8
QUOTATURA
 10
-113.982
 11
-103.98
 20
36.0
 21
36.0
  0
LINE
  8
QUOTATURA
 10
92.5
 11
92.5
 20
900.999
 21
911.001
  0
LINE
  8
QUOTATURA
 10
87.499
 11
97.501
 20
906.0
 21
906.0
  0
CIRCLE
  8
QUOTATURA
 10
3416.638
 20
5994.262
 40
2711.352
  0
LINE
  8
QUOTATURA
 10
-169.279
 11
1520.448
 20
2329.254
 21
4056.249
  0
CIRCLE
  8
QUOTATURA
 10
-358.898
 20
2135.453
 40
271.135
  0
LINE
  8
APS_GEOMETRY
 10
4330.616
 11
4330.616
 20
3441.601
 21
5669.736
  0
ARC
  8
APS_GEOMETRY
 10
4300.616
 20
5669.736
 40
30.0
 50
360.0
 51
90.0
  0
LINE
  8
APS_GEOMETRY
 10
4300.616
 11
3905.616
 20
5699.736
 21
5699.736
  0
ARC
  8
APS_GEOMETRY
 10
3905.616
 20
5669.736
 40
30.0
 50
90.0
 51
180.0
  0
LINE
  8
APS_GEOMETRY
 10
3875.616
 11
3875.616
 20
5669.736
 21
3322.04
  0
LINE
  8
COSTRUZIONI
 10
4230.616
 11
3057.616
 20
6089.736
 21
6089.736
  0
LINE
  8
COSTRUZIONI
 10
4230.616
 11
3057.616
 20
6289.736
 21
6289.736
  0
LINE
  8
COSTRUZIONI
 10
4230.616
 11
4230.616
 20
6089.736
 21
7440.168
  0
LINE
  8
COSTRUZIONI
 10
3057.616
 11
3057.616
 20
6089.736
 21
7440.168
  0
LINE
  8
COSTRUZIONI
 10
3057.616
 11
4230.616
 20
6288.55
 21
6089.736
  0
LINE
  8
COSTRUZIONI
 10
4230.616
 11
3057.616
 20
6289.736
 21
6090.923
  0
LINE
  8
APS_GEOMETRY
 10
3057.616
 11
4230.616
 20
6039.736
 21
6039.736
  0
LINE
  8
APS_GEOMETRY
 10
4230.616
 11
4230.616
 20
6039.736
 21
5994.736
  0
LINE
  8
APS_GEOMETRY
 10
4230.616
 11
4057.616
 20
5994.736
 21
5994.736
  0
LINE
  8
APS_GEOMETRY
 10
4057.616
 11
4057.616
 20
5994.736
 21
5959.736
  0
LINE
  8
APS_GEOMETRY
 10
4057.616
 11
4300.616
 20
5959.736
 21
5959.736
  0
ARC
  8
APS_GEOMETRY
 10
4300.616
 20
5929.736
 40
30.0
 50
360.0
 51
90.0
  0
LINE
  8
APS_GEOMETRY
 10
4330.616
 11
4330.616
 20
5929.736
 21
5759.736
  0
ARC
  8
APS_GEOMETRY
 10
4310.616
 20
5759.736
 40
20.0
 50
270.0
 51
360.0
  0
LINE
  8
APS_GEOMETRY
 10
4310.616
 11
3855.616
 20
5739.736
 21
5739.736
  0
LINE
  8
APS_GEOMETRY
 10
3855.616
 11
3855.616
 20
5739.736
 21
5706.735
  0
LINE
  8
APS_GEOMETRY
 10
3855.616
 11
3795.616
 20
5706.735
 21
5706.735
  0
LINE
  8
APS_GEOMETRY
 10
3795.616
 11
3795.616
 20
5706.735
 21
5676.735
  0
LINE
  8
APS_GEOMETRY
 10
3795.616
 11
3855.616
 20
5676.735
 21
5676.735
  0
LINE
  8
APS_GEOMETRY
 10
3855.616
 11
3855.616
 20
5676.735
 21
5659.735
  0
ARC
  8
APS_GEOMETRY
 10
3835.616
 20
5659.735
 40
20.0
 50
270.0
 51
360.0
  0
LINE
  8
APS_GEOMETRY
 10
3835.616
 11
3077.616
 20
5639.735
 21
5639.735
  0
ARC
  8
APS_GEOMETRY
 10
3077.616
 20
5659.735
 40
20.0
 50
180.0
 51
270.0
  0
LINE
  8
APS_GEOMETRY
 10
3057.616
 11
3057.616
 20
5659.735
 21
5699.735
  0
LINE
  8
APS_GEOMETRY
 10
3057.616
 11
3230.616
 20
5699.735
 21
5699.735
  0
LINE
  8
APS_GEOMETRY
 10
3230.616
 11
3230.616
 20
5699.735
 21
5737.735
  0
LINE
  8
APS_GEOMETRY
 10
3230.616
 11
3057.616
 20
5737.735
 21
5737.735
  0
LINE
  8
APS_GEOMETRY
 10
3057.616
 11
3057.616
 20
5737.735
 21
6039.736
  0
LINE
  8
APS_GEOMETRY
 10
4260.616
 11
4260.616
 20
6589.736
 21
6044.736
  0
LINE
  8
APS_GEOMETRY
 10
4260.616
 11
4230.616
 20
6044.736
 21
6044.736
  0
LINE
  8
APS_GEOMETRY
 10
4230.616
 11
4230.616
 20
6044.736
 21
5994.736
  0
LINE
  8
APS_GEOMETRY
 10
4230.616
 11
4120.616
 20
5994.736
 21
5994.736
  0
LINE
  8
APS_GEOMETRY
 10
4120.616
 11
4110.616
 20
5994.736
 21
5984.736
  0
LINE
  8
APS_GEOMETRY
 10
4110.616
 11
4110.616
 20
5984.736
 21
5959.736
  0
LINE
  8
APS_GEOMETRY
 10
4110.616
 11
4290.616
 20
5959.736
 21
5959.736
  0
ARC
  8
APS_GEOMETRY
 10
4290.616
 20
5999.736
 40
40.0
 50
270.0
 51
360.0
  0
LINE
  8
APS_GEOMETRY
 10
4330.616
 11
4330.616
 20
5999.736
 21
6609.736
  0
ARC
  8
APS_GEOMETRY
 10
4290.616
 20
6609.736
 40
40.0
 50
360.0
 51
90.0
  0
LINE
  8
APS_GEOMETRY
 10
4290.616
 11
4230.616
 20
6649.736
 21
6649.736
  0
LINE
  8
APS_GEOMETRY
 10
4230.616
 11
4230.616
 20
6649.736
 21
6589.736
  0
LINE
  8
APS_GEOMETRY
 10
4230.616
 11
4260.616
 20
6589.736
 21
6589.736
  0
LINE
  8
APS_GEOMETRY
 10
3167.616
 11
3177.616
 20
5737.735
 21
5727.735
  0
LINE
  8
APS_GEOMETRY
 10
3177.616
 11
3177.616
 20
5727.735
 21
5702.735
  0
LINE
  8
APS_GEOMETRY
 10
3177.616
 11
2997.616
 20
5702.735
 21
5702.735
  0
ARC
  8
APS_GEOMETRY
 10
2997.616
 20
5742.735
 40
40.0
 50
180.0
 51
270.0
  0
LINE
  8
APS_GEOMETRY
 10
2957.616
 11
2957.616
 20
5742.735
 21
6562.735
  0
ARC
  8
APS_GEOMETRY
 10
2997.616
 20
6562.735
 40
40.0
 50
90.0
 51
180.0
  0
LINE
  8
APS_GEOMETRY
 10
2997.616
 11
3057.616
 20
6602.735
 21
6602.735
  0
LINE
  8
APS_GEOMETRY
 10
3057.616
 11
3057.616
 20
6602.735
 21
6542.735
  0
LINE
  8
APS_GEOMETRY
 10
3057.616
 11
3027.616
 20
6542.735
 21
6542.735
  0
LINE
  8
APS_GEOMETRY
 10
3027.616
 11
3027.616
 20
6542.735
 21
5787.735
  0
LINE
  8
APS_GEOMETRY
 10
3027.616
 11
3057.616
 20
5787.735
 21
5787.735
  0
LINE
  8
APS_GEOMETRY
 10
3057.616
 11
3057.616
 20
5787.735
 21
5737.735
  0
LINE
  8
APS_GEOMETRY
 10
3057.616
 11
3167.616
 20
5737.735
 21
5737.735
  0
LINE
  8
APS_GEOMETRY
 10
4143.116
 11
4143.116
 20
5349.736
 21
3382.048
  0
LINE
  8
APS_GEOMETRY
 10
4063.116
 11
4063.116
 20
5349.736
 21
3361.108
  0
LINE
  8
APS_GEOMETRY
 10
4270.616
 11
4270.616
 20
3420.907
 21
5699.736
  0
LINE
  8
APS_GEOMETRY
 10
3935.616
 11
3935.616
 20
5699.736
 21
3333.042
  0
LINE
  8
APS_GEOMETRY
 10
4133.116
 11
4133.116
 20
3379.287
 21
5349.736
  0
LINE
  8
APS_GEOMETRY
 10
4123.116
 11
4123.116
 20
5349.736
 21
3376.568
  0
LINE
  8
APS_GEOMETRY
 10
4113.116
 11
4113.116
 20
3373.89
 21
5349.736
  0
LINE
  8
APS_GEOMETRY
 10
4103.116
 11
4103.116
 20
5349.736
 21
3371.252
  0
LINE
  8
APS_GEOMETRY
 10
4093.116
 11
4093.116
 20
3368.655
 21
5349.736
  0
LINE
  8
APS_GEOMETRY
 10
4083.116
 11
4083.116
 20
5349.736
 21
3366.099
  0
LINE
  8
APS_GEOMETRY
 10
4073.116
 11
4073.116
 20
3363.584
 21
5349.736
  0
ARC
  8
QUOTATURA
 10
3309.772
 20
3256.109
 40
12.331
 50
42.904
 51
122.546
  0
ARC
  8
QUOTATURA
 10
3306.606
 20
3261.225
 40
6.317
 50
123.307
 51
253.426
  0
LINE
  8
QUOTATURA
 10
3304.804
 11
3314.804
 20
3255.171
 21
3251.837
  0
ARC
  8
QUOTATURA
 10
3312.768
 20
3245.378
 40
6.772
 50
299.838
 51
72.504
  0
ARC
  8
QUOTATURA
 10
3309.638
 20
3250.773
 40
13.01
 50
240.023
 51
299.974
  0
ARC
  8
QUOTATURA
 10
3306.695
 20
3245.729
 40
7.17
 50
209.759
 51
240.255
  0
ARC
  8
QUOTATURA
 10
3330.404
 20
3252.931
 40
18.236
 50
31.027
 51
40.045
  0
ARC
  8
QUOTATURA
 10
3336.698
 20
3258.525
 40
9.822
 50
38.687
 51
141.312
  0
ARC
  8
QUOTATURA
 10
3343.222
 20
3253.165
 40
18.265
 50
140.979
 51
219.022
  0
ARC
  8
QUOTATURA
 10
3336.698
 20
3247.804
 40
9.822
 50
218.688
 51
321.313
  0
ARC
  8
QUOTATURA
 10
3330.292
 20
3252.375
 40
17.685
 50
322.727
 51
335.346
  0
LINE
  8
QUOTATURA
 10
3356.266
 11
3374.6
 20
3244.576
 21
3244.576
  0
LINE
  8
QUOTATURA
 10
3352.6
 11
3364.266
 20
3237.909
 21
3267.909
  0
LINE
  8
QUOTATURA
 10
3364.266
 11
3366.933
 20
3267.909
 21
3267.909
  0
LINE
  8
QUOTATURA
 10
3366.933
 11
3377.933
 20
3267.909
 21
3237.909
  0
LINE
  8
QUOTATURA
 10
3383.933
 11
3383.933
 20
3267.909
 21
3237.909
  0
LINE
  8
QUOTATURA
 10
3383.933
 11
3403.933
 20
3237.909
 21
3237.909
  0
LINE
  8
QUOTATURA
 10
3413.6
 11
3431.933
 20
3244.576
 21
3244.576
  0
LINE
  8
QUOTATURA
 10
3409.933
 11
3421.6
 20
3237.909
 21
3267.909
  0
LINE
  8
QUOTATURA
 10
3421.6
 11
3424.266
 20
3267.909
 21
3267.909
  0
LINE
  8
QUOTATURA
 10
3424.266
 11
3435.266
 20
3267.909
 21
3237.909
  0
LINE
  8
QUOTATURA
 10
3469.766
 11
3474.913
 20
3237.909
 21
3237.909
  0
LINE
  8
QUOTATURA
 10
3474.913
 11
3480.06
 20
3237.909
 21
3237.909
  0
LINE
  8
QUOTATURA
 10
3474.913
 11
3474.913
 20
3237.909
 21
3267.909
  0
LINE
  8
QUOTATURA
 10
3474.913
 11
3469.766
 20
3267.909
 21
3262.763
  0
ARC
  8
QUOTATURA
 10
3497.909
 20
3247.366
 40
9.822
 50
218.689
 51
321.311
  0
ARC
  8
QUOTATURA
 10
3491.385
 20
3252.726
 40
18.265
 50
320.978
 51
39.021
  0
ARC
  8
QUOTATURA
 10
3497.909
 20
3258.086
 40
9.822
 50
38.688
 51
141.313
  0
ARC
  8
QUOTATURA
 10
3504.433
 20
3252.726
 40
18.265
 50
140.979
 51
219.021
  0
LINE
  8
QUOTATURA
 10
3517.043
 11
3515.543
 20
3256.847
 21
3256.847
  0
LINE
  8
QUOTATURA
 10
3515.543
 11
3515.543
 20
3256.847
 21
3258.347
  0
LINE
  8
QUOTATURA
 10
3515.543
 11
3517.043
 20
3258.347
 21
3258.347
  0
LINE
  8
QUOTATURA
 10
3517.043
 11
3517.043
 20
3258.347
 21
3256.847
  0
LINE
  8
QUOTATURA
 10
3517.043
 11
3515.543
 20
3244.847
 21
3244.847
  0
LINE
  8
QUOTATURA
 10
3515.543
 11
3515.543
 20
3244.847
 21
3246.347
  0
LINE
  8
QUOTATURA
 10
3515.543
 11
3517.043
 20
3246.347
 21
3246.347
  0
LINE
  8
QUOTATURA
 10
3517.043
 11
3517.043
 20
3246.347
 21
3244.847
  0
LINE
  8
QUOTATURA
 10
3523.043
 11
3528.19
 20
3237.909
 21
3237.909
  0
LINE
  8
QUOTATURA
 10
3528.19
 11
3533.337
 20
3237.909
 21
3237.909
  0
LINE
  8
QUOTATURA
 10
3528.19
 11
3528.19
 20
3237.909
 21
3267.909
  0
LINE
  8
QUOTATURA
 10
3528.19
 11
3523.043
 20
3267.909
 21
3262.763
  0
LINE
  8
QUOTATURA
 10
2907.616
 11
2607.418
 20
5702.735
 21
5702.735
  0
LINE
  8
QUOTATURA
 10
2907.616
 11
2607.418
 20
6602.735
 21
6602.735
  0
LINE
  8
QUOTATURA
 10
2657.418
 11
2657.418
 20
5702.735
 21
6076.495
  0
LINE
  8
QUOTATURA
 10
2657.418
 11
2657.418
 20
6227.732
 21
6602.735
  0
LINE
  8
QUOTATURA
 10
2674.088
 11
2657.418
 20
5802.735
 21
5702.735
  0
LINE
  8
QUOTATURA
 10
2657.418
 11
2640.748
 20
5702.735
 21
5802.735
  0
LINE
  8
QUOTATURA
 10
2640.748
 11
2674.088
 20
5802.735
 21
5802.735
  0
LINE
  8
QUOTATURA
 10
2640.748
 11
2657.418
 20
6502.735
 21
6602.735
  0
LINE
  8
QUOTATURA
 10
2657.418
 11
2674.088
 20
6602.735
 21
6502.735
  0
LINE
  8
QUOTATURA
 10
2674.088
 11
2640.748
 20
6502.735
 21
6502.735
  0
LINE
  8
QUOTATURA
 10
4380.616
 11
4733.747
 20
5959.736
 21
5959.736
  0
LINE
  8
QUOTATURA
 10
4380.616
 11
4733.747
 20
6649.736
 21
6649.736
  0
LINE
  8
QUOTATURA
 10
4683.747
 11
4683.747
 20
5959.736
 21
6228.496
  0
LINE
  8
QUOTATURA
 10
4683.747
 11
4683.747
 20
6379.888
 21
6649.736
  0
LINE
  8
QUOTATURA
 10
4700.417
 11
4683.747
 20
6059.736
 21
5959.736
  0
LINE
  8
QUOTATURA
 10
4683.747
 11
4667.077
 20
5959.736
 21
6059.736
  0
LINE
  8
QUOTATURA
 10
4667.077
 11
4700.417
 20
6059.736
 21
6059.736
  0
LINE
  8
QUOTATURA
 10
4667.077
 11
4683.747
 20
6549.736
 21
6649.736
  0
LINE
  8
QUOTATURA
 10
4683.747
 11
4700.417
 20
6649.736
 21
6549.736
  0
LINE
  8
QUOTATURA
 10
4700.417
 11
4667.077
 20
6549.736
 21
6549.736
  0
LINE
  8
QUOTATURA
 10
3506.616
 11
3678.509
 20
5639.735
 21
5639.735
  0
LINE
  8
QUOTATURA
 10
3628.509
 11
3628.509
 20
5639.735
 21
5763.516
  0
LINE
  8
QUOTATURA
 10
3628.509
 11
3628.509
 20
5914.77
 21
6039.736
  0
LINE
  8
QUOTATURA
 10
3645.179
 11
3628.509
 20
5739.735
 21
5639.735
  0
LINE
  8
QUOTATURA
 10
3628.509
 11
3611.839
 20
5639.735
 21
5739.735
  0
LINE
  8
QUOTATURA
 10
3611.839
 11
3645.179
 20
5739.735
 21
5739.735
  0
LINE
  8
QUOTATURA
 10
3611.839
 11
3628.509
 20
5939.736
 21
6039.736
  0
LINE
  8
QUOTATURA
 10
3628.509
 11
3645.179
 20
6039.736
 21
5939.736
  0
LINE
  8
QUOTATURA
 10
3645.179
 11
3611.839
 20
5939.736
 21
5939.736
  0
LINE
  8
QUOTATURA
 10
3875.616
 11
3875.616
 20
5619.736
 21
5417.373
  0
LINE
  8
QUOTATURA
 10
4330.616
 11
4330.616
 20
5619.736
 21
5417.373
  0
LINE
  8
QUOTATURA
 10
3875.616
 11
4547.706
 20
5467.373
 21
5467.373
  0
LINE
  8
QUOTATURA
 10
3975.616
 11
3875.616
 20
5450.703
 21
5467.373
  0
LINE
  8
QUOTATURA
 10
3875.616
 11
3975.616
 20
5467.373
 21
5484.043
  0
LINE
  8
QUOTATURA
 10
3975.616
 11
3975.616
 20
5484.043
 21
5450.703
  0
LINE
  8
QUOTATURA
 10
4230.616
 11
4330.616
 20
5484.043
 21
5467.373
  0
LINE
  8
QUOTATURA
 10
4330.616
 11
4230.616
 20
5467.373
 21
5450.703
  0
LINE
  8
QUOTATURA
 10
4230.616
 11
4230.616
 20
5450.703
 21
5484.043
  0
LINE
  8
QUOTATURA
 10
4063.116
 11
4063.116
 20
4580.422
 21
4740.053
  0
LINE
  8
QUOTATURA
 10
4143.116
 11
4143.116
 20
4590.892
 21
4740.053
  0
LINE
  8
QUOTATURA
 10
4063.116
 11
3619.187
 20
4690.053
 21
4690.053
  0
LINE
  8
QUOTATURA
 10
3963.116
 11
4063.116
 20
4706.723
 21
4690.053
  0
LINE
  8
QUOTATURA
 10
4063.116
 11
3963.116
 20
4690.053
 21
4673.383
  0
LINE
  8
QUOTATURA
 10
3963.116
 11
3963.116
 20
4673.383
 21
4706.723
  0
LINE
  8
QUOTATURA
 10
4143.116
 11
4343.116
 20
4690.053
 21
4690.053
  0
LINE
  8
QUOTATURA
 10
4243.116
 11
4143.116
 20
4673.383
 21
4690.053
  0
LINE
  8
QUOTATURA
 10
4143.116
 11
4243.116
 20
4690.053
 21
4706.723
  0
LINE
  8
QUOTATURA
 10
4243.116
 11
4243.116
 20
4706.723
 21
4673.383
  0
LINE
  8
QUOTATURA
 10
32.5
 11
32.5
 20
-470.485
 21
-620.306
  0
LINE
  8
QUOTATURA
 10
847.5
 11
847.5
 20
-470.485
 21
-620.306
  0
LINE
  8
QUOTATURA
 10
32.5
 11
331.609
 20
-605.306
 21
-605.306
  0
LINE
  8
QUOTATURA
 10
548.391
 11
847.5
 20
-605.306
 21
-605.306
  0
LINE
  8
QUOTATURA
 10
62.5
 11
32.5
 20
-610.307
 21
-605.306
  0
LINE
  8
QUOTATURA
 10
32.5
 11
62.5
 20
-605.306
 21
-600.305
  0
LINE
  8
QUOTATURA
 10
62.5
 11
62.5
 20
-600.305
 21
-610.307
  0
LINE
  8
QUOTATURA
 10
817.5
 11
847.5
 20
-600.305
 21
-605.306
  0
LINE
  8
QUOTATURA
 10
847.5
 11
817.5
 20
-605.306
 21
-610.307
  0
LINE
  8
QUOTATURA
 10
817.5
 11
817.5
 20
-610.307
 21
-600.305
  0
LINE
  8
QUOTATURA
 10
40.0
 11
40.0
 20
-553.285
 21
-700.884
  0
LINE
  8
QUOTATURA
 10
840.0
 11
840.0
 20
-553.285
 21
-700.884
  0
LINE
  8
QUOTATURA
 10
40.0
 11
245.153
 20
-685.884
 21
-685.884
  0
LINE
  8
QUOTATURA
 10
634.847
 11
840.0
 20
-685.884
 21
-685.884
  0
LINE
  8
QUOTATURA
 10
70.0
 11
40.0
 20
-690.885
 21
-685.884
  0
LINE
  8
QUOTATURA
 10
40.0
 11
70.0
 20
-685.884
 21
-680.883
  0
LINE
  8
QUOTATURA
 10
70.0
 11
70.0
 20
-680.883
 21
-690.885
  0
LINE
  8
QUOTATURA
 10
810.0
 11
840.0
 20
-680.883
 21
-685.884
  0
LINE
  8
QUOTATURA
 10
840.0
 11
810.0
 20
-685.884
 21
-690.885
  0
LINE
  8
QUOTATURA
 10
810.0
 11
810.0
 20
-690.885
 21
-680.883
  0
LINE
  8
QUOTATURA
 10
462.704
 11
492.704
 20
-28.865
 21
-33.866
  0
LINE
  8
QUOTATURA
 10
492.704
 11
462.704
 20
-33.866
 21
-38.867
  0
LINE
  8
QUOTATURA
 10
462.704
 11
462.704
 20
-38.867
 21
-28.865
  0
LINE
  8
QUOTATURA
 10
492.704
 11
437.492
 20
-33.866
 21
-33.866
  0
LINE
  8
QUOTATURA
 10
437.492
 11
437.492
 20
-33.866
 21
6.373
  0
LINE
  8
QUOTATURA
 10
1012.283
 11
1017.284
 20
617.159
 21
587.159
  0
LINE
  8
QUOTATURA
 10
1017.284
 11
1022.285
 20
587.159
 21
617.159
  0
LINE
  8
QUOTATURA
 10
1022.285
 11
1012.283
 20
617.159
 21
617.159
  0
LINE
  8
QUOTATURA
 10
1017.284
 11
1017.284
 20
587.159
 21
642.371
  0
LINE
  8
QUOTATURA
 10
1017.284
 11
963.359
 20
642.371
 21
642.371
  0
CIRCLE
  8
QUOTATURA
 10
-2136.118
 20
-850.27
 40
1211.369
  0
LINE
  8
QUOTATURA
 10
-375.172
 11
-1038.95
 20
-26.179
 21
-336.815
  0
CIRCLE
  8
QUOTATURA
 10
-265.455
 20
25.166
 40
121.137
  0
LINE
  8
APS_GEOMETRY
 10
-2611.566
 11
-2611.566
 20
263.895
 21
-1011.932
  0
ARC
  8
APS_GEOMETRY
 10
-2581.566
 20
-1011.932
 40
30.0
 50
180.0
 51
270.0
  0
LINE
  8
APS_GEOMETRY
 10
-2581.566
 11
-2439.066
 20
-1041.932
 21
-1041.932
  0
LINE
  8
APS_GEOMETRY
 10
-2385.074
 11
-2383.058
 20
-1041.932
 21
-1041.932
  0
LINE
  8
APS_GEOMETRY
 10
-2329.066
 11
-2186.566
 20
-1041.932
 21
-1041.932
  0
ARC
  8
APS_GEOMETRY
 10
-2186.566
 20
-1011.932
 40
30.0
 50
270.0
 51
360.0
  0
LINE
  8
APS_GEOMETRY
 10
-2156.566
 11
-2156.566
 20
360.926
 21
-1011.932
  0
LINE
  8
APS_GEOMETRY
 10
-2344.066
 11
-2344.066
 20
343.117
 21
-491.932
  0
LINE
  8
APS_GEOMETRY
 10
-2424.066
 11
-2424.066
 20
326.378
 21
-491.932
  0
LINE
  8
APS_GEOMETRY
 10
-2216.566
 11
-2216.566
 20
-1041.932
 21
358.424
  0
LINE
  8
APS_GEOMETRY
 10
-2551.566
 11
-2551.566
 20
287.63
 21
-1041.932
  0
LINE
  8
COSTRUZIONI
 10
-951.179
 11
-3321.058
 20
-1101.932
 21
-1101.932
  0
LINE
  8
APS_GEOMETRY
 10
-2319.066
 11
-2319.066
 20
-1041.932
 21
-741.932
  0
LINE
  8
APS_GEOMETRY
 10
-2319.066
 11
-2449.066
 20
-741.932
 21
-741.932
  0
LINE
  8
APS_GEOMETRY
 10
-2449.066
 11
-2449.066
 20
-741.932
 21
-1041.932
  0
CIRCLE
  8
APS_GEOMETRY
 10
-2384.066
 20
-831.932
 40
65.0
  0
CIRCLE
  8
APS_GEOMETRY
 10
-2384.066
 20
-831.932
 40
60.0
  0
LINE
  8
APS_GEOMETRY
 10
-2329.066
 11
-2329.066
 20
-1041.932
 21
-866.573
  0
LINE
  8
APS_GEOMETRY
 10
-2329.066
 11
-2329.066
 20
-797.291
 21
-777.787
  0
LINE
  8
APS_GEOMETRY
 10
-2329.066
 11
-2329.066
 20
-767.787
 21
-751.932
  0
LINE
  8
APS_GEOMETRY
 10
-2329.066
 11
-2439.066
 20
-751.932
 21
-751.932
  0
LINE
  8
APS_GEOMETRY
 10
-2439.066
 11
-2439.066
 20
-751.932
 21
-767.787
  0
LINE
  8
APS_GEOMETRY
 10
-2439.066
 11
-2439.066
 20
-777.787
 21
-797.291
  0
LINE
  8
APS_GEOMETRY
 10
-2439.066
 11
-2439.066
 20
-866.573
 21
-1041.932
  0
LINE
  8
APS_GEOMETRY
 10
-2449.066
 11
-2439.066
 20
-1041.932
 21
-1041.932
  0
LINE
  8
APS_GEOMETRY
 10
-2329.066
 11
-2319.066
 20
-1041.932
 21
-1041.932
  0
LINE
  8
APS_GEOMETRY
 10
-2329.066
 11
-2339.066
 20
-767.787
 21
-767.787
  0
LINE
  8
APS_GEOMETRY
 10
-2339.066
 11
-2339.066
 20
-767.787
 21
-777.787
  0
LINE
  8
APS_GEOMETRY
 10
-2339.066
 11
-2329.066
 20
-777.787
 21
-777.787
  0
LINE
  8
APS_GEOMETRY
 10
-2439.066
 11
-2429.066
 20
-777.787
 21
-777.787
  0
LINE
  8
APS_GEOMETRY
 10
-2429.066
 11
-2429.066
 20
-777.787
 21
-767.787
  0
LINE
  8
APS_GEOMETRY
 10
-2429.066
 11
-2439.066
 20
-767.787
 21
-767.787
  0
CIRCLE
  8
APS_GEOMETRY
 10
-2384.066
 20
-831.932
 40
15.0
  0
LINE
  8
APS_GEOMETRY
 10
-2391.566
 11
-2376.566
 20
-844.923
 21
-844.923
  0
LINE
  8
APS_GEOMETRY
 10
-2376.566
 11
-2369.066
 20
-844.923
 21
-831.932
  0
LINE
  8
APS_GEOMETRY
 10
-2369.066
 11
-2376.566
 20
-831.932
 21
-818.942
  0
LINE
  8
APS_GEOMETRY
 10
-2376.566
 11
-2391.566
 20
-818.942
 21
-818.942
  0
LINE
  8
APS_GEOMETRY
 10
-2391.566
 11
-2399.066
 20
-818.942
 21
-831.932
  0
LINE
  8
APS_GEOMETRY
 10
-2399.066
 11
-2391.566
 20
-831.932
 21
-844.923
  0
CIRCLE
  8
COSTRUZIONI
 10
-2384.066
 20
-831.932
 40
15.0
  0
LINE
  8
APS_GEOMETRY
 10
-2416.566
 11
-2416.566
 20
-888.224
 21
-926.932
  0
LINE
  8
APS_GEOMETRY
 10
-2416.566
 11
-2351.566
 20
-926.932
 21
-926.932
  0
LINE
  8
APS_GEOMETRY
 10
-2351.566
 11
-2351.566
 20
-926.932
 21
-888.224
  0
LINE
  8
APS_GEOMETRY
 10
-2426.566
 11
-2426.566
 20
-881.113
 21
-976.932
  0
ARC
  8
APS_GEOMETRY
 10
-2421.566
 20
-976.932
 40
5.0
 50
180.0
 51
270.0
  0
LINE
  8
APS_GEOMETRY
 10
-2421.566
 11
-2406.566
 20
-981.932
 21
-981.932
  0
LINE
  8
APS_GEOMETRY
 10
-2406.566
 11
-2406.566
 20
-981.932
 21
-971.932
  0
LINE
  8
APS_GEOMETRY
 10
-2406.566
 11
-2416.566
 20
-971.932
 21
-971.932
  0
LINE
  8
APS_GEOMETRY
 10
-2416.566
 11
-2416.566
 20
-971.932
 21
-936.932
  0
LINE
  8
APS_GEOMETRY
 10
-2416.566
 11
-2351.566
 20
-936.932
 21
-936.932
  0
LINE
  8
APS_GEOMETRY
 10
-2351.566
 11
-2351.566
 20
-936.932
 21
-971.932
  0
LINE
  8
APS_GEOMETRY
 10
-2351.566
 11
-2361.566
 20
-971.932
 21
-971.932
  0
LINE
  8
APS_GEOMETRY
 10
-2361.566
 11
-2361.566
 20
-971.932
 21
-981.932
  0
LINE
  8
APS_GEOMETRY
 10
-2361.566
 11
-2346.566
 20
-981.932
 21
-981.932
  0
ARC
  8
APS_GEOMETRY
 10
-2346.566
 20
-976.932
 40
5.0
 50
270.0
 51
0.0
  0
LINE
  8
APS_GEOMETRY
 10
-2341.566
 11
-2341.566
 20
-976.932
 21
-881.113
  0
ARC
  8
APS_GEOMETRY
 10
-2379.384
 20
-873.257
 40
131.746
 50
258.977
 51
261.092
  0
ARC
  8
APS_GEOMETRY
 10
-2392.602
 20
-957.586
 40
46.388
 50
261.092
 51
265.699
  0
ARC
  8
APS_GEOMETRY
 10
-2390.878
 20
-934.653
 40
69.385
 50
265.699
 51
269.237
  0
ARC
  8
APS_GEOMETRY
 10
-2385.022
 20
-494.871
 40
509.206
 50
269.237
 51
270.051
  0
ARC
  8
APS_GEOMETRY
 10
-2385.038
 20
-476.493
 40
527.584
 50
270.051
 51
270.106
  0
ARC
  8
APS_GEOMETRY
 10
-2383.095
 20
-476.493
 40
527.584
 50
269.894
 51
269.949
  0
ARC
  8
APS_GEOMETRY
 10
-2383.11
 20
-494.871
 40
509.206
 50
269.949
 51
270.763
  0
ARC
  8
APS_GEOMETRY
 10
-2377.255
 20
-934.653
 40
69.385
 50
270.763
 51
274.301
  0
ARC
  8
APS_GEOMETRY
 10
-2375.53
 20
-957.586
 40
46.388
 50
274.301
 51
278.908
  0
ARC
  8
APS_GEOMETRY
 10
-2388.748
 20
-873.257
 40
131.746
 50
278.908
 51
281.023
  0
ARC
  8
APS_GEOMETRY
 10
-7687.195
 20
26326.191
 40
27842.457
 50
281.023
 51
281.03
  0
ARC
  8
APS_GEOMETRY
 10
-5899.527
 20
17154.546
 40
18498.216
 50
281.03
 51
281.038
  0
ARC
  8
APS_GEOMETRY
 10
-6880.417
 20
22182.679
 40
23621.133
 50
281.038
 51
281.044
  0
ARC
  8
APS_GEOMETRY
 10
-2438.41
 20
-575.781
 40
433.228
 50
281.044
 51
281.145
  0
ARC
  8
APS_GEOMETRY
 10
-2353.969
 20
-1004.379
 40
3.609
 50
75.552
 51
101.145
  0
ARC
  8
APS_GEOMETRY
 10
-2354.282
 20
-1005.594
 40
4.863
 50
55.088
 51
75.552
  0
ARC
  8
APS_GEOMETRY
 10
-2354.01
 20
-1005.203
 40
4.387
 50
33.459
 51
55.088
  0
ARC
  8
APS_GEOMETRY
 10
-2352.393
 20
-1004.135
 40
2.449
 50
0.0
 51
33.459
  0
ARC
  8
APS_GEOMETRY
 10
-2351.559
 20
-1004.135
 40
1.615
 50
338.756
 51
360.0
  0
ARC
  8
APS_GEOMETRY
 10
-2357.29
 20
-1001.907
 40
7.764
 50
332.124
 51
338.756
  0
ARC
  8
APS_GEOMETRY
 10
-2358.625
 20
-1001.2
 40
9.275
 50
325.751
 51
332.124
  0
ARC
  8
APS_GEOMETRY
 10
-2358.788
 20
-1001.09
 40
9.471
 50
319.478
 51
325.751
  0
ARC
  8
APS_GEOMETRY
 10
-2343.055
 20
-1014.538
 40
11.226
 50
139.478
 51
147.383
  0
ARC
  8
APS_GEOMETRY
 10
-2349.252
 20
-1010.572
 40
3.869
 50
147.383
 51
164.883
  0
ARC
  8
APS_GEOMETRY
 10
-2346.375
 20
-1011.349
 40
6.849
 50
164.883
 51
176.835
  0
ARC
  8
APS_GEOMETRY
 10
-2283.944
 20
-1014.801
 40
69.375
 50
176.835
 51
179.018
  0
ARC
  8
APS_GEOMETRY
 10
-2396.455
 20
-1012.873
 40
43.152
 50
356.461
 51
359.018
  0
ARC
  8
APS_GEOMETRY
 10
-2415.922
 20
-1011.669
 40
62.657
 50
354.527
 51
356.461
  0
ARC
  8
APS_GEOMETRY
 10
-2411.48
 20
-1012.095
 40
58.195
 50
352.57
 51
354.527
  0
ARC
  8
APS_GEOMETRY
 10
-2372.803
 20
-1017.139
 40
19.19
 50
348.094
 51
352.57
  0
ARC
  8
APS_GEOMETRY
 10
-2374.296
 20
-1016.824
 40
20.715
 50
343.165
 51
348.094
  0
ARC
  8
APS_GEOMETRY
 10
-2358.457
 20
-1021.617
 40
4.168
 50
326.985
 51
343.165
  0
ARC
  8
APS_GEOMETRY
 10
-2358.156
 20
-1021.813
 40
3.808
 50
309.82
 51
326.985
  0
ARC
  8
APS_GEOMETRY
 10
-2365.701
 20
-1012.763
 40
15.591
 50
303.798
 51
309.82
  0
ARC
  8
APS_GEOMETRY
 10
-2347.445
 20
-1040.036
 40
17.228
 50
123.798
 51
128.634
  0
ARC
  8
APS_GEOMETRY
 10
-2355.7
 20
-1029.708
 40
4.007
 50
128.634
 51
142.921
  0
ARC
  8
APS_GEOMETRY
 10
-2357.036
 20
-1028.698
 40
2.332
 50
142.921
 51
162.791
  0
ARC
  8
APS_GEOMETRY
 10
-2356.565
 20
-1028.844
 40
2.825
 50
162.791
 51
180.0
  0
ARC
  8
APS_GEOMETRY
 10
-2363.549
 20
-1028.844
 40
4.159
 50
336.608
 51
360.0
  0
ARC
  8
APS_GEOMETRY
 10
-2361.796
 20
-1029.602
 40
2.249
 50
299.563
 51
336.608
  0
ARC
  8
APS_GEOMETRY
 10
-2362.538
 20
-1028.294
 40
3.753
 50
272.754
 51
299.563
  0
ARC
  8
APS_GEOMETRY
 10
-2363.099
 20
-1016.624
 40
15.436
 50
263.38
 51
272.754
  0
LINE
  8
APS_GEOMETRY
 10
-2364.879
 11
-2368.207
 20
-1031.957
 21
-1031.571
  0
LINE
  8
APS_GEOMETRY
 10
-2368.207
 11
-2369.333
 20
-1031.571
 21
-1033.778
  0
ARC
  8
APS_GEOMETRY
 10
-2376.376
 20
-1030.185
 40
7.907
 50
318.146
 51
332.971
  0
ARC
  8
APS_GEOMETRY
 10
-2372.748
 20
-1033.435
 40
3.035
 50
287.853
 51
318.146
  0
ARC
  8
APS_GEOMETRY
 10
-2372.608
 20
-1033.868
 40
2.581
 50
254.338
 51
287.853
  0
ARC
  8
APS_GEOMETRY
 10
-2371.895
 20
-1031.326
 40
5.221
 50
234.547
 51
254.338
  0
ARC
  8
APS_GEOMETRY
 10
-2379.792
 20
-1042.416
 40
8.394
 50
54.547
 51
66.446
  0
ARC
  8
APS_GEOMETRY
 10
-2377.325
 20
-1036.757
 40
2.22
 50
66.446
 51
98.436
  0
ARC
  8
APS_GEOMETRY
 10
-2377.222
 20
-1037.455
 40
2.926
 50
98.436
 51
125.1
  0
ARC
  8
APS_GEOMETRY
 10
-2368.627
 20
-1049.684
 40
17.873
 50
125.1
 51
132.096
  0
ARC
  8
APS_GEOMETRY
 10
-2388.219
 20
-1027.998
 40
11.353
 50
301.144
 51
312.096
  0
ARC
  8
APS_GEOMETRY
 10
-2383.587
 20
-1035.663
 40
2.397
 50
266.437
 51
301.144
  0
ARC
  8
APS_GEOMETRY
 10
-2383.594
 20
-1035.77
 40
2.29
 50
258.098
 51
266.437
  0
ARC
  8
APS_GEOMETRY
 10
-2384.538
 20
-1035.77
 40
2.29
 50
273.563
 51
281.902
  0
ARC
  8
APS_GEOMETRY
 10
-2384.545
 20
-1035.663
 40
2.397
 50
238.856
 51
273.563
  0
ARC
  8
APS_GEOMETRY
 10
-2379.913
 20
-1027.998
 40
11.353
 50
227.904
 51
238.856
  0
ARC
  8
APS_GEOMETRY
 10
-2399.505
 20
-1049.684
 40
17.873
 50
47.904
 51
54.9
  0
ARC
  8
APS_GEOMETRY
 10
-2390.91
 20
-1037.455
 40
2.926
 50
54.9
 51
81.564
  0
ARC
  8
APS_GEOMETRY
 10
-2390.807
 20
-1036.757
 40
2.22
 50
81.564
 51
113.554
  0
ARC
  8
APS_GEOMETRY
 10
-2388.34
 20
-1042.416
 40
8.394
 50
113.554
 51
125.453
  0
ARC
  8
APS_GEOMETRY
 10
-2396.237
 20
-1031.326
 40
5.221
 50
285.662
 51
305.453
  0
ARC
  8
APS_GEOMETRY
 10
-2395.524
 20
-1033.868
 40
2.581
 50
252.147
 51
285.662
  0
ARC
  8
APS_GEOMETRY
 10
-2395.385
 20
-1033.435
 40
3.035
 50
221.854
 51
252.147
  0
ARC
  8
APS_GEOMETRY
 10
-2391.756
 20
-1030.185
 40
7.907
 50
207.029
 51
221.854
  0
LINE
  8
APS_GEOMETRY
 10
-2398.799
 11
-2399.925
 20
-1033.778
 21
-1031.571
  0
LINE
  8
APS_GEOMETRY
 10
-2399.925
 11
-2403.253
 20
-1031.571
 21
-1031.957
  0
ARC
  8
APS_GEOMETRY
 10
-2405.033
 20
-1016.624
 40
15.436
 50
267.246
 51
276.62
  0
ARC
  8
APS_GEOMETRY
 10
-2405.594
 20
-1028.294
 40
3.753
 50
240.437
 51
267.246
  0
ARC
  8
APS_GEOMETRY
 10
-2406.336
 20
-1029.602
 40
2.249
 50
203.392
 51
240.437
  0
ARC
  8
APS_GEOMETRY
 10
-2404.583
 20
-1028.844
 40
4.159
 50
180.0
 51
203.392
  0
ARC
  8
APS_GEOMETRY
 10
-2411.567
 20
-1028.844
 40
2.825
 50
0.0
 51
17.209
  0
ARC
  8
APS_GEOMETRY
 10
-2411.096
 20
-1028.698
 40
2.332
 50
17.209
 51
37.079
  0
ARC
  8
APS_GEOMETRY
 10
-2412.432
 20
-1029.708
 40
4.007
 50
37.079
 51
51.366
  0
ARC
  8
APS_GEOMETRY
 10
-2420.687
 20
-1040.036
 40
17.228
 50
51.366
 51
56.202
  0
ARC
  8
APS_GEOMETRY
 10
-2402.431
 20
-1012.763
 40
15.591
 50
230.18
 51
236.202
  0
ARC
  8
APS_GEOMETRY
 10
-2409.976
 20
-1021.813
 40
3.808
 50
213.015
 51
230.18
  0
ARC
  8
APS_GEOMETRY
 10
-2409.675
 20
-1021.617
 40
4.168
 50
196.835
 51
213.015
  0
ARC
  8
APS_GEOMETRY
 10
-2393.836
 20
-1016.824
 40
20.715
 50
191.906
 51
196.835
  0
ARC
  8
APS_GEOMETRY
 10
-2395.329
 20
-1017.139
 40
19.19
 50
187.43
 51
191.906
  0
ARC
  8
APS_GEOMETRY
 10
-2356.652
 20
-1012.095
 40
58.195
 50
185.473
 51
187.43
  0
ARC
  8
APS_GEOMETRY
 10
-2352.21
 20
-1011.669
 40
62.657
 50
183.539
 51
185.473
  0
ARC
  8
APS_GEOMETRY
 10
-2371.677
 20
-1012.873
 40
43.152
 50
180.982
 51
183.539
  0
ARC
  8
APS_GEOMETRY
 10
-2484.188
 20
-1014.801
 40
69.375
 50
0.982
 51
3.165
  0
ARC
  8
APS_GEOMETRY
 10
-2421.757
 20
-1011.349
 40
6.849
 50
3.165
 51
15.117
  0
ARC
  8
APS_GEOMETRY
 10
-2418.88
 20
-1010.572
 40
3.869
 50
15.117
 51
32.617
  0
ARC
  8
APS_GEOMETRY
 10
-2425.077
 20
-1014.538
 40
11.226
 50
32.617
 51
40.522
  0
ARC
  8
APS_GEOMETRY
 10
-2409.344
 20
-1001.09
 40
9.471
 50
214.249
 51
220.522
  0
ARC
  8
APS_GEOMETRY
 10
-2409.507
 20
-1001.2
 40
9.275
 50
207.876
 51
214.249
  0
ARC
  8
APS_GEOMETRY
 10
-2410.842
 20
-1001.907
 40
7.764
 50
201.244
 51
207.876
  0
ARC
  8
APS_GEOMETRY
 10
-2416.573
 20
-1004.135
 40
1.615
 50
180.0
 51
201.244
  0
ARC
  8
APS_GEOMETRY
 10
-2415.74
 20
-1004.135
 40
2.449
 50
146.541
 51
180.0
  0
ARC
  8
APS_GEOMETRY
 10
-2414.122
 20
-1005.203
 40
4.387
 50
124.912
 51
146.541
  0
ARC
  8
APS_GEOMETRY
 10
-2413.85
 20
-1005.594
 40
4.863
 50
104.448
 51
124.912
  0
ARC
  8
APS_GEOMETRY
 10
-2414.163
 20
-1004.379
 40
3.609
 50
78.855
 51
104.448
  0
ARC
  8
APS_GEOMETRY
 10
-2329.722
 20
-575.781
 40
433.228
 50
258.855
 51
258.956
  0
ARC
  8
APS_GEOMETRY
 10
2112.285
 20
22182.679
 40
23621.133
 50
258.956
 51
258.962
  0
ARC
  8
APS_GEOMETRY
 10
1131.394
 20
17154.546
 40
18498.216
 50
258.962
 51
258.97
  0
ARC
  8
APS_GEOMETRY
 10
2919.063
 20
26326.191
 40
27842.457
 50
258.97
 51
258.977
  0
ARC
  8
APS_GEOMETRY
 10
-2413.623
 20
-1005.734
 40
6.632
 50
113.912
 51
127.912
  0
ARC
  8
APS_GEOMETRY
 10
-2413.653
 20
-1005.696
 40
6.583
 50
127.912
 51
141.99
  0
ARC
  8
APS_GEOMETRY
 10
-2414.37
 20
-1005.136
 40
5.673
 50
141.99
 51
157.152
  0
ARC
  8
APS_GEOMETRY
 10
-2416.575
 20
-1004.207
 40
3.281
 50
157.152
 51
180.0
  0
ARC
  8
APS_GEOMETRY
 10
-2418.1
 20
-1004.207
 40
1.756
 50
180.0
 51
200.173
  0
ARC
  8
APS_GEOMETRY
 10
-2409.958
 20
-1001.215
 40
10.43
 50
200.173
 51
205.574
  0
ARC
  8
APS_GEOMETRY
 10
-2408.242
 20
-1000.394
 40
12.331
 50
205.574
 51
210.874
  0
ARC
  8
APS_GEOMETRY
 10
-2407.525
 20
-999.965
 40
13.168
 50
210.874
 51
215.919
  0
ARC
  8
APS_GEOMETRY
 10
-2430.244
 20
-1016.423
 40
14.887
 50
29.927
 51
35.919
  0
ARC
  8
APS_GEOMETRY
 10
-2422.329
 20
-1011.867
 40
5.754
 50
17.742
 51
29.927
  0
ARC
  8
APS_GEOMETRY
 10
-2422.463
 20
-1011.91
 40
5.895
 50
5.737
 51
17.742
  0
ARC
  8
APS_GEOMETRY
 10
-2432.682
 20
-1012.936
 40
16.165
 50
0.082
 51
5.737
  0
ARC
  8
APS_GEOMETRY
 10
-2385.283
 20
-1012.868
 40
31.234
 50
180.082
 51
185.369
  0
ARC
  8
APS_GEOMETRY
 10
-2350.469
 20
-1009.596
 40
66.202
 50
185.369
 51
188.384
  0
ARC
  8
APS_GEOMETRY
 10
-2350.561
 20
-1009.61
 40
66.108
 50
188.384
 51
191.241
  0
ARC
  8
APS_GEOMETRY
 10
-2404.162
 20
-1020.263
 40
11.459
 50
191.241
 51
201.692
  0
ARC
  8
APS_GEOMETRY
 10
-2412.494
 20
-1023.578
 40
2.492
 50
201.692
 51
218.099
  0
ARC
  8
APS_GEOMETRY
 10
-2409.586
 20
-1021.298
 40
6.187
 50
218.099
 51
226.418
  0
ARC
  8
APS_GEOMETRY
 10
-2409.166
 20
-1020.857
 40
6.796
 50
226.418
 51
234.469
  0
ARC
  8
APS_GEOMETRY
 10
-2410.172
 20
-1022.265
 40
5.065
 50
234.469
 51
244.505
  0
ARC
  8
APS_GEOMETRY
 10
-2415.387
 20
-1033.201
 40
7.051
 50
55.749
 51
64.505
  0
ARC
  8
APS_GEOMETRY
 10
-2413.023
 20
-1029.729
 40
2.85
 50
38.526
 51
55.749
  0
ARC
  8
APS_GEOMETRY
 10
-2412.895
 20
-1029.627
 40
2.686
 50
20.67
 51
38.526
  0
ARC
  8
APS_GEOMETRY
 10
-2415.807
 20
-1030.726
 40
5.798
 50
10.625
 51
20.67
  0
ARC
  8
APS_GEOMETRY
 10
-2405.436
 20
-1028.78
 40
4.753
 50
190.625
 51
200.983
  0
ARC
  8
APS_GEOMETRY
 10
-2402.325
 20
-1027.587
 40
8.085
 50
200.983
 51
207.941
  0
ARC
  8
APS_GEOMETRY
 10
-2402.495
 20
-1027.677
 40
7.893
 50
207.941
 51
214.953
  0
ARC
  8
APS_GEOMETRY
 10
-2405.75
 20
-1029.953
 40
3.921
 50
214.953
 51
226.788
  0
ARC
  8
APS_GEOMETRY
 10
-2404.648
 20
-1028.779
 40
5.531
 50
226.788
 51
237.896
  0
ARC
  8
APS_GEOMETRY
 10
-2406.372
 20
-1031.527
 40
2.287
 50
237.896
 51
259.381
  0
ARC
  8
APS_GEOMETRY
 10
-2406.008
 20
-1029.585
 40
4.263
 50
259.381
 51
273.644
  0
ARC
  8
APS_GEOMETRY
 10
-2408.204
 20
-995.102
 40
38.816
 50
273.644
 51
276.455
  0
ARC
  8
APS_GEOMETRY
 10
-2396.358
 20
-1099.803
 40
66.553
 50
94.596
 51
96.455
  0
ARC
  8
APS_GEOMETRY
 10
-2401.528
 20
-1035.49
 40
2.033
 50
71.487
 51
94.596
  0
ARC
  8
APS_GEOMETRY
 10
-2401.182
 20
-1034.457
 40
0.943
 50
31.044
 51
71.487
  0
ARC
  8
APS_GEOMETRY
 10
-2407.054
 20
-1037.992
 40
7.797
 50
22.5
 51
31.044
  0
ARC
  8
APS_GEOMETRY
 10
-2395.497
 20
-1033.204
 40
4.713
 50
202.5
 51
228.66
  0
ARC
  8
APS_GEOMETRY
 10
-2395.782
 20
-1033.529
 40
4.281
 50
228.66
 51
256.775
  0
ARC
  8
APS_GEOMETRY
 10
-2395.58
 20
-1032.669
 40
5.164
 50
256.775
 51
281.94
  0
ARC
  8
APS_GEOMETRY
 10
-2396.193
 20
-1029.767
 40
8.13
 50
281.94
 51
299.852
  0
ARC
  8
APS_GEOMETRY
 10
-2384.867
 20
-1049.502
 40
14.624
 50
115.05
 51
119.852
  0
ARC
  8
APS_GEOMETRY
 10
-2390.639
 20
-1037.153
 40
0.993
 50
80.817
 51
115.05
  0
ARC
  8
APS_GEOMETRY
 10
-2390.663
 20
-1037.301
 40
1.143
 50
49.92
 51
80.817
  0
ARC
  8
APS_GEOMETRY
 10
-2403.822
 20
-1052.939
 40
21.581
 50
46.279
 51
49.92
  0
ARC
  8
APS_GEOMETRY
 10
-2380.898
 20
-1028.967
 40
11.588
 50
226.28
 51
240.146
  0
ARC
  8
APS_GEOMETRY
 10
-2384.583
 20
-1035.387
 40
4.185
 50
240.146
 51
269.787
  0
ARC
  8
APS_GEOMETRY
 10
-2384.584
 20
-1035.85
 40
3.723
 50
269.787
 51
278.004
  0
ARC
  8
APS_GEOMETRY
 10
-2383.548
 20
-1035.85
 40
3.723
 50
261.996
 51
270.213
  0
ARC
  8
APS_GEOMETRY
 10
-2383.549
 20
-1035.387
 40
4.185
 50
270.213
 51
299.854
  0
ARC
  8
APS_GEOMETRY
 10
-2387.235
 20
-1028.967
 40
11.588
 50
299.854
 51
313.72
  0
ARC
  8
APS_GEOMETRY
 10
-2364.31
 20
-1052.939
 40
21.581
 50
130.08
 51
133.721
  0
ARC
  8
APS_GEOMETRY
 10
-2377.469
 20
-1037.301
 40
1.143
 50
99.183
 51
130.08
  0
ARC
  8
APS_GEOMETRY
 10
-2377.493
 20
-1037.153
 40
0.993
 50
64.95
 51
99.183
  0
ARC
  8
APS_GEOMETRY
 10
-2383.265
 20
-1049.502
 40
14.624
 50
60.148
 51
64.95
  0
ARC
  8
APS_GEOMETRY
 10
-2371.939
 20
-1029.767
 40
8.13
 50
240.148
 51
258.06
  0
ARC
  8
APS_GEOMETRY
 10
-2372.552
 20
-1032.669
 40
5.164
 50
258.06
 51
283.225
  0
ARC
  8
APS_GEOMETRY
 10
-2372.35
 20
-1033.529
 40
4.281
 50
283.225
 51
311.34
  0
ARC
  8
APS_GEOMETRY
 10
-2372.636
 20
-1033.204
 40
4.713
 50
311.34
 51
337.5
  0
ARC
  8
APS_GEOMETRY
 10
-2361.078
 20
-1037.992
 40
7.797
 50
148.956
 51
157.5
  0
ARC
  8
APS_GEOMETRY
 10
-2366.95
 20
-1034.457
 40
0.943
 50
108.513
 51
148.956
  0
ARC
  8
APS_GEOMETRY
 10
-2366.604
 20
-1035.49
 40
2.033
 50
85.404
 51
108.513
  0
ARC
  8
APS_GEOMETRY
 10
-2371.774
 20
-1099.803
 40
66.553
 50
83.545
 51
85.404
  0
ARC
  8
APS_GEOMETRY
 10
-2359.928
 20
-995.102
 40
38.816
 50
263.545
 51
266.356
  0
ARC
  8
APS_GEOMETRY
 10
-2362.124
 20
-1029.585
 40
4.263
 50
266.356
 51
280.619
  0
ARC
  8
APS_GEOMETRY
 10
-2361.76
 20
-1031.527
 40
2.287
 50
280.619
 51
302.104
  0
ARC
  8
APS_GEOMETRY
 10
-2363.484
 20
-1028.779
 40
5.531
 50
302.104
 51
313.212
  0
ARC
  8
APS_GEOMETRY
 10
-2362.382
 20
-1029.953
 40
3.921
 50
313.212
 51
325.047
  0
ARC
  8
APS_GEOMETRY
 10
-2365.637
 20
-1027.677
 40
7.893
 50
325.047
 51
332.059
  0
ARC
  8
APS_GEOMETRY
 10
-2365.807
 20
-1027.587
 40
8.085
 50
332.059
 51
339.017
  0
ARC
  8
APS_GEOMETRY
 10
-2362.696
 20
-1028.78
 40
4.753
 50
339.017
 51
349.375
  0
ARC
  8
APS_GEOMETRY
 10
-2352.325
 20
-1030.726
 40
5.798
 50
159.33
 51
169.375
  0
ARC
  8
APS_GEOMETRY
 10
-2355.237
 20
-1029.627
 40
2.686
 50
141.474
 51
159.33
  0
ARC
  8
APS_GEOMETRY
 10
-2355.109
 20
-1029.729
 40
2.85
 50
124.251
 51
141.474
  0
ARC
  8
APS_GEOMETRY
 10
-2352.745
 20
-1033.201
 40
7.051
 50
115.495
 51
124.251
  0
ARC
  8
APS_GEOMETRY
 10
-2357.96
 20
-1022.265
 40
5.065
 50
295.495
 51
305.531
  0
ARC
  8
APS_GEOMETRY
 10
-2358.966
 20
-1020.857
 40
6.796
 50
305.531
 51
313.582
  0
ARC
  8
APS_GEOMETRY
 10
-2358.546
 20
-1021.298
 40
6.187
 50
313.582
 51
321.901
  0
ARC
  8
APS_GEOMETRY
 10
-2355.638
 20
-1023.578
 40
2.492
 50
321.901
 51
338.308
  0
ARC
  8
APS_GEOMETRY
 10
-2363.97
 20
-1020.263
 40
11.459
 50
338.308
 51
348.759
  0
ARC
  8
APS_GEOMETRY
 10
-2417.571
 20
-1009.61
 40
66.108
 50
348.759
 51
351.616
  0
ARC
  8
APS_GEOMETRY
 10
-2417.663
 20
-1009.596
 40
66.202
 50
351.616
 51
354.631
  0
ARC
  8
APS_GEOMETRY
 10
-2382.849
 20
-1012.868
 40
31.234
 50
354.631
 51
359.918
  0
ARC
  8
APS_GEOMETRY
 10
-2335.45
 20
-1012.936
 40
16.165
 50
174.263
 51
179.918
  0
ARC
  8
APS_GEOMETRY
 10
-2345.669
 20
-1011.91
 40
5.895
 50
162.258
 51
174.263
  0
ARC
  8
APS_GEOMETRY
 10
-2345.803
 20
-1011.867
 40
5.754
 50
150.073
 51
162.258
  0
ARC
  8
APS_GEOMETRY
 10
-2337.888
 20
-1016.423
 40
14.887
 50
144.081
 51
150.073
  0
ARC
  8
APS_GEOMETRY
 10
-2360.608
 20
-999.965
 40
13.168
 50
324.081
 51
329.126
  0
ARC
  8
APS_GEOMETRY
 10
-2359.89
 20
-1000.394
 40
12.331
 50
329.126
 51
334.426
  0
ARC
  8
APS_GEOMETRY
 10
-2358.174
 20
-1001.215
 40
10.43
 50
334.426
 51
339.827
  0
ARC
  8
APS_GEOMETRY
 10
-2350.033
 20
-1004.207
 40
1.756
 50
339.827
 51
0.0
  0
ARC
  8
APS_GEOMETRY
 10
-2351.557
 20
-1004.207
 40
3.281
 50
360.0
 51
22.848
  0
ARC
  8
APS_GEOMETRY
 10
-2353.763
 20
-1005.136
 40
5.673
 50
22.848
 51
38.01
  0
ARC
  8
APS_GEOMETRY
 10
-2354.479
 20
-1005.696
 40
6.583
 50
38.01
 51
52.088
  0
ARC
  8
APS_GEOMETRY
 10
-2354.509
 20
-1005.734
 40
6.632
 50
52.088
 51
66.088
  0
ARC
  8
APS_GEOMETRY
 10
-2354.315
 20
-1005.296
 40
6.152
 50
66.088
 51
73.494
  0
ARC
  8
APS_GEOMETRY
 10
-2354.624
 20
-1006.339
 40
7.24
 50
73.494
 51
80.048
  0
ARC
  8
APS_GEOMETRY
 10
-2354.467
 20
-1005.444
 40
6.331
 50
80.048
 51
86.855
  0
ARC
  8
APS_GEOMETRY
 10
-2354.223
 20
-1001.003
 40
1.884
 50
86.855
 51
103.643
  0
ARC
  8
APS_GEOMETRY
 10
-2359.604
 20
-978.834
 40
20.929
 50
281.53
 51
283.643
  0
ARC
  8
APS_GEOMETRY
 10
-2577.041
 20
87.045
 40
1108.76
 50
281.408
 51
281.53
  0
ARC
  8
APS_GEOMETRY
 10
-2529.34
 20
-149.359
 40
867.592
 50
281.222
 51
281.408
  0
ARC
  8
APS_GEOMETRY
 10
-2615.166
 20
283.217
 40
1308.6
 50
281.085
 51
281.222
  0
ARC
  8
APS_GEOMETRY
 10
-2389.316
 20
-869.497
 40
133.97
 50
278.972
 51
281.086
  0
ARC
  8
APS_GEOMETRY
 10
-2375.177
 20
-959.045
 40
43.312
 50
274.07
 51
278.973
  0
ARC
  8
APS_GEOMETRY
 10
-2376.949
 20
-934.151
 40
68.269
 50
270.448
 51
274.07
  0
ARC
  8
APS_GEOMETRY
 10
-2381.189
 20
-392.3
 40
610.137
 50
269.73
 51
270.448
  0
ARC
  8
APS_GEOMETRY
 10
-2386.944
 20
-392.3
 40
610.137
 50
269.552
 51
270.27
  0
ARC
  8
APS_GEOMETRY
 10
-2391.183
 20
-934.151
 40
68.269
 50
265.93
 51
269.552
  0
ARC
  8
APS_GEOMETRY
 10
-2392.955
 20
-959.045
 40
43.312
 50
261.027
 51
265.93
  0
ARC
  8
APS_GEOMETRY
 10
-2378.816
 20
-869.497
 40
133.97
 50
258.914
 51
261.028
  0
ARC
  8
APS_GEOMETRY
 10
-2152.966
 20
283.217
 40
1308.6
 50
258.778
 51
258.915
  0
ARC
  8
APS_GEOMETRY
 10
-2238.792
 20
-149.359
 40
867.592
 50
258.592
 51
258.778
  0
ARC
  8
APS_GEOMETRY
 10
-2191.092
 20
87.045
 40
1108.76
 50
258.47
 51
258.592
  0
ARC
  8
APS_GEOMETRY
 10
-2408.528
 20
-978.834
 40
20.929
 50
256.357
 51
258.47
  0
ARC
  8
APS_GEOMETRY
 10
-2413.909
 20
-1001.003
 40
1.884
 50
76.357
 51
93.145
  0
ARC
  8
APS_GEOMETRY
 10
-2413.665
 20
-1005.444
 40
6.331
 50
93.145
 51
99.952
  0
ARC
  8
APS_GEOMETRY
 10
-2413.508
 20
-1006.339
 40
7.24
 50
99.952
 51
106.506
  0
ARC
  8
APS_GEOMETRY
 10
-2413.817
 20
-1005.296
 40
6.152
 50
106.506
 51
113.912
  0
ARC
  8
APS_GEOMETRY
 10
-2385.072
 20
-932.153
 40
109.779
 50
270.186
 51
270.525
  0
ARC
  8
APS_GEOMETRY
 10
-2385.074
 20
-932.521
 40
109.411
 50
265.947
 51
270.188
  0
ARC
  8
APS_GEOMETRY
 10
-2390.339
 20
-1006.656
 40
35.09
 50
256.079
 51
265.966
  0
ARC
  8
APS_GEOMETRY
 10
-2374.505
 20
-942.952
 40
100.732
 50
253.171
 51
256.055
  0
ARC
  8
APS_GEOMETRY
 10
-2382.004
 20
-967.732
 40
74.842
 50
249.576
 51
253.174
  0
ARC
  8
APS_GEOMETRY
 10
-2385.825
 20
-977.989
 40
63.896
 50
245.666
 51
249.578
  0
ARC
  8
APS_GEOMETRY
 10
-2392.218
 20
-992.114
 40
48.392
 50
240.866
 51
245.672
  0
ARC
  8
APS_GEOMETRY
 10
-2432.274
 20
-1063.969
 40
33.874
 50
60.858
 51
63.97
  0
ARC
  8
APS_GEOMETRY
 10
-2427.19
 20
-1053.565
 40
22.294
 50
63.974
 51
68.241
  0
ARC
  8
APS_GEOMETRY
 10
-2426.987
 20
-1053.052
 40
21.743
 50
68.237
 51
71.812
  0
ARC
  8
APS_GEOMETRY
 10
-2420.478
 20
-1033.248
 40
0.895
 50
71.966
 51
108.024
  0
ARC
  8
APS_GEOMETRY
 10
-2420.513
 20
-1033.163
 40
0.804
 50
107.478
 51
141.9
  0
ARC
  8
APS_GEOMETRY
 10
-2416.018
 20
-1036.573
 40
6.446
 50
142.701
 51
150.078
  0
ARC
  8
APS_GEOMETRY
 10
-2414.949
 20
-1037.188
 40
7.68
 50
150.082
 51
157.534
  0
ARC
  8
APS_GEOMETRY
 10
-2412.706
 20
-1038.113
 40
10.106
 50
157.546
 51
163.594
  0
ARC
  8
APS_GEOMETRY
 10
-2431.425
 20
-1032.596
 40
9.41
 50
332.685
 51
343.561
  0
ARC
  8
APS_GEOMETRY
 10
-2425.871
 20
-1035.444
 40
3.168
 50
307.651
 51
332.349
  0
ARC
  8
APS_GEOMETRY
 10
-2424.857
 20
-1036.739
 40
1.523
 50
268.936
 51
307.226
  0
ARC
  8
APS_GEOMETRY
 10
-2424.885
 20
-1036.81
 40
1.452
 50
230.356
 51
270.0
  0
ARC
  8
APS_GEOMETRY
 10
-2425.35
 20
-1037.369
 40
0.725
 50
187.028
 51
230.463
  0
ARC
  8
APS_GEOMETRY
 10
-2417.95
 20
-1036.577
 40
8.168
 50
178.871
 51
186.191
  0
ARC
  8
APS_GEOMETRY
 10
-2412.381
 20
-1036.687
 40
13.738
 50
172.757
 51
178.867
  0
ARC
  8
APS_GEOMETRY
 10
-2379.606
 20
-1040.851
 40
46.777
 50
170.305
 51
172.76
  0
ARC
  8
APS_GEOMETRY
 10
-2471.585
 20
-1025.136
 40
46.535
 50
350.305
 51
353.424
  0
ARC
  8
APS_GEOMETRY
 10
-2436.29
 20
-1029.205
 40
11.007
 50
353.42
 51
2.519
  0
ARC
  8
APS_GEOMETRY
 10
-2434.724
 20
-1029.138
 40
9.439
 50
2.533
 51
12.563
  0
ARC
  8
APS_GEOMETRY
 10
-2452.438
 20
-1033.08
 40
27.587
 50
12.551
 51
17.063
  0
ARC
  8
APS_GEOMETRY
 10
-2410.101
 20
-1020.083
 40
16.7
 50
190.427
 51
197.07
  0
ARC
  8
APS_GEOMETRY
 10
-2347.783
 20
-1008.63
 40
80.062
 50
188.341
 51
190.417
  0
ARC
  8
APS_GEOMETRY
 10
-2338.387
 20
-1007.252
 40
89.559
 50
186.265
 51
188.341
  0
ARC
  8
APS_GEOMETRY
 10
-2348.377
 20
-1008.349
 40
79.509
 50
183.996
 51
186.265
  0
ARC
  8
APS_GEOMETRY
 10
-2524.926
 20
-1020.683
 40
97.471
 50
3.996
 51
6.229
  0
ARC
  8
APS_GEOMETRY
 10
-2472.538
 20
-1014.967
 40
44.772
 50
6.231
 51
10.228
  0
ARC
  8
APS_GEOMETRY
 10
-2462.657
 20
-1013.185
 40
34.731
 50
10.23
 51
14.826
  0
ARC
  8
APS_GEOMETRY
 10
-2461.077
 20
-1012.768
 40
33.097
 50
14.828
 51
19.6
  0
ARC
  8
APS_GEOMETRY
 10
-2347.006
 20
-972.156
 40
87.987
 50
196.118
 51
199.596
  0
ARC
  8
APS_GEOMETRY
 10
-2373.073
 20
-979.687
 40
60.854
 50
191.542
 51
196.12
  0
ARC
  8
APS_GEOMETRY
 10
-2366.587
 20
-978.365
 40
67.473
 50
189.319
 51
191.54
  0
ARC
  8
APS_GEOMETRY
 10
-2403.566
 20
-984.433
 40
30.0
 50
180.0
 51
189.319
  0
LINE
  8
APS_GEOMETRY
 10
-2433.566
 11
-2433.566
 20
-984.433
 21
-881.113
  0
ARC
  8
APS_GEOMETRY
 10
-2431.066
 20
-881.113
 40
2.5
 50
360.0
 51
180.0
  0
LINE
  8
APS_GEOMETRY
 10
-2428.566
 11
-2428.566
 20
-881.113
 21
-976.932
  0
ARC
  8
APS_GEOMETRY
 10
-2421.566
 20
-976.932
 40
7.0
 50
180.0
 51
270.0
  0
LINE
  8
APS_GEOMETRY
 10
-2421.566
 11
-2404.566
 20
-983.932
 21
-983.932
  0
LINE
  8
APS_GEOMETRY
 10
-2404.566
 11
-2404.566
 20
-983.932
 21
-969.932
  0
LINE
  8
APS_GEOMETRY
 10
-2404.566
 11
-2414.566
 20
-969.932
 21
-969.932
  0
LINE
  8
APS_GEOMETRY
 10
-2414.566
 11
-2414.566
 20
-969.932
 21
-938.932
  0
LINE
  8
APS_GEOMETRY
 10
-2414.566
 11
-2399.066
 20
-938.932
 21
-938.932
  0
LINE
  8
APS_GEOMETRY
 10
-2399.066
 11
-2399.066
 20
-938.932
 21
-943.932
  0
LINE
  8
APS_GEOMETRY
 10
-2399.066
 11
-2369.066
 20
-943.932
 21
-943.932
  0
LINE
  8
APS_GEOMETRY
 10
-2369.066
 11
-2369.066
 20
-943.932
 21
-938.932
  0
LINE
  8
APS_GEOMETRY
 10
-2369.066
 11
-2353.566
 20
-938.932
 21
-938.932
  0
LINE
  8
APS_GEOMETRY
 10
-2353.566
 11
-2353.566
 20
-938.932
 21
-969.932
  0
LINE
  8
APS_GEOMETRY
 10
-2353.566
 11
-2363.566
 20
-969.932
 21
-969.932
  0
LINE
  8
APS_GEOMETRY
 10
-2363.566
 11
-2363.566
 20
-969.932
 21
-983.932
  0
LINE
  8
APS_GEOMETRY
 10
-2363.566
 11
-2346.566
 20
-983.932
 21
-983.932
  0
ARC
  8
APS_GEOMETRY
 10
-2346.566
 20
-976.932
 40
7.0
 50
270.0
 51
0.0
  0
LINE
  8
APS_GEOMETRY
 10
-2339.566
 11
-2339.566
 20
-976.932
 21
-881.113
  0
ARC
  8
APS_GEOMETRY
 10
-2337.066
 20
-881.113
 40
2.5
 50
360.0
 51
180.0
  0
LINE
  8
APS_GEOMETRY
 10
-2334.566
 11
-2334.566
 20
-881.113
 21
-984.433
  0
ARC
  8
APS_GEOMETRY
 10
-2364.566
 20
-984.433
 40
30.0
 50
350.681
 51
360.0
  0
ARC
  8
APS_GEOMETRY
 10
-2401.545
 20
-978.365
 40
67.473
 50
348.46
 51
350.681
  0
ARC
  8
APS_GEOMETRY
 10
-2395.059
 20
-979.687
 40
60.854
 50
343.88
 51
348.458
  0
ARC
  8
APS_GEOMETRY
 10
-2421.126
 20
-972.156
 40
87.987
 50
340.404
 51
343.882
  0
ARC
  8
APS_GEOMETRY
 10
-2307.055
 20
-1012.768
 40
33.097
 50
160.4
 51
165.172
  0
ARC
  8
APS_GEOMETRY
 10
-2305.475
 20
-1013.185
 40
34.731
 50
165.174
 51
169.77
  0
ARC
  8
APS_GEOMETRY
 10
-2295.594
 20
-1014.967
 40
44.772
 50
169.772
 51
173.769
  0
ARC
  8
APS_GEOMETRY
 10
-2243.206
 20
-1020.683
 40
97.471
 50
173.771
 51
176.004
  0
ARC
  8
APS_GEOMETRY
 10
-2419.755
 20
-1008.349
 40
79.509
 50
353.735
 51
356.004
  0
ARC
  8
APS_GEOMETRY
 10
-2429.745
 20
-1007.252
 40
89.559
 50
351.659
 51
353.735
  0
ARC
  8
APS_GEOMETRY
 10
-2420.349
 20
-1008.63
 40
80.062
 50
349.583
 51
351.659
  0
ARC
  8
APS_GEOMETRY
 10
-2358.031
 20
-1020.083
 40
16.7
 50
342.93
 51
349.573
  0
ARC
  8
APS_GEOMETRY
 10
-2315.694
 20
-1033.08
 40
27.587
 50
162.937
 51
167.449
  0
ARC
  8
APS_GEOMETRY
 10
-2333.408
 20
-1029.138
 40
9.439
 50
167.437
 51
177.467
  0
ARC
  8
APS_GEOMETRY
 10
-2331.842
 20
-1029.205
 40
11.007
 50
177.481
 51
186.58
  0
ARC
  8
APS_GEOMETRY
 10
-2296.547
 20
-1025.136
 40
46.535
 50
186.576
 51
189.695
  0
ARC
  8
APS_GEOMETRY
 10
-2388.527
 20
-1040.851
 40
46.777
 50
7.24
 51
9.695
  0
ARC
  8
APS_GEOMETRY
 10
-2355.751
 20
-1036.687
 40
13.738
 50
1.133
 51
7.243
  0
ARC
  8
APS_GEOMETRY
 10
-2350.183
 20
-1036.577
 40
8.168
 50
353.809
 51
1.129
  0
ARC
  8
APS_GEOMETRY
 10
-2342.782
 20
-1037.369
 40
0.725
 50
309.537
 51
352.972
  0
ARC
  8
APS_GEOMETRY
 10
-2343.247
 20
-1036.81
 40
1.452
 50
270.0
 51
309.644
  0
ARC
  8
APS_GEOMETRY
 10
-2343.275
 20
-1036.739
 40
1.523
 50
232.774
 51
271.064
  0
ARC
  8
APS_GEOMETRY
 10
-2342.261
 20
-1035.444
 40
3.168
 50
207.651
 51
232.349
  0
ARC
  8
APS_GEOMETRY
 10
-2336.707
 20
-1032.596
 40
9.41
 50
196.439
 51
207.315
  0
ARC
  8
APS_GEOMETRY
 10
-2355.426
 20
-1038.113
 40
10.106
 50
16.406
 51
22.454
  0
ARC
  8
APS_GEOMETRY
 10
-2353.184
 20
-1037.188
 40
7.68
 50
22.466
 51
29.918
  0
ARC
  8
APS_GEOMETRY
 10
-2352.114
 20
-1036.573
 40
6.446
 50
29.922
 51
37.299
  0
ARC
  8
APS_GEOMETRY
 10
-2347.619
 20
-1033.163
 40
0.804
 50
38.1
 51
72.522
  0
ARC
  8
APS_GEOMETRY
 10
-2347.655
 20
-1033.248
 40
0.895
 50
71.976
 51
108.034
  0
ARC
  8
APS_GEOMETRY
 10
-2341.145
 20
-1053.052
 40
21.743
 50
108.188
 51
111.763
  0
ARC
  8
APS_GEOMETRY
 10
-2340.942
 20
-1053.565
 40
22.294
 50
111.759
 51
116.026
  0
ARC
  8
APS_GEOMETRY
 10
-2335.858
 20
-1063.969
 40
33.874
 50
116.03
 51
119.142
  0
ARC
  8
APS_GEOMETRY
 10
-2375.914
 20
-992.114
 40
48.392
 50
294.328
 51
299.134
  0
ARC
  8
APS_GEOMETRY
 10
-2382.307
 20
-977.989
 40
63.896
 50
290.422
 51
294.334
  0
ARC
  8
APS_GEOMETRY
 10
-2386.128
 20
-967.732
 40
74.842
 50
286.826
 51
290.424
  0
ARC
  8
APS_GEOMETRY
 10
-2393.627
 20
-942.952
 40
100.732
 50
283.945
 51
286.829
  0
ARC
  8
APS_GEOMETRY
 10
-2377.793
 20
-1006.656
 40
35.09
 50
274.034
 51
283.921
  0
ARC
  8
APS_GEOMETRY
 10
-2383.058
 20
-932.521
 40
109.411
 50
269.812
 51
274.053
  0
ARC
  8
APS_GEOMETRY
 10
-2383.06
 20
-932.153
 40
109.779
 50
269.475
 51
269.814
  0
LINE
  8
APS_GEOMETRY
 10
-2354.066
 11
-2354.066
 20
-491.932
 21
341.331
  0
LINE
  8
APS_GEOMETRY
 10
-2364.066
 11
-2364.066
 20
339.458
 21
-491.932
  0
LINE
  8
APS_GEOMETRY
 10
-2374.066
 11
-2374.066
 20
-491.932
 21
337.499
  0
LINE
  8
APS_GEOMETRY
 10
-2384.066
 11
-2384.066
 20
335.452
 21
-491.932
  0
LINE
  8
APS_GEOMETRY
 10
-2394.066
 11
-2394.066
 20
-491.932
 21
333.316
  0
LINE
  8
APS_GEOMETRY
 10
-2404.066
 11
-2404.066
 20
331.093
 21
-491.932
  0
LINE
  8
APS_GEOMETRY
 10
-2414.066
 11
-2414.066
 20
-491.932
 21
328.78
  0
ARC
  8
QUOTATURA
 10
-2242.985
 20
-2088.44
 40
12.331
 50
42.904
 51
122.546
  0
ARC
  8
QUOTATURA
 10
-2246.15
 20
-2083.324
 40
6.317
 50
123.307
 51
253.426
  0
LINE
  8
QUOTATURA
 10
-2247.952
 11
-2237.952
 20
-2089.378
 21
-2092.712
  0
ARC
  8
QUOTATURA
 10
-2239.988
 20
-2099.171
 40
6.772
 50
299.838
 51
72.504
  0
ARC
  8
QUOTATURA
 10
-2243.119
 20
-2093.776
 40
13.01
 50
240.023
 51
299.974
  0
ARC
  8
QUOTATURA
 10
-2246.062
 20
-2098.82
 40
7.17
 50
209.759
 51
240.255
  0
ARC
  8
QUOTATURA
 10
-2222.353
 20
-2091.618
 40
18.236
 50
31.027
 51
40.045
  0
ARC
  8
QUOTATURA
 10
-2216.059
 20
-2086.024
 40
9.822
 50
38.687
 51
141.312
  0
ARC
  8
QUOTATURA
 10
-2209.535
 20
-2091.384
 40
18.265
 50
140.979
 51
219.022
  0
ARC
  8
QUOTATURA
 10
-2216.058
 20
-2096.745
 40
9.822
 50
218.688
 51
321.313
  0
ARC
  8
QUOTATURA
 10
-2222.465
 20
-2092.174
 40
17.685
 50
322.727
 51
335.346
  0
LINE
  8
QUOTATURA
 10
-2196.491
 11
-2178.157
 20
-2099.973
 21
-2099.973
  0
LINE
  8
QUOTATURA
 10
-2200.157
 11
-2188.491
 20
-2106.639
 21
-2076.639
  0
LINE
  8
QUOTATURA
 10
-2188.491
 11
-2185.824
 20
-2076.639
 21
-2076.639
  0
LINE
  8
QUOTATURA
 10
-2185.824
 11
-2174.824
 20
-2076.639
 21
-2106.639
  0
LINE
  8
QUOTATURA
 10
-2168.824
 11
-2168.824
 20
-2076.639
 21
-2106.639
  0
LINE
  8
QUOTATURA
 10
-2168.824
 11
-2148.824
 20
-2106.639
 21
-2106.639
  0
LINE
  8
QUOTATURA
 10
-2139.157
 11
-2120.824
 20
-2099.973
 21
-2099.973
  0
LINE
  8
QUOTATURA
 10
-2142.824
 11
-2131.157
 20
-2106.639
 21
-2076.639
  0
LINE
  8
QUOTATURA
 10
-2131.157
 11
-2128.491
 20
-2076.639
 21
-2076.639
  0
LINE
  8
QUOTATURA
 10
-2128.491
 11
-2117.491
 20
-2076.639
 21
-2106.639
  0
LINE
  8
QUOTATURA
 10
-2082.991
 11
-2077.844
 20
-2106.639
 21
-2106.639
  0
LINE
  8
QUOTATURA
 10
-2077.844
 11
-2072.697
 20
-2106.639
 21
-2106.639
  0
LINE
  8
QUOTATURA
 10
-2077.844
 11
-2077.844
 20
-2106.639
 21
-2076.639
  0
LINE
  8
QUOTATURA
 10
-2077.844
 11
-2082.991
 20
-2076.639
 21
-2081.786
  0
ARC
  8
QUOTATURA
 10
-2054.848
 20
-2097.183
 40
9.822
 50
218.689
 51
321.311
  0
ARC
  8
QUOTATURA
 10
-2061.371
 20
-2091.823
 40
18.265
 50
320.978
 51
39.021
  0
ARC
  8
QUOTATURA
 10
-2054.847
 20
-2086.462
 40
9.822
 50
38.688
 51
141.313
  0
ARC
  8
QUOTATURA
 10
-2048.324
 20
-2091.823
 40
18.265
 50
140.979
 51
219.021
  0
LINE
  8
QUOTATURA
 10
-2035.714
 11
-2037.214
 20
-2087.701
 21
-2087.701
  0
LINE
  8
QUOTATURA
 10
-2037.214
 11
-2037.214
 20
-2087.701
 21
-2086.201
  0
LINE
  8
QUOTATURA
 10
-2037.214
 11
-2035.714
 20
-2086.201
 21
-2086.201
  0
LINE
  8
QUOTATURA
 10
-2035.714
 11
-2035.714
 20
-2086.201
 21
-2087.701
  0
LINE
  8
QUOTATURA
 10
-2035.714
 11
-2037.214
 20
-2099.701
 21
-2099.701
  0
LINE
  8
QUOTATURA
 10
-2037.214
 11
-2037.214
 20
-2099.701
 21
-2098.201
  0
LINE
  8
QUOTATURA
 10
-2037.214
 11
-2035.714
 20
-2098.201
 21
-2098.201
  0
LINE
  8
QUOTATURA
 10
-2035.714
 11
-2035.714
 20
-2098.201
 21
-2099.701
  0
LINE
  8
QUOTATURA
 10
-2029.714
 11
-2024.567
 20
-2106.639
 21
-2106.639
  0
LINE
  8
QUOTATURA
 10
-2024.567
 11
-2019.42
 20
-2106.639
 21
-2106.639
  0
LINE
  8
QUOTATURA
 10
-2024.567
 11
-2024.567
 20
-2106.639
 21
-2076.639
  0
LINE
  8
QUOTATURA
 10
-2024.567
 11
-2029.714
 20
-2076.639
 21
-2081.786
  0
LINE
  8
QUOTATURA
 10
-2449.066
 11
-2449.066
 20
-1091.932
 21
-1353.127
  0
LINE
  8
QUOTATURA
 10
-2319.066
 11
-2319.066
 20
-1091.932
 21
-1353.127
  0
LINE
  8
QUOTATURA
 10
-2449.066
 11
-2693.311
 20
-1303.127
 21
-1303.127
  0
LINE
  8
QUOTATURA
 10
-2549.066
 11
-2449.066
 20
-1286.457
 21
-1303.127
  0
LINE
  8
QUOTATURA
 10
-2449.066
 11
-2549.066
 20
-1303.127
 21
-1319.797
  0
LINE
  8
QUOTATURA
 10
-2549.066
 11
-2549.066
 20
-1319.797
 21
-1286.457
  0
LINE
  8
QUOTATURA
 10
-2319.066
 11
-2119.066
 20
-1303.127
 21
-1303.127
  0
LINE
  8
QUOTATURA
 10
-2219.066
 11
-2319.066
 20
-1319.797
 21
-1303.127
  0
LINE
  8
QUOTATURA
 10
-2319.066
 11
-2219.066
 20
-1303.127
 21
-1286.457
  0
LINE
  8
QUOTATURA
 10
-2219.066
 11
-2219.066
 20
-1286.457
 21
-1319.797
  0
LINE
  8
QUOTATURA
 10
-2269.066
 11
-1888.008
 20
-741.932
 21
-741.932
  0
LINE
  8
QUOTATURA
 10
-2269.066
 11
-1888.008
 20
-1041.932
 21
-1041.932
  0
LINE
  8
QUOTATURA
 10
-1938.008
 11
-1938.008
 20
-1041.932
 21
-653.639
  0
LINE
  8
QUOTATURA
 10
-1938.008
 11
-1814.329
 20
-653.639
 21
-653.639
  0
LINE
  8
QUOTATURA
 10
-1954.678
 11
-1938.008
 20
-841.932
 21
-741.932
  0
LINE
  8
QUOTATURA
 10
-1938.008
 11
-1921.338
 20
-741.932
 21
-841.932
  0
LINE
  8
QUOTATURA
 10
-1921.338
 11
-1954.678
 20
-841.932
 21
-841.932
  0
LINE
  8
QUOTATURA
 10
-1921.338
 11
-1938.008
 20
-941.932
 21
-1041.932
  0
LINE
  8
QUOTATURA
 10
-1938.008
 11
-1954.678
 20
-1041.932
 21
-941.932
  0
LINE
  8
QUOTATURA
 10
-1954.678
 11
-1921.338
 20
-941.932
 21
-941.932
  0
LINE
  8
QUOTATURA
 10
4230.616
 11
4230.616
 20
6699.736
 21
6959.899
  0
LINE
  8
QUOTATURA
 10
4330.616
 11
4330.616
 20
6699.736
 21
6959.899
  0
LINE
  8
QUOTATURA
 10
4330.616
 11
4471.885
 20
6909.899
 21
6909.899
  0
LINE
  8
QUOTATURA
 10
4430.616
 11
4330.616
 20
6893.229
 21
6909.899
  0
LINE
  8
QUOTATURA
 10
4330.616
 11
4430.616
 20
6909.899
 21
6926.569
  0
LINE
  8
QUOTATURA
 10
4430.616
 11
4430.616
 20
6926.569
 21
6893.229
  0
LINE
  8
QUOTATURA
 10
4230.616
 11
4030.616
 20
6909.899
 21
6909.899
  0
LINE
  8
QUOTATURA
 10
4130.616
 11
4230.616
 20
6926.569
 21
6909.899
  0
LINE
  8
QUOTATURA
 10
4230.616
 11
4130.616
 20
6909.899
 21
6893.229
  0
LINE
  8
QUOTATURA
 10
4130.616
 11
4130.616
 20
6893.229
 21
6926.569
  0
LINE
  8
APS_GEOMETRY
 10
430.5
 11
196.5
 20
1942.0
 21
1942.0
  0
LINE
  8
APS_GEOMETRY
 10
196.5
 11
196.5
 20
1942.0
 21
1638.0
  0
LINE
  8
APS_GEOMETRY
 10
196.5
 11
683.5
 20
1638.0
 21
1638.0
  0
LINE
  8
APS_GEOMETRY
 10
683.5
 11
683.5
 20
1638.0
 21
1942.0
  0
LINE
  8
APS_GEOMETRY
 10
683.5
 11
430.5
 20
1942.0
 21
1942.0
  0
LINE
  8
APS_GEOMETRY
 10
196.5
 11
196.5
 20
896.0
 21
748.0
  0
LINE
  8
APS_GEOMETRY
 10
196.5
 11
683.5
 20
748.0
 21
748.0
  0
LINE
  8
APS_GEOMETRY
 10
683.5
 11
683.5
 20
748.0
 21
1426.0
  0
LINE
  8
APS_GEOMETRY
 10
683.5
 11
430.5
 20
1426.0
 21
1426.0
  0
LINE
  8
APS_GEOMETRY
 10
430.5
 11
196.5
 20
1426.0
 21
1426.0
  0
LINE
  8
APS_GEOMETRY
 10
196.5
 11
196.5
 20
1426.0
 21
916.0
  0
LINE
  8
APS_GEOMETRY
 10
430.5
 11
683.5
 20
232.0
 21
232.0
  0
LINE
  8
APS_GEOMETRY
 10
683.5
 11
683.5
 20
232.0
 21
536.0
  0
LINE
  8
APS_GEOMETRY
 10
683.5
 11
196.5
 20
536.0
 21
536.0
  0
LINE
  8
APS_GEOMETRY
 10
196.5
 11
196.5
 20
536.0
 21
232.0
  0
LINE
  8
APS_GEOMETRY
 10
196.5
 11
430.5
 20
232.0
 21
232.0
  0
LINE
  8
QUOTATURA
 10
1010.948
 11
1010.948
 20
6.0
 21
250.839
  0
LINE
  8
QUOTATURA
 10
1002.613
 11
1010.948
 20
132.0
 21
182.0
  0
LINE
  8
QUOTATURA
 10
1010.948
 11
1019.283
 20
182.0
 21
132.0
  0
LINE
  8
QUOTATURA
 10
1019.283
 11
1002.613
 20
132.0
 21
132.0
  0
LINE
  8
QUOTATURA
 10
1019.283
 11
1010.948
 20
56.0
 21
6.0
  0
LINE
  8
QUOTATURA
 10
1010.948
 11
1002.613
 20
6.0
 21
56.0
  0
LINE
  8
QUOTATURA
 10
1002.613
 11
1019.283
 20
56.0
 21
56.0
  0
LINE
  8
QUOTATURA
 10
966.0
 11
1185.086
 20
182.0
 21
182.0
  0
LINE
  8
QUOTATURA
 10
966.0
 11
1185.086
 20
586.0
 21
586.0
  0
LINE
  8
QUOTATURA
 10
1160.086
 11
1160.086
 20
182.0
 21
300.264
  0
LINE
  8
QUOTATURA
 10
1160.086
 11
1160.086
 20
467.736
 21
586.0
  0
LINE
  8
QUOTATURA
 10
1168.421
 11
1160.086
 20
232.0
 21
182.0
  0
LINE
  8
QUOTATURA
 10
1160.086
 11
1151.751
 20
182.0
 21
232.0
  0
LINE
  8
QUOTATURA
 10
1151.751
 11
1168.421
 20
232.0
 21
232.0
  0
LINE
  8
QUOTATURA
 10
1151.751
 11
1160.086
 20
536.0
 21
586.0
  0
LINE
  8
QUOTATURA
 10
1160.086
 11
1168.421
 20
586.0
 21
536.0
  0
LINE
  8
QUOTATURA
 10
1168.421
 11
1151.751
 20
536.0
 21
536.0
  0
LINE
  8
QUOTATURA
 10
966.0
 11
1062.856
 20
2106.0
 21
2106.0
  0
LINE
  8
QUOTATURA
 10
1037.856
 11
1037.856
 20
2106.0
 21
2194.107
  0
LINE
  8
QUOTATURA
 10
1046.191
 11
1037.856
 20
2156.0
 21
2106.0
  0
LINE
  8
QUOTATURA
 10
1037.856
 11
1029.521
 20
2106.0
 21
2156.0
  0
LINE
  8
QUOTATURA
 10
1029.521
 11
1046.191
 20
2156.0
 21
2156.0
  0
LINE
  8
QUOTATURA
 10
1037.856
 11
1037.856
 20
1992.0
 21
1892.0
  0
LINE
  8
QUOTATURA
 10
1029.521
 11
1037.856
 20
1942.0
 21
1992.0
  0
LINE
  8
QUOTATURA
 10
1037.856
 11
1046.191
 20
1992.0
 21
1942.0
  0
LINE
  8
QUOTATURA
 10
1046.191
 11
1029.521
 20
1942.0
 21
1942.0
  0
LINE
  8
QUOTATURA
 10
966.0
 11
1126.303
 20
1992.0
 21
1992.0
  0
LINE
  8
QUOTATURA
 10
966.0
 11
1126.303
 20
1588.0
 21
1588.0
  0
LINE
  8
QUOTATURA
 10
1101.303
 11
1101.303
 20
1992.0
 21
1873.736
  0
LINE
  8
QUOTATURA
 10
1101.303
 11
1101.303
 20
1706.264
 21
1588.0
  0
LINE
  8
QUOTATURA
 10
1092.968
 11
1101.303
 20
1942.0
 21
1992.0
  0
LINE
  8
QUOTATURA
 10
1101.303
 11
1109.638
 20
1992.0
 21
1942.0
  0
LINE
  8
QUOTATURA
 10
1109.638
 11
1092.968
 20
1942.0
 21
1942.0
  0
LINE
  8
QUOTATURA
 10
1109.638
 11
1101.303
 20
1638.0
 21
1588.0
  0
LINE
  8
QUOTATURA
 10
1101.303
 11
1092.968
 20
1588.0
 21
1638.0
  0
LINE
  8
QUOTATURA
 10
1092.968
 11
1109.638
 20
1638.0
 21
1638.0
  0
LINE
  8
QUOTATURA
 10
32.5
 11
32.5
 20
-19.0
 21
-106.007
  0
LINE
  8
QUOTATURA
 10
146.5
 11
146.5
 20
-19.0
 21
-106.007
  0
LINE
  8
QUOTATURA
 10
32.5
 11
-80.279
 20
-81.007
 21
-81.007
  0
LINE
  8
QUOTATURA
 10
-17.5
 11
32.5
 20
-72.672
 21
-81.007
  0
LINE
  8
QUOTATURA
 10
32.5
 11
-17.5
 20
-81.007
 21
-89.342
  0
LINE
  8
QUOTATURA
 10
-17.5
 11
-17.5
 20
-89.342
 21
-72.672
  0
LINE
  8
QUOTATURA
 10
146.5
 11
246.5
 20
-81.007
 21
-81.007
  0
LINE
  8
QUOTATURA
 10
196.5
 11
146.5
 20
-89.342
 21
-81.007
  0
LINE
  8
QUOTATURA
 10
146.5
 11
196.5
 20
-81.007
 21
-72.672
  0
LINE
  8
QUOTATURA
 10
196.5
 11
196.5
 20
-72.672
 21
-89.342
  0
LINE
  8
APS_GEOMETRY
 10
32.592
 11
67.533
 20
-452.06
 21
-452.06
  0
LINE
  8
APS_GEOMETRY
 10
67.533
 11
67.533
 20
-452.06
 21
-419.077
  0
LINE
  8
APS_GEOMETRY
 10
67.533
 11
32.592
 20
-419.077
 21
-419.077
  0
LINE
  8
APS_GEOMETRY
 10
32.592
 11
32.592
 20
-419.077
 21
-452.06
  0
LINE
  8
APS_GEOMETRY
 10
63.29
 11
67.533
 20
-452.06
 21
-447.817
  0
LINE
  8
APS_GEOMETRY
 10
67.533
 11
59.048
 20
-443.575
 21
-452.06
  0
LINE
  8
APS_GEOMETRY
 10
54.805
 11
67.533
 20
-452.06
 21
-439.332
  0
LINE
  8
APS_GEOMETRY
 10
67.533
 11
50.562
 20
-435.089
 21
-452.06
  0
LINE
  8
APS_GEOMETRY
 10
46.32
 11
67.533
 20
-452.06
 21
-430.847
  0
LINE
  8
APS_GEOMETRY
 10
67.533
 11
42.077
 20
-426.604
 21
-452.06
  0
LINE
  8
APS_GEOMETRY
 10
37.834
 11
67.533
 20
-452.06
 21
-422.362
  0
LINE
  8
APS_GEOMETRY
 10
66.575
 11
33.592
 20
-419.077
 21
-452.06
  0
LINE
  8
APS_GEOMETRY
 10
32.592
 11
62.332
 20
-448.817
 21
-419.077
  0
LINE
  8
APS_GEOMETRY
 10
58.089
 11
32.592
 20
-419.077
 21
-444.575
  0
LINE
  8
APS_GEOMETRY
 10
32.592
 11
53.847
 20
-440.332
 21
-419.077
  0
LINE
  8
APS_GEOMETRY
 10
49.604
 11
32.592
 20
-419.077
 21
-436.089
  0
LINE
  8
APS_GEOMETRY
 10
32.592
 11
45.362
 20
-431.847
 21
-419.077
  0
LINE
  8
APS_GEOMETRY
 10
41.119
 11
32.592
 20
-419.077
 21
-427.604
  0
LINE
  8
APS_GEOMETRY
 10
32.592
 11
36.876
 20
-423.361
 21
-419.077
  0
LINE
  8
APS_GEOMETRY
 10
32.634
 11
32.592
 20
-419.077
 21
-419.119
  0
LINE
  8
APS_GEOMETRY
 10
812.438
 11
847.379
 20
-452.268
 21
-452.268
  0
LINE
  8
APS_GEOMETRY
 10
847.379
 11
847.379
 20
-452.268
 21
-419.285
  0
LINE
  8
APS_GEOMETRY
 10
847.379
 11
812.438
 20
-419.285
 21
-419.285
  0
LINE
  8
APS_GEOMETRY
 10
812.438
 11
812.438
 20
-419.285
 21
-452.268
  0
LINE
  8
APS_GEOMETRY
 10
843.136
 11
847.379
 20
-452.268
 21
-448.025
  0
LINE
  8
APS_GEOMETRY
 10
847.379
 11
838.894
 20
-443.783
 21
-452.268
  0
LINE
  8
APS_GEOMETRY
 10
834.651
 11
847.379
 20
-452.268
 21
-439.54
  0
LINE
  8
APS_GEOMETRY
 10
847.379
 11
830.408
 20
-435.297
 21
-452.268
  0
LINE
  8
APS_GEOMETRY
 10
826.166
 11
847.379
 20
-452.268
 21
-431.055
  0
LINE
  8
APS_GEOMETRY
 10
847.379
 11
821.923
 20
-426.812
 21
-452.268
  0
LINE
  8
APS_GEOMETRY
 10
817.68
 11
847.379
 20
-452.268
 21
-422.57
  0
LINE
  8
APS_GEOMETRY
 10
846.421
 11
813.438
 20
-419.285
 21
-452.268
  0
LINE
  8
APS_GEOMETRY
 10
812.438
 11
842.178
 20
-449.025
 21
-419.285
  0
LINE
  8
APS_GEOMETRY
 10
837.935
 11
812.438
 20
-419.285
 21
-444.783
  0
LINE
  8
APS_GEOMETRY
 10
812.438
 11
833.693
 20
-440.54
 21
-419.285
  0
LINE
  8
APS_GEOMETRY
 10
829.45
 11
812.438
 20
-419.285
 21
-436.297
  0
LINE
  8
APS_GEOMETRY
 10
812.438
 11
825.208
 20
-432.055
 21
-419.285
  0
LINE
  8
APS_GEOMETRY
 10
820.965
 11
812.438
 20
-419.285
 21
-427.812
  0
LINE
  8
APS_GEOMETRY
 10
812.438
 11
816.722
 20
-423.569
 21
-419.285
  0
LINE
  8
APS_GEOMETRY
 10
812.48
 11
812.438
 20
-419.285
 21
-419.327
  0
LINE
  8
APS_GEOMETRY
 10
-273.644
 11
-273.644
 20
2070.847
 21
2105.788
  0
LINE
  8
APS_GEOMETRY
 10
-273.644
 11
-306.627
 20
2105.788
 21
2105.788
  0
LINE
  8
APS_GEOMETRY
 10
-306.627
 11
-306.627
 20
2105.788
 21
2070.847
  0
LINE
  8
APS_GEOMETRY
 10
-306.627
 11
-273.644
 20
2070.847
 21
2070.847
  0
LINE
  8
APS_GEOMETRY
 10
-273.644
 11
-277.887
 20
2101.546
 21
2105.788
  0
LINE
  8
APS_GEOMETRY
 10
-282.129
 11
-273.644
 20
2105.788
 21
2097.303
  0
LINE
  8
APS_GEOMETRY
 10
-273.644
 11
-286.372
 20
2093.06
 21
2105.788
  0
LINE
  8
APS_GEOMETRY
 10
-290.614
 11
-273.644
 20
2105.788
 21
2088.818
  0
LINE
  8
APS_GEOMETRY
 10
-273.644
 11
-294.857
 20
2084.575
 21
2105.788
  0
LINE
  8
APS_GEOMETRY
 10
-299.1
 11
-273.644
 20
2105.788
 21
2080.332
  0
LINE
  8
APS_GEOMETRY
 10
-273.644
 11
-303.342
 20
2076.09
 21
2105.788
  0
LINE
  8
APS_GEOMETRY
 10
-306.627
 11
-273.644
 20
2104.83
 21
2071.847
  0
LINE
  8
APS_GEOMETRY
 10
-276.887
 11
-306.627
 20
2070.847
 21
2100.588
  0
LINE
  8
APS_GEOMETRY
 10
-306.627
 11
-281.129
 20
2096.345
 21
2070.847
  0
LINE
  8
APS_GEOMETRY
 10
-285.372
 11
-306.627
 20
2070.847
 21
2092.102
  0
LINE
  8
APS_GEOMETRY
 10
-306.627
 11
-289.615
 20
2087.86
 21
2070.847
  0
LINE
  8
APS_GEOMETRY
 10
-293.857
 11
-306.627
 20
2070.847
 21
2083.617
  0
LINE
  8
APS_GEOMETRY
 10
-306.627
 11
-298.1
 20
2079.374
 21
2070.847
  0
LINE
  8
APS_GEOMETRY
 10
-302.343
 11
-306.627
 20
2070.847
 21
2075.132
  0
LINE
  8
APS_GEOMETRY
 10
-306.627
 11
-306.585
 20
2070.889
 21
2070.847
  0
LINE
  8
APS_GEOMETRY
 10
-306.57
 11
-273.419
 20
6.172
 21
6.172
  0
LINE
  8
APS_GEOMETRY
 10
-273.419
 11
-273.419
 20
6.172
 21
61.031
  0
LINE
  8
APS_GEOMETRY
 10
-273.419
 11
-306.57
 20
61.031
 21
61.031
  0
LINE
  8
APS_GEOMETRY
 10
-306.57
 11
-306.57
 20
61.031
 21
6.172
  0
LINE
  8
APS_GEOMETRY
 10
-277.662
 11
-273.419
 20
6.172
 21
10.415
  0
LINE
  8
APS_GEOMETRY
 10
-273.419
 11
-281.905
 20
14.658
 21
6.172
  0
LINE
  8
APS_GEOMETRY
 10
-283.421
 11
-273.419
 20
8.899
 21
18.9
  0
LINE
  8
APS_GEOMETRY
 10
-273.419
 11
-283.421
 20
23.143
 21
13.142
  0
LINE
  8
APS_GEOMETRY
 10
-283.421
 11
-273.419
 20
17.384
 21
27.386
  0
LINE
  8
APS_GEOMETRY
 10
-273.419
 11
-283.421
 20
31.628
 21
21.627
  0
LINE
  8
APS_GEOMETRY
 10
-296.927
 11
-298.875
 20
8.12
 21
6.172
  0
LINE
  8
APS_GEOMETRY
 10
-303.118
 11
-296.927
 20
6.172
 21
12.363
  0
LINE
  8
APS_GEOMETRY
 10
-283.421
 11
-273.419
 20
25.869
 21
35.871
  0
LINE
  8
APS_GEOMETRY
 10
-273.419
 11
-283.421
 20
40.114
 21
30.112
  0
LINE
  8
APS_GEOMETRY
 10
-296.927
 11
-306.57
 20
16.606
 21
6.963
  0
LINE
  8
APS_GEOMETRY
 10
-306.57
 11
-296.927
 20
11.205
 21
20.848
  0
LINE
  8
APS_GEOMETRY
 10
-283.421
 11
-273.419
 20
34.355
 21
44.356
  0
LINE
  8
APS_GEOMETRY
 10
-273.419
 11
-285.62
 20
48.599
 21
36.399
  0
LINE
  8
APS_GEOMETRY
 10
-296.927
 11
-306.57
 20
25.091
 21
15.448
  0
LINE
  8
APS_GEOMETRY
 10
-306.57
 11
-296.927
 20
19.691
 21
29.334
  0
LINE
  8
APS_GEOMETRY
 10
-289.862
 11
-273.419
 20
36.399
 21
52.842
  0
LINE
  8
APS_GEOMETRY
 10
-273.419
 11
-294.105
 20
57.084
 21
36.399
  0
LINE
  8
APS_GEOMETRY
 10
-296.927
 11
-306.57
 20
33.576
 21
23.933
  0
LINE
  8
APS_GEOMETRY
 10
-306.57
 11
-273.715
 20
28.176
 21
61.031
  0
LINE
  8
APS_GEOMETRY
 10
-277.958
 11
-306.57
 20
61.031
 21
32.419
  0
LINE
  8
APS_GEOMETRY
 10
-306.57
 11
-282.2
 20
36.661
 21
61.031
  0
LINE
  8
APS_GEOMETRY
 10
-286.443
 11
-306.57
 20
61.031
 21
40.904
  0
LINE
  8
APS_GEOMETRY
 10
-306.57
 11
-290.686
 20
45.146
 21
61.031
  0
LINE
  8
APS_GEOMETRY
 10
-294.928
 11
-306.57
 20
61.031
 21
49.389
  0
LINE
  8
APS_GEOMETRY
 10
-306.57
 11
-299.171
 20
53.632
 21
61.031
  0
LINE
  8
APS_GEOMETRY
 10
-303.413
 11
-306.57
 20
61.031
 21
57.874
  0
LINE
  8
APS_GEOMETRY
 10
-2550.353
 11
-2218.844
 20
-1041.373
 21
-1041.373
  0
LINE
  8
APS_GEOMETRY
 10
-2218.844
 11
-2218.844
 20
-1041.373
 21
-492.785
  0
LINE
  8
APS_GEOMETRY
 10
-2218.844
 11
-2550.353
 20
-492.785
 21
-492.785
  0
LINE
  8
APS_GEOMETRY
 10
-2550.353
 11
-2550.353
 20
-492.785
 21
-1041.373
  0
LINE
  8
APS_GEOMETRY
 10
-2261.27
 11
-2218.844
 20
-1041.373
 21
-998.947
  0
LINE
  8
APS_GEOMETRY
 10
-2218.844
 11
-2303.697
 20
-956.52
 21
-1041.373
  0
LINE
  8
APS_GEOMETRY
 10
-2318.859
 11
-2218.844
 20
-1014.109
 21
-914.094
  0
LINE
  8
APS_GEOMETRY
 10
-2218.844
 11
-2318.859
 20
-871.667
 21
-971.682
  0
LINE
  8
APS_GEOMETRY
 10
-2318.859
 11
-2218.844
 20
-929.256
 21
-829.241
  0
LINE
  8
APS_GEOMETRY
 10
-2218.844
 11
-2318.859
 20
-786.815
 21
-886.829
  0
LINE
  8
APS_GEOMETRY
 10
-2453.922
 11
-2473.402
 20
-1021.893
 21
-1041.373
  0
LINE
  8
APS_GEOMETRY
 10
-2515.829
 11
-2453.922
 20
-1041.373
 21
-979.467
  0
LINE
  8
APS_GEOMETRY
 10
-2318.859
 11
-2218.844
 20
-844.403
 21
-744.388
  0
LINE
  8
APS_GEOMETRY
 10
-2218.844
 11
-2318.859
 20
-701.962
 21
-801.977
  0
LINE
  8
APS_GEOMETRY
 10
-2453.922
 11
-2550.353
 20
-937.04
 21
-1033.471
  0
LINE
  8
APS_GEOMETRY
 10
-2550.353
 11
-2453.922
 20
-991.044
 21
-894.614
  0
LINE
  8
APS_GEOMETRY
 10
-2318.859
 11
-2218.844
 20
-759.55
 21
-659.535
  0
LINE
  8
APS_GEOMETRY
 10
-2218.844
 11
-2340.846
 20
-617.109
 21
-739.111
  0
LINE
  8
APS_GEOMETRY
 10
-2453.922
 11
-2550.353
 20
-852.187
 21
-948.618
  0
LINE
  8
APS_GEOMETRY
 10
-2550.353
 11
-2453.922
 20
-906.191
 21
-809.761
  0
LINE
  8
APS_GEOMETRY
 10
-2383.272
 11
-2218.844
 20
-739.111
 21
-574.683
  0
LINE
  8
APS_GEOMETRY
 10
-2218.844
 11
-2425.699
 20
-532.256
 21
-739.111
  0
LINE
  8
APS_GEOMETRY
 10
-2453.922
 11
-2550.353
 20
-767.335
 21
-863.765
  0
LINE
  8
APS_GEOMETRY
 10
-2550.353
 11
-2221.799
 20
-821.339
 21
-492.785
  0
LINE
  8
APS_GEOMETRY
 10
-2264.225
 11
-2550.353
 20
-492.785
 21
-778.912
  0
LINE
  8
APS_GEOMETRY
 10
-2550.353
 11
-2306.652
 20
-736.486
 21
-492.785
  0
LINE
  8
APS_GEOMETRY
 10
-2349.078
 11
-2550.353
 20
-492.785
 21
-694.059
  0
LINE
  8
APS_GEOMETRY
 10
-2550.353
 11
-2391.505
 20
-651.633
 21
-492.785
  0
LINE
  8
APS_GEOMETRY
 10
-2433.931
 11
-2550.353
 20
-492.785
 21
-609.207
  0
LINE
  8
APS_GEOMETRY
 10
-2550.353
 11
-2476.357
 20
-566.78
 21
-492.785
  0
LINE
  8
APS_GEOMETRY
 10
-2518.784
 11
-2550.353
 20
-492.785
 21
-524.354
  0
LINE
  8
APS_GEOMETRY
 10
4267.893
 11
4267.893
 20
5346.816
 21
5696.225
  0
LINE
  8
APS_GEOMETRY
 10
4267.893
 11
3938.063
 20
5696.225
 21
5696.225
  0
LINE
  8
APS_GEOMETRY
 10
3938.063
 11
3938.063
 20
5696.225
 21
5346.816
  0
LINE
  8
APS_GEOMETRY
 10
3938.063
 11
4267.893
 20
5346.816
 21
5346.816
  0
LINE
  8
APS_GEOMETRY
 10
4267.893
 11
4225.466
 20
5653.799
 21
5696.225
  0
LINE
  8
APS_GEOMETRY
 10
4183.04
 11
4267.893
 20
5696.225
 21
5611.372
  0
LINE
  8
APS_GEOMETRY
 10
4267.893
 11
4140.614
 20
5568.946
 21
5696.225
  0
LINE
  8
APS_GEOMETRY
 10
4098.187
 11
4267.893
 20
5696.225
 21
5526.52
  0
LINE
  8
APS_GEOMETRY
 10
4267.893
 11
4055.761
 20
5484.093
 21
5696.225
  0
LINE
  8
APS_GEOMETRY
 10
4013.334
 11
4267.893
 20
5696.225
 21
5441.667
  0
LINE
  8
APS_GEOMETRY
 10
4267.893
 11
3970.908
 20
5399.24
 21
5696.225
  0
LINE
  8
APS_GEOMETRY
 10
3938.063
 11
4267.893
 20
5686.644
 21
5356.814
  0
LINE
  8
APS_GEOMETRY
 10
4235.464
 11
3938.063
 20
5346.816
 21
5644.218
  0
LINE
  8
APS_GEOMETRY
 10
3938.063
 11
4193.038
 20
5601.791
 21
5346.816
  0
LINE
  8
APS_GEOMETRY
 10
4150.611
 11
3938.063
 20
5346.816
 21
5559.365
  0
LINE
  8
APS_GEOMETRY
 10
3938.063
 11
4108.185
 20
5516.938
 21
5346.816
  0
LINE
  8
APS_GEOMETRY
 10
4065.759
 11
3938.063
 20
5346.816
 21
5474.512
  0
LINE
  8
APS_GEOMETRY
 10
3938.063
 11
4023.332
 20
5432.086
 21
5346.816
  0
LINE
  8
APS_GEOMETRY
 10
3980.906
 11
3938.063
 20
5346.816
 21
5389.659
  0
LINE
  8
APS_GEOMETRY
 10
3938.063
 11
3938.479
 20
5347.233
 21
5346.816
  0
LINE
  8
QUOTATURA
 10
-58.0
 11
-58.0
 20
-565.285
 21
-777.373
  0
LINE
  8
QUOTATURA
 10
938.0
 11
938.0
 20
-565.285
 21
-777.373
  0
LINE
  8
QUOTATURA
 10
-58.0
 11
194.861
 20
-762.373
 21
-762.373
  0
LINE
  8
QUOTATURA
 10
684.95
 11
938.0
 20
-762.373
 21
-762.373
  0
LINE
  8
QUOTATURA
 10
-28.0
 11
-58.0
 20
-767.374
 21
-762.373
  0
LINE
  8
QUOTATURA
 10
-58.0
 11
-28.0
 20
-762.373
 21
-757.372
  0
LINE
  8
QUOTATURA
 10
-28.0
 11
-28.0
 20
-757.372
 21
-767.374
  0
LINE
  8
QUOTATURA
 10
908.0
 11
938.0
 20
-757.372
 21
-762.373
  0
LINE
  8
QUOTATURA
 10
938.0
 11
908.0
 20
-762.373
 21
-767.374
  0
LINE
  8
QUOTATURA
 10
908.0
 11
908.0
 20
-767.374
 21
-757.372
  0
LINE
  8
QUOTATURA
 10
0.0
 11
0.0
 20
-397.985
 21
-299.333
  0
LINE
  8
QUOTATURA
 10
880.0
 11
880.0
 20
-397.985
 21
-299.333
  0
LINE
  8
QUOTATURA
 10
0.0
 11
243.807
 20
-314.333
 21
-314.333
  0
LINE
  8
QUOTATURA
 10
636.193
 11
880.0
 20
-314.333
 21
-314.333
  0
LINE
  8
QUOTATURA
 10
30.0
 11
0.0
 20
-319.334
 21
-314.333
  0
LINE
  8
QUOTATURA
 10
0.0
 11
30.0
 20
-314.333
 21
-309.332
  0
LINE
  8
QUOTATURA
 10
30.0
 11
30.0
 20
-309.332
 21
-319.334
  0
LINE
  8
QUOTATURA
 10
850.0
 11
880.0
 20
-309.332
 21
-314.333
  0
LINE
  8
QUOTATURA
 10
880.0
 11
850.0
 20
-314.333
 21
-319.334
  0
LINE
  8
QUOTATURA
 10
850.0
 11
850.0
 20
-319.334
 21
-309.332
  0
LINE
  8
QUOTATURA
 10
-61.0
 11
-61.0
 20
-397.985
 21
-162.847
  0
LINE
  8
QUOTATURA
 10
941.0
 11
941.0
 20
-397.985
 21
-162.847
  0
LINE
  8
QUOTATURA
 10
-61.0
 11
199.502
 20
-177.847
 21
-177.847
  0
LINE
  8
QUOTATURA
 10
680.498
 11
941.0
 20
-177.847
 21
-177.847
  0
LINE
  8
QUOTATURA
 10
-31.0
 11
-61.0
 20
-182.848
 21
-177.847
  0
LINE
  8
QUOTATURA
 10
-61.0
 11
-31.0
 20
-177.847
 21
-172.846
  0
LINE
  8
QUOTATURA
 10
-31.0
 11
-31.0
 20
-172.846
 21
-182.848
  0
LINE
  8
QUOTATURA
 10
911.0
 11
941.0
 20
-172.846
 21
-177.847
  0
LINE
  8
QUOTATURA
 10
941.0
 11
911.0
 20
-177.847
 21
-182.848
  0
LINE
  8
QUOTATURA
 10
911.0
 11
911.0
 20
-182.848
 21
-172.846
  0
LINE
  8
QUOTATURA
 10
-10.0
 11
-10.0
 20
-407.985
 21
-221.918
  0
LINE
  8
QUOTATURA
 10
890.0
 11
890.0
 20
-407.985
 21
-221.918
  0
LINE
  8
QUOTATURA
 10
-10.0
 11
254.566
 20
-236.918
 21
-236.918
  0
LINE
  8
QUOTATURA
 10
625.434
 11
890.0
 20
-236.918
 21
-236.918
  0
LINE
  8
QUOTATURA
 10
20.0
 11
-10.0
 20
-241.919
 21
-236.918
  0
LINE
  8
QUOTATURA
 10
-10.0
 11
20.0
 20
-236.918
 21
-231.917
  0
LINE
  8
QUOTATURA
 10
20.0
 11
20.0
 20
-231.917
 21
-241.919
  0
LINE
  8
QUOTATURA
 10
860.0
 11
890.0
 20
-231.917
 21
-236.918
  0
LINE
  8
QUOTATURA
 10
890.0
 11
860.0
 20
-236.918
 21
-241.919
  0
LINE
  8
QUOTATURA
 10
860.0
 11
860.0
 20
-241.919
 21
-231.917
  0
TEXT
  8
TEXT
 10
-655.758
 20
-862.828
 30
0.0
 40
20.0
 50
0.0
  1
Ufficio tecnico:
  0
TEXT
  8
TEXT
 10
-162.41
 20
-987.17
 30
0.0
 40
25.0
 50
0.0
  1
tel. 0577-68.54.26 - fax 0577-68.64.29
  0
TEXT
  8
TEXT
 10
-162.41
 20
-1024.67
 30
0.0
 40
25.0
 50
0.0
  1
e-mail: tecnico@toscocornici.it - web: www.tosococornici.it
  0
TEXT
  8
TEXT
 10
448.679
 20
-1016.362
 30
0.0
 40
40.0
 50
0.0
  1
B.Ste
  0
TEXT
  8
TEXT
 10
597.099
 20
-1016.362
 30
0.0
 40
40.0
 50
0.0
  1
f
  0
TEXT
  8
TEXT
 10
627.784
 20
-1016.362
 30
0.0
 40
40.0
 50
0.0
  1
ano
  0
TEXT
  8
TEXT
 10
344.46
 20
-859.866
 30
0.0
 40
20.0
 50
0.0
  1
documento:
  0
TEXT
  8
TEXT
 10
588.116
 20
-912.987
 30
0.0
 40
10.0
 50
0.0
  1
UBB_200FL_MODELLI_3_VISTE_MODELLO(telaio alpha e anta complanare filo)
  0
TEXT
  8
TEXT
 10
845.661
 20
-859.78
 30
0.0
 40
20.0
 50
0.0
  1
data:
  0
TEXT
  8
TEXT
 10
1094.76
 20
-911.272
 30
0.0
 40
30.0
 50
0.0
  1
29/01/2026
  0
TEXT
  8
TEXT
 10
1103.514
 20
-1011.981
 30
0.0
 40
30.0
 50
0.0
  1
1 : 10
  0
TEXT
  8
TEXT
 10
342.647
 20
-958.09
 30
0.0
 40
20.0
 50
0.0
  1
responsabile tecnico:
  0
TEXT
  8
TEXT
 10
844.242
 20
-958.38
 30
0.0
 40
20.0
 50
0.0
  1
scala:
  0
TEXT
  8
TEXT
 10
399.608
 20
-86.321
 30
0.0
 40
30.0
 50
0.0
  1
SEZ-A
  0
TEXT
  8
TEXT
 10
966.665
 20
663.882
 30
0.0
 40
30.0
 50
0.0
  1
SEZ-B
  0
TEXT
  8
TEXT
 10
-248.673
 20
949.178
 30
0.0
 40
30.0
 50
0.0
  1
SEZ-A
  0
TEXT
  8
QUOTATURA
 10
295.146
 20
-539.976
 30
0.0
 40
30.0
 50
0.0
  1
44
  0
TEXT
  8
QUOTATURA
 10
980.711
 20
-609.338
 30
0.0
 40
20.0
 50
0.0
  1
90
  0
TEXT
  8
QUOTATURA
 10
985.016
 20
-390.334
 30
0.0
 40
20.0
 50
0.0
  1
70
  0
TEXT
  8
QUOTATURA
 10
-105.833
 20
-628.244
 30
0.0
 40
20.0
 50
0.0
  1
40
  0
TEXT
  8
QUOTATURA
 10
-425.767
 20
636.402
 30
0.0
 40
30.0
 50
90.0
  1
ANTA=2100
  0
TEXT
  8
QUOTATURA
 10
-499.485
 20
1068.78
 30
0.0
 40
30.0
 50
90.0
  1
LUCE NETTA=2094
  0
TEXT
  8
QUOTATURA
 10
-608.335
 20
1097.083
 30
0.0
 40
30.0
 50
90.0
  1
EST. TELAIO=2140
  0
TEXT
  8
QUOTATURA
 10
-93.981
 20
650.03
 30
0.0
 40
30.0
 50
90.0
  1
900
  0
TEXT
  8
TEXT
 10
1799.749
 20
6565.093
 30
0.0
 40
400.0
 50
0.0
  1
D1
  0
TEXT
  8
TEXT
 10
-481.962
 20
2160.607
 30
0.0
 40
50.0
 50
0.0
  1
D1
  0
TEXT
  8
QUOTATURA
 10
2572.642
 20
6102.735
 30
0.0
 40
100.0
 50
0.0
  1
90
  0
TEXT
  8
QUOTATURA
 10
4602.47
 20
6254.736
 30
0.0
 40
100.0
 50
0.0
  1
70
  0
TEXT
  8
QUOTATURA
 10
3536.029
 20
5789.736
 30
0.0
 40
100.0
 50
0.0
  1
40
  0
TEXT
  8
QUOTATURA
 10
4569.715
 20
5417.373
 30
0.0
 40
100.0
 50
0.0
  1
44
  0
TEXT
  8
QUOTATURA
 10
1301.056
 20
4640.053
 30
0.0
 40
100.0
 50
0.0
  1
MATERIALE INSONORIZZANTE=8
  0
TEXT
  8
QUOTATURA
 10
339.109
 20
-620.306
 30
0.0
 40
30.0
 50
0.0
  1
ANTA=815
  0
TEXT
  8
QUOTATURA
 10
252.653
 20
-700.884
 30
0.0
 40
30.0
 50
0.0
  1
LUCE NETTA=800
  0
TEXT
  8
TEXT
 10
471.952
 20
-498.522
 30
0.0
 40
30.0
 50
0.0
  1
SEZ-B
  0
TEXT
  8
TEXT
 10
-240.83
 20
28.931
 30
0.0
 40
30.0
 50
0.0
  1
D2
  0
TEXT
  8
TEXT
 10
-1886.385
 20
-250.939
 30
0.0
 40
300.0
 50
0.0
  1
D2
  0
TEXT
  8
QUOTATURA
 10
-2847.198
 20
-1353.127
 30
0.0
 40
100.0
 50
0.0
  1
13
  0
TEXT
  8
QUOTATURA
 10
-1792.008
 20
-703.639
 30
0.0
 40
100.0
 50
0.0
  1
30
  0
TEXT
  8
QUOTATURA
 10
4496.885
 20
6859.899
 30
0.0
 40
100.0
 50
0.0
  1
10
  0
TEXT
  8
QUOTATURA
 10
1035.948
 20
263.339
 30
0.0
 40
50.0
 50
90.0
  1
176
  0
TEXT
  8
QUOTATURA
 10
1185.086
 20
311.269
 30
0.0
 40
50.0
 50
90.0
  1
404
  0
TEXT
  8
QUOTATURA
 10
1062.856
 20
2206.607
 30
0.0
 40
50.0
 50
90.0
  1
114
  0
TEXT
  8
QUOTATURA
 10
1126.303
 20
1717.269
 30
0.0
 40
50.0
 50
90.0
  1
404
  0
TEXT
  8
QUOTATURA
 10
-190.254
 20
-106.007
 30
0.0
 40
50.0
 50
0.0
  1
114
  0
TEXT
  8
QUOTATURA
 10
202.361
 20
-777.373
 30
0.0
 40
30.0
 50
0.0
  1
EST. COPRIFILO= 996
  0
TEXT
  8
QUOTATURA
 10
251.307
 20
-329.333
 30
0.0
 40
30.0
 50
0.0
  1
EST. TELAIO=880
  0
TEXT
  8
QUOTATURA
 10
207.002
 20
-192.847
 30
0.0
 40
30.0
 50
0.0
  1
EST. COPRIFILO=1002
  0
TEXT
  8
QUOTATURA
 10
262.066
 20
-251.918
 30
0.0
 40
30.0
 50
0.0
  1
FORO MURO=900
  0
ENDSEC
  0
EOF
