  0
SECTION
  2
ENTITIES
  0
LINE
  8
COSTRUZIONI
 10
-663.573487
 11
1336.426513
 20
-782.769239
 21
-782.769239
  0
LINE
  8
COSTRUZIONI
 10
1336.426513
 11
1336.426513
 20
-782.769239
 21
-582.769239
  0
LINE
  8
COSTRUZIONI
 10
1336.426513
 11
-663.573487
 20
-582.769239
 21
-582.769239
  0
LINE
  8
COSTRUZIONI
 10
-663.573487
 11
-663.573487
 20
-582.769239
 21
-782.769239
  0
LINE
  8
COSTRUZIONI
 10
336.426513
 11
336.426513
 20
-782.769239
 21
-582.769239
  0
LINE
  8
COSTRUZIONI
 10
336.426513
 11
1336.426513
 20
-682.769239
 21
-682.769239
  0
LINE
  8
COSTRUZIONI
 10
836.426513
 11
836.426513
 20
-782.769239
 21
-582.769239
  0
LINE
  8
APS_GEOMETRY
 10
-600.888415
 11
-583.653677
 20
-636.754348
 21
-636.754348
  0
ARC
  8
APS_GEOMETRY
 10
-584.525274
 20
-612.059097
 40
24.710628
 50
272.021365
 51
278.440365
  0
ARC
  8
APS_GEOMETRY
 10
-583.552532
 20
-618.614534
 40
18.083413
 50
278.440365
 51
285.945396
  0
ARC
  8
APS_GEOMETRY
 10
-576.235392
 20
-644.811833
 40
9.117519
 50
98.583621
 51
104.931417
  0
ARC
  8
APS_GEOMETRY
 10
-576.851352
 20
-640.731104
 40
4.990564
 50
90.0
 51
98.583621
  0
ARC
  8
APS_GEOMETRY
 10
-576.851352
 20
-639.492233
 40
3.751692
 50
52.870717
 51
90.0
  0
ARC
  8
APS_GEOMETRY
 10
-581.939951
 20
-646.213424
 40
12.181891
 50
32.517511
 51
52.870717
  0
ARC
  8
APS_GEOMETRY
 10
-585.971173
 20
-648.783328
 40
16.962598
 50
17.208621
 51
32.517511
  0
ARC
  8
APS_GEOMETRY
 10
-582.611303
 20
-647.74272
 40
13.445271
 50
0.0
 51
17.208621
  0
ARC
  8
APS_GEOMETRY
 10
-575.883463
 20
-647.74272
 40
6.717431
 50
337.348108
 51
0.0
  0
ARC
  8
APS_GEOMETRY
 10
-573.183548
 20
-648.869456
 40
3.791842
 50
307.042475
 51
337.348108
  0
ARC
  8
APS_GEOMETRY
 10
-573.652798
 20
-648.224756
 40
4.589135
 50
287.185706
 51
306.869898
  0
ARC
  8
APS_GEOMETRY
 10
-574.071555
 20
-646.870773
 40
6.006395
 50
270.0
 51
287.185706
  0
ARC
  8
APS_GEOMETRY
 10
-574.071555
 20
-647.483682
 40
5.393486
 50
252.221439
 51
270.0
  0
ARC
  8
APS_GEOMETRY
 10
-574.32264
 20
-648.266727
 40
4.57117
 50
232.895765
 51
252.221439
  0
ARC
  8
APS_GEOMETRY
 10
-573.352112
 20
-646.983656
 40
6.179957
 50
218.299689
 51
232.895765
  0
ARC
  8
APS_GEOMETRY
 10
-565.771875
 20
-640.997213
 40
15.83902
 50
209.197486
 51
218.299689
  0
ARC
  8
APS_GEOMETRY
 10
-604.325644
 20
-661.885076
 40
28.011657
 50
28.024501
 51
32.699461
  0
ARC
  8
APS_GEOMETRY
 10
-584.169537
 20
-648.945353
 40
4.059515
 50
32.699461
 51
45.0
  0
ARC
  8
APS_GEOMETRY
 10
-582.79523
 20
-647.571047
 40
2.115953
 50
45.0
 51
67.557247
  0
ARC
  8
APS_GEOMETRY
 10
-582.803386
 20
-647.590793
 40
2.137317
 50
67.557247
 51
90.0
  0
ARC
  8
APS_GEOMETRY
 10
-582.803386
 20
-647.422263
 40
1.968787
 50
90.0
 51
120.801446
  0
ARC
  8
APS_GEOMETRY
 10
-582.869915
 20
-647.310666
 40
1.838864
 50
120.801446
 51
152.700428
  0
ARC
  8
APS_GEOMETRY
 10
-581.411104
 20
-648.063601
 40
3.480522
 50
152.700428
 51
171.085073
  0
ARC
  8
APS_GEOMETRY
 10
-570.322181
 20
-649.80304
 40
14.705043
 50
171.085073
 51
180.0
  0
LINE
  8
APS_GEOMETRY
 10
-585.027224
 11
-585.027224
 20
-649.80304
 21
-668.116994
  0
ARC
  8
APS_GEOMETRY
 10
-565.600153
 20
-668.116994
 40
19.42707
 50
180.0
 51
188.194263
  0
ARC
  8
APS_GEOMETRY
 10
-580.10773
 20
-670.206085
 40
4.769851
 50
188.194263
 51
204.775141
  0
ARC
  8
APS_GEOMETRY
 10
-581.517194
 20
-670.856607
 40
3.217508
 50
204.775141
 51
228.576334
  0
ARC
  8
APS_GEOMETRY
 10
-580.194877
 20
-669.35798
 40
5.216108
 50
228.576334
 51
247.217594
  0
ARC
  8
APS_GEOMETRY
 10
-587.863777
 20
-687.430134
 40
14.415923
 50
59.381395
 51
66.929588
  0
ARC
  8
APS_GEOMETRY
 10
-582.202551
 20
-677.864615
 40
3.30068
 50
43.567904
 51
59.381395
  0
ARC
  8
APS_GEOMETRY
 10
-581.296954
 20
-677.003193
 40
2.050818
 50
19.041231
 51
43.567904
  0
ARC
  8
APS_GEOMETRY
 10
-582.555296
 20
-677.437488
 40
3.381997
 50
0.0
 51
19.041231
  0
ARC
  8
APS_GEOMETRY
 10
-581.920736
 20
-677.437488
 40
2.747437
 50
317.65975
 51
0.0
  0
ARC
  8
APS_GEOMETRY
 10
-584.443116
 20
-675.139057
 40
6.159941
 50
289.746837
 51
317.65975
  0
ARC
  8
APS_GEOMETRY
 10
-586.555573
 20
-669.254356
 40
12.412315
 50
281.964396
 51
289.746837
  0
ARC
  8
APS_GEOMETRY
 10
-589.482402
 20
-655.442512
 40
26.530862
 50
276.643452
 51
281.964396
  0
ARC
  8
APS_GEOMETRY
 10
-590.714198
 20
-644.866666
 40
37.178202
 50
272.836113
 51
276.643452
  0
ARC
  8
APS_GEOMETRY
 10
-592.189288
 20
-615.09092
 40
66.990463
 50
270.0
 51
272.836113
  0
ARC
  8
APS_GEOMETRY
 10
-592.189288
 20
-596.64113
 40
85.440254
 50
267.283141
 51
270.0
  0
ARC
  8
APS_GEOMETRY
 10
-593.983182
 20
-634.444183
 40
47.59466
 50
263.64272
 51
267.283141
  0
ARC
  8
APS_GEOMETRY
 10
-595.485448
 20
-647.927936
 40
34.02748
 50
258.563267
 51
263.64272
  0
ARC
  8
APS_GEOMETRY
 10
-599.074199
 20
-665.66745
 40
15.928599
 50
251.136412
 51
258.563267
  0
ARC
  8
APS_GEOMETRY
 10
-602.278309
 20
-674.960185
 40
6.099088
 50
222.557585
 51
251.395035
  0
ARC
  8
APS_GEOMETRY
 10
-604.655802
 20
-677.143156
 40
2.871421
 50
180.0
 51
222.557585
  0
ARC
  8
APS_GEOMETRY
 10
-605.135464
 20
-677.143156
 40
2.39176
 50
150.642246
 51
180.0
  0
ARC
  8
APS_GEOMETRY
 10
-604.943815
 20
-677.250959
 40
2.611648
 50
122.574057
 51
150.642246
  0
ARC
  8
APS_GEOMETRY
 10
-605.450767
 20
-676.668569
 40
1.851424
 50
108.676702
 51
119.054604
  0
ARC
  8
APS_GEOMETRY
 10
-582.335193
 20
-745.052143
 40
74.036208
 50
107.037768
 51
108.676702
  0
ARC
  8
APS_GEOMETRY
 10
-604.889599
 20
-671.288645
 40
3.098808
 50
286.144339
 51
308.659808
  0
ARC
  8
APS_GEOMETRY
 10
-604.382161
 20
-671.922942
 40
2.286512
 50
308.659808
 51
334.932537
  0
ARC
  8
APS_GEOMETRY
 10
-606.446878
 20
-670.957188
 40
4.565927
 50
334.932537
 51
348.829022
  0
ARC
  8
APS_GEOMETRY
 10
-632.272755
 20
-665.857119
 40
30.890567
 50
348.829022
 51
354.160508
  0
ARC
  8
APS_GEOMETRY
 10
-649.728666
 20
-664.057815
 40
48.438962
 50
354.143986
 51
355.660291
  0
ARC
  8
APS_GEOMETRY
 10
-727.104937
 20
-658.185932
 40
126.037715
 50
355.660291
 51
356.600286
  0
ARC
  8
APS_GEOMETRY
 10
-786.253962
 20
-654.672128
 40
185.291018
 50
356.600286
 51
357.239747
  0
ARC
  8
APS_GEOMETRY
 10
-954.079063
 20
-646.58081
 40
353.311058
 50
357.239747
 51
357.702834
  0
ARC
  8
APS_GEOMETRY
 10
-937.558767
 20
-647.243516
 40
336.777476
 50
357.702834
 51
358.674384
  0
ARC
  8
APS_GEOMETRY
 10
-781.726486
 20
-650.849552
 40
180.903478
 50
358.674384
 51
0.0
  0
ARC
  8
APS_GEOMETRY
 10
-627.633075
 20
-650.849552
 40
26.810067
 50
0.0
 51
6.241914
  0
ARC
  8
APS_GEOMETRY
 10
-606.313834
 20
-648.51776
 40
5.363685
 50
6.241914
 51
20.224859
  0
ARC
  8
APS_GEOMETRY
 10
-603.359049
 20
-647.429155
 40
2.214746
 50
20.224859
 51
50.440332
  0
ARC
  8
APS_GEOMETRY
 10
-602.785218
 20
-646.734517
 40
1.313744
 50
50.440332
 51
90.0
  0
ARC
  8
APS_GEOMETRY
 10
-602.785218
 20
-647.18309
 40
1.762317
 50
90.0
 51
126.747471
  0
ARC
  8
APS_GEOMETRY
 10
-600.295203
 20
-650.517931
 40
5.924208
 50
126.747471
 51
146.546691
  0
ARC
  8
APS_GEOMETRY
 10
-644.282935
 20
-621.604991
 40
46.714947
 50
324.255019
 51
326.700579
  0
ARC
  8
APS_GEOMETRY
 10
-625.659984
 20
-635.009121
 40
23.769686
 50
320.826342
 51
324.255019
  0
ARC
  8
APS_GEOMETRY
 10
-619.573425
 20
-639.96854
 40
15.918442
 50
315.721571
 51
320.826342
  0
ARC
  8
APS_GEOMETRY
 10
-612.579282
 20
-646.788699
 40
6.14948
 50
307.504142
 51
315.721571
  0
ARC
  8
APS_GEOMETRY
 10
-613.224574
 20
-645.927402
 40
7.225632
 50
291.305784
 51
307.405357
  0
ARC
  8
APS_GEOMETRY
 10
-612.105712
 20
-648.796279
 40
4.146296
 50
270.0
 51
291.305784
  0
ARC
  8
APS_GEOMETRY
 10
-612.105712
 20
-649.063618
 40
3.878957
 50
245.531798
 51
270.0
  0
ARC
  8
APS_GEOMETRY
 10
-612.135054
 20
-649.128099
 40
3.808114
 50
220.833495
 51
245.531798
  0
ARC
  8
APS_GEOMETRY
 10
-611.741926
 20
-648.788359
 40
4.327703
 50
198.683699
 51
220.833495
  0
ARC
  8
APS_GEOMETRY
 10
-610.100457
 20
-648.233273
 40
6.060487
 50
180.0
 51
198.683699
  0
ARC
  8
APS_GEOMETRY
 10
-606.253248
 20
-648.233273
 40
9.907696
 50
168.407825
 51
180.0
  0
ARC
  8
APS_GEOMETRY
 10
-599.900495
 20
-649.536401
 40
16.392726
 50
159.401826
 51
168.407825
  0
ARC
  8
APS_GEOMETRY
 10
-597.937303
 20
-650.274246
 40
18.489996
 50
151.38954
 51
159.401826
  0
ARC
  8
APS_GEOMETRY
 10
-598.339686
 20
-650.054764
 40
18.031646
 50
143.275893
 51
151.38954
  0
ARC
  8
APS_GEOMETRY
 10
-603.389281
 20
-646.278826
 40
11.726407
 50
124.215702
 51
143.310277
  0
ARC
  8
APS_GEOMETRY
 10
-607.886962
 20
-639.664589
 40
3.727828
 50
90.0
 51
124.215702
  0
ARC
  8
APS_GEOMETRY
 10
-607.886962
 20
-641.321161
 40
5.3844
 50
82.724995
 51
90.0
  0
ARC
  8
APS_GEOMETRY
 10
-608.307657
 20
-644.616603
 40
8.706586
 50
77.005383
 51
82.724995
  0
ARC
  8
APS_GEOMETRY
 10
-595.459294
 20
-582.670018
 40
54.560918
 50
258.486169
 51
260.377772
  0
ARC
  8
APS_GEOMETRY
 10
-600.96328
 20
-615.134937
 40
21.632741
 50
260.377772
 51
263.382083
  0
ARC
  8
APS_GEOMETRY
 10
-601.434049
 20
-619.192556
 40
17.547904
 50
263.382083
 51
267.083862
  0
ARC
  8
APS_GEOMETRY
 10
-600.888415
 20
-608.481303
 40
28.273045
 50
267.083862
 51
270.0
  0
ARC
  8
APS_GEOMETRY
 10
-541.161381
 20
-661.620175
 40
25.781524
 50
71.909511
 51
90.0
  0
ARC
  8
APS_GEOMETRY
 10
-540.162881
 20
-658.563542
 40
22.565936
 50
52.561428
 51
71.909511
  0
ARC
  8
APS_GEOMETRY
 10
-540.424408
 20
-658.639605
 40
22.785888
 50
38.846006
 51
52.155542
  0
ARC
  8
APS_GEOMETRY
 10
-543.996542
 20
-661.516399
 40
27.372399
 50
26.707224
 51
38.846006
  0
ARC
  8
APS_GEOMETRY
 10
-543.289408
 20
-660.938487
 40
26.481717
 50
13.867603
 51
26.277857
  0
ARC
  8
APS_GEOMETRY
 10
-538.189686
 20
-659.679494
 40
21.228887
 50
0.0
 51
13.867603
  0
ARC
  8
APS_GEOMETRY
 10
-537.85948
 20
-659.679494
 40
20.898681
 50
339.712247
 51
0.0
  0
ARC
  8
APS_GEOMETRY
 10
-539.035983
 20
-659.244578
 40
22.152997
 50
320.013114
 51
339.712247
  0
ARC
  8
APS_GEOMETRY
 10
-539.231081
 20
-659.13703
 40
22.371633
 50
303.343757
 51
320.123166
  0
ARC
  8
APS_GEOMETRY
 10
-541.52681
 20
-655.647926
 40
26.548261
 50
287.949403
 51
303.343757
  0
ARC
  8
APS_GEOMETRY
 10
-542.281065
 20
-653.032816
 40
29.268668
 50
279.039483
 51
287.776406
  0
ARC
  8
APS_GEOMETRY
 10
-541.978968
 20
-654.931711
 40
27.345893
 50
270.0
 51
279.039483
  0
ARC
  8
APS_GEOMETRY
 10
-541.978968
 20
-656.266752
 40
26.010853
 50
257.72804
 51
270.0
  0
ARC
  8
APS_GEOMETRY
 10
-541.93804
 20
-656.078597
 40
26.203407
 50
245.501426
 51
257.72804
  0
ARC
  8
APS_GEOMETRY
 10
-543.410746
 20
-659.301372
 40
22.660086
 50
228.665185
 51
245.510859
  0
ARC
  8
APS_GEOMETRY
 10
-543.900542
 20
-659.858212
 40
21.918485
 50
211.534792
 51
228.665185
  0
ARC
  8
APS_GEOMETRY
 10
-543.258565
 20
-659.386771
 40
22.712325
 50
195.642246
 51
211.70143
  0
ARC
  8
APS_GEOMETRY
 10
-542.084839
 20
-659.058127
 40
23.931193
 50
180.0
 51
195.642246
  0
ARC
  8
APS_GEOMETRY
 10
-541.833273
 20
-659.058127
 40
24.182759
 50
162.181111
 51
180.0
  0
ARC
  8
APS_GEOMETRY
 10
-544.039766
 20
-658.348897
 40
21.865083
 50
143.433519
 51
162.181111
  0
ARC
  8
APS_GEOMETRY
 10
-544.336649
 20
-658.111116
 40
21.484982
 50
126.384352
 51
143.471145
  0
ARC
  8
APS_GEOMETRY
 10
-542.302517
 20
-660.871722
 40
24.91407
 50
110.525108
 51
126.384352
  0
ARC
  8
APS_GEOMETRY
 10
-542.403206
 20
-660.122107
 40
24.177325
 50
99.7697
 51
110.924502
  0
ARC
  8
APS_GEOMETRY
 10
-541.161381
 20
-667.334244
 40
31.495593
 50
90.0
 51
99.7697
  0
ARC
  8
APS_GEOMETRY
 10
-544.268212
 20
-650.031708
 40
4.807157
 50
90.0
 51
119.604451
  0
ARC
  8
APS_GEOMETRY
 10
-543.847169
 20
-650.772743
 40
5.659453
 50
119.604451
 51
146.842076
  0
ARC
  8
APS_GEOMETRY
 10
-543.000993
 20
-651.46651
 40
6.74833
 50
145.840305
 51
164.054604
  0
ARC
  8
APS_GEOMETRY
 10
-541.039708
 20
-652.026877
 40
8.788097
 50
164.054604
 51
180.0
  0
ARC
  8
APS_GEOMETRY
 10
-528.775252
 20
-652.026877
 40
21.052553
 50
180.0
 51
189.976729
  0
ARC
  8
APS_GEOMETRY
 10
-510.123655
 20
-648.745908
 40
39.990527
 50
189.976729
 51
197.211115
  0
ARC
  8
APS_GEOMETRY
 10
-506.044141
 20
-647.48222
 40
44.261281
 50
197.211115
 51
203.760424
  0
ARC
  8
APS_GEOMETRY
 10
-516.206841
 20
-651.956122
 40
33.157396
 50
203.760424
 51
211.328693
  0
ARC
  8
APS_GEOMETRY
 10
-537.074978
 20
-664.479867
 40
8.821499
 50
212.319617
 51
224.440823
  0
ARC
  8
APS_GEOMETRY
 10
-537.930398
 20
-665.318752
 40
7.623388
 50
224.440823
 51
237.483626
  0
ARC
  8
APS_GEOMETRY
 10
-538.483191
 20
-666.185917
 40
6.595013
 50
237.483626
 51
252.415923
  0
ARC
  8
APS_GEOMETRY
 10
-539.035654
 20
-667.929179
 40
4.766303
 50
252.415923
 51
270.0
  0
ARC
  8
APS_GEOMETRY
 10
-539.035654
 20
-667.364021
 40
5.331461
 50
270.0
 51
294.952847
  0
ARC
  8
APS_GEOMETRY
 10
-538.88628
 20
-667.685043
 40
4.977388
 50
294.952847
 51
320.792796
  0
ARC
  8
APS_GEOMETRY
 10
-539.68693
 20
-667.031882
 40
6.010664
 50
320.792796
 51
342.776564
  0
ARC
  8
APS_GEOMETRY
 10
-543.254742
 20
-665.92586
 40
9.745978
 50
342.776564
 51
0.0
  0
ARC
  8
APS_GEOMETRY
 10
-560.015862
 20
-665.92586
 40
26.507098
 50
0.0
 51
8.498559
  0
ARC
  8
APS_GEOMETRY
 10
-571.68319
 20
-667.669254
 40
38.30396
 50
8.498559
 51
15.566318
  0
ARC
  8
APS_GEOMETRY
 10
-570.280376
 20
-667.27847
 40
36.847733
 50
15.566318
 51
22.908635
  0
ARC
  8
APS_GEOMETRY
 10
-558.216674
 20
-662.18042
 40
23.751053
 50
22.908635
 51
32.057376
  0
ARC
  8
APS_GEOMETRY
 10
-548.740939
 20
-656.210838
 40
12.551777
 50
31.920876
 51
42.510447
  0
ARC
  8
APS_GEOMETRY
 10
-546.138895
 20
-653.825632
 40
9.021927
 50
42.510447
 51
55.00798
  0
ARC
  8
APS_GEOMETRY
 10
-545.260022
 20
-652.570099
 40
7.489354
 50
55.00798
 51
69.880367
  0
ARC
  8
APS_GEOMETRY
 10
-544.471906
 20
-650.418755
 40
5.198196
 50
69.880367
 51
87.754257
  0
ARC
  8
APS_GEOMETRY
 10
-492.740596
 20
-651.82191
 40
15.98326
 50
83.922511
 51
90.0
  0
ARC
  8
APS_GEOMETRY
 10
-494.026273
 20
-663.897198
 40
28.126798
 50
79.342054
 51
83.922511
  0
ARC
  8
APS_GEOMETRY
 10
-495.577013
 20
-672.137402
 40
36.511651
 50
75.80788
 51
79.342054
  0
ARC
  8
APS_GEOMETRY
 10
-500.987655
 20
-693.532425
 40
58.580227
 50
73.017894
 51
75.80788
  0
ARC
  8
APS_GEOMETRY
 10
-481.936311
 20
-631.039455
 40
6.752259
 50
253.288427
 51
259.045937
  0
ARC
  8
APS_GEOMETRY
 10
-482.864142
 20
-635.833248
 40
1.869502
 50
259.045937
 51
270.0
  0
ARC
  8
APS_GEOMETRY
 10
-482.864142
 20
-636.593058
 40
1.109691
 50
270.0
 51
286.699244
  0
ARC
  8
APS_GEOMETRY
 10
-491.737337
 20
-607.015741
 40
31.989317
 50
286.699244
 51
289.798876
  0
ARC
  8
APS_GEOMETRY
 10
-479.847688
 20
-639.925407
 40
3.002492
 50
100.00798
 51
110.556045
  0
ARC
  8
APS_GEOMETRY
 10
-479.790014
 20
-640.252223
 40
3.334357
 50
90.0
 51
100.00798
  0
ARC
  8
APS_GEOMETRY
 10
-479.790014
 20
-640.097014
 40
3.179149
 50
53.355929
 51
90.0
  0
ARC
  8
APS_GEOMETRY
 10
-485.343765
 20
-647.563141
 40
12.484373
 50
35.100706
 51
53.355929
  0
ARC
  8
APS_GEOMETRY
 10
-488.114889
 20
-649.510771
 40
15.871465
 50
20.244574
 51
35.100706
  0
ARC
  8
APS_GEOMETRY
 10
-481.281511
 20
-646.99054
 40
8.588153
 50
0.0
 51
20.244574
  0
ARC
  8
APS_GEOMETRY
 10
-477.843118
 20
-646.99054
 40
5.149761
 50
340.480718
 51
0.0
  0
ARC
  8
APS_GEOMETRY
 10
-476.995236
 20
-647.291112
 40
4.250179
 50
318.972496
 51
340.480718
  0
ARC
  8
APS_GEOMETRY
 10
-476.616676
 20
-647.620508
 40
3.748373
 50
295.016893
 51
318.972496
  0
ARC
  8
APS_GEOMETRY
 10
-476.486962
 20
-647.898468
 40
3.441636
 50
270.0
 51
295.016893
  0
ARC
  8
APS_GEOMETRY
 10
-476.486962
 20
-646.054696
 40
5.285409
 50
256.171349
 51
270.0
  0
ARC
  8
APS_GEOMETRY
 10
-477.063244
 20
-648.395841
 40
2.874379
 50
237.380757
 51
256.171349
  0
ARC
  8
APS_GEOMETRY
 10
-476.042668
 20
-646.80119
 40
4.767653
 50
231.559211
 51
237.380757
  0
ARC
  8
APS_GEOMETRY
 10
-461.199975
 20
-628.101736
 40
28.641805
 50
229.184916
 51
231.559211
  0
ARC
  8
APS_GEOMETRY
 10
-445.292554
 20
-609.682616
 40
52.979225
 50
227.899934
 51
229.184916
  0
ARC
  8
APS_GEOMETRY
 10
-390.23959
 20
-548.754434
 40
135.095437
 50
227.095253
 51
227.899934
  0
ARC
  8
APS_GEOMETRY
 10
-493.602325
 20
-659.916002
 40
16.696392
 50
46.974934
 51
64.612094
  0
ARC
  8
APS_GEOMETRY
 10
-489.928096
 20
-652.173875
 40
8.126649
 50
64.612094
 51
90.0
  0
ARC
  8
APS_GEOMETRY
 10
-489.928096
 20
-649.903061
 40
5.855835
 50
90.0
 51
106.966148
  0
ARC
  8
APS_GEOMETRY
 10
-490.606442
 20
-647.679594
 40
3.531193
 50
106.966148
 51
128.867778
  0
ARC
  8
APS_GEOMETRY
 10
-490.999218
 20
-647.19226
 40
2.90528
 50
128.867778
 51
154.740609
  0
ARC
  8
APS_GEOMETRY
 10
-490.872249
 20
-647.252168
 40
3.045672
 50
154.740609
 51
180.0
  0
ARC
  8
APS_GEOMETRY
 10
-491.056963
 20
-647.252168
 40
2.860958
 50
180.0
 51
206.640144
  0
ARC
  8
APS_GEOMETRY
 10
-490.136654
 20
-646.790505
 40
3.89057
 50
206.640144
 51
229.429559
  0
ARC
  8
APS_GEOMETRY
 10
-488.661006
 20
-645.067038
 40
6.159464
 50
229.429559
 51
244.493062
  0
ARC
  8
APS_GEOMETRY
 10
-484.615379
 20
-636.587846
 40
15.554345
 50
244.493062
 51
253.955733
  0
ARC
  8
APS_GEOMETRY
 10
-556.686317
 20
-881.516817
 40
239.758367
 50
72.73731
 51
73.580493
  0
ARC
  8
APS_GEOMETRY
 10
-515.382653
 20
-748.601237
 40
100.573081
 50
71.435423
 51
72.73731
  0
ARC
  8
APS_GEOMETRY
 10
-501.702017
 20
-707.86676
 40
57.602655
 50
69.164305
 51
71.435423
  0
ARC
  8
APS_GEOMETRY
 10
-485.557178
 20
-665.444802
 40
12.212366
 50
64.230672
 51
69.164305
  0
ARC
  8
APS_GEOMETRY
 10
-487.413916
 20
-669.183576
 40
16.386607
 50
34.93931
 51
64.067526
  0
ARC
  8
APS_GEOMETRY
 10
-483.406262
 20
-666.383709
 40
11.497789
 50
0.0
 51
34.93931
  0
ARC
  8
APS_GEOMETRY
 10
-485.870157
 20
-666.383709
 40
13.961684
 50
333.434949
 51
0.0
  0
ARC
  8
APS_GEOMETRY
 10
-486.782906
 20
-665.927334
 40
14.982168
 50
307.80653
 51
333.434949
  0
ARC
  8
APS_GEOMETRY
 10
-489.158145
 20
-662.854747
 40
18.865789
 50
296.732094
 51
307.785738
  0
ARC
  8
APS_GEOMETRY
 10
-490.563457
 20
-660.064489
 40
21.98996
 50
286.495988
 51
296.732094
  0
ARC
  8
APS_GEOMETRY
 10
-491.489045
 20
-656.938955
 40
25.249665
 50
277.544213
 51
286.495988
  0
ARC
  8
APS_GEOMETRY
 10
-492.838706
 20
-646.748033
 40
35.529571
 50
270.0
 51
277.544213
  0
ARC
  8
APS_GEOMETRY
 10
-492.838706
 20
-645.206738
 40
37.070866
 50
263.55502
 51
270.0
  0
ARC
  8
APS_GEOMETRY
 10
-491.638606
 20
-634.582905
 40
47.762268
 50
257.87769
 51
263.55502
  0
ARC
  8
APS_GEOMETRY
 10
-492.275638
 20
-637.548755
 40
44.728776
 50
254.83911
 51
257.87769
  0
ARC
  8
APS_GEOMETRY
 10
-497.442152
 20
-656.616118
 40
24.973847
 50
250.772225
 51
254.83911
  0
ARC
  8
APS_GEOMETRY
 10
-499.765899
 20
-663.278609
 40
17.917745
 50
245.120665
 51
250.772225
  0
ARC
  8
APS_GEOMETRY
 10
-503.699485
 20
-671.760803
 40
8.56784
 50
236.944177
 51
245.120665
  0
ARC
  8
APS_GEOMETRY
 10
-506.019156
 20
-675.411287
 40
4.243206
 50
211.80188
 51
236.309932
  0
ARC
  8
APS_GEOMETRY
 10
-494.994717
 20
-668.575345
 40
17.215035
 50
199.704454
 51
211.80188
  0
ARC
  8
APS_GEOMETRY
 10
-489.73005
 20
-666.68986
 40
22.807153
 50
190.41311
 51
199.704454
  0
ARC
  8
APS_GEOMETRY
 10
-494.29264
 20
-667.528331
 40
18.168159
 50
180.0
 51
190.41311
  0
ARC
  8
APS_GEOMETRY
 10
-506.592208
 20
-667.528331
 40
5.868591
 50
164.875993
 51
180.0
  0
ARC
  8
APS_GEOMETRY
 10
-509.898722
 20
-666.634678
 40
2.443441
 50
141.340192
 51
164.875993
  0
ARC
  8
APS_GEOMETRY
 10
-509.578901
 20
-666.848764
 40
2.827106
 50
116.927678
 51
142.001268
  0
ARC
  8
APS_GEOMETRY
 10
-509.74641
 20
-666.518981
 40
2.45722
 50
90.0
 51
116.927678
  0
ARC
  8
APS_GEOMETRY
 10
-509.74641
 20
-666.525392
 40
2.463631
 50
62.209558
 51
90.0
  0
ARC
  8
APS_GEOMETRY
 10
-510.730062
 20
-668.391809
 40
4.57339
 50
41.905942
 51
62.209558
  0
ARC
  8
APS_GEOMETRY
 10
-510.563115
 20
-668.426835
 40
4.474651
 50
37.313278
 51
43.66778
  0
ARC
  8
APS_GEOMETRY
 10
-535.630884
 20
-687.53254
 40
35.993232
 50
35.073754
 51
37.313278
  0
ARC
  8
APS_GEOMETRY
 10
-564.098393
 20
-707.520366
 40
70.777026
 50
33.933582
 51
35.073754
  0
ARC
  8
APS_GEOMETRY
 10
-665.596034
 20
-775.810335
 40
193.109731
 50
33.243326
 51
33.933582
  0
ARC
  8
APS_GEOMETRY
 10
-498.476377
 20
-666.240243
 40
6.726706
 50
213.453309
 51
231.636906
  0
ARC
  8
APS_GEOMETRY
 10
-495.297846
 20
-662.224624
 40
11.848059
 50
231.636906
 51
245.313085
  0
ARC
  8
APS_GEOMETRY
 10
-494.597747
 20
-660.701584
 40
13.524302
 50
245.313085
 51
257.398477
  0
ARC
  8
APS_GEOMETRY
 10
-494.833619
 20
-661.75668
 40
12.443162
 50
257.398477
 51
270.0
  0
ARC
  8
APS_GEOMETRY
 10
-494.833619
 20
-663.693981
 40
10.505861
 50
270.0
 51
282.907409
  0
ARC
  8
APS_GEOMETRY
 10
-493.703134
 20
-668.627008
 40
5.444957
 50
282.907409
 51
300.872083
  0
ARC
  8
APS_GEOMETRY
 10
-492.722896
 20
-670.266678
 40
3.534621
 50
300.872083
 51
326.876264
  0
ARC
  8
APS_GEOMETRY
 10
-491.606816
 20
-670.994901
 40
2.201976
 50
326.876264
 51
0.0
  0
ARC
  8
APS_GEOMETRY
 10
-491.935871
 20
-670.994901
 40
2.531031
 50
0.0
 51
27.552812
  0
ARC
  8
APS_GEOMETRY
 10
-492.73638
 20
-671.412557
 40
3.433944
 50
27.552812
 51
51.146626
  0
ARC
  8
APS_GEOMETRY
 10
-494.390951
 20
-673.466508
 40
6.071427
 50
51.146626
 51
65.224859
  0
ARC
  8
APS_GEOMETRY
 10
-500.494282
 20
-686.690392
 40
20.635828
 50
65.224859
 51
72.847578
  0
ARC
  8
APS_GEOMETRY
 10
-464.852804
 20
-573.051023
 40
98.461959
 50
251.105878
 51
252.531977
  0
ARC
  8
APS_GEOMETRY
 10
-477.46909
 20
-609.912517
 40
59.501204
 50
249.271334
 51
251.105878
  0
ARC
  8
APS_GEOMETRY
 10
-482.713994
 20
-623.77178
 40
44.682696
 50
246.829602
 51
249.271334
  0
ARC
  8
APS_GEOMETRY
 10
-491.197818
 20
-643.594302
 40
23.120979
 50
243.434949
 51
246.829602
  0
ARC
  8
APS_GEOMETRY
 10
-492.16357
 20
-645.525805
 40
20.961492
 50
235.98065
 51
243.434949
  0
ARC
  8
APS_GEOMETRY
 10
-491.421963
 20
-644.427128
 40
22.287038
 50
228.751729
 51
235.98065
  0
ARC
  8
APS_GEOMETRY
 10
-494.896218
 20
-648.521164
 40
16.918465
 50
206.42073
 51
228.456619
  0
ARC
  8
APS_GEOMETRY
 10
-499.450824
 20
-650.784145
 40
11.83265
 50
180.0
 51
206.42073
  0
ARC
  8
APS_GEOMETRY
 10
-499.236004
 20
-650.784145
 40
12.04747
 50
166.55482
 51
180.0
  0
ARC
  8
APS_GEOMETRY
 10
-497.840882
 20
-651.117673
 40
13.481906
 50
153.848132
 51
166.55482
  0
ARC
  8
APS_GEOMETRY
 10
-497.724693
 20
-651.174723
 40
13.611345
 50
141.243612
 51
153.848132
  0
ARC
  8
APS_GEOMETRY
 10
-496.864463
 20
-651.865289
 40
14.714466
 50
129.122607
 51
141.243612
  0
ARC
  8
APS_GEOMETRY
 10
-494.111481
 20
-654.792449
 40
18.724658
 50
108.978219
 51
130.006256
  0
ARC
  8
APS_GEOMETRY
 10
-492.740596
 20
-658.778712
 40
22.940062
 50
90.0
 51
108.978219
  0
ARC
  8
APS_GEOMETRY
 10
-442.750043
 20
-657.102477
 40
21.263827
 50
77.257003
 51
90.0
  0
ARC
  8
APS_GEOMETRY
 10
-442.966101
 20
-658.057856
 40
22.243331
 50
64.798876
 51
77.257003
  0
ARC
  8
APS_GEOMETRY
 10
-424.648522
 20
-619.05928
 40
20.842904
 50
244.885165
 51
251.17529
  0
ARC
  8
APS_GEOMETRY
 10
-430.617049
 20
-636.566961
 40
2.345817
 50
251.17529
 51
270.0
  0
ARC
  8
APS_GEOMETRY
 10
-430.617049
 20
-635.106392
 40
3.806387
 50
270.0
 51
278.82038
  0
ARC
  8
APS_GEOMETRY
 10
-433.076138
 20
-619.258932
 40
19.843503
 50
278.82038
 51
282.680383
  0
ARC
  8
APS_GEOMETRY
 10
-427.930767
 20
-642.039525
 40
3.51099
 50
95.906141
 51
102.994617
  0
ARC
  8
APS_GEOMETRY
 10
-427.771846
 20
-643.575768
 40
5.055431
 50
90.0
 51
95.906141
  0
ARC
  8
APS_GEOMETRY
 10
-427.771846
 20
-641.875851
 40
3.355514
 50
62.447188
 51
90.0
  0
ARC
  8
APS_GEOMETRY
 10
-428.36853
 20
-643.019496
 40
4.645459
 50
39.093859
 51
62.447188
  0
ARC
  8
APS_GEOMETRY
 10
-434.602671
 20
-648.233177
 40
12.772091
 50
18.434949
 51
39.610688
  0
ARC
  8
APS_GEOMETRY
 10
-438.429267
 20
-649.508709
 40
16.805677
 50
0.0
 51
18.434949
  0
ARC
  8
APS_GEOMETRY
 10
-429.956864
 20
-649.508709
 40
8.333274
 50
334.876872
 51
0.0
  0
ARC
  8
APS_GEOMETRY
 10
-427.450517
 20
-650.684002
 40
5.565045
 50
304.007492
 51
334.876872
  0
ARC
  8
APS_GEOMETRY
 10
-427.491827
 20
-650.566455
 40
5.68568
 50
286.38954
 51
303.690068
  0
ARC
  8
APS_GEOMETRY
 10
-427.673735
 20
-649.947967
 40
6.330364
 50
270.0
 51
286.38954
  0
ARC
  8
APS_GEOMETRY
 10
-427.673735
 20
-650.021755
 40
6.256576
 50
255.154548
 51
270.0
  0
ARC
  8
APS_GEOMETRY
 10
-428.359141
 20
-652.607605
 40
3.58143
 50
235.491477
 51
255.154548
  0
ARC
  8
APS_GEOMETRY
 10
-428.015106
 20
-652.107191
 40
4.188699
 50
218.480198
 51
235.491477
  0
ARC
  8
APS_GEOMETRY
 10
-422.394233
 20
-647.639317
 40
11.368958
 50
208.17859
 51
218.480198
  0
ARC
  8
APS_GEOMETRY
 10
-480.01873
 20
-678.91847
 40
54.197767
 50
28.55962
 51
31.663799
  0
ARC
  8
APS_GEOMETRY
 10
-444.806539
 20
-657.2017
 40
12.827288
 50
31.663799
 51
38.047043
  0
ARC
  8
APS_GEOMETRY
 10
-442.246287
 20
-655.198025
 40
9.576196
 50
38.047043
 51
46.5602
  0
ARC
  8
APS_GEOMETRY
 10
-443.577074
 20
-656.603336
 40
11.511627
 50
46.5602
 51
54.323592
  0
ARC
  8
APS_GEOMETRY
 10
-444.345221
 20
-657.924744
 40
13.033852
 50
54.968356
 51
71.480419
  0
ARC
  8
APS_GEOMETRY
 10
-443.502224
 20
-655.408148
 40
10.379817
 50
71.480419
 51
90.0
  0
ARC
  8
APS_GEOMETRY
 10
-443.502224
 20
-652.278893
 40
7.250562
 50
90.0
 51
114.629635
  0
ARC
  8
APS_GEOMETRY
 10
-443.866323
 20
-651.484716
 40
6.3769
 50
114.629635
 51
140.920621
  0
ARC
  8
APS_GEOMETRY
 10
-442.790539
 20
-652.35834
 40
7.762732
 50
140.920621
 51
163.129646
  0
ARC
  8
APS_GEOMETRY
 10
-437.413116
 20
-653.989087
 40
13.381985
 50
163.129646
 51
180.0
  0
ARC
  8
APS_GEOMETRY
 10
-430.439643
 20
-653.989087
 40
20.355459
 50
180.0
 51
195.439646
  0
ARC
  8
APS_GEOMETRY
 10
-431.497717
 20
-654.281317
 40
19.25777
 50
195.439646
 51
211.31598
  0
ARC
  8
APS_GEOMETRY
 10
-436.586959
 20
-657.27065
 40
13.356544
 50
211.707816
 51
240.456928
  0
ARC
  8
APS_GEOMETRY
 10
-436.928822
 20
-657.873833
 40
12.663219
 50
240.456928
 51
270.0
  0
ARC
  8
APS_GEOMETRY
 10
-436.928822
 20
-654.78637
 40
15.750681
 50
270.0
 51
279.549134
  0
ARC
  8
APS_GEOMETRY
 10
-437.124635
 20
-653.622376
 40
16.931031
 50
279.549134
 51
288.75865
  0
ARC
  8
APS_GEOMETRY
 10
-436.299241
 20
-656.052702
 40
14.364369
 50
288.75865
 51
299.544635
  0
ARC
  8
APS_GEOMETRY
 10
-432.989592
 20
-661.891868
 40
7.652465
 50
299.544635
 51
314.341457
  0
ARC
  8
APS_GEOMETRY
 10
-422.754476
 20
-672.522845
 40
7.10519
 50
120.141386
 51
133.451842
  0
ARC
  8
APS_GEOMETRY
 10
-425.613415
 20
-667.599115
 40
1.411627
 50
90.0
 51
120.141386
  0
ARC
  8
APS_GEOMETRY
 10
-425.613415
 20
-668.417086
 40
2.229599
 50
61.951894
 51
90.0
  0
ARC
  8
APS_GEOMETRY
 10
-425.945469
 20
-669.040325
 40
2.935776
 50
37.568592
 51
61.951894
  0
ARC
  8
APS_GEOMETRY
 10
-426.564749
 20
-669.516695
 40
3.71708
 50
17.665186
 51
37.568592
  0
ARC
  8
APS_GEOMETRY
 10
-427.509513
 20
-669.817575
 40
4.708598
 50
0.0
 51
17.665186
  0
ARC
  8
APS_GEOMETRY
 10
-429.881496
 20
-669.817575
 40
7.08058
 50
344.931512
 51
0.0
  0
ARC
  8
APS_GEOMETRY
 10
-436.179523
 20
-668.121953
 40
13.602871
 50
334.075098
 51
344.931512
  0
ARC
  8
APS_GEOMETRY
 10
-436.377573
 20
-668.025678
 40
13.823082
 50
323.374259
 51
334.075098
  0
ARC
  8
APS_GEOMETRY
 10
-432.313809
 20
-671.046529
 40
8.759514
 50
309.920392
 51
323.374259
  0
ARC
  8
APS_GEOMETRY
 10
-428.252768
 20
-675.837294
 40
2.479565
 50
289.025606
 51
308.990994
  0
ARC
  8
APS_GEOMETRY
 10
-432.585725
 20
-663.27172
 40
15.771223
 50
281.14289
 51
289.025606
  0
ARC
  8
APS_GEOMETRY
 10
-428.191703
 20
-686.053198
 40
7.430522
 50
100.437475
 51
110.119633
  0
ARC
  8
APS_GEOMETRY
 10
-422.370564
 20
-701.943334
 40
24.353349
 50
110.119633
 51
115.463345
  0
ARC
  8
APS_GEOMETRY
 10
-443.151677
 20
-658.462742
 40
23.838158
 50
282.940436
 51
295.628419
  0
ARC
  8
APS_GEOMETRY
 10
-442.946264
 20
-659.356719
 40
22.920885
 50
270.0
 51
282.940436
  0
ARC
  8
APS_GEOMETRY
 10
-442.946264
 20
-658.002797
 40
24.274807
 50
257.307334
 51
270.0
  0
ARC
  8
APS_GEOMETRY
 10
-441.921534
 20
-653.452993
 40
28.938581
 50
245.686204
 51
257.307334
  0
ARC
  8
APS_GEOMETRY
 10
-444.491755
 20
-659.094488
 40
22.739224
 50
228.800778
 51
245.735234
  0
ARC
  8
APS_GEOMETRY
 10
-444.448692
 20
-659.045297
 40
22.804602
 50
211.890792
 51
228.800778
  0
ARC
  8
APS_GEOMETRY
 10
-443.101083
 20
-658.075292
 40
24.461509
 50
196.727964
 51
212.152295
  0
ARC
  8
APS_GEOMETRY
 10
-446.58887
 20
-659.123534
 40
20.819604
 50
180.0
 51
196.727964
  0
ARC
  8
APS_GEOMETRY
 10
-446.08153
 20
-659.123534
 40
21.326944
 50
161.183932
 51
180.0
  0
ARC
  8
APS_GEOMETRY
 10
-444.713207
 20
-659.589778
 40
22.77252
 50
142.980114
 51
161.183932
  0
ARC
  8
APS_GEOMETRY
 10
-443.64914
 20
-660.404095
 40
24.112395
 50
127.824257
 51
142.957525
  0
ARC
  8
APS_GEOMETRY
 10
-441.895161
 20
-662.663335
 40
26.972571
 50
113.520273
 51
127.824257
  0
ARC
  8
APS_GEOMETRY
 10
-442.466063
 20
-661.344037
 40
25.535051
 50
101.926773
 51
113.527064
  0
ARC
  8
APS_GEOMETRY
 10
-442.750043
 20
-659.999566
 40
24.160915
 50
90.0
 51
101.926773
  0
ARC
  8
APS_GEOMETRY
 10
-392.268939
 20
-661.620175
 40
25.781524
 50
71.909511
 51
90.0
  0
ARC
  8
APS_GEOMETRY
 10
-391.270439
 20
-658.563542
 40
22.565936
 50
52.561428
 51
71.909511
  0
ARC
  8
APS_GEOMETRY
 10
-391.531967
 20
-658.639605
 40
22.785888
 50
38.846006
 51
52.155542
  0
ARC
  8
APS_GEOMETRY
 10
-395.1041
 20
-661.516399
 40
27.372399
 50
26.707224
 51
38.846006
  0
ARC
  8
APS_GEOMETRY
 10
-394.396966
 20
-660.938487
 40
26.481717
 50
13.867603
 51
26.277857
  0
ARC
  8
APS_GEOMETRY
 10
-389.297245
 20
-659.679494
 40
21.228887
 50
0.0
 51
13.867603
  0
ARC
  8
APS_GEOMETRY
 10
-388.967038
 20
-659.679494
 40
20.898681
 50
339.712247
 51
0.0
  0
ARC
  8
APS_GEOMETRY
 10
-390.143541
 20
-659.244578
 40
22.152997
 50
320.013114
 51
339.712247
  0
ARC
  8
APS_GEOMETRY
 10
-390.338639
 20
-659.13703
 40
22.371633
 50
303.343757
 51
320.123166
  0
ARC
  8
APS_GEOMETRY
 10
-392.634369
 20
-655.647926
 40
26.548261
 50
287.949403
 51
303.343757
  0
ARC
  8
APS_GEOMETRY
 10
-393.388623
 20
-653.032816
 40
29.268668
 50
279.039483
 51
287.776406
  0
ARC
  8
APS_GEOMETRY
 10
-393.086526
 20
-654.931711
 40
27.345893
 50
270.0
 51
279.039483
  0
ARC
  8
APS_GEOMETRY
 10
-393.086526
 20
-656.266752
 40
26.010853
 50
257.72804
 51
270.0
  0
ARC
  8
APS_GEOMETRY
 10
-393.045598
 20
-656.078597
 40
26.203407
 50
245.501426
 51
257.72804
  0
ARC
  8
APS_GEOMETRY
 10
-394.518304
 20
-659.301372
 40
22.660086
 50
228.665185
 51
245.510859
  0
ARC
  8
APS_GEOMETRY
 10
-395.008101
 20
-659.858212
 40
21.918485
 50
211.534792
 51
228.665185
  0
ARC
  8
APS_GEOMETRY
 10
-394.366123
 20
-659.386771
 40
22.712325
 50
195.642246
 51
211.70143
  0
ARC
  8
APS_GEOMETRY
 10
-393.192397
 20
-659.058127
 40
23.931193
 50
180.0
 51
195.642246
  0
ARC
  8
APS_GEOMETRY
 10
-392.940831
 20
-659.058127
 40
24.182759
 50
162.181111
 51
180.0
  0
ARC
  8
APS_GEOMETRY
 10
-395.147324
 20
-658.348897
 40
21.865083
 50
143.433519
 51
162.181111
  0
ARC
  8
APS_GEOMETRY
 10
-395.444207
 20
-658.111116
 40
21.484982
 50
126.384352
 51
143.471145
  0
ARC
  8
APS_GEOMETRY
 10
-393.410076
 20
-660.871722
 40
24.91407
 50
110.525108
 51
126.384352
  0
ARC
  8
APS_GEOMETRY
 10
-393.510764
 20
-660.122107
 40
24.177325
 50
99.7697
 51
110.924502
  0
ARC
  8
APS_GEOMETRY
 10
-392.268939
 20
-667.334244
 40
31.495593
 50
90.0
 51
99.7697
  0
ARC
  8
APS_GEOMETRY
 10
-395.37577
 20
-650.031708
 40
4.807157
 50
90.0
 51
119.604451
  0
ARC
  8
APS_GEOMETRY
 10
-394.954727
 20
-650.772743
 40
5.659453
 50
119.604451
 51
146.842076
  0
ARC
  8
APS_GEOMETRY
 10
-394.108551
 20
-651.46651
 40
6.74833
 50
145.840305
 51
164.054604
  0
ARC
  8
APS_GEOMETRY
 10
-392.147266
 20
-652.026877
 40
8.788097
 50
164.054604
 51
180.0
  0
ARC
  8
APS_GEOMETRY
 10
-379.88281
 20
-652.026877
 40
21.052553
 50
180.0
 51
189.976729
  0
ARC
  8
APS_GEOMETRY
 10
-361.231213
 20
-648.745908
 40
39.990527
 50
189.976729
 51
197.211115
  0
ARC
  8
APS_GEOMETRY
 10
-357.151699
 20
-647.48222
 40
44.261281
 50
197.211115
 51
203.760424
  0
ARC
  8
APS_GEOMETRY
 10
-367.314399
 20
-651.956122
 40
33.157396
 50
203.760424
 51
211.328693
  0
ARC
  8
APS_GEOMETRY
 10
-388.182536
 20
-664.479867
 40
8.821499
 50
212.319617
 51
224.440823
  0
ARC
  8
APS_GEOMETRY
 10
-389.037956
 20
-665.318752
 40
7.623388
 50
224.440823
 51
237.483626
  0
ARC
  8
APS_GEOMETRY
 10
-389.59075
 20
-666.185917
 40
6.595013
 50
237.483626
 51
252.415923
  0
ARC
  8
APS_GEOMETRY
 10
-390.143212
 20
-667.929179
 40
4.766303
 50
252.415923
 51
270.0
  0
ARC
  8
APS_GEOMETRY
 10
-390.143212
 20
-667.364021
 40
5.331461
 50
270.0
 51
294.952847
  0
ARC
  8
APS_GEOMETRY
 10
-389.993839
 20
-667.685043
 40
4.977388
 50
294.952847
 51
320.792796
  0
ARC
  8
APS_GEOMETRY
 10
-390.794488
 20
-667.031882
 40
6.010664
 50
320.792796
 51
342.776564
  0
ARC
  8
APS_GEOMETRY
 10
-394.3623
 20
-665.92586
 40
9.745978
 50
342.776564
 51
0.0
  0
ARC
  8
APS_GEOMETRY
 10
-411.12342
 20
-665.92586
 40
26.507098
 50
0.0
 51
8.498559
  0
ARC
  8
APS_GEOMETRY
 10
-422.790748
 20
-667.669254
 40
38.30396
 50
8.498559
 51
15.566318
  0
ARC
  8
APS_GEOMETRY
 10
-421.387935
 20
-667.27847
 40
36.847733
 50
15.566318
 51
22.908635
  0
ARC
  8
APS_GEOMETRY
 10
-409.324232
 20
-662.18042
 40
23.751053
 50
22.908635
 51
32.057376
  0
ARC
  8
APS_GEOMETRY
 10
-399.848497
 20
-656.210838
 40
12.551777
 50
31.920876
 51
42.510447
  0
ARC
  8
APS_GEOMETRY
 10
-397.246453
 20
-653.825632
 40
9.021927
 50
42.510447
 51
55.00798
  0
ARC
  8
APS_GEOMETRY
 10
-396.367581
 20
-652.570099
 40
7.489354
 50
55.00798
 51
69.880367
  0
ARC
  8
APS_GEOMETRY
 10
-395.579464
 20
-650.418755
 40
5.198196
 50
69.880367
 51
87.754257
  0
ARC
  8
APS_GEOMETRY
 10
-338.909927
 20
-657.102477
 40
21.263827
 50
77.257003
 51
90.0
  0
ARC
  8
APS_GEOMETRY
 10
-339.125984
 20
-658.057856
 40
22.243331
 50
64.798876
 51
77.257003
  0
ARC
  8
APS_GEOMETRY
 10
-320.808405
 20
-619.05928
 40
20.842904
 50
244.885165
 51
251.17529
  0
ARC
  8
APS_GEOMETRY
 10
-326.776933
 20
-636.566961
 40
2.345817
 50
251.17529
 51
270.0
  0
ARC
  8
APS_GEOMETRY
 10
-326.776933
 20
-635.106392
 40
3.806387
 50
270.0
 51
278.82038
  0
ARC
  8
APS_GEOMETRY
 10
-329.236022
 20
-619.258932
 40
19.843503
 50
278.82038
 51
282.680383
  0
ARC
  8
APS_GEOMETRY
 10
-324.090651
 20
-642.039525
 40
3.51099
 50
95.906141
 51
102.994617
  0
ARC
  8
APS_GEOMETRY
 10
-323.931729
 20
-643.575768
 40
5.055431
 50
90.0
 51
95.906141
  0
ARC
  8
APS_GEOMETRY
 10
-323.931729
 20
-641.875851
 40
3.355514
 50
62.447188
 51
90.0
  0
ARC
  8
APS_GEOMETRY
 10
-324.528414
 20
-643.019496
 40
4.645459
 50
39.093859
 51
62.447188
  0
ARC
  8
APS_GEOMETRY
 10
-330.762555
 20
-648.233177
 40
12.772091
 50
18.434949
 51
39.610688
  0
ARC
  8
APS_GEOMETRY
 10
-334.589151
 20
-649.508709
 40
16.805677
 50
0.0
 51
18.434949
  0
ARC
  8
APS_GEOMETRY
 10
-326.116748
 20
-649.508709
 40
8.333274
 50
334.876872
 51
0.0
  0
ARC
  8
APS_GEOMETRY
 10
-323.6104
 20
-650.684002
 40
5.565045
 50
304.007492
 51
334.876872
  0
ARC
  8
APS_GEOMETRY
 10
-323.651711
 20
-650.566455
 40
5.68568
 50
286.38954
 51
303.690068
  0
ARC
  8
APS_GEOMETRY
 10
-323.833619
 20
-649.947967
 40
6.330364
 50
270.0
 51
286.38954
  0
ARC
  8
APS_GEOMETRY
 10
-323.833619
 20
-650.021755
 40
6.256576
 50
255.154548
 51
270.0
  0
ARC
  8
APS_GEOMETRY
 10
-324.519025
 20
-652.607605
 40
3.58143
 50
235.491477
 51
255.154548
  0
ARC
  8
APS_GEOMETRY
 10
-324.17499
 20
-652.107191
 40
4.188699
 50
218.480198
 51
235.491477
  0
ARC
  8
APS_GEOMETRY
 10
-318.554116
 20
-647.639317
 40
11.368958
 50
208.17859
 51
218.480198
  0
ARC
  8
APS_GEOMETRY
 10
-376.178614
 20
-678.91847
 40
54.197767
 50
28.55962
 51
31.663799
  0
ARC
  8
APS_GEOMETRY
 10
-340.966423
 20
-657.2017
 40
12.827288
 50
31.663799
 51
38.047043
  0
ARC
  8
APS_GEOMETRY
 10
-338.406171
 20
-655.198025
 40
9.576196
 50
38.047043
 51
46.5602
  0
ARC
  8
APS_GEOMETRY
 10
-339.736958
 20
-656.603336
 40
11.511627
 50
46.5602
 51
54.323592
  0
ARC
  8
APS_GEOMETRY
 10
-340.505105
 20
-657.924744
 40
13.033852
 50
54.968356
 51
71.480419
  0
ARC
  8
APS_GEOMETRY
 10
-339.662107
 20
-655.408148
 40
10.379817
 50
71.480419
 51
90.0
  0
ARC
  8
APS_GEOMETRY
 10
-339.662107
 20
-652.278893
 40
7.250562
 50
90.0
 51
114.629635
  0
ARC
  8
APS_GEOMETRY
 10
-340.026207
 20
-651.484716
 40
6.3769
 50
114.629635
 51
140.920621
  0
ARC
  8
APS_GEOMETRY
 10
-338.950422
 20
-652.35834
 40
7.762732
 50
140.920621
 51
163.129646
  0
ARC
  8
APS_GEOMETRY
 10
-333.573
 20
-653.989087
 40
13.381985
 50
163.129646
 51
180.0
  0
ARC
  8
APS_GEOMETRY
 10
-326.599527
 20
-653.989087
 40
20.355459
 50
180.0
 51
195.439646
  0
ARC
  8
APS_GEOMETRY
 10
-327.657601
 20
-654.281317
 40
19.25777
 50
195.439646
 51
211.31598
  0
ARC
  8
APS_GEOMETRY
 10
-332.746843
 20
-657.27065
 40
13.356544
 50
211.707816
 51
240.456928
  0
ARC
  8
APS_GEOMETRY
 10
-333.088706
 20
-657.873833
 40
12.663219
 50
240.456928
 51
270.0
  0
ARC
  8
APS_GEOMETRY
 10
-333.088706
 20
-654.78637
 40
15.750681
 50
270.0
 51
279.549134
  0
ARC
  8
APS_GEOMETRY
 10
-333.284518
 20
-653.622376
 40
16.931031
 50
279.549134
 51
288.75865
  0
ARC
  8
APS_GEOMETRY
 10
-332.459125
 20
-656.052702
 40
14.364369
 50
288.75865
 51
299.544635
  0
ARC
  8
APS_GEOMETRY
 10
-329.149476
 20
-661.891868
 40
7.652465
 50
299.544635
 51
314.341457
  0
ARC
  8
APS_GEOMETRY
 10
-318.914359
 20
-672.522845
 40
7.10519
 50
120.141386
 51
133.451842
  0
ARC
  8
APS_GEOMETRY
 10
-321.773299
 20
-667.599115
 40
1.411627
 50
90.0
 51
120.141386
  0
ARC
  8
APS_GEOMETRY
 10
-321.773299
 20
-668.417086
 40
2.229599
 50
61.951894
 51
90.0
  0
ARC
  8
APS_GEOMETRY
 10
-322.105353
 20
-669.040325
 40
2.935776
 50
37.568592
 51
61.951894
  0
ARC
  8
APS_GEOMETRY
 10
-322.724633
 20
-669.516695
 40
3.71708
 50
17.665186
 51
37.568592
  0
ARC
  8
APS_GEOMETRY
 10
-323.669397
 20
-669.817575
 40
4.708598
 50
0.0
 51
17.665186
  0
ARC
  8
APS_GEOMETRY
 10
-326.04138
 20
-669.817575
 40
7.08058
 50
344.931512
 51
0.0
  0
ARC
  8
APS_GEOMETRY
 10
-332.339406
 20
-668.121953
 40
13.602871
 50
334.075098
 51
344.931512
  0
ARC
  8
APS_GEOMETRY
 10
-332.537457
 20
-668.025678
 40
13.823082
 50
323.374259
 51
334.075098
  0
ARC
  8
APS_GEOMETRY
 10
-328.473692
 20
-671.046529
 40
8.759514
 50
309.920392
 51
323.374259
  0
ARC
  8
APS_GEOMETRY
 10
-324.412652
 20
-675.837294
 40
2.479565
 50
289.025606
 51
308.990994
  0
ARC
  8
APS_GEOMETRY
 10
-328.745609
 20
-663.27172
 40
15.771223
 50
281.14289
 51
289.025606
  0
ARC
  8
APS_GEOMETRY
 10
-324.351586
 20
-686.053198
 40
7.430522
 50
100.437475
 51
110.119633
  0
ARC
  8
APS_GEOMETRY
 10
-318.530448
 20
-701.943334
 40
24.353349
 50
110.119633
 51
115.463345
  0
ARC
  8
APS_GEOMETRY
 10
-339.31156
 20
-658.462742
 40
23.838158
 50
282.940436
 51
295.628419
  0
ARC
  8
APS_GEOMETRY
 10
-339.106148
 20
-659.356719
 40
22.920885
 50
270.0
 51
282.940436
  0
ARC
  8
APS_GEOMETRY
 10
-339.106148
 20
-658.002797
 40
24.274807
 50
257.307334
 51
270.0
  0
ARC
  8
APS_GEOMETRY
 10
-338.081417
 20
-653.452993
 40
28.938581
 50
245.686204
 51
257.307334
  0
ARC
  8
APS_GEOMETRY
 10
-340.651639
 20
-659.094488
 40
22.739224
 50
228.800778
 51
245.735234
  0
ARC
  8
APS_GEOMETRY
 10
-340.608576
 20
-659.045297
 40
22.804602
 50
211.890792
 51
228.800778
  0
ARC
  8
APS_GEOMETRY
 10
-339.260966
 20
-658.075292
 40
24.461509
 50
196.727964
 51
212.152295
  0
ARC
  8
APS_GEOMETRY
 10
-342.748754
 20
-659.123534
 40
20.819604
 50
180.0
 51
196.727964
  0
ARC
  8
APS_GEOMETRY
 10
-342.241414
 20
-659.123534
 40
21.326944
 50
161.183932
 51
180.0
  0
ARC
  8
APS_GEOMETRY
 10
-340.873091
 20
-659.589778
 40
22.77252
 50
142.980114
 51
161.183932
  0
ARC
  8
APS_GEOMETRY
 10
-339.809024
 20
-660.404095
 40
24.112395
 50
127.824257
 51
142.957525
  0
ARC
  8
APS_GEOMETRY
 10
-338.055045
 20
-662.663335
 40
26.972571
 50
113.520273
 51
127.824257
  0
ARC
  8
APS_GEOMETRY
 10
-338.625946
 20
-661.344037
 40
25.535051
 50
101.926773
 51
113.527064
  0
ARC
  8
APS_GEOMETRY
 10
-338.909927
 20
-659.999566
 40
24.160915
 50
90.0
 51
101.926773
  0
ARC
  8
APS_GEOMETRY
 10
-288.428822
 20
-661.620175
 40
25.781524
 50
71.909511
 51
90.0
  0
ARC
  8
APS_GEOMETRY
 10
-287.430322
 20
-658.563542
 40
22.565936
 50
52.561428
 51
71.909511
  0
ARC
  8
APS_GEOMETRY
 10
-287.69185
 20
-658.639605
 40
22.785888
 50
38.846006
 51
52.155542
  0
ARC
  8
APS_GEOMETRY
 10
-291.263984
 20
-661.516399
 40
27.372399
 50
26.707224
 51
38.846006
  0
ARC
  8
APS_GEOMETRY
 10
-290.556849
 20
-660.938487
 40
26.481717
 50
13.867603
 51
26.277857
  0
ARC
  8
APS_GEOMETRY
 10
-285.457128
 20
-659.679494
 40
21.228887
 50
0.0
 51
13.867603
  0
ARC
  8
APS_GEOMETRY
 10
-285.126922
 20
-659.679494
 40
20.898681
 50
339.712247
 51
0.0
  0
ARC
  8
APS_GEOMETRY
 10
-286.303424
 20
-659.244578
 40
22.152997
 50
320.013114
 51
339.712247
  0
ARC
  8
APS_GEOMETRY
 10
-286.498523
 20
-659.13703
 40
22.371633
 50
303.343757
 51
320.123166
  0
ARC
  8
APS_GEOMETRY
 10
-288.794252
 20
-655.647926
 40
26.548261
 50
287.949403
 51
303.343757
  0
ARC
  8
APS_GEOMETRY
 10
-289.548507
 20
-653.032816
 40
29.268668
 50
279.039483
 51
287.776406
  0
ARC
  8
APS_GEOMETRY
 10
-289.24641
 20
-654.931711
 40
27.345893
 50
270.0
 51
279.039483
  0
ARC
  8
APS_GEOMETRY
 10
-289.24641
 20
-656.266752
 40
26.010853
 50
257.72804
 51
270.0
  0
ARC
  8
APS_GEOMETRY
 10
-289.205482
 20
-656.078597
 40
26.203407
 50
245.501426
 51
257.72804
  0
ARC
  8
APS_GEOMETRY
 10
-290.678188
 20
-659.301372
 40
22.660086
 50
228.665185
 51
245.510859
  0
ARC
  8
APS_GEOMETRY
 10
-291.167984
 20
-659.858212
 40
21.918485
 50
211.534792
 51
228.665185
  0
ARC
  8
APS_GEOMETRY
 10
-290.526007
 20
-659.386771
 40
22.712325
 50
195.642246
 51
211.70143
  0
ARC
  8
APS_GEOMETRY
 10
-289.352281
 20
-659.058127
 40
23.931193
 50
180.0
 51
195.642246
  0
ARC
  8
APS_GEOMETRY
 10
-289.100715
 20
-659.058127
 40
24.182759
 50
162.181111
 51
180.0
  0
ARC
  8
APS_GEOMETRY
 10
-291.307208
 20
-658.348897
 40
21.865083
 50
143.433519
 51
162.181111
  0
ARC
  8
APS_GEOMETRY
 10
-291.604091
 20
-658.111116
 40
21.484982
 50
126.384352
 51
143.471145
  0
ARC
  8
APS_GEOMETRY
 10
-289.569959
 20
-660.871722
 40
24.91407
 50
110.525108
 51
126.384352
  0
ARC
  8
APS_GEOMETRY
 10
-289.670647
 20
-660.122107
 40
24.177325
 50
99.7697
 51
110.924502
  0
ARC
  8
APS_GEOMETRY
 10
-288.428822
 20
-667.334244
 40
31.495593
 50
90.0
 51
99.7697
  0
ARC
  8
APS_GEOMETRY
 10
-291.535654
 20
-650.031708
 40
4.807157
 50
90.0
 51
119.604451
  0
ARC
  8
APS_GEOMETRY
 10
-291.114611
 20
-650.772743
 40
5.659453
 50
119.604451
 51
146.842076
  0
ARC
  8
APS_GEOMETRY
 10
-290.268435
 20
-651.46651
 40
6.74833
 50
145.840305
 51
164.054604
  0
ARC
  8
APS_GEOMETRY
 10
-288.30715
 20
-652.026877
 40
8.788097
 50
164.054604
 51
180.0
  0
ARC
  8
APS_GEOMETRY
 10
-276.042694
 20
-652.026877
 40
21.052553
 50
180.0
 51
189.976729
  0
ARC
  8
APS_GEOMETRY
 10
-257.391096
 20
-648.745908
 40
39.990527
 50
189.976729
 51
197.211115
  0
ARC
  8
APS_GEOMETRY
 10
-253.311583
 20
-647.48222
 40
44.261281
 50
197.211115
 51
203.760424
  0
ARC
  8
APS_GEOMETRY
 10
-263.474282
 20
-651.956122
 40
33.157396
 50
203.760424
 51
211.328693
  0
ARC
  8
APS_GEOMETRY
 10
-284.34242
 20
-664.479867
 40
8.821499
 50
212.319617
 51
224.440823
  0
ARC
  8
APS_GEOMETRY
 10
-285.19784
 20
-665.318752
 40
7.623388
 50
224.440823
 51
237.483626
  0
ARC
  8
APS_GEOMETRY
 10
-285.750633
 20
-666.185917
 40
6.595013
 50
237.483626
 51
252.415923
  0
ARC
  8
APS_GEOMETRY
 10
-286.303096
 20
-667.929179
 40
4.766303
 50
252.415923
 51
270.0
  0
ARC
  8
APS_GEOMETRY
 10
-286.303096
 20
-667.364021
 40
5.331461
 50
270.0
 51
294.952847
  0
ARC
  8
APS_GEOMETRY
 10
-286.153722
 20
-667.685043
 40
4.977388
 50
294.952847
 51
320.792796
  0
ARC
  8
APS_GEOMETRY
 10
-286.954372
 20
-667.031882
 40
6.010664
 50
320.792796
 51
342.776564
  0
ARC
  8
APS_GEOMETRY
 10
-290.522184
 20
-665.92586
 40
9.745978
 50
342.776564
 51
0.0
  0
ARC
  8
APS_GEOMETRY
 10
-307.283304
 20
-665.92586
 40
26.507098
 50
0.0
 51
8.498559
  0
ARC
  8
APS_GEOMETRY
 10
-318.950632
 20
-667.669254
 40
38.30396
 50
8.498559
 51
15.566318
  0
ARC
  8
APS_GEOMETRY
 10
-317.547818
 20
-667.27847
 40
36.847733
 50
15.566318
 51
22.908635
  0
ARC
  8
APS_GEOMETRY
 10
-305.484116
 20
-662.18042
 40
23.751053
 50
22.908635
 51
32.057376
  0
ARC
  8
APS_GEOMETRY
 10
-296.00838
 20
-656.210838
 40
12.551777
 50
31.920876
 51
42.510447
  0
ARC
  8
APS_GEOMETRY
 10
-293.406337
 20
-653.825632
 40
9.021927
 50
42.510447
 51
55.00798
  0
ARC
  8
APS_GEOMETRY
 10
-292.527464
 20
-652.570099
 40
7.489354
 50
55.00798
 51
69.880367
  0
ARC
  8
APS_GEOMETRY
 10
-291.739348
 20
-650.418755
 40
5.198196
 50
69.880367
 51
87.754257
  0
ARC
  8
APS_GEOMETRY
 10
-237.915014
 20
-665.042581
 40
2.419773
 50
90.0
 51
115.836754
  0
ARC
  8
APS_GEOMETRY
 10
-238.510792
 20
-663.81217
 40
1.05271
 50
115.836754
 51
155.462272
  0
ARC
  8
APS_GEOMETRY
 10
-237.815511
 20
-664.129581
 40
1.817018
 50
155.462272
 51
168.366366
  0
ARC
  8
APS_GEOMETRY
 10
-231.469523
 20
-665.436108
 40
8.296105
 50
168.366366
 51
174.395461
  0
ARC
  8
APS_GEOMETRY
 10
-225.073887
 20
-666.063717
 40
14.722461
 50
174.395461
 51
177.813405
  0
ARC
  8
APS_GEOMETRY
 10
-203.845364
 20
-666.874261
 40
35.966453
 50
177.813405
 51
180.0
  0
ARC
  8
APS_GEOMETRY
 10
-188.477093
 20
-666.874261
 40
51.334724
 50
180.0
 51
184.619923
  0
ARC
  8
APS_GEOMETRY
 10
-222.896922
 20
-669.655661
 40
16.802697
 50
184.619923
 51
192.699584
  0
ARC
  8
APS_GEOMETRY
 10
-236.167065
 20
-672.569178
 40
3.217564
 50
194.036243
 51
205.820992
  0
ARC
  8
APS_GEOMETRY
 10
-237.572419
 20
-673.249188
 40
1.656336
 50
205.820992
 51
222.273689
  0
ARC
  8
APS_GEOMETRY
 10
-237.141893
 20
-672.8578
 40
2.238175
 50
222.273689
 51
234.605204
  0
ARC
  8
APS_GEOMETRY
 10
-232.281503
 20
-666.017252
 40
10.629629
 50
234.605204
 51
240.255119
  0
ARC
  8
APS_GEOMETRY
 10
-239.670222
 20
-679.09171
 40
4.388594
 50
34.592289
 51
61.189206
  0
ARC
  8
APS_GEOMETRY
 10
-238.220001
 20
-678.091558
 40
2.626934
 50
0.0
 51
34.592289
  0
ARC
  8
APS_GEOMETRY
 10
-238.132332
 20
-678.091558
 40
2.539265
 50
318.230949
 51
0.0
  0
ARC
  8
APS_GEOMETRY
 10
-239.830475
 20
-676.574892
 40
4.816098
 50
288.227257
 51
318.230949
  0
ARC
  8
APS_GEOMETRY
 10
-241.591577
 20
-671.227046
 40
10.446456
 50
280.377402
 51
288.227257
  0
ARC
  8
APS_GEOMETRY
 10
-244.661435
 20
-654.463468
 40
27.488803
 50
275.540609
 51
280.377402
  0
ARC
  8
APS_GEOMETRY
 10
-245.984348
 20
-640.825815
 40
41.19047
 50
272.304132
 51
275.540609
  0
ARC
  8
APS_GEOMETRY
 10
-247.595247
 20
-600.789952
 40
81.258728
 50
270.0
 51
272.304132
  0
ARC
  8
APS_GEOMETRY
 10
-247.595247
 20
-634.248685
 40
47.799995
 50
262.811463
 51
270.0
  0
ARC
  8
APS_GEOMETRY
 10
-251.88433
 20
-668.254987
 40
13.524277
 50
249.274441
 51
262.811463
  0
ARC
  8
APS_GEOMETRY
 10
-254.582273
 20
-675.385264
 40
5.900647
 50
221.378515
 51
249.274441
  0
ARC
  8
APS_GEOMETRY
 10
-256.948947
 20
-677.470191
 40
2.746591
 50
180.0
 51
221.378515
  0
ARC
  8
APS_GEOMETRY
 10
-256.967064
 20
-677.470191
 40
2.728474
 50
164.054604
 51
180.0
  0
ARC
  8
APS_GEOMETRY
 10
-258.104471
 20
-677.145218
 40
1.545552
 50
142.815294
 51
164.054604
  0
ARC
  8
APS_GEOMETRY
 10
-257.388639
 20
-677.688263
 40
2.444059
 50
129.007473
 51
142.815294
  0
ARC
  8
APS_GEOMETRY
 10
-248.596679
 20
-688.542535
 40
16.412372
 50
123.690068
 51
129.007473
  0
ARC
  8
APS_GEOMETRY
 10
-261.073161
 20
-669.769664
 40
6.128392
 50
303.388514
 51
319.02199
  0
ARC
  8
APS_GEOMETRY
 10
-259.414647
 20
-671.210272
 40
3.931572
 50
319.02199
 51
338.574706
  0
ARC
  8
APS_GEOMETRY
 10
-261.634142
 20
-670.339331
 40
6.315832
 50
338.574706
 51
351.048929
  0
ARC
  8
APS_GEOMETRY
 10
-288.440219
 20
-666.117128
 40
33.45239
 50
351.048929
 51
356.460441
  0
ARC
  8
APS_GEOMETRY
 10
-279.604198
 20
-666.453347
 40
24.613362
 50
355.971736
 51
358.680054
  0
ARC
  8
APS_GEOMETRY
 10
-569.79513
 20
-659.76692
 40
314.881317
 50
358.680054
 51
359.437191
  0
LINE
  8
APS_GEOMETRY
 10
-254.929004
 11
-254.898345
 20
-662.859908
 21
-657.948253
  0
LINE
  8
APS_GEOMETRY
 10
-254.898345
 11
-254.888125
 20
-657.948253
 21
-651.536325
  0
ARC
  8
APS_GEOMETRY
 10
-330.697365
 20
-651.536325
 40
75.80924
 50
0.0
 51
1.717132
  0
ARC
  8
APS_GEOMETRY
 10
-290.128853
 20
-650.320138
 40
35.222502
 50
1.717132
 51
4.236395
  0
ARC
  8
APS_GEOMETRY
 10
-276.899619
 20
-649.340195
 40
21.957024
 50
4.236395
 51
8.268833
  0
ARC
  8
APS_GEOMETRY
 10
-261.675948
 20
-647.127758
 40
6.573427
 50
8.268833
 51
15.642246
  0
ARC
  8
APS_GEOMETRY
 10
-259.055963
 20
-646.394163
 40
3.852677
 50
15.642246
 51
39.417394
  0
ARC
  8
APS_GEOMETRY
 10
-258.997046
 20
-646.345738
 40
3.776414
 50
39.417394
 51
63.434949
  0
ARC
  8
APS_GEOMETRY
 10
-252.195707
 20
-632.256157
 40
11.86934
 50
236.873849
 51
244.48613
  0
ARC
  8
APS_GEOMETRY
 10
-257.255178
 20
-640.009632
 40
2.611121
 50
220.601295
 51
236.873849
  0
ARC
  8
APS_GEOMETRY
 10
-257.835495
 20
-640.507046
 40
1.846799
 50
198.245855
 51
220.601295
  0
ARC
  8
APS_GEOMETRY
 10
-256.967573
 20
-640.220918
 40
2.760668
 50
180.0
 51
198.245855
  0
ARC
  8
APS_GEOMETRY
 10
-256.980657
 20
-640.220918
 40
2.747584
 50
156.16126
 51
180.0
  0
ARC
  8
APS_GEOMETRY
 10
-256.597445
 20
-640.390244
 40
3.166539
 50
133.97697
 51
156.16126
  0
ARC
  8
APS_GEOMETRY
 10
-255.833991
 20
-641.18146
 40
4.266032
 50
116.995838
 51
133.97697
  0
ARC
  8
APS_GEOMETRY
 10
-254.31715
 20
-644.158963
 40
7.607638
 50
104.300277
 51
116.995838
  0
ARC
  8
APS_GEOMETRY
 10
-253.925175
 20
-645.664946
 40
9.16378
 50
95.325741
 51
104.349332
  0
ARC
  8
APS_GEOMETRY
 10
-252.337253
 20
-662.699022
 40
26.271709
 50
90.0
 51
95.325741
  0
ARC
  8
APS_GEOMETRY
 10
-252.337253
 20
-649.440271
 40
13.012958
 50
87.552951
 51
90.0
  0
ARC
  8
APS_GEOMETRY
 10
-255.105952
 20
-714.227846
 40
77.859665
 50
86.552613
 51
87.552951
  0
ARC
  8
APS_GEOMETRY
 10
-259.042502
 20
-779.574565
 40
143.324848
 50
86.009087
 51
86.552613
  0
ARC
  8
APS_GEOMETRY
 10
-274.350404
 20
-998.987824
 40
363.271456
 50
85.667686
 51
86.009087
  0
ARC
  8
APS_GEOMETRY
 10
-245.702297
 20
-621.677137
 40
15.125382
 50
265.426079
 51
268.531199
  0
ARC
  8
APS_GEOMETRY
 10
-244.357602
 20
-569.234025
 40
67.58573
 50
268.531199
 51
270.0
  0
ARC
  8
APS_GEOMETRY
 10
-244.357602
 20
-585.309123
 40
51.510632
 50
270.0
 51
271.636577
  0
ARC
  8
APS_GEOMETRY
 10
-245.508588
 20
-545.024581
 40
91.811614
 50
271.636577
 51
272.862405
  0
ARC
  8
APS_GEOMETRY
 10
-246.830067
 20
-518.595002
 40
118.274209
 50
272.862405
 51
273.814075
  0
ARC
  8
APS_GEOMETRY
 10
-251.303658
 20
-451.49114
 40
185.527026
 50
273.814075
 51
274.573921
  0
ARC
  8
APS_GEOMETRY
 10
-223.241582
 20
-816.481934
 40
180.54275
 50
93.719877
 51
94.214179
  0
ARC
  8
APS_GEOMETRY
 10
-229.230679
 20
-724.363915
 40
88.230244
 50
93.012788
 51
93.719877
  0
ARC
  8
APS_GEOMETRY
 10
-230.872567
 20
-693.168044
 40
56.991196
 50
91.91828
 51
93.012788
  0
ARC
  8
APS_GEOMETRY
 10
-232.1592
 20
-654.752845
 40
18.554456
 50
90.0
 51
91.91828
  0
ARC
  8
APS_GEOMETRY
 10
-232.1592
 20
-660.306966
 40
24.108577
 50
73.820397
 51
90.0
  0
ARC
  8
APS_GEOMETRY
 10
-229.783067
 20
-652.117379
 40
15.581248
 50
53.657551
 51
73.820397
  0
ARC
  8
APS_GEOMETRY
 10
-226.403325
 20
-647.497888
 40
9.857439
 50
26.029592
 51
53.569142
  0
ARC
  8
APS_GEOMETRY
 10
-227.440362
 20
-648.004348
 40
11.011539
 50
0.0
 51
26.029592
  0
ARC
  8
APS_GEOMETRY
 10
-227.871839
 20
-648.004348
 40
11.443017
 50
345.281696
 51
0.0
  0
ARC
  8
APS_GEOMETRY
 10
-226.771077
 20
-648.293504
 40
10.30491
 50
329.767161
 51
345.281696
  0
ARC
  8
APS_GEOMETRY
 10
-226.147438
 20
-648.656949
 40
9.583094
 50
313.168137
 51
329.767161
  0
ARC
  8
APS_GEOMETRY
 10
-225.916504
 20
-648.903143
 40
9.24554
 50
296.266638
 51
313.168137
  0
ARC
  8
APS_GEOMETRY
 10
-220.653358
 20
-659.537108
 40
2.619643
 50
116.565051
 51
139.899092
  0
ARC
  8
APS_GEOMETRY
 10
-221.96002
 20
-658.436761
 40
0.911389
 50
139.899092
 51
180.0
  0
ARC
  8
APS_GEOMETRY
 10
-221.858707
 20
-658.436761
 40
1.012702
 50
180.0
 51
226.193489
  0
ARC
  8
APS_GEOMETRY
 10
-219.987776
 20
-656.486216
 40
3.715481
 50
226.193489
 51
249.829347
  0
ARC
  8
APS_GEOMETRY
 10
-225.348917
 20
-671.247448
 40
11.989195
 50
53.249344
 51
70.104569
  0
ARC
  8
APS_GEOMETRY
 10
-222.913641
 20
-667.986297
 40
7.9191
 50
32.471192
 51
53.249344
  0
ARC
  8
APS_GEOMETRY
 10
-224.04865
 20
-668.708575
 40
9.264437
 50
23.304891
 51
32.471192
  0
ARC
  8
APS_GEOMETRY
 10
-231.05875
 20
-671.728311
 40
16.89728
 50
16.520892
 51
23.304891
  0
ARC
  8
APS_GEOMETRY
 10
-236.524276
 20
-673.349441
 40
22.598161
 50
11.429216
 51
16.520892
  0
ARC
  8
APS_GEOMETRY
 10
-252.01414
 20
-676.480966
 40
38.401399
 50
7.52382
 51
11.429216
  0
ARC
  8
APS_GEOMETRY
 10
-200.685946
 20
-669.644921
 40
13.380105
 50
187.765166
 51
196.914179
  0
ARC
  8
APS_GEOMETRY
 10
-211.629178
 20
-672.972687
 40
1.942082
 50
196.914179
 51
221.081751
  0
ARC
  8
APS_GEOMETRY
 10
-211.587456
 20
-672.936314
 40
1.997434
 50
221.081751
 51
244.607077
  0
ARC
  8
APS_GEOMETRY
 10
-206.914068
 20
-663.091044
 40
12.895593
 50
244.607077
 51
253.810794
  0
ARC
  8
APS_GEOMETRY
 10
-211.022878
 20
-677.101005
 40
1.704862
 50
51.449535
 51
72.474432
  0
ARC
  8
APS_GEOMETRY
 10
-211.444725
 20
-677.630381
 40
2.381761
 50
33.690068
 51
51.449535
  0
ARC
  8
APS_GEOMETRY
 10
-211.543379
 20
-677.69615
 40
2.500329
 50
16.638806
 51
33.690068
  0
ARC
  8
APS_GEOMETRY
 10
-211.662732
 20
-677.731819
 40
2.624898
 50
0.0
 51
16.638806
  0
ARC
  8
APS_GEOMETRY
 10
-211.699358
 20
-677.731819
 40
2.661524
 50
338.993211
 51
0.0
  0
ARC
  8
APS_GEOMETRY
 10
-213.324495
 20
-677.107767
 40
4.40236
 50
322.696052
 51
338.993211
  0
ARC
  8
APS_GEOMETRY
 10
-213.929997
 20
-676.646432
 40
5.163585
 50
308.603415
 51
322.696052
  0
ARC
  8
APS_GEOMETRY
 10
-214.346704
 20
-676.124496
 40
5.831464
 50
295.346176
 51
308.603415
  0
ARC
  8
APS_GEOMETRY
 10
-216.5379
 20
-671.298313
 40
11.131419
 50
279.582945
 51
294.904769
  0
ARC
  8
APS_GEOMETRY
 10
-219.40484
 20
-654.31721
 40
28.352836
 50
270.0
 51
279.582945
  0
ARC
  8
APS_GEOMETRY
 10
-219.40484
 20
-661.99836
 40
20.671686
 50
261.247402
 51
270.0
  0
ARC
  8
APS_GEOMETRY
 10
-220.728971
 20
-670.598784
 40
11.969926
 50
249.737083
 51
261.247402
  0
ARC
  8
APS_GEOMETRY
 10
-221.599391
 20
-672.956523
 40
9.456649
 50
235.344857
 51
249.737083
  0
ARC
  8
APS_GEOMETRY
 10
-222.698542
 20
-674.546558
 40
7.523686
 50
219.198413
 51
235.344857
  0
ARC
  8
APS_GEOMETRY
 10
-220.385553
 20
-672.574298
 40
10.562859
 50
209.075569
 51
219.559668
  0
ARC
  8
APS_GEOMETRY
 10
-215.044813
 20
-669.604662
 40
16.673689
 50
200.735234
 51
209.075569
  0
ARC
  8
APS_GEOMETRY
 10
-207.675271
 20
-666.814764
 40
24.553643
 50
197.881035
 51
200.735234
  0
ARC
  8
APS_GEOMETRY
 10
-177.39377
 20
-657.045174
 40
56.3721
 50
195.997451
 51
197.881035
  0
ARC
  8
APS_GEOMETRY
 10
-155.01183
 20
-650.628333
 40
79.655722
 50
194.663974
 51
195.997451
  0
ARC
  8
APS_GEOMETRY
 10
-93.016594
 20
-634.405844
 40
143.738313
 50
193.671307
 51
194.663974
  0
ARC
  8
APS_GEOMETRY
 10
-250.227087
 20
-672.626269
 40
18.051498
 50
13.609732
 51
23.584501
  0
ARC
  8
APS_GEOMETRY
 10
-238.407657
 20
-667.466294
 40
5.154821
 50
23.584501
 51
42.31023
  0
ARC
  8
APS_GEOMETRY
 10
-237.335648
 20
-666.490491
 40
3.705202
 50
42.31023
 51
67.520566
  0
ARC
  8
APS_GEOMETRY
 10
-238.184009
 20
-668.540698
 40
5.924
 50
67.520566
 51
87.397438
  0
LINE
  8
APS_GEOMETRY
 10
-239.779113
 11
-240.138852
 20
-645.944029
 21
-653.563941
  0
LINE
  8
APS_GEOMETRY
 10
-240.138852
 11
-240.138852
 20
-653.563941
 21
-653.686579
  0
LINE
  8
APS_GEOMETRY
 10
-240.138852
 11
-240.138852
 20
-653.686579
 21
-653.858273
  0
ARC
  8
APS_GEOMETRY
 10
-234.844558
 20
-653.858273
 40
5.294293
 50
180.0
 51
192.339087
  0
ARC
  8
APS_GEOMETRY
 10
-239.05374
 20
-654.779031
 40
0.98558
 50
192.339087
 51
221.185925
  0
ARC
  8
APS_GEOMETRY
 10
-239.154117
 20
-654.866861
 40
0.852203
 50
221.185925
 51
253.872424
  0
ARC
  8
APS_GEOMETRY
 10
-238.43827
 20
-652.391224
 40
3.429258
 50
253.872424
 51
270.0
  0
ARC
  8
APS_GEOMETRY
 10
-238.43827
 20
-647.849885
 40
7.970597
 50
270.0
 51
289.56871
  0
ARC
  8
APS_GEOMETRY
 10
-236.989226
 20
-651.926318
 40
3.644278
 50
289.56871
 51
318.680622
  0
ARC
  8
APS_GEOMETRY
 10
-237.381178
 20
-651.581744
 40
4.166157
 50
318.680622
 51
344.628325
  0
ARC
  8
APS_GEOMETRY
 10
-244.683927
 20
-649.574116
 40
11.739843
 50
344.628325
 51
0.0
  0
ARC
  8
APS_GEOMETRY
 10
-241.212117
 20
-649.574116
 40
8.268032
 50
0.0
 51
35.36883
  0
ARC
  8
APS_GEOMETRY
 10
-237.424462
 20
-646.88547
 40
3.623127
 50
35.36883
 51
90.0
  0
ARC
  8
APS_GEOMETRY
 10
-237.424462
 20
-646.925277
 40
3.662935
 50
90.0
 51
108.434949
  0
ARC
  8
APS_GEOMETRY
 10
-238.137122
 20
-644.787297
 40
1.409306
 50
108.434949
 51
138.366461
  0
ARC
  8
APS_GEOMETRY
 10
-237.945843
 20
-644.957323
 40
1.665228
 50
138.366461
 51
164.291362
  0
ARC
  8
APS_GEOMETRY
 10
-233.460814
 20
-646.218737
 40
6.324268
 50
164.291362
 51
177.510447
  0
LINE
  8
APS_GEOMETRY
 10
-181.560363
 11
-165.274026
 20
-638.324116
 21
-652.582837
  0
ARC
  8
APS_GEOMETRY
 10
-150.042149
 20
-635.103634
 40
23.18475
 50
228.930176
 51
232.67448
  0
ARC
  8
APS_GEOMETRY
 10
-158.515555
 20
-646.216297
 40
9.210133
 50
232.67448
 51
238.616809
  0
ARC
  8
APS_GEOMETRY
 10
-160.647523
 20
-649.711327
 40
5.116172
 50
238.616809
 51
249.130652
  0
ARC
  8
APS_GEOMETRY
 10
-162.003677
 20
-653.268452
 40
1.309297
 50
249.130652
 51
270.0
  0
ARC
  8
APS_GEOMETRY
 10
-162.003677
 20
-653.429741
 40
1.148008
 50
270.0
 51
334.898391
  0
ARC
  8
APS_GEOMETRY
 10
-167.301961
 20
-650.947662
 40
6.998865
 50
334.898391
 51
0.0
  0
ARC
  8
APS_GEOMETRY
 10
-218.533087
 20
-650.947662
 40
58.229991
 50
0.0
 51
2.026128
  0
ARC
  8
APS_GEOMETRY
 10
-187.646112
 20
-649.854963
 40
27.323694
 50
2.026128
 51
4.984115
  0
ARC
  8
APS_GEOMETRY
 10
-177.546941
 20
-648.974221
 40
17.186191
 50
4.984115
 51
9.673355
  0
ARC
  8
APS_GEOMETRY
 10
-165.907517
 20
-646.990228
 40
5.378888
 50
9.673355
 51
18.060472
  0
ARC
  8
APS_GEOMETRY
 10
-164.135696
 20
-646.412461
 40
3.515245
 50
18.060472
 51
42.397438
  0
ARC
  8
APS_GEOMETRY
 10
-164.707653
 20
-646.934682
 40
4.289744
 50
42.397438
 51
64.397812
  0
ARC
  8
APS_GEOMETRY
 10
-159.483923
 20
-636.148661
 40
7.694704
 50
233.63342
 51
244.025606
  0
ARC
  8
APS_GEOMETRY
 10
-162.32908
 20
-640.012455
 40
2.896389
 50
216.656108
 51
233.63342
  0
ARC
  8
APS_GEOMETRY
 10
-162.765346
 20
-640.337118
 40
2.352574
 50
196.081652
 51
216.656108
  0
ARC
  8
APS_GEOMETRY
 10
-161.341316
 20
-639.926587
 40
3.8346
 50
180.0
 51
196.081652
  0
ARC
  8
APS_GEOMETRY
 10
-162.387946
 20
-639.926587
 40
2.78797
 50
133.202068
 51
180.0
  0
ARC
  8
APS_GEOMETRY
 10
-160.189323
 20
-642.267712
 40
5.999637
 50
101.788183
 51
133.202068
  0
ARC
  8
APS_GEOMETRY
 10
-159.676778
 20
-644.564322
 40
8.352584
 50
96.632515
 51
102.011478
  0
ARC
  8
APS_GEOMETRY
 10
-157.817591
 20
-660.55333
 40
24.449322
 50
93.489325
 51
96.632515
  0
ARC
  8
APS_GEOMETRY
 10
-157.021348
 20
-673.611707
 40
37.531952
 50
91.43929
 51
93.489325
  0
ARC
  8
APS_GEOMETRY
 10
-156.051642
 20
-712.206008
 40
76.138432
 50
90.0
 51
91.43929
  0
ARC
  8
APS_GEOMETRY
 10
-156.051642
 20
-707.03178
 40
70.964205
 50
87.994353
 51
90.0
  0
ARC
  8
APS_GEOMETRY
 10
-154.761501
 20
-670.191068
 40
34.100909
 50
85.100908
 51
87.994353
  0
ARC
  8
APS_GEOMETRY
 10
-153.714425
 20
-657.975192
 40
21.840241
 50
80.594688
 51
85.100908
  0
ARC
  8
APS_GEOMETRY
 10
-151.326835
 20
-643.561219
 40
7.229861
 50
72.758541
 51
80.594688
  0
ARC
  8
APS_GEOMETRY
 10
-150.603509
 20
-641.320634
 40
4.875639
 50
40.955514
 51
73.072487
  0
ARC
  8
APS_GEOMETRY
 10
-149.223404
 20
-640.122808
 40
3.048215
 50
0.0
 51
40.955514
  0
ARC
  8
APS_GEOMETRY
 10
-149.039715
 20
-640.122808
 40
2.864527
 50
322.572949
 51
0.0
  0
ARC
  8
APS_GEOMETRY
 10
-150.54501
 20
-638.970797
 40
4.760058
 50
293.749494
 51
322.572949
  0
ARC
  8
APS_GEOMETRY
 10
-144.500823
 20
-652.851888
 40
10.379904
 50
113.428693
 51
119.291362
  0
ARC
  8
APS_GEOMETRY
 10
-148.540022
 20
-645.651579
 40
2.124022
 50
119.291362
 51
132.273689
  0
ARC
  8
APS_GEOMETRY
 10
-148.772802
 20
-645.395521
 40
1.77797
 50
132.273689
 51
147.652557
  0
ARC
  8
APS_GEOMETRY
 10
-147.090843
 20
-646.460761
 40
3.768879
 50
147.652557
 51
158.198591
  0
ARC
  8
APS_GEOMETRY
 10
-144.531239
 20
-647.539684
 40
6.546314
 50
157.750976
 51
167.884758
  0
ARC
  8
APS_GEOMETRY
 10
-130.911287
 20
-650.463338
 40
20.476528
 50
167.884758
 51
173.609505
  0
ARC
  8
APS_GEOMETRY
 10
-118.864615
 20
-651.812566
 40
32.59852
 50
173.609505
 51
177.220833
  0
ARC
  8
APS_GEOMETRY
 10
-81.70898
 20
-653.616237
 40
69.797908
 50
177.220833
 51
179.688613
  0
LINE
  8
APS_GEOMETRY
 10
-151.505857
 11
-151.505857
 20
-653.236906
 21
-663.898244
  0
ARC
  8
APS_GEOMETRY
 10
283.859563
 20
-663.898244
 40
435.36542
 50
180.0
 51
180.161396
  0
ARC
  8
APS_GEOMETRY
 10
661.678601
 20
-662.833965
 40
813.185957
 50
180.161396
 51
180.279489
  0
LINE
  8
APS_GEOMETRY
 10
-151.497681
 11
-151.487462
 20
-666.800678
 21
-668.58915
  0
LINE
  8
APS_GEOMETRY
 10
-151.487462
 11
-151.473154
 20
-668.58915
 21
-670.602459
  0
ARC
  8
APS_GEOMETRY
 10
-229.157005
 20
-671.043844
 40
77.685105
 50
358.204186
 51
0.325541
  0
ARC
  8
APS_GEOMETRY
 10
-192.202689
 20
-672.202478
 40
40.71263
 50
355.273697
 51
358.204186
  0
ARC
  8
APS_GEOMETRY
 10
-179.340228
 20
-673.26591
 40
27.806283
 50
350.991496
 51
355.273697
  0
ARC
  8
APS_GEOMETRY
 10
-162.961581
 20
-675.862525
 40
11.223084
 50
344.248826
 51
350.991496
  0
ARC
  8
APS_GEOMETRY
 10
-157.425668
 20
-677.443423
 40
5.465928
 50
314.415369
 51
344.445429
  0
ARC
  8
APS_GEOMETRY
 10
-155.397572
 20
-679.513335
 40
2.568048
 50
270.0
 51
314.415369
  0
ARC
  8
APS_GEOMETRY
 10
-155.397572
 20
-677.921338
 40
4.160045
 50
256.342357
 51
270.0
  0
ARC
  8
APS_GEOMETRY
 10
-155.693923
 20
-679.140935
 40
2.904959
 50
239.981633
 51
256.342357
  0
ARC
  8
APS_GEOMETRY
 10
-154.399595
 20
-676.900753
 40
5.492178
 50
231.153104
 51
239.981633
  0
ARC
  8
APS_GEOMETRY
 10
-132.650931
 20
-649.896161
 40
40.16569
 50
227.89127
 51
231.153104
  0
LINE
  8
APS_GEOMETRY
 10
-159.583619
 11
-178.976788
 20
-679.694029
 21
-662.328476
  0
ARC
  8
APS_GEOMETRY
 10
-186.447979
 20
-670.600153
 40
11.14627
 50
47.910838
 51
61.467547
  0
ARC
  8
APS_GEOMETRY
 10
-182.345247
 20
-663.054056
 40
2.556975
 50
61.467547
 51
90.0
  0
ARC
  8
APS_GEOMETRY
 10
-182.345247
 20
-661.617298
 40
1.120217
 50
90.0
 51
133.194713
  0
ARC
  8
APS_GEOMETRY
 10
-181.241131
 20
-662.793279
 40
2.733289
 50
133.194713
 51
160.453632
  0
ARC
  8
APS_GEOMETRY
 10
-177.697112
 20
-664.05151
 40
6.494036
 50
160.453632
 51
173.250825
  0
ARC
  8
APS_GEOMETRY
 10
-161.029824
 20
-666.02397
 40
23.277632
 50
173.250825
 51
180.0
  0
ARC
  8
APS_GEOMETRY
 10
-115.6894
 20
-666.02397
 40
68.618057
 50
180.0
 51
181.896923
  0
ARC
  8
APS_GEOMETRY
 10
-152.032122
 20
-667.227629
 40
32.255407
 50
181.896923
 51
184.663802
  0
ARC
  8
APS_GEOMETRY
 10
-163.94369
 20
-668.199362
 40
20.304269
 50
184.663802
 51
189.048181
  0
ARC
  8
APS_GEOMETRY
 10
-177.744676
 20
-670.397122
 40
6.329385
 50
189.048181
 51
196.905158
  0
ARC
  8
APS_GEOMETRY
 10
-179.93549
 20
-671.062957
 40
4.039625
 50
196.905158
 51
220.253477
  0
ARC
  8
APS_GEOMETRY
 10
-179.891569
 20
-671.025771
 40
4.097174
 50
220.253477
 51
243.434949
  0
ARC
  8
APS_GEOMETRY
 10
-183.889175
 20
-679.086599
 40
4.900522
 50
37.921078
 51
63.778033
  0
ARC
  8
APS_GEOMETRY
 10
-181.856361
 20
-677.502895
 40
2.323614
 50
0.0
 51
37.921078
  0
ARC
  8
APS_GEOMETRY
 10
-182.760161
 20
-677.502895
 40
3.227414
 50
324.267836
 51
0.0
  0
ARC
  8
APS_GEOMETRY
 10
-183.967673
 20
-676.634182
 40
4.714945
 50
294.859862
 51
324.267836
  0
ARC
  8
APS_GEOMETRY
 10
-185.964571
 20
-672.324329
 40
9.464938
 50
278.779646
 51
294.859862
  0
ARC
  8
APS_GEOMETRY
 10
-189.343793
 20
-650.444472
 40
31.604208
 50
270.0
 51
278.779646
  0
ARC
  8
APS_GEOMETRY
 10
-189.343793
 20
-656.115934
 40
25.932746
 50
260.382525
 51
270.0
  0
ARC
  8
APS_GEOMETRY
 10
-192.076905
 20
-672.24514
 40
9.573614
 50
244.52173
 51
260.382525
  0
ARC
  8
APS_GEOMETRY
 10
-194.056272
 20
-676.399025
 40
4.972239
 50
216.549301
 51
244.52173
  0
ARC
  8
APS_GEOMETRY
 10
-195.677736
 20
-677.601005
 40
2.953848
 50
180.0
 51
216.549301
  0
ARC
  8
APS_GEOMETRY
 10
-194.624894
 20
-677.601005
 40
4.00669
 50
164.649864
 51
180.0
  0
ARC
  8
APS_GEOMETRY
 10
-196.910235
 20
-676.973657
 40
1.636806
 50
140.52754
 51
164.649864
  0
ARC
  8
APS_GEOMETRY
 10
-195.985482
 20
-677.735218
 40
2.834781
 50
126.135377
 51
140.52754
  0
ARC
  8
APS_GEOMETRY
 10
-186.331046
 20
-690.957598
 40
19.206691
 50
120.618605
 51
126.135377
  0
ARC
  8
APS_GEOMETRY
 10
-197.777194
 20
-671.635997
 40
3.250804
 50
300.784147
 51
330.068488
  0
ARC
  8
APS_GEOMETRY
 10
-199.942592
 20
-670.389252
 40
5.749468
 50
330.068488
 51
351.982907
  0
ARC
  8
APS_GEOMETRY
 10
-236.305273
 20
-665.648864
 40
42.419572
 50
352.492653
 51
355.364537
  0
ARC
  8
APS_GEOMETRY
 10
-280.168271
 20
-662.092404
 40
86.426514
 50
355.364537
 51
357.376422
  0
ARC
  8
APS_GEOMETRY
 10
-310.880942
 20
-660.685085
 40
117.171412
 50
357.376422
 51
358.860936
  0
ARC
  8
APS_GEOMETRY
 10
-392.707356
 20
-659.058127
 40
199.013999
 50
358.860936
 51
0.0
  0
ARC
  8
APS_GEOMETRY
 10
-319.117796
 20
-659.058127
 40
125.424438
 50
360.0
 51
1.926262
  0
ARC
  8
APS_GEOMETRY
 10
-260.731396
 20
-657.094459
 40
67.005026
 50
1.926262
 51
4.561808
  0
ARC
  8
APS_GEOMETRY
 10
-240.143941
 20
-655.451843
 40
46.352146
 50
4.561808
 51
8.365886
  0
ARC
  8
APS_GEOMETRY
 10
-213.36795
 20
-651.514197
 40
19.28817
 50
8.365886
 51
14.264512
  0
ARC
  8
APS_GEOMETRY
 10
-203.242952
 20
-648.953555
 40
8.844412
 50
14.349332
 51
23.629378
  0
ARC
  8
APS_GEOMETRY
 10
-198.108455
 20
-646.707213
 40
3.240029
 50
23.629378
 51
38.990994
  0
ARC
  8
APS_GEOMETRY
 10
-198.089326
 20
-646.691727
 40
3.215417
 50
38.990994
 51
54.462322
  0
ARC
  8
APS_GEOMETRY
 10
-201.09345
 20
-650.897501
 40
8.383907
 50
54.462322
 51
64.025606
  0
ARC
  8
APS_GEOMETRY
 10
-192.615548
 20
-633.529984
 40
10.942387
 50
235.472028
 51
243.946505
  0
ARC
  8
APS_GEOMETRY
 10
-196.994947
 20
-639.89539
 40
3.215969
 50
219.805571
 51
235.472028
  0
ARC
  8
APS_GEOMETRY
 10
-197.657934
 20
-640.447879
 40
2.352954
 50
198.939004
 51
219.805571
  0
ARC
  8
APS_GEOMETRY
 10
-197.187121
 20
-640.286325
 40
2.850713
 50
180.0
 51
198.939004
  0
ARC
  8
APS_GEOMETRY
 10
-197.326174
 20
-640.286325
 40
2.71166
 50
126.253838
 51
180.0
  0
ARC
  8
APS_GEOMETRY
 10
-193.186992
 20
-645.930664
 40
9.711046
 50
98.615648
 51
126.253838
  0
ARC
  8
APS_GEOMETRY
 10
-192.60391
 20
-650.594146
 40
14.409768
 50
94.455603
 51
98.130102
  0
ARC
  8
APS_GEOMETRY
 10
-190.35571
 20
-679.44604
 40
43.349122
 50
92.337306
 51
94.455603
  0
ARC
  8
APS_GEOMETRY
 10
-189.397403
 20
-702.924559
 40
66.847191
 50
90.962864
 51
92.337306
  0
ARC
  8
APS_GEOMETRY
 10
-188.231875
 20
-772.273493
 40
136.205917
 50
90.0
 51
90.962864
  0
ARC
  8
APS_GEOMETRY
 10
-188.231875
 20
-660.889323
 40
24.821748
 50
83.927544
 51
90.0
  0
ARC
  8
APS_GEOMETRY
 10
-186.196012
 20
-641.752218
 40
5.576657
 50
71.095424
 51
83.927544
  0
ARC
  8
APS_GEOMETRY
 10
-186.010078
 20
-641.20929
 40
5.002774
 50
56.848266
 51
71.095424
  0
ARC
  8
APS_GEOMETRY
 10
-191.512527
 20
-649.633393
 40
15.064704
 50
48.652223
 51
56.848266
  0
ARC
  8
APS_GEOMETRY
 10
-122.75295
 20
-676.675099
 40
40.607524
 50
84.709919
 51
90.0
  0
ARC
  8
APS_GEOMETRY
 10
-122.008518
 20
-668.635224
 40
32.533258
 50
78.799202
 51
84.709919
  0
ARC
  8
APS_GEOMETRY
 10
-117.191987
 20
-644.292264
 40
7.718372
 50
49.782532
 51
78.771108
  0
ARC
  8
APS_GEOMETRY
 10
-113.970534
 20
-640.482546
 40
2.729212
 50
0.0
 51
49.782532
  0
ARC
  8
APS_GEOMETRY
 10
-114.260945
 20
-640.482546
 40
3.019623
 50
342.758541
 51
0.0
  0
ARC
  8
APS_GEOMETRY
 10
-112.685726
 20
-640.971407
 40
1.37029
 50
317.045408
 51
342.758541
  0
ARC
  8
APS_GEOMETRY
 10
-113.44644
 20
-640.263157
 40
2.409666
 50
301.817035
 51
317.045408
  0
ARC
  8
APS_GEOMETRY
 10
-124.702525
 20
-622.120995
 40
23.760017
 50
296.980231
 51
301.817035
  0
ARC
  8
APS_GEOMETRY
 10
-112.700882
 20
-645.739298
 40
2.732757
 50
116.565051
 51
149.077974
  0
ARC
  8
APS_GEOMETRY
 10
-109.181745
 20
-647.847296
 40
6.83495
 50
149.077974
 51
169.469072
  0
ARC
  8
APS_GEOMETRY
 10
-101.677585
 20
-649.242301
 40
14.467672
 50
169.469072
 51
174.597877
  0
ARC
  8
APS_GEOMETRY
 10
-63.013358
 20
-652.898592
 40
53.304393
 50
174.597877
 51
177.269212
  0
ARC
  8
APS_GEOMETRY
 10
-29.015839
 20
-654.520184
 40
87.340563
 50
177.269212
 51
178.901208
  0
ARC
  8
APS_GEOMETRY
 10
76.291052
 20
-656.539959
 40
192.666822
 50
178.901208
 51
180.0
  0
ARC
  8
APS_GEOMETRY
 10
290.280822
 20
-656.539959
 40
406.656592
 50
180.0
 51
180.879979
  0
ARC
  8
APS_GEOMETRY
 10
39.760812
 20
-660.387881
 40
156.107032
 50
180.879979
 51
182.300285
  0
ARC
  8
APS_GEOMETRY
 10
-33.46462
 20
-663.329283
 40
82.822547
 50
182.300285
 51
184.973515
  0
ARC
  8
APS_GEOMETRY
 10
-103.285399
 20
-669.40529
 40
12.737891
 50
184.973515
 51
191.79343
  0
ARC
  8
APS_GEOMETRY
 10
-111.395534
 20
-670.956568
 40
4.484055
 50
193.570434
 51
205.787328
  0
ARC
  8
APS_GEOMETRY
 10
-113.412708
 20
-671.931157
 40
2.243783
 50
205.787328
 51
223.090848
  0
ARC
  8
APS_GEOMETRY
 10
-112.90111
 20
-671.452566
 40
2.944342
 50
223.090848
 51
236.441044
  0
ARC
  8
APS_GEOMETRY
 10
-108.617719
 20
-664.995513
 40
10.692952
 50
236.441044
 51
243.434949
  0
ARC
  8
APS_GEOMETRY
 10
-115.175421
 20
-678.466052
 40
4.291097
 50
37.184706
 51
65.556045
  0
ARC
  8
APS_GEOMETRY
 10
-113.776478
 20
-677.404784
 40
2.535155
 50
0.0
 51
37.184706
  0
ARC
  8
APS_GEOMETRY
 10
-113.853276
 20
-677.404784
 40
2.611953
 50
312.039064
 51
0.0
  0
ARC
  8
APS_GEOMETRY
 10
-116.964179
 20
-673.95451
 40
7.257608
 50
283.815025
 51
312.039064
  0
ARC
  8
APS_GEOMETRY
 10
-122.10462
 20
-652.649097
 40
29.174325
 50
279.272602
 51
283.626995
  0
ARC
  8
APS_GEOMETRY
 10
-124.159397
 20
-640.063588
 40
41.926468
 50
275.640549
 51
279.272602
  0
ARC
  8
APS_GEOMETRY
 10
-124.944956
 20
-632.109804
 40
49.918951
 50
272.587879
 51
275.640549
  0
ARC
  8
APS_GEOMETRY
 10
-125.827078
 20
-612.592841
 40
69.455838
 50
270.0
 51
272.587879
  0
ARC
  8
APS_GEOMETRY
 10
-125.827078
 20
-640.154691
 40
41.893989
 50
262.77406
 51
270.0
  0
ARC
  8
APS_GEOMETRY
 10
-129.603835
 20
-669.942337
 40
11.867871
 50
249.174782
 51
262.77406
  0
ARC
  8
APS_GEOMETRY
 10
-131.976537
 20
-676.180248
 40
5.193948
 50
221.229513
 51
249.174782
  0
ARC
  8
APS_GEOMETRY
 10
-134.045587
 20
-677.993447
 40
2.442829
 50
180.0
 51
221.229513
  0
ARC
  8
APS_GEOMETRY
 10
-134.447119
 20
-677.993447
 40
2.041296
 50
142.696052
 51
180.0
  0
ARC
  8
APS_GEOMETRY
 10
-131.225744
 20
-680.447828
 40
6.091141
 50
121.357085
 51
142.696052
  0
ARC
  8
APS_GEOMETRY
 10
-136.669026
 20
-671.532751
 40
4.354338
 50
301.476839
 51
324.727579
  0
ARC
  8
APS_GEOMETRY
 10
-136.088557
 20
-671.943328
 40
3.64334
 50
324.727579
 51
350.180699
  0
ARC
  8
APS_GEOMETRY
 10
-154.329359
 20
-668.926207
 40
22.131897
 50
350.537678
 51
355.42288
  0
ARC
  8
APS_GEOMETRY
 10
-229.281521
 20
-662.925823
 40
97.323859
 50
355.42288
 51
357.75194
  0
ARC
  8
APS_GEOMETRY
 10
-298.875021
 20
-660.193847
 40
166.970963
 50
357.75194
 51
359.110676
  0
ARC
  8
APS_GEOMETRY
 10
-521.621562
 20
-656.73618
 40
389.744339
 50
359.110676
 51
0.0
  0
ARC
  8
APS_GEOMETRY
 10
-267.1007
 20
-656.73618
 40
135.223477
 50
0.0
 51
1.772875
  0
ARC
  8
APS_GEOMETRY
 10
-187.740689
 20
-654.279798
 40
55.825459
 50
1.772875
 51
4.532262
  0
ARC
  8
APS_GEOMETRY
 10
-163.619755
 20
-652.367773
 40
31.628862
 50
4.532262
 51
9.383565
  0
ARC
  8
APS_GEOMETRY
 10
-139.126391
 20
-648.320141
 40
6.803307
 50
9.383565
 51
19.855214
  0
ARC
  8
APS_GEOMETRY
 10
-135.884642
 20
-647.087479
 40
3.33611
 50
18.853159
 51
42.157862
  0
ARC
  8
APS_GEOMETRY
 10
-138.66298
 20
-649.603001
 40
7.084045
 50
42.157862
 51
58.091893
  0
ARC
  8
APS_GEOMETRY
 10
-126.434385
 20
-630.705867
 40
15.426197
 50
230.710593
 51
236.633634
  0
ARC
  8
APS_GEOMETRY
 10
-134.115884
 20
-640.094366
 40
3.295684
 50
217.874984
 51
230.710593
  0
ARC
  8
APS_GEOMETRY
 10
-135.168995
 20
-640.913452
 40
1.961539
 50
196.927513
 51
217.874984
  0
ARC
  8
APS_GEOMETRY
 10
-134.182978
 20
-640.61336
 40
2.992211
 50
180.0
 51
196.927513
  0
ARC
  8
APS_GEOMETRY
 10
-134.827899
 20
-640.61336
 40
2.34729
 50
148.790867
 51
180.0
  0
ARC
  8
APS_GEOMETRY
 10
-134.212344
 20
-640.986287
 40
3.067
 50
121.568971
 51
148.790867
  0
ARC
  8
APS_GEOMETRY
 10
-133.107187
 20
-642.784877
 40
5.177994
 50
112.805746
 51
121.568971
  0
ARC
  8
APS_GEOMETRY
 10
-130.119873
 20
-649.889421
 40
12.885042
 50
107.25376
 51
112.805746
  0
ARC
  8
APS_GEOMETRY
 10
-128.29015
 20
-655.780727
 40
19.053947
 50
103.486615
 51
107.25376
  0
ARC
  8
APS_GEOMETRY
 10
-124.099651
 20
-673.253393
 40
37.022094
 50
100.784298
 51
103.486615
  0
ARC
  8
APS_GEOMETRY
 10
-122.787104
 20
-678.084309
 40
42.015051
 50
95.643318
 51
101.309932
  0
ARC
  8
APS_GEOMETRY
 10
-122.75295
 20
-678.429939
 40
42.362364
 50
90.0
 51
95.643318
  0
ARC
  8
APS_GEOMETRY
 10
-82.082892
 20
-657.102477
 40
21.263827
 50
77.257003
 51
90.0
  0
ARC
  8
APS_GEOMETRY
 10
-82.29895
 20
-658.057856
 40
22.243331
 50
64.798876
 51
77.257003
  0
ARC
  8
APS_GEOMETRY
 10
-63.98137
 20
-619.05928
 40
20.842904
 50
244.885165
 51
251.17529
  0
ARC
  8
APS_GEOMETRY
 10
-69.949898
 20
-636.566961
 40
2.345817
 50
251.17529
 51
270.0
  0
ARC
  8
APS_GEOMETRY
 10
-69.949898
 20
-635.106392
 40
3.806387
 50
270.0
 51
278.82038
  0
ARC
  8
APS_GEOMETRY
 10
-72.408987
 20
-619.258932
 40
19.843503
 50
278.82038
 51
282.680383
  0
ARC
  8
APS_GEOMETRY
 10
-67.263616
 20
-642.039525
 40
3.51099
 50
95.906141
 51
102.994617
  0
ARC
  8
APS_GEOMETRY
 10
-67.104695
 20
-643.575768
 40
5.055431
 50
90.0
 51
95.906141
  0
ARC
  8
APS_GEOMETRY
 10
-67.104695
 20
-641.875851
 40
3.355514
 50
62.447188
 51
90.0
  0
ARC
  8
APS_GEOMETRY
 10
-67.701379
 20
-643.019496
 40
4.645459
 50
39.093859
 51
62.447188
  0
ARC
  8
APS_GEOMETRY
 10
-73.93552
 20
-648.233177
 40
12.772091
 50
18.434949
 51
39.610688
  0
ARC
  8
APS_GEOMETRY
 10
-77.762116
 20
-649.508709
 40
16.805677
 50
0.0
 51
18.434949
  0
ARC
  8
APS_GEOMETRY
 10
-69.289713
 20
-649.508709
 40
8.333274
 50
334.876872
 51
0.0
  0
ARC
  8
APS_GEOMETRY
 10
-66.783365
 20
-650.684002
 40
5.565045
 50
304.007492
 51
334.876872
  0
ARC
  8
APS_GEOMETRY
 10
-66.824676
 20
-650.566455
 40
5.68568
 50
286.38954
 51
303.690068
  0
ARC
  8
APS_GEOMETRY
 10
-67.006584
 20
-649.947967
 40
6.330364
 50
270.0
 51
286.38954
  0
ARC
  8
APS_GEOMETRY
 10
-67.006584
 20
-650.021755
 40
6.256576
 50
255.154548
 51
270.0
  0
ARC
  8
APS_GEOMETRY
 10
-67.69199
 20
-652.607605
 40
3.58143
 50
235.491477
 51
255.154548
  0
ARC
  8
APS_GEOMETRY
 10
-67.347955
 20
-652.107191
 40
4.188699
 50
218.480198
 51
235.491477
  0
ARC
  8
APS_GEOMETRY
 10
-61.727082
 20
-647.639317
 40
11.368958
 50
208.17859
 51
218.480198
  0
ARC
  8
APS_GEOMETRY
 10
-119.351579
 20
-678.91847
 40
54.197767
 50
28.55962
 51
31.663799
  0
ARC
  8
APS_GEOMETRY
 10
-84.139388
 20
-657.2017
 40
12.827288
 50
31.663799
 51
38.047043
  0
ARC
  8
APS_GEOMETRY
 10
-81.579136
 20
-655.198025
 40
9.576196
 50
38.047043
 51
46.5602
  0
ARC
  8
APS_GEOMETRY
 10
-82.909923
 20
-656.603336
 40
11.511627
 50
46.5602
 51
54.323592
  0
ARC
  8
APS_GEOMETRY
 10
-83.67807
 20
-657.924744
 40
13.033852
 50
54.968356
 51
71.480419
  0
ARC
  8
APS_GEOMETRY
 10
-82.835072
 20
-655.408148
 40
10.379817
 50
71.480419
 51
90.0
  0
ARC
  8
APS_GEOMETRY
 10
-82.835072
 20
-652.278893
 40
7.250562
 50
90.0
 51
114.629635
  0
ARC
  8
APS_GEOMETRY
 10
-83.199172
 20
-651.484716
 40
6.3769
 50
114.629635
 51
140.920621
  0
ARC
  8
APS_GEOMETRY
 10
-82.123387
 20
-652.35834
 40
7.762732
 50
140.920621
 51
163.129646
  0
ARC
  8
APS_GEOMETRY
 10
-76.745965
 20
-653.989087
 40
13.381985
 50
163.129646
 51
180.0
  0
ARC
  8
APS_GEOMETRY
 10
-69.772492
 20
-653.989087
 40
20.355459
 50
180.0
 51
195.439646
  0
ARC
  8
APS_GEOMETRY
 10
-70.830566
 20
-654.281317
 40
19.25777
 50
195.439646
 51
211.31598
  0
ARC
  8
APS_GEOMETRY
 10
-75.919808
 20
-657.27065
 40
13.356544
 50
211.707816
 51
240.456928
  0
ARC
  8
APS_GEOMETRY
 10
-76.261671
 20
-657.873833
 40
12.663219
 50
240.456928
 51
270.0
  0
ARC
  8
APS_GEOMETRY
 10
-76.261671
 20
-654.78637
 40
15.750681
 50
270.0
 51
279.549134
  0
ARC
  8
APS_GEOMETRY
 10
-76.457483
 20
-653.622376
 40
16.931031
 50
279.549134
 51
288.75865
  0
ARC
  8
APS_GEOMETRY
 10
-75.63209
 20
-656.052702
 40
14.364369
 50
288.75865
 51
299.544635
  0
ARC
  8
APS_GEOMETRY
 10
-72.322441
 20
-661.891868
 40
7.652465
 50
299.544635
 51
314.341457
  0
ARC
  8
APS_GEOMETRY
 10
-62.087325
 20
-672.522845
 40
7.10519
 50
120.141386
 51
133.451842
  0
ARC
  8
APS_GEOMETRY
 10
-64.946264
 20
-667.599115
 40
1.411627
 50
90.0
 51
120.141386
  0
ARC
  8
APS_GEOMETRY
 10
-64.946264
 20
-668.417086
 40
2.229599
 50
61.951894
 51
90.0
  0
ARC
  8
APS_GEOMETRY
 10
-65.278318
 20
-669.040325
 40
2.935776
 50
37.568592
 51
61.951894
  0
ARC
  8
APS_GEOMETRY
 10
-65.897598
 20
-669.516695
 40
3.71708
 50
17.665186
 51
37.568592
  0
ARC
  8
APS_GEOMETRY
 10
-66.842362
 20
-669.817575
 40
4.708598
 50
0.0
 51
17.665186
  0
ARC
  8
APS_GEOMETRY
 10
-69.214345
 20
-669.817575
 40
7.08058
 50
344.931512
 51
0.0
  0
ARC
  8
APS_GEOMETRY
 10
-75.512371
 20
-668.121953
 40
13.602871
 50
334.075098
 51
344.931512
  0
ARC
  8
APS_GEOMETRY
 10
-75.710422
 20
-668.025678
 40
13.823082
 50
323.374259
 51
334.075098
  0
ARC
  8
APS_GEOMETRY
 10
-71.646658
 20
-671.046529
 40
8.759514
 50
309.920392
 51
323.374259
  0
ARC
  8
APS_GEOMETRY
 10
-67.585617
 20
-675.837294
 40
2.479565
 50
289.025606
 51
308.990994
  0
ARC
  8
APS_GEOMETRY
 10
-71.918574
 20
-663.27172
 40
15.771223
 50
281.14289
 51
289.025606
  0
ARC
  8
APS_GEOMETRY
 10
-67.524551
 20
-686.053198
 40
7.430522
 50
100.437475
 51
110.119633
  0
ARC
  8
APS_GEOMETRY
 10
-61.703413
 20
-701.943334
 40
24.353349
 50
110.119633
 51
115.463345
  0
ARC
  8
APS_GEOMETRY
 10
-82.484525
 20
-658.462742
 40
23.838158
 50
282.940436
 51
295.628419
  0
ARC
  8
APS_GEOMETRY
 10
-82.279113
 20
-659.356719
 40
22.920885
 50
270.0
 51
282.940436
  0
ARC
  8
APS_GEOMETRY
 10
-82.279113
 20
-658.002797
 40
24.274807
 50
257.307334
 51
270.0
  0
ARC
  8
APS_GEOMETRY
 10
-81.254383
 20
-653.452993
 40
28.938581
 50
245.686204
 51
257.307334
  0
ARC
  8
APS_GEOMETRY
 10
-83.824604
 20
-659.094488
 40
22.739224
 50
228.800778
 51
245.735234
  0
ARC
  8
APS_GEOMETRY
 10
-83.781541
 20
-659.045297
 40
22.804602
 50
211.890792
 51
228.800778
  0
ARC
  8
APS_GEOMETRY
 10
-82.433931
 20
-658.075292
 40
24.461509
 50
196.727964
 51
212.152295
  0
ARC
  8
APS_GEOMETRY
 10
-85.921719
 20
-659.123534
 40
20.819604
 50
180.0
 51
196.727964
  0
ARC
  8
APS_GEOMETRY
 10
-85.414379
 20
-659.123534
 40
21.326944
 50
161.183932
 51
180.0
  0
ARC
  8
APS_GEOMETRY
 10
-84.046056
 20
-659.589778
 40
22.77252
 50
142.980114
 51
161.183932
  0
ARC
  8
APS_GEOMETRY
 10
-82.981989
 20
-660.404095
 40
24.112395
 50
127.824257
 51
142.957525
  0
ARC
  8
APS_GEOMETRY
 10
-81.22801
 20
-662.663335
 40
26.972571
 50
113.520273
 51
127.824257
  0
ARC
  8
APS_GEOMETRY
 10
-81.798911
 20
-661.344037
 40
25.535051
 50
101.926773
 51
113.527064
  0
ARC
  8
APS_GEOMETRY
 10
-82.082892
 20
-659.999566
 40
24.160915
 50
90.0
 51
101.926773
  0
ARC
  8
APS_GEOMETRY
 10
-37.5342
 20
-676.675099
 40
40.607524
 50
84.709919
 51
90.0
  0
ARC
  8
APS_GEOMETRY
 10
-36.789768
 20
-668.635224
 40
32.533258
 50
78.799202
 51
84.709919
  0
ARC
  8
APS_GEOMETRY
 10
-31.973237
 20
-644.292264
 40
7.718372
 50
49.782532
 51
78.771108
  0
ARC
  8
APS_GEOMETRY
 10
-28.751784
 20
-640.482546
 40
2.729212
 50
0.0
 51
49.782532
  0
ARC
  8
APS_GEOMETRY
 10
-29.042195
 20
-640.482546
 40
3.019623
 50
342.758541
 51
0.0
  0
ARC
  8
APS_GEOMETRY
 10
-27.466976
 20
-640.971407
 40
1.37029
 50
317.045408
 51
342.758541
  0
ARC
  8
APS_GEOMETRY
 10
-28.22769
 20
-640.263157
 40
2.409666
 50
301.817035
 51
317.045408
  0
ARC
  8
APS_GEOMETRY
 10
-39.483775
 20
-622.120995
 40
23.760017
 50
296.980231
 51
301.817035
  0
ARC
  8
APS_GEOMETRY
 10
-27.482132
 20
-645.739298
 40
2.732757
 50
116.565051
 51
149.077974
  0
ARC
  8
APS_GEOMETRY
 10
-23.962995
 20
-647.847296
 40
6.83495
 50
149.077974
 51
169.469072
  0
ARC
  8
APS_GEOMETRY
 10
-16.458835
 20
-649.242301
 40
14.467672
 50
169.469072
 51
174.597877
  0
ARC
  8
APS_GEOMETRY
 10
22.205392
 20
-652.898592
 40
53.304393
 50
174.597877
 51
177.269212
  0
ARC
  8
APS_GEOMETRY
 10
56.202911
 20
-654.520184
 40
87.340563
 50
177.269212
 51
178.901208
  0
ARC
  8
APS_GEOMETRY
 10
161.509802
 20
-656.539959
 40
192.666822
 50
178.901208
 51
180.0
  0
ARC
  8
APS_GEOMETRY
 10
375.499572
 20
-656.539959
 40
406.656592
 50
180.0
 51
180.879979
  0
ARC
  8
APS_GEOMETRY
 10
124.979562
 20
-660.387881
 40
156.107032
 50
180.879979
 51
182.300285
  0
ARC
  8
APS_GEOMETRY
 10
51.75413
 20
-663.329283
 40
82.822547
 50
182.300285
 51
184.973515
  0
ARC
  8
APS_GEOMETRY
 10
-18.066649
 20
-669.40529
 40
12.737891
 50
184.973515
 51
191.79343
  0
ARC
  8
APS_GEOMETRY
 10
-26.176784
 20
-670.956568
 40
4.484055
 50
193.570434
 51
205.787328
  0
ARC
  8
APS_GEOMETRY
 10
-28.193958
 20
-671.931157
 40
2.243783
 50
205.787328
 51
223.090848
  0
ARC
  8
APS_GEOMETRY
 10
-27.68236
 20
-671.452566
 40
2.944342
 50
223.090848
 51
236.441044
  0
ARC
  8
APS_GEOMETRY
 10
-23.398969
 20
-664.995513
 40
10.692952
 50
236.441044
 51
243.434949
  0
ARC
  8
APS_GEOMETRY
 10
-29.956671
 20
-678.466052
 40
4.291097
 50
37.184706
 51
65.556045
  0
ARC
  8
APS_GEOMETRY
 10
-28.557728
 20
-677.404784
 40
2.535155
 50
0.0
 51
37.184706
  0
ARC
  8
APS_GEOMETRY
 10
-28.634526
 20
-677.404784
 40
2.611953
 50
312.039064
 51
0.0
  0
ARC
  8
APS_GEOMETRY
 10
-31.745429
 20
-673.95451
 40
7.257608
 50
283.815025
 51
312.039064
  0
ARC
  8
APS_GEOMETRY
 10
-36.88587
 20
-652.649097
 40
29.174325
 50
279.272602
 51
283.626995
  0
ARC
  8
APS_GEOMETRY
 10
-38.940647
 20
-640.063588
 40
41.926468
 50
275.640549
 51
279.272602
  0
ARC
  8
APS_GEOMETRY
 10
-39.726206
 20
-632.109804
 40
49.918951
 50
272.587879
 51
275.640549
  0
ARC
  8
APS_GEOMETRY
 10
-40.608328
 20
-612.592841
 40
69.455838
 50
270.0
 51
272.587879
  0
ARC
  8
APS_GEOMETRY
 10
-40.608328
 20
-640.154691
 40
41.893989
 50
262.77406
 51
270.0
  0
ARC
  8
APS_GEOMETRY
 10
-44.385085
 20
-669.942337
 40
11.867871
 50
249.174782
 51
262.77406
  0
ARC
  8
APS_GEOMETRY
 10
-46.757787
 20
-676.180248
 40
5.193948
 50
221.229513
 51
249.174782
  0
ARC
  8
APS_GEOMETRY
 10
-48.826837
 20
-677.993447
 40
2.442829
 50
180.0
 51
221.229513
  0
ARC
  8
APS_GEOMETRY
 10
-49.228369
 20
-677.993447
 40
2.041296
 50
142.696052
 51
180.0
  0
ARC
  8
APS_GEOMETRY
 10
-46.006994
 20
-680.447828
 40
6.091141
 50
121.357085
 51
142.696052
  0
ARC
  8
APS_GEOMETRY
 10
-51.450276
 20
-671.532751
 40
4.354338
 50
301.476839
 51
324.727579
  0
ARC
  8
APS_GEOMETRY
 10
-50.869807
 20
-671.943328
 40
3.64334
 50
324.727579
 51
350.180699
  0
ARC
  8
APS_GEOMETRY
 10
-69.110609
 20
-668.926207
 40
22.131897
 50
350.537678
 51
355.42288
  0
ARC
  8
APS_GEOMETRY
 10
-144.062771
 20
-662.925823
 40
97.323859
 50
355.42288
 51
357.75194
  0
ARC
  8
APS_GEOMETRY
 10
-213.656271
 20
-660.193847
 40
166.970963
 50
357.75194
 51
359.110676
  0
ARC
  8
APS_GEOMETRY
 10
-436.402812
 20
-656.73618
 40
389.744339
 50
359.110676
 51
0.0
  0
ARC
  8
APS_GEOMETRY
 10
-181.88195
 20
-656.73618
 40
135.223477
 50
0.0
 51
1.772875
  0
ARC
  8
APS_GEOMETRY
 10
-102.521939
 20
-654.279798
 40
55.825459
 50
1.772875
 51
4.532262
  0
ARC
  8
APS_GEOMETRY
 10
-78.401005
 20
-652.367773
 40
31.628862
 50
4.532262
 51
9.383565
  0
ARC
  8
APS_GEOMETRY
 10
-53.907641
 20
-648.320141
 40
6.803307
 50
9.383565
 51
19.855214
  0
ARC
  8
APS_GEOMETRY
 10
-50.665892
 20
-647.087479
 40
3.33611
 50
18.853159
 51
42.157862
  0
ARC
  8
APS_GEOMETRY
 10
-53.44423
 20
-649.603001
 40
7.084045
 50
42.157862
 51
58.091893
  0
ARC
  8
APS_GEOMETRY
 10
-41.215635
 20
-630.705867
 40
15.426197
 50
230.710593
 51
236.633634
  0
ARC
  8
APS_GEOMETRY
 10
-48.897134
 20
-640.094366
 40
3.295684
 50
217.874984
 51
230.710593
  0
ARC
  8
APS_GEOMETRY
 10
-49.950245
 20
-640.913452
 40
1.961539
 50
196.927513
 51
217.874984
  0
ARC
  8
APS_GEOMETRY
 10
-48.964228
 20
-640.61336
 40
2.992211
 50
180.0
 51
196.927513
  0
ARC
  8
APS_GEOMETRY
 10
-49.609149
 20
-640.61336
 40
2.34729
 50
148.790867
 51
180.0
  0
ARC
  8
APS_GEOMETRY
 10
-48.993594
 20
-640.986287
 40
3.067
 50
121.568971
 51
148.790867
  0
ARC
  8
APS_GEOMETRY
 10
-47.888437
 20
-642.784877
 40
5.177994
 50
112.805746
 51
121.568971
  0
ARC
  8
APS_GEOMETRY
 10
-44.901123
 20
-649.889421
 40
12.885042
 50
107.25376
 51
112.805746
  0
ARC
  8
APS_GEOMETRY
 10
-43.0714
 20
-655.780727
 40
19.053947
 50
103.486615
 51
107.25376
  0
ARC
  8
APS_GEOMETRY
 10
-38.880901
 20
-673.253393
 40
37.022094
 50
100.784298
 51
103.486615
  0
ARC
  8
APS_GEOMETRY
 10
-37.568354
 20
-678.084309
 40
42.015051
 50
95.643318
 51
101.309932
  0
ARC
  8
APS_GEOMETRY
 10
-37.5342
 20
-678.429939
 40
42.362364
 50
90.0
 51
95.643318
  0
LINE
  8
APS_GEOMETRY
 10
31.614055
 11
31.614055
 20
-665.991267
 21
-648.789232
  0
ARC
  8
APS_GEOMETRY
 10
-8.107256
 20
-648.789232
 40
39.721311
 50
0.0
 51
2.403809
  0
ARC
  8
APS_GEOMETRY
 10
15.409898
 20
-647.802005
 40
16.183445
 50
2.403809
 51
6.170175
  0
ARC
  8
APS_GEOMETRY
 10
22.459053
 20
-647.039934
 40
9.093217
 50
6.170175
 51
12.824398
  0
ARC
  8
APS_GEOMETRY
 10
29.358492
 20
-645.46933
 40
2.017268
 50
12.824398
 51
26.980231
  0
ARC
  8
APS_GEOMETRY
 10
29.681176
 20
-645.305055
 40
1.655174
 50
26.980231
 51
59.649904
  0
ARC
  8
APS_GEOMETRY
 10
26.643138
 20
-650.493615
 40
7.667731
 50
59.649904
 51
74.666715
  0
ARC
  8
APS_GEOMETRY
 10
30.145294
 20
-637.994606
 40
5.312942
 50
225.0
 51
253.886582
  0
ARC
  8
APS_GEOMETRY
 10
27.984389
 20
-640.155511
 40
2.256961
 50
180.0
 51
225.0
  0
ARC
  8
APS_GEOMETRY
 10
28.39938
 20
-640.155511
 40
2.671952
 50
151.15734
 51
180.0
  0
ARC
  8
APS_GEOMETRY
 10
28.393191
 20
-640.152103
 40
2.664887
 50
122.275644
 51
151.15734
  0
ARC
  8
APS_GEOMETRY
 10
29.157177
 20
-641.361747
 40
4.095591
 50
102.308016
 51
122.275644
  0
ARC
  8
APS_GEOMETRY
 10
30.567544
 20
-647.825929
 40
10.711842
 50
90.0
 51
102.308016
  0
ARC
  8
APS_GEOMETRY
 10
30.567544
 20
-660.28011
 40
23.166023
 50
88.989003
 51
90.0
  0
ARC
  8
APS_GEOMETRY
 10
28.620278
 20
-770.625188
 40
133.528281
 50
88.567904
 51
88.989003
  0
ARC
  8
APS_GEOMETRY
 10
25.870169
 20
-880.629528
 40
243.566992
 50
88.337041
 51
88.567904
  0
ARC
  8
APS_GEOMETRY
 10
15.211966
 20
-1247.745419
 40
610.837567
 50
88.191261
 51
88.337041
  0
LINE
  8
APS_GEOMETRY
 10
34.491962
 11
36.421468
 20
-637.212197
 21
-637.212197
  0
ARC
  8
APS_GEOMETRY
 10
29.939844
 20
438.737367
 40
1075.969087
 50
270.345151
 51
270.489696
  0
ARC
  8
APS_GEOMETRY
 10
35.979253
 20
-267.873433
 40
369.332478
 50
270.489696
 51
270.736409
  0
ARC
  8
APS_GEOMETRY
 10
38.458321
 20
-460.744966
 40
176.445013
 50
270.736409
 51
271.25279
  0
ARC
  8
APS_GEOMETRY
 10
41.983932
 20
-621.9615
 40
15.189934
 50
271.25279
 51
273.012788
  0
ARC
  8
APS_GEOMETRY
 10
41.837203
 20
-619.173664
 40
17.981628
 50
273.012788
 51
274.499608
  0
ARC
  8
APS_GEOMETRY
 10
25.181174
 20
-407.520217
 40
230.289435
 50
274.499608
 51
274.915063
  0
LINE
  8
APS_GEOMETRY
 10
44.912111
 11
46.875343
 20
-636.962833
 21
-636.790118
  0
LINE
  8
APS_GEOMETRY
 10
46.875343
 11
49.437457
 20
-636.790118
 21
-636.558127
  0
ARC
  8
APS_GEOMETRY
 10
53.650265
 20
-677.281941
 40
40.941137
 50
93.2397
 51
95.906141
  0
ARC
  8
APS_GEOMETRY
 10
52.904026
 20
-664.098394
 40
27.736487
 50
90.0
 51
93.2397
  0
ARC
  8
APS_GEOMETRY
 10
52.904026
 20
-659.915027
 40
23.55312
 50
77.119689
 51
90.0
  0
ARC
  8
APS_GEOMETRY
 10
54.144884
 20
-654.488591
 40
17.986619
 50
62.370753
 51
77.119689
  0
ARC
  8
APS_GEOMETRY
 10
56.245822
 20
-650.54953
 40
13.52248
 50
31.214952
 51
62.517479
  0
ARC
  8
APS_GEOMETRY
 10
56.182464
 20
-650.587924
 40
13.596563
 50
0.0
 51
31.214952
  0
ARC
  8
APS_GEOMETRY
 10
55.817107
 20
-650.587924
 40
13.961919
 50
334.495861
 51
0.0
  0
ARC
  8
APS_GEOMETRY
 10
56.503704
 20
-650.915475
 40
13.201193
 50
308.25442
 51
334.495861
  0
ARC
  8
APS_GEOMETRY
 10
54.404316
 20
-648.149039
 40
16.673559
 50
287.855247
 51
308.033576
  0
ARC
  8
APS_GEOMETRY
 10
53.002137
 20
-643.796185
 40
21.24668
 50
270.0
 51
287.855247
  0
ARC
  8
APS_GEOMETRY
 10
53.002137
 20
-632.84595
 40
32.196916
 50
266.917819
 51
270.0
  0
ARC
  8
APS_GEOMETRY
 10
54.956589
 20
-596.548976
 40
68.546471
 50
264.805571
 51
266.917819
  0
ARC
  8
APS_GEOMETRY
 10
41.884042
 20
-758.65804
 40
94.094982
 50
85.815084
 51
86.633539
  0
ARC
  8
APS_GEOMETRY
 10
47.082805
 20
-670.279061
 40
5.56323
 50
86.633539
 51
90.0
  0
ARC
  8
APS_GEOMETRY
 10
47.082805
 20
-665.536693
 40
0.820862
 50
90.0
 51
139.6859
  0
ARC
  8
APS_GEOMETRY
 10
47.387293
 20
-665.795046
 40
1.220185
 50
139.6859
 51
180.0
  0
LINE
  8
APS_GEOMETRY
 10
46.167108
 11
46.167108
 20
-665.795046
 21
-665.991267
  0
LINE
  8
APS_GEOMETRY
 10
46.167108
 11
46.396032
 20
-665.991267
 21
-671.354639
  0
ARC
  8
APS_GEOMETRY
 10
54.146485
 20
-671.031703
 40
7.757178
 50
182.385944
 51
193.753071
  0
ARC
  8
APS_GEOMETRY
 10
49.148442
 20
-672.255001
 40
2.611608
 50
193.753071
 51
213.407825
  0
ARC
  8
APS_GEOMETRY
 10
49.204667
 20
-672.217917
 40
2.678961
 50
213.407825
 51
232.62815
  0
ARC
  8
APS_GEOMETRY
 10
53.715084
 20
-666.312525
 40
10.109809
 50
232.62815
 51
242.487997
  0
ARC
  8
APS_GEOMETRY
 10
46.192355
 20
-680.576853
 40
6.017001
 50
40.539152
 51
61.699244
  0
ARC
  8
APS_GEOMETRY
 10
49.480619
 20
-677.764523
 40
1.690122
 50
0.0
 51
40.539152
  0
ARC
  8
APS_GEOMETRY
 10
48.901263
 20
-677.764523
 40
2.269479
 50
315.296867
 51
0.0
  0
ARC
  8
APS_GEOMETRY
 10
45.831818
 20
-674.726722
 40
6.588012
 50
289.502449
 51
315.296867
  0
ARC
  8
APS_GEOMETRY
 10
43.582339
 20
-668.375253
 40
13.326061
 50
282.372155
 51
289.502449
  0
ARC
  8
APS_GEOMETRY
 10
41.219708
 20
-657.604435
 40
24.352962
 50
277.099184
 51
282.372155
  0
ARC
  8
APS_GEOMETRY
 10
40.248334
 20
-649.804872
 40
32.212781
 50
273.103908
 51
277.099184
  0
ARC
  8
APS_GEOMETRY
 10
39.103154
 20
-628.686411
 40
53.362268
 50
270.0
 51
273.103908
  0
ARC
  8
APS_GEOMETRY
 10
39.103154
 20
-629.326055
 40
52.722625
 50
263.472919
 51
270.0
  0
ARC
  8
APS_GEOMETRY
 10
34.770622
 20
-667.193071
 40
14.608562
 50
251.055563
 51
263.472919
  0
ARC
  8
APS_GEOMETRY
 10
31.988606
 20
-675.298155
 40
6.039315
 50
224.160841
 51
251.055563
  0
ARC
  8
APS_GEOMETRY
 10
29.314211
 20
-677.895337
 40
2.311348
 50
180.0
 51
224.160841
  0
ARC
  8
APS_GEOMETRY
 10
29.793972
 20
-677.895337
 40
2.791108
 50
160.820992
 51
180.0
  0
ARC
  8
APS_GEOMETRY
 10
28.623284
 20
-677.488141
 40
1.551625
 50
135.0
 51
160.820992
  0
ARC
  8
APS_GEOMETRY
 10
29.729834
 20
-678.594691
 40
3.116523
 50
121.522177
 51
135.0
  0
ARC
  8
APS_GEOMETRY
 10
42.214871
 20
-698.950729
 40
26.996315
 50
116.952179
 51
121.522177
  0
ARC
  8
APS_GEOMETRY
 10
28.581933
 20
-672.239766
 40
2.992871
 50
297.824096
 51
321.604835
  0
ARC
  8
APS_GEOMETRY
 10
29.271326
 20
-672.786078
 40
2.113258
 50
321.604835
 51
349.99202
  0
ARC
  8
APS_GEOMETRY
 10
26.071993
 20
-672.22149
 40
5.362025
 50
349.99202
 51
356.013707
  0
ARC
  8
APS_GEOMETRY
 10
-22.590819
 20
-668.830353
 40
54.142852
 50
356.013707
 51
357.907934
  0
ARC
  8
APS_GEOMETRY
 10
-79.395033
 20
-666.755313
 40
110.984954
 50
357.907934
 51
358.832845
  0
ARC
  8
APS_GEOMETRY
 10
-284.791375
 20
-662.570668
 40
316.423919
 50
358.832845
 51
359.38061
  0
LINE
  8
APS_GEOMETRY
 10
46.396032
 11
46.396032
 20
-644.635889
 21
-655.755075
  0
ARC
  8
APS_GEOMETRY
 10
49.770437
 20
-655.755075
 40
3.374405
 50
180.0
 51
199.885165
  0
ARC
  8
APS_GEOMETRY
 10
47.245547
 20
-656.668333
 40
0.689427
 50
199.885165
 51
244.798876
  0
ARC
  8
APS_GEOMETRY
 10
48.696692
 20
-653.678117
 40
4.01312
 50
244.230672
 51
258.996459
  0
ARC
  8
APS_GEOMETRY
 10
49.306643
 20
-650.541226
 40
7.208761
 50
258.996459
 51
270.0
  0
ARC
  8
APS_GEOMETRY
 10
49.306643
 20
-651.299516
 40
6.450472
 50
270.0
 51
288.434949
  0
ARC
  8
APS_GEOMETRY
 10
49.769407
 20
-652.68781
 40
4.987082
 50
288.434949
 51
309.427802
  0
ARC
  8
APS_GEOMETRY
 10
49.937902
 20
-652.862151
 40
4.745445
 50
309.193273
 51
339.939397
  0
ARC
  8
APS_GEOMETRY
 10
44.068248
 20
-650.718738
 40
10.994208
 50
339.939397
 51
0.0
  0
ARC
  8
APS_GEOMETRY
 10
44.714605
 20
-650.718738
 40
10.347852
 50
0.0
 51
22.011283
  0
ARC
  8
APS_GEOMETRY
 10
49.299342
 20
-648.865334
 40
5.40266
 50
22.011283
 51
52.650651
  0
ARC
  8
APS_GEOMETRY
 10
49.228579
 20
-648.914369
 40
5.484635
 50
52.373766
 51
72.30911
  0
ARC
  8
APS_GEOMETRY
 10
48.783387
 20
-650.310106
 40
6.949653
 50
72.30911
 51
90.0
  0
ARC
  8
APS_GEOMETRY
 10
48.783387
 20
-647.412332
 40
4.051879
 50
90.0
 51
118.113209
  0
ARC
  8
APS_GEOMETRY
 10
47.300082
 20
-644.635889
 40
0.90405
 50
118.113209
 51
180.0
  0
ARC
  8
APS_GEOMETRY
 10
99.133678
 20
-661.620175
 40
25.781524
 50
71.909511
 51
90.0
  0
ARC
  8
APS_GEOMETRY
 10
100.132178
 20
-658.563542
 40
22.565936
 50
52.561428
 51
71.909511
  0
ARC
  8
APS_GEOMETRY
 10
99.87065
 20
-658.639605
 40
22.785888
 50
38.846006
 51
52.155542
  0
ARC
  8
APS_GEOMETRY
 10
96.298516
 20
-661.516399
 40
27.372399
 50
26.707224
 51
38.846006
  0
ARC
  8
APS_GEOMETRY
 10
97.005651
 20
-660.938487
 40
26.481717
 50
13.867603
 51
26.277857
  0
ARC
  8
APS_GEOMETRY
 10
102.105372
 20
-659.679494
 40
21.228887
 50
0.0
 51
13.867603
  0
ARC
  8
APS_GEOMETRY
 10
102.435578
 20
-659.679494
 40
20.898681
 50
339.712247
 51
0.0
  0
ARC
  8
APS_GEOMETRY
 10
101.259076
 20
-659.244578
 40
22.152997
 50
320.013114
 51
339.712247
  0
ARC
  8
APS_GEOMETRY
 10
101.063977
 20
-659.13703
 40
22.371633
 50
303.343757
 51
320.123166
  0
ARC
  8
APS_GEOMETRY
 10
98.768248
 20
-655.647926
 40
26.548261
 50
287.949403
 51
303.343757
  0
ARC
  8
APS_GEOMETRY
 10
98.013993
 20
-653.032816
 40
29.268668
 50
279.039483
 51
287.776406
  0
ARC
  8
APS_GEOMETRY
 10
98.31609
 20
-654.931711
 40
27.345893
 50
270.0
 51
279.039483
  0
ARC
  8
APS_GEOMETRY
 10
98.31609
 20
-656.266752
 40
26.010853
 50
257.72804
 51
270.0
  0
ARC
  8
APS_GEOMETRY
 10
98.357018
 20
-656.078597
 40
26.203407
 50
245.501426
 51
257.72804
  0
ARC
  8
APS_GEOMETRY
 10
96.884312
 20
-659.301372
 40
22.660086
 50
228.665185
 51
245.510859
  0
ARC
  8
APS_GEOMETRY
 10
96.394516
 20
-659.858212
 40
21.918485
 50
211.534792
 51
228.665185
  0
ARC
  8
APS_GEOMETRY
 10
97.036493
 20
-659.386771
 40
22.712325
 50
195.642246
 51
211.70143
  0
ARC
  8
APS_GEOMETRY
 10
98.210219
 20
-659.058127
 40
23.931193
 50
180.0
 51
195.642246
  0
ARC
  8
APS_GEOMETRY
 10
98.461785
 20
-659.058127
 40
24.182759
 50
162.181111
 51
180.0
  0
ARC
  8
APS_GEOMETRY
 10
96.255292
 20
-658.348897
 40
21.865083
 50
143.433519
 51
162.181111
  0
ARC
  8
APS_GEOMETRY
 10
95.958409
 20
-658.111116
 40
21.484982
 50
126.384352
 51
143.471145
  0
ARC
  8
APS_GEOMETRY
 10
97.992541
 20
-660.871722
 40
24.91407
 50
110.525108
 51
126.384352
  0
ARC
  8
APS_GEOMETRY
 10
97.891853
 20
-660.122107
 40
24.177325
 50
99.7697
 51
110.924502
  0
ARC
  8
APS_GEOMETRY
 10
99.133678
 20
-667.334244
 40
31.495593
 50
90.0
 51
99.7697
  0
ARC
  8
APS_GEOMETRY
 10
96.026846
 20
-650.031708
 40
4.807157
 50
90.0
 51
119.604451
  0
ARC
  8
APS_GEOMETRY
 10
96.447889
 20
-650.772743
 40
5.659453
 50
119.604451
 51
146.842076
  0
ARC
  8
APS_GEOMETRY
 10
97.294065
 20
-651.46651
 40
6.74833
 50
145.840305
 51
164.054604
  0
ARC
  8
APS_GEOMETRY
 10
99.25535
 20
-652.026877
 40
8.788097
 50
164.054604
 51
180.0
  0
ARC
  8
APS_GEOMETRY
 10
111.519806
 20
-652.026877
 40
21.052553
 50
180.0
 51
189.976729
  0
ARC
  8
APS_GEOMETRY
 10
130.171404
 20
-648.745908
 40
39.990527
 50
189.976729
 51
197.211115
  0
ARC
  8
APS_GEOMETRY
 10
134.250917
 20
-647.48222
 40
44.261281
 50
197.211115
 51
203.760424
  0
ARC
  8
APS_GEOMETRY
 10
124.088218
 20
-651.956122
 40
33.157396
 50
203.760424
 51
211.328693
  0
ARC
  8
APS_GEOMETRY
 10
103.22008
 20
-664.479867
 40
8.821499
 50
212.319617
 51
224.440823
  0
ARC
  8
APS_GEOMETRY
 10
102.36466
 20
-665.318752
 40
7.623388
 50
224.440823
 51
237.483626
  0
ARC
  8
APS_GEOMETRY
 10
101.811867
 20
-666.185917
 40
6.595013
 50
237.483626
 51
252.415923
  0
ARC
  8
APS_GEOMETRY
 10
101.259404
 20
-667.929179
 40
4.766303
 50
252.415923
 51
270.0
  0
ARC
  8
APS_GEOMETRY
 10
101.259404
 20
-667.364021
 40
5.331461
 50
270.0
 51
294.952847
  0
ARC
  8
APS_GEOMETRY
 10
101.408778
 20
-667.685043
 40
4.977388
 50
294.952847
 51
320.792796
  0
ARC
  8
APS_GEOMETRY
 10
100.608128
 20
-667.031882
 40
6.010664
 50
320.792796
 51
342.776564
  0
ARC
  8
APS_GEOMETRY
 10
97.040316
 20
-665.92586
 40
9.745978
 50
342.776564
 51
0.0
  0
ARC
  8
APS_GEOMETRY
 10
80.279196
 20
-665.92586
 40
26.507098
 50
0.0
 51
8.498559
  0
ARC
  8
APS_GEOMETRY
 10
68.611868
 20
-667.669254
 40
38.30396
 50
8.498559
 51
15.566318
  0
ARC
  8
APS_GEOMETRY
 10
70.014682
 20
-667.27847
 40
36.847733
 50
15.566318
 51
22.908635
  0
ARC
  8
APS_GEOMETRY
 10
82.078384
 20
-662.18042
 40
23.751053
 50
22.908635
 51
32.057376
  0
ARC
  8
APS_GEOMETRY
 10
91.55412
 20
-656.210838
 40
12.551777
 50
31.920876
 51
42.510447
  0
ARC
  8
APS_GEOMETRY
 10
94.156163
 20
-653.825632
 40
9.021927
 50
42.510447
 51
55.00798
  0
ARC
  8
APS_GEOMETRY
 10
95.035036
 20
-652.570099
 40
7.489354
 50
55.00798
 51
69.880367
  0
ARC
  8
APS_GEOMETRY
 10
95.823152
 20
-650.418755
 40
5.198196
 50
69.880367
 51
87.754257
  0
ARC
  8
APS_GEOMETRY
 10
149.647486
 20
-665.042581
 40
2.419773
 50
90.0
 51
115.836754
  0
ARC
  8
APS_GEOMETRY
 10
149.051708
 20
-663.81217
 40
1.05271
 50
115.836754
 51
155.462272
  0
ARC
  8
APS_GEOMETRY
 10
149.746989
 20
-664.129581
 40
1.817018
 50
155.462272
 51
168.366366
  0
ARC
  8
APS_GEOMETRY
 10
156.092977
 20
-665.436108
 40
8.296105
 50
168.366366
 51
174.395461
  0
ARC
  8
APS_GEOMETRY
 10
162.488613
 20
-666.063717
 40
14.722461
 50
174.395461
 51
177.813405
  0
ARC
  8
APS_GEOMETRY
 10
183.717136
 20
-666.874261
 40
35.966453
 50
177.813405
 51
180.0
  0
ARC
  8
APS_GEOMETRY
 10
199.085407
 20
-666.874261
 40
51.334724
 50
180.0
 51
184.619923
  0
ARC
  8
APS_GEOMETRY
 10
164.665578
 20
-669.655661
 40
16.802697
 50
184.619923
 51
192.699584
  0
ARC
  8
APS_GEOMETRY
 10
151.395435
 20
-672.569178
 40
3.217564
 50
194.036243
 51
205.820992
  0
ARC
  8
APS_GEOMETRY
 10
149.990081
 20
-673.249188
 40
1.656336
 50
205.820992
 51
222.273689
  0
ARC
  8
APS_GEOMETRY
 10
150.420607
 20
-672.8578
 40
2.238175
 50
222.273689
 51
234.605204
  0
ARC
  8
APS_GEOMETRY
 10
155.280997
 20
-666.017252
 40
10.629629
 50
234.605204
 51
240.255119
  0
ARC
  8
APS_GEOMETRY
 10
147.892278
 20
-679.09171
 40
4.388594
 50
34.592289
 51
61.189206
  0
ARC
  8
APS_GEOMETRY
 10
149.342499
 20
-678.091558
 40
2.626934
 50
0.0
 51
34.592289
  0
ARC
  8
APS_GEOMETRY
 10
149.430168
 20
-678.091558
 40
2.539265
 50
318.230949
 51
0.0
  0
ARC
  8
APS_GEOMETRY
 10
147.732025
 20
-676.574892
 40
4.816098
 50
288.227257
 51
318.230949
  0
ARC
  8
APS_GEOMETRY
 10
145.970923
 20
-671.227046
 40
10.446456
 50
280.377402
 51
288.227257
  0
ARC
  8
APS_GEOMETRY
 10
142.901065
 20
-654.463468
 40
27.488803
 50
275.540609
 51
280.377402
  0
ARC
  8
APS_GEOMETRY
 10
141.578152
 20
-640.825815
 40
41.19047
 50
272.304132
 51
275.540609
  0
ARC
  8
APS_GEOMETRY
 10
139.967253
 20
-600.789952
 40
81.258728
 50
270.0
 51
272.304132
  0
ARC
  8
APS_GEOMETRY
 10
139.967253
 20
-634.248685
 40
47.799995
 50
262.811463
 51
270.0
  0
ARC
  8
APS_GEOMETRY
 10
135.67817
 20
-668.254987
 40
13.524277
 50
249.274441
 51
262.811463
  0
ARC
  8
APS_GEOMETRY
 10
132.980227
 20
-675.385264
 40
5.900647
 50
221.378515
 51
249.274441
  0
ARC
  8
APS_GEOMETRY
 10
130.613553
 20
-677.470191
 40
2.746591
 50
180.0
 51
221.378515
  0
ARC
  8
APS_GEOMETRY
 10
130.595436
 20
-677.470191
 40
2.728474
 50
164.054604
 51
180.0
  0
ARC
  8
APS_GEOMETRY
 10
129.458029
 20
-677.145218
 40
1.545552
 50
142.815294
 51
164.054604
  0
ARC
  8
APS_GEOMETRY
 10
130.173861
 20
-677.688263
 40
2.444059
 50
129.007473
 51
142.815294
  0
ARC
  8
APS_GEOMETRY
 10
138.965821
 20
-688.542535
 40
16.412372
 50
123.690068
 51
129.007473
  0
ARC
  8
APS_GEOMETRY
 10
126.489339
 20
-669.769664
 40
6.128392
 50
303.388514
 51
319.02199
  0
ARC
  8
APS_GEOMETRY
 10
128.147853
 20
-671.210272
 40
3.931572
 50
319.02199
 51
338.574706
  0
ARC
  8
APS_GEOMETRY
 10
125.928358
 20
-670.339331
 40
6.315832
 50
338.574706
 51
351.048929
  0
ARC
  8
APS_GEOMETRY
 10
99.122281
 20
-666.117128
 40
33.45239
 50
351.048929
 51
356.460441
  0
ARC
  8
APS_GEOMETRY
 10
107.958302
 20
-666.453347
 40
24.613362
 50
355.971736
 51
358.680054
  0
ARC
  8
APS_GEOMETRY
 10
-182.23263
 20
-659.76692
 40
314.881317
 50
358.680054
 51
359.437191
  0
LINE
  8
APS_GEOMETRY
 10
132.633496
 11
132.664155
 20
-662.859908
 21
-657.948253
  0
LINE
  8
APS_GEOMETRY
 10
132.664155
 11
132.674375
 20
-657.948253
 21
-651.536325
  0
ARC
  8
APS_GEOMETRY
 10
56.865135
 20
-651.536325
 40
75.80924
 50
0.0
 51
1.717132
  0
ARC
  8
APS_GEOMETRY
 10
97.433647
 20
-650.320138
 40
35.222502
 50
1.717132
 51
4.236395
  0
ARC
  8
APS_GEOMETRY
 10
110.662881
 20
-649.340195
 40
21.957024
 50
4.236395
 51
8.268833
  0
ARC
  8
APS_GEOMETRY
 10
125.886552
 20
-647.127758
 40
6.573427
 50
8.268833
 51
15.642246
  0
ARC
  8
APS_GEOMETRY
 10
128.506537
 20
-646.394163
 40
3.852677
 50
15.642246
 51
39.417394
  0
ARC
  8
APS_GEOMETRY
 10
128.565454
 20
-646.345738
 40
3.776414
 50
39.417394
 51
63.434949
  0
ARC
  8
APS_GEOMETRY
 10
135.366793
 20
-632.256157
 40
11.86934
 50
236.873849
 51
244.48613
  0
ARC
  8
APS_GEOMETRY
 10
130.307322
 20
-640.009632
 40
2.611121
 50
220.601295
 51
236.873849
  0
ARC
  8
APS_GEOMETRY
 10
129.727005
 20
-640.507046
 40
1.846799
 50
198.245855
 51
220.601295
  0
ARC
  8
APS_GEOMETRY
 10
130.594927
 20
-640.220918
 40
2.760668
 50
180.0
 51
198.245855
  0
ARC
  8
APS_GEOMETRY
 10
130.581843
 20
-640.220918
 40
2.747584
 50
156.16126
 51
180.0
  0
ARC
  8
APS_GEOMETRY
 10
130.965055
 20
-640.390244
 40
3.166539
 50
133.97697
 51
156.16126
  0
ARC
  8
APS_GEOMETRY
 10
131.728509
 20
-641.18146
 40
4.266032
 50
116.995838
 51
133.97697
  0
ARC
  8
APS_GEOMETRY
 10
133.24535
 20
-644.158963
 40
7.607638
 50
104.300277
 51
116.995838
  0
ARC
  8
APS_GEOMETRY
 10
133.637325
 20
-645.664946
 40
9.16378
 50
95.325741
 51
104.349332
  0
ARC
  8
APS_GEOMETRY
 10
135.225247
 20
-662.699022
 40
26.271709
 50
90.0
 51
95.325741
  0
ARC
  8
APS_GEOMETRY
 10
135.225247
 20
-649.440271
 40
13.012958
 50
87.552951
 51
90.0
  0
ARC
  8
APS_GEOMETRY
 10
132.456548
 20
-714.227846
 40
77.859665
 50
86.552613
 51
87.552951
  0
ARC
  8
APS_GEOMETRY
 10
128.519998
 20
-779.574565
 40
143.324848
 50
86.009087
 51
86.552613
  0
ARC
  8
APS_GEOMETRY
 10
113.212096
 20
-998.987824
 40
363.271456
 50
85.667686
 51
86.009087
  0
ARC
  8
APS_GEOMETRY
 10
141.860203
 20
-621.677137
 40
15.125382
 50
265.426079
 51
268.531199
  0
ARC
  8
APS_GEOMETRY
 10
143.204898
 20
-569.234025
 40
67.58573
 50
268.531199
 51
270.0
  0
ARC
  8
APS_GEOMETRY
 10
143.204898
 20
-585.309123
 40
51.510632
 50
270.0
 51
271.636577
  0
ARC
  8
APS_GEOMETRY
 10
142.053912
 20
-545.024581
 40
91.811614
 50
271.636577
 51
272.862405
  0
ARC
  8
APS_GEOMETRY
 10
140.732433
 20
-518.595002
 40
118.274209
 50
272.862405
 51
273.814075
  0
ARC
  8
APS_GEOMETRY
 10
136.258842
 20
-451.49114
 40
185.527026
 50
273.814075
 51
274.573921
  0
ARC
  8
APS_GEOMETRY
 10
164.320918
 20
-816.481934
 40
180.54275
 50
93.719877
 51
94.214179
  0
ARC
  8
APS_GEOMETRY
 10
158.331821
 20
-724.363915
 40
88.230244
 50
93.012788
 51
93.719877
  0
ARC
  8
APS_GEOMETRY
 10
156.689933
 20
-693.168044
 40
56.991196
 50
91.91828
 51
93.012788
  0
ARC
  8
APS_GEOMETRY
 10
155.4033
 20
-654.752845
 40
18.554456
 50
90.0
 51
91.91828
  0
ARC
  8
APS_GEOMETRY
 10
155.4033
 20
-660.306966
 40
24.108577
 50
73.820397
 51
90.0
  0
ARC
  8
APS_GEOMETRY
 10
157.779433
 20
-652.117379
 40
15.581248
 50
53.657551
 51
73.820397
  0
ARC
  8
APS_GEOMETRY
 10
161.159175
 20
-647.497888
 40
9.857439
 50
26.029592
 51
53.569142
  0
ARC
  8
APS_GEOMETRY
 10
160.122138
 20
-648.004348
 40
11.011539
 50
0.0
 51
26.029592
  0
ARC
  8
APS_GEOMETRY
 10
159.690661
 20
-648.004348
 40
11.443017
 50
345.281696
 51
0.0
  0
ARC
  8
APS_GEOMETRY
 10
160.791423
 20
-648.293504
 40
10.30491
 50
329.767161
 51
345.281696
  0
ARC
  8
APS_GEOMETRY
 10
161.415062
 20
-648.656949
 40
9.583094
 50
313.168137
 51
329.767161
  0
ARC
  8
APS_GEOMETRY
 10
161.645996
 20
-648.903143
 40
9.24554
 50
296.266638
 51
313.168137
  0
ARC
  8
APS_GEOMETRY
 10
166.909142
 20
-659.537108
 40
2.619643
 50
116.565051
 51
139.899092
  0
ARC
  8
APS_GEOMETRY
 10
165.60248
 20
-658.436761
 40
0.911389
 50
139.899092
 51
180.0
  0
ARC
  8
APS_GEOMETRY
 10
165.703793
 20
-658.436761
 40
1.012702
 50
180.0
 51
226.193489
  0
ARC
  8
APS_GEOMETRY
 10
167.574724
 20
-656.486216
 40
3.715481
 50
226.193489
 51
249.829347
  0
ARC
  8
APS_GEOMETRY
 10
162.213583
 20
-671.247448
 40
11.989195
 50
53.249344
 51
70.104569
  0
ARC
  8
APS_GEOMETRY
 10
164.648859
 20
-667.986297
 40
7.9191
 50
32.471192
 51
53.249344
  0
ARC
  8
APS_GEOMETRY
 10
163.51385
 20
-668.708575
 40
9.264437
 50
23.304891
 51
32.471192
  0
ARC
  8
APS_GEOMETRY
 10
156.50375
 20
-671.728311
 40
16.89728
 50
16.520892
 51
23.304891
  0
ARC
  8
APS_GEOMETRY
 10
151.038224
 20
-673.349441
 40
22.598161
 50
11.429216
 51
16.520892
  0
ARC
  8
APS_GEOMETRY
 10
135.54836
 20
-676.480966
 40
38.401399
 50
7.52382
 51
11.429216
  0
ARC
  8
APS_GEOMETRY
 10
186.876554
 20
-669.644921
 40
13.380105
 50
187.765166
 51
196.914179
  0
ARC
  8
APS_GEOMETRY
 10
175.933322
 20
-672.972687
 40
1.942082
 50
196.914179
 51
221.081751
  0
ARC
  8
APS_GEOMETRY
 10
175.975044
 20
-672.936314
 40
1.997434
 50
221.081751
 51
244.607077
  0
ARC
  8
APS_GEOMETRY
 10
180.648432
 20
-663.091044
 40
12.895593
 50
244.607077
 51
253.810794
  0
ARC
  8
APS_GEOMETRY
 10
176.539622
 20
-677.101005
 40
1.704862
 50
51.449535
 51
72.474432
  0
ARC
  8
APS_GEOMETRY
 10
176.117775
 20
-677.630381
 40
2.381761
 50
33.690068
 51
51.449535
  0
ARC
  8
APS_GEOMETRY
 10
176.019121
 20
-677.69615
 40
2.500329
 50
16.638806
 51
33.690068
  0
ARC
  8
APS_GEOMETRY
 10
175.899768
 20
-677.731819
 40
2.624898
 50
0.0
 51
16.638806
  0
ARC
  8
APS_GEOMETRY
 10
175.863142
 20
-677.731819
 40
2.661524
 50
338.993211
 51
0.0
  0
ARC
  8
APS_GEOMETRY
 10
174.238005
 20
-677.107767
 40
4.40236
 50
322.696052
 51
338.993211
  0
ARC
  8
APS_GEOMETRY
 10
173.632503
 20
-676.646432
 40
5.163585
 50
308.603415
 51
322.696052
  0
ARC
  8
APS_GEOMETRY
 10
173.215796
 20
-676.124496
 40
5.831464
 50
295.346176
 51
308.603415
  0
ARC
  8
APS_GEOMETRY
 10
171.0246
 20
-671.298313
 40
11.131419
 50
279.582945
 51
294.904769
  0
ARC
  8
APS_GEOMETRY
 10
168.15766
 20
-654.31721
 40
28.352836
 50
270.0
 51
279.582945
  0
ARC
  8
APS_GEOMETRY
 10
168.15766
 20
-661.99836
 40
20.671686
 50
261.247402
 51
270.0
  0
ARC
  8
APS_GEOMETRY
 10
166.833529
 20
-670.598784
 40
11.969926
 50
249.737083
 51
261.247402
  0
ARC
  8
APS_GEOMETRY
 10
165.963109
 20
-672.956523
 40
9.456649
 50
235.344857
 51
249.737083
  0
ARC
  8
APS_GEOMETRY
 10
164.863958
 20
-674.546558
 40
7.523686
 50
219.198413
 51
235.344857
  0
ARC
  8
APS_GEOMETRY
 10
167.176947
 20
-672.574298
 40
10.562859
 50
209.075569
 51
219.559668
  0
ARC
  8
APS_GEOMETRY
 10
172.517687
 20
-669.604662
 40
16.673689
 50
200.735234
 51
209.075569
  0
ARC
  8
APS_GEOMETRY
 10
179.887229
 20
-666.814764
 40
24.553643
 50
197.881035
 51
200.735234
  0
ARC
  8
APS_GEOMETRY
 10
210.16873
 20
-657.045174
 40
56.3721
 50
195.997451
 51
197.881035
  0
ARC
  8
APS_GEOMETRY
 10
232.55067
 20
-650.628333
 40
79.655722
 50
194.663974
 51
195.997451
  0
ARC
  8
APS_GEOMETRY
 10
294.545906
 20
-634.405844
 40
143.738313
 50
193.671307
 51
194.663974
  0
ARC
  8
APS_GEOMETRY
 10
137.335413
 20
-672.626269
 40
18.051498
 50
13.609732
 51
23.584501
  0
ARC
  8
APS_GEOMETRY
 10
149.154843
 20
-667.466294
 40
5.154821
 50
23.584501
 51
42.31023
  0
ARC
  8
APS_GEOMETRY
 10
150.226852
 20
-666.490491
 40
3.705202
 50
42.31023
 51
67.520566
  0
ARC
  8
APS_GEOMETRY
 10
149.378491
 20
-668.540698
 40
5.924
 50
67.520566
 51
87.397438
  0
LINE
  8
APS_GEOMETRY
 10
147.783387
 11
147.423648
 20
-645.944029
 21
-653.563941
  0
LINE
  8
APS_GEOMETRY
 10
147.423648
 11
147.423648
 20
-653.563941
 21
-653.686579
  0
LINE
  8
APS_GEOMETRY
 10
147.423648
 11
147.423648
 20
-653.686579
 21
-653.858273
  0
ARC
  8
APS_GEOMETRY
 10
152.717942
 20
-653.858273
 40
5.294293
 50
180.0
 51
192.339087
  0
ARC
  8
APS_GEOMETRY
 10
148.50876
 20
-654.779031
 40
0.98558
 50
192.339087
 51
221.185925
  0
ARC
  8
APS_GEOMETRY
 10
148.408383
 20
-654.866861
 40
0.852203
 50
221.185925
 51
253.872424
  0
ARC
  8
APS_GEOMETRY
 10
149.12423
 20
-652.391224
 40
3.429258
 50
253.872424
 51
270.0
  0
ARC
  8
APS_GEOMETRY
 10
149.12423
 20
-647.849885
 40
7.970597
 50
270.0
 51
289.56871
  0
ARC
  8
APS_GEOMETRY
 10
150.573274
 20
-651.926318
 40
3.644278
 50
289.56871
 51
318.680622
  0
ARC
  8
APS_GEOMETRY
 10
150.181322
 20
-651.581744
 40
4.166157
 50
318.680622
 51
344.628325
  0
ARC
  8
APS_GEOMETRY
 10
142.878573
 20
-649.574116
 40
11.739843
 50
344.628325
 51
0.0
  0
ARC
  8
APS_GEOMETRY
 10
146.350383
 20
-649.574116
 40
8.268032
 50
0.0
 51
35.36883
  0
ARC
  8
APS_GEOMETRY
 10
150.138038
 20
-646.88547
 40
3.623127
 50
35.36883
 51
90.0
  0
ARC
  8
APS_GEOMETRY
 10
150.138038
 20
-646.925277
 40
3.662935
 50
90.0
 51
108.434949
  0
ARC
  8
APS_GEOMETRY
 10
149.425378
 20
-644.787297
 40
1.409306
 50
108.434949
 51
138.366461
  0
ARC
  8
APS_GEOMETRY
 10
149.616657
 20
-644.957323
 40
1.665228
 50
138.366461
 51
164.291362
  0
ARC
  8
APS_GEOMETRY
 10
154.101686
 20
-646.218737
 40
6.324268
 50
164.291362
 51
177.510447
  0
LINE
  8
APS_GEOMETRY
 10
198.297195
 11
215.531933
 20
-636.754348
 21
-636.754348
  0
ARC
  8
APS_GEOMETRY
 10
214.660336
 20
-612.059097
 40
24.710628
 50
272.021365
 51
278.440365
  0
ARC
  8
APS_GEOMETRY
 10
215.633079
 20
-618.614534
 40
18.083413
 50
278.440365
 51
285.945396
  0
ARC
  8
APS_GEOMETRY
 10
222.950218
 20
-644.811833
 40
9.117519
 50
98.583621
 51
104.931417
  0
ARC
  8
APS_GEOMETRY
 10
222.334259
 20
-640.731104
 40
4.990564
 50
90.0
 51
98.583621
  0
ARC
  8
APS_GEOMETRY
 10
222.334259
 20
-639.492233
 40
3.751692
 50
52.870717
 51
90.0
  0
ARC
  8
APS_GEOMETRY
 10
217.24566
 20
-646.213424
 40
12.181891
 50
32.517511
 51
52.870717
  0
ARC
  8
APS_GEOMETRY
 10
213.214438
 20
-648.783328
 40
16.962598
 50
17.208621
 51
32.517511
  0
ARC
  8
APS_GEOMETRY
 10
216.574308
 20
-647.74272
 40
13.445271
 50
0.0
 51
17.208621
  0
ARC
  8
APS_GEOMETRY
 10
223.302148
 20
-647.74272
 40
6.717431
 50
337.348108
 51
0.0
  0
ARC
  8
APS_GEOMETRY
 10
226.002062
 20
-648.869456
 40
3.791842
 50
307.042475
 51
337.348108
  0
ARC
  8
APS_GEOMETRY
 10
225.532813
 20
-648.224756
 40
4.589135
 50
287.185706
 51
306.869898
  0
ARC
  8
APS_GEOMETRY
 10
225.114055
 20
-646.870773
 40
6.006395
 50
270.0
 51
287.185706
  0
ARC
  8
APS_GEOMETRY
 10
225.114055
 20
-647.483682
 40
5.393486
 50
252.221439
 51
270.0
  0
ARC
  8
APS_GEOMETRY
 10
224.862971
 20
-648.266727
 40
4.57117
 50
232.895765
 51
252.221439
  0
ARC
  8
APS_GEOMETRY
 10
225.833498
 20
-646.983656
 40
6.179957
 50
218.299689
 51
232.895765
  0
ARC
  8
APS_GEOMETRY
 10
233.413735
 20
-640.997213
 40
15.83902
 50
209.197486
 51
218.299689
  0
ARC
  8
APS_GEOMETRY
 10
194.859967
 20
-661.885076
 40
28.011657
 50
28.024501
 51
32.699461
  0
ARC
  8
APS_GEOMETRY
 10
215.016074
 20
-648.945353
 40
4.059515
 50
32.699461
 51
45.0
  0
ARC
  8
APS_GEOMETRY
 10
216.39038
 20
-647.571047
 40
2.115953
 50
45.0
 51
67.557247
  0
ARC
  8
APS_GEOMETRY
 10
216.382224
 20
-647.590793
 40
2.137317
 50
67.557247
 51
90.0
  0
ARC
  8
APS_GEOMETRY
 10
216.382224
 20
-647.422263
 40
1.968787
 50
90.0
 51
120.801446
  0
ARC
  8
APS_GEOMETRY
 10
216.315695
 20
-647.310666
 40
1.838864
 50
120.801446
 51
152.700428
  0
ARC
  8
APS_GEOMETRY
 10
217.774507
 20
-648.063601
 40
3.480522
 50
152.700428
 51
171.085073
  0
ARC
  8
APS_GEOMETRY
 10
228.86343
 20
-649.80304
 40
14.705043
 50
171.085073
 51
180.0
  0
LINE
  8
APS_GEOMETRY
 10
214.158387
 11
214.158387
 20
-649.80304
 21
-668.116994
  0
ARC
  8
APS_GEOMETRY
 10
233.585457
 20
-668.116994
 40
19.42707
 50
180.0
 51
188.194263
  0
ARC
  8
APS_GEOMETRY
 10
219.07788
 20
-670.206085
 40
4.769851
 50
188.194263
 51
204.775141
  0
ARC
  8
APS_GEOMETRY
 10
217.668416
 20
-670.856607
 40
3.217508
 50
204.775141
 51
228.576334
  0
ARC
  8
APS_GEOMETRY
 10
218.990733
 20
-669.35798
 40
5.216108
 50
228.576334
 51
247.217594
  0
ARC
  8
APS_GEOMETRY
 10
211.321833
 20
-687.430134
 40
14.415923
 50
59.381395
 51
66.929588
  0
ARC
  8
APS_GEOMETRY
 10
216.983059
 20
-677.864615
 40
3.30068
 50
43.567904
 51
59.381395
  0
ARC
  8
APS_GEOMETRY
 10
217.888656
 20
-677.003193
 40
2.050818
 50
19.041231
 51
43.567904
  0
ARC
  8
APS_GEOMETRY
 10
216.630314
 20
-677.437488
 40
3.381997
 50
0.0
 51
19.041231
  0
ARC
  8
APS_GEOMETRY
 10
217.264874
 20
-677.437488
 40
2.747437
 50
317.65975
 51
0.0
  0
ARC
  8
APS_GEOMETRY
 10
214.742494
 20
-675.139057
 40
6.159941
 50
289.746837
 51
317.65975
  0
ARC
  8
APS_GEOMETRY
 10
212.630037
 20
-669.254356
 40
12.412315
 50
281.964396
 51
289.746837
  0
ARC
  8
APS_GEOMETRY
 10
209.703209
 20
-655.442512
 40
26.530862
 50
276.643452
 51
281.964396
  0
ARC
  8
APS_GEOMETRY
 10
208.471413
 20
-644.866666
 40
37.178202
 50
272.836113
 51
276.643452
  0
ARC
  8
APS_GEOMETRY
 10
206.996323
 20
-615.09092
 40
66.990463
 50
270.0
 51
272.836113
  0
ARC
  8
APS_GEOMETRY
 10
206.996323
 20
-596.64113
 40
85.440254
 50
267.283141
 51
270.0
  0
ARC
  8
APS_GEOMETRY
 10
205.202428
 20
-634.444183
 40
47.59466
 50
263.64272
 51
267.283141
  0
ARC
  8
APS_GEOMETRY
 10
203.700162
 20
-647.927936
 40
34.02748
 50
258.563267
 51
263.64272
  0
ARC
  8
APS_GEOMETRY
 10
200.111412
 20
-665.66745
 40
15.928599
 50
251.136412
 51
258.563267
  0
ARC
  8
APS_GEOMETRY
 10
196.907301
 20
-674.960185
 40
6.099088
 50
222.557585
 51
251.395035
  0
ARC
  8
APS_GEOMETRY
 10
194.529808
 20
-677.143156
 40
2.871421
 50
180.0
 51
222.557585
  0
ARC
  8
APS_GEOMETRY
 10
194.050147
 20
-677.143156
 40
2.39176
 50
150.642246
 51
180.0
  0
ARC
  8
APS_GEOMETRY
 10
194.241796
 20
-677.250959
 40
2.611648
 50
122.574057
 51
150.642246
  0
ARC
  8
APS_GEOMETRY
 10
193.734844
 20
-676.668569
 40
1.851424
 50
108.676702
 51
119.054604
  0
ARC
  8
APS_GEOMETRY
 10
216.850418
 20
-745.052143
 40
74.036208
 50
107.037768
 51
108.676702
  0
ARC
  8
APS_GEOMETRY
 10
194.296011
 20
-671.288645
 40
3.098808
 50
286.144339
 51
308.659808
  0
ARC
  8
APS_GEOMETRY
 10
194.803449
 20
-671.922942
 40
2.286512
 50
308.659808
 51
334.932537
  0
ARC
  8
APS_GEOMETRY
 10
192.738733
 20
-670.957188
 40
4.565927
 50
334.932537
 51
348.829022
  0
ARC
  8
APS_GEOMETRY
 10
166.912855
 20
-665.857119
 40
30.890567
 50
348.829022
 51
354.160508
  0
ARC
  8
APS_GEOMETRY
 10
149.456945
 20
-664.057815
 40
48.438962
 50
354.143986
 51
355.660291
  0
ARC
  8
APS_GEOMETRY
 10
72.080673
 20
-658.185932
 40
126.037715
 50
355.660291
 51
356.600286
  0
ARC
  8
APS_GEOMETRY
 10
12.931648
 20
-654.672128
 40
185.291018
 50
356.600286
 51
357.239747
  0
ARC
  8
APS_GEOMETRY
 10
-154.893453
 20
-646.58081
 40
353.311058
 50
357.239747
 51
357.702834
  0
ARC
  8
APS_GEOMETRY
 10
-138.373157
 20
-647.243516
 40
336.777476
 50
357.702834
 51
358.674384
  0
ARC
  8
APS_GEOMETRY
 10
17.459124
 20
-650.849552
 40
180.903478
 50
358.674384
 51
0.0
  0
ARC
  8
APS_GEOMETRY
 10
171.552535
 20
-650.849552
 40
26.810067
 50
0.0
 51
6.241914
  0
ARC
  8
APS_GEOMETRY
 10
192.871777
 20
-648.51776
 40
5.363685
 50
6.241914
 51
20.224859
  0
ARC
  8
APS_GEOMETRY
 10
195.826562
 20
-647.429155
 40
2.214746
 50
20.224859
 51
50.440332
  0
ARC
  8
APS_GEOMETRY
 10
196.400393
 20
-646.734517
 40
1.313744
 50
50.440332
 51
90.0
  0
ARC
  8
APS_GEOMETRY
 10
196.400393
 20
-647.18309
 40
1.762317
 50
90.0
 51
126.747471
  0
ARC
  8
APS_GEOMETRY
 10
198.890407
 20
-650.517931
 40
5.924208
 50
126.747471
 51
146.546691
  0
ARC
  8
APS_GEOMETRY
 10
154.902675
 20
-621.604991
 40
46.714947
 50
324.255019
 51
326.700579
  0
ARC
  8
APS_GEOMETRY
 10
173.525626
 20
-635.009121
 40
23.769686
 50
320.826342
 51
324.255019
  0
ARC
  8
APS_GEOMETRY
 10
179.612185
 20
-639.96854
 40
15.918442
 50
315.721571
 51
320.826342
  0
ARC
  8
APS_GEOMETRY
 10
186.606328
 20
-646.788699
 40
6.14948
 50
307.504142
 51
315.721571
  0
ARC
  8
APS_GEOMETRY
 10
185.961036
 20
-645.927402
 40
7.225632
 50
291.305784
 51
307.405357
  0
ARC
  8
APS_GEOMETRY
 10
187.079898
 20
-648.796279
 40
4.146296
 50
270.0
 51
291.305784
  0
ARC
  8
APS_GEOMETRY
 10
187.079898
 20
-649.063618
 40
3.878957
 50
245.531798
 51
270.0
  0
ARC
  8
APS_GEOMETRY
 10
187.050556
 20
-649.128099
 40
3.808114
 50
220.833495
 51
245.531798
  0
ARC
  8
APS_GEOMETRY
 10
187.443684
 20
-648.788359
 40
4.327703
 50
198.683699
 51
220.833495
  0
ARC
  8
APS_GEOMETRY
 10
189.085153
 20
-648.233273
 40
6.060487
 50
180.0
 51
198.683699
  0
ARC
  8
APS_GEOMETRY
 10
192.932362
 20
-648.233273
 40
9.907696
 50
168.407825
 51
180.0
  0
ARC
  8
APS_GEOMETRY
 10
199.285115
 20
-649.536401
 40
16.392726
 50
159.401826
 51
168.407825
  0
ARC
  8
APS_GEOMETRY
 10
201.248308
 20
-650.274246
 40
18.489996
 50
151.38954
 51
159.401826
  0
ARC
  8
APS_GEOMETRY
 10
200.845924
 20
-650.054764
 40
18.031646
 50
143.275893
 51
151.38954
  0
ARC
  8
APS_GEOMETRY
 10
195.79633
 20
-646.278826
 40
11.726407
 50
124.215702
 51
143.310277
  0
ARC
  8
APS_GEOMETRY
 10
191.298648
 20
-639.664589
 40
3.727828
 50
90.0
 51
124.215702
  0
ARC
  8
APS_GEOMETRY
 10
191.298648
 20
-641.321161
 40
5.3844
 50
82.724995
 51
90.0
  0
ARC
  8
APS_GEOMETRY
 10
190.877954
 20
-644.616603
 40
8.706586
 50
77.005383
 51
82.724995
  0
ARC
  8
APS_GEOMETRY
 10
203.726316
 20
-582.670018
 40
54.560918
 50
258.486169
 51
260.377772
  0
ARC
  8
APS_GEOMETRY
 10
198.22233
 20
-615.134937
 40
21.632741
 50
260.377772
 51
263.382083
  0
ARC
  8
APS_GEOMETRY
 10
197.751562
 20
-619.192556
 40
17.547904
 50
263.382083
 51
267.083862
  0
ARC
  8
APS_GEOMETRY
 10
198.297195
 20
-608.481303
 40
28.273045
 50
267.083862
 51
270.0
  0
LINE
  8
APS_GEOMETRY
 10
241.714346
 11
258.523939
 20
-636.754348
 21
-636.754348
  0
ARC
  8
APS_GEOMETRY
 10
258.523939
 20
-425.034814
 40
211.719534
 50
270.0
 51
270.690277
  0
ARC
  8
APS_GEOMETRY
 10
259.717387
 20
-524.090967
 40
112.656192
 50
270.690277
 51
271.636577
  0
ARC
  8
APS_GEOMETRY
 10
260.722925
 20
-559.28479
 40
77.448008
 50
271.636577
 51
273.012788
  0
ARC
  8
APS_GEOMETRY
 10
263.173593
 20
-605.847486
 40
30.820865
 50
273.012788
 51
275.194429
  0
ARC
  8
APS_GEOMETRY
 10
263.780984
 20
-612.528792
 40
24.112006
 50
275.194429
 51
280.755985
  0
ARC
  8
APS_GEOMETRY
 10
263.895182
 20
-613.129946
 40
23.500103
 50
280.755985
 51
286.38954
  0
ARC
  8
APS_GEOMETRY
 10
272.508843
 20
-642.614665
 40
7.217223
 50
100.304846
 51
105.945396
  0
ARC
  8
APS_GEOMETRY
 10
271.605335
 20
-637.645369
 40
2.166457
 50
90.0
 51
100.304846
  0
ARC
  8
APS_GEOMETRY
 10
271.605335
 20
-638.41865
 40
2.939738
 50
58.945729
 51
90.0
  0
ARC
  8
APS_GEOMETRY
 10
270.480999
 20
-640.285851
 40
5.119318
 50
35.537678
 51
58.945729
  0
ARC
  8
APS_GEOMETRY
 10
266.09228
 20
-643.514655
 40
10.567546
 50
16.699244
 51
35.952428
  0
ARC
  8
APS_GEOMETRY
 10
262.79088
 20
-644.505075
 40
14.014309
 50
0.0
 51
16.699244
  0
ARC
  8
APS_GEOMETRY
 10
268.941174
 20
-644.505075
 40
7.864015
 50
344.981639
 51
0.0
  0
ARC
  8
APS_GEOMETRY
 10
272.715718
 20
-645.517758
 40
3.955984
 50
323.746162
 51
344.981639
  0
ARC
  8
APS_GEOMETRY
 10
273.554617
 20
-646.13295
 40
2.915689
 50
296.113913
 51
323.746162
  0
ARC
  8
APS_GEOMETRY
 10
273.404026
 20
-645.825745
 40
3.257818
 50
270.0
 51
296.113913
  0
ARC
  8
APS_GEOMETRY
 10
273.404026
 20
-644.999116
 40
4.084447
 50
255.311213
 51
270.0
  0
ARC
  8
APS_GEOMETRY
 10
272.857918
 20
-647.082419
 40
1.930756
 50
233.880659
 51
255.311213
  0
ARC
  8
APS_GEOMETRY
 10
273.432713
 20
-646.294737
 40
2.905863
 50
219.289407
 51
233.880659
  0
ARC
  8
APS_GEOMETRY
 10
284.96283
 20
-636.861004
 40
17.803477
 50
213.407825
 51
219.289407
  0
ARC
  8
APS_GEOMETRY
 10
263.361652
 20
-651.089329
 40
8.062653
 50
33.293563
 51
51.246316
  0
ARC
  8
APS_GEOMETRY
 10
264.459517
 20
-649.721597
 40
6.308801
 50
51.246316
 51
71.565051
  0
ARC
  8
APS_GEOMETRY
 10
263.733685
 20
-651.899093
 40
8.604083
 50
71.565051
 51
79.27849
  0
ARC
  8
APS_GEOMETRY
 10
261.405647
 20
-664.194582
 40
21.118028
 50
79.27849
 51
84.199782
  0
ARC
  8
APS_GEOMETRY
 10
260.412333
 20
-673.973206
 40
30.946973
 50
84.199782
 51
87.566799
  0
ARC
  8
APS_GEOMETRY
 10
259.210712
 20
-702.251349
 40
59.250634
 50
87.566799
 51
90.0
  0
ARC
  8
APS_GEOMETRY
 10
259.210712
 20
-659.656541
 40
16.655826
 50
90.0
 51
96.37446
  0
ARC
  8
APS_GEOMETRY
 10
258.105145
 20
-649.76036
 40
6.698082
 50
96.37446
 51
106.434163
  0
ARC
  8
APS_GEOMETRY
 10
257.319508
 20
-647.096859
 40
3.92113
 50
106.434163
 51
123.055823
  0
ARC
  8
APS_GEOMETRY
 10
256.093117
 20
-645.212405
 40
1.672752
 50
123.055823
 51
148.626995
  0
ARC
  8
APS_GEOMETRY
 10
257.213383
 20
-645.847463
 40
2.960132
 50
149.420773
 51
165.28034
  0
ARC
  8
APS_GEOMETRY
 10
260.441986
 20
-646.695655
 40
6.29829
 50
165.28034
 51
176.134539
  0
ARC
  8
APS_GEOMETRY
 10
269.684606
 20
-647.320157
 40
15.561985
 50
176.134539
 51
178.366533
  0
ARC
  8
APS_GEOMETRY
 10
355.190464
 20
-649.758537
 40
101.102604
 50
178.366533
 51
179.242164
  0
ARC
  8
APS_GEOMETRY
 10
443.559039
 20
-650.927433
 40
189.478909
 50
179.242164
 51
179.709456
  0
ARC
  8
APS_GEOMETRY
 10
744.208069
 20
-652.452023
 40
490.131804
 50
179.709456
 51
180.0
  0
ARC
  8
APS_GEOMETRY
 10
261.167171
 20
-652.452023
 40
7.090907
 50
180.0
 51
195.027109
  0
ARC
  8
APS_GEOMETRY
 10
255.368042
 20
-654.008836
 40
1.086444
 50
195.027109
 51
234.057888
  0
ARC
  8
APS_GEOMETRY
 10
255.424534
 20
-653.930916
 40
1.182688
 50
234.057888
 51
253.191308
  0
ARC
  8
APS_GEOMETRY
 10
256.661785
 20
-649.835189
 40
5.461212
 50
253.191308
 51
262.062812
  0
ARC
  8
APS_GEOMETRY
 10
257.295503
 20
-645.289898
 40
10.050468
 50
262.062812
 51
266.948518
  0
ARC
  8
APS_GEOMETRY
 10
258.131497
 20
-629.607802
 40
25.754832
 50
266.948518
 51
270.0
  0
ARC
  8
APS_GEOMETRY
 10
258.131497
 20
-650.640873
 40
4.721761
 50
270.0
 51
286.007404
  0
ARC
  8
APS_GEOMETRY
 10
258.957974
 20
-653.521734
 40
1.724691
 50
286.007404
 51
312.646703
  0
ARC
  8
APS_GEOMETRY
 10
258.940639
 20
-653.502914
 40
1.750278
 50
312.646703
 51
338.993211
  0
ARC
  8
APS_GEOMETRY
 10
255.365846
 20
-652.130193
 40
5.579574
 50
338.993211
 51
353.659808
  0
ARC
  8
APS_GEOMETRY
 10
292.285051
 20
-656.532842
 40
31.601426
 50
169.663446
 51
173.118276
  0
ARC
  8
APS_GEOMETRY
 10
265.895314
 20
-651.71962
 40
4.776338
 50
160.769328
 51
169.663446
  0
ARC
  8
APS_GEOMETRY
 10
263.688052
 20
-650.949644
 40
2.438633
 50
143.746162
 51
160.769328
  0
ARC
  8
APS_GEOMETRY
 10
264.221441
 20
-651.340796
 40
3.100073
 50
128.659808
 51
143.746162
  0
ARC
  8
APS_GEOMETRY
 10
263.865809
 20
-650.764509
 40
2.429302
 50
110.170653
 51
130.601295
  0
ARC
  8
APS_GEOMETRY
 10
263.887311
 20
-650.823044
 40
2.49166
 50
90.0
 51
110.170653
  0
ARC
  8
APS_GEOMETRY
 10
263.887311
 20
-650.858493
 40
2.52711
 50
61.220194
 51
90.0
  0
ARC
  8
APS_GEOMETRY
 10
263.44633
 20
-651.661305
 40
3.443063
 50
36.634114
 51
61.220194
  0
ARC
  8
APS_GEOMETRY
 10
263.032187
 20
-651.907457
 40
3.922591
 50
19.103091
 51
35.909723
  0
ARC
  8
APS_GEOMETRY
 10
250.23706
 20
-656.338941
 40
17.463394
 50
11.159944
 51
19.103091
  0
ARC
  8
APS_GEOMETRY
 10
243.552064
 20
-657.657749
 40
24.277234
 50
5.396292
 51
11.159944
  0
ARC
  8
APS_GEOMETRY
 10
240.152165
 20
-657.978912
 40
27.692268
 50
0.0
 51
5.396292
  0
ARC
  8
APS_GEOMETRY
 10
240.634074
 20
-657.978912
 40
27.21036
 50
349.286877
 51
0.0
  0
ARC
  8
APS_GEOMETRY
 10
253.992077
 20
-660.506102
 40
13.615399
 50
334.119726
 51
349.286877
  0
ARC
  8
APS_GEOMETRY
 10
263.193904
 20
-664.952796
 40
3.395531
 50
303.53047
 51
333.853159
  0
ARC
  8
APS_GEOMETRY
 10
263.527573
 20
-665.456333
 40
2.791475
 50
270.0
 51
303.53047
  0
ARC
  8
APS_GEOMETRY
 10
263.527573
 20
-665.325895
 40
2.921913
 50
249.577667
 51
270.0
  0
ARC
  8
APS_GEOMETRY
 10
262.90592
 20
-666.995477
 40
1.140353
 50
216.607075
 51
249.577667
  0
ARC
  8
APS_GEOMETRY
 10
263.500248
 20
-666.553976
 40
1.880723
 50
195.422161
 51
216.607075
  0
ARC
  8
APS_GEOMETRY
 10
273.762603
 20
-663.722982
 40
12.526401
 50
187.253195
 51
195.422161
  0
ARC
  8
APS_GEOMETRY
 10
257.189778
 20
-665.854935
 40
4.183036
 50
7.561428
 51
49.434471
  0
ARC
  8
APS_GEOMETRY
 10
257.019579
 20
-666.053752
 40
4.444753
 50
49.434471
 51
90.0
  0
ARC
  8
APS_GEOMETRY
 10
257.019579
 20
-664.599767
 40
2.990768
 50
90.0
 51
115.223923
  0
ARC
  8
APS_GEOMETRY
 10
256.428051
 20
-663.344068
 40
1.602717
 50
115.223923
 51
149.931417
  0
ARC
  8
APS_GEOMETRY
 10
257.497425
 20
-663.96318
 40
2.838379
 50
149.931417
 51
171.111058
  0
ARC
  8
APS_GEOMETRY
 10
270.464892
 20
-665.991267
 40
15.963482
 50
171.111058
 51
180.0
  0
ARC
  8
APS_GEOMETRY
 10
283.24032
 20
-665.991267
 40
28.73891
 50
180.0
 51
183.062287
  0
ARC
  8
APS_GEOMETRY
 10
327.227937
 20
-663.63802
 40
72.789429
 50
183.062287
 51
184.986334
  0
ARC
  8
APS_GEOMETRY
 10
304.155334
 20
-665.651066
 40
49.629175
 50
184.986334
 51
187.804099
  0
ARC
  8
APS_GEOMETRY
 10
260.454284
 20
-671.64055
 40
5.519587
 50
187.804099
 51
196.260205
  0
ARC
  8
APS_GEOMETRY
 10
256.600485
 20
-672.8007
 40
1.4955
 50
194.931417
 51
230.024075
  0
ARC
  8
APS_GEOMETRY
 10
257.581387
 20
-671.630708
 40
3.022278
 50
230.024075
 51
254.511499
  0
ARC
  8
APS_GEOMETRY
 10
258.773026
 20
-667.330443
 40
7.484596
 50
254.511499
 51
265.219116
  0
ARC
  8
APS_GEOMETRY
 10
261.271032
 20
-637.462982
 40
37.456338
 50
265.219116
 51
270.0
  0
ARC
  8
APS_GEOMETRY
 10
261.271032
 20
-641.422749
 40
33.49657
 50
270.0
 51
274.186237
  0
ARC
  8
APS_GEOMETRY
 10
262.289647
 20
-655.339402
 40
19.542689
 50
274.186237
 51
279.667756
  0
ARC
  8
APS_GEOMETRY
 10
263.125718
 20
-660.247248
 40
14.564138
 50
279.667756
 51
286.990823
  0
ARC
  8
APS_GEOMETRY
 10
265.038537
 20
-666.507385
 40
8.018285
 50
286.990823
 51
296.865814
  0
ARC
  8
APS_GEOMETRY
 10
265.435906
 20
-667.2918
 40
7.138962
 50
296.865814
 51
318.366461
  0
ARC
  8
APS_GEOMETRY
 10
261.436924
 20
-663.73715
 40
12.48942
 50
318.366461
 51
334.580712
  0
ARC
  8
APS_GEOMETRY
 10
287.766305
 20
-676.363158
 40
16.710926
 50
147.079531
 51
154.230672
  0
ARC
  8
APS_GEOMETRY
 10
276.759856
 20
-669.237188
 40
3.599048
 50
131.633539
 51
147.079531
  0
ARC
  8
APS_GEOMETRY
 10
275.939334
 20
-668.3141
 40
2.363998
 50
108.87455
 51
131.633539
  0
ARC
  8
APS_GEOMETRY
 10
276.281933
 20
-669.316204
 40
3.423047
 50
90.0
 51
108.87455
  0
ARC
  8
APS_GEOMETRY
 10
276.281933
 20
-668.620602
 40
2.727445
 50
62.628019
 51
90.0
  0
ARC
  8
APS_GEOMETRY
 10
276.109344
 20
-668.95396
 40
3.102832
 50
36.995271
 51
62.628019
  0
ARC
  8
APS_GEOMETRY
 10
275.336008
 20
-669.53661
 40
4.071093
 50
16.727964
 51
36.995271
  0
ARC
  8
APS_GEOMETRY
 10
273.530654
 20
-670.079203
 40
5.956222
 50
0.0
 51
16.727964
  0
ARC
  8
APS_GEOMETRY
 10
269.95483
 20
-670.079203
 40
9.532045
 50
348.323262
 51
0.0
  0
ARC
  8
APS_GEOMETRY
 10
255.645818
 20
-667.122007
 40
24.143439
 50
340.994016
 51
348.323262
  0
ARC
  8
APS_GEOMETRY
 10
252.251931
 20
-665.953002
 40
27.733013
 50
334.592282
 51
340.994016
  0
ARC
  8
APS_GEOMETRY
 10
258.175795
 20
-668.766837
 40
21.174825
 50
327.264774
 51
334.592282
  0
ARC
  8
APS_GEOMETRY
 10
265.055948
 20
-672.822342
 40
13.197963
 50
320.132554
 51
325.922805
  0
ARC
  8
APS_GEOMETRY
 10
273.058737
 20
-679.50599
 40
2.771277
 50
307.47618
 51
320.132554
  0
ARC
  8
APS_GEOMETRY
 10
273.759727
 20
-680.420325
 40
1.619151
 50
286.429301
 51
307.47618
  0
ARC
  8
APS_GEOMETRY
 10
273.469433
 20
-679.43585
 40
2.645533
 50
270.0
 51
286.429301
  0
ARC
  8
APS_GEOMETRY
 10
273.469433
 20
-676.377407
 40
5.703977
 50
263.774171
 51
270.0
  0
ARC
  8
APS_GEOMETRY
 10
275.13819
 20
-661.080472
 40
21.091665
 50
260.537678
 51
263.774171
  0
ARC
  8
APS_GEOMETRY
 10
267.669237
 20
-703.226517
 40
21.713256
 50
79.380345
 51
84.986886
  0
ARC
  8
APS_GEOMETRY
 10
264.431456
 20
-740.13723
 40
58.765704
 50
84.986886
 51
88.393997
  0
LINE
  8
APS_GEOMETRY
 10
266.078445
 11
238.345887
 20
-681.39461
 21
-681.39461
  0
ARC
  8
APS_GEOMETRY
 10
238.345887
 20
-675.590873
 40
5.803737
 50
254.10251
 51
270.0
  0
ARC
  8
APS_GEOMETRY
 10
237.528479
 20
-678.460884
 40
2.819592
 50
231.215636
 51
254.10251
  0
ARC
  8
APS_GEOMETRY
 10
237.192852
 20
-678.878553
 40
2.283782
 50
203.794835
 51
231.215636
  0
ARC
  8
APS_GEOMETRY
 10
237.865142
 20
-678.58211
 40
3.018529
 50
180.0
 51
203.794835
  0
ARC
  8
APS_GEOMETRY
 10
238.119619
 20
-678.58211
 40
3.273005
 50
164.054604
 51
180.0
  0
ARC
  8
APS_GEOMETRY
 10
236.102816
 20
-678.00588
 40
1.175498
 50
137.29061
 51
164.054604
  0
ARC
  8
APS_GEOMETRY
 10
236.70973
 20
-678.566109
 40
2.001453
 50
120.963757
 51
137.29061
  0
ARC
  8
APS_GEOMETRY
 10
243.210416
 20
-689.400585
 40
14.636515
 50
114.943905
 51
120.963757
  0
ARC
  8
APS_GEOMETRY
 10
235.095174
 20
-671.646487
 40
4.885656
 50
293.428693
 51
305.719954
  0
ARC
  8
APS_GEOMETRY
 10
236.439041
 20
-673.515301
 40
2.583821
 50
305.719954
 51
322.650651
  0
ARC
  8
APS_GEOMETRY
 10
236.230518
 20
-673.356165
 40
2.84613
 50
322.650651
 51
338.110443
  0
ARC
  8
APS_GEOMETRY
 10
232.172637
 20
-671.725767
 40
7.219298
 50
338.110443
 51
347.799531
  0
ARC
  8
APS_GEOMETRY
 10
206.972197
 20
-666.201967
 40
33.018006
 50
347.672229
 51
352.050998
  0
ARC
  8
APS_GEOMETRY
 10
182.579365
 20
-662.795916
 40
57.64749
 50
352.050998
 51
355.364537
  0
ARC
  8
APS_GEOMETRY
 10
166.152364
 20
-661.463997
 40
74.128399
 50
355.364537
 51
357.943473
  0
ARC
  8
APS_GEOMETRY
 10
123.742589
 20
-659.941122
 40
116.565507
 50
357.943473
 51
0.0
  0
ARC
  8
APS_GEOMETRY
 10
74.790329
 20
-659.941122
 40
165.517767
 50
0.0
 51
2.183373
  0
ARC
  8
APS_GEOMETRY
 10
173.765296
 20
-656.167652
 40
66.470894
 50
2.183373
 51
5.629042
  0
ARC
  8
APS_GEOMETRY
 10
203.249276
 20
-653.261633
 40
36.844048
 50
5.629042
 51
11.804813
  0
ARC
  8
APS_GEOMETRY
 10
231.865251
 20
-647.280936
 40
7.609774
 50
11.804813
 51
25.419288
  0
ARC
  8
APS_GEOMETRY
 10
235.568786
 20
-645.599294
 40
3.543656
 50
26.565051
 51
38.157227
  0
ARC
  8
APS_GEOMETRY
 10
237.213268
 20
-644.307201
 40
1.452288
 50
38.157227
 51
56.309932
  0
ARC
  8
APS_GEOMETRY
 10
236.865546
 20
-644.828783
 40
2.079151
 50
56.309932
 51
69.193209
  0
ARC
  8
APS_GEOMETRY
 10
231.985685
 20
-657.670524
 40
15.816813
 50
69.193209
 51
73.855661
  0
ARC
  8
APS_GEOMETRY
 10
237.133446
 20
-639.96353
 40
2.623355
 50
216.869898
 51
253.393019
  0
ARC
  8
APS_GEOMETRY
 10
237.095494
 20
-639.991994
 40
2.575915
 50
180.0
 51
216.869898
  0
ARC
  8
APS_GEOMETRY
 10
237.657402
 20
-639.991994
 40
3.137824
 50
161.565051
 51
180.0
  0
ARC
  8
APS_GEOMETRY
 10
237.543944
 20
-639.954174
 40
3.018228
 50
142.765166
 51
161.565051
  0
ARC
  8
APS_GEOMETRY
 10
237.471762
 20
-639.899316
 40
2.927566
 50
123.424811
 51
142.765166
  0
ARC
  8
APS_GEOMETRY
 10
237.537453
 20
-639.998847
 40
3.046821
 50
104.470294
 51
123.424811
  0
ARC
  8
APS_GEOMETRY
 10
238.117405
 20
-642.860915
 40
5.964992
 50
96.724353
 51
102.994617
  0
ARC
  8
APS_GEOMETRY
 10
239.918426
 20
-658.136247
 40
21.346131
 50
93.410945
 51
96.724353
  0
ARC
  8
APS_GEOMETRY
 10
240.718343
 20
-671.557075
 40
34.790777
 50
91.374835
 51
93.410945
  0
ARC
  8
APS_GEOMETRY
 10
241.714346
 20
-713.057202
 40
76.302854
 50
90.0
 51
91.374835
  0
LINE
  8
APS_GEOMETRY
 10
3.0
 11
592.0
 20
1055.0
 21
1055.0
  0
ARC
  8
APS_GEOMETRY
 10
592.0
 20
1052.0
 40
3.0
 50
0.0
 51
90.0
  0
LINE
  8
APS_GEOMETRY
 10
595.0
 11
595.0
 20
1052.0
 21
3.0
  0
ARC
  8
APS_GEOMETRY
 10
592.0
 20
3.0
 40
3.0
 50
270.0
 51
0.0
  0
LINE
  8
APS_GEOMETRY
 10
592.0
 11
3.0
 20
0.0
 21
0.0
  0
ARC
  8
APS_GEOMETRY
 10
3.0
 20
3.0
 40
3.0
 50
180.0
 51
270.0
  0
LINE
  8
APS_GEOMETRY
 10
0.0
 11
0.0
 20
3.0
 21
1052.0
  0
ARC
  8
APS_GEOMETRY
 10
3.0
 20
1052.0
 40
3.0
 50
90.0
 51
180.0
  0
LINE
  8
QUOTATURA
 10
0.0
 11
0.0
 20
-7.0
 21
-126.350002
  0
LINE
  8
QUOTATURA
 10
595.0
 11
595.0
 20
-7.0
 21
-126.350002
  0
LINE
  8
QUOTATURA
 10
0.0
 11
266.991503
 20
-116.350002
 21
-116.350002
  0
LINE
  8
QUOTATURA
 10
328.008497
 11
595.0
 20
-116.350002
 21
-116.350002
  0
LINE
  8
QUOTATURA
 10
20.0
 11
0.0
 20
-119.684002
 21
-116.350002
  0
LINE
  8
QUOTATURA
 10
0.0
 11
20.0
 20
-116.350002
 21
-113.016002
  0
LINE
  8
QUOTATURA
 10
20.0
 11
20.0
 20
-113.016002
 21
-119.684002
  0
LINE
  8
QUOTATURA
 10
575.0
 11
595.0
 20
-113.016002
 21
-116.350002
  0
LINE
  8
QUOTATURA
 10
595.0
 11
575.0
 20
-116.350002
 21
-119.684002
  0
LINE
  8
QUOTATURA
 10
575.0
 11
575.0
 20
-119.684002
 21
-113.016002
  0
LINE
  8
QUOTATURA
 10
-7.0
 11
-137.461628
 20
0.0
 21
0.0
  0
LINE
  8
QUOTATURA
 10
-7.0
 11
-137.461628
 20
1055.0
 21
1055.0
  0
LINE
  8
QUOTATURA
 10
-127.461628
 11
-127.461628
 20
0.0
 21
512.256059
  0
LINE
  8
QUOTATURA
 10
-127.461628
 11
-127.461628
 20
542.50756
 21
1055.0
  0
LINE
  8
QUOTATURA
 10
-124.127628
 11
-127.461628
 20
20.0
 21
0.0
  0
LINE
  8
QUOTATURA
 10
-127.461628
 11
-130.795628
 20
0.0
 21
20.0
  0
LINE
  8
QUOTATURA
 10
-130.795628
 11
-124.127628
 20
20.0
 21
20.0
  0
LINE
  8
QUOTATURA
 10
-130.795628
 11
-127.461628
 20
1035.0
 21
1055.0
  0
LINE
  8
QUOTATURA
 10
-127.461628
 11
-124.127628
 20
1055.0
 21
1035.0
  0
LINE
  8
QUOTATURA
 10
-124.127628
 11
-130.795628
 20
1035.0
 21
1035.0
  0
LINE
  8
QUOTATURA
 10
3.0
 11
3.0
 20
-0.334
 21
6.334
  0
LINE
  8
QUOTATURA
 10
-0.334
 11
6.334
 20
3.0
 21
3.0
  0
LINE
  8
QUOTATURA
 10
3.0
 11
-64.618405
 20
3.0
 21
-74.456517
  0
LINE
  8
QUOTATURA
 10
-64.618405
 11
-97.787563
 20
-74.456517
 21
-74.456517
  0
LINE
  8
QUOTATURA
 10
-14.637423
 11
1.027066
 20
-12.133965
 21
0.740015
  0
LINE
  8
QUOTATURA
 10
1.027066
 11
-9.614229
 20
0.740015
 21
-16.519139
  0
LINE
  8
QUOTATURA
 10
-9.614229
 11
-14.637423
 20
-16.519139
 21
-12.133965
  0
TEXT
  8
TEXT
 10
-657.042347
 20
-608.164072
 30
0.0
 40
20.0
 50
0.0
  1
Ufficio tecnico:
  0
TEXT
  8
TEXT
 10
-163.693865
 20
-732.505792
 30
0.0
 40
25.0
 50
0.0
  1
tel. 0577-68.54.26 - fax 0577-68.64.29
  0
TEXT
  8
TEXT
 10
-163.693865
 20
-770.005792
 30
0.0
 40
25.0
 50
0.0
  1
e-mail: tecnico@toscocornici.it - web: www.tosococornici.it
  0
TEXT
  8
TEXT
 10
447.395571
 20
-761.698036
 30
0.0
 40
40.0
 50
0.0
  1
B.Ste
  0
TEXT
  8
TEXT
 10
595.815151
 20
-761.698036
 30
0.0
 40
40.0
 50
0.0
  1
f
  0
TEXT
  8
TEXT
 10
626.500466
 20
-761.698036
 30
0.0
 40
40.0
 50
0.0
  1
ano
  0
TEXT
  8
TEXT
 10
343.175971
 20
-605.201563
 30
0.0
 40
20.0
 50
0.0
  1
documento:
  0
TEXT
  8
TEXT
 10
586.831825
 20
-658.323105
 30
0.0
 40
15.0
 50
0.0
  1
BELCORE_PORTALAPORTA_PLEXIGLASS
  0
TEXT
  8
TEXT
 10
844.377439
 20
-605.115834
 30
0.0
 40
20.0
 50
0.0
  1
data:
  0
TEXT
  8
TEXT
 10
1093.476377
 20
-656.607536
 30
0.0
 40
30.0
 50
0.0
  1
6/10/2011
  0
TEXT
  8
TEXT
 10
1102.229972
 20
-757.316586
 30
0.0
 40
30.0
 50
0.0
  1
1 : 10
  0
TEXT
  8
TEXT
 10
341.362676
 20
-703.426
 30
0.0
 40
20.0
 50
0.0
  1
responsabile tecnico:
  0
TEXT
  8
TEXT
 10
842.958201
 20
-703.716102
 30
0.0
 40
20.0
 50
0.0
  1
scala:
  0
TEXT
  8
QUOTATURA
 10
271.922502
 20
-126.350002
 30
0.0
 40
20.0
 50
0.0
  1
595
  0
TEXT
  8
QUOTATURA
 10
-159.203526
 20
517.5
 30
0.0
 40
20.0
 50
0.0
  1
1055
  0
TEXT
  8
QUOTATURA
 10
-136.369182
 20
-84.456517
 30
0.0
 40
20.0
 50
0.0
  1
R3
  0
TEXT
  8
TEXT
 10
99.783862
 20
497.098305
 30
0.0
 40
20.0
 50
0.0
  1
PLEXIGLASS SPESSORE 2
  0
ENDSEC
  0
EOF
