  0
SECTION
  2
ENTITIES
  0
LINE
  8
COSTRUZIONI
 10
863.725
 11
907.655
 20
-974.567
 21
-974.567
  0
LINE
  8
COSTRUZIONI
 10
922.655
 11
922.655
 20
-966.567
 21
-937.567
  0
LINE
  8
COSTRUZIONI
 10
907.655
 11
851.574
 20
-929.567
 21
-929.567
  0
LINE
  8
COSTRUZIONI
 10
922.655
 11
912.655
 20
-937.567
 21
-937.567
  0
LINE
  8
COSTRUZIONI
 10
912.655
 11
912.655
 20
-937.567
 21
-934.567
  0
LINE
  8
COSTRUZIONI
 10
912.655
 11
907.655
 20
-934.567
 21
-934.567
  0
LINE
  8
COSTRUZIONI
 10
907.655
 11
907.655
 20
-934.567
 21
-929.567
  0
LINE
  8
COSTRUZIONI
 10
922.655
 11
912.655
 20
-966.567
 21
-966.567
  0
LINE
  8
COSTRUZIONI
 10
912.655
 11
912.655
 20
-966.567
 21
-969.567
  0
LINE
  8
COSTRUZIONI
 10
912.655
 11
907.655
 20
-969.567
 21
-969.567
  0
LINE
  8
COSTRUZIONI
 10
907.655
 11
907.655
 20
-969.567
 21
-974.567
  0
LINE
  8
COSTRUZIONI
 10
922.655
 11
924.655
 20
-943.567
 21
-943.567
  0
LINE
  8
COSTRUZIONI
 10
924.655
 11
924.655
 20
-943.567
 21
-960.567
  0
LINE
  8
COSTRUZIONI
 10
924.655
 11
922.655
 20
-960.567
 21
-960.567
  0
LINE
  8
COSTRUZIONI
 10
922.655
 11
991.699
 20
-937.567
 21
-937.567
  0
LINE
  8
COSTRUZIONI
 10
914.655
 11
914.655
 20
-937.567
 21
-934.567
  0
LINE
  8
COSTRUZIONI
 10
914.655
 11
990.114
 20
-934.567
 21
-934.567
  0
LINE
  8
COSTRUZIONI
 10
907.655
 11
987.474
 20
-929.567
 21
-929.567
  0
LINE
  8
COSTRUZIONI
 10
907.655
 11
990.114
 20
-934.567
 21
-934.567
  0
LINE
  8
QUOTATURA
 10
922.655
 11
922.655
 20
-938.567
 21
-942.177
  0
LINE
  8
QUOTATURA
 10
922.655
 11
919.485
 20
-941.177
 21
-941.177
  0
LINE
  8
QUOTATURA
 10
915.826
 11
912.655
 20
-941.177
 21
-941.177
  0
LINE
  8
QUOTATURA
 10
920.655
 11
922.655
 20
-940.844
 21
-941.177
  0
LINE
  8
QUOTATURA
 10
922.655
 11
920.655
 20
-941.177
 21
-941.511
  0
LINE
  8
QUOTATURA
 10
920.655
 11
920.655
 20
-941.511
 21
-940.844
  0
LINE
  8
QUOTATURA
 10
914.655
 11
912.655
 20
-941.511
 21
-941.177
  0
LINE
  8
QUOTATURA
 10
912.655
 11
914.655
 20
-941.177
 21
-940.844
  0
LINE
  8
QUOTATURA
 10
914.655
 11
914.655
 20
-940.844
 21
-941.511
  0
LINE
  8
QUOTATURA
 10
912.655
 11
912.655
 20
-938.567
 21
-944.899
  0
LINE
  8
QUOTATURA
 10
907.655
 11
907.655
 20
-935.567
 21
-944.899
  0
LINE
  8
QUOTATURA
 10
907.655
 11
902.656
 20
-943.899
 21
-943.899
  0
LINE
  8
QUOTATURA
 10
905.655
 11
907.655
 20
-943.565
 21
-943.899
  0
LINE
  8
QUOTATURA
 10
907.655
 11
905.655
 20
-943.899
 21
-944.232
  0
LINE
  8
QUOTATURA
 10
905.655
 11
905.655
 20
-944.232
 21
-943.565
  0
LINE
  8
QUOTATURA
 10
912.655
 11
916.655
 20
-943.899
 21
-943.899
  0
LINE
  8
QUOTATURA
 10
914.655
 11
912.655
 20
-944.232
 21
-943.899
  0
LINE
  8
QUOTATURA
 10
912.655
 11
914.655
 20
-943.899
 21
-943.565
  0
LINE
  8
QUOTATURA
 10
914.655
 11
914.655
 20
-943.565
 21
-944.232
  0
LINE
  8
QUOTATURA
 10
911.655
 11
891.361
 20
-937.567
 21
-937.567
  0
LINE
  8
QUOTATURA
 10
906.655
 11
891.361
 20
-929.567
 21
-929.567
  0
LINE
  8
QUOTATURA
 10
892.361
 11
892.361
 20
-929.567
 21
-943.596
  0
LINE
  8
QUOTATURA
 10
892.361
 11
888.444
 20
-943.596
 21
-943.596
  0
LINE
  8
QUOTATURA
 10
892.695
 11
892.361
 20
-935.567
 21
-937.567
  0
LINE
  8
QUOTATURA
 10
892.361
 11
892.028
 20
-937.567
 21
-935.567
  0
LINE
  8
QUOTATURA
 10
892.028
 11
892.695
 20
-935.567
 21
-935.567
  0
LINE
  8
QUOTATURA
 10
892.028
 11
892.361
 20
-931.567
 21
-929.567
  0
LINE
  8
QUOTATURA
 10
892.361
 11
892.695
 20
-929.567
 21
-931.567
  0
LINE
  8
QUOTATURA
 10
892.695
 11
892.028
 20
-931.567
 21
-931.567
  0
LINE
  8
QUOTATURA
 10
906.655
 11
894.788
 20
-934.567
 21
-934.567
  0
LINE
  8
QUOTATURA
 10
906.655
 11
894.788
 20
-929.567
 21
-929.567
  0
LINE
  8
QUOTATURA
 10
895.788
 11
895.788
 20
-934.567
 21
-939.777
  0
LINE
  8
QUOTATURA
 10
895.788
 11
895.788
 20
-941.278
 21
-941.278
  0
LINE
  8
QUOTATURA
 10
895.455
 11
895.788
 20
-936.567
 21
-934.567
  0
LINE
  8
QUOTATURA
 10
895.788
 11
896.122
 20
-934.567
 21
-936.567
  0
LINE
  8
QUOTATURA
 10
896.122
 11
895.455
 20
-936.567
 21
-936.567
  0
LINE
  8
QUOTATURA
 10
895.788
 11
895.788
 20
-929.567
 21
-925.567
  0
LINE
  8
QUOTATURA
 10
896.122
 11
895.788
 20
-927.567
 21
-929.567
  0
LINE
  8
QUOTATURA
 10
895.788
 11
895.455
 20
-929.567
 21
-927.567
  0
LINE
  8
QUOTATURA
 10
895.455
 11
896.122
 20
-927.567
 21
-927.567
  0
LINE
  8
QUOTATURA
 10
911.655
 11
909.203
 20
-934.567
 21
-934.567
  0
LINE
  8
QUOTATURA
 10
910.203
 11
910.203
 20
-937.567
 21
-945.618
  0
LINE
  8
QUOTATURA
 10
910.203
 11
910.203
 20
-947.124
 21
-947.124
  0
LINE
  8
QUOTATURA
 10
909.87
 11
910.203
 20
-939.567
 21
-937.567
  0
LINE
  8
QUOTATURA
 10
910.203
 11
910.536
 20
-937.567
 21
-939.567
  0
LINE
  8
QUOTATURA
 10
910.536
 11
909.87
 20
-939.567
 21
-939.567
  0
LINE
  8
QUOTATURA
 10
910.203
 11
910.203
 20
-934.567
 21
-930.567
  0
LINE
  8
QUOTATURA
 10
910.536
 11
910.203
 20
-932.567
 21
-934.567
  0
LINE
  8
QUOTATURA
 10
910.203
 11
909.87
 20
-934.567
 21
-932.567
  0
LINE
  8
QUOTATURA
 10
909.87
 11
910.536
 20
-932.567
 21
-932.567
  0
LINE
  8
QUOTATURA
 10
927.222
 11
925.222
 20
-952.397
 21
-952.064
  0
LINE
  8
QUOTATURA
 10
925.222
 11
927.222
 20
-952.064
 21
-951.73
  0
LINE
  8
QUOTATURA
 10
927.222
 11
927.222
 20
-951.73
 21
-952.397
  0
LINE
  8
QUOTATURA
 10
925.222
 11
932.278
 20
-952.064
 21
-952.064
  0
LINE
  8
APS_GEOMETRY
 10
907.655
 11
876.269
 20
-929.567
 21
-929.567
  0
LINE
  8
APS_GEOMETRY
 10
876.269
 11
876.269
 20
-929.567
 21
-932.313
  0
LINE
  8
APS_GEOMETRY
 10
876.269
 11
907.655
 20
-932.313
 21
-932.313
  0
LINE
  8
APS_GEOMETRY
 10
907.655
 11
907.655
 20
-932.313
 21
-929.567
  0
LINE
  8
APS_GEOMETRY
 10
906.241
 11
907.655
 20
-932.313
 21
-930.899
  0
LINE
  8
APS_GEOMETRY
 10
907.572
 11
904.827
 20
-929.567
 21
-932.313
  0
LINE
  8
APS_GEOMETRY
 10
903.412
 11
906.158
 20
-932.313
 21
-929.567
  0
LINE
  8
APS_GEOMETRY
 10
904.744
 11
901.998
 20
-929.567
 21
-932.313
  0
LINE
  8
APS_GEOMETRY
 10
900.584
 11
903.33
 20
-932.313
 21
-929.567
  0
LINE
  8
APS_GEOMETRY
 10
901.915
 11
899.17
 20
-929.567
 21
-932.313
  0
LINE
  8
APS_GEOMETRY
 10
897.756
 11
900.501
 20
-932.313
 21
-929.567
  0
LINE
  8
APS_GEOMETRY
 10
899.087
 11
896.341
 20
-929.567
 21
-932.313
  0
LINE
  8
APS_GEOMETRY
 10
894.927
 11
897.673
 20
-932.313
 21
-929.567
  0
LINE
  8
APS_GEOMETRY
 10
896.259
 11
893.513
 20
-929.567
 21
-932.313
  0
LINE
  8
APS_GEOMETRY
 10
892.099
 11
894.844
 20
-932.313
 21
-929.567
  0
LINE
  8
APS_GEOMETRY
 10
893.43
 11
890.685
 20
-929.567
 21
-932.313
  0
LINE
  8
APS_GEOMETRY
 10
889.27
 11
892.016
 20
-932.313
 21
-929.567
  0
LINE
  8
APS_GEOMETRY
 10
890.602
 11
887.856
 20
-929.567
 21
-932.313
  0
LINE
  8
APS_GEOMETRY
 10
886.442
 11
889.188
 20
-932.313
 21
-929.567
  0
LINE
  8
APS_GEOMETRY
 10
887.773
 11
885.028
 20
-929.567
 21
-932.313
  0
LINE
  8
APS_GEOMETRY
 10
883.613
 11
886.359
 20
-932.313
 21
-929.567
  0
LINE
  8
APS_GEOMETRY
 10
884.945
 11
882.199
 20
-929.567
 21
-932.313
  0
LINE
  8
APS_GEOMETRY
 10
880.785
 11
883.531
 20
-932.313
 21
-929.567
  0
LINE
  8
APS_GEOMETRY
 10
882.116
 11
879.371
 20
-929.567
 21
-932.313
  0
LINE
  8
APS_GEOMETRY
 10
877.957
 11
880.702
 20
-932.313
 21
-929.567
  0
LINE
  8
APS_GEOMETRY
 10
879.288
 11
876.542
 20
-929.567
 21
-932.313
  0
LINE
  8
APS_GEOMETRY
 10
876.269
 11
877.874
 20
-931.172
 21
-929.567
  0
LINE
  8
APS_GEOMETRY
 10
876.46
 11
876.269
 20
-929.567
 21
-929.758
  0
LINE
  8
QUOTATURA
 10
877.269
 11
886.601
 20
-932.313
 21
-932.313
  0
LINE
  8
QUOTATURA
 10
877.269
 11
886.601
 20
-929.567
 21
-929.567
  0
LINE
  8
QUOTATURA
 10
885.601
 11
885.601
 20
-932.313
 21
-938.078
  0
LINE
  8
QUOTATURA
 10
885.601
 11
876.263
 20
-938.078
 21
-938.078
  0
LINE
  8
QUOTATURA
 10
885.268
 11
885.601
 20
-934.313
 21
-932.313
  0
LINE
  8
QUOTATURA
 10
885.601
 11
885.934
 20
-932.313
 21
-934.313
  0
LINE
  8
QUOTATURA
 10
885.934
 11
885.268
 20
-934.313
 21
-934.313
  0
LINE
  8
QUOTATURA
 10
885.601
 11
885.601
 20
-929.567
 21
-925.567
  0
LINE
  8
QUOTATURA
 10
885.934
 11
885.601
 20
-927.567
 21
-929.567
  0
LINE
  8
QUOTATURA
 10
885.601
 11
885.268
 20
-929.567
 21
-927.567
  0
LINE
  8
QUOTATURA
 10
885.268
 11
885.934
 20
-927.567
 21
-927.567
  0
LINE
  8
QUOTATURA
 10
876.269
 11
876.269
 20
-928.567
 21
-917.467
  0
LINE
  8
QUOTATURA
 10
907.655
 11
907.655
 20
-928.567
 21
-917.467
  0
LINE
  8
QUOTATURA
 10
876.269
 11
881.569
 20
-918.467
 21
-918.467
  0
LINE
  8
QUOTATURA
 10
902.356
 11
907.655
 20
-918.467
 21
-918.467
  0
LINE
  8
QUOTATURA
 10
878.269
 11
876.269
 20
-918.8
 21
-918.467
  0
LINE
  8
QUOTATURA
 10
876.269
 11
878.269
 20
-918.467
 21
-918.133
  0
LINE
  8
QUOTATURA
 10
878.269
 11
878.269
 20
-918.133
 21
-918.8
  0
LINE
  8
QUOTATURA
 10
905.655
 11
907.655
 20
-918.133
 21
-918.467
  0
LINE
  8
QUOTATURA
 10
907.655
 11
905.655
 20
-918.467
 21
-918.8
  0
LINE
  8
QUOTATURA
 10
905.655
 11
905.655
 20
-918.8
 21
-918.133
  0
LINE
  8
QUOTATURA
 10
890.472
 11
890.275
 20
-928.845
 21
-930.863
  0
LINE
  8
QUOTATURA
 10
890.275
 11
889.807
 20
-930.863
 21
-928.89
  0
LINE
  8
QUOTATURA
 10
889.807
 11
890.472
 20
-928.89
 21
-928.845
  0
LINE
  8
QUOTATURA
 10
890.275
 11
889.259
 20
-930.863
 21
-915.926
  0
LINE
  8
QUOTATURA
 10
885.921
 11
886.702
 20
-947.915
 21
-946.043
  0
LINE
  8
QUOTATURA
 10
886.702
 11
886.57
 20
-946.043
 21
-948.067
  0
LINE
  8
QUOTATURA
 10
886.57
 11
885.921
 20
-948.067
 21
-947.915
  0
LINE
  8
QUOTATURA
 10
886.702
 11
885.1
 20
-946.043
 21
-952.886
  0
CIRCLE
  8
COSTRUZIONI
 10
887.138
 20
-943.714
 40
2.0
  0
LINE
  8
COSTRUZIONI
 10
846.584
 11
859.425
 20
-917.962
 21
-947.824
  0
LINE
  8
COSTRUZIONI
 10
859.425
 11
847.779
 20
-947.824
 21
-945.734
  0
LINE
  8
COSTRUZIONI
 10
847.779
 11
869.578
 20
-945.734
 21
-985.151
  0
LINE
  8
COSTRUZIONI
 10
979.768
 11
993.803
 20
-914.976
 21
-941.553
  0
LINE
  8
COSTRUZIONI
 10
993.803
 11
983.352
 20
-941.553
 21
-944.539
  0
LINE
  8
COSTRUZIONI
 10
983.352
 11
998.283
 20
-944.539
 21
-969.922
  0
LINE
  8
QUOTATURA
 10
923.655
 11
949.565
 20
-966.567
 21
-966.567
  0
LINE
  8
QUOTATURA
 10
923.655
 11
949.565
 20
-937.567
 21
-937.567
  0
LINE
  8
QUOTATURA
 10
948.565
 11
948.565
 20
-966.567
 21
-953.592
  0
LINE
  8
QUOTATURA
 10
948.565
 11
948.565
 20
-950.561
 21
-937.567
  0
LINE
  8
QUOTATURA
 10
948.898
 11
948.565
 20
-964.567
 21
-966.567
  0
LINE
  8
QUOTATURA
 10
948.565
 11
948.232
 20
-966.567
 21
-964.567
  0
LINE
  8
QUOTATURA
 10
948.232
 11
948.898
 20
-964.567
 21
-964.567
  0
LINE
  8
QUOTATURA
 10
948.232
 11
948.565
 20
-939.567
 21
-937.567
  0
LINE
  8
QUOTATURA
 10
948.565
 11
948.898
 20
-937.567
 21
-939.567
  0
LINE
  8
QUOTATURA
 10
948.898
 11
948.232
 20
-939.567
 21
-939.567
  0
LINE
  8
COSTRUZIONI
 10
863.725
 11
907.655
 20
-1060.166
 21
-1060.166
  0
LINE
  8
COSTRUZIONI
 10
922.655
 11
922.655
 20
-1052.166
 21
-1023.166
  0
LINE
  8
COSTRUZIONI
 10
907.655
 11
851.574
 20
-1015.166
 21
-1015.166
  0
LINE
  8
COSTRUZIONI
 10
922.655
 11
912.655
 20
-1023.166
 21
-1023.166
  0
LINE
  8
COSTRUZIONI
 10
912.655
 11
912.655
 20
-1023.166
 21
-1020.166
  0
LINE
  8
COSTRUZIONI
 10
912.655
 11
907.655
 20
-1020.166
 21
-1020.166
  0
LINE
  8
COSTRUZIONI
 10
907.655
 11
907.655
 20
-1020.166
 21
-1015.166
  0
LINE
  8
COSTRUZIONI
 10
922.655
 11
912.655
 20
-1052.166
 21
-1052.166
  0
LINE
  8
COSTRUZIONI
 10
912.655
 11
912.655
 20
-1052.166
 21
-1055.166
  0
LINE
  8
COSTRUZIONI
 10
912.655
 11
907.655
 20
-1055.166
 21
-1055.166
  0
LINE
  8
COSTRUZIONI
 10
907.655
 11
907.655
 20
-1055.166
 21
-1060.166
  0
LINE
  8
APS_GEOMETRY
 10
907.655
 11
876.269
 20
-1015.166
 21
-1015.166
  0
LINE
  8
APS_GEOMETRY
 10
876.269
 11
876.269
 20
-1015.166
 21
-1017.912
  0
LINE
  8
APS_GEOMETRY
 10
876.269
 11
907.655
 20
-1017.912
 21
-1017.912
  0
LINE
  8
APS_GEOMETRY
 10
907.655
 11
907.655
 20
-1017.912
 21
-1015.166
  0
LINE
  8
APS_GEOMETRY
 10
906.241
 11
907.655
 20
-1017.912
 21
-1016.497
  0
LINE
  8
APS_GEOMETRY
 10
907.572
 11
904.827
 20
-1015.166
 21
-1017.912
  0
LINE
  8
APS_GEOMETRY
 10
903.412
 11
906.158
 20
-1017.912
 21
-1015.166
  0
LINE
  8
APS_GEOMETRY
 10
904.744
 11
901.998
 20
-1015.166
 21
-1017.912
  0
LINE
  8
APS_GEOMETRY
 10
900.584
 11
903.33
 20
-1017.912
 21
-1015.166
  0
LINE
  8
APS_GEOMETRY
 10
901.915
 11
899.17
 20
-1015.166
 21
-1017.912
  0
LINE
  8
APS_GEOMETRY
 10
897.756
 11
900.501
 20
-1017.912
 21
-1015.166
  0
LINE
  8
APS_GEOMETRY
 10
899.087
 11
896.341
 20
-1015.166
 21
-1017.912
  0
LINE
  8
APS_GEOMETRY
 10
894.927
 11
897.673
 20
-1017.912
 21
-1015.166
  0
LINE
  8
APS_GEOMETRY
 10
896.259
 11
893.513
 20
-1015.166
 21
-1017.912
  0
LINE
  8
APS_GEOMETRY
 10
892.099
 11
894.844
 20
-1017.912
 21
-1015.166
  0
LINE
  8
APS_GEOMETRY
 10
893.43
 11
890.685
 20
-1015.166
 21
-1017.912
  0
LINE
  8
APS_GEOMETRY
 10
889.27
 11
892.016
 20
-1017.912
 21
-1015.166
  0
LINE
  8
APS_GEOMETRY
 10
890.602
 11
887.856
 20
-1015.166
 21
-1017.912
  0
LINE
  8
APS_GEOMETRY
 10
886.442
 11
889.188
 20
-1017.912
 21
-1015.166
  0
LINE
  8
APS_GEOMETRY
 10
887.773
 11
885.028
 20
-1015.166
 21
-1017.912
  0
LINE
  8
APS_GEOMETRY
 10
883.613
 11
886.359
 20
-1017.912
 21
-1015.166
  0
LINE
  8
APS_GEOMETRY
 10
884.945
 11
882.199
 20
-1015.166
 21
-1017.912
  0
LINE
  8
APS_GEOMETRY
 10
880.785
 11
883.531
 20
-1017.912
 21
-1015.166
  0
LINE
  8
APS_GEOMETRY
 10
882.116
 11
879.371
 20
-1015.166
 21
-1017.912
  0
LINE
  8
APS_GEOMETRY
 10
877.957
 11
880.702
 20
-1017.912
 21
-1015.166
  0
LINE
  8
APS_GEOMETRY
 10
879.288
 11
876.542
 20
-1015.166
 21
-1017.912
  0
LINE
  8
APS_GEOMETRY
 10
876.269
 11
877.874
 20
-1016.77
 21
-1015.166
  0
LINE
  8
APS_GEOMETRY
 10
876.46
 11
876.269
 20
-1015.166
 21
-1015.356
  0
LINE
  8
COSTRUZIONI
 10
846.584
 11
859.425
 20
-1003.56
 21
-1033.422
  0
LINE
  8
COSTRUZIONI
 10
859.425
 11
847.779
 20
-1033.422
 21
-1031.332
  0
LINE
  8
COSTRUZIONI
 10
847.779
 11
869.578
 20
-1031.332
 21
-1070.75
  0
LINE
  8
COSTRUZIONI
 10
907.655
 11
924.655
 20
-1015.166
 21
-1015.166
  0
ARC
  8
COSTRUZIONI
 10
924.655
 20
-1018.166
 40
3.0
 50
360.0
 51
90.0
  0
LINE
  8
COSTRUZIONI
 10
927.655
 11
927.655
 20
-1018.166
 21
-1037.666
  0
LINE
  8
COSTRUZIONI
 10
927.655
 11
922.655
 20
-1037.666
 21
-1037.666
  0
LINE
  8
COSTRUZIONI
 10
922.655
 11
927.655
 20
-1037.666
 21
-1037.666
  0
LINE
  8
COSTRUZIONI
 10
927.655
 11
927.655
 20
-1037.666
 21
-1057.166
  0
ARC
  8
COSTRUZIONI
 10
924.655
 20
-1057.166
 40
3.0
 50
270.0
 51
360.0
  0
LINE
  8
COSTRUZIONI
 10
924.655
 11
907.655
 20
-1060.166
 21
-1060.166
  0
LINE
  8
QUOTATURA
 10
922.655
 11
922.655
 20
-1024.166
 21
-1034.31
  0
LINE
  8
QUOTATURA
 10
927.655
 11
927.655
 20
-1036.666
 21
-1032.31
  0
LINE
  8
QUOTATURA
 10
927.655
 11
936.346
 20
-1033.31
 21
-1033.31
  0
LINE
  8
QUOTATURA
 10
929.655
 11
927.655
 20
-1033.643
 21
-1033.31
  0
LINE
  8
QUOTATURA
 10
927.655
 11
929.655
 20
-1033.31
 21
-1032.976
  0
LINE
  8
QUOTATURA
 10
929.655
 11
929.655
 20
-1032.976
 21
-1033.643
  0
LINE
  8
QUOTATURA
 10
922.655
 11
918.655
 20
-1033.31
 21
-1033.31
  0
LINE
  8
QUOTATURA
 10
920.655
 11
922.655
 20
-1032.976
 21
-1033.31
  0
LINE
  8
QUOTATURA
 10
922.655
 11
920.655
 20
-1033.31
 21
-1033.643
  0
LINE
  8
QUOTATURA
 10
920.655
 11
920.655
 20
-1033.643
 21
-1032.976
  0
LINE
  8
APS_GEOMETRY
 10
823.025
 11
824.749
 20
-1101.632
 21
-1101.632
  0
ARC
  8
APS_GEOMETRY
 10
824.661
 20
-1099.162
 40
2.471
 50
272.021
 51
278.44
  0
ARC
  8
APS_GEOMETRY
 10
824.759
 20
-1099.818
 40
1.808
 50
278.44
 51
285.945
  0
ARC
  8
APS_GEOMETRY
 10
825.49
 20
-1102.437
 40
0.912
 50
98.584
 51
104.931
  0
ARC
  8
APS_GEOMETRY
 10
825.429
 20
-1102.029
 40
0.499
 50
90.0
 51
98.584
  0
ARC
  8
APS_GEOMETRY
 10
825.429
 20
-1101.905
 40
0.375
 50
52.871
 51
90.0
  0
ARC
  8
APS_GEOMETRY
 10
824.92
 20
-1102.578
 40
1.218
 50
32.518
 51
52.871
  0
ARC
  8
APS_GEOMETRY
 10
824.517
 20
-1102.835
 40
1.696
 50
17.209
 51
32.518
  0
ARC
  8
APS_GEOMETRY
 10
824.853
 20
-1102.73
 40
1.345
 50
360.0
 51
17.209
  0
ARC
  8
APS_GEOMETRY
 10
825.526
 20
-1102.73
 40
0.672
 50
337.348
 51
360.0
  0
ARC
  8
APS_GEOMETRY
 10
825.796
 20
-1102.843
 40
0.379
 50
307.042
 51
337.348
  0
ARC
  8
APS_GEOMETRY
 10
825.749
 20
-1102.779
 40
0.459
 50
287.186
 51
306.87
  0
ARC
  8
APS_GEOMETRY
 10
825.707
 20
-1102.643
 40
0.601
 50
270.0
 51
287.186
  0
ARC
  8
APS_GEOMETRY
 10
825.707
 20
-1102.705
 40
0.539
 50
252.221
 51
270.0
  0
ARC
  8
APS_GEOMETRY
 10
825.682
 20
-1102.783
 40
0.457
 50
232.896
 51
252.221
  0
ARC
  8
APS_GEOMETRY
 10
825.779
 20
-1102.655
 40
0.618
 50
218.3
 51
232.896
  0
ARC
  8
APS_GEOMETRY
 10
826.537
 20
-1102.056
 40
1.584
 50
209.197
 51
218.3
  0
ARC
  8
APS_GEOMETRY
 10
822.681
 20
-1104.145
 40
2.801
 50
28.025
 51
32.699
  0
ARC
  8
APS_GEOMETRY
 10
824.697
 20
-1102.851
 40
0.406
 50
32.699
 51
45.0
  0
ARC
  8
APS_GEOMETRY
 10
824.834
 20
-1102.713
 40
0.212
 50
45.0
 51
67.557
  0
ARC
  8
APS_GEOMETRY
 10
824.834
 20
-1102.715
 40
0.214
 50
67.557
 51
90.0
  0
ARC
  8
APS_GEOMETRY
 10
824.834
 20
-1102.698
 40
0.197
 50
90.0
 51
120.801
  0
ARC
  8
APS_GEOMETRY
 10
824.827
 20
-1102.687
 40
0.184
 50
120.801
 51
152.7
  0
ARC
  8
APS_GEOMETRY
 10
824.973
 20
-1102.763
 40
0.348
 50
152.7
 51
171.085
  0
ARC
  8
APS_GEOMETRY
 10
826.082
 20
-1102.936
 40
1.471
 50
171.085
 51
180.0
  0
LINE
  8
APS_GEOMETRY
 10
824.611
 11
824.611
 20
-1102.936
 21
-1104.768
  0
ARC
  8
APS_GEOMETRY
 10
826.554
 20
-1104.768
 40
1.943
 50
180.0
 51
188.194
  0
ARC
  8
APS_GEOMETRY
 10
825.103
 20
-1104.977
 40
0.477
 50
188.194
 51
204.775
  0
ARC
  8
APS_GEOMETRY
 10
824.962
 20
-1105.042
 40
0.322
 50
204.775
 51
228.576
  0
ARC
  8
APS_GEOMETRY
 10
825.094
 20
-1104.892
 40
0.522
 50
228.576
 51
247.218
  0
ARC
  8
APS_GEOMETRY
 10
824.328
 20
-1106.699
 40
1.442
 50
59.381
 51
66.93
  0
ARC
  8
APS_GEOMETRY
 10
824.894
 20
-1105.743
 40
0.33
 50
43.568
 51
59.381
  0
ARC
  8
APS_GEOMETRY
 10
824.984
 20
-1105.656
 40
0.205
 50
19.041
 51
43.568
  0
ARC
  8
APS_GEOMETRY
 10
824.858
 20
-1105.7
 40
0.338
 50
360.0
 51
19.041
  0
ARC
  8
APS_GEOMETRY
 10
824.922
 20
-1105.7
 40
0.275
 50
317.66
 51
360.0
  0
ARC
  8
APS_GEOMETRY
 10
824.67
 20
-1105.47
 40
0.616
 50
289.747
 51
317.66
  0
ARC
  8
APS_GEOMETRY
 10
824.458
 20
-1104.882
 40
1.241
 50
281.964
 51
289.747
  0
ARC
  8
APS_GEOMETRY
 10
824.166
 20
-1103.5
 40
2.653
 50
276.643
 51
281.964
  0
ARC
  8
APS_GEOMETRY
 10
824.042
 20
-1102.443
 40
3.718
 50
272.836
 51
276.643
  0
ARC
  8
APS_GEOMETRY
 10
823.895
 20
-1099.465
 40
6.699
 50
270.0
 51
272.836
  0
ARC
  8
APS_GEOMETRY
 10
823.895
 20
-1097.62
 40
8.544
 50
267.283
 51
270.0
  0
ARC
  8
APS_GEOMETRY
 10
823.716
 20
-1101.401
 40
4.759
 50
263.643
 51
267.283
  0
ARC
  8
APS_GEOMETRY
 10
823.565
 20
-1102.749
 40
3.403
 50
258.563
 51
263.643
  0
ARC
  8
APS_GEOMETRY
 10
823.206
 20
-1104.523
 40
1.593
 50
251.136
 51
258.563
  0
ARC
  8
APS_GEOMETRY
 10
822.886
 20
-1105.452
 40
0.61
 50
222.558
 51
251.395
  0
ARC
  8
APS_GEOMETRY
 10
822.648
 20
-1105.67
 40
0.287
 50
180.0
 51
222.558
  0
ARC
  8
APS_GEOMETRY
 10
822.6
 20
-1105.67
 40
0.239
 50
150.642
 51
180.0
  0
ARC
  8
APS_GEOMETRY
 10
822.619
 20
-1105.681
 40
0.261
 50
122.574
 51
150.642
  0
ARC
  8
APS_GEOMETRY
 10
822.569
 20
-1105.623
 40
0.185
 50
108.677
 51
119.055
  0
ARC
  8
APS_GEOMETRY
 10
824.88
 20
-1112.461
 40
7.404
 50
107.038
 51
108.677
  0
ARC
  8
APS_GEOMETRY
 10
822.625
 20
-1105.085
 40
0.31
 50
286.144
 51
308.66
  0
ARC
  8
APS_GEOMETRY
 10
822.676
 20
-1105.148
 40
0.229
 50
308.66
 51
334.933
  0
ARC
  8
APS_GEOMETRY
 10
822.469
 20
-1105.052
 40
0.457
 50
334.933
 51
348.829
  0
ARC
  8
APS_GEOMETRY
 10
819.887
 20
-1104.542
 40
3.089
 50
348.829
 51
354.161
  0
ARC
  8
APS_GEOMETRY
 10
818.141
 20
-1104.362
 40
4.844
 50
354.144
 51
355.66
  0
ARC
  8
APS_GEOMETRY
 10
810.403
 20
-1103.775
 40
12.604
 50
355.66
 51
356.6
  0
ARC
  8
APS_GEOMETRY
 10
804.488
 20
-1103.423
 40
18.529
 50
356.6
 51
357.24
  0
ARC
  8
APS_GEOMETRY
 10
787.706
 20
-1102.614
 40
35.331
 50
357.24
 51
357.703
  0
ARC
  8
APS_GEOMETRY
 10
789.358
 20
-1102.681
 40
33.678
 50
357.703
 51
358.674
  0
ARC
  8
APS_GEOMETRY
 10
804.941
 20
-1103.041
 40
18.09
 50
358.674
 51
0.0
  0
ARC
  8
APS_GEOMETRY
 10
820.351
 20
-1103.041
 40
2.681
 50
360.0
 51
6.242
  0
ARC
  8
APS_GEOMETRY
 10
822.482
 20
-1102.808
 40
0.536
 50
6.242
 51
20.225
  0
ARC
  8
APS_GEOMETRY
 10
822.778
 20
-1102.699
 40
0.221
 50
20.225
 51
50.44
  0
ARC
  8
APS_GEOMETRY
 10
822.835
 20
-1102.63
 40
0.131
 50
50.44
 51
90.0
  0
ARC
  8
APS_GEOMETRY
 10
822.835
 20
-1102.674
 40
0.176
 50
90.0
 51
126.747
  0
ARC
  8
APS_GEOMETRY
 10
823.084
 20
-1103.008
 40
0.592
 50
126.747
 51
146.547
  0
ARC
  8
APS_GEOMETRY
 10
818.686
 20
-1100.117
 40
4.671
 50
324.255
 51
326.701
  0
ARC
  8
APS_GEOMETRY
 10
820.548
 20
-1101.457
 40
2.377
 50
320.826
 51
324.255
  0
ARC
  8
APS_GEOMETRY
 10
821.157
 20
-1101.953
 40
1.592
 50
315.722
 51
320.826
  0
ARC
  8
APS_GEOMETRY
 10
821.856
 20
-1102.635
 40
0.615
 50
307.504
 51
315.722
  0
ARC
  8
APS_GEOMETRY
 10
821.791
 20
-1102.549
 40
0.723
 50
291.306
 51
307.405
  0
ARC
  8
APS_GEOMETRY
 10
821.903
 20
-1102.836
 40
0.415
 50
270.0
 51
291.306
  0
ARC
  8
APS_GEOMETRY
 10
821.903
 20
-1102.863
 40
0.388
 50
245.532
 51
270.0
  0
ARC
  8
APS_GEOMETRY
 10
821.9
 20
-1102.869
 40
0.381
 50
220.833
 51
245.532
  0
ARC
  8
APS_GEOMETRY
 10
821.94
 20
-1102.835
 40
0.433
 50
198.684
 51
220.833
  0
ARC
  8
APS_GEOMETRY
 10
822.104
 20
-1102.779
 40
0.606
 50
180.0
 51
198.684
  0
ARC
  8
APS_GEOMETRY
 10
822.489
 20
-1102.779
 40
0.991
 50
168.408
 51
180.0
  0
ARC
  8
APS_GEOMETRY
 10
823.124
 20
-1102.91
 40
1.639
 50
159.402
 51
168.408
  0
ARC
  8
APS_GEOMETRY
 10
823.32
 20
-1102.984
 40
1.849
 50
151.39
 51
159.402
  0
ARC
  8
APS_GEOMETRY
 10
823.28
 20
-1102.962
 40
1.803
 50
143.276
 51
151.39
  0
ARC
  8
APS_GEOMETRY
 10
822.775
 20
-1102.584
 40
1.173
 50
124.216
 51
143.31
  0
ARC
  8
APS_GEOMETRY
 10
822.325
 20
-1101.923
 40
0.373
 50
90.0
 51
124.216
  0
ARC
  8
APS_GEOMETRY
 10
822.325
 20
-1102.088
 40
0.538
 50
82.725
 51
90.0
  0
ARC
  8
APS_GEOMETRY
 10
822.283
 20
-1102.418
 40
0.871
 50
77.005
 51
82.725
  0
ARC
  8
APS_GEOMETRY
 10
823.568
 20
-1096.223
 40
5.456
 50
258.486
 51
260.378
  0
ARC
  8
APS_GEOMETRY
 10
823.018
 20
-1099.47
 40
2.163
 50
260.378
 51
263.382
  0
ARC
  8
APS_GEOMETRY
 10
822.97
 20
-1099.875
 40
1.755
 50
263.382
 51
267.084
  0
ARC
  8
APS_GEOMETRY
 10
823.025
 20
-1098.804
 40
2.827
 50
267.084
 51
270.0
  0
ARC
  8
APS_GEOMETRY
 10
828.998
 20
-1104.118
 40
2.578
 50
71.91
 51
90.0
  0
ARC
  8
APS_GEOMETRY
 10
829.098
 20
-1103.813
 40
2.257
 50
52.561
 51
71.91
  0
ARC
  8
APS_GEOMETRY
 10
829.071
 20
-1103.82
 40
2.279
 50
38.846
 51
52.156
  0
ARC
  8
APS_GEOMETRY
 10
828.714
 20
-1104.108
 40
2.737
 50
26.707
 51
38.846
  0
ARC
  8
APS_GEOMETRY
 10
828.785
 20
-1104.05
 40
2.648
 50
13.868
 51
26.278
  0
ARC
  8
APS_GEOMETRY
 10
829.295
 20
-1103.924
 40
2.123
 50
360.0
 51
13.868
  0
ARC
  8
APS_GEOMETRY
 10
829.328
 20
-1103.924
 40
2.09
 50
339.712
 51
360.0
  0
ARC
  8
APS_GEOMETRY
 10
829.21
 20
-1103.881
 40
2.215
 50
320.013
 51
339.712
  0
ARC
  8
APS_GEOMETRY
 10
829.191
 20
-1103.87
 40
2.237
 50
303.344
 51
320.123
  0
ARC
  8
APS_GEOMETRY
 10
828.961
 20
-1103.521
 40
2.655
 50
287.949
 51
303.344
  0
ARC
  8
APS_GEOMETRY
 10
828.886
 20
-1103.259
 40
2.927
 50
279.039
 51
287.776
  0
ARC
  8
APS_GEOMETRY
 10
828.916
 20
-1103.449
 40
2.735
 50
270.0
 51
279.039
  0
ARC
  8
APS_GEOMETRY
 10
828.916
 20
-1103.583
 40
2.601
 50
257.728
 51
270.0
  0
ARC
  8
APS_GEOMETRY
 10
828.92
 20
-1103.564
 40
2.62
 50
245.501
 51
257.728
  0
ARC
  8
APS_GEOMETRY
 10
828.773
 20
-1103.886
 40
2.266
 50
228.665
 51
245.511
  0
ARC
  8
APS_GEOMETRY
 10
828.724
 20
-1103.942
 40
2.192
 50
211.535
 51
228.665
  0
ARC
  8
APS_GEOMETRY
 10
828.788
 20
-1103.895
 40
2.271
 50
195.642
 51
211.701
  0
ARC
  8
APS_GEOMETRY
 10
828.905
 20
-1103.862
 40
2.393
 50
180.0
 51
195.642
  0
ARC
  8
APS_GEOMETRY
 10
828.931
 20
-1103.862
 40
2.418
 50
162.181
 51
180.0
  0
ARC
  8
APS_GEOMETRY
 10
828.71
 20
-1103.791
 40
2.187
 50
143.434
 51
162.181
  0
ARC
  8
APS_GEOMETRY
 10
828.68
 20
-1103.767
 40
2.148
 50
126.384
 51
143.471
  0
ARC
  8
APS_GEOMETRY
 10
828.884
 20
-1104.043
 40
2.491
 50
110.525
 51
126.384
  0
ARC
  8
APS_GEOMETRY
 10
828.874
 20
-1103.968
 40
2.418
 50
99.77
 51
110.925
  0
ARC
  8
APS_GEOMETRY
 10
828.998
 20
-1104.69
 40
3.15
 50
90.0
 51
99.77
  0
ARC
  8
APS_GEOMETRY
 10
828.687
 20
-1102.959
 40
0.481
 50
90.0
 51
119.604
  0
ARC
  8
APS_GEOMETRY
 10
828.729
 20
-1103.033
 40
0.566
 50
119.604
 51
146.842
  0
ARC
  8
APS_GEOMETRY
 10
828.814
 20
-1103.103
 40
0.675
 50
145.84
 51
164.055
  0
ARC
  8
APS_GEOMETRY
 10
829.01
 20
-1103.159
 40
0.879
 50
164.055
 51
180.0
  0
ARC
  8
APS_GEOMETRY
 10
830.236
 20
-1103.159
 40
2.105
 50
180.0
 51
189.977
  0
ARC
  8
APS_GEOMETRY
 10
832.102
 20
-1102.831
 40
3.999
 50
189.977
 51
197.211
  0
ARC
  8
APS_GEOMETRY
 10
832.509
 20
-1102.704
 40
4.426
 50
197.211
 51
203.76
  0
ARC
  8
APS_GEOMETRY
 10
831.493
 20
-1103.152
 40
3.316
 50
203.76
 51
211.329
  0
ARC
  8
APS_GEOMETRY
 10
829.406
 20
-1104.404
 40
0.882
 50
212.32
 51
224.441
  0
ARC
  8
APS_GEOMETRY
 10
829.321
 20
-1104.488
 40
0.762
 50
224.441
 51
237.484
  0
ARC
  8
APS_GEOMETRY
 10
829.266
 20
-1104.575
 40
0.66
 50
237.484
 51
252.416
  0
ARC
  8
APS_GEOMETRY
 10
829.21
 20
-1104.749
 40
0.477
 50
252.416
 51
270.0
  0
ARC
  8
APS_GEOMETRY
 10
829.21
 20
-1104.693
 40
0.533
 50
270.0
 51
294.953
  0
ARC
  8
APS_GEOMETRY
 10
829.225
 20
-1104.725
 40
0.498
 50
294.953
 51
320.793
  0
ARC
  8
APS_GEOMETRY
 10
829.145
 20
-1104.659
 40
0.601
 50
320.793
 51
342.777
  0
ARC
  8
APS_GEOMETRY
 10
828.788
 20
-1104.549
 40
0.975
 50
342.777
 51
0.0
  0
ARC
  8
APS_GEOMETRY
 10
827.112
 20
-1104.549
 40
2.651
 50
0.0
 51
8.499
  0
ARC
  8
APS_GEOMETRY
 10
825.946
 20
-1104.723
 40
3.83
 50
8.499
 51
15.566
  0
ARC
  8
APS_GEOMETRY
 10
826.086
 20
-1104.684
 40
3.685
 50
15.566
 51
22.909
  0
ARC
  8
APS_GEOMETRY
 10
827.292
 20
-1104.174
 40
2.375
 50
22.909
 51
32.057
  0
ARC
  8
APS_GEOMETRY
 10
828.24
 20
-1103.577
 40
1.255
 50
31.921
 51
42.51
  0
ARC
  8
APS_GEOMETRY
 10
828.5
 20
-1103.339
 40
0.902
 50
42.51
 51
55.008
  0
ARC
  8
APS_GEOMETRY
 10
828.588
 20
-1103.213
 40
0.749
 50
55.008
 51
69.88
  0
ARC
  8
APS_GEOMETRY
 10
828.667
 20
-1102.998
 40
0.52
 50
69.88
 51
87.754
  0
ARC
  8
APS_GEOMETRY
 10
833.84
 20
-1103.138
 40
1.598
 50
83.923
 51
90.0
  0
ARC
  8
APS_GEOMETRY
 10
833.711
 20
-1104.346
 40
2.813
 50
79.342
 51
83.923
  0
ARC
  8
APS_GEOMETRY
 10
833.556
 20
-1105.17
 40
3.651
 50
75.808
 51
79.342
  0
ARC
  8
APS_GEOMETRY
 10
833.015
 20
-1107.309
 40
5.858
 50
73.018
 51
75.808
  0
ARC
  8
APS_GEOMETRY
 10
834.92
 20
-1101.06
 40
0.675
 50
253.288
 51
259.046
  0
ARC
  8
APS_GEOMETRY
 10
834.827
 20
-1101.539
 40
0.187
 50
259.046
 51
270.0
  0
ARC
  8
APS_GEOMETRY
 10
834.827
 20
-1101.615
 40
0.111
 50
270.0
 51
286.699
  0
ARC
  8
APS_GEOMETRY
 10
833.94
 20
-1098.658
 40
3.199
 50
286.699
 51
289.799
  0
ARC
  8
APS_GEOMETRY
 10
835.129
 20
-1101.949
 40
0.3
 50
100.008
 51
110.556
  0
ARC
  8
APS_GEOMETRY
 10
835.135
 20
-1101.981
 40
0.333
 50
90.0
 51
100.008
  0
ARC
  8
APS_GEOMETRY
 10
835.135
 20
-1101.966
 40
0.318
 50
53.356
 51
90.0
  0
ARC
  8
APS_GEOMETRY
 10
834.58
 20
-1102.712
 40
1.248
 50
35.101
 51
53.356
  0
ARC
  8
APS_GEOMETRY
 10
834.302
 20
-1102.907
 40
1.587
 50
20.245
 51
35.101
  0
ARC
  8
APS_GEOMETRY
 10
834.986
 20
-1102.655
 40
0.859
 50
360.0
 51
20.245
  0
ARC
  8
APS_GEOMETRY
 10
835.33
 20
-1102.655
 40
0.515
 50
340.481
 51
360.0
  0
ARC
  8
APS_GEOMETRY
 10
835.414
 20
-1102.685
 40
0.425
 50
318.972
 51
340.481
  0
ARC
  8
APS_GEOMETRY
 10
835.452
 20
-1102.718
 40
0.375
 50
295.017
 51
318.972
  0
ARC
  8
APS_GEOMETRY
 10
835.465
 20
-1102.746
 40
0.344
 50
270.0
 51
295.017
  0
ARC
  8
APS_GEOMETRY
 10
835.465
 20
-1102.562
 40
0.529
 50
256.171
 51
270.0
  0
ARC
  8
APS_GEOMETRY
 10
835.408
 20
-1102.796
 40
0.287
 50
237.381
 51
256.171
  0
ARC
  8
APS_GEOMETRY
 10
835.51
 20
-1102.636
 40
0.477
 50
231.559
 51
237.381
  0
ARC
  8
APS_GEOMETRY
 10
836.994
 20
-1100.766
 40
2.864
 50
229.185
 51
231.559
  0
ARC
  8
APS_GEOMETRY
 10
838.585
 20
-1098.924
 40
5.298
 50
227.9
 51
229.185
  0
ARC
  8
APS_GEOMETRY
 10
844.09
 20
-1092.832
 40
13.51
 50
227.095
 51
227.9
  0
ARC
  8
APS_GEOMETRY
 10
833.754
 20
-1103.948
 40
1.67
 50
46.975
 51
64.612
  0
ARC
  8
APS_GEOMETRY
 10
834.121
 20
-1103.174
 40
0.813
 50
64.612
 51
90.0
  0
ARC
  8
APS_GEOMETRY
 10
834.121
 20
-1102.946
 40
0.586
 50
90.0
 51
106.966
  0
ARC
  8
APS_GEOMETRY
 10
834.053
 20
-1102.724
 40
0.353
 50
106.966
 51
128.868
  0
ARC
  8
APS_GEOMETRY
 10
834.014
 20
-1102.675
 40
0.291
 50
128.868
 51
154.741
  0
ARC
  8
APS_GEOMETRY
 10
834.027
 20
-1102.681
 40
0.305
 50
154.741
 51
180.0
  0
ARC
  8
APS_GEOMETRY
 10
834.008
 20
-1102.681
 40
0.286
 50
180.0
 51
206.64
  0
ARC
  8
APS_GEOMETRY
 10
834.1
 20
-1102.635
 40
0.389
 50
206.64
 51
229.43
  0
ARC
  8
APS_GEOMETRY
 10
834.248
 20
-1102.463
 40
0.616
 50
229.43
 51
244.493
  0
ARC
  8
APS_GEOMETRY
 10
834.652
 20
-1101.615
 40
1.555
 50
244.493
 51
253.956
  0
ARC
  8
APS_GEOMETRY
 10
827.445
 20
-1126.108
 40
23.976
 50
72.737
 51
73.58
  0
ARC
  8
APS_GEOMETRY
 10
831.576
 20
-1112.816
 40
10.057
 50
71.435
 51
72.737
  0
ARC
  8
APS_GEOMETRY
 10
832.944
 20
-1108.743
 40
5.76
 50
69.164
 51
71.435
  0
ARC
  8
APS_GEOMETRY
 10
834.558
 20
-1104.501
 40
1.221
 50
64.231
 51
69.164
  0
ARC
  8
APS_GEOMETRY
 10
834.372
 20
-1104.875
 40
1.639
 50
34.939
 51
64.068
  0
ARC
  8
APS_GEOMETRY
 10
834.773
 20
-1104.595
 40
1.15
 50
360.0
 51
34.939
  0
ARC
  8
APS_GEOMETRY
 10
834.527
 20
-1104.595
 40
1.396
 50
333.435
 51
360.0
  0
ARC
  8
APS_GEOMETRY
 10
834.436
 20
-1104.549
 40
1.498
 50
307.807
 51
333.435
  0
ARC
  8
APS_GEOMETRY
 10
834.198
 20
-1104.242
 40
1.887
 50
296.732
 51
307.786
  0
ARC
  8
APS_GEOMETRY
 10
834.058
 20
-1103.963
 40
2.199
 50
286.496
 51
296.732
  0
ARC
  8
APS_GEOMETRY
 10
833.965
 20
-1103.65
 40
2.525
 50
277.544
 51
286.496
  0
ARC
  8
APS_GEOMETRY
 10
833.83
 20
-1102.631
 40
3.553
 50
270.0
 51
277.544
  0
ARC
  8
APS_GEOMETRY
 10
833.83
 20
-1102.477
 40
3.707
 50
263.555
 51
270.0
  0
ARC
  8
APS_GEOMETRY
 10
833.95
 20
-1101.414
 40
4.776
 50
257.878
 51
263.555
  0
ARC
  8
APS_GEOMETRY
 10
833.886
 20
-1101.711
 40
4.473
 50
254.839
 51
257.878
  0
ARC
  8
APS_GEOMETRY
 10
833.37
 20
-1103.618
 40
2.497
 50
250.772
 51
254.839
  0
ARC
  8
APS_GEOMETRY
 10
833.137
 20
-1104.284
 40
1.792
 50
245.121
 51
250.772
  0
ARC
  8
APS_GEOMETRY
 10
832.744
 20
-1105.132
 40
0.857
 50
236.944
 51
245.121
  0
ARC
  8
APS_GEOMETRY
 10
832.512
 20
-1105.497
 40
0.424
 50
211.802
 51
236.31
  0
ARC
  8
APS_GEOMETRY
 10
833.614
 20
-1104.814
 40
1.722
 50
199.704
 51
211.802
  0
ARC
  8
APS_GEOMETRY
 10
834.141
 20
-1104.625
 40
2.281
 50
190.413
 51
199.704
  0
ARC
  8
APS_GEOMETRY
 10
833.685
 20
-1104.709
 40
1.817
 50
180.0
 51
190.413
  0
ARC
  8
APS_GEOMETRY
 10
832.455
 20
-1104.709
 40
0.587
 50
164.876
 51
180.0
  0
ARC
  8
APS_GEOMETRY
 10
832.124
 20
-1104.62
 40
0.244
 50
141.34
 51
164.876
  0
ARC
  8
APS_GEOMETRY
 10
832.156
 20
-1104.641
 40
0.283
 50
116.928
 51
142.001
  0
ARC
  8
APS_GEOMETRY
 10
832.139
 20
-1104.608
 40
0.246
 50
90.0
 51
116.928
  0
ARC
  8
APS_GEOMETRY
 10
832.139
 20
-1104.609
 40
0.246
 50
62.21
 51
90.0
  0
ARC
  8
APS_GEOMETRY
 10
832.041
 20
-1104.795
 40
0.457
 50
41.906
 51
62.21
  0
ARC
  8
APS_GEOMETRY
 10
832.058
 20
-1104.799
 40
0.447
 50
37.313
 51
43.668
  0
ARC
  8
APS_GEOMETRY
 10
829.551
 20
-1106.709
 40
3.599
 50
35.074
 51
37.313
  0
ARC
  8
APS_GEOMETRY
 10
826.704
 20
-1108.708
 40
7.078
 50
33.934
 51
35.074
  0
ARC
  8
APS_GEOMETRY
 10
816.554
 20
-1115.537
 40
19.311
 50
33.243
 51
33.934
  0
ARC
  8
APS_GEOMETRY
 10
833.266
 20
-1104.58
 40
0.673
 50
213.453
 51
231.637
  0
ARC
  8
APS_GEOMETRY
 10
833.584
 20
-1104.179
 40
1.185
 50
231.637
 51
245.313
  0
ARC
  8
APS_GEOMETRY
 10
833.654
 20
-1104.026
 40
1.352
 50
245.313
 51
257.398
  0
ARC
  8
APS_GEOMETRY
 10
833.631
 20
-1104.132
 40
1.244
 50
257.398
 51
270.0
  0
ARC
  8
APS_GEOMETRY
 10
833.631
 20
-1104.326
 40
1.051
 50
270.0
 51
282.907
  0
ARC
  8
APS_GEOMETRY
 10
833.744
 20
-1104.819
 40
0.544
 50
282.907
 51
300.872
  0
ARC
  8
APS_GEOMETRY
 10
833.842
 20
-1104.983
 40
0.353
 50
300.872
 51
326.876
  0
ARC
  8
APS_GEOMETRY
 10
833.953
 20
-1105.056
 40
0.22
 50
326.876
 51
0.0
  0
ARC
  8
APS_GEOMETRY
 10
833.92
 20
-1105.056
 40
0.253
 50
0.0
 51
27.553
  0
ARC
  8
APS_GEOMETRY
 10
833.84
 20
-1105.097
 40
0.343
 50
27.553
 51
51.147
  0
ARC
  8
APS_GEOMETRY
 10
833.675
 20
-1105.303
 40
0.607
 50
51.147
 51
65.225
  0
ARC
  8
APS_GEOMETRY
 10
833.064
 20
-1106.625
 40
2.064
 50
65.225
 51
72.848
  0
ARC
  8
APS_GEOMETRY
 10
836.629
 20
-1095.261
 40
9.846
 50
251.106
 51
252.532
  0
ARC
  8
APS_GEOMETRY
 10
835.367
 20
-1098.947
 40
5.95
 50
249.271
 51
251.106
  0
ARC
  8
APS_GEOMETRY
 10
834.842
 20
-1100.333
 40
4.468
 50
246.83
 51
249.271
  0
ARC
  8
APS_GEOMETRY
 10
833.994
 20
-1102.316
 40
2.312
 50
243.435
 51
246.83
  0
ARC
  8
APS_GEOMETRY
 10
833.898
 20
-1102.509
 40
2.096
 50
235.981
 51
243.435
  0
ARC
  8
APS_GEOMETRY
 10
833.972
 20
-1102.399
 40
2.229
 50
228.752
 51
235.981
  0
ARC
  8
APS_GEOMETRY
 10
833.624
 20
-1102.808
 40
1.692
 50
206.421
 51
228.457
  0
ARC
  8
APS_GEOMETRY
 10
833.169
 20
-1103.035
 40
1.183
 50
180.0
 51
206.421
  0
ARC
  8
APS_GEOMETRY
 10
833.19
 20
-1103.035
 40
1.205
 50
166.555
 51
180.0
  0
ARC
  8
APS_GEOMETRY
 10
833.33
 20
-1103.068
 40
1.348
 50
153.848
 51
166.555
  0
ARC
  8
APS_GEOMETRY
 10
833.341
 20
-1103.074
 40
1.361
 50
141.244
 51
153.848
  0
ARC
  8
APS_GEOMETRY
 10
833.427
 20
-1103.143
 40
1.471
 50
129.123
 51
141.244
  0
ARC
  8
APS_GEOMETRY
 10
833.703
 20
-1103.435
 40
1.872
 50
108.978
 51
130.006
  0
ARC
  8
APS_GEOMETRY
 10
833.84
 20
-1103.834
 40
2.294
 50
90.0
 51
108.978
  0
ARC
  8
APS_GEOMETRY
 10
838.839
 20
-1103.666
 40
2.126
 50
77.257
 51
90.0
  0
ARC
  8
APS_GEOMETRY
 10
838.817
 20
-1103.762
 40
2.224
 50
64.799
 51
77.257
  0
ARC
  8
APS_GEOMETRY
 10
840.649
 20
-1099.862
 40
2.084
 50
244.885
 51
251.175
  0
ARC
  8
APS_GEOMETRY
 10
840.052
 20
-1101.613
 40
0.235
 50
251.175
 51
270.0
  0
ARC
  8
APS_GEOMETRY
 10
840.052
 20
-1101.467
 40
0.381
 50
270.0
 51
278.82
  0
ARC
  8
APS_GEOMETRY
 10
839.806
 20
-1099.882
 40
1.984
 50
278.82
 51
282.68
  0
ARC
  8
APS_GEOMETRY
 10
840.321
 20
-1102.16
 40
0.351
 50
95.906
 51
102.995
  0
ARC
  8
APS_GEOMETRY
 10
840.337
 20
-1102.314
 40
0.506
 50
90.0
 51
95.906
  0
ARC
  8
APS_GEOMETRY
 10
840.337
 20
-1102.144
 40
0.336
 50
62.447
 51
90.0
  0
ARC
  8
APS_GEOMETRY
 10
840.277
 20
-1102.258
 40
0.465
 50
39.094
 51
62.447
  0
ARC
  8
APS_GEOMETRY
 10
839.654
 20
-1102.779
 40
1.277
 50
18.435
 51
39.611
  0
ARC
  8
APS_GEOMETRY
 10
839.271
 20
-1102.907
 40
1.681
 50
360.0
 51
18.435
  0
ARC
  8
APS_GEOMETRY
 10
840.118
 20
-1102.907
 40
0.833
 50
334.877
 51
360.0
  0
ARC
  8
APS_GEOMETRY
 10
840.369
 20
-1103.025
 40
0.557
 50
304.007
 51
334.877
  0
ARC
  8
APS_GEOMETRY
 10
840.365
 20
-1103.013
 40
0.569
 50
286.39
 51
303.69
  0
ARC
  8
APS_GEOMETRY
 10
840.347
 20
-1102.951
 40
0.633
 50
270.0
 51
286.39
  0
ARC
  8
APS_GEOMETRY
 10
840.347
 20
-1102.958
 40
0.626
 50
255.155
 51
270.0
  0
ARC
  8
APS_GEOMETRY
 10
840.278
 20
-1103.217
 40
0.358
 50
235.491
 51
255.155
  0
ARC
  8
APS_GEOMETRY
 10
840.312
 20
-1103.167
 40
0.419
 50
218.48
 51
235.491
  0
ARC
  8
APS_GEOMETRY
 10
840.874
 20
-1102.72
 40
1.137
 50
208.179
 51
218.48
  0
ARC
  8
APS_GEOMETRY
 10
835.112
 20
-1105.848
 40
5.42
 50
28.56
 51
31.664
  0
ARC
  8
APS_GEOMETRY
 10
838.633
 20
-1103.676
 40
1.283
 50
31.664
 51
38.047
  0
ARC
  8
APS_GEOMETRY
 10
838.889
 20
-1103.476
 40
0.958
 50
38.047
 51
46.56
  0
ARC
  8
APS_GEOMETRY
 10
838.756
 20
-1103.617
 40
1.151
 50
46.56
 51
54.324
  0
ARC
  8
APS_GEOMETRY
 10
838.679
 20
-1103.749
 40
1.303
 50
54.968
 51
71.48
  0
ARC
  8
APS_GEOMETRY
 10
838.764
 20
-1103.497
 40
1.038
 50
71.48
 51
90.0
  0
ARC
  8
APS_GEOMETRY
 10
838.764
 20
-1103.184
 40
0.725
 50
90.0
 51
114.63
  0
ARC
  8
APS_GEOMETRY
 10
838.727
 20
-1103.105
 40
0.638
 50
114.63
 51
140.921
  0
ARC
  8
APS_GEOMETRY
 10
838.835
 20
-1103.192
 40
0.776
 50
140.921
 51
163.13
  0
ARC
  8
APS_GEOMETRY
 10
839.373
 20
-1103.355
 40
1.338
 50
163.13
 51
180.0
  0
ARC
  8
APS_GEOMETRY
 10
840.07
 20
-1103.355
 40
2.036
 50
180.0
 51
195.44
  0
ARC
  8
APS_GEOMETRY
 10
839.964
 20
-1103.384
 40
1.926
 50
195.44
 51
211.316
  0
ARC
  8
APS_GEOMETRY
 10
839.455
 20
-1103.683
 40
1.336
 50
211.708
 51
240.457
  0
ARC
  8
APS_GEOMETRY
 10
839.421
 20
-1103.744
 40
1.266
 50
240.457
 51
270.0
  0
ARC
  8
APS_GEOMETRY
 10
839.421
 20
-1103.435
 40
1.575
 50
270.0
 51
279.549
  0
ARC
  8
APS_GEOMETRY
 10
839.401
 20
-1103.318
 40
1.693
 50
279.549
 51
288.759
  0
ARC
  8
APS_GEOMETRY
 10
839.484
 20
-1103.561
 40
1.436
 50
288.759
 51
299.545
  0
ARC
  8
APS_GEOMETRY
 10
839.815
 20
-1104.145
 40
0.765
 50
299.545
 51
314.341
  0
ARC
  8
APS_GEOMETRY
 10
840.838
 20
-1105.208
 40
0.711
 50
120.141
 51
133.452
  0
ARC
  8
APS_GEOMETRY
 10
840.553
 20
-1104.716
 40
0.141
 50
90.0
 51
120.141
  0
ARC
  8
APS_GEOMETRY
 10
840.553
 20
-1104.798
 40
0.223
 50
61.952
 51
90.0
  0
ARC
  8
APS_GEOMETRY
 10
840.519
 20
-1104.86
 40
0.294
 50
37.569
 51
61.952
  0
ARC
  8
APS_GEOMETRY
 10
840.457
 20
-1104.908
 40
0.372
 50
17.665
 51
37.569
  0
ARC
  8
APS_GEOMETRY
 10
840.363
 20
-1104.938
 40
0.471
 50
360.0
 51
17.665
  0
ARC
  8
APS_GEOMETRY
 10
840.126
 20
-1104.938
 40
0.708
 50
344.932
 51
0.0
  0
ARC
  8
APS_GEOMETRY
 10
839.496
 20
-1104.768
 40
1.36
 50
334.075
 51
344.932
  0
ARC
  8
APS_GEOMETRY
 10
839.476
 20
-1104.759
 40
1.382
 50
323.374
 51
334.075
  0
ARC
  8
APS_GEOMETRY
 10
839.882
 20
-1105.061
 40
0.876
 50
309.92
 51
323.374
  0
ARC
  8
APS_GEOMETRY
 10
840.289
 20
-1105.54
 40
0.248
 50
289.026
 51
308.991
  0
ARC
  8
APS_GEOMETRY
 10
839.855
 20
-1104.283
 40
1.577
 50
281.143
 51
289.026
  0
ARC
  8
APS_GEOMETRY
 10
840.295
 20
-1106.561
 40
0.743
 50
100.437
 51
110.12
  0
ARC
  8
APS_GEOMETRY
 10
840.877
 20
-1108.151
 40
2.435
 50
110.12
 51
115.463
  0
ARC
  8
APS_GEOMETRY
 10
838.799
 20
-1103.802
 40
2.384
 50
282.94
 51
295.628
  0
ARC
  8
APS_GEOMETRY
 10
838.819
 20
-1103.892
 40
2.292
 50
270.0
 51
282.94
  0
ARC
  8
APS_GEOMETRY
 10
838.819
 20
-1103.756
 40
2.427
 50
257.307
 51
270.0
  0
ARC
  8
APS_GEOMETRY
 10
838.922
 20
-1103.301
 40
2.894
 50
245.686
 51
257.307
  0
ARC
  8
APS_GEOMETRY
 10
838.665
 20
-1103.866
 40
2.274
 50
228.801
 51
245.735
  0
ARC
  8
APS_GEOMETRY
 10
838.669
 20
-1103.861
 40
2.28
 50
211.891
 51
228.801
  0
ARC
  8
APS_GEOMETRY
 10
838.804
 20
-1103.764
 40
2.446
 50
196.728
 51
212.152
  0
ARC
  8
APS_GEOMETRY
 10
838.455
 20
-1103.869
 40
2.082
 50
180.0
 51
196.728
  0
ARC
  8
APS_GEOMETRY
 10
838.506
 20
-1103.869
 40
2.133
 50
161.184
 51
180.0
  0
ARC
  8
APS_GEOMETRY
 10
838.643
 20
-1103.915
 40
2.277
 50
142.98
 51
161.184
  0
ARC
  8
APS_GEOMETRY
 10
838.749
 20
-1103.997
 40
2.411
 50
127.824
 51
142.958
  0
ARC
  8
APS_GEOMETRY
 10
838.924
 20
-1104.223
 40
2.697
 50
113.52
 51
127.824
  0
ARC
  8
APS_GEOMETRY
 10
838.867
 20
-1104.091
 40
2.554
 50
101.927
 51
113.527
  0
ARC
  8
APS_GEOMETRY
 10
838.839
 20
-1103.956
 40
2.416
 50
90.0
 51
101.927
  0
ARC
  8
APS_GEOMETRY
 10
843.887
 20
-1104.118
 40
2.578
 50
71.91
 51
90.0
  0
ARC
  8
APS_GEOMETRY
 10
843.987
 20
-1103.813
 40
2.257
 50
52.561
 51
71.91
  0
ARC
  8
APS_GEOMETRY
 10
843.961
 20
-1103.82
 40
2.279
 50
38.846
 51
52.156
  0
ARC
  8
APS_GEOMETRY
 10
843.603
 20
-1104.108
 40
2.737
 50
26.707
 51
38.846
  0
ARC
  8
APS_GEOMETRY
 10
843.674
 20
-1104.05
 40
2.648
 50
13.868
 51
26.278
  0
ARC
  8
APS_GEOMETRY
 10
844.184
 20
-1103.924
 40
2.123
 50
360.0
 51
13.868
  0
ARC
  8
APS_GEOMETRY
 10
844.217
 20
-1103.924
 40
2.09
 50
339.712
 51
360.0
  0
ARC
  8
APS_GEOMETRY
 10
844.1
 20
-1103.881
 40
2.215
 50
320.013
 51
339.712
  0
ARC
  8
APS_GEOMETRY
 10
844.08
 20
-1103.87
 40
2.237
 50
303.344
 51
320.123
  0
ARC
  8
APS_GEOMETRY
 10
843.85
 20
-1103.521
 40
2.655
 50
287.949
 51
303.344
  0
ARC
  8
APS_GEOMETRY
 10
843.775
 20
-1103.259
 40
2.927
 50
279.039
 51
287.776
  0
ARC
  8
APS_GEOMETRY
 10
843.805
 20
-1103.449
 40
2.735
 50
270.0
 51
279.039
  0
ARC
  8
APS_GEOMETRY
 10
843.805
 20
-1103.583
 40
2.601
 50
257.728
 51
270.0
  0
ARC
  8
APS_GEOMETRY
 10
843.809
 20
-1103.564
 40
2.62
 50
245.501
 51
257.728
  0
ARC
  8
APS_GEOMETRY
 10
843.662
 20
-1103.886
 40
2.266
 50
228.665
 51
245.511
  0
ARC
  8
APS_GEOMETRY
 10
843.613
 20
-1103.942
 40
2.192
 50
211.535
 51
228.665
  0
ARC
  8
APS_GEOMETRY
 10
843.677
 20
-1103.895
 40
2.271
 50
195.642
 51
211.701
  0
ARC
  8
APS_GEOMETRY
 10
843.795
 20
-1103.862
 40
2.393
 50
180.0
 51
195.642
  0
ARC
  8
APS_GEOMETRY
 10
843.82
 20
-1103.862
 40
2.418
 50
162.181
 51
180.0
  0
ARC
  8
APS_GEOMETRY
 10
843.599
 20
-1103.791
 40
2.187
 50
143.434
 51
162.181
  0
ARC
  8
APS_GEOMETRY
 10
843.569
 20
-1103.767
 40
2.148
 50
126.384
 51
143.471
  0
ARC
  8
APS_GEOMETRY
 10
843.773
 20
-1104.043
 40
2.491
 50
110.525
 51
126.384
  0
ARC
  8
APS_GEOMETRY
 10
843.763
 20
-1103.968
 40
2.418
 50
99.77
 51
110.925
  0
ARC
  8
APS_GEOMETRY
 10
843.887
 20
-1104.69
 40
3.15
 50
90.0
 51
99.77
  0
ARC
  8
APS_GEOMETRY
 10
843.576
 20
-1102.959
 40
0.481
 50
90.0
 51
119.604
  0
ARC
  8
APS_GEOMETRY
 10
843.618
 20
-1103.033
 40
0.566
 50
119.604
 51
146.842
  0
ARC
  8
APS_GEOMETRY
 10
843.703
 20
-1103.103
 40
0.675
 50
145.84
 51
164.055
  0
ARC
  8
APS_GEOMETRY
 10
843.899
 20
-1103.159
 40
0.879
 50
164.055
 51
180.0
  0
ARC
  8
APS_GEOMETRY
 10
845.126
 20
-1103.159
 40
2.105
 50
180.0
 51
189.977
  0
ARC
  8
APS_GEOMETRY
 10
846.991
 20
-1102.831
 40
3.999
 50
189.977
 51
197.211
  0
ARC
  8
APS_GEOMETRY
 10
847.399
 20
-1102.704
 40
4.426
 50
197.211
 51
203.76
  0
ARC
  8
APS_GEOMETRY
 10
846.382
 20
-1103.152
 40
3.316
 50
203.76
 51
211.329
  0
ARC
  8
APS_GEOMETRY
 10
844.296
 20
-1104.404
 40
0.882
 50
212.32
 51
224.441
  0
ARC
  8
APS_GEOMETRY
 10
844.21
 20
-1104.488
 40
0.762
 50
224.441
 51
237.484
  0
ARC
  8
APS_GEOMETRY
 10
844.155
 20
-1104.575
 40
0.66
 50
237.484
 51
252.416
  0
ARC
  8
APS_GEOMETRY
 10
844.1
 20
-1104.749
 40
0.477
 50
252.416
 51
270.0
  0
ARC
  8
APS_GEOMETRY
 10
844.1
 20
-1104.693
 40
0.533
 50
270.0
 51
294.953
  0
ARC
  8
APS_GEOMETRY
 10
844.114
 20
-1104.725
 40
0.498
 50
294.953
 51
320.793
  0
ARC
  8
APS_GEOMETRY
 10
844.034
 20
-1104.659
 40
0.601
 50
320.793
 51
342.777
  0
ARC
  8
APS_GEOMETRY
 10
843.678
 20
-1104.549
 40
0.975
 50
342.777
 51
0.0
  0
ARC
  8
APS_GEOMETRY
 10
842.002
 20
-1104.549
 40
2.651
 50
0.0
 51
8.499
  0
ARC
  8
APS_GEOMETRY
 10
840.835
 20
-1104.723
 40
3.83
 50
8.499
 51
15.566
  0
ARC
  8
APS_GEOMETRY
 10
840.975
 20
-1104.684
 40
3.685
 50
15.566
 51
22.909
  0
ARC
  8
APS_GEOMETRY
 10
842.181
 20
-1104.174
 40
2.375
 50
22.909
 51
32.057
  0
ARC
  8
APS_GEOMETRY
 10
843.129
 20
-1103.577
 40
1.255
 50
31.921
 51
42.51
  0
ARC
  8
APS_GEOMETRY
 10
843.389
 20
-1103.339
 40
0.902
 50
42.51
 51
55.008
  0
ARC
  8
APS_GEOMETRY
 10
843.477
 20
-1103.213
 40
0.749
 50
55.008
 51
69.88
  0
ARC
  8
APS_GEOMETRY
 10
843.556
 20
-1102.998
 40
0.52
 50
69.88
 51
87.754
  0
ARC
  8
APS_GEOMETRY
 10
849.223
 20
-1103.666
 40
2.126
 50
77.257
 51
90.0
  0
ARC
  8
APS_GEOMETRY
 10
849.201
 20
-1103.762
 40
2.224
 50
64.799
 51
77.257
  0
ARC
  8
APS_GEOMETRY
 10
851.033
 20
-1099.862
 40
2.084
 50
244.885
 51
251.175
  0
ARC
  8
APS_GEOMETRY
 10
850.436
 20
-1101.613
 40
0.235
 50
251.175
 51
270.0
  0
ARC
  8
APS_GEOMETRY
 10
850.436
 20
-1101.467
 40
0.381
 50
270.0
 51
278.82
  0
ARC
  8
APS_GEOMETRY
 10
850.19
 20
-1099.882
 40
1.984
 50
278.82
 51
282.68
  0
ARC
  8
APS_GEOMETRY
 10
850.705
 20
-1102.16
 40
0.351
 50
95.906
 51
102.995
  0
ARC
  8
APS_GEOMETRY
 10
850.721
 20
-1102.314
 40
0.506
 50
90.0
 51
95.906
  0
ARC
  8
APS_GEOMETRY
 10
850.721
 20
-1102.144
 40
0.336
 50
62.447
 51
90.0
  0
ARC
  8
APS_GEOMETRY
 10
850.661
 20
-1102.258
 40
0.465
 50
39.094
 51
62.447
  0
ARC
  8
APS_GEOMETRY
 10
850.038
 20
-1102.779
 40
1.277
 50
18.435
 51
39.611
  0
ARC
  8
APS_GEOMETRY
 10
849.655
 20
-1102.907
 40
1.681
 50
360.0
 51
18.435
  0
ARC
  8
APS_GEOMETRY
 10
850.502
 20
-1102.907
 40
0.833
 50
334.877
 51
360.0
  0
ARC
  8
APS_GEOMETRY
 10
850.753
 20
-1103.025
 40
0.557
 50
304.007
 51
334.877
  0
ARC
  8
APS_GEOMETRY
 10
850.749
 20
-1103.013
 40
0.569
 50
286.39
 51
303.69
  0
ARC
  8
APS_GEOMETRY
 10
850.731
 20
-1102.951
 40
0.633
 50
270.0
 51
286.39
  0
ARC
  8
APS_GEOMETRY
 10
850.731
 20
-1102.958
 40
0.626
 50
255.155
 51
270.0
  0
ARC
  8
APS_GEOMETRY
 10
850.662
 20
-1103.217
 40
0.358
 50
235.491
 51
255.155
  0
ARC
  8
APS_GEOMETRY
 10
850.696
 20
-1103.167
 40
0.419
 50
218.48
 51
235.491
  0
ARC
  8
APS_GEOMETRY
 10
851.258
 20
-1102.72
 40
1.137
 50
208.179
 51
218.48
  0
ARC
  8
APS_GEOMETRY
 10
845.496
 20
-1105.848
 40
5.42
 50
28.56
 51
31.664
  0
ARC
  8
APS_GEOMETRY
 10
849.017
 20
-1103.676
 40
1.283
 50
31.664
 51
38.047
  0
ARC
  8
APS_GEOMETRY
 10
849.273
 20
-1103.476
 40
0.958
 50
38.047
 51
46.56
  0
ARC
  8
APS_GEOMETRY
 10
849.14
 20
-1103.617
 40
1.151
 50
46.56
 51
54.324
  0
ARC
  8
APS_GEOMETRY
 10
849.063
 20
-1103.749
 40
1.303
 50
54.968
 51
71.48
  0
ARC
  8
APS_GEOMETRY
 10
849.148
 20
-1103.497
 40
1.038
 50
71.48
 51
90.0
  0
ARC
  8
APS_GEOMETRY
 10
849.148
 20
-1103.184
 40
0.725
 50
90.0
 51
114.63
  0
ARC
  8
APS_GEOMETRY
 10
849.111
 20
-1103.105
 40
0.638
 50
114.63
 51
140.921
  0
ARC
  8
APS_GEOMETRY
 10
849.219
 20
-1103.192
 40
0.776
 50
140.921
 51
163.13
  0
ARC
  8
APS_GEOMETRY
 10
849.757
 20
-1103.355
 40
1.338
 50
163.13
 51
180.0
  0
ARC
  8
APS_GEOMETRY
 10
850.454
 20
-1103.355
 40
2.036
 50
180.0
 51
195.44
  0
ARC
  8
APS_GEOMETRY
 10
850.348
 20
-1103.384
 40
1.926
 50
195.44
 51
211.316
  0
ARC
  8
APS_GEOMETRY
 10
849.839
 20
-1103.683
 40
1.336
 50
211.708
 51
240.457
  0
ARC
  8
APS_GEOMETRY
 10
849.805
 20
-1103.744
 40
1.266
 50
240.457
 51
270.0
  0
ARC
  8
APS_GEOMETRY
 10
849.805
 20
-1103.435
 40
1.575
 50
270.0
 51
279.549
  0
ARC
  8
APS_GEOMETRY
 10
849.785
 20
-1103.318
 40
1.693
 50
279.549
 51
288.759
  0
ARC
  8
APS_GEOMETRY
 10
849.868
 20
-1103.561
 40
1.436
 50
288.759
 51
299.545
  0
ARC
  8
APS_GEOMETRY
 10
850.199
 20
-1104.145
 40
0.765
 50
299.545
 51
314.341
  0
ARC
  8
APS_GEOMETRY
 10
851.222
 20
-1105.208
 40
0.711
 50
120.141
 51
133.452
  0
ARC
  8
APS_GEOMETRY
 10
850.937
 20
-1104.716
 40
0.141
 50
90.0
 51
120.141
  0
ARC
  8
APS_GEOMETRY
 10
850.937
 20
-1104.798
 40
0.223
 50
61.952
 51
90.0
  0
ARC
  8
APS_GEOMETRY
 10
850.903
 20
-1104.86
 40
0.294
 50
37.569
 51
61.952
  0
ARC
  8
APS_GEOMETRY
 10
850.841
 20
-1104.908
 40
0.372
 50
17.665
 51
37.569
  0
ARC
  8
APS_GEOMETRY
 10
850.747
 20
-1104.938
 40
0.471
 50
360.0
 51
17.665
  0
ARC
  8
APS_GEOMETRY
 10
850.51
 20
-1104.938
 40
0.708
 50
344.932
 51
0.0
  0
ARC
  8
APS_GEOMETRY
 10
849.88
 20
-1104.768
 40
1.36
 50
334.075
 51
344.932
  0
ARC
  8
APS_GEOMETRY
 10
849.86
 20
-1104.759
 40
1.382
 50
323.374
 51
334.075
  0
ARC
  8
APS_GEOMETRY
 10
850.267
 20
-1105.061
 40
0.876
 50
309.92
 51
323.374
  0
ARC
  8
APS_GEOMETRY
 10
850.673
 20
-1105.54
 40
0.248
 50
289.026
 51
308.991
  0
ARC
  8
APS_GEOMETRY
 10
850.239
 20
-1104.283
 40
1.577
 50
281.143
 51
289.026
  0
ARC
  8
APS_GEOMETRY
 10
850.679
 20
-1106.561
 40
0.743
 50
100.437
 51
110.12
  0
ARC
  8
APS_GEOMETRY
 10
851.261
 20
-1108.151
 40
2.435
 50
110.12
 51
115.463
  0
ARC
  8
APS_GEOMETRY
 10
849.183
 20
-1103.802
 40
2.384
 50
282.94
 51
295.628
  0
ARC
  8
APS_GEOMETRY
 10
849.203
 20
-1103.892
 40
2.292
 50
270.0
 51
282.94
  0
ARC
  8
APS_GEOMETRY
 10
849.203
 20
-1103.756
 40
2.427
 50
257.307
 51
270.0
  0
ARC
  8
APS_GEOMETRY
 10
849.306
 20
-1103.301
 40
2.894
 50
245.686
 51
257.307
  0
ARC
  8
APS_GEOMETRY
 10
849.049
 20
-1103.866
 40
2.274
 50
228.801
 51
245.735
  0
ARC
  8
APS_GEOMETRY
 10
849.053
 20
-1103.861
 40
2.28
 50
211.891
 51
228.801
  0
ARC
  8
APS_GEOMETRY
 10
849.188
 20
-1103.764
 40
2.446
 50
196.728
 51
212.152
  0
ARC
  8
APS_GEOMETRY
 10
848.839
 20
-1103.869
 40
2.082
 50
180.0
 51
196.728
  0
ARC
  8
APS_GEOMETRY
 10
848.89
 20
-1103.869
 40
2.133
 50
161.184
 51
180.0
  0
ARC
  8
APS_GEOMETRY
 10
849.027
 20
-1103.915
 40
2.277
 50
142.98
 51
161.184
  0
ARC
  8
APS_GEOMETRY
 10
849.133
 20
-1103.997
 40
2.411
 50
127.824
 51
142.958
  0
ARC
  8
APS_GEOMETRY
 10
849.308
 20
-1104.223
 40
2.697
 50
113.52
 51
127.824
  0
ARC
  8
APS_GEOMETRY
 10
849.251
 20
-1104.091
 40
2.554
 50
101.927
 51
113.527
  0
ARC
  8
APS_GEOMETRY
 10
849.223
 20
-1103.956
 40
2.416
 50
90.0
 51
101.927
  0
ARC
  8
APS_GEOMETRY
 10
854.271
 20
-1104.118
 40
2.578
 50
71.91
 51
90.0
  0
ARC
  8
APS_GEOMETRY
 10
854.371
 20
-1103.813
 40
2.257
 50
52.561
 51
71.91
  0
ARC
  8
APS_GEOMETRY
 10
854.345
 20
-1103.82
 40
2.279
 50
38.846
 51
52.156
  0
ARC
  8
APS_GEOMETRY
 10
853.987
 20
-1104.108
 40
2.737
 50
26.707
 51
38.846
  0
ARC
  8
APS_GEOMETRY
 10
854.058
 20
-1104.05
 40
2.648
 50
13.868
 51
26.278
  0
ARC
  8
APS_GEOMETRY
 10
854.568
 20
-1103.924
 40
2.123
 50
360.0
 51
13.868
  0
ARC
  8
APS_GEOMETRY
 10
854.601
 20
-1103.924
 40
2.09
 50
339.712
 51
360.0
  0
ARC
  8
APS_GEOMETRY
 10
854.484
 20
-1103.881
 40
2.215
 50
320.013
 51
339.712
  0
ARC
  8
APS_GEOMETRY
 10
854.464
 20
-1103.87
 40
2.237
 50
303.344
 51
320.123
  0
ARC
  8
APS_GEOMETRY
 10
854.234
 20
-1103.521
 40
2.655
 50
287.949
 51
303.344
  0
ARC
  8
APS_GEOMETRY
 10
854.159
 20
-1103.259
 40
2.927
 50
279.039
 51
287.776
  0
ARC
  8
APS_GEOMETRY
 10
854.189
 20
-1103.449
 40
2.735
 50
270.0
 51
279.039
  0
ARC
  8
APS_GEOMETRY
 10
854.189
 20
-1103.583
 40
2.601
 50
257.728
 51
270.0
  0
ARC
  8
APS_GEOMETRY
 10
854.193
 20
-1103.564
 40
2.62
 50
245.501
 51
257.728
  0
ARC
  8
APS_GEOMETRY
 10
854.046
 20
-1103.886
 40
2.266
 50
228.665
 51
245.511
  0
ARC
  8
APS_GEOMETRY
 10
853.997
 20
-1103.942
 40
2.192
 50
211.535
 51
228.665
  0
ARC
  8
APS_GEOMETRY
 10
854.061
 20
-1103.895
 40
2.271
 50
195.642
 51
211.701
  0
ARC
  8
APS_GEOMETRY
 10
854.179
 20
-1103.862
 40
2.393
 50
180.0
 51
195.642
  0
ARC
  8
APS_GEOMETRY
 10
854.204
 20
-1103.862
 40
2.418
 50
162.181
 51
180.0
  0
ARC
  8
APS_GEOMETRY
 10
853.983
 20
-1103.791
 40
2.187
 50
143.434
 51
162.181
  0
ARC
  8
APS_GEOMETRY
 10
853.953
 20
-1103.767
 40
2.148
 50
126.384
 51
143.471
  0
ARC
  8
APS_GEOMETRY
 10
854.157
 20
-1104.043
 40
2.491
 50
110.525
 51
126.384
  0
ARC
  8
APS_GEOMETRY
 10
854.147
 20
-1103.968
 40
2.418
 50
99.77
 51
110.925
  0
ARC
  8
APS_GEOMETRY
 10
854.271
 20
-1104.69
 40
3.15
 50
90.0
 51
99.77
  0
ARC
  8
APS_GEOMETRY
 10
853.96
 20
-1102.959
 40
0.481
 50
90.0
 51
119.604
  0
ARC
  8
APS_GEOMETRY
 10
854.002
 20
-1103.033
 40
0.566
 50
119.604
 51
146.842
  0
ARC
  8
APS_GEOMETRY
 10
854.087
 20
-1103.103
 40
0.675
 50
145.84
 51
164.055
  0
ARC
  8
APS_GEOMETRY
 10
854.283
 20
-1103.159
 40
0.879
 50
164.055
 51
180.0
  0
ARC
  8
APS_GEOMETRY
 10
855.51
 20
-1103.159
 40
2.105
 50
180.0
 51
189.977
  0
ARC
  8
APS_GEOMETRY
 10
857.375
 20
-1102.831
 40
3.999
 50
189.977
 51
197.211
  0
ARC
  8
APS_GEOMETRY
 10
857.783
 20
-1102.704
 40
4.426
 50
197.211
 51
203.76
  0
ARC
  8
APS_GEOMETRY
 10
856.766
 20
-1103.152
 40
3.316
 50
203.76
 51
211.329
  0
ARC
  8
APS_GEOMETRY
 10
854.68
 20
-1104.404
 40
0.882
 50
212.32
 51
224.441
  0
ARC
  8
APS_GEOMETRY
 10
854.594
 20
-1104.488
 40
0.762
 50
224.441
 51
237.484
  0
ARC
  8
APS_GEOMETRY
 10
854.539
 20
-1104.575
 40
0.66
 50
237.484
 51
252.416
  0
ARC
  8
APS_GEOMETRY
 10
854.484
 20
-1104.749
 40
0.477
 50
252.416
 51
270.0
  0
ARC
  8
APS_GEOMETRY
 10
854.484
 20
-1104.693
 40
0.533
 50
270.0
 51
294.953
  0
ARC
  8
APS_GEOMETRY
 10
854.499
 20
-1104.725
 40
0.498
 50
294.953
 51
320.793
  0
ARC
  8
APS_GEOMETRY
 10
854.418
 20
-1104.659
 40
0.601
 50
320.793
 51
342.777
  0
ARC
  8
APS_GEOMETRY
 10
854.062
 20
-1104.549
 40
0.975
 50
342.777
 51
0.0
  0
ARC
  8
APS_GEOMETRY
 10
852.386
 20
-1104.549
 40
2.651
 50
0.0
 51
8.499
  0
ARC
  8
APS_GEOMETRY
 10
851.219
 20
-1104.723
 40
3.83
 50
8.499
 51
15.566
  0
ARC
  8
APS_GEOMETRY
 10
851.359
 20
-1104.684
 40
3.685
 50
15.566
 51
22.909
  0
ARC
  8
APS_GEOMETRY
 10
852.565
 20
-1104.174
 40
2.375
 50
22.909
 51
32.057
  0
ARC
  8
APS_GEOMETRY
 10
853.513
 20
-1103.577
 40
1.255
 50
31.921
 51
42.51
  0
ARC
  8
APS_GEOMETRY
 10
853.773
 20
-1103.339
 40
0.902
 50
42.51
 51
55.008
  0
ARC
  8
APS_GEOMETRY
 10
853.861
 20
-1103.213
 40
0.749
 50
55.008
 51
69.88
  0
ARC
  8
APS_GEOMETRY
 10
853.94
 20
-1102.998
 40
0.52
 50
69.88
 51
87.754
  0
ARC
  8
APS_GEOMETRY
 10
859.322
 20
-1104.46
 40
0.242
 50
90.0
 51
115.837
  0
ARC
  8
APS_GEOMETRY
 10
859.263
 20
-1104.337
 40
0.105
 50
115.837
 51
155.462
  0
ARC
  8
APS_GEOMETRY
 10
859.332
 20
-1104.369
 40
0.182
 50
155.462
 51
168.366
  0
ARC
  8
APS_GEOMETRY
 10
859.967
 20
-1104.5
 40
0.83
 50
168.366
 51
174.395
  0
ARC
  8
APS_GEOMETRY
 10
860.606
 20
-1104.563
 40
1.472
 50
174.395
 51
177.813
  0
ARC
  8
APS_GEOMETRY
 10
862.729
 20
-1104.644
 40
3.597
 50
177.813
 51
180.0
  0
ARC
  8
APS_GEOMETRY
 10
864.266
 20
-1104.644
 40
5.133
 50
180.0
 51
184.62
  0
ARC
  8
APS_GEOMETRY
 10
860.824
 20
-1104.922
 40
1.68
 50
184.62
 51
192.7
  0
ARC
  8
APS_GEOMETRY
 10
859.497
 20
-1105.213
 40
0.322
 50
194.036
 51
205.821
  0
ARC
  8
APS_GEOMETRY
 10
859.357
 20
-1105.281
 40
0.166
 50
205.821
 51
222.274
  0
ARC
  8
APS_GEOMETRY
 10
859.4
 20
-1105.242
 40
0.224
 50
222.274
 51
234.605
  0
ARC
  8
APS_GEOMETRY
 10
859.886
 20
-1104.558
 40
1.063
 50
234.605
 51
240.255
  0
ARC
  8
APS_GEOMETRY
 10
859.147
 20
-1105.865
 40
0.439
 50
34.592
 51
61.189
  0
ARC
  8
APS_GEOMETRY
 10
859.292
 20
-1105.765
 40
0.263
 50
360.0
 51
34.592
  0
ARC
  8
APS_GEOMETRY
 10
859.301
 20
-1105.765
 40
0.254
 50
318.231
 51
360.0
  0
ARC
  8
APS_GEOMETRY
 10
859.131
 20
-1105.614
 40
0.482
 50
288.227
 51
318.231
  0
ARC
  8
APS_GEOMETRY
 10
858.955
 20
-1105.079
 40
1.045
 50
280.377
 51
288.227
  0
ARC
  8
APS_GEOMETRY
 10
858.648
 20
-1103.403
 40
2.749
 50
275.541
 51
280.377
  0
ARC
  8
APS_GEOMETRY
 10
858.515
 20
-1102.039
 40
4.119
 50
272.304
 51
275.541
  0
ARC
  8
APS_GEOMETRY
 10
858.354
 20
-1098.035
 40
8.126
 50
270.0
 51
272.304
  0
ARC
  8
APS_GEOMETRY
 10
858.354
 20
-1101.381
 40
4.78
 50
262.811
 51
270.0
  0
ARC
  8
APS_GEOMETRY
 10
857.925
 20
-1104.782
 40
1.352
 50
249.274
 51
262.811
  0
ARC
  8
APS_GEOMETRY
 10
857.656
 20
-1105.495
 40
0.59
 50
221.379
 51
249.274
  0
ARC
  8
APS_GEOMETRY
 10
857.419
 20
-1105.703
 40
0.275
 50
180.0
 51
221.379
  0
ARC
  8
APS_GEOMETRY
 10
857.417
 20
-1105.703
 40
0.273
 50
164.055
 51
180.0
  0
ARC
  8
APS_GEOMETRY
 10
857.303
 20
-1105.671
 40
0.155
 50
142.815
 51
164.055
  0
ARC
  8
APS_GEOMETRY
 10
857.375
 20
-1105.725
 40
0.244
 50
129.007
 51
142.815
  0
ARC
  8
APS_GEOMETRY
 10
858.254
 20
-1106.81
 40
1.641
 50
123.69
 51
129.007
  0
ARC
  8
APS_GEOMETRY
 10
857.007
 20
-1104.933
 40
0.613
 50
303.389
 51
319.022
  0
ARC
  8
APS_GEOMETRY
 10
857.172
 20
-1105.077
 40
0.393
 50
319.022
 51
338.575
  0
ARC
  8
APS_GEOMETRY
 10
856.95
 20
-1104.99
 40
0.632
 50
338.575
 51
351.049
  0
ARC
  8
APS_GEOMETRY
 10
854.27
 20
-1104.568
 40
3.345
 50
351.049
 51
356.46
  0
ARC
  8
APS_GEOMETRY
 10
855.153
 20
-1104.602
 40
2.461
 50
355.972
 51
358.68
  0
ARC
  8
APS_GEOMETRY
 10
826.134
 20
-1103.933
 40
31.488
 50
358.68
 51
359.437
  0
LINE
  8
APS_GEOMETRY
 10
857.621
 11
857.624
 20
-1104.242
 21
-1103.751
  0
LINE
  8
APS_GEOMETRY
 10
857.624
 11
857.625
 20
-1103.751
 21
-1103.11
  0
ARC
  8
APS_GEOMETRY
 10
850.044
 20
-1103.11
 40
7.581
 50
360.0
 51
1.717
  0
ARC
  8
APS_GEOMETRY
 10
854.101
 20
-1102.988
 40
3.522
 50
1.717
 51
4.236
  0
ARC
  8
APS_GEOMETRY
 10
855.424
 20
-1102.89
 40
2.196
 50
4.236
 51
8.269
  0
ARC
  8
APS_GEOMETRY
 10
856.946
 20
-1102.669
 40
0.657
 50
8.269
 51
15.642
  0
ARC
  8
APS_GEOMETRY
 10
857.208
 20
-1102.596
 40
0.385
 50
15.642
 51
39.417
  0
ARC
  8
APS_GEOMETRY
 10
857.214
 20
-1102.591
 40
0.378
 50
39.417
 51
63.435
  0
ARC
  8
APS_GEOMETRY
 10
857.894
 20
-1101.182
 40
1.187
 50
236.874
 51
244.486
  0
ARC
  8
APS_GEOMETRY
 10
857.388
 20
-1101.957
 40
0.261
 50
220.601
 51
236.874
  0
ARC
  8
APS_GEOMETRY
 10
857.33
 20
-1102.007
 40
0.185
 50
198.246
 51
220.601
  0
ARC
  8
APS_GEOMETRY
 10
857.417
 20
-1101.978
 40
0.276
 50
180.0
 51
198.246
  0
ARC
  8
APS_GEOMETRY
 10
857.416
 20
-1101.978
 40
0.275
 50
156.161
 51
180.0
  0
ARC
  8
APS_GEOMETRY
 10
857.454
 20
-1101.995
 40
0.317
 50
133.977
 51
156.161
  0
ARC
  8
APS_GEOMETRY
 10
857.53
 20
-1102.074
 40
0.427
 50
116.996
 51
133.977
  0
ARC
  8
APS_GEOMETRY
 10
857.682
 20
-1102.372
 40
0.761
 50
104.3
 51
116.996
  0
ARC
  8
APS_GEOMETRY
 10
857.721
 20
-1102.523
 40
0.916
 50
95.326
 51
104.349
  0
ARC
  8
APS_GEOMETRY
 10
857.88
 20
-1104.226
 40
2.627
 50
90.0
 51
95.326
  0
ARC
  8
APS_GEOMETRY
 10
857.88
 20
-1102.9
 40
1.301
 50
87.553
 51
90.0
  0
ARC
  8
APS_GEOMETRY
 10
857.603
 20
-1109.379
 40
7.786
 50
86.553
 51
87.553
  0
ARC
  8
APS_GEOMETRY
 10
857.21
 20
-1115.914
 40
14.332
 50
86.009
 51
86.553
  0
ARC
  8
APS_GEOMETRY
 10
855.679
 20
-1137.855
 40
36.327
 50
85.668
 51
86.009
  0
ARC
  8
APS_GEOMETRY
 10
858.544
 20
-1100.124
 40
1.513
 50
265.426
 51
268.531
  0
ARC
  8
APS_GEOMETRY
 10
858.678
 20
-1094.88
 40
6.759
 50
268.531
 51
270.0
  0
ARC
  8
APS_GEOMETRY
 10
858.678
 20
-1096.487
 40
5.151
 50
270.0
 51
271.637
  0
ARC
  8
APS_GEOMETRY
 10
858.563
 20
-1092.459
 40
9.181
 50
271.637
 51
272.862
  0
ARC
  8
APS_GEOMETRY
 10
858.431
 20
-1089.816
 40
11.827
 50
272.862
 51
273.814
  0
ARC
  8
APS_GEOMETRY
 10
857.984
 20
-1083.105
 40
18.553
 50
273.814
 51
274.574
  0
ARC
  8
APS_GEOMETRY
 10
860.79
 20
-1119.604
 40
18.054
 50
93.72
 51
94.214
  0
ARC
  8
APS_GEOMETRY
 10
860.191
 20
-1110.393
 40
8.823
 50
93.013
 51
93.72
  0
ARC
  8
APS_GEOMETRY
 10
860.027
 20
-1107.273
 40
5.699
 50
91.918
 51
93.013
  0
ARC
  8
APS_GEOMETRY
 10
859.898
 20
-1103.431
 40
1.855
 50
90.0
 51
91.918
  0
ARC
  8
APS_GEOMETRY
 10
859.898
 20
-1103.987
 40
2.411
 50
73.82
 51
90.0
  0
ARC
  8
APS_GEOMETRY
 10
860.136
 20
-1103.168
 40
1.558
 50
53.658
 51
73.82
  0
ARC
  8
APS_GEOMETRY
 10
860.474
 20
-1102.706
 40
0.986
 50
26.03
 51
53.569
  0
ARC
  8
APS_GEOMETRY
 10
860.37
 20
-1102.757
 40
1.101
 50
360.0
 51
26.03
  0
ARC
  8
APS_GEOMETRY
 10
860.327
 20
-1102.757
 40
1.144
 50
345.282
 51
360.0
  0
ARC
  8
APS_GEOMETRY
 10
860.437
 20
-1102.786
 40
1.03
 50
329.767
 51
345.282
  0
ARC
  8
APS_GEOMETRY
 10
860.499
 20
-1102.822
 40
0.958
 50
313.168
 51
329.767
  0
ARC
  8
APS_GEOMETRY
 10
860.522
 20
-1102.846
 40
0.925
 50
296.267
 51
313.168
  0
ARC
  8
APS_GEOMETRY
 10
861.049
 20
-1103.91
 40
0.262
 50
116.565
 51
139.899
  0
ARC
  8
APS_GEOMETRY
 10
860.918
 20
-1103.8
 40
0.091
 50
139.899
 51
180.0
  0
ARC
  8
APS_GEOMETRY
 10
860.928
 20
-1103.8
 40
0.101
 50
180.0
 51
226.193
  0
ARC
  8
APS_GEOMETRY
 10
861.115
 20
-1103.605
 40
0.372
 50
226.193
 51
249.829
  0
ARC
  8
APS_GEOMETRY
 10
860.579
 20
-1105.081
 40
1.199
 50
53.249
 51
70.105
  0
ARC
  8
APS_GEOMETRY
 10
860.823
 20
-1104.755
 40
0.792
 50
32.471
 51
53.249
  0
ARC
  8
APS_GEOMETRY
 10
860.709
 20
-1104.827
 40
0.926
 50
23.305
 51
32.471
  0
ARC
  8
APS_GEOMETRY
 10
860.008
 20
-1105.129
 40
1.69
 50
16.521
 51
23.305
  0
ARC
  8
APS_GEOMETRY
 10
859.461
 20
-1105.291
 40
2.26
 50
11.429
 51
16.521
  0
ARC
  8
APS_GEOMETRY
 10
857.912
 20
-1105.604
 40
3.84
 50
7.524
 51
11.429
  0
ARC
  8
APS_GEOMETRY
 10
863.045
 20
-1104.921
 40
1.338
 50
187.765
 51
196.914
  0
ARC
  8
APS_GEOMETRY
 10
861.951
 20
-1105.253
 40
0.194
 50
196.914
 51
221.082
  0
ARC
  8
APS_GEOMETRY
 10
861.955
 20
-1105.25
 40
0.2
 50
221.082
 51
244.607
  0
ARC
  8
APS_GEOMETRY
 10
862.422
 20
-1104.265
 40
1.29
 50
244.607
 51
253.811
  0
ARC
  8
APS_GEOMETRY
 10
862.012
 20
-1105.666
 40
0.17
 50
51.45
 51
72.474
  0
ARC
  8
APS_GEOMETRY
 10
861.969
 20
-1105.719
 40
0.238
 50
33.69
 51
51.45
  0
ARC
  8
APS_GEOMETRY
 10
861.96
 20
-1105.726
 40
0.25
 50
16.639
 51
33.69
  0
ARC
  8
APS_GEOMETRY
 10
861.948
 20
-1105.729
 40
0.262
 50
360.0
 51
16.639
  0
ARC
  8
APS_GEOMETRY
 10
861.944
 20
-1105.729
 40
0.266
 50
338.993
 51
360.0
  0
ARC
  8
APS_GEOMETRY
 10
861.781
 20
-1105.667
 40
0.44
 50
322.696
 51
338.993
  0
ARC
  8
APS_GEOMETRY
 10
861.721
 20
-1105.621
 40
0.516
 50
308.603
 51
322.696
  0
ARC
  8
APS_GEOMETRY
 10
861.679
 20
-1105.569
 40
0.583
 50
295.346
 51
308.603
  0
ARC
  8
APS_GEOMETRY
 10
861.46
 20
-1105.086
 40
1.113
 50
279.583
 51
294.905
  0
ARC
  8
APS_GEOMETRY
 10
861.173
 20
-1103.388
 40
2.835
 50
270.0
 51
279.583
  0
ARC
  8
APS_GEOMETRY
 10
861.173
 20
-1104.156
 40
2.067
 50
261.247
 51
270.0
  0
ARC
  8
APS_GEOMETRY
 10
861.041
 20
-1105.016
 40
1.197
 50
249.737
 51
261.247
  0
ARC
  8
APS_GEOMETRY
 10
860.954
 20
-1105.252
 40
0.946
 50
235.345
 51
249.737
  0
ARC
  8
APS_GEOMETRY
 10
860.844
 20
-1105.411
 40
0.752
 50
219.198
 51
235.345
  0
ARC
  8
APS_GEOMETRY
 10
861.075
 20
-1105.214
 40
1.056
 50
209.076
 51
219.56
  0
ARC
  8
APS_GEOMETRY
 10
861.609
 20
-1104.917
 40
1.667
 50
200.735
 51
209.076
  0
ARC
  8
APS_GEOMETRY
 10
862.346
 20
-1104.638
 40
2.455
 50
197.881
 51
200.735
  0
ARC
  8
APS_GEOMETRY
 10
865.375
 20
-1103.661
 40
5.637
 50
195.997
 51
197.881
  0
ARC
  8
APS_GEOMETRY
 10
867.613
 20
-1103.019
 40
7.966
 50
194.664
 51
195.997
  0
ARC
  8
APS_GEOMETRY
 10
873.812
 20
-1101.397
 40
14.374
 50
193.671
 51
194.664
  0
ARC
  8
APS_GEOMETRY
 10
858.091
 20
-1105.219
 40
1.805
 50
13.61
 51
23.585
  0
ARC
  8
APS_GEOMETRY
 10
859.273
 20
-1104.703
 40
0.515
 50
23.585
 51
42.31
  0
ARC
  8
APS_GEOMETRY
 10
859.38
 20
-1104.605
 40
0.371
 50
42.31
 51
67.521
  0
ARC
  8
APS_GEOMETRY
 10
859.295
 20
-1104.81
 40
0.592
 50
67.521
 51
87.397
  0
LINE
  8
APS_GEOMETRY
 10
859.136
 11
859.1
 20
-1102.551
 21
-1103.313
  0
LINE
  8
APS_GEOMETRY
 10
859.1
 11
859.1
 20
-1103.313
 21
-1103.325
  0
LINE
  8
APS_GEOMETRY
 10
859.1
 11
859.1
 20
-1103.325
 21
-1103.342
  0
ARC
  8
APS_GEOMETRY
 10
859.629
 20
-1103.342
 40
0.529
 50
180.0
 51
192.339
  0
ARC
  8
APS_GEOMETRY
 10
859.209
 20
-1103.434
 40
0.099
 50
192.339
 51
221.186
  0
ARC
  8
APS_GEOMETRY
 10
859.198
 20
-1103.443
 40
0.085
 50
221.186
 51
253.872
  0
ARC
  8
APS_GEOMETRY
 10
859.27
 20
-1103.195
 40
0.343
 50
253.872
 51
270.0
  0
ARC
  8
APS_GEOMETRY
 10
859.27
 20
-1102.741
 40
0.797
 50
270.0
 51
289.569
  0
ARC
  8
APS_GEOMETRY
 10
859.415
 20
-1103.149
 40
0.364
 50
289.569
 51
318.681
  0
ARC
  8
APS_GEOMETRY
 10
859.376
 20
-1103.114
 40
0.417
 50
318.681
 51
344.628
  0
ARC
  8
APS_GEOMETRY
 10
858.645
 20
-1102.914
 40
1.174
 50
344.628
 51
0.0
  0
ARC
  8
APS_GEOMETRY
 10
858.993
 20
-1102.914
 40
0.827
 50
0.0
 51
35.369
  0
ARC
  8
APS_GEOMETRY
 10
859.371
 20
-1102.645
 40
0.362
 50
35.369
 51
90.0
  0
ARC
  8
APS_GEOMETRY
 10
859.371
 20
-1102.649
 40
0.366
 50
90.0
 51
108.435
  0
ARC
  8
APS_GEOMETRY
 10
859.3
 20
-1102.435
 40
0.141
 50
108.435
 51
138.366
  0
ARC
  8
APS_GEOMETRY
 10
859.319
 20
-1102.452
 40
0.167
 50
138.366
 51
164.291
  0
ARC
  8
APS_GEOMETRY
 10
859.768
 20
-1102.578
 40
0.632
 50
164.291
 51
177.51
  0
LINE
  8
APS_GEOMETRY
 10
864.958
 11
866.586
 20
-1101.789
 21
-1103.214
  0
ARC
  8
APS_GEOMETRY
 10
868.11
 20
-1101.467
 40
2.318
 50
228.93
 51
232.674
  0
ARC
  8
APS_GEOMETRY
 10
867.262
 20
-1102.578
 40
0.921
 50
232.674
 51
238.617
  0
ARC
  8
APS_GEOMETRY
 10
867.049
 20
-1102.927
 40
0.512
 50
238.617
 51
249.131
  0
ARC
  8
APS_GEOMETRY
 10
866.914
 20
-1103.283
 40
0.131
 50
249.131
 51
270.0
  0
ARC
  8
APS_GEOMETRY
 10
866.914
 20
-1103.299
 40
0.115
 50
270.0
 51
334.898
  0
ARC
  8
APS_GEOMETRY
 10
866.384
 20
-1103.051
 40
0.7
 50
334.898
 51
0.0
  0
ARC
  8
APS_GEOMETRY
 10
861.261
 20
-1103.051
 40
5.823
 50
360.0
 51
2.026
  0
ARC
  8
APS_GEOMETRY
 10
864.349
 20
-1102.942
 40
2.732
 50
2.026
 51
4.984
  0
ARC
  8
APS_GEOMETRY
 10
865.359
 20
-1102.854
 40
1.719
 50
4.984
 51
9.673
  0
ARC
  8
APS_GEOMETRY
 10
866.523
 20
-1102.655
 40
0.538
 50
9.673
 51
18.06
  0
ARC
  8
APS_GEOMETRY
 10
866.7
 20
-1102.597
 40
0.352
 50
18.06
 51
42.397
  0
ARC
  8
APS_GEOMETRY
 10
866.643
 20
-1102.65
 40
0.429
 50
42.397
 51
64.398
  0
ARC
  8
APS_GEOMETRY
 10
867.165
 20
-1101.571
 40
0.769
 50
233.633
 51
244.026
  0
ARC
  8
APS_GEOMETRY
 10
866.881
 20
-1101.957
 40
0.29
 50
216.656
 51
233.633
  0
ARC
  8
APS_GEOMETRY
 10
866.837
 20
-1101.99
 40
0.235
 50
196.082
 51
216.656
  0
ARC
  8
APS_GEOMETRY
 10
866.98
 20
-1101.949
 40
0.383
 50
180.0
 51
196.082
  0
ARC
  8
APS_GEOMETRY
 10
866.875
 20
-1101.949
 40
0.279
 50
133.202
 51
180.0
  0
ARC
  8
APS_GEOMETRY
 10
867.095
 20
-1102.183
 40
0.6
 50
101.788
 51
133.202
  0
ARC
  8
APS_GEOMETRY
 10
867.146
 20
-1102.413
 40
0.835
 50
96.633
 51
102.011
  0
ARC
  8
APS_GEOMETRY
 10
867.332
 20
-1104.012
 40
2.445
 50
93.489
 51
96.633
  0
ARC
  8
APS_GEOMETRY
 10
867.412
 20
-1105.317
 40
3.753
 50
91.439
 51
93.489
  0
ARC
  8
APS_GEOMETRY
 10
867.509
 20
-1109.177
 40
7.614
 50
90.0
 51
91.439
  0
ARC
  8
APS_GEOMETRY
 10
867.509
 20
-1108.659
 40
7.096
 50
87.994
 51
90.0
  0
ARC
  8
APS_GEOMETRY
 10
867.638
 20
-1104.975
 40
3.41
 50
85.101
 51
87.994
  0
ARC
  8
APS_GEOMETRY
 10
867.742
 20
-1103.754
 40
2.184
 50
80.595
 51
85.101
  0
ARC
  8
APS_GEOMETRY
 10
867.981
 20
-1102.312
 40
0.723
 50
72.759
 51
80.595
  0
ARC
  8
APS_GEOMETRY
 10
868.054
 20
-1102.088
 40
0.488
 50
40.956
 51
73.072
  0
ARC
  8
APS_GEOMETRY
 10
868.192
 20
-1101.968
 40
0.305
 50
360.0
 51
40.956
  0
ARC
  8
APS_GEOMETRY
 10
868.21
 20
-1101.968
 40
0.286
 50
322.573
 51
360.0
  0
ARC
  8
APS_GEOMETRY
 10
868.059
 20
-1101.853
 40
0.476
 50
293.749
 51
322.573
  0
ARC
  8
APS_GEOMETRY
 10
868.664
 20
-1103.241
 40
1.038
 50
113.429
 51
119.291
  0
ARC
  8
APS_GEOMETRY
 10
868.26
 20
-1102.521
 40
0.212
 50
119.291
 51
132.274
  0
ARC
  8
APS_GEOMETRY
 10
868.237
 20
-1102.496
 40
0.178
 50
132.274
 51
147.653
  0
ARC
  8
APS_GEOMETRY
 10
868.405
 20
-1102.602
 40
0.377
 50
147.653
 51
158.199
  0
ARC
  8
APS_GEOMETRY
 10
868.661
 20
-1102.71
 40
0.655
 50
157.751
 51
167.885
  0
ARC
  8
APS_GEOMETRY
 10
870.023
 20
-1103.003
 40
2.048
 50
167.885
 51
173.61
  0
ARC
  8
APS_GEOMETRY
 10
871.227
 20
-1103.137
 40
3.26
 50
173.61
 51
177.221
  0
ARC
  8
APS_GEOMETRY
 10
874.943
 20
-1103.318
 40
6.98
 50
177.221
 51
179.689
  0
LINE
  8
APS_GEOMETRY
 10
867.963
 11
867.963
 20
-1103.28
 21
-1104.346
  0
ARC
  8
APS_GEOMETRY
 10
911.5
 20
-1104.346
 40
43.537
 50
180.0
 51
180.161
  0
ARC
  8
APS_GEOMETRY
 10
949.282
 20
-1104.24
 40
81.319
 50
180.161
 51
180.279
  0
LINE
  8
APS_GEOMETRY
 10
867.964
 11
867.965
 20
-1104.636
 21
-1104.815
  0
LINE
  8
APS_GEOMETRY
 10
867.965
 11
867.967
 20
-1104.815
 21
-1105.016
  0
ARC
  8
APS_GEOMETRY
 10
860.198
 20
-1105.061
 40
7.769
 50
358.204
 51
0.326
  0
ARC
  8
APS_GEOMETRY
 10
863.894
 20
-1105.176
 40
4.071
 50
355.274
 51
358.204
  0
ARC
  8
APS_GEOMETRY
 10
865.18
 20
-1105.283
 40
2.781
 50
350.991
 51
355.274
  0
ARC
  8
APS_GEOMETRY
 10
866.818
 20
-1105.542
 40
1.122
 50
344.249
 51
350.991
  0
ARC
  8
APS_GEOMETRY
 10
867.371
 20
-1105.701
 40
0.547
 50
314.415
 51
344.445
  0
ARC
  8
APS_GEOMETRY
 10
867.574
 20
-1105.908
 40
0.257
 50
270.0
 51
314.415
  0
ARC
  8
APS_GEOMETRY
 10
867.574
 20
-1105.748
 40
0.416
 50
256.342
 51
270.0
  0
ARC
  8
APS_GEOMETRY
 10
867.544
 20
-1105.87
 40
0.29
 50
239.982
 51
256.342
  0
ARC
  8
APS_GEOMETRY
 10
867.674
 20
-1105.646
 40
0.549
 50
231.153
 51
239.982
  0
ARC
  8
APS_GEOMETRY
 10
869.849
 20
-1102.946
 40
4.017
 50
227.891
 51
231.153
  0
LINE
  8
APS_GEOMETRY
 10
867.156
 11
865.216
 20
-1105.926
 21
-1104.189
  0
ARC
  8
APS_GEOMETRY
 10
864.469
 20
-1105.016
 40
1.115
 50
47.911
 51
61.468
  0
ARC
  8
APS_GEOMETRY
 10
864.879
 20
-1104.262
 40
0.256
 50
61.468
 51
90.0
  0
ARC
  8
APS_GEOMETRY
 10
864.879
 20
-1104.118
 40
0.112
 50
90.0
 51
133.195
  0
ARC
  8
APS_GEOMETRY
 10
864.99
 20
-1104.235
 40
0.273
 50
133.195
 51
160.454
  0
ARC
  8
APS_GEOMETRY
 10
865.344
 20
-1104.361
 40
0.649
 50
160.454
 51
173.251
  0
ARC
  8
APS_GEOMETRY
 10
867.011
 20
-1104.559
 40
2.328
 50
173.251
 51
180.0
  0
ARC
  8
APS_GEOMETRY
 10
871.545
 20
-1104.559
 40
6.862
 50
180.0
 51
181.897
  0
ARC
  8
APS_GEOMETRY
 10
867.911
 20
-1104.679
 40
3.226
 50
181.897
 51
184.664
  0
ARC
  8
APS_GEOMETRY
 10
866.72
 20
-1104.776
 40
2.03
 50
184.664
 51
189.048
  0
ARC
  8
APS_GEOMETRY
 10
865.339
 20
-1104.996
 40
0.633
 50
189.048
 51
196.905
  0
ARC
  8
APS_GEOMETRY
 10
865.12
 20
-1105.062
 40
0.404
 50
196.905
 51
220.253
  0
ARC
  8
APS_GEOMETRY
 10
865.125
 20
-1105.059
 40
0.41
 50
220.253
 51
243.435
  0
ARC
  8
APS_GEOMETRY
 10
864.725
 20
-1105.865
 40
0.49
 50
37.921
 51
63.778
  0
ARC
  8
APS_GEOMETRY
 10
864.928
 20
-1105.706
 40
0.232
 50
360.0
 51
37.921
  0
ARC
  8
APS_GEOMETRY
 10
864.838
 20
-1105.706
 40
0.323
 50
324.268
 51
360.0
  0
ARC
  8
APS_GEOMETRY
 10
864.717
 20
-1105.62
 40
0.471
 50
294.86
 51
324.268
  0
ARC
  8
APS_GEOMETRY
 10
864.517
 20
-1105.189
 40
0.946
 50
278.78
 51
294.86
  0
ARC
  8
APS_GEOMETRY
 10
864.179
 20
-1103.001
 40
3.16
 50
270.0
 51
278.78
  0
ARC
  8
APS_GEOMETRY
 10
864.179
 20
-1103.568
 40
2.593
 50
260.383
 51
270.0
  0
ARC
  8
APS_GEOMETRY
 10
863.906
 20
-1105.181
 40
0.957
 50
244.522
 51
260.383
  0
ARC
  8
APS_GEOMETRY
 10
863.708
 20
-1105.596
 40
0.497
 50
216.549
 51
244.522
  0
ARC
  8
APS_GEOMETRY
 10
863.546
 20
-1105.716
 40
0.295
 50
180.0
 51
216.549
  0
ARC
  8
APS_GEOMETRY
 10
863.651
 20
-1105.716
 40
0.401
 50
164.65
 51
180.0
  0
ARC
  8
APS_GEOMETRY
 10
863.423
 20
-1105.654
 40
0.164
 50
140.528
 51
164.65
  0
ARC
  8
APS_GEOMETRY
 10
863.515
 20
-1105.73
 40
0.283
 50
126.135
 51
140.528
  0
ARC
  8
APS_GEOMETRY
 10
864.481
 20
-1107.052
 40
1.921
 50
120.619
 51
126.135
  0
ARC
  8
APS_GEOMETRY
 10
863.336
 20
-1105.12
 40
0.325
 50
300.784
 51
330.068
  0
ARC
  8
APS_GEOMETRY
 10
863.12
 20
-1104.995
 40
0.575
 50
330.068
 51
351.983
  0
ARC
  8
APS_GEOMETRY
 10
859.483
 20
-1104.521
 40
4.242
 50
352.493
 51
355.365
  0
ARC
  8
APS_GEOMETRY
 10
855.097
 20
-1104.165
 40
8.643
 50
355.365
 51
357.376
  0
ARC
  8
APS_GEOMETRY
 10
852.026
 20
-1104.025
 40
11.717
 50
357.376
 51
358.861
  0
ARC
  8
APS_GEOMETRY
 10
843.843
 20
-1103.862
 40
19.901
 50
358.861
 51
0.0
  0
ARC
  8
APS_GEOMETRY
 10
851.202
 20
-1103.862
 40
12.542
 50
360.0
 51
1.926
  0
ARC
  8
APS_GEOMETRY
 10
857.041
 20
-1103.666
 40
6.701
 50
1.926
 51
4.562
  0
ARC
  8
APS_GEOMETRY
 10
859.099
 20
-1103.501
 40
4.635
 50
4.562
 51
8.366
  0
ARC
  8
APS_GEOMETRY
 10
861.777
 20
-1103.108
 40
1.929
 50
8.366
 51
14.265
  0
ARC
  8
APS_GEOMETRY
 10
862.79
 20
-1102.852
 40
0.884
 50
14.349
 51
23.629
  0
ARC
  8
APS_GEOMETRY
 10
863.303
 20
-1102.627
 40
0.324
 50
23.629
 51
38.991
  0
ARC
  8
APS_GEOMETRY
 10
863.305
 20
-1102.625
 40
0.322
 50
38.991
 51
54.462
  0
ARC
  8
APS_GEOMETRY
 10
863.005
 20
-1103.046
 40
0.838
 50
54.462
 51
64.026
  0
ARC
  8
APS_GEOMETRY
 10
863.852
 20
-1101.309
 40
1.094
 50
235.472
 51
243.947
  0
ARC
  8
APS_GEOMETRY
 10
863.414
 20
-1101.946
 40
0.322
 50
219.806
 51
235.472
  0
ARC
  8
APS_GEOMETRY
 10
863.348
 20
-1102.001
 40
0.235
 50
198.939
 51
219.806
  0
ARC
  8
APS_GEOMETRY
 10
863.395
 20
-1101.985
 40
0.285
 50
180.0
 51
198.939
  0
ARC
  8
APS_GEOMETRY
 10
863.381
 20
-1101.985
 40
0.271
 50
126.254
 51
180.0
  0
ARC
  8
APS_GEOMETRY
 10
863.795
 20
-1102.549
 40
0.971
 50
98.616
 51
126.254
  0
ARC
  8
APS_GEOMETRY
 10
863.853
 20
-1103.016
 40
1.441
 50
94.456
 51
98.13
  0
ARC
  8
APS_GEOMETRY
 10
864.078
 20
-1105.901
 40
4.335
 50
92.337
 51
94.456
  0
ARC
  8
APS_GEOMETRY
 10
864.174
 20
-1108.249
 40
6.685
 50
90.963
 51
92.337
  0
ARC
  8
APS_GEOMETRY
 10
864.291
 20
-1115.184
 40
13.621
 50
90.0
 51
90.963
  0
ARC
  8
APS_GEOMETRY
 10
864.291
 20
-1104.045
 40
2.482
 50
83.928
 51
90.0
  0
ARC
  8
APS_GEOMETRY
 10
864.494
 20
-1102.131
 40
0.558
 50
71.095
 51
83.928
  0
ARC
  8
APS_GEOMETRY
 10
864.513
 20
-1102.077
 40
0.5
 50
56.848
 51
71.095
  0
ARC
  8
APS_GEOMETRY
 10
863.963
 20
-1102.92
 40
1.506
 50
48.652
 51
56.848
  0
ARC
  8
APS_GEOMETRY
 10
870.839
 20
-1105.624
 40
4.061
 50
84.71
 51
90.0
  0
ARC
  8
APS_GEOMETRY
 10
870.913
 20
-1104.82
 40
3.253
 50
78.799
 51
84.71
  0
ARC
  8
APS_GEOMETRY
 10
871.395
 20
-1102.385
 40
0.772
 50
49.783
 51
78.771
  0
ARC
  8
APS_GEOMETRY
 10
871.717
 20
-1102.004
 40
0.273
 50
360.0
 51
49.783
  0
ARC
  8
APS_GEOMETRY
 10
871.688
 20
-1102.004
 40
0.302
 50
342.759
 51
360.0
  0
ARC
  8
APS_GEOMETRY
 10
871.845
 20
-1102.053
 40
0.137
 50
317.045
 51
342.759
  0
ARC
  8
APS_GEOMETRY
 10
871.769
 20
-1101.982
 40
0.241
 50
301.817
 51
317.045
  0
ARC
  8
APS_GEOMETRY
 10
870.644
 20
-1100.168
 40
2.376
 50
296.98
 51
301.817
  0
ARC
  8
APS_GEOMETRY
 10
871.844
 20
-1102.53
 40
0.273
 50
116.565
 51
149.078
  0
ARC
  8
APS_GEOMETRY
 10
872.196
 20
-1102.741
 40
0.683
 50
149.078
 51
169.469
  0
ARC
  8
APS_GEOMETRY
 10
872.946
 20
-1102.88
 40
1.447
 50
169.469
 51
174.598
  0
ARC
  8
APS_GEOMETRY
 10
876.813
 20
-1103.246
 40
5.33
 50
174.598
 51
177.269
  0
ARC
  8
APS_GEOMETRY
 10
880.212
 20
-1103.408
 40
8.734
 50
177.269
 51
178.901
  0
ARC
  8
APS_GEOMETRY
 10
890.743
 20
-1103.61
 40
19.267
 50
178.901
 51
180.0
  0
ARC
  8
APS_GEOMETRY
 10
912.142
 20
-1103.61
 40
40.666
 50
180.0
 51
180.88
  0
ARC
  8
APS_GEOMETRY
 10
887.09
 20
-1103.995
 40
15.611
 50
180.88
 51
182.3
  0
ARC
  8
APS_GEOMETRY
 10
879.767
 20
-1104.289
 40
8.282
 50
182.3
 51
184.974
  0
ARC
  8
APS_GEOMETRY
 10
872.785
 20
-1104.897
 40
1.274
 50
184.974
 51
191.793
  0
ARC
  8
APS_GEOMETRY
 10
871.974
 20
-1105.052
 40
0.448
 50
193.57
 51
205.787
  0
ARC
  8
APS_GEOMETRY
 10
871.773
 20
-1105.149
 40
0.224
 50
205.787
 51
223.091
  0
ARC
  8
APS_GEOMETRY
 10
871.824
 20
-1105.101
 40
0.294
 50
223.091
 51
236.441
  0
ARC
  8
APS_GEOMETRY
 10
872.252
 20
-1104.456
 40
1.069
 50
236.441
 51
243.435
  0
ARC
  8
APS_GEOMETRY
 10
871.596
 20
-1105.803
 40
0.429
 50
37.185
 51
65.556
  0
ARC
  8
APS_GEOMETRY
 10
871.736
 20
-1105.697
 40
0.254
 50
0.0
 51
37.185
  0
ARC
  8
APS_GEOMETRY
 10
871.729
 20
-1105.697
 40
0.261
 50
312.039
 51
360.0
  0
ARC
  8
APS_GEOMETRY
 10
871.417
 20
-1105.352
 40
0.726
 50
283.815
 51
312.039
  0
ARC
  8
APS_GEOMETRY
 10
870.903
 20
-1103.221
 40
2.917
 50
279.273
 51
283.627
  0
ARC
  8
APS_GEOMETRY
 10
870.698
 20
-1101.963
 40
4.193
 50
275.641
 51
279.273
  0
ARC
  8
APS_GEOMETRY
 10
870.619
 20
-1101.167
 40
4.992
 50
272.588
 51
275.641
  0
ARC
  8
APS_GEOMETRY
 10
870.531
 20
-1099.215
 40
6.946
 50
270.0
 51
272.588
  0
ARC
  8
APS_GEOMETRY
 10
870.531
 20
-1101.972
 40
4.189
 50
262.774
 51
270.0
  0
ARC
  8
APS_GEOMETRY
 10
870.153
 20
-1104.95
 40
1.187
 50
249.175
 51
262.774
  0
ARC
  8
APS_GEOMETRY
 10
869.916
 20
-1105.574
 40
0.519
 50
221.23
 51
249.175
  0
ARC
  8
APS_GEOMETRY
 10
869.709
 20
-1105.756
 40
0.244
 50
180.0
 51
221.23
  0
ARC
  8
APS_GEOMETRY
 10
869.669
 20
-1105.756
 40
0.204
 50
142.696
 51
180.0
  0
ARC
  8
APS_GEOMETRY
 10
869.991
 20
-1106.001
 40
0.609
 50
121.357
 51
142.696
  0
ARC
  8
APS_GEOMETRY
 10
869.447
 20
-1105.109
 40
0.435
 50
301.477
 51
324.728
  0
ARC
  8
APS_GEOMETRY
 10
869.505
 20
-1105.151
 40
0.364
 50
324.728
 51
350.181
  0
ARC
  8
APS_GEOMETRY
 10
867.681
 20
-1104.849
 40
2.213
 50
350.538
 51
355.423
  0
ARC
  8
APS_GEOMETRY
 10
860.186
 20
-1104.249
 40
9.732
 50
355.423
 51
357.752
  0
ARC
  8
APS_GEOMETRY
 10
853.226
 20
-1103.976
 40
16.697
 50
357.752
 51
359.111
  0
ARC
  8
APS_GEOMETRY
 10
830.952
 20
-1103.63
 40
38.974
 50
359.111
 51
0.0
  0
ARC
  8
APS_GEOMETRY
 10
856.404
 20
-1103.63
 40
13.522
 50
0.0
 51
1.773
  0
ARC
  8
APS_GEOMETRY
 10
864.34
 20
-1103.384
 40
5.583
 50
1.773
 51
4.532
  0
ARC
  8
APS_GEOMETRY
 10
866.752
 20
-1103.193
 40
3.163
 50
4.532
 51
9.384
  0
ARC
  8
APS_GEOMETRY
 10
869.201
 20
-1102.788
 40
0.68
 50
9.384
 51
19.855
  0
ARC
  8
APS_GEOMETRY
 10
869.525
 20
-1102.665
 40
0.334
 50
18.853
 51
42.158
  0
ARC
  8
APS_GEOMETRY
 10
869.248
 20
-1102.916
 40
0.708
 50
42.158
 51
58.092
  0
ARC
  8
APS_GEOMETRY
 10
870.47
 20
-1101.027
 40
1.543
 50
230.711
 51
236.634
  0
ARC
  8
APS_GEOMETRY
 10
869.702
 20
-1101.966
 40
0.33
 50
217.875
 51
230.711
  0
ARC
  8
APS_GEOMETRY
 10
869.597
 20
-1102.048
 40
0.196
 50
196.928
 51
217.875
  0
ARC
  8
APS_GEOMETRY
 10
869.696
 20
-1102.018
 40
0.299
 50
180.0
 51
196.928
  0
ARC
  8
APS_GEOMETRY
 10
869.631
 20
-1102.018
 40
0.235
 50
148.791
 51
180.0
  0
ARC
  8
APS_GEOMETRY
 10
869.693
 20
-1102.055
 40
0.307
 50
121.569
 51
148.791
  0
ARC
  8
APS_GEOMETRY
 10
869.803
 20
-1102.235
 40
0.518
 50
112.806
 51
121.569
  0
ARC
  8
APS_GEOMETRY
 10
870.102
 20
-1102.945
 40
1.289
 50
107.254
 51
112.806
  0
ARC
  8
APS_GEOMETRY
 10
870.285
 20
-1103.534
 40
1.905
 50
103.487
 51
107.254
  0
ARC
  8
APS_GEOMETRY
 10
870.704
 20
-1105.282
 40
3.702
 50
100.784
 51
103.487
  0
ARC
  8
APS_GEOMETRY
 10
870.835
 20
-1105.765
 40
4.202
 50
95.643
 51
101.31
  0
ARC
  8
APS_GEOMETRY
 10
870.839
 20
-1105.799
 40
4.236
 50
90.0
 51
95.643
  0
ARC
  8
APS_GEOMETRY
 10
874.906
 20
-1103.666
 40
2.126
 50
77.257
 51
90.0
  0
ARC
  8
APS_GEOMETRY
 10
874.884
 20
-1103.762
 40
2.224
 50
64.799
 51
77.257
  0
ARC
  8
APS_GEOMETRY
 10
876.716
 20
-1099.862
 40
2.084
 50
244.885
 51
251.175
  0
ARC
  8
APS_GEOMETRY
 10
876.119
 20
-1101.613
 40
0.235
 50
251.175
 51
270.0
  0
ARC
  8
APS_GEOMETRY
 10
876.119
 20
-1101.467
 40
0.381
 50
270.0
 51
278.82
  0
ARC
  8
APS_GEOMETRY
 10
875.873
 20
-1099.882
 40
1.984
 50
278.82
 51
282.68
  0
ARC
  8
APS_GEOMETRY
 10
876.388
 20
-1102.16
 40
0.351
 50
95.906
 51
102.995
  0
ARC
  8
APS_GEOMETRY
 10
876.403
 20
-1102.314
 40
0.506
 50
90.0
 51
95.906
  0
ARC
  8
APS_GEOMETRY
 10
876.403
 20
-1102.144
 40
0.336
 50
62.447
 51
90.0
  0
ARC
  8
APS_GEOMETRY
 10
876.344
 20
-1102.258
 40
0.465
 50
39.094
 51
62.447
  0
ARC
  8
APS_GEOMETRY
 10
875.72
 20
-1102.779
 40
1.277
 50
18.435
 51
39.611
  0
ARC
  8
APS_GEOMETRY
 10
875.338
 20
-1102.907
 40
1.681
 50
360.0
 51
18.435
  0
ARC
  8
APS_GEOMETRY
 10
876.185
 20
-1102.907
 40
0.833
 50
334.877
 51
360.0
  0
ARC
  8
APS_GEOMETRY
 10
876.436
 20
-1103.025
 40
0.557
 50
304.007
 51
334.877
  0
ARC
  8
APS_GEOMETRY
 10
876.431
 20
-1103.013
 40
0.569
 50
286.39
 51
303.69
  0
ARC
  8
APS_GEOMETRY
 10
876.413
 20
-1102.951
 40
0.633
 50
270.0
 51
286.39
  0
ARC
  8
APS_GEOMETRY
 10
876.413
 20
-1102.958
 40
0.626
 50
255.155
 51
270.0
  0
ARC
  8
APS_GEOMETRY
 10
876.345
 20
-1103.217
 40
0.358
 50
235.491
 51
255.155
  0
ARC
  8
APS_GEOMETRY
 10
876.379
 20
-1103.167
 40
0.419
 50
218.48
 51
235.491
  0
ARC
  8
APS_GEOMETRY
 10
876.941
 20
-1102.72
 40
1.137
 50
208.179
 51
218.48
  0
ARC
  8
APS_GEOMETRY
 10
871.179
 20
-1105.848
 40
5.42
 50
28.56
 51
31.664
  0
ARC
  8
APS_GEOMETRY
 10
874.7
 20
-1103.676
 40
1.283
 50
31.664
 51
38.047
  0
ARC
  8
APS_GEOMETRY
 10
874.956
 20
-1103.476
 40
0.958
 50
38.047
 51
46.56
  0
ARC
  8
APS_GEOMETRY
 10
874.823
 20
-1103.617
 40
1.151
 50
46.56
 51
54.324
  0
ARC
  8
APS_GEOMETRY
 10
874.746
 20
-1103.749
 40
1.303
 50
54.968
 51
71.48
  0
ARC
  8
APS_GEOMETRY
 10
874.83
 20
-1103.497
 40
1.038
 50
71.48
 51
90.0
  0
ARC
  8
APS_GEOMETRY
 10
874.83
 20
-1103.184
 40
0.725
 50
90.0
 51
114.63
  0
ARC
  8
APS_GEOMETRY
 10
874.794
 20
-1103.105
 40
0.638
 50
114.63
 51
140.921
  0
ARC
  8
APS_GEOMETRY
 10
874.902
 20
-1103.192
 40
0.776
 50
140.921
 51
163.13
  0
ARC
  8
APS_GEOMETRY
 10
875.439
 20
-1103.355
 40
1.338
 50
163.13
 51
180.0
  0
ARC
  8
APS_GEOMETRY
 10
876.137
 20
-1103.355
 40
2.036
 50
180.0
 51
195.44
  0
ARC
  8
APS_GEOMETRY
 10
876.031
 20
-1103.384
 40
1.926
 50
195.44
 51
211.316
  0
ARC
  8
APS_GEOMETRY
 10
875.522
 20
-1103.683
 40
1.336
 50
211.708
 51
240.457
  0
ARC
  8
APS_GEOMETRY
 10
875.488
 20
-1103.744
 40
1.266
 50
240.457
 51
270.0
  0
ARC
  8
APS_GEOMETRY
 10
875.488
 20
-1103.435
 40
1.575
 50
270.0
 51
279.549
  0
ARC
  8
APS_GEOMETRY
 10
875.468
 20
-1103.318
 40
1.693
 50
279.549
 51
288.759
  0
ARC
  8
APS_GEOMETRY
 10
875.551
 20
-1103.561
 40
1.436
 50
288.759
 51
299.545
  0
ARC
  8
APS_GEOMETRY
 10
875.882
 20
-1104.145
 40
0.765
 50
299.545
 51
314.341
  0
ARC
  8
APS_GEOMETRY
 10
876.905
 20
-1105.208
 40
0.711
 50
120.141
 51
133.452
  0
ARC
  8
APS_GEOMETRY
 10
876.619
 20
-1104.716
 40
0.141
 50
90.0
 51
120.141
  0
ARC
  8
APS_GEOMETRY
 10
876.619
 20
-1104.798
 40
0.223
 50
61.952
 51
90.0
  0
ARC
  8
APS_GEOMETRY
 10
876.586
 20
-1104.86
 40
0.294
 50
37.569
 51
61.952
  0
ARC
  8
APS_GEOMETRY
 10
876.524
 20
-1104.908
 40
0.372
 50
17.665
 51
37.569
  0
ARC
  8
APS_GEOMETRY
 10
876.43
 20
-1104.938
 40
0.471
 50
360.0
 51
17.665
  0
ARC
  8
APS_GEOMETRY
 10
876.192
 20
-1104.938
 40
0.708
 50
344.932
 51
0.0
  0
ARC
  8
APS_GEOMETRY
 10
875.563
 20
-1104.768
 40
1.36
 50
334.075
 51
344.932
  0
ARC
  8
APS_GEOMETRY
 10
875.543
 20
-1104.759
 40
1.382
 50
323.374
 51
334.075
  0
ARC
  8
APS_GEOMETRY
 10
875.949
 20
-1105.061
 40
0.876
 50
309.92
 51
323.374
  0
ARC
  8
APS_GEOMETRY
 10
876.355
 20
-1105.54
 40
0.248
 50
289.026
 51
308.991
  0
ARC
  8
APS_GEOMETRY
 10
875.922
 20
-1104.283
 40
1.577
 50
281.143
 51
289.026
  0
ARC
  8
APS_GEOMETRY
 10
876.361
 20
-1106.561
 40
0.743
 50
100.437
 51
110.12
  0
ARC
  8
APS_GEOMETRY
 10
876.944
 20
-1108.151
 40
2.435
 50
110.12
 51
115.463
  0
ARC
  8
APS_GEOMETRY
 10
874.865
 20
-1103.802
 40
2.384
 50
282.94
 51
295.628
  0
ARC
  8
APS_GEOMETRY
 10
874.886
 20
-1103.892
 40
2.292
 50
270.0
 51
282.94
  0
ARC
  8
APS_GEOMETRY
 10
874.886
 20
-1103.756
 40
2.427
 50
257.307
 51
270.0
  0
ARC
  8
APS_GEOMETRY
 10
874.988
 20
-1103.301
 40
2.894
 50
245.686
 51
257.307
  0
ARC
  8
APS_GEOMETRY
 10
874.731
 20
-1103.866
 40
2.274
 50
228.801
 51
245.735
  0
ARC
  8
APS_GEOMETRY
 10
874.736
 20
-1103.861
 40
2.28
 50
211.891
 51
228.801
  0
ARC
  8
APS_GEOMETRY
 10
874.87
 20
-1103.764
 40
2.446
 50
196.728
 51
212.152
  0
ARC
  8
APS_GEOMETRY
 10
874.522
 20
-1103.869
 40
2.082
 50
180.0
 51
196.728
  0
ARC
  8
APS_GEOMETRY
 10
874.572
 20
-1103.869
 40
2.133
 50
161.184
 51
180.0
  0
ARC
  8
APS_GEOMETRY
 10
874.709
 20
-1103.915
 40
2.277
 50
142.98
 51
161.184
  0
ARC
  8
APS_GEOMETRY
 10
874.816
 20
-1103.997
 40
2.411
 50
127.824
 51
142.958
  0
ARC
  8
APS_GEOMETRY
 10
874.991
 20
-1104.223
 40
2.697
 50
113.52
 51
127.824
  0
ARC
  8
APS_GEOMETRY
 10
874.934
 20
-1104.091
 40
2.554
 50
101.927
 51
113.527
  0
ARC
  8
APS_GEOMETRY
 10
874.906
 20
-1103.956
 40
2.416
 50
90.0
 51
101.927
  0
ARC
  8
APS_GEOMETRY
 10
879.36
 20
-1105.624
 40
4.061
 50
84.71
 51
90.0
  0
ARC
  8
APS_GEOMETRY
 10
879.435
 20
-1104.82
 40
3.253
 50
78.799
 51
84.71
  0
ARC
  8
APS_GEOMETRY
 10
879.917
 20
-1102.385
 40
0.772
 50
49.783
 51
78.771
  0
ARC
  8
APS_GEOMETRY
 10
880.239
 20
-1102.004
 40
0.273
 50
360.0
 51
49.783
  0
ARC
  8
APS_GEOMETRY
 10
880.21
 20
-1102.004
 40
0.302
 50
342.759
 51
360.0
  0
ARC
  8
APS_GEOMETRY
 10
880.367
 20
-1102.053
 40
0.137
 50
317.045
 51
342.759
  0
ARC
  8
APS_GEOMETRY
 10
880.291
 20
-1101.982
 40
0.241
 50
301.817
 51
317.045
  0
ARC
  8
APS_GEOMETRY
 10
879.166
 20
-1100.168
 40
2.376
 50
296.98
 51
301.817
  0
ARC
  8
APS_GEOMETRY
 10
880.366
 20
-1102.53
 40
0.273
 50
116.565
 51
149.078
  0
ARC
  8
APS_GEOMETRY
 10
880.718
 20
-1102.741
 40
0.683
 50
149.078
 51
169.469
  0
ARC
  8
APS_GEOMETRY
 10
881.468
 20
-1102.88
 40
1.447
 50
169.469
 51
174.598
  0
ARC
  8
APS_GEOMETRY
 10
885.334
 20
-1103.246
 40
5.33
 50
174.598
 51
177.269
  0
ARC
  8
APS_GEOMETRY
 10
888.734
 20
-1103.408
 40
8.734
 50
177.269
 51
178.901
  0
ARC
  8
APS_GEOMETRY
 10
899.265
 20
-1103.61
 40
19.267
 50
178.901
 51
180.0
  0
ARC
  8
APS_GEOMETRY
 10
920.664
 20
-1103.61
 40
40.666
 50
180.0
 51
180.88
  0
ARC
  8
APS_GEOMETRY
 10
895.612
 20
-1103.995
 40
15.611
 50
180.88
 51
182.3
  0
ARC
  8
APS_GEOMETRY
 10
888.289
 20
-1104.289
 40
8.282
 50
182.3
 51
184.974
  0
ARC
  8
APS_GEOMETRY
 10
881.307
 20
-1104.897
 40
1.274
 50
184.974
 51
191.793
  0
ARC
  8
APS_GEOMETRY
 10
880.496
 20
-1105.052
 40
0.448
 50
193.57
 51
205.787
  0
ARC
  8
APS_GEOMETRY
 10
880.294
 20
-1105.149
 40
0.224
 50
205.787
 51
223.091
  0
ARC
  8
APS_GEOMETRY
 10
880.346
 20
-1105.101
 40
0.294
 50
223.091
 51
236.441
  0
ARC
  8
APS_GEOMETRY
 10
880.774
 20
-1104.456
 40
1.069
 50
236.441
 51
243.435
  0
ARC
  8
APS_GEOMETRY
 10
880.118
 20
-1105.803
 40
0.429
 50
37.185
 51
65.556
  0
ARC
  8
APS_GEOMETRY
 10
880.258
 20
-1105.697
 40
0.254
 50
0.0
 51
37.185
  0
ARC
  8
APS_GEOMETRY
 10
880.25
 20
-1105.697
 40
0.261
 50
312.039
 51
360.0
  0
ARC
  8
APS_GEOMETRY
 10
879.939
 20
-1105.352
 40
0.726
 50
283.815
 51
312.039
  0
ARC
  8
APS_GEOMETRY
 10
879.425
 20
-1103.221
 40
2.917
 50
279.273
 51
283.627
  0
ARC
  8
APS_GEOMETRY
 10
879.22
 20
-1101.963
 40
4.193
 50
275.641
 51
279.273
  0
ARC
  8
APS_GEOMETRY
 10
879.141
 20
-1101.167
 40
4.992
 50
272.588
 51
275.641
  0
ARC
  8
APS_GEOMETRY
 10
879.053
 20
-1099.215
 40
6.946
 50
270.0
 51
272.588
  0
ARC
  8
APS_GEOMETRY
 10
879.053
 20
-1101.972
 40
4.189
 50
262.774
 51
270.0
  0
ARC
  8
APS_GEOMETRY
 10
878.675
 20
-1104.95
 40
1.187
 50
249.175
 51
262.774
  0
ARC
  8
APS_GEOMETRY
 10
878.438
 20
-1105.574
 40
0.519
 50
221.23
 51
249.175
  0
ARC
  8
APS_GEOMETRY
 10
878.231
 20
-1105.756
 40
0.244
 50
180.0
 51
221.23
  0
ARC
  8
APS_GEOMETRY
 10
878.191
 20
-1105.756
 40
0.204
 50
142.696
 51
180.0
  0
ARC
  8
APS_GEOMETRY
 10
878.513
 20
-1106.001
 40
0.609
 50
121.357
 51
142.696
  0
ARC
  8
APS_GEOMETRY
 10
877.969
 20
-1105.109
 40
0.435
 50
301.477
 51
324.728
  0
ARC
  8
APS_GEOMETRY
 10
878.027
 20
-1105.151
 40
0.364
 50
324.728
 51
350.181
  0
ARC
  8
APS_GEOMETRY
 10
876.203
 20
-1104.849
 40
2.213
 50
350.538
 51
355.423
  0
ARC
  8
APS_GEOMETRY
 10
868.708
 20
-1104.249
 40
9.732
 50
355.423
 51
357.752
  0
ARC
  8
APS_GEOMETRY
 10
861.748
 20
-1103.976
 40
16.697
 50
357.752
 51
359.111
  0
ARC
  8
APS_GEOMETRY
 10
839.474
 20
-1103.63
 40
38.974
 50
359.111
 51
0.0
  0
ARC
  8
APS_GEOMETRY
 10
864.926
 20
-1103.63
 40
13.522
 50
0.0
 51
1.773
  0
ARC
  8
APS_GEOMETRY
 10
872.862
 20
-1103.384
 40
5.583
 50
1.773
 51
4.532
  0
ARC
  8
APS_GEOMETRY
 10
875.274
 20
-1103.193
 40
3.163
 50
4.532
 51
9.384
  0
ARC
  8
APS_GEOMETRY
 10
877.723
 20
-1102.788
 40
0.68
 50
9.384
 51
19.855
  0
ARC
  8
APS_GEOMETRY
 10
878.047
 20
-1102.665
 40
0.334
 50
18.853
 51
42.158
  0
ARC
  8
APS_GEOMETRY
 10
877.769
 20
-1102.916
 40
0.708
 50
42.158
 51
58.092
  0
ARC
  8
APS_GEOMETRY
 10
878.992
 20
-1101.027
 40
1.543
 50
230.711
 51
236.634
  0
ARC
  8
APS_GEOMETRY
 10
878.224
 20
-1101.966
 40
0.33
 50
217.875
 51
230.711
  0
ARC
  8
APS_GEOMETRY
 10
878.119
 20
-1102.048
 40
0.196
 50
196.928
 51
217.875
  0
ARC
  8
APS_GEOMETRY
 10
878.217
 20
-1102.018
 40
0.299
 50
180.0
 51
196.928
  0
ARC
  8
APS_GEOMETRY
 10
878.153
 20
-1102.018
 40
0.235
 50
148.791
 51
180.0
  0
ARC
  8
APS_GEOMETRY
 10
878.215
 20
-1102.055
 40
0.307
 50
121.569
 51
148.791
  0
ARC
  8
APS_GEOMETRY
 10
878.325
 20
-1102.235
 40
0.518
 50
112.806
 51
121.569
  0
ARC
  8
APS_GEOMETRY
 10
878.624
 20
-1102.945
 40
1.289
 50
107.254
 51
112.806
  0
ARC
  8
APS_GEOMETRY
 10
878.807
 20
-1103.534
 40
1.905
 50
103.487
 51
107.254
  0
ARC
  8
APS_GEOMETRY
 10
879.226
 20
-1105.282
 40
3.702
 50
100.784
 51
103.487
  0
ARC
  8
APS_GEOMETRY
 10
879.357
 20
-1105.765
 40
4.202
 50
95.643
 51
101.31
  0
ARC
  8
APS_GEOMETRY
 10
879.36
 20
-1105.799
 40
4.236
 50
90.0
 51
95.643
  0
LINE
  8
APS_GEOMETRY
 10
886.275
 11
886.275
 20
-1104.555
 21
-1102.835
  0
ARC
  8
APS_GEOMETRY
 10
882.303
 20
-1102.835
 40
3.972
 50
0.0
 51
2.404
  0
ARC
  8
APS_GEOMETRY
 10
884.655
 20
-1102.736
 40
1.618
 50
2.404
 51
6.17
  0
ARC
  8
APS_GEOMETRY
 10
885.36
 20
-1102.66
 40
0.909
 50
6.17
 51
12.824
  0
ARC
  8
APS_GEOMETRY
 10
886.05
 20
-1102.503
 40
0.202
 50
12.824
 51
26.98
  0
ARC
  8
APS_GEOMETRY
 10
886.082
 20
-1102.487
 40
0.166
 50
26.98
 51
59.65
  0
ARC
  8
APS_GEOMETRY
 10
885.778
 20
-1103.006
 40
0.767
 50
59.65
 51
74.667
  0
ARC
  8
APS_GEOMETRY
 10
886.128
 20
-1101.756
 40
0.531
 50
225.0
 51
253.887
  0
ARC
  8
APS_GEOMETRY
 10
885.912
 20
-1101.972
 40
0.226
 50
180.0
 51
225.0
  0
ARC
  8
APS_GEOMETRY
 10
885.954
 20
-1101.972
 40
0.267
 50
151.157
 51
180.0
  0
ARC
  8
APS_GEOMETRY
 10
885.953
 20
-1101.971
 40
0.266
 50
122.276
 51
151.157
  0
ARC
  8
APS_GEOMETRY
 10
886.03
 20
-1102.092
 40
0.41
 50
102.308
 51
122.276
  0
ARC
  8
APS_GEOMETRY
 10
886.171
 20
-1102.739
 40
1.071
 50
90.0
 51
102.308
  0
ARC
  8
APS_GEOMETRY
 10
886.171
 20
-1103.984
 40
2.317
 50
88.989
 51
90.0
  0
ARC
  8
APS_GEOMETRY
 10
885.976
 20
-1115.019
 40
13.353
 50
88.568
 51
88.989
  0
ARC
  8
APS_GEOMETRY
 10
885.701
 20
-1126.019
 40
24.357
 50
88.337
 51
88.568
  0
ARC
  8
APS_GEOMETRY
 10
884.635
 20
-1162.731
 40
61.084
 50
88.191
 51
88.337
  0
LINE
  8
APS_GEOMETRY
 10
886.563
 11
886.756
 20
-1101.677
 21
-1101.677
  0
ARC
  8
APS_GEOMETRY
 10
886.108
 20
-994.082
 40
107.597
 50
270.345
 51
270.49
  0
ARC
  8
APS_GEOMETRY
 10
886.712
 20
-1064.744
 40
36.933
 50
270.49
 51
270.736
  0
ARC
  8
APS_GEOMETRY
 10
886.96
 20
-1084.031
 40
17.645
 50
270.736
 51
271.253
  0
ARC
  8
APS_GEOMETRY
 10
887.312
 20
-1100.152
 40
1.519
 50
271.253
 51
273.013
  0
ARC
  8
APS_GEOMETRY
 10
887.298
 20
-1099.874
 40
1.798
 50
273.013
 51
274.5
  0
ARC
  8
APS_GEOMETRY
 10
885.632
 20
-1078.708
 40
23.029
 50
274.5
 51
274.915
  0
LINE
  8
APS_GEOMETRY
 10
887.605
 11
887.801
 20
-1101.652
 21
-1101.635
  0
LINE
  8
APS_GEOMETRY
 10
887.801
 11
888.058
 20
-1101.635
 21
-1101.612
  0
ARC
  8
APS_GEOMETRY
 10
888.479
 20
-1105.684
 40
4.094
 50
93.24
 51
95.906
  0
ARC
  8
APS_GEOMETRY
 10
888.404
 20
-1104.366
 40
2.774
 50
90.0
 51
93.24
  0
ARC
  8
APS_GEOMETRY
 10
888.404
 20
-1103.948
 40
2.355
 50
77.12
 51
90.0
  0
ARC
  8
APS_GEOMETRY
 10
888.528
 20
-1103.405
 40
1.799
 50
62.371
 51
77.12
  0
ARC
  8
APS_GEOMETRY
 10
888.738
 20
-1103.011
 40
1.352
 50
31.215
 51
62.517
  0
ARC
  8
APS_GEOMETRY
 10
888.732
 20
-1103.015
 40
1.36
 50
360.0
 51
31.215
  0
ARC
  8
APS_GEOMETRY
 10
888.696
 20
-1103.015
 40
1.396
 50
334.496
 51
360.0
  0
ARC
  8
APS_GEOMETRY
 10
888.764
 20
-1103.048
 40
1.32
 50
308.254
 51
334.496
  0
ARC
  8
APS_GEOMETRY
 10
888.554
 20
-1102.771
 40
1.667
 50
287.855
 51
308.034
  0
ARC
  8
APS_GEOMETRY
 10
888.414
 20
-1102.336
 40
2.125
 50
270.0
 51
287.855
  0
ARC
  8
APS_GEOMETRY
 10
888.414
 20
-1101.241
 40
3.22
 50
266.918
 51
270.0
  0
ARC
  8
APS_GEOMETRY
 10
888.61
 20
-1097.611
 40
6.855
 50
264.806
 51
266.918
  0
ARC
  8
APS_GEOMETRY
 10
887.302
 20
-1113.822
 40
9.409
 50
85.815
 51
86.634
  0
ARC
  8
APS_GEOMETRY
 10
887.822
 20
-1104.984
 40
0.556
 50
86.634
 51
90.0
  0
ARC
  8
APS_GEOMETRY
 10
887.822
 20
-1104.51
 40
0.082
 50
90.0
 51
139.686
  0
ARC
  8
APS_GEOMETRY
 10
887.853
 20
-1104.536
 40
0.122
 50
139.686
 51
180.0
  0
LINE
  8
APS_GEOMETRY
 10
887.731
 11
887.731
 20
-1104.536
 21
-1104.555
  0
LINE
  8
APS_GEOMETRY
 10
887.731
 11
887.753
 20
-1104.555
 21
-1105.092
  0
ARC
  8
APS_GEOMETRY
 10
888.529
 20
-1105.059
 40
0.776
 50
182.386
 51
193.753
  0
ARC
  8
APS_GEOMETRY
 10
888.029
 20
-1105.182
 40
0.261
 50
193.753
 51
213.408
  0
ARC
  8
APS_GEOMETRY
 10
888.034
 20
-1105.178
 40
0.268
 50
213.408
 51
232.628
  0
ARC
  8
APS_GEOMETRY
 10
888.485
 20
-1104.587
 40
1.011
 50
232.628
 51
242.488
  0
ARC
  8
APS_GEOMETRY
 10
887.733
 20
-1106.014
 40
0.602
 50
40.539
 51
61.699
  0
ARC
  8
APS_GEOMETRY
 10
888.062
 20
-1105.733
 40
0.169
 50
360.0
 51
40.539
  0
ARC
  8
APS_GEOMETRY
 10
888.004
 20
-1105.733
 40
0.227
 50
315.297
 51
360.0
  0
ARC
  8
APS_GEOMETRY
 10
887.697
 20
-1105.429
 40
0.659
 50
289.502
 51
315.297
  0
ARC
  8
APS_GEOMETRY
 10
887.472
 20
-1104.794
 40
1.333
 50
282.372
 51
289.502
  0
ARC
  8
APS_GEOMETRY
 10
887.236
 20
-1103.717
 40
2.435
 50
277.099
 51
282.372
  0
ARC
  8
APS_GEOMETRY
 10
887.139
 20
-1102.937
 40
3.221
 50
273.104
 51
277.099
  0
ARC
  8
APS_GEOMETRY
 10
887.024
 20
-1100.825
 40
5.336
 50
270.0
 51
273.104
  0
ARC
  8
APS_GEOMETRY
 10
887.024
 20
-1100.889
 40
5.272
 50
263.473
 51
270.0
  0
ARC
  8
APS_GEOMETRY
 10
886.591
 20
-1104.675
 40
1.461
 50
251.056
 51
263.473
  0
ARC
  8
APS_GEOMETRY
 10
886.313
 20
-1105.486
 40
0.604
 50
224.161
 51
251.056
  0
ARC
  8
APS_GEOMETRY
 10
886.045
 20
-1105.746
 40
0.231
 50
180.0
 51
224.161
  0
ARC
  8
APS_GEOMETRY
 10
886.093
 20
-1105.746
 40
0.279
 50
160.821
 51
180.0
  0
ARC
  8
APS_GEOMETRY
 10
885.976
 20
-1105.705
 40
0.155
 50
135.0
 51
160.821
  0
ARC
  8
APS_GEOMETRY
 10
886.087
 20
-1105.816
 40
0.312
 50
121.522
 51
135.0
  0
ARC
  8
APS_GEOMETRY
 10
887.335
 20
-1107.851
 40
2.7
 50
116.952
 51
121.522
  0
ARC
  8
APS_GEOMETRY
 10
885.972
 20
-1105.18
 40
0.299
 50
297.824
 51
321.605
  0
ARC
  8
APS_GEOMETRY
 10
886.041
 20
-1105.235
 40
0.211
 50
321.605
 51
349.992
  0
ARC
  8
APS_GEOMETRY
 10
885.721
 20
-1105.178
 40
0.536
 50
349.992
 51
356.014
  0
ARC
  8
APS_GEOMETRY
 10
880.855
 20
-1104.839
 40
5.414
 50
356.014
 51
357.908
  0
ARC
  8
APS_GEOMETRY
 10
875.174
 20
-1104.632
 40
11.098
 50
357.908
 51
358.833
  0
ARC
  8
APS_GEOMETRY
 10
854.635
 20
-1104.213
 40
31.642
 50
358.833
 51
359.381
  0
LINE
  8
APS_GEOMETRY
 10
887.753
 11
887.753
 20
-1102.42
 21
-1103.532
  0
ARC
  8
APS_GEOMETRY
 10
888.091
 20
-1103.532
 40
0.337
 50
180.0
 51
199.885
  0
ARC
  8
APS_GEOMETRY
 10
887.838
 20
-1103.623
 40
0.069
 50
199.885
 51
244.799
  0
ARC
  8
APS_GEOMETRY
 10
887.984
 20
-1103.324
 40
0.401
 50
244.231
 51
258.996
  0
ARC
  8
APS_GEOMETRY
 10
888.045
 20
-1103.01
 40
0.721
 50
258.996
 51
270.0
  0
ARC
  8
APS_GEOMETRY
 10
888.045
 20
-1103.086
 40
0.645
 50
270.0
 51
288.435
  0
ARC
  8
APS_GEOMETRY
 10
888.091
 20
-1103.225
 40
0.499
 50
288.435
 51
309.428
  0
ARC
  8
APS_GEOMETRY
 10
888.108
 20
-1103.242
 40
0.475
 50
309.193
 51
339.939
  0
ARC
  8
APS_GEOMETRY
 10
887.521
 20
-1103.028
 40
1.099
 50
339.939
 51
0.0
  0
ARC
  8
APS_GEOMETRY
 10
887.585
 20
-1103.028
 40
1.035
 50
360.0
 51
22.011
  0
ARC
  8
APS_GEOMETRY
 10
888.044
 20
-1102.843
 40
0.54
 50
22.011
 51
52.651
  0
ARC
  8
APS_GEOMETRY
 10
888.037
 20
-1102.848
 40
0.548
 50
52.374
 51
72.309
  0
ARC
  8
APS_GEOMETRY
 10
887.992
 20
-1102.987
 40
0.695
 50
72.309
 51
90.0
  0
ARC
  8
APS_GEOMETRY
 10
887.992
 20
-1102.697
 40
0.405
 50
90.0
 51
118.113
  0
ARC
  8
APS_GEOMETRY
 10
887.844
 20
-1102.42
 40
0.09
 50
118.113
 51
180.0
  0
ARC
  8
APS_GEOMETRY
 10
893.027
 20
-1104.118
 40
2.578
 50
71.91
 51
90.0
  0
ARC
  8
APS_GEOMETRY
 10
893.127
 20
-1103.813
 40
2.257
 50
52.561
 51
71.91
  0
ARC
  8
APS_GEOMETRY
 10
893.101
 20
-1103.82
 40
2.279
 50
38.846
 51
52.156
  0
ARC
  8
APS_GEOMETRY
 10
892.744
 20
-1104.108
 40
2.737
 50
26.707
 51
38.846
  0
ARC
  8
APS_GEOMETRY
 10
892.814
 20
-1104.05
 40
2.648
 50
13.868
 51
26.278
  0
ARC
  8
APS_GEOMETRY
 10
893.324
 20
-1103.924
 40
2.123
 50
360.0
 51
13.868
  0
ARC
  8
APS_GEOMETRY
 10
893.357
 20
-1103.924
 40
2.09
 50
339.712
 51
360.0
  0
ARC
  8
APS_GEOMETRY
 10
893.24
 20
-1103.881
 40
2.215
 50
320.013
 51
339.712
  0
ARC
  8
APS_GEOMETRY
 10
893.22
 20
-1103.87
 40
2.237
 50
303.344
 51
320.123
  0
ARC
  8
APS_GEOMETRY
 10
892.991
 20
-1103.521
 40
2.655
 50
287.949
 51
303.344
  0
ARC
  8
APS_GEOMETRY
 10
892.915
 20
-1103.259
 40
2.927
 50
279.039
 51
287.776
  0
ARC
  8
APS_GEOMETRY
 10
892.945
 20
-1103.449
 40
2.735
 50
270.0
 51
279.039
  0
ARC
  8
APS_GEOMETRY
 10
892.945
 20
-1103.583
 40
2.601
 50
257.728
 51
270.0
  0
ARC
  8
APS_GEOMETRY
 10
892.95
 20
-1103.564
 40
2.62
 50
245.501
 51
257.728
  0
ARC
  8
APS_GEOMETRY
 10
892.802
 20
-1103.886
 40
2.266
 50
228.665
 51
245.511
  0
ARC
  8
APS_GEOMETRY
 10
892.753
 20
-1103.942
 40
2.192
 50
211.535
 51
228.665
  0
ARC
  8
APS_GEOMETRY
 10
892.818
 20
-1103.895
 40
2.271
 50
195.642
 51
211.701
  0
ARC
  8
APS_GEOMETRY
 10
892.935
 20
-1103.862
 40
2.393
 50
180.0
 51
195.642
  0
ARC
  8
APS_GEOMETRY
 10
892.96
 20
-1103.862
 40
2.418
 50
162.181
 51
180.0
  0
ARC
  8
APS_GEOMETRY
 10
892.739
 20
-1103.791
 40
2.187
 50
143.434
 51
162.181
  0
ARC
  8
APS_GEOMETRY
 10
892.71
 20
-1103.767
 40
2.148
 50
126.384
 51
143.471
  0
ARC
  8
APS_GEOMETRY
 10
892.913
 20
-1104.043
 40
2.491
 50
110.525
 51
126.384
  0
ARC
  8
APS_GEOMETRY
 10
892.903
 20
-1103.968
 40
2.418
 50
99.77
 51
110.925
  0
ARC
  8
APS_GEOMETRY
 10
893.027
 20
-1104.69
 40
3.15
 50
90.0
 51
99.77
  0
ARC
  8
APS_GEOMETRY
 10
892.717
 20
-1102.959
 40
0.481
 50
90.0
 51
119.604
  0
ARC
  8
APS_GEOMETRY
 10
892.759
 20
-1103.033
 40
0.566
 50
119.604
 51
146.842
  0
ARC
  8
APS_GEOMETRY
 10
892.843
 20
-1103.103
 40
0.675
 50
145.84
 51
164.055
  0
ARC
  8
APS_GEOMETRY
 10
893.039
 20
-1103.159
 40
0.879
 50
164.055
 51
180.0
  0
ARC
  8
APS_GEOMETRY
 10
894.266
 20
-1103.159
 40
2.105
 50
180.0
 51
189.977
  0
ARC
  8
APS_GEOMETRY
 10
896.131
 20
-1102.831
 40
3.999
 50
189.977
 51
197.211
  0
ARC
  8
APS_GEOMETRY
 10
896.539
 20
-1102.704
 40
4.426
 50
197.211
 51
203.76
  0
ARC
  8
APS_GEOMETRY
 10
895.523
 20
-1103.152
 40
3.316
 50
203.76
 51
211.329
  0
ARC
  8
APS_GEOMETRY
 10
893.436
 20
-1104.404
 40
0.882
 50
212.32
 51
224.441
  0
ARC
  8
APS_GEOMETRY
 10
893.35
 20
-1104.488
 40
0.762
 50
224.441
 51
237.484
  0
ARC
  8
APS_GEOMETRY
 10
893.295
 20
-1104.575
 40
0.66
 50
237.484
 51
252.416
  0
ARC
  8
APS_GEOMETRY
 10
893.24
 20
-1104.749
 40
0.477
 50
252.416
 51
270.0
  0
ARC
  8
APS_GEOMETRY
 10
893.24
 20
-1104.693
 40
0.533
 50
270.0
 51
294.953
  0
ARC
  8
APS_GEOMETRY
 10
893.255
 20
-1104.725
 40
0.498
 50
294.953
 51
320.793
  0
ARC
  8
APS_GEOMETRY
 10
893.175
 20
-1104.659
 40
0.601
 50
320.793
 51
342.777
  0
ARC
  8
APS_GEOMETRY
 10
892.818
 20
-1104.549
 40
0.975
 50
342.777
 51
0.0
  0
ARC
  8
APS_GEOMETRY
 10
891.142
 20
-1104.549
 40
2.651
 50
0.0
 51
8.499
  0
ARC
  8
APS_GEOMETRY
 10
889.975
 20
-1104.723
 40
3.83
 50
8.499
 51
15.566
  0
ARC
  8
APS_GEOMETRY
 10
890.115
 20
-1104.684
 40
3.685
 50
15.566
 51
22.909
  0
ARC
  8
APS_GEOMETRY
 10
891.322
 20
-1104.174
 40
2.375
 50
22.909
 51
32.057
  0
ARC
  8
APS_GEOMETRY
 10
892.269
 20
-1103.577
 40
1.255
 50
31.921
 51
42.51
  0
ARC
  8
APS_GEOMETRY
 10
892.529
 20
-1103.339
 40
0.902
 50
42.51
 51
55.008
  0
ARC
  8
APS_GEOMETRY
 10
892.617
 20
-1103.213
 40
0.749
 50
55.008
 51
69.88
  0
ARC
  8
APS_GEOMETRY
 10
892.696
 20
-1102.998
 40
0.52
 50
69.88
 51
87.754
  0
ARC
  8
APS_GEOMETRY
 10
898.079
 20
-1104.46
 40
0.242
 50
90.0
 51
115.837
  0
ARC
  8
APS_GEOMETRY
 10
898.019
 20
-1104.337
 40
0.105
 50
115.837
 51
155.462
  0
ARC
  8
APS_GEOMETRY
 10
898.089
 20
-1104.369
 40
0.182
 50
155.462
 51
168.366
  0
ARC
  8
APS_GEOMETRY
 10
898.723
 20
-1104.5
 40
0.83
 50
168.366
 51
174.395
  0
ARC
  8
APS_GEOMETRY
 10
899.363
 20
-1104.563
 40
1.472
 50
174.395
 51
177.813
  0
ARC
  8
APS_GEOMETRY
 10
901.486
 20
-1104.644
 40
3.597
 50
177.813
 51
180.0
  0
ARC
  8
APS_GEOMETRY
 10
903.022
 20
-1104.644
 40
5.133
 50
180.0
 51
184.62
  0
ARC
  8
APS_GEOMETRY
 10
899.58
 20
-1104.922
 40
1.68
 50
184.62
 51
192.7
  0
ARC
  8
APS_GEOMETRY
 10
898.253
 20
-1105.213
 40
0.322
 50
194.036
 51
205.821
  0
ARC
  8
APS_GEOMETRY
 10
898.113
 20
-1105.281
 40
0.166
 50
205.821
 51
222.274
  0
ARC
  8
APS_GEOMETRY
 10
898.156
 20
-1105.242
 40
0.224
 50
222.274
 51
234.605
  0
ARC
  8
APS_GEOMETRY
 10
898.642
 20
-1104.558
 40
1.063
 50
234.605
 51
240.255
  0
ARC
  8
APS_GEOMETRY
 10
897.903
 20
-1105.865
 40
0.439
 50
34.592
 51
61.189
  0
ARC
  8
APS_GEOMETRY
 10
898.048
 20
-1105.765
 40
0.263
 50
360.0
 51
34.592
  0
ARC
  8
APS_GEOMETRY
 10
898.057
 20
-1105.765
 40
0.254
 50
318.231
 51
360.0
  0
ARC
  8
APS_GEOMETRY
 10
897.887
 20
-1105.614
 40
0.482
 50
288.227
 51
318.231
  0
ARC
  8
APS_GEOMETRY
 10
897.711
 20
-1105.079
 40
1.045
 50
280.377
 51
288.227
  0
ARC
  8
APS_GEOMETRY
 10
897.404
 20
-1103.403
 40
2.749
 50
275.541
 51
280.377
  0
ARC
  8
APS_GEOMETRY
 10
897.272
 20
-1102.039
 40
4.119
 50
272.304
 51
275.541
  0
ARC
  8
APS_GEOMETRY
 10
897.111
 20
-1098.035
 40
8.126
 50
270.0
 51
272.304
  0
ARC
  8
APS_GEOMETRY
 10
897.111
 20
-1101.381
 40
4.78
 50
262.811
 51
270.0
  0
ARC
  8
APS_GEOMETRY
 10
896.682
 20
-1104.782
 40
1.352
 50
249.274
 51
262.811
  0
ARC
  8
APS_GEOMETRY
 10
896.412
 20
-1105.495
 40
0.59
 50
221.379
 51
249.274
  0
ARC
  8
APS_GEOMETRY
 10
896.175
 20
-1105.703
 40
0.275
 50
180.0
 51
221.379
  0
ARC
  8
APS_GEOMETRY
 10
896.173
 20
-1105.703
 40
0.273
 50
164.055
 51
180.0
  0
ARC
  8
APS_GEOMETRY
 10
896.06
 20
-1105.671
 40
0.155
 50
142.815
 51
164.055
  0
ARC
  8
APS_GEOMETRY
 10
896.131
 20
-1105.725
 40
0.244
 50
129.007
 51
142.815
  0
ARC
  8
APS_GEOMETRY
 10
897.01
 20
-1106.81
 40
1.641
 50
123.69
 51
129.007
  0
ARC
  8
APS_GEOMETRY
 10
895.763
 20
-1104.933
 40
0.613
 50
303.389
 51
319.022
  0
ARC
  8
APS_GEOMETRY
 10
895.929
 20
-1105.077
 40
0.393
 50
319.022
 51
338.575
  0
ARC
  8
APS_GEOMETRY
 10
895.707
 20
-1104.99
 40
0.632
 50
338.575
 51
351.049
  0
ARC
  8
APS_GEOMETRY
 10
893.026
 20
-1104.568
 40
3.345
 50
351.049
 51
356.46
  0
ARC
  8
APS_GEOMETRY
 10
893.91
 20
-1104.602
 40
2.461
 50
355.972
 51
358.68
  0
ARC
  8
APS_GEOMETRY
 10
864.891
 20
-1103.933
 40
31.488
 50
358.68
 51
359.437
  0
LINE
  8
APS_GEOMETRY
 10
896.377
 11
896.38
 20
-1104.242
 21
-1103.751
  0
LINE
  8
APS_GEOMETRY
 10
896.38
 11
896.381
 20
-1103.751
 21
-1103.11
  0
ARC
  8
APS_GEOMETRY
 10
888.8
 20
-1103.11
 40
7.581
 50
360.0
 51
1.717
  0
ARC
  8
APS_GEOMETRY
 10
892.857
 20
-1102.988
 40
3.522
 50
1.717
 51
4.236
  0
ARC
  8
APS_GEOMETRY
 10
894.18
 20
-1102.89
 40
2.196
 50
4.236
 51
8.269
  0
ARC
  8
APS_GEOMETRY
 10
895.703
 20
-1102.669
 40
0.657
 50
8.269
 51
15.642
  0
ARC
  8
APS_GEOMETRY
 10
895.965
 20
-1102.596
 40
0.385
 50
15.642
 51
39.417
  0
ARC
  8
APS_GEOMETRY
 10
895.97
 20
-1102.591
 40
0.378
 50
39.417
 51
63.435
  0
ARC
  8
APS_GEOMETRY
 10
896.651
 20
-1101.182
 40
1.187
 50
236.874
 51
244.486
  0
ARC
  8
APS_GEOMETRY
 10
896.145
 20
-1101.957
 40
0.261
 50
220.601
 51
236.874
  0
ARC
  8
APS_GEOMETRY
 10
896.087
 20
-1102.007
 40
0.185
 50
198.246
 51
220.601
  0
ARC
  8
APS_GEOMETRY
 10
896.173
 20
-1101.978
 40
0.276
 50
180.0
 51
198.246
  0
ARC
  8
APS_GEOMETRY
 10
896.172
 20
-1101.978
 40
0.275
 50
156.161
 51
180.0
  0
ARC
  8
APS_GEOMETRY
 10
896.21
 20
-1101.995
 40
0.317
 50
133.977
 51
156.161
  0
ARC
  8
APS_GEOMETRY
 10
896.287
 20
-1102.074
 40
0.427
 50
116.996
 51
133.977
  0
ARC
  8
APS_GEOMETRY
 10
896.438
 20
-1102.372
 40
0.761
 50
104.3
 51
116.996
  0
ARC
  8
APS_GEOMETRY
 10
896.478
 20
-1102.523
 40
0.916
 50
95.326
 51
104.349
  0
ARC
  8
APS_GEOMETRY
 10
896.636
 20
-1104.226
 40
2.627
 50
90.0
 51
95.326
  0
ARC
  8
APS_GEOMETRY
 10
896.636
 20
-1102.9
 40
1.301
 50
87.553
 51
90.0
  0
ARC
  8
APS_GEOMETRY
 10
896.36
 20
-1109.379
 40
7.786
 50
86.553
 51
87.553
  0
ARC
  8
APS_GEOMETRY
 10
895.966
 20
-1115.914
 40
14.332
 50
86.009
 51
86.553
  0
ARC
  8
APS_GEOMETRY
 10
894.435
 20
-1137.855
 40
36.327
 50
85.668
 51
86.009
  0
ARC
  8
APS_GEOMETRY
 10
897.3
 20
-1100.124
 40
1.513
 50
265.426
 51
268.531
  0
ARC
  8
APS_GEOMETRY
 10
897.434
 20
-1094.88
 40
6.759
 50
268.531
 51
270.0
  0
ARC
  8
APS_GEOMETRY
 10
897.434
 20
-1096.487
 40
5.151
 50
270.0
 51
271.637
  0
ARC
  8
APS_GEOMETRY
 10
897.319
 20
-1092.459
 40
9.181
 50
271.637
 51
272.862
  0
ARC
  8
APS_GEOMETRY
 10
897.187
 20
-1089.816
 40
11.827
 50
272.862
 51
273.814
  0
ARC
  8
APS_GEOMETRY
 10
896.74
 20
-1083.105
 40
18.553
 50
273.814
 51
274.574
  0
ARC
  8
APS_GEOMETRY
 10
899.546
 20
-1119.604
 40
18.054
 50
93.72
 51
94.214
  0
ARC
  8
APS_GEOMETRY
 10
898.947
 20
-1110.393
 40
8.823
 50
93.013
 51
93.72
  0
ARC
  8
APS_GEOMETRY
 10
898.783
 20
-1107.273
 40
5.699
 50
91.918
 51
93.013
  0
ARC
  8
APS_GEOMETRY
 10
898.654
 20
-1103.431
 40
1.855
 50
90.0
 51
91.918
  0
ARC
  8
APS_GEOMETRY
 10
898.654
 20
-1103.987
 40
2.411
 50
73.82
 51
90.0
  0
ARC
  8
APS_GEOMETRY
 10
898.892
 20
-1103.168
 40
1.558
 50
53.658
 51
73.82
  0
ARC
  8
APS_GEOMETRY
 10
899.23
 20
-1102.706
 40
0.986
 50
26.03
 51
53.569
  0
ARC
  8
APS_GEOMETRY
 10
899.126
 20
-1102.757
 40
1.101
 50
360.0
 51
26.03
  0
ARC
  8
APS_GEOMETRY
 10
899.083
 20
-1102.757
 40
1.144
 50
345.282
 51
360.0
  0
ARC
  8
APS_GEOMETRY
 10
899.193
 20
-1102.786
 40
1.03
 50
329.767
 51
345.282
  0
ARC
  8
APS_GEOMETRY
 10
899.255
 20
-1102.822
 40
0.958
 50
313.168
 51
329.767
  0
ARC
  8
APS_GEOMETRY
 10
899.278
 20
-1102.846
 40
0.925
 50
296.267
 51
313.168
  0
ARC
  8
APS_GEOMETRY
 10
899.805
 20
-1103.91
 40
0.262
 50
116.565
 51
139.899
  0
ARC
  8
APS_GEOMETRY
 10
899.674
 20
-1103.8
 40
0.091
 50
139.899
 51
180.0
  0
ARC
  8
APS_GEOMETRY
 10
899.684
 20
-1103.8
 40
0.101
 50
180.0
 51
226.193
  0
ARC
  8
APS_GEOMETRY
 10
899.871
 20
-1103.605
 40
0.372
 50
226.193
 51
249.829
  0
ARC
  8
APS_GEOMETRY
 10
899.335
 20
-1105.081
 40
1.199
 50
53.249
 51
70.105
  0
ARC
  8
APS_GEOMETRY
 10
899.579
 20
-1104.755
 40
0.792
 50
32.471
 51
53.249
  0
ARC
  8
APS_GEOMETRY
 10
899.465
 20
-1104.827
 40
0.926
 50
23.305
 51
32.471
  0
ARC
  8
APS_GEOMETRY
 10
898.764
 20
-1105.129
 40
1.69
 50
16.521
 51
23.305
  0
ARC
  8
APS_GEOMETRY
 10
898.218
 20
-1105.291
 40
2.26
 50
11.429
 51
16.521
  0
ARC
  8
APS_GEOMETRY
 10
896.669
 20
-1105.604
 40
3.84
 50
7.524
 51
11.429
  0
ARC
  8
APS_GEOMETRY
 10
901.802
 20
-1104.921
 40
1.338
 50
187.765
 51
196.914
  0
ARC
  8
APS_GEOMETRY
 10
900.707
 20
-1105.253
 40
0.194
 50
196.914
 51
221.082
  0
ARC
  8
APS_GEOMETRY
 10
900.711
 20
-1105.25
 40
0.2
 50
221.082
 51
244.607
  0
ARC
  8
APS_GEOMETRY
 10
901.179
 20
-1104.265
 40
1.29
 50
244.607
 51
253.811
  0
ARC
  8
APS_GEOMETRY
 10
900.768
 20
-1105.666
 40
0.17
 50
51.45
 51
72.474
  0
ARC
  8
APS_GEOMETRY
 10
900.726
 20
-1105.719
 40
0.238
 50
33.69
 51
51.45
  0
ARC
  8
APS_GEOMETRY
 10
900.716
 20
-1105.726
 40
0.25
 50
16.639
 51
33.69
  0
ARC
  8
APS_GEOMETRY
 10
900.704
 20
-1105.729
 40
0.262
 50
360.0
 51
16.639
  0
ARC
  8
APS_GEOMETRY
 10
900.7
 20
-1105.729
 40
0.266
 50
338.993
 51
360.0
  0
ARC
  8
APS_GEOMETRY
 10
900.538
 20
-1105.667
 40
0.44
 50
322.696
 51
338.993
  0
ARC
  8
APS_GEOMETRY
 10
900.477
 20
-1105.621
 40
0.516
 50
308.603
 51
322.696
  0
ARC
  8
APS_GEOMETRY
 10
900.435
 20
-1105.569
 40
0.583
 50
295.346
 51
308.603
  0
ARC
  8
APS_GEOMETRY
 10
900.216
 20
-1105.086
 40
1.113
 50
279.583
 51
294.905
  0
ARC
  8
APS_GEOMETRY
 10
899.93
 20
-1103.388
 40
2.835
 50
270.0
 51
279.583
  0
ARC
  8
APS_GEOMETRY
 10
899.93
 20
-1104.156
 40
2.067
 50
261.247
 51
270.0
  0
ARC
  8
APS_GEOMETRY
 10
899.797
 20
-1105.016
 40
1.197
 50
249.737
 51
261.247
  0
ARC
  8
APS_GEOMETRY
 10
899.71
 20
-1105.252
 40
0.946
 50
235.345
 51
249.737
  0
ARC
  8
APS_GEOMETRY
 10
899.6
 20
-1105.411
 40
0.752
 50
219.198
 51
235.345
  0
ARC
  8
APS_GEOMETRY
 10
899.832
 20
-1105.214
 40
1.056
 50
209.076
 51
219.56
  0
ARC
  8
APS_GEOMETRY
 10
900.366
 20
-1104.917
 40
1.667
 50
200.735
 51
209.076
  0
ARC
  8
APS_GEOMETRY
 10
901.103
 20
-1104.638
 40
2.455
 50
197.881
 51
200.735
  0
ARC
  8
APS_GEOMETRY
 10
904.131
 20
-1103.661
 40
5.637
 50
195.997
 51
197.881
  0
ARC
  8
APS_GEOMETRY
 10
906.369
 20
-1103.019
 40
7.966
 50
194.664
 51
195.997
  0
ARC
  8
APS_GEOMETRY
 10
912.568
 20
-1101.397
 40
14.374
 50
193.671
 51
194.664
  0
ARC
  8
APS_GEOMETRY
 10
896.847
 20
-1105.219
 40
1.805
 50
13.61
 51
23.585
  0
ARC
  8
APS_GEOMETRY
 10
898.029
 20
-1104.703
 40
0.515
 50
23.585
 51
42.31
  0
ARC
  8
APS_GEOMETRY
 10
898.137
 20
-1104.605
 40
0.371
 50
42.31
 51
67.521
  0
ARC
  8
APS_GEOMETRY
 10
898.052
 20
-1104.81
 40
0.592
 50
67.521
 51
87.397
  0
LINE
  8
APS_GEOMETRY
 10
897.892
 11
897.856
 20
-1102.551
 21
-1103.313
  0
LINE
  8
APS_GEOMETRY
 10
897.856
 11
897.856
 20
-1103.313
 21
-1103.325
  0
LINE
  8
APS_GEOMETRY
 10
897.856
 11
897.856
 20
-1103.325
 21
-1103.342
  0
ARC
  8
APS_GEOMETRY
 10
898.386
 20
-1103.342
 40
0.529
 50
180.0
 51
192.339
  0
ARC
  8
APS_GEOMETRY
 10
897.965
 20
-1103.434
 40
0.099
 50
192.339
 51
221.186
  0
ARC
  8
APS_GEOMETRY
 10
897.955
 20
-1103.443
 40
0.085
 50
221.186
 51
253.872
  0
ARC
  8
APS_GEOMETRY
 10
898.026
 20
-1103.195
 40
0.343
 50
253.872
 51
270.0
  0
ARC
  8
APS_GEOMETRY
 10
898.026
 20
-1102.741
 40
0.797
 50
270.0
 51
289.569
  0
ARC
  8
APS_GEOMETRY
 10
898.171
 20
-1103.149
 40
0.364
 50
289.569
 51
318.681
  0
ARC
  8
APS_GEOMETRY
 10
898.132
 20
-1103.114
 40
0.417
 50
318.681
 51
344.628
  0
ARC
  8
APS_GEOMETRY
 10
897.402
 20
-1102.914
 40
1.174
 50
344.628
 51
0.0
  0
ARC
  8
APS_GEOMETRY
 10
897.749
 20
-1102.914
 40
0.827
 50
0.0
 51
35.369
  0
ARC
  8
APS_GEOMETRY
 10
898.128
 20
-1102.645
 40
0.362
 50
35.369
 51
90.0
  0
ARC
  8
APS_GEOMETRY
 10
898.128
 20
-1102.649
 40
0.366
 50
90.0
 51
108.435
  0
ARC
  8
APS_GEOMETRY
 10
898.056
 20
-1102.435
 40
0.141
 50
108.435
 51
138.366
  0
ARC
  8
APS_GEOMETRY
 10
898.076
 20
-1102.452
 40
0.167
 50
138.366
 51
164.291
  0
ARC
  8
APS_GEOMETRY
 10
898.524
 20
-1102.578
 40
0.632
 50
164.291
 51
177.51
  0
LINE
  8
APS_GEOMETRY
 10
902.944
 11
904.667
 20
-1101.632
 21
-1101.632
  0
ARC
  8
APS_GEOMETRY
 10
904.58
 20
-1099.162
 40
2.471
 50
272.021
 51
278.44
  0
ARC
  8
APS_GEOMETRY
 10
904.677
 20
-1099.818
 40
1.808
 50
278.44
 51
285.945
  0
ARC
  8
APS_GEOMETRY
 10
905.409
 20
-1102.437
 40
0.912
 50
98.584
 51
104.931
  0
ARC
  8
APS_GEOMETRY
 10
905.347
 20
-1102.029
 40
0.499
 50
90.0
 51
98.584
  0
ARC
  8
APS_GEOMETRY
 10
905.347
 20
-1101.905
 40
0.375
 50
52.871
 51
90.0
  0
ARC
  8
APS_GEOMETRY
 10
904.838
 20
-1102.578
 40
1.218
 50
32.518
 51
52.871
  0
ARC
  8
APS_GEOMETRY
 10
904.435
 20
-1102.835
 40
1.696
 50
17.209
 51
32.518
  0
ARC
  8
APS_GEOMETRY
 10
904.771
 20
-1102.73
 40
1.345
 50
360.0
 51
17.209
  0
ARC
  8
APS_GEOMETRY
 10
905.444
 20
-1102.73
 40
0.672
 50
337.348
 51
360.0
  0
ARC
  8
APS_GEOMETRY
 10
905.714
 20
-1102.843
 40
0.379
 50
307.042
 51
337.348
  0
ARC
  8
APS_GEOMETRY
 10
905.667
 20
-1102.779
 40
0.459
 50
287.186
 51
306.87
  0
ARC
  8
APS_GEOMETRY
 10
905.625
 20
-1102.643
 40
0.601
 50
270.0
 51
287.186
  0
ARC
  8
APS_GEOMETRY
 10
905.625
 20
-1102.705
 40
0.539
 50
252.221
 51
270.0
  0
ARC
  8
APS_GEOMETRY
 10
905.6
 20
-1102.783
 40
0.457
 50
232.896
 51
252.221
  0
ARC
  8
APS_GEOMETRY
 10
905.697
 20
-1102.655
 40
0.618
 50
218.3
 51
232.896
  0
ARC
  8
APS_GEOMETRY
 10
906.455
 20
-1102.056
 40
1.584
 50
209.197
 51
218.3
  0
ARC
  8
APS_GEOMETRY
 10
902.6
 20
-1104.145
 40
2.801
 50
28.025
 51
32.699
  0
ARC
  8
APS_GEOMETRY
 10
904.615
 20
-1102.851
 40
0.406
 50
32.699
 51
45.0
  0
ARC
  8
APS_GEOMETRY
 10
904.753
 20
-1102.713
 40
0.212
 50
45.0
 51
67.557
  0
ARC
  8
APS_GEOMETRY
 10
904.752
 20
-1102.715
 40
0.214
 50
67.557
 51
90.0
  0
ARC
  8
APS_GEOMETRY
 10
904.752
 20
-1102.698
 40
0.197
 50
90.0
 51
120.801
  0
ARC
  8
APS_GEOMETRY
 10
904.745
 20
-1102.687
 40
0.184
 50
120.801
 51
152.7
  0
ARC
  8
APS_GEOMETRY
 10
904.891
 20
-1102.763
 40
0.348
 50
152.7
 51
171.085
  0
ARC
  8
APS_GEOMETRY
 10
906.0
 20
-1102.936
 40
1.471
 50
171.085
 51
180.0
  0
LINE
  8
APS_GEOMETRY
 10
904.53
 11
904.53
 20
-1102.936
 21
-1104.768
  0
ARC
  8
APS_GEOMETRY
 10
906.472
 20
-1104.768
 40
1.943
 50
180.0
 51
188.194
  0
ARC
  8
APS_GEOMETRY
 10
905.022
 20
-1104.977
 40
0.477
 50
188.194
 51
204.775
  0
ARC
  8
APS_GEOMETRY
 10
904.881
 20
-1105.042
 40
0.322
 50
204.775
 51
228.576
  0
ARC
  8
APS_GEOMETRY
 10
905.013
 20
-1104.892
 40
0.522
 50
228.576
 51
247.218
  0
ARC
  8
APS_GEOMETRY
 10
904.246
 20
-1106.699
 40
1.442
 50
59.381
 51
66.93
  0
ARC
  8
APS_GEOMETRY
 10
904.812
 20
-1105.743
 40
0.33
 50
43.568
 51
59.381
  0
ARC
  8
APS_GEOMETRY
 10
904.903
 20
-1105.656
 40
0.205
 50
19.041
 51
43.568
  0
ARC
  8
APS_GEOMETRY
 10
904.777
 20
-1105.7
 40
0.338
 50
360.0
 51
19.041
  0
ARC
  8
APS_GEOMETRY
 10
904.84
 20
-1105.7
 40
0.275
 50
317.66
 51
360.0
  0
ARC
  8
APS_GEOMETRY
 10
904.588
 20
-1105.47
 40
0.616
 50
289.747
 51
317.66
  0
ARC
  8
APS_GEOMETRY
 10
904.377
 20
-1104.882
 40
1.241
 50
281.964
 51
289.747
  0
ARC
  8
APS_GEOMETRY
 10
904.084
 20
-1103.5
 40
2.653
 50
276.643
 51
281.964
  0
ARC
  8
APS_GEOMETRY
 10
903.961
 20
-1102.443
 40
3.718
 50
272.836
 51
276.643
  0
ARC
  8
APS_GEOMETRY
 10
903.814
 20
-1099.465
 40
6.699
 50
270.0
 51
272.836
  0
ARC
  8
APS_GEOMETRY
 10
903.814
 20
-1097.62
 40
8.544
 50
267.283
 51
270.0
  0
ARC
  8
APS_GEOMETRY
 10
903.634
 20
-1101.401
 40
4.759
 50
263.643
 51
267.283
  0
ARC
  8
APS_GEOMETRY
 10
903.484
 20
-1102.749
 40
3.403
 50
258.563
 51
263.643
  0
ARC
  8
APS_GEOMETRY
 10
903.125
 20
-1104.523
 40
1.593
 50
251.136
 51
258.563
  0
ARC
  8
APS_GEOMETRY
 10
902.805
 20
-1105.452
 40
0.61
 50
222.558
 51
251.395
  0
ARC
  8
APS_GEOMETRY
 10
902.567
 20
-1105.67
 40
0.287
 50
180.0
 51
222.558
  0
ARC
  8
APS_GEOMETRY
 10
902.519
 20
-1105.67
 40
0.239
 50
150.642
 51
180.0
  0
ARC
  8
APS_GEOMETRY
 10
902.538
 20
-1105.681
 40
0.261
 50
122.574
 51
150.642
  0
ARC
  8
APS_GEOMETRY
 10
902.487
 20
-1105.623
 40
0.185
 50
108.677
 51
119.055
  0
ARC
  8
APS_GEOMETRY
 10
904.799
 20
-1112.461
 40
7.404
 50
107.038
 51
108.677
  0
ARC
  8
APS_GEOMETRY
 10
902.543
 20
-1105.085
 40
0.31
 50
286.144
 51
308.66
  0
ARC
  8
APS_GEOMETRY
 10
902.594
 20
-1105.148
 40
0.229
 50
308.66
 51
334.933
  0
ARC
  8
APS_GEOMETRY
 10
902.388
 20
-1105.052
 40
0.457
 50
334.933
 51
348.829
  0
ARC
  8
APS_GEOMETRY
 10
899.805
 20
-1104.542
 40
3.089
 50
348.829
 51
354.161
  0
ARC
  8
APS_GEOMETRY
 10
898.06
 20
-1104.362
 40
4.844
 50
354.144
 51
355.66
  0
ARC
  8
APS_GEOMETRY
 10
890.322
 20
-1103.775
 40
12.604
 50
355.66
 51
356.6
  0
ARC
  8
APS_GEOMETRY
 10
884.407
 20
-1103.423
 40
18.529
 50
356.6
 51
357.24
  0
ARC
  8
APS_GEOMETRY
 10
867.625
 20
-1102.614
 40
35.331
 50
357.24
 51
357.703
  0
ARC
  8
APS_GEOMETRY
 10
869.277
 20
-1102.681
 40
33.678
 50
357.703
 51
358.674
  0
ARC
  8
APS_GEOMETRY
 10
884.86
 20
-1103.041
 40
18.09
 50
358.674
 51
0.0
  0
ARC
  8
APS_GEOMETRY
 10
900.269
 20
-1103.041
 40
2.681
 50
360.0
 51
6.242
  0
ARC
  8
APS_GEOMETRY
 10
902.401
 20
-1102.808
 40
0.536
 50
6.242
 51
20.225
  0
ARC
  8
APS_GEOMETRY
 10
902.697
 20
-1102.699
 40
0.221
 50
20.225
 51
50.44
  0
ARC
  8
APS_GEOMETRY
 10
902.754
 20
-1102.63
 40
0.131
 50
50.44
 51
90.0
  0
ARC
  8
APS_GEOMETRY
 10
902.754
 20
-1102.674
 40
0.176
 50
90.0
 51
126.747
  0
ARC
  8
APS_GEOMETRY
 10
903.003
 20
-1103.008
 40
0.592
 50
126.747
 51
146.547
  0
ARC
  8
APS_GEOMETRY
 10
898.604
 20
-1100.117
 40
4.671
 50
324.255
 51
326.701
  0
ARC
  8
APS_GEOMETRY
 10
900.466
 20
-1101.457
 40
2.377
 50
320.826
 51
324.255
  0
ARC
  8
APS_GEOMETRY
 10
901.075
 20
-1101.953
 40
1.592
 50
315.722
 51
320.826
  0
ARC
  8
APS_GEOMETRY
 10
901.775
 20
-1102.635
 40
0.615
 50
307.504
 51
315.722
  0
ARC
  8
APS_GEOMETRY
 10
901.71
 20
-1102.549
 40
0.723
 50
291.306
 51
307.405
  0
ARC
  8
APS_GEOMETRY
 10
901.822
 20
-1102.836
 40
0.415
 50
270.0
 51
291.306
  0
ARC
  8
APS_GEOMETRY
 10
901.822
 20
-1102.863
 40
0.388
 50
245.532
 51
270.0
  0
ARC
  8
APS_GEOMETRY
 10
901.819
 20
-1102.869
 40
0.381
 50
220.833
 51
245.532
  0
ARC
  8
APS_GEOMETRY
 10
901.858
 20
-1102.835
 40
0.433
 50
198.684
 51
220.833
  0
ARC
  8
APS_GEOMETRY
 10
902.022
 20
-1102.779
 40
0.606
 50
180.0
 51
198.684
  0
ARC
  8
APS_GEOMETRY
 10
902.407
 20
-1102.779
 40
0.991
 50
168.408
 51
180.0
  0
ARC
  8
APS_GEOMETRY
 10
903.042
 20
-1102.91
 40
1.639
 50
159.402
 51
168.408
  0
ARC
  8
APS_GEOMETRY
 10
903.239
 20
-1102.984
 40
1.849
 50
151.39
 51
159.402
  0
ARC
  8
APS_GEOMETRY
 10
903.198
 20
-1102.962
 40
1.803
 50
143.276
 51
151.39
  0
ARC
  8
APS_GEOMETRY
 10
902.694
 20
-1102.584
 40
1.173
 50
124.216
 51
143.31
  0
ARC
  8
APS_GEOMETRY
 10
902.244
 20
-1101.923
 40
0.373
 50
90.0
 51
124.216
  0
ARC
  8
APS_GEOMETRY
 10
902.244
 20
-1102.088
 40
0.538
 50
82.725
 51
90.0
  0
ARC
  8
APS_GEOMETRY
 10
902.202
 20
-1102.418
 40
0.871
 50
77.005
 51
82.725
  0
ARC
  8
APS_GEOMETRY
 10
903.487
 20
-1096.223
 40
5.456
 50
258.486
 51
260.378
  0
ARC
  8
APS_GEOMETRY
 10
902.936
 20
-1099.47
 40
2.163
 50
260.378
 51
263.382
  0
ARC
  8
APS_GEOMETRY
 10
902.889
 20
-1099.875
 40
1.755
 50
263.382
 51
267.084
  0
ARC
  8
APS_GEOMETRY
 10
902.944
 20
-1098.804
 40
2.827
 50
267.084
 51
270.0
  0
LINE
  8
APS_GEOMETRY
 10
907.285
 11
908.966
 20
-1101.632
 21
-1101.632
  0
ARC
  8
APS_GEOMETRY
 10
908.966
 20
-1080.46
 40
21.172
 50
270.0
 51
270.69
  0
ARC
  8
APS_GEOMETRY
 10
909.086
 20
-1090.365
 40
11.266
 50
270.69
 51
271.637
  0
ARC
  8
APS_GEOMETRY
 10
909.186
 20
-1093.885
 40
7.745
 50
271.637
 51
273.013
  0
ARC
  8
APS_GEOMETRY
 10
909.431
 20
-1098.541
 40
3.082
 50
273.013
 51
275.194
  0
ARC
  8
APS_GEOMETRY
 10
909.492
 20
-1099.209
 40
2.411
 50
275.194
 51
280.756
  0
ARC
  8
APS_GEOMETRY
 10
909.503
 20
-1099.269
 40
2.35
 50
280.756
 51
286.39
  0
ARC
  8
APS_GEOMETRY
 10
910.365
 20
-1102.218
 40
0.722
 50
100.305
 51
105.945
  0
ARC
  8
APS_GEOMETRY
 10
910.274
 20
-1101.721
 40
0.217
 50
90.0
 51
100.305
  0
ARC
  8
APS_GEOMETRY
 10
910.274
 20
-1101.798
 40
0.294
 50
58.946
 51
90.0
  0
ARC
  8
APS_GEOMETRY
 10
910.162
 20
-1101.985
 40
0.512
 50
35.538
 51
58.946
  0
ARC
  8
APS_GEOMETRY
 10
909.723
 20
-1102.308
 40
1.057
 50
16.699
 51
35.952
  0
ARC
  8
APS_GEOMETRY
 10
909.393
 20
-1102.407
 40
1.401
 50
360.0
 51
16.699
  0
ARC
  8
APS_GEOMETRY
 10
910.008
 20
-1102.407
 40
0.786
 50
344.982
 51
360.0
  0
ARC
  8
APS_GEOMETRY
 10
910.385
 20
-1102.508
 40
0.396
 50
323.746
 51
344.982
  0
ARC
  8
APS_GEOMETRY
 10
910.469
 20
-1102.569
 40
0.292
 50
296.114
 51
323.746
  0
ARC
  8
APS_GEOMETRY
 10
910.454
 20
-1102.539
 40
0.326
 50
270.0
 51
296.114
  0
ARC
  8
APS_GEOMETRY
 10
910.454
 20
-1102.456
 40
0.408
 50
255.311
 51
270.0
  0
ARC
  8
APS_GEOMETRY
 10
910.4
 20
-1102.664
 40
0.193
 50
233.881
 51
255.311
  0
ARC
  8
APS_GEOMETRY
 10
910.457
 20
-1102.586
 40
0.291
 50
219.289
 51
233.881
  0
ARC
  8
APS_GEOMETRY
 10
911.61
 20
-1101.642
 40
1.78
 50
213.408
 51
219.289
  0
ARC
  8
APS_GEOMETRY
 10
909.45
 20
-1103.065
 40
0.806
 50
33.294
 51
51.246
  0
ARC
  8
APS_GEOMETRY
 10
909.56
 20
-1102.928
 40
0.631
 50
51.246
 51
71.565
  0
ARC
  8
APS_GEOMETRY
 10
909.487
 20
-1103.146
 40
0.86
 50
71.565
 51
79.278
  0
ARC
  8
APS_GEOMETRY
 10
909.254
 20
-1104.376
 40
2.112
 50
79.278
 51
84.2
  0
ARC
  8
APS_GEOMETRY
 10
909.155
 20
-1105.353
 40
3.095
 50
84.2
 51
87.567
  0
ARC
  8
APS_GEOMETRY
 10
909.035
 20
-1108.181
 40
5.925
 50
87.567
 51
90.0
  0
ARC
  8
APS_GEOMETRY
 10
909.035
 20
-1103.922
 40
1.666
 50
90.0
 51
96.374
  0
ARC
  8
APS_GEOMETRY
 10
908.924
 20
-1102.932
 40
0.67
 50
96.374
 51
106.434
  0
ARC
  8
APS_GEOMETRY
 10
908.846
 20
-1102.666
 40
0.392
 50
106.434
 51
123.056
  0
ARC
  8
APS_GEOMETRY
 10
908.723
 20
-1102.477
 40
0.167
 50
123.056
 51
148.627
  0
ARC
  8
APS_GEOMETRY
 10
908.835
 20
-1102.541
 40
0.296
 50
149.421
 51
165.28
  0
ARC
  8
APS_GEOMETRY
 10
909.158
 20
-1102.626
 40
0.63
 50
165.28
 51
176.135
  0
ARC
  8
APS_GEOMETRY
 10
910.082
 20
-1102.688
 40
1.556
 50
176.135
 51
178.367
  0
ARC
  8
APS_GEOMETRY
 10
918.633
 20
-1102.932
 40
10.11
 50
178.367
 51
179.242
  0
ARC
  8
APS_GEOMETRY
 10
927.47
 20
-1103.049
 40
18.948
 50
179.242
 51
179.709
  0
ARC
  8
APS_GEOMETRY
 10
957.535
 20
-1103.201
 40
49.013
 50
179.709
 51
180.0
  0
ARC
  8
APS_GEOMETRY
 10
909.231
 20
-1103.201
 40
0.709
 50
180.0
 51
195.027
  0
ARC
  8
APS_GEOMETRY
 10
908.651
 20
-1103.357
 40
0.109
 50
195.027
 51
234.058
  0
ARC
  8
APS_GEOMETRY
 10
908.656
 20
-1103.349
 40
0.118
 50
234.058
 51
253.191
  0
ARC
  8
APS_GEOMETRY
 10
908.78
 20
-1102.94
 40
0.546
 50
253.191
 51
262.063
  0
ARC
  8
APS_GEOMETRY
 10
908.843
 20
-1102.485
 40
1.005
 50
262.063
 51
266.949
  0
ARC
  8
APS_GEOMETRY
 10
908.927
 20
-1100.917
 40
2.575
 50
266.949
 51
270.0
  0
ARC
  8
APS_GEOMETRY
 10
908.927
 20
-1103.02
 40
0.472
 50
270.0
 51
286.007
  0
ARC
  8
APS_GEOMETRY
 10
909.01
 20
-1103.308
 40
0.172
 50
286.007
 51
312.647
  0
ARC
  8
APS_GEOMETRY
 10
909.008
 20
-1103.306
 40
0.175
 50
312.647
 51
338.993
  0
ARC
  8
APS_GEOMETRY
 10
908.65
 20
-1103.169
 40
0.558
 50
338.993
 51
353.66
  0
ARC
  8
APS_GEOMETRY
 10
912.342
 20
-1103.609
 40
3.16
 50
169.663
 51
173.118
  0
ARC
  8
APS_GEOMETRY
 10
909.703
 20
-1103.128
 40
0.478
 50
160.769
 51
169.663
  0
ARC
  8
APS_GEOMETRY
 10
909.483
 20
-1103.051
 40
0.244
 50
143.746
 51
160.769
  0
ARC
  8
APS_GEOMETRY
 10
909.536
 20
-1103.09
 40
0.31
 50
128.66
 51
143.746
  0
ARC
  8
APS_GEOMETRY
 10
909.5
 20
-1103.033
 40
0.243
 50
110.171
 51
130.601
  0
ARC
  8
APS_GEOMETRY
 10
909.503
 20
-1103.038
 40
0.249
 50
90.0
 51
110.171
  0
ARC
  8
APS_GEOMETRY
 10
909.503
 20
-1103.042
 40
0.253
 50
61.22
 51
90.0
  0
ARC
  8
APS_GEOMETRY
 10
909.459
 20
-1103.122
 40
0.344
 50
36.634
 51
61.22
  0
ARC
  8
APS_GEOMETRY
 10
909.417
 20
-1103.147
 40
0.392
 50
19.103
 51
35.91
  0
ARC
  8
APS_GEOMETRY
 10
908.138
 20
-1103.59
 40
1.746
 50
11.16
 51
19.103
  0
ARC
  8
APS_GEOMETRY
 10
907.469
 20
-1103.722
 40
2.428
 50
5.396
 51
11.16
  0
ARC
  8
APS_GEOMETRY
 10
907.129
 20
-1103.754
 40
2.769
 50
0.0
 51
5.396
  0
ARC
  8
APS_GEOMETRY
 10
907.177
 20
-1103.754
 40
2.721
 50
349.287
 51
0.0
  0
ARC
  8
APS_GEOMETRY
 10
908.513
 20
-1104.007
 40
1.362
 50
334.12
 51
349.287
  0
ARC
  8
APS_GEOMETRY
 10
909.433
 20
-1104.451
 40
0.34
 50
303.53
 51
333.853
  0
ARC
  8
APS_GEOMETRY
 10
909.467
 20
-1104.502
 40
0.279
 50
270.0
 51
303.53
  0
ARC
  8
APS_GEOMETRY
 10
909.467
 20
-1104.489
 40
0.292
 50
249.578
 51
270.0
  0
ARC
  8
APS_GEOMETRY
 10
909.404
 20
-1104.656
 40
0.114
 50
216.607
 51
249.578
  0
ARC
  8
APS_GEOMETRY
 10
909.464
 20
-1104.612
 40
0.188
 50
195.422
 51
216.607
  0
ARC
  8
APS_GEOMETRY
 10
910.49
 20
-1104.328
 40
1.253
 50
187.253
 51
195.422
  0
ARC
  8
APS_GEOMETRY
 10
908.833
 20
-1104.542
 40
0.418
 50
7.561
 51
49.434
  0
ARC
  8
APS_GEOMETRY
 10
908.816
 20
-1104.562
 40
0.444
 50
49.434
 51
90.0
  0
ARC
  8
APS_GEOMETRY
 10
908.816
 20
-1104.416
 40
0.299
 50
90.0
 51
115.224
  0
ARC
  8
APS_GEOMETRY
 10
908.757
 20
-1104.291
 40
0.16
 50
115.224
 51
149.931
  0
ARC
  8
APS_GEOMETRY
 10
908.864
 20
-1104.352
 40
0.284
 50
149.931
 51
171.111
  0
ARC
  8
APS_GEOMETRY
 10
910.16
 20
-1104.555
 40
1.596
 50
171.111
 51
180.0
  0
ARC
  8
APS_GEOMETRY
 10
911.438
 20
-1104.555
 40
2.874
 50
180.0
 51
183.062
  0
ARC
  8
APS_GEOMETRY
 10
915.837
 20
-1104.32
 40
7.279
 50
183.062
 51
184.986
  0
ARC
  8
APS_GEOMETRY
 10
913.529
 20
-1104.521
 40
4.963
 50
184.986
 51
187.804
  0
ARC
  8
APS_GEOMETRY
 10
909.159
 20
-1105.12
 40
0.552
 50
187.804
 51
196.26
  0
ARC
  8
APS_GEOMETRY
 10
908.774
 20
-1105.236
 40
0.15
 50
194.931
 51
230.024
  0
ARC
  8
APS_GEOMETRY
 10
908.872
 20
-1105.119
 40
0.302
 50
230.024
 51
254.511
  0
ARC
  8
APS_GEOMETRY
 10
908.991
 20
-1104.689
 40
0.748
 50
254.511
 51
265.219
  0
ARC
  8
APS_GEOMETRY
 10
909.241
 20
-1101.702
 40
3.746
 50
265.219
 51
270.0
  0
ARC
  8
APS_GEOMETRY
 10
909.241
 20
-1102.098
 40
3.35
 50
270.0
 51
274.186
  0
ARC
  8
APS_GEOMETRY
 10
909.343
 20
-1103.49
 40
1.954
 50
274.186
 51
279.668
  0
ARC
  8
APS_GEOMETRY
 10
909.426
 20
-1103.981
 40
1.456
 50
279.668
 51
286.991
  0
ARC
  8
APS_GEOMETRY
 10
909.618
 20
-1104.607
 40
0.802
 50
286.991
 51
296.866
  0
ARC
  8
APS_GEOMETRY
 10
909.657
 20
-1104.685
 40
0.714
 50
296.866
 51
318.366
  0
ARC
  8
APS_GEOMETRY
 10
909.258
 20
-1104.33
 40
1.249
 50
318.366
 51
334.581
  0
ARC
  8
APS_GEOMETRY
 10
911.891
 20
-1105.592
 40
1.671
 50
147.08
 51
154.231
  0
ARC
  8
APS_GEOMETRY
 10
910.79
 20
-1104.88
 40
0.36
 50
131.634
 51
147.08
  0
ARC
  8
APS_GEOMETRY
 10
910.708
 20
-1104.788
 40
0.236
 50
108.875
 51
131.634
  0
ARC
  8
APS_GEOMETRY
 10
910.742
 20
-1104.888
 40
0.342
 50
90.0
 51
108.875
  0
ARC
  8
APS_GEOMETRY
 10
910.742
 20
-1104.818
 40
0.273
 50
62.628
 51
90.0
  0
ARC
  8
APS_GEOMETRY
 10
910.725
 20
-1104.852
 40
0.31
 50
36.995
 51
62.628
  0
ARC
  8
APS_GEOMETRY
 10
910.647
 20
-1104.91
 40
0.407
 50
16.728
 51
36.995
  0
ARC
  8
APS_GEOMETRY
 10
910.467
 20
-1104.964
 40
0.596
 50
360.0
 51
16.728
  0
ARC
  8
APS_GEOMETRY
 10
910.109
 20
-1104.964
 40
0.953
 50
348.323
 51
360.0
  0
ARC
  8
APS_GEOMETRY
 10
908.678
 20
-1104.668
 40
2.414
 50
340.994
 51
348.323
  0
ARC
  8
APS_GEOMETRY
 10
908.339
 20
-1104.551
 40
2.773
 50
334.592
 51
340.994
  0
ARC
  8
APS_GEOMETRY
 10
908.931
 20
-1104.833
 40
2.117
 50
327.265
 51
334.592
  0
ARC
  8
APS_GEOMETRY
 10
909.619
 20
-1105.238
 40
1.32
 50
320.133
 51
325.923
  0
ARC
  8
APS_GEOMETRY
 10
910.42
 20
-1105.907
 40
0.277
 50
307.476
 51
320.133
  0
ARC
  8
APS_GEOMETRY
 10
910.49
 20
-1105.998
 40
0.162
 50
286.429
 51
307.476
  0
ARC
  8
APS_GEOMETRY
 10
910.461
 20
-1105.9
 40
0.265
 50
270.0
 51
286.429
  0
ARC
  8
APS_GEOMETRY
 10
910.461
 20
-1105.594
 40
0.57
 50
263.774
 51
270.0
  0
ARC
  8
APS_GEOMETRY
 10
910.628
 20
-1104.064
 40
2.109
 50
260.538
 51
263.774
  0
ARC
  8
APS_GEOMETRY
 10
909.881
 20
-1108.279
 40
2.171
 50
79.38
 51
84.987
  0
ARC
  8
APS_GEOMETRY
 10
909.557
 20
-1111.97
 40
5.877
 50
84.987
 51
88.394
  0
LINE
  8
APS_GEOMETRY
 10
909.722
 11
906.948
 20
-1106.096
 21
-1106.096
  0
ARC
  8
APS_GEOMETRY
 10
906.948
 20
-1105.515
 40
0.58
 50
254.103
 51
270.0
  0
ARC
  8
APS_GEOMETRY
 10
906.867
 20
-1105.802
 40
0.282
 50
231.216
 51
254.103
  0
ARC
  8
APS_GEOMETRY
 10
906.833
 20
-1105.844
 40
0.228
 50
203.795
 51
231.216
  0
ARC
  8
APS_GEOMETRY
 10
906.9
 20
-1105.814
 40
0.302
 50
180.0
 51
203.795
  0
ARC
  8
APS_GEOMETRY
 10
906.926
 20
-1105.814
 40
0.327
 50
164.055
 51
180.0
  0
ARC
  8
APS_GEOMETRY
 10
906.724
 20
-1105.757
 40
0.118
 50
137.291
 51
164.055
  0
ARC
  8
APS_GEOMETRY
 10
906.785
 20
-1105.813
 40
0.2
 50
120.964
 51
137.291
  0
ARC
  8
APS_GEOMETRY
 10
907.435
 20
-1106.896
 40
1.464
 50
114.944
 51
120.964
  0
ARC
  8
APS_GEOMETRY
 10
906.623
 20
-1105.121
 40
0.489
 50
293.429
 51
305.72
  0
ARC
  8
APS_GEOMETRY
 10
906.758
 20
-1105.308
 40
0.258
 50
305.72
 51
322.651
  0
ARC
  8
APS_GEOMETRY
 10
906.737
 20
-1105.292
 40
0.285
 50
322.651
 51
338.11
  0
ARC
  8
APS_GEOMETRY
 10
906.331
 20
-1105.129
 40
0.722
 50
338.11
 51
347.8
  0
ARC
  8
APS_GEOMETRY
 10
903.811
 20
-1104.576
 40
3.302
 50
347.672
 51
352.051
  0
ARC
  8
APS_GEOMETRY
 10
901.372
 20
-1104.236
 40
5.765
 50
352.051
 51
355.365
  0
ARC
  8
APS_GEOMETRY
 10
899.729
 20
-1104.103
 40
7.413
 50
355.365
 51
357.943
  0
ARC
  8
APS_GEOMETRY
 10
895.488
 20
-1103.95
 40
11.657
 50
357.943
 51
0.0
  0
ARC
  8
APS_GEOMETRY
 10
890.593
 20
-1103.95
 40
16.552
 50
360.0
 51
2.183
  0
ARC
  8
APS_GEOMETRY
 10
900.49
 20
-1103.573
 40
6.647
 50
2.183
 51
5.629
  0
ARC
  8
APS_GEOMETRY
 10
903.439
 20
-1103.282
 40
3.684
 50
5.629
 51
11.805
  0
ARC
  8
APS_GEOMETRY
 10
906.3
 20
-1102.684
 40
0.761
 50
11.805
 51
25.419
  0
ARC
  8
APS_GEOMETRY
 10
906.671
 20
-1102.516
 40
0.354
 50
26.565
 51
38.157
  0
ARC
  8
APS_GEOMETRY
 10
906.835
 20
-1102.387
 40
0.145
 50
38.157
 51
56.31
  0
ARC
  8
APS_GEOMETRY
 10
906.8
 20
-1102.439
 40
0.208
 50
56.31
 51
69.193
  0
ARC
  8
APS_GEOMETRY
 10
906.312
 20
-1103.723
 40
1.582
 50
69.193
 51
73.856
  0
ARC
  8
APS_GEOMETRY
 10
906.827
 20
-1101.953
 40
0.262
 50
216.87
 51
253.393
  0
ARC
  8
APS_GEOMETRY
 10
906.823
 20
-1101.955
 40
0.258
 50
180.0
 51
216.87
  0
ARC
  8
APS_GEOMETRY
 10
906.88
 20
-1101.955
 40
0.314
 50
161.565
 51
180.0
  0
ARC
  8
APS_GEOMETRY
 10
906.868
 20
-1101.952
 40
0.302
 50
142.765
 51
161.565
  0
ARC
  8
APS_GEOMETRY
 10
906.861
 20
-1101.946
 40
0.293
 50
123.425
 51
142.765
  0
ARC
  8
APS_GEOMETRY
 10
906.868
 20
-1101.956
 40
0.305
 50
104.47
 51
123.425
  0
ARC
  8
APS_GEOMETRY
 10
906.926
 20
-1102.242
 40
0.596
 50
96.724
 51
102.995
  0
ARC
  8
APS_GEOMETRY
 10
907.106
 20
-1103.77
 40
2.135
 50
93.411
 51
96.724
  0
ARC
  8
APS_GEOMETRY
 10
907.186
 20
-1105.112
 40
3.479
 50
91.375
 51
93.411
  0
ARC
  8
APS_GEOMETRY
 10
907.285
 20
-1109.262
 40
7.63
 50
90.0
 51
91.375
  0
LINE
  8
COSTRUZIONI
 10
817.124
 11
1017.124
 20
-1117.257
 21
-1117.257
  0
LINE
  8
COSTRUZIONI
 10
1017.124
 11
1017.124
 20
-1117.257
 21
-1097.257
  0
LINE
  8
COSTRUZIONI
 10
1017.124
 11
817.124
 20
-1097.257
 21
-1097.257
  0
LINE
  8
COSTRUZIONI
 10
817.124
 11
817.124
 20
-1097.257
 21
-1117.257
  0
LINE
  8
COSTRUZIONI
 10
917.124
 11
917.124
 20
-1117.257
 21
-1097.257
  0
LINE
  8
COSTRUZIONI
 10
917.124
 11
1017.124
 20
-1107.257
 21
-1107.257
  0
LINE
  8
COSTRUZIONI
 10
967.124
 11
967.124
 20
-1117.257
 21
-1097.257
  0
LINE
  8
APS_GEOMETRY
 10
2300.596
 11
2300.596
 20
484.068
 21
488.568
  0
LINE
  8
APS_GEOMETRY
 10
1508.596
 11
1508.596
 20
488.568
 21
484.068
  0
LINE
  8
APS_GEOMETRY
 10
1501.096
 11
1475.596
 20
2587.568
 21
2613.068
  0
LINE
  8
APS_GEOMETRY
 10
2308.096
 11
2333.596
 20
2587.568
 21
2613.068
  0
LINE
  8
APS_GEOMETRY
 10
2308.096
 11
2308.096
 20
488.568
 21
2587.568
  0
LINE
  8
APS_GEOMETRY
 10
2308.096
 11
1501.096
 20
2587.568
 21
2587.568
  0
LINE
  8
APS_GEOMETRY
 10
1501.096
 11
1501.096
 20
2587.568
 21
488.568
  0
LINE
  8
APS_GEOMETRY
 10
1501.096
 11
2308.096
 20
488.568
 21
488.568
  0
CIRCLE
  8
APS_GEOMETRY
 10
1561.096
 20
1528.568
 40
2.0
  0
LINE
  8
APS_GEOMETRY
 10
2399.096
 11
2344.596
 20
-57.76
 21
-57.76
  0
LINE
  8
APS_GEOMETRY
 10
2344.596
 11
2344.596
 20
-57.76
 21
-60.76
  0
LINE
  8
APS_GEOMETRY
 10
2344.596
 11
2340.096
 20
-60.76
 21
-60.76
  0
LINE
  8
APS_GEOMETRY
 10
2340.096
 11
2340.096
 20
-60.76
 21
-71.26
  0
LINE
  8
APS_GEOMETRY
 10
2340.096
 11
2338.596
 20
-71.26
 21
-72.76
  0
LINE
  8
APS_GEOMETRY
 10
2338.596
 11
2336.096
 20
-72.76
 21
-72.76
  0
LINE
  8
APS_GEOMETRY
 10
2336.096
 11
2336.096
 20
-72.76
 21
-54.76
  0
ARC
  8
APS_GEOMETRY
 10
2340.096
 20
-54.76
 40
4.0
 50
90.0
 51
180.0
  0
LINE
  8
APS_GEOMETRY
 10
2340.096
 11
2401.096
 20
-50.76
 21
-50.76
  0
ARC
  8
APS_GEOMETRY
 10
2401.096
 20
-54.76
 40
4.0
 50
360.0
 51
90.0
  0
LINE
  8
APS_GEOMETRY
 10
2405.096
 11
2405.096
 20
-54.76
 21
-60.76
  0
LINE
  8
APS_GEOMETRY
 10
2405.096
 11
2399.096
 20
-60.76
 21
-60.76
  0
LINE
  8
APS_GEOMETRY
 10
2399.096
 11
2399.096
 20
-60.76
 21
-57.76
  0
LINE
  8
APS_GEOMETRY
 10
2397.096
 11
2342.596
 20
-181.76
 21
-181.76
  0
LINE
  8
APS_GEOMETRY
 10
2342.596
 11
2342.596
 20
-181.76
 21
-178.76
  0
LINE
  8
APS_GEOMETRY
 10
2342.596
 11
2338.096
 20
-178.76
 21
-178.76
  0
LINE
  8
APS_GEOMETRY
 10
2338.096
 11
2338.096
 20
-178.76
 21
-168.26
  0
LINE
  8
APS_GEOMETRY
 10
2338.096
 11
2336.596
 20
-168.26
 21
-166.76
  0
LINE
  8
APS_GEOMETRY
 10
2336.596
 11
2334.096
 20
-166.76
 21
-166.76
  0
LINE
  8
APS_GEOMETRY
 10
2334.096
 11
2334.096
 20
-166.76
 21
-184.76
  0
ARC
  8
APS_GEOMETRY
 10
2338.096
 20
-184.76
 40
4.0
 50
180.0
 51
270.0
  0
LINE
  8
APS_GEOMETRY
 10
2338.096
 11
2399.096
 20
-188.76
 21
-188.76
  0
ARC
  8
APS_GEOMETRY
 10
2399.096
 20
-184.76
 40
4.0
 50
270.0
 51
0.0
  0
LINE
  8
APS_GEOMETRY
 10
2403.096
 11
2403.096
 20
-184.76
 21
-178.76
  0
LINE
  8
APS_GEOMETRY
 10
2403.096
 11
2397.096
 20
-178.76
 21
-178.76
  0
LINE
  8
APS_GEOMETRY
 10
2397.096
 11
2397.096
 20
-178.76
 21
-181.76
  0
LINE
  8
COSTRUZIONI
 10
1490.396
 11
1508.096
 20
-80.26
 21
-80.26
  0
LINE
  8
COSTRUZIONI
 10
1508.096
 11
1508.096
 20
-80.26
 21
-83.76
  0
LINE
  8
COSTRUZIONI
 10
1508.096
 11
1490.396
 20
-83.76
 21
-83.76
  0
LINE
  8
COSTRUZIONI
 10
1490.396
 11
1490.396
 20
-83.76
 21
-80.26
  0
ARC
  8
APS_GEOMETRY
 10
1507.596
 20
-84.76
 40
1.0
 50
360.0
 51
90.0
  0
LINE
  8
APS_GEOMETRY
 10
1410.096
 11
1464.596
 20
-57.76
 21
-57.76
  0
LINE
  8
APS_GEOMETRY
 10
1464.596
 11
1464.596
 20
-57.76
 21
-60.76
  0
LINE
  8
APS_GEOMETRY
 10
1464.596
 11
1469.096
 20
-60.76
 21
-60.76
  0
LINE
  8
APS_GEOMETRY
 10
1469.096
 11
1469.096
 20
-60.76
 21
-71.26
  0
LINE
  8
APS_GEOMETRY
 10
1469.096
 11
1470.596
 20
-71.26
 21
-72.76
  0
LINE
  8
APS_GEOMETRY
 10
1470.596
 11
1473.096
 20
-72.76
 21
-72.76
  0
LINE
  8
APS_GEOMETRY
 10
1473.096
 11
1473.096
 20
-72.76
 21
-54.76
  0
ARC
  8
APS_GEOMETRY
 10
1469.096
 20
-54.76
 40
4.0
 50
0.0
 51
90.0
  0
LINE
  8
APS_GEOMETRY
 10
1469.096
 11
1408.096
 20
-50.76
 21
-50.76
  0
ARC
  8
APS_GEOMETRY
 10
1408.096
 20
-54.76
 40
4.0
 50
90.0
 51
180.0
  0
LINE
  8
APS_GEOMETRY
 10
1404.096
 11
1404.096
 20
-54.76
 21
-60.76
  0
LINE
  8
APS_GEOMETRY
 10
1404.096
 11
1410.096
 20
-60.76
 21
-60.76
  0
LINE
  8
APS_GEOMETRY
 10
1410.096
 11
1410.096
 20
-60.76
 21
-57.76
  0
LINE
  8
APS_GEOMETRY
 10
1412.096
 11
1466.596
 20
-181.76
 21
-181.76
  0
LINE
  8
APS_GEOMETRY
 10
1466.596
 11
1466.596
 20
-181.76
 21
-178.76
  0
LINE
  8
APS_GEOMETRY
 10
1466.596
 11
1471.096
 20
-178.76
 21
-178.76
  0
LINE
  8
APS_GEOMETRY
 10
1471.096
 11
1471.096
 20
-178.76
 21
-168.26
  0
LINE
  8
APS_GEOMETRY
 10
1471.096
 11
1472.596
 20
-168.26
 21
-166.76
  0
LINE
  8
APS_GEOMETRY
 10
1472.596
 11
1475.096
 20
-166.76
 21
-166.76
  0
LINE
  8
APS_GEOMETRY
 10
1475.096
 11
1475.096
 20
-166.76
 21
-184.76
  0
ARC
  8
APS_GEOMETRY
 10
1471.096
 20
-184.76
 40
4.0
 50
270.0
 51
360.0
  0
LINE
  8
APS_GEOMETRY
 10
1471.096
 11
1410.096
 20
-188.76
 21
-188.76
  0
ARC
  8
APS_GEOMETRY
 10
1410.096
 20
-184.76
 40
4.0
 50
180.0
 51
270.0
  0
LINE
  8
APS_GEOMETRY
 10
1406.096
 11
1406.096
 20
-184.76
 21
-178.76
  0
LINE
  8
APS_GEOMETRY
 10
1406.096
 11
1412.096
 20
-178.76
 21
-178.76
  0
LINE
  8
APS_GEOMETRY
 10
1412.096
 11
1412.096
 20
-178.76
 21
-181.76
  0
LINE
  8
COSTRUZIONI
 10
2318.796
 11
2301.096
 20
-80.26
 21
-80.26
  0
LINE
  8
COSTRUZIONI
 10
2301.096
 11
2301.096
 20
-80.26
 21
-83.76
  0
LINE
  8
COSTRUZIONI
 10
2301.096
 11
2318.796
 20
-83.76
 21
-83.76
  0
LINE
  8
COSTRUZIONI
 10
2318.796
 11
2318.796
 20
-83.76
 21
-80.26
  0
LINE
  8
APS_GEOMETRY
 10
2333.596
 11
2333.596
 20
484.068
 21
2613.068
  0
LINE
  8
APS_GEOMETRY
 10
2333.596
 11
1475.596
 20
2613.068
 21
2613.068
  0
LINE
  8
APS_GEOMETRY
 10
1475.596
 11
1475.596
 20
2613.068
 21
484.068
  0
LINE
  8
APS_GEOMETRY
 10
2402.596
 11
2402.596
 20
484.068
 21
2682.068
  0
LINE
  8
APS_GEOMETRY
 10
2402.596
 11
1406.596
 20
2682.068
 21
2682.068
  0
LINE
  8
APS_GEOMETRY
 10
1406.596
 11
1406.596
 20
2682.068
 21
484.068
  0
LINE
  8
COSTRUZIONI
 10
821.533
 11
2821.533
 20
-464.153
 21
-464.153
  0
LINE
  8
COSTRUZIONI
 10
2821.533
 11
2821.533
 20
-464.153
 21
-264.153
  0
LINE
  8
COSTRUZIONI
 10
2821.533
 11
821.533
 20
-264.153
 21
-264.153
  0
LINE
  8
COSTRUZIONI
 10
821.533
 11
821.533
 20
-264.153
 21
-464.153
  0
LINE
  8
COSTRUZIONI
 10
1821.533
 11
1821.533
 20
-464.153
 21
-264.153
  0
LINE
  8
COSTRUZIONI
 10
1821.533
 11
2821.533
 20
-364.153
 21
-364.153
  0
LINE
  8
COSTRUZIONI
 10
2321.533
 11
2321.533
 20
-464.153
 21
-264.153
  0
LINE
  8
APS_GEOMETRY
 10
884.218
 11
901.453
 20
-318.138
 21
-318.138
  0
ARC
  8
APS_GEOMETRY
 10
900.581
 20
-293.443
 40
24.711
 50
272.021
 51
278.44
  0
ARC
  8
APS_GEOMETRY
 10
901.554
 20
-299.998
 40
18.083
 50
278.44
 51
285.945
  0
ARC
  8
APS_GEOMETRY
 10
908.871
 20
-326.195
 40
9.118
 50
98.584
 51
104.931
  0
ARC
  8
APS_GEOMETRY
 10
908.255
 20
-322.115
 40
4.991
 50
90.0
 51
98.584
  0
ARC
  8
APS_GEOMETRY
 10
908.255
 20
-320.876
 40
3.752
 50
52.871
 51
90.0
  0
ARC
  8
APS_GEOMETRY
 10
903.166
 20
-327.597
 40
12.182
 50
32.518
 51
52.871
  0
ARC
  8
APS_GEOMETRY
 10
899.135
 20
-330.167
 40
16.963
 50
17.209
 51
32.518
  0
ARC
  8
APS_GEOMETRY
 10
902.495
 20
-329.126
 40
13.445
 50
360.0
 51
17.209
  0
ARC
  8
APS_GEOMETRY
 10
909.223
 20
-329.126
 40
6.717
 50
337.348
 51
360.0
  0
ARC
  8
APS_GEOMETRY
 10
911.923
 20
-330.253
 40
3.792
 50
307.042
 51
337.348
  0
ARC
  8
APS_GEOMETRY
 10
911.454
 20
-329.608
 40
4.589
 50
287.186
 51
306.87
  0
ARC
  8
APS_GEOMETRY
 10
911.035
 20
-328.254
 40
6.006
 50
270.0
 51
287.186
  0
ARC
  8
APS_GEOMETRY
 10
911.035
 20
-328.867
 40
5.393
 50
252.221
 51
270.0
  0
ARC
  8
APS_GEOMETRY
 10
910.784
 20
-329.65
 40
4.571
 50
232.896
 51
252.221
  0
ARC
  8
APS_GEOMETRY
 10
911.754
 20
-328.367
 40
6.18
 50
218.3
 51
232.896
  0
ARC
  8
APS_GEOMETRY
 10
919.334
 20
-322.381
 40
15.839
 50
209.197
 51
218.3
  0
ARC
  8
APS_GEOMETRY
 10
880.781
 20
-343.269
 40
28.012
 50
28.025
 51
32.699
  0
ARC
  8
APS_GEOMETRY
 10
900.937
 20
-330.329
 40
4.06
 50
32.699
 51
45.0
  0
ARC
  8
APS_GEOMETRY
 10
902.311
 20
-328.955
 40
2.116
 50
45.0
 51
67.557
  0
ARC
  8
APS_GEOMETRY
 10
902.303
 20
-328.974
 40
2.137
 50
67.557
 51
90.0
  0
ARC
  8
APS_GEOMETRY
 10
902.303
 20
-328.806
 40
1.969
 50
90.0
 51
120.801
  0
ARC
  8
APS_GEOMETRY
 10
902.236
 20
-328.694
 40
1.839
 50
120.801
 51
152.7
  0
ARC
  8
APS_GEOMETRY
 10
903.695
 20
-329.447
 40
3.481
 50
152.7
 51
171.085
  0
ARC
  8
APS_GEOMETRY
 10
914.784
 20
-331.187
 40
14.705
 50
171.085
 51
180.0
  0
LINE
  8
APS_GEOMETRY
 10
900.079
 11
900.079
 20
-331.187
 21
-349.501
  0
ARC
  8
APS_GEOMETRY
 10
919.506
 20
-349.501
 40
19.427
 50
180.0
 51
188.194
  0
ARC
  8
APS_GEOMETRY
 10
904.999
 20
-351.59
 40
4.77
 50
188.194
 51
204.775
  0
ARC
  8
APS_GEOMETRY
 10
903.589
 20
-352.24
 40
3.218
 50
204.775
 51
228.576
  0
ARC
  8
APS_GEOMETRY
 10
904.911
 20
-350.742
 40
5.216
 50
228.576
 51
247.218
  0
ARC
  8
APS_GEOMETRY
 10
897.243
 20
-368.814
 40
14.416
 50
59.381
 51
66.93
  0
ARC
  8
APS_GEOMETRY
 10
902.904
 20
-359.248
 40
3.301
 50
43.568
 51
59.381
  0
ARC
  8
APS_GEOMETRY
 10
903.809
 20
-358.387
 40
2.051
 50
19.041
 51
43.568
  0
ARC
  8
APS_GEOMETRY
 10
902.551
 20
-358.821
 40
3.382
 50
360.0
 51
19.041
  0
ARC
  8
APS_GEOMETRY
 10
903.186
 20
-358.821
 40
2.747
 50
317.66
 51
360.0
  0
ARC
  8
APS_GEOMETRY
 10
900.663
 20
-356.523
 40
6.16
 50
289.747
 51
317.66
  0
ARC
  8
APS_GEOMETRY
 10
898.551
 20
-350.638
 40
12.412
 50
281.964
 51
289.747
  0
ARC
  8
APS_GEOMETRY
 10
895.624
 20
-336.826
 40
26.531
 50
276.643
 51
281.964
  0
ARC
  8
APS_GEOMETRY
 10
894.392
 20
-326.25
 40
37.178
 50
272.836
 51
276.643
  0
ARC
  8
APS_GEOMETRY
 10
892.917
 20
-296.475
 40
66.99
 50
270.0
 51
272.836
  0
ARC
  8
APS_GEOMETRY
 10
892.917
 20
-278.025
 40
85.44
 50
267.283
 51
270.0
  0
ARC
  8
APS_GEOMETRY
 10
891.123
 20
-315.828
 40
47.595
 50
263.643
 51
267.283
  0
ARC
  8
APS_GEOMETRY
 10
889.621
 20
-329.312
 40
34.027
 50
258.563
 51
263.643
  0
ARC
  8
APS_GEOMETRY
 10
886.032
 20
-347.051
 40
15.929
 50
251.136
 51
258.563
  0
ARC
  8
APS_GEOMETRY
 10
882.828
 20
-356.344
 40
6.099
 50
222.558
 51
251.395
  0
ARC
  8
APS_GEOMETRY
 10
880.451
 20
-358.527
 40
2.871
 50
180.0
 51
222.558
  0
ARC
  8
APS_GEOMETRY
 10
879.971
 20
-358.527
 40
2.392
 50
150.642
 51
180.0
  0
ARC
  8
APS_GEOMETRY
 10
880.163
 20
-358.635
 40
2.612
 50
122.574
 51
150.642
  0
ARC
  8
APS_GEOMETRY
 10
879.656
 20
-358.052
 40
1.851
 50
108.677
 51
119.055
  0
ARC
  8
APS_GEOMETRY
 10
902.771
 20
-426.436
 40
74.036
 50
107.038
 51
108.677
  0
ARC
  8
APS_GEOMETRY
 10
880.217
 20
-352.672
 40
3.099
 50
286.144
 51
308.66
  0
ARC
  8
APS_GEOMETRY
 10
880.724
 20
-353.307
 40
2.287
 50
308.66
 51
334.933
  0
ARC
  8
APS_GEOMETRY
 10
878.659
 20
-352.341
 40
4.566
 50
334.933
 51
348.829
  0
ARC
  8
APS_GEOMETRY
 10
852.834
 20
-347.241
 40
30.891
 50
348.829
 51
354.161
  0
ARC
  8
APS_GEOMETRY
 10
835.378
 20
-345.441
 40
48.439
 50
354.144
 51
355.66
  0
ARC
  8
APS_GEOMETRY
 10
758.001
 20
-339.57
 40
126.038
 50
355.66
 51
356.6
  0
ARC
  8
APS_GEOMETRY
 10
698.852
 20
-336.056
 40
185.291
 50
356.6
 51
357.24
  0
ARC
  8
APS_GEOMETRY
 10
531.027
 20
-327.964
 40
353.311
 50
357.24
 51
357.703
  0
ARC
  8
APS_GEOMETRY
 10
547.548
 20
-328.627
 40
336.777
 50
357.703
 51
358.674
  0
ARC
  8
APS_GEOMETRY
 10
703.38
 20
-332.233
 40
180.903
 50
358.674
 51
0.0
  0
ARC
  8
APS_GEOMETRY
 10
857.473
 20
-332.233
 40
26.81
 50
0.0
 51
6.242
  0
ARC
  8
APS_GEOMETRY
 10
878.793
 20
-329.901
 40
5.364
 50
6.242
 51
20.225
  0
ARC
  8
APS_GEOMETRY
 10
881.747
 20
-328.813
 40
2.215
 50
20.225
 51
50.44
  0
ARC
  8
APS_GEOMETRY
 10
882.321
 20
-328.118
 40
1.314
 50
50.44
 51
90.0
  0
ARC
  8
APS_GEOMETRY
 10
882.321
 20
-328.567
 40
1.762
 50
90.0
 51
126.747
  0
ARC
  8
APS_GEOMETRY
 10
884.811
 20
-331.902
 40
5.924
 50
126.747
 51
146.547
  0
ARC
  8
APS_GEOMETRY
 10
840.823
 20
-302.989
 40
46.715
 50
324.255
 51
326.701
  0
ARC
  8
APS_GEOMETRY
 10
859.446
 20
-316.393
 40
23.77
 50
320.826
 51
324.255
  0
ARC
  8
APS_GEOMETRY
 10
865.533
 20
-321.352
 40
15.918
 50
315.722
 51
320.826
  0
ARC
  8
APS_GEOMETRY
 10
872.527
 20
-328.172
 40
6.149
 50
307.504
 51
315.722
  0
ARC
  8
APS_GEOMETRY
 10
871.882
 20
-327.311
 40
7.226
 50
291.306
 51
307.405
  0
ARC
  8
APS_GEOMETRY
 10
873.001
 20
-330.18
 40
4.146
 50
270.0
 51
291.306
  0
ARC
  8
APS_GEOMETRY
 10
873.001
 20
-330.447
 40
3.879
 50
245.532
 51
270.0
  0
ARC
  8
APS_GEOMETRY
 10
872.971
 20
-330.512
 40
3.808
 50
220.833
 51
245.532
  0
ARC
  8
APS_GEOMETRY
 10
873.364
 20
-330.172
 40
4.328
 50
198.684
 51
220.833
  0
ARC
  8
APS_GEOMETRY
 10
875.006
 20
-329.617
 40
6.06
 50
180.0
 51
198.684
  0
ARC
  8
APS_GEOMETRY
 10
878.853
 20
-329.617
 40
9.908
 50
168.408
 51
180.0
  0
ARC
  8
APS_GEOMETRY
 10
885.206
 20
-330.92
 40
16.393
 50
159.402
 51
168.408
  0
ARC
  8
APS_GEOMETRY
 10
887.169
 20
-331.658
 40
18.49
 50
151.39
 51
159.402
  0
ARC
  8
APS_GEOMETRY
 10
886.767
 20
-331.438
 40
18.032
 50
143.276
 51
151.39
  0
ARC
  8
APS_GEOMETRY
 10
881.717
 20
-327.662
 40
11.726
 50
124.216
 51
143.31
  0
ARC
  8
APS_GEOMETRY
 10
877.219
 20
-321.048
 40
3.728
 50
90.0
 51
124.216
  0
ARC
  8
APS_GEOMETRY
 10
877.219
 20
-322.705
 40
5.384
 50
82.725
 51
90.0
  0
ARC
  8
APS_GEOMETRY
 10
876.799
 20
-326.0
 40
8.707
 50
77.005
 51
82.725
  0
ARC
  8
APS_GEOMETRY
 10
889.647
 20
-264.054
 40
54.561
 50
258.486
 51
260.378
  0
ARC
  8
APS_GEOMETRY
 10
884.143
 20
-296.519
 40
21.633
 50
260.378
 51
263.382
  0
ARC
  8
APS_GEOMETRY
 10
883.672
 20
-300.576
 40
17.548
 50
263.382
 51
267.084
  0
ARC
  8
APS_GEOMETRY
 10
884.218
 20
-289.865
 40
28.273
 50
267.084
 51
270.0
  0
ARC
  8
APS_GEOMETRY
 10
943.945
 20
-343.004
 40
25.782
 50
71.91
 51
90.0
  0
ARC
  8
APS_GEOMETRY
 10
944.943
 20
-339.947
 40
22.566
 50
52.561
 51
71.91
  0
ARC
  8
APS_GEOMETRY
 10
944.682
 20
-340.023
 40
22.786
 50
38.846
 51
52.156
  0
ARC
  8
APS_GEOMETRY
 10
941.11
 20
-342.9
 40
27.372
 50
26.707
 51
38.846
  0
ARC
  8
APS_GEOMETRY
 10
941.817
 20
-342.322
 40
26.482
 50
13.868
 51
26.278
  0
ARC
  8
APS_GEOMETRY
 10
946.917
 20
-341.063
 40
21.229
 50
360.0
 51
13.868
  0
ARC
  8
APS_GEOMETRY
 10
947.247
 20
-341.063
 40
20.899
 50
339.712
 51
360.0
  0
ARC
  8
APS_GEOMETRY
 10
946.07
 20
-340.628
 40
22.153
 50
320.013
 51
339.712
  0
ARC
  8
APS_GEOMETRY
 10
945.875
 20
-340.521
 40
22.372
 50
303.344
 51
320.123
  0
ARC
  8
APS_GEOMETRY
 10
943.58
 20
-337.032
 40
26.548
 50
287.949
 51
303.344
  0
ARC
  8
APS_GEOMETRY
 10
942.825
 20
-334.416
 40
29.269
 50
279.039
 51
287.776
  0
ARC
  8
APS_GEOMETRY
 10
943.127
 20
-336.315
 40
27.346
 50
270.0
 51
279.039
  0
ARC
  8
APS_GEOMETRY
 10
943.127
 20
-337.65
 40
26.011
 50
257.728
 51
270.0
  0
ARC
  8
APS_GEOMETRY
 10
943.168
 20
-337.462
 40
26.203
 50
245.501
 51
257.728
  0
ARC
  8
APS_GEOMETRY
 10
941.696
 20
-340.685
 40
22.66
 50
228.665
 51
245.511
  0
ARC
  8
APS_GEOMETRY
 10
941.206
 20
-341.242
 40
21.918
 50
211.535
 51
228.665
  0
ARC
  8
APS_GEOMETRY
 10
941.848
 20
-340.77
 40
22.712
 50
195.642
 51
211.701
  0
ARC
  8
APS_GEOMETRY
 10
943.022
 20
-340.442
 40
23.931
 50
180.0
 51
195.642
  0
ARC
  8
APS_GEOMETRY
 10
943.273
 20
-340.442
 40
24.183
 50
162.181
 51
180.0
  0
ARC
  8
APS_GEOMETRY
 10
941.067
 20
-339.733
 40
21.865
 50
143.434
 51
162.181
  0
ARC
  8
APS_GEOMETRY
 10
940.77
 20
-339.495
 40
21.485
 50
126.384
 51
143.471
  0
ARC
  8
APS_GEOMETRY
 10
942.804
 20
-342.255
 40
24.914
 50
110.525
 51
126.384
  0
ARC
  8
APS_GEOMETRY
 10
942.703
 20
-341.506
 40
24.177
 50
99.77
 51
110.925
  0
ARC
  8
APS_GEOMETRY
 10
943.945
 20
-348.718
 40
31.496
 50
90.0
 51
99.77
  0
ARC
  8
APS_GEOMETRY
 10
940.838
 20
-331.415
 40
4.807
 50
90.0
 51
119.604
  0
ARC
  8
APS_GEOMETRY
 10
941.259
 20
-332.156
 40
5.659
 50
119.604
 51
146.842
  0
ARC
  8
APS_GEOMETRY
 10
942.105
 20
-332.85
 40
6.748
 50
145.84
 51
164.055
  0
ARC
  8
APS_GEOMETRY
 10
944.067
 20
-333.41
 40
8.788
 50
164.055
 51
180.0
  0
ARC
  8
APS_GEOMETRY
 10
956.331
 20
-333.41
 40
21.053
 50
180.0
 51
189.977
  0
ARC
  8
APS_GEOMETRY
 10
974.983
 20
-330.13
 40
39.991
 50
189.977
 51
197.211
  0
ARC
  8
APS_GEOMETRY
 10
979.062
 20
-328.866
 40
44.261
 50
197.211
 51
203.76
  0
ARC
  8
APS_GEOMETRY
 10
968.9
 20
-333.34
 40
33.157
 50
203.76
 51
211.329
  0
ARC
  8
APS_GEOMETRY
 10
948.031
 20
-345.863
 40
8.821
 50
212.32
 51
224.441
  0
ARC
  8
APS_GEOMETRY
 10
947.176
 20
-346.702
 40
7.623
 50
224.441
 51
237.484
  0
ARC
  8
APS_GEOMETRY
 10
946.623
 20
-347.57
 40
6.595
 50
237.484
 51
252.416
  0
ARC
  8
APS_GEOMETRY
 10
946.071
 20
-349.313
 40
4.766
 50
252.416
 51
270.0
  0
ARC
  8
APS_GEOMETRY
 10
946.071
 20
-348.748
 40
5.331
 50
270.0
 51
294.953
  0
ARC
  8
APS_GEOMETRY
 10
946.22
 20
-349.069
 40
4.977
 50
294.953
 51
320.793
  0
ARC
  8
APS_GEOMETRY
 10
945.419
 20
-348.415
 40
6.011
 50
320.793
 51
342.777
  0
ARC
  8
APS_GEOMETRY
 10
941.852
 20
-347.309
 40
9.746
 50
342.777
 51
0.0
  0
ARC
  8
APS_GEOMETRY
 10
925.091
 20
-347.309
 40
26.507
 50
0.0
 51
8.499
  0
ARC
  8
APS_GEOMETRY
 10
913.423
 20
-349.053
 40
38.304
 50
8.499
 51
15.566
  0
ARC
  8
APS_GEOMETRY
 10
914.826
 20
-348.662
 40
36.848
 50
15.566
 51
22.909
  0
ARC
  8
APS_GEOMETRY
 10
926.89
 20
-343.564
 40
23.751
 50
22.909
 51
32.057
  0
ARC
  8
APS_GEOMETRY
 10
936.365
 20
-337.594
 40
12.552
 50
31.921
 51
42.51
  0
ARC
  8
APS_GEOMETRY
 10
938.967
 20
-335.209
 40
9.022
 50
42.51
 51
55.008
  0
ARC
  8
APS_GEOMETRY
 10
939.846
 20
-333.954
 40
7.489
 50
55.008
 51
69.88
  0
ARC
  8
APS_GEOMETRY
 10
940.634
 20
-331.802
 40
5.198
 50
69.88
 51
87.754
  0
ARC
  8
APS_GEOMETRY
 10
992.366
 20
-333.206
 40
15.983
 50
83.923
 51
90.0
  0
ARC
  8
APS_GEOMETRY
 10
991.08
 20
-345.281
 40
28.127
 50
79.342
 51
83.923
  0
ARC
  8
APS_GEOMETRY
 10
989.529
 20
-353.521
 40
36.512
 50
75.808
 51
79.342
  0
ARC
  8
APS_GEOMETRY
 10
984.119
 20
-374.916
 40
58.58
 50
73.018
 51
75.808
  0
ARC
  8
APS_GEOMETRY
 10
1003.17
 20
-312.423
 40
6.752
 50
253.288
 51
259.046
  0
ARC
  8
APS_GEOMETRY
 10
1002.242
 20
-317.217
 40
1.87
 50
259.046
 51
270.0
  0
ARC
  8
APS_GEOMETRY
 10
1002.242
 20
-317.977
 40
1.11
 50
270.0
 51
286.699
  0
ARC
  8
APS_GEOMETRY
 10
993.369
 20
-288.399
 40
31.989
 50
286.699
 51
289.799
  0
ARC
  8
APS_GEOMETRY
 10
1005.259
 20
-321.309
 40
3.002
 50
100.008
 51
110.556
  0
ARC
  8
APS_GEOMETRY
 10
1005.316
 20
-321.636
 40
3.334
 50
90.0
 51
100.008
  0
ARC
  8
APS_GEOMETRY
 10
1005.316
 20
-321.481
 40
3.179
 50
53.356
 51
90.0
  0
ARC
  8
APS_GEOMETRY
 10
999.763
 20
-328.947
 40
12.484
 50
35.101
 51
53.356
  0
ARC
  8
APS_GEOMETRY
 10
996.991
 20
-330.894
 40
15.871
 50
20.245
 51
35.101
  0
ARC
  8
APS_GEOMETRY
 10
1003.825
 20
-328.374
 40
8.588
 50
360.0
 51
20.245
  0
ARC
  8
APS_GEOMETRY
 10
1007.263
 20
-328.374
 40
5.15
 50
340.481
 51
360.0
  0
ARC
  8
APS_GEOMETRY
 10
1008.111
 20
-328.675
 40
4.25
 50
318.972
 51
340.481
  0
ARC
  8
APS_GEOMETRY
 10
1008.49
 20
-329.004
 40
3.748
 50
295.017
 51
318.972
  0
ARC
  8
APS_GEOMETRY
 10
1008.619
 20
-329.282
 40
3.442
 50
270.0
 51
295.017
  0
ARC
  8
APS_GEOMETRY
 10
1008.619
 20
-327.438
 40
5.285
 50
256.171
 51
270.0
  0
ARC
  8
APS_GEOMETRY
 10
1008.043
 20
-329.779
 40
2.874
 50
237.381
 51
256.171
  0
ARC
  8
APS_GEOMETRY
 10
1009.064
 20
-328.185
 40
4.768
 50
231.559
 51
237.381
  0
ARC
  8
APS_GEOMETRY
 10
1023.906
 20
-309.485
 40
28.642
 50
229.185
 51
231.559
  0
ARC
  8
APS_GEOMETRY
 10
1039.814
 20
-291.066
 40
52.979
 50
227.9
 51
229.185
  0
ARC
  8
APS_GEOMETRY
 10
1094.867
 20
-230.138
 40
135.095
 50
227.095
 51
227.9
  0
ARC
  8
APS_GEOMETRY
 10
991.504
 20
-341.3
 40
16.696
 50
46.975
 51
64.612
  0
ARC
  8
APS_GEOMETRY
 10
995.178
 20
-333.557
 40
8.127
 50
64.612
 51
90.0
  0
ARC
  8
APS_GEOMETRY
 10
995.178
 20
-331.287
 40
5.856
 50
90.0
 51
106.966
  0
ARC
  8
APS_GEOMETRY
 10
994.5
 20
-329.063
 40
3.531
 50
106.966
 51
128.868
  0
ARC
  8
APS_GEOMETRY
 10
994.107
 20
-328.576
 40
2.905
 50
128.868
 51
154.741
  0
ARC
  8
APS_GEOMETRY
 10
994.234
 20
-328.636
 40
3.046
 50
154.741
 51
180.0
  0
ARC
  8
APS_GEOMETRY
 10
994.049
 20
-328.636
 40
2.861
 50
180.0
 51
206.64
  0
ARC
  8
APS_GEOMETRY
 10
994.97
 20
-328.174
 40
3.891
 50
206.64
 51
229.43
  0
ARC
  8
APS_GEOMETRY
 10
996.445
 20
-326.451
 40
6.159
 50
229.43
 51
244.493
  0
ARC
  8
APS_GEOMETRY
 10
1000.491
 20
-317.971
 40
15.554
 50
244.493
 51
253.956
  0
ARC
  8
APS_GEOMETRY
 10
928.42
 20
-562.9
 40
239.758
 50
72.737
 51
73.58
  0
ARC
  8
APS_GEOMETRY
 10
969.724
 20
-429.985
 40
100.573
 50
71.435
 51
72.737
  0
ARC
  8
APS_GEOMETRY
 10
983.404
 20
-389.25
 40
57.603
 50
69.164
 51
71.435
  0
ARC
  8
APS_GEOMETRY
 10
999.549
 20
-346.828
 40
12.212
 50
64.231
 51
69.164
  0
ARC
  8
APS_GEOMETRY
 10
997.692
 20
-350.567
 40
16.387
 50
34.939
 51
64.068
  0
ARC
  8
APS_GEOMETRY
 10
1001.7
 20
-347.767
 40
11.498
 50
360.0
 51
34.939
  0
ARC
  8
APS_GEOMETRY
 10
999.236
 20
-347.767
 40
13.962
 50
333.435
 51
360.0
  0
ARC
  8
APS_GEOMETRY
 10
998.323
 20
-347.311
 40
14.982
 50
307.807
 51
333.435
  0
ARC
  8
APS_GEOMETRY
 10
995.948
 20
-344.238
 40
18.866
 50
296.732
 51
307.786
  0
ARC
  8
APS_GEOMETRY
 10
994.543
 20
-341.448
 40
21.99
 50
286.496
 51
296.732
  0
ARC
  8
APS_GEOMETRY
 10
993.617
 20
-338.323
 40
25.25
 50
277.544
 51
286.496
  0
ARC
  8
APS_GEOMETRY
 10
992.268
 20
-328.132
 40
35.53
 50
270.0
 51
277.544
  0
ARC
  8
APS_GEOMETRY
 10
992.268
 20
-326.59
 40
37.071
 50
263.555
 51
270.0
  0
ARC
  8
APS_GEOMETRY
 10
993.468
 20
-315.967
 40
47.762
 50
257.878
 51
263.555
  0
ARC
  8
APS_GEOMETRY
 10
992.831
 20
-318.932
 40
44.729
 50
254.839
 51
257.878
  0
ARC
  8
APS_GEOMETRY
 10
987.664
 20
-338.0
 40
24.974
 50
250.772
 51
254.839
  0
ARC
  8
APS_GEOMETRY
 10
985.34
 20
-344.662
 40
17.918
 50
245.121
 51
250.772
  0
ARC
  8
APS_GEOMETRY
 10
981.407
 20
-353.144
 40
8.568
 50
236.944
 51
245.121
  0
ARC
  8
APS_GEOMETRY
 10
979.087
 20
-356.795
 40
4.243
 50
211.802
 51
236.31
  0
ARC
  8
APS_GEOMETRY
 10
990.112
 20
-349.959
 40
17.215
 50
199.704
 51
211.802
  0
ARC
  8
APS_GEOMETRY
 10
995.376
 20
-348.073
 40
22.807
 50
190.413
 51
199.704
  0
ARC
  8
APS_GEOMETRY
 10
990.814
 20
-348.912
 40
18.168
 50
180.0
 51
190.413
  0
ARC
  8
APS_GEOMETRY
 10
978.514
 20
-348.912
 40
5.869
 50
164.876
 51
180.0
  0
ARC
  8
APS_GEOMETRY
 10
975.208
 20
-348.018
 40
2.443
 50
141.34
 51
164.876
  0
ARC
  8
APS_GEOMETRY
 10
975.527
 20
-348.232
 40
2.827
 50
116.928
 51
142.001
  0
ARC
  8
APS_GEOMETRY
 10
975.36
 20
-347.903
 40
2.457
 50
90.0
 51
116.928
  0
ARC
  8
APS_GEOMETRY
 10
975.36
 20
-347.909
 40
2.464
 50
62.21
 51
90.0
  0
ARC
  8
APS_GEOMETRY
 10
974.376
 20
-349.775
 40
4.573
 50
41.906
 51
62.21
  0
ARC
  8
APS_GEOMETRY
 10
974.543
 20
-349.81
 40
4.475
 50
37.313
 51
43.668
  0
ARC
  8
APS_GEOMETRY
 10
949.475
 20
-368.916
 40
35.993
 50
35.074
 51
37.313
  0
ARC
  8
APS_GEOMETRY
 10
921.008
 20
-388.904
 40
70.777
 50
33.934
 51
35.074
  0
ARC
  8
APS_GEOMETRY
 10
819.51
 20
-457.194
 40
193.11
 50
33.243
 51
33.934
  0
ARC
  8
APS_GEOMETRY
 10
986.63
 20
-347.624
 40
6.727
 50
213.453
 51
231.637
  0
ARC
  8
APS_GEOMETRY
 10
989.809
 20
-343.608
 40
11.848
 50
231.637
 51
245.313
  0
ARC
  8
APS_GEOMETRY
 10
990.509
 20
-342.085
 40
13.524
 50
245.313
 51
257.398
  0
ARC
  8
APS_GEOMETRY
 10
990.273
 20
-343.14
 40
12.443
 50
257.398
 51
270.0
  0
ARC
  8
APS_GEOMETRY
 10
990.273
 20
-345.078
 40
10.506
 50
270.0
 51
282.907
  0
ARC
  8
APS_GEOMETRY
 10
991.403
 20
-350.011
 40
5.445
 50
282.907
 51
300.872
  0
ARC
  8
APS_GEOMETRY
 10
992.383
 20
-351.65
 40
3.535
 50
300.872
 51
326.876
  0
ARC
  8
APS_GEOMETRY
 10
993.5
 20
-352.379
 40
2.202
 50
326.876
 51
0.0
  0
ARC
  8
APS_GEOMETRY
 10
993.171
 20
-352.379
 40
2.531
 50
0.0
 51
27.553
  0
ARC
  8
APS_GEOMETRY
 10
992.37
 20
-352.796
 40
3.434
 50
27.553
 51
51.147
  0
ARC
  8
APS_GEOMETRY
 10
990.715
 20
-354.85
 40
6.071
 50
51.147
 51
65.225
  0
ARC
  8
APS_GEOMETRY
 10
984.612
 20
-368.074
 40
20.636
 50
65.225
 51
72.848
  0
ARC
  8
APS_GEOMETRY
 10
1020.254
 20
-254.435
 40
98.462
 50
251.106
 51
252.532
  0
ARC
  8
APS_GEOMETRY
 10
1007.637
 20
-291.296
 40
59.501
 50
249.271
 51
251.106
  0
ARC
  8
APS_GEOMETRY
 10
1002.392
 20
-305.155
 40
44.683
 50
246.83
 51
249.271
  0
ARC
  8
APS_GEOMETRY
 10
993.909
 20
-324.978
 40
23.121
 50
243.435
 51
246.83
  0
ARC
  8
APS_GEOMETRY
 10
992.943
 20
-326.909
 40
20.961
 50
235.981
 51
243.435
  0
ARC
  8
APS_GEOMETRY
 10
993.684
 20
-325.811
 40
22.287
 50
228.752
 51
235.981
  0
ARC
  8
APS_GEOMETRY
 10
990.21
 20
-329.905
 40
16.918
 50
206.421
 51
228.457
  0
ARC
  8
APS_GEOMETRY
 10
985.656
 20
-332.168
 40
11.833
 50
180.0
 51
206.421
  0
ARC
  8
APS_GEOMETRY
 10
985.87
 20
-332.168
 40
12.047
 50
166.555
 51
180.0
  0
ARC
  8
APS_GEOMETRY
 10
987.265
 20
-332.501
 40
13.482
 50
153.848
 51
166.555
  0
ARC
  8
APS_GEOMETRY
 10
987.382
 20
-332.558
 40
13.611
 50
141.244
 51
153.848
  0
ARC
  8
APS_GEOMETRY
 10
988.242
 20
-333.249
 40
14.714
 50
129.123
 51
141.244
  0
ARC
  8
APS_GEOMETRY
 10
990.995
 20
-336.176
 40
18.725
 50
108.978
 51
130.006
  0
ARC
  8
APS_GEOMETRY
 10
992.366
 20
-340.162
 40
22.94
 50
90.0
 51
108.978
  0
ARC
  8
APS_GEOMETRY
 10
1042.356
 20
-338.486
 40
21.264
 50
77.257
 51
90.0
  0
ARC
  8
APS_GEOMETRY
 10
1042.14
 20
-339.441
 40
22.243
 50
64.799
 51
77.257
  0
ARC
  8
APS_GEOMETRY
 10
1060.458
 20
-300.443
 40
20.843
 50
244.885
 51
251.175
  0
ARC
  8
APS_GEOMETRY
 10
1054.489
 20
-317.951
 40
2.346
 50
251.175
 51
270.0
  0
ARC
  8
APS_GEOMETRY
 10
1054.489
 20
-316.49
 40
3.806
 50
270.0
 51
278.82
  0
ARC
  8
APS_GEOMETRY
 10
1052.03
 20
-300.643
 40
19.844
 50
278.82
 51
282.68
  0
ARC
  8
APS_GEOMETRY
 10
1057.176
 20
-323.423
 40
3.511
 50
95.906
 51
102.995
  0
ARC
  8
APS_GEOMETRY
 10
1057.335
 20
-324.959
 40
5.055
 50
90.0
 51
95.906
  0
ARC
  8
APS_GEOMETRY
 10
1057.335
 20
-323.259
 40
3.356
 50
62.447
 51
90.0
  0
ARC
  8
APS_GEOMETRY
 10
1056.738
 20
-324.403
 40
4.645
 50
39.094
 51
62.447
  0
ARC
  8
APS_GEOMETRY
 10
1050.504
 20
-329.617
 40
12.772
 50
18.435
 51
39.611
  0
ARC
  8
APS_GEOMETRY
 10
1046.677
 20
-330.892
 40
16.806
 50
360.0
 51
18.435
  0
ARC
  8
APS_GEOMETRY
 10
1055.15
 20
-330.892
 40
8.333
 50
334.877
 51
360.0
  0
ARC
  8
APS_GEOMETRY
 10
1057.656
 20
-332.068
 40
5.565
 50
304.007
 51
334.877
  0
ARC
  8
APS_GEOMETRY
 10
1057.615
 20
-331.95
 40
5.686
 50
286.39
 51
303.69
  0
ARC
  8
APS_GEOMETRY
 10
1057.433
 20
-331.332
 40
6.33
 50
270.0
 51
286.39
  0
ARC
  8
APS_GEOMETRY
 10
1057.433
 20
-331.405
 40
6.257
 50
255.155
 51
270.0
  0
ARC
  8
APS_GEOMETRY
 10
1056.747
 20
-333.991
 40
3.581
 50
235.491
 51
255.155
  0
ARC
  8
APS_GEOMETRY
 10
1057.091
 20
-333.491
 40
4.189
 50
218.48
 51
235.491
  0
ARC
  8
APS_GEOMETRY
 10
1062.712
 20
-329.023
 40
11.369
 50
208.179
 51
218.48
  0
ARC
  8
APS_GEOMETRY
 10
1005.088
 20
-360.302
 40
54.198
 50
28.56
 51
31.664
  0
ARC
  8
APS_GEOMETRY
 10
1040.3
 20
-338.585
 40
12.827
 50
31.664
 51
38.047
  0
ARC
  8
APS_GEOMETRY
 10
1042.86
 20
-336.582
 40
9.576
 50
38.047
 51
46.56
  0
ARC
  8
APS_GEOMETRY
 10
1041.529
 20
-337.987
 40
11.512
 50
46.56
 51
54.324
  0
ARC
  8
APS_GEOMETRY
 10
1040.761
 20
-339.308
 40
13.034
 50
54.968
 51
71.48
  0
ARC
  8
APS_GEOMETRY
 10
1041.604
 20
-336.792
 40
10.38
 50
71.48
 51
90.0
  0
ARC
  8
APS_GEOMETRY
 10
1041.604
 20
-333.662
 40
7.251
 50
90.0
 51
114.63
  0
ARC
  8
APS_GEOMETRY
 10
1041.24
 20
-332.868
 40
6.377
 50
114.63
 51
140.921
  0
ARC
  8
APS_GEOMETRY
 10
1042.316
 20
-333.742
 40
7.763
 50
140.921
 51
163.13
  0
ARC
  8
APS_GEOMETRY
 10
1047.693
 20
-335.373
 40
13.382
 50
163.13
 51
180.0
  0
ARC
  8
APS_GEOMETRY
 10
1054.667
 20
-335.373
 40
20.355
 50
180.0
 51
195.44
  0
ARC
  8
APS_GEOMETRY
 10
1053.609
 20
-335.665
 40
19.258
 50
195.44
 51
211.316
  0
ARC
  8
APS_GEOMETRY
 10
1048.519
 20
-338.654
 40
13.357
 50
211.708
 51
240.457
  0
ARC
  8
APS_GEOMETRY
 10
1048.178
 20
-339.257
 40
12.663
 50
240.457
 51
270.0
  0
ARC
  8
APS_GEOMETRY
 10
1048.178
 20
-336.17
 40
15.751
 50
270.0
 51
279.549
  0
ARC
  8
APS_GEOMETRY
 10
1047.982
 20
-335.006
 40
16.931
 50
279.549
 51
288.759
  0
ARC
  8
APS_GEOMETRY
 10
1048.807
 20
-337.436
 40
14.364
 50
288.759
 51
299.545
  0
ARC
  8
APS_GEOMETRY
 10
1052.117
 20
-343.275
 40
7.652
 50
299.545
 51
314.341
  0
ARC
  8
APS_GEOMETRY
 10
1062.352
 20
-353.906
 40
7.105
 50
120.141
 51
133.452
  0
ARC
  8
APS_GEOMETRY
 10
1059.493
 20
-348.983
 40
1.412
 50
90.0
 51
120.141
  0
ARC
  8
APS_GEOMETRY
 10
1059.493
 20
-349.801
 40
2.23
 50
61.952
 51
90.0
  0
ARC
  8
APS_GEOMETRY
 10
1059.161
 20
-350.424
 40
2.936
 50
37.569
 51
61.952
  0
ARC
  8
APS_GEOMETRY
 10
1058.542
 20
-350.9
 40
3.717
 50
17.665
 51
37.569
  0
ARC
  8
APS_GEOMETRY
 10
1057.597
 20
-351.201
 40
4.709
 50
360.0
 51
17.665
  0
ARC
  8
APS_GEOMETRY
 10
1055.225
 20
-351.201
 40
7.081
 50
344.932
 51
360.0
  0
ARC
  8
APS_GEOMETRY
 10
1048.927
 20
-349.506
 40
13.603
 50
334.075
 51
344.932
  0
ARC
  8
APS_GEOMETRY
 10
1048.729
 20
-349.409
 40
13.823
 50
323.374
 51
334.075
  0
ARC
  8
APS_GEOMETRY
 10
1052.793
 20
-352.43
 40
8.76
 50
309.92
 51
323.374
  0
ARC
  8
APS_GEOMETRY
 10
1056.854
 20
-357.221
 40
2.48
 50
289.026
 51
308.991
  0
ARC
  8
APS_GEOMETRY
 10
1052.521
 20
-344.655
 40
15.771
 50
281.143
 51
289.026
  0
ARC
  8
APS_GEOMETRY
 10
1056.915
 20
-367.437
 40
7.431
 50
100.437
 51
110.12
  0
ARC
  8
APS_GEOMETRY
 10
1062.736
 20
-383.327
 40
24.353
 50
110.12
 51
115.463
  0
ARC
  8
APS_GEOMETRY
 10
1041.955
 20
-339.846
 40
23.838
 50
282.94
 51
295.628
  0
ARC
  8
APS_GEOMETRY
 10
1042.16
 20
-340.74
 40
22.921
 50
270.0
 51
282.94
  0
ARC
  8
APS_GEOMETRY
 10
1042.16
 20
-339.386
 40
24.275
 50
257.307
 51
270.0
  0
ARC
  8
APS_GEOMETRY
 10
1043.185
 20
-334.837
 40
28.939
 50
245.686
 51
257.307
  0
ARC
  8
APS_GEOMETRY
 10
1040.615
 20
-340.478
 40
22.739
 50
228.801
 51
245.735
  0
ARC
  8
APS_GEOMETRY
 10
1040.658
 20
-340.429
 40
22.805
 50
211.891
 51
228.801
  0
ARC
  8
APS_GEOMETRY
 10
1042.005
 20
-339.459
 40
24.462
 50
196.728
 51
212.152
  0
ARC
  8
APS_GEOMETRY
 10
1038.518
 20
-340.507
 40
20.82
 50
180.0
 51
196.728
  0
ARC
  8
APS_GEOMETRY
 10
1039.025
 20
-340.507
 40
21.327
 50
161.184
 51
180.0
  0
ARC
  8
APS_GEOMETRY
 10
1040.393
 20
-340.973
 40
22.773
 50
142.98
 51
161.184
  0
ARC
  8
APS_GEOMETRY
 10
1041.457
 20
-341.788
 40
24.112
 50
127.824
 51
142.958
  0
ARC
  8
APS_GEOMETRY
 10
1043.211
 20
-344.047
 40
26.973
 50
113.52
 51
127.824
  0
ARC
  8
APS_GEOMETRY
 10
1042.64
 20
-342.728
 40
25.535
 50
101.927
 51
113.527
  0
ARC
  8
APS_GEOMETRY
 10
1042.356
 20
-341.383
 40
24.161
 50
90.0
 51
101.927
  0
ARC
  8
APS_GEOMETRY
 10
1092.837
 20
-343.004
 40
25.782
 50
71.91
 51
90.0
  0
ARC
  8
APS_GEOMETRY
 10
1093.836
 20
-339.947
 40
22.566
 50
52.561
 51
71.91
  0
ARC
  8
APS_GEOMETRY
 10
1093.574
 20
-340.023
 40
22.786
 50
38.846
 51
52.156
  0
ARC
  8
APS_GEOMETRY
 10
1090.002
 20
-342.9
 40
27.372
 50
26.707
 51
38.846
  0
ARC
  8
APS_GEOMETRY
 10
1090.709
 20
-342.322
 40
26.482
 50
13.868
 51
26.278
  0
ARC
  8
APS_GEOMETRY
 10
1095.809
 20
-341.063
 40
21.229
 50
360.0
 51
13.868
  0
ARC
  8
APS_GEOMETRY
 10
1096.139
 20
-341.063
 40
20.899
 50
339.712
 51
360.0
  0
ARC
  8
APS_GEOMETRY
 10
1094.963
 20
-340.628
 40
22.153
 50
320.013
 51
339.712
  0
ARC
  8
APS_GEOMETRY
 10
1094.768
 20
-340.521
 40
22.372
 50
303.344
 51
320.123
  0
ARC
  8
APS_GEOMETRY
 10
1092.472
 20
-337.032
 40
26.548
 50
287.949
 51
303.344
  0
ARC
  8
APS_GEOMETRY
 10
1091.718
 20
-334.416
 40
29.269
 50
279.039
 51
287.776
  0
ARC
  8
APS_GEOMETRY
 10
1092.02
 20
-336.315
 40
27.346
 50
270.0
 51
279.039
  0
ARC
  8
APS_GEOMETRY
 10
1092.02
 20
-337.65
 40
26.011
 50
257.728
 51
270.0
  0
ARC
  8
APS_GEOMETRY
 10
1092.061
 20
-337.462
 40
26.203
 50
245.501
 51
257.728
  0
ARC
  8
APS_GEOMETRY
 10
1090.588
 20
-340.685
 40
22.66
 50
228.665
 51
245.511
  0
ARC
  8
APS_GEOMETRY
 10
1090.098
 20
-341.242
 40
21.918
 50
211.535
 51
228.665
  0
ARC
  8
APS_GEOMETRY
 10
1090.74
 20
-340.77
 40
22.712
 50
195.642
 51
211.701
  0
ARC
  8
APS_GEOMETRY
 10
1091.914
 20
-340.442
 40
23.931
 50
180.0
 51
195.642
  0
ARC
  8
APS_GEOMETRY
 10
1092.166
 20
-340.442
 40
24.183
 50
162.181
 51
180.0
  0
ARC
  8
APS_GEOMETRY
 10
1089.959
 20
-339.733
 40
21.865
 50
143.434
 51
162.181
  0
ARC
  8
APS_GEOMETRY
 10
1089.662
 20
-339.495
 40
21.485
 50
126.384
 51
143.471
  0
ARC
  8
APS_GEOMETRY
 10
1091.696
 20
-342.255
 40
24.914
 50
110.525
 51
126.384
  0
ARC
  8
APS_GEOMETRY
 10
1091.596
 20
-341.506
 40
24.177
 50
99.77
 51
110.925
  0
ARC
  8
APS_GEOMETRY
 10
1092.837
 20
-348.718
 40
31.496
 50
90.0
 51
99.77
  0
ARC
  8
APS_GEOMETRY
 10
1089.731
 20
-331.415
 40
4.807
 50
90.0
 51
119.604
  0
ARC
  8
APS_GEOMETRY
 10
1090.152
 20
-332.156
 40
5.659
 50
119.604
 51
146.842
  0
ARC
  8
APS_GEOMETRY
 10
1090.998
 20
-332.85
 40
6.748
 50
145.84
 51
164.055
  0
ARC
  8
APS_GEOMETRY
 10
1092.959
 20
-333.41
 40
8.788
 50
164.055
 51
180.0
  0
ARC
  8
APS_GEOMETRY
 10
1105.224
 20
-333.41
 40
21.053
 50
180.0
 51
189.977
  0
ARC
  8
APS_GEOMETRY
 10
1123.875
 20
-330.13
 40
39.991
 50
189.977
 51
197.211
  0
ARC
  8
APS_GEOMETRY
 10
1127.955
 20
-328.866
 40
44.261
 50
197.211
 51
203.76
  0
ARC
  8
APS_GEOMETRY
 10
1117.792
 20
-333.34
 40
33.157
 50
203.76
 51
211.329
  0
ARC
  8
APS_GEOMETRY
 10
1096.924
 20
-345.863
 40
8.821
 50
212.32
 51
224.441
  0
ARC
  8
APS_GEOMETRY
 10
1096.068
 20
-346.702
 40
7.623
 50
224.441
 51
237.484
  0
ARC
  8
APS_GEOMETRY
 10
1095.516
 20
-347.57
 40
6.595
 50
237.484
 51
252.416
  0
ARC
  8
APS_GEOMETRY
 10
1094.963
 20
-349.313
 40
4.766
 50
252.416
 51
270.0
  0
ARC
  8
APS_GEOMETRY
 10
1094.963
 20
-348.748
 40
5.331
 50
270.0
 51
294.953
  0
ARC
  8
APS_GEOMETRY
 10
1095.113
 20
-349.069
 40
4.977
 50
294.953
 51
320.793
  0
ARC
  8
APS_GEOMETRY
 10
1094.312
 20
-348.415
 40
6.011
 50
320.793
 51
342.777
  0
ARC
  8
APS_GEOMETRY
 10
1090.744
 20
-347.309
 40
9.746
 50
342.777
 51
0.0
  0
ARC
  8
APS_GEOMETRY
 10
1073.983
 20
-347.309
 40
26.507
 50
0.0
 51
8.499
  0
ARC
  8
APS_GEOMETRY
 10
1062.316
 20
-349.053
 40
38.304
 50
8.499
 51
15.566
  0
ARC
  8
APS_GEOMETRY
 10
1063.718
 20
-348.662
 40
36.848
 50
15.566
 51
22.909
  0
ARC
  8
APS_GEOMETRY
 10
1075.782
 20
-343.564
 40
23.751
 50
22.909
 51
32.057
  0
ARC
  8
APS_GEOMETRY
 10
1085.258
 20
-337.594
 40
12.552
 50
31.921
 51
42.51
  0
ARC
  8
APS_GEOMETRY
 10
1087.86
 20
-335.209
 40
9.022
 50
42.51
 51
55.008
  0
ARC
  8
APS_GEOMETRY
 10
1088.739
 20
-333.954
 40
7.489
 50
55.008
 51
69.88
  0
ARC
  8
APS_GEOMETRY
 10
1089.527
 20
-331.802
 40
5.198
 50
69.88
 51
87.754
  0
ARC
  8
APS_GEOMETRY
 10
1146.196
 20
-338.486
 40
21.264
 50
77.257
 51
90.0
  0
ARC
  8
APS_GEOMETRY
 10
1145.98
 20
-339.441
 40
22.243
 50
64.799
 51
77.257
  0
ARC
  8
APS_GEOMETRY
 10
1164.298
 20
-300.443
 40
20.843
 50
244.885
 51
251.175
  0
ARC
  8
APS_GEOMETRY
 10
1158.329
 20
-317.951
 40
2.346
 50
251.175
 51
270.0
  0
ARC
  8
APS_GEOMETRY
 10
1158.329
 20
-316.49
 40
3.806
 50
270.0
 51
278.82
  0
ARC
  8
APS_GEOMETRY
 10
1155.87
 20
-300.643
 40
19.844
 50
278.82
 51
282.68
  0
ARC
  8
APS_GEOMETRY
 10
1161.016
 20
-323.423
 40
3.511
 50
95.906
 51
102.995
  0
ARC
  8
APS_GEOMETRY
 10
1161.175
 20
-324.959
 40
5.055
 50
90.0
 51
95.906
  0
ARC
  8
APS_GEOMETRY
 10
1161.175
 20
-323.259
 40
3.356
 50
62.447
 51
90.0
  0
ARC
  8
APS_GEOMETRY
 10
1160.578
 20
-324.403
 40
4.645
 50
39.094
 51
62.447
  0
ARC
  8
APS_GEOMETRY
 10
1154.344
 20
-329.617
 40
12.772
 50
18.435
 51
39.611
  0
ARC
  8
APS_GEOMETRY
 10
1150.517
 20
-330.892
 40
16.806
 50
360.0
 51
18.435
  0
ARC
  8
APS_GEOMETRY
 10
1158.99
 20
-330.892
 40
8.333
 50
334.877
 51
360.0
  0
ARC
  8
APS_GEOMETRY
 10
1161.496
 20
-332.068
 40
5.565
 50
304.007
 51
334.877
  0
ARC
  8
APS_GEOMETRY
 10
1161.455
 20
-331.95
 40
5.686
 50
286.39
 51
303.69
  0
ARC
  8
APS_GEOMETRY
 10
1161.273
 20
-331.332
 40
6.33
 50
270.0
 51
286.39
  0
ARC
  8
APS_GEOMETRY
 10
1161.273
 20
-331.405
 40
6.257
 50
255.155
 51
270.0
  0
ARC
  8
APS_GEOMETRY
 10
1160.587
 20
-333.991
 40
3.581
 50
235.491
 51
255.155
  0
ARC
  8
APS_GEOMETRY
 10
1160.931
 20
-333.491
 40
4.189
 50
218.48
 51
235.491
  0
ARC
  8
APS_GEOMETRY
 10
1166.552
 20
-329.023
 40
11.369
 50
208.179
 51
218.48
  0
ARC
  8
APS_GEOMETRY
 10
1108.928
 20
-360.302
 40
54.198
 50
28.56
 51
31.664
  0
ARC
  8
APS_GEOMETRY
 10
1144.14
 20
-338.585
 40
12.827
 50
31.664
 51
38.047
  0
ARC
  8
APS_GEOMETRY
 10
1146.7
 20
-336.582
 40
9.576
 50
38.047
 51
46.56
  0
ARC
  8
APS_GEOMETRY
 10
1145.369
 20
-337.987
 40
11.512
 50
46.56
 51
54.324
  0
ARC
  8
APS_GEOMETRY
 10
1144.601
 20
-339.308
 40
13.034
 50
54.968
 51
71.48
  0
ARC
  8
APS_GEOMETRY
 10
1145.444
 20
-336.792
 40
10.38
 50
71.48
 51
90.0
  0
ARC
  8
APS_GEOMETRY
 10
1145.444
 20
-333.662
 40
7.251
 50
90.0
 51
114.63
  0
ARC
  8
APS_GEOMETRY
 10
1145.08
 20
-332.868
 40
6.377
 50
114.63
 51
140.921
  0
ARC
  8
APS_GEOMETRY
 10
1146.156
 20
-333.742
 40
7.763
 50
140.921
 51
163.13
  0
ARC
  8
APS_GEOMETRY
 10
1151.533
 20
-335.373
 40
13.382
 50
163.13
 51
180.0
  0
ARC
  8
APS_GEOMETRY
 10
1158.507
 20
-335.373
 40
20.355
 50
180.0
 51
195.44
  0
ARC
  8
APS_GEOMETRY
 10
1157.449
 20
-335.665
 40
19.258
 50
195.44
 51
211.316
  0
ARC
  8
APS_GEOMETRY
 10
1152.36
 20
-338.654
 40
13.357
 50
211.708
 51
240.457
  0
ARC
  8
APS_GEOMETRY
 10
1152.018
 20
-339.257
 40
12.663
 50
240.457
 51
270.0
  0
ARC
  8
APS_GEOMETRY
 10
1152.018
 20
-336.17
 40
15.751
 50
270.0
 51
279.549
  0
ARC
  8
APS_GEOMETRY
 10
1151.822
 20
-335.006
 40
16.931
 50
279.549
 51
288.759
  0
ARC
  8
APS_GEOMETRY
 10
1152.647
 20
-337.436
 40
14.364
 50
288.759
 51
299.545
  0
ARC
  8
APS_GEOMETRY
 10
1155.957
 20
-343.275
 40
7.652
 50
299.545
 51
314.341
  0
ARC
  8
APS_GEOMETRY
 10
1166.192
 20
-353.906
 40
7.105
 50
120.141
 51
133.452
  0
ARC
  8
APS_GEOMETRY
 10
1163.333
 20
-348.983
 40
1.412
 50
90.0
 51
120.141
  0
ARC
  8
APS_GEOMETRY
 10
1163.333
 20
-349.801
 40
2.23
 50
61.952
 51
90.0
  0
ARC
  8
APS_GEOMETRY
 10
1163.001
 20
-350.424
 40
2.936
 50
37.569
 51
61.952
  0
ARC
  8
APS_GEOMETRY
 10
1162.382
 20
-350.9
 40
3.717
 50
17.665
 51
37.569
  0
ARC
  8
APS_GEOMETRY
 10
1161.437
 20
-351.201
 40
4.709
 50
360.0
 51
17.665
  0
ARC
  8
APS_GEOMETRY
 10
1159.065
 20
-351.201
 40
7.081
 50
344.932
 51
360.0
  0
ARC
  8
APS_GEOMETRY
 10
1152.767
 20
-349.506
 40
13.603
 50
334.075
 51
344.932
  0
ARC
  8
APS_GEOMETRY
 10
1152.569
 20
-349.409
 40
13.823
 50
323.374
 51
334.075
  0
ARC
  8
APS_GEOMETRY
 10
1156.633
 20
-352.43
 40
8.76
 50
309.92
 51
323.374
  0
ARC
  8
APS_GEOMETRY
 10
1160.694
 20
-357.221
 40
2.48
 50
289.026
 51
308.991
  0
ARC
  8
APS_GEOMETRY
 10
1156.361
 20
-344.655
 40
15.771
 50
281.143
 51
289.026
  0
ARC
  8
APS_GEOMETRY
 10
1160.755
 20
-367.437
 40
7.431
 50
100.437
 51
110.12
  0
ARC
  8
APS_GEOMETRY
 10
1166.576
 20
-383.327
 40
24.353
 50
110.12
 51
115.463
  0
ARC
  8
APS_GEOMETRY
 10
1145.795
 20
-339.846
 40
23.838
 50
282.94
 51
295.628
  0
ARC
  8
APS_GEOMETRY
 10
1146.0
 20
-340.74
 40
22.921
 50
270.0
 51
282.94
  0
ARC
  8
APS_GEOMETRY
 10
1146.0
 20
-339.386
 40
24.275
 50
257.307
 51
270.0
  0
ARC
  8
APS_GEOMETRY
 10
1147.025
 20
-334.837
 40
28.939
 50
245.686
 51
257.307
  0
ARC
  8
APS_GEOMETRY
 10
1144.455
 20
-340.478
 40
22.739
 50
228.801
 51
245.735
  0
ARC
  8
APS_GEOMETRY
 10
1144.498
 20
-340.429
 40
22.805
 50
211.891
 51
228.801
  0
ARC
  8
APS_GEOMETRY
 10
1145.845
 20
-339.459
 40
24.462
 50
196.728
 51
212.152
  0
ARC
  8
APS_GEOMETRY
 10
1142.358
 20
-340.507
 40
20.82
 50
180.0
 51
196.728
  0
ARC
  8
APS_GEOMETRY
 10
1142.865
 20
-340.507
 40
21.327
 50
161.184
 51
180.0
  0
ARC
  8
APS_GEOMETRY
 10
1144.233
 20
-340.973
 40
22.773
 50
142.98
 51
161.184
  0
ARC
  8
APS_GEOMETRY
 10
1145.297
 20
-341.788
 40
24.112
 50
127.824
 51
142.958
  0
ARC
  8
APS_GEOMETRY
 10
1147.051
 20
-344.047
 40
26.973
 50
113.52
 51
127.824
  0
ARC
  8
APS_GEOMETRY
 10
1146.48
 20
-342.728
 40
25.535
 50
101.927
 51
113.527
  0
ARC
  8
APS_GEOMETRY
 10
1146.196
 20
-341.383
 40
24.161
 50
90.0
 51
101.927
  0
ARC
  8
APS_GEOMETRY
 10
1196.678
 20
-343.004
 40
25.782
 50
71.91
 51
90.0
  0
ARC
  8
APS_GEOMETRY
 10
1197.676
 20
-339.947
 40
22.566
 50
52.561
 51
71.91
  0
ARC
  8
APS_GEOMETRY
 10
1197.415
 20
-340.023
 40
22.786
 50
38.846
 51
52.156
  0
ARC
  8
APS_GEOMETRY
 10
1193.842
 20
-342.9
 40
27.372
 50
26.707
 51
38.846
  0
ARC
  8
APS_GEOMETRY
 10
1194.55
 20
-342.322
 40
26.482
 50
13.868
 51
26.278
  0
ARC
  8
APS_GEOMETRY
 10
1199.649
 20
-341.063
 40
21.229
 50
360.0
 51
13.868
  0
ARC
  8
APS_GEOMETRY
 10
1199.979
 20
-341.063
 40
20.899
 50
339.712
 51
360.0
  0
ARC
  8
APS_GEOMETRY
 10
1198.803
 20
-340.628
 40
22.153
 50
320.013
 51
339.712
  0
ARC
  8
APS_GEOMETRY
 10
1198.608
 20
-340.521
 40
22.372
 50
303.344
 51
320.123
  0
ARC
  8
APS_GEOMETRY
 10
1196.312
 20
-337.032
 40
26.548
 50
287.949
 51
303.344
  0
ARC
  8
APS_GEOMETRY
 10
1195.558
 20
-334.416
 40
29.269
 50
279.039
 51
287.776
  0
ARC
  8
APS_GEOMETRY
 10
1195.86
 20
-336.315
 40
27.346
 50
270.0
 51
279.039
  0
ARC
  8
APS_GEOMETRY
 10
1195.86
 20
-337.65
 40
26.011
 50
257.728
 51
270.0
  0
ARC
  8
APS_GEOMETRY
 10
1195.901
 20
-337.462
 40
26.203
 50
245.501
 51
257.728
  0
ARC
  8
APS_GEOMETRY
 10
1194.428
 20
-340.685
 40
22.66
 50
228.665
 51
245.511
  0
ARC
  8
APS_GEOMETRY
 10
1193.938
 20
-341.242
 40
21.918
 50
211.535
 51
228.665
  0
ARC
  8
APS_GEOMETRY
 10
1194.58
 20
-340.77
 40
22.712
 50
195.642
 51
211.701
  0
ARC
  8
APS_GEOMETRY
 10
1195.754
 20
-340.442
 40
23.931
 50
180.0
 51
195.642
  0
ARC
  8
APS_GEOMETRY
 10
1196.006
 20
-340.442
 40
24.183
 50
162.181
 51
180.0
  0
ARC
  8
APS_GEOMETRY
 10
1193.799
 20
-339.733
 40
21.865
 50
143.434
 51
162.181
  0
ARC
  8
APS_GEOMETRY
 10
1193.502
 20
-339.495
 40
21.485
 50
126.384
 51
143.471
  0
ARC
  8
APS_GEOMETRY
 10
1195.536
 20
-342.255
 40
24.914
 50
110.525
 51
126.384
  0
ARC
  8
APS_GEOMETRY
 10
1195.436
 20
-341.506
 40
24.177
 50
99.77
 51
110.925
  0
ARC
  8
APS_GEOMETRY
 10
1196.678
 20
-348.718
 40
31.496
 50
90.0
 51
99.77
  0
ARC
  8
APS_GEOMETRY
 10
1193.571
 20
-331.415
 40
4.807
 50
90.0
 51
119.604
  0
ARC
  8
APS_GEOMETRY
 10
1193.992
 20
-332.156
 40
5.659
 50
119.604
 51
146.842
  0
ARC
  8
APS_GEOMETRY
 10
1194.838
 20
-332.85
 40
6.748
 50
145.84
 51
164.055
  0
ARC
  8
APS_GEOMETRY
 10
1196.799
 20
-333.41
 40
8.788
 50
164.055
 51
180.0
  0
ARC
  8
APS_GEOMETRY
 10
1209.064
 20
-333.41
 40
21.053
 50
180.0
 51
189.977
  0
ARC
  8
APS_GEOMETRY
 10
1227.715
 20
-330.13
 40
39.991
 50
189.977
 51
197.211
  0
ARC
  8
APS_GEOMETRY
 10
1231.795
 20
-328.866
 40
44.261
 50
197.211
 51
203.76
  0
ARC
  8
APS_GEOMETRY
 10
1221.632
 20
-333.34
 40
33.157
 50
203.76
 51
211.329
  0
ARC
  8
APS_GEOMETRY
 10
1200.764
 20
-345.863
 40
8.821
 50
212.32
 51
224.441
  0
ARC
  8
APS_GEOMETRY
 10
1199.909
 20
-346.702
 40
7.623
 50
224.441
 51
237.484
  0
ARC
  8
APS_GEOMETRY
 10
1199.356
 20
-347.57
 40
6.595
 50
237.484
 51
252.416
  0
ARC
  8
APS_GEOMETRY
 10
1198.803
 20
-349.313
 40
4.766
 50
252.416
 51
270.0
  0
ARC
  8
APS_GEOMETRY
 10
1198.803
 20
-348.748
 40
5.331
 50
270.0
 51
294.953
  0
ARC
  8
APS_GEOMETRY
 10
1198.953
 20
-349.069
 40
4.977
 50
294.953
 51
320.793
  0
ARC
  8
APS_GEOMETRY
 10
1198.152
 20
-348.415
 40
6.011
 50
320.793
 51
342.777
  0
ARC
  8
APS_GEOMETRY
 10
1194.584
 20
-347.309
 40
9.746
 50
342.777
 51
0.0
  0
ARC
  8
APS_GEOMETRY
 10
1177.823
 20
-347.309
 40
26.507
 50
0.0
 51
8.499
  0
ARC
  8
APS_GEOMETRY
 10
1166.156
 20
-349.053
 40
38.304
 50
8.499
 51
15.566
  0
ARC
  8
APS_GEOMETRY
 10
1167.559
 20
-348.662
 40
36.848
 50
15.566
 51
22.909
  0
ARC
  8
APS_GEOMETRY
 10
1179.622
 20
-343.564
 40
23.751
 50
22.909
 51
32.057
  0
ARC
  8
APS_GEOMETRY
 10
1189.098
 20
-337.594
 40
12.552
 50
31.921
 51
42.51
  0
ARC
  8
APS_GEOMETRY
 10
1191.7
 20
-335.209
 40
9.022
 50
42.51
 51
55.008
  0
ARC
  8
APS_GEOMETRY
 10
1192.579
 20
-333.954
 40
7.489
 50
55.008
 51
69.88
  0
ARC
  8
APS_GEOMETRY
 10
1193.367
 20
-331.802
 40
5.198
 50
69.88
 51
87.754
  0
ARC
  8
APS_GEOMETRY
 10
1247.191
 20
-346.426
 40
2.42
 50
90.0
 51
115.837
  0
ARC
  8
APS_GEOMETRY
 10
1246.596
 20
-345.196
 40
1.053
 50
115.837
 51
155.462
  0
ARC
  8
APS_GEOMETRY
 10
1247.291
 20
-345.513
 40
1.817
 50
155.462
 51
168.366
  0
ARC
  8
APS_GEOMETRY
 10
1253.637
 20
-346.82
 40
8.296
 50
168.366
 51
174.395
  0
ARC
  8
APS_GEOMETRY
 10
1260.032
 20
-347.447
 40
14.722
 50
174.395
 51
177.813
  0
ARC
  8
APS_GEOMETRY
 10
1281.261
 20
-348.258
 40
35.966
 50
177.813
 51
180.0
  0
ARC
  8
APS_GEOMETRY
 10
1296.629
 20
-348.258
 40
51.335
 50
180.0
 51
184.62
  0
ARC
  8
APS_GEOMETRY
 10
1262.209
 20
-351.039
 40
16.803
 50
184.62
 51
192.7
  0
ARC
  8
APS_GEOMETRY
 10
1248.939
 20
-353.953
 40
3.218
 50
194.036
 51
205.821
  0
ARC
  8
APS_GEOMETRY
 10
1247.534
 20
-354.633
 40
1.656
 50
205.821
 51
222.274
  0
ARC
  8
APS_GEOMETRY
 10
1247.964
 20
-354.241
 40
2.238
 50
222.274
 51
234.605
  0
ARC
  8
APS_GEOMETRY
 10
1252.825
 20
-347.401
 40
10.63
 50
234.605
 51
240.255
  0
ARC
  8
APS_GEOMETRY
 10
1245.436
 20
-360.475
 40
4.389
 50
34.592
 51
61.189
  0
ARC
  8
APS_GEOMETRY
 10
1246.886
 20
-359.475
 40
2.627
 50
360.0
 51
34.592
  0
ARC
  8
APS_GEOMETRY
 10
1246.974
 20
-359.475
 40
2.539
 50
318.231
 51
360.0
  0
ARC
  8
APS_GEOMETRY
 10
1245.276
 20
-357.958
 40
4.816
 50
288.227
 51
318.231
  0
ARC
  8
APS_GEOMETRY
 10
1243.515
 20
-352.611
 40
10.446
 50
280.377
 51
288.227
  0
ARC
  8
APS_GEOMETRY
 10
1240.445
 20
-335.847
 40
27.489
 50
275.541
 51
280.377
  0
ARC
  8
APS_GEOMETRY
 10
1239.122
 20
-322.209
 40
41.19
 50
272.304
 51
275.541
  0
ARC
  8
APS_GEOMETRY
 10
1237.511
 20
-282.174
 40
81.259
 50
270.0
 51
272.304
  0
ARC
  8
APS_GEOMETRY
 10
1237.511
 20
-315.632
 40
47.8
 50
262.811
 51
270.0
  0
ARC
  8
APS_GEOMETRY
 10
1233.222
 20
-349.639
 40
13.524
 50
249.274
 51
262.811
  0
ARC
  8
APS_GEOMETRY
 10
1230.524
 20
-356.769
 40
5.901
 50
221.379
 51
249.274
  0
ARC
  8
APS_GEOMETRY
 10
1228.157
 20
-358.854
 40
2.747
 50
180.0
 51
221.379
  0
ARC
  8
APS_GEOMETRY
 10
1228.139
 20
-358.854
 40
2.728
 50
164.055
 51
180.0
  0
ARC
  8
APS_GEOMETRY
 10
1227.002
 20
-358.529
 40
1.546
 50
142.815
 51
164.055
  0
ARC
  8
APS_GEOMETRY
 10
1227.718
 20
-359.072
 40
2.444
 50
129.007
 51
142.815
  0
ARC
  8
APS_GEOMETRY
 10
1236.51
 20
-369.926
 40
16.412
 50
123.69
 51
129.007
  0
ARC
  8
APS_GEOMETRY
 10
1224.033
 20
-351.153
 40
6.128
 50
303.389
 51
319.022
  0
ARC
  8
APS_GEOMETRY
 10
1225.692
 20
-352.594
 40
3.932
 50
319.022
 51
338.575
  0
ARC
  8
APS_GEOMETRY
 10
1223.472
 20
-351.723
 40
6.316
 50
338.575
 51
351.049
  0
ARC
  8
APS_GEOMETRY
 10
1196.666
 20
-347.501
 40
33.452
 50
351.049
 51
356.46
  0
ARC
  8
APS_GEOMETRY
 10
1205.502
 20
-347.837
 40
24.613
 50
355.972
 51
358.68
  0
ARC
  8
APS_GEOMETRY
 10
915.311
 20
-341.151
 40
314.881
 50
358.68
 51
359.437
  0
LINE
  8
APS_GEOMETRY
 10
1230.177
 11
1230.208
 20
-344.244
 21
-339.332
  0
LINE
  8
APS_GEOMETRY
 10
1230.208
 11
1230.218
 20
-339.332
 21
-332.92
  0
ARC
  8
APS_GEOMETRY
 10
1154.409
 20
-332.92
 40
75.809
 50
0.0
 51
1.717
  0
ARC
  8
APS_GEOMETRY
 10
1194.978
 20
-331.704
 40
35.223
 50
1.717
 51
4.236
  0
ARC
  8
APS_GEOMETRY
 10
1208.207
 20
-330.724
 40
21.957
 50
4.236
 51
8.269
  0
ARC
  8
APS_GEOMETRY
 10
1223.43
 20
-328.511
 40
6.573
 50
8.269
 51
15.642
  0
ARC
  8
APS_GEOMETRY
 10
1226.05
 20
-327.778
 40
3.853
 50
15.642
 51
39.417
  0
ARC
  8
APS_GEOMETRY
 10
1226.109
 20
-327.729
 40
3.776
 50
39.417
 51
63.435
  0
ARC
  8
APS_GEOMETRY
 10
1232.911
 20
-313.64
 40
11.869
 50
236.874
 51
244.486
  0
ARC
  8
APS_GEOMETRY
 10
1227.851
 20
-321.393
 40
2.611
 50
220.601
 51
236.874
  0
ARC
  8
APS_GEOMETRY
 10
1227.271
 20
-321.891
 40
1.847
 50
198.246
 51
220.601
  0
ARC
  8
APS_GEOMETRY
 10
1228.139
 20
-321.605
 40
2.761
 50
180.0
 51
198.246
  0
ARC
  8
APS_GEOMETRY
 10
1228.126
 20
-321.605
 40
2.748
 50
156.161
 51
180.0
  0
ARC
  8
APS_GEOMETRY
 10
1228.509
 20
-321.774
 40
3.167
 50
133.977
 51
156.161
  0
ARC
  8
APS_GEOMETRY
 10
1229.272
 20
-322.565
 40
4.266
 50
116.996
 51
133.977
  0
ARC
  8
APS_GEOMETRY
 10
1230.789
 20
-325.543
 40
7.608
 50
104.3
 51
116.996
  0
ARC
  8
APS_GEOMETRY
 10
1231.181
 20
-327.049
 40
9.164
 50
95.326
 51
104.349
  0
ARC
  8
APS_GEOMETRY
 10
1232.769
 20
-344.083
 40
26.272
 50
90.0
 51
95.326
  0
ARC
  8
APS_GEOMETRY
 10
1232.769
 20
-330.824
 40
13.013
 50
87.553
 51
90.0
  0
ARC
  8
APS_GEOMETRY
 10
1230.0
 20
-395.611
 40
77.86
 50
86.553
 51
87.553
  0
ARC
  8
APS_GEOMETRY
 10
1226.064
 20
-460.958
 40
143.325
 50
86.009
 51
86.553
  0
ARC
  8
APS_GEOMETRY
 10
1210.756
 20
-680.371
 40
363.271
 50
85.668
 51
86.009
  0
ARC
  8
APS_GEOMETRY
 10
1239.404
 20
-303.061
 40
15.125
 50
265.426
 51
268.531
  0
ARC
  8
APS_GEOMETRY
 10
1240.749
 20
-250.618
 40
67.586
 50
268.531
 51
270.0
  0
ARC
  8
APS_GEOMETRY
 10
1240.749
 20
-266.693
 40
51.511
 50
270.0
 51
271.637
  0
ARC
  8
APS_GEOMETRY
 10
1239.598
 20
-226.408
 40
91.812
 50
271.637
 51
272.862
  0
ARC
  8
APS_GEOMETRY
 10
1238.276
 20
-199.979
 40
118.274
 50
272.862
 51
273.814
  0
ARC
  8
APS_GEOMETRY
 10
1233.803
 20
-132.875
 40
185.527
 50
273.814
 51
274.574
  0
ARC
  8
APS_GEOMETRY
 10
1261.865
 20
-497.866
 40
180.543
 50
93.72
 51
94.214
  0
ARC
  8
APS_GEOMETRY
 10
1255.876
 20
-405.748
 40
88.23
 50
93.013
 51
93.72
  0
ARC
  8
APS_GEOMETRY
 10
1254.234
 20
-374.552
 40
56.991
 50
91.918
 51
93.013
  0
ARC
  8
APS_GEOMETRY
 10
1252.947
 20
-336.136
 40
18.554
 50
90.0
 51
91.918
  0
ARC
  8
APS_GEOMETRY
 10
1252.947
 20
-341.691
 40
24.109
 50
73.82
 51
90.0
  0
ARC
  8
APS_GEOMETRY
 10
1255.323
 20
-333.501
 40
15.581
 50
53.658
 51
73.82
  0
ARC
  8
APS_GEOMETRY
 10
1258.703
 20
-328.881
 40
9.857
 50
26.03
 51
53.569
  0
ARC
  8
APS_GEOMETRY
 10
1257.666
 20
-329.388
 40
11.012
 50
360.0
 51
26.03
  0
ARC
  8
APS_GEOMETRY
 10
1257.235
 20
-329.388
 40
11.443
 50
345.282
 51
360.0
  0
ARC
  8
APS_GEOMETRY
 10
1258.335
 20
-329.677
 40
10.305
 50
329.767
 51
345.282
  0
ARC
  8
APS_GEOMETRY
 10
1258.959
 20
-330.041
 40
9.583
 50
313.168
 51
329.767
  0
ARC
  8
APS_GEOMETRY
 10
1259.19
 20
-330.287
 40
9.246
 50
296.267
 51
313.168
  0
ARC
  8
APS_GEOMETRY
 10
1264.453
 20
-340.921
 40
2.62
 50
116.565
 51
139.899
  0
ARC
  8
APS_GEOMETRY
 10
1263.146
 20
-339.82
 40
0.911
 50
139.899
 51
180.0
  0
ARC
  8
APS_GEOMETRY
 10
1263.248
 20
-339.82
 40
1.013
 50
180.0
 51
226.193
  0
ARC
  8
APS_GEOMETRY
 10
1265.119
 20
-337.87
 40
3.715
 50
226.193
 51
249.829
  0
ARC
  8
APS_GEOMETRY
 10
1259.757
 20
-352.631
 40
11.989
 50
53.249
 51
70.105
  0
ARC
  8
APS_GEOMETRY
 10
1262.193
 20
-349.37
 40
7.919
 50
32.471
 51
53.249
  0
ARC
  8
APS_GEOMETRY
 10
1261.058
 20
-350.092
 40
9.264
 50
23.305
 51
32.471
  0
ARC
  8
APS_GEOMETRY
 10
1254.048
 20
-353.112
 40
16.897
 50
16.521
 51
23.305
  0
ARC
  8
APS_GEOMETRY
 10
1248.582
 20
-354.733
 40
22.598
 50
11.429
 51
16.521
  0
ARC
  8
APS_GEOMETRY
 10
1233.092
 20
-357.865
 40
38.401
 50
7.524
 51
11.429
  0
ARC
  8
APS_GEOMETRY
 10
1284.42
 20
-351.029
 40
13.38
 50
187.765
 51
196.914
  0
ARC
  8
APS_GEOMETRY
 10
1273.477
 20
-354.356
 40
1.942
 50
196.914
 51
221.082
  0
ARC
  8
APS_GEOMETRY
 10
1273.519
 20
-354.32
 40
1.997
 50
221.082
 51
244.607
  0
ARC
  8
APS_GEOMETRY
 10
1278.192
 20
-344.475
 40
12.896
 50
244.607
 51
253.811
  0
ARC
  8
APS_GEOMETRY
 10
1274.083
 20
-358.485
 40
1.705
 50
51.45
 51
72.474
  0
ARC
  8
APS_GEOMETRY
 10
1273.662
 20
-359.014
 40
2.382
 50
33.69
 51
51.45
  0
ARC
  8
APS_GEOMETRY
 10
1273.563
 20
-359.08
 40
2.5
 50
16.639
 51
33.69
  0
ARC
  8
APS_GEOMETRY
 10
1273.444
 20
-359.115
 40
2.625
 50
360.0
 51
16.639
  0
ARC
  8
APS_GEOMETRY
 10
1273.407
 20
-359.115
 40
2.662
 50
338.993
 51
360.0
  0
ARC
  8
APS_GEOMETRY
 10
1271.782
 20
-358.491
 40
4.402
 50
322.696
 51
338.993
  0
ARC
  8
APS_GEOMETRY
 10
1271.176
 20
-358.03
 40
5.164
 50
308.603
 51
322.696
  0
ARC
  8
APS_GEOMETRY
 10
1270.76
 20
-357.508
 40
5.831
 50
295.346
 51
308.603
  0
ARC
  8
APS_GEOMETRY
 10
1268.568
 20
-352.682
 40
11.131
 50
279.583
 51
294.905
  0
ARC
  8
APS_GEOMETRY
 10
1265.702
 20
-335.701
 40
28.353
 50
270.0
 51
279.583
  0
ARC
  8
APS_GEOMETRY
 10
1265.702
 20
-343.382
 40
20.672
 50
261.247
 51
270.0
  0
ARC
  8
APS_GEOMETRY
 10
1264.377
 20
-351.982
 40
11.97
 50
249.737
 51
261.247
  0
ARC
  8
APS_GEOMETRY
 10
1263.507
 20
-354.34
 40
9.457
 50
235.345
 51
249.737
  0
ARC
  8
APS_GEOMETRY
 10
1262.408
 20
-355.93
 40
7.524
 50
219.198
 51
235.345
  0
ARC
  8
APS_GEOMETRY
 10
1264.721
 20
-353.958
 40
10.563
 50
209.076
 51
219.56
  0
ARC
  8
APS_GEOMETRY
 10
1270.062
 20
-350.988
 40
16.674
 50
200.735
 51
209.076
  0
ARC
  8
APS_GEOMETRY
 10
1277.431
 20
-348.198
 40
24.554
 50
197.881
 51
200.735
  0
ARC
  8
APS_GEOMETRY
 10
1307.713
 20
-338.429
 40
56.372
 50
195.997
 51
197.881
  0
ARC
  8
APS_GEOMETRY
 10
1330.095
 20
-332.012
 40
79.656
 50
194.664
 51
195.997
  0
ARC
  8
APS_GEOMETRY
 10
1392.09
 20
-315.789
 40
143.738
 50
193.671
 51
194.664
  0
ARC
  8
APS_GEOMETRY
 10
1234.879
 20
-354.01
 40
18.051
 50
13.61
 51
23.585
  0
ARC
  8
APS_GEOMETRY
 10
1246.699
 20
-348.85
 40
5.155
 50
23.585
 51
42.31
  0
ARC
  8
APS_GEOMETRY
 10
1247.771
 20
-347.874
 40
3.705
 50
42.31
 51
67.521
  0
ARC
  8
APS_GEOMETRY
 10
1246.922
 20
-349.924
 40
5.924
 50
67.521
 51
87.397
  0
LINE
  8
APS_GEOMETRY
 10
1245.327
 11
1244.968
 20
-327.328
 21
-334.948
  0
LINE
  8
APS_GEOMETRY
 10
1244.968
 11
1244.968
 20
-334.948
 21
-335.07
  0
LINE
  8
APS_GEOMETRY
 10
1244.968
 11
1244.968
 20
-335.07
 21
-335.242
  0
ARC
  8
APS_GEOMETRY
 10
1250.262
 20
-335.242
 40
5.294
 50
180.0
 51
192.339
  0
ARC
  8
APS_GEOMETRY
 10
1246.053
 20
-336.163
 40
0.986
 50
192.339
 51
221.186
  0
ARC
  8
APS_GEOMETRY
 10
1245.952
 20
-336.25
 40
0.852
 50
221.186
 51
253.872
  0
ARC
  8
APS_GEOMETRY
 10
1246.668
 20
-333.775
 40
3.429
 50
253.872
 51
270.0
  0
ARC
  8
APS_GEOMETRY
 10
1246.668
 20
-329.233
 40
7.971
 50
270.0
 51
289.569
  0
ARC
  8
APS_GEOMETRY
 10
1248.117
 20
-333.31
 40
3.644
 50
289.569
 51
318.681
  0
ARC
  8
APS_GEOMETRY
 10
1247.725
 20
-332.965
 40
4.166
 50
318.681
 51
344.628
  0
ARC
  8
APS_GEOMETRY
 10
1240.422
 20
-330.958
 40
11.74
 50
344.628
 51
0.0
  0
ARC
  8
APS_GEOMETRY
 10
1243.894
 20
-330.958
 40
8.268
 50
0.0
 51
35.369
  0
ARC
  8
APS_GEOMETRY
 10
1247.682
 20
-328.269
 40
3.623
 50
35.369
 51
90.0
  0
ARC
  8
APS_GEOMETRY
 10
1247.682
 20
-328.309
 40
3.663
 50
90.0
 51
108.435
  0
ARC
  8
APS_GEOMETRY
 10
1246.969
 20
-326.171
 40
1.409
 50
108.435
 51
138.366
  0
ARC
  8
APS_GEOMETRY
 10
1247.161
 20
-326.341
 40
1.665
 50
138.366
 51
164.291
  0
ARC
  8
APS_GEOMETRY
 10
1251.646
 20
-327.602
 40
6.324
 50
164.291
 51
177.51
  0
LINE
  8
APS_GEOMETRY
 10
1303.546
 11
1319.832
 20
-319.708
 21
-333.966
  0
ARC
  8
APS_GEOMETRY
 10
1335.064
 20
-316.487
 40
23.185
 50
228.93
 51
232.674
  0
ARC
  8
APS_GEOMETRY
 10
1326.591
 20
-327.6
 40
9.21
 50
232.674
 51
238.617
  0
ARC
  8
APS_GEOMETRY
 10
1324.459
 20
-331.095
 40
5.116
 50
238.617
 51
249.131
  0
ARC
  8
APS_GEOMETRY
 10
1323.103
 20
-334.652
 40
1.309
 50
249.131
 51
270.0
  0
ARC
  8
APS_GEOMETRY
 10
1323.103
 20
-334.813
 40
1.148
 50
270.0
 51
334.898
  0
ARC
  8
APS_GEOMETRY
 10
1317.804
 20
-332.331
 40
6.999
 50
334.898
 51
0.0
  0
ARC
  8
APS_GEOMETRY
 10
1266.573
 20
-332.331
 40
58.23
 50
0.0
 51
2.026
  0
ARC
  8
APS_GEOMETRY
 10
1297.46
 20
-331.239
 40
27.324
 50
2.026
 51
4.984
  0
ARC
  8
APS_GEOMETRY
 10
1307.559
 20
-330.358
 40
17.186
 50
4.984
 51
9.673
  0
ARC
  8
APS_GEOMETRY
 10
1319.199
 20
-328.374
 40
5.379
 50
9.673
 51
18.06
  0
ARC
  8
APS_GEOMETRY
 10
1320.971
 20
-327.796
 40
3.515
 50
18.06
 51
42.397
  0
ARC
  8
APS_GEOMETRY
 10
1320.399
 20
-328.318
 40
4.29
 50
42.397
 51
64.398
  0
ARC
  8
APS_GEOMETRY
 10
1325.622
 20
-317.532
 40
7.695
 50
233.633
 51
244.026
  0
ARC
  8
APS_GEOMETRY
 10
1322.777
 20
-321.396
 40
2.896
 50
216.656
 51
233.633
  0
ARC
  8
APS_GEOMETRY
 10
1322.341
 20
-321.721
 40
2.353
 50
196.082
 51
216.656
  0
ARC
  8
APS_GEOMETRY
 10
1323.765
 20
-321.31
 40
3.835
 50
180.0
 51
196.082
  0
ARC
  8
APS_GEOMETRY
 10
1322.718
 20
-321.31
 40
2.788
 50
133.202
 51
180.0
  0
ARC
  8
APS_GEOMETRY
 10
1324.917
 20
-323.651
 40
6.0
 50
101.788
 51
133.202
  0
ARC
  8
APS_GEOMETRY
 10
1325.43
 20
-325.948
 40
8.353
 50
96.633
 51
102.011
  0
ARC
  8
APS_GEOMETRY
 10
1327.289
 20
-341.937
 40
24.449
 50
93.489
 51
96.633
  0
ARC
  8
APS_GEOMETRY
 10
1328.085
 20
-354.995
 40
37.532
 50
91.439
 51
93.489
  0
ARC
  8
APS_GEOMETRY
 10
1329.055
 20
-393.59
 40
76.138
 50
90.0
 51
91.439
  0
ARC
  8
APS_GEOMETRY
 10
1329.055
 20
-388.415
 40
70.964
 50
87.994
 51
90.0
  0
ARC
  8
APS_GEOMETRY
 10
1330.345
 20
-351.575
 40
34.101
 50
85.101
 51
87.994
  0
ARC
  8
APS_GEOMETRY
 10
1331.392
 20
-339.359
 40
21.84
 50
80.595
 51
85.101
  0
ARC
  8
APS_GEOMETRY
 10
1333.78
 20
-324.945
 40
7.23
 50
72.759
 51
80.595
  0
ARC
  8
APS_GEOMETRY
 10
1334.503
 20
-322.704
 40
4.876
 50
40.956
 51
73.072
  0
ARC
  8
APS_GEOMETRY
 10
1335.883
 20
-321.506
 40
3.048
 50
360.0
 51
40.956
  0
ARC
  8
APS_GEOMETRY
 10
1336.067
 20
-321.506
 40
2.865
 50
322.573
 51
360.0
  0
ARC
  8
APS_GEOMETRY
 10
1334.561
 20
-320.354
 40
4.76
 50
293.749
 51
322.573
  0
ARC
  8
APS_GEOMETRY
 10
1340.606
 20
-334.235
 40
10.38
 50
113.429
 51
119.291
  0
ARC
  8
APS_GEOMETRY
 10
1336.566
 20
-327.035
 40
2.124
 50
119.291
 51
132.274
  0
ARC
  8
APS_GEOMETRY
 10
1336.334
 20
-326.779
 40
1.778
 50
132.274
 51
147.653
  0
ARC
  8
APS_GEOMETRY
 10
1338.016
 20
-327.844
 40
3.769
 50
147.653
 51
158.199
  0
ARC
  8
APS_GEOMETRY
 10
1340.575
 20
-328.923
 40
6.546
 50
157.751
 51
167.885
  0
ARC
  8
APS_GEOMETRY
 10
1354.195
 20
-331.847
 40
20.477
 50
167.885
 51
173.61
  0
ARC
  8
APS_GEOMETRY
 10
1366.242
 20
-333.196
 40
32.599
 50
173.61
 51
177.221
  0
ARC
  8
APS_GEOMETRY
 10
1403.397
 20
-335.0
 40
69.798
 50
177.221
 51
179.689
  0
LINE
  8
APS_GEOMETRY
 10
1333.601
 11
1333.601
 20
-334.621
 21
-345.282
  0
ARC
  8
APS_GEOMETRY
 10
1768.966
 20
-345.282
 40
435.365
 50
180.0
 51
180.161
  0
ARC
  8
APS_GEOMETRY
 10
2146.785
 20
-344.218
 40
813.186
 50
180.161
 51
180.279
  0
LINE
  8
APS_GEOMETRY
 10
1333.609
 11
1333.619
 20
-348.184
 21
-349.973
  0
LINE
  8
APS_GEOMETRY
 10
1333.619
 11
1333.633
 20
-349.973
 21
-351.986
  0
ARC
  8
APS_GEOMETRY
 10
1255.949
 20
-352.427
 40
77.685
 50
358.204
 51
0.326
  0
ARC
  8
APS_GEOMETRY
 10
1292.904
 20
-353.586
 40
40.713
 50
355.274
 51
358.204
  0
ARC
  8
APS_GEOMETRY
 10
1305.766
 20
-354.65
 40
27.806
 50
350.991
 51
355.274
  0
ARC
  8
APS_GEOMETRY
 10
1322.145
 20
-357.246
 40
11.223
 50
344.249
 51
350.991
  0
ARC
  8
APS_GEOMETRY
 10
1327.681
 20
-358.827
 40
5.466
 50
314.415
 51
344.445
  0
ARC
  8
APS_GEOMETRY
 10
1329.709
 20
-360.897
 40
2.568
 50
270.0
 51
314.415
  0
ARC
  8
APS_GEOMETRY
 10
1329.709
 20
-359.305
 40
4.16
 50
256.342
 51
270.0
  0
ARC
  8
APS_GEOMETRY
 10
1329.412
 20
-360.525
 40
2.905
 50
239.982
 51
256.342
  0
ARC
  8
APS_GEOMETRY
 10
1330.707
 20
-358.284
 40
5.492
 50
231.153
 51
239.982
  0
ARC
  8
APS_GEOMETRY
 10
1352.455
 20
-331.28
 40
40.166
 50
227.891
 51
231.153
  0
LINE
  8
APS_GEOMETRY
 10
1325.523
 11
1306.13
 20
-361.078
 21
-343.712
  0
ARC
  8
APS_GEOMETRY
 10
1298.658
 20
-351.984
 40
11.146
 50
47.911
 51
61.468
  0
ARC
  8
APS_GEOMETRY
 10
1302.761
 20
-344.438
 40
2.557
 50
61.468
 51
90.0
  0
ARC
  8
APS_GEOMETRY
 10
1302.761
 20
-343.001
 40
1.12
 50
90.0
 51
133.195
  0
ARC
  8
APS_GEOMETRY
 10
1303.865
 20
-344.177
 40
2.733
 50
133.195
 51
160.454
  0
ARC
  8
APS_GEOMETRY
 10
1307.409
 20
-345.435
 40
6.494
 50
160.454
 51
173.251
  0
ARC
  8
APS_GEOMETRY
 10
1324.077
 20
-347.408
 40
23.278
 50
173.251
 51
180.0
  0
ARC
  8
APS_GEOMETRY
 10
1369.417
 20
-347.408
 40
68.618
 50
180.0
 51
181.897
  0
ARC
  8
APS_GEOMETRY
 10
1333.074
 20
-348.611
 40
32.255
 50
181.897
 51
184.664
  0
ARC
  8
APS_GEOMETRY
 10
1321.163
 20
-349.583
 40
20.304
 50
184.664
 51
189.048
  0
ARC
  8
APS_GEOMETRY
 10
1307.362
 20
-351.781
 40
6.329
 50
189.048
 51
196.905
  0
ARC
  8
APS_GEOMETRY
 10
1305.171
 20
-352.447
 40
4.04
 50
196.905
 51
220.253
  0
ARC
  8
APS_GEOMETRY
 10
1305.215
 20
-352.409
 40
4.097
 50
220.253
 51
243.435
  0
ARC
  8
APS_GEOMETRY
 10
1301.217
 20
-360.47
 40
4.901
 50
37.921
 51
63.778
  0
ARC
  8
APS_GEOMETRY
 10
1303.25
 20
-358.886
 40
2.324
 50
360.0
 51
37.921
  0
ARC
  8
APS_GEOMETRY
 10
1302.346
 20
-358.886
 40
3.227
 50
324.268
 51
360.0
  0
ARC
  8
APS_GEOMETRY
 10
1301.139
 20
-358.018
 40
4.715
 50
294.86
 51
324.268
  0
ARC
  8
APS_GEOMETRY
 10
1299.142
 20
-353.708
 40
9.465
 50
278.78
 51
294.86
  0
ARC
  8
APS_GEOMETRY
 10
1295.763
 20
-331.828
 40
31.604
 50
270.0
 51
278.78
  0
ARC
  8
APS_GEOMETRY
 10
1295.763
 20
-337.5
 40
25.933
 50
260.383
 51
270.0
  0
ARC
  8
APS_GEOMETRY
 10
1293.029
 20
-353.629
 40
9.574
 50
244.522
 51
260.383
  0
ARC
  8
APS_GEOMETRY
 10
1291.05
 20
-357.783
 40
4.972
 50
216.549
 51
244.522
  0
ARC
  8
APS_GEOMETRY
 10
1289.429
 20
-358.985
 40
2.954
 50
180.0
 51
216.549
  0
ARC
  8
APS_GEOMETRY
 10
1290.481
 20
-358.985
 40
4.007
 50
164.65
 51
180.0
  0
ARC
  8
APS_GEOMETRY
 10
1288.196
 20
-358.357
 40
1.637
 50
140.528
 51
164.65
  0
ARC
  8
APS_GEOMETRY
 10
1289.121
 20
-359.119
 40
2.835
 50
126.135
 51
140.528
  0
ARC
  8
APS_GEOMETRY
 10
1298.775
 20
-372.341
 40
19.207
 50
120.619
 51
126.135
  0
ARC
  8
APS_GEOMETRY
 10
1287.329
 20
-353.02
 40
3.251
 50
300.784
 51
330.068
  0
ARC
  8
APS_GEOMETRY
 10
1285.164
 20
-351.773
 40
5.749
 50
330.068
 51
351.983
  0
ARC
  8
APS_GEOMETRY
 10
1248.801
 20
-347.032
 40
42.42
 50
352.493
 51
355.365
  0
ARC
  8
APS_GEOMETRY
 10
1204.938
 20
-343.476
 40
86.427
 50
355.365
 51
357.376
  0
ARC
  8
APS_GEOMETRY
 10
1174.225
 20
-342.069
 40
117.171
 50
357.376
 51
358.861
  0
ARC
  8
APS_GEOMETRY
 10
1092.399
 20
-340.442
 40
199.014
 50
358.861
 51
0.0
  0
ARC
  8
APS_GEOMETRY
 10
1165.989
 20
-340.442
 40
125.424
 50
360.0
 51
1.926
  0
ARC
  8
APS_GEOMETRY
 10
1224.375
 20
-338.478
 40
67.005
 50
1.926
 51
4.562
  0
ARC
  8
APS_GEOMETRY
 10
1244.962
 20
-336.835
 40
46.352
 50
4.562
 51
8.366
  0
ARC
  8
APS_GEOMETRY
 10
1271.738
 20
-332.898
 40
19.288
 50
8.366
 51
14.265
  0
ARC
  8
APS_GEOMETRY
 10
1281.863
 20
-330.337
 40
8.844
 50
14.349
 51
23.629
  0
ARC
  8
APS_GEOMETRY
 10
1286.998
 20
-328.091
 40
3.24
 50
23.629
 51
38.991
  0
ARC
  8
APS_GEOMETRY
 10
1287.017
 20
-328.075
 40
3.215
 50
38.991
 51
54.462
  0
ARC
  8
APS_GEOMETRY
 10
1284.013
 20
-332.281
 40
8.384
 50
54.462
 51
64.026
  0
ARC
  8
APS_GEOMETRY
 10
1292.491
 20
-314.914
 40
10.942
 50
235.472
 51
243.947
  0
ARC
  8
APS_GEOMETRY
 10
1288.111
 20
-321.279
 40
3.216
 50
219.806
 51
235.472
  0
ARC
  8
APS_GEOMETRY
 10
1287.448
 20
-321.831
 40
2.353
 50
198.939
 51
219.806
  0
ARC
  8
APS_GEOMETRY
 10
1287.919
 20
-321.67
 40
2.851
 50
180.0
 51
198.939
  0
ARC
  8
APS_GEOMETRY
 10
1287.78
 20
-321.67
 40
2.712
 50
126.254
 51
180.0
  0
ARC
  8
APS_GEOMETRY
 10
1291.919
 20
-327.314
 40
9.711
 50
98.616
 51
126.254
  0
ARC
  8
APS_GEOMETRY
 10
1292.502
 20
-331.978
 40
14.41
 50
94.456
 51
98.13
  0
ARC
  8
APS_GEOMETRY
 10
1294.751
 20
-360.83
 40
43.349
 50
92.337
 51
94.456
  0
ARC
  8
APS_GEOMETRY
 10
1295.709
 20
-384.308
 40
66.847
 50
90.963
 51
92.337
  0
ARC
  8
APS_GEOMETRY
 10
1296.875
 20
-453.657
 40
136.206
 50
90.0
 51
90.963
  0
ARC
  8
APS_GEOMETRY
 10
1296.875
 20
-342.273
 40
24.822
 50
83.928
 51
90.0
  0
ARC
  8
APS_GEOMETRY
 10
1298.91
 20
-323.136
 40
5.577
 50
71.095
 51
83.928
  0
ARC
  8
APS_GEOMETRY
 10
1299.096
 20
-322.593
 40
5.003
 50
56.848
 51
71.095
  0
ARC
  8
APS_GEOMETRY
 10
1293.594
 20
-331.017
 40
15.065
 50
48.652
 51
56.848
  0
ARC
  8
APS_GEOMETRY
 10
1362.353
 20
-358.059
 40
40.608
 50
84.71
 51
90.0
  0
ARC
  8
APS_GEOMETRY
 10
1363.098
 20
-350.019
 40
32.533
 50
78.799
 51
84.71
  0
ARC
  8
APS_GEOMETRY
 10
1367.914
 20
-325.676
 40
7.718
 50
49.783
 51
78.771
  0
ARC
  8
APS_GEOMETRY
 10
1371.136
 20
-321.866
 40
2.729
 50
360.0
 51
49.783
  0
ARC
  8
APS_GEOMETRY
 10
1370.845
 20
-321.866
 40
3.02
 50
342.759
 51
360.0
  0
ARC
  8
APS_GEOMETRY
 10
1372.421
 20
-322.355
 40
1.37
 50
317.045
 51
342.759
  0
ARC
  8
APS_GEOMETRY
 10
1371.66
 20
-321.647
 40
2.41
 50
301.817
 51
317.045
  0
ARC
  8
APS_GEOMETRY
 10
1360.404
 20
-303.505
 40
23.76
 50
296.98
 51
301.817
  0
ARC
  8
APS_GEOMETRY
 10
1372.405
 20
-327.123
 40
2.733
 50
116.565
 51
149.078
  0
ARC
  8
APS_GEOMETRY
 10
1375.925
 20
-329.231
 40
6.835
 50
149.078
 51
169.469
  0
ARC
  8
APS_GEOMETRY
 10
1383.429
 20
-330.626
 40
14.468
 50
169.469
 51
174.598
  0
ARC
  8
APS_GEOMETRY
 10
1422.093
 20
-334.282
 40
53.304
 50
174.598
 51
177.269
  0
ARC
  8
APS_GEOMETRY
 10
1456.091
 20
-335.904
 40
87.341
 50
177.269
 51
178.901
  0
ARC
  8
APS_GEOMETRY
 10
1561.397
 20
-337.924
 40
192.667
 50
178.901
 51
180.0
  0
ARC
  8
APS_GEOMETRY
 10
1775.387
 20
-337.924
 40
406.657
 50
180.0
 51
180.88
  0
ARC
  8
APS_GEOMETRY
 10
1524.867
 20
-341.771
 40
156.107
 50
180.88
 51
182.3
  0
ARC
  8
APS_GEOMETRY
 10
1451.642
 20
-344.713
 40
82.823
 50
182.3
 51
184.974
  0
ARC
  8
APS_GEOMETRY
 10
1381.821
 20
-350.789
 40
12.738
 50
184.974
 51
191.793
  0
ARC
  8
APS_GEOMETRY
 10
1373.711
 20
-352.34
 40
4.484
 50
193.57
 51
205.787
  0
ARC
  8
APS_GEOMETRY
 10
1371.694
 20
-353.315
 40
2.244
 50
205.787
 51
223.091
  0
ARC
  8
APS_GEOMETRY
 10
1372.205
 20
-352.836
 40
2.944
 50
223.091
 51
236.441
  0
ARC
  8
APS_GEOMETRY
 10
1376.489
 20
-346.379
 40
10.693
 50
236.441
 51
243.435
  0
ARC
  8
APS_GEOMETRY
 10
1369.931
 20
-359.85
 40
4.291
 50
37.185
 51
65.556
  0
ARC
  8
APS_GEOMETRY
 10
1371.33
 20
-358.788
 40
2.535
 50
360.0
 51
37.185
  0
ARC
  8
APS_GEOMETRY
 10
1371.253
 20
-358.788
 40
2.612
 50
312.039
 51
360.0
  0
ARC
  8
APS_GEOMETRY
 10
1368.142
 20
-355.338
 40
7.258
 50
283.815
 51
312.039
  0
ARC
  8
APS_GEOMETRY
 10
1363.002
 20
-334.033
 40
29.174
 50
279.273
 51
283.627
  0
ARC
  8
APS_GEOMETRY
 10
1360.947
 20
-321.447
 40
41.926
 50
275.641
 51
279.273
  0
ARC
  8
APS_GEOMETRY
 10
1360.161
 20
-313.493
 40
49.919
 50
272.588
 51
275.641
  0
ARC
  8
APS_GEOMETRY
 10
1359.279
 20
-293.976
 40
69.456
 50
270.0
 51
272.588
  0
ARC
  8
APS_GEOMETRY
 10
1359.279
 20
-321.538
 40
41.894
 50
262.774
 51
270.0
  0
ARC
  8
APS_GEOMETRY
 10
1355.503
 20
-351.326
 40
11.868
 50
249.175
 51
262.774
  0
ARC
  8
APS_GEOMETRY
 10
1353.13
 20
-357.564
 40
5.194
 50
221.23
 51
249.175
  0
ARC
  8
APS_GEOMETRY
 10
1351.061
 20
-359.377
 40
2.443
 50
180.0
 51
221.23
  0
ARC
  8
APS_GEOMETRY
 10
1350.659
 20
-359.377
 40
2.041
 50
142.696
 51
180.0
  0
ARC
  8
APS_GEOMETRY
 10
1353.881
 20
-361.831
 40
6.091
 50
121.357
 51
142.696
  0
ARC
  8
APS_GEOMETRY
 10
1348.437
 20
-352.916
 40
4.354
 50
301.477
 51
324.728
  0
ARC
  8
APS_GEOMETRY
 10
1349.018
 20
-353.327
 40
3.643
 50
324.728
 51
350.181
  0
ARC
  8
APS_GEOMETRY
 10
1330.777
 20
-350.31
 40
22.132
 50
350.538
 51
355.423
  0
ARC
  8
APS_GEOMETRY
 10
1255.825
 20
-344.309
 40
97.324
 50
355.423
 51
357.752
  0
ARC
  8
APS_GEOMETRY
 10
1186.231
 20
-341.577
 40
166.971
 50
357.752
 51
359.111
  0
ARC
  8
APS_GEOMETRY
 10
963.485
 20
-338.12
 40
389.744
 50
359.111
 51
0.0
  0
ARC
  8
APS_GEOMETRY
 10
1218.006
 20
-338.12
 40
135.223
 50
0.0
 51
1.773
  0
ARC
  8
APS_GEOMETRY
 10
1297.366
 20
-335.663
 40
55.825
 50
1.773
 51
4.532
  0
ARC
  8
APS_GEOMETRY
 10
1321.487
 20
-333.751
 40
31.629
 50
4.532
 51
9.384
  0
ARC
  8
APS_GEOMETRY
 10
1345.98
 20
-329.704
 40
6.803
 50
9.384
 51
19.855
  0
ARC
  8
APS_GEOMETRY
 10
1349.222
 20
-328.471
 40
3.336
 50
18.853
 51
42.158
  0
ARC
  8
APS_GEOMETRY
 10
1346.443
 20
-330.987
 40
7.084
 50
42.158
 51
58.092
  0
ARC
  8
APS_GEOMETRY
 10
1358.672
 20
-312.089
 40
15.426
 50
230.711
 51
236.634
  0
ARC
  8
APS_GEOMETRY
 10
1350.99
 20
-321.478
 40
3.296
 50
217.875
 51
230.711
  0
ARC
  8
APS_GEOMETRY
 10
1349.937
 20
-322.297
 40
1.962
 50
196.928
 51
217.875
  0
ARC
  8
APS_GEOMETRY
 10
1350.923
 20
-321.997
 40
2.992
 50
180.0
 51
196.928
  0
ARC
  8
APS_GEOMETRY
 10
1350.278
 20
-321.997
 40
2.347
 50
148.791
 51
180.0
  0
ARC
  8
APS_GEOMETRY
 10
1350.894
 20
-322.37
 40
3.067
 50
121.569
 51
148.791
  0
ARC
  8
APS_GEOMETRY
 10
1351.999
 20
-324.168
 40
5.178
 50
112.806
 51
121.569
  0
ARC
  8
APS_GEOMETRY
 10
1354.987
 20
-331.273
 40
12.885
 50
107.254
 51
112.806
  0
ARC
  8
APS_GEOMETRY
 10
1356.816
 20
-337.164
 40
19.054
 50
103.487
 51
107.254
  0
ARC
  8
APS_GEOMETRY
 10
1361.007
 20
-354.637
 40
37.022
 50
100.784
 51
103.487
  0
ARC
  8
APS_GEOMETRY
 10
1362.319
 20
-359.468
 40
42.015
 50
95.643
 51
101.31
  0
ARC
  8
APS_GEOMETRY
 10
1362.353
 20
-359.814
 40
42.362
 50
90.0
 51
95.643
  0
ARC
  8
APS_GEOMETRY
 10
1403.023
 20
-338.486
 40
21.264
 50
77.257
 51
90.0
  0
ARC
  8
APS_GEOMETRY
 10
1402.807
 20
-339.441
 40
22.243
 50
64.799
 51
77.257
  0
ARC
  8
APS_GEOMETRY
 10
1421.125
 20
-300.443
 40
20.843
 50
244.885
 51
251.175
  0
ARC
  8
APS_GEOMETRY
 10
1415.156
 20
-317.951
 40
2.346
 50
251.175
 51
270.0
  0
ARC
  8
APS_GEOMETRY
 10
1415.156
 20
-316.49
 40
3.806
 50
270.0
 51
278.82
  0
ARC
  8
APS_GEOMETRY
 10
1412.697
 20
-300.643
 40
19.844
 50
278.82
 51
282.68
  0
ARC
  8
APS_GEOMETRY
 10
1417.843
 20
-323.423
 40
3.511
 50
95.906
 51
102.995
  0
ARC
  8
APS_GEOMETRY
 10
1418.002
 20
-324.959
 40
5.055
 50
90.0
 51
95.906
  0
ARC
  8
APS_GEOMETRY
 10
1418.002
 20
-323.259
 40
3.356
 50
62.447
 51
90.0
  0
ARC
  8
APS_GEOMETRY
 10
1417.405
 20
-324.403
 40
4.645
 50
39.094
 51
62.447
  0
ARC
  8
APS_GEOMETRY
 10
1411.171
 20
-329.617
 40
12.772
 50
18.435
 51
39.611
  0
ARC
  8
APS_GEOMETRY
 10
1407.344
 20
-330.892
 40
16.806
 50
360.0
 51
18.435
  0
ARC
  8
APS_GEOMETRY
 10
1415.817
 20
-330.892
 40
8.333
 50
334.877
 51
360.0
  0
ARC
  8
APS_GEOMETRY
 10
1418.323
 20
-332.068
 40
5.565
 50
304.007
 51
334.877
  0
ARC
  8
APS_GEOMETRY
 10
1418.282
 20
-331.95
 40
5.686
 50
286.39
 51
303.69
  0
ARC
  8
APS_GEOMETRY
 10
1418.1
 20
-331.332
 40
6.33
 50
270.0
 51
286.39
  0
ARC
  8
APS_GEOMETRY
 10
1418.1
 20
-331.405
 40
6.257
 50
255.155
 51
270.0
  0
ARC
  8
APS_GEOMETRY
 10
1417.414
 20
-333.991
 40
3.581
 50
235.491
 51
255.155
  0
ARC
  8
APS_GEOMETRY
 10
1417.758
 20
-333.491
 40
4.189
 50
218.48
 51
235.491
  0
ARC
  8
APS_GEOMETRY
 10
1423.379
 20
-329.023
 40
11.369
 50
208.179
 51
218.48
  0
ARC
  8
APS_GEOMETRY
 10
1365.755
 20
-360.302
 40
54.198
 50
28.56
 51
31.664
  0
ARC
  8
APS_GEOMETRY
 10
1400.967
 20
-338.585
 40
12.827
 50
31.664
 51
38.047
  0
ARC
  8
APS_GEOMETRY
 10
1403.527
 20
-336.582
 40
9.576
 50
38.047
 51
46.56
  0
ARC
  8
APS_GEOMETRY
 10
1402.196
 20
-337.987
 40
11.512
 50
46.56
 51
54.324
  0
ARC
  8
APS_GEOMETRY
 10
1401.428
 20
-339.308
 40
13.034
 50
54.968
 51
71.48
  0
ARC
  8
APS_GEOMETRY
 10
1402.271
 20
-336.792
 40
10.38
 50
71.48
 51
90.0
  0
ARC
  8
APS_GEOMETRY
 10
1402.271
 20
-333.662
 40
7.251
 50
90.0
 51
114.63
  0
ARC
  8
APS_GEOMETRY
 10
1401.907
 20
-332.868
 40
6.377
 50
114.63
 51
140.921
  0
ARC
  8
APS_GEOMETRY
 10
1402.983
 20
-333.742
 40
7.763
 50
140.921
 51
163.13
  0
ARC
  8
APS_GEOMETRY
 10
1408.36
 20
-335.373
 40
13.382
 50
163.13
 51
180.0
  0
ARC
  8
APS_GEOMETRY
 10
1415.334
 20
-335.373
 40
20.355
 50
180.0
 51
195.44
  0
ARC
  8
APS_GEOMETRY
 10
1414.276
 20
-335.665
 40
19.258
 50
195.44
 51
211.316
  0
ARC
  8
APS_GEOMETRY
 10
1409.187
 20
-338.654
 40
13.357
 50
211.708
 51
240.457
  0
ARC
  8
APS_GEOMETRY
 10
1408.845
 20
-339.257
 40
12.663
 50
240.457
 51
270.0
  0
ARC
  8
APS_GEOMETRY
 10
1408.845
 20
-336.17
 40
15.751
 50
270.0
 51
279.549
  0
ARC
  8
APS_GEOMETRY
 10
1408.649
 20
-335.006
 40
16.931
 50
279.549
 51
288.759
  0
ARC
  8
APS_GEOMETRY
 10
1409.474
 20
-337.436
 40
14.364
 50
288.759
 51
299.545
  0
ARC
  8
APS_GEOMETRY
 10
1412.784
 20
-343.275
 40
7.652
 50
299.545
 51
314.341
  0
ARC
  8
APS_GEOMETRY
 10
1423.019
 20
-353.906
 40
7.105
 50
120.141
 51
133.452
  0
ARC
  8
APS_GEOMETRY
 10
1420.16
 20
-348.983
 40
1.412
 50
90.0
 51
120.141
  0
ARC
  8
APS_GEOMETRY
 10
1420.16
 20
-349.801
 40
2.23
 50
61.952
 51
90.0
  0
ARC
  8
APS_GEOMETRY
 10
1419.828
 20
-350.424
 40
2.936
 50
37.569
 51
61.952
  0
ARC
  8
APS_GEOMETRY
 10
1419.209
 20
-350.9
 40
3.717
 50
17.665
 51
37.569
  0
ARC
  8
APS_GEOMETRY
 10
1418.264
 20
-351.201
 40
4.709
 50
360.0
 51
17.665
  0
ARC
  8
APS_GEOMETRY
 10
1415.892
 20
-351.201
 40
7.081
 50
344.932
 51
360.0
  0
ARC
  8
APS_GEOMETRY
 10
1409.594
 20
-349.506
 40
13.603
 50
334.075
 51
344.932
  0
ARC
  8
APS_GEOMETRY
 10
1409.396
 20
-349.409
 40
13.823
 50
323.374
 51
334.075
  0
ARC
  8
APS_GEOMETRY
 10
1413.46
 20
-352.43
 40
8.76
 50
309.92
 51
323.374
  0
ARC
  8
APS_GEOMETRY
 10
1417.521
 20
-357.221
 40
2.48
 50
289.026
 51
308.991
  0
ARC
  8
APS_GEOMETRY
 10
1413.188
 20
-344.655
 40
15.771
 50
281.143
 51
289.026
  0
ARC
  8
APS_GEOMETRY
 10
1417.582
 20
-367.437
 40
7.431
 50
100.437
 51
110.12
  0
ARC
  8
APS_GEOMETRY
 10
1423.403
 20
-383.327
 40
24.353
 50
110.12
 51
115.463
  0
ARC
  8
APS_GEOMETRY
 10
1402.622
 20
-339.846
 40
23.838
 50
282.94
 51
295.628
  0
ARC
  8
APS_GEOMETRY
 10
1402.827
 20
-340.74
 40
22.921
 50
270.0
 51
282.94
  0
ARC
  8
APS_GEOMETRY
 10
1402.827
 20
-339.386
 40
24.275
 50
257.307
 51
270.0
  0
ARC
  8
APS_GEOMETRY
 10
1403.852
 20
-334.837
 40
28.939
 50
245.686
 51
257.307
  0
ARC
  8
APS_GEOMETRY
 10
1401.282
 20
-340.478
 40
22.739
 50
228.801
 51
245.735
  0
ARC
  8
APS_GEOMETRY
 10
1401.325
 20
-340.429
 40
22.805
 50
211.891
 51
228.801
  0
ARC
  8
APS_GEOMETRY
 10
1402.672
 20
-339.459
 40
24.462
 50
196.728
 51
212.152
  0
ARC
  8
APS_GEOMETRY
 10
1399.185
 20
-340.507
 40
20.82
 50
180.0
 51
196.728
  0
ARC
  8
APS_GEOMETRY
 10
1399.692
 20
-340.507
 40
21.327
 50
161.184
 51
180.0
  0
ARC
  8
APS_GEOMETRY
 10
1401.06
 20
-340.973
 40
22.773
 50
142.98
 51
161.184
  0
ARC
  8
APS_GEOMETRY
 10
1402.124
 20
-341.788
 40
24.112
 50
127.824
 51
142.958
  0
ARC
  8
APS_GEOMETRY
 10
1403.878
 20
-344.047
 40
26.973
 50
113.52
 51
127.824
  0
ARC
  8
APS_GEOMETRY
 10
1403.307
 20
-342.728
 40
25.535
 50
101.927
 51
113.527
  0
ARC
  8
APS_GEOMETRY
 10
1403.023
 20
-341.383
 40
24.161
 50
90.0
 51
101.927
  0
ARC
  8
APS_GEOMETRY
 10
1447.572
 20
-358.059
 40
40.608
 50
84.71
 51
90.0
  0
ARC
  8
APS_GEOMETRY
 10
1448.317
 20
-350.019
 40
32.533
 50
78.799
 51
84.71
  0
ARC
  8
APS_GEOMETRY
 10
1453.133
 20
-325.676
 40
7.718
 50
49.783
 51
78.771
  0
ARC
  8
APS_GEOMETRY
 10
1456.355
 20
-321.866
 40
2.729
 50
360.0
 51
49.783
  0
ARC
  8
APS_GEOMETRY
 10
1456.064
 20
-321.866
 40
3.02
 50
342.759
 51
360.0
  0
ARC
  8
APS_GEOMETRY
 10
1457.639
 20
-322.355
 40
1.37
 50
317.045
 51
342.759
  0
ARC
  8
APS_GEOMETRY
 10
1456.879
 20
-321.647
 40
2.41
 50
301.817
 51
317.045
  0
ARC
  8
APS_GEOMETRY
 10
1445.623
 20
-303.505
 40
23.76
 50
296.98
 51
301.817
  0
ARC
  8
APS_GEOMETRY
 10
1457.624
 20
-327.123
 40
2.733
 50
116.565
 51
149.078
  0
ARC
  8
APS_GEOMETRY
 10
1461.143
 20
-329.231
 40
6.835
 50
149.078
 51
169.469
  0
ARC
  8
APS_GEOMETRY
 10
1468.648
 20
-330.626
 40
14.468
 50
169.469
 51
174.598
  0
ARC
  8
APS_GEOMETRY
 10
1507.312
 20
-334.282
 40
53.304
 50
174.598
 51
177.269
  0
ARC
  8
APS_GEOMETRY
 10
1541.309
 20
-335.904
 40
87.341
 50
177.269
 51
178.901
  0
ARC
  8
APS_GEOMETRY
 10
1646.616
 20
-337.924
 40
192.667
 50
178.901
 51
180.0
  0
ARC
  8
APS_GEOMETRY
 10
1860.606
 20
-337.924
 40
406.657
 50
180.0
 51
180.88
  0
ARC
  8
APS_GEOMETRY
 10
1610.086
 20
-341.771
 40
156.107
 50
180.88
 51
182.3
  0
ARC
  8
APS_GEOMETRY
 10
1536.861
 20
-344.713
 40
82.823
 50
182.3
 51
184.974
  0
ARC
  8
APS_GEOMETRY
 10
1467.04
 20
-350.789
 40
12.738
 50
184.974
 51
191.793
  0
ARC
  8
APS_GEOMETRY
 10
1458.93
 20
-352.34
 40
4.484
 50
193.57
 51
205.787
  0
ARC
  8
APS_GEOMETRY
 10
1456.912
 20
-353.315
 40
2.244
 50
205.787
 51
223.091
  0
ARC
  8
APS_GEOMETRY
 10
1457.424
 20
-352.836
 40
2.944
 50
223.091
 51
236.441
  0
ARC
  8
APS_GEOMETRY
 10
1461.707
 20
-346.379
 40
10.693
 50
236.441
 51
243.435
  0
ARC
  8
APS_GEOMETRY
 10
1455.15
 20
-359.85
 40
4.291
 50
37.185
 51
65.556
  0
ARC
  8
APS_GEOMETRY
 10
1456.549
 20
-358.788
 40
2.535
 50
360.0
 51
37.185
  0
ARC
  8
APS_GEOMETRY
 10
1456.472
 20
-358.788
 40
2.612
 50
312.039
 51
360.0
  0
ARC
  8
APS_GEOMETRY
 10
1453.361
 20
-355.338
 40
7.258
 50
283.815
 51
312.039
  0
ARC
  8
APS_GEOMETRY
 10
1448.221
 20
-334.033
 40
29.174
 50
279.273
 51
283.627
  0
ARC
  8
APS_GEOMETRY
 10
1446.166
 20
-321.447
 40
41.926
 50
275.641
 51
279.273
  0
ARC
  8
APS_GEOMETRY
 10
1445.38
 20
-313.493
 40
49.919
 50
272.588
 51
275.641
  0
ARC
  8
APS_GEOMETRY
 10
1444.498
 20
-293.976
 40
69.456
 50
270.0
 51
272.588
  0
ARC
  8
APS_GEOMETRY
 10
1444.498
 20
-321.538
 40
41.894
 50
262.774
 51
270.0
  0
ARC
  8
APS_GEOMETRY
 10
1440.721
 20
-351.326
 40
11.868
 50
249.175
 51
262.774
  0
ARC
  8
APS_GEOMETRY
 10
1438.349
 20
-357.564
 40
5.194
 50
221.23
 51
249.175
  0
ARC
  8
APS_GEOMETRY
 10
1436.28
 20
-359.377
 40
2.443
 50
180.0
 51
221.23
  0
ARC
  8
APS_GEOMETRY
 10
1435.878
 20
-359.377
 40
2.041
 50
142.696
 51
180.0
  0
ARC
  8
APS_GEOMETRY
 10
1439.099
 20
-361.831
 40
6.091
 50
121.357
 51
142.696
  0
ARC
  8
APS_GEOMETRY
 10
1433.656
 20
-352.916
 40
4.354
 50
301.477
 51
324.728
  0
ARC
  8
APS_GEOMETRY
 10
1434.237
 20
-353.327
 40
3.643
 50
324.728
 51
350.181
  0
ARC
  8
APS_GEOMETRY
 10
1415.996
 20
-350.31
 40
22.132
 50
350.538
 51
355.423
  0
ARC
  8
APS_GEOMETRY
 10
1341.044
 20
-344.309
 40
97.324
 50
355.423
 51
357.752
  0
ARC
  8
APS_GEOMETRY
 10
1271.45
 20
-341.577
 40
166.971
 50
357.752
 51
359.111
  0
ARC
  8
APS_GEOMETRY
 10
1048.704
 20
-338.12
 40
389.744
 50
359.111
 51
0.0
  0
ARC
  8
APS_GEOMETRY
 10
1303.224
 20
-338.12
 40
135.223
 50
0.0
 51
1.773
  0
ARC
  8
APS_GEOMETRY
 10
1382.584
 20
-335.663
 40
55.825
 50
1.773
 51
4.532
  0
ARC
  8
APS_GEOMETRY
 10
1406.705
 20
-333.751
 40
31.629
 50
4.532
 51
9.384
  0
ARC
  8
APS_GEOMETRY
 10
1431.199
 20
-329.704
 40
6.803
 50
9.384
 51
19.855
  0
ARC
  8
APS_GEOMETRY
 10
1434.44
 20
-328.471
 40
3.336
 50
18.853
 51
42.158
  0
ARC
  8
APS_GEOMETRY
 10
1431.662
 20
-330.987
 40
7.084
 50
42.158
 51
58.092
  0
ARC
  8
APS_GEOMETRY
 10
1443.891
 20
-312.089
 40
15.426
 50
230.711
 51
236.634
  0
ARC
  8
APS_GEOMETRY
 10
1436.209
 20
-321.478
 40
3.296
 50
217.875
 51
230.711
  0
ARC
  8
APS_GEOMETRY
 10
1435.156
 20
-322.297
 40
1.962
 50
196.928
 51
217.875
  0
ARC
  8
APS_GEOMETRY
 10
1436.142
 20
-321.997
 40
2.992
 50
180.0
 51
196.928
  0
ARC
  8
APS_GEOMETRY
 10
1435.497
 20
-321.997
 40
2.347
 50
148.791
 51
180.0
  0
ARC
  8
APS_GEOMETRY
 10
1436.113
 20
-322.37
 40
3.067
 50
121.569
 51
148.791
  0
ARC
  8
APS_GEOMETRY
 10
1437.218
 20
-324.168
 40
5.178
 50
112.806
 51
121.569
  0
ARC
  8
APS_GEOMETRY
 10
1440.205
 20
-331.273
 40
12.885
 50
107.254
 51
112.806
  0
ARC
  8
APS_GEOMETRY
 10
1442.035
 20
-337.164
 40
19.054
 50
103.487
 51
107.254
  0
ARC
  8
APS_GEOMETRY
 10
1446.225
 20
-354.637
 40
37.022
 50
100.784
 51
103.487
  0
ARC
  8
APS_GEOMETRY
 10
1447.538
 20
-359.468
 40
42.015
 50
95.643
 51
101.31
  0
ARC
  8
APS_GEOMETRY
 10
1447.572
 20
-359.814
 40
42.362
 50
90.0
 51
95.643
  0
LINE
  8
APS_GEOMETRY
 10
1516.72
 11
1516.72
 20
-347.375
 21
-330.173
  0
ARC
  8
APS_GEOMETRY
 10
1476.999
 20
-330.173
 40
39.721
 50
0.0
 51
2.404
  0
ARC
  8
APS_GEOMETRY
 10
1500.516
 20
-329.186
 40
16.183
 50
2.404
 51
6.17
  0
ARC
  8
APS_GEOMETRY
 10
1507.565
 20
-328.424
 40
9.093
 50
6.17
 51
12.824
  0
ARC
  8
APS_GEOMETRY
 10
1514.465
 20
-326.853
 40
2.017
 50
12.824
 51
26.98
  0
ARC
  8
APS_GEOMETRY
 10
1514.788
 20
-326.689
 40
1.655
 50
26.98
 51
59.65
  0
ARC
  8
APS_GEOMETRY
 10
1511.75
 20
-331.877
 40
7.668
 50
59.65
 51
74.667
  0
ARC
  8
APS_GEOMETRY
 10
1515.252
 20
-319.378
 40
5.313
 50
225.0
 51
253.887
  0
ARC
  8
APS_GEOMETRY
 10
1513.091
 20
-321.539
 40
2.257
 50
180.0
 51
225.0
  0
ARC
  8
APS_GEOMETRY
 10
1513.506
 20
-321.539
 40
2.672
 50
151.157
 51
180.0
  0
ARC
  8
APS_GEOMETRY
 10
1513.5
 20
-321.536
 40
2.665
 50
122.276
 51
151.157
  0
ARC
  8
APS_GEOMETRY
 10
1514.264
 20
-322.745
 40
4.096
 50
102.308
 51
122.276
  0
ARC
  8
APS_GEOMETRY
 10
1515.674
 20
-329.21
 40
10.712
 50
90.0
 51
102.308
  0
ARC
  8
APS_GEOMETRY
 10
1515.674
 20
-341.664
 40
23.166
 50
88.989
 51
90.0
  0
ARC
  8
APS_GEOMETRY
 10
1513.727
 20
-452.009
 40
133.528
 50
88.568
 51
88.989
  0
ARC
  8
APS_GEOMETRY
 10
1510.977
 20
-562.013
 40
243.567
 50
88.337
 51
88.568
  0
ARC
  8
APS_GEOMETRY
 10
1500.318
 20
-929.129
 40
610.838
 50
88.191
 51
88.337
  0
LINE
  8
APS_GEOMETRY
 10
1519.598
 11
1521.528
 20
-318.596
 21
-318.596
  0
ARC
  8
APS_GEOMETRY
 10
1515.046
 20
757.354
 40
1075.969
 50
270.345
 51
270.49
  0
ARC
  8
APS_GEOMETRY
 10
1521.086
 20
50.743
 40
369.332
 50
270.49
 51
270.736
  0
ARC
  8
APS_GEOMETRY
 10
1523.565
 20
-142.129
 40
176.445
 50
270.736
 51
271.253
  0
ARC
  8
APS_GEOMETRY
 10
1527.09
 20
-303.345
 40
15.19
 50
271.253
 51
273.013
  0
ARC
  8
APS_GEOMETRY
 10
1526.944
 20
-300.557
 40
17.982
 50
273.013
 51
274.5
  0
ARC
  8
APS_GEOMETRY
 10
1510.288
 20
-88.904
 40
230.289
 50
274.5
 51
274.915
  0
LINE
  8
APS_GEOMETRY
 10
1530.018
 11
1531.982
 20
-318.346
 21
-318.174
  0
LINE
  8
APS_GEOMETRY
 10
1531.982
 11
1534.544
 20
-318.174
 21
-317.942
  0
ARC
  8
APS_GEOMETRY
 10
1538.757
 20
-358.666
 40
40.941
 50
93.24
 51
95.906
  0
ARC
  8
APS_GEOMETRY
 10
1538.01
 20
-345.482
 40
27.736
 50
90.0
 51
93.24
  0
ARC
  8
APS_GEOMETRY
 10
1538.01
 20
-341.299
 40
23.553
 50
77.12
 51
90.0
  0
ARC
  8
APS_GEOMETRY
 10
1539.251
 20
-335.872
 40
17.987
 50
62.371
 51
77.12
  0
ARC
  8
APS_GEOMETRY
 10
1541.352
 20
-331.933
 40
13.522
 50
31.215
 51
62.517
  0
ARC
  8
APS_GEOMETRY
 10
1541.289
 20
-331.972
 40
13.597
 50
360.0
 51
31.215
  0
ARC
  8
APS_GEOMETRY
 10
1540.923
 20
-331.972
 40
13.962
 50
334.496
 51
360.0
  0
ARC
  8
APS_GEOMETRY
 10
1541.61
 20
-332.299
 40
13.201
 50
308.254
 51
334.496
  0
ARC
  8
APS_GEOMETRY
 10
1539.511
 20
-329.533
 40
16.674
 50
287.855
 51
308.034
  0
ARC
  8
APS_GEOMETRY
 10
1538.109
 20
-325.18
 40
21.247
 50
270.0
 51
287.855
  0
ARC
  8
APS_GEOMETRY
 10
1538.109
 20
-314.23
 40
32.197
 50
266.918
 51
270.0
  0
ARC
  8
APS_GEOMETRY
 10
1540.063
 20
-277.933
 40
68.546
 50
264.806
 51
266.918
  0
ARC
  8
APS_GEOMETRY
 10
1526.99
 20
-440.042
 40
94.095
 50
85.815
 51
86.634
  0
ARC
  8
APS_GEOMETRY
 10
1532.189
 20
-351.663
 40
5.563
 50
86.634
 51
90.0
  0
ARC
  8
APS_GEOMETRY
 10
1532.189
 20
-346.92
 40
0.821
 50
90.0
 51
139.686
  0
ARC
  8
APS_GEOMETRY
 10
1532.494
 20
-347.179
 40
1.22
 50
139.686
 51
180.0
  0
LINE
  8
APS_GEOMETRY
 10
1531.273
 11
1531.273
 20
-347.179
 21
-347.375
  0
LINE
  8
APS_GEOMETRY
 10
1531.273
 11
1531.502
 20
-347.375
 21
-352.738
  0
ARC
  8
APS_GEOMETRY
 10
1539.253
 20
-352.415
 40
7.757
 50
182.386
 51
193.753
  0
ARC
  8
APS_GEOMETRY
 10
1534.255
 20
-353.639
 40
2.612
 50
193.753
 51
213.408
  0
ARC
  8
APS_GEOMETRY
 10
1534.311
 20
-353.602
 40
2.679
 50
213.408
 51
232.628
  0
ARC
  8
APS_GEOMETRY
 10
1538.821
 20
-347.696
 40
10.11
 50
232.628
 51
242.488
  0
ARC
  8
APS_GEOMETRY
 10
1531.299
 20
-361.96
 40
6.017
 50
40.539
 51
61.699
  0
ARC
  8
APS_GEOMETRY
 10
1534.587
 20
-359.148
 40
1.69
 50
360.0
 51
40.539
  0
ARC
  8
APS_GEOMETRY
 10
1534.008
 20
-359.148
 40
2.269
 50
315.297
 51
360.0
  0
ARC
  8
APS_GEOMETRY
 10
1530.938
 20
-356.11
 40
6.588
 50
289.502
 51
315.297
  0
ARC
  8
APS_GEOMETRY
 10
1528.689
 20
-349.759
 40
13.326
 50
282.372
 51
289.502
  0
ARC
  8
APS_GEOMETRY
 10
1526.326
 20
-338.988
 40
24.353
 50
277.099
 51
282.372
  0
ARC
  8
APS_GEOMETRY
 10
1525.355
 20
-331.188
 40
32.213
 50
273.104
 51
277.099
  0
ARC
  8
APS_GEOMETRY
 10
1524.21
 20
-310.07
 40
53.362
 50
270.0
 51
273.104
  0
ARC
  8
APS_GEOMETRY
 10
1524.21
 20
-310.71
 40
52.723
 50
263.473
 51
270.0
  0
ARC
  8
APS_GEOMETRY
 10
1519.877
 20
-348.577
 40
14.609
 50
251.056
 51
263.473
  0
ARC
  8
APS_GEOMETRY
 10
1517.095
 20
-356.682
 40
6.039
 50
224.161
 51
251.056
  0
ARC
  8
APS_GEOMETRY
 10
1514.421
 20
-359.279
 40
2.311
 50
180.0
 51
224.161
  0
ARC
  8
APS_GEOMETRY
 10
1514.9
 20
-359.279
 40
2.791
 50
160.821
 51
180.0
  0
ARC
  8
APS_GEOMETRY
 10
1513.73
 20
-358.872
 40
1.552
 50
135.0
 51
160.821
  0
ARC
  8
APS_GEOMETRY
 10
1514.836
 20
-359.978
 40
3.117
 50
121.522
 51
135.0
  0
ARC
  8
APS_GEOMETRY
 10
1527.321
 20
-380.334
 40
26.996
 50
116.952
 51
121.522
  0
ARC
  8
APS_GEOMETRY
 10
1513.688
 20
-353.623
 40
2.993
 50
297.824
 51
321.605
  0
ARC
  8
APS_GEOMETRY
 10
1514.378
 20
-354.17
 40
2.113
 50
321.605
 51
349.992
  0
ARC
  8
APS_GEOMETRY
 10
1511.178
 20
-353.605
 40
5.362
 50
349.992
 51
356.014
  0
ARC
  8
APS_GEOMETRY
 10
1462.516
 20
-350.214
 40
54.143
 50
356.014
 51
357.908
  0
ARC
  8
APS_GEOMETRY
 10
1405.711
 20
-348.139
 40
110.985
 50
357.908
 51
358.833
  0
ARC
  8
APS_GEOMETRY
 10
1200.315
 20
-343.954
 40
316.424
 50
358.833
 51
359.381
  0
LINE
  8
APS_GEOMETRY
 10
1531.502
 11
1531.502
 20
-326.019
 21
-337.139
  0
ARC
  8
APS_GEOMETRY
 10
1534.877
 20
-337.139
 40
3.374
 50
180.0
 51
199.885
  0
ARC
  8
APS_GEOMETRY
 10
1532.352
 20
-338.052
 40
0.689
 50
199.885
 51
244.799
  0
ARC
  8
APS_GEOMETRY
 10
1533.803
 20
-335.062
 40
4.013
 50
244.231
 51
258.996
  0
ARC
  8
APS_GEOMETRY
 10
1534.413
 20
-331.925
 40
7.209
 50
258.996
 51
270.0
  0
ARC
  8
APS_GEOMETRY
 10
1534.413
 20
-332.683
 40
6.45
 50
270.0
 51
288.435
  0
ARC
  8
APS_GEOMETRY
 10
1534.876
 20
-334.071
 40
4.987
 50
288.435
 51
309.428
  0
ARC
  8
APS_GEOMETRY
 10
1535.044
 20
-334.246
 40
4.745
 50
309.193
 51
339.939
  0
ARC
  8
APS_GEOMETRY
 10
1529.175
 20
-332.102
 40
10.994
 50
339.939
 51
0.0
  0
ARC
  8
APS_GEOMETRY
 10
1529.821
 20
-332.102
 40
10.348
 50
0.0
 51
22.011
  0
ARC
  8
APS_GEOMETRY
 10
1534.406
 20
-330.249
 40
5.403
 50
22.011
 51
52.651
  0
ARC
  8
APS_GEOMETRY
 10
1534.335
 20
-330.298
 40
5.485
 50
52.374
 51
72.309
  0
ARC
  8
APS_GEOMETRY
 10
1533.89
 20
-331.694
 40
6.95
 50
72.309
 51
90.0
  0
ARC
  8
APS_GEOMETRY
 10
1533.89
 20
-328.796
 40
4.052
 50
90.0
 51
118.113
  0
ARC
  8
APS_GEOMETRY
 10
1532.406
 20
-326.019
 40
0.904
 50
118.113
 51
180.0
  0
ARC
  8
APS_GEOMETRY
 10
1584.24
 20
-343.004
 40
25.782
 50
71.91
 51
90.0
  0
ARC
  8
APS_GEOMETRY
 10
1585.239
 20
-339.947
 40
22.566
 50
52.561
 51
71.91
  0
ARC
  8
APS_GEOMETRY
 10
1584.977
 20
-340.023
 40
22.786
 50
38.846
 51
52.156
  0
ARC
  8
APS_GEOMETRY
 10
1581.405
 20
-342.9
 40
27.372
 50
26.707
 51
38.846
  0
ARC
  8
APS_GEOMETRY
 10
1582.112
 20
-342.322
 40
26.482
 50
13.868
 51
26.278
  0
ARC
  8
APS_GEOMETRY
 10
1587.212
 20
-341.063
 40
21.229
 50
360.0
 51
13.868
  0
ARC
  8
APS_GEOMETRY
 10
1587.542
 20
-341.063
 40
20.899
 50
339.712
 51
360.0
  0
ARC
  8
APS_GEOMETRY
 10
1586.365
 20
-340.628
 40
22.153
 50
320.013
 51
339.712
  0
ARC
  8
APS_GEOMETRY
 10
1586.17
 20
-340.521
 40
22.372
 50
303.344
 51
320.123
  0
ARC
  8
APS_GEOMETRY
 10
1583.875
 20
-337.032
 40
26.548
 50
287.949
 51
303.344
  0
ARC
  8
APS_GEOMETRY
 10
1583.12
 20
-334.416
 40
29.269
 50
279.039
 51
287.776
  0
ARC
  8
APS_GEOMETRY
 10
1583.422
 20
-336.315
 40
27.346
 50
270.0
 51
279.039
  0
ARC
  8
APS_GEOMETRY
 10
1583.422
 20
-337.65
 40
26.011
 50
257.728
 51
270.0
  0
ARC
  8
APS_GEOMETRY
 10
1583.463
 20
-337.462
 40
26.203
 50
245.501
 51
257.728
  0
ARC
  8
APS_GEOMETRY
 10
1581.991
 20
-340.685
 40
22.66
 50
228.665
 51
245.511
  0
ARC
  8
APS_GEOMETRY
 10
1581.501
 20
-341.242
 40
21.918
 50
211.535
 51
228.665
  0
ARC
  8
APS_GEOMETRY
 10
1582.143
 20
-340.77
 40
22.712
 50
195.642
 51
211.701
  0
ARC
  8
APS_GEOMETRY
 10
1583.317
 20
-340.442
 40
23.931
 50
180.0
 51
195.642
  0
ARC
  8
APS_GEOMETRY
 10
1583.568
 20
-340.442
 40
24.183
 50
162.181
 51
180.0
  0
ARC
  8
APS_GEOMETRY
 10
1581.362
 20
-339.733
 40
21.865
 50
143.434
 51
162.181
  0
ARC
  8
APS_GEOMETRY
 10
1581.065
 20
-339.495
 40
21.485
 50
126.384
 51
143.471
  0
ARC
  8
APS_GEOMETRY
 10
1583.099
 20
-342.255
 40
24.914
 50
110.525
 51
126.384
  0
ARC
  8
APS_GEOMETRY
 10
1582.998
 20
-341.506
 40
24.177
 50
99.77
 51
110.925
  0
ARC
  8
APS_GEOMETRY
 10
1584.24
 20
-348.718
 40
31.496
 50
90.0
 51
99.77
  0
ARC
  8
APS_GEOMETRY
 10
1581.133
 20
-331.415
 40
4.807
 50
90.0
 51
119.604
  0
ARC
  8
APS_GEOMETRY
 10
1581.554
 20
-332.156
 40
5.659
 50
119.604
 51
146.842
  0
ARC
  8
APS_GEOMETRY
 10
1582.4
 20
-332.85
 40
6.748
 50
145.84
 51
164.055
  0
ARC
  8
APS_GEOMETRY
 10
1584.362
 20
-333.41
 40
8.788
 50
164.055
 51
180.0
  0
ARC
  8
APS_GEOMETRY
 10
1596.626
 20
-333.41
 40
21.053
 50
180.0
 51
189.977
  0
ARC
  8
APS_GEOMETRY
 10
1615.278
 20
-330.13
 40
39.991
 50
189.977
 51
197.211
  0
ARC
  8
APS_GEOMETRY
 10
1619.357
 20
-328.866
 40
44.261
 50
197.211
 51
203.76
  0
ARC
  8
APS_GEOMETRY
 10
1609.195
 20
-333.34
 40
33.157
 50
203.76
 51
211.329
  0
ARC
  8
APS_GEOMETRY
 10
1588.326
 20
-345.863
 40
8.821
 50
212.32
 51
224.441
  0
ARC
  8
APS_GEOMETRY
 10
1587.471
 20
-346.702
 40
7.623
 50
224.441
 51
237.484
  0
ARC
  8
APS_GEOMETRY
 10
1586.918
 20
-347.57
 40
6.595
 50
237.484
 51
252.416
  0
ARC
  8
APS_GEOMETRY
 10
1586.366
 20
-349.313
 40
4.766
 50
252.416
 51
270.0
  0
ARC
  8
APS_GEOMETRY
 10
1586.366
 20
-348.748
 40
5.331
 50
270.0
 51
294.953
  0
ARC
  8
APS_GEOMETRY
 10
1586.515
 20
-349.069
 40
4.977
 50
294.953
 51
320.793
  0
ARC
  8
APS_GEOMETRY
 10
1585.715
 20
-348.415
 40
6.011
 50
320.793
 51
342.777
  0
ARC
  8
APS_GEOMETRY
 10
1582.147
 20
-347.309
 40
9.746
 50
342.777
 51
0.0
  0
ARC
  8
APS_GEOMETRY
 10
1565.386
 20
-347.309
 40
26.507
 50
0.0
 51
8.499
  0
ARC
  8
APS_GEOMETRY
 10
1553.718
 20
-349.053
 40
38.304
 50
8.499
 51
15.566
  0
ARC
  8
APS_GEOMETRY
 10
1555.121
 20
-348.662
 40
36.848
 50
15.566
 51
22.909
  0
ARC
  8
APS_GEOMETRY
 10
1567.185
 20
-343.564
 40
23.751
 50
22.909
 51
32.057
  0
ARC
  8
APS_GEOMETRY
 10
1576.66
 20
-337.594
 40
12.552
 50
31.921
 51
42.51
  0
ARC
  8
APS_GEOMETRY
 10
1579.263
 20
-335.209
 40
9.022
 50
42.51
 51
55.008
  0
ARC
  8
APS_GEOMETRY
 10
1580.141
 20
-333.954
 40
7.489
 50
55.008
 51
69.88
  0
ARC
  8
APS_GEOMETRY
 10
1580.93
 20
-331.802
 40
5.198
 50
69.88
 51
87.754
  0
ARC
  8
APS_GEOMETRY
 10
1634.754
 20
-346.426
 40
2.42
 50
90.0
 51
115.837
  0
ARC
  8
APS_GEOMETRY
 10
1634.158
 20
-345.196
 40
1.053
 50
115.837
 51
155.462
  0
ARC
  8
APS_GEOMETRY
 10
1634.853
 20
-345.513
 40
1.817
 50
155.462
 51
168.366
  0
ARC
  8
APS_GEOMETRY
 10
1641.199
 20
-346.82
 40
8.296
 50
168.366
 51
174.395
  0
ARC
  8
APS_GEOMETRY
 10
1647.595
 20
-347.447
 40
14.722
 50
174.395
 51
177.813
  0
ARC
  8
APS_GEOMETRY
 10
1668.824
 20
-348.258
 40
35.966
 50
177.813
 51
180.0
  0
ARC
  8
APS_GEOMETRY
 10
1684.192
 20
-348.258
 40
51.335
 50
180.0
 51
184.62
  0
ARC
  8
APS_GEOMETRY
 10
1649.772
 20
-351.039
 40
16.803
 50
184.62
 51
192.7
  0
ARC
  8
APS_GEOMETRY
 10
1636.502
 20
-353.953
 40
3.218
 50
194.036
 51
205.821
  0
ARC
  8
APS_GEOMETRY
 10
1635.096
 20
-354.633
 40
1.656
 50
205.821
 51
222.274
  0
ARC
  8
APS_GEOMETRY
 10
1635.527
 20
-354.241
 40
2.238
 50
222.274
 51
234.605
  0
ARC
  8
APS_GEOMETRY
 10
1640.387
 20
-347.401
 40
10.63
 50
234.605
 51
240.255
  0
ARC
  8
APS_GEOMETRY
 10
1632.999
 20
-360.475
 40
4.389
 50
34.592
 51
61.189
  0
ARC
  8
APS_GEOMETRY
 10
1634.449
 20
-359.475
 40
2.627
 50
360.0
 51
34.592
  0
ARC
  8
APS_GEOMETRY
 10
1634.537
 20
-359.475
 40
2.539
 50
318.231
 51
360.0
  0
ARC
  8
APS_GEOMETRY
 10
1632.838
 20
-357.958
 40
4.816
 50
288.227
 51
318.231
  0
ARC
  8
APS_GEOMETRY
 10
1631.077
 20
-352.611
 40
10.446
 50
280.377
 51
288.227
  0
ARC
  8
APS_GEOMETRY
 10
1628.007
 20
-335.847
 40
27.489
 50
275.541
 51
280.377
  0
ARC
  8
APS_GEOMETRY
 10
1626.685
 20
-322.209
 40
41.19
 50
272.304
 51
275.541
  0
ARC
  8
APS_GEOMETRY
 10
1625.074
 20
-282.174
 40
81.259
 50
270.0
 51
272.304
  0
ARC
  8
APS_GEOMETRY
 10
1625.074
 20
-315.632
 40
47.8
 50
262.811
 51
270.0
  0
ARC
  8
APS_GEOMETRY
 10
1620.785
 20
-349.639
 40
13.524
 50
249.274
 51
262.811
  0
ARC
  8
APS_GEOMETRY
 10
1618.087
 20
-356.769
 40
5.901
 50
221.379
 51
249.274
  0
ARC
  8
APS_GEOMETRY
 10
1615.72
 20
-358.854
 40
2.747
 50
180.0
 51
221.379
  0
ARC
  8
APS_GEOMETRY
 10
1615.702
 20
-358.854
 40
2.728
 50
164.055
 51
180.0
  0
ARC
  8
APS_GEOMETRY
 10
1614.564
 20
-358.529
 40
1.546
 50
142.815
 51
164.055
  0
ARC
  8
APS_GEOMETRY
 10
1615.28
 20
-359.072
 40
2.444
 50
129.007
 51
142.815
  0
ARC
  8
APS_GEOMETRY
 10
1624.072
 20
-369.926
 40
16.412
 50
123.69
 51
129.007
  0
ARC
  8
APS_GEOMETRY
 10
1611.596
 20
-351.153
 40
6.128
 50
303.389
 51
319.022
  0
ARC
  8
APS_GEOMETRY
 10
1613.254
 20
-352.594
 40
3.932
 50
319.022
 51
338.575
  0
ARC
  8
APS_GEOMETRY
 10
1611.035
 20
-351.723
 40
6.316
 50
338.575
 51
351.049
  0
ARC
  8
APS_GEOMETRY
 10
1584.229
 20
-347.501
 40
33.452
 50
351.049
 51
356.46
  0
ARC
  8
APS_GEOMETRY
 10
1593.065
 20
-347.837
 40
24.613
 50
355.972
 51
358.68
  0
ARC
  8
APS_GEOMETRY
 10
1302.874
 20
-341.151
 40
314.881
 50
358.68
 51
359.437
  0
LINE
  8
APS_GEOMETRY
 10
1617.74
 11
1617.771
 20
-344.244
 21
-339.332
  0
LINE
  8
APS_GEOMETRY
 10
1617.771
 11
1617.781
 20
-339.332
 21
-332.92
  0
ARC
  8
APS_GEOMETRY
 10
1541.972
 20
-332.92
 40
75.809
 50
0.0
 51
1.717
  0
ARC
  8
APS_GEOMETRY
 10
1582.54
 20
-331.704
 40
35.223
 50
1.717
 51
4.236
  0
ARC
  8
APS_GEOMETRY
 10
1595.769
 20
-330.724
 40
21.957
 50
4.236
 51
8.269
  0
ARC
  8
APS_GEOMETRY
 10
1610.993
 20
-328.511
 40
6.573
 50
8.269
 51
15.642
  0
ARC
  8
APS_GEOMETRY
 10
1613.613
 20
-327.778
 40
3.853
 50
15.642
 51
39.417
  0
ARC
  8
APS_GEOMETRY
 10
1613.672
 20
-327.729
 40
3.776
 50
39.417
 51
63.435
  0
ARC
  8
APS_GEOMETRY
 10
1620.473
 20
-313.64
 40
11.869
 50
236.874
 51
244.486
  0
ARC
  8
APS_GEOMETRY
 10
1615.414
 20
-321.393
 40
2.611
 50
220.601
 51
236.874
  0
ARC
  8
APS_GEOMETRY
 10
1614.833
 20
-321.891
 40
1.847
 50
198.246
 51
220.601
  0
ARC
  8
APS_GEOMETRY
 10
1615.701
 20
-321.605
 40
2.761
 50
180.0
 51
198.246
  0
ARC
  8
APS_GEOMETRY
 10
1615.688
 20
-321.605
 40
2.748
 50
156.161
 51
180.0
  0
ARC
  8
APS_GEOMETRY
 10
1616.071
 20
-321.774
 40
3.167
 50
133.977
 51
156.161
  0
ARC
  8
APS_GEOMETRY
 10
1616.835
 20
-322.565
 40
4.266
 50
116.996
 51
133.977
  0
ARC
  8
APS_GEOMETRY
 10
1618.352
 20
-325.543
 40
7.608
 50
104.3
 51
116.996
  0
ARC
  8
APS_GEOMETRY
 10
1618.744
 20
-327.049
 40
9.164
 50
95.326
 51
104.349
  0
ARC
  8
APS_GEOMETRY
 10
1620.332
 20
-344.083
 40
26.272
 50
90.0
 51
95.326
  0
ARC
  8
APS_GEOMETRY
 10
1620.332
 20
-330.824
 40
13.013
 50
87.553
 51
90.0
  0
ARC
  8
APS_GEOMETRY
 10
1617.563
 20
-395.611
 40
77.86
 50
86.553
 51
87.553
  0
ARC
  8
APS_GEOMETRY
 10
1613.626
 20
-460.958
 40
143.325
 50
86.009
 51
86.553
  0
ARC
  8
APS_GEOMETRY
 10
1598.318
 20
-680.371
 40
363.271
 50
85.668
 51
86.009
  0
ARC
  8
APS_GEOMETRY
 10
1626.967
 20
-303.061
 40
15.125
 50
265.426
 51
268.531
  0
ARC
  8
APS_GEOMETRY
 10
1628.311
 20
-250.618
 40
67.586
 50
268.531
 51
270.0
  0
ARC
  8
APS_GEOMETRY
 10
1628.311
 20
-266.693
 40
51.511
 50
270.0
 51
271.637
  0
ARC
  8
APS_GEOMETRY
 10
1627.16
 20
-226.408
 40
91.812
 50
271.637
 51
272.862
  0
ARC
  8
APS_GEOMETRY
 10
1625.839
 20
-199.979
 40
118.274
 50
272.862
 51
273.814
  0
ARC
  8
APS_GEOMETRY
 10
1621.365
 20
-132.875
 40
185.527
 50
273.814
 51
274.574
  0
ARC
  8
APS_GEOMETRY
 10
1649.427
 20
-497.866
 40
180.543
 50
93.72
 51
94.214
  0
ARC
  8
APS_GEOMETRY
 10
1643.438
 20
-405.748
 40
88.23
 50
93.013
 51
93.72
  0
ARC
  8
APS_GEOMETRY
 10
1641.796
 20
-374.552
 40
56.991
 50
91.918
 51
93.013
  0
ARC
  8
APS_GEOMETRY
 10
1640.51
 20
-336.136
 40
18.554
 50
90.0
 51
91.918
  0
ARC
  8
APS_GEOMETRY
 10
1640.51
 20
-341.691
 40
24.109
 50
73.82
 51
90.0
  0
ARC
  8
APS_GEOMETRY
 10
1642.886
 20
-333.501
 40
15.581
 50
53.658
 51
73.82
  0
ARC
  8
APS_GEOMETRY
 10
1646.266
 20
-328.881
 40
9.857
 50
26.03
 51
53.569
  0
ARC
  8
APS_GEOMETRY
 10
1645.229
 20
-329.388
 40
11.012
 50
360.0
 51
26.03
  0
ARC
  8
APS_GEOMETRY
 10
1644.797
 20
-329.388
 40
11.443
 50
345.282
 51
360.0
  0
ARC
  8
APS_GEOMETRY
 10
1645.898
 20
-329.677
 40
10.305
 50
329.767
 51
345.282
  0
ARC
  8
APS_GEOMETRY
 10
1646.521
 20
-330.041
 40
9.583
 50
313.168
 51
329.767
  0
ARC
  8
APS_GEOMETRY
 10
1646.752
 20
-330.287
 40
9.246
 50
296.267
 51
313.168
  0
ARC
  8
APS_GEOMETRY
 10
1652.016
 20
-340.921
 40
2.62
 50
116.565
 51
139.899
  0
ARC
  8
APS_GEOMETRY
 10
1650.709
 20
-339.82
 40
0.911
 50
139.899
 51
180.0
  0
ARC
  8
APS_GEOMETRY
 10
1650.81
 20
-339.82
 40
1.013
 50
180.0
 51
226.193
  0
ARC
  8
APS_GEOMETRY
 10
1652.681
 20
-337.87
 40
3.715
 50
226.193
 51
249.829
  0
ARC
  8
APS_GEOMETRY
 10
1647.32
 20
-352.631
 40
11.989
 50
53.249
 51
70.105
  0
ARC
  8
APS_GEOMETRY
 10
1649.755
 20
-349.37
 40
7.919
 50
32.471
 51
53.249
  0
ARC
  8
APS_GEOMETRY
 10
1648.62
 20
-350.092
 40
9.264
 50
23.305
 51
32.471
  0
ARC
  8
APS_GEOMETRY
 10
1641.61
 20
-353.112
 40
16.897
 50
16.521
 51
23.305
  0
ARC
  8
APS_GEOMETRY
 10
1636.145
 20
-354.733
 40
22.598
 50
11.429
 51
16.521
  0
ARC
  8
APS_GEOMETRY
 10
1620.655
 20
-357.865
 40
38.401
 50
7.524
 51
11.429
  0
ARC
  8
APS_GEOMETRY
 10
1671.983
 20
-351.029
 40
13.38
 50
187.765
 51
196.914
  0
ARC
  8
APS_GEOMETRY
 10
1661.04
 20
-354.356
 40
1.942
 50
196.914
 51
221.082
  0
ARC
  8
APS_GEOMETRY
 10
1661.081
 20
-354.32
 40
1.997
 50
221.082
 51
244.607
  0
ARC
  8
APS_GEOMETRY
 10
1665.755
 20
-344.475
 40
12.896
 50
244.607
 51
253.811
  0
ARC
  8
APS_GEOMETRY
 10
1661.646
 20
-358.485
 40
1.705
 50
51.45
 51
72.474
  0
ARC
  8
APS_GEOMETRY
 10
1661.224
 20
-359.014
 40
2.382
 50
33.69
 51
51.45
  0
ARC
  8
APS_GEOMETRY
 10
1661.125
 20
-359.08
 40
2.5
 50
16.639
 51
33.69
  0
ARC
  8
APS_GEOMETRY
 10
1661.006
 20
-359.115
 40
2.625
 50
360.0
 51
16.639
  0
ARC
  8
APS_GEOMETRY
 10
1660.97
 20
-359.115
 40
2.662
 50
338.993
 51
360.0
  0
ARC
  8
APS_GEOMETRY
 10
1659.344
 20
-358.491
 40
4.402
 50
322.696
 51
338.993
  0
ARC
  8
APS_GEOMETRY
 10
1658.739
 20
-358.03
 40
5.164
 50
308.603
 51
322.696
  0
ARC
  8
APS_GEOMETRY
 10
1658.322
 20
-357.508
 40
5.831
 50
295.346
 51
308.603
  0
ARC
  8
APS_GEOMETRY
 10
1656.131
 20
-352.682
 40
11.131
 50
279.583
 51
294.905
  0
ARC
  8
APS_GEOMETRY
 10
1653.264
 20
-335.701
 40
28.353
 50
270.0
 51
279.583
  0
ARC
  8
APS_GEOMETRY
 10
1653.264
 20
-343.382
 40
20.672
 50
261.247
 51
270.0
  0
ARC
  8
APS_GEOMETRY
 10
1651.94
 20
-351.982
 40
11.97
 50
249.737
 51
261.247
  0
ARC
  8
APS_GEOMETRY
 10
1651.069
 20
-354.34
 40
9.457
 50
235.345
 51
249.737
  0
ARC
  8
APS_GEOMETRY
 10
1649.97
 20
-355.93
 40
7.524
 50
219.198
 51
235.345
  0
ARC
  8
APS_GEOMETRY
 10
1652.283
 20
-353.958
 40
10.563
 50
209.076
 51
219.56
  0
ARC
  8
APS_GEOMETRY
 10
1657.624
 20
-350.988
 40
16.674
 50
200.735
 51
209.076
  0
ARC
  8
APS_GEOMETRY
 10
1664.994
 20
-348.198
 40
24.554
 50
197.881
 51
200.735
  0
ARC
  8
APS_GEOMETRY
 10
1695.275
 20
-338.429
 40
56.372
 50
195.997
 51
197.881
  0
ARC
  8
APS_GEOMETRY
 10
1717.657
 20
-332.012
 40
79.656
 50
194.664
 51
195.997
  0
ARC
  8
APS_GEOMETRY
 10
1779.652
 20
-315.789
 40
143.738
 50
193.671
 51
194.664
  0
ARC
  8
APS_GEOMETRY
 10
1622.442
 20
-354.01
 40
18.051
 50
13.61
 51
23.585
  0
ARC
  8
APS_GEOMETRY
 10
1634.261
 20
-348.85
 40
5.155
 50
23.585
 51
42.31
  0
ARC
  8
APS_GEOMETRY
 10
1635.333
 20
-347.874
 40
3.705
 50
42.31
 51
67.521
  0
ARC
  8
APS_GEOMETRY
 10
1634.485
 20
-349.924
 40
5.924
 50
67.521
 51
87.397
  0
LINE
  8
APS_GEOMETRY
 10
1632.89
 11
1632.53
 20
-327.328
 21
-334.948
  0
LINE
  8
APS_GEOMETRY
 10
1632.53
 11
1632.53
 20
-334.948
 21
-335.07
  0
LINE
  8
APS_GEOMETRY
 10
1632.53
 11
1632.53
 20
-335.07
 21
-335.242
  0
ARC
  8
APS_GEOMETRY
 10
1637.824
 20
-335.242
 40
5.294
 50
180.0
 51
192.339
  0
ARC
  8
APS_GEOMETRY
 10
1633.615
 20
-336.163
 40
0.986
 50
192.339
 51
221.186
  0
ARC
  8
APS_GEOMETRY
 10
1633.515
 20
-336.25
 40
0.852
 50
221.186
 51
253.872
  0
ARC
  8
APS_GEOMETRY
 10
1634.231
 20
-333.775
 40
3.429
 50
253.872
 51
270.0
  0
ARC
  8
APS_GEOMETRY
 10
1634.231
 20
-329.233
 40
7.971
 50
270.0
 51
289.569
  0
ARC
  8
APS_GEOMETRY
 10
1635.68
 20
-333.31
 40
3.644
 50
289.569
 51
318.681
  0
ARC
  8
APS_GEOMETRY
 10
1635.288
 20
-332.965
 40
4.166
 50
318.681
 51
344.628
  0
ARC
  8
APS_GEOMETRY
 10
1627.985
 20
-330.958
 40
11.74
 50
344.628
 51
0.0
  0
ARC
  8
APS_GEOMETRY
 10
1631.457
 20
-330.958
 40
8.268
 50
0.0
 51
35.369
  0
ARC
  8
APS_GEOMETRY
 10
1635.244
 20
-328.269
 40
3.623
 50
35.369
 51
90.0
  0
ARC
  8
APS_GEOMETRY
 10
1635.244
 20
-328.309
 40
3.663
 50
90.0
 51
108.435
  0
ARC
  8
APS_GEOMETRY
 10
1634.532
 20
-326.171
 40
1.409
 50
108.435
 51
138.366
  0
ARC
  8
APS_GEOMETRY
 10
1634.723
 20
-326.341
 40
1.665
 50
138.366
 51
164.291
  0
ARC
  8
APS_GEOMETRY
 10
1639.208
 20
-327.602
 40
6.324
 50
164.291
 51
177.51
  0
LINE
  8
APS_GEOMETRY
 10
1683.404
 11
1700.638
 20
-318.138
 21
-318.138
  0
ARC
  8
APS_GEOMETRY
 10
1699.767
 20
-293.443
 40
24.711
 50
272.021
 51
278.44
  0
ARC
  8
APS_GEOMETRY
 10
1700.739
 20
-299.998
 40
18.083
 50
278.44
 51
285.945
  0
ARC
  8
APS_GEOMETRY
 10
1708.057
 20
-326.195
 40
9.118
 50
98.584
 51
104.931
  0
ARC
  8
APS_GEOMETRY
 10
1707.441
 20
-322.115
 40
4.991
 50
90.0
 51
98.584
  0
ARC
  8
APS_GEOMETRY
 10
1707.441
 20
-320.876
 40
3.752
 50
52.871
 51
90.0
  0
ARC
  8
APS_GEOMETRY
 10
1702.352
 20
-327.597
 40
12.182
 50
32.518
 51
52.871
  0
ARC
  8
APS_GEOMETRY
 10
1698.321
 20
-330.167
 40
16.963
 50
17.209
 51
32.518
  0
ARC
  8
APS_GEOMETRY
 10
1701.681
 20
-329.126
 40
13.445
 50
360.0
 51
17.209
  0
ARC
  8
APS_GEOMETRY
 10
1708.409
 20
-329.126
 40
6.717
 50
337.348
 51
360.0
  0
ARC
  8
APS_GEOMETRY
 10
1711.108
 20
-330.253
 40
3.792
 50
307.042
 51
337.348
  0
ARC
  8
APS_GEOMETRY
 10
1710.639
 20
-329.608
 40
4.589
 50
287.186
 51
306.87
  0
ARC
  8
APS_GEOMETRY
 10
1710.22
 20
-328.254
 40
6.006
 50
270.0
 51
287.186
  0
ARC
  8
APS_GEOMETRY
 10
1710.22
 20
-328.867
 40
5.393
 50
252.221
 51
270.0
  0
ARC
  8
APS_GEOMETRY
 10
1709.969
 20
-329.65
 40
4.571
 50
232.896
 51
252.221
  0
ARC
  8
APS_GEOMETRY
 10
1710.94
 20
-328.367
 40
6.18
 50
218.3
 51
232.896
  0
ARC
  8
APS_GEOMETRY
 10
1718.52
 20
-322.381
 40
15.839
 50
209.197
 51
218.3
  0
ARC
  8
APS_GEOMETRY
 10
1679.966
 20
-343.269
 40
28.012
 50
28.025
 51
32.699
  0
ARC
  8
APS_GEOMETRY
 10
1700.122
 20
-330.329
 40
4.06
 50
32.699
 51
45.0
  0
ARC
  8
APS_GEOMETRY
 10
1701.497
 20
-328.955
 40
2.116
 50
45.0
 51
67.557
  0
ARC
  8
APS_GEOMETRY
 10
1701.489
 20
-328.974
 40
2.137
 50
67.557
 51
90.0
  0
ARC
  8
APS_GEOMETRY
 10
1701.489
 20
-328.806
 40
1.969
 50
90.0
 51
120.801
  0
ARC
  8
APS_GEOMETRY
 10
1701.422
 20
-328.694
 40
1.839
 50
120.801
 51
152.7
  0
ARC
  8
APS_GEOMETRY
 10
1702.881
 20
-329.447
 40
3.481
 50
152.7
 51
171.085
  0
ARC
  8
APS_GEOMETRY
 10
1713.97
 20
-331.187
 40
14.705
 50
171.085
 51
180.0
  0
LINE
  8
APS_GEOMETRY
 10
1699.265
 11
1699.265
 20
-331.187
 21
-349.501
  0
ARC
  8
APS_GEOMETRY
 10
1718.692
 20
-349.501
 40
19.427
 50
180.0
 51
188.194
  0
ARC
  8
APS_GEOMETRY
 10
1704.184
 20
-351.59
 40
4.77
 50
188.194
 51
204.775
  0
ARC
  8
APS_GEOMETRY
 10
1702.775
 20
-352.24
 40
3.218
 50
204.775
 51
228.576
  0
ARC
  8
APS_GEOMETRY
 10
1704.097
 20
-350.742
 40
5.216
 50
228.576
 51
247.218
  0
ARC
  8
APS_GEOMETRY
 10
1696.428
 20
-368.814
 40
14.416
 50
59.381
 51
66.93
  0
ARC
  8
APS_GEOMETRY
 10
1702.089
 20
-359.248
 40
3.301
 50
43.568
 51
59.381
  0
ARC
  8
APS_GEOMETRY
 10
1702.995
 20
-358.387
 40
2.051
 50
19.041
 51
43.568
  0
ARC
  8
APS_GEOMETRY
 10
1701.737
 20
-358.821
 40
3.382
 50
360.0
 51
19.041
  0
ARC
  8
APS_GEOMETRY
 10
1702.371
 20
-358.821
 40
2.747
 50
317.66
 51
360.0
  0
ARC
  8
APS_GEOMETRY
 10
1699.849
 20
-356.523
 40
6.16
 50
289.747
 51
317.66
  0
ARC
  8
APS_GEOMETRY
 10
1697.736
 20
-350.638
 40
12.412
 50
281.964
 51
289.747
  0
ARC
  8
APS_GEOMETRY
 10
1694.81
 20
-336.826
 40
26.531
 50
276.643
 51
281.964
  0
ARC
  8
APS_GEOMETRY
 10
1693.578
 20
-326.25
 40
37.178
 50
272.836
 51
276.643
  0
ARC
  8
APS_GEOMETRY
 10
1692.103
 20
-296.475
 40
66.99
 50
270.0
 51
272.836
  0
ARC
  8
APS_GEOMETRY
 10
1692.103
 20
-278.025
 40
85.44
 50
267.283
 51
270.0
  0
ARC
  8
APS_GEOMETRY
 10
1690.309
 20
-315.828
 40
47.595
 50
263.643
 51
267.283
  0
ARC
  8
APS_GEOMETRY
 10
1688.807
 20
-329.312
 40
34.027
 50
258.563
 51
263.643
  0
ARC
  8
APS_GEOMETRY
 10
1685.218
 20
-347.051
 40
15.929
 50
251.136
 51
258.563
  0
ARC
  8
APS_GEOMETRY
 10
1682.014
 20
-356.344
 40
6.099
 50
222.558
 51
251.395
  0
ARC
  8
APS_GEOMETRY
 10
1679.636
 20
-358.527
 40
2.871
 50
180.0
 51
222.558
  0
ARC
  8
APS_GEOMETRY
 10
1679.157
 20
-358.527
 40
2.392
 50
150.642
 51
180.0
  0
ARC
  8
APS_GEOMETRY
 10
1679.348
 20
-358.635
 40
2.612
 50
122.574
 51
150.642
  0
ARC
  8
APS_GEOMETRY
 10
1678.841
 20
-358.052
 40
1.851
 50
108.677
 51
119.055
  0
ARC
  8
APS_GEOMETRY
 10
1701.957
 20
-426.436
 40
74.036
 50
107.038
 51
108.677
  0
ARC
  8
APS_GEOMETRY
 10
1679.402
 20
-352.672
 40
3.099
 50
286.144
 51
308.66
  0
ARC
  8
APS_GEOMETRY
 10
1679.91
 20
-353.307
 40
2.287
 50
308.66
 51
334.933
  0
ARC
  8
APS_GEOMETRY
 10
1677.845
 20
-352.341
 40
4.566
 50
334.933
 51
348.829
  0
ARC
  8
APS_GEOMETRY
 10
1652.019
 20
-347.241
 40
30.891
 50
348.829
 51
354.161
  0
ARC
  8
APS_GEOMETRY
 10
1634.563
 20
-345.441
 40
48.439
 50
354.144
 51
355.66
  0
ARC
  8
APS_GEOMETRY
 10
1557.187
 20
-339.57
 40
126.038
 50
355.66
 51
356.6
  0
ARC
  8
APS_GEOMETRY
 10
1498.038
 20
-336.056
 40
185.291
 50
356.6
 51
357.24
  0
ARC
  8
APS_GEOMETRY
 10
1330.213
 20
-327.964
 40
353.311
 50
357.24
 51
357.703
  0
ARC
  8
APS_GEOMETRY
 10
1346.733
 20
-328.627
 40
336.777
 50
357.703
 51
358.674
  0
ARC
  8
APS_GEOMETRY
 10
1502.565
 20
-332.233
 40
180.903
 50
358.674
 51
0.0
  0
ARC
  8
APS_GEOMETRY
 10
1656.659
 20
-332.233
 40
26.81
 50
0.0
 51
6.242
  0
ARC
  8
APS_GEOMETRY
 10
1677.978
 20
-329.901
 40
5.364
 50
6.242
 51
20.225
  0
ARC
  8
APS_GEOMETRY
 10
1680.933
 20
-328.813
 40
2.215
 50
20.225
 51
50.44
  0
ARC
  8
APS_GEOMETRY
 10
1681.507
 20
-328.118
 40
1.314
 50
50.44
 51
90.0
  0
ARC
  8
APS_GEOMETRY
 10
1681.507
 20
-328.567
 40
1.762
 50
90.0
 51
126.747
  0
ARC
  8
APS_GEOMETRY
 10
1683.997
 20
-331.902
 40
5.924
 50
126.747
 51
146.547
  0
ARC
  8
APS_GEOMETRY
 10
1640.009
 20
-302.989
 40
46.715
 50
324.255
 51
326.701
  0
ARC
  8
APS_GEOMETRY
 10
1658.632
 20
-316.393
 40
23.77
 50
320.826
 51
324.255
  0
ARC
  8
APS_GEOMETRY
 10
1664.719
 20
-321.352
 40
15.918
 50
315.722
 51
320.826
  0
ARC
  8
APS_GEOMETRY
 10
1671.713
 20
-328.172
 40
6.149
 50
307.504
 51
315.722
  0
ARC
  8
APS_GEOMETRY
 10
1671.067
 20
-327.311
 40
7.226
 50
291.306
 51
307.405
  0
ARC
  8
APS_GEOMETRY
 10
1672.186
 20
-330.18
 40
4.146
 50
270.0
 51
291.306
  0
ARC
  8
APS_GEOMETRY
 10
1672.186
 20
-330.447
 40
3.879
 50
245.532
 51
270.0
  0
ARC
  8
APS_GEOMETRY
 10
1672.157
 20
-330.512
 40
3.808
 50
220.833
 51
245.532
  0
ARC
  8
APS_GEOMETRY
 10
1672.55
 20
-330.172
 40
4.328
 50
198.684
 51
220.833
  0
ARC
  8
APS_GEOMETRY
 10
1674.192
 20
-329.617
 40
6.06
 50
180.0
 51
198.684
  0
ARC
  8
APS_GEOMETRY
 10
1678.039
 20
-329.617
 40
9.908
 50
168.408
 51
180.0
  0
ARC
  8
APS_GEOMETRY
 10
1684.391
 20
-330.92
 40
16.393
 50
159.402
 51
168.408
  0
ARC
  8
APS_GEOMETRY
 10
1686.355
 20
-331.658
 40
18.49
 50
151.39
 51
159.402
  0
ARC
  8
APS_GEOMETRY
 10
1685.952
 20
-331.438
 40
18.032
 50
143.276
 51
151.39
  0
ARC
  8
APS_GEOMETRY
 10
1680.903
 20
-327.662
 40
11.726
 50
124.216
 51
143.31
  0
ARC
  8
APS_GEOMETRY
 10
1676.405
 20
-321.048
 40
3.728
 50
90.0
 51
124.216
  0
ARC
  8
APS_GEOMETRY
 10
1676.405
 20
-322.705
 40
5.384
 50
82.725
 51
90.0
  0
ARC
  8
APS_GEOMETRY
 10
1675.984
 20
-326.0
 40
8.707
 50
77.005
 51
82.725
  0
ARC
  8
APS_GEOMETRY
 10
1688.833
 20
-264.054
 40
54.561
 50
258.486
 51
260.378
  0
ARC
  8
APS_GEOMETRY
 10
1683.329
 20
-296.519
 40
21.633
 50
260.378
 51
263.382
  0
ARC
  8
APS_GEOMETRY
 10
1682.858
 20
-300.576
 40
17.548
 50
263.382
 51
267.084
  0
ARC
  8
APS_GEOMETRY
 10
1683.404
 20
-289.865
 40
28.273
 50
267.084
 51
270.0
  0
LINE
  8
APS_GEOMETRY
 10
1726.821
 11
1743.63
 20
-318.138
 21
-318.138
  0
ARC
  8
APS_GEOMETRY
 10
1743.63
 20
-106.418
 40
211.72
 50
270.0
 51
270.69
  0
ARC
  8
APS_GEOMETRY
 10
1744.824
 20
-205.475
 40
112.656
 50
270.69
 51
271.637
  0
ARC
  8
APS_GEOMETRY
 10
1745.829
 20
-240.668
 40
77.448
 50
271.637
 51
273.013
  0
ARC
  8
APS_GEOMETRY
 10
1748.28
 20
-287.231
 40
30.821
 50
273.013
 51
275.194
  0
ARC
  8
APS_GEOMETRY
 10
1748.887
 20
-293.912
 40
24.112
 50
275.194
 51
280.756
  0
ARC
  8
APS_GEOMETRY
 10
1749.002
 20
-294.514
 40
23.5
 50
280.756
 51
286.39
  0
ARC
  8
APS_GEOMETRY
 10
1757.615
 20
-323.998
 40
7.217
 50
100.305
 51
105.945
  0
ARC
  8
APS_GEOMETRY
 10
1756.712
 20
-319.029
 40
2.166
 50
90.0
 51
100.305
  0
ARC
  8
APS_GEOMETRY
 10
1756.712
 20
-319.802
 40
2.94
 50
58.946
 51
90.0
  0
ARC
  8
APS_GEOMETRY
 10
1755.587
 20
-321.669
 40
5.119
 50
35.538
 51
58.946
  0
ARC
  8
APS_GEOMETRY
 10
1751.199
 20
-324.898
 40
10.568
 50
16.699
 51
35.952
  0
ARC
  8
APS_GEOMETRY
 10
1747.897
 20
-325.889
 40
14.014
 50
360.0
 51
16.699
  0
ARC
  8
APS_GEOMETRY
 10
1754.048
 20
-325.889
 40
7.864
 50
344.982
 51
360.0
  0
ARC
  8
APS_GEOMETRY
 10
1757.822
 20
-326.901
 40
3.956
 50
323.746
 51
344.982
  0
ARC
  8
APS_GEOMETRY
 10
1758.661
 20
-327.517
 40
2.916
 50
296.114
 51
323.746
  0
ARC
  8
APS_GEOMETRY
 10
1758.51
 20
-327.209
 40
3.258
 50
270.0
 51
296.114
  0
ARC
  8
APS_GEOMETRY
 10
1758.51
 20
-326.383
 40
4.084
 50
255.311
 51
270.0
  0
ARC
  8
APS_GEOMETRY
 10
1757.964
 20
-328.466
 40
1.931
 50
233.881
 51
255.311
  0
ARC
  8
APS_GEOMETRY
 10
1758.539
 20
-327.678
 40
2.906
 50
219.289
 51
233.881
  0
ARC
  8
APS_GEOMETRY
 10
1770.069
 20
-318.245
 40
17.803
 50
213.408
 51
219.289
  0
ARC
  8
APS_GEOMETRY
 10
1748.468
 20
-332.473
 40
8.063
 50
33.294
 51
51.246
  0
ARC
  8
APS_GEOMETRY
 10
1749.566
 20
-331.105
 40
6.309
 50
51.246
 51
71.565
  0
ARC
  8
APS_GEOMETRY
 10
1748.84
 20
-333.283
 40
8.604
 50
71.565
 51
79.278
  0
ARC
  8
APS_GEOMETRY
 10
1746.512
 20
-345.578
 40
21.118
 50
79.278
 51
84.2
  0
ARC
  8
APS_GEOMETRY
 10
1745.519
 20
-355.357
 40
30.947
 50
84.2
 51
87.567
  0
ARC
  8
APS_GEOMETRY
 10
1744.317
 20
-383.635
 40
59.251
 50
87.567
 51
90.0
  0
ARC
  8
APS_GEOMETRY
 10
1744.317
 20
-341.04
 40
16.656
 50
90.0
 51
96.374
  0
ARC
  8
APS_GEOMETRY
 10
1743.212
 20
-331.144
 40
6.698
 50
96.374
 51
106.434
  0
ARC
  8
APS_GEOMETRY
 10
1742.426
 20
-328.48
 40
3.921
 50
106.434
 51
123.056
  0
ARC
  8
APS_GEOMETRY
 10
1741.199
 20
-326.596
 40
1.673
 50
123.056
 51
148.627
  0
ARC
  8
APS_GEOMETRY
 10
1742.32
 20
-327.231
 40
2.96
 50
149.421
 51
165.28
  0
ARC
  8
APS_GEOMETRY
 10
1745.548
 20
-328.079
 40
6.298
 50
165.28
 51
176.135
  0
ARC
  8
APS_GEOMETRY
 10
1754.791
 20
-328.704
 40
15.562
 50
176.135
 51
178.367
  0
ARC
  8
APS_GEOMETRY
 10
1840.297
 20
-331.142
 40
101.103
 50
178.367
 51
179.242
  0
ARC
  8
APS_GEOMETRY
 10
1928.665
 20
-332.311
 40
189.479
 50
179.242
 51
179.709
  0
ARC
  8
APS_GEOMETRY
 10
2229.314
 20
-333.836
 40
490.132
 50
179.709
 51
180.0
  0
ARC
  8
APS_GEOMETRY
 10
1746.274
 20
-333.836
 40
7.091
 50
180.0
 51
195.027
  0
ARC
  8
APS_GEOMETRY
 10
1740.474
 20
-335.392
 40
1.086
 50
195.027
 51
234.058
  0
ARC
  8
APS_GEOMETRY
 10
1740.531
 20
-335.315
 40
1.183
 50
234.058
 51
253.191
  0
ARC
  8
APS_GEOMETRY
 10
1741.768
 20
-331.219
 40
5.461
 50
253.191
 51
262.063
  0
ARC
  8
APS_GEOMETRY
 10
1742.402
 20
-326.674
 40
10.05
 50
262.063
 51
266.949
  0
ARC
  8
APS_GEOMETRY
 10
1743.238
 20
-310.991
 40
25.755
 50
266.949
 51
270.0
  0
ARC
  8
APS_GEOMETRY
 10
1743.238
 20
-332.024
 40
4.722
 50
270.0
 51
286.007
  0
ARC
  8
APS_GEOMETRY
 10
1744.064
 20
-334.905
 40
1.725
 50
286.007
 51
312.647
  0
ARC
  8
APS_GEOMETRY
 10
1744.047
 20
-334.887
 40
1.75
 50
312.647
 51
338.993
  0
ARC
  8
APS_GEOMETRY
 10
1740.472
 20
-333.514
 40
5.58
 50
338.993
 51
353.66
  0
ARC
  8
APS_GEOMETRY
 10
1777.391
 20
-337.916
 40
31.601
 50
169.663
 51
173.118
  0
ARC
  8
APS_GEOMETRY
 10
1751.002
 20
-333.103
 40
4.776
 50
160.769
 51
169.663
  0
ARC
  8
APS_GEOMETRY
 10
1748.794
 20
-332.333
 40
2.439
 50
143.746
 51
160.769
  0
ARC
  8
APS_GEOMETRY
 10
1749.328
 20
-332.724
 40
3.1
 50
128.66
 51
143.746
  0
ARC
  8
APS_GEOMETRY
 10
1748.972
 20
-332.148
 40
2.429
 50
110.171
 51
130.601
  0
ARC
  8
APS_GEOMETRY
 10
1748.994
 20
-332.207
 40
2.492
 50
90.0
 51
110.171
  0
ARC
  8
APS_GEOMETRY
 10
1748.994
 20
-332.242
 40
2.527
 50
61.22
 51
90.0
  0
ARC
  8
APS_GEOMETRY
 10
1748.553
 20
-333.045
 40
3.443
 50
36.634
 51
61.22
  0
ARC
  8
APS_GEOMETRY
 10
1748.139
 20
-333.291
 40
3.923
 50
19.103
 51
35.91
  0
ARC
  8
APS_GEOMETRY
 10
1735.343
 20
-337.723
 40
17.463
 50
11.16
 51
19.103
  0
ARC
  8
APS_GEOMETRY
 10
1728.658
 20
-339.041
 40
24.277
 50
5.396
 51
11.16
  0
ARC
  8
APS_GEOMETRY
 10
1725.259
 20
-339.363
 40
27.692
 50
0.0
 51
5.396
  0
ARC
  8
APS_GEOMETRY
 10
1725.74
 20
-339.363
 40
27.21
 50
349.287
 51
0.0
  0
ARC
  8
APS_GEOMETRY
 10
1739.098
 20
-341.89
 40
13.615
 50
334.12
 51
349.287
  0
ARC
  8
APS_GEOMETRY
 10
1748.3
 20
-346.336
 40
3.396
 50
303.53
 51
333.853
  0
ARC
  8
APS_GEOMETRY
 10
1748.634
 20
-346.84
 40
2.791
 50
270.0
 51
303.53
  0
ARC
  8
APS_GEOMETRY
 10
1748.634
 20
-346.709
 40
2.922
 50
249.578
 51
270.0
  0
ARC
  8
APS_GEOMETRY
 10
1748.012
 20
-348.379
 40
1.14
 50
216.607
 51
249.578
  0
ARC
  8
APS_GEOMETRY
 10
1748.607
 20
-347.938
 40
1.881
 50
195.422
 51
216.607
  0
ARC
  8
APS_GEOMETRY
 10
1758.869
 20
-345.107
 40
12.526
 50
187.253
 51
195.422
  0
ARC
  8
APS_GEOMETRY
 10
1742.296
 20
-347.239
 40
4.183
 50
7.561
 51
49.434
  0
ARC
  8
APS_GEOMETRY
 10
1742.126
 20
-347.437
 40
4.445
 50
49.434
 51
90.0
  0
ARC
  8
APS_GEOMETRY
 10
1742.126
 20
-345.983
 40
2.991
 50
90.0
 51
115.224
  0
ARC
  8
APS_GEOMETRY
 10
1741.534
 20
-344.728
 40
1.603
 50
115.224
 51
149.931
  0
ARC
  8
APS_GEOMETRY
 10
1742.604
 20
-345.347
 40
2.838
 50
149.931
 51
171.111
  0
ARC
  8
APS_GEOMETRY
 10
1755.571
 20
-347.375
 40
15.963
 50
171.111
 51
180.0
  0
ARC
  8
APS_GEOMETRY
 10
1768.347
 20
-347.375
 40
28.739
 50
180.0
 51
183.062
  0
ARC
  8
APS_GEOMETRY
 10
1812.334
 20
-345.022
 40
72.789
 50
183.062
 51
184.986
  0
ARC
  8
APS_GEOMETRY
 10
1789.262
 20
-347.035
 40
49.629
 50
184.986
 51
187.804
  0
ARC
  8
APS_GEOMETRY
 10
1745.561
 20
-353.024
 40
5.52
 50
187.804
 51
196.26
  0
ARC
  8
APS_GEOMETRY
 10
1741.707
 20
-354.184
 40
1.496
 50
194.931
 51
230.024
  0
ARC
  8
APS_GEOMETRY
 10
1742.688
 20
-353.014
 40
3.022
 50
230.024
 51
254.511
  0
ARC
  8
APS_GEOMETRY
 10
1743.879
 20
-348.714
 40
7.485
 50
254.511
 51
265.219
  0
ARC
  8
APS_GEOMETRY
 10
1746.377
 20
-318.847
 40
37.456
 50
265.219
 51
270.0
  0
ARC
  8
APS_GEOMETRY
 10
1746.377
 20
-322.806
 40
33.497
 50
270.0
 51
274.186
  0
ARC
  8
APS_GEOMETRY
 10
1747.396
 20
-336.723
 40
19.543
 50
274.186
 51
279.668
  0
ARC
  8
APS_GEOMETRY
 10
1748.232
 20
-341.631
 40
14.564
 50
279.668
 51
286.991
  0
ARC
  8
APS_GEOMETRY
 10
1750.145
 20
-347.891
 40
8.018
 50
286.991
 51
296.866
  0
ARC
  8
APS_GEOMETRY
 10
1750.542
 20
-348.675
 40
7.139
 50
296.866
 51
318.366
  0
ARC
  8
APS_GEOMETRY
 10
1746.543
 20
-345.121
 40
12.489
 50
318.366
 51
334.581
  0
ARC
  8
APS_GEOMETRY
 10
1772.873
 20
-357.747
 40
16.711
 50
147.08
 51
154.231
  0
ARC
  8
APS_GEOMETRY
 10
1761.866
 20
-350.621
 40
3.599
 50
131.634
 51
147.08
  0
ARC
  8
APS_GEOMETRY
 10
1761.046
 20
-349.698
 40
2.364
 50
108.875
 51
131.634
  0
ARC
  8
APS_GEOMETRY
 10
1761.388
 20
-350.7
 40
3.423
 50
90.0
 51
108.875
  0
ARC
  8
APS_GEOMETRY
 10
1761.388
 20
-350.004
 40
2.727
 50
62.628
 51
90.0
  0
ARC
  8
APS_GEOMETRY
 10
1761.216
 20
-350.338
 40
3.103
 50
36.995
 51
62.628
  0
ARC
  8
APS_GEOMETRY
 10
1760.442
 20
-350.92
 40
4.071
 50
16.728
 51
36.995
  0
ARC
  8
APS_GEOMETRY
 10
1758.637
 20
-351.463
 40
5.956
 50
360.0
 51
16.728
  0
ARC
  8
APS_GEOMETRY
 10
1755.061
 20
-351.463
 40
9.532
 50
348.323
 51
360.0
  0
ARC
  8
APS_GEOMETRY
 10
1740.752
 20
-348.506
 40
24.143
 50
340.994
 51
348.323
  0
ARC
  8
APS_GEOMETRY
 10
1737.358
 20
-347.337
 40
27.733
 50
334.592
 51
340.994
  0
ARC
  8
APS_GEOMETRY
 10
1743.282
 20
-350.15
 40
21.175
 50
327.265
 51
334.592
  0
ARC
  8
APS_GEOMETRY
 10
1750.162
 20
-354.206
 40
13.198
 50
320.133
 51
325.923
  0
ARC
  8
APS_GEOMETRY
 10
1758.165
 20
-360.89
 40
2.771
 50
307.476
 51
320.133
  0
ARC
  8
APS_GEOMETRY
 10
1758.866
 20
-361.804
 40
1.619
 50
286.429
 51
307.476
  0
ARC
  8
APS_GEOMETRY
 10
1758.576
 20
-360.819
 40
2.646
 50
270.0
 51
286.429
  0
ARC
  8
APS_GEOMETRY
 10
1758.576
 20
-357.761
 40
5.704
 50
263.774
 51
270.0
  0
ARC
  8
APS_GEOMETRY
 10
1760.245
 20
-342.464
 40
21.092
 50
260.538
 51
263.774
  0
ARC
  8
APS_GEOMETRY
 10
1752.776
 20
-384.61
 40
21.713
 50
79.38
 51
84.987
  0
ARC
  8
APS_GEOMETRY
 10
1749.538
 20
-421.521
 40
58.766
 50
84.987
 51
88.394
  0
LINE
  8
APS_GEOMETRY
 10
1751.185
 11
1723.452
 20
-362.778
 21
-362.778
  0
ARC
  8
APS_GEOMETRY
 10
1723.452
 20
-356.974
 40
5.804
 50
254.103
 51
270.0
  0
ARC
  8
APS_GEOMETRY
 10
1722.635
 20
-359.844
 40
2.82
 50
231.216
 51
254.103
  0
ARC
  8
APS_GEOMETRY
 10
1722.299
 20
-360.262
 40
2.284
 50
203.795
 51
231.216
  0
ARC
  8
APS_GEOMETRY
 10
1722.972
 20
-359.966
 40
3.019
 50
180.0
 51
203.795
  0
ARC
  8
APS_GEOMETRY
 10
1723.226
 20
-359.966
 40
3.273
 50
164.055
 51
180.0
  0
ARC
  8
APS_GEOMETRY
 10
1721.209
 20
-359.389
 40
1.175
 50
137.291
 51
164.055
  0
ARC
  8
APS_GEOMETRY
 10
1721.816
 20
-359.95
 40
2.001
 50
120.964
 51
137.291
  0
ARC
  8
APS_GEOMETRY
 10
1728.317
 20
-370.784
 40
14.637
 50
114.944
 51
120.964
  0
ARC
  8
APS_GEOMETRY
 10
1720.202
 20
-353.03
 40
4.886
 50
293.429
 51
305.72
  0
ARC
  8
APS_GEOMETRY
 10
1721.545
 20
-354.899
 40
2.584
 50
305.72
 51
322.651
  0
ARC
  8
APS_GEOMETRY
 10
1721.337
 20
-354.74
 40
2.846
 50
322.651
 51
338.11
  0
ARC
  8
APS_GEOMETRY
 10
1717.279
 20
-353.109
 40
7.219
 50
338.11
 51
347.8
  0
ARC
  8
APS_GEOMETRY
 10
1692.079
 20
-347.586
 40
33.018
 50
347.672
 51
352.051
  0
ARC
  8
APS_GEOMETRY
 10
1667.686
 20
-344.18
 40
57.647
 50
352.051
 51
355.365
  0
ARC
  8
APS_GEOMETRY
 10
1651.259
 20
-342.848
 40
74.128
 50
355.365
 51
357.943
  0
ARC
  8
APS_GEOMETRY
 10
1608.849
 20
-341.325
 40
116.566
 50
357.943
 51
0.0
  0
ARC
  8
APS_GEOMETRY
 10
1559.897
 20
-341.325
 40
165.518
 50
0.0
 51
2.183
  0
ARC
  8
APS_GEOMETRY
 10
1658.872
 20
-337.551
 40
66.471
 50
2.183
 51
5.629
  0
ARC
  8
APS_GEOMETRY
 10
1688.356
 20
-334.645
 40
36.844
 50
5.629
 51
11.805
  0
ARC
  8
APS_GEOMETRY
 10
1716.972
 20
-328.665
 40
7.61
 50
11.805
 51
25.419
  0
ARC
  8
APS_GEOMETRY
 10
1720.675
 20
-326.983
 40
3.544
 50
26.565
 51
38.157
  0
ARC
  8
APS_GEOMETRY
 10
1722.32
 20
-325.691
 40
1.452
 50
38.157
 51
56.31
  0
ARC
  8
APS_GEOMETRY
 10
1721.972
 20
-326.212
 40
2.079
 50
56.31
 51
69.193
  0
ARC
  8
APS_GEOMETRY
 10
1717.092
 20
-339.054
 40
15.817
 50
69.193
 51
73.856
  0
ARC
  8
APS_GEOMETRY
 10
1722.24
 20
-321.347
 40
2.623
 50
216.87
 51
253.393
  0
ARC
  8
APS_GEOMETRY
 10
1722.202
 20
-321.376
 40
2.576
 50
180.0
 51
216.87
  0
ARC
  8
APS_GEOMETRY
 10
1722.764
 20
-321.376
 40
3.138
 50
161.565
 51
180.0
  0
ARC
  8
APS_GEOMETRY
 10
1722.65
 20
-321.338
 40
3.018
 50
142.765
 51
161.565
  0
ARC
  8
APS_GEOMETRY
 10
1722.578
 20
-321.283
 40
2.928
 50
123.425
 51
142.765
  0
ARC
  8
APS_GEOMETRY
 10
1722.644
 20
-321.382
 40
3.047
 50
104.47
 51
123.425
  0
ARC
  8
APS_GEOMETRY
 10
1723.224
 20
-324.245
 40
5.965
 50
96.724
 51
102.995
  0
ARC
  8
APS_GEOMETRY
 10
1725.025
 20
-339.52
 40
21.346
 50
93.411
 51
96.724
  0
ARC
  8
APS_GEOMETRY
 10
1725.825
 20
-352.941
 40
34.791
 50
91.375
 51
93.411
  0
ARC
  8
APS_GEOMETRY
 10
1726.821
 20
-394.441
 40
76.303
 50
90.0
 51
91.375
  0
LINE
  8
QUOTATURA
 10
2452.261
 11
2448.927
 20
1269.167
 21
1249.167
  0
LINE
  8
QUOTATURA
 10
2448.927
 11
2445.593
 20
1249.167
 21
1269.167
  0
LINE
  8
QUOTATURA
 10
2445.593
 11
2452.261
 20
1269.167
 21
1269.167
  0
LINE
  8
QUOTATURA
 10
2448.927
 11
2448.927
 20
1249.167
 21
1291.296
  0
LINE
  8
QUOTATURA
 10
2448.927
 11
2409.669
 20
1291.296
 21
1291.296
  0
LINE
  8
COSTRUZIONI
 10
1463.096
 11
1463.096
 20
-60.76
 21
-178.76
  0
LINE
  8
COSTRUZIONI
 10
1443.096
 11
1443.096
 20
-60.76
 21
-178.76
  0
LINE
  8
COSTRUZIONI
 10
1463.096
 11
1328.052
 20
-60.76
 21
-60.76
  0
LINE
  8
COSTRUZIONI
 10
1463.096
 11
1328.052
 20
-178.76
 21
-178.76
  0
LINE
  8
COSTRUZIONI
 10
1443.096
 11
1463.096
 20
-178.76
 21
-60.76
  0
LINE
  8
COSTRUZIONI
 10
1443.096
 11
1463.096
 20
-60.76
 21
-178.76
  0
LINE
  8
COSTRUZIONI
 10
2346.096
 11
2346.096
 20
-60.76
 21
-178.76
  0
LINE
  8
COSTRUZIONI
 10
2366.096
 11
2366.096
 20
-60.76
 21
-178.76
  0
LINE
  8
COSTRUZIONI
 10
2346.096
 11
2481.139
 20
-60.76
 21
-60.76
  0
LINE
  8
COSTRUZIONI
 10
2346.096
 11
2481.139
 20
-178.76
 21
-178.76
  0
LINE
  8
COSTRUZIONI
 10
2366.096
 11
2346.096
 20
-178.76
 21
-60.76
  0
LINE
  8
COSTRUZIONI
 10
2366.096
 11
2346.096
 20
-60.76
 21
-178.76
  0
LINE
  8
QUOTATURA
 10
1508.596
 11
1776.677
 20
-152.871
 21
-152.871
  0
LINE
  8
QUOTATURA
 10
2032.514
 11
2300.596
 20
-152.871
 21
-152.871
  0
LINE
  8
QUOTATURA
 10
1528.596
 11
1508.596
 20
-156.205
 21
-152.871
  0
LINE
  8
QUOTATURA
 10
1508.596
 11
1528.596
 20
-152.871
 21
-149.537
  0
LINE
  8
QUOTATURA
 10
1528.596
 11
1528.596
 20
-149.537
 21
-156.205
  0
LINE
  8
QUOTATURA
 10
2280.596
 11
2300.596
 20
-149.537
 21
-152.871
  0
LINE
  8
QUOTATURA
 10
2300.596
 11
2280.596
 20
-152.871
 21
-156.205
  0
LINE
  8
QUOTATURA
 10
2280.596
 11
2280.596
 20
-156.205
 21
-149.537
  0
LINE
  8
QUOTATURA
 10
1464.596
 11
1464.596
 20
-198.76
 21
-231.395
  0
LINE
  8
QUOTATURA
 10
2344.596
 11
2344.596
 20
-198.76
 21
-231.395
  0
LINE
  8
QUOTATURA
 10
1464.596
 11
1773.8
 20
-221.395
 21
-221.395
  0
LINE
  8
QUOTATURA
 10
2035.391
 11
2344.596
 20
-221.395
 21
-221.395
  0
LINE
  8
QUOTATURA
 10
1484.596
 11
1464.596
 20
-224.729
 21
-221.395
  0
LINE
  8
QUOTATURA
 10
1464.596
 11
1484.596
 20
-221.395
 21
-218.061
  0
LINE
  8
QUOTATURA
 10
1484.596
 11
1484.596
 20
-218.061
 21
-224.729
  0
LINE
  8
QUOTATURA
 10
2324.596
 11
2344.596
 20
-218.061
 21
-221.395
  0
LINE
  8
QUOTATURA
 10
2344.596
 11
2324.596
 20
-221.395
 21
-224.729
  0
LINE
  8
QUOTATURA
 10
2324.596
 11
2324.596
 20
-224.729
 21
-218.061
  0
LINE
  8
QUOTATURA
 10
1501.096
 11
1501.096
 20
-40.76
 21
7.491
  0
LINE
  8
QUOTATURA
 10
2308.096
 11
2308.096
 20
-40.76
 21
7.491
  0
LINE
  8
QUOTATURA
 10
1501.096
 11
1827.7
 20
-2.509
 21
-2.509
  0
LINE
  8
QUOTATURA
 10
1981.491
 11
2308.096
 20
-2.509
 21
-2.509
  0
LINE
  8
QUOTATURA
 10
1521.096
 11
1501.096
 20
-5.843
 21
-2.509
  0
LINE
  8
QUOTATURA
 10
1501.096
 11
1521.096
 20
-2.509
 21
0.825
  0
LINE
  8
QUOTATURA
 10
1521.096
 11
1521.096
 20
0.825
 21
-5.843
  0
LINE
  8
QUOTATURA
 10
2288.096
 11
2308.096
 20
0.825
 21
-2.509
  0
LINE
  8
QUOTATURA
 10
2308.096
 11
2288.096
 20
-2.509
 21
-5.843
  0
LINE
  8
QUOTATURA
 10
2288.096
 11
2288.096
 20
-5.843
 21
0.825
  0
LINE
  8
APS_GEOMETRY
 10
1498.096
 11
1498.096
 20
-80.26
 21
-53.76
  0
ARC
  8
APS_GEOMETRY
 10
1495.096
 20
-53.76
 40
3.0
 50
0.0
 51
90.0
  0
LINE
  8
APS_GEOMETRY
 10
1495.096
 11
1476.096
 20
-50.76
 21
-50.76
  0
ARC
  8
APS_GEOMETRY
 10
1476.096
 20
-53.76
 40
3.0
 50
90.0
 51
180.0
  0
LINE
  8
APS_GEOMETRY
 10
1473.096
 11
1473.096
 20
-53.76
 21
-74.76
  0
LINE
  8
APS_GEOMETRY
 10
1473.096
 11
1468.596
 20
-74.76
 21
-74.76
  0
LINE
  8
APS_GEOMETRY
 10
1468.596
 11
1468.596
 20
-74.76
 21
-60.76
  0
LINE
  8
APS_GEOMETRY
 10
1468.596
 11
1464.596
 20
-60.76
 21
-60.76
  0
LINE
  8
APS_GEOMETRY
 10
1464.596
 11
1464.596
 20
-60.76
 21
-178.76
  0
LINE
  8
APS_GEOMETRY
 10
1464.596
 11
1471.096
 20
-178.76
 21
-178.76
  0
LINE
  8
APS_GEOMETRY
 10
1471.096
 11
1471.096
 20
-178.76
 21
-164.76
  0
LINE
  8
APS_GEOMETRY
 10
1471.096
 11
1475.596
 20
-164.76
 21
-164.76
  0
LINE
  8
APS_GEOMETRY
 10
1475.596
 11
1475.596
 20
-164.76
 21
-185.76
  0
ARC
  8
APS_GEOMETRY
 10
1478.596
 20
-185.76
 40
3.0
 50
180.0
 51
270.0
  0
LINE
  8
APS_GEOMETRY
 10
1478.596
 11
1505.596
 20
-188.76
 21
-188.76
  0
ARC
  8
APS_GEOMETRY
 10
1505.596
 20
-185.76
 40
3.0
 50
270.0
 51
0.0
  0
LINE
  8
APS_GEOMETRY
 10
1508.596
 11
1508.596
 20
-185.76
 21
-84.76
  0
LINE
  8
COSTRUZIONI
 10
1177.096
 11
1177.096
 20
2598.268
 21
2580.568
  0
LINE
  8
COSTRUZIONI
 10
1177.096
 11
1173.596
 20
2580.568
 21
2580.568
  0
LINE
  8
COSTRUZIONI
 10
1173.596
 11
1173.596
 20
2580.568
 21
2598.268
  0
LINE
  8
COSTRUZIONI
 10
1173.596
 11
1177.096
 20
2598.268
 21
2598.268
  0
LINE
  8
APS_GEOMETRY
 10
1199.596
 11
1199.596
 20
2678.568
 21
2624.068
  0
LINE
  8
APS_GEOMETRY
 10
1199.596
 11
1196.596
 20
2624.068
 21
2624.068
  0
LINE
  8
APS_GEOMETRY
 10
1196.596
 11
1196.596
 20
2624.068
 21
2619.568
  0
LINE
  8
APS_GEOMETRY
 10
1196.596
 11
1186.096
 20
2619.568
 21
2619.568
  0
LINE
  8
APS_GEOMETRY
 10
1186.096
 11
1184.596
 20
2619.568
 21
2618.068
  0
LINE
  8
APS_GEOMETRY
 10
1184.596
 11
1184.596
 20
2618.068
 21
2615.568
  0
LINE
  8
APS_GEOMETRY
 10
1184.596
 11
1202.596
 20
2615.568
 21
2615.568
  0
ARC
  8
APS_GEOMETRY
 10
1202.596
 20
2619.568
 40
4.0
 50
270.0
 51
360.0
  0
LINE
  8
APS_GEOMETRY
 10
1206.596
 11
1206.596
 20
2619.568
 21
2680.568
  0
ARC
  8
APS_GEOMETRY
 10
1202.596
 20
2680.568
 40
4.0
 50
360.0
 51
90.0
  0
LINE
  8
APS_GEOMETRY
 10
1202.596
 11
1196.596
 20
2684.568
 21
2684.568
  0
LINE
  8
APS_GEOMETRY
 10
1196.596
 11
1196.596
 20
2684.568
 21
2678.568
  0
LINE
  8
APS_GEOMETRY
 10
1196.596
 11
1199.596
 20
2678.568
 21
2678.568
  0
LINE
  8
APS_GEOMETRY
 10
1075.596
 11
1075.596
 20
2676.568
 21
2622.068
  0
LINE
  8
APS_GEOMETRY
 10
1075.596
 11
1078.596
 20
2622.068
 21
2622.068
  0
LINE
  8
APS_GEOMETRY
 10
1078.596
 11
1078.596
 20
2622.068
 21
2617.568
  0
LINE
  8
APS_GEOMETRY
 10
1078.596
 11
1089.096
 20
2617.568
 21
2617.568
  0
LINE
  8
APS_GEOMETRY
 10
1089.096
 11
1090.596
 20
2617.568
 21
2616.068
  0
LINE
  8
APS_GEOMETRY
 10
1090.596
 11
1090.596
 20
2616.068
 21
2613.568
  0
LINE
  8
APS_GEOMETRY
 10
1090.596
 11
1072.596
 20
2613.568
 21
2613.568
  0
ARC
  8
APS_GEOMETRY
 10
1072.596
 20
2617.568
 40
4.0
 50
180.0
 51
270.0
  0
LINE
  8
APS_GEOMETRY
 10
1068.596
 11
1068.596
 20
2617.568
 21
2678.568
  0
ARC
  8
APS_GEOMETRY
 10
1072.596
 20
2678.568
 40
4.0
 50
90.0
 51
180.0
  0
LINE
  8
APS_GEOMETRY
 10
1072.596
 11
1078.596
 20
2682.568
 21
2682.568
  0
LINE
  8
APS_GEOMETRY
 10
1078.596
 11
1078.596
 20
2682.568
 21
2676.568
  0
LINE
  8
APS_GEOMETRY
 10
1078.596
 11
1075.596
 20
2676.568
 21
2676.568
  0
LINE
  8
APS_GEOMETRY
 10
1161.596
 11
1161.596
 20
2574.568
 21
2507.568
  0
LINE
  8
APS_GEOMETRY
 10
1161.596
 11
1161.596
 20
2207.568
 21
2184.068
  0
LINE
  8
APS_GEOMETRY
 10
1161.596
 11
1161.596
 20
2184.068
 21
2142.568
  0
LINE
  8
APS_GEOMETRY
 10
1161.596
 11
1161.596
 20
1073.568
 21
1008.568
  0
LINE
  8
APS_GEOMETRY
 10
1161.596
 11
1161.596
 20
568.568
 21
491.568
  0
ARC
  8
APS_GEOMETRY
 10
1164.596
 20
491.568
 40
3.0
 50
180.0
 51
270.0
  0
LINE
  8
APS_GEOMETRY
 10
1164.596
 11
1203.596
 20
488.568
 21
488.568
  0
ARC
  8
APS_GEOMETRY
 10
1203.596
 20
491.568
 40
3.0
 50
270.0
 51
360.0
  0
LINE
  8
APS_GEOMETRY
 10
1206.596
 11
1206.596
 20
491.568
 21
568.568
  0
LINE
  8
APS_GEOMETRY
 10
1206.596
 11
1206.596
 20
1008.568
 21
1073.568
  0
LINE
  8
APS_GEOMETRY
 10
1206.596
 11
1206.596
 20
2142.568
 21
2184.068
  0
LINE
  8
APS_GEOMETRY
 10
1206.596
 11
1206.596
 20
2184.068
 21
2207.568
  0
LINE
  8
APS_GEOMETRY
 10
1206.596
 11
1206.596
 20
2507.568
 21
2584.568
  0
ARC
  8
APS_GEOMETRY
 10
1203.596
 20
2584.568
 40
3.0
 50
360.0
 51
90.0
  0
LINE
  8
APS_GEOMETRY
 10
1203.596
 11
1178.096
 20
2587.568
 21
2587.568
  0
ARC
  8
APS_GEOMETRY
 10
1178.096
 20
2586.068
 40
1.5
 50
90.0
 51
180.0
  0
LINE
  8
APS_GEOMETRY
 10
1176.596
 11
1176.596
 20
2586.068
 21
2577.568
  0
LINE
  8
APS_GEOMETRY
 10
1176.596
 11
1164.596
 20
2577.568
 21
2577.568
  0
ARC
  8
APS_GEOMETRY
 10
1164.596
 20
2574.568
 40
3.0
 50
90.0
 51
180.0
  0
LINE
  8
COSTRUZIONI
 10
1196.596
 11
1078.596
 20
2625.568
 21
2625.568
  0
LINE
  8
COSTRUZIONI
 10
1196.596
 11
1078.596
 20
2645.568
 21
2645.568
  0
LINE
  8
COSTRUZIONI
 10
1196.596
 11
1196.596
 20
2625.568
 21
2760.611
  0
LINE
  8
COSTRUZIONI
 10
1078.596
 11
1078.596
 20
2625.568
 21
2760.611
  0
LINE
  8
COSTRUZIONI
 10
1078.596
 11
1196.596
 20
2645.568
 21
2625.568
  0
LINE
  8
COSTRUZIONI
 10
1196.596
 11
1078.596
 20
2645.568
 21
2625.568
  0
LINE
  8
APS_GEOMETRY
 10
1177.096
 11
1203.596
 20
2590.568
 21
2590.568
  0
ARC
  8
APS_GEOMETRY
 10
1203.596
 20
2593.568
 40
3.0
 50
270.0
 51
360.0
  0
LINE
  8
APS_GEOMETRY
 10
1206.596
 11
1206.596
 20
2593.568
 21
2612.568
  0
ARC
  8
APS_GEOMETRY
 10
1203.596
 20
2612.568
 40
3.0
 50
360.0
 51
90.0
  0
LINE
  8
APS_GEOMETRY
 10
1203.596
 11
1182.596
 20
2615.568
 21
2615.568
  0
LINE
  8
APS_GEOMETRY
 10
1182.596
 11
1182.596
 20
2615.568
 21
2620.068
  0
LINE
  8
APS_GEOMETRY
 10
1182.596
 11
1196.596
 20
2620.068
 21
2620.068
  0
LINE
  8
APS_GEOMETRY
 10
1196.596
 11
1196.596
 20
2620.068
 21
2624.068
  0
LINE
  8
APS_GEOMETRY
 10
1196.596
 11
1078.596
 20
2624.068
 21
2624.068
  0
LINE
  8
APS_GEOMETRY
 10
1078.596
 11
1078.596
 20
2624.068
 21
2617.568
  0
LINE
  8
APS_GEOMETRY
 10
1078.596
 11
1092.596
 20
2617.568
 21
2617.568
  0
LINE
  8
APS_GEOMETRY
 10
1092.596
 11
1092.596
 20
2617.568
 21
2613.068
  0
LINE
  8
APS_GEOMETRY
 10
1092.596
 11
1071.596
 20
2613.068
 21
2613.068
  0
ARC
  8
APS_GEOMETRY
 10
1071.596
 20
2610.068
 40
3.0
 50
90.0
 51
180.0
  0
LINE
  8
APS_GEOMETRY
 10
1068.596
 11
1068.596
 20
2610.068
 21
2583.068
  0
ARC
  8
APS_GEOMETRY
 10
1071.596
 20
2583.068
 40
3.0
 50
180.0
 51
270.0
  0
LINE
  8
APS_GEOMETRY
 10
1071.596
 11
1172.596
 20
2580.068
 21
2580.068
  0
LINE
  8
APS_GEOMETRY
 10
1064.596
 11
1303.596
 20
484.068
 21
484.068
  0
LINE
  8
QUOTATURA
 10
1898.772
 11
1918.772
 20
455.732
 21
452.398
  0
LINE
  8
QUOTATURA
 10
1918.772
 11
1898.772
 20
452.398
 21
449.064
  0
LINE
  8
QUOTATURA
 10
1898.772
 11
1898.772
 20
449.064
 21
455.732
  0
LINE
  8
QUOTATURA
 10
1918.772
 11
1877.846
 20
452.398
 21
452.398
  0
LINE
  8
QUOTATURA
 10
1877.846
 11
1877.846
 20
452.398
 21
479.999
  0
LINE
  8
QUOTATURA
 10
1151.596
 11
1107.266
 20
2587.568
 21
2587.568
  0
LINE
  8
QUOTATURA
 10
1151.596
 11
1107.266
 20
488.568
 21
488.568
  0
LINE
  8
QUOTATURA
 10
1117.266
 11
1117.266
 20
2587.568
 21
1623.047
  0
LINE
  8
QUOTATURA
 10
1117.266
 11
1117.266
 20
1453.089
 21
488.568
  0
LINE
  8
QUOTATURA
 10
1113.932
 11
1117.266
 20
2567.568
 21
2587.568
  0
LINE
  8
QUOTATURA
 10
1117.266
 11
1120.6
 20
2587.568
 21
2567.568
  0
LINE
  8
QUOTATURA
 10
1120.6
 11
1113.932
 20
2567.568
 21
2567.568
  0
LINE
  8
QUOTATURA
 10
1120.6
 11
1117.266
 20
508.568
 21
488.568
  0
LINE
  8
QUOTATURA
 10
1117.266
 11
1113.932
 20
488.568
 21
508.568
  0
LINE
  8
QUOTATURA
 10
1113.932
 11
1120.6
 20
508.568
 21
508.568
  0
LINE
  8
QUOTATURA
 10
1054.596
 11
1028.494
 20
484.068
 21
484.068
  0
LINE
  8
QUOTATURA
 10
1058.596
 11
1028.494
 20
2580.068
 21
2580.068
  0
LINE
  8
QUOTATURA
 10
1038.494
 11
1038.494
 20
484.068
 21
1394.38
  0
LINE
  8
QUOTATURA
 10
1038.494
 11
1038.494
 20
1669.755
 21
2580.068
  0
LINE
  8
QUOTATURA
 10
1041.828
 11
1038.494
 20
504.068
 21
484.068
  0
LINE
  8
QUOTATURA
 10
1038.494
 11
1035.16
 20
484.068
 21
504.068
  0
LINE
  8
QUOTATURA
 10
1035.16
 11
1041.828
 20
504.068
 21
504.068
  0
LINE
  8
QUOTATURA
 10
1035.16
 11
1038.494
 20
2560.068
 21
2580.068
  0
LINE
  8
QUOTATURA
 10
1038.494
 11
1041.828
 20
2580.068
 21
2560.068
  0
LINE
  8
QUOTATURA
 10
1041.828
 11
1035.16
 20
2560.068
 21
2560.068
  0
LINE
  8
QUOTATURA
 10
1058.596
 11
972.51
 20
2624.068
 21
2624.068
  0
LINE
  8
QUOTATURA
 10
1054.596
 11
972.51
 20
484.068
 21
484.068
  0
LINE
  8
QUOTATURA
 10
982.51
 11
982.51
 20
2624.068
 21
1690.82
  0
LINE
  8
QUOTATURA
 10
982.51
 11
982.51
 20
1417.315
 21
484.068
  0
LINE
  8
QUOTATURA
 10
979.176
 11
982.51
 20
2604.068
 21
2624.068
  0
LINE
  8
QUOTATURA
 10
982.51
 11
985.844
 20
2624.068
 21
2604.068
  0
LINE
  8
QUOTATURA
 10
985.844
 11
979.176
 20
2604.068
 21
2604.068
  0
LINE
  8
QUOTATURA
 10
985.844
 11
982.51
 20
504.068
 21
484.068
  0
LINE
  8
QUOTATURA
 10
982.51
 11
979.176
 20
484.068
 21
504.068
  0
LINE
  8
QUOTATURA
 10
979.176
 11
985.844
 20
504.068
 21
504.068
  0
LINE
  8
COSTRUZIONI
 10
1475.596
 11
1508.596
 20
484.068
 21
484.068
  0
LINE
  8
COSTRUZIONI
 10
2333.596
 11
2300.596
 20
484.068
 21
484.068
  0
LINE
  8
APS_GEOMETRY
 10
1406.596
 11
1475.596
 20
2682.068
 21
2613.068
  0
LINE
  8
APS_GEOMETRY
 10
2333.596
 11
2402.596
 20
2613.068
 21
2682.068
  0
LINE
  8
APS_GEOMETRY
 10
2311.096
 11
2311.096
 20
-80.26
 21
-53.76
  0
ARC
  8
APS_GEOMETRY
 10
2314.096
 20
-53.76
 40
3.0
 50
90.0
 51
180.0
  0
LINE
  8
APS_GEOMETRY
 10
2314.096
 11
2333.096
 20
-50.76
 21
-50.76
  0
ARC
  8
APS_GEOMETRY
 10
2333.096
 20
-53.76
 40
3.0
 50
360.0
 51
90.0
  0
LINE
  8
APS_GEOMETRY
 10
2336.096
 11
2336.096
 20
-53.76
 21
-74.76
  0
LINE
  8
APS_GEOMETRY
 10
2336.096
 11
2340.596
 20
-74.76
 21
-74.76
  0
LINE
  8
APS_GEOMETRY
 10
2340.596
 11
2340.596
 20
-74.76
 21
-60.76
  0
LINE
  8
APS_GEOMETRY
 10
2340.596
 11
2344.596
 20
-60.76
 21
-60.76
  0
LINE
  8
APS_GEOMETRY
 10
2344.596
 11
2344.596
 20
-60.76
 21
-178.76
  0
LINE
  8
APS_GEOMETRY
 10
2344.596
 11
2338.096
 20
-178.76
 21
-178.76
  0
LINE
  8
APS_GEOMETRY
 10
2338.096
 11
2338.096
 20
-178.76
 21
-164.76
  0
LINE
  8
APS_GEOMETRY
 10
2338.096
 11
2333.596
 20
-164.76
 21
-164.76
  0
LINE
  8
APS_GEOMETRY
 10
2333.596
 11
2333.596
 20
-164.76
 21
-185.76
  0
ARC
  8
APS_GEOMETRY
 10
2330.596
 20
-185.76
 40
3.0
 50
270.0
 51
360.0
  0
LINE
  8
APS_GEOMETRY
 10
2330.596
 11
2303.596
 20
-188.76
 21
-188.76
  0
ARC
  8
APS_GEOMETRY
 10
2303.596
 20
-185.76
 40
3.0
 50
180.0
 51
270.0
  0
LINE
  8
APS_GEOMETRY
 10
2300.596
 11
2300.596
 20
-185.76
 21
-84.76
  0
LINE
  8
APS_GEOMETRY
 10
1514.096
 11
1600.096
 20
-95.76
 21
-95.76
  0
LINE
  8
APS_GEOMETRY
 10
2209.096
 11
2295.096
 20
-95.76
 21
-95.76
  0
ARC
  8
APS_GEOMETRY
 10
2295.096
 20
-92.76
 40
3.0
 50
270.0
 51
0.0
  0
LINE
  8
APS_GEOMETRY
 10
2298.096
 11
2298.096
 20
-92.76
 21
-80.76
  0
LINE
  8
APS_GEOMETRY
 10
2298.096
 11
2306.596
 20
-80.76
 21
-80.76
  0
ARC
  8
APS_GEOMETRY
 10
2306.596
 20
-79.26
 40
1.5
 50
270.0
 51
0.0
  0
LINE
  8
APS_GEOMETRY
 10
2308.096
 11
2308.096
 20
-79.26
 21
-53.76
  0
ARC
  8
APS_GEOMETRY
 10
2305.096
 20
-53.76
 40
3.0
 50
0.0
 51
90.0
  0
LINE
  8
APS_GEOMETRY
 10
2305.096
 11
2209.096
 20
-50.76
 21
-50.76
  0
LINE
  8
APS_GEOMETRY
 10
1600.096
 11
1504.096
 20
-50.76
 21
-50.76
  0
ARC
  8
APS_GEOMETRY
 10
1504.096
 20
-53.76
 40
3.0
 50
90.0
 51
180.0
  0
LINE
  8
APS_GEOMETRY
 10
1501.096
 11
1501.096
 20
-53.76
 21
-79.26
  0
ARC
  8
APS_GEOMETRY
 10
1502.596
 20
-79.26
 40
1.5
 50
180.0
 51
270.0
  0
LINE
  8
APS_GEOMETRY
 10
1502.596
 11
1511.096
 20
-80.76
 21
-80.76
  0
LINE
  8
APS_GEOMETRY
 10
1511.096
 11
1511.096
 20
-80.76
 21
-92.76
  0
ARC
  8
APS_GEOMETRY
 10
1514.096
 20
-92.76
 40
3.0
 50
180.0
 51
270.0
  0
LINE
  8
APS_GEOMETRY
 10
2209.096
 11
2209.096
 20
571.668
 21
1005.468
  0
ARC
  8
APS_GEOMETRY
 10
2205.996
 20
1005.468
 40
3.1
 50
0.0
 51
90.0
  0
LINE
  8
APS_GEOMETRY
 10
2205.996
 11
1603.196
 20
1008.568
 21
1008.568
  0
ARC
  8
APS_GEOMETRY
 10
1603.196
 20
1005.468
 40
3.1
 50
90.0
 51
180.0
  0
LINE
  8
APS_GEOMETRY
 10
1600.096
 11
1600.096
 20
1005.468
 21
571.668
  0
ARC
  8
APS_GEOMETRY
 10
1603.196
 20
571.668
 40
3.1
 50
180.0
 51
270.0
  0
LINE
  8
APS_GEOMETRY
 10
1603.196
 11
2205.996
 20
568.568
 21
568.568
  0
ARC
  8
APS_GEOMETRY
 10
2205.996
 20
571.668
 40
3.1
 50
270.0
 51
0.0
  0
LINE
  8
APS_GEOMETRY
 10
2205.996
 11
1603.196
 20
2507.568
 21
2507.568
  0
ARC
  8
APS_GEOMETRY
 10
1603.196
 20
2504.468
 40
3.1
 50
90.0
 51
180.0
  0
LINE
  8
APS_GEOMETRY
 10
1600.096
 11
1600.096
 20
2504.468
 21
2210.668
  0
ARC
  8
APS_GEOMETRY
 10
1603.196
 20
2210.668
 40
3.1
 50
180.0
 51
270.0
  0
LINE
  8
APS_GEOMETRY
 10
1603.196
 11
2205.996
 20
2207.568
 21
2207.568
  0
ARC
  8
APS_GEOMETRY
 10
2205.996
 20
2210.668
 40
3.1
 50
270.0
 51
0.0
  0
LINE
  8
APS_GEOMETRY
 10
2209.096
 11
2209.096
 20
2210.668
 21
2504.468
  0
ARC
  8
APS_GEOMETRY
 10
2205.996
 20
2504.468
 40
3.1
 50
0.0
 51
90.0
  0
LINE
  8
APS_GEOMETRY
 10
1620.096
 11
1601.004
 20
988.568
 21
1007.66
  0
LINE
  8
APS_GEOMETRY
 10
2189.096
 11
2208.188
 20
988.568
 21
1007.66
  0
LINE
  8
APS_GEOMETRY
 10
1620.096
 11
1601.004
 20
588.568
 21
569.476
  0
LINE
  8
APS_GEOMETRY
 10
2189.096
 11
2208.188
 20
588.568
 21
569.476
  0
LINE
  8
APS_GEOMETRY
 10
2189.096
 11
1620.096
 20
988.568
 21
988.568
  0
LINE
  8
APS_GEOMETRY
 10
1620.096
 11
1620.096
 20
988.568
 21
773.568
  0
LINE
  8
APS_GEOMETRY
 10
1620.096
 11
1620.096
 20
638.568
 21
588.568
  0
LINE
  8
APS_GEOMETRY
 10
1620.096
 11
2189.096
 20
588.568
 21
588.568
  0
LINE
  8
APS_GEOMETRY
 10
2189.096
 11
2189.096
 20
588.568
 21
638.568
  0
LINE
  8
APS_GEOMETRY
 10
2189.096
 11
2189.096
 20
773.568
 21
988.568
  0
LINE
  8
APS_GEOMETRY
 10
1561.096
 11
1661.096
 20
1538.568
 21
1538.568
  0
LINE
  8
APS_GEOMETRY
 10
1661.096
 11
1661.096
 20
1538.568
 21
1518.568
  0
LINE
  8
APS_GEOMETRY
 10
1661.096
 11
1551.096
 20
1518.568
 21
1518.568
  0
LINE
  8
APS_GEOMETRY
 10
1551.096
 11
1551.096
 20
1518.568
 21
1538.568
  0
LINE
  8
APS_GEOMETRY
 10
1551.096
 11
1651.096
 20
1538.568
 21
1538.568
  0
ARC
  8
APS_GEOMETRY
 10
1561.096
 20
1427.568
 40
7.0
 50
180.0
 51
360.0
  0
LINE
  8
APS_GEOMETRY
 10
1554.096
 11
1554.096
 20
1427.568
 21
1438.568
  0
ARC
  8
APS_GEOMETRY
 10
1561.096
 20
1438.568
 40
7.0
 50
360.0
 51
180.0
  0
LINE
  8
APS_GEOMETRY
 10
1568.096
 11
1568.096
 20
1438.568
 21
1427.568
  0
CIRCLE
  8
APS_GEOMETRY
 10
1561.096
 20
1528.568
 40
1.0
  0
LINE
  8
APS_GEOMETRY
 10
1536.096
 11
1536.096
 20
1408.068
 21
1458.068
  0
LINE
  8
APS_GEOMETRY
 10
1536.096
 11
1586.096
 20
1458.068
 21
1458.068
  0
LINE
  8
APS_GEOMETRY
 10
1586.096
 11
1586.096
 20
1458.068
 21
1408.068
  0
LINE
  8
APS_GEOMETRY
 10
1586.096
 11
1536.096
 20
1408.068
 21
1408.068
  0
LINE
  8
APS_GEOMETRY
 10
1586.096
 11
1586.096
 20
1518.568
 21
1503.568
  0
LINE
  8
APS_GEOMETRY
 10
1586.096
 11
1536.096
 20
1503.568
 21
1503.568
  0
LINE
  8
APS_GEOMETRY
 10
1536.096
 11
1536.096
 20
1503.568
 21
1553.568
  0
LINE
  8
APS_GEOMETRY
 10
1536.096
 11
1586.096
 20
1553.568
 21
1553.568
  0
LINE
  8
APS_GEOMETRY
 10
1586.096
 11
1586.096
 20
1553.568
 21
1538.568
  0
LINE
  8
APS_GEOMETRY
 10
1600.096
 11
1600.096
 20
1538.568
 21
2139.468
  0
ARC
  8
APS_GEOMETRY
 10
1603.196
 20
2139.468
 40
3.1
 50
90.0
 51
180.0
  0
LINE
  8
APS_GEOMETRY
 10
1603.196
 11
2205.996
 20
2142.568
 21
2142.568
  0
ARC
  8
APS_GEOMETRY
 10
2205.996
 20
2139.468
 40
3.1
 50
360.0
 51
90.0
  0
LINE
  8
APS_GEOMETRY
 10
2209.096
 11
2209.096
 20
2139.468
 21
1076.668
  0
ARC
  8
APS_GEOMETRY
 10
2205.996
 20
1076.668
 40
3.1
 50
270.0
 51
360.0
  0
LINE
  8
APS_GEOMETRY
 10
2205.996
 11
1603.196
 20
1073.568
 21
1073.568
  0
ARC
  8
APS_GEOMETRY
 10
1603.196
 20
1076.668
 40
3.1
 50
180.0
 51
270.0
  0
LINE
  8
APS_GEOMETRY
 10
1600.096
 11
1600.096
 20
1076.668
 21
1518.568
  0
LINE
  8
APS_GEOMETRY
 10
2166.669
 11
2209.096
 20
1073.568
 21
1115.994
  0
LINE
  8
APS_GEOMETRY
 10
2209.096
 11
2124.243
 20
1158.421
 21
1073.568
  0
LINE
  8
APS_GEOMETRY
 10
2081.816
 11
2209.096
 20
1073.568
 21
1200.847
  0
LINE
  8
APS_GEOMETRY
 10
2209.096
 11
2039.39
 20
1243.273
 21
1073.568
  0
LINE
  8
APS_GEOMETRY
 10
1996.964
 11
2209.096
 20
1073.568
 21
1285.7
  0
LINE
  8
APS_GEOMETRY
 10
2209.096
 11
1954.537
 20
1328.126
 21
1073.568
  0
LINE
  8
APS_GEOMETRY
 10
1912.111
 11
2209.096
 20
1073.568
 21
1370.553
  0
LINE
  8
APS_GEOMETRY
 10
2209.096
 11
1869.684
 20
1412.979
 21
1073.568
  0
LINE
  8
APS_GEOMETRY
 10
1827.258
 11
2209.096
 20
1073.568
 21
1455.405
  0
LINE
  8
APS_GEOMETRY
 10
2209.096
 11
1784.832
 20
1497.832
 21
1073.568
  0
LINE
  8
APS_GEOMETRY
 10
1742.405
 11
2209.096
 20
1073.568
 21
1540.258
  0
LINE
  8
APS_GEOMETRY
 10
2209.096
 11
1699.979
 20
1582.685
 21
1073.568
  0
LINE
  8
APS_GEOMETRY
 10
1657.552
 11
2209.096
 20
1073.568
 21
1625.111
  0
LINE
  8
APS_GEOMETRY
 10
2209.096
 11
1615.126
 20
1667.538
 21
1073.568
  0
LINE
  8
APS_GEOMETRY
 10
1600.096
 11
2209.096
 20
1100.964
 21
1709.964
  0
LINE
  8
APS_GEOMETRY
 10
2209.096
 11
1600.096
 20
1752.39
 21
1143.39
  0
LINE
  8
APS_GEOMETRY
 10
1600.096
 11
2209.096
 20
1185.817
 21
1794.817
  0
LINE
  8
APS_GEOMETRY
 10
2209.096
 11
1600.096
 20
1837.243
 21
1228.243
  0
LINE
  8
APS_GEOMETRY
 10
1600.096
 11
2209.096
 20
1270.67
 21
1879.67
  0
LINE
  8
APS_GEOMETRY
 10
2209.096
 11
1600.096
 20
1922.096
 21
1313.096
  0
LINE
  8
APS_GEOMETRY
 10
1600.096
 11
2209.096
 20
1355.522
 21
1964.522
  0
LINE
  8
APS_GEOMETRY
 10
2209.096
 11
1600.096
 20
2006.949
 21
1397.949
  0
LINE
  8
APS_GEOMETRY
 10
1600.096
 11
2209.096
 20
1440.375
 21
2049.375
  0
LINE
  8
APS_GEOMETRY
 10
2209.096
 11
1655.862
 20
2091.802
 21
1538.568
  0
LINE
  8
APS_GEOMETRY
 10
1635.862
 11
1600.096
 20
1518.568
 21
1482.802
  0
LINE
  8
APS_GEOMETRY
 10
1613.435
 11
2209.096
 20
1538.568
 21
2134.228
  0
LINE
  8
APS_GEOMETRY
 10
1561.758
 11
1560.347
 20
1529.317
 21
1527.905
  0
LINE
  8
APS_GEOMETRY
 10
1600.096
 11
2132.583
 20
1610.081
 21
2142.568
  0
LINE
  8
APS_GEOMETRY
 10
2090.156
 11
1600.096
 20
2142.568
 21
1652.507
  0
LINE
  8
APS_GEOMETRY
 10
1600.096
 11
2047.73
 20
1694.934
 21
2142.568
  0
LINE
  8
APS_GEOMETRY
 10
2005.303
 11
1600.096
 20
2142.568
 21
1737.36
  0
LINE
  8
APS_GEOMETRY
 10
1600.096
 11
1962.877
 20
1779.786
 21
2142.568
  0
LINE
  8
APS_GEOMETRY
 10
1920.451
 11
1600.096
 20
2142.568
 21
1822.213
  0
LINE
  8
APS_GEOMETRY
 10
1600.096
 11
1878.024
 20
1864.639
 21
2142.568
  0
LINE
  8
APS_GEOMETRY
 10
1835.598
 11
1600.096
 20
2142.568
 21
1907.066
  0
LINE
  8
APS_GEOMETRY
 10
1600.096
 11
1793.171
 20
1949.492
 21
2142.568
  0
LINE
  8
APS_GEOMETRY
 10
1750.745
 11
1600.096
 20
2142.568
 21
1991.918
  0
LINE
  8
APS_GEOMETRY
 10
1600.096
 11
1708.319
 20
2034.345
 21
2142.568
  0
LINE
  8
APS_GEOMETRY
 10
1665.892
 11
1600.096
 20
2142.568
 21
2076.771
  0
LINE
  8
APS_GEOMETRY
 10
1600.096
 11
1623.466
 20
2119.198
 21
2142.568
  0
LINE
  8
APS_GEOMETRY
 10
2175.009
 11
1600.096
 20
2142.568
 21
1567.654
  0
LINE
  8
APS_GEOMETRY
 10
2189.096
 11
1620.096
 20
2487.568
 21
2487.568
  0
LINE
  8
APS_GEOMETRY
 10
1620.096
 11
1620.096
 20
2487.568
 21
2425.068
  0
LINE
  8
APS_GEOMETRY
 10
1620.096
 11
1620.096
 20
2290.068
 21
2227.568
  0
LINE
  8
APS_GEOMETRY
 10
1620.096
 11
2189.096
 20
2227.568
 21
2227.568
  0
LINE
  8
APS_GEOMETRY
 10
2189.096
 11
2189.096
 20
2227.568
 21
2290.068
  0
LINE
  8
APS_GEOMETRY
 10
2189.096
 11
2189.096
 20
2425.068
 21
2487.568
  0
LINE
  8
APS_GEOMETRY
 10
1620.096
 11
1601.004
 20
2487.568
 21
2506.66
  0
LINE
  8
APS_GEOMETRY
 10
2189.096
 11
2208.188
 20
2487.568
 21
2506.66
  0
LINE
  8
APS_GEOMETRY
 10
1620.096
 11
1601.004
 20
2227.568
 21
2208.476
  0
LINE
  8
APS_GEOMETRY
 10
2189.096
 11
2208.188
 20
2227.568
 21
2208.476
  0
LINE
  8
QUOTATURA
 10
2449.891
 11
2446.557
 20
897.092
 21
877.092
  0
LINE
  8
QUOTATURA
 10
2446.557
 11
2443.223
 20
877.092
 21
897.092
  0
LINE
  8
QUOTATURA
 10
2443.223
 11
2449.891
 20
897.092
 21
897.092
  0
LINE
  8
QUOTATURA
 10
2446.557
 11
2446.557
 20
877.092
 21
919.222
  0
LINE
  8
QUOTATURA
 10
2446.557
 11
2407.299
 20
919.222
 21
919.222
  0
LINE
  8
APS_GEOMETRY
 10
2199.096
 11
1909.596
 20
638.568
 21
638.568
  0
LINE
  8
APS_GEOMETRY
 10
1909.596
 11
1909.596
 20
638.568
 21
773.568
  0
LINE
  8
APS_GEOMETRY
 10
1909.596
 11
2199.096
 20
773.568
 21
773.568
  0
LINE
  8
APS_GEOMETRY
 10
2199.096
 11
2199.096
 20
773.568
 21
638.568
  0
LINE
  8
APS_GEOMETRY
 10
1899.596
 11
1610.096
 20
638.568
 21
638.568
  0
LINE
  8
APS_GEOMETRY
 10
1610.096
 11
1610.096
 20
638.568
 21
773.568
  0
LINE
  8
APS_GEOMETRY
 10
1610.096
 11
1899.596
 20
773.568
 21
773.568
  0
LINE
  8
APS_GEOMETRY
 10
1899.596
 11
1899.596
 20
773.568
 21
638.568
  0
LINE
  8
APS_GEOMETRY
 10
1909.596
 11
1899.596
 20
716.068
 21
716.068
  0
LINE
  8
APS_GEOMETRY
 10
1909.596
 11
1899.596
 20
696.068
 21
696.068
  0
LINE
  8
APS_GEOMETRY
 10
2199.096
 11
1909.596
 20
2290.068
 21
2290.068
  0
LINE
  8
APS_GEOMETRY
 10
1909.596
 11
2199.096
 20
2425.068
 21
2425.068
  0
LINE
  8
APS_GEOMETRY
 10
2199.096
 11
2199.096
 20
2425.068
 21
2290.068
  0
LINE
  8
APS_GEOMETRY
 10
1899.596
 11
1610.096
 20
2290.068
 21
2290.068
  0
LINE
  8
APS_GEOMETRY
 10
1610.096
 11
1610.096
 20
2290.068
 21
2425.068
  0
LINE
  8
APS_GEOMETRY
 10
1610.096
 11
1899.596
 20
2425.068
 21
2425.068
  0
LINE
  8
APS_GEOMETRY
 10
1909.596
 11
1899.596
 20
2425.068
 21
2425.068
  0
LINE
  8
APS_GEOMETRY
 10
1909.596
 11
1899.596
 20
2290.068
 21
2290.068
  0
LINE
  8
APS_GEOMETRY
 10
1857.169
 11
1899.596
 20
638.568
 21
680.994
  0
LINE
  8
APS_GEOMETRY
 10
1899.596
 11
1814.743
 20
723.421
 21
638.568
  0
LINE
  8
APS_GEOMETRY
 10
1772.316
 11
1899.596
 20
638.568
 21
765.847
  0
LINE
  8
APS_GEOMETRY
 10
1864.89
 11
1729.89
 20
773.568
 21
638.568
  0
LINE
  8
APS_GEOMETRY
 10
1687.464
 11
1822.464
 20
638.568
 21
773.568
  0
LINE
  8
APS_GEOMETRY
 10
1780.037
 11
1645.037
 20
773.568
 21
638.568
  0
LINE
  8
APS_GEOMETRY
 10
1610.096
 11
1737.611
 20
646.053
 21
773.568
  0
LINE
  8
APS_GEOMETRY
 10
1695.184
 11
1610.096
 20
773.568
 21
688.479
  0
LINE
  8
APS_GEOMETRY
 10
1610.096
 11
1652.758
 20
730.905
 21
773.568
  0
LINE
  8
APS_GEOMETRY
 10
1610.332
 11
1610.096
 20
773.568
 21
773.332
  0
LINE
  8
APS_GEOMETRY
 10
2156.669
 11
2199.096
 20
638.568
 21
680.994
  0
LINE
  8
APS_GEOMETRY
 10
2199.096
 11
2114.243
 20
723.421
 21
638.568
  0
LINE
  8
APS_GEOMETRY
 10
2071.816
 11
2199.096
 20
638.568
 21
765.847
  0
LINE
  8
APS_GEOMETRY
 10
2164.39
 11
2029.39
 20
773.568
 21
638.568
  0
LINE
  8
APS_GEOMETRY
 10
1986.964
 11
2121.964
 20
638.568
 21
773.568
  0
LINE
  8
APS_GEOMETRY
 10
2079.537
 11
1944.537
 20
773.568
 21
638.568
  0
LINE
  8
APS_GEOMETRY
 10
1909.596
 11
2037.111
 20
646.053
 21
773.568
  0
LINE
  8
APS_GEOMETRY
 10
1994.684
 11
1909.596
 20
773.568
 21
688.479
  0
LINE
  8
APS_GEOMETRY
 10
1909.596
 11
1952.258
 20
730.905
 21
773.568
  0
LINE
  8
APS_GEOMETRY
 10
1909.832
 11
1909.596
 20
773.568
 21
773.332
  0
LINE
  8
APS_GEOMETRY
 10
2156.669
 11
2199.096
 20
2290.068
 21
2332.494
  0
LINE
  8
APS_GEOMETRY
 10
2199.096
 11
2114.243
 20
2374.921
 21
2290.068
  0
LINE
  8
APS_GEOMETRY
 10
2071.816
 11
2199.096
 20
2290.068
 21
2417.347
  0
LINE
  8
APS_GEOMETRY
 10
2164.39
 11
2029.39
 20
2425.068
 21
2290.068
  0
LINE
  8
APS_GEOMETRY
 10
1986.964
 11
2121.964
 20
2290.068
 21
2425.068
  0
LINE
  8
APS_GEOMETRY
 10
2079.537
 11
1944.537
 20
2425.068
 21
2290.068
  0
LINE
  8
APS_GEOMETRY
 10
1902.111
 11
2037.111
 20
2290.068
 21
2425.068
  0
LINE
  8
APS_GEOMETRY
 10
1994.684
 11
1859.684
 20
2425.068
 21
2290.068
  0
LINE
  8
APS_GEOMETRY
 10
1817.258
 11
1952.258
 20
2290.068
 21
2425.068
  0
LINE
  8
APS_GEOMETRY
 10
1909.832
 11
1774.832
 20
2425.068
 21
2290.068
  0
LINE
  8
APS_GEOMETRY
 10
1732.405
 11
1867.405
 20
2290.068
 21
2425.068
  0
LINE
  8
APS_GEOMETRY
 10
1824.979
 11
1689.979
 20
2425.068
 21
2290.068
  0
LINE
  8
APS_GEOMETRY
 10
1647.552
 11
1782.552
 20
2290.068
 21
2425.068
  0
LINE
  8
APS_GEOMETRY
 10
1740.126
 11
1610.096
 20
2425.068
 21
2295.038
  0
LINE
  8
APS_GEOMETRY
 10
1610.096
 11
1697.699
 20
2337.464
 21
2425.068
  0
LINE
  8
APS_GEOMETRY
 10
1655.273
 11
1610.096
 20
2425.068
 21
2379.89
  0
LINE
  8
APS_GEOMETRY
 10
1610.096
 11
1612.847
 20
2422.317
 21
2425.068
  0
LINE
  8
APS_GEOMETRY
 10
2399.096
 11
2344.596
 20
284.678
 21
284.678
  0
LINE
  8
APS_GEOMETRY
 10
2344.596
 11
2344.596
 20
284.678
 21
281.678
  0
LINE
  8
APS_GEOMETRY
 10
2344.596
 11
2340.096
 20
281.678
 21
281.678
  0
LINE
  8
APS_GEOMETRY
 10
2340.096
 11
2340.096
 20
281.678
 21
271.178
  0
LINE
  8
APS_GEOMETRY
 10
2340.096
 11
2338.596
 20
271.178
 21
269.678
  0
LINE
  8
APS_GEOMETRY
 10
2338.596
 11
2336.096
 20
269.678
 21
269.678
  0
LINE
  8
APS_GEOMETRY
 10
2336.096
 11
2336.096
 20
269.678
 21
287.678
  0
ARC
  8
APS_GEOMETRY
 10
2340.096
 20
287.678
 40
4.0
 50
90.0
 51
180.0
  0
LINE
  8
APS_GEOMETRY
 10
2340.096
 11
2401.096
 20
291.678
 21
291.678
  0
ARC
  8
APS_GEOMETRY
 10
2401.096
 20
287.678
 40
4.0
 50
360.0
 51
90.0
  0
LINE
  8
APS_GEOMETRY
 10
2405.096
 11
2405.096
 20
287.678
 21
281.678
  0
LINE
  8
APS_GEOMETRY
 10
2405.096
 11
2399.096
 20
281.678
 21
281.678
  0
LINE
  8
APS_GEOMETRY
 10
2399.096
 11
2399.096
 20
281.678
 21
284.678
  0
LINE
  8
APS_GEOMETRY
 10
2397.096
 11
2342.596
 20
160.678
 21
160.678
  0
LINE
  8
APS_GEOMETRY
 10
2342.596
 11
2342.596
 20
160.678
 21
163.678
  0
LINE
  8
APS_GEOMETRY
 10
2342.596
 11
2338.096
 20
163.678
 21
163.678
  0
LINE
  8
APS_GEOMETRY
 10
2338.096
 11
2338.096
 20
163.678
 21
174.178
  0
LINE
  8
APS_GEOMETRY
 10
2338.096
 11
2336.596
 20
174.178
 21
175.678
  0
LINE
  8
APS_GEOMETRY
 10
2336.596
 11
2334.096
 20
175.678
 21
175.678
  0
LINE
  8
APS_GEOMETRY
 10
2334.096
 11
2334.096
 20
175.678
 21
157.678
  0
ARC
  8
APS_GEOMETRY
 10
2338.096
 20
157.678
 40
4.0
 50
180.0
 51
270.0
  0
LINE
  8
APS_GEOMETRY
 10
2338.096
 11
2399.096
 20
153.678
 21
153.678
  0
ARC
  8
APS_GEOMETRY
 10
2399.096
 20
157.678
 40
4.0
 50
270.0
 51
0.0
  0
LINE
  8
APS_GEOMETRY
 10
2403.096
 11
2403.096
 20
157.678
 21
163.678
  0
LINE
  8
APS_GEOMETRY
 10
2403.096
 11
2397.096
 20
163.678
 21
163.678
  0
LINE
  8
APS_GEOMETRY
 10
2397.096
 11
2397.096
 20
163.678
 21
160.678
  0
LINE
  8
COSTRUZIONI
 10
1490.396
 11
1508.096
 20
262.178
 21
262.178
  0
LINE
  8
COSTRUZIONI
 10
1508.096
 11
1508.096
 20
262.178
 21
258.678
  0
LINE
  8
COSTRUZIONI
 10
1508.096
 11
1490.396
 20
258.678
 21
258.678
  0
LINE
  8
COSTRUZIONI
 10
1490.396
 11
1490.396
 20
258.678
 21
262.178
  0
ARC
  8
APS_GEOMETRY
 10
1507.596
 20
257.678
 40
1.0
 50
360.0
 51
90.0
  0
LINE
  8
APS_GEOMETRY
 10
1410.096
 11
1464.596
 20
284.678
 21
284.678
  0
LINE
  8
APS_GEOMETRY
 10
1464.596
 11
1464.596
 20
284.678
 21
281.678
  0
LINE
  8
APS_GEOMETRY
 10
1464.596
 11
1469.096
 20
281.678
 21
281.678
  0
LINE
  8
APS_GEOMETRY
 10
1469.096
 11
1469.096
 20
281.678
 21
271.178
  0
LINE
  8
APS_GEOMETRY
 10
1469.096
 11
1470.596
 20
271.178
 21
269.678
  0
LINE
  8
APS_GEOMETRY
 10
1470.596
 11
1473.096
 20
269.678
 21
269.678
  0
LINE
  8
APS_GEOMETRY
 10
1473.096
 11
1473.096
 20
269.678
 21
287.678
  0
ARC
  8
APS_GEOMETRY
 10
1469.096
 20
287.678
 40
4.0
 50
0.0
 51
90.0
  0
LINE
  8
APS_GEOMETRY
 10
1469.096
 11
1408.096
 20
291.678
 21
291.678
  0
ARC
  8
APS_GEOMETRY
 10
1408.096
 20
287.678
 40
4.0
 50
90.0
 51
180.0
  0
LINE
  8
APS_GEOMETRY
 10
1404.096
 11
1404.096
 20
287.678
 21
281.678
  0
LINE
  8
APS_GEOMETRY
 10
1404.096
 11
1410.096
 20
281.678
 21
281.678
  0
LINE
  8
APS_GEOMETRY
 10
1410.096
 11
1410.096
 20
281.678
 21
284.678
  0
LINE
  8
APS_GEOMETRY
 10
1412.096
 11
1466.596
 20
160.678
 21
160.678
  0
LINE
  8
APS_GEOMETRY
 10
1466.596
 11
1466.596
 20
160.678
 21
163.678
  0
LINE
  8
APS_GEOMETRY
 10
1466.596
 11
1471.096
 20
163.678
 21
163.678
  0
LINE
  8
APS_GEOMETRY
 10
1471.096
 11
1471.096
 20
163.678
 21
174.178
  0
LINE
  8
APS_GEOMETRY
 10
1471.096
 11
1472.596
 20
174.178
 21
175.678
  0
LINE
  8
APS_GEOMETRY
 10
1472.596
 11
1475.096
 20
175.678
 21
175.678
  0
LINE
  8
APS_GEOMETRY
 10
1475.096
 11
1475.096
 20
175.678
 21
157.678
  0
ARC
  8
APS_GEOMETRY
 10
1471.096
 20
157.678
 40
4.0
 50
270.0
 51
360.0
  0
LINE
  8
APS_GEOMETRY
 10
1471.096
 11
1410.096
 20
153.678
 21
153.678
  0
ARC
  8
APS_GEOMETRY
 10
1410.096
 20
157.678
 40
4.0
 50
180.0
 51
270.0
  0
LINE
  8
APS_GEOMETRY
 10
1406.096
 11
1406.096
 20
157.678
 21
163.678
  0
LINE
  8
APS_GEOMETRY
 10
1406.096
 11
1412.096
 20
163.678
 21
163.678
  0
LINE
  8
APS_GEOMETRY
 10
1412.096
 11
1412.096
 20
163.678
 21
160.678
  0
LINE
  8
COSTRUZIONI
 10
2318.796
 11
2301.096
 20
262.178
 21
262.178
  0
LINE
  8
COSTRUZIONI
 10
2301.096
 11
2301.096
 20
262.178
 21
258.678
  0
LINE
  8
COSTRUZIONI
 10
2301.096
 11
2318.796
 20
258.678
 21
258.678
  0
LINE
  8
COSTRUZIONI
 10
2318.796
 11
2318.796
 20
258.678
 21
262.178
  0
LINE
  8
COSTRUZIONI
 10
1463.096
 11
1463.096
 20
281.678
 21
163.678
  0
LINE
  8
COSTRUZIONI
 10
1443.096
 11
1443.096
 20
281.678
 21
163.678
  0
LINE
  8
COSTRUZIONI
 10
1463.096
 11
1328.052
 20
281.678
 21
281.678
  0
LINE
  8
COSTRUZIONI
 10
1463.096
 11
1328.052
 20
163.678
 21
163.678
  0
LINE
  8
COSTRUZIONI
 10
1443.096
 11
1463.096
 20
163.678
 21
281.678
  0
LINE
  8
COSTRUZIONI
 10
1443.096
 11
1463.096
 20
281.678
 21
163.678
  0
LINE
  8
COSTRUZIONI
 10
2346.096
 11
2346.096
 20
281.678
 21
163.678
  0
LINE
  8
COSTRUZIONI
 10
2366.096
 11
2366.096
 20
281.678
 21
163.678
  0
LINE
  8
COSTRUZIONI
 10
2346.096
 11
2481.139
 20
281.678
 21
281.678
  0
LINE
  8
COSTRUZIONI
 10
2346.096
 11
2481.139
 20
163.678
 21
163.678
  0
LINE
  8
COSTRUZIONI
 10
2366.096
 11
2346.096
 20
163.678
 21
281.678
  0
LINE
  8
COSTRUZIONI
 10
2366.096
 11
2346.096
 20
281.678
 21
163.678
  0
LINE
  8
APS_GEOMETRY
 10
1498.096
 11
1498.096
 20
262.178
 21
288.678
  0
ARC
  8
APS_GEOMETRY
 10
1495.096
 20
288.678
 40
3.0
 50
0.0
 51
90.0
  0
LINE
  8
APS_GEOMETRY
 10
1495.096
 11
1476.096
 20
291.678
 21
291.678
  0
ARC
  8
APS_GEOMETRY
 10
1476.096
 20
288.678
 40
3.0
 50
90.0
 51
180.0
  0
LINE
  8
APS_GEOMETRY
 10
1473.096
 11
1473.096
 20
288.678
 21
267.678
  0
LINE
  8
APS_GEOMETRY
 10
1473.096
 11
1468.596
 20
267.678
 21
267.678
  0
LINE
  8
APS_GEOMETRY
 10
1468.596
 11
1468.596
 20
267.678
 21
281.678
  0
LINE
  8
APS_GEOMETRY
 10
1468.596
 11
1464.596
 20
281.678
 21
281.678
  0
LINE
  8
APS_GEOMETRY
 10
1464.596
 11
1464.596
 20
281.678
 21
163.678
  0
LINE
  8
APS_GEOMETRY
 10
1464.596
 11
1471.096
 20
163.678
 21
163.678
  0
LINE
  8
APS_GEOMETRY
 10
1471.096
 11
1471.096
 20
163.678
 21
177.678
  0
LINE
  8
APS_GEOMETRY
 10
1471.096
 11
1475.596
 20
177.678
 21
177.678
  0
LINE
  8
APS_GEOMETRY
 10
1475.596
 11
1475.596
 20
177.678
 21
156.678
  0
ARC
  8
APS_GEOMETRY
 10
1478.596
 20
156.678
 40
3.0
 50
180.0
 51
270.0
  0
LINE
  8
APS_GEOMETRY
 10
1478.596
 11
1505.596
 20
153.678
 21
153.678
  0
ARC
  8
APS_GEOMETRY
 10
1505.596
 20
156.678
 40
3.0
 50
270.0
 51
0.0
  0
LINE
  8
APS_GEOMETRY
 10
1508.596
 11
1508.596
 20
156.678
 21
257.678
  0
LINE
  8
APS_GEOMETRY
 10
2311.096
 11
2311.096
 20
262.178
 21
288.678
  0
ARC
  8
APS_GEOMETRY
 10
2314.096
 20
288.678
 40
3.0
 50
90.0
 51
180.0
  0
LINE
  8
APS_GEOMETRY
 10
2314.096
 11
2333.096
 20
291.678
 21
291.678
  0
ARC
  8
APS_GEOMETRY
 10
2333.096
 20
288.678
 40
3.0
 50
360.0
 51
90.0
  0
LINE
  8
APS_GEOMETRY
 10
2336.096
 11
2336.096
 20
288.678
 21
267.678
  0
LINE
  8
APS_GEOMETRY
 10
2336.096
 11
2340.596
 20
267.678
 21
267.678
  0
LINE
  8
APS_GEOMETRY
 10
2340.596
 11
2340.596
 20
267.678
 21
281.678
  0
LINE
  8
APS_GEOMETRY
 10
2340.596
 11
2344.596
 20
281.678
 21
281.678
  0
LINE
  8
APS_GEOMETRY
 10
2344.596
 11
2344.596
 20
281.678
 21
163.678
  0
LINE
  8
APS_GEOMETRY
 10
2344.596
 11
2338.096
 20
163.678
 21
163.678
  0
LINE
  8
APS_GEOMETRY
 10
2338.096
 11
2338.096
 20
163.678
 21
177.678
  0
LINE
  8
APS_GEOMETRY
 10
2338.096
 11
2333.596
 20
177.678
 21
177.678
  0
LINE
  8
APS_GEOMETRY
 10
2333.596
 11
2333.596
 20
177.678
 21
156.678
  0
ARC
  8
APS_GEOMETRY
 10
2330.596
 20
156.678
 40
3.0
 50
270.0
 51
360.0
  0
LINE
  8
APS_GEOMETRY
 10
2330.596
 11
2303.596
 20
153.678
 21
153.678
  0
ARC
  8
APS_GEOMETRY
 10
2303.596
 20
156.678
 40
3.0
 50
180.0
 51
270.0
  0
LINE
  8
APS_GEOMETRY
 10
2300.596
 11
2300.596
 20
156.678
 21
257.678
  0
LINE
  8
APS_GEOMETRY
 10
1514.096
 11
2295.096
 20
246.678
 21
246.678
  0
ARC
  8
APS_GEOMETRY
 10
2295.096
 20
249.678
 40
3.0
 50
270.0
 51
0.0
  0
LINE
  8
APS_GEOMETRY
 10
2298.096
 11
2298.096
 20
249.678
 21
261.678
  0
LINE
  8
APS_GEOMETRY
 10
2298.096
 11
2306.596
 20
261.678
 21
261.678
  0
ARC
  8
APS_GEOMETRY
 10
2306.596
 20
263.178
 40
1.5
 50
270.0
 51
0.0
  0
LINE
  8
APS_GEOMETRY
 10
2308.096
 11
2308.096
 20
263.178
 21
288.678
  0
ARC
  8
APS_GEOMETRY
 10
2305.096
 20
288.678
 40
3.0
 50
0.0
 51
90.0
  0
LINE
  8
APS_GEOMETRY
 10
2305.096
 11
1504.096
 20
291.678
 21
291.678
  0
ARC
  8
APS_GEOMETRY
 10
1504.096
 20
288.678
 40
3.0
 50
90.0
 51
180.0
  0
LINE
  8
APS_GEOMETRY
 10
1501.096
 11
1501.096
 20
288.678
 21
263.178
  0
ARC
  8
APS_GEOMETRY
 10
1502.596
 20
263.178
 40
1.5
 50
180.0
 51
270.0
  0
LINE
  8
APS_GEOMETRY
 10
1502.596
 11
1511.096
 20
261.678
 21
261.678
  0
LINE
  8
APS_GEOMETRY
 10
1511.096
 11
1511.096
 20
261.678
 21
249.678
  0
ARC
  8
APS_GEOMETRY
 10
1514.096
 20
249.678
 40
3.0
 50
180.0
 51
270.0
  0
LINE
  8
COSTRUZIONI
 10
1615.096
 11
1615.096
 20
254.678
 21
283.678
  0
LINE
  8
COSTRUZIONI
 10
1615.096
 11
1605.096
 20
283.678
 21
283.678
  0
LINE
  8
COSTRUZIONI
 10
1605.096
 11
1605.096
 20
283.678
 21
286.678
  0
LINE
  8
COSTRUZIONI
 10
1605.096
 11
1600.096
 20
286.678
 21
286.678
  0
LINE
  8
COSTRUZIONI
 10
1600.096
 11
1600.096
 20
286.678
 21
291.678
  0
LINE
  8
COSTRUZIONI
 10
1615.096
 11
1605.096
 20
254.678
 21
254.678
  0
LINE
  8
COSTRUZIONI
 10
1605.096
 11
1605.096
 20
254.678
 21
251.678
  0
LINE
  8
COSTRUZIONI
 10
1605.096
 11
1600.096
 20
251.678
 21
251.678
  0
LINE
  8
COSTRUZIONI
 10
1600.096
 11
1600.096
 20
251.678
 21
246.678
  0
LINE
  8
COSTRUZIONI
 10
1615.096
 11
1617.096
 20
277.678
 21
277.678
  0
LINE
  8
COSTRUZIONI
 10
1617.096
 11
1617.096
 20
277.678
 21
260.678
  0
LINE
  8
COSTRUZIONI
 10
1617.096
 11
1615.096
 20
260.678
 21
260.678
  0
LINE
  8
COSTRUZIONI
 10
1615.096
 11
1684.139
 20
283.678
 21
283.678
  0
LINE
  8
COSTRUZIONI
 10
1607.096
 11
1607.096
 20
283.678
 21
286.678
  0
LINE
  8
COSTRUZIONI
 10
1607.096
 11
1682.555
 20
286.678
 21
286.678
  0
LINE
  8
COSTRUZIONI
 10
1600.096
 11
1679.915
 20
291.678
 21
291.678
  0
LINE
  8
COSTRUZIONI
 10
1600.096
 11
1682.555
 20
286.678
 21
286.678
  0
LINE
  8
COSTRUZIONI
 10
2194.096
 11
2194.096
 20
254.678
 21
283.678
  0
LINE
  8
COSTRUZIONI
 10
2194.096
 11
2204.096
 20
283.678
 21
283.678
  0
LINE
  8
COSTRUZIONI
 10
2204.096
 11
2204.096
 20
283.678
 21
286.678
  0
LINE
  8
COSTRUZIONI
 10
2204.096
 11
2209.096
 20
286.678
 21
286.678
  0
LINE
  8
COSTRUZIONI
 10
2209.096
 11
2209.096
 20
286.678
 21
291.678
  0
LINE
  8
COSTRUZIONI
 10
2194.096
 11
2204.096
 20
254.678
 21
254.678
  0
LINE
  8
COSTRUZIONI
 10
2204.096
 11
2204.096
 20
254.678
 21
251.678
  0
LINE
  8
COSTRUZIONI
 10
2204.096
 11
2209.096
 20
251.678
 21
251.678
  0
LINE
  8
COSTRUZIONI
 10
2209.096
 11
2209.096
 20
251.678
 21
246.678
  0
LINE
  8
COSTRUZIONI
 10
2194.096
 11
2192.096
 20
277.678
 21
277.678
  0
LINE
  8
COSTRUZIONI
 10
2192.096
 11
2192.096
 20
277.678
 21
260.678
  0
LINE
  8
COSTRUZIONI
 10
2192.096
 11
2194.096
 20
260.678
 21
260.678
  0
LINE
  8
COSTRUZIONI
 10
1684.139
 11
2194.096
 20
283.678
 21
283.678
  0
LINE
  8
COSTRUZIONI
 10
1682.555
 11
2204.096
 20
286.678
 21
286.678
  0
LINE
  8
COSTRUZIONI
 10
1615.096
 11
1684.139
 20
254.678
 21
254.678
  0
LINE
  8
COSTRUZIONI
 10
1600.096
 11
1682.555
 20
251.678
 21
251.678
  0
LINE
  8
COSTRUZIONI
 10
1684.139
 11
2194.096
 20
254.678
 21
254.678
  0
LINE
  8
COSTRUZIONI
 10
1682.555
 11
2204.096
 20
251.678
 21
251.678
  0
LINE
  8
COSTRUZIONI
 10
1607.096
 11
1607.096
 20
254.678
 21
251.678
  0
LINE
  8
COSTRUZIONI
 10
2202.096
 11
2202.096
 20
283.678
 21
286.678
  0
LINE
  8
COSTRUZIONI
 10
2202.096
 11
2202.096
 20
254.678
 21
251.678
  0
LINE
  8
COSTRUZIONI
 10
1615.096
 11
1615.096
 20
-87.76
 21
-58.76
  0
LINE
  8
COSTRUZIONI
 10
1615.096
 11
1605.096
 20
-58.76
 21
-58.76
  0
LINE
  8
COSTRUZIONI
 10
1605.096
 11
1605.096
 20
-58.76
 21
-55.76
  0
LINE
  8
COSTRUZIONI
 10
1605.096
 11
1600.096
 20
-55.76
 21
-55.76
  0
LINE
  8
COSTRUZIONI
 10
1600.096
 11
1600.096
 20
-55.76
 21
-50.76
  0
LINE
  8
COSTRUZIONI
 10
1615.096
 11
1605.096
 20
-87.76
 21
-87.76
  0
LINE
  8
COSTRUZIONI
 10
1605.096
 11
1605.096
 20
-87.76
 21
-90.76
  0
LINE
  8
COSTRUZIONI
 10
1605.096
 11
1600.096
 20
-90.76
 21
-90.76
  0
LINE
  8
COSTRUZIONI
 10
1600.096
 11
1600.096
 20
-90.76
 21
-95.76
  0
LINE
  8
COSTRUZIONI
 10
1600.096
 11
1617.096
 20
-50.76
 21
-50.76
  0
ARC
  8
COSTRUZIONI
 10
1617.096
 20
-53.76
 40
3.0
 50
360.0
 51
90.0
  0
LINE
  8
COSTRUZIONI
 10
1620.096
 11
1620.096
 20
-53.76
 21
-73.26
  0
LINE
  8
COSTRUZIONI
 10
1620.096
 11
1615.096
 20
-73.26
 21
-73.26
  0
LINE
  8
COSTRUZIONI
 10
1615.096
 11
1620.096
 20
-73.26
 21
-73.26
  0
LINE
  8
COSTRUZIONI
 10
1620.096
 11
1620.096
 20
-73.26
 21
-92.76
  0
ARC
  8
COSTRUZIONI
 10
1617.096
 20
-92.76
 40
3.0
 50
270.0
 51
360.0
  0
LINE
  8
COSTRUZIONI
 10
1617.096
 11
1600.096
 20
-95.76
 21
-95.76
  0
LINE
  8
COSTRUZIONI
 10
2194.096
 11
2194.096
 20
-87.76
 21
-58.76
  0
LINE
  8
COSTRUZIONI
 10
2194.096
 11
2204.096
 20
-58.76
 21
-58.76
  0
LINE
  8
COSTRUZIONI
 10
2204.096
 11
2204.096
 20
-58.76
 21
-55.76
  0
LINE
  8
COSTRUZIONI
 10
2204.096
 11
2209.096
 20
-55.76
 21
-55.76
  0
LINE
  8
COSTRUZIONI
 10
2209.096
 11
2209.096
 20
-55.76
 21
-50.76
  0
LINE
  8
COSTRUZIONI
 10
2194.096
 11
2204.096
 20
-87.76
 21
-87.76
  0
LINE
  8
COSTRUZIONI
 10
2204.096
 11
2204.096
 20
-87.76
 21
-90.76
  0
LINE
  8
COSTRUZIONI
 10
2204.096
 11
2209.096
 20
-90.76
 21
-90.76
  0
LINE
  8
COSTRUZIONI
 10
2209.096
 11
2209.096
 20
-90.76
 21
-95.76
  0
LINE
  8
COSTRUZIONI
 10
2209.096
 11
2192.096
 20
-50.76
 21
-50.76
  0
ARC
  8
COSTRUZIONI
 10
2192.096
 20
-53.76
 40
3.0
 50
90.0
 51
180.0
  0
LINE
  8
COSTRUZIONI
 10
2189.096
 11
2189.096
 20
-53.76
 21
-73.26
  0
LINE
  8
COSTRUZIONI
 10
2189.096
 11
2194.096
 20
-73.26
 21
-73.26
  0
LINE
  8
COSTRUZIONI
 10
2194.096
 11
2189.096
 20
-73.26
 21
-73.26
  0
LINE
  8
COSTRUZIONI
 10
2189.096
 11
2189.096
 20
-73.26
 21
-92.76
  0
ARC
  8
COSTRUZIONI
 10
2192.096
 20
-92.76
 40
3.0
 50
180.0
 51
270.0
  0
LINE
  8
COSTRUZIONI
 10
2192.096
 11
2209.096
 20
-95.76
 21
-95.76
  0
LINE
  8
COSTRUZIONI
 10
1501.096
 11
713.47
 20
488.568
 21
488.568
  0
LINE
  8
COSTRUZIONI
 10
1501.096
 11
998.06
 20
2587.568
 21
2587.568
  0
LINE
  8
COSTRUZIONI
 10
1169.596
 11
1198.596
 20
2492.568
 21
2492.568
  0
LINE
  8
COSTRUZIONI
 10
1198.596
 11
1198.596
 20
2492.568
 21
2502.568
  0
LINE
  8
COSTRUZIONI
 10
1198.596
 11
1201.596
 20
2502.568
 21
2502.568
  0
LINE
  8
COSTRUZIONI
 10
1201.596
 11
1201.596
 20
2502.568
 21
2507.568
  0
LINE
  8
COSTRUZIONI
 10
1201.596
 11
1206.596
 20
2507.568
 21
2507.568
  0
LINE
  8
COSTRUZIONI
 10
1169.596
 11
1169.596
 20
2492.568
 21
2502.568
  0
LINE
  8
COSTRUZIONI
 10
1169.596
 11
1166.596
 20
2502.568
 21
2502.568
  0
LINE
  8
COSTRUZIONI
 10
1166.596
 11
1166.596
 20
2502.568
 21
2507.568
  0
LINE
  8
COSTRUZIONI
 10
1166.596
 11
1161.596
 20
2507.568
 21
2507.568
  0
LINE
  8
COSTRUZIONI
 10
1206.596
 11
1206.596
 20
2507.568
 21
2490.568
  0
ARC
  8
COSTRUZIONI
 10
1203.596
 20
2490.568
 40
3.0
 50
270.0
 51
360.0
  0
LINE
  8
COSTRUZIONI
 10
1203.596
 11
1184.096
 20
2487.568
 21
2487.568
  0
LINE
  8
COSTRUZIONI
 10
1184.096
 11
1184.096
 20
2487.568
 21
2492.568
  0
LINE
  8
COSTRUZIONI
 10
1184.096
 11
1184.096
 20
2492.568
 21
2487.568
  0
LINE
  8
COSTRUZIONI
 10
1184.096
 11
1164.596
 20
2487.568
 21
2487.568
  0
ARC
  8
COSTRUZIONI
 10
1164.596
 20
2490.568
 40
3.0
 50
180.0
 51
270.0
  0
LINE
  8
COSTRUZIONI
 10
1161.596
 11
1161.596
 20
2490.568
 21
2507.568
  0
LINE
  8
COSTRUZIONI
 10
1169.596
 11
1198.596
 20
2222.568
 21
2222.568
  0
LINE
  8
COSTRUZIONI
 10
1198.596
 11
1198.596
 20
2222.568
 21
2212.568
  0
LINE
  8
COSTRUZIONI
 10
1198.596
 11
1201.596
 20
2212.568
 21
2212.568
  0
LINE
  8
COSTRUZIONI
 10
1201.596
 11
1201.596
 20
2212.568
 21
2207.568
  0
LINE
  8
COSTRUZIONI
 10
1201.596
 11
1206.596
 20
2207.568
 21
2207.568
  0
LINE
  8
COSTRUZIONI
 10
1169.596
 11
1169.596
 20
2222.568
 21
2212.568
  0
LINE
  8
COSTRUZIONI
 10
1169.596
 11
1166.596
 20
2212.568
 21
2212.568
  0
LINE
  8
COSTRUZIONI
 10
1166.596
 11
1166.596
 20
2212.568
 21
2207.568
  0
LINE
  8
COSTRUZIONI
 10
1166.596
 11
1161.596
 20
2207.568
 21
2207.568
  0
LINE
  8
COSTRUZIONI
 10
1206.596
 11
1206.596
 20
2207.568
 21
2224.568
  0
ARC
  8
COSTRUZIONI
 10
1203.596
 20
2224.568
 40
3.0
 50
0.0
 51
90.0
  0
LINE
  8
COSTRUZIONI
 10
1203.596
 11
1184.096
 20
2227.568
 21
2227.568
  0
LINE
  8
COSTRUZIONI
 10
1184.096
 11
1184.096
 20
2227.568
 21
2222.568
  0
LINE
  8
COSTRUZIONI
 10
1184.096
 11
1184.096
 20
2222.568
 21
2227.568
  0
LINE
  8
COSTRUZIONI
 10
1184.096
 11
1164.596
 20
2227.568
 21
2227.568
  0
ARC
  8
COSTRUZIONI
 10
1164.596
 20
2224.568
 40
3.0
 50
90.0
 51
180.0
  0
LINE
  8
COSTRUZIONI
 10
1161.596
 11
1161.596
 20
2224.568
 21
2207.568
  0
LINE
  8
COSTRUZIONI
 10
1137.096
 11
1231.096
 20
2290.068
 21
2290.068
  0
ARC
  8
COSTRUZIONI
 10
1231.096
 20
2293.068
 40
3.0
 50
270.0
 51
0.0
  0
LINE
  8
COSTRUZIONI
 10
1234.096
 11
1234.096
 20
2293.068
 21
2422.068
  0
ARC
  8
COSTRUZIONI
 10
1231.096
 20
2422.068
 40
3.0
 50
0.0
 51
90.0
  0
LINE
  8
COSTRUZIONI
 10
1231.096
 11
1155.596
 20
2425.068
 21
2425.068
  0
LINE
  8
COSTRUZIONI
 10
1146.846
 11
1137.096
 20
2425.068
 21
2425.068
  0
ARC
  8
COSTRUZIONI
 10
1137.096
 20
2422.068
 40
3.0
 50
90.0
 51
180.0
  0
LINE
  8
COSTRUZIONI
 10
1134.096
 11
1134.096
 20
2422.068
 21
2293.068
  0
ARC
  8
COSTRUZIONI
 10
1137.096
 20
2293.068
 40
3.0
 50
180.0
 51
270.0
  0
LINE
  8
QUOTATURA
 10
1620.096
 11
1620.096
 20
978.568
 21
842.19
  0
LINE
  8
QUOTATURA
 10
2189.096
 11
2189.096
 20
978.568
 21
842.19
  0
LINE
  8
QUOTATURA
 10
1620.096
 11
1874.254
 20
852.19
 21
852.19
  0
LINE
  8
QUOTATURA
 10
1934.937
 11
2189.096
 20
852.19
 21
852.19
  0
LINE
  8
QUOTATURA
 10
1640.096
 11
1620.096
 20
848.856
 21
852.19
  0
LINE
  8
QUOTATURA
 10
1620.096
 11
1640.096
 20
852.19
 21
855.524
  0
LINE
  8
QUOTATURA
 10
1640.096
 11
1640.096
 20
855.524
 21
848.856
  0
LINE
  8
QUOTATURA
 10
2169.096
 11
2189.096
 20
855.524
 21
852.19
  0
LINE
  8
QUOTATURA
 10
2189.096
 11
2169.096
 20
852.19
 21
848.856
  0
LINE
  8
QUOTATURA
 10
2169.096
 11
2169.096
 20
848.856
 21
855.524
  0
LINE
  8
QUOTATURA
 10
1610.096
 11
1610.096
 20
783.568
 21
833.833
  0
LINE
  8
QUOTATURA
 10
2199.096
 11
2199.096
 20
783.568
 21
833.833
  0
LINE
  8
QUOTATURA
 10
1610.096
 11
1874.077
 20
823.833
 21
823.833
  0
LINE
  8
QUOTATURA
 10
1935.114
 11
2199.096
 20
823.833
 21
823.833
  0
LINE
  8
QUOTATURA
 10
1630.096
 11
1610.096
 20
820.499
 21
823.833
  0
LINE
  8
QUOTATURA
 10
1610.096
 11
1630.096
 20
823.833
 21
827.167
  0
LINE
  8
QUOTATURA
 10
1630.096
 11
1630.096
 20
827.167
 21
820.499
  0
LINE
  8
QUOTATURA
 10
2179.096
 11
2199.096
 20
827.167
 21
823.833
  0
LINE
  8
QUOTATURA
 10
2199.096
 11
2179.096
 20
823.833
 21
820.499
  0
LINE
  8
QUOTATURA
 10
2179.096
 11
2179.096
 20
820.499
 21
827.167
  0
LINE
  8
QUOTATURA
 10
1600.096
 11
1541.973
 20
638.568
 21
638.568
  0
LINE
  8
QUOTATURA
 10
1600.096
 11
1541.973
 20
773.568
 21
773.568
  0
LINE
  8
QUOTATURA
 10
1551.973
 11
1551.973
 20
638.568
 21
690.906
  0
LINE
  8
QUOTATURA
 10
1551.973
 11
1551.973
 20
721.131
 21
773.568
  0
LINE
  8
QUOTATURA
 10
1555.307
 11
1551.973
 20
658.568
 21
638.568
  0
LINE
  8
QUOTATURA
 10
1551.973
 11
1548.639
 20
638.568
 21
658.568
  0
LINE
  8
QUOTATURA
 10
1548.639
 11
1555.307
 20
658.568
 21
658.568
  0
LINE
  8
QUOTATURA
 10
1548.639
 11
1551.973
 20
753.568
 21
773.568
  0
LINE
  8
QUOTATURA
 10
1551.973
 11
1555.307
 20
773.568
 21
753.568
  0
LINE
  8
QUOTATURA
 10
1555.307
 11
1548.639
 20
753.568
 21
753.568
  0
LINE
  8
QUOTATURA
 10
1630.096
 11
1713.925
 20
588.568
 21
588.568
  0
LINE
  8
QUOTATURA
 10
1630.096
 11
1713.925
 20
988.568
 21
988.568
  0
LINE
  8
QUOTATURA
 10
1703.925
 11
1703.925
 20
588.568
 21
879.5
  0
LINE
  8
QUOTATURA
 10
1703.925
 11
1703.925
 20
909.75
 21
988.568
  0
LINE
  8
QUOTATURA
 10
1707.259
 11
1703.925
 20
608.568
 21
588.568
  0
LINE
  8
QUOTATURA
 10
1703.925
 11
1700.591
 20
588.568
 21
608.568
  0
LINE
  8
QUOTATURA
 10
1700.591
 11
1707.259
 20
608.568
 21
608.568
  0
LINE
  8
QUOTATURA
 10
1700.591
 11
1703.925
 20
968.568
 21
988.568
  0
LINE
  8
QUOTATURA
 10
1703.925
 11
1707.259
 20
988.568
 21
968.568
  0
LINE
  8
QUOTATURA
 10
1707.259
 11
1700.591
 20
968.568
 21
968.568
  0
LINE
  8
QUOTATURA
 10
1620.096
 11
1620.096
 20
2237.568
 21
2265.724
  0
LINE
  8
QUOTATURA
 10
2189.096
 11
2189.096
 20
2237.568
 21
2265.724
  0
LINE
  8
QUOTATURA
 10
1620.096
 11
1874.254
 20
2255.724
 21
2255.724
  0
LINE
  8
QUOTATURA
 10
1934.937
 11
2189.096
 20
2255.724
 21
2255.724
  0
LINE
  8
QUOTATURA
 10
1640.096
 11
1620.096
 20
2252.39
 21
2255.724
  0
LINE
  8
QUOTATURA
 10
1620.096
 11
1640.096
 20
2255.724
 21
2259.058
  0
LINE
  8
QUOTATURA
 10
1640.096
 11
1640.096
 20
2259.058
 21
2252.39
  0
LINE
  8
QUOTATURA
 10
2169.096
 11
2189.096
 20
2259.058
 21
2255.724
  0
LINE
  8
QUOTATURA
 10
2189.096
 11
2169.096
 20
2255.724
 21
2252.39
  0
LINE
  8
QUOTATURA
 10
2169.096
 11
2169.096
 20
2252.39
 21
2259.058
  0
LINE
  8
QUOTATURA
 10
1630.096
 11
1750.068
 20
2227.568
 21
2227.568
  0
LINE
  8
QUOTATURA
 10
1630.096
 11
1750.068
 20
2487.568
 21
2487.568
  0
LINE
  8
QUOTATURA
 10
1740.068
 11
1740.068
 20
2227.568
 21
2259.182
  0
LINE
  8
QUOTATURA
 10
1740.068
 11
1740.068
 20
2289.489
 21
2487.568
  0
LINE
  8
QUOTATURA
 10
1743.402
 11
1740.068
 20
2247.568
 21
2227.568
  0
LINE
  8
QUOTATURA
 10
1740.068
 11
1736.734
 20
2227.568
 21
2247.568
  0
LINE
  8
QUOTATURA
 10
1736.734
 11
1743.402
 20
2247.568
 21
2247.568
  0
LINE
  8
QUOTATURA
 10
1736.734
 11
1740.068
 20
2467.568
 21
2487.568
  0
LINE
  8
QUOTATURA
 10
1740.068
 11
1743.402
 20
2487.568
 21
2467.568
  0
LINE
  8
QUOTATURA
 10
1743.402
 11
1736.734
 20
2467.568
 21
2467.568
  0
LINE
  8
QUOTATURA
 10
1899.596
 11
1899.596
 20
783.568
 21
808.558
  0
LINE
  8
QUOTATURA
 10
1610.096
 11
1610.096
 20
783.568
 21
808.558
  0
LINE
  8
QUOTATURA
 10
1899.596
 11
1797.068
 20
798.558
 21
798.558
  0
LINE
  8
QUOTATURA
 10
1712.623
 11
1610.096
 20
798.558
 21
798.558
  0
LINE
  8
QUOTATURA
 10
1879.596
 11
1899.596
 20
801.892
 21
798.558
  0
LINE
  8
QUOTATURA
 10
1899.596
 11
1879.596
 20
798.558
 21
795.224
  0
LINE
  8
QUOTATURA
 10
1879.596
 11
1879.596
 20
795.224
 21
801.892
  0
LINE
  8
QUOTATURA
 10
1630.096
 11
1610.096
 20
795.224
 21
798.558
  0
LINE
  8
QUOTATURA
 10
1610.096
 11
1630.096
 20
798.558
 21
801.892
  0
LINE
  8
QUOTATURA
 10
1630.096
 11
1630.096
 20
801.892
 21
795.224
  0
LINE
  8
QUOTATURA
 10
1610.096
 11
1610.096
 20
2435.068
 21
2459.048
  0
LINE
  8
QUOTATURA
 10
2199.096
 11
2199.096
 20
2435.068
 21
2459.048
  0
LINE
  8
QUOTATURA
 10
1610.096
 11
1874.077
 20
2449.048
 21
2449.048
  0
LINE
  8
QUOTATURA
 10
1935.114
 11
2199.096
 20
2449.048
 21
2449.048
  0
LINE
  8
QUOTATURA
 10
1630.096
 11
1610.096
 20
2445.714
 21
2449.048
  0
LINE
  8
QUOTATURA
 10
1610.096
 11
1630.096
 20
2449.048
 21
2452.382
  0
LINE
  8
QUOTATURA
 10
1630.096
 11
1630.096
 20
2452.382
 21
2445.714
  0
LINE
  8
QUOTATURA
 10
2179.096
 11
2199.096
 20
2452.382
 21
2449.048
  0
LINE
  8
QUOTATURA
 10
2199.096
 11
2179.096
 20
2449.048
 21
2445.714
  0
LINE
  8
QUOTATURA
 10
2179.096
 11
2179.096
 20
2445.714
 21
2452.382
  0
LINE
  8
QUOTATURA
 10
1600.096
 11
1551.164
 20
2290.068
 21
2290.068
  0
LINE
  8
QUOTATURA
 10
1600.096
 11
1551.164
 20
2425.068
 21
2425.068
  0
LINE
  8
QUOTATURA
 10
1561.164
 11
1561.164
 20
2290.068
 21
2342.406
  0
LINE
  8
QUOTATURA
 10
1561.164
 11
1561.164
 20
2372.631
 21
2425.068
  0
LINE
  8
QUOTATURA
 10
1564.498
 11
1561.164
 20
2310.068
 21
2290.068
  0
LINE
  8
QUOTATURA
 10
1561.164
 11
1557.83
 20
2290.068
 21
2310.068
  0
LINE
  8
QUOTATURA
 10
1557.83
 11
1564.498
 20
2310.068
 21
2310.068
  0
LINE
  8
QUOTATURA
 10
1557.83
 11
1561.164
 20
2405.068
 21
2425.068
  0
LINE
  8
QUOTATURA
 10
1561.164
 11
1564.498
 20
2425.068
 21
2405.068
  0
LINE
  8
QUOTATURA
 10
1564.498
 11
1557.83
 20
2405.068
 21
2405.068
  0
LINE
  8
COSTRUZIONI
 10
1226.096
 11
1159.096
 20
2417.068
 21
2417.068
  0
LINE
  8
COSTRUZIONI
 10
1159.096
 11
1159.096
 20
2417.068
 21
2418.068
  0
LINE
  8
COSTRUZIONI
 10
1159.096
 11
1154.596
 20
2418.068
 21
2418.068
  0
LINE
  8
COSTRUZIONI
 10
1154.596
 11
1154.596
 20
2418.068
 21
2422.068
  0
LINE
  8
COSTRUZIONI
 10
1154.596
 11
1155.596
 20
2422.068
 21
2422.068
  0
LINE
  8
COSTRUZIONI
 10
1155.596
 11
1155.596
 20
2422.068
 21
2425.068
  0
LINE
  8
COSTRUZIONI
 10
1145.596
 11
1145.596
 20
2425.068
 21
2422.068
  0
LINE
  8
COSTRUZIONI
 10
1145.596
 11
1146.596
 20
2422.068
 21
2422.068
  0
LINE
  8
COSTRUZIONI
 10
1146.596
 11
1146.596
 20
2422.068
 21
2418.068
  0
LINE
  8
COSTRUZIONI
 10
1146.596
 11
1142.096
 20
2418.068
 21
2418.068
  0
LINE
  8
COSTRUZIONI
 10
1142.096
 11
1142.096
 20
2418.068
 21
2417.068
  0
LINE
  8
COSTRUZIONI
 10
1142.096
 11
1159.096
 20
2417.068
 21
2417.068
  0
LINE
  8
COSTRUZIONI
 10
1154.596
 11
1153.596
 20
2418.068
 21
2418.068
  0
LINE
  8
COSTRUZIONI
 10
1153.596
 11
1153.596
 20
2418.068
 21
2419.068
  0
LINE
  8
COSTRUZIONI
 10
1153.596
 11
1147.596
 20
2419.068
 21
2419.068
  0
LINE
  8
COSTRUZIONI
 10
1147.596
 11
1147.596
 20
2419.068
 21
2418.068
  0
LINE
  8
COSTRUZIONI
 10
1147.596
 11
1146.596
 20
2418.068
 21
2418.068
  0
LINE
  8
COSTRUZIONI
 10
1147.596
 11
1153.596
 20
2418.068
 21
2418.068
  0
LINE
  8
COSTRUZIONI
 10
1147.596
 11
1153.596
 20
2419.068
 21
2418.068
  0
LINE
  8
COSTRUZIONI
 10
1147.596
 11
1153.596
 20
2418.068
 21
2419.068
  0
LINE
  8
COSTRUZIONI
 10
1146.596
 11
1154.596
 20
2422.068
 21
2422.068
  0
LINE
  8
COSTRUZIONI
 10
1145.596
 11
1155.596
 20
2425.068
 21
2425.068
  0
LINE
  8
COSTRUZIONI
 10
1142.096
 11
1142.096
 20
2425.068
 21
2290.068
  0
LINE
  8
COSTRUZIONI
 10
1142.096
 11
1226.096
 20
2298.068
 21
2298.068
  0
LINE
  8
COSTRUZIONI
 10
1226.096
 11
1226.096
 20
2290.068
 21
2425.068
  0
LINE
  8
COSTRUZIONI
 10
1151.735
 11
1167.476
 20
2416.571
 21
2399.557
  0
LINE
  8
COSTRUZIONI
 10
1167.476
 11
1156.505
 20
2399.557
 21
2401.466
  0
LINE
  8
COSTRUZIONI
 10
1156.505
 11
1192.917
 20
2401.466
 21
2362.987
  0
LINE
  8
QUOTATURA
 10
1916.275
 11
1905.206
 20
686.76
 21
703.749
  0
LINE
  8
QUOTATURA
 10
1905.206
 11
1921.187
 20
703.749
 21
691.269
  0
LINE
  8
QUOTATURA
 10
1921.187
 11
1916.275
 20
691.269
 21
686.76
  0
LINE
  8
QUOTATURA
 10
1905.206
 11
2149.915
 20
703.749
 21
437.155
  0
LINE
  8
QUOTATURA
 10
2149.915
 11
2251.379
 20
437.155
 21
437.155
  0
LINE
  8
COSTRUZIONI
 10
1209.096
 11
1209.096
 20
2417.068
 21
2418.068
  0
LINE
  8
COSTRUZIONI
 10
1209.096
 11
1213.596
 20
2418.068
 21
2418.068
  0
LINE
  8
COSTRUZIONI
 10
1213.596
 11
1213.596
 20
2418.068
 21
2422.068
  0
LINE
  8
COSTRUZIONI
 10
1213.596
 11
1212.596
 20
2422.068
 21
2422.068
  0
LINE
  8
COSTRUZIONI
 10
1212.596
 11
1212.596
 20
2422.068
 21
2425.068
  0
LINE
  8
COSTRUZIONI
 10
1222.596
 11
1222.596
 20
2425.068
 21
2422.068
  0
LINE
  8
COSTRUZIONI
 10
1222.596
 11
1221.596
 20
2422.068
 21
2422.068
  0
LINE
  8
COSTRUZIONI
 10
1221.596
 11
1221.596
 20
2422.068
 21
2418.068
  0
LINE
  8
COSTRUZIONI
 10
1221.596
 11
1226.096
 20
2418.068
 21
2418.068
  0
LINE
  8
COSTRUZIONI
 10
1226.096
 11
1226.096
 20
2418.068
 21
2417.068
  0
LINE
  8
COSTRUZIONI
 10
1226.096
 11
1209.096
 20
2417.068
 21
2417.068
  0
LINE
  8
COSTRUZIONI
 10
1213.596
 11
1214.596
 20
2418.068
 21
2418.068
  0
LINE
  8
COSTRUZIONI
 10
1214.596
 11
1214.596
 20
2418.068
 21
2419.068
  0
LINE
  8
COSTRUZIONI
 10
1214.596
 11
1220.596
 20
2419.068
 21
2419.068
  0
LINE
  8
COSTRUZIONI
 10
1220.596
 11
1220.596
 20
2419.068
 21
2418.068
  0
LINE
  8
COSTRUZIONI
 10
1220.596
 11
1221.596
 20
2418.068
 21
2418.068
  0
LINE
  8
COSTRUZIONI
 10
1220.596
 11
1214.596
 20
2418.068
 21
2418.068
  0
LINE
  8
COSTRUZIONI
 10
1220.596
 11
1214.596
 20
2419.068
 21
2418.068
  0
LINE
  8
COSTRUZIONI
 10
1220.596
 11
1214.596
 20
2418.068
 21
2419.068
  0
LINE
  8
COSTRUZIONI
 10
1221.596
 11
1213.596
 20
2422.068
 21
2422.068
  0
LINE
  8
COSTRUZIONI
 10
1222.596
 11
1212.596
 20
2425.068
 21
2425.068
  0
LINE
  8
COSTRUZIONI
 10
1159.096
 11
1159.096
 20
2298.068
 21
2297.068
  0
LINE
  8
COSTRUZIONI
 10
1159.096
 11
1154.596
 20
2297.068
 21
2297.068
  0
LINE
  8
COSTRUZIONI
 10
1154.596
 11
1154.596
 20
2297.068
 21
2293.068
  0
LINE
  8
COSTRUZIONI
 10
1154.596
 11
1155.596
 20
2293.068
 21
2293.068
  0
LINE
  8
COSTRUZIONI
 10
1155.596
 11
1155.596
 20
2293.068
 21
2290.068
  0
LINE
  8
COSTRUZIONI
 10
1145.596
 11
1145.596
 20
2290.068
 21
2293.068
  0
LINE
  8
COSTRUZIONI
 10
1145.596
 11
1146.596
 20
2293.068
 21
2293.068
  0
LINE
  8
COSTRUZIONI
 10
1146.596
 11
1146.596
 20
2293.068
 21
2297.068
  0
LINE
  8
COSTRUZIONI
 10
1146.596
 11
1142.096
 20
2297.068
 21
2297.068
  0
LINE
  8
COSTRUZIONI
 10
1142.096
 11
1142.096
 20
2297.068
 21
2298.068
  0
LINE
  8
COSTRUZIONI
 10
1142.096
 11
1159.096
 20
2298.068
 21
2298.068
  0
LINE
  8
COSTRUZIONI
 10
1154.596
 11
1153.596
 20
2297.068
 21
2297.068
  0
LINE
  8
COSTRUZIONI
 10
1153.596
 11
1153.596
 20
2297.068
 21
2296.068
  0
LINE
  8
COSTRUZIONI
 10
1153.596
 11
1147.596
 20
2296.068
 21
2296.068
  0
LINE
  8
COSTRUZIONI
 10
1147.596
 11
1147.596
 20
2296.068
 21
2297.068
  0
LINE
  8
COSTRUZIONI
 10
1147.596
 11
1146.596
 20
2297.068
 21
2297.068
  0
LINE
  8
COSTRUZIONI
 10
1147.596
 11
1153.596
 20
2297.068
 21
2297.068
  0
LINE
  8
COSTRUZIONI
 10
1147.596
 11
1153.596
 20
2296.068
 21
2297.068
  0
LINE
  8
COSTRUZIONI
 10
1147.596
 11
1153.596
 20
2297.068
 21
2296.068
  0
LINE
  8
COSTRUZIONI
 10
1146.596
 11
1154.596
 20
2293.068
 21
2293.068
  0
LINE
  8
COSTRUZIONI
 10
1145.596
 11
1155.596
 20
2290.068
 21
2290.068
  0
LINE
  8
COSTRUZIONI
 10
1209.096
 11
1209.096
 20
2298.068
 21
2297.068
  0
LINE
  8
COSTRUZIONI
 10
1209.096
 11
1213.596
 20
2297.068
 21
2297.068
  0
LINE
  8
COSTRUZIONI
 10
1213.596
 11
1213.596
 20
2297.068
 21
2293.068
  0
LINE
  8
COSTRUZIONI
 10
1213.596
 11
1212.596
 20
2293.068
 21
2293.068
  0
LINE
  8
COSTRUZIONI
 10
1212.596
 11
1212.596
 20
2293.068
 21
2290.068
  0
LINE
  8
COSTRUZIONI
 10
1222.596
 11
1222.596
 20
2290.068
 21
2293.068
  0
LINE
  8
COSTRUZIONI
 10
1222.596
 11
1221.596
 20
2293.068
 21
2293.068
  0
LINE
  8
COSTRUZIONI
 10
1221.596
 11
1221.596
 20
2293.068
 21
2297.068
  0
LINE
  8
COSTRUZIONI
 10
1221.596
 11
1226.096
 20
2297.068
 21
2297.068
  0
LINE
  8
COSTRUZIONI
 10
1226.096
 11
1226.096
 20
2297.068
 21
2298.068
  0
LINE
  8
COSTRUZIONI
 10
1226.096
 11
1209.096
 20
2298.068
 21
2298.068
  0
LINE
  8
COSTRUZIONI
 10
1213.596
 11
1214.596
 20
2297.068
 21
2297.068
  0
LINE
  8
COSTRUZIONI
 10
1214.596
 11
1214.596
 20
2297.068
 21
2296.068
  0
LINE
  8
COSTRUZIONI
 10
1214.596
 11
1220.596
 20
2296.068
 21
2296.068
  0
LINE
  8
COSTRUZIONI
 10
1220.596
 11
1220.596
 20
2296.068
 21
2297.068
  0
LINE
  8
COSTRUZIONI
 10
1220.596
 11
1221.596
 20
2297.068
 21
2297.068
  0
LINE
  8
COSTRUZIONI
 10
1220.596
 11
1214.596
 20
2297.068
 21
2297.068
  0
LINE
  8
COSTRUZIONI
 10
1220.596
 11
1214.596
 20
2296.068
 21
2297.068
  0
LINE
  8
COSTRUZIONI
 10
1220.596
 11
1214.596
 20
2297.068
 21
2296.068
  0
LINE
  8
COSTRUZIONI
 10
1221.596
 11
1213.596
 20
2293.068
 21
2293.068
  0
LINE
  8
COSTRUZIONI
 10
1222.596
 11
1212.596
 20
2290.068
 21
2290.068
  0
LINE
  8
COSTRUZIONI
 10
1216.457
 11
1200.715
 20
2416.571
 21
2399.557
  0
LINE
  8
COSTRUZIONI
 10
1200.715
 11
1211.686
 20
2399.557
 21
2401.466
  0
LINE
  8
COSTRUZIONI
 10
1211.686
 11
1175.275
 20
2401.466
 21
2362.987
  0
LINE
  8
COSTRUZIONI
 10
1151.735
 11
1167.476
 20
2298.565
 21
2315.578
  0
LINE
  8
COSTRUZIONI
 10
1167.476
 11
1156.505
 20
2315.578
 21
2313.67
  0
LINE
  8
COSTRUZIONI
 10
1156.505
 11
1192.917
 20
2313.67
 21
2352.149
  0
LINE
  8
COSTRUZIONI
 10
1216.457
 11
1200.715
 20
2298.565
 21
2315.578
  0
LINE
  8
COSTRUZIONI
 10
1200.715
 11
1211.686
 20
2315.578
 21
2313.67
  0
LINE
  8
COSTRUZIONI
 10
1211.686
 11
1175.275
 20
2313.67
 21
2352.149
  0
LINE
  8
COSTRUZIONI
 10
1169.596
 11
1198.596
 20
993.568
 21
993.568
  0
LINE
  8
COSTRUZIONI
 10
1198.596
 11
1198.596
 20
993.568
 21
1003.568
  0
LINE
  8
COSTRUZIONI
 10
1198.596
 11
1201.596
 20
1003.568
 21
1003.568
  0
LINE
  8
COSTRUZIONI
 10
1201.596
 11
1201.596
 20
1003.568
 21
1008.568
  0
LINE
  8
COSTRUZIONI
 10
1201.596
 11
1206.596
 20
1008.568
 21
1008.568
  0
LINE
  8
COSTRUZIONI
 10
1169.596
 11
1169.596
 20
993.568
 21
1003.568
  0
LINE
  8
COSTRUZIONI
 10
1169.596
 11
1166.596
 20
1003.568
 21
1003.568
  0
LINE
  8
COSTRUZIONI
 10
1166.596
 11
1166.596
 20
1003.568
 21
1008.568
  0
LINE
  8
COSTRUZIONI
 10
1166.596
 11
1161.596
 20
1008.568
 21
1008.568
  0
LINE
  8
COSTRUZIONI
 10
1206.596
 11
1206.596
 20
1008.568
 21
991.568
  0
ARC
  8
COSTRUZIONI
 10
1203.596
 20
991.568
 40
3.0
 50
270.0
 51
360.0
  0
LINE
  8
COSTRUZIONI
 10
1203.596
 11
1184.096
 20
988.568
 21
988.568
  0
LINE
  8
COSTRUZIONI
 10
1184.096
 11
1184.096
 20
988.568
 21
993.568
  0
LINE
  8
COSTRUZIONI
 10
1184.096
 11
1184.096
 20
993.568
 21
988.568
  0
LINE
  8
COSTRUZIONI
 10
1184.096
 11
1164.596
 20
988.568
 21
988.568
  0
ARC
  8
COSTRUZIONI
 10
1164.596
 20
991.568
 40
3.0
 50
180.0
 51
270.0
  0
LINE
  8
COSTRUZIONI
 10
1161.596
 11
1161.596
 20
991.568
 21
1008.568
  0
LINE
  8
COSTRUZIONI
 10
1169.596
 11
1198.596
 20
583.568
 21
583.568
  0
LINE
  8
COSTRUZIONI
 10
1198.596
 11
1198.596
 20
583.568
 21
573.568
  0
LINE
  8
COSTRUZIONI
 10
1198.596
 11
1201.596
 20
573.568
 21
573.568
  0
LINE
  8
COSTRUZIONI
 10
1201.596
 11
1201.596
 20
573.568
 21
568.568
  0
LINE
  8
COSTRUZIONI
 10
1201.596
 11
1206.596
 20
568.568
 21
568.568
  0
LINE
  8
COSTRUZIONI
 10
1169.596
 11
1169.596
 20
583.568
 21
573.568
  0
LINE
  8
COSTRUZIONI
 10
1169.596
 11
1166.596
 20
573.568
 21
573.568
  0
LINE
  8
COSTRUZIONI
 10
1166.596
 11
1166.596
 20
573.568
 21
568.568
  0
LINE
  8
COSTRUZIONI
 10
1166.596
 11
1161.596
 20
568.568
 21
568.568
  0
LINE
  8
COSTRUZIONI
 10
1206.596
 11
1206.596
 20
568.568
 21
585.568
  0
ARC
  8
COSTRUZIONI
 10
1203.596
 20
585.568
 40
3.0
 50
0.0
 51
90.0
  0
LINE
  8
COSTRUZIONI
 10
1203.596
 11
1184.096
 20
588.568
 21
588.568
  0
LINE
  8
COSTRUZIONI
 10
1184.096
 11
1184.096
 20
588.568
 21
583.568
  0
LINE
  8
COSTRUZIONI
 10
1184.096
 11
1184.096
 20
583.568
 21
588.568
  0
LINE
  8
COSTRUZIONI
 10
1184.096
 11
1164.596
 20
588.568
 21
588.568
  0
ARC
  8
COSTRUZIONI
 10
1164.596
 20
585.568
 40
3.0
 50
90.0
 51
180.0
  0
LINE
  8
COSTRUZIONI
 10
1161.596
 11
1161.596
 20
585.568
 21
568.568
  0
LINE
  8
COSTRUZIONI
 10
1137.096
 11
1231.096
 20
638.568
 21
638.568
  0
ARC
  8
COSTRUZIONI
 10
1231.096
 20
641.568
 40
3.0
 50
270.0
 51
0.0
  0
LINE
  8
COSTRUZIONI
 10
1234.096
 11
1234.096
 20
641.568
 21
770.568
  0
ARC
  8
COSTRUZIONI
 10
1231.096
 20
770.568
 40
3.0
 50
0.0
 51
90.0
  0
LINE
  8
COSTRUZIONI
 10
1231.096
 11
1226.096
 20
773.568
 21
773.568
  0
LINE
  8
COSTRUZIONI
 10
1142.096
 11
1137.096
 20
773.568
 21
773.568
  0
ARC
  8
COSTRUZIONI
 10
1137.096
 20
770.568
 40
3.0
 50
90.0
 51
180.0
  0
LINE
  8
COSTRUZIONI
 10
1134.096
 11
1134.096
 20
770.568
 21
641.568
  0
ARC
  8
COSTRUZIONI
 10
1137.096
 20
641.568
 40
3.0
 50
180.0
 51
270.0
  0
LINE
  8
COSTRUZIONI
 10
1142.096
 11
1142.096
 20
773.568
 21
638.568
  0
LINE
  8
COSTRUZIONI
 10
1142.096
 11
1226.096
 20
646.568
 21
646.568
  0
LINE
  8
COSTRUZIONI
 10
1226.096
 11
1226.096
 20
638.568
 21
773.568
  0
LINE
  8
COSTRUZIONI
 10
1169.596
 11
1198.596
 20
2127.568
 21
2127.568
  0
LINE
  8
COSTRUZIONI
 10
1198.596
 11
1198.596
 20
2127.568
 21
2137.568
  0
LINE
  8
COSTRUZIONI
 10
1198.596
 11
1201.596
 20
2137.568
 21
2137.568
  0
LINE
  8
COSTRUZIONI
 10
1201.596
 11
1201.596
 20
2137.568
 21
2142.568
  0
LINE
  8
COSTRUZIONI
 10
1201.596
 11
1206.596
 20
2142.568
 21
2142.568
  0
LINE
  8
COSTRUZIONI
 10
1169.596
 11
1169.596
 20
2127.568
 21
2137.568
  0
LINE
  8
COSTRUZIONI
 10
1169.596
 11
1166.596
 20
2137.568
 21
2137.568
  0
LINE
  8
COSTRUZIONI
 10
1166.596
 11
1166.596
 20
2137.568
 21
2142.568
  0
LINE
  8
COSTRUZIONI
 10
1166.596
 11
1161.596
 20
2142.568
 21
2142.568
  0
LINE
  8
COSTRUZIONI
 10
1192.596
 11
1192.596
 20
2127.568
 21
2125.568
  0
LINE
  8
COSTRUZIONI
 10
1192.596
 11
1175.596
 20
2125.568
 21
2125.568
  0
LINE
  8
COSTRUZIONI
 10
1175.596
 11
1175.596
 20
2125.568
 21
2127.568
  0
LINE
  8
COSTRUZIONI
 10
1198.596
 11
1201.596
 20
2135.568
 21
2135.568
  0
LINE
  8
COSTRUZIONI
 10
1169.596
 11
1166.596
 20
2135.568
 21
2135.568
  0
LINE
  8
COSTRUZIONI
 10
1198.596
 11
1169.596
 20
1088.568
 21
1088.568
  0
LINE
  8
COSTRUZIONI
 10
1169.596
 11
1169.596
 20
1088.568
 21
1078.568
  0
LINE
  8
COSTRUZIONI
 10
1169.596
 11
1166.596
 20
1078.568
 21
1078.568
  0
LINE
  8
COSTRUZIONI
 10
1166.596
 11
1166.596
 20
1078.568
 21
1073.568
  0
LINE
  8
COSTRUZIONI
 10
1166.596
 11
1161.596
 20
1073.568
 21
1073.568
  0
LINE
  8
COSTRUZIONI
 10
1198.596
 11
1198.596
 20
1088.568
 21
1078.568
  0
LINE
  8
COSTRUZIONI
 10
1198.596
 11
1201.596
 20
1078.568
 21
1078.568
  0
LINE
  8
COSTRUZIONI
 10
1201.596
 11
1201.596
 20
1078.568
 21
1073.568
  0
LINE
  8
COSTRUZIONI
 10
1201.596
 11
1206.596
 20
1073.568
 21
1073.568
  0
LINE
  8
COSTRUZIONI
 10
1175.596
 11
1175.596
 20
1088.568
 21
1090.568
  0
LINE
  8
COSTRUZIONI
 10
1175.596
 11
1192.596
 20
1090.568
 21
1090.568
  0
LINE
  8
COSTRUZIONI
 10
1192.596
 11
1192.596
 20
1090.568
 21
1088.568
  0
LINE
  8
COSTRUZIONI
 10
1169.596
 11
1166.596
 20
1080.568
 21
1080.568
  0
LINE
  8
COSTRUZIONI
 10
1198.596
 11
1201.596
 20
1080.568
 21
1080.568
  0
LINE
  8
COSTRUZIONI
 10
1201.596
 11
1201.596
 20
2137.568
 21
1078.568
  0
LINE
  8
COSTRUZIONI
 10
1166.596
 11
1166.596
 20
2137.568
 21
1078.568
  0
LINE
  8
COSTRUZIONI
 10
1161.596
 11
1161.596
 20
2142.568
 21
1073.568
  0
LINE
  8
COSTRUZIONI
 10
1206.596
 11
1206.596
 20
2142.568
 21
1073.568
  0
LINE
  8
QUOTATURA
 10
1134.096
 11
1134.096
 20
2303.068
 21
2368.934
  0
LINE
  8
QUOTATURA
 10
1234.096
 11
1234.096
 20
2303.068
 21
2368.934
  0
LINE
  8
QUOTATURA
 10
1234.096
 11
1098.638
 20
2358.934
 21
2358.934
  0
LINE
  8
QUOTATURA
 10
1154.096
 11
1134.096
 20
2355.6
 21
2358.934
  0
LINE
  8
QUOTATURA
 10
1134.096
 11
1154.096
 20
2358.934
 21
2362.268
  0
LINE
  8
QUOTATURA
 10
1154.096
 11
1154.096
 20
2362.268
 21
2355.6
  0
LINE
  8
QUOTATURA
 10
1214.096
 11
1234.096
 20
2362.268
 21
2358.934
  0
LINE
  8
QUOTATURA
 10
1234.096
 11
1214.096
 20
2358.934
 21
2355.6
  0
LINE
  8
QUOTATURA
 10
1214.096
 11
1214.096
 20
2355.6
 21
2362.268
  0
LINE
  8
QUOTATURA
 10
1234.096
 11
1234.096
 20
651.568
 21
711.854
  0
LINE
  8
QUOTATURA
 10
1134.096
 11
1134.096
 20
651.568
 21
711.854
  0
LINE
  8
QUOTATURA
 10
1234.096
 11
1101.313
 20
701.854
 21
701.854
  0
LINE
  8
QUOTATURA
 10
1214.096
 11
1234.096
 20
705.188
 21
701.854
  0
LINE
  8
QUOTATURA
 10
1234.096
 11
1214.096
 20
701.854
 21
698.52
  0
LINE
  8
QUOTATURA
 10
1214.096
 11
1214.096
 20
698.52
 21
705.188
  0
LINE
  8
QUOTATURA
 10
1154.096
 11
1134.096
 20
698.52
 21
701.854
  0
LINE
  8
QUOTATURA
 10
1134.096
 11
1154.096
 20
701.854
 21
705.188
  0
LINE
  8
QUOTATURA
 10
1154.096
 11
1154.096
 20
705.188
 21
698.52
  0
LINE
  8
QUOTATURA
 10
1142.096
 11
1142.096
 20
648.568
 21
679.312
  0
LINE
  8
QUOTATURA
 10
1134.096
 11
1088.348
 20
669.312
 21
669.312
  0
LINE
  8
QUOTATURA
 10
1114.096
 11
1134.096
 20
672.646
 21
669.312
  0
LINE
  8
QUOTATURA
 10
1134.096
 11
1114.096
 20
669.312
 21
665.978
  0
LINE
  8
QUOTATURA
 10
1114.096
 11
1114.096
 20
665.978
 21
672.646
  0
LINE
  8
QUOTATURA
 10
1142.096
 11
1182.096
 20
669.312
 21
669.312
  0
LINE
  8
QUOTATURA
 10
1162.096
 11
1142.096
 20
665.978
 21
669.312
  0
LINE
  8
QUOTATURA
 10
1142.096
 11
1162.096
 20
669.312
 21
672.646
  0
LINE
  8
QUOTATURA
 10
1162.096
 11
1162.096
 20
672.646
 21
665.978
  0
LINE
  8
QUOTATURA
 10
1894.596
 11
1773.333
 20
588.568
 21
588.568
  0
LINE
  8
QUOTATURA
 10
1764.846
 11
1793.333
 20
638.568
 21
638.568
  0
LINE
  8
QUOTATURA
 10
1783.333
 11
1783.333
 20
588.568
 21
515.219
  0
LINE
  8
QUOTATURA
 10
1783.333
 11
1726.691
 20
515.219
 21
515.219
  0
LINE
  8
QUOTATURA
 10
1779.999
 11
1783.333
 20
568.568
 21
588.568
  0
LINE
  8
QUOTATURA
 10
1783.333
 11
1786.667
 20
588.568
 21
568.568
  0
LINE
  8
QUOTATURA
 10
1786.667
 11
1779.999
 20
568.568
 21
568.568
  0
LINE
  8
QUOTATURA
 10
1783.333
 11
1783.333
 20
638.568
 21
678.568
  0
LINE
  8
QUOTATURA
 10
1786.667
 11
1783.333
 20
658.568
 21
638.568
  0
LINE
  8
QUOTATURA
 10
1783.333
 11
1779.999
 20
638.568
 21
658.568
  0
LINE
  8
QUOTATURA
 10
1779.999
 11
1786.667
 20
658.568
 21
658.568
  0
LINE
  8
QUOTATURA
 10
2179.096
 11
2047.501
 20
2227.568
 21
2227.568
  0
LINE
  8
QUOTATURA
 10
2057.501
 11
2057.501
 20
2290.068
 21
2175.888
  0
LINE
  8
QUOTATURA
 10
2057.501
 11
2108.081
 20
2175.888
 21
2175.888
  0
LINE
  8
QUOTATURA
 10
2054.167
 11
2057.501
 20
2270.068
 21
2290.068
  0
LINE
  8
QUOTATURA
 10
2057.501
 11
2060.835
 20
2290.068
 21
2270.068
  0
LINE
  8
QUOTATURA
 10
2060.835
 11
2054.167
 20
2270.068
 21
2270.068
  0
LINE
  8
QUOTATURA
 10
2060.835
 11
2057.501
 20
2247.568
 21
2227.568
  0
LINE
  8
QUOTATURA
 10
2057.501
 11
2054.167
 20
2227.568
 21
2247.568
  0
LINE
  8
QUOTATURA
 10
2054.167
 11
2060.835
 20
2247.568
 21
2247.568
  0
LINE
  8
QUOTATURA
 10
2215.996
 11
2261.762
 20
1073.568
 21
1073.568
  0
LINE
  8
QUOTATURA
 10
2215.996
 11
2261.762
 20
2142.568
 21
2142.568
  0
LINE
  8
QUOTATURA
 10
2251.762
 11
2251.762
 20
1073.568
 21
1592.82
  0
LINE
  8
QUOTATURA
 10
2251.762
 11
2251.762
 20
1623.098
 21
2142.568
  0
LINE
  8
QUOTATURA
 10
2255.096
 11
2251.762
 20
1093.568
 21
1073.568
  0
LINE
  8
QUOTATURA
 10
2251.762
 11
2248.428
 20
1073.568
 21
1093.568
  0
LINE
  8
QUOTATURA
 10
2248.428
 11
2255.096
 20
1093.568
 21
1093.568
  0
LINE
  8
QUOTATURA
 10
2248.428
 11
2251.762
 20
2122.568
 21
2142.568
  0
LINE
  8
QUOTATURA
 10
2251.762
 11
2255.096
 20
2142.568
 21
2122.568
  0
LINE
  8
QUOTATURA
 10
2255.096
 11
2248.428
 20
2122.568
 21
2122.568
  0
LINE
  8
QUOTATURA
 10
1600.096
 11
1600.096
 20
1066.668
 21
1033.962
  0
LINE
  8
QUOTATURA
 10
2209.096
 11
2209.096
 20
1066.668
 21
1033.962
  0
LINE
  8
QUOTATURA
 10
1600.096
 11
1873.72
 20
1043.962
 21
1043.962
  0
LINE
  8
QUOTATURA
 10
1935.471
 11
2209.096
 20
1043.962
 21
1043.962
  0
LINE
  8
QUOTATURA
 10
1620.096
 11
1600.096
 20
1040.628
 21
1043.962
  0
LINE
  8
QUOTATURA
 10
1600.096
 11
1620.096
 20
1043.962
 21
1047.296
  0
LINE
  8
QUOTATURA
 10
1620.096
 11
1620.096
 20
1047.296
 21
1040.628
  0
LINE
  8
QUOTATURA
 10
2189.096
 11
2209.096
 20
1047.296
 21
1043.962
  0
LINE
  8
QUOTATURA
 10
2209.096
 11
2189.096
 20
1043.962
 21
1040.628
  0
LINE
  8
QUOTATURA
 10
2189.096
 11
2189.096
 20
1040.628
 21
1047.296
  0
LINE
  8
APS_GEOMETRY
 10
-554.494
 11
-1152.494
 20
2587.568
 21
2587.568
  0
LINE
  8
APS_GEOMETRY
 10
-554.494
 11
-1152.494
 20
1008.568
 21
1008.568
  0
LINE
  8
APS_GEOMETRY
 10
-1152.494
 11
-554.494
 20
568.568
 21
568.568
  0
LINE
  8
APS_GEOMETRY
 10
-554.494
 11
-1152.494
 20
2507.568
 21
2507.568
  0
LINE
  8
APS_GEOMETRY
 10
-1152.494
 11
-554.494
 20
2207.568
 21
2207.568
  0
LINE
  8
APS_GEOMETRY
 10
-1152.494
 11
-554.494
 20
2142.568
 21
2142.568
  0
LINE
  8
APS_GEOMETRY
 10
-554.494
 11
-1152.494
 20
1073.568
 21
1073.568
  0
LINE
  8
COSTRUZIONI
 10
-1152.494
 11
-552.094
 20
2222.568
 21
2222.568
  0
LINE
  8
COSTRUZIONI
 10
-1152.494
 11
-554.494
 20
2127.568
 21
2127.568
  0
LINE
  8
COSTRUZIONI
 10
-552.094
 11
-1154.894
 20
993.568
 21
993.568
  0
LINE
  8
COSTRUZIONI
 10
-554.494
 11
-1152.494
 20
1088.568
 21
1088.568
  0
LINE
  8
COSTRUZIONI
 10
-1152.494
 11
-552.094
 20
583.568
 21
583.568
  0
LINE
  8
APS_GEOMETRY
 10
-1152.494
 11
-554.494
 20
488.568
 21
488.568
  0
LINE
  8
COSTRUZIONI
 10
-552.094
 11
-1152.494
 20
2492.568
 21
2492.568
  0
LINE
  8
COSTRUZIONI
 10
-1152.494
 11
-1152.494
 20
488.568
 21
2587.568
  0
LINE
  8
COSTRUZIONI
 10
-554.494
 11
-554.494
 20
488.568
 21
2587.568
  0
LINE
  8
QUOTATURA
 10
-843.494
 11
-775.372
 20
2492.568
 21
2492.568
  0
LINE
  8
QUOTATURA
 10
-843.494
 11
-775.372
 20
2587.568
 21
2587.568
  0
LINE
  8
QUOTATURA
 10
-785.372
 11
-785.372
 20
2492.568
 21
2524.82
  0
LINE
  8
QUOTATURA
 10
-785.372
 11
-785.372
 20
2555.075
 21
2587.568
  0
LINE
  8
QUOTATURA
 10
-782.038
 11
-785.372
 20
2512.568
 21
2492.568
  0
LINE
  8
QUOTATURA
 10
-785.372
 11
-788.706
 20
2492.568
 21
2512.568
  0
LINE
  8
QUOTATURA
 10
-788.706
 11
-782.038
 20
2512.568
 21
2512.568
  0
LINE
  8
QUOTATURA
 10
-788.706
 11
-785.372
 20
2567.568
 21
2587.568
  0
LINE
  8
QUOTATURA
 10
-785.372
 11
-782.038
 20
2587.568
 21
2567.568
  0
LINE
  8
QUOTATURA
 10
-782.038
 11
-788.706
 20
2567.568
 21
2567.568
  0
LINE
  8
QUOTATURA
 10
-843.494
 11
-780.467
 20
2127.568
 21
2127.568
  0
LINE
  8
QUOTATURA
 10
-843.494
 11
-780.467
 20
2222.568
 21
2222.568
  0
LINE
  8
QUOTATURA
 10
-790.467
 11
-790.467
 20
2127.568
 21
2159.82
  0
LINE
  8
QUOTATURA
 10
-790.467
 11
-790.467
 20
2190.075
 21
2222.568
  0
LINE
  8
QUOTATURA
 10
-787.133
 11
-790.467
 20
2147.568
 21
2127.568
  0
LINE
  8
QUOTATURA
 10
-790.467
 11
-793.801
 20
2127.568
 21
2147.568
  0
LINE
  8
QUOTATURA
 10
-793.801
 11
-787.133
 20
2147.568
 21
2147.568
  0
LINE
  8
QUOTATURA
 10
-793.801
 11
-790.467
 20
2202.568
 21
2222.568
  0
LINE
  8
QUOTATURA
 10
-790.467
 11
-787.133
 20
2222.568
 21
2202.568
  0
LINE
  8
QUOTATURA
 10
-787.133
 11
-793.801
 20
2202.568
 21
2202.568
  0
LINE
  8
QUOTATURA
 10
-843.494
 11
-772.834
 20
993.568
 21
993.568
  0
LINE
  8
QUOTATURA
 10
-843.494
 11
-772.834
 20
1088.568
 21
1088.568
  0
LINE
  8
QUOTATURA
 10
-782.834
 11
-782.834
 20
993.568
 21
1025.82
  0
LINE
  8
QUOTATURA
 10
-782.834
 11
-782.834
 20
1056.075
 21
1088.568
  0
LINE
  8
QUOTATURA
 10
-779.5
 11
-782.834
 20
1013.568
 21
993.568
  0
LINE
  8
QUOTATURA
 10
-782.834
 11
-786.168
 20
993.568
 21
1013.568
  0
LINE
  8
QUOTATURA
 10
-786.168
 11
-779.5
 20
1013.568
 21
1013.568
  0
LINE
  8
QUOTATURA
 10
-786.168
 11
-782.834
 20
1068.568
 21
1088.568
  0
LINE
  8
QUOTATURA
 10
-782.834
 11
-779.5
 20
1088.568
 21
1068.568
  0
LINE
  8
QUOTATURA
 10
-779.5
 11
-786.168
 20
1068.568
 21
1068.568
  0
LINE
  8
QUOTATURA
 10
-843.494
 11
-773.044
 20
488.568
 21
488.568
  0
LINE
  8
QUOTATURA
 10
-843.494
 11
-773.044
 20
583.568
 21
583.568
  0
LINE
  8
QUOTATURA
 10
-783.044
 11
-783.044
 20
488.568
 21
520.82
  0
LINE
  8
QUOTATURA
 10
-783.044
 11
-783.044
 20
551.075
 21
583.568
  0
LINE
  8
QUOTATURA
 10
-779.71
 11
-783.044
 20
508.568
 21
488.568
  0
LINE
  8
QUOTATURA
 10
-783.044
 11
-786.378
 20
488.568
 21
508.568
  0
LINE
  8
QUOTATURA
 10
-786.378
 11
-779.71
 20
508.568
 21
508.568
  0
LINE
  8
QUOTATURA
 10
-786.378
 11
-783.044
 20
563.568
 21
583.568
  0
LINE
  8
QUOTATURA
 10
-783.044
 11
-779.71
 20
583.568
 21
563.568
  0
LINE
  8
QUOTATURA
 10
-779.71
 11
-786.378
 20
563.568
 21
563.568
  0
LINE
  8
COSTRUZIONI
 10
-1898.364
 11
101.636
 20
-272.024
 21
-272.024
  0
LINE
  8
COSTRUZIONI
 10
101.636
 11
101.636
 20
-272.024
 21
-72.024
  0
LINE
  8
COSTRUZIONI
 10
101.636
 11
-1898.364
 20
-72.024
 21
-72.024
  0
LINE
  8
COSTRUZIONI
 10
-1898.364
 11
-1898.364
 20
-72.024
 21
-272.024
  0
LINE
  8
COSTRUZIONI
 10
-898.364
 11
-898.364
 20
-272.024
 21
-72.024
  0
LINE
  8
COSTRUZIONI
 10
-898.364
 11
101.636
 20
-172.024
 21
-172.024
  0
LINE
  8
COSTRUZIONI
 10
-398.364
 11
-398.364
 20
-272.024
 21
-72.024
  0
LINE
  8
APS_GEOMETRY
 10
-1835.679
 11
-1818.445
 20
-126.009
 21
-126.009
  0
ARC
  8
APS_GEOMETRY
 10
-1819.316
 20
-101.314
 40
24.711
 50
272.021
 51
278.44
  0
ARC
  8
APS_GEOMETRY
 10
-1818.344
 20
-107.869
 40
18.083
 50
278.44
 51
285.945
  0
ARC
  8
APS_GEOMETRY
 10
-1811.026
 20
-134.067
 40
9.118
 50
98.584
 51
104.931
  0
ARC
  8
APS_GEOMETRY
 10
-1811.642
 20
-129.986
 40
4.991
 50
90.0
 51
98.584
  0
ARC
  8
APS_GEOMETRY
 10
-1811.642
 20
-128.747
 40
3.752
 50
52.871
 51
90.0
  0
ARC
  8
APS_GEOMETRY
 10
-1816.731
 20
-135.468
 40
12.182
 50
32.518
 51
52.871
  0
ARC
  8
APS_GEOMETRY
 10
-1820.762
 20
-138.038
 40
16.963
 50
17.209
 51
32.518
  0
ARC
  8
APS_GEOMETRY
 10
-1817.402
 20
-136.997
 40
13.445
 50
360.0
 51
17.209
  0
ARC
  8
APS_GEOMETRY
 10
-1810.674
 20
-136.997
 40
6.717
 50
337.348
 51
360.0
  0
ARC
  8
APS_GEOMETRY
 10
-1807.975
 20
-138.124
 40
3.792
 50
307.042
 51
337.348
  0
ARC
  8
APS_GEOMETRY
 10
-1808.444
 20
-137.48
 40
4.589
 50
287.186
 51
306.87
  0
ARC
  8
APS_GEOMETRY
 10
-1808.863
 20
-136.126
 40
6.006
 50
270.0
 51
287.186
  0
ARC
  8
APS_GEOMETRY
 10
-1808.863
 20
-136.738
 40
5.393
 50
252.221
 51
270.0
  0
ARC
  8
APS_GEOMETRY
 10
-1809.114
 20
-137.521
 40
4.571
 50
232.896
 51
252.221
  0
ARC
  8
APS_GEOMETRY
 10
-1808.143
 20
-136.238
 40
6.18
 50
218.3
 51
232.896
  0
ARC
  8
APS_GEOMETRY
 10
-1800.563
 20
-130.252
 40
15.839
 50
209.197
 51
218.3
  0
ARC
  8
APS_GEOMETRY
 10
-1839.117
 20
-151.14
 40
28.012
 50
28.025
 51
32.699
  0
ARC
  8
APS_GEOMETRY
 10
-1818.961
 20
-138.2
 40
4.06
 50
32.699
 51
45.0
  0
ARC
  8
APS_GEOMETRY
 10
-1817.586
 20
-136.826
 40
2.116
 50
45.0
 51
67.557
  0
ARC
  8
APS_GEOMETRY
 10
-1817.594
 20
-136.846
 40
2.137
 50
67.557
 51
90.0
  0
ARC
  8
APS_GEOMETRY
 10
-1817.594
 20
-136.677
 40
1.969
 50
90.0
 51
120.801
  0
ARC
  8
APS_GEOMETRY
 10
-1817.661
 20
-136.565
 40
1.839
 50
120.801
 51
152.7
  0
ARC
  8
APS_GEOMETRY
 10
-1816.202
 20
-137.318
 40
3.481
 50
152.7
 51
171.085
  0
ARC
  8
APS_GEOMETRY
 10
-1805.113
 20
-139.058
 40
14.705
 50
171.085
 51
180.0
  0
LINE
  8
APS_GEOMETRY
 10
-1819.818
 11
-1819.818
 20
-139.058
 21
-157.372
  0
ARC
  8
APS_GEOMETRY
 10
-1800.391
 20
-157.372
 40
19.427
 50
180.0
 51
188.194
  0
ARC
  8
APS_GEOMETRY
 10
-1814.899
 20
-159.461
 40
4.77
 50
188.194
 51
204.775
  0
ARC
  8
APS_GEOMETRY
 10
-1816.308
 20
-160.111
 40
3.218
 50
204.775
 51
228.576
  0
ARC
  8
APS_GEOMETRY
 10
-1814.986
 20
-158.613
 40
5.216
 50
228.576
 51
247.218
  0
ARC
  8
APS_GEOMETRY
 10
-1822.655
 20
-176.685
 40
14.416
 50
59.381
 51
66.93
  0
ARC
  8
APS_GEOMETRY
 10
-1816.994
 20
-167.119
 40
3.301
 50
43.568
 51
59.381
  0
ARC
  8
APS_GEOMETRY
 10
-1816.088
 20
-166.258
 40
2.051
 50
19.041
 51
43.568
  0
ARC
  8
APS_GEOMETRY
 10
-1817.346
 20
-166.692
 40
3.382
 50
360.0
 51
19.041
  0
ARC
  8
APS_GEOMETRY
 10
-1816.712
 20
-166.692
 40
2.747
 50
317.66
 51
360.0
  0
ARC
  8
APS_GEOMETRY
 10
-1819.234
 20
-164.394
 40
6.16
 50
289.747
 51
317.66
  0
ARC
  8
APS_GEOMETRY
 10
-1821.347
 20
-158.509
 40
12.412
 50
281.964
 51
289.747
  0
ARC
  8
APS_GEOMETRY
 10
-1824.273
 20
-144.697
 40
26.531
 50
276.643
 51
281.964
  0
ARC
  8
APS_GEOMETRY
 10
-1825.505
 20
-134.121
 40
37.178
 50
272.836
 51
276.643
  0
ARC
  8
APS_GEOMETRY
 10
-1826.98
 20
-104.346
 40
66.99
 50
270.0
 51
272.836
  0
ARC
  8
APS_GEOMETRY
 10
-1826.98
 20
-85.896
 40
85.44
 50
267.283
 51
270.0
  0
ARC
  8
APS_GEOMETRY
 10
-1828.774
 20
-123.699
 40
47.595
 50
263.643
 51
267.283
  0
ARC
  8
APS_GEOMETRY
 10
-1830.276
 20
-137.183
 40
34.027
 50
258.563
 51
263.643
  0
ARC
  8
APS_GEOMETRY
 10
-1833.865
 20
-154.922
 40
15.929
 50
251.136
 51
258.563
  0
ARC
  8
APS_GEOMETRY
 10
-1837.069
 20
-164.215
 40
6.099
 50
222.558
 51
251.395
  0
ARC
  8
APS_GEOMETRY
 10
-1839.447
 20
-166.398
 40
2.871
 50
180.0
 51
222.558
  0
ARC
  8
APS_GEOMETRY
 10
-1839.926
 20
-166.398
 40
2.392
 50
150.642
 51
180.0
  0
ARC
  8
APS_GEOMETRY
 10
-1839.735
 20
-166.506
 40
2.612
 50
122.574
 51
150.642
  0
ARC
  8
APS_GEOMETRY
 10
-1840.242
 20
-165.923
 40
1.851
 50
108.677
 51
119.055
  0
ARC
  8
APS_GEOMETRY
 10
-1817.126
 20
-234.307
 40
74.036
 50
107.038
 51
108.677
  0
ARC
  8
APS_GEOMETRY
 10
-1839.681
 20
-160.543
 40
3.099
 50
286.144
 51
308.66
  0
ARC
  8
APS_GEOMETRY
 10
-1839.173
 20
-161.178
 40
2.287
 50
308.66
 51
334.933
  0
ARC
  8
APS_GEOMETRY
 10
-1841.238
 20
-160.212
 40
4.566
 50
334.933
 51
348.829
  0
ARC
  8
APS_GEOMETRY
 10
-1867.064
 20
-155.112
 40
30.891
 50
348.829
 51
354.161
  0
ARC
  8
APS_GEOMETRY
 10
-1884.52
 20
-153.313
 40
48.439
 50
354.144
 51
355.66
  0
ARC
  8
APS_GEOMETRY
 10
-1961.896
 20
-147.441
 40
126.038
 50
355.66
 51
356.6
  0
ARC
  8
APS_GEOMETRY
 10
-2021.045
 20
-143.927
 40
185.291
 50
356.6
 51
357.24
  0
ARC
  8
APS_GEOMETRY
 10
-2188.87
 20
-135.836
 40
353.311
 50
357.24
 51
357.703
  0
ARC
  8
APS_GEOMETRY
 10
-2172.35
 20
-136.498
 40
336.777
 50
357.703
 51
358.674
  0
ARC
  8
APS_GEOMETRY
 10
-2016.517
 20
-140.104
 40
180.903
 50
358.674
 51
0.0
  0
ARC
  8
APS_GEOMETRY
 10
-1862.424
 20
-140.104
 40
26.81
 50
0.0
 51
6.242
  0
ARC
  8
APS_GEOMETRY
 10
-1841.105
 20
-137.773
 40
5.364
 50
6.242
 51
20.225
  0
ARC
  8
APS_GEOMETRY
 10
-1838.15
 20
-136.684
 40
2.215
 50
20.225
 51
50.44
  0
ARC
  8
APS_GEOMETRY
 10
-1837.576
 20
-135.989
 40
1.314
 50
50.44
 51
90.0
  0
ARC
  8
APS_GEOMETRY
 10
-1837.576
 20
-136.438
 40
1.762
 50
90.0
 51
126.747
  0
ARC
  8
APS_GEOMETRY
 10
-1835.086
 20
-139.773
 40
5.924
 50
126.747
 51
146.547
  0
ARC
  8
APS_GEOMETRY
 10
-1879.074
 20
-110.86
 40
46.715
 50
324.255
 51
326.701
  0
ARC
  8
APS_GEOMETRY
 10
-1860.451
 20
-124.264
 40
23.77
 50
320.826
 51
324.255
  0
ARC
  8
APS_GEOMETRY
 10
-1854.364
 20
-129.223
 40
15.918
 50
315.722
 51
320.826
  0
ARC
  8
APS_GEOMETRY
 10
-1847.37
 20
-136.043
 40
6.149
 50
307.504
 51
315.722
  0
ARC
  8
APS_GEOMETRY
 10
-1848.016
 20
-135.182
 40
7.226
 50
291.306
 51
307.405
  0
ARC
  8
APS_GEOMETRY
 10
-1846.897
 20
-138.051
 40
4.146
 50
270.0
 51
291.306
  0
ARC
  8
APS_GEOMETRY
 10
-1846.897
 20
-138.318
 40
3.879
 50
245.532
 51
270.0
  0
ARC
  8
APS_GEOMETRY
 10
-1846.926
 20
-138.383
 40
3.808
 50
220.833
 51
245.532
  0
ARC
  8
APS_GEOMETRY
 10
-1846.533
 20
-138.043
 40
4.328
 50
198.684
 51
220.833
  0
ARC
  8
APS_GEOMETRY
 10
-1844.891
 20
-137.488
 40
6.06
 50
180.0
 51
198.684
  0
ARC
  8
APS_GEOMETRY
 10
-1841.044
 20
-137.488
 40
9.908
 50
168.408
 51
180.0
  0
ARC
  8
APS_GEOMETRY
 10
-1834.691
 20
-138.791
 40
16.393
 50
159.402
 51
168.408
  0
ARC
  8
APS_GEOMETRY
 10
-1832.728
 20
-139.529
 40
18.49
 50
151.39
 51
159.402
  0
ARC
  8
APS_GEOMETRY
 10
-1833.131
 20
-139.31
 40
18.032
 50
143.276
 51
151.39
  0
ARC
  8
APS_GEOMETRY
 10
-1838.18
 20
-135.534
 40
11.726
 50
124.216
 51
143.31
  0
ARC
  8
APS_GEOMETRY
 10
-1842.678
 20
-128.919
 40
3.728
 50
90.0
 51
124.216
  0
ARC
  8
APS_GEOMETRY
 10
-1842.678
 20
-130.576
 40
5.384
 50
82.725
 51
90.0
  0
ARC
  8
APS_GEOMETRY
 10
-1843.099
 20
-133.871
 40
8.707
 50
77.005
 51
82.725
  0
ARC
  8
APS_GEOMETRY
 10
-1830.25
 20
-71.925
 40
54.561
 50
258.486
 51
260.378
  0
ARC
  8
APS_GEOMETRY
 10
-1835.754
 20
-104.39
 40
21.633
 50
260.378
 51
263.382
  0
ARC
  8
APS_GEOMETRY
 10
-1836.225
 20
-108.447
 40
17.548
 50
263.382
 51
267.084
  0
ARC
  8
APS_GEOMETRY
 10
-1835.679
 20
-97.736
 40
28.273
 50
267.084
 51
270.0
  0
ARC
  8
APS_GEOMETRY
 10
-1775.952
 20
-150.875
 40
25.782
 50
71.91
 51
90.0
  0
ARC
  8
APS_GEOMETRY
 10
-1774.954
 20
-147.818
 40
22.566
 50
52.561
 51
71.91
  0
ARC
  8
APS_GEOMETRY
 10
-1775.215
 20
-147.894
 40
22.786
 50
38.846
 51
52.156
  0
ARC
  8
APS_GEOMETRY
 10
-1778.788
 20
-150.771
 40
27.372
 50
26.707
 51
38.846
  0
ARC
  8
APS_GEOMETRY
 10
-1778.08
 20
-150.193
 40
26.482
 50
13.868
 51
26.278
  0
ARC
  8
APS_GEOMETRY
 10
-1772.981
 20
-148.934
 40
21.229
 50
360.0
 51
13.868
  0
ARC
  8
APS_GEOMETRY
 10
-1772.65
 20
-148.934
 40
20.899
 50
339.712
 51
360.0
  0
ARC
  8
APS_GEOMETRY
 10
-1773.827
 20
-148.499
 40
22.153
 50
320.013
 51
339.712
  0
ARC
  8
APS_GEOMETRY
 10
-1774.022
 20
-148.392
 40
22.372
 50
303.344
 51
320.123
  0
ARC
  8
APS_GEOMETRY
 10
-1776.318
 20
-144.903
 40
26.548
 50
287.949
 51
303.344
  0
ARC
  8
APS_GEOMETRY
 10
-1777.072
 20
-142.288
 40
29.269
 50
279.039
 51
287.776
  0
ARC
  8
APS_GEOMETRY
 10
-1776.77
 20
-144.186
 40
27.346
 50
270.0
 51
279.039
  0
ARC
  8
APS_GEOMETRY
 10
-1776.77
 20
-145.522
 40
26.011
 50
257.728
 51
270.0
  0
ARC
  8
APS_GEOMETRY
 10
-1776.729
 20
-145.333
 40
26.203
 50
245.501
 51
257.728
  0
ARC
  8
APS_GEOMETRY
 10
-1778.202
 20
-148.556
 40
22.66
 50
228.665
 51
245.511
  0
ARC
  8
APS_GEOMETRY
 10
-1778.692
 20
-149.113
 40
21.918
 50
211.535
 51
228.665
  0
ARC
  8
APS_GEOMETRY
 10
-1778.05
 20
-148.642
 40
22.712
 50
195.642
 51
211.701
  0
ARC
  8
APS_GEOMETRY
 10
-1776.876
 20
-148.313
 40
23.931
 50
180.0
 51
195.642
  0
ARC
  8
APS_GEOMETRY
 10
-1776.624
 20
-148.313
 40
24.183
 50
162.181
 51
180.0
  0
ARC
  8
APS_GEOMETRY
 10
-1778.831
 20
-147.604
 40
21.865
 50
143.434
 51
162.181
  0
ARC
  8
APS_GEOMETRY
 10
-1779.128
 20
-147.366
 40
21.485
 50
126.384
 51
143.471
  0
ARC
  8
APS_GEOMETRY
 10
-1777.093
 20
-150.126
 40
24.914
 50
110.525
 51
126.384
  0
ARC
  8
APS_GEOMETRY
 10
-1777.194
 20
-149.377
 40
24.177
 50
99.77
 51
110.925
  0
ARC
  8
APS_GEOMETRY
 10
-1775.952
 20
-156.589
 40
31.496
 50
90.0
 51
99.77
  0
ARC
  8
APS_GEOMETRY
 10
-1779.059
 20
-139.286
 40
4.807
 50
90.0
 51
119.604
  0
ARC
  8
APS_GEOMETRY
 10
-1778.638
 20
-140.028
 40
5.659
 50
119.604
 51
146.842
  0
ARC
  8
APS_GEOMETRY
 10
-1777.792
 20
-140.721
 40
6.748
 50
145.84
 51
164.055
  0
ARC
  8
APS_GEOMETRY
 10
-1775.831
 20
-141.282
 40
8.788
 50
164.055
 51
180.0
  0
ARC
  8
APS_GEOMETRY
 10
-1763.566
 20
-141.282
 40
21.053
 50
180.0
 51
189.977
  0
ARC
  8
APS_GEOMETRY
 10
-1744.915
 20
-138.001
 40
39.991
 50
189.977
 51
197.211
  0
ARC
  8
APS_GEOMETRY
 10
-1740.835
 20
-136.737
 40
44.261
 50
197.211
 51
203.76
  0
ARC
  8
APS_GEOMETRY
 10
-1750.998
 20
-141.211
 40
33.157
 50
203.76
 51
211.329
  0
ARC
  8
APS_GEOMETRY
 10
-1771.866
 20
-153.735
 40
8.821
 50
212.32
 51
224.441
  0
ARC
  8
APS_GEOMETRY
 10
-1772.721
 20
-154.574
 40
7.623
 50
224.441
 51
237.484
  0
ARC
  8
APS_GEOMETRY
 10
-1773.274
 20
-155.441
 40
6.595
 50
237.484
 51
252.416
  0
ARC
  8
APS_GEOMETRY
 10
-1773.827
 20
-157.184
 40
4.766
 50
252.416
 51
270.0
  0
ARC
  8
APS_GEOMETRY
 10
-1773.827
 20
-156.619
 40
5.331
 50
270.0
 51
294.953
  0
ARC
  8
APS_GEOMETRY
 10
-1773.677
 20
-156.94
 40
4.977
 50
294.953
 51
320.793
  0
ARC
  8
APS_GEOMETRY
 10
-1774.478
 20
-156.287
 40
6.011
 50
320.793
 51
342.777
  0
ARC
  8
APS_GEOMETRY
 10
-1778.046
 20
-155.181
 40
9.746
 50
342.777
 51
0.0
  0
ARC
  8
APS_GEOMETRY
 10
-1794.807
 20
-155.181
 40
26.507
 50
0.0
 51
8.499
  0
ARC
  8
APS_GEOMETRY
 10
-1806.474
 20
-156.924
 40
38.304
 50
8.499
 51
15.566
  0
ARC
  8
APS_GEOMETRY
 10
-1805.071
 20
-156.533
 40
36.848
 50
15.566
 51
22.909
  0
ARC
  8
APS_GEOMETRY
 10
-1793.008
 20
-151.435
 40
23.751
 50
22.909
 51
32.057
  0
ARC
  8
APS_GEOMETRY
 10
-1783.532
 20
-145.466
 40
12.552
 50
31.921
 51
42.51
  0
ARC
  8
APS_GEOMETRY
 10
-1780.93
 20
-143.08
 40
9.022
 50
42.51
 51
55.008
  0
ARC
  8
APS_GEOMETRY
 10
-1780.051
 20
-141.825
 40
7.489
 50
55.008
 51
69.88
  0
ARC
  8
APS_GEOMETRY
 10
-1779.263
 20
-139.674
 40
5.198
 50
69.88
 51
87.754
  0
ARC
  8
APS_GEOMETRY
 10
-1727.532
 20
-141.077
 40
15.983
 50
83.923
 51
90.0
  0
ARC
  8
APS_GEOMETRY
 10
-1728.817
 20
-153.152
 40
28.127
 50
79.342
 51
83.923
  0
ARC
  8
APS_GEOMETRY
 10
-1730.368
 20
-161.392
 40
36.512
 50
75.808
 51
79.342
  0
ARC
  8
APS_GEOMETRY
 10
-1735.779
 20
-182.787
 40
58.58
 50
73.018
 51
75.808
  0
ARC
  8
APS_GEOMETRY
 10
-1716.727
 20
-120.294
 40
6.752
 50
253.288
 51
259.046
  0
ARC
  8
APS_GEOMETRY
 10
-1717.655
 20
-125.088
 40
1.87
 50
259.046
 51
270.0
  0
ARC
  8
APS_GEOMETRY
 10
-1717.655
 20
-125.848
 40
1.11
 50
270.0
 51
286.699
  0
ARC
  8
APS_GEOMETRY
 10
-1726.528
 20
-96.271
 40
31.989
 50
286.699
 51
289.799
  0
ARC
  8
APS_GEOMETRY
 10
-1714.639
 20
-129.18
 40
3.002
 50
100.008
 51
110.556
  0
ARC
  8
APS_GEOMETRY
 10
-1714.581
 20
-129.507
 40
3.334
 50
90.0
 51
100.008
  0
ARC
  8
APS_GEOMETRY
 10
-1714.581
 20
-129.352
 40
3.179
 50
53.356
 51
90.0
  0
ARC
  8
APS_GEOMETRY
 10
-1720.135
 20
-136.818
 40
12.484
 50
35.101
 51
53.356
  0
ARC
  8
APS_GEOMETRY
 10
-1722.906
 20
-138.766
 40
15.871
 50
20.245
 51
35.101
  0
ARC
  8
APS_GEOMETRY
 10
-1716.072
 20
-136.245
 40
8.588
 50
360.0
 51
20.245
  0
ARC
  8
APS_GEOMETRY
 10
-1712.634
 20
-136.245
 40
5.15
 50
340.481
 51
360.0
  0
ARC
  8
APS_GEOMETRY
 10
-1711.786
 20
-136.546
 40
4.25
 50
318.972
 51
340.481
  0
ARC
  8
APS_GEOMETRY
 10
-1711.408
 20
-136.875
 40
3.748
 50
295.017
 51
318.972
  0
ARC
  8
APS_GEOMETRY
 10
-1711.278
 20
-137.153
 40
3.442
 50
270.0
 51
295.017
  0
ARC
  8
APS_GEOMETRY
 10
-1711.278
 20
-135.309
 40
5.285
 50
256.171
 51
270.0
  0
ARC
  8
APS_GEOMETRY
 10
-1711.854
 20
-137.651
 40
2.874
 50
237.381
 51
256.171
  0
ARC
  8
APS_GEOMETRY
 10
-1710.834
 20
-136.056
 40
4.768
 50
231.559
 51
237.381
  0
ARC
  8
APS_GEOMETRY
 10
-1695.991
 20
-117.357
 40
28.642
 50
229.185
 51
231.559
  0
ARC
  8
APS_GEOMETRY
 10
-1680.084
 20
-98.937
 40
52.979
 50
227.9
 51
229.185
  0
ARC
  8
APS_GEOMETRY
 10
-1625.031
 20
-38.009
 40
135.095
 50
227.095
 51
227.9
  0
ARC
  8
APS_GEOMETRY
 10
-1728.393
 20
-149.171
 40
16.696
 50
46.975
 51
64.612
  0
ARC
  8
APS_GEOMETRY
 10
-1724.719
 20
-141.429
 40
8.127
 50
64.612
 51
90.0
  0
ARC
  8
APS_GEOMETRY
 10
-1724.719
 20
-139.158
 40
5.856
 50
90.0
 51
106.966
  0
ARC
  8
APS_GEOMETRY
 10
-1725.397
 20
-136.934
 40
3.531
 50
106.966
 51
128.868
  0
ARC
  8
APS_GEOMETRY
 10
-1725.79
 20
-136.447
 40
2.905
 50
128.868
 51
154.741
  0
ARC
  8
APS_GEOMETRY
 10
-1725.663
 20
-136.507
 40
3.046
 50
154.741
 51
180.0
  0
ARC
  8
APS_GEOMETRY
 10
-1725.848
 20
-136.507
 40
2.861
 50
180.0
 51
206.64
  0
ARC
  8
APS_GEOMETRY
 10
-1724.928
 20
-136.045
 40
3.891
 50
206.64
 51
229.43
  0
ARC
  8
APS_GEOMETRY
 10
-1723.452
 20
-134.322
 40
6.159
 50
229.43
 51
244.493
  0
ARC
  8
APS_GEOMETRY
 10
-1719.406
 20
-125.843
 40
15.554
 50
244.493
 51
253.956
  0
ARC
  8
APS_GEOMETRY
 10
-1791.477
 20
-370.772
 40
239.758
 50
72.737
 51
73.58
  0
ARC
  8
APS_GEOMETRY
 10
-1750.174
 20
-237.856
 40
100.573
 50
71.435
 51
72.737
  0
ARC
  8
APS_GEOMETRY
 10
-1736.493
 20
-197.122
 40
57.603
 50
69.164
 51
71.435
  0
ARC
  8
APS_GEOMETRY
 10
-1720.348
 20
-154.7
 40
12.212
 50
64.231
 51
69.164
  0
ARC
  8
APS_GEOMETRY
 10
-1722.205
 20
-158.438
 40
16.387
 50
34.939
 51
64.068
  0
ARC
  8
APS_GEOMETRY
 10
-1718.197
 20
-155.638
 40
11.498
 50
360.0
 51
34.939
  0
ARC
  8
APS_GEOMETRY
 10
-1720.661
 20
-155.638
 40
13.962
 50
333.435
 51
360.0
  0
ARC
  8
APS_GEOMETRY
 10
-1721.574
 20
-155.182
 40
14.982
 50
307.807
 51
333.435
  0
ARC
  8
APS_GEOMETRY
 10
-1723.949
 20
-152.11
 40
18.866
 50
296.732
 51
307.786
  0
ARC
  8
APS_GEOMETRY
 10
-1725.354
 20
-149.319
 40
21.99
 50
286.496
 51
296.732
  0
ARC
  8
APS_GEOMETRY
 10
-1726.28
 20
-146.194
 40
25.25
 50
277.544
 51
286.496
  0
ARC
  8
APS_GEOMETRY
 10
-1727.63
 20
-136.003
 40
35.53
 50
270.0
 51
277.544
  0
ARC
  8
APS_GEOMETRY
 10
-1727.63
 20
-134.462
 40
37.071
 50
263.555
 51
270.0
  0
ARC
  8
APS_GEOMETRY
 10
-1726.43
 20
-123.838
 40
47.762
 50
257.878
 51
263.555
  0
ARC
  8
APS_GEOMETRY
 10
-1727.067
 20
-126.804
 40
44.729
 50
254.839
 51
257.878
  0
ARC
  8
APS_GEOMETRY
 10
-1732.233
 20
-145.871
 40
24.974
 50
250.772
 51
254.839
  0
ARC
  8
APS_GEOMETRY
 10
-1734.557
 20
-152.533
 40
17.918
 50
245.121
 51
250.772
  0
ARC
  8
APS_GEOMETRY
 10
-1738.49
 20
-161.016
 40
8.568
 50
236.944
 51
245.121
  0
ARC
  8
APS_GEOMETRY
 10
-1740.81
 20
-164.666
 40
4.243
 50
211.802
 51
236.31
  0
ARC
  8
APS_GEOMETRY
 10
-1729.786
 20
-157.83
 40
17.215
 50
199.704
 51
211.802
  0
ARC
  8
APS_GEOMETRY
 10
-1724.521
 20
-155.945
 40
22.807
 50
190.413
 51
199.704
  0
ARC
  8
APS_GEOMETRY
 10
-1729.084
 20
-156.783
 40
18.168
 50
180.0
 51
190.413
  0
ARC
  8
APS_GEOMETRY
 10
-1741.383
 20
-156.783
 40
5.869
 50
164.876
 51
180.0
  0
ARC
  8
APS_GEOMETRY
 10
-1744.69
 20
-155.889
 40
2.443
 50
141.34
 51
164.876
  0
ARC
  8
APS_GEOMETRY
 10
-1744.37
 20
-156.104
 40
2.827
 50
116.928
 51
142.001
  0
ARC
  8
APS_GEOMETRY
 10
-1744.537
 20
-155.774
 40
2.457
 50
90.0
 51
116.928
  0
ARC
  8
APS_GEOMETRY
 10
-1744.537
 20
-155.78
 40
2.464
 50
62.21
 51
90.0
  0
ARC
  8
APS_GEOMETRY
 10
-1745.521
 20
-157.647
 40
4.573
 50
41.906
 51
62.21
  0
ARC
  8
APS_GEOMETRY
 10
-1745.354
 20
-157.682
 40
4.475
 50
37.313
 51
43.668
  0
ARC
  8
APS_GEOMETRY
 10
-1770.422
 20
-176.787
 40
35.993
 50
35.074
 51
37.313
  0
ARC
  8
APS_GEOMETRY
 10
-1798.889
 20
-196.775
 40
70.777
 50
33.934
 51
35.074
  0
ARC
  8
APS_GEOMETRY
 10
-1900.387
 20
-265.065
 40
193.11
 50
33.243
 51
33.934
  0
ARC
  8
APS_GEOMETRY
 10
-1733.267
 20
-155.495
 40
6.727
 50
213.453
 51
231.637
  0
ARC
  8
APS_GEOMETRY
 10
-1730.089
 20
-151.479
 40
11.848
 50
231.637
 51
245.313
  0
ARC
  8
APS_GEOMETRY
 10
-1729.389
 20
-149.956
 40
13.524
 50
245.313
 51
257.398
  0
ARC
  8
APS_GEOMETRY
 10
-1729.625
 20
-151.011
 40
12.443
 50
257.398
 51
270.0
  0
ARC
  8
APS_GEOMETRY
 10
-1729.625
 20
-152.949
 40
10.506
 50
270.0
 51
282.907
  0
ARC
  8
APS_GEOMETRY
 10
-1728.494
 20
-157.882
 40
5.445
 50
282.907
 51
300.872
  0
ARC
  8
APS_GEOMETRY
 10
-1727.514
 20
-159.521
 40
3.535
 50
300.872
 51
326.876
  0
ARC
  8
APS_GEOMETRY
 10
-1726.398
 20
-160.25
 40
2.202
 50
326.876
 51
0.0
  0
ARC
  8
APS_GEOMETRY
 10
-1726.727
 20
-160.25
 40
2.531
 50
0.0
 51
27.553
  0
ARC
  8
APS_GEOMETRY
 10
-1727.527
 20
-160.667
 40
3.434
 50
27.553
 51
51.147
  0
ARC
  8
APS_GEOMETRY
 10
-1729.182
 20
-162.721
 40
6.071
 50
51.147
 51
65.225
  0
ARC
  8
APS_GEOMETRY
 10
-1735.285
 20
-175.945
 40
20.636
 50
65.225
 51
72.848
  0
ARC
  8
APS_GEOMETRY
 10
-1699.644
 20
-62.306
 40
98.462
 50
251.106
 51
252.532
  0
ARC
  8
APS_GEOMETRY
 10
-1712.26
 20
-99.167
 40
59.501
 50
249.271
 51
251.106
  0
ARC
  8
APS_GEOMETRY
 10
-1717.505
 20
-113.027
 40
44.683
 50
246.83
 51
249.271
  0
ARC
  8
APS_GEOMETRY
 10
-1725.989
 20
-132.849
 40
23.121
 50
243.435
 51
246.83
  0
ARC
  8
APS_GEOMETRY
 10
-1726.955
 20
-134.781
 40
20.961
 50
235.981
 51
243.435
  0
ARC
  8
APS_GEOMETRY
 10
-1726.213
 20
-133.682
 40
22.287
 50
228.752
 51
235.981
  0
ARC
  8
APS_GEOMETRY
 10
-1729.687
 20
-137.776
 40
16.918
 50
206.421
 51
228.457
  0
ARC
  8
APS_GEOMETRY
 10
-1734.242
 20
-140.039
 40
11.833
 50
180.0
 51
206.421
  0
ARC
  8
APS_GEOMETRY
 10
-1734.027
 20
-140.039
 40
12.047
 50
166.555
 51
180.0
  0
ARC
  8
APS_GEOMETRY
 10
-1732.632
 20
-140.372
 40
13.482
 50
153.848
 51
166.555
  0
ARC
  8
APS_GEOMETRY
 10
-1732.516
 20
-140.429
 40
13.611
 50
141.244
 51
153.848
  0
ARC
  8
APS_GEOMETRY
 10
-1731.655
 20
-141.12
 40
14.714
 50
129.123
 51
141.244
  0
ARC
  8
APS_GEOMETRY
 10
-1728.902
 20
-144.047
 40
18.725
 50
108.978
 51
130.006
  0
ARC
  8
APS_GEOMETRY
 10
-1727.532
 20
-148.033
 40
22.94
 50
90.0
 51
108.978
  0
ARC
  8
APS_GEOMETRY
 10
-1677.541
 20
-146.357
 40
21.264
 50
77.257
 51
90.0
  0
ARC
  8
APS_GEOMETRY
 10
-1677.757
 20
-147.313
 40
22.243
 50
64.799
 51
77.257
  0
ARC
  8
APS_GEOMETRY
 10
-1659.439
 20
-108.314
 40
20.843
 50
244.885
 51
251.175
  0
ARC
  8
APS_GEOMETRY
 10
-1665.408
 20
-125.822
 40
2.346
 50
251.175
 51
270.0
  0
ARC
  8
APS_GEOMETRY
 10
-1665.408
 20
-124.361
 40
3.806
 50
270.0
 51
278.82
  0
ARC
  8
APS_GEOMETRY
 10
-1667.867
 20
-108.514
 40
19.844
 50
278.82
 51
282.68
  0
ARC
  8
APS_GEOMETRY
 10
-1662.722
 20
-131.294
 40
3.511
 50
95.906
 51
102.995
  0
ARC
  8
APS_GEOMETRY
 10
-1662.563
 20
-132.831
 40
5.055
 50
90.0
 51
95.906
  0
ARC
  8
APS_GEOMETRY
 10
-1662.563
 20
-131.131
 40
3.356
 50
62.447
 51
90.0
  0
ARC
  8
APS_GEOMETRY
 10
-1663.16
 20
-132.274
 40
4.645
 50
39.094
 51
62.447
  0
ARC
  8
APS_GEOMETRY
 10
-1669.394
 20
-137.488
 40
12.772
 50
18.435
 51
39.611
  0
ARC
  8
APS_GEOMETRY
 10
-1673.22
 20
-138.763
 40
16.806
 50
360.0
 51
18.435
  0
ARC
  8
APS_GEOMETRY
 10
-1664.748
 20
-138.763
 40
8.333
 50
334.877
 51
360.0
  0
ARC
  8
APS_GEOMETRY
 10
-1662.241
 20
-139.939
 40
5.565
 50
304.007
 51
334.877
  0
ARC
  8
APS_GEOMETRY
 10
-1662.283
 20
-139.821
 40
5.686
 50
286.39
 51
303.69
  0
ARC
  8
APS_GEOMETRY
 10
-1662.465
 20
-139.203
 40
6.33
 50
270.0
 51
286.39
  0
ARC
  8
APS_GEOMETRY
 10
-1662.465
 20
-139.277
 40
6.257
 50
255.155
 51
270.0
  0
ARC
  8
APS_GEOMETRY
 10
-1663.15
 20
-141.862
 40
3.581
 50
235.491
 51
255.155
  0
ARC
  8
APS_GEOMETRY
 10
-1662.806
 20
-141.362
 40
4.189
 50
218.48
 51
235.491
  0
ARC
  8
APS_GEOMETRY
 10
-1657.185
 20
-136.894
 40
11.369
 50
208.179
 51
218.48
  0
ARC
  8
APS_GEOMETRY
 10
-1714.81
 20
-168.173
 40
54.198
 50
28.56
 51
31.664
  0
ARC
  8
APS_GEOMETRY
 10
-1679.598
 20
-146.456
 40
12.827
 50
31.664
 51
38.047
  0
ARC
  8
APS_GEOMETRY
 10
-1677.037
 20
-144.453
 40
9.576
 50
38.047
 51
46.56
  0
ARC
  8
APS_GEOMETRY
 10
-1678.368
 20
-145.858
 40
11.512
 50
46.56
 51
54.324
  0
ARC
  8
APS_GEOMETRY
 10
-1679.136
 20
-147.18
 40
13.034
 50
54.968
 51
71.48
  0
ARC
  8
APS_GEOMETRY
 10
-1678.293
 20
-144.663
 40
10.38
 50
71.48
 51
90.0
  0
ARC
  8
APS_GEOMETRY
 10
-1678.293
 20
-141.534
 40
7.251
 50
90.0
 51
114.63
  0
ARC
  8
APS_GEOMETRY
 10
-1678.657
 20
-140.739
 40
6.377
 50
114.63
 51
140.921
  0
ARC
  8
APS_GEOMETRY
 10
-1677.582
 20
-141.613
 40
7.763
 50
140.921
 51
163.13
  0
ARC
  8
APS_GEOMETRY
 10
-1672.204
 20
-143.244
 40
13.382
 50
163.13
 51
180.0
  0
ARC
  8
APS_GEOMETRY
 10
-1665.231
 20
-143.244
 40
20.355
 50
180.0
 51
195.44
  0
ARC
  8
APS_GEOMETRY
 10
-1666.289
 20
-143.536
 40
19.258
 50
195.44
 51
211.316
  0
ARC
  8
APS_GEOMETRY
 10
-1671.378
 20
-146.525
 40
13.357
 50
211.708
 51
240.457
  0
ARC
  8
APS_GEOMETRY
 10
-1671.72
 20
-147.129
 40
12.663
 50
240.457
 51
270.0
  0
ARC
  8
APS_GEOMETRY
 10
-1671.72
 20
-144.041
 40
15.751
 50
270.0
 51
279.549
  0
ARC
  8
APS_GEOMETRY
 10
-1671.916
 20
-142.877
 40
16.931
 50
279.549
 51
288.759
  0
ARC
  8
APS_GEOMETRY
 10
-1671.09
 20
-145.307
 40
14.364
 50
288.759
 51
299.545
  0
ARC
  8
APS_GEOMETRY
 10
-1667.781
 20
-151.147
 40
7.652
 50
299.545
 51
314.341
  0
ARC
  8
APS_GEOMETRY
 10
-1657.545
 20
-161.778
 40
7.105
 50
120.141
 51
133.452
  0
ARC
  8
APS_GEOMETRY
 10
-1660.404
 20
-156.854
 40
1.412
 50
90.0
 51
120.141
  0
ARC
  8
APS_GEOMETRY
 10
-1660.404
 20
-157.672
 40
2.23
 50
61.952
 51
90.0
  0
ARC
  8
APS_GEOMETRY
 10
-1660.736
 20
-158.295
 40
2.936
 50
37.569
 51
61.952
  0
ARC
  8
APS_GEOMETRY
 10
-1661.356
 20
-158.771
 40
3.717
 50
17.665
 51
37.569
  0
ARC
  8
APS_GEOMETRY
 10
-1662.3
 20
-159.072
 40
4.709
 50
360.0
 51
17.665
  0
ARC
  8
APS_GEOMETRY
 10
-1664.672
 20
-159.072
 40
7.081
 50
344.932
 51
360.0
  0
ARC
  8
APS_GEOMETRY
 10
-1670.97
 20
-157.377
 40
13.603
 50
334.075
 51
344.932
  0
ARC
  8
APS_GEOMETRY
 10
-1671.169
 20
-157.28
 40
13.823
 50
323.374
 51
334.075
  0
ARC
  8
APS_GEOMETRY
 10
-1667.105
 20
-160.301
 40
8.76
 50
309.92
 51
323.374
  0
ARC
  8
APS_GEOMETRY
 10
-1663.044
 20
-165.092
 40
2.48
 50
289.026
 51
308.991
  0
ARC
  8
APS_GEOMETRY
 10
-1667.377
 20
-152.526
 40
15.771
 50
281.143
 51
289.026
  0
ARC
  8
APS_GEOMETRY
 10
-1662.983
 20
-175.308
 40
7.431
 50
100.437
 51
110.12
  0
ARC
  8
APS_GEOMETRY
 10
-1657.162
 20
-191.198
 40
24.353
 50
110.12
 51
115.463
  0
ARC
  8
APS_GEOMETRY
 10
-1677.943
 20
-147.718
 40
23.838
 50
282.94
 51
295.628
  0
ARC
  8
APS_GEOMETRY
 10
-1677.737
 20
-148.611
 40
22.921
 50
270.0
 51
282.94
  0
ARC
  8
APS_GEOMETRY
 10
-1677.737
 20
-147.258
 40
24.275
 50
257.307
 51
270.0
  0
ARC
  8
APS_GEOMETRY
 10
-1676.713
 20
-142.708
 40
28.939
 50
245.686
 51
257.307
  0
ARC
  8
APS_GEOMETRY
 10
-1679.283
 20
-148.349
 40
22.739
 50
228.801
 51
245.735
  0
ARC
  8
APS_GEOMETRY
 10
-1679.24
 20
-148.3
 40
22.805
 50
211.891
 51
228.801
  0
ARC
  8
APS_GEOMETRY
 10
-1677.892
 20
-147.33
 40
24.462
 50
196.728
 51
212.152
  0
ARC
  8
APS_GEOMETRY
 10
-1681.38
 20
-148.378
 40
20.82
 50
180.0
 51
196.728
  0
ARC
  8
APS_GEOMETRY
 10
-1680.873
 20
-148.378
 40
21.327
 50
161.184
 51
180.0
  0
ARC
  8
APS_GEOMETRY
 10
-1679.504
 20
-148.845
 40
22.773
 50
142.98
 51
161.184
  0
ARC
  8
APS_GEOMETRY
 10
-1678.44
 20
-149.659
 40
24.112
 50
127.824
 51
142.958
  0
ARC
  8
APS_GEOMETRY
 10
-1676.686
 20
-151.918
 40
26.973
 50
113.52
 51
127.824
  0
ARC
  8
APS_GEOMETRY
 10
-1677.257
 20
-150.599
 40
25.535
 50
101.927
 51
113.527
  0
ARC
  8
APS_GEOMETRY
 10
-1677.541
 20
-149.254
 40
24.161
 50
90.0
 51
101.927
  0
ARC
  8
APS_GEOMETRY
 10
-1627.06
 20
-150.875
 40
25.782
 50
71.91
 51
90.0
  0
ARC
  8
APS_GEOMETRY
 10
-1626.061
 20
-147.818
 40
22.566
 50
52.561
 51
71.91
  0
ARC
  8
APS_GEOMETRY
 10
-1626.323
 20
-147.894
 40
22.786
 50
38.846
 51
52.156
  0
ARC
  8
APS_GEOMETRY
 10
-1629.895
 20
-150.771
 40
27.372
 50
26.707
 51
38.846
  0
ARC
  8
APS_GEOMETRY
 10
-1629.188
 20
-150.193
 40
26.482
 50
13.868
 51
26.278
  0
ARC
  8
APS_GEOMETRY
 10
-1624.088
 20
-148.934
 40
21.229
 50
360.0
 51
13.868
  0
ARC
  8
APS_GEOMETRY
 10
-1623.758
 20
-148.934
 40
20.899
 50
339.712
 51
360.0
  0
ARC
  8
APS_GEOMETRY
 10
-1624.935
 20
-148.499
 40
22.153
 50
320.013
 51
339.712
  0
ARC
  8
APS_GEOMETRY
 10
-1625.13
 20
-148.392
 40
22.372
 50
303.344
 51
320.123
  0
ARC
  8
APS_GEOMETRY
 10
-1627.425
 20
-144.903
 40
26.548
 50
287.949
 51
303.344
  0
ARC
  8
APS_GEOMETRY
 10
-1628.18
 20
-142.288
 40
29.269
 50
279.039
 51
287.776
  0
ARC
  8
APS_GEOMETRY
 10
-1627.877
 20
-144.186
 40
27.346
 50
270.0
 51
279.039
  0
ARC
  8
APS_GEOMETRY
 10
-1627.877
 20
-145.522
 40
26.011
 50
257.728
 51
270.0
  0
ARC
  8
APS_GEOMETRY
 10
-1627.837
 20
-145.333
 40
26.203
 50
245.501
 51
257.728
  0
ARC
  8
APS_GEOMETRY
 10
-1629.309
 20
-148.556
 40
22.66
 50
228.665
 51
245.511
  0
ARC
  8
APS_GEOMETRY
 10
-1629.799
 20
-149.113
 40
21.918
 50
211.535
 51
228.665
  0
ARC
  8
APS_GEOMETRY
 10
-1629.157
 20
-148.642
 40
22.712
 50
195.642
 51
211.701
  0
ARC
  8
APS_GEOMETRY
 10
-1627.983
 20
-148.313
 40
23.931
 50
180.0
 51
195.642
  0
ARC
  8
APS_GEOMETRY
 10
-1627.732
 20
-148.313
 40
24.183
 50
162.181
 51
180.0
  0
ARC
  8
APS_GEOMETRY
 10
-1629.938
 20
-147.604
 40
21.865
 50
143.434
 51
162.181
  0
ARC
  8
APS_GEOMETRY
 10
-1630.235
 20
-147.366
 40
21.485
 50
126.384
 51
143.471
  0
ARC
  8
APS_GEOMETRY
 10
-1628.201
 20
-150.126
 40
24.914
 50
110.525
 51
126.384
  0
ARC
  8
APS_GEOMETRY
 10
-1628.302
 20
-149.377
 40
24.177
 50
99.77
 51
110.925
  0
ARC
  8
APS_GEOMETRY
 10
-1627.06
 20
-156.589
 40
31.496
 50
90.0
 51
99.77
  0
ARC
  8
APS_GEOMETRY
 10
-1630.167
 20
-139.286
 40
4.807
 50
90.0
 51
119.604
  0
ARC
  8
APS_GEOMETRY
 10
-1629.746
 20
-140.028
 40
5.659
 50
119.604
 51
146.842
  0
ARC
  8
APS_GEOMETRY
 10
-1628.9
 20
-140.721
 40
6.748
 50
145.84
 51
164.055
  0
ARC
  8
APS_GEOMETRY
 10
-1626.938
 20
-141.282
 40
8.788
 50
164.055
 51
180.0
  0
ARC
  8
APS_GEOMETRY
 10
-1614.674
 20
-141.282
 40
21.053
 50
180.0
 51
189.977
  0
ARC
  8
APS_GEOMETRY
 10
-1596.022
 20
-138.001
 40
39.991
 50
189.977
 51
197.211
  0
ARC
  8
APS_GEOMETRY
 10
-1591.943
 20
-136.737
 40
44.261
 50
197.211
 51
203.76
  0
ARC
  8
APS_GEOMETRY
 10
-1602.105
 20
-141.211
 40
33.157
 50
203.76
 51
211.329
  0
ARC
  8
APS_GEOMETRY
 10
-1622.974
 20
-153.735
 40
8.821
 50
212.32
 51
224.441
  0
ARC
  8
APS_GEOMETRY
 10
-1623.829
 20
-154.574
 40
7.623
 50
224.441
 51
237.484
  0
ARC
  8
APS_GEOMETRY
 10
-1624.382
 20
-155.441
 40
6.595
 50
237.484
 51
252.416
  0
ARC
  8
APS_GEOMETRY
 10
-1624.934
 20
-157.184
 40
4.766
 50
252.416
 51
270.0
  0
ARC
  8
APS_GEOMETRY
 10
-1624.934
 20
-156.619
 40
5.331
 50
270.0
 51
294.953
  0
ARC
  8
APS_GEOMETRY
 10
-1624.785
 20
-156.94
 40
4.977
 50
294.953
 51
320.793
  0
ARC
  8
APS_GEOMETRY
 10
-1625.585
 20
-156.287
 40
6.011
 50
320.793
 51
342.777
  0
ARC
  8
APS_GEOMETRY
 10
-1629.153
 20
-155.181
 40
9.746
 50
342.777
 51
0.0
  0
ARC
  8
APS_GEOMETRY
 10
-1645.914
 20
-155.181
 40
26.507
 50
0.0
 51
8.499
  0
ARC
  8
APS_GEOMETRY
 10
-1657.582
 20
-156.924
 40
38.304
 50
8.499
 51
15.566
  0
ARC
  8
APS_GEOMETRY
 10
-1656.179
 20
-156.533
 40
36.848
 50
15.566
 51
22.909
  0
ARC
  8
APS_GEOMETRY
 10
-1644.115
 20
-151.435
 40
23.751
 50
22.909
 51
32.057
  0
ARC
  8
APS_GEOMETRY
 10
-1634.639
 20
-145.466
 40
12.552
 50
31.921
 51
42.51
  0
ARC
  8
APS_GEOMETRY
 10
-1632.037
 20
-143.08
 40
9.022
 50
42.51
 51
55.008
  0
ARC
  8
APS_GEOMETRY
 10
-1631.159
 20
-141.825
 40
7.489
 50
55.008
 51
69.88
  0
ARC
  8
APS_GEOMETRY
 10
-1630.37
 20
-139.674
 40
5.198
 50
69.88
 51
87.754
  0
ARC
  8
APS_GEOMETRY
 10
-1573.701
 20
-146.357
 40
21.264
 50
77.257
 51
90.0
  0
ARC
  8
APS_GEOMETRY
 10
-1573.917
 20
-147.313
 40
22.243
 50
64.799
 51
77.257
  0
ARC
  8
APS_GEOMETRY
 10
-1555.599
 20
-108.314
 40
20.843
 50
244.885
 51
251.175
  0
ARC
  8
APS_GEOMETRY
 10
-1561.568
 20
-125.822
 40
2.346
 50
251.175
 51
270.0
  0
ARC
  8
APS_GEOMETRY
 10
-1561.568
 20
-124.361
 40
3.806
 50
270.0
 51
278.82
  0
ARC
  8
APS_GEOMETRY
 10
-1564.027
 20
-108.514
 40
19.844
 50
278.82
 51
282.68
  0
ARC
  8
APS_GEOMETRY
 10
-1558.882
 20
-131.294
 40
3.511
 50
95.906
 51
102.995
  0
ARC
  8
APS_GEOMETRY
 10
-1558.723
 20
-132.831
 40
5.055
 50
90.0
 51
95.906
  0
ARC
  8
APS_GEOMETRY
 10
-1558.723
 20
-131.131
 40
3.356
 50
62.447
 51
90.0
  0
ARC
  8
APS_GEOMETRY
 10
-1559.319
 20
-132.274
 40
4.645
 50
39.094
 51
62.447
  0
ARC
  8
APS_GEOMETRY
 10
-1565.554
 20
-137.488
 40
12.772
 50
18.435
 51
39.611
  0
ARC
  8
APS_GEOMETRY
 10
-1569.38
 20
-138.763
 40
16.806
 50
360.0
 51
18.435
  0
ARC
  8
APS_GEOMETRY
 10
-1560.908
 20
-138.763
 40
8.333
 50
334.877
 51
360.0
  0
ARC
  8
APS_GEOMETRY
 10
-1558.401
 20
-139.939
 40
5.565
 50
304.007
 51
334.877
  0
ARC
  8
APS_GEOMETRY
 10
-1558.443
 20
-139.821
 40
5.686
 50
286.39
 51
303.69
  0
ARC
  8
APS_GEOMETRY
 10
-1558.625
 20
-139.203
 40
6.33
 50
270.0
 51
286.39
  0
ARC
  8
APS_GEOMETRY
 10
-1558.625
 20
-139.277
 40
6.257
 50
255.155
 51
270.0
  0
ARC
  8
APS_GEOMETRY
 10
-1559.31
 20
-141.862
 40
3.581
 50
235.491
 51
255.155
  0
ARC
  8
APS_GEOMETRY
 10
-1558.966
 20
-141.362
 40
4.189
 50
218.48
 51
235.491
  0
ARC
  8
APS_GEOMETRY
 10
-1553.345
 20
-136.894
 40
11.369
 50
208.179
 51
218.48
  0
ARC
  8
APS_GEOMETRY
 10
-1610.97
 20
-168.173
 40
54.198
 50
28.56
 51
31.664
  0
ARC
  8
APS_GEOMETRY
 10
-1575.757
 20
-146.456
 40
12.827
 50
31.664
 51
38.047
  0
ARC
  8
APS_GEOMETRY
 10
-1573.197
 20
-144.453
 40
9.576
 50
38.047
 51
46.56
  0
ARC
  8
APS_GEOMETRY
 10
-1574.528
 20
-145.858
 40
11.512
 50
46.56
 51
54.324
  0
ARC
  8
APS_GEOMETRY
 10
-1575.296
 20
-147.18
 40
13.034
 50
54.968
 51
71.48
  0
ARC
  8
APS_GEOMETRY
 10
-1574.453
 20
-144.663
 40
10.38
 50
71.48
 51
90.0
  0
ARC
  8
APS_GEOMETRY
 10
-1574.453
 20
-141.534
 40
7.251
 50
90.0
 51
114.63
  0
ARC
  8
APS_GEOMETRY
 10
-1574.817
 20
-140.739
 40
6.377
 50
114.63
 51
140.921
  0
ARC
  8
APS_GEOMETRY
 10
-1573.741
 20
-141.613
 40
7.763
 50
140.921
 51
163.13
  0
ARC
  8
APS_GEOMETRY
 10
-1568.364
 20
-143.244
 40
13.382
 50
163.13
 51
180.0
  0
ARC
  8
APS_GEOMETRY
 10
-1561.39
 20
-143.244
 40
20.355
 50
180.0
 51
195.44
  0
ARC
  8
APS_GEOMETRY
 10
-1562.449
 20
-143.536
 40
19.258
 50
195.44
 51
211.316
  0
ARC
  8
APS_GEOMETRY
 10
-1567.538
 20
-146.525
 40
13.357
 50
211.708
 51
240.457
  0
ARC
  8
APS_GEOMETRY
 10
-1567.88
 20
-147.129
 40
12.663
 50
240.457
 51
270.0
  0
ARC
  8
APS_GEOMETRY
 10
-1567.88
 20
-144.041
 40
15.751
 50
270.0
 51
279.549
  0
ARC
  8
APS_GEOMETRY
 10
-1568.075
 20
-142.877
 40
16.931
 50
279.549
 51
288.759
  0
ARC
  8
APS_GEOMETRY
 10
-1567.25
 20
-145.307
 40
14.364
 50
288.759
 51
299.545
  0
ARC
  8
APS_GEOMETRY
 10
-1563.94
 20
-151.147
 40
7.652
 50
299.545
 51
314.341
  0
ARC
  8
APS_GEOMETRY
 10
-1553.705
 20
-161.778
 40
7.105
 50
120.141
 51
133.452
  0
ARC
  8
APS_GEOMETRY
 10
-1556.564
 20
-156.854
 40
1.412
 50
90.0
 51
120.141
  0
ARC
  8
APS_GEOMETRY
 10
-1556.564
 20
-157.672
 40
2.23
 50
61.952
 51
90.0
  0
ARC
  8
APS_GEOMETRY
 10
-1556.896
 20
-158.295
 40
2.936
 50
37.569
 51
61.952
  0
ARC
  8
APS_GEOMETRY
 10
-1557.516
 20
-158.771
 40
3.717
 50
17.665
 51
37.569
  0
ARC
  8
APS_GEOMETRY
 10
-1558.46
 20
-159.072
 40
4.709
 50
360.0
 51
17.665
  0
ARC
  8
APS_GEOMETRY
 10
-1560.832
 20
-159.072
 40
7.081
 50
344.932
 51
360.0
  0
ARC
  8
APS_GEOMETRY
 10
-1567.13
 20
-157.377
 40
13.603
 50
334.075
 51
344.932
  0
ARC
  8
APS_GEOMETRY
 10
-1567.328
 20
-157.28
 40
13.823
 50
323.374
 51
334.075
  0
ARC
  8
APS_GEOMETRY
 10
-1563.265
 20
-160.301
 40
8.76
 50
309.92
 51
323.374
  0
ARC
  8
APS_GEOMETRY
 10
-1559.204
 20
-165.092
 40
2.48
 50
289.026
 51
308.991
  0
ARC
  8
APS_GEOMETRY
 10
-1563.537
 20
-152.526
 40
15.771
 50
281.143
 51
289.026
  0
ARC
  8
APS_GEOMETRY
 10
-1559.143
 20
-175.308
 40
7.431
 50
100.437
 51
110.12
  0
ARC
  8
APS_GEOMETRY
 10
-1553.321
 20
-191.198
 40
24.353
 50
110.12
 51
115.463
  0
ARC
  8
APS_GEOMETRY
 10
-1574.103
 20
-147.718
 40
23.838
 50
282.94
 51
295.628
  0
ARC
  8
APS_GEOMETRY
 10
-1573.897
 20
-148.611
 40
22.921
 50
270.0
 51
282.94
  0
ARC
  8
APS_GEOMETRY
 10
-1573.897
 20
-147.258
 40
24.275
 50
257.307
 51
270.0
  0
ARC
  8
APS_GEOMETRY
 10
-1572.872
 20
-142.708
 40
28.939
 50
245.686
 51
257.307
  0
ARC
  8
APS_GEOMETRY
 10
-1575.443
 20
-148.349
 40
22.739
 50
228.801
 51
245.735
  0
ARC
  8
APS_GEOMETRY
 10
-1575.4
 20
-148.3
 40
22.805
 50
211.891
 51
228.801
  0
ARC
  8
APS_GEOMETRY
 10
-1574.052
 20
-147.33
 40
24.462
 50
196.728
 51
212.152
  0
ARC
  8
APS_GEOMETRY
 10
-1577.54
 20
-148.378
 40
20.82
 50
180.0
 51
196.728
  0
ARC
  8
APS_GEOMETRY
 10
-1577.032
 20
-148.378
 40
21.327
 50
161.184
 51
180.0
  0
ARC
  8
APS_GEOMETRY
 10
-1575.664
 20
-148.845
 40
22.773
 50
142.98
 51
161.184
  0
ARC
  8
APS_GEOMETRY
 10
-1574.6
 20
-149.659
 40
24.112
 50
127.824
 51
142.958
  0
ARC
  8
APS_GEOMETRY
 10
-1572.846
 20
-151.918
 40
26.973
 50
113.52
 51
127.824
  0
ARC
  8
APS_GEOMETRY
 10
-1573.417
 20
-150.599
 40
25.535
 50
101.927
 51
113.527
  0
ARC
  8
APS_GEOMETRY
 10
-1573.701
 20
-149.254
 40
24.161
 50
90.0
 51
101.927
  0
ARC
  8
APS_GEOMETRY
 10
-1523.22
 20
-150.875
 40
25.782
 50
71.91
 51
90.0
  0
ARC
  8
APS_GEOMETRY
 10
-1522.221
 20
-147.818
 40
22.566
 50
52.561
 51
71.91
  0
ARC
  8
APS_GEOMETRY
 10
-1522.483
 20
-147.894
 40
22.786
 50
38.846
 51
52.156
  0
ARC
  8
APS_GEOMETRY
 10
-1526.055
 20
-150.771
 40
27.372
 50
26.707
 51
38.846
  0
ARC
  8
APS_GEOMETRY
 10
-1525.348
 20
-150.193
 40
26.482
 50
13.868
 51
26.278
  0
ARC
  8
APS_GEOMETRY
 10
-1520.248
 20
-148.934
 40
21.229
 50
360.0
 51
13.868
  0
ARC
  8
APS_GEOMETRY
 10
-1519.918
 20
-148.934
 40
20.899
 50
339.712
 51
360.0
  0
ARC
  8
APS_GEOMETRY
 10
-1521.094
 20
-148.499
 40
22.153
 50
320.013
 51
339.712
  0
ARC
  8
APS_GEOMETRY
 10
-1521.289
 20
-148.392
 40
22.372
 50
303.344
 51
320.123
  0
ARC
  8
APS_GEOMETRY
 10
-1523.585
 20
-144.903
 40
26.548
 50
287.949
 51
303.344
  0
ARC
  8
APS_GEOMETRY
 10
-1524.339
 20
-142.288
 40
29.269
 50
279.039
 51
287.776
  0
ARC
  8
APS_GEOMETRY
 10
-1524.037
 20
-144.186
 40
27.346
 50
270.0
 51
279.039
  0
ARC
  8
APS_GEOMETRY
 10
-1524.037
 20
-145.522
 40
26.011
 50
257.728
 51
270.0
  0
ARC
  8
APS_GEOMETRY
 10
-1523.996
 20
-145.333
 40
26.203
 50
245.501
 51
257.728
  0
ARC
  8
APS_GEOMETRY
 10
-1525.469
 20
-148.556
 40
22.66
 50
228.665
 51
245.511
  0
ARC
  8
APS_GEOMETRY
 10
-1525.959
 20
-149.113
 40
21.918
 50
211.535
 51
228.665
  0
ARC
  8
APS_GEOMETRY
 10
-1525.317
 20
-148.642
 40
22.712
 50
195.642
 51
211.701
  0
ARC
  8
APS_GEOMETRY
 10
-1524.143
 20
-148.313
 40
23.931
 50
180.0
 51
195.642
  0
ARC
  8
APS_GEOMETRY
 10
-1523.892
 20
-148.313
 40
24.183
 50
162.181
 51
180.0
  0
ARC
  8
APS_GEOMETRY
 10
-1526.098
 20
-147.604
 40
21.865
 50
143.434
 51
162.181
  0
ARC
  8
APS_GEOMETRY
 10
-1526.395
 20
-147.366
 40
21.485
 50
126.384
 51
143.471
  0
ARC
  8
APS_GEOMETRY
 10
-1524.361
 20
-150.126
 40
24.914
 50
110.525
 51
126.384
  0
ARC
  8
APS_GEOMETRY
 10
-1524.462
 20
-149.377
 40
24.177
 50
99.77
 51
110.925
  0
ARC
  8
APS_GEOMETRY
 10
-1523.22
 20
-156.589
 40
31.496
 50
90.0
 51
99.77
  0
ARC
  8
APS_GEOMETRY
 10
-1526.327
 20
-139.286
 40
4.807
 50
90.0
 51
119.604
  0
ARC
  8
APS_GEOMETRY
 10
-1525.906
 20
-140.028
 40
5.659
 50
119.604
 51
146.842
  0
ARC
  8
APS_GEOMETRY
 10
-1525.059
 20
-140.721
 40
6.748
 50
145.84
 51
164.055
  0
ARC
  8
APS_GEOMETRY
 10
-1523.098
 20
-141.282
 40
8.788
 50
164.055
 51
180.0
  0
ARC
  8
APS_GEOMETRY
 10
-1510.834
 20
-141.282
 40
21.053
 50
180.0
 51
189.977
  0
ARC
  8
APS_GEOMETRY
 10
-1492.182
 20
-138.001
 40
39.991
 50
189.977
 51
197.211
  0
ARC
  8
APS_GEOMETRY
 10
-1488.103
 20
-136.737
 40
44.261
 50
197.211
 51
203.76
  0
ARC
  8
APS_GEOMETRY
 10
-1498.265
 20
-141.211
 40
33.157
 50
203.76
 51
211.329
  0
ARC
  8
APS_GEOMETRY
 10
-1519.133
 20
-153.735
 40
8.821
 50
212.32
 51
224.441
  0
ARC
  8
APS_GEOMETRY
 10
-1519.989
 20
-154.574
 40
7.623
 50
224.441
 51
237.484
  0
ARC
  8
APS_GEOMETRY
 10
-1520.542
 20
-155.441
 40
6.595
 50
237.484
 51
252.416
  0
ARC
  8
APS_GEOMETRY
 10
-1521.094
 20
-157.184
 40
4.766
 50
252.416
 51
270.0
  0
ARC
  8
APS_GEOMETRY
 10
-1521.094
 20
-156.619
 40
5.331
 50
270.0
 51
294.953
  0
ARC
  8
APS_GEOMETRY
 10
-1520.945
 20
-156.94
 40
4.977
 50
294.953
 51
320.793
  0
ARC
  8
APS_GEOMETRY
 10
-1521.745
 20
-156.287
 40
6.011
 50
320.793
 51
342.777
  0
ARC
  8
APS_GEOMETRY
 10
-1525.313
 20
-155.181
 40
9.746
 50
342.777
 51
0.0
  0
ARC
  8
APS_GEOMETRY
 10
-1542.074
 20
-155.181
 40
26.507
 50
0.0
 51
8.499
  0
ARC
  8
APS_GEOMETRY
 10
-1553.742
 20
-156.924
 40
38.304
 50
8.499
 51
15.566
  0
ARC
  8
APS_GEOMETRY
 10
-1552.339
 20
-156.533
 40
36.848
 50
15.566
 51
22.909
  0
ARC
  8
APS_GEOMETRY
 10
-1540.275
 20
-151.435
 40
23.751
 50
22.909
 51
32.057
  0
ARC
  8
APS_GEOMETRY
 10
-1530.799
 20
-145.466
 40
12.552
 50
31.921
 51
42.51
  0
ARC
  8
APS_GEOMETRY
 10
-1528.197
 20
-143.08
 40
9.022
 50
42.51
 51
55.008
  0
ARC
  8
APS_GEOMETRY
 10
-1527.318
 20
-141.825
 40
7.489
 50
55.008
 51
69.88
  0
ARC
  8
APS_GEOMETRY
 10
-1526.53
 20
-139.674
 40
5.198
 50
69.88
 51
87.754
  0
ARC
  8
APS_GEOMETRY
 10
-1472.706
 20
-154.297
 40
2.42
 50
90.0
 51
115.837
  0
ARC
  8
APS_GEOMETRY
 10
-1473.302
 20
-153.067
 40
1.053
 50
115.837
 51
155.462
  0
ARC
  8
APS_GEOMETRY
 10
-1472.606
 20
-153.384
 40
1.817
 50
155.462
 51
168.366
  0
ARC
  8
APS_GEOMETRY
 10
-1466.26
 20
-154.691
 40
8.296
 50
168.366
 51
174.395
  0
ARC
  8
APS_GEOMETRY
 10
-1459.865
 20
-155.318
 40
14.722
 50
174.395
 51
177.813
  0
ARC
  8
APS_GEOMETRY
 10
-1438.636
 20
-156.129
 40
35.966
 50
177.813
 51
180.0
  0
ARC
  8
APS_GEOMETRY
 10
-1423.268
 20
-156.129
 40
51.335
 50
180.0
 51
184.62
  0
ARC
  8
APS_GEOMETRY
 10
-1457.688
 20
-158.91
 40
16.803
 50
184.62
 51
192.7
  0
ARC
  8
APS_GEOMETRY
 10
-1470.958
 20
-161.824
 40
3.218
 50
194.036
 51
205.821
  0
ARC
  8
APS_GEOMETRY
 10
-1472.363
 20
-162.504
 40
1.656
 50
205.821
 51
222.274
  0
ARC
  8
APS_GEOMETRY
 10
-1471.933
 20
-162.113
 40
2.238
 50
222.274
 51
234.605
  0
ARC
  8
APS_GEOMETRY
 10
-1467.072
 20
-155.272
 40
10.63
 50
234.605
 51
240.255
  0
ARC
  8
APS_GEOMETRY
 10
-1474.461
 20
-168.346
 40
4.389
 50
34.592
 51
61.189
  0
ARC
  8
APS_GEOMETRY
 10
-1473.011
 20
-167.346
 40
2.627
 50
360.0
 51
34.592
  0
ARC
  8
APS_GEOMETRY
 10
-1472.923
 20
-167.346
 40
2.539
 50
318.231
 51
360.0
  0
ARC
  8
APS_GEOMETRY
 10
-1474.621
 20
-165.83
 40
4.816
 50
288.227
 51
318.231
  0
ARC
  8
APS_GEOMETRY
 10
-1476.383
 20
-160.482
 40
10.446
 50
280.377
 51
288.227
  0
ARC
  8
APS_GEOMETRY
 10
-1479.452
 20
-143.718
 40
27.489
 50
275.541
 51
280.377
  0
ARC
  8
APS_GEOMETRY
 10
-1480.775
 20
-130.081
 40
41.19
 50
272.304
 51
275.541
  0
ARC
  8
APS_GEOMETRY
 10
-1482.386
 20
-90.045
 40
81.259
 50
270.0
 51
272.304
  0
ARC
  8
APS_GEOMETRY
 10
-1482.386
 20
-123.503
 40
47.8
 50
262.811
 51
270.0
  0
ARC
  8
APS_GEOMETRY
 10
-1486.675
 20
-157.51
 40
13.524
 50
249.274
 51
262.811
  0
ARC
  8
APS_GEOMETRY
 10
-1489.373
 20
-164.64
 40
5.901
 50
221.379
 51
249.274
  0
ARC
  8
APS_GEOMETRY
 10
-1491.74
 20
-166.725
 40
2.747
 50
180.0
 51
221.379
  0
ARC
  8
APS_GEOMETRY
 10
-1491.758
 20
-166.725
 40
2.728
 50
164.055
 51
180.0
  0
ARC
  8
APS_GEOMETRY
 10
-1492.895
 20
-166.4
 40
1.546
 50
142.815
 51
164.055
  0
ARC
  8
APS_GEOMETRY
 10
-1492.18
 20
-166.943
 40
2.444
 50
129.007
 51
142.815
  0
ARC
  8
APS_GEOMETRY
 10
-1483.388
 20
-177.797
 40
16.412
 50
123.69
 51
129.007
  0
ARC
  8
APS_GEOMETRY
 10
-1495.864
 20
-159.024
 40
6.128
 50
303.389
 51
319.022
  0
ARC
  8
APS_GEOMETRY
 10
-1494.206
 20
-160.465
 40
3.932
 50
319.022
 51
338.575
  0
ARC
  8
APS_GEOMETRY
 10
-1496.425
 20
-159.594
 40
6.316
 50
338.575
 51
351.049
  0
ARC
  8
APS_GEOMETRY
 10
-1523.231
 20
-155.372
 40
33.452
 50
351.049
 51
356.46
  0
ARC
  8
APS_GEOMETRY
 10
-1514.395
 20
-155.708
 40
24.613
 50
355.972
 51
358.68
  0
ARC
  8
APS_GEOMETRY
 10
-1804.586
 20
-149.022
 40
314.881
 50
358.68
 51
359.437
  0
LINE
  8
APS_GEOMETRY
 10
-1489.72
 11
-1489.689
 20
-152.115
 21
-147.203
  0
LINE
  8
APS_GEOMETRY
 10
-1489.689
 11
-1489.679
 20
-147.203
 21
-140.791
  0
ARC
  8
APS_GEOMETRY
 10
-1565.488
 20
-140.791
 40
75.809
 50
0.0
 51
1.717
  0
ARC
  8
APS_GEOMETRY
 10
-1524.92
 20
-139.575
 40
35.223
 50
1.717
 51
4.236
  0
ARC
  8
APS_GEOMETRY
 10
-1511.691
 20
-138.595
 40
21.957
 50
4.236
 51
8.269
  0
ARC
  8
APS_GEOMETRY
 10
-1496.467
 20
-136.383
 40
6.573
 50
8.269
 51
15.642
  0
ARC
  8
APS_GEOMETRY
 10
-1493.847
 20
-135.649
 40
3.853
 50
15.642
 51
39.417
  0
ARC
  8
APS_GEOMETRY
 10
-1493.788
 20
-135.601
 40
3.776
 50
39.417
 51
63.435
  0
ARC
  8
APS_GEOMETRY
 10
-1486.987
 20
-121.511
 40
11.869
 50
236.874
 51
244.486
  0
ARC
  8
APS_GEOMETRY
 10
-1492.046
 20
-129.264
 40
2.611
 50
220.601
 51
236.874
  0
ARC
  8
APS_GEOMETRY
 10
-1492.626
 20
-129.762
 40
1.847
 50
198.246
 51
220.601
  0
ARC
  8
APS_GEOMETRY
 10
-1491.759
 20
-129.476
 40
2.761
 50
180.0
 51
198.246
  0
ARC
  8
APS_GEOMETRY
 10
-1491.772
 20
-129.476
 40
2.748
 50
156.161
 51
180.0
  0
ARC
  8
APS_GEOMETRY
 10
-1491.388
 20
-129.645
 40
3.167
 50
133.977
 51
156.161
  0
ARC
  8
APS_GEOMETRY
 10
-1490.625
 20
-130.436
 40
4.266
 50
116.996
 51
133.977
  0
ARC
  8
APS_GEOMETRY
 10
-1489.108
 20
-133.414
 40
7.608
 50
104.3
 51
116.996
  0
ARC
  8
APS_GEOMETRY
 10
-1488.716
 20
-134.92
 40
9.164
 50
95.326
 51
104.349
  0
ARC
  8
APS_GEOMETRY
 10
-1487.128
 20
-151.954
 40
26.272
 50
90.0
 51
95.326
  0
ARC
  8
APS_GEOMETRY
 10
-1487.128
 20
-138.695
 40
13.013
 50
87.553
 51
90.0
  0
ARC
  8
APS_GEOMETRY
 10
-1489.897
 20
-203.483
 40
77.86
 50
86.553
 51
87.553
  0
ARC
  8
APS_GEOMETRY
 10
-1493.833
 20
-268.829
 40
143.325
 50
86.009
 51
86.553
  0
ARC
  8
APS_GEOMETRY
 10
-1509.141
 20
-488.243
 40
363.271
 50
85.668
 51
86.009
  0
ARC
  8
APS_GEOMETRY
 10
-1480.493
 20
-110.932
 40
15.125
 50
265.426
 51
268.531
  0
ARC
  8
APS_GEOMETRY
 10
-1479.149
 20
-58.489
 40
67.586
 50
268.531
 51
270.0
  0
ARC
  8
APS_GEOMETRY
 10
-1479.149
 20
-74.564
 40
51.511
 50
270.0
 51
271.637
  0
ARC
  8
APS_GEOMETRY
 10
-1480.3
 20
-34.279
 40
91.812
 50
271.637
 51
272.862
  0
ARC
  8
APS_GEOMETRY
 10
-1481.621
 20
-7.85
 40
118.274
 50
272.862
 51
273.814
  0
ARC
  8
APS_GEOMETRY
 10
-1486.095
 20
59.254
 40
185.527
 50
273.814
 51
274.574
  0
ARC
  8
APS_GEOMETRY
 10
-1458.033
 20
-305.737
 40
180.543
 50
93.72
 51
94.214
  0
ARC
  8
APS_GEOMETRY
 10
-1464.022
 20
-213.619
 40
88.23
 50
93.013
 51
93.72
  0
ARC
  8
APS_GEOMETRY
 10
-1465.664
 20
-182.423
 40
56.991
 50
91.918
 51
93.013
  0
ARC
  8
APS_GEOMETRY
 10
-1466.95
 20
-144.008
 40
18.554
 50
90.0
 51
91.918
  0
ARC
  8
APS_GEOMETRY
 10
-1466.95
 20
-149.562
 40
24.109
 50
73.82
 51
90.0
  0
ARC
  8
APS_GEOMETRY
 10
-1464.574
 20
-141.372
 40
15.581
 50
53.658
 51
73.82
  0
ARC
  8
APS_GEOMETRY
 10
-1461.194
 20
-136.753
 40
9.857
 50
26.03
 51
53.569
  0
ARC
  8
APS_GEOMETRY
 10
-1462.231
 20
-137.259
 40
11.012
 50
360.0
 51
26.03
  0
ARC
  8
APS_GEOMETRY
 10
-1462.663
 20
-137.259
 40
11.443
 50
345.282
 51
360.0
  0
ARC
  8
APS_GEOMETRY
 10
-1461.562
 20
-137.548
 40
10.305
 50
329.767
 51
345.282
  0
ARC
  8
APS_GEOMETRY
 10
-1460.938
 20
-137.912
 40
9.583
 50
313.168
 51
329.767
  0
ARC
  8
APS_GEOMETRY
 10
-1460.707
 20
-138.158
 40
9.246
 50
296.267
 51
313.168
  0
ARC
  8
APS_GEOMETRY
 10
-1455.444
 20
-148.792
 40
2.62
 50
116.565
 51
139.899
  0
ARC
  8
APS_GEOMETRY
 10
-1456.751
 20
-147.692
 40
0.911
 50
139.899
 51
180.0
  0
ARC
  8
APS_GEOMETRY
 10
-1456.65
 20
-147.692
 40
1.013
 50
180.0
 51
226.193
  0
ARC
  8
APS_GEOMETRY
 10
-1454.779
 20
-145.741
 40
3.715
 50
226.193
 51
249.829
  0
ARC
  8
APS_GEOMETRY
 10
-1460.14
 20
-160.502
 40
11.989
 50
53.249
 51
70.105
  0
ARC
  8
APS_GEOMETRY
 10
-1457.705
 20
-157.241
 40
7.919
 50
32.471
 51
53.249
  0
ARC
  8
APS_GEOMETRY
 10
-1458.84
 20
-157.963
 40
9.264
 50
23.305
 51
32.471
  0
ARC
  8
APS_GEOMETRY
 10
-1465.85
 20
-160.983
 40
16.897
 50
16.521
 51
23.305
  0
ARC
  8
APS_GEOMETRY
 10
-1471.315
 20
-162.604
 40
22.598
 50
11.429
 51
16.521
  0
ARC
  8
APS_GEOMETRY
 10
-1486.805
 20
-165.736
 40
38.401
 50
7.524
 51
11.429
  0
ARC
  8
APS_GEOMETRY
 10
-1435.477
 20
-158.9
 40
13.38
 50
187.765
 51
196.914
  0
ARC
  8
APS_GEOMETRY
 10
-1446.42
 20
-162.227
 40
1.942
 50
196.914
 51
221.082
  0
ARC
  8
APS_GEOMETRY
 10
-1446.378
 20
-162.191
 40
1.997
 50
221.082
 51
244.607
  0
ARC
  8
APS_GEOMETRY
 10
-1441.705
 20
-152.346
 40
12.896
 50
244.607
 51
253.811
  0
ARC
  8
APS_GEOMETRY
 10
-1445.814
 20
-166.356
 40
1.705
 50
51.45
 51
72.474
  0
ARC
  8
APS_GEOMETRY
 10
-1446.236
 20
-166.885
 40
2.382
 50
33.69
 51
51.45
  0
ARC
  8
APS_GEOMETRY
 10
-1446.334
 20
-166.951
 40
2.5
 50
16.639
 51
33.69
  0
ARC
  8
APS_GEOMETRY
 10
-1446.454
 20
-166.987
 40
2.625
 50
360.0
 51
16.639
  0
ARC
  8
APS_GEOMETRY
 10
-1446.49
 20
-166.987
 40
2.662
 50
338.993
 51
360.0
  0
ARC
  8
APS_GEOMETRY
 10
-1448.115
 20
-166.363
 40
4.402
 50
322.696
 51
338.993
  0
ARC
  8
APS_GEOMETRY
 10
-1448.721
 20
-165.901
 40
5.164
 50
308.603
 51
322.696
  0
ARC
  8
APS_GEOMETRY
 10
-1449.138
 20
-165.379
 40
5.831
 50
295.346
 51
308.603
  0
ARC
  8
APS_GEOMETRY
 10
-1451.329
 20
-160.553
 40
11.131
 50
279.583
 51
294.905
  0
ARC
  8
APS_GEOMETRY
 10
-1454.196
 20
-143.572
 40
28.353
 50
270.0
 51
279.583
  0
ARC
  8
APS_GEOMETRY
 10
-1454.196
 20
-151.253
 40
20.672
 50
261.247
 51
270.0
  0
ARC
  8
APS_GEOMETRY
 10
-1455.52
 20
-159.854
 40
11.97
 50
249.737
 51
261.247
  0
ARC
  8
APS_GEOMETRY
 10
-1456.39
 20
-162.211
 40
9.457
 50
235.345
 51
249.737
  0
ARC
  8
APS_GEOMETRY
 10
-1457.49
 20
-163.801
 40
7.524
 50
219.198
 51
235.345
  0
ARC
  8
APS_GEOMETRY
 10
-1455.177
 20
-161.829
 40
10.563
 50
209.076
 51
219.56
  0
ARC
  8
APS_GEOMETRY
 10
-1449.836
 20
-158.859
 40
16.674
 50
200.735
 51
209.076
  0
ARC
  8
APS_GEOMETRY
 10
-1442.466
 20
-156.07
 40
24.554
 50
197.881
 51
200.735
  0
ARC
  8
APS_GEOMETRY
 10
-1412.185
 20
-146.3
 40
56.372
 50
195.997
 51
197.881
  0
ARC
  8
APS_GEOMETRY
 10
-1389.803
 20
-139.883
 40
79.656
 50
194.664
 51
195.997
  0
ARC
  8
APS_GEOMETRY
 10
-1327.808
 20
-123.661
 40
143.738
 50
193.671
 51
194.664
  0
ARC
  8
APS_GEOMETRY
 10
-1485.018
 20
-161.881
 40
18.051
 50
13.61
 51
23.585
  0
ARC
  8
APS_GEOMETRY
 10
-1473.199
 20
-156.721
 40
5.155
 50
23.585
 51
42.31
  0
ARC
  8
APS_GEOMETRY
 10
-1472.127
 20
-155.745
 40
3.705
 50
42.31
 51
67.521
  0
ARC
  8
APS_GEOMETRY
 10
-1472.975
 20
-157.795
 40
5.924
 50
67.521
 51
87.397
  0
LINE
  8
APS_GEOMETRY
 10
-1474.57
 11
-1474.93
 20
-135.199
 21
-142.819
  0
LINE
  8
APS_GEOMETRY
 10
-1474.93
 11
-1474.93
 20
-142.819
 21
-142.941
  0
LINE
  8
APS_GEOMETRY
 10
-1474.93
 11
-1474.93
 20
-142.941
 21
-143.113
  0
ARC
  8
APS_GEOMETRY
 10
-1469.636
 20
-143.113
 40
5.294
 50
180.0
 51
192.339
  0
ARC
  8
APS_GEOMETRY
 10
-1473.845
 20
-144.034
 40
0.986
 50
192.339
 51
221.186
  0
ARC
  8
APS_GEOMETRY
 10
-1473.945
 20
-144.122
 40
0.852
 50
221.186
 51
253.872
  0
ARC
  8
APS_GEOMETRY
 10
-1473.229
 20
-141.646
 40
3.429
 50
253.872
 51
270.0
  0
ARC
  8
APS_GEOMETRY
 10
-1473.229
 20
-137.105
 40
7.971
 50
270.0
 51
289.569
  0
ARC
  8
APS_GEOMETRY
 10
-1471.78
 20
-141.181
 40
3.644
 50
289.569
 51
318.681
  0
ARC
  8
APS_GEOMETRY
 10
-1472.172
 20
-140.837
 40
4.166
 50
318.681
 51
344.628
  0
ARC
  8
APS_GEOMETRY
 10
-1479.475
 20
-138.829
 40
11.74
 50
344.628
 51
0.0
  0
ARC
  8
APS_GEOMETRY
 10
-1476.003
 20
-138.829
 40
8.268
 50
0.0
 51
35.369
  0
ARC
  8
APS_GEOMETRY
 10
-1472.215
 20
-136.14
 40
3.623
 50
35.369
 51
90.0
  0
ARC
  8
APS_GEOMETRY
 10
-1472.215
 20
-136.18
 40
3.663
 50
90.0
 51
108.435
  0
ARC
  8
APS_GEOMETRY
 10
-1472.928
 20
-134.042
 40
1.409
 50
108.435
 51
138.366
  0
ARC
  8
APS_GEOMETRY
 10
-1472.737
 20
-134.212
 40
1.665
 50
138.366
 51
164.291
  0
ARC
  8
APS_GEOMETRY
 10
-1468.252
 20
-135.474
 40
6.324
 50
164.291
 51
177.51
  0
LINE
  8
APS_GEOMETRY
 10
-1416.351
 11
-1400.065
 20
-127.579
 21
-141.838
  0
ARC
  8
APS_GEOMETRY
 10
-1384.833
 20
-124.358
 40
23.185
 50
228.93
 51
232.674
  0
ARC
  8
APS_GEOMETRY
 10
-1393.307
 20
-135.471
 40
9.21
 50
232.674
 51
238.617
  0
ARC
  8
APS_GEOMETRY
 10
-1395.438
 20
-138.966
 40
5.116
 50
238.617
 51
249.131
  0
ARC
  8
APS_GEOMETRY
 10
-1396.795
 20
-142.523
 40
1.309
 50
249.131
 51
270.0
  0
ARC
  8
APS_GEOMETRY
 10
-1396.795
 20
-142.685
 40
1.148
 50
270.0
 51
334.898
  0
ARC
  8
APS_GEOMETRY
 10
-1402.093
 20
-140.202
 40
6.999
 50
334.898
 51
0.0
  0
ARC
  8
APS_GEOMETRY
 10
-1453.324
 20
-140.202
 40
58.23
 50
0.0
 51
2.026
  0
ARC
  8
APS_GEOMETRY
 10
-1422.437
 20
-139.11
 40
27.324
 50
2.026
 51
4.984
  0
ARC
  8
APS_GEOMETRY
 10
-1412.338
 20
-138.229
 40
17.186
 50
4.984
 51
9.673
  0
ARC
  8
APS_GEOMETRY
 10
-1400.698
 20
-136.245
 40
5.379
 50
9.673
 51
18.06
  0
ARC
  8
APS_GEOMETRY
 10
-1398.927
 20
-135.667
 40
3.515
 50
18.06
 51
42.397
  0
ARC
  8
APS_GEOMETRY
 10
-1399.499
 20
-136.189
 40
4.29
 50
42.397
 51
64.398
  0
ARC
  8
APS_GEOMETRY
 10
-1394.275
 20
-125.403
 40
7.695
 50
233.633
 51
244.026
  0
ARC
  8
APS_GEOMETRY
 10
-1397.12
 20
-129.267
 40
2.896
 50
216.656
 51
233.633
  0
ARC
  8
APS_GEOMETRY
 10
-1397.556
 20
-129.592
 40
2.353
 50
196.082
 51
216.656
  0
ARC
  8
APS_GEOMETRY
 10
-1396.132
 20
-129.181
 40
3.835
 50
180.0
 51
196.082
  0
ARC
  8
APS_GEOMETRY
 10
-1397.179
 20
-129.181
 40
2.788
 50
133.202
 51
180.0
  0
ARC
  8
APS_GEOMETRY
 10
-1394.98
 20
-131.522
 40
6.0
 50
101.788
 51
133.202
  0
ARC
  8
APS_GEOMETRY
 10
-1394.468
 20
-133.819
 40
8.353
 50
96.633
 51
102.011
  0
ARC
  8
APS_GEOMETRY
 10
-1392.609
 20
-149.808
 40
24.449
 50
93.489
 51
96.633
  0
ARC
  8
APS_GEOMETRY
 10
-1391.812
 20
-162.866
 40
37.532
 50
91.439
 51
93.489
  0
ARC
  8
APS_GEOMETRY
 10
-1390.843
 20
-201.461
 40
76.138
 50
90.0
 51
91.439
  0
ARC
  8
APS_GEOMETRY
 10
-1390.843
 20
-196.287
 40
70.964
 50
87.994
 51
90.0
  0
ARC
  8
APS_GEOMETRY
 10
-1389.552
 20
-159.446
 40
34.101
 50
85.101
 51
87.994
  0
ARC
  8
APS_GEOMETRY
 10
-1388.505
 20
-147.23
 40
21.84
 50
80.595
 51
85.101
  0
ARC
  8
APS_GEOMETRY
 10
-1386.118
 20
-132.816
 40
7.23
 50
72.759
 51
80.595
  0
ARC
  8
APS_GEOMETRY
 10
-1385.394
 20
-130.575
 40
4.876
 50
40.956
 51
73.072
  0
ARC
  8
APS_GEOMETRY
 10
-1384.014
 20
-129.378
 40
3.048
 50
360.0
 51
40.956
  0
ARC
  8
APS_GEOMETRY
 10
-1383.831
 20
-129.378
 40
2.865
 50
322.573
 51
360.0
  0
ARC
  8
APS_GEOMETRY
 10
-1385.336
 20
-128.226
 40
4.76
 50
293.749
 51
322.573
  0
ARC
  8
APS_GEOMETRY
 10
-1379.292
 20
-142.107
 40
10.38
 50
113.429
 51
119.291
  0
ARC
  8
APS_GEOMETRY
 10
-1383.331
 20
-134.906
 40
2.124
 50
119.291
 51
132.274
  0
ARC
  8
APS_GEOMETRY
 10
-1383.564
 20
-134.65
 40
1.778
 50
132.274
 51
147.653
  0
ARC
  8
APS_GEOMETRY
 10
-1381.882
 20
-135.716
 40
3.769
 50
147.653
 51
158.199
  0
ARC
  8
APS_GEOMETRY
 10
-1379.322
 20
-136.794
 40
6.546
 50
157.751
 51
167.885
  0
ARC
  8
APS_GEOMETRY
 10
-1365.702
 20
-139.718
 40
20.477
 50
167.885
 51
173.61
  0
ARC
  8
APS_GEOMETRY
 10
-1353.656
 20
-141.067
 40
32.599
 50
173.61
 51
177.221
  0
ARC
  8
APS_GEOMETRY
 10
-1316.5
 20
-142.871
 40
69.798
 50
177.221
 51
179.689
  0
LINE
  8
APS_GEOMETRY
 10
-1386.297
 11
-1386.297
 20
-142.492
 21
-153.153
  0
ARC
  8
APS_GEOMETRY
 10
-950.931
 20
-153.153
 40
435.365
 50
180.0
 51
180.161
  0
ARC
  8
APS_GEOMETRY
 10
-573.112
 20
-152.089
 40
813.186
 50
180.161
 51
180.279
  0
LINE
  8
APS_GEOMETRY
 10
-1386.289
 11
-1386.278
 20
-156.055
 21
-157.844
  0
LINE
  8
APS_GEOMETRY
 10
-1386.278
 11
-1386.264
 20
-157.844
 21
-159.857
  0
ARC
  8
APS_GEOMETRY
 10
-1463.948
 20
-160.299
 40
77.685
 50
358.204
 51
0.326
  0
ARC
  8
APS_GEOMETRY
 10
-1426.994
 20
-161.457
 40
40.713
 50
355.274
 51
358.204
  0
ARC
  8
APS_GEOMETRY
 10
-1414.131
 20
-162.521
 40
27.806
 50
350.991
 51
355.274
  0
ARC
  8
APS_GEOMETRY
 10
-1397.753
 20
-165.117
 40
11.223
 50
344.249
 51
350.991
  0
ARC
  8
APS_GEOMETRY
 10
-1392.217
 20
-166.698
 40
5.466
 50
314.415
 51
344.445
  0
ARC
  8
APS_GEOMETRY
 10
-1390.189
 20
-168.768
 40
2.568
 50
270.0
 51
314.415
  0
ARC
  8
APS_GEOMETRY
 10
-1390.189
 20
-167.176
 40
4.16
 50
256.342
 51
270.0
  0
ARC
  8
APS_GEOMETRY
 10
-1390.485
 20
-168.396
 40
2.905
 50
239.982
 51
256.342
  0
ARC
  8
APS_GEOMETRY
 10
-1389.191
 20
-166.156
 40
5.492
 50
231.153
 51
239.982
  0
ARC
  8
APS_GEOMETRY
 10
-1367.442
 20
-139.151
 40
40.166
 50
227.891
 51
231.153
  0
LINE
  8
APS_GEOMETRY
 10
-1394.375
 11
-1413.768
 20
-168.949
 21
-151.583
  0
ARC
  8
APS_GEOMETRY
 10
-1421.239
 20
-159.855
 40
11.146
 50
47.911
 51
61.468
  0
ARC
  8
APS_GEOMETRY
 10
-1417.136
 20
-152.309
 40
2.557
 50
61.468
 51
90.0
  0
ARC
  8
APS_GEOMETRY
 10
-1417.136
 20
-150.872
 40
1.12
 50
90.0
 51
133.195
  0
ARC
  8
APS_GEOMETRY
 10
-1416.032
 20
-152.048
 40
2.733
 50
133.195
 51
160.454
  0
ARC
  8
APS_GEOMETRY
 10
-1412.488
 20
-153.306
 40
6.494
 50
160.454
 51
173.251
  0
ARC
  8
APS_GEOMETRY
 10
-1395.821
 20
-155.279
 40
23.278
 50
173.251
 51
180.0
  0
ARC
  8
APS_GEOMETRY
 10
-1350.48
 20
-155.279
 40
68.618
 50
180.0
 51
181.897
  0
ARC
  8
APS_GEOMETRY
 10
-1386.823
 20
-156.482
 40
32.255
 50
181.897
 51
184.664
  0
ARC
  8
APS_GEOMETRY
 10
-1398.735
 20
-157.454
 40
20.304
 50
184.664
 51
189.048
  0
ARC
  8
APS_GEOMETRY
 10
-1412.536
 20
-159.652
 40
6.329
 50
189.048
 51
196.905
  0
ARC
  8
APS_GEOMETRY
 10
-1414.726
 20
-160.318
 40
4.04
 50
196.905
 51
220.253
  0
ARC
  8
APS_GEOMETRY
 10
-1414.683
 20
-160.281
 40
4.097
 50
220.253
 51
243.435
  0
ARC
  8
APS_GEOMETRY
 10
-1418.68
 20
-168.341
 40
4.901
 50
37.921
 51
63.778
  0
ARC
  8
APS_GEOMETRY
 10
-1416.647
 20
-166.758
 40
2.324
 50
360.0
 51
37.921
  0
ARC
  8
APS_GEOMETRY
 10
-1417.551
 20
-166.758
 40
3.227
 50
324.268
 51
360.0
  0
ARC
  8
APS_GEOMETRY
 10
-1418.759
 20
-165.889
 40
4.715
 50
294.86
 51
324.268
  0
ARC
  8
APS_GEOMETRY
 10
-1420.756
 20
-161.579
 40
9.465
 50
278.78
 51
294.86
  0
ARC
  8
APS_GEOMETRY
 10
-1424.135
 20
-139.699
 40
31.604
 50
270.0
 51
278.78
  0
ARC
  8
APS_GEOMETRY
 10
-1424.135
 20
-145.371
 40
25.933
 50
260.383
 51
270.0
  0
ARC
  8
APS_GEOMETRY
 10
-1426.868
 20
-161.5
 40
9.574
 50
244.522
 51
260.383
  0
ARC
  8
APS_GEOMETRY
 10
-1428.847
 20
-165.654
 40
4.972
 50
216.549
 51
244.522
  0
ARC
  8
APS_GEOMETRY
 10
-1430.469
 20
-166.856
 40
2.954
 50
180.0
 51
216.549
  0
ARC
  8
APS_GEOMETRY
 10
-1429.416
 20
-166.856
 40
4.007
 50
164.65
 51
180.0
  0
ARC
  8
APS_GEOMETRY
 10
-1431.701
 20
-166.228
 40
1.637
 50
140.528
 51
164.65
  0
ARC
  8
APS_GEOMETRY
 10
-1430.776
 20
-166.99
 40
2.835
 50
126.135
 51
140.528
  0
ARC
  8
APS_GEOMETRY
 10
-1421.122
 20
-180.212
 40
19.207
 50
120.619
 51
126.135
  0
ARC
  8
APS_GEOMETRY
 10
-1432.568
 20
-160.891
 40
3.251
 50
300.784
 51
330.068
  0
ARC
  8
APS_GEOMETRY
 10
-1434.734
 20
-159.644
 40
5.749
 50
330.068
 51
351.983
  0
ARC
  8
APS_GEOMETRY
 10
-1471.096
 20
-154.904
 40
42.42
 50
352.493
 51
355.365
  0
ARC
  8
APS_GEOMETRY
 10
-1514.959
 20
-151.347
 40
86.427
 50
355.365
 51
357.376
  0
ARC
  8
APS_GEOMETRY
 10
-1545.672
 20
-149.94
 40
117.171
 50
357.376
 51
358.861
  0
ARC
  8
APS_GEOMETRY
 10
-1627.498
 20
-148.313
 40
199.014
 50
358.861
 51
0.0
  0
ARC
  8
APS_GEOMETRY
 10
-1553.909
 20
-148.313
 40
125.424
 50
360.0
 51
1.926
  0
ARC
  8
APS_GEOMETRY
 10
-1495.522
 20
-146.349
 40
67.005
 50
1.926
 51
4.562
  0
ARC
  8
APS_GEOMETRY
 10
-1474.935
 20
-144.707
 40
46.352
 50
4.562
 51
8.366
  0
ARC
  8
APS_GEOMETRY
 10
-1448.159
 20
-140.769
 40
19.288
 50
8.366
 51
14.265
  0
ARC
  8
APS_GEOMETRY
 10
-1438.034
 20
-138.208
 40
8.844
 50
14.349
 51
23.629
  0
ARC
  8
APS_GEOMETRY
 10
-1432.899
 20
-135.962
 40
3.24
 50
23.629
 51
38.991
  0
ARC
  8
APS_GEOMETRY
 10
-1432.88
 20
-135.946
 40
3.215
 50
38.991
 51
54.462
  0
ARC
  8
APS_GEOMETRY
 10
-1435.884
 20
-140.152
 40
8.384
 50
54.462
 51
64.026
  0
ARC
  8
APS_GEOMETRY
 10
-1427.407
 20
-122.785
 40
10.942
 50
235.472
 51
243.947
  0
ARC
  8
APS_GEOMETRY
 10
-1431.786
 20
-129.15
 40
3.216
 50
219.806
 51
235.472
  0
ARC
  8
APS_GEOMETRY
 10
-1432.449
 20
-129.703
 40
2.353
 50
198.939
 51
219.806
  0
ARC
  8
APS_GEOMETRY
 10
-1431.978
 20
-129.541
 40
2.851
 50
180.0
 51
198.939
  0
ARC
  8
APS_GEOMETRY
 10
-1432.117
 20
-129.541
 40
2.712
 50
126.254
 51
180.0
  0
ARC
  8
APS_GEOMETRY
 10
-1427.978
 20
-135.185
 40
9.711
 50
98.616
 51
126.254
  0
ARC
  8
APS_GEOMETRY
 10
-1427.395
 20
-139.849
 40
14.41
 50
94.456
 51
98.13
  0
ARC
  8
APS_GEOMETRY
 10
-1425.147
 20
-168.701
 40
43.349
 50
92.337
 51
94.456
  0
ARC
  8
APS_GEOMETRY
 10
-1424.188
 20
-192.179
 40
66.847
 50
90.963
 51
92.337
  0
ARC
  8
APS_GEOMETRY
 10
-1423.023
 20
-261.528
 40
136.206
 50
90.0
 51
90.963
  0
ARC
  8
APS_GEOMETRY
 10
-1423.023
 20
-150.144
 40
24.822
 50
83.928
 51
90.0
  0
ARC
  8
APS_GEOMETRY
 10
-1420.987
 20
-131.007
 40
5.577
 50
71.095
 51
83.928
  0
ARC
  8
APS_GEOMETRY
 10
-1420.801
 20
-130.464
 40
5.003
 50
56.848
 51
71.095
  0
ARC
  8
APS_GEOMETRY
 10
-1426.304
 20
-138.888
 40
15.065
 50
48.652
 51
56.848
  0
ARC
  8
APS_GEOMETRY
 10
-1357.544
 20
-165.93
 40
40.608
 50
84.71
 51
90.0
  0
ARC
  8
APS_GEOMETRY
 10
-1356.799
 20
-157.89
 40
32.533
 50
78.799
 51
84.71
  0
ARC
  8
APS_GEOMETRY
 10
-1351.983
 20
-133.547
 40
7.718
 50
49.783
 51
78.771
  0
ARC
  8
APS_GEOMETRY
 10
-1348.762
 20
-129.737
 40
2.729
 50
360.0
 51
49.783
  0
ARC
  8
APS_GEOMETRY
 10
-1349.052
 20
-129.737
 40
3.02
 50
342.759
 51
360.0
  0
ARC
  8
APS_GEOMETRY
 10
-1347.477
 20
-130.226
 40
1.37
 50
317.045
 51
342.759
  0
ARC
  8
APS_GEOMETRY
 10
-1348.237
 20
-129.518
 40
2.41
 50
301.817
 51
317.045
  0
ARC
  8
APS_GEOMETRY
 10
-1359.493
 20
-111.376
 40
23.76
 50
296.98
 51
301.817
  0
ARC
  8
APS_GEOMETRY
 10
-1347.492
 20
-134.994
 40
2.733
 50
116.565
 51
149.078
  0
ARC
  8
APS_GEOMETRY
 10
-1343.973
 20
-137.102
 40
6.835
 50
149.078
 51
169.469
  0
ARC
  8
APS_GEOMETRY
 10
-1336.469
 20
-138.497
 40
14.468
 50
169.469
 51
174.598
  0
ARC
  8
APS_GEOMETRY
 10
-1297.804
 20
-142.153
 40
53.304
 50
174.598
 51
177.269
  0
ARC
  8
APS_GEOMETRY
 10
-1263.807
 20
-143.775
 40
87.341
 50
177.269
 51
178.901
  0
ARC
  8
APS_GEOMETRY
 10
-1158.5
 20
-145.795
 40
192.667
 50
178.901
 51
180.0
  0
ARC
  8
APS_GEOMETRY
 10
-944.51
 20
-145.795
 40
406.657
 50
180.0
 51
180.88
  0
ARC
  8
APS_GEOMETRY
 10
-1195.03
 20
-149.643
 40
156.107
 50
180.88
 51
182.3
  0
ARC
  8
APS_GEOMETRY
 10
-1268.256
 20
-152.584
 40
82.823
 50
182.3
 51
184.974
  0
ARC
  8
APS_GEOMETRY
 10
-1338.076
 20
-158.66
 40
12.738
 50
184.974
 51
191.793
  0
ARC
  8
APS_GEOMETRY
 10
-1346.187
 20
-160.211
 40
4.484
 50
193.57
 51
205.787
  0
ARC
  8
APS_GEOMETRY
 10
-1348.204
 20
-161.186
 40
2.244
 50
205.787
 51
223.091
  0
ARC
  8
APS_GEOMETRY
 10
-1347.692
 20
-160.707
 40
2.944
 50
223.091
 51
236.441
  0
ARC
  8
APS_GEOMETRY
 10
-1343.409
 20
-154.25
 40
10.693
 50
236.441
 51
243.435
  0
ARC
  8
APS_GEOMETRY
 10
-1349.966
 20
-167.721
 40
4.291
 50
37.185
 51
65.556
  0
ARC
  8
APS_GEOMETRY
 10
-1348.567
 20
-166.66
 40
2.535
 50
360.0
 51
37.185
  0
ARC
  8
APS_GEOMETRY
 10
-1348.644
 20
-166.66
 40
2.612
 50
312.039
 51
360.0
  0
ARC
  8
APS_GEOMETRY
 10
-1351.755
 20
-163.209
 40
7.258
 50
283.815
 51
312.039
  0
ARC
  8
APS_GEOMETRY
 10
-1356.896
 20
-141.904
 40
29.174
 50
279.273
 51
283.627
  0
ARC
  8
APS_GEOMETRY
 10
-1358.95
 20
-129.318
 40
41.926
 50
275.641
 51
279.273
  0
ARC
  8
APS_GEOMETRY
 10
-1359.736
 20
-121.365
 40
49.919
 50
272.588
 51
275.641
  0
ARC
  8
APS_GEOMETRY
 10
-1360.618
 20
-101.848
 40
69.456
 50
270.0
 51
272.588
  0
ARC
  8
APS_GEOMETRY
 10
-1360.618
 20
-129.409
 40
41.894
 50
262.774
 51
270.0
  0
ARC
  8
APS_GEOMETRY
 10
-1364.395
 20
-159.197
 40
11.868
 50
249.175
 51
262.774
  0
ARC
  8
APS_GEOMETRY
 10
-1366.768
 20
-165.435
 40
5.194
 50
221.23
 51
249.175
  0
ARC
  8
APS_GEOMETRY
 10
-1368.837
 20
-167.248
 40
2.443
 50
180.0
 51
221.23
  0
ARC
  8
APS_GEOMETRY
 10
-1369.238
 20
-167.248
 40
2.041
 50
142.696
 51
180.0
  0
ARC
  8
APS_GEOMETRY
 10
-1366.017
 20
-169.703
 40
6.091
 50
121.357
 51
142.696
  0
ARC
  8
APS_GEOMETRY
 10
-1371.46
 20
-160.788
 40
4.354
 50
301.477
 51
324.728
  0
ARC
  8
APS_GEOMETRY
 10
-1370.88
 20
-161.198
 40
3.643
 50
324.728
 51
350.181
  0
ARC
  8
APS_GEOMETRY
 10
-1389.12
 20
-158.181
 40
22.132
 50
350.538
 51
355.423
  0
ARC
  8
APS_GEOMETRY
 10
-1464.072
 20
-152.181
 40
97.324
 50
355.423
 51
357.752
  0
ARC
  8
APS_GEOMETRY
 10
-1533.666
 20
-149.449
 40
166.971
 50
357.752
 51
359.111
  0
ARC
  8
APS_GEOMETRY
 10
-1756.413
 20
-145.991
 40
389.744
 50
359.111
 51
0.0
  0
ARC
  8
APS_GEOMETRY
 10
-1501.892
 20
-145.991
 40
135.223
 50
0.0
 51
1.773
  0
ARC
  8
APS_GEOMETRY
 10
-1422.532
 20
-143.535
 40
55.825
 50
1.773
 51
4.532
  0
ARC
  8
APS_GEOMETRY
 10
-1398.411
 20
-141.623
 40
31.629
 50
4.532
 51
9.384
  0
ARC
  8
APS_GEOMETRY
 10
-1373.917
 20
-137.575
 40
6.803
 50
9.384
 51
19.855
  0
ARC
  8
APS_GEOMETRY
 10
-1370.676
 20
-136.342
 40
3.336
 50
18.853
 51
42.158
  0
ARC
  8
APS_GEOMETRY
 10
-1373.454
 20
-138.858
 40
7.084
 50
42.158
 51
58.092
  0
ARC
  8
APS_GEOMETRY
 10
-1361.225
 20
-119.961
 40
15.426
 50
230.711
 51
236.634
  0
ARC
  8
APS_GEOMETRY
 10
-1368.907
 20
-129.349
 40
3.296
 50
217.875
 51
230.711
  0
ARC
  8
APS_GEOMETRY
 10
-1369.96
 20
-130.168
 40
1.962
 50
196.928
 51
217.875
  0
ARC
  8
APS_GEOMETRY
 10
-1368.974
 20
-129.868
 40
2.992
 50
180.0
 51
196.928
  0
ARC
  8
APS_GEOMETRY
 10
-1369.619
 20
-129.868
 40
2.347
 50
148.791
 51
180.0
  0
ARC
  8
APS_GEOMETRY
 10
-1369.003
 20
-130.241
 40
3.067
 50
121.569
 51
148.791
  0
ARC
  8
APS_GEOMETRY
 10
-1367.898
 20
-132.04
 40
5.178
 50
112.806
 51
121.569
  0
ARC
  8
APS_GEOMETRY
 10
-1364.911
 20
-139.144
 40
12.885
 50
107.254
 51
112.806
  0
ARC
  8
APS_GEOMETRY
 10
-1363.081
 20
-145.035
 40
19.054
 50
103.487
 51
107.254
  0
ARC
  8
APS_GEOMETRY
 10
-1358.891
 20
-162.508
 40
37.022
 50
100.784
 51
103.487
  0
ARC
  8
APS_GEOMETRY
 10
-1357.578
 20
-167.339
 40
42.015
 50
95.643
 51
101.31
  0
ARC
  8
APS_GEOMETRY
 10
-1357.544
 20
-167.685
 40
42.362
 50
90.0
 51
95.643
  0
ARC
  8
APS_GEOMETRY
 10
-1316.874
 20
-146.357
 40
21.264
 50
77.257
 51
90.0
  0
ARC
  8
APS_GEOMETRY
 10
-1317.09
 20
-147.313
 40
22.243
 50
64.799
 51
77.257
  0
ARC
  8
APS_GEOMETRY
 10
-1298.772
 20
-108.314
 40
20.843
 50
244.885
 51
251.175
  0
ARC
  8
APS_GEOMETRY
 10
-1304.741
 20
-125.822
 40
2.346
 50
251.175
 51
270.0
  0
ARC
  8
APS_GEOMETRY
 10
-1304.741
 20
-124.361
 40
3.806
 50
270.0
 51
278.82
  0
ARC
  8
APS_GEOMETRY
 10
-1307.2
 20
-108.514
 40
19.844
 50
278.82
 51
282.68
  0
ARC
  8
APS_GEOMETRY
 10
-1302.055
 20
-131.294
 40
3.511
 50
95.906
 51
102.995
  0
ARC
  8
APS_GEOMETRY
 10
-1301.896
 20
-132.831
 40
5.055
 50
90.0
 51
95.906
  0
ARC
  8
APS_GEOMETRY
 10
-1301.896
 20
-131.131
 40
3.356
 50
62.447
 51
90.0
  0
ARC
  8
APS_GEOMETRY
 10
-1302.492
 20
-132.274
 40
4.645
 50
39.094
 51
62.447
  0
ARC
  8
APS_GEOMETRY
 10
-1308.726
 20
-137.488
 40
12.772
 50
18.435
 51
39.611
  0
ARC
  8
APS_GEOMETRY
 10
-1312.553
 20
-138.763
 40
16.806
 50
360.0
 51
18.435
  0
ARC
  8
APS_GEOMETRY
 10
-1304.081
 20
-138.763
 40
8.333
 50
334.877
 51
360.0
  0
ARC
  8
APS_GEOMETRY
 10
-1301.574
 20
-139.939
 40
5.565
 50
304.007
 51
334.877
  0
ARC
  8
APS_GEOMETRY
 10
-1301.616
 20
-139.821
 40
5.686
 50
286.39
 51
303.69
  0
ARC
  8
APS_GEOMETRY
 10
-1301.798
 20
-139.203
 40
6.33
 50
270.0
 51
286.39
  0
ARC
  8
APS_GEOMETRY
 10
-1301.798
 20
-139.277
 40
6.257
 50
255.155
 51
270.0
  0
ARC
  8
APS_GEOMETRY
 10
-1302.483
 20
-141.862
 40
3.581
 50
235.491
 51
255.155
  0
ARC
  8
APS_GEOMETRY
 10
-1302.139
 20
-141.362
 40
4.189
 50
218.48
 51
235.491
  0
ARC
  8
APS_GEOMETRY
 10
-1296.518
 20
-136.894
 40
11.369
 50
208.179
 51
218.48
  0
ARC
  8
APS_GEOMETRY
 10
-1354.143
 20
-168.173
 40
54.198
 50
28.56
 51
31.664
  0
ARC
  8
APS_GEOMETRY
 10
-1318.93
 20
-146.456
 40
12.827
 50
31.664
 51
38.047
  0
ARC
  8
APS_GEOMETRY
 10
-1316.37
 20
-144.453
 40
9.576
 50
38.047
 51
46.56
  0
ARC
  8
APS_GEOMETRY
 10
-1317.701
 20
-145.858
 40
11.512
 50
46.56
 51
54.324
  0
ARC
  8
APS_GEOMETRY
 10
-1318.469
 20
-147.18
 40
13.034
 50
54.968
 51
71.48
  0
ARC
  8
APS_GEOMETRY
 10
-1317.626
 20
-144.663
 40
10.38
 50
71.48
 51
90.0
  0
ARC
  8
APS_GEOMETRY
 10
-1317.626
 20
-141.534
 40
7.251
 50
90.0
 51
114.63
  0
ARC
  8
APS_GEOMETRY
 10
-1317.99
 20
-140.739
 40
6.377
 50
114.63
 51
140.921
  0
ARC
  8
APS_GEOMETRY
 10
-1316.914
 20
-141.613
 40
7.763
 50
140.921
 51
163.13
  0
ARC
  8
APS_GEOMETRY
 10
-1311.537
 20
-143.244
 40
13.382
 50
163.13
 51
180.0
  0
ARC
  8
APS_GEOMETRY
 10
-1304.563
 20
-143.244
 40
20.355
 50
180.0
 51
195.44
  0
ARC
  8
APS_GEOMETRY
 10
-1305.622
 20
-143.536
 40
19.258
 50
195.44
 51
211.316
  0
ARC
  8
APS_GEOMETRY
 10
-1310.711
 20
-146.525
 40
13.357
 50
211.708
 51
240.457
  0
ARC
  8
APS_GEOMETRY
 10
-1311.053
 20
-147.129
 40
12.663
 50
240.457
 51
270.0
  0
ARC
  8
APS_GEOMETRY
 10
-1311.053
 20
-144.041
 40
15.751
 50
270.0
 51
279.549
  0
ARC
  8
APS_GEOMETRY
 10
-1311.248
 20
-142.877
 40
16.931
 50
279.549
 51
288.759
  0
ARC
  8
APS_GEOMETRY
 10
-1310.423
 20
-145.307
 40
14.364
 50
288.759
 51
299.545
  0
ARC
  8
APS_GEOMETRY
 10
-1307.113
 20
-151.147
 40
7.652
 50
299.545
 51
314.341
  0
ARC
  8
APS_GEOMETRY
 10
-1296.878
 20
-161.778
 40
7.105
 50
120.141
 51
133.452
  0
ARC
  8
APS_GEOMETRY
 10
-1299.737
 20
-156.854
 40
1.412
 50
90.0
 51
120.141
  0
ARC
  8
APS_GEOMETRY
 10
-1299.737
 20
-157.672
 40
2.23
 50
61.952
 51
90.0
  0
ARC
  8
APS_GEOMETRY
 10
-1300.069
 20
-158.295
 40
2.936
 50
37.569
 51
61.952
  0
ARC
  8
APS_GEOMETRY
 10
-1300.689
 20
-158.771
 40
3.717
 50
17.665
 51
37.569
  0
ARC
  8
APS_GEOMETRY
 10
-1301.633
 20
-159.072
 40
4.709
 50
360.0
 51
17.665
  0
ARC
  8
APS_GEOMETRY
 10
-1304.005
 20
-159.072
 40
7.081
 50
344.932
 51
360.0
  0
ARC
  8
APS_GEOMETRY
 10
-1310.303
 20
-157.377
 40
13.603
 50
334.075
 51
344.932
  0
ARC
  8
APS_GEOMETRY
 10
-1310.501
 20
-157.28
 40
13.823
 50
323.374
 51
334.075
  0
ARC
  8
APS_GEOMETRY
 10
-1306.438
 20
-160.301
 40
8.76
 50
309.92
 51
323.374
  0
ARC
  8
APS_GEOMETRY
 10
-1302.377
 20
-165.092
 40
2.48
 50
289.026
 51
308.991
  0
ARC
  8
APS_GEOMETRY
 10
-1306.71
 20
-152.526
 40
15.771
 50
281.143
 51
289.026
  0
ARC
  8
APS_GEOMETRY
 10
-1302.316
 20
-175.308
 40
7.431
 50
100.437
 51
110.12
  0
ARC
  8
APS_GEOMETRY
 10
-1296.494
 20
-191.198
 40
24.353
 50
110.12
 51
115.463
  0
ARC
  8
APS_GEOMETRY
 10
-1317.275
 20
-147.718
 40
23.838
 50
282.94
 51
295.628
  0
ARC
  8
APS_GEOMETRY
 10
-1317.07
 20
-148.611
 40
22.921
 50
270.0
 51
282.94
  0
ARC
  8
APS_GEOMETRY
 10
-1317.07
 20
-147.258
 40
24.275
 50
257.307
 51
270.0
  0
ARC
  8
APS_GEOMETRY
 10
-1316.045
 20
-142.708
 40
28.939
 50
245.686
 51
257.307
  0
ARC
  8
APS_GEOMETRY
 10
-1318.616
 20
-148.349
 40
22.739
 50
228.801
 51
245.735
  0
ARC
  8
APS_GEOMETRY
 10
-1318.573
 20
-148.3
 40
22.805
 50
211.891
 51
228.801
  0
ARC
  8
APS_GEOMETRY
 10
-1317.225
 20
-147.33
 40
24.462
 50
196.728
 51
212.152
  0
ARC
  8
APS_GEOMETRY
 10
-1320.713
 20
-148.378
 40
20.82
 50
180.0
 51
196.728
  0
ARC
  8
APS_GEOMETRY
 10
-1320.205
 20
-148.378
 40
21.327
 50
161.184
 51
180.0
  0
ARC
  8
APS_GEOMETRY
 10
-1318.837
 20
-148.845
 40
22.773
 50
142.98
 51
161.184
  0
ARC
  8
APS_GEOMETRY
 10
-1317.773
 20
-149.659
 40
24.112
 50
127.824
 51
142.958
  0
ARC
  8
APS_GEOMETRY
 10
-1316.019
 20
-151.918
 40
26.973
 50
113.52
 51
127.824
  0
ARC
  8
APS_GEOMETRY
 10
-1316.59
 20
-150.599
 40
25.535
 50
101.927
 51
113.527
  0
ARC
  8
APS_GEOMETRY
 10
-1316.874
 20
-149.254
 40
24.161
 50
90.0
 51
101.927
  0
ARC
  8
APS_GEOMETRY
 10
-1272.325
 20
-165.93
 40
40.608
 50
84.71
 51
90.0
  0
ARC
  8
APS_GEOMETRY
 10
-1271.581
 20
-157.89
 40
32.533
 50
78.799
 51
84.71
  0
ARC
  8
APS_GEOMETRY
 10
-1266.764
 20
-133.547
 40
7.718
 50
49.783
 51
78.771
  0
ARC
  8
APS_GEOMETRY
 10
-1263.543
 20
-129.737
 40
2.729
 50
360.0
 51
49.783
  0
ARC
  8
APS_GEOMETRY
 10
-1263.833
 20
-129.737
 40
3.02
 50
342.759
 51
360.0
  0
ARC
  8
APS_GEOMETRY
 10
-1262.258
 20
-130.226
 40
1.37
 50
317.045
 51
342.759
  0
ARC
  8
APS_GEOMETRY
 10
-1263.019
 20
-129.518
 40
2.41
 50
301.817
 51
317.045
  0
ARC
  8
APS_GEOMETRY
 10
-1274.275
 20
-111.376
 40
23.76
 50
296.98
 51
301.817
  0
ARC
  8
APS_GEOMETRY
 10
-1262.273
 20
-134.994
 40
2.733
 50
116.565
 51
149.078
  0
ARC
  8
APS_GEOMETRY
 10
-1258.754
 20
-137.102
 40
6.835
 50
149.078
 51
169.469
  0
ARC
  8
APS_GEOMETRY
 10
-1251.25
 20
-138.497
 40
14.468
 50
169.469
 51
174.598
  0
ARC
  8
APS_GEOMETRY
 10
-1212.586
 20
-142.153
 40
53.304
 50
174.598
 51
177.269
  0
ARC
  8
APS_GEOMETRY
 10
-1178.588
 20
-143.775
 40
87.341
 50
177.269
 51
178.901
  0
ARC
  8
APS_GEOMETRY
 10
-1073.281
 20
-145.795
 40
192.667
 50
178.901
 51
180.0
  0
ARC
  8
APS_GEOMETRY
 10
-859.291
 20
-145.795
 40
406.657
 50
180.0
 51
180.88
  0
ARC
  8
APS_GEOMETRY
 10
-1109.811
 20
-149.643
 40
156.107
 50
180.88
 51
182.3
  0
ARC
  8
APS_GEOMETRY
 10
-1183.037
 20
-152.584
 40
82.823
 50
182.3
 51
184.974
  0
ARC
  8
APS_GEOMETRY
 10
-1252.858
 20
-158.66
 40
12.738
 50
184.974
 51
191.793
  0
ARC
  8
APS_GEOMETRY
 10
-1260.968
 20
-160.211
 40
4.484
 50
193.57
 51
205.787
  0
ARC
  8
APS_GEOMETRY
 10
-1262.985
 20
-161.186
 40
2.244
 50
205.787
 51
223.091
  0
ARC
  8
APS_GEOMETRY
 10
-1262.473
 20
-160.707
 40
2.944
 50
223.091
 51
236.441
  0
ARC
  8
APS_GEOMETRY
 10
-1258.19
 20
-154.25
 40
10.693
 50
236.441
 51
243.435
  0
ARC
  8
APS_GEOMETRY
 10
-1264.748
 20
-167.721
 40
4.291
 50
37.185
 51
65.556
  0
ARC
  8
APS_GEOMETRY
 10
-1263.349
 20
-166.66
 40
2.535
 50
360.0
 51
37.185
  0
ARC
  8
APS_GEOMETRY
 10
-1263.425
 20
-166.66
 40
2.612
 50
312.039
 51
360.0
  0
ARC
  8
APS_GEOMETRY
 10
-1266.536
 20
-163.209
 40
7.258
 50
283.815
 51
312.039
  0
ARC
  8
APS_GEOMETRY
 10
-1271.677
 20
-141.904
 40
29.174
 50
279.273
 51
283.627
  0
ARC
  8
APS_GEOMETRY
 10
-1273.732
 20
-129.318
 40
41.926
 50
275.641
 51
279.273
  0
ARC
  8
APS_GEOMETRY
 10
-1274.517
 20
-121.365
 40
49.919
 50
272.588
 51
275.641
  0
ARC
  8
APS_GEOMETRY
 10
-1275.399
 20
-101.848
 40
69.456
 50
270.0
 51
272.588
  0
ARC
  8
APS_GEOMETRY
 10
-1275.399
 20
-129.409
 40
41.894
 50
262.774
 51
270.0
  0
ARC
  8
APS_GEOMETRY
 10
-1279.176
 20
-159.197
 40
11.868
 50
249.175
 51
262.774
  0
ARC
  8
APS_GEOMETRY
 10
-1281.549
 20
-165.435
 40
5.194
 50
221.23
 51
249.175
  0
ARC
  8
APS_GEOMETRY
 10
-1283.618
 20
-167.248
 40
2.443
 50
180.0
 51
221.23
  0
ARC
  8
APS_GEOMETRY
 10
-1284.019
 20
-167.248
 40
2.041
 50
142.696
 51
180.0
  0
ARC
  8
APS_GEOMETRY
 10
-1280.798
 20
-169.703
 40
6.091
 50
121.357
 51
142.696
  0
ARC
  8
APS_GEOMETRY
 10
-1286.241
 20
-160.788
 40
4.354
 50
301.477
 51
324.728
  0
ARC
  8
APS_GEOMETRY
 10
-1285.661
 20
-161.198
 40
3.643
 50
324.728
 51
350.181
  0
ARC
  8
APS_GEOMETRY
 10
-1303.902
 20
-158.181
 40
22.132
 50
350.538
 51
355.423
  0
ARC
  8
APS_GEOMETRY
 10
-1378.854
 20
-152.181
 40
97.324
 50
355.423
 51
357.752
  0
ARC
  8
APS_GEOMETRY
 10
-1448.447
 20
-149.449
 40
166.971
 50
357.752
 51
359.111
  0
ARC
  8
APS_GEOMETRY
 10
-1671.194
 20
-145.991
 40
389.744
 50
359.111
 51
0.0
  0
ARC
  8
APS_GEOMETRY
 10
-1416.673
 20
-145.991
 40
135.223
 50
0.0
 51
1.773
  0
ARC
  8
APS_GEOMETRY
 10
-1337.313
 20
-143.535
 40
55.825
 50
1.773
 51
4.532
  0
ARC
  8
APS_GEOMETRY
 10
-1313.192
 20
-141.623
 40
31.629
 50
4.532
 51
9.384
  0
ARC
  8
APS_GEOMETRY
 10
-1288.699
 20
-137.575
 40
6.803
 50
9.384
 51
19.855
  0
ARC
  8
APS_GEOMETRY
 10
-1285.457
 20
-136.342
 40
3.336
 50
18.853
 51
42.158
  0
ARC
  8
APS_GEOMETRY
 10
-1288.235
 20
-138.858
 40
7.084
 50
42.158
 51
58.092
  0
ARC
  8
APS_GEOMETRY
 10
-1276.007
 20
-119.961
 40
15.426
 50
230.711
 51
236.634
  0
ARC
  8
APS_GEOMETRY
 10
-1283.688
 20
-129.349
 40
3.296
 50
217.875
 51
230.711
  0
ARC
  8
APS_GEOMETRY
 10
-1284.741
 20
-130.168
 40
1.962
 50
196.928
 51
217.875
  0
ARC
  8
APS_GEOMETRY
 10
-1283.755
 20
-129.868
 40
2.992
 50
180.0
 51
196.928
  0
ARC
  8
APS_GEOMETRY
 10
-1284.4
 20
-129.868
 40
2.347
 50
148.791
 51
180.0
  0
ARC
  8
APS_GEOMETRY
 10
-1283.785
 20
-130.241
 40
3.067
 50
121.569
 51
148.791
  0
ARC
  8
APS_GEOMETRY
 10
-1282.679
 20
-132.04
 40
5.178
 50
112.806
 51
121.569
  0
ARC
  8
APS_GEOMETRY
 10
-1279.692
 20
-139.144
 40
12.885
 50
107.254
 51
112.806
  0
ARC
  8
APS_GEOMETRY
 10
-1277.862
 20
-145.035
 40
19.054
 50
103.487
 51
107.254
  0
ARC
  8
APS_GEOMETRY
 10
-1273.672
 20
-162.508
 40
37.022
 50
100.784
 51
103.487
  0
ARC
  8
APS_GEOMETRY
 10
-1272.359
 20
-167.339
 40
42.015
 50
95.643
 51
101.31
  0
ARC
  8
APS_GEOMETRY
 10
-1272.325
 20
-167.685
 40
42.362
 50
90.0
 51
95.643
  0
LINE
  8
APS_GEOMETRY
 10
-1203.177
 11
-1203.177
 20
-155.246
 21
-138.044
  0
ARC
  8
APS_GEOMETRY
 10
-1242.898
 20
-138.044
 40
39.721
 50
0.0
 51
2.404
  0
ARC
  8
APS_GEOMETRY
 10
-1219.381
 20
-137.057
 40
16.183
 50
2.404
 51
6.17
  0
ARC
  8
APS_GEOMETRY
 10
-1212.332
 20
-136.295
 40
9.093
 50
6.17
 51
12.824
  0
ARC
  8
APS_GEOMETRY
 10
-1205.432
 20
-134.724
 40
2.017
 50
12.824
 51
26.98
  0
ARC
  8
APS_GEOMETRY
 10
-1205.11
 20
-134.56
 40
1.655
 50
26.98
 51
59.65
  0
ARC
  8
APS_GEOMETRY
 10
-1208.148
 20
-139.748
 40
7.668
 50
59.65
 51
74.667
  0
ARC
  8
APS_GEOMETRY
 10
-1204.646
 20
-127.249
 40
5.313
 50
225.0
 51
253.887
  0
ARC
  8
APS_GEOMETRY
 10
-1206.807
 20
-129.41
 40
2.257
 50
180.0
 51
225.0
  0
ARC
  8
APS_GEOMETRY
 10
-1206.392
 20
-129.41
 40
2.672
 50
151.157
 51
180.0
  0
ARC
  8
APS_GEOMETRY
 10
-1206.398
 20
-129.407
 40
2.665
 50
122.276
 51
151.157
  0
ARC
  8
APS_GEOMETRY
 10
-1205.634
 20
-130.617
 40
4.096
 50
102.308
 51
122.276
  0
ARC
  8
APS_GEOMETRY
 10
-1204.223
 20
-137.081
 40
10.712
 50
90.0
 51
102.308
  0
ARC
  8
APS_GEOMETRY
 10
-1204.223
 20
-149.535
 40
23.166
 50
88.989
 51
90.0
  0
ARC
  8
APS_GEOMETRY
 10
-1206.171
 20
-259.88
 40
133.528
 50
88.568
 51
88.989
  0
ARC
  8
APS_GEOMETRY
 10
-1208.921
 20
-369.884
 40
243.567
 50
88.337
 51
88.568
  0
ARC
  8
APS_GEOMETRY
 10
-1219.579
 20
-737.0
 40
610.838
 50
88.191
 51
88.337
  0
LINE
  8
APS_GEOMETRY
 10
-1200.299
 11
-1198.37
 20
-126.467
 21
-126.467
  0
ARC
  8
APS_GEOMETRY
 10
-1204.851
 20
949.483
 40
1075.969
 50
270.345
 51
270.49
  0
ARC
  8
APS_GEOMETRY
 10
-1198.812
 20
242.872
 40
369.332
 50
270.49
 51
270.736
  0
ARC
  8
APS_GEOMETRY
 10
-1196.333
 20
50.0
 40
176.445
 50
270.736
 51
271.253
  0
ARC
  8
APS_GEOMETRY
 10
-1192.807
 20
-111.216
 40
15.19
 50
271.253
 51
273.013
  0
ARC
  8
APS_GEOMETRY
 10
-1192.954
 20
-108.428
 40
17.982
 50
273.013
 51
274.5
  0
ARC
  8
APS_GEOMETRY
 10
-1209.61
 20
103.225
 40
230.289
 50
274.5
 51
274.915
  0
LINE
  8
APS_GEOMETRY
 10
-1189.879
 11
-1187.916
 20
-126.218
 21
-126.045
  0
LINE
  8
APS_GEOMETRY
 10
-1187.916
 11
-1185.354
 20
-126.045
 21
-125.813
  0
ARC
  8
APS_GEOMETRY
 10
-1181.141
 20
-166.537
 40
40.941
 50
93.24
 51
95.906
  0
ARC
  8
APS_GEOMETRY
 10
-1181.887
 20
-153.353
 40
27.736
 50
90.0
 51
93.24
  0
ARC
  8
APS_GEOMETRY
 10
-1181.887
 20
-149.17
 40
23.553
 50
77.12
 51
90.0
  0
ARC
  8
APS_GEOMETRY
 10
-1180.646
 20
-143.743
 40
17.987
 50
62.371
 51
77.12
  0
ARC
  8
APS_GEOMETRY
 10
-1178.545
 20
-139.804
 40
13.522
 50
31.215
 51
62.517
  0
ARC
  8
APS_GEOMETRY
 10
-1178.609
 20
-139.843
 40
13.597
 50
360.0
 51
31.215
  0
ARC
  8
APS_GEOMETRY
 10
-1178.974
 20
-139.843
 40
13.962
 50
334.496
 51
360.0
  0
ARC
  8
APS_GEOMETRY
 10
-1178.287
 20
-140.17
 40
13.201
 50
308.254
 51
334.496
  0
ARC
  8
APS_GEOMETRY
 10
-1180.387
 20
-137.404
 40
16.674
 50
287.855
 51
308.034
  0
ARC
  8
APS_GEOMETRY
 10
-1181.789
 20
-133.051
 40
21.247
 50
270.0
 51
287.855
  0
ARC
  8
APS_GEOMETRY
 10
-1181.789
 20
-122.101
 40
32.197
 50
266.918
 51
270.0
  0
ARC
  8
APS_GEOMETRY
 10
-1179.834
 20
-85.804
 40
68.546
 50
264.806
 51
266.918
  0
ARC
  8
APS_GEOMETRY
 10
-1192.907
 20
-247.913
 40
94.095
 50
85.815
 51
86.634
  0
ARC
  8
APS_GEOMETRY
 10
-1187.708
 20
-159.534
 40
5.563
 50
86.634
 51
90.0
  0
ARC
  8
APS_GEOMETRY
 10
-1187.708
 20
-154.791
 40
0.821
 50
90.0
 51
139.686
  0
ARC
  8
APS_GEOMETRY
 10
-1187.404
 20
-155.05
 40
1.22
 50
139.686
 51
180.0
  0
LINE
  8
APS_GEOMETRY
 10
-1188.624
 11
-1188.624
 20
-155.05
 21
-155.246
  0
LINE
  8
APS_GEOMETRY
 10
-1188.624
 11
-1188.395
 20
-155.246
 21
-160.609
  0
ARC
  8
APS_GEOMETRY
 10
-1180.644
 20
-160.286
 40
7.757
 50
182.386
 51
193.753
  0
ARC
  8
APS_GEOMETRY
 10
-1185.643
 20
-161.51
 40
2.612
 50
193.753
 51
213.408
  0
ARC
  8
APS_GEOMETRY
 10
-1185.586
 20
-161.473
 40
2.679
 50
213.408
 51
232.628
  0
ARC
  8
APS_GEOMETRY
 10
-1181.076
 20
-155.567
 40
10.11
 50
232.628
 51
242.488
  0
ARC
  8
APS_GEOMETRY
 10
-1188.599
 20
-169.832
 40
6.017
 50
40.539
 51
61.699
  0
ARC
  8
APS_GEOMETRY
 10
-1185.31
 20
-167.019
 40
1.69
 50
360.0
 51
40.539
  0
ARC
  8
APS_GEOMETRY
 10
-1185.89
 20
-167.019
 40
2.269
 50
315.297
 51
360.0
  0
ARC
  8
APS_GEOMETRY
 10
-1188.959
 20
-163.981
 40
6.588
 50
289.502
 51
315.297
  0
ARC
  8
APS_GEOMETRY
 10
-1191.209
 20
-157.63
 40
13.326
 50
282.372
 51
289.502
  0
ARC
  8
APS_GEOMETRY
 10
-1193.571
 20
-146.859
 40
24.353
 50
277.099
 51
282.372
  0
ARC
  8
APS_GEOMETRY
 10
-1194.543
 20
-139.06
 40
32.213
 50
273.104
 51
277.099
  0
ARC
  8
APS_GEOMETRY
 10
-1195.688
 20
-117.941
 40
53.362
 50
270.0
 51
273.104
  0
ARC
  8
APS_GEOMETRY
 10
-1195.688
 20
-118.581
 40
52.723
 50
263.473
 51
270.0
  0
ARC
  8
APS_GEOMETRY
 10
-1200.02
 20
-156.448
 40
14.609
 50
251.056
 51
263.473
  0
ARC
  8
APS_GEOMETRY
 10
-1202.802
 20
-164.553
 40
6.039
 50
224.161
 51
251.056
  0
ARC
  8
APS_GEOMETRY
 10
-1205.477
 20
-167.15
 40
2.311
 50
180.0
 51
224.161
  0
ARC
  8
APS_GEOMETRY
 10
-1204.997
 20
-167.15
 40
2.791
 50
160.821
 51
180.0
  0
ARC
  8
APS_GEOMETRY
 10
-1206.168
 20
-166.743
 40
1.552
 50
135.0
 51
160.821
  0
ARC
  8
APS_GEOMETRY
 10
-1205.061
 20
-167.849
 40
3.117
 50
121.522
 51
135.0
  0
ARC
  8
APS_GEOMETRY
 10
-1192.576
 20
-188.205
 40
26.996
 50
116.952
 51
121.522
  0
ARC
  8
APS_GEOMETRY
 10
-1206.209
 20
-161.495
 40
2.993
 50
297.824
 51
321.605
  0
ARC
  8
APS_GEOMETRY
 10
-1205.52
 20
-162.041
 40
2.113
 50
321.605
 51
349.992
  0
ARC
  8
APS_GEOMETRY
 10
-1208.719
 20
-161.476
 40
5.362
 50
349.992
 51
356.014
  0
ARC
  8
APS_GEOMETRY
 10
-1257.382
 20
-158.085
 40
54.143
 50
356.014
 51
357.908
  0
ARC
  8
APS_GEOMETRY
 10
-1314.186
 20
-156.01
 40
110.985
 50
357.908
 51
358.833
  0
ARC
  8
APS_GEOMETRY
 10
-1519.582
 20
-151.825
 40
316.424
 50
358.833
 51
359.381
  0
LINE
  8
APS_GEOMETRY
 10
-1188.395
 11
-1188.395
 20
-133.891
 21
-145.01
  0
ARC
  8
APS_GEOMETRY
 10
-1185.021
 20
-145.01
 40
3.374
 50
180.0
 51
199.885
  0
ARC
  8
APS_GEOMETRY
 10
-1187.545
 20
-145.923
 40
0.689
 50
199.885
 51
244.799
  0
ARC
  8
APS_GEOMETRY
 10
-1186.094
 20
-142.933
 40
4.013
 50
244.231
 51
258.996
  0
ARC
  8
APS_GEOMETRY
 10
-1185.484
 20
-139.796
 40
7.209
 50
258.996
 51
270.0
  0
ARC
  8
APS_GEOMETRY
 10
-1185.484
 20
-140.554
 40
6.45
 50
270.0
 51
288.435
  0
ARC
  8
APS_GEOMETRY
 10
-1185.022
 20
-141.943
 40
4.987
 50
288.435
 51
309.428
  0
ARC
  8
APS_GEOMETRY
 10
-1184.853
 20
-142.117
 40
4.745
 50
309.193
 51
339.939
  0
ARC
  8
APS_GEOMETRY
 10
-1190.723
 20
-139.974
 40
10.994
 50
339.939
 51
0.0
  0
ARC
  8
APS_GEOMETRY
 10
-1190.076
 20
-139.974
 40
10.348
 50
0.0
 51
22.011
  0
ARC
  8
APS_GEOMETRY
 10
-1185.492
 20
-138.12
 40
5.403
 50
22.011
 51
52.651
  0
ARC
  8
APS_GEOMETRY
 10
-1185.562
 20
-138.169
 40
5.485
 50
52.374
 51
72.309
  0
ARC
  8
APS_GEOMETRY
 10
-1186.008
 20
-139.565
 40
6.95
 50
72.309
 51
90.0
  0
ARC
  8
APS_GEOMETRY
 10
-1186.008
 20
-136.667
 40
4.052
 50
90.0
 51
118.113
  0
ARC
  8
APS_GEOMETRY
 10
-1187.491
 20
-133.891
 40
0.904
 50
118.113
 51
180.0
  0
ARC
  8
APS_GEOMETRY
 10
-1135.657
 20
-150.875
 40
25.782
 50
71.91
 51
90.0
  0
ARC
  8
APS_GEOMETRY
 10
-1134.659
 20
-147.818
 40
22.566
 50
52.561
 51
71.91
  0
ARC
  8
APS_GEOMETRY
 10
-1134.92
 20
-147.894
 40
22.786
 50
38.846
 51
52.156
  0
ARC
  8
APS_GEOMETRY
 10
-1138.492
 20
-150.771
 40
27.372
 50
26.707
 51
38.846
  0
ARC
  8
APS_GEOMETRY
 10
-1137.785
 20
-150.193
 40
26.482
 50
13.868
 51
26.278
  0
ARC
  8
APS_GEOMETRY
 10
-1132.686
 20
-148.934
 40
21.229
 50
360.0
 51
13.868
  0
ARC
  8
APS_GEOMETRY
 10
-1132.355
 20
-148.934
 40
20.899
 50
339.712
 51
360.0
  0
ARC
  8
APS_GEOMETRY
 10
-1133.532
 20
-148.499
 40
22.153
 50
320.013
 51
339.712
  0
ARC
  8
APS_GEOMETRY
 10
-1133.727
 20
-148.392
 40
22.372
 50
303.344
 51
320.123
  0
ARC
  8
APS_GEOMETRY
 10
-1136.023
 20
-144.903
 40
26.548
 50
287.949
 51
303.344
  0
ARC
  8
APS_GEOMETRY
 10
-1136.777
 20
-142.288
 40
29.269
 50
279.039
 51
287.776
  0
ARC
  8
APS_GEOMETRY
 10
-1136.475
 20
-144.186
 40
27.346
 50
270.0
 51
279.039
  0
ARC
  8
APS_GEOMETRY
 10
-1136.475
 20
-145.522
 40
26.011
 50
257.728
 51
270.0
  0
ARC
  8
APS_GEOMETRY
 10
-1136.434
 20
-145.333
 40
26.203
 50
245.501
 51
257.728
  0
ARC
  8
APS_GEOMETRY
 10
-1137.907
 20
-148.556
 40
22.66
 50
228.665
 51
245.511
  0
ARC
  8
APS_GEOMETRY
 10
-1138.396
 20
-149.113
 40
21.918
 50
211.535
 51
228.665
  0
ARC
  8
APS_GEOMETRY
 10
-1137.754
 20
-148.642
 40
22.712
 50
195.642
 51
211.701
  0
ARC
  8
APS_GEOMETRY
 10
-1136.581
 20
-148.313
 40
23.931
 50
180.0
 51
195.642
  0
ARC
  8
APS_GEOMETRY
 10
-1136.329
 20
-148.313
 40
24.183
 50
162.181
 51
180.0
  0
ARC
  8
APS_GEOMETRY
 10
-1138.536
 20
-147.604
 40
21.865
 50
143.434
 51
162.181
  0
ARC
  8
APS_GEOMETRY
 10
-1138.833
 20
-147.366
 40
21.485
 50
126.384
 51
143.471
  0
ARC
  8
APS_GEOMETRY
 10
-1136.798
 20
-150.126
 40
24.914
 50
110.525
 51
126.384
  0
ARC
  8
APS_GEOMETRY
 10
-1136.899
 20
-149.377
 40
24.177
 50
99.77
 51
110.925
  0
ARC
  8
APS_GEOMETRY
 10
-1135.657
 20
-156.589
 40
31.496
 50
90.0
 51
99.77
  0
ARC
  8
APS_GEOMETRY
 10
-1138.764
 20
-139.286
 40
4.807
 50
90.0
 51
119.604
  0
ARC
  8
APS_GEOMETRY
 10
-1138.343
 20
-140.028
 40
5.659
 50
119.604
 51
146.842
  0
ARC
  8
APS_GEOMETRY
 10
-1137.497
 20
-140.721
 40
6.748
 50
145.84
 51
164.055
  0
ARC
  8
APS_GEOMETRY
 10
-1135.536
 20
-141.282
 40
8.788
 50
164.055
 51
180.0
  0
ARC
  8
APS_GEOMETRY
 10
-1123.271
 20
-141.282
 40
21.053
 50
180.0
 51
189.977
  0
ARC
  8
APS_GEOMETRY
 10
-1104.62
 20
-138.001
 40
39.991
 50
189.977
 51
197.211
  0
ARC
  8
APS_GEOMETRY
 10
-1100.54
 20
-136.737
 40
44.261
 50
197.211
 51
203.76
  0
ARC
  8
APS_GEOMETRY
 10
-1110.703
 20
-141.211
 40
33.157
 50
203.76
 51
211.329
  0
ARC
  8
APS_GEOMETRY
 10
-1131.571
 20
-153.735
 40
8.821
 50
212.32
 51
224.441
  0
ARC
  8
APS_GEOMETRY
 10
-1132.426
 20
-154.574
 40
7.623
 50
224.441
 51
237.484
  0
ARC
  8
APS_GEOMETRY
 10
-1132.979
 20
-155.441
 40
6.595
 50
237.484
 51
252.416
  0
ARC
  8
APS_GEOMETRY
 10
-1133.532
 20
-157.184
 40
4.766
 50
252.416
 51
270.0
  0
ARC
  8
APS_GEOMETRY
 10
-1133.532
 20
-156.619
 40
5.331
 50
270.0
 51
294.953
  0
ARC
  8
APS_GEOMETRY
 10
-1133.382
 20
-156.94
 40
4.977
 50
294.953
 51
320.793
  0
ARC
  8
APS_GEOMETRY
 10
-1134.183
 20
-156.287
 40
6.011
 50
320.793
 51
342.777
  0
ARC
  8
APS_GEOMETRY
 10
-1137.751
 20
-155.181
 40
9.746
 50
342.777
 51
0.0
  0
ARC
  8
APS_GEOMETRY
 10
-1154.512
 20
-155.181
 40
26.507
 50
0.0
 51
8.499
  0
ARC
  8
APS_GEOMETRY
 10
-1166.179
 20
-156.924
 40
38.304
 50
8.499
 51
15.566
  0
ARC
  8
APS_GEOMETRY
 10
-1164.776
 20
-156.533
 40
36.848
 50
15.566
 51
22.909
  0
ARC
  8
APS_GEOMETRY
 10
-1152.713
 20
-151.435
 40
23.751
 50
22.909
 51
32.057
  0
ARC
  8
APS_GEOMETRY
 10
-1143.237
 20
-145.466
 40
12.552
 50
31.921
 51
42.51
  0
ARC
  8
APS_GEOMETRY
 10
-1140.635
 20
-143.08
 40
9.022
 50
42.51
 51
55.008
  0
ARC
  8
APS_GEOMETRY
 10
-1139.756
 20
-141.825
 40
7.489
 50
55.008
 51
69.88
  0
ARC
  8
APS_GEOMETRY
 10
-1138.968
 20
-139.674
 40
5.198
 50
69.88
 51
87.754
  0
ARC
  8
APS_GEOMETRY
 10
-1085.143
 20
-154.297
 40
2.42
 50
90.0
 51
115.837
  0
ARC
  8
APS_GEOMETRY
 10
-1085.739
 20
-153.067
 40
1.053
 50
115.837
 51
155.462
  0
ARC
  8
APS_GEOMETRY
 10
-1085.044
 20
-153.384
 40
1.817
 50
155.462
 51
168.366
  0
ARC
  8
APS_GEOMETRY
 10
-1078.698
 20
-154.691
 40
8.296
 50
168.366
 51
174.395
  0
ARC
  8
APS_GEOMETRY
 10
-1072.302
 20
-155.318
 40
14.722
 50
174.395
 51
177.813
  0
ARC
  8
APS_GEOMETRY
 10
-1051.074
 20
-156.129
 40
35.966
 50
177.813
 51
180.0
  0
ARC
  8
APS_GEOMETRY
 10
-1035.706
 20
-156.129
 40
51.335
 50
180.0
 51
184.62
  0
ARC
  8
APS_GEOMETRY
 10
-1070.125
 20
-158.91
 40
16.803
 50
184.62
 51
192.7
  0
ARC
  8
APS_GEOMETRY
 10
-1083.396
 20
-161.824
 40
3.218
 50
194.036
 51
205.821
  0
ARC
  8
APS_GEOMETRY
 10
-1084.801
 20
-162.504
 40
1.656
 50
205.821
 51
222.274
  0
ARC
  8
APS_GEOMETRY
 10
-1084.37
 20
-162.113
 40
2.238
 50
222.274
 51
234.605
  0
ARC
  8
APS_GEOMETRY
 10
-1079.51
 20
-155.272
 40
10.63
 50
234.605
 51
240.255
  0
ARC
  8
APS_GEOMETRY
 10
-1086.899
 20
-168.346
 40
4.389
 50
34.592
 51
61.189
  0
ARC
  8
APS_GEOMETRY
 10
-1085.448
 20
-167.346
 40
2.627
 50
360.0
 51
34.592
  0
ARC
  8
APS_GEOMETRY
 10
-1085.361
 20
-167.346
 40
2.539
 50
318.231
 51
360.0
  0
ARC
  8
APS_GEOMETRY
 10
-1087.059
 20
-165.83
 40
4.816
 50
288.227
 51
318.231
  0
ARC
  8
APS_GEOMETRY
 10
-1088.82
 20
-160.482
 40
10.446
 50
280.377
 51
288.227
  0
ARC
  8
APS_GEOMETRY
 10
-1091.89
 20
-143.718
 40
27.489
 50
275.541
 51
280.377
  0
ARC
  8
APS_GEOMETRY
 10
-1093.213
 20
-130.081
 40
41.19
 50
272.304
 51
275.541
  0
ARC
  8
APS_GEOMETRY
 10
-1094.824
 20
-90.045
 40
81.259
 50
270.0
 51
272.304
  0
ARC
  8
APS_GEOMETRY
 10
-1094.824
 20
-123.503
 40
47.8
 50
262.811
 51
270.0
  0
ARC
  8
APS_GEOMETRY
 10
-1099.113
 20
-157.51
 40
13.524
 50
249.274
 51
262.811
  0
ARC
  8
APS_GEOMETRY
 10
-1101.811
 20
-164.64
 40
5.901
 50
221.379
 51
249.274
  0
ARC
  8
APS_GEOMETRY
 10
-1104.177
 20
-166.725
 40
2.747
 50
180.0
 51
221.379
  0
ARC
  8
APS_GEOMETRY
 10
-1104.196
 20
-166.725
 40
2.728
 50
164.055
 51
180.0
  0
ARC
  8
APS_GEOMETRY
 10
-1105.333
 20
-166.4
 40
1.546
 50
142.815
 51
164.055
  0
ARC
  8
APS_GEOMETRY
 10
-1104.617
 20
-166.943
 40
2.444
 50
129.007
 51
142.815
  0
ARC
  8
APS_GEOMETRY
 10
-1095.825
 20
-177.797
 40
16.412
 50
123.69
 51
129.007
  0
ARC
  8
APS_GEOMETRY
 10
-1108.302
 20
-159.024
 40
6.128
 50
303.389
 51
319.022
  0
ARC
  8
APS_GEOMETRY
 10
-1106.643
 20
-160.465
 40
3.932
 50
319.022
 51
338.575
  0
ARC
  8
APS_GEOMETRY
 10
-1108.863
 20
-159.594
 40
6.316
 50
338.575
 51
351.049
  0
ARC
  8
APS_GEOMETRY
 10
-1135.669
 20
-155.372
 40
33.452
 50
351.049
 51
356.46
  0
ARC
  8
APS_GEOMETRY
 10
-1126.833
 20
-155.708
 40
24.613
 50
355.972
 51
358.68
  0
ARC
  8
APS_GEOMETRY
 10
-1417.024
 20
-149.022
 40
314.881
 50
358.68
 51
359.437
  0
LINE
  8
APS_GEOMETRY
 10
-1102.157
 11
-1102.127
 20
-152.115
 21
-147.203
  0
LINE
  8
APS_GEOMETRY
 10
-1102.127
 11
-1102.117
 20
-147.203
 21
-140.791
  0
ARC
  8
APS_GEOMETRY
 10
-1177.926
 20
-140.791
 40
75.809
 50
0.0
 51
1.717
  0
ARC
  8
APS_GEOMETRY
 10
-1137.357
 20
-139.575
 40
35.223
 50
1.717
 51
4.236
  0
ARC
  8
APS_GEOMETRY
 10
-1124.128
 20
-138.595
 40
21.957
 50
4.236
 51
8.269
  0
ARC
  8
APS_GEOMETRY
 10
-1108.904
 20
-136.383
 40
6.573
 50
8.269
 51
15.642
  0
ARC
  8
APS_GEOMETRY
 10
-1106.284
 20
-135.649
 40
3.853
 50
15.642
 51
39.417
  0
ARC
  8
APS_GEOMETRY
 10
-1106.226
 20
-135.601
 40
3.776
 50
39.417
 51
63.435
  0
ARC
  8
APS_GEOMETRY
 10
-1099.424
 20
-121.511
 40
11.869
 50
236.874
 51
244.486
  0
ARC
  8
APS_GEOMETRY
 10
-1104.484
 20
-129.264
 40
2.611
 50
220.601
 51
236.874
  0
ARC
  8
APS_GEOMETRY
 10
-1105.064
 20
-129.762
 40
1.847
 50
198.246
 51
220.601
  0
ARC
  8
APS_GEOMETRY
 10
-1104.196
 20
-129.476
 40
2.761
 50
180.0
 51
198.246
  0
ARC
  8
APS_GEOMETRY
 10
-1104.209
 20
-129.476
 40
2.748
 50
156.161
 51
180.0
  0
ARC
  8
APS_GEOMETRY
 10
-1103.826
 20
-129.645
 40
3.167
 50
133.977
 51
156.161
  0
ARC
  8
APS_GEOMETRY
 10
-1103.062
 20
-130.436
 40
4.266
 50
116.996
 51
133.977
  0
ARC
  8
APS_GEOMETRY
 10
-1101.546
 20
-133.414
 40
7.608
 50
104.3
 51
116.996
  0
ARC
  8
APS_GEOMETRY
 10
-1101.154
 20
-134.92
 40
9.164
 50
95.326
 51
104.349
  0
ARC
  8
APS_GEOMETRY
 10
-1099.566
 20
-151.954
 40
26.272
 50
90.0
 51
95.326
  0
ARC
  8
APS_GEOMETRY
 10
-1099.566
 20
-138.695
 40
13.013
 50
87.553
 51
90.0
  0
ARC
  8
APS_GEOMETRY
 10
-1102.334
 20
-203.483
 40
77.86
 50
86.553
 51
87.553
  0
ARC
  8
APS_GEOMETRY
 10
-1106.271
 20
-268.829
 40
143.325
 50
86.009
 51
86.553
  0
ARC
  8
APS_GEOMETRY
 10
-1121.579
 20
-488.243
 40
363.271
 50
85.668
 51
86.009
  0
ARC
  8
APS_GEOMETRY
 10
-1092.931
 20
-110.932
 40
15.125
 50
265.426
 51
268.531
  0
ARC
  8
APS_GEOMETRY
 10
-1091.586
 20
-58.489
 40
67.586
 50
268.531
 51
270.0
  0
ARC
  8
APS_GEOMETRY
 10
-1091.586
 20
-74.564
 40
51.511
 50
270.0
 51
271.637
  0
ARC
  8
APS_GEOMETRY
 10
-1092.737
 20
-34.279
 40
91.812
 50
271.637
 51
272.862
  0
ARC
  8
APS_GEOMETRY
 10
-1094.059
 20
-7.85
 40
118.274
 50
272.862
 51
273.814
  0
ARC
  8
APS_GEOMETRY
 10
-1098.532
 20
59.254
 40
185.527
 50
273.814
 51
274.574
  0
ARC
  8
APS_GEOMETRY
 10
-1070.47
 20
-305.737
 40
180.543
 50
93.72
 51
94.214
  0
ARC
  8
APS_GEOMETRY
 10
-1076.459
 20
-213.619
 40
88.23
 50
93.013
 51
93.72
  0
ARC
  8
APS_GEOMETRY
 10
-1078.101
 20
-182.423
 40
56.991
 50
91.918
 51
93.013
  0
ARC
  8
APS_GEOMETRY
 10
-1079.388
 20
-144.008
 40
18.554
 50
90.0
 51
91.918
  0
ARC
  8
APS_GEOMETRY
 10
-1079.388
 20
-149.562
 40
24.109
 50
73.82
 51
90.0
  0
ARC
  8
APS_GEOMETRY
 10
-1077.012
 20
-141.372
 40
15.581
 50
53.658
 51
73.82
  0
ARC
  8
APS_GEOMETRY
 10
-1073.632
 20
-136.753
 40
9.857
 50
26.03
 51
53.569
  0
ARC
  8
APS_GEOMETRY
 10
-1074.669
 20
-137.259
 40
11.012
 50
360.0
 51
26.03
  0
ARC
  8
APS_GEOMETRY
 10
-1075.1
 20
-137.259
 40
11.443
 50
345.282
 51
360.0
  0
ARC
  8
APS_GEOMETRY
 10
-1074.0
 20
-137.548
 40
10.305
 50
329.767
 51
345.282
  0
ARC
  8
APS_GEOMETRY
 10
-1073.376
 20
-137.912
 40
9.583
 50
313.168
 51
329.767
  0
ARC
  8
APS_GEOMETRY
 10
-1073.145
 20
-138.158
 40
9.246
 50
296.267
 51
313.168
  0
ARC
  8
APS_GEOMETRY
 10
-1067.882
 20
-148.792
 40
2.62
 50
116.565
 51
139.899
  0
ARC
  8
APS_GEOMETRY
 10
-1069.188
 20
-147.692
 40
0.911
 50
139.899
 51
180.0
  0
ARC
  8
APS_GEOMETRY
 10
-1069.087
 20
-147.692
 40
1.013
 50
180.0
 51
226.193
  0
ARC
  8
APS_GEOMETRY
 10
-1067.216
 20
-145.741
 40
3.715
 50
226.193
 51
249.829
  0
ARC
  8
APS_GEOMETRY
 10
-1072.577
 20
-160.502
 40
11.989
 50
53.249
 51
70.105
  0
ARC
  8
APS_GEOMETRY
 10
-1070.142
 20
-157.241
 40
7.919
 50
32.471
 51
53.249
  0
ARC
  8
APS_GEOMETRY
 10
-1071.277
 20
-157.963
 40
9.264
 50
23.305
 51
32.471
  0
ARC
  8
APS_GEOMETRY
 10
-1078.287
 20
-160.983
 40
16.897
 50
16.521
 51
23.305
  0
ARC
  8
APS_GEOMETRY
 10
-1083.753
 20
-162.604
 40
22.598
 50
11.429
 51
16.521
  0
ARC
  8
APS_GEOMETRY
 10
-1099.243
 20
-165.736
 40
38.401
 50
7.524
 51
11.429
  0
ARC
  8
APS_GEOMETRY
 10
-1047.914
 20
-158.9
 40
13.38
 50
187.765
 51
196.914
  0
ARC
  8
APS_GEOMETRY
 10
-1058.858
 20
-162.227
 40
1.942
 50
196.914
 51
221.082
  0
ARC
  8
APS_GEOMETRY
 10
-1058.816
 20
-162.191
 40
1.997
 50
221.082
 51
244.607
  0
ARC
  8
APS_GEOMETRY
 10
-1054.143
 20
-152.346
 40
12.896
 50
244.607
 51
253.811
  0
ARC
  8
APS_GEOMETRY
 10
-1058.251
 20
-166.356
 40
1.705
 50
51.45
 51
72.474
  0
ARC
  8
APS_GEOMETRY
 10
-1058.673
 20
-166.885
 40
2.382
 50
33.69
 51
51.45
  0
ARC
  8
APS_GEOMETRY
 10
-1058.772
 20
-166.951
 40
2.5
 50
16.639
 51
33.69
  0
ARC
  8
APS_GEOMETRY
 10
-1058.891
 20
-166.987
 40
2.625
 50
360.0
 51
16.639
  0
ARC
  8
APS_GEOMETRY
 10
-1058.928
 20
-166.987
 40
2.662
 50
338.993
 51
360.0
  0
ARC
  8
APS_GEOMETRY
 10
-1060.553
 20
-166.363
 40
4.402
 50
322.696
 51
338.993
  0
ARC
  8
APS_GEOMETRY
 10
-1061.158
 20
-165.901
 40
5.164
 50
308.603
 51
322.696
  0
ARC
  8
APS_GEOMETRY
 10
-1061.575
 20
-165.379
 40
5.831
 50
295.346
 51
308.603
  0
ARC
  8
APS_GEOMETRY
 10
-1063.766
 20
-160.553
 40
11.131
 50
279.583
 51
294.905
  0
ARC
  8
APS_GEOMETRY
 10
-1066.633
 20
-143.572
 40
28.353
 50
270.0
 51
279.583
  0
ARC
  8
APS_GEOMETRY
 10
-1066.633
 20
-151.253
 40
20.672
 50
261.247
 51
270.0
  0
ARC
  8
APS_GEOMETRY
 10
-1067.957
 20
-159.854
 40
11.97
 50
249.737
 51
261.247
  0
ARC
  8
APS_GEOMETRY
 10
-1068.828
 20
-162.211
 40
9.457
 50
235.345
 51
249.737
  0
ARC
  8
APS_GEOMETRY
 10
-1069.927
 20
-163.801
 40
7.524
 50
219.198
 51
235.345
  0
ARC
  8
APS_GEOMETRY
 10
-1067.614
 20
-161.829
 40
10.563
 50
209.076
 51
219.56
  0
ARC
  8
APS_GEOMETRY
 10
-1062.273
 20
-158.859
 40
16.674
 50
200.735
 51
209.076
  0
ARC
  8
APS_GEOMETRY
 10
-1054.904
 20
-156.07
 40
24.554
 50
197.881
 51
200.735
  0
ARC
  8
APS_GEOMETRY
 10
-1024.622
 20
-146.3
 40
56.372
 50
195.997
 51
197.881
  0
ARC
  8
APS_GEOMETRY
 10
-1002.24
 20
-139.883
 40
79.656
 50
194.664
 51
195.997
  0
ARC
  8
APS_GEOMETRY
 10
-940.245
 20
-123.661
 40
143.738
 50
193.671
 51
194.664
  0
ARC
  8
APS_GEOMETRY
 10
-1097.456
 20
-161.881
 40
18.051
 50
13.61
 51
23.585
  0
ARC
  8
APS_GEOMETRY
 10
-1085.636
 20
-156.721
 40
5.155
 50
23.585
 51
42.31
  0
ARC
  8
APS_GEOMETRY
 10
-1084.564
 20
-155.745
 40
3.705
 50
42.31
 51
67.521
  0
ARC
  8
APS_GEOMETRY
 10
-1085.412
 20
-157.795
 40
5.924
 50
67.521
 51
87.397
  0
LINE
  8
APS_GEOMETRY
 10
-1087.008
 11
-1087.367
 20
-135.199
 21
-142.819
  0
LINE
  8
APS_GEOMETRY
 10
-1087.367
 11
-1087.367
 20
-142.819
 21
-142.941
  0
LINE
  8
APS_GEOMETRY
 10
-1087.367
 11
-1087.367
 20
-142.941
 21
-143.113
  0
ARC
  8
APS_GEOMETRY
 10
-1082.073
 20
-143.113
 40
5.294
 50
180.0
 51
192.339
  0
ARC
  8
APS_GEOMETRY
 10
-1086.282
 20
-144.034
 40
0.986
 50
192.339
 51
221.186
  0
ARC
  8
APS_GEOMETRY
 10
-1086.383
 20
-144.122
 40
0.852
 50
221.186
 51
253.872
  0
ARC
  8
APS_GEOMETRY
 10
-1085.667
 20
-141.646
 40
3.429
 50
253.872
 51
270.0
  0
ARC
  8
APS_GEOMETRY
 10
-1085.667
 20
-137.105
 40
7.971
 50
270.0
 51
289.569
  0
ARC
  8
APS_GEOMETRY
 10
-1084.218
 20
-141.181
 40
3.644
 50
289.569
 51
318.681
  0
ARC
  8
APS_GEOMETRY
 10
-1084.61
 20
-140.837
 40
4.166
 50
318.681
 51
344.628
  0
ARC
  8
APS_GEOMETRY
 10
-1091.912
 20
-138.829
 40
11.74
 50
344.628
 51
0.0
  0
ARC
  8
APS_GEOMETRY
 10
-1088.441
 20
-138.829
 40
8.268
 50
0.0
 51
35.369
  0
ARC
  8
APS_GEOMETRY
 10
-1084.653
 20
-136.14
 40
3.623
 50
35.369
 51
90.0
  0
ARC
  8
APS_GEOMETRY
 10
-1084.653
 20
-136.18
 40
3.663
 50
90.0
 51
108.435
  0
ARC
  8
APS_GEOMETRY
 10
-1085.366
 20
-134.042
 40
1.409
 50
108.435
 51
138.366
  0
ARC
  8
APS_GEOMETRY
 10
-1085.174
 20
-134.212
 40
1.665
 50
138.366
 51
164.291
  0
ARC
  8
APS_GEOMETRY
 10
-1080.689
 20
-135.474
 40
6.324
 50
164.291
 51
177.51
  0
LINE
  8
APS_GEOMETRY
 10
-1036.494
 11
-1019.259
 20
-126.009
 21
-126.009
  0
ARC
  8
APS_GEOMETRY
 10
-1020.131
 20
-101.314
 40
24.711
 50
272.021
 51
278.44
  0
ARC
  8
APS_GEOMETRY
 10
-1019.158
 20
-107.869
 40
18.083
 50
278.44
 51
285.945
  0
ARC
  8
APS_GEOMETRY
 10
-1011.841
 20
-134.067
 40
9.118
 50
98.584
 51
104.931
  0
ARC
  8
APS_GEOMETRY
 10
-1012.457
 20
-129.986
 40
4.991
 50
90.0
 51
98.584
  0
ARC
  8
APS_GEOMETRY
 10
-1012.457
 20
-128.747
 40
3.752
 50
52.871
 51
90.0
  0
ARC
  8
APS_GEOMETRY
 10
-1017.545
 20
-135.468
 40
12.182
 50
32.518
 51
52.871
  0
ARC
  8
APS_GEOMETRY
 10
-1021.577
 20
-138.038
 40
16.963
 50
17.209
 51
32.518
  0
ARC
  8
APS_GEOMETRY
 10
-1018.217
 20
-136.997
 40
13.445
 50
360.0
 51
17.209
  0
ARC
  8
APS_GEOMETRY
 10
-1011.489
 20
-136.997
 40
6.717
 50
337.348
 51
360.0
  0
ARC
  8
APS_GEOMETRY
 10
-1008.789
 20
-138.124
 40
3.792
 50
307.042
 51
337.348
  0
ARC
  8
APS_GEOMETRY
 10
-1009.258
 20
-137.48
 40
4.589
 50
287.186
 51
306.87
  0
ARC
  8
APS_GEOMETRY
 10
-1009.677
 20
-136.126
 40
6.006
 50
270.0
 51
287.186
  0
ARC
  8
APS_GEOMETRY
 10
-1009.677
 20
-136.738
 40
5.393
 50
252.221
 51
270.0
  0
ARC
  8
APS_GEOMETRY
 10
-1009.928
 20
-137.521
 40
4.571
 50
232.896
 51
252.221
  0
ARC
  8
APS_GEOMETRY
 10
-1008.957
 20
-136.238
 40
6.18
 50
218.3
 51
232.896
  0
ARC
  8
APS_GEOMETRY
 10
-1001.377
 20
-130.252
 40
15.839
 50
209.197
 51
218.3
  0
ARC
  8
APS_GEOMETRY
 10
-1039.931
 20
-151.14
 40
28.012
 50
28.025
 51
32.699
  0
ARC
  8
APS_GEOMETRY
 10
-1019.775
 20
-138.2
 40
4.06
 50
32.699
 51
45.0
  0
ARC
  8
APS_GEOMETRY
 10
-1018.401
 20
-136.826
 40
2.116
 50
45.0
 51
67.557
  0
ARC
  8
APS_GEOMETRY
 10
-1018.409
 20
-136.846
 40
2.137
 50
67.557
 51
90.0
  0
ARC
  8
APS_GEOMETRY
 10
-1018.409
 20
-136.677
 40
1.969
 50
90.0
 51
120.801
  0
ARC
  8
APS_GEOMETRY
 10
-1018.475
 20
-136.565
 40
1.839
 50
120.801
 51
152.7
  0
ARC
  8
APS_GEOMETRY
 10
-1017.016
 20
-137.318
 40
3.481
 50
152.7
 51
171.085
  0
ARC
  8
APS_GEOMETRY
 10
-1005.928
 20
-139.058
 40
14.705
 50
171.085
 51
180.0
  0
LINE
  8
APS_GEOMETRY
 10
-1020.633
 11
-1020.633
 20
-139.058
 21
-157.372
  0
ARC
  8
APS_GEOMETRY
 10
-1001.206
 20
-157.372
 40
19.427
 50
180.0
 51
188.194
  0
ARC
  8
APS_GEOMETRY
 10
-1015.713
 20
-159.461
 40
4.77
 50
188.194
 51
204.775
  0
ARC
  8
APS_GEOMETRY
 10
-1017.123
 20
-160.111
 40
3.218
 50
204.775
 51
228.576
  0
ARC
  8
APS_GEOMETRY
 10
-1015.8
 20
-158.613
 40
5.216
 50
228.576
 51
247.218
  0
ARC
  8
APS_GEOMETRY
 10
-1023.469
 20
-176.685
 40
14.416
 50
59.381
 51
66.93
  0
ARC
  8
APS_GEOMETRY
 10
-1017.808
 20
-167.119
 40
3.301
 50
43.568
 51
59.381
  0
ARC
  8
APS_GEOMETRY
 10
-1016.902
 20
-166.258
 40
2.051
 50
19.041
 51
43.568
  0
ARC
  8
APS_GEOMETRY
 10
-1018.161
 20
-166.692
 40
3.382
 50
360.0
 51
19.041
  0
ARC
  8
APS_GEOMETRY
 10
-1017.526
 20
-166.692
 40
2.747
 50
317.66
 51
360.0
  0
ARC
  8
APS_GEOMETRY
 10
-1020.048
 20
-164.394
 40
6.16
 50
289.747
 51
317.66
  0
ARC
  8
APS_GEOMETRY
 10
-1022.161
 20
-158.509
 40
12.412
 50
281.964
 51
289.747
  0
ARC
  8
APS_GEOMETRY
 10
-1025.088
 20
-144.697
 40
26.531
 50
276.643
 51
281.964
  0
ARC
  8
APS_GEOMETRY
 10
-1026.32
 20
-134.121
 40
37.178
 50
272.836
 51
276.643
  0
ARC
  8
APS_GEOMETRY
 10
-1027.795
 20
-104.346
 40
66.99
 50
270.0
 51
272.836
  0
ARC
  8
APS_GEOMETRY
 10
-1027.795
 20
-85.896
 40
85.44
 50
267.283
 51
270.0
  0
ARC
  8
APS_GEOMETRY
 10
-1029.589
 20
-123.699
 40
47.595
 50
263.643
 51
267.283
  0
ARC
  8
APS_GEOMETRY
 10
-1031.091
 20
-137.183
 40
34.027
 50
258.563
 51
263.643
  0
ARC
  8
APS_GEOMETRY
 10
-1034.68
 20
-154.922
 40
15.929
 50
251.136
 51
258.563
  0
ARC
  8
APS_GEOMETRY
 10
-1037.884
 20
-164.215
 40
6.099
 50
222.558
 51
251.395
  0
ARC
  8
APS_GEOMETRY
 10
-1040.261
 20
-166.398
 40
2.871
 50
180.0
 51
222.558
  0
ARC
  8
APS_GEOMETRY
 10
-1040.741
 20
-166.398
 40
2.392
 50
150.642
 51
180.0
  0
ARC
  8
APS_GEOMETRY
 10
-1040.549
 20
-166.506
 40
2.612
 50
122.574
 51
150.642
  0
ARC
  8
APS_GEOMETRY
 10
-1041.056
 20
-165.923
 40
1.851
 50
108.677
 51
119.055
  0
ARC
  8
APS_GEOMETRY
 10
-1017.941
 20
-234.307
 40
74.036
 50
107.038
 51
108.677
  0
ARC
  8
APS_GEOMETRY
 10
-1040.495
 20
-160.543
 40
3.099
 50
286.144
 51
308.66
  0
ARC
  8
APS_GEOMETRY
 10
-1039.988
 20
-161.178
 40
2.287
 50
308.66
 51
334.933
  0
ARC
  8
APS_GEOMETRY
 10
-1042.052
 20
-160.212
 40
4.566
 50
334.933
 51
348.829
  0
ARC
  8
APS_GEOMETRY
 10
-1067.878
 20
-155.112
 40
30.891
 50
348.829
 51
354.161
  0
ARC
  8
APS_GEOMETRY
 10
-1085.334
 20
-153.313
 40
48.439
 50
354.144
 51
355.66
  0
ARC
  8
APS_GEOMETRY
 10
-1162.71
 20
-147.441
 40
126.038
 50
355.66
 51
356.6
  0
ARC
  8
APS_GEOMETRY
 10
-1221.859
 20
-143.927
 40
185.291
 50
356.6
 51
357.24
  0
ARC
  8
APS_GEOMETRY
 10
-1389.684
 20
-135.836
 40
353.311
 50
357.24
 51
357.703
  0
ARC
  8
APS_GEOMETRY
 10
-1373.164
 20
-136.498
 40
336.777
 50
357.703
 51
358.674
  0
ARC
  8
APS_GEOMETRY
 10
-1217.332
 20
-140.104
 40
180.903
 50
358.674
 51
0.0
  0
ARC
  8
APS_GEOMETRY
 10
-1063.238
 20
-140.104
 40
26.81
 50
0.0
 51
6.242
  0
ARC
  8
APS_GEOMETRY
 10
-1041.919
 20
-137.773
 40
5.364
 50
6.242
 51
20.225
  0
ARC
  8
APS_GEOMETRY
 10
-1038.964
 20
-136.684
 40
2.215
 50
20.225
 51
50.44
  0
ARC
  8
APS_GEOMETRY
 10
-1038.391
 20
-135.989
 40
1.314
 50
50.44
 51
90.0
  0
ARC
  8
APS_GEOMETRY
 10
-1038.391
 20
-136.438
 40
1.762
 50
90.0
 51
126.747
  0
ARC
  8
APS_GEOMETRY
 10
-1035.901
 20
-139.773
 40
5.924
 50
126.747
 51
146.547
  0
ARC
  8
APS_GEOMETRY
 10
-1079.888
 20
-110.86
 40
46.715
 50
324.255
 51
326.701
  0
ARC
  8
APS_GEOMETRY
 10
-1061.265
 20
-124.264
 40
23.77
 50
320.826
 51
324.255
  0
ARC
  8
APS_GEOMETRY
 10
-1055.179
 20
-129.223
 40
15.918
 50
315.722
 51
320.826
  0
ARC
  8
APS_GEOMETRY
 10
-1048.185
 20
-136.043
 40
6.149
 50
307.504
 51
315.722
  0
ARC
  8
APS_GEOMETRY
 10
-1048.83
 20
-135.182
 40
7.226
 50
291.306
 51
307.405
  0
ARC
  8
APS_GEOMETRY
 10
-1047.711
 20
-138.051
 40
4.146
 50
270.0
 51
291.306
  0
ARC
  8
APS_GEOMETRY
 10
-1047.711
 20
-138.318
 40
3.879
 50
245.532
 51
270.0
  0
ARC
  8
APS_GEOMETRY
 10
-1047.74
 20
-138.383
 40
3.808
 50
220.833
 51
245.532
  0
ARC
  8
APS_GEOMETRY
 10
-1047.347
 20
-138.043
 40
4.328
 50
198.684
 51
220.833
  0
ARC
  8
APS_GEOMETRY
 10
-1045.706
 20
-137.488
 40
6.06
 50
180.0
 51
198.684
  0
ARC
  8
APS_GEOMETRY
 10
-1041.859
 20
-137.488
 40
9.908
 50
168.408
 51
180.0
  0
ARC
  8
APS_GEOMETRY
 10
-1035.506
 20
-138.791
 40
16.393
 50
159.402
 51
168.408
  0
ARC
  8
APS_GEOMETRY
 10
-1033.543
 20
-139.529
 40
18.49
 50
151.39
 51
159.402
  0
ARC
  8
APS_GEOMETRY
 10
-1033.945
 20
-139.31
 40
18.032
 50
143.276
 51
151.39
  0
ARC
  8
APS_GEOMETRY
 10
-1038.995
 20
-135.534
 40
11.726
 50
124.216
 51
143.31
  0
ARC
  8
APS_GEOMETRY
 10
-1043.492
 20
-128.919
 40
3.728
 50
90.0
 51
124.216
  0
ARC
  8
APS_GEOMETRY
 10
-1043.492
 20
-130.576
 40
5.384
 50
82.725
 51
90.0
  0
ARC
  8
APS_GEOMETRY
 10
-1043.913
 20
-133.871
 40
8.707
 50
77.005
 51
82.725
  0
ARC
  8
APS_GEOMETRY
 10
-1031.065
 20
-71.925
 40
54.561
 50
258.486
 51
260.378
  0
ARC
  8
APS_GEOMETRY
 10
-1036.569
 20
-104.39
 40
21.633
 50
260.378
 51
263.382
  0
ARC
  8
APS_GEOMETRY
 10
-1037.039
 20
-108.447
 40
17.548
 50
263.382
 51
267.084
  0
ARC
  8
APS_GEOMETRY
 10
-1036.494
 20
-97.736
 40
28.273
 50
267.084
 51
270.0
  0
LINE
  8
APS_GEOMETRY
 10
-993.077
 11
-976.267
 20
-126.009
 21
-126.009
  0
ARC
  8
APS_GEOMETRY
 10
-976.267
 20
85.71
 40
211.72
 50
270.0
 51
270.69
  0
ARC
  8
APS_GEOMETRY
 10
-975.074
 20
-13.346
 40
112.656
 50
270.69
 51
271.637
  0
ARC
  8
APS_GEOMETRY
 10
-974.068
 20
-48.54
 40
77.448
 50
271.637
 51
273.013
  0
ARC
  8
APS_GEOMETRY
 10
-971.617
 20
-95.102
 40
30.821
 50
273.013
 51
275.194
  0
ARC
  8
APS_GEOMETRY
 10
-971.01
 20
-101.784
 40
24.112
 50
275.194
 51
280.756
  0
ARC
  8
APS_GEOMETRY
 10
-970.896
 20
-102.385
 40
23.5
 50
280.756
 51
286.39
  0
ARC
  8
APS_GEOMETRY
 10
-962.282
 20
-131.869
 40
7.217
 50
100.305
 51
105.945
  0
ARC
  8
APS_GEOMETRY
 10
-963.186
 20
-126.9
 40
2.166
 50
90.0
 51
100.305
  0
ARC
  8
APS_GEOMETRY
 10
-963.186
 20
-127.673
 40
2.94
 50
58.946
 51
90.0
  0
ARC
  8
APS_GEOMETRY
 10
-964.31
 20
-129.541
 40
5.119
 50
35.538
 51
58.946
  0
ARC
  8
APS_GEOMETRY
 10
-968.699
 20
-132.769
 40
10.568
 50
16.699
 51
35.952
  0
ARC
  8
APS_GEOMETRY
 10
-972.0
 20
-133.76
 40
14.014
 50
360.0
 51
16.699
  0
ARC
  8
APS_GEOMETRY
 10
-965.85
 20
-133.76
 40
7.864
 50
344.982
 51
360.0
  0
ARC
  8
APS_GEOMETRY
 10
-962.075
 20
-134.773
 40
3.956
 50
323.746
 51
344.982
  0
ARC
  8
APS_GEOMETRY
 10
-961.236
 20
-135.388
 40
2.916
 50
296.114
 51
323.746
  0
ARC
  8
APS_GEOMETRY
 10
-961.387
 20
-135.081
 40
3.258
 50
270.0
 51
296.114
  0
ARC
  8
APS_GEOMETRY
 10
-961.387
 20
-134.254
 40
4.084
 50
255.311
 51
270.0
  0
ARC
  8
APS_GEOMETRY
 10
-961.933
 20
-136.337
 40
1.931
 50
233.881
 51
255.311
  0
ARC
  8
APS_GEOMETRY
 10
-961.358
 20
-135.55
 40
2.906
 50
219.289
 51
233.881
  0
ARC
  8
APS_GEOMETRY
 10
-949.828
 20
-126.116
 40
17.803
 50
213.408
 51
219.289
  0
ARC
  8
APS_GEOMETRY
 10
-971.429
 20
-140.344
 40
8.063
 50
33.294
 51
51.246
  0
ARC
  8
APS_GEOMETRY
 10
-970.331
 20
-138.976
 40
6.309
 50
51.246
 51
71.565
  0
ARC
  8
APS_GEOMETRY
 10
-971.057
 20
-141.154
 40
8.604
 50
71.565
 51
79.278
  0
ARC
  8
APS_GEOMETRY
 10
-973.385
 20
-153.449
 40
21.118
 50
79.278
 51
84.2
  0
ARC
  8
APS_GEOMETRY
 10
-974.379
 20
-163.228
 40
30.947
 50
84.2
 51
87.567
  0
ARC
  8
APS_GEOMETRY
 10
-975.58
 20
-191.506
 40
59.251
 50
87.567
 51
90.0
  0
ARC
  8
APS_GEOMETRY
 10
-975.58
 20
-148.911
 40
16.656
 50
90.0
 51
96.374
  0
ARC
  8
APS_GEOMETRY
 10
-976.686
 20
-139.015
 40
6.698
 50
96.374
 51
106.434
  0
ARC
  8
APS_GEOMETRY
 10
-977.471
 20
-136.352
 40
3.921
 50
106.434
 51
123.056
  0
ARC
  8
APS_GEOMETRY
 10
-978.698
 20
-134.467
 40
1.673
 50
123.056
 51
148.627
  0
ARC
  8
APS_GEOMETRY
 10
-977.578
 20
-135.102
 40
2.96
 50
149.421
 51
165.28
  0
ARC
  8
APS_GEOMETRY
 10
-974.349
 20
-135.95
 40
6.298
 50
165.28
 51
176.135
  0
ARC
  8
APS_GEOMETRY
 10
-965.106
 20
-136.575
 40
15.562
 50
176.135
 51
178.367
  0
ARC
  8
APS_GEOMETRY
 10
-879.601
 20
-139.013
 40
101.103
 50
178.367
 51
179.242
  0
ARC
  8
APS_GEOMETRY
 10
-791.232
 20
-140.182
 40
189.479
 50
179.242
 51
179.709
  0
ARC
  8
APS_GEOMETRY
 10
-490.583
 20
-141.707
 40
490.132
 50
179.709
 51
180.0
  0
ARC
  8
APS_GEOMETRY
 10
-973.624
 20
-141.707
 40
7.091
 50
180.0
 51
195.027
  0
ARC
  8
APS_GEOMETRY
 10
-979.423
 20
-143.264
 40
1.086
 50
195.027
 51
234.058
  0
ARC
  8
APS_GEOMETRY
 10
-979.366
 20
-143.186
 40
1.183
 50
234.058
 51
253.191
  0
ARC
  8
APS_GEOMETRY
 10
-978.129
 20
-139.09
 40
5.461
 50
253.191
 51
262.063
  0
ARC
  8
APS_GEOMETRY
 10
-977.495
 20
-134.545
 40
10.05
 50
262.063
 51
266.949
  0
ARC
  8
APS_GEOMETRY
 10
-976.659
 20
-118.863
 40
25.755
 50
266.949
 51
270.0
  0
ARC
  8
APS_GEOMETRY
 10
-976.659
 20
-139.896
 40
4.722
 50
270.0
 51
286.007
  0
ARC
  8
APS_GEOMETRY
 10
-975.833
 20
-142.777
 40
1.725
 50
286.007
 51
312.647
  0
ARC
  8
APS_GEOMETRY
 10
-975.85
 20
-142.758
 40
1.75
 50
312.647
 51
338.993
  0
ARC
  8
APS_GEOMETRY
 10
-979.425
 20
-141.385
 40
5.58
 50
338.993
 51
353.66
  0
ARC
  8
APS_GEOMETRY
 10
-942.506
 20
-145.788
 40
31.601
 50
169.663
 51
173.118
  0
ARC
  8
APS_GEOMETRY
 10
-968.896
 20
-140.974
 40
4.776
 50
160.769
 51
169.663
  0
ARC
  8
APS_GEOMETRY
 10
-971.103
 20
-140.204
 40
2.439
 50
143.746
 51
160.769
  0
ARC
  8
APS_GEOMETRY
 10
-970.57
 20
-140.596
 40
3.1
 50
128.66
 51
143.746
  0
ARC
  8
APS_GEOMETRY
 10
-970.925
 20
-140.019
 40
2.429
 50
110.171
 51
130.601
  0
ARC
  8
APS_GEOMETRY
 10
-970.904
 20
-140.078
 40
2.492
 50
90.0
 51
110.171
  0
ARC
  8
APS_GEOMETRY
 10
-970.904
 20
-140.113
 40
2.527
 50
61.22
 51
90.0
  0
ARC
  8
APS_GEOMETRY
 10
-971.345
 20
-140.916
 40
3.443
 50
36.634
 51
61.22
  0
ARC
  8
APS_GEOMETRY
 10
-971.759
 20
-141.162
 40
3.923
 50
19.103
 51
35.91
  0
ARC
  8
APS_GEOMETRY
 10
-984.554
 20
-145.594
 40
17.463
 50
11.16
 51
19.103
  0
ARC
  8
APS_GEOMETRY
 10
-991.239
 20
-146.913
 40
24.277
 50
5.396
 51
11.16
  0
ARC
  8
APS_GEOMETRY
 10
-994.639
 20
-147.234
 40
27.692
 50
0.0
 51
5.396
  0
ARC
  8
APS_GEOMETRY
 10
-994.157
 20
-147.234
 40
27.21
 50
349.287
 51
0.0
  0
ARC
  8
APS_GEOMETRY
 10
-980.799
 20
-149.761
 40
13.615
 50
334.12
 51
349.287
  0
ARC
  8
APS_GEOMETRY
 10
-971.597
 20
-154.208
 40
3.396
 50
303.53
 51
333.853
  0
ARC
  8
APS_GEOMETRY
 10
-971.263
 20
-154.711
 40
2.791
 50
270.0
 51
303.53
  0
ARC
  8
APS_GEOMETRY
 10
-971.263
 20
-154.581
 40
2.922
 50
249.578
 51
270.0
  0
ARC
  8
APS_GEOMETRY
 10
-971.885
 20
-156.25
 40
1.14
 50
216.607
 51
249.578
  0
ARC
  8
APS_GEOMETRY
 10
-971.291
 20
-155.809
 40
1.881
 50
195.422
 51
216.607
  0
ARC
  8
APS_GEOMETRY
 10
-961.028
 20
-152.978
 40
12.526
 50
187.253
 51
195.422
  0
ARC
  8
APS_GEOMETRY
 10
-977.601
 20
-155.11
 40
4.183
 50
7.561
 51
49.434
  0
ARC
  8
APS_GEOMETRY
 10
-977.771
 20
-155.309
 40
4.445
 50
49.434
 51
90.0
  0
ARC
  8
APS_GEOMETRY
 10
-977.771
 20
-153.855
 40
2.991
 50
90.0
 51
115.224
  0
ARC
  8
APS_GEOMETRY
 10
-978.363
 20
-152.599
 40
1.603
 50
115.224
 51
149.931
  0
ARC
  8
APS_GEOMETRY
 10
-977.294
 20
-153.218
 40
2.838
 50
149.931
 51
171.111
  0
ARC
  8
APS_GEOMETRY
 10
-964.326
 20
-155.246
 40
15.963
 50
171.111
 51
180.0
  0
ARC
  8
APS_GEOMETRY
 10
-951.551
 20
-155.246
 40
28.739
 50
180.0
 51
183.062
  0
ARC
  8
APS_GEOMETRY
 10
-907.563
 20
-152.893
 40
72.789
 50
183.062
 51
184.986
  0
ARC
  8
APS_GEOMETRY
 10
-930.636
 20
-154.906
 40
49.629
 50
184.986
 51
187.804
  0
ARC
  8
APS_GEOMETRY
 10
-974.337
 20
-160.895
 40
5.52
 50
187.804
 51
196.26
  0
ARC
  8
APS_GEOMETRY
 10
-978.19
 20
-162.055
 40
1.496
 50
194.931
 51
230.024
  0
ARC
  8
APS_GEOMETRY
 10
-977.21
 20
-160.885
 40
3.022
 50
230.024
 51
254.511
  0
ARC
  8
APS_GEOMETRY
 10
-976.018
 20
-156.585
 40
7.485
 50
254.511
 51
265.219
  0
ARC
  8
APS_GEOMETRY
 10
-973.52
 20
-126.718
 40
37.456
 50
265.219
 51
270.0
  0
ARC
  8
APS_GEOMETRY
 10
-973.52
 20
-130.678
 40
33.497
 50
270.0
 51
274.186
  0
ARC
  8
APS_GEOMETRY
 10
-972.501
 20
-144.594
 40
19.543
 50
274.186
 51
279.668
  0
ARC
  8
APS_GEOMETRY
 10
-971.665
 20
-149.502
 40
14.564
 50
279.668
 51
286.991
  0
ARC
  8
APS_GEOMETRY
 10
-969.752
 20
-155.762
 40
8.018
 50
286.991
 51
296.866
  0
ARC
  8
APS_GEOMETRY
 10
-969.355
 20
-156.547
 40
7.139
 50
296.866
 51
318.366
  0
ARC
  8
APS_GEOMETRY
 10
-973.354
 20
-152.992
 40
12.489
 50
318.366
 51
334.581
  0
ARC
  8
APS_GEOMETRY
 10
-947.025
 20
-165.618
 40
16.711
 50
147.08
 51
154.231
  0
ARC
  8
APS_GEOMETRY
 10
-958.031
 20
-158.492
 40
3.599
 50
131.634
 51
147.08
  0
ARC
  8
APS_GEOMETRY
 10
-958.852
 20
-157.569
 40
2.364
 50
108.875
 51
131.634
  0
ARC
  8
APS_GEOMETRY
 10
-958.509
 20
-158.571
 40
3.423
 50
90.0
 51
108.875
  0
ARC
  8
APS_GEOMETRY
 10
-958.509
 20
-157.875
 40
2.727
 50
62.628
 51
90.0
  0
ARC
  8
APS_GEOMETRY
 10
-958.682
 20
-158.209
 40
3.103
 50
36.995
 51
62.628
  0
ARC
  8
APS_GEOMETRY
 10
-959.455
 20
-158.791
 40
4.071
 50
16.728
 51
36.995
  0
ARC
  8
APS_GEOMETRY
 10
-961.26
 20
-159.334
 40
5.956
 50
360.0
 51
16.728
  0
ARC
  8
APS_GEOMETRY
 10
-964.836
 20
-159.334
 40
9.532
 50
348.323
 51
360.0
  0
ARC
  8
APS_GEOMETRY
 10
-979.145
 20
-156.377
 40
24.143
 50
340.994
 51
348.323
  0
ARC
  8
APS_GEOMETRY
 10
-982.539
 20
-155.208
 40
27.733
 50
334.592
 51
340.994
  0
ARC
  8
APS_GEOMETRY
 10
-976.615
 20
-158.022
 40
21.175
 50
327.265
 51
334.592
  0
ARC
  8
APS_GEOMETRY
 10
-969.735
 20
-162.077
 40
13.198
 50
320.133
 51
325.923
  0
ARC
  8
APS_GEOMETRY
 10
-961.732
 20
-168.761
 40
2.771
 50
307.476
 51
320.133
  0
ARC
  8
APS_GEOMETRY
 10
-961.031
 20
-169.675
 40
1.619
 50
286.429
 51
307.476
  0
ARC
  8
APS_GEOMETRY
 10
-961.322
 20
-168.691
 40
2.646
 50
270.0
 51
286.429
  0
ARC
  8
APS_GEOMETRY
 10
-961.322
 20
-165.632
 40
5.704
 50
263.774
 51
270.0
  0
ARC
  8
APS_GEOMETRY
 10
-959.653
 20
-150.335
 40
21.092
 50
260.538
 51
263.774
  0
ARC
  8
APS_GEOMETRY
 10
-967.122
 20
-192.481
 40
21.713
 50
79.38
 51
84.987
  0
ARC
  8
APS_GEOMETRY
 10
-970.36
 20
-229.392
 40
58.766
 50
84.987
 51
88.394
  0
LINE
  8
APS_GEOMETRY
 10
-968.713
 11
-996.445
 20
-170.649
 21
-170.649
  0
ARC
  8
APS_GEOMETRY
 10
-996.445
 20
-164.846
 40
5.804
 50
254.103
 51
270.0
  0
ARC
  8
APS_GEOMETRY
 10
-997.262
 20
-167.716
 40
2.82
 50
231.216
 51
254.103
  0
ARC
  8
APS_GEOMETRY
 10
-997.598
 20
-168.133
 40
2.284
 50
203.795
 51
231.216
  0
ARC
  8
APS_GEOMETRY
 10
-996.926
 20
-167.837
 40
3.019
 50
180.0
 51
203.795
  0
ARC
  8
APS_GEOMETRY
 10
-996.671
 20
-167.837
 40
3.273
 50
164.055
 51
180.0
  0
ARC
  8
APS_GEOMETRY
 10
-998.688
 20
-167.261
 40
1.175
 50
137.291
 51
164.055
  0
ARC
  8
APS_GEOMETRY
 10
-998.081
 20
-167.821
 40
2.001
 50
120.964
 51
137.291
  0
ARC
  8
APS_GEOMETRY
 10
-991.581
 20
-178.655
 40
14.637
 50
114.944
 51
120.964
  0
ARC
  8
APS_GEOMETRY
 10
-999.696
 20
-160.901
 40
4.886
 50
293.429
 51
305.72
  0
ARC
  8
APS_GEOMETRY
 10
-998.352
 20
-162.77
 40
2.584
 50
305.72
 51
322.651
  0
ARC
  8
APS_GEOMETRY
 10
-998.56
 20
-162.611
 40
2.846
 50
322.651
 51
338.11
  0
ARC
  8
APS_GEOMETRY
 10
-1002.618
 20
-160.981
 40
7.219
 50
338.11
 51
347.8
  0
ARC
  8
APS_GEOMETRY
 10
-1027.819
 20
-155.457
 40
33.018
 50
347.672
 51
352.051
  0
ARC
  8
APS_GEOMETRY
 10
-1052.212
 20
-152.051
 40
57.647
 50
352.051
 51
355.365
  0
ARC
  8
APS_GEOMETRY
 10
-1068.639
 20
-150.719
 40
74.128
 50
355.365
 51
357.943
  0
ARC
  8
APS_GEOMETRY
 10
-1111.048
 20
-149.196
 40
116.566
 50
357.943
 51
0.0
  0
ARC
  8
APS_GEOMETRY
 10
-1160.001
 20
-149.196
 40
165.518
 50
0.0
 51
2.183
  0
ARC
  8
APS_GEOMETRY
 10
-1061.026
 20
-145.422
 40
66.471
 50
2.183
 51
5.629
  0
ARC
  8
APS_GEOMETRY
 10
-1031.542
 20
-142.516
 40
36.844
 50
5.629
 51
11.805
  0
ARC
  8
APS_GEOMETRY
 10
-1002.926
 20
-136.536
 40
7.61
 50
11.805
 51
25.419
  0
ARC
  8
APS_GEOMETRY
 10
-999.222
 20
-134.854
 40
3.544
 50
26.565
 51
38.157
  0
ARC
  8
APS_GEOMETRY
 10
-997.578
 20
-133.562
 40
1.452
 50
38.157
 51
56.31
  0
ARC
  8
APS_GEOMETRY
 10
-997.925
 20
-134.084
 40
2.079
 50
56.31
 51
69.193
  0
ARC
  8
APS_GEOMETRY
 10
-1002.805
 20
-146.925
 40
15.817
 50
69.193
 51
73.856
  0
ARC
  8
APS_GEOMETRY
 10
-997.658
 20
-129.218
 40
2.623
 50
216.87
 51
253.393
  0
ARC
  8
APS_GEOMETRY
 10
-997.695
 20
-129.247
 40
2.576
 50
180.0
 51
216.87
  0
ARC
  8
APS_GEOMETRY
 10
-997.134
 20
-129.247
 40
3.138
 50
161.565
 51
180.0
  0
ARC
  8
APS_GEOMETRY
 10
-997.247
 20
-129.209
 40
3.018
 50
142.765
 51
161.565
  0
ARC
  8
APS_GEOMETRY
 10
-997.319
 20
-129.154
 40
2.928
 50
123.425
 51
142.765
  0
ARC
  8
APS_GEOMETRY
 10
-997.254
 20
-129.254
 40
3.047
 50
104.47
 51
123.425
  0
ARC
  8
APS_GEOMETRY
 10
-996.674
 20
-132.116
 40
5.965
 50
96.724
 51
102.995
  0
ARC
  8
APS_GEOMETRY
 10
-994.873
 20
-147.391
 40
21.346
 50
93.411
 51
96.724
  0
ARC
  8
APS_GEOMETRY
 10
-994.073
 20
-160.812
 40
34.791
 50
91.375
 51
93.411
  0
ARC
  8
APS_GEOMETRY
 10
-993.077
 20
-202.312
 40
76.303
 50
90.0
 51
91.375
  0
LINE
  8
QUOTATURA
 10
-1152.494
 11
-1152.494
 20
478.568
 21
370.934
  0
LINE
  8
QUOTATURA
 10
-554.494
 11
-554.494
 20
478.568
 21
370.934
  0
LINE
  8
QUOTATURA
 10
-1152.494
 11
-884.047
 20
380.934
 21
380.934
  0
LINE
  8
QUOTATURA
 10
-822.941
 11
-554.494
 20
380.934
 21
380.934
  0
LINE
  8
QUOTATURA
 10
-1132.494
 11
-1152.494
 20
377.6
 21
380.934
  0
LINE
  8
QUOTATURA
 10
-1152.494
 11
-1132.494
 20
380.934
 21
384.268
  0
LINE
  8
QUOTATURA
 10
-1132.494
 11
-1132.494
 20
384.268
 21
377.6
  0
LINE
  8
QUOTATURA
 10
-574.494
 11
-554.494
 20
384.268
 21
380.934
  0
LINE
  8
QUOTATURA
 10
-554.494
 11
-574.494
 20
380.934
 21
377.6
  0
LINE
  8
QUOTATURA
 10
-574.494
 11
-574.494
 20
377.6
 21
384.268
  0
LINE
  8
QUOTATURA
 10
-843.494
 11
-777.345
 20
2127.568
 21
2127.568
  0
LINE
  8
QUOTATURA
 10
-787.345
 11
-787.345
 20
1088.568
 21
1592.82
  0
LINE
  8
QUOTATURA
 10
-787.345
 11
-787.345
 20
1623.131
 21
2127.568
  0
LINE
  8
QUOTATURA
 10
-784.011
 11
-787.345
 20
1108.568
 21
1088.568
  0
LINE
  8
QUOTATURA
 10
-787.345
 11
-790.679
 20
1088.568
 21
1108.568
  0
LINE
  8
QUOTATURA
 10
-790.679
 11
-784.011
 20
1108.568
 21
1108.568
  0
LINE
  8
QUOTATURA
 10
-790.679
 11
-787.345
 20
2107.568
 21
2127.568
  0
LINE
  8
QUOTATURA
 10
-787.345
 11
-784.011
 20
2127.568
 21
2107.568
  0
LINE
  8
QUOTATURA
 10
-784.011
 11
-790.679
 20
2107.568
 21
2107.568
  0
LINE
  8
QUOTATURA
 10
-842.294
 11
-773.613
 20
583.568
 21
583.568
  0
LINE
  8
QUOTATURA
 10
-843.494
 11
-773.613
 20
993.568
 21
993.568
  0
LINE
  8
QUOTATURA
 10
-783.613
 11
-783.613
 20
583.568
 21
773.324
  0
LINE
  8
QUOTATURA
 10
-783.613
 11
-783.613
 20
803.575
 21
993.568
  0
LINE
  8
QUOTATURA
 10
-780.279
 11
-783.613
 20
603.568
 21
583.568
  0
LINE
  8
QUOTATURA
 10
-783.613
 11
-786.947
 20
583.568
 21
603.568
  0
LINE
  8
QUOTATURA
 10
-786.947
 11
-780.279
 20
603.568
 21
603.568
  0
LINE
  8
QUOTATURA
 10
-786.947
 11
-783.613
 20
973.568
 21
993.568
  0
LINE
  8
QUOTATURA
 10
-783.613
 11
-780.279
 20
993.568
 21
973.568
  0
LINE
  8
QUOTATURA
 10
-780.279
 11
-786.947
 20
973.568
 21
973.568
  0
LINE
  8
QUOTATURA
 10
-1162.494
 11
-1310.543
 20
488.568
 21
488.568
  0
LINE
  8
QUOTATURA
 10
-1162.494
 11
-1310.543
 20
2587.568
 21
2587.568
  0
LINE
  8
QUOTATURA
 10
-1300.543
 11
-1300.543
 20
488.568
 21
1522.82
  0
LINE
  8
QUOTATURA
 10
-1300.543
 11
-1300.543
 20
1553.131
 21
2587.568
  0
LINE
  8
QUOTATURA
 10
-1297.209
 11
-1300.543
 20
508.568
 21
488.568
  0
LINE
  8
QUOTATURA
 10
-1300.543
 11
-1303.877
 20
488.568
 21
508.568
  0
LINE
  8
QUOTATURA
 10
-1303.877
 11
-1297.209
 20
508.568
 21
508.568
  0
LINE
  8
QUOTATURA
 10
-1303.877
 11
-1300.543
 20
2567.568
 21
2587.568
  0
LINE
  8
QUOTATURA
 10
-1300.543
 11
-1297.209
 20
2587.568
 21
2567.568
  0
LINE
  8
QUOTATURA
 10
-1297.209
 11
-1303.877
 20
2567.568
 21
2567.568
  0
LINE
  8
QUOTATURA
 10
-842.294
 11
-774.445
 20
2222.568
 21
2222.568
  0
LINE
  8
QUOTATURA
 10
-842.294
 11
-774.445
 20
2492.568
 21
2492.568
  0
LINE
  8
QUOTATURA
 10
-784.445
 11
-784.445
 20
2222.568
 21
2342.324
  0
LINE
  8
QUOTATURA
 10
-784.445
 11
-784.445
 20
2372.631
 21
2492.568
  0
LINE
  8
QUOTATURA
 10
-781.111
 11
-784.445
 20
2242.568
 21
2222.568
  0
LINE
  8
QUOTATURA
 10
-784.445
 11
-787.779
 20
2222.568
 21
2242.568
  0
LINE
  8
QUOTATURA
 10
-787.779
 11
-781.111
 20
2242.568
 21
2242.568
  0
LINE
  8
QUOTATURA
 10
-787.779
 11
-784.445
 20
2472.568
 21
2492.568
  0
LINE
  8
QUOTATURA
 10
-784.445
 11
-781.111
 20
2492.568
 21
2472.568
  0
LINE
  8
QUOTATURA
 10
-781.111
 11
-787.779
 20
2472.568
 21
2472.568
  0
LINE
  8
COSTRUZIONI
 10
-1152.494
 11
-552.094
 20
593.568
 21
593.568
  0
LINE
  8
COSTRUZIONI
 10
-552.094
 11
-1154.894
 20
983.568
 21
983.568
  0
LINE
  8
COSTRUZIONI
 10
-554.494
 11
-1152.494
 20
1098.568
 21
1098.568
  0
LINE
  8
COSTRUZIONI
 10
-552.094
 11
-1152.494
 20
2482.568
 21
2482.568
  0
LINE
  8
COSTRUZIONI
 10
-1152.494
 11
-552.094
 20
2232.568
 21
2232.568
  0
LINE
  8
COSTRUZIONI
 10
-1152.494
 11
-554.494
 20
2117.568
 21
2117.568
  0
LINE
  8
QUOTATURA
 10
-863.494
 11
-1007.647
 20
2587.568
 21
2587.568
  0
LINE
  8
QUOTATURA
 10
-862.294
 11
-1007.647
 20
2482.568
 21
2482.568
  0
LINE
  8
QUOTATURA
 10
-997.647
 11
-997.647
 20
2587.568
 21
2550.075
  0
LINE
  8
QUOTATURA
 10
-997.647
 11
-997.647
 20
2519.824
 21
2482.568
  0
LINE
  8
QUOTATURA
 10
-1000.981
 11
-997.647
 20
2567.568
 21
2587.568
  0
LINE
  8
QUOTATURA
 10
-997.647
 11
-994.313
 20
2587.568
 21
2567.568
  0
LINE
  8
QUOTATURA
 10
-994.313
 11
-1000.981
 20
2567.568
 21
2567.568
  0
LINE
  8
QUOTATURA
 10
-994.313
 11
-997.647
 20
2502.568
 21
2482.568
  0
LINE
  8
QUOTATURA
 10
-997.647
 11
-1000.981
 20
2482.568
 21
2502.568
  0
LINE
  8
QUOTATURA
 10
-1000.981
 11
-994.313
 20
2502.568
 21
2502.568
  0
LINE
  8
QUOTATURA
 10
-862.294
 11
-1014.777
 20
2232.568
 21
2232.568
  0
LINE
  8
QUOTATURA
 10
-863.494
 11
-1014.777
 20
2117.568
 21
2117.568
  0
LINE
  8
QUOTATURA
 10
-1004.777
 11
-1004.777
 20
2232.568
 21
2190.075
  0
LINE
  8
QUOTATURA
 10
-1004.777
 11
-1004.777
 20
2159.906
 21
2117.568
  0
LINE
  8
QUOTATURA
 10
-1008.111
 11
-1004.777
 20
2212.568
 21
2232.568
  0
LINE
  8
QUOTATURA
 10
-1004.777
 11
-1001.443
 20
2232.568
 21
2212.568
  0
LINE
  8
QUOTATURA
 10
-1001.443
 11
-1008.111
 20
2212.568
 21
2212.568
  0
LINE
  8
QUOTATURA
 10
-1001.443
 11
-1004.777
 20
2137.568
 21
2117.568
  0
LINE
  8
QUOTATURA
 10
-1004.777
 11
-1008.111
 20
2117.568
 21
2137.568
  0
LINE
  8
QUOTATURA
 10
-1008.111
 11
-1001.443
 20
2137.568
 21
2137.568
  0
LINE
  8
QUOTATURA
 10
-863.494
 11
-1015.529
 20
983.568
 21
983.568
  0
LINE
  8
QUOTATURA
 10
-863.494
 11
-1015.529
 20
1098.568
 21
1098.568
  0
LINE
  8
QUOTATURA
 10
-1005.529
 11
-1005.529
 20
983.568
 21
1025.906
  0
LINE
  8
QUOTATURA
 10
-1005.529
 11
-1005.529
 20
1056.075
 21
1098.568
  0
LINE
  8
QUOTATURA
 10
-1002.195
 11
-1005.529
 20
1003.568
 21
983.568
  0
LINE
  8
QUOTATURA
 10
-1005.529
 11
-1008.863
 20
983.568
 21
1003.568
  0
LINE
  8
QUOTATURA
 10
-1008.863
 11
-1002.195
 20
1003.568
 21
1003.568
  0
LINE
  8
QUOTATURA
 10
-1008.863
 11
-1005.529
 20
1078.568
 21
1098.568
  0
LINE
  8
QUOTATURA
 10
-1005.529
 11
-1002.195
 20
1098.568
 21
1078.568
  0
LINE
  8
QUOTATURA
 10
-1002.195
 11
-1008.863
 20
1078.568
 21
1078.568
  0
LINE
  8
QUOTATURA
 10
-862.294
 11
-1013.862
 20
593.568
 21
593.568
  0
LINE
  8
QUOTATURA
 10
-863.494
 11
-1013.862
 20
488.568
 21
488.568
  0
LINE
  8
QUOTATURA
 10
-1003.862
 11
-1003.862
 20
593.568
 21
543.845
  0
LINE
  8
QUOTATURA
 10
-1003.862
 11
-1003.862
 20
513.593
 21
488.568
  0
LINE
  8
QUOTATURA
 10
-1007.196
 11
-1003.862
 20
573.568
 21
593.568
  0
LINE
  8
QUOTATURA
 10
-1003.862
 11
-1000.528
 20
593.568
 21
573.568
  0
LINE
  8
QUOTATURA
 10
-1000.528
 11
-1007.196
 20
573.568
 21
573.568
  0
LINE
  8
QUOTATURA
 10
-1000.528
 11
-1003.862
 20
508.568
 21
488.568
  0
LINE
  8
QUOTATURA
 10
-1003.862
 11
-1007.196
 20
488.568
 21
508.568
  0
LINE
  8
QUOTATURA
 10
-1007.196
 11
-1000.528
 20
508.568
 21
508.568
  0
LINE
  8
QUOTATURA
 10
-948.078
 11
-1015.529
 20
593.568
 21
593.568
  0
LINE
  8
QUOTATURA
 10
-949.511
 11
-1015.529
 20
983.568
 21
983.568
  0
LINE
  8
QUOTATURA
 10
-1005.529
 11
-1005.529
 20
593.568
 21
773.32
  0
LINE
  8
QUOTATURA
 10
-1005.529
 11
-1005.529
 20
803.631
 21
983.568
  0
LINE
  8
QUOTATURA
 10
-1002.195
 11
-1005.529
 20
613.568
 21
593.568
  0
LINE
  8
QUOTATURA
 10
-1005.529
 11
-1008.863
 20
593.568
 21
613.568
  0
LINE
  8
QUOTATURA
 10
-1008.863
 11
-1002.195
 20
613.568
 21
613.568
  0
LINE
  8
QUOTATURA
 10
-1008.863
 11
-1005.529
 20
963.568
 21
983.568
  0
LINE
  8
QUOTATURA
 10
-1005.529
 11
-1002.195
 20
983.568
 21
963.568
  0
LINE
  8
QUOTATURA
 10
-1002.195
 11
-1008.863
 20
963.568
 21
963.568
  0
LINE
  8
QUOTATURA
 10
-872.294
 11
-1009.406
 20
2232.568
 21
2232.568
  0
LINE
  8
QUOTATURA
 10
-999.406
 11
-999.406
 20
2232.568
 21
2342.324
  0
LINE
  8
QUOTATURA
 10
-999.406
 11
-999.406
 20
2372.631
 21
2482.568
  0
LINE
  8
QUOTATURA
 10
-996.072
 11
-999.406
 20
2252.568
 21
2232.568
  0
LINE
  8
QUOTATURA
 10
-999.406
 11
-1002.74
 20
2232.568
 21
2252.568
  0
LINE
  8
QUOTATURA
 10
-1002.74
 11
-996.072
 20
2252.568
 21
2252.568
  0
LINE
  8
QUOTATURA
 10
-1002.74
 11
-999.406
 20
2462.568
 21
2482.568
  0
LINE
  8
QUOTATURA
 10
-999.406
 11
-996.072
 20
2482.568
 21
2462.568
  0
LINE
  8
QUOTATURA
 10
-996.072
 11
-1002.74
 20
2462.568
 21
2462.568
  0
LINE
  8
QUOTATURA
 10
-873.494
 11
-1014.521
 20
1098.568
 21
1098.568
  0
LINE
  8
QUOTATURA
 10
-873.494
 11
-1014.521
 20
2117.568
 21
2117.568
  0
LINE
  8
QUOTATURA
 10
-1004.521
 11
-1004.521
 20
1098.568
 21
1592.82
  0
LINE
  8
QUOTATURA
 10
-1004.521
 11
-1004.521
 20
1623.068
 21
2117.568
  0
LINE
  8
QUOTATURA
 10
-1001.187
 11
-1004.521
 20
1118.568
 21
1098.568
  0
LINE
  8
QUOTATURA
 10
-1004.521
 11
-1007.855
 20
1098.568
 21
1118.568
  0
LINE
  8
QUOTATURA
 10
-1007.855
 11
-1001.187
 20
1118.568
 21
1118.568
  0
LINE
  8
QUOTATURA
 10
-1007.855
 11
-1004.521
 20
2097.568
 21
2117.568
  0
LINE
  8
QUOTATURA
 10
-1004.521
 11
-1001.187
 20
2117.568
 21
2097.568
  0
LINE
  8
QUOTATURA
 10
-1001.187
 11
-1007.855
 20
2097.568
 21
2097.568
  0
TEXT
  8
QUOTATURA
 10
916.326
 20
-942.177
 30
0.0
 40
2.0
 50
0.0
  1
10
  0
TEXT
  8
QUOTATURA
 10
900.704
 20
-944.899
 30
0.0
 40
2.0
 50
0.0
  1
5
  0
TEXT
  8
QUOTATURA
 10
886.483
 20
-944.596
 30
0.0
 40
2.0
 50
0.0
  1
8
  0
TEXT
  8
QUOTATURA
 10
894.958
 20
-942.278
 30
0.0
 40
2.0
 50
0.0
  1
5
  0
TEXT
  8
QUOTATURA
 10
909.43
 20
-948.124
 30
0.0
 40
2.0
 50
0.0
  1
3
  0
TEXT
  8
TEXT
 10
947.802
 20
-933.315
 30
0.0
 40
2.0
 50
0.0
  1
DECORO IN LEGNO
  0
TEXT
  8
TEXT
 10
953.346
 20
-937.145
 30
0.0
 40
2.0
 50
0.0
  1
PLEXIGLASS
  0
TEXT
  8
TEXT
 10
932.984
 20
-952.971
 30
0.0
 40
2.0
 50
0.0
  1
LED
  0
TEXT
  8
QUOTATURA
 10
868.154
 20
-939.078
 30
0.0
 40
2.0
 50
0.0
  1
3.5/4
  0
TEXT
  8
QUOTATURA
 10
882.069
 20
-919.467
 30
0.0
 40
2.0
 50
0.0
  1
AREA LIBERA
  0
TEXT
  8
TEXT
 10
881.841
 20
-915.317
 30
0.0
 40
2.0
 50
0.0
  1
OPZIONE
  0
TEXT
  8
TEXT
 10
873.016
 20
-955.216
 30
0.0
 40
2.0
 50
0.0
  1
RIDEFINIBILE
  0
TEXT
  8
QUOTATURA
 10
946.989
 20
-953.067
 30
0.0
 40
2.0
 50
0.0
  1
29
  0
TEXT
  8
TEXT
 10
896.23
 20
-909.658
 30
0.0
 40
3.0
 50
0.0
  1
VANO CON DECORO LUMINOSO
  0
TEXT
  8
TEXT
 10
895.196
 20
-1004.212
 30
0.0
 40
3.0
 50
0.0
  1
VANO APERTO ATTREZZABILE
  0
TEXT
  8
QUOTATURA
 10
936.839
 20
-1034.31
 30
0.0
 40
2.0
 50
0.0
  1
5
  0
TEXT
  8
TEXT
 10
941.975
 20
-1115.328
 30
0.0
 40
4.0
 50
0.0
  1
B.Stefano
  0
TEXT
  8
TEXT
 10
865.907
 20
-1111.365
 30
0.0
 40
2.5
 50
0.0
  1
tel. 0577-68.54.26 - fax 0577-68.64.29
  0
TEXT
  8
TEXT
 10
865.907
 20
-1115.115
 30
0.0
 40
2.5
 50
0.0
  1
e-mail: tecnico@toscocornici.it - web: www.tosococornici.it
  0
TEXT
  8
TEXT
 10
917.845
 20
-1099.904
 30
0.0
 40
2.0
 50
0.0
  1
documento:
  0
TEXT
  8
TEXT
 10
943.419
 20
-1105.294
 30
0.0
 40
3.0
 50
0.0
  1
BELCORE
  0
TEXT
  8
TEXT
 10
967.791
 20
-1099.869
 30
0.0
 40
2.0
 50
0.0
  1
data:
  0
TEXT
  8
TEXT
 10
993.05
 20
-1105.19
 30
0.0
 40
3.0
 50
0.0
  1
29/09/2011
  0
TEXT
  8
TEXT
 10
992.878
 20
-1115.108
 30
0.0
 40
3.0
 50
0.0
  1
1 : 1
  0
TEXT
  8
TEXT
 10
917.845
 20
-1109.693
 30
0.0
 40
2.0
 50
0.0
  1
responsabile tecnico:
  0
TEXT
  8
TEXT
 10
967.808
 20
-1109.693
 30
0.0
 40
2.0
 50
0.0
  1
scala:
  0
TEXT
  8
TEXT
 10
817.897
 20
-1099.904
 30
0.0
 40
2.0
 50
0.0
  1
Ufficio tecnico:
  0
TEXT
  8
TEXT
 10
828.064
 20
-289.548
 30
0.0
 40
20.0
 50
0.0
  1
Ufficio tecnico:
  0
TEXT
  8
TEXT
 10
1321.413
 20
-413.889
 30
0.0
 40
25.0
 50
0.0
  1
tel. 0577-68.54.26 - fax 0577-68.64.29
  0
TEXT
  8
TEXT
 10
1321.413
 20
-451.389
 30
0.0
 40
25.0
 50
0.0
  1
e-mail: tecnico@toscocornici.it - web: www.tosococornici.it
  0
TEXT
  8
TEXT
 10
1932.502
 20
-443.082
 30
0.0
 40
40.0
 50
0.0
  1
B.Ste
  0
TEXT
  8
TEXT
 10
2080.922
 20
-443.082
 30
0.0
 40
40.0
 50
0.0
  1
f
  0
TEXT
  8
TEXT
 10
2111.607
 20
-443.082
 30
0.0
 40
40.0
 50
0.0
  1
ano
  0
TEXT
  8
TEXT
 10
1828.282
 20
-286.585
 30
0.0
 40
20.0
 50
0.0
  1
documento:
  0
TEXT
  8
TEXT
 10
2071.938
 20
-339.707
 30
0.0
 40
20.0
 50
0.0
  1
BELCORE_PORTALAPORTA
  0
TEXT
  8
TEXT
 10
2329.484
 20
-286.499
 30
0.0
 40
20.0
 50
0.0
  1
data:
  0
TEXT
  8
TEXT
 10
2578.583
 20
-337.991
 30
0.0
 40
30.0
 50
0.0
  1
03/10/2011
  0
TEXT
  8
TEXT
 10
2587.336
 20
-438.7
 30
0.0
 40
30.0
 50
0.0
  1
1 : 10
  0
TEXT
  8
TEXT
 10
1826.469
 20
-384.81
 30
0.0
 40
20.0
 50
0.0
  1
responsabile tecnico:
  0
TEXT
  8
TEXT
 10
2328.065
 20
-385.1
 30
0.0
 40
20.0
 50
0.0
  1
scala:
  0
TEXT
  8
TEXT
 10
1845.439
 20
-123.99
 30
0.0
 40
20.0
 50
0.0
  1
SEZ-C
  0
TEXT
  8
TEXT
 10
2428.261
 20
1309.103
 30
0.0
 40
20.0
 50
0.0
  1
SEZ-B
  0
TEXT
  8
QUOTATURA
 10
1781.677
 20
-162.871
 30
0.0
 40
20.0
 50
0.0
  1
LUCE NETTA=792
  0
TEXT
  8
QUOTATURA
 10
1778.8
 20
-231.395
 30
0.0
 40
20.0
 50
0.0
  1
EST. TELAIO=880
  0
TEXT
  8
QUOTATURA
 10
1832.7
 20
-12.509
 30
0.0
 40
20.0
 50
0.0
  1
ANTA=807
  0
TEXT
  8
TEXT
 10
1230.427
 20
1305.195
 30
0.0
 40
20.0
 50
0.0
  1
SEZ-A
  0
TEXT
  8
TEXT
 10
1864.204
 20
415.773
 30
0.0
 40
20.0
 50
0.0
  1
SEZ-A
  0
TEXT
  8
QUOTATURA
 10
1127.266
 20
1458.089
 30
0.0
 40
20.0
 50
90.0
  1
ANTA=2099
  0
TEXT
  8
QUOTATURA
 10
1048.494
 20
1399.38
 30
0.0
 40
20.0
 50
90.0
  1
LUCE NETTA=2096
  0
TEXT
  8
QUOTATURA
 10
992.51
 20
1422.315
 30
0.0
 40
20.0
 50
90.0
  1
EST. TELAIO=2140
  0
TEXT
  8
TEXT
 10
2425.891
 20
937.028
 30
0.0
 40
20.0
 50
0.0
  1
SEZ-C
  0
TEXT
  8
TEXT
 10
1845.439
 20
218.448
 30
0.0
 40
20.0
 50
0.0
  1
SEZ-B
  0
TEXT
  8
QUOTATURA
 10
1879.185
 20
842.19
 30
0.0
 40
20.0
 50
0.0
  1
569
  0
TEXT
  8
QUOTATURA
 10
1879.008
 20
813.833
 30
0.0
 40
20.0
 50
0.0
  1
589
  0
TEXT
  8
QUOTATURA
 10
1530.094
 20
696.068
 30
0.0
 40
20.0
 50
0.0
  1
135
  0
TEXT
  8
QUOTATURA
 10
1675.602
 20
884.744
 30
0.0
 40
20.0
 50
0.0
  1
400
  0
TEXT
  8
QUOTATURA
 10
1879.185
 20
2245.724
 30
0.0
 40
20.0
 50
0.0
  1
569
  0
TEXT
  8
QUOTATURA
 10
1714.478
 20
2264.426
 30
0.0
 40
20.0
 50
0.0
  1
260
  0
TEXT
  8
QUOTATURA
 10
1717.623
 20
788.558
 30
0.0
 40
20.0
 50
0.0
  1
289.5
  0
TEXT
  8
QUOTATURA
 10
1879.008
 20
2439.048
 30
0.0
 40
20.0
 50
0.0
  1
589
  0
TEXT
  8
QUOTATURA
 10
1539.285
 20
2347.568
 30
0.0
 40
20.0
 50
0.0
  1
135
  0
TEXT
  8
TEXT
 10
2255.555
 20
426.187
 30
0.0
 40
20.0
 50
0.0
  1
SPESSORE D20 SP10 (cromo lucido)
  0
TEXT
  8
QUOTATURA
 10
1047.393
 20
2348.934
 30
0.0
 40
20.0
 50
0.0
  1
100
  0
TEXT
  8
QUOTATURA
 10
1050.068
 20
691.854
 30
0.0
 40
20.0
 50
0.0
  1
100
  0
TEXT
  8
TEXT
 10
1599.226
 20
-131.603
 30
0.0
 40
20.0
 50
0.0
  1
D1
  0
TEXT
  8
TEXT
 10
1602.725
 20
207.875
 30
0.0
 40
20.0
 50
0.0
  1
D2
  0
TEXT
  8
TEXT
 10
1139.704
 20
2437.171
 30
0.0
 40
20.0
 50
0.0
  1
D3
  0
TEXT
  8
QUOTATURA
 10
1068.742
 20
659.312
 30
0.0
 40
20.0
 50
0.0
  1
8
  0
TEXT
  8
QUOTATURA
 10
1687.516
 20
505.219
 30
0.0
 40
20.0
 50
0.0
  1
50
  0
TEXT
  8
QUOTATURA
 10
2112.873
 20
2165.888
 30
0.0
 40
20.0
 50
0.0
  1
62.5
  0
TEXT
  8
QUOTATURA
 10
2220.352
 20
1598.068
 30
0.0
 40
20.0
 50
0.0
  1
1069
  0
TEXT
  8
QUOTATURA
 10
1878.513
 20
1033.962
 30
0.0
 40
20.0
 50
0.0
  1
609
  0
TEXT
  8
QUOTATURA
 10
-801.722
 20
2530.068
 30
0.0
 40
20.0
 50
0.0
  1
95
  0
TEXT
  8
QUOTATURA
 10
-806.817
 20
2165.068
 30
0.0
 40
20.0
 50
0.0
  1
95
  0
TEXT
  8
QUOTATURA
 10
-799.185
 20
1031.068
 30
0.0
 40
20.0
 50
0.0
  1
95
  0
TEXT
  8
QUOTATURA
 10
-799.395
 20
526.068
 30
0.0
 40
20.0
 50
0.0
  1
95
  0
TEXT
  8
TEXT
 10
-1891.833
 20
-97.419
 30
0.0
 40
20.0
 50
0.0
  1
Ufficio tecnico:
  0
TEXT
  8
TEXT
 10
-1398.485
 20
-221.761
 30
0.0
 40
25.0
 50
0.0
  1
tel. 0577-68.54.26 - fax 0577-68.64.29
  0
TEXT
  8
TEXT
 10
-1398.485
 20
-259.261
 30
0.0
 40
25.0
 50
0.0
  1
e-mail: tecnico@toscocornici.it - web: www.tosococornici.it
  0
TEXT
  8
TEXT
 10
-787.395
 20
-250.953
 30
0.0
 40
40.0
 50
0.0
  1
B.Ste
  0
TEXT
  8
TEXT
 10
-638.976
 20
-250.953
 30
0.0
 40
40.0
 50
0.0
  1
f
  0
TEXT
  8
TEXT
 10
-608.291
 20
-250.953
 30
0.0
 40
40.0
 50
0.0
  1
ano
  0
TEXT
  8
TEXT
 10
-891.615
 20
-94.456
 30
0.0
 40
20.0
 50
0.0
  1
documento:
  0
TEXT
  8
TEXT
 10
-647.959
 20
-147.578
 30
0.0
 40
15.0
 50
0.0
  1
BELCORE_PORTALAPORTA_TRAV.C. T4 UNICO
  0
TEXT
  8
TEXT
 10
-390.414
 20
-94.371
 30
0.0
 40
20.0
 50
0.0
  1
data:
  0
TEXT
  8
TEXT
 10
-141.315
 20
-145.862
 30
0.0
 40
30.0
 50
0.0
  1
13/10/2011
  0
TEXT
  8
TEXT
 10
-132.561
 20
-246.571
 30
0.0
 40
30.0
 50
0.0
  1
1 : 10
  0
TEXT
  8
TEXT
 10
-893.428
 20
-192.681
 30
0.0
 40
20.0
 50
0.0
  1
responsabile tecnico:
  0
TEXT
  8
TEXT
 10
-391.833
 20
-192.971
 30
0.0
 40
20.0
 50
0.0
  1
scala:
  0
TEXT
  8
QUOTATURA
 10
-879.116
 20
370.934
 30
0.0
 40
20.0
 50
0.0
  1
598
  0
TEXT
  8
QUOTATURA
 10
-818.885
 20
1598.068
 30
0.0
 40
20.0
 50
0.0
  1
1039
  0
TEXT
  8
QUOTATURA
 10
-807.541
 20
778.568
 30
0.0
 40
20.0
 50
0.0
  1
410
  0
TEXT
  8
QUOTATURA
 10
-1335.188
 20
1528.068
 30
0.0
 40
20.0
 50
0.0
  1
2099
  0
TEXT
  8
QUOTATURA
 10
-810.197
 20
2347.568
 30
0.0
 40
20.0
 50
0.0
  1
270
  0
TEXT
  8
TEXT
 10
-840.651
 20
453.612
 30
0.0
 40
20.0
 50
0.0
  1
PRECISA
  0
TEXT
  8
QUOTATURA
 10
-1020.164
 20
2525.068
 30
0.0
 40
20.0
 50
0.0
  1
105
  0
TEXT
  8
QUOTATURA
 10
-1022.898
 20
2165.068
 30
0.0
 40
20.0
 50
0.0
  1
115
  0
TEXT
  8
QUOTATURA
 10
-1023.65
 20
1031.068
 30
0.0
 40
20.0
 50
0.0
  1
115
  0
TEXT
  8
QUOTATURA
 10
-1026.38
 20
518.837
 30
0.0
 40
20.0
 50
0.0
  1
105
  0
TEXT
  8
QUOTATURA
 10
-1031.91
 20
778.568
 30
0.0
 40
20.0
 50
0.0
  1
390
  0
TEXT
  8
QUOTATURA
 10
-1025.161
 20
2347.568
 30
0.0
 40
20.0
 50
0.0
  1
250
  0
TEXT
  8
QUOTATURA
 10
-1032.302
 20
1598.068
 30
0.0
 40
20.0
 50
0.0
  1
1019
  0
TEXT
  8
TEXT
 10
-1101.447
 20
1432.936
 30
0.0
 40
20.0
 50
0.0
  1
MAGGIORATA
  0
TEXT
  8
TEXT
 10
-1101.447
 20
1402.936
 30
0.0
 40
20.0
 50
0.0
  1
PER STRETTOIO
  0
TEXT
  8
TEXT
 10
-1402.63
 20
278.398
 30
0.0
 40
20.0
 50
0.0
  1
ESEGUIRE
  0
TEXT
  8
TEXT
 10
-1402.63
 20
248.398
 30
0.0
 40
20.0
 50
0.0
  1
105(+5)
  0
TEXT
  8
TEXT
 10
-1402.63
 20
218.398
 30
0.0
 40
20.0
 50
0.0
  1
+115(+5)
  0
TEXT
  8
TEXT
 10
-1402.63
 20
188.398
 30
0.0
 40
20.0
 50
0.0
  1
+115(+5)
  0
TEXT
  8
TEXT
 10
-1402.63
 20
158.398
 30
0.0
 40
20.0
 50
0.0
  1
+105(+5)
  0
TEXT
  8
TEXT
 10
-1402.63
 20
128.398
 30
0.0
 40
20.0
 50
0.0
  1
=460 AL POSTO DI 2099
  0
ENDSEC
  0
EOF
