  0
SECTION
  2
ENTITIES
  0
LINE
  8
APS_GEOMETRY
 10
245.7
 11
246.562
 20
233.778
 21
233.778
  0
ARC
  8
APS_GEOMETRY
 10
246.518
 20
235.013
 40
1.236
 50
272.021
 51
278.44
  0
ARC
  8
APS_GEOMETRY
 10
246.567
 20
234.685
 40
0.904
 50
278.44
 51
285.945
  0
ARC
  8
APS_GEOMETRY
 10
246.933
 20
233.375
 40
0.456
 50
98.584
 51
104.931
  0
ARC
  8
APS_GEOMETRY
 10
246.902
 20
233.579
 40
0.25
 50
90.0
 51
98.584
  0
ARC
  8
APS_GEOMETRY
 10
246.902
 20
233.641
 40
0.188
 50
52.871
 51
90.0
  0
ARC
  8
APS_GEOMETRY
 10
246.647
 20
233.305
 40
0.609
 50
32.518
 51
52.871
  0
ARC
  8
APS_GEOMETRY
 10
246.446
 20
233.177
 40
0.848
 50
17.209
 51
32.518
  0
ARC
  8
APS_GEOMETRY
 10
246.614
 20
233.229
 40
0.672
 50
360.0
 51
17.209
  0
ARC
  8
APS_GEOMETRY
 10
246.95
 20
233.229
 40
0.336
 50
337.348
 51
360.0
  0
ARC
  8
APS_GEOMETRY
 10
247.085
 20
233.173
 40
0.19
 50
307.042
 51
337.348
  0
ARC
  8
APS_GEOMETRY
 10
247.062
 20
233.205
 40
0.229
 50
287.186
 51
306.87
  0
ARC
  8
APS_GEOMETRY
 10
247.041
 20
233.272
 40
0.3
 50
270.0
 51
287.186
  0
ARC
  8
APS_GEOMETRY
 10
247.041
 20
233.242
 40
0.27
 50
252.221
 51
270.0
  0
ARC
  8
APS_GEOMETRY
 10
247.028
 20
233.203
 40
0.229
 50
232.896
 51
252.221
  0
ARC
  8
APS_GEOMETRY
 10
247.077
 20
233.267
 40
0.309
 50
218.3
 51
232.896
  0
ARC
  8
APS_GEOMETRY
 10
247.456
 20
233.566
 40
0.792
 50
209.197
 51
218.3
  0
ARC
  8
APS_GEOMETRY
 10
245.528
 20
232.522
 40
1.401
 50
28.025
 51
32.699
  0
ARC
  8
APS_GEOMETRY
 10
246.536
 20
233.169
 40
0.203
 50
32.699
 51
45.0
  0
ARC
  8
APS_GEOMETRY
 10
246.605
 20
233.237
 40
0.106
 50
45.0
 51
67.557
  0
ARC
  8
APS_GEOMETRY
 10
246.604
 20
233.236
 40
0.107
 50
67.557
 51
90.0
  0
ARC
  8
APS_GEOMETRY
 10
246.604
 20
233.245
 40
0.098
 50
90.0
 51
120.801
  0
ARC
  8
APS_GEOMETRY
 10
246.601
 20
233.25
 40
0.092
 50
120.801
 51
152.7
  0
ARC
  8
APS_GEOMETRY
 10
246.674
 20
233.213
 40
0.174
 50
152.7
 51
171.085
  0
ARC
  8
APS_GEOMETRY
 10
247.228
 20
233.126
 40
0.735
 50
171.085
 51
180.0
  0
LINE
  8
APS_GEOMETRY
 10
246.493
 11
246.493
 20
233.126
 21
232.21
  0
ARC
  8
APS_GEOMETRY
 10
247.464
 20
232.21
 40
0.971
 50
180.0
 51
188.194
  0
ARC
  8
APS_GEOMETRY
 10
246.739
 20
232.106
 40
0.238
 50
188.194
 51
204.775
  0
ARC
  8
APS_GEOMETRY
 10
246.668
 20
232.073
 40
0.161
 50
204.775
 51
228.576
  0
ARC
  8
APS_GEOMETRY
 10
246.735
 20
232.148
 40
0.261
 50
228.576
 51
247.218
  0
ARC
  8
APS_GEOMETRY
 10
246.351
 20
231.245
 40
0.721
 50
59.381
 51
66.93
  0
ARC
  8
APS_GEOMETRY
 10
246.634
 20
231.723
 40
0.165
 50
43.568
 51
59.381
  0
ARC
  8
APS_GEOMETRY
 10
246.679
 20
231.766
 40
0.103
 50
19.041
 51
43.568
  0
ARC
  8
APS_GEOMETRY
 10
246.617
 20
231.744
 40
0.169
 50
360.0
 51
19.041
  0
ARC
  8
APS_GEOMETRY
 10
246.648
 20
231.744
 40
0.137
 50
317.66
 51
360.0
  0
ARC
  8
APS_GEOMETRY
 10
246.522
 20
231.859
 40
0.308
 50
289.747
 51
317.66
  0
ARC
  8
APS_GEOMETRY
 10
246.417
 20
232.153
 40
0.621
 50
281.964
 51
289.747
  0
ARC
  8
APS_GEOMETRY
 10
246.27
 20
232.844
 40
1.327
 50
276.643
 51
281.964
  0
ARC
  8
APS_GEOMETRY
 10
246.209
 20
233.373
 40
1.859
 50
272.836
 51
276.643
  0
ARC
  8
APS_GEOMETRY
 10
246.135
 20
234.861
 40
3.35
 50
270.0
 51
272.836
  0
ARC
  8
APS_GEOMETRY
 10
246.135
 20
235.784
 40
4.272
 50
267.283
 51
270.0
  0
ARC
  8
APS_GEOMETRY
 10
246.045
 20
233.894
 40
2.38
 50
263.643
 51
267.283
  0
ARC
  8
APS_GEOMETRY
 10
245.97
 20
233.22
 40
1.701
 50
258.563
 51
263.643
  0
ARC
  8
APS_GEOMETRY
 10
245.791
 20
232.333
 40
0.796
 50
251.136
 51
258.563
  0
ARC
  8
APS_GEOMETRY
 10
245.63
 20
231.868
 40
0.305
 50
222.558
 51
251.395
  0
ARC
  8
APS_GEOMETRY
 10
245.512
 20
231.759
 40
0.144
 50
180.0
 51
222.558
  0
ARC
  8
APS_GEOMETRY
 10
245.488
 20
231.759
 40
0.12
 50
150.642
 51
180.0
  0
ARC
  8
APS_GEOMETRY
 10
245.497
 20
231.753
 40
0.131
 50
122.574
 51
150.642
  0
ARC
  8
APS_GEOMETRY
 10
245.472
 20
231.783
 40
0.093
 50
108.677
 51
119.055
  0
ARC
  8
APS_GEOMETRY
 10
246.628
 20
228.363
 40
3.702
 50
107.038
 51
108.677
  0
ARC
  8
APS_GEOMETRY
 10
245.5
 20
232.052
 40
0.155
 50
286.144
 51
308.66
  0
ARC
  8
APS_GEOMETRY
 10
245.525
 20
232.02
 40
0.114
 50
308.66
 51
334.933
  0
ARC
  8
APS_GEOMETRY
 10
245.422
 20
232.068
 40
0.228
 50
334.933
 51
348.829
  0
ARC
  8
APS_GEOMETRY
 10
244.131
 20
232.323
 40
1.545
 50
348.829
 51
354.161
  0
ARC
  8
APS_GEOMETRY
 10
243.258
 20
232.413
 40
2.422
 50
354.144
 51
355.66
  0
ARC
  8
APS_GEOMETRY
 10
239.389
 20
232.707
 40
6.302
 50
355.66
 51
356.6
  0
ARC
  8
APS_GEOMETRY
 10
236.432
 20
232.882
 40
9.265
 50
356.6
 51
357.24
  0
ARC
  8
APS_GEOMETRY
 10
228.04
 20
233.287
 40
17.666
 50
357.24
 51
357.703
  0
ARC
  8
APS_GEOMETRY
 10
228.866
 20
233.254
 40
16.839
 50
357.703
 51
358.674
  0
ARC
  8
APS_GEOMETRY
 10
236.658
 20
233.074
 40
9.045
 50
358.674
 51
0.0
  0
ARC
  8
APS_GEOMETRY
 10
244.363
 20
233.074
 40
1.341
 50
360.0
 51
6.242
  0
ARC
  8
APS_GEOMETRY
 10
245.429
 20
233.19
 40
0.268
 50
6.242
 51
20.225
  0
ARC
  8
APS_GEOMETRY
 10
245.576
 20
233.245
 40
0.111
 50
20.225
 51
50.44
  0
ARC
  8
APS_GEOMETRY
 10
245.605
 20
233.279
 40
0.066
 50
50.44
 51
90.0
  0
ARC
  8
APS_GEOMETRY
 10
245.605
 20
233.257
 40
0.088
 50
90.0
 51
126.747
  0
ARC
  8
APS_GEOMETRY
 10
245.73
 20
233.09
 40
0.296
 50
126.747
 51
146.547
  0
ARC
  8
APS_GEOMETRY
 10
243.53
 20
234.536
 40
2.336
 50
324.255
 51
326.701
  0
ARC
  8
APS_GEOMETRY
 10
244.461
 20
233.866
 40
1.188
 50
320.826
 51
324.255
  0
ARC
  8
APS_GEOMETRY
 10
244.766
 20
233.618
 40
0.796
 50
315.722
 51
320.826
  0
ARC
  8
APS_GEOMETRY
 10
245.115
 20
233.277
 40
0.307
 50
307.504
 51
315.722
  0
ARC
  8
APS_GEOMETRY
 10
245.083
 20
233.32
 40
0.361
 50
291.306
 51
307.405
  0
ARC
  8
APS_GEOMETRY
 10
245.139
 20
233.176
 40
0.207
 50
270.0
 51
291.306
  0
ARC
  8
APS_GEOMETRY
 10
245.139
 20
233.163
 40
0.194
 50
245.532
 51
270.0
  0
ARC
  8
APS_GEOMETRY
 10
245.138
 20
233.16
 40
0.19
 50
220.833
 51
245.532
  0
ARC
  8
APS_GEOMETRY
 10
245.157
 20
233.177
 40
0.216
 50
198.684
 51
220.833
  0
ARC
  8
APS_GEOMETRY
 10
245.239
 20
233.204
 40
0.303
 50
180.0
 51
198.684
  0
ARC
  8
APS_GEOMETRY
 10
245.432
 20
233.204
 40
0.495
 50
168.408
 51
180.0
  0
ARC
  8
APS_GEOMETRY
 10
245.749
 20
233.139
 40
0.82
 50
159.402
 51
168.408
  0
ARC
  8
APS_GEOMETRY
 10
245.847
 20
233.102
 40
0.924
 50
151.39
 51
159.402
  0
ARC
  8
APS_GEOMETRY
 10
245.827
 20
233.113
 40
0.902
 50
143.276
 51
151.39
  0
ARC
  8
APS_GEOMETRY
 10
245.575
 20
233.302
 40
0.586
 50
124.216
 51
143.31
  0
ARC
  8
APS_GEOMETRY
 10
245.35
 20
233.633
 40
0.186
 50
90.0
 51
124.216
  0
ARC
  8
APS_GEOMETRY
 10
245.35
 20
233.55
 40
0.269
 50
82.725
 51
90.0
  0
ARC
  8
APS_GEOMETRY
 10
245.329
 20
233.385
 40
0.435
 50
77.005
 51
82.725
  0
ARC
  8
APS_GEOMETRY
 10
245.971
 20
236.483
 40
2.728
 50
258.486
 51
260.378
  0
ARC
  8
APS_GEOMETRY
 10
245.696
 20
234.859
 40
1.082
 50
260.378
 51
263.382
  0
ARC
  8
APS_GEOMETRY
 10
245.673
 20
234.656
 40
0.877
 50
263.382
 51
267.084
  0
ARC
  8
APS_GEOMETRY
 10
245.7
 20
235.192
 40
1.414
 50
267.084
 51
270.0
  0
ARC
  8
APS_GEOMETRY
 10
248.686
 20
232.535
 40
1.289
 50
71.91
 51
90.0
  0
ARC
  8
APS_GEOMETRY
 10
248.736
 20
232.688
 40
1.128
 50
52.561
 51
71.91
  0
ARC
  8
APS_GEOMETRY
 10
248.723
 20
232.684
 40
1.139
 50
38.846
 51
52.156
  0
ARC
  8
APS_GEOMETRY
 10
248.545
 20
232.54
 40
1.369
 50
26.707
 51
38.846
  0
ARC
  8
APS_GEOMETRY
 10
248.58
 20
232.569
 40
1.324
 50
13.868
 51
26.278
  0
ARC
  8
APS_GEOMETRY
 10
248.835
 20
232.632
 40
1.061
 50
360.0
 51
13.868
  0
ARC
  8
APS_GEOMETRY
 10
248.851
 20
232.632
 40
1.045
 50
339.712
 51
360.0
  0
ARC
  8
APS_GEOMETRY
 10
248.793
 20
232.654
 40
1.108
 50
320.013
 51
339.712
  0
ARC
  8
APS_GEOMETRY
 10
248.783
 20
232.659
 40
1.119
 50
303.344
 51
320.123
  0
ARC
  8
APS_GEOMETRY
 10
248.668
 20
232.834
 40
1.327
 50
287.949
 51
303.344
  0
ARC
  8
APS_GEOMETRY
 10
248.63
 20
232.964
 40
1.463
 50
279.039
 51
287.776
  0
ARC
  8
APS_GEOMETRY
 10
248.645
 20
232.869
 40
1.367
 50
270.0
 51
279.039
  0
ARC
  8
APS_GEOMETRY
 10
248.645
 20
232.803
 40
1.301
 50
257.728
 51
270.0
  0
ARC
  8
APS_GEOMETRY
 10
248.647
 20
232.812
 40
1.31
 50
245.501
 51
257.728
  0
ARC
  8
APS_GEOMETRY
 10
248.574
 20
232.651
 40
1.133
 50
228.665
 51
245.511
  0
ARC
  8
APS_GEOMETRY
 10
248.549
 20
232.623
 40
1.096
 50
211.535
 51
228.665
  0
ARC
  8
APS_GEOMETRY
 10
248.581
 20
232.647
 40
1.136
 50
195.642
 51
211.701
  0
ARC
  8
APS_GEOMETRY
 10
248.64
 20
232.663
 40
1.197
 50
180.0
 51
195.642
  0
ARC
  8
APS_GEOMETRY
 10
248.653
 20
232.663
 40
1.209
 50
162.181
 51
180.0
  0
ARC
  8
APS_GEOMETRY
 10
248.542
 20
232.699
 40
1.093
 50
143.434
 51
162.181
  0
ARC
  8
APS_GEOMETRY
 10
248.528
 20
232.71
 40
1.074
 50
126.384
 51
143.471
  0
ARC
  8
APS_GEOMETRY
 10
248.629
 20
232.572
 40
1.246
 50
110.525
 51
126.384
  0
ARC
  8
APS_GEOMETRY
 10
248.624
 20
232.61
 40
1.209
 50
99.77
 51
110.925
  0
ARC
  8
APS_GEOMETRY
 10
248.686
 20
232.249
 40
1.575
 50
90.0
 51
99.77
  0
ARC
  8
APS_GEOMETRY
 10
248.531
 20
233.114
 40
0.24
 50
90.0
 51
119.604
  0
ARC
  8
APS_GEOMETRY
 10
248.552
 20
233.077
 40
0.283
 50
119.604
 51
146.842
  0
ARC
  8
APS_GEOMETRY
 10
248.594
 20
233.043
 40
0.337
 50
145.84
 51
164.055
  0
ARC
  8
APS_GEOMETRY
 10
248.692
 20
233.015
 40
0.439
 50
164.055
 51
180.0
  0
ARC
  8
APS_GEOMETRY
 10
249.306
 20
233.015
 40
1.053
 50
180.0
 51
189.977
  0
ARC
  8
APS_GEOMETRY
 10
250.238
 20
233.179
 40
2.0
 50
189.977
 51
197.211
  0
ARC
  8
APS_GEOMETRY
 10
250.442
 20
233.242
 40
2.213
 50
197.211
 51
203.76
  0
ARC
  8
APS_GEOMETRY
 10
249.934
 20
233.018
 40
1.658
 50
203.76
 51
211.329
  0
ARC
  8
APS_GEOMETRY
 10
248.891
 20
232.392
 40
0.441
 50
212.32
 51
224.441
  0
ARC
  8
APS_GEOMETRY
 10
248.848
 20
232.35
 40
0.381
 50
224.441
 51
237.484
  0
ARC
  8
APS_GEOMETRY
 10
248.82
 20
232.307
 40
0.33
 50
237.484
 51
252.416
  0
ARC
  8
APS_GEOMETRY
 10
248.793
 20
232.22
 40
0.238
 50
252.416
 51
270.0
  0
ARC
  8
APS_GEOMETRY
 10
248.793
 20
232.248
 40
0.267
 50
270.0
 51
294.953
  0
ARC
  8
APS_GEOMETRY
 10
248.8
 20
232.232
 40
0.249
 50
294.953
 51
320.793
  0
ARC
  8
APS_GEOMETRY
 10
248.76
 20
232.264
 40
0.301
 50
320.793
 51
342.777
  0
ARC
  8
APS_GEOMETRY
 10
248.582
 20
232.32
 40
0.487
 50
342.777
 51
0.0
  0
ARC
  8
APS_GEOMETRY
 10
247.744
 20
232.32
 40
1.325
 50
0.0
 51
8.499
  0
ARC
  8
APS_GEOMETRY
 10
247.16
 20
232.233
 40
1.915
 50
8.499
 51
15.566
  0
ARC
  8
APS_GEOMETRY
 10
247.23
 20
232.252
 40
1.842
 50
15.566
 51
22.909
  0
ARC
  8
APS_GEOMETRY
 10
247.834
 20
232.507
 40
1.188
 50
22.909
 51
32.057
  0
ARC
  8
APS_GEOMETRY
 10
248.307
 20
232.805
 40
0.628
 50
31.921
 51
42.51
  0
ARC
  8
APS_GEOMETRY
 10
248.437
 20
232.925
 40
0.451
 50
42.51
 51
55.008
  0
ARC
  8
APS_GEOMETRY
 10
248.481
 20
232.988
 40
0.374
 50
55.008
 51
69.88
  0
ARC
  8
APS_GEOMETRY
 10
248.521
 20
233.095
 40
0.26
 50
69.88
 51
87.754
  0
ARC
  8
APS_GEOMETRY
 10
251.107
 20
233.025
 40
0.799
 50
83.923
 51
90.0
  0
ARC
  8
APS_GEOMETRY
 10
251.043
 20
232.421
 40
1.406
 50
79.342
 51
83.923
  0
ARC
  8
APS_GEOMETRY
 10
250.965
 20
232.009
 40
1.826
 50
75.808
 51
79.342
  0
ARC
  8
APS_GEOMETRY
 10
250.695
 20
230.939
 40
2.929
 50
73.018
 51
75.808
  0
ARC
  8
APS_GEOMETRY
 10
251.648
 20
234.064
 40
0.338
 50
253.288
 51
259.046
  0
ARC
  8
APS_GEOMETRY
 10
251.601
 20
233.824
 40
0.093
 50
259.046
 51
270.0
  0
ARC
  8
APS_GEOMETRY
 10
251.601
 20
233.786
 40
0.055
 50
270.0
 51
286.699
  0
ARC
  8
APS_GEOMETRY
 10
251.157
 20
235.265
 40
1.599
 50
286.699
 51
289.799
  0
ARC
  8
APS_GEOMETRY
 10
251.752
 20
233.62
 40
0.15
 50
100.008
 51
110.556
  0
ARC
  8
APS_GEOMETRY
 10
251.755
 20
233.603
 40
0.167
 50
90.0
 51
100.008
  0
ARC
  8
APS_GEOMETRY
 10
251.755
 20
233.611
 40
0.159
 50
53.356
 51
90.0
  0
ARC
  8
APS_GEOMETRY
 10
251.477
 20
233.238
 40
0.624
 50
35.101
 51
53.356
  0
ARC
  8
APS_GEOMETRY
 10
251.339
 20
233.14
 40
0.794
 50
20.245
 51
35.101
  0
ARC
  8
APS_GEOMETRY
 10
251.68
 20
233.267
 40
0.429
 50
360.0
 51
20.245
  0
ARC
  8
APS_GEOMETRY
 10
251.852
 20
233.267
 40
0.257
 50
340.481
 51
360.0
  0
ARC
  8
APS_GEOMETRY
 10
251.895
 20
233.251
 40
0.213
 50
318.972
 51
340.481
  0
ARC
  8
APS_GEOMETRY
 10
251.914
 20
233.235
 40
0.187
 50
295.017
 51
318.972
  0
ARC
  8
APS_GEOMETRY
 10
251.92
 20
233.221
 40
0.172
 50
270.0
 51
295.017
  0
ARC
  8
APS_GEOMETRY
 10
251.92
 20
233.313
 40
0.264
 50
256.171
 51
270.0
  0
ARC
  8
APS_GEOMETRY
 10
251.891
 20
233.196
 40
0.144
 50
237.381
 51
256.171
  0
ARC
  8
APS_GEOMETRY
 10
251.942
 20
233.276
 40
0.238
 50
231.559
 51
237.381
  0
ARC
  8
APS_GEOMETRY
 10
252.684
 20
234.211
 40
1.432
 50
229.185
 51
231.559
  0
ARC
  8
APS_GEOMETRY
 10
253.48
 20
235.132
 40
2.649
 50
227.9
 51
229.185
  0
ARC
  8
APS_GEOMETRY
 10
256.232
 20
238.178
 40
6.755
 50
227.095
 51
227.9
  0
ARC
  8
APS_GEOMETRY
 10
251.064
 20
232.62
 40
0.835
 50
46.975
 51
64.612
  0
ARC
  8
APS_GEOMETRY
 10
251.248
 20
233.007
 40
0.406
 50
64.612
 51
90.0
  0
ARC
  8
APS_GEOMETRY
 10
251.248
 20
233.121
 40
0.293
 50
90.0
 51
106.966
  0
ARC
  8
APS_GEOMETRY
 10
251.214
 20
233.232
 40
0.177
 50
106.966
 51
128.868
  0
ARC
  8
APS_GEOMETRY
 10
251.194
 20
233.256
 40
0.145
 50
128.868
 51
154.741
  0
ARC
  8
APS_GEOMETRY
 10
251.201
 20
233.253
 40
0.152
 50
154.741
 51
180.0
  0
ARC
  8
APS_GEOMETRY
 10
251.191
 20
233.253
 40
0.143
 50
180.0
 51
206.64
  0
ARC
  8
APS_GEOMETRY
 10
251.238
 20
233.277
 40
0.195
 50
206.64
 51
229.43
  0
ARC
  8
APS_GEOMETRY
 10
251.311
 20
233.363
 40
0.308
 50
229.43
 51
244.493
  0
ARC
  8
APS_GEOMETRY
 10
251.514
 20
233.787
 40
0.778
 50
244.493
 51
253.956
  0
ARC
  8
APS_GEOMETRY
 10
247.91
 20
221.54
 40
11.988
 50
72.737
 51
73.58
  0
ARC
  8
APS_GEOMETRY
 10
249.975
 20
228.186
 40
5.029
 50
71.435
 51
72.737
  0
ARC
  8
APS_GEOMETRY
 10
250.659
 20
230.223
 40
2.88
 50
69.164
 51
71.435
  0
ARC
  8
APS_GEOMETRY
 10
251.466
 20
232.344
 40
0.611
 50
64.231
 51
69.164
  0
ARC
  8
APS_GEOMETRY
 10
251.374
 20
232.157
 40
0.819
 50
34.939
 51
64.068
  0
ARC
  8
APS_GEOMETRY
 10
251.574
 20
232.297
 40
0.575
 50
360.0
 51
34.939
  0
ARC
  8
APS_GEOMETRY
 10
251.451
 20
232.297
 40
0.698
 50
333.435
 51
360.0
  0
ARC
  8
APS_GEOMETRY
 10
251.405
 20
232.32
 40
0.749
 50
307.807
 51
333.435
  0
ARC
  8
APS_GEOMETRY
 10
251.286
 20
232.473
 40
0.943
 50
296.732
 51
307.786
  0
ARC
  8
APS_GEOMETRY
 10
251.216
 20
232.613
 40
1.099
 50
286.496
 51
296.732
  0
ARC
  8
APS_GEOMETRY
 10
251.17
 20
232.769
 40
1.262
 50
277.544
 51
286.496
  0
ARC
  8
APS_GEOMETRY
 10
251.102
 20
233.279
 40
1.776
 50
270.0
 51
277.544
  0
ARC
  8
APS_GEOMETRY
 10
251.102
 20
233.356
 40
1.854
 50
263.555
 51
270.0
  0
ARC
  8
APS_GEOMETRY
 10
251.162
 20
233.887
 40
2.388
 50
257.878
 51
263.555
  0
ARC
  8
APS_GEOMETRY
 10
251.131
 20
233.739
 40
2.236
 50
254.839
 51
257.878
  0
ARC
  8
APS_GEOMETRY
 10
250.872
 20
232.785
 40
1.249
 50
250.772
 51
254.839
  0
ARC
  8
APS_GEOMETRY
 10
250.756
 20
232.452
 40
0.896
 50
245.121
 51
250.772
  0
ARC
  8
APS_GEOMETRY
 10
250.559
 20
232.028
 40
0.428
 50
236.944
 51
245.121
  0
ARC
  8
APS_GEOMETRY
 10
250.443
 20
231.845
 40
0.212
 50
211.802
 51
236.31
  0
ARC
  8
APS_GEOMETRY
 10
250.995
 20
232.187
 40
0.861
 50
199.704
 51
211.802
  0
ARC
  8
APS_GEOMETRY
 10
251.258
 20
232.282
 40
1.14
 50
190.413
 51
199.704
  0
ARC
  8
APS_GEOMETRY
 10
251.03
 20
232.24
 40
0.908
 50
180.0
 51
190.413
  0
ARC
  8
APS_GEOMETRY
 10
250.415
 20
232.24
 40
0.293
 50
164.876
 51
180.0
  0
ARC
  8
APS_GEOMETRY
 10
250.249
 20
232.284
 40
0.122
 50
141.34
 51
164.876
  0
ARC
  8
APS_GEOMETRY
 10
250.265
 20
232.274
 40
0.141
 50
116.928
 51
142.001
  0
ARC
  8
APS_GEOMETRY
 10
250.257
 20
232.29
 40
0.123
 50
90.0
 51
116.928
  0
ARC
  8
APS_GEOMETRY
 10
250.257
 20
232.29
 40
0.123
 50
62.21
 51
90.0
  0
ARC
  8
APS_GEOMETRY
 10
250.208
 20
232.196
 40
0.229
 50
41.906
 51
62.21
  0
ARC
  8
APS_GEOMETRY
 10
250.216
 20
232.195
 40
0.224
 50
37.313
 51
43.668
  0
ARC
  8
APS_GEOMETRY
 10
248.963
 20
231.239
 40
1.8
 50
35.074
 51
37.313
  0
ARC
  8
APS_GEOMETRY
 10
247.539
 20
230.24
 40
3.539
 50
33.934
 51
35.074
  0
ARC
  8
APS_GEOMETRY
 10
242.465
 20
226.826
 40
9.655
 50
33.243
 51
33.934
  0
ARC
  8
APS_GEOMETRY
 10
250.821
 20
232.304
 40
0.336
 50
213.453
 51
231.637
  0
ARC
  8
APS_GEOMETRY
 10
250.979
 20
232.505
 40
0.592
 50
231.637
 51
245.313
  0
ARC
  8
APS_GEOMETRY
 10
251.014
 20
232.581
 40
0.676
 50
245.313
 51
257.398
  0
ARC
  8
APS_GEOMETRY
 10
251.003
 20
232.528
 40
0.622
 50
257.398
 51
270.0
  0
ARC
  8
APS_GEOMETRY
 10
251.003
 20
232.431
 40
0.525
 50
270.0
 51
282.907
  0
ARC
  8
APS_GEOMETRY
 10
251.059
 20
232.185
 40
0.272
 50
282.907
 51
300.872
  0
ARC
  8
APS_GEOMETRY
 10
251.108
 20
232.103
 40
0.177
 50
300.872
 51
326.876
  0
ARC
  8
APS_GEOMETRY
 10
251.164
 20
232.066
 40
0.11
 50
326.876
 51
0.0
  0
ARC
  8
APS_GEOMETRY
 10
251.148
 20
232.066
 40
0.127
 50
0.0
 51
27.553
  0
ARC
  8
APS_GEOMETRY
 10
251.108
 20
232.045
 40
0.172
 50
27.553
 51
51.147
  0
ARC
  8
APS_GEOMETRY
 10
251.025
 20
231.943
 40
0.304
 50
51.147
 51
65.225
  0
ARC
  8
APS_GEOMETRY
 10
250.72
 20
231.282
 40
1.032
 50
65.225
 51
72.848
  0
ARC
  8
APS_GEOMETRY
 10
252.502
 20
236.963
 40
4.923
 50
251.106
 51
252.532
  0
ARC
  8
APS_GEOMETRY
 10
251.871
 20
235.12
 40
2.975
 50
249.271
 51
251.106
  0
ARC
  8
APS_GEOMETRY
 10
251.609
 20
234.427
 40
2.234
 50
246.83
 51
249.271
  0
ARC
  8
APS_GEOMETRY
 10
251.184
 20
233.436
 40
1.156
 50
243.435
 51
246.83
  0
ARC
  8
APS_GEOMETRY
 10
251.136
 20
233.34
 40
1.048
 50
235.981
 51
243.435
  0
ARC
  8
APS_GEOMETRY
 10
251.173
 20
233.395
 40
1.114
 50
228.752
 51
235.981
  0
ARC
  8
APS_GEOMETRY
 10
251.0
 20
233.19
 40
0.846
 50
206.421
 51
228.457
  0
ARC
  8
APS_GEOMETRY
 10
250.772
 20
233.077
 40
0.592
 50
180.0
 51
206.421
  0
ARC
  8
APS_GEOMETRY
 10
250.783
 20
233.077
 40
0.602
 50
166.555
 51
180.0
  0
ARC
  8
APS_GEOMETRY
 10
250.852
 20
233.06
 40
0.674
 50
153.848
 51
166.555
  0
ARC
  8
APS_GEOMETRY
 10
250.858
 20
233.057
 40
0.681
 50
141.244
 51
153.848
  0
ARC
  8
APS_GEOMETRY
 10
250.901
 20
233.023
 40
0.736
 50
129.123
 51
141.244
  0
ARC
  8
APS_GEOMETRY
 10
251.039
 20
232.876
 40
0.936
 50
108.978
 51
130.006
  0
ARC
  8
APS_GEOMETRY
 10
251.107
 20
232.677
 40
1.147
 50
90.0
 51
108.978
  0
ARC
  8
APS_GEOMETRY
 10
253.607
 20
232.761
 40
1.063
 50
77.257
 51
90.0
  0
ARC
  8
APS_GEOMETRY
 10
253.596
 20
232.713
 40
1.112
 50
64.799
 51
77.257
  0
ARC
  8
APS_GEOMETRY
 10
254.512
 20
234.663
 40
1.042
 50
244.885
 51
251.175
  0
ARC
  8
APS_GEOMETRY
 10
254.213
 20
233.788
 40
0.117
 50
251.175
 51
270.0
  0
ARC
  8
APS_GEOMETRY
 10
254.213
 20
233.861
 40
0.19
 50
270.0
 51
278.82
  0
ARC
  8
APS_GEOMETRY
 10
254.091
 20
234.653
 40
0.992
 50
278.82
 51
282.68
  0
ARC
  8
APS_GEOMETRY
 10
254.348
 20
233.514
 40
0.176
 50
95.906
 51
102.995
  0
ARC
  8
APS_GEOMETRY
 10
254.356
 20
233.437
 40
0.253
 50
90.0
 51
95.906
  0
ARC
  8
APS_GEOMETRY
 10
254.356
 20
233.522
 40
0.168
 50
62.447
 51
90.0
  0
ARC
  8
APS_GEOMETRY
 10
254.326
 20
233.465
 40
0.232
 50
39.094
 51
62.447
  0
ARC
  8
APS_GEOMETRY
 10
254.014
 20
233.204
 40
0.639
 50
18.435
 51
39.611
  0
ARC
  8
APS_GEOMETRY
 10
253.823
 20
233.141
 40
0.84
 50
360.0
 51
18.435
  0
ARC
  8
APS_GEOMETRY
 10
254.247
 20
233.141
 40
0.417
 50
334.877
 51
360.0
  0
ARC
  8
APS_GEOMETRY
 10
254.372
 20
233.082
 40
0.278
 50
304.007
 51
334.877
  0
ARC
  8
APS_GEOMETRY
 10
254.37
 20
233.088
 40
0.284
 50
286.39
 51
303.69
  0
ARC
  8
APS_GEOMETRY
 10
254.361
 20
233.119
 40
0.317
 50
270.0
 51
286.39
  0
ARC
  8
APS_GEOMETRY
 10
254.361
 20
233.115
 40
0.313
 50
255.155
 51
270.0
  0
ARC
  8
APS_GEOMETRY
 10
254.326
 20
232.986
 40
0.179
 50
235.491
 51
255.155
  0
ARC
  8
APS_GEOMETRY
 10
254.344
 20
233.011
 40
0.209
 50
218.48
 51
235.491
  0
ARC
  8
APS_GEOMETRY
 10
254.625
 20
233.234
 40
0.568
 50
208.179
 51
218.48
  0
ARC
  8
APS_GEOMETRY
 10
251.743
 20
231.67
 40
2.71
 50
28.56
 51
31.664
  0
ARC
  8
APS_GEOMETRY
 10
253.504
 20
232.756
 40
0.641
 50
31.664
 51
38.047
  0
ARC
  8
APS_GEOMETRY
 10
253.632
 20
232.856
 40
0.479
 50
38.047
 51
46.56
  0
ARC
  8
APS_GEOMETRY
 10
253.565
 20
232.786
 40
0.576
 50
46.56
 51
54.324
  0
ARC
  8
APS_GEOMETRY
 10
253.527
 20
232.72
 40
0.652
 50
54.968
 51
71.48
  0
ARC
  8
APS_GEOMETRY
 10
253.569
 20
232.846
 40
0.519
 50
71.48
 51
90.0
  0
ARC
  8
APS_GEOMETRY
 10
253.569
 20
233.002
 40
0.363
 50
90.0
 51
114.63
  0
ARC
  8
APS_GEOMETRY
 10
253.551
 20
233.042
 40
0.319
 50
114.63
 51
140.921
  0
ARC
  8
APS_GEOMETRY
 10
253.605
 20
232.998
 40
0.388
 50
140.921
 51
163.13
  0
ARC
  8
APS_GEOMETRY
 10
253.874
 20
232.917
 40
0.669
 50
163.13
 51
180.0
  0
ARC
  8
APS_GEOMETRY
 10
254.222
 20
232.917
 40
1.018
 50
180.0
 51
195.44
  0
ARC
  8
APS_GEOMETRY
 10
254.169
 20
232.902
 40
0.963
 50
195.44
 51
211.316
  0
ARC
  8
APS_GEOMETRY
 10
253.915
 20
232.752
 40
0.668
 50
211.708
 51
240.457
  0
ARC
  8
APS_GEOMETRY
 10
253.898
 20
232.722
 40
0.633
 50
240.457
 51
270.0
  0
ARC
  8
APS_GEOMETRY
 10
253.898
 20
232.877
 40
0.788
 50
270.0
 51
279.549
  0
ARC
  8
APS_GEOMETRY
 10
253.888
 20
232.935
 40
0.847
 50
279.549
 51
288.759
  0
ARC
  8
APS_GEOMETRY
 10
253.929
 20
232.813
 40
0.718
 50
288.759
 51
299.545
  0
ARC
  8
APS_GEOMETRY
 10
254.095
 20
232.521
 40
0.383
 50
299.545
 51
314.341
  0
ARC
  8
APS_GEOMETRY
 10
254.607
 20
231.99
 40
0.355
 50
120.141
 51
133.452
  0
ARC
  8
APS_GEOMETRY
 10
254.464
 20
232.236
 40
0.071
 50
90.0
 51
120.141
  0
ARC
  8
APS_GEOMETRY
 10
254.464
 20
232.195
 40
0.111
 50
61.952
 51
90.0
  0
ARC
  8
APS_GEOMETRY
 10
254.447
 20
232.164
 40
0.147
 50
37.569
 51
61.952
  0
ARC
  8
APS_GEOMETRY
 10
254.416
 20
232.14
 40
0.186
 50
17.665
 51
37.569
  0
ARC
  8
APS_GEOMETRY
 10
254.369
 20
232.125
 40
0.235
 50
360.0
 51
17.665
  0
ARC
  8
APS_GEOMETRY
 10
254.25
 20
232.125
 40
0.354
 50
344.932
 51
0.0
  0
ARC
  8
APS_GEOMETRY
 10
253.935
 20
232.21
 40
0.68
 50
334.075
 51
344.932
  0
ARC
  8
APS_GEOMETRY
 10
253.925
 20
232.215
 40
0.691
 50
323.374
 51
334.075
  0
ARC
  8
APS_GEOMETRY
 10
254.129
 20
232.064
 40
0.438
 50
309.92
 51
323.374
  0
ARC
  8
APS_GEOMETRY
 10
254.332
 20
231.824
 40
0.124
 50
289.026
 51
308.991
  0
ARC
  8
APS_GEOMETRY
 10
254.115
 20
232.452
 40
0.789
 50
281.143
 51
289.026
  0
ARC
  8
APS_GEOMETRY
 10
254.335
 20
231.313
 40
0.372
 50
100.437
 51
110.12
  0
ARC
  8
APS_GEOMETRY
 10
254.626
 20
230.519
 40
1.218
 50
110.12
 51
115.463
  0
ARC
  8
APS_GEOMETRY
 10
253.587
 20
232.693
 40
1.192
 50
282.94
 51
295.628
  0
ARC
  8
APS_GEOMETRY
 10
253.597
 20
232.648
 40
1.146
 50
270.0
 51
282.94
  0
ARC
  8
APS_GEOMETRY
 10
253.597
 20
232.716
 40
1.214
 50
257.307
 51
270.0
  0
ARC
  8
APS_GEOMETRY
 10
253.648
 20
232.943
 40
1.447
 50
245.686
 51
257.307
  0
ARC
  8
APS_GEOMETRY
 10
253.52
 20
232.661
 40
1.137
 50
228.801
 51
245.735
  0
ARC
  8
APS_GEOMETRY
 10
253.522
 20
232.664
 40
1.14
 50
211.891
 51
228.801
  0
ARC
  8
APS_GEOMETRY
 10
253.589
 20
232.712
 40
1.223
 50
196.728
 51
212.152
  0
ARC
  8
APS_GEOMETRY
 10
253.415
 20
232.66
 40
1.041
 50
180.0
 51
196.728
  0
ARC
  8
APS_GEOMETRY
 10
253.44
 20
232.66
 40
1.066
 50
161.184
 51
180.0
  0
ARC
  8
APS_GEOMETRY
 10
253.509
 20
232.637
 40
1.139
 50
142.98
 51
161.184
  0
ARC
  8
APS_GEOMETRY
 10
253.562
 20
232.596
 40
1.206
 50
127.824
 51
142.958
  0
ARC
  8
APS_GEOMETRY
 10
253.65
 20
232.483
 40
1.349
 50
113.52
 51
127.824
  0
ARC
  8
APS_GEOMETRY
 10
253.621
 20
232.549
 40
1.277
 50
101.927
 51
113.527
  0
ARC
  8
APS_GEOMETRY
 10
253.607
 20
232.616
 40
1.208
 50
90.0
 51
101.927
  0
ARC
  8
APS_GEOMETRY
 10
256.131
 20
232.535
 40
1.289
 50
71.91
 51
90.0
  0
ARC
  8
APS_GEOMETRY
 10
256.181
 20
232.688
 40
1.128
 50
52.561
 51
71.91
  0
ARC
  8
APS_GEOMETRY
 10
256.168
 20
232.684
 40
1.139
 50
38.846
 51
52.156
  0
ARC
  8
APS_GEOMETRY
 10
255.989
 20
232.54
 40
1.369
 50
26.707
 51
38.846
  0
ARC
  8
APS_GEOMETRY
 10
256.024
 20
232.569
 40
1.324
 50
13.868
 51
26.278
  0
ARC
  8
APS_GEOMETRY
 10
256.279
 20
232.632
 40
1.061
 50
360.0
 51
13.868
  0
ARC
  8
APS_GEOMETRY
 10
256.296
 20
232.632
 40
1.045
 50
339.712
 51
360.0
  0
ARC
  8
APS_GEOMETRY
 10
256.237
 20
232.654
 40
1.108
 50
320.013
 51
339.712
  0
ARC
  8
APS_GEOMETRY
 10
256.227
 20
232.659
 40
1.119
 50
303.344
 51
320.123
  0
ARC
  8
APS_GEOMETRY
 10
256.113
 20
232.834
 40
1.327
 50
287.949
 51
303.344
  0
ARC
  8
APS_GEOMETRY
 10
256.075
 20
232.964
 40
1.463
 50
279.039
 51
287.776
  0
ARC
  8
APS_GEOMETRY
 10
256.09
 20
232.869
 40
1.367
 50
270.0
 51
279.039
  0
ARC
  8
APS_GEOMETRY
 10
256.09
 20
232.803
 40
1.301
 50
257.728
 51
270.0
  0
ARC
  8
APS_GEOMETRY
 10
256.092
 20
232.812
 40
1.31
 50
245.501
 51
257.728
  0
ARC
  8
APS_GEOMETRY
 10
256.018
 20
232.651
 40
1.133
 50
228.665
 51
245.511
  0
ARC
  8
APS_GEOMETRY
 10
255.994
 20
232.623
 40
1.096
 50
211.535
 51
228.665
  0
ARC
  8
APS_GEOMETRY
 10
256.026
 20
232.647
 40
1.136
 50
195.642
 51
211.701
  0
ARC
  8
APS_GEOMETRY
 10
256.085
 20
232.663
 40
1.197
 50
180.0
 51
195.642
  0
ARC
  8
APS_GEOMETRY
 10
256.097
 20
232.663
 40
1.209
 50
162.181
 51
180.0
  0
ARC
  8
APS_GEOMETRY
 10
255.987
 20
232.699
 40
1.093
 50
143.434
 51
162.181
  0
ARC
  8
APS_GEOMETRY
 10
255.972
 20
232.71
 40
1.074
 50
126.384
 51
143.471
  0
ARC
  8
APS_GEOMETRY
 10
256.074
 20
232.572
 40
1.246
 50
110.525
 51
126.384
  0
ARC
  8
APS_GEOMETRY
 10
256.069
 20
232.61
 40
1.209
 50
99.77
 51
110.925
  0
ARC
  8
APS_GEOMETRY
 10
256.131
 20
232.249
 40
1.575
 50
90.0
 51
99.77
  0
ARC
  8
APS_GEOMETRY
 10
255.976
 20
233.114
 40
0.24
 50
90.0
 51
119.604
  0
ARC
  8
APS_GEOMETRY
 10
255.997
 20
233.077
 40
0.283
 50
119.604
 51
146.842
  0
ARC
  8
APS_GEOMETRY
 10
256.039
 20
233.043
 40
0.337
 50
145.84
 51
164.055
  0
ARC
  8
APS_GEOMETRY
 10
256.137
 20
233.015
 40
0.439
 50
164.055
 51
180.0
  0
ARC
  8
APS_GEOMETRY
 10
256.75
 20
233.015
 40
1.053
 50
180.0
 51
189.977
  0
ARC
  8
APS_GEOMETRY
 10
257.683
 20
233.179
 40
2.0
 50
189.977
 51
197.211
  0
ARC
  8
APS_GEOMETRY
 10
257.887
 20
233.242
 40
2.213
 50
197.211
 51
203.76
  0
ARC
  8
APS_GEOMETRY
 10
257.379
 20
233.018
 40
1.658
 50
203.76
 51
211.329
  0
ARC
  8
APS_GEOMETRY
 10
256.335
 20
232.392
 40
0.441
 50
212.32
 51
224.441
  0
ARC
  8
APS_GEOMETRY
 10
256.292
 20
232.35
 40
0.381
 50
224.441
 51
237.484
  0
ARC
  8
APS_GEOMETRY
 10
256.265
 20
232.307
 40
0.33
 50
237.484
 51
252.416
  0
ARC
  8
APS_GEOMETRY
 10
256.237
 20
232.22
 40
0.238
 50
252.416
 51
270.0
  0
ARC
  8
APS_GEOMETRY
 10
256.237
 20
232.248
 40
0.267
 50
270.0
 51
294.953
  0
ARC
  8
APS_GEOMETRY
 10
256.245
 20
232.232
 40
0.249
 50
294.953
 51
320.793
  0
ARC
  8
APS_GEOMETRY
 10
256.205
 20
232.264
 40
0.301
 50
320.793
 51
342.777
  0
ARC
  8
APS_GEOMETRY
 10
256.026
 20
232.32
 40
0.487
 50
342.777
 51
0.0
  0
ARC
  8
APS_GEOMETRY
 10
255.188
 20
232.32
 40
1.325
 50
0.0
 51
8.499
  0
ARC
  8
APS_GEOMETRY
 10
254.605
 20
232.233
 40
1.915
 50
8.499
 51
15.566
  0
ARC
  8
APS_GEOMETRY
 10
254.675
 20
232.252
 40
1.842
 50
15.566
 51
22.909
  0
ARC
  8
APS_GEOMETRY
 10
255.278
 20
232.507
 40
1.188
 50
22.909
 51
32.057
  0
ARC
  8
APS_GEOMETRY
 10
255.752
 20
232.805
 40
0.628
 50
31.921
 51
42.51
  0
ARC
  8
APS_GEOMETRY
 10
255.882
 20
232.925
 40
0.451
 50
42.51
 51
55.008
  0
ARC
  8
APS_GEOMETRY
 10
255.926
 20
232.988
 40
0.374
 50
55.008
 51
69.88
  0
ARC
  8
APS_GEOMETRY
 10
255.965
 20
233.095
 40
0.26
 50
69.88
 51
87.754
  0
ARC
  8
APS_GEOMETRY
 10
258.799
 20
232.761
 40
1.063
 50
77.257
 51
90.0
  0
ARC
  8
APS_GEOMETRY
 10
258.788
 20
232.713
 40
1.112
 50
64.799
 51
77.257
  0
ARC
  8
APS_GEOMETRY
 10
259.704
 20
234.663
 40
1.042
 50
244.885
 51
251.175
  0
ARC
  8
APS_GEOMETRY
 10
259.405
 20
233.788
 40
0.117
 50
251.175
 51
270.0
  0
ARC
  8
APS_GEOMETRY
 10
259.405
 20
233.861
 40
0.19
 50
270.0
 51
278.82
  0
ARC
  8
APS_GEOMETRY
 10
259.283
 20
234.653
 40
0.992
 50
278.82
 51
282.68
  0
ARC
  8
APS_GEOMETRY
 10
259.54
 20
233.514
 40
0.176
 50
95.906
 51
102.995
  0
ARC
  8
APS_GEOMETRY
 10
259.548
 20
233.437
 40
0.253
 50
90.0
 51
95.906
  0
ARC
  8
APS_GEOMETRY
 10
259.548
 20
233.522
 40
0.168
 50
62.447
 51
90.0
  0
ARC
  8
APS_GEOMETRY
 10
259.518
 20
233.465
 40
0.232
 50
39.094
 51
62.447
  0
ARC
  8
APS_GEOMETRY
 10
259.206
 20
233.204
 40
0.639
 50
18.435
 51
39.611
  0
ARC
  8
APS_GEOMETRY
 10
259.015
 20
233.141
 40
0.84
 50
360.0
 51
18.435
  0
ARC
  8
APS_GEOMETRY
 10
259.439
 20
233.141
 40
0.417
 50
334.877
 51
360.0
  0
ARC
  8
APS_GEOMETRY
 10
259.564
 20
233.082
 40
0.278
 50
304.007
 51
334.877
  0
ARC
  8
APS_GEOMETRY
 10
259.562
 20
233.088
 40
0.284
 50
286.39
 51
303.69
  0
ARC
  8
APS_GEOMETRY
 10
259.553
 20
233.119
 40
0.317
 50
270.0
 51
286.39
  0
ARC
  8
APS_GEOMETRY
 10
259.553
 20
233.115
 40
0.313
 50
255.155
 51
270.0
  0
ARC
  8
APS_GEOMETRY
 10
259.518
 20
232.986
 40
0.179
 50
235.491
 51
255.155
  0
ARC
  8
APS_GEOMETRY
 10
259.536
 20
233.011
 40
0.209
 50
218.48
 51
235.491
  0
ARC
  8
APS_GEOMETRY
 10
259.817
 20
233.234
 40
0.568
 50
208.179
 51
218.48
  0
ARC
  8
APS_GEOMETRY
 10
256.935
 20
231.67
 40
2.71
 50
28.56
 51
31.664
  0
ARC
  8
APS_GEOMETRY
 10
258.696
 20
232.756
 40
0.641
 50
31.664
 51
38.047
  0
ARC
  8
APS_GEOMETRY
 10
258.824
 20
232.856
 40
0.479
 50
38.047
 51
46.56
  0
ARC
  8
APS_GEOMETRY
 10
258.757
 20
232.786
 40
0.576
 50
46.56
 51
54.324
  0
ARC
  8
APS_GEOMETRY
 10
258.719
 20
232.72
 40
0.652
 50
54.968
 51
71.48
  0
ARC
  8
APS_GEOMETRY
 10
258.761
 20
232.846
 40
0.519
 50
71.48
 51
90.0
  0
ARC
  8
APS_GEOMETRY
 10
258.761
 20
233.002
 40
0.363
 50
90.0
 51
114.63
  0
ARC
  8
APS_GEOMETRY
 10
258.743
 20
233.042
 40
0.319
 50
114.63
 51
140.921
  0
ARC
  8
APS_GEOMETRY
 10
258.797
 20
232.998
 40
0.388
 50
140.921
 51
163.13
  0
ARC
  8
APS_GEOMETRY
 10
259.066
 20
232.917
 40
0.669
 50
163.13
 51
180.0
  0
ARC
  8
APS_GEOMETRY
 10
259.414
 20
232.917
 40
1.018
 50
180.0
 51
195.44
  0
ARC
  8
APS_GEOMETRY
 10
259.361
 20
232.902
 40
0.963
 50
195.44
 51
211.316
  0
ARC
  8
APS_GEOMETRY
 10
259.107
 20
232.752
 40
0.668
 50
211.708
 51
240.457
  0
ARC
  8
APS_GEOMETRY
 10
259.09
 20
232.722
 40
0.633
 50
240.457
 51
270.0
  0
ARC
  8
APS_GEOMETRY
 10
259.09
 20
232.877
 40
0.788
 50
270.0
 51
279.549
  0
ARC
  8
APS_GEOMETRY
 10
259.08
 20
232.935
 40
0.847
 50
279.549
 51
288.759
  0
ARC
  8
APS_GEOMETRY
 10
259.121
 20
232.813
 40
0.718
 50
288.759
 51
299.545
  0
ARC
  8
APS_GEOMETRY
 10
259.287
 20
232.521
 40
0.383
 50
299.545
 51
314.341
  0
ARC
  8
APS_GEOMETRY
 10
259.799
 20
231.99
 40
0.355
 50
120.141
 51
133.452
  0
ARC
  8
APS_GEOMETRY
 10
259.656
 20
232.236
 40
0.071
 50
90.0
 51
120.141
  0
ARC
  8
APS_GEOMETRY
 10
259.656
 20
232.195
 40
0.111
 50
61.952
 51
90.0
  0
ARC
  8
APS_GEOMETRY
 10
259.639
 20
232.164
 40
0.147
 50
37.569
 51
61.952
  0
ARC
  8
APS_GEOMETRY
 10
259.608
 20
232.14
 40
0.186
 50
17.665
 51
37.569
  0
ARC
  8
APS_GEOMETRY
 10
259.561
 20
232.125
 40
0.235
 50
360.0
 51
17.665
  0
ARC
  8
APS_GEOMETRY
 10
259.442
 20
232.125
 40
0.354
 50
344.932
 51
0.0
  0
ARC
  8
APS_GEOMETRY
 10
259.127
 20
232.21
 40
0.68
 50
334.075
 51
344.932
  0
ARC
  8
APS_GEOMETRY
 10
259.117
 20
232.215
 40
0.691
 50
323.374
 51
334.075
  0
ARC
  8
APS_GEOMETRY
 10
259.321
 20
232.064
 40
0.438
 50
309.92
 51
323.374
  0
ARC
  8
APS_GEOMETRY
 10
259.524
 20
231.824
 40
0.124
 50
289.026
 51
308.991
  0
ARC
  8
APS_GEOMETRY
 10
259.307
 20
232.452
 40
0.789
 50
281.143
 51
289.026
  0
ARC
  8
APS_GEOMETRY
 10
259.527
 20
231.313
 40
0.372
 50
100.437
 51
110.12
  0
ARC
  8
APS_GEOMETRY
 10
259.818
 20
230.519
 40
1.218
 50
110.12
 51
115.463
  0
ARC
  8
APS_GEOMETRY
 10
258.779
 20
232.693
 40
1.192
 50
282.94
 51
295.628
  0
ARC
  8
APS_GEOMETRY
 10
258.789
 20
232.648
 40
1.146
 50
270.0
 51
282.94
  0
ARC
  8
APS_GEOMETRY
 10
258.789
 20
232.716
 40
1.214
 50
257.307
 51
270.0
  0
ARC
  8
APS_GEOMETRY
 10
258.84
 20
232.943
 40
1.447
 50
245.686
 51
257.307
  0
ARC
  8
APS_GEOMETRY
 10
258.712
 20
232.661
 40
1.137
 50
228.801
 51
245.735
  0
ARC
  8
APS_GEOMETRY
 10
258.714
 20
232.664
 40
1.14
 50
211.891
 51
228.801
  0
ARC
  8
APS_GEOMETRY
 10
258.781
 20
232.712
 40
1.223
 50
196.728
 51
212.152
  0
ARC
  8
APS_GEOMETRY
 10
258.607
 20
232.66
 40
1.041
 50
180.0
 51
196.728
  0
ARC
  8
APS_GEOMETRY
 10
258.632
 20
232.66
 40
1.066
 50
161.184
 51
180.0
  0
ARC
  8
APS_GEOMETRY
 10
258.701
 20
232.637
 40
1.139
 50
142.98
 51
161.184
  0
ARC
  8
APS_GEOMETRY
 10
258.754
 20
232.596
 40
1.206
 50
127.824
 51
142.958
  0
ARC
  8
APS_GEOMETRY
 10
258.842
 20
232.483
 40
1.349
 50
113.52
 51
127.824
  0
ARC
  8
APS_GEOMETRY
 10
258.813
 20
232.549
 40
1.277
 50
101.927
 51
113.527
  0
ARC
  8
APS_GEOMETRY
 10
258.799
 20
232.616
 40
1.208
 50
90.0
 51
101.927
  0
ARC
  8
APS_GEOMETRY
 10
261.323
 20
232.535
 40
1.289
 50
71.91
 51
90.0
  0
ARC
  8
APS_GEOMETRY
 10
261.373
 20
232.688
 40
1.128
 50
52.561
 51
71.91
  0
ARC
  8
APS_GEOMETRY
 10
261.36
 20
232.684
 40
1.139
 50
38.846
 51
52.156
  0
ARC
  8
APS_GEOMETRY
 10
261.181
 20
232.54
 40
1.369
 50
26.707
 51
38.846
  0
ARC
  8
APS_GEOMETRY
 10
261.217
 20
232.569
 40
1.324
 50
13.868
 51
26.278
  0
ARC
  8
APS_GEOMETRY
 10
261.471
 20
232.632
 40
1.061
 50
360.0
 51
13.868
  0
ARC
  8
APS_GEOMETRY
 10
261.488
 20
232.632
 40
1.045
 50
339.712
 51
360.0
  0
ARC
  8
APS_GEOMETRY
 10
261.429
 20
232.654
 40
1.108
 50
320.013
 51
339.712
  0
ARC
  8
APS_GEOMETRY
 10
261.419
 20
232.659
 40
1.119
 50
303.344
 51
320.123
  0
ARC
  8
APS_GEOMETRY
 10
261.305
 20
232.834
 40
1.327
 50
287.949
 51
303.344
  0
ARC
  8
APS_GEOMETRY
 10
261.267
 20
232.964
 40
1.463
 50
279.039
 51
287.776
  0
ARC
  8
APS_GEOMETRY
 10
261.282
 20
232.869
 40
1.367
 50
270.0
 51
279.039
  0
ARC
  8
APS_GEOMETRY
 10
261.282
 20
232.803
 40
1.301
 50
257.728
 51
270.0
  0
ARC
  8
APS_GEOMETRY
 10
261.284
 20
232.812
 40
1.31
 50
245.501
 51
257.728
  0
ARC
  8
APS_GEOMETRY
 10
261.21
 20
232.651
 40
1.133
 50
228.665
 51
245.511
  0
ARC
  8
APS_GEOMETRY
 10
261.186
 20
232.623
 40
1.096
 50
211.535
 51
228.665
  0
ARC
  8
APS_GEOMETRY
 10
261.218
 20
232.647
 40
1.136
 50
195.642
 51
211.701
  0
ARC
  8
APS_GEOMETRY
 10
261.277
 20
232.663
 40
1.197
 50
180.0
 51
195.642
  0
ARC
  8
APS_GEOMETRY
 10
261.289
 20
232.663
 40
1.209
 50
162.181
 51
180.0
  0
ARC
  8
APS_GEOMETRY
 10
261.179
 20
232.699
 40
1.093
 50
143.434
 51
162.181
  0
ARC
  8
APS_GEOMETRY
 10
261.164
 20
232.71
 40
1.074
 50
126.384
 51
143.471
  0
ARC
  8
APS_GEOMETRY
 10
261.266
 20
232.572
 40
1.246
 50
110.525
 51
126.384
  0
ARC
  8
APS_GEOMETRY
 10
261.261
 20
232.61
 40
1.209
 50
99.77
 51
110.925
  0
ARC
  8
APS_GEOMETRY
 10
261.323
 20
232.249
 40
1.575
 50
90.0
 51
99.77
  0
ARC
  8
APS_GEOMETRY
 10
261.168
 20
233.114
 40
0.24
 50
90.0
 51
119.604
  0
ARC
  8
APS_GEOMETRY
 10
261.189
 20
233.077
 40
0.283
 50
119.604
 51
146.842
  0
ARC
  8
APS_GEOMETRY
 10
261.231
 20
233.043
 40
0.337
 50
145.84
 51
164.055
  0
ARC
  8
APS_GEOMETRY
 10
261.329
 20
233.015
 40
0.439
 50
164.055
 51
180.0
  0
ARC
  8
APS_GEOMETRY
 10
261.942
 20
233.015
 40
1.053
 50
180.0
 51
189.977
  0
ARC
  8
APS_GEOMETRY
 10
262.875
 20
233.179
 40
2.0
 50
189.977
 51
197.211
  0
ARC
  8
APS_GEOMETRY
 10
263.079
 20
233.242
 40
2.213
 50
197.211
 51
203.76
  0
ARC
  8
APS_GEOMETRY
 10
262.571
 20
233.018
 40
1.658
 50
203.76
 51
211.329
  0
ARC
  8
APS_GEOMETRY
 10
261.527
 20
232.392
 40
0.441
 50
212.32
 51
224.441
  0
ARC
  8
APS_GEOMETRY
 10
261.484
 20
232.35
 40
0.381
 50
224.441
 51
237.484
  0
ARC
  8
APS_GEOMETRY
 10
261.457
 20
232.307
 40
0.33
 50
237.484
 51
252.416
  0
ARC
  8
APS_GEOMETRY
 10
261.429
 20
232.22
 40
0.238
 50
252.416
 51
270.0
  0
ARC
  8
APS_GEOMETRY
 10
261.429
 20
232.248
 40
0.267
 50
270.0
 51
294.953
  0
ARC
  8
APS_GEOMETRY
 10
261.437
 20
232.232
 40
0.249
 50
294.953
 51
320.793
  0
ARC
  8
APS_GEOMETRY
 10
261.397
 20
232.264
 40
0.301
 50
320.793
 51
342.777
  0
ARC
  8
APS_GEOMETRY
 10
261.218
 20
232.32
 40
0.487
 50
342.777
 51
0.0
  0
ARC
  8
APS_GEOMETRY
 10
260.38
 20
232.32
 40
1.325
 50
0.0
 51
8.499
  0
ARC
  8
APS_GEOMETRY
 10
259.797
 20
232.233
 40
1.915
 50
8.499
 51
15.566
  0
ARC
  8
APS_GEOMETRY
 10
259.867
 20
232.252
 40
1.842
 50
15.566
 51
22.909
  0
ARC
  8
APS_GEOMETRY
 10
260.47
 20
232.507
 40
1.188
 50
22.909
 51
32.057
  0
ARC
  8
APS_GEOMETRY
 10
260.944
 20
232.805
 40
0.628
 50
31.921
 51
42.51
  0
ARC
  8
APS_GEOMETRY
 10
261.074
 20
232.925
 40
0.451
 50
42.51
 51
55.008
  0
ARC
  8
APS_GEOMETRY
 10
261.118
 20
232.988
 40
0.374
 50
55.008
 51
69.88
  0
ARC
  8
APS_GEOMETRY
 10
261.157
 20
233.095
 40
0.26
 50
69.88
 51
87.754
  0
ARC
  8
APS_GEOMETRY
 10
263.849
 20
232.364
 40
0.121
 50
90.0
 51
115.837
  0
ARC
  8
APS_GEOMETRY
 10
263.819
 20
232.425
 40
0.053
 50
115.837
 51
155.462
  0
ARC
  8
APS_GEOMETRY
 10
263.854
 20
232.41
 40
0.091
 50
155.462
 51
168.366
  0
ARC
  8
APS_GEOMETRY
 10
264.171
 20
232.344
 40
0.415
 50
168.366
 51
174.395
  0
ARC
  8
APS_GEOMETRY
 10
264.491
 20
232.313
 40
0.736
 50
174.395
 51
177.813
  0
ARC
  8
APS_GEOMETRY
 10
265.552
 20
232.272
 40
1.798
 50
177.813
 51
180.0
  0
ARC
  8
APS_GEOMETRY
 10
266.32
 20
232.272
 40
2.567
 50
180.0
 51
184.62
  0
ARC
  8
APS_GEOMETRY
 10
264.599
 20
232.133
 40
0.84
 50
184.62
 51
192.7
  0
ARC
  8
APS_GEOMETRY
 10
263.936
 20
231.988
 40
0.161
 50
194.036
 51
205.821
  0
ARC
  8
APS_GEOMETRY
 10
263.866
 20
231.954
 40
0.083
 50
205.821
 51
222.274
  0
ARC
  8
APS_GEOMETRY
 10
263.887
 20
231.973
 40
0.112
 50
222.274
 51
234.605
  0
ARC
  8
APS_GEOMETRY
 10
264.13
 20
232.315
 40
0.531
 50
234.605
 51
240.255
  0
ARC
  8
APS_GEOMETRY
 10
263.761
 20
231.661
 40
0.219
 50
34.592
 51
61.189
  0
ARC
  8
APS_GEOMETRY
 10
263.833
 20
231.711
 40
0.131
 50
360.0
 51
34.592
  0
ARC
  8
APS_GEOMETRY
 10
263.838
 20
231.711
 40
0.127
 50
318.231
 51
360.0
  0
ARC
  8
APS_GEOMETRY
 10
263.753
 20
231.787
 40
0.241
 50
288.227
 51
318.231
  0
ARC
  8
APS_GEOMETRY
 10
263.665
 20
232.055
 40
0.522
 50
280.377
 51
288.227
  0
ARC
  8
APS_GEOMETRY
 10
263.511
 20
232.893
 40
1.374
 50
275.541
 51
280.377
  0
ARC
  8
APS_GEOMETRY
 10
263.445
 20
233.575
 40
2.06
 50
272.304
 51
275.541
  0
ARC
  8
APS_GEOMETRY
 10
263.365
 20
235.577
 40
4.063
 50
270.0
 51
272.304
  0
ARC
  8
APS_GEOMETRY
 10
263.365
 20
233.904
 40
2.39
 50
262.811
 51
270.0
  0
ARC
  8
APS_GEOMETRY
 10
263.15
 20
232.203
 40
0.676
 50
249.274
 51
262.811
  0
ARC
  8
APS_GEOMETRY
 10
263.015
 20
231.847
 40
0.295
 50
221.379
 51
249.274
  0
ARC
  8
APS_GEOMETRY
 10
262.897
 20
231.743
 40
0.137
 50
180.0
 51
221.379
  0
ARC
  8
APS_GEOMETRY
 10
262.896
 20
231.743
 40
0.136
 50
164.055
 51
180.0
  0
ARC
  8
APS_GEOMETRY
 10
262.839
 20
231.759
 40
0.077
 50
142.815
 51
164.055
  0
ARC
  8
APS_GEOMETRY
 10
262.875
 20
231.732
 40
0.122
 50
129.007
 51
142.815
  0
ARC
  8
APS_GEOMETRY
 10
263.315
 20
231.189
 40
0.821
 50
123.69
 51
129.007
  0
ARC
  8
APS_GEOMETRY
 10
262.691
 20
232.128
 40
0.306
 50
303.389
 51
319.022
  0
ARC
  8
APS_GEOMETRY
 10
262.774
 20
232.056
 40
0.197
 50
319.022
 51
338.575
  0
ARC
  8
APS_GEOMETRY
 10
262.663
 20
232.099
 40
0.316
 50
338.575
 51
351.049
  0
ARC
  8
APS_GEOMETRY
 10
261.322
 20
232.31
 40
1.673
 50
351.049
 51
356.46
  0
ARC
  8
APS_GEOMETRY
 10
261.764
 20
232.293
 40
1.231
 50
355.972
 51
358.68
  0
ARC
  8
APS_GEOMETRY
 10
247.255
 20
232.628
 40
15.744
 50
358.68
 51
359.437
  0
LINE
  8
APS_GEOMETRY
 10
262.998
 11
262.999
 20
232.473
 21
232.719
  0
LINE
  8
APS_GEOMETRY
 10
262.999
 11
263.0
 20
232.719
 21
233.039
  0
ARC
  8
APS_GEOMETRY
 10
259.209
 20
233.039
 40
3.79
 50
360.0
 51
1.717
  0
ARC
  8
APS_GEOMETRY
 10
261.238
 20
233.1
 40
1.761
 50
1.717
 51
4.236
  0
ARC
  8
APS_GEOMETRY
 10
261.899
 20
233.149
 40
1.098
 50
4.236
 51
8.269
  0
ARC
  8
APS_GEOMETRY
 10
262.661
 20
233.26
 40
0.329
 50
8.269
 51
15.642
  0
ARC
  8
APS_GEOMETRY
 10
262.792
 20
233.296
 40
0.193
 50
15.642
 51
39.417
  0
ARC
  8
APS_GEOMETRY
 10
262.794
 20
233.299
 40
0.189
 50
39.417
 51
63.435
  0
ARC
  8
APS_GEOMETRY
 10
263.135
 20
234.003
 40
0.593
 50
236.874
 51
244.486
  0
ARC
  8
APS_GEOMETRY
 10
262.882
 20
233.616
 40
0.131
 50
220.601
 51
236.874
  0
ARC
  8
APS_GEOMETRY
 10
262.853
 20
233.591
 40
0.092
 50
198.246
 51
220.601
  0
ARC
  8
APS_GEOMETRY
 10
262.896
 20
233.605
 40
0.138
 50
180.0
 51
198.246
  0
ARC
  8
APS_GEOMETRY
 10
262.895
 20
233.605
 40
0.137
 50
156.161
 51
180.0
  0
ARC
  8
APS_GEOMETRY
 10
262.914
 20
233.597
 40
0.158
 50
133.977
 51
156.161
  0
ARC
  8
APS_GEOMETRY
 10
262.953
 20
233.557
 40
0.213
 50
116.996
 51
133.977
  0
ARC
  8
APS_GEOMETRY
 10
263.028
 20
233.408
 40
0.38
 50
104.3
 51
116.996
  0
ARC
  8
APS_GEOMETRY
 10
263.048
 20
233.333
 40
0.458
 50
95.326
 51
104.349
  0
ARC
  8
APS_GEOMETRY
 10
263.127
 20
232.481
 40
1.314
 50
90.0
 51
95.326
  0
ARC
  8
APS_GEOMETRY
 10
263.127
 20
233.144
 40
0.651
 50
87.553
 51
90.0
  0
ARC
  8
APS_GEOMETRY
 10
262.989
 20
229.905
 40
3.893
 50
86.553
 51
87.553
  0
ARC
  8
APS_GEOMETRY
 10
262.792
 20
226.637
 40
7.166
 50
86.009
 51
86.553
  0
ARC
  8
APS_GEOMETRY
 10
262.027
 20
215.667
 40
18.164
 50
85.668
 51
86.009
  0
ARC
  8
APS_GEOMETRY
 10
263.459
 20
234.532
 40
0.756
 50
265.426
 51
268.531
  0
ARC
  8
APS_GEOMETRY
 10
263.526
 20
237.154
 40
3.379
 50
268.531
 51
270.0
  0
ARC
  8
APS_GEOMETRY
 10
263.526
 20
236.351
 40
2.576
 50
270.0
 51
271.637
  0
ARC
  8
APS_GEOMETRY
 10
263.469
 20
238.365
 40
4.591
 50
271.637
 51
272.862
  0
ARC
  8
APS_GEOMETRY
 10
263.403
 20
239.686
 40
5.914
 50
272.862
 51
273.814
  0
ARC
  8
APS_GEOMETRY
 10
263.179
 20
243.041
 40
9.276
 50
273.814
 51
274.574
  0
ARC
  8
APS_GEOMETRY
 10
264.582
 20
224.792
 40
9.027
 50
93.72
 51
94.214
  0
ARC
  8
APS_GEOMETRY
 10
264.283
 20
229.398
 40
4.412
 50
93.013
 51
93.72
  0
ARC
  8
APS_GEOMETRY
 10
264.201
 20
230.958
 40
2.85
 50
91.918
 51
93.013
  0
ARC
  8
APS_GEOMETRY
 10
264.136
 20
232.878
 40
0.928
 50
90.0
 51
91.918
  0
ARC
  8
APS_GEOMETRY
 10
264.136
 20
232.601
 40
1.205
 50
73.82
 51
90.0
  0
ARC
  8
APS_GEOMETRY
 10
264.255
 20
233.01
 40
0.779
 50
53.658
 51
73.82
  0
ARC
  8
APS_GEOMETRY
 10
264.424
 20
233.241
 40
0.493
 50
26.03
 51
53.569
  0
ARC
  8
APS_GEOMETRY
 10
264.372
 20
233.216
 40
0.551
 50
360.0
 51
26.03
  0
ARC
  8
APS_GEOMETRY
 10
264.351
 20
233.216
 40
0.572
 50
345.282
 51
360.0
  0
ARC
  8
APS_GEOMETRY
 10
264.406
 20
233.201
 40
0.515
 50
329.767
 51
345.282
  0
ARC
  8
APS_GEOMETRY
 10
264.437
 20
233.183
 40
0.479
 50
313.168
 51
329.767
  0
ARC
  8
APS_GEOMETRY
 10
264.449
 20
233.171
 40
0.462
 50
296.267
 51
313.168
  0
ARC
  8
APS_GEOMETRY
 10
264.712
 20
232.639
 40
0.131
 50
116.565
 51
139.899
  0
ARC
  8
APS_GEOMETRY
 10
264.646
 20
232.694
 40
0.046
 50
139.899
 51
180.0
  0
ARC
  8
APS_GEOMETRY
 10
264.651
 20
232.694
 40
0.051
 50
180.0
 51
226.193
  0
ARC
  8
APS_GEOMETRY
 10
264.745
 20
232.792
 40
0.186
 50
226.193
 51
249.829
  0
ARC
  8
APS_GEOMETRY
 10
264.477
 20
232.054
 40
0.599
 50
53.249
 51
70.105
  0
ARC
  8
APS_GEOMETRY
 10
264.599
 20
232.217
 40
0.396
 50
32.471
 51
53.249
  0
ARC
  8
APS_GEOMETRY
 10
264.542
 20
232.181
 40
0.463
 50
23.305
 51
32.471
  0
ARC
  8
APS_GEOMETRY
 10
264.191
 20
232.03
 40
0.845
 50
16.521
 51
23.305
  0
ARC
  8
APS_GEOMETRY
 10
263.918
 20
231.949
 40
1.13
 50
11.429
 51
16.521
  0
ARC
  8
APS_GEOMETRY
 10
263.144
 20
231.792
 40
1.92
 50
7.524
 51
11.429
  0
ARC
  8
APS_GEOMETRY
 10
265.71
 20
232.134
 40
0.669
 50
187.765
 51
196.914
  0
ARC
  8
APS_GEOMETRY
 10
265.163
 20
231.967
 40
0.097
 50
196.914
 51
221.082
  0
ARC
  8
APS_GEOMETRY
 10
265.165
 20
231.969
 40
0.1
 50
221.082
 51
244.607
  0
ARC
  8
APS_GEOMETRY
 10
265.399
 20
232.461
 40
0.645
 50
244.607
 51
253.811
  0
ARC
  8
APS_GEOMETRY
 10
265.193
 20
231.761
 40
0.085
 50
51.45
 51
72.474
  0
ARC
  8
APS_GEOMETRY
 10
265.172
 20
231.735
 40
0.119
 50
33.69
 51
51.45
  0
ARC
  8
APS_GEOMETRY
 10
265.167
 20
231.731
 40
0.125
 50
16.639
 51
33.69
  0
ARC
  8
APS_GEOMETRY
 10
265.161
 20
231.729
 40
0.131
 50
360.0
 51
16.639
  0
ARC
  8
APS_GEOMETRY
 10
265.159
 20
231.729
 40
0.133
 50
338.993
 51
360.0
  0
ARC
  8
APS_GEOMETRY
 10
265.078
 20
231.761
 40
0.22
 50
322.696
 51
338.993
  0
ARC
  8
APS_GEOMETRY
 10
265.048
 20
231.784
 40
0.258
 50
308.603
 51
322.696
  0
ARC
  8
APS_GEOMETRY
 10
265.027
 20
231.81
 40
0.292
 50
295.346
 51
308.603
  0
ARC
  8
APS_GEOMETRY
 10
264.917
 20
232.051
 40
0.557
 50
279.583
 51
294.905
  0
ARC
  8
APS_GEOMETRY
 10
264.774
 20
232.9
 40
1.418
 50
270.0
 51
279.583
  0
ARC
  8
APS_GEOMETRY
 10
264.774
 20
232.516
 40
1.034
 50
261.247
 51
270.0
  0
ARC
  8
APS_GEOMETRY
 10
264.708
 20
232.086
 40
0.598
 50
249.737
 51
261.247
  0
ARC
  8
APS_GEOMETRY
 10
264.664
 20
231.968
 40
0.473
 50
235.345
 51
249.737
  0
ARC
  8
APS_GEOMETRY
 10
264.609
 20
231.889
 40
0.376
 50
219.198
 51
235.345
  0
ARC
  8
APS_GEOMETRY
 10
264.725
 20
231.987
 40
0.528
 50
209.076
 51
219.56
  0
ARC
  8
APS_GEOMETRY
 10
264.992
 20
232.136
 40
0.834
 50
200.735
 51
209.076
  0
ARC
  8
APS_GEOMETRY
 10
265.361
 20
232.275
 40
1.228
 50
197.881
 51
200.735
  0
ARC
  8
APS_GEOMETRY
 10
266.875
 20
232.764
 40
2.819
 50
195.997
 51
197.881
  0
ARC
  8
APS_GEOMETRY
 10
267.994
 20
233.085
 40
3.983
 50
194.664
 51
195.997
  0
ARC
  8
APS_GEOMETRY
 10
271.094
 20
233.896
 40
7.187
 50
193.671
 51
194.664
  0
ARC
  8
APS_GEOMETRY
 10
263.233
 20
231.985
 40
0.903
 50
13.61
 51
23.585
  0
ARC
  8
APS_GEOMETRY
 10
263.824
 20
232.243
 40
0.258
 50
23.585
 51
42.31
  0
ARC
  8
APS_GEOMETRY
 10
263.878
 20
232.292
 40
0.185
 50
42.31
 51
67.521
  0
ARC
  8
APS_GEOMETRY
 10
263.835
 20
232.189
 40
0.296
 50
67.521
 51
87.397
  0
LINE
  8
APS_GEOMETRY
 10
263.755
 11
263.737
 20
233.319
 21
232.938
  0
LINE
  8
APS_GEOMETRY
 10
263.737
 11
263.737
 20
232.938
 21
232.932
  0
LINE
  8
APS_GEOMETRY
 10
263.737
 11
263.737
 20
232.932
 21
232.923
  0
ARC
  8
APS_GEOMETRY
 10
264.002
 20
232.923
 40
0.265
 50
180.0
 51
192.339
  0
ARC
  8
APS_GEOMETRY
 10
263.792
 20
232.877
 40
0.049
 50
192.339
 51
221.186
  0
ARC
  8
APS_GEOMETRY
 10
263.787
 20
232.873
 40
0.043
 50
221.186
 51
253.872
  0
ARC
  8
APS_GEOMETRY
 10
263.822
 20
232.996
 40
0.171
 50
253.872
 51
270.0
  0
ARC
  8
APS_GEOMETRY
 10
263.822
 20
233.224
 40
0.399
 50
270.0
 51
289.569
  0
ARC
  8
APS_GEOMETRY
 10
263.895
 20
233.02
 40
0.182
 50
289.569
 51
318.681
  0
ARC
  8
APS_GEOMETRY
 10
263.875
 20
233.037
 40
0.208
 50
318.681
 51
344.628
  0
ARC
  8
APS_GEOMETRY
 10
263.51
 20
233.137
 40
0.587
 50
344.628
 51
0.0
  0
ARC
  8
APS_GEOMETRY
 10
263.684
 20
233.137
 40
0.413
 50
0.0
 51
35.369
  0
ARC
  8
APS_GEOMETRY
 10
263.873
 20
233.272
 40
0.181
 50
35.369
 51
90.0
  0
ARC
  8
APS_GEOMETRY
 10
263.873
 20
233.27
 40
0.183
 50
90.0
 51
108.435
  0
ARC
  8
APS_GEOMETRY
 10
263.837
 20
233.377
 40
0.07
 50
108.435
 51
138.366
  0
ARC
  8
APS_GEOMETRY
 10
263.847
 20
233.368
 40
0.083
 50
138.366
 51
164.291
  0
ARC
  8
APS_GEOMETRY
 10
264.071
 20
233.305
 40
0.316
 50
164.291
 51
177.51
  0
LINE
  8
APS_GEOMETRY
 10
266.666
 11
267.481
 20
233.7
 21
232.987
  0
ARC
  8
APS_GEOMETRY
 10
268.242
 20
233.861
 40
1.159
 50
228.93
 51
232.674
  0
ARC
  8
APS_GEOMETRY
 10
267.819
 20
233.305
 40
0.461
 50
232.674
 51
238.617
  0
ARC
  8
APS_GEOMETRY
 10
267.712
 20
233.13
 40
0.256
 50
238.617
 51
249.131
  0
ARC
  8
APS_GEOMETRY
 10
267.644
 20
232.953
 40
0.065
 50
249.131
 51
270.0
  0
ARC
  8
APS_GEOMETRY
 10
267.644
 20
232.945
 40
0.057
 50
270.0
 51
334.898
  0
ARC
  8
APS_GEOMETRY
 10
267.379
 20
233.069
 40
0.35
 50
334.898
 51
0.0
  0
ARC
  8
APS_GEOMETRY
 10
264.818
 20
233.069
 40
2.911
 50
360.0
 51
2.026
  0
ARC
  8
APS_GEOMETRY
 10
266.362
 20
233.123
 40
1.366
 50
2.026
 51
4.984
  0
ARC
  8
APS_GEOMETRY
 10
266.867
 20
233.167
 40
0.859
 50
4.984
 51
9.673
  0
ARC
  8
APS_GEOMETRY
 10
267.449
 20
233.267
 40
0.269
 50
9.673
 51
18.06
  0
ARC
  8
APS_GEOMETRY
 10
267.538
 20
233.295
 40
0.176
 50
18.06
 51
42.397
  0
ARC
  8
APS_GEOMETRY
 10
267.509
 20
233.269
 40
0.214
 50
42.397
 51
64.398
  0
ARC
  8
APS_GEOMETRY
 10
267.77
 20
233.809
 40
0.385
 50
233.633
 51
244.026
  0
ARC
  8
APS_GEOMETRY
 10
267.628
 20
233.615
 40
0.145
 50
216.656
 51
233.633
  0
ARC
  8
APS_GEOMETRY
 10
267.606
 20
233.599
 40
0.118
 50
196.082
 51
216.656
  0
ARC
  8
APS_GEOMETRY
 10
267.677
 20
233.62
 40
0.192
 50
180.0
 51
196.082
  0
ARC
  8
APS_GEOMETRY
 10
267.625
 20
233.62
 40
0.139
 50
133.202
 51
180.0
  0
ARC
  8
APS_GEOMETRY
 10
267.735
 20
233.503
 40
0.3
 50
101.788
 51
133.202
  0
ARC
  8
APS_GEOMETRY
 10
267.761
 20
233.388
 40
0.418
 50
96.633
 51
102.011
  0
ARC
  8
APS_GEOMETRY
 10
267.853
 20
232.588
 40
1.222
 50
93.489
 51
96.633
  0
ARC
  8
APS_GEOMETRY
 10
267.893
 20
231.935
 40
1.877
 50
91.439
 51
93.489
  0
ARC
  8
APS_GEOMETRY
 10
267.942
 20
230.006
 40
3.807
 50
90.0
 51
91.439
  0
ARC
  8
APS_GEOMETRY
 10
267.942
 20
230.264
 40
3.548
 50
87.994
 51
90.0
  0
ARC
  8
APS_GEOMETRY
 10
268.006
 20
232.106
 40
1.705
 50
85.101
 51
87.994
  0
ARC
  8
APS_GEOMETRY
 10
268.059
 20
232.717
 40
1.092
 50
80.595
 51
85.101
  0
ARC
  8
APS_GEOMETRY
 10
268.178
 20
233.438
 40
0.361
 50
72.759
 51
80.595
  0
ARC
  8
APS_GEOMETRY
 10
268.214
 20
233.55
 40
0.244
 50
40.956
 51
73.072
  0
ARC
  8
APS_GEOMETRY
 10
268.283
 20
233.61
 40
0.152
 50
360.0
 51
40.956
  0
ARC
  8
APS_GEOMETRY
 10
268.292
 20
233.61
 40
0.143
 50
322.573
 51
360.0
  0
ARC
  8
APS_GEOMETRY
 10
268.217
 20
233.667
 40
0.238
 50
293.749
 51
322.573
  0
ARC
  8
APS_GEOMETRY
 10
268.519
 20
232.973
 40
0.519
 50
113.429
 51
119.291
  0
ARC
  8
APS_GEOMETRY
 10
268.317
 20
233.333
 40
0.106
 50
119.291
 51
132.274
  0
ARC
  8
APS_GEOMETRY
 10
268.306
 20
233.346
 40
0.089
 50
132.274
 51
147.653
  0
ARC
  8
APS_GEOMETRY
 10
268.39
 20
233.293
 40
0.188
 50
147.653
 51
158.199
  0
ARC
  8
APS_GEOMETRY
 10
268.518
 20
233.239
 40
0.327
 50
157.751
 51
167.885
  0
ARC
  8
APS_GEOMETRY
 10
269.199
 20
233.093
 40
1.024
 50
167.885
 51
173.61
  0
ARC
  8
APS_GEOMETRY
 10
269.801
 20
233.025
 40
1.63
 50
173.61
 51
177.221
  0
ARC
  8
APS_GEOMETRY
 10
271.659
 20
232.935
 40
3.49
 50
177.221
 51
179.689
  0
LINE
  8
APS_GEOMETRY
 10
268.169
 11
268.169
 20
232.954
 21
232.421
  0
ARC
  8
APS_GEOMETRY
 10
289.937
 20
232.421
 40
21.768
 50
180.0
 51
180.161
  0
ARC
  8
APS_GEOMETRY
 10
308.828
 20
232.474
 40
40.659
 50
180.161
 51
180.279
  0
LINE
  8
APS_GEOMETRY
 10
268.169
 11
268.17
 20
232.276
 21
232.187
  0
LINE
  8
APS_GEOMETRY
 10
268.17
 11
268.171
 20
232.187
 21
232.086
  0
ARC
  8
APS_GEOMETRY
 10
264.286
 20
232.064
 40
3.884
 50
358.204
 51
0.326
  0
ARC
  8
APS_GEOMETRY
 10
266.134
 20
232.006
 40
2.036
 50
355.274
 51
358.204
  0
ARC
  8
APS_GEOMETRY
 10
266.777
 20
231.953
 40
1.39
 50
350.991
 51
355.274
  0
ARC
  8
APS_GEOMETRY
 10
267.596
 20
231.823
 40
0.561
 50
344.249
 51
350.991
  0
ARC
  8
APS_GEOMETRY
 10
267.873
 20
231.744
 40
0.273
 50
314.415
 51
344.445
  0
ARC
  8
APS_GEOMETRY
 10
267.974
 20
231.64
 40
0.128
 50
270.0
 51
314.415
  0
ARC
  8
APS_GEOMETRY
 10
267.974
 20
231.72
 40
0.208
 50
256.342
 51
270.0
  0
ARC
  8
APS_GEOMETRY
 10
267.96
 20
231.659
 40
0.145
 50
239.982
 51
256.342
  0
ARC
  8
APS_GEOMETRY
 10
268.024
 20
231.771
 40
0.275
 50
231.153
 51
239.982
  0
ARC
  8
APS_GEOMETRY
 10
269.112
 20
233.121
 40
2.008
 50
227.891
 51
231.153
  0
LINE
  8
APS_GEOMETRY
 10
267.765
 11
266.796
 20
231.631
 21
232.5
  0
ARC
  8
APS_GEOMETRY
 10
266.422
 20
232.086
 40
0.557
 50
47.911
 51
61.468
  0
ARC
  8
APS_GEOMETRY
 10
266.627
 20
232.463
 40
0.128
 50
61.468
 51
90.0
  0
ARC
  8
APS_GEOMETRY
 10
266.627
 20
232.535
 40
0.056
 50
90.0
 51
133.195
  0
ARC
  8
APS_GEOMETRY
 10
266.682
 20
232.476
 40
0.137
 50
133.195
 51
160.454
  0
ARC
  8
APS_GEOMETRY
 10
266.859
 20
232.413
 40
0.325
 50
160.454
 51
173.251
  0
ARC
  8
APS_GEOMETRY
 10
267.693
 20
232.315
 40
1.164
 50
173.251
 51
180.0
  0
ARC
  8
APS_GEOMETRY
 10
269.96
 20
232.315
 40
3.431
 50
180.0
 51
181.897
  0
ARC
  8
APS_GEOMETRY
 10
268.143
 20
232.255
 40
1.613
 50
181.897
 51
184.664
  0
ARC
  8
APS_GEOMETRY
 10
267.547
 20
232.206
 40
1.015
 50
184.664
 51
189.048
  0
ARC
  8
APS_GEOMETRY
 10
266.857
 20
232.096
 40
0.316
 50
189.048
 51
196.905
  0
ARC
  8
APS_GEOMETRY
 10
266.748
 20
232.063
 40
0.202
 50
196.905
 51
220.253
  0
ARC
  8
APS_GEOMETRY
 10
266.75
 20
232.065
 40
0.205
 50
220.253
 51
243.435
  0
ARC
  8
APS_GEOMETRY
 10
266.55
 20
231.662
 40
0.245
 50
37.921
 51
63.778
  0
ARC
  8
APS_GEOMETRY
 10
266.652
 20
231.741
 40
0.116
 50
360.0
 51
37.921
  0
ARC
  8
APS_GEOMETRY
 10
266.606
 20
231.741
 40
0.161
 50
324.268
 51
360.0
  0
ARC
  8
APS_GEOMETRY
 10
266.546
 20
231.784
 40
0.236
 50
294.86
 51
324.268
  0
ARC
  8
APS_GEOMETRY
 10
266.446
 20
232.0
 40
0.473
 50
278.78
 51
294.86
  0
ARC
  8
APS_GEOMETRY
 10
266.277
 20
233.094
 40
1.58
 50
270.0
 51
278.78
  0
ARC
  8
APS_GEOMETRY
 10
266.277
 20
232.81
 40
1.297
 50
260.383
 51
270.0
  0
ARC
  8
APS_GEOMETRY
 10
266.141
 20
232.004
 40
0.479
 50
244.522
 51
260.383
  0
ARC
  8
APS_GEOMETRY
 10
266.042
 20
231.796
 40
0.249
 50
216.549
 51
244.522
  0
ARC
  8
APS_GEOMETRY
 10
265.96
 20
231.736
 40
0.148
 50
180.0
 51
216.549
  0
ARC
  8
APS_GEOMETRY
 10
266.013
 20
231.736
 40
0.2
 50
164.65
 51
180.0
  0
ARC
  8
APS_GEOMETRY
 10
265.899
 20
231.767
 40
0.082
 50
140.528
 51
164.65
  0
ARC
  8
APS_GEOMETRY
 10
265.945
 20
231.729
 40
0.142
 50
126.135
 51
140.528
  0
ARC
  8
APS_GEOMETRY
 10
266.428
 20
231.068
 40
0.96
 50
120.619
 51
126.135
  0
ARC
  8
APS_GEOMETRY
 10
265.855
 20
232.034
 40
0.163
 50
300.784
 51
330.068
  0
ARC
  8
APS_GEOMETRY
 10
265.747
 20
232.097
 40
0.287
 50
330.068
 51
351.983
  0
ARC
  8
APS_GEOMETRY
 10
263.929
 20
232.334
 40
2.121
 50
352.493
 51
355.365
  0
ARC
  8
APS_GEOMETRY
 10
261.736
 20
232.511
 40
4.321
 50
355.365
 51
357.376
  0
ARC
  8
APS_GEOMETRY
 10
260.2
 20
232.582
 40
5.859
 50
357.376
 51
358.861
  0
ARC
  8
APS_GEOMETRY
 10
256.109
 20
232.663
 40
9.951
 50
358.861
 51
0.0
  0
ARC
  8
APS_GEOMETRY
 10
259.788
 20
232.663
 40
6.271
 50
360.0
 51
1.926
  0
ARC
  8
APS_GEOMETRY
 10
262.708
 20
232.761
 40
3.35
 50
1.926
 51
4.562
  0
ARC
  8
APS_GEOMETRY
 10
263.737
 20
232.843
 40
2.318
 50
4.562
 51
8.366
  0
ARC
  8
APS_GEOMETRY
 10
265.076
 20
233.04
 40
0.964
 50
8.366
 51
14.265
  0
ARC
  8
APS_GEOMETRY
 10
265.582
 20
233.168
 40
0.442
 50
14.349
 51
23.629
  0
ARC
  8
APS_GEOMETRY
 10
265.839
 20
233.281
 40
0.162
 50
23.629
 51
38.991
  0
ARC
  8
APS_GEOMETRY
 10
265.84
 20
233.281
 40
0.161
 50
38.991
 51
54.462
  0
ARC
  8
APS_GEOMETRY
 10
265.69
 20
233.071
 40
0.419
 50
54.462
 51
64.026
  0
ARC
  8
APS_GEOMETRY
 10
266.114
 20
233.94
 40
0.547
 50
235.472
 51
243.947
  0
ARC
  8
APS_GEOMETRY
 10
265.895
 20
233.621
 40
0.161
 50
219.806
 51
235.472
  0
ARC
  8
APS_GEOMETRY
 10
265.861
 20
233.594
 40
0.118
 50
198.939
 51
219.806
  0
ARC
  8
APS_GEOMETRY
 10
265.885
 20
233.602
 40
0.143
 50
180.0
 51
198.939
  0
ARC
  8
APS_GEOMETRY
 10
265.878
 20
233.602
 40
0.136
 50
126.254
 51
180.0
  0
ARC
  8
APS_GEOMETRY
 10
266.085
 20
233.319
 40
0.486
 50
98.616
 51
126.254
  0
ARC
  8
APS_GEOMETRY
 10
266.114
 20
233.086
 40
0.72
 50
94.456
 51
98.13
  0
ARC
  8
APS_GEOMETRY
 10
266.227
 20
231.644
 40
2.167
 50
92.337
 51
94.456
  0
ARC
  8
APS_GEOMETRY
 10
266.274
 20
230.47
 40
3.342
 50
90.963
 51
92.337
  0
ARC
  8
APS_GEOMETRY
 10
266.333
 20
227.002
 40
6.81
 50
90.0
 51
90.963
  0
ARC
  8
APS_GEOMETRY
 10
266.333
 20
232.572
 40
1.241
 50
83.928
 51
90.0
  0
ARC
  8
APS_GEOMETRY
 10
266.435
 20
233.528
 40
0.279
 50
71.095
 51
83.928
  0
ARC
  8
APS_GEOMETRY
 10
266.444
 20
233.556
 40
0.25
 50
56.848
 51
71.095
  0
ARC
  8
APS_GEOMETRY
 10
266.169
 20
233.134
 40
0.753
 50
48.652
 51
56.848
  0
ARC
  8
APS_GEOMETRY
 10
269.607
 20
231.782
 40
2.03
 50
84.71
 51
90.0
  0
ARC
  8
APS_GEOMETRY
 10
269.644
 20
232.184
 40
1.627
 50
78.799
 51
84.71
  0
ARC
  8
APS_GEOMETRY
 10
269.885
 20
233.401
 40
0.386
 50
49.783
 51
78.771
  0
ARC
  8
APS_GEOMETRY
 10
270.046
 20
233.592
 40
0.136
 50
360.0
 51
49.783
  0
ARC
  8
APS_GEOMETRY
 10
270.031
 20
233.592
 40
0.151
 50
342.759
 51
360.0
  0
ARC
  8
APS_GEOMETRY
 10
270.11
 20
233.567
 40
0.069
 50
317.045
 51
342.759
  0
ARC
  8
APS_GEOMETRY
 10
270.072
 20
233.603
 40
0.12
 50
301.817
 51
317.045
  0
ARC
  8
APS_GEOMETRY
 10
269.509
 20
234.51
 40
1.188
 50
296.98
 51
301.817
  0
ARC
  8
APS_GEOMETRY
 10
270.109
 20
233.329
 40
0.137
 50
116.565
 51
149.078
  0
ARC
  8
APS_GEOMETRY
 10
270.285
 20
233.224
 40
0.342
 50
149.078
 51
169.469
  0
ARC
  8
APS_GEOMETRY
 10
270.66
 20
233.154
 40
0.723
 50
169.469
 51
174.598
  0
ARC
  8
APS_GEOMETRY
 10
272.594
 20
232.971
 40
2.665
 50
174.598
 51
177.269
  0
ARC
  8
APS_GEOMETRY
 10
274.294
 20
232.89
 40
4.367
 50
177.269
 51
178.901
  0
ARC
  8
APS_GEOMETRY
 10
279.559
 20
232.789
 40
9.633
 50
178.901
 51
180.0
  0
ARC
  8
APS_GEOMETRY
 10
290.258
 20
232.789
 40
20.333
 50
180.0
 51
180.88
  0
ARC
  8
APS_GEOMETRY
 10
277.732
 20
232.597
 40
7.805
 50
180.88
 51
182.3
  0
ARC
  8
APS_GEOMETRY
 10
274.071
 20
232.45
 40
4.141
 50
182.3
 51
184.974
  0
ARC
  8
APS_GEOMETRY
 10
270.58
 20
232.146
 40
0.637
 50
184.974
 51
191.793
  0
ARC
  8
APS_GEOMETRY
 10
270.175
 20
232.068
 40
0.224
 50
193.57
 51
205.787
  0
ARC
  8
APS_GEOMETRY
 10
270.074
 20
232.019
 40
0.112
 50
205.787
 51
223.091
  0
ARC
  8
APS_GEOMETRY
 10
270.099
 20
232.043
 40
0.147
 50
223.091
 51
236.441
  0
ARC
  8
APS_GEOMETRY
 10
270.313
 20
232.366
 40
0.535
 50
236.441
 51
243.435
  0
ARC
  8
APS_GEOMETRY
 10
269.986
 20
231.693
 40
0.215
 50
37.185
 51
65.556
  0
ARC
  8
APS_GEOMETRY
 10
270.056
 20
231.746
 40
0.127
 50
0.0
 51
37.185
  0
ARC
  8
APS_GEOMETRY
 10
270.052
 20
231.746
 40
0.131
 50
312.039
 51
360.0
  0
ARC
  8
APS_GEOMETRY
 10
269.896
 20
231.918
 40
0.363
 50
283.815
 51
312.039
  0
ARC
  8
APS_GEOMETRY
 10
269.639
 20
232.984
 40
1.459
 50
279.273
 51
283.627
  0
ARC
  8
APS_GEOMETRY
 10
269.536
 20
233.613
 40
2.096
 50
275.641
 51
279.273
  0
ARC
  8
APS_GEOMETRY
 10
269.497
 20
234.011
 40
2.496
 50
272.588
 51
275.641
  0
ARC
  8
APS_GEOMETRY
 10
269.453
 20
234.986
 40
3.473
 50
270.0
 51
272.588
  0
ARC
  8
APS_GEOMETRY
 10
269.453
 20
233.608
 40
2.095
 50
262.774
 51
270.0
  0
ARC
  8
APS_GEOMETRY
 10
269.264
 20
232.119
 40
0.593
 50
249.175
 51
262.774
  0
ARC
  8
APS_GEOMETRY
 10
269.146
 20
231.807
 40
0.26
 50
221.23
 51
249.175
  0
ARC
  8
APS_GEOMETRY
 10
269.042
 20
231.716
 40
0.122
 50
180.0
 51
221.23
  0
ARC
  8
APS_GEOMETRY
 10
269.022
 20
231.716
 40
0.102
 50
142.696
 51
180.0
  0
ARC
  8
APS_GEOMETRY
 10
269.183
 20
231.594
 40
0.305
 50
121.357
 51
142.696
  0
ARC
  8
APS_GEOMETRY
 10
268.911
 20
232.039
 40
0.218
 50
301.477
 51
324.728
  0
ARC
  8
APS_GEOMETRY
 10
268.94
 20
232.019
 40
0.182
 50
324.728
 51
350.181
  0
ARC
  8
APS_GEOMETRY
 10
268.028
 20
232.17
 40
1.107
 50
350.538
 51
355.423
  0
ARC
  8
APS_GEOMETRY
 10
264.28
 20
232.47
 40
4.866
 50
355.423
 51
357.752
  0
ARC
  8
APS_GEOMETRY
 10
260.801
 20
232.606
 40
8.349
 50
357.752
 51
359.111
  0
ARC
  8
APS_GEOMETRY
 10
249.663
 20
232.779
 40
19.487
 50
359.111
 51
0.0
  0
ARC
  8
APS_GEOMETRY
 10
262.389
 20
232.779
 40
6.761
 50
0.0
 51
1.773
  0
ARC
  8
APS_GEOMETRY
 10
266.357
 20
232.902
 40
2.791
 50
1.773
 51
4.532
  0
ARC
  8
APS_GEOMETRY
 10
267.563
 20
232.998
 40
1.581
 50
4.532
 51
9.384
  0
ARC
  8
APS_GEOMETRY
 10
268.788
 20
233.2
 40
0.34
 50
9.384
 51
19.855
  0
ARC
  8
APS_GEOMETRY
 10
268.95
 20
233.262
 40
0.167
 50
18.853
 51
42.158
  0
ARC
  8
APS_GEOMETRY
 10
268.811
 20
233.136
 40
0.354
 50
42.158
 51
58.092
  0
ARC
  8
APS_GEOMETRY
 10
269.423
 20
234.081
 40
0.771
 50
230.711
 51
236.634
  0
ARC
  8
APS_GEOMETRY
 10
269.039
 20
233.611
 40
0.165
 50
217.875
 51
230.711
  0
ARC
  8
APS_GEOMETRY
 10
268.986
 20
233.57
 40
0.098
 50
196.928
 51
217.875
  0
ARC
  8
APS_GEOMETRY
 10
269.035
 20
233.585
 40
0.15
 50
180.0
 51
196.928
  0
ARC
  8
APS_GEOMETRY
 10
269.003
 20
233.585
 40
0.117
 50
148.791
 51
180.0
  0
ARC
  8
APS_GEOMETRY
 10
269.034
 20
233.567
 40
0.153
 50
121.569
 51
148.791
  0
ARC
  8
APS_GEOMETRY
 10
269.089
 20
233.477
 40
0.259
 50
112.806
 51
121.569
  0
ARC
  8
APS_GEOMETRY
 10
269.238
 20
233.122
 40
0.644
 50
107.254
 51
112.806
  0
ARC
  8
APS_GEOMETRY
 10
269.33
 20
232.827
 40
0.953
 50
103.487
 51
107.254
  0
ARC
  8
APS_GEOMETRY
 10
269.539
 20
231.953
 40
1.851
 50
100.784
 51
103.487
  0
ARC
  8
APS_GEOMETRY
 10
269.605
 20
231.712
 40
2.101
 50
95.643
 51
101.31
  0
ARC
  8
APS_GEOMETRY
 10
269.607
 20
231.695
 40
2.118
 50
90.0
 51
95.643
  0
ARC
  8
APS_GEOMETRY
 10
271.64
 20
232.761
 40
1.063
 50
77.257
 51
90.0
  0
ARC
  8
APS_GEOMETRY
 10
271.629
 20
232.713
 40
1.112
 50
64.799
 51
77.257
  0
ARC
  8
APS_GEOMETRY
 10
272.545
 20
234.663
 40
1.042
 50
244.885
 51
251.175
  0
ARC
  8
APS_GEOMETRY
 10
272.247
 20
233.788
 40
0.117
 50
251.175
 51
270.0
  0
ARC
  8
APS_GEOMETRY
 10
272.247
 20
233.861
 40
0.19
 50
270.0
 51
278.82
  0
ARC
  8
APS_GEOMETRY
 10
272.124
 20
234.653
 40
0.992
 50
278.82
 51
282.68
  0
ARC
  8
APS_GEOMETRY
 10
272.381
 20
233.514
 40
0.176
 50
95.906
 51
102.995
  0
ARC
  8
APS_GEOMETRY
 10
272.389
 20
233.437
 40
0.253
 50
90.0
 51
95.906
  0
ARC
  8
APS_GEOMETRY
 10
272.389
 20
233.522
 40
0.168
 50
62.447
 51
90.0
  0
ARC
  8
APS_GEOMETRY
 10
272.359
 20
233.465
 40
0.232
 50
39.094
 51
62.447
  0
ARC
  8
APS_GEOMETRY
 10
272.048
 20
233.204
 40
0.639
 50
18.435
 51
39.611
  0
ARC
  8
APS_GEOMETRY
 10
271.856
 20
233.141
 40
0.84
 50
360.0
 51
18.435
  0
ARC
  8
APS_GEOMETRY
 10
272.28
 20
233.141
 40
0.417
 50
334.877
 51
360.0
  0
ARC
  8
APS_GEOMETRY
 10
272.405
 20
233.082
 40
0.278
 50
304.007
 51
334.877
  0
ARC
  8
APS_GEOMETRY
 10
272.403
 20
233.088
 40
0.284
 50
286.39
 51
303.69
  0
ARC
  8
APS_GEOMETRY
 10
272.394
 20
233.119
 40
0.317
 50
270.0
 51
286.39
  0
ARC
  8
APS_GEOMETRY
 10
272.394
 20
233.115
 40
0.313
 50
255.155
 51
270.0
  0
ARC
  8
APS_GEOMETRY
 10
272.36
 20
232.986
 40
0.179
 50
235.491
 51
255.155
  0
ARC
  8
APS_GEOMETRY
 10
272.377
 20
233.011
 40
0.209
 50
218.48
 51
235.491
  0
ARC
  8
APS_GEOMETRY
 10
272.658
 20
233.234
 40
0.568
 50
208.179
 51
218.48
  0
ARC
  8
APS_GEOMETRY
 10
269.777
 20
231.67
 40
2.71
 50
28.56
 51
31.664
  0
ARC
  8
APS_GEOMETRY
 10
271.537
 20
232.756
 40
0.641
 50
31.664
 51
38.047
  0
ARC
  8
APS_GEOMETRY
 10
271.665
 20
232.856
 40
0.479
 50
38.047
 51
46.56
  0
ARC
  8
APS_GEOMETRY
 10
271.599
 20
232.786
 40
0.576
 50
46.56
 51
54.324
  0
ARC
  8
APS_GEOMETRY
 10
271.56
 20
232.72
 40
0.652
 50
54.968
 51
71.48
  0
ARC
  8
APS_GEOMETRY
 10
271.603
 20
232.846
 40
0.519
 50
71.48
 51
90.0
  0
ARC
  8
APS_GEOMETRY
 10
271.603
 20
233.002
 40
0.363
 50
90.0
 51
114.63
  0
ARC
  8
APS_GEOMETRY
 10
271.584
 20
233.042
 40
0.319
 50
114.63
 51
140.921
  0
ARC
  8
APS_GEOMETRY
 10
271.638
 20
232.998
 40
0.388
 50
140.921
 51
163.13
  0
ARC
  8
APS_GEOMETRY
 10
271.907
 20
232.917
 40
0.669
 50
163.13
 51
180.0
  0
ARC
  8
APS_GEOMETRY
 10
272.256
 20
232.917
 40
1.018
 50
180.0
 51
195.44
  0
ARC
  8
APS_GEOMETRY
 10
272.203
 20
232.902
 40
0.963
 50
195.44
 51
211.316
  0
ARC
  8
APS_GEOMETRY
 10
271.948
 20
232.752
 40
0.668
 50
211.708
 51
240.457
  0
ARC
  8
APS_GEOMETRY
 10
271.931
 20
232.722
 40
0.633
 50
240.457
 51
270.0
  0
ARC
  8
APS_GEOMETRY
 10
271.931
 20
232.877
 40
0.788
 50
270.0
 51
279.549
  0
ARC
  8
APS_GEOMETRY
 10
271.921
 20
232.935
 40
0.847
 50
279.549
 51
288.759
  0
ARC
  8
APS_GEOMETRY
 10
271.963
 20
232.813
 40
0.718
 50
288.759
 51
299.545
  0
ARC
  8
APS_GEOMETRY
 10
272.128
 20
232.521
 40
0.383
 50
299.545
 51
314.341
  0
ARC
  8
APS_GEOMETRY
 10
272.64
 20
231.99
 40
0.355
 50
120.141
 51
133.452
  0
ARC
  8
APS_GEOMETRY
 10
272.497
 20
232.236
 40
0.071
 50
90.0
 51
120.141
  0
ARC
  8
APS_GEOMETRY
 10
272.497
 20
232.195
 40
0.111
 50
61.952
 51
90.0
  0
ARC
  8
APS_GEOMETRY
 10
272.48
 20
232.164
 40
0.147
 50
37.569
 51
61.952
  0
ARC
  8
APS_GEOMETRY
 10
272.449
 20
232.14
 40
0.186
 50
17.665
 51
37.569
  0
ARC
  8
APS_GEOMETRY
 10
272.402
 20
232.125
 40
0.235
 50
360.0
 51
17.665
  0
ARC
  8
APS_GEOMETRY
 10
272.284
 20
232.125
 40
0.354
 50
344.932
 51
0.0
  0
ARC
  8
APS_GEOMETRY
 10
271.969
 20
232.21
 40
0.68
 50
334.075
 51
344.932
  0
ARC
  8
APS_GEOMETRY
 10
271.959
 20
232.215
 40
0.691
 50
323.374
 51
334.075
  0
ARC
  8
APS_GEOMETRY
 10
272.162
 20
232.064
 40
0.438
 50
309.92
 51
323.374
  0
ARC
  8
APS_GEOMETRY
 10
272.365
 20
231.824
 40
0.124
 50
289.026
 51
308.991
  0
ARC
  8
APS_GEOMETRY
 10
272.148
 20
232.452
 40
0.789
 50
281.143
 51
289.026
  0
ARC
  8
APS_GEOMETRY
 10
272.368
 20
231.313
 40
0.372
 50
100.437
 51
110.12
  0
ARC
  8
APS_GEOMETRY
 10
272.659
 20
230.519
 40
1.218
 50
110.12
 51
115.463
  0
ARC
  8
APS_GEOMETRY
 10
271.62
 20
232.693
 40
1.192
 50
282.94
 51
295.628
  0
ARC
  8
APS_GEOMETRY
 10
271.63
 20
232.648
 40
1.146
 50
270.0
 51
282.94
  0
ARC
  8
APS_GEOMETRY
 10
271.63
 20
232.716
 40
1.214
 50
257.307
 51
270.0
  0
ARC
  8
APS_GEOMETRY
 10
271.682
 20
232.943
 40
1.447
 50
245.686
 51
257.307
  0
ARC
  8
APS_GEOMETRY
 10
271.553
 20
232.661
 40
1.137
 50
228.801
 51
245.735
  0
ARC
  8
APS_GEOMETRY
 10
271.555
 20
232.664
 40
1.14
 50
211.891
 51
228.801
  0
ARC
  8
APS_GEOMETRY
 10
271.623
 20
232.712
 40
1.223
 50
196.728
 51
212.152
  0
ARC
  8
APS_GEOMETRY
 10
271.448
 20
232.66
 40
1.041
 50
180.0
 51
196.728
  0
ARC
  8
APS_GEOMETRY
 10
271.474
 20
232.66
 40
1.066
 50
161.184
 51
180.0
  0
ARC
  8
APS_GEOMETRY
 10
271.542
 20
232.637
 40
1.139
 50
142.98
 51
161.184
  0
ARC
  8
APS_GEOMETRY
 10
271.595
 20
232.596
 40
1.206
 50
127.824
 51
142.958
  0
ARC
  8
APS_GEOMETRY
 10
271.683
 20
232.483
 40
1.349
 50
113.52
 51
127.824
  0
ARC
  8
APS_GEOMETRY
 10
271.654
 20
232.549
 40
1.277
 50
101.927
 51
113.527
  0
ARC
  8
APS_GEOMETRY
 10
271.64
 20
232.616
 40
1.208
 50
90.0
 51
101.927
  0
ARC
  8
APS_GEOMETRY
 10
273.868
 20
231.782
 40
2.03
 50
84.71
 51
90.0
  0
ARC
  8
APS_GEOMETRY
 10
273.905
 20
232.184
 40
1.627
 50
78.799
 51
84.71
  0
ARC
  8
APS_GEOMETRY
 10
274.146
 20
233.401
 40
0.386
 50
49.783
 51
78.771
  0
ARC
  8
APS_GEOMETRY
 10
274.307
 20
233.592
 40
0.136
 50
360.0
 51
49.783
  0
ARC
  8
APS_GEOMETRY
 10
274.292
 20
233.592
 40
0.151
 50
342.759
 51
360.0
  0
ARC
  8
APS_GEOMETRY
 10
274.371
 20
233.567
 40
0.069
 50
317.045
 51
342.759
  0
ARC
  8
APS_GEOMETRY
 10
274.333
 20
233.603
 40
0.12
 50
301.817
 51
317.045
  0
ARC
  8
APS_GEOMETRY
 10
273.77
 20
234.51
 40
1.188
 50
296.98
 51
301.817
  0
ARC
  8
APS_GEOMETRY
 10
274.37
 20
233.329
 40
0.137
 50
116.565
 51
149.078
  0
ARC
  8
APS_GEOMETRY
 10
274.546
 20
233.224
 40
0.342
 50
149.078
 51
169.469
  0
ARC
  8
APS_GEOMETRY
 10
274.921
 20
233.154
 40
0.723
 50
169.469
 51
174.598
  0
ARC
  8
APS_GEOMETRY
 10
276.855
 20
232.971
 40
2.665
 50
174.598
 51
177.269
  0
ARC
  8
APS_GEOMETRY
 10
278.554
 20
232.89
 40
4.367
 50
177.269
 51
178.901
  0
ARC
  8
APS_GEOMETRY
 10
283.82
 20
232.789
 40
9.633
 50
178.901
 51
180.0
  0
ARC
  8
APS_GEOMETRY
 10
294.519
 20
232.789
 40
20.333
 50
180.0
 51
180.88
  0
ARC
  8
APS_GEOMETRY
 10
281.993
 20
232.597
 40
7.805
 50
180.88
 51
182.3
  0
ARC
  8
APS_GEOMETRY
 10
278.332
 20
232.45
 40
4.141
 50
182.3
 51
184.974
  0
ARC
  8
APS_GEOMETRY
 10
274.841
 20
232.146
 40
0.637
 50
184.974
 51
191.793
  0
ARC
  8
APS_GEOMETRY
 10
274.436
 20
232.068
 40
0.224
 50
193.57
 51
205.787
  0
ARC
  8
APS_GEOMETRY
 10
274.335
 20
232.019
 40
0.112
 50
205.787
 51
223.091
  0
ARC
  8
APS_GEOMETRY
 10
274.36
 20
232.043
 40
0.147
 50
223.091
 51
236.441
  0
ARC
  8
APS_GEOMETRY
 10
274.574
 20
232.366
 40
0.535
 50
236.441
 51
243.435
  0
ARC
  8
APS_GEOMETRY
 10
274.247
 20
231.693
 40
0.215
 50
37.185
 51
65.556
  0
ARC
  8
APS_GEOMETRY
 10
274.316
 20
231.746
 40
0.127
 50
0.0
 51
37.185
  0
ARC
  8
APS_GEOMETRY
 10
274.313
 20
231.746
 40
0.131
 50
312.039
 51
360.0
  0
ARC
  8
APS_GEOMETRY
 10
274.157
 20
231.918
 40
0.363
 50
283.815
 51
312.039
  0
ARC
  8
APS_GEOMETRY
 10
273.9
 20
232.984
 40
1.459
 50
279.273
 51
283.627
  0
ARC
  8
APS_GEOMETRY
 10
273.797
 20
233.613
 40
2.096
 50
275.641
 51
279.273
  0
ARC
  8
APS_GEOMETRY
 10
273.758
 20
234.011
 40
2.496
 50
272.588
 51
275.641
  0
ARC
  8
APS_GEOMETRY
 10
273.714
 20
234.986
 40
3.473
 50
270.0
 51
272.588
  0
ARC
  8
APS_GEOMETRY
 10
273.714
 20
233.608
 40
2.095
 50
262.774
 51
270.0
  0
ARC
  8
APS_GEOMETRY
 10
273.525
 20
232.119
 40
0.593
 50
249.175
 51
262.774
  0
ARC
  8
APS_GEOMETRY
 10
273.406
 20
231.807
 40
0.26
 50
221.23
 51
249.175
  0
ARC
  8
APS_GEOMETRY
 10
273.303
 20
231.716
 40
0.122
 50
180.0
 51
221.23
  0
ARC
  8
APS_GEOMETRY
 10
273.283
 20
231.716
 40
0.102
 50
142.696
 51
180.0
  0
ARC
  8
APS_GEOMETRY
 10
273.444
 20
231.594
 40
0.305
 50
121.357
 51
142.696
  0
ARC
  8
APS_GEOMETRY
 10
273.172
 20
232.039
 40
0.218
 50
301.477
 51
324.728
  0
ARC
  8
APS_GEOMETRY
 10
273.201
 20
232.019
 40
0.182
 50
324.728
 51
350.181
  0
ARC
  8
APS_GEOMETRY
 10
272.289
 20
232.17
 40
1.107
 50
350.538
 51
355.423
  0
ARC
  8
APS_GEOMETRY
 10
268.541
 20
232.47
 40
4.866
 50
355.423
 51
357.752
  0
ARC
  8
APS_GEOMETRY
 10
265.062
 20
232.606
 40
8.349
 50
357.752
 51
359.111
  0
ARC
  8
APS_GEOMETRY
 10
253.924
 20
232.779
 40
19.487
 50
359.111
 51
0.0
  0
ARC
  8
APS_GEOMETRY
 10
266.65
 20
232.779
 40
6.761
 50
0.0
 51
1.773
  0
ARC
  8
APS_GEOMETRY
 10
270.618
 20
232.902
 40
2.791
 50
1.773
 51
4.532
  0
ARC
  8
APS_GEOMETRY
 10
271.824
 20
232.998
 40
1.581
 50
4.532
 51
9.384
  0
ARC
  8
APS_GEOMETRY
 10
273.049
 20
233.2
 40
0.34
 50
9.384
 51
19.855
  0
ARC
  8
APS_GEOMETRY
 10
273.211
 20
233.262
 40
0.167
 50
18.853
 51
42.158
  0
ARC
  8
APS_GEOMETRY
 10
273.072
 20
233.136
 40
0.354
 50
42.158
 51
58.092
  0
ARC
  8
APS_GEOMETRY
 10
273.684
 20
234.081
 40
0.771
 50
230.711
 51
236.634
  0
ARC
  8
APS_GEOMETRY
 10
273.299
 20
233.611
 40
0.165
 50
217.875
 51
230.711
  0
ARC
  8
APS_GEOMETRY
 10
273.247
 20
233.57
 40
0.098
 50
196.928
 51
217.875
  0
ARC
  8
APS_GEOMETRY
 10
273.296
 20
233.585
 40
0.15
 50
180.0
 51
196.928
  0
ARC
  8
APS_GEOMETRY
 10
273.264
 20
233.585
 40
0.117
 50
148.791
 51
180.0
  0
ARC
  8
APS_GEOMETRY
 10
273.295
 20
233.567
 40
0.153
 50
121.569
 51
148.791
  0
ARC
  8
APS_GEOMETRY
 10
273.35
 20
233.477
 40
0.259
 50
112.806
 51
121.569
  0
ARC
  8
APS_GEOMETRY
 10
273.499
 20
233.122
 40
0.644
 50
107.254
 51
112.806
  0
ARC
  8
APS_GEOMETRY
 10
273.591
 20
232.827
 40
0.953
 50
103.487
 51
107.254
  0
ARC
  8
APS_GEOMETRY
 10
273.8
 20
231.953
 40
1.851
 50
100.784
 51
103.487
  0
ARC
  8
APS_GEOMETRY
 10
273.866
 20
231.712
 40
2.101
 50
95.643
 51
101.31
  0
ARC
  8
APS_GEOMETRY
 10
273.868
 20
231.695
 40
2.118
 50
90.0
 51
95.643
  0
LINE
  8
APS_GEOMETRY
 10
277.325
 11
277.325
 20
232.316
 21
233.177
  0
ARC
  8
APS_GEOMETRY
 10
275.339
 20
233.177
 40
1.986
 50
0.0
 51
2.404
  0
ARC
  8
APS_GEOMETRY
 10
276.515
 20
233.226
 40
0.809
 50
2.404
 51
6.17
  0
ARC
  8
APS_GEOMETRY
 10
276.867
 20
233.264
 40
0.455
 50
6.17
 51
12.824
  0
ARC
  8
APS_GEOMETRY
 10
277.212
 20
233.343
 40
0.101
 50
12.824
 51
26.98
  0
ARC
  8
APS_GEOMETRY
 10
277.228
 20
233.351
 40
0.083
 50
26.98
 51
59.65
  0
ARC
  8
APS_GEOMETRY
 10
277.077
 20
233.091
 40
0.383
 50
59.65
 51
74.667
  0
ARC
  8
APS_GEOMETRY
 10
277.252
 20
233.716
 40
0.266
 50
225.0
 51
253.887
  0
ARC
  8
APS_GEOMETRY
 10
277.144
 20
233.608
 40
0.113
 50
180.0
 51
225.0
  0
ARC
  8
APS_GEOMETRY
 10
277.164
 20
233.608
 40
0.134
 50
151.157
 51
180.0
  0
ARC
  8
APS_GEOMETRY
 10
277.164
 20
233.608
 40
0.133
 50
122.276
 51
151.157
  0
ARC
  8
APS_GEOMETRY
 10
277.202
 20
233.548
 40
0.205
 50
102.308
 51
122.276
  0
ARC
  8
APS_GEOMETRY
 10
277.273
 20
233.225
 40
0.536
 50
90.0
 51
102.308
  0
ARC
  8
APS_GEOMETRY
 10
277.273
 20
232.602
 40
1.158
 50
88.989
 51
90.0
  0
ARC
  8
APS_GEOMETRY
 10
277.175
 20
227.085
 40
6.676
 50
88.568
 51
88.989
  0
ARC
  8
APS_GEOMETRY
 10
277.038
 20
221.585
 40
12.178
 50
88.337
 51
88.568
  0
ARC
  8
APS_GEOMETRY
 10
276.505
 20
203.229
 40
30.542
 50
88.191
 51
88.337
  0
LINE
  8
APS_GEOMETRY
 10
277.469
 11
277.565
 20
233.755
 21
233.755
  0
ARC
  8
APS_GEOMETRY
 10
277.241
 20
287.553
 40
53.798
 50
270.345
 51
270.49
  0
ARC
  8
APS_GEOMETRY
 10
277.543
 20
252.222
 40
18.467
 50
270.49
 51
270.736
  0
ARC
  8
APS_GEOMETRY
 10
277.667
 20
242.579
 40
8.822
 50
270.736
 51
271.253
  0
ARC
  8
APS_GEOMETRY
 10
277.844
 20
234.518
 40
0.759
 50
271.253
 51
273.013
  0
ARC
  8
APS_GEOMETRY
 10
277.836
 20
234.657
 40
0.899
 50
273.013
 51
274.5
  0
ARC
  8
APS_GEOMETRY
 10
277.003
 20
245.24
 40
11.514
 50
274.5
 51
274.915
  0
LINE
  8
APS_GEOMETRY
 10
277.99
 11
278.088
 20
233.768
 21
233.777
  0
LINE
  8
APS_GEOMETRY
 10
278.088
 11
278.216
 20
233.777
 21
233.788
  0
ARC
  8
APS_GEOMETRY
 10
278.427
 20
231.752
 40
2.047
 50
93.24
 51
95.906
  0
ARC
  8
APS_GEOMETRY
 10
278.39
 20
232.411
 40
1.387
 50
90.0
 51
93.24
  0
ARC
  8
APS_GEOMETRY
 10
278.39
 20
232.62
 40
1.178
 50
77.12
 51
90.0
  0
ARC
  8
APS_GEOMETRY
 10
278.452
 20
232.892
 40
0.899
 50
62.371
 51
77.12
  0
ARC
  8
APS_GEOMETRY
 10
278.557
 20
233.089
 40
0.676
 50
31.215
 51
62.517
  0
ARC
  8
APS_GEOMETRY
 10
278.553
 20
233.087
 40
0.68
 50
360.0
 51
31.215
  0
ARC
  8
APS_GEOMETRY
 10
278.535
 20
233.087
 40
0.698
 50
334.496
 51
360.0
  0
ARC
  8
APS_GEOMETRY
 10
278.57
 20
233.07
 40
0.66
 50
308.254
 51
334.496
  0
ARC
  8
APS_GEOMETRY
 10
278.465
 20
233.209
 40
0.834
 50
287.855
 51
308.034
  0
ARC
  8
APS_GEOMETRY
 10
278.394
 20
233.426
 40
1.062
 50
270.0
 51
287.855
  0
ARC
  8
APS_GEOMETRY
 10
278.394
 20
233.974
 40
1.61
 50
266.918
 51
270.0
  0
ARC
  8
APS_GEOMETRY
 10
278.492
 20
235.789
 40
3.427
 50
264.806
 51
266.918
  0
ARC
  8
APS_GEOMETRY
 10
277.839
 20
227.683
 40
4.705
 50
85.815
 51
86.634
  0
ARC
  8
APS_GEOMETRY
 10
278.098
 20
232.102
 40
0.278
 50
86.634
 51
90.0
  0
ARC
  8
APS_GEOMETRY
 10
278.098
 20
232.339
 40
0.041
 50
90.0
 51
139.686
  0
ARC
  8
APS_GEOMETRY
 10
278.114
 20
232.326
 40
0.061
 50
139.686
 51
180.0
  0
LINE
  8
APS_GEOMETRY
 10
278.053
 11
278.053
 20
232.326
 21
232.316
  0
LINE
  8
APS_GEOMETRY
 10
278.053
 11
278.064
 20
232.316
 21
232.048
  0
ARC
  8
APS_GEOMETRY
 10
278.452
 20
232.064
 40
0.388
 50
182.386
 51
193.753
  0
ARC
  8
APS_GEOMETRY
 10
278.202
 20
232.003
 40
0.131
 50
193.753
 51
213.408
  0
ARC
  8
APS_GEOMETRY
 10
278.205
 20
232.005
 40
0.134
 50
213.408
 51
232.628
  0
ARC
  8
APS_GEOMETRY
 10
278.43
 20
232.3
 40
0.505
 50
232.628
 51
242.488
  0
ARC
  8
APS_GEOMETRY
 10
278.054
 20
231.587
 40
0.301
 50
40.539
 51
61.699
  0
ARC
  8
APS_GEOMETRY
 10
278.218
 20
231.728
 40
0.085
 50
360.0
 51
40.539
  0
ARC
  8
APS_GEOMETRY
 10
278.189
 20
231.728
 40
0.113
 50
315.297
 51
360.0
  0
ARC
  8
APS_GEOMETRY
 10
278.036
 20
231.88
 40
0.329
 50
289.502
 51
315.297
  0
ARC
  8
APS_GEOMETRY
 10
277.923
 20
232.197
 40
0.666
 50
282.372
 51
289.502
  0
ARC
  8
APS_GEOMETRY
 10
277.805
 20
232.736
 40
1.218
 50
277.099
 51
282.372
  0
ARC
  8
APS_GEOMETRY
 10
277.757
 20
233.126
 40
1.611
 50
273.104
 51
277.099
  0
ARC
  8
APS_GEOMETRY
 10
277.7
 20
234.182
 40
2.668
 50
270.0
 51
273.104
  0
ARC
  8
APS_GEOMETRY
 10
277.7
 20
234.15
 40
2.636
 50
263.473
 51
270.0
  0
ARC
  8
APS_GEOMETRY
 10
277.483
 20
232.256
 40
0.73
 50
251.056
 51
263.473
  0
ARC
  8
APS_GEOMETRY
 10
277.344
 20
231.851
 40
0.302
 50
224.161
 51
251.056
  0
ARC
  8
APS_GEOMETRY
 10
277.21
 20
231.721
 40
0.116
 50
180.0
 51
224.161
  0
ARC
  8
APS_GEOMETRY
 10
277.234
 20
231.721
 40
0.14
 50
160.821
 51
180.0
  0
ARC
  8
APS_GEOMETRY
 10
277.176
 20
231.742
 40
0.078
 50
135.0
 51
160.821
  0
ARC
  8
APS_GEOMETRY
 10
277.231
 20
231.686
 40
0.156
 50
121.522
 51
135.0
  0
ARC
  8
APS_GEOMETRY
 10
277.855
 20
230.668
 40
1.35
 50
116.952
 51
121.522
  0
ARC
  8
APS_GEOMETRY
 10
277.173
 20
232.004
 40
0.15
 50
297.824
 51
321.605
  0
ARC
  8
APS_GEOMETRY
 10
277.208
 20
231.977
 40
0.106
 50
321.605
 51
349.992
  0
ARC
  8
APS_GEOMETRY
 10
277.048
 20
232.005
 40
0.268
 50
349.992
 51
356.014
  0
ARC
  8
APS_GEOMETRY
 10
274.615
 20
232.175
 40
2.707
 50
356.014
 51
357.908
  0
ARC
  8
APS_GEOMETRY
 10
271.775
 20
232.278
 40
5.549
 50
357.908
 51
358.833
  0
ARC
  8
APS_GEOMETRY
 10
261.505
 20
232.487
 40
15.821
 50
358.833
 51
359.381
  0
LINE
  8
APS_GEOMETRY
 10
278.064
 11
278.064
 20
233.384
 21
232.828
  0
ARC
  8
APS_GEOMETRY
 10
278.233
 20
232.828
 40
0.169
 50
180.0
 51
199.885
  0
ARC
  8
APS_GEOMETRY
 10
278.107
 20
232.783
 40
0.034
 50
199.885
 51
244.799
  0
ARC
  8
APS_GEOMETRY
 10
278.179
 20
232.932
 40
0.201
 50
244.231
 51
258.996
  0
ARC
  8
APS_GEOMETRY
 10
278.21
 20
233.089
 40
0.36
 50
258.996
 51
270.0
  0
ARC
  8
APS_GEOMETRY
 10
278.21
 20
233.051
 40
0.323
 50
270.0
 51
288.435
  0
ARC
  8
APS_GEOMETRY
 10
278.233
 20
232.982
 40
0.249
 50
288.435
 51
309.428
  0
ARC
  8
APS_GEOMETRY
 10
278.241
 20
232.973
 40
0.237
 50
309.193
 51
339.939
  0
ARC
  8
APS_GEOMETRY
 10
277.948
 20
233.08
 40
0.55
 50
339.939
 51
0.0
  0
ARC
  8
APS_GEOMETRY
 10
277.98
 20
233.08
 40
0.517
 50
360.0
 51
22.011
  0
ARC
  8
APS_GEOMETRY
 10
278.209
 20
233.173
 40
0.27
 50
22.011
 51
52.651
  0
ARC
  8
APS_GEOMETRY
 10
278.206
 20
233.17
 40
0.274
 50
52.374
 51
72.309
  0
ARC
  8
APS_GEOMETRY
 10
278.184
 20
233.101
 40
0.347
 50
72.309
 51
90.0
  0
ARC
  8
APS_GEOMETRY
 10
278.184
 20
233.245
 40
0.203
 50
90.0
 51
118.113
  0
ARC
  8
APS_GEOMETRY
 10
278.109
 20
233.384
 40
0.045
 50
118.113
 51
180.0
  0
ARC
  8
APS_GEOMETRY
 10
280.701
 20
232.535
 40
1.289
 50
71.91
 51
90.0
  0
ARC
  8
APS_GEOMETRY
 10
280.751
 20
232.688
 40
1.128
 50
52.561
 51
71.91
  0
ARC
  8
APS_GEOMETRY
 10
280.738
 20
232.684
 40
1.139
 50
38.846
 51
52.156
  0
ARC
  8
APS_GEOMETRY
 10
280.559
 20
232.54
 40
1.369
 50
26.707
 51
38.846
  0
ARC
  8
APS_GEOMETRY
 10
280.595
 20
232.569
 40
1.324
 50
13.868
 51
26.278
  0
ARC
  8
APS_GEOMETRY
 10
280.85
 20
232.632
 40
1.061
 50
360.0
 51
13.868
  0
ARC
  8
APS_GEOMETRY
 10
280.866
 20
232.632
 40
1.045
 50
339.712
 51
360.0
  0
ARC
  8
APS_GEOMETRY
 10
280.807
 20
232.654
 40
1.108
 50
320.013
 51
339.712
  0
ARC
  8
APS_GEOMETRY
 10
280.798
 20
232.659
 40
1.119
 50
303.344
 51
320.123
  0
ARC
  8
APS_GEOMETRY
 10
280.683
 20
232.834
 40
1.327
 50
287.949
 51
303.344
  0
ARC
  8
APS_GEOMETRY
 10
280.645
 20
232.964
 40
1.463
 50
279.039
 51
287.776
  0
ARC
  8
APS_GEOMETRY
 10
280.66
 20
232.869
 40
1.367
 50
270.0
 51
279.039
  0
ARC
  8
APS_GEOMETRY
 10
280.66
 20
232.803
 40
1.301
 50
257.728
 51
270.0
  0
ARC
  8
APS_GEOMETRY
 10
280.662
 20
232.812
 40
1.31
 50
245.501
 51
257.728
  0
ARC
  8
APS_GEOMETRY
 10
280.589
 20
232.651
 40
1.133
 50
228.665
 51
245.511
  0
ARC
  8
APS_GEOMETRY
 10
280.564
 20
232.623
 40
1.096
 50
211.535
 51
228.665
  0
ARC
  8
APS_GEOMETRY
 10
280.596
 20
232.647
 40
1.136
 50
195.642
 51
211.701
  0
ARC
  8
APS_GEOMETRY
 10
280.655
 20
232.663
 40
1.197
 50
180.0
 51
195.642
  0
ARC
  8
APS_GEOMETRY
 10
280.667
 20
232.663
 40
1.209
 50
162.181
 51
180.0
  0
ARC
  8
APS_GEOMETRY
 10
280.557
 20
232.699
 40
1.093
 50
143.434
 51
162.181
  0
ARC
  8
APS_GEOMETRY
 10
280.542
 20
232.71
 40
1.074
 50
126.384
 51
143.471
  0
ARC
  8
APS_GEOMETRY
 10
280.644
 20
232.572
 40
1.246
 50
110.525
 51
126.384
  0
ARC
  8
APS_GEOMETRY
 10
280.639
 20
232.61
 40
1.209
 50
99.77
 51
110.925
  0
ARC
  8
APS_GEOMETRY
 10
280.701
 20
232.249
 40
1.575
 50
90.0
 51
99.77
  0
ARC
  8
APS_GEOMETRY
 10
280.546
 20
233.114
 40
0.24
 50
90.0
 51
119.604
  0
ARC
  8
APS_GEOMETRY
 10
280.567
 20
233.077
 40
0.283
 50
119.604
 51
146.842
  0
ARC
  8
APS_GEOMETRY
 10
280.609
 20
233.043
 40
0.337
 50
145.84
 51
164.055
  0
ARC
  8
APS_GEOMETRY
 10
280.707
 20
233.015
 40
0.439
 50
164.055
 51
180.0
  0
ARC
  8
APS_GEOMETRY
 10
281.32
 20
233.015
 40
1.053
 50
180.0
 51
189.977
  0
ARC
  8
APS_GEOMETRY
 10
282.253
 20
233.179
 40
2.0
 50
189.977
 51
197.211
  0
ARC
  8
APS_GEOMETRY
 10
282.457
 20
233.242
 40
2.213
 50
197.211
 51
203.76
  0
ARC
  8
APS_GEOMETRY
 10
281.949
 20
233.018
 40
1.658
 50
203.76
 51
211.329
  0
ARC
  8
APS_GEOMETRY
 10
280.905
 20
232.392
 40
0.441
 50
212.32
 51
224.441
  0
ARC
  8
APS_GEOMETRY
 10
280.863
 20
232.35
 40
0.381
 50
224.441
 51
237.484
  0
ARC
  8
APS_GEOMETRY
 10
280.835
 20
232.307
 40
0.33
 50
237.484
 51
252.416
  0
ARC
  8
APS_GEOMETRY
 10
280.807
 20
232.22
 40
0.238
 50
252.416
 51
270.0
  0
ARC
  8
APS_GEOMETRY
 10
280.807
 20
232.248
 40
0.267
 50
270.0
 51
294.953
  0
ARC
  8
APS_GEOMETRY
 10
280.815
 20
232.232
 40
0.249
 50
294.953
 51
320.793
  0
ARC
  8
APS_GEOMETRY
 10
280.775
 20
232.264
 40
0.301
 50
320.793
 51
342.777
  0
ARC
  8
APS_GEOMETRY
 10
280.596
 20
232.32
 40
0.487
 50
342.777
 51
0.0
  0
ARC
  8
APS_GEOMETRY
 10
279.758
 20
232.32
 40
1.325
 50
0.0
 51
8.499
  0
ARC
  8
APS_GEOMETRY
 10
279.175
 20
232.233
 40
1.915
 50
8.499
 51
15.566
  0
ARC
  8
APS_GEOMETRY
 10
279.245
 20
232.252
 40
1.842
 50
15.566
 51
22.909
  0
ARC
  8
APS_GEOMETRY
 10
279.848
 20
232.507
 40
1.188
 50
22.909
 51
32.057
  0
ARC
  8
APS_GEOMETRY
 10
280.322
 20
232.805
 40
0.628
 50
31.921
 51
42.51
  0
ARC
  8
APS_GEOMETRY
 10
280.452
 20
232.925
 40
0.451
 50
42.51
 51
55.008
  0
ARC
  8
APS_GEOMETRY
 10
280.496
 20
232.988
 40
0.374
 50
55.008
 51
69.88
  0
ARC
  8
APS_GEOMETRY
 10
280.536
 20
233.095
 40
0.26
 50
69.88
 51
87.754
  0
ARC
  8
APS_GEOMETRY
 10
283.227
 20
232.364
 40
0.121
 50
90.0
 51
115.837
  0
ARC
  8
APS_GEOMETRY
 10
283.197
 20
232.425
 40
0.053
 50
115.837
 51
155.462
  0
ARC
  8
APS_GEOMETRY
 10
283.232
 20
232.41
 40
0.091
 50
155.462
 51
168.366
  0
ARC
  8
APS_GEOMETRY
 10
283.549
 20
232.344
 40
0.415
 50
168.366
 51
174.395
  0
ARC
  8
APS_GEOMETRY
 10
283.869
 20
232.313
 40
0.736
 50
174.395
 51
177.813
  0
ARC
  8
APS_GEOMETRY
 10
284.93
 20
232.272
 40
1.798
 50
177.813
 51
180.0
  0
ARC
  8
APS_GEOMETRY
 10
285.699
 20
232.272
 40
2.567
 50
180.0
 51
184.62
  0
ARC
  8
APS_GEOMETRY
 10
283.978
 20
232.133
 40
0.84
 50
184.62
 51
192.7
  0
ARC
  8
APS_GEOMETRY
 10
283.314
 20
231.988
 40
0.161
 50
194.036
 51
205.821
  0
ARC
  8
APS_GEOMETRY
 10
283.244
 20
231.954
 40
0.083
 50
205.821
 51
222.274
  0
ARC
  8
APS_GEOMETRY
 10
283.265
 20
231.973
 40
0.112
 50
222.274
 51
234.605
  0
ARC
  8
APS_GEOMETRY
 10
283.508
 20
232.315
 40
0.531
 50
234.605
 51
240.255
  0
ARC
  8
APS_GEOMETRY
 10
283.139
 20
231.661
 40
0.219
 50
34.592
 51
61.189
  0
ARC
  8
APS_GEOMETRY
 10
283.211
 20
231.711
 40
0.131
 50
360.0
 51
34.592
  0
ARC
  8
APS_GEOMETRY
 10
283.216
 20
231.711
 40
0.127
 50
318.231
 51
360.0
  0
ARC
  8
APS_GEOMETRY
 10
283.131
 20
231.787
 40
0.241
 50
288.227
 51
318.231
  0
ARC
  8
APS_GEOMETRY
 10
283.043
 20
232.055
 40
0.522
 50
280.377
 51
288.227
  0
ARC
  8
APS_GEOMETRY
 10
282.889
 20
232.893
 40
1.374
 50
275.541
 51
280.377
  0
ARC
  8
APS_GEOMETRY
 10
282.823
 20
233.575
 40
2.06
 50
272.304
 51
275.541
  0
ARC
  8
APS_GEOMETRY
 10
282.743
 20
235.577
 40
4.063
 50
270.0
 51
272.304
  0
ARC
  8
APS_GEOMETRY
 10
282.743
 20
233.904
 40
2.39
 50
262.811
 51
270.0
  0
ARC
  8
APS_GEOMETRY
 10
282.528
 20
232.203
 40
0.676
 50
249.274
 51
262.811
  0
ARC
  8
APS_GEOMETRY
 10
282.393
 20
231.847
 40
0.295
 50
221.379
 51
249.274
  0
ARC
  8
APS_GEOMETRY
 10
282.275
 20
231.743
 40
0.137
 50
180.0
 51
221.379
  0
ARC
  8
APS_GEOMETRY
 10
282.274
 20
231.743
 40
0.136
 50
164.055
 51
180.0
  0
ARC
  8
APS_GEOMETRY
 10
282.217
 20
231.759
 40
0.077
 50
142.815
 51
164.055
  0
ARC
  8
APS_GEOMETRY
 10
282.253
 20
231.732
 40
0.122
 50
129.007
 51
142.815
  0
ARC
  8
APS_GEOMETRY
 10
282.693
 20
231.189
 40
0.821
 50
123.69
 51
129.007
  0
ARC
  8
APS_GEOMETRY
 10
282.069
 20
232.128
 40
0.306
 50
303.389
 51
319.022
  0
ARC
  8
APS_GEOMETRY
 10
282.152
 20
232.056
 40
0.197
 50
319.022
 51
338.575
  0
ARC
  8
APS_GEOMETRY
 10
282.041
 20
232.099
 40
0.316
 50
338.575
 51
351.049
  0
ARC
  8
APS_GEOMETRY
 10
280.7
 20
232.31
 40
1.673
 50
351.049
 51
356.46
  0
ARC
  8
APS_GEOMETRY
 10
281.142
 20
232.293
 40
1.231
 50
355.972
 51
358.68
  0
ARC
  8
APS_GEOMETRY
 10
266.633
 20
232.628
 40
15.744
 50
358.68
 51
359.437
  0
LINE
  8
APS_GEOMETRY
 10
282.376
 11
282.378
 20
232.473
 21
232.719
  0
LINE
  8
APS_GEOMETRY
 10
282.378
 11
282.378
 20
232.719
 21
233.039
  0
ARC
  8
APS_GEOMETRY
 10
278.588
 20
233.039
 40
3.79
 50
360.0
 51
1.717
  0
ARC
  8
APS_GEOMETRY
 10
280.616
 20
233.1
 40
1.761
 50
1.717
 51
4.236
  0
ARC
  8
APS_GEOMETRY
 10
281.277
 20
233.149
 40
1.098
 50
4.236
 51
8.269
  0
ARC
  8
APS_GEOMETRY
 10
282.039
 20
233.26
 40
0.329
 50
8.269
 51
15.642
  0
ARC
  8
APS_GEOMETRY
 10
282.17
 20
233.296
 40
0.193
 50
15.642
 51
39.417
  0
ARC
  8
APS_GEOMETRY
 10
282.173
 20
233.299
 40
0.189
 50
39.417
 51
63.435
  0
ARC
  8
APS_GEOMETRY
 10
282.513
 20
234.003
 40
0.593
 50
236.874
 51
244.486
  0
ARC
  8
APS_GEOMETRY
 10
282.26
 20
233.616
 40
0.131
 50
220.601
 51
236.874
  0
ARC
  8
APS_GEOMETRY
 10
282.231
 20
233.591
 40
0.092
 50
198.246
 51
220.601
  0
ARC
  8
APS_GEOMETRY
 10
282.274
 20
233.605
 40
0.138
 50
180.0
 51
198.246
  0
ARC
  8
APS_GEOMETRY
 10
282.273
 20
233.605
 40
0.137
 50
156.161
 51
180.0
  0
ARC
  8
APS_GEOMETRY
 10
282.293
 20
233.597
 40
0.158
 50
133.977
 51
156.161
  0
ARC
  8
APS_GEOMETRY
 10
282.331
 20
233.557
 40
0.213
 50
116.996
 51
133.977
  0
ARC
  8
APS_GEOMETRY
 10
282.407
 20
233.408
 40
0.38
 50
104.3
 51
116.996
  0
ARC
  8
APS_GEOMETRY
 10
282.426
 20
233.333
 40
0.458
 50
95.326
 51
104.349
  0
ARC
  8
APS_GEOMETRY
 10
282.506
 20
232.481
 40
1.314
 50
90.0
 51
95.326
  0
ARC
  8
APS_GEOMETRY
 10
282.506
 20
233.144
 40
0.651
 50
87.553
 51
90.0
  0
ARC
  8
APS_GEOMETRY
 10
282.367
 20
229.905
 40
3.893
 50
86.553
 51
87.553
  0
ARC
  8
APS_GEOMETRY
 10
282.17
 20
226.637
 40
7.166
 50
86.009
 51
86.553
  0
ARC
  8
APS_GEOMETRY
 10
281.405
 20
215.667
 40
18.164
 50
85.668
 51
86.009
  0
ARC
  8
APS_GEOMETRY
 10
282.837
 20
234.532
 40
0.756
 50
265.426
 51
268.531
  0
ARC
  8
APS_GEOMETRY
 10
282.905
 20
237.154
 40
3.379
 50
268.531
 51
270.0
  0
ARC
  8
APS_GEOMETRY
 10
282.905
 20
236.351
 40
2.576
 50
270.0
 51
271.637
  0
ARC
  8
APS_GEOMETRY
 10
282.847
 20
238.365
 40
4.591
 50
271.637
 51
272.862
  0
ARC
  8
APS_GEOMETRY
 10
282.781
 20
239.686
 40
5.914
 50
272.862
 51
273.814
  0
ARC
  8
APS_GEOMETRY
 10
282.557
 20
243.041
 40
9.276
 50
273.814
 51
274.574
  0
ARC
  8
APS_GEOMETRY
 10
283.96
 20
224.792
 40
9.027
 50
93.72
 51
94.214
  0
ARC
  8
APS_GEOMETRY
 10
283.661
 20
229.398
 40
4.412
 50
93.013
 51
93.72
  0
ARC
  8
APS_GEOMETRY
 10
283.579
 20
230.958
 40
2.85
 50
91.918
 51
93.013
  0
ARC
  8
APS_GEOMETRY
 10
283.515
 20
232.878
 40
0.928
 50
90.0
 51
91.918
  0
ARC
  8
APS_GEOMETRY
 10
283.515
 20
232.601
 40
1.205
 50
73.82
 51
90.0
  0
ARC
  8
APS_GEOMETRY
 10
283.633
 20
233.01
 40
0.779
 50
53.658
 51
73.82
  0
ARC
  8
APS_GEOMETRY
 10
283.802
 20
233.241
 40
0.493
 50
26.03
 51
53.569
  0
ARC
  8
APS_GEOMETRY
 10
283.75
 20
233.216
 40
0.551
 50
360.0
 51
26.03
  0
ARC
  8
APS_GEOMETRY
 10
283.729
 20
233.216
 40
0.572
 50
345.282
 51
360.0
  0
ARC
  8
APS_GEOMETRY
 10
283.784
 20
233.201
 40
0.515
 50
329.767
 51
345.282
  0
ARC
  8
APS_GEOMETRY
 10
283.815
 20
233.183
 40
0.479
 50
313.168
 51
329.767
  0
ARC
  8
APS_GEOMETRY
 10
283.827
 20
233.171
 40
0.462
 50
296.267
 51
313.168
  0
ARC
  8
APS_GEOMETRY
 10
284.09
 20
232.639
 40
0.131
 50
116.565
 51
139.899
  0
ARC
  8
APS_GEOMETRY
 10
284.024
 20
232.694
 40
0.046
 50
139.899
 51
180.0
  0
ARC
  8
APS_GEOMETRY
 10
284.03
 20
232.694
 40
0.051
 50
180.0
 51
226.193
  0
ARC
  8
APS_GEOMETRY
 10
284.123
 20
232.792
 40
0.186
 50
226.193
 51
249.829
  0
ARC
  8
APS_GEOMETRY
 10
283.855
 20
232.054
 40
0.599
 50
53.249
 51
70.105
  0
ARC
  8
APS_GEOMETRY
 10
283.977
 20
232.217
 40
0.396
 50
32.471
 51
53.249
  0
ARC
  8
APS_GEOMETRY
 10
283.92
 20
232.181
 40
0.463
 50
23.305
 51
32.471
  0
ARC
  8
APS_GEOMETRY
 10
283.57
 20
232.03
 40
0.845
 50
16.521
 51
23.305
  0
ARC
  8
APS_GEOMETRY
 10
283.296
 20
231.949
 40
1.13
 50
11.429
 51
16.521
  0
ARC
  8
APS_GEOMETRY
 10
282.522
 20
231.792
 40
1.92
 50
7.524
 51
11.429
  0
ARC
  8
APS_GEOMETRY
 10
285.088
 20
232.134
 40
0.669
 50
187.765
 51
196.914
  0
ARC
  8
APS_GEOMETRY
 10
284.541
 20
231.967
 40
0.097
 50
196.914
 51
221.082
  0
ARC
  8
APS_GEOMETRY
 10
284.543
 20
231.969
 40
0.1
 50
221.082
 51
244.607
  0
ARC
  8
APS_GEOMETRY
 10
284.777
 20
232.461
 40
0.645
 50
244.607
 51
253.811
  0
ARC
  8
APS_GEOMETRY
 10
284.571
 20
231.761
 40
0.085
 50
51.45
 51
72.474
  0
ARC
  8
APS_GEOMETRY
 10
284.55
 20
231.735
 40
0.119
 50
33.69
 51
51.45
  0
ARC
  8
APS_GEOMETRY
 10
284.545
 20
231.731
 40
0.125
 50
16.639
 51
33.69
  0
ARC
  8
APS_GEOMETRY
 10
284.539
 20
231.729
 40
0.131
 50
360.0
 51
16.639
  0
ARC
  8
APS_GEOMETRY
 10
284.538
 20
231.729
 40
0.133
 50
338.993
 51
360.0
  0
ARC
  8
APS_GEOMETRY
 10
284.456
 20
231.761
 40
0.22
 50
322.696
 51
338.993
  0
ARC
  8
APS_GEOMETRY
 10
284.426
 20
231.784
 40
0.258
 50
308.603
 51
322.696
  0
ARC
  8
APS_GEOMETRY
 10
284.405
 20
231.81
 40
0.292
 50
295.346
 51
308.603
  0
ARC
  8
APS_GEOMETRY
 10
284.296
 20
232.051
 40
0.557
 50
279.583
 51
294.905
  0
ARC
  8
APS_GEOMETRY
 10
284.152
 20
232.9
 40
1.418
 50
270.0
 51
279.583
  0
ARC
  8
APS_GEOMETRY
 10
284.152
 20
232.516
 40
1.034
 50
261.247
 51
270.0
  0
ARC
  8
APS_GEOMETRY
 10
284.086
 20
232.086
 40
0.598
 50
249.737
 51
261.247
  0
ARC
  8
APS_GEOMETRY
 10
284.043
 20
231.968
 40
0.473
 50
235.345
 51
249.737
  0
ARC
  8
APS_GEOMETRY
 10
283.988
 20
231.889
 40
0.376
 50
219.198
 51
235.345
  0
ARC
  8
APS_GEOMETRY
 10
284.103
 20
231.987
 40
0.528
 50
209.076
 51
219.56
  0
ARC
  8
APS_GEOMETRY
 10
284.37
 20
232.136
 40
0.834
 50
200.735
 51
209.076
  0
ARC
  8
APS_GEOMETRY
 10
284.739
 20
232.275
 40
1.228
 50
197.881
 51
200.735
  0
ARC
  8
APS_GEOMETRY
 10
286.253
 20
232.764
 40
2.819
 50
195.997
 51
197.881
  0
ARC
  8
APS_GEOMETRY
 10
287.372
 20
233.085
 40
3.983
 50
194.664
 51
195.997
  0
ARC
  8
APS_GEOMETRY
 10
290.472
 20
233.896
 40
7.187
 50
193.671
 51
194.664
  0
ARC
  8
APS_GEOMETRY
 10
282.611
 20
231.985
 40
0.903
 50
13.61
 51
23.585
  0
ARC
  8
APS_GEOMETRY
 10
283.202
 20
232.243
 40
0.258
 50
23.585
 51
42.31
  0
ARC
  8
APS_GEOMETRY
 10
283.256
 20
232.292
 40
0.185
 50
42.31
 51
67.521
  0
ARC
  8
APS_GEOMETRY
 10
283.213
 20
232.189
 40
0.296
 50
67.521
 51
87.397
  0
LINE
  8
APS_GEOMETRY
 10
283.134
 11
283.116
 20
233.319
 21
232.938
  0
LINE
  8
APS_GEOMETRY
 10
283.116
 11
283.116
 20
232.938
 21
232.932
  0
LINE
  8
APS_GEOMETRY
 10
283.116
 11
283.116
 20
232.932
 21
232.923
  0
ARC
  8
APS_GEOMETRY
 10
283.38
 20
232.923
 40
0.265
 50
180.0
 51
192.339
  0
ARC
  8
APS_GEOMETRY
 10
283.17
 20
232.877
 40
0.049
 50
192.339
 51
221.186
  0
ARC
  8
APS_GEOMETRY
 10
283.165
 20
232.873
 40
0.043
 50
221.186
 51
253.872
  0
ARC
  8
APS_GEOMETRY
 10
283.201
 20
232.996
 40
0.171
 50
253.872
 51
270.0
  0
ARC
  8
APS_GEOMETRY
 10
283.201
 20
233.224
 40
0.399
 50
270.0
 51
289.569
  0
ARC
  8
APS_GEOMETRY
 10
283.273
 20
233.02
 40
0.182
 50
289.569
 51
318.681
  0
ARC
  8
APS_GEOMETRY
 10
283.253
 20
233.037
 40
0.208
 50
318.681
 51
344.628
  0
ARC
  8
APS_GEOMETRY
 10
282.888
 20
233.137
 40
0.587
 50
344.628
 51
0.0
  0
ARC
  8
APS_GEOMETRY
 10
283.062
 20
233.137
 40
0.413
 50
0.0
 51
35.369
  0
ARC
  8
APS_GEOMETRY
 10
283.251
 20
233.272
 40
0.181
 50
35.369
 51
90.0
  0
ARC
  8
APS_GEOMETRY
 10
283.251
 20
233.27
 40
0.183
 50
90.0
 51
108.435
  0
ARC
  8
APS_GEOMETRY
 10
283.216
 20
233.377
 40
0.07
 50
108.435
 51
138.366
  0
ARC
  8
APS_GEOMETRY
 10
283.225
 20
233.368
 40
0.083
 50
138.366
 51
164.291
  0
ARC
  8
APS_GEOMETRY
 10
283.449
 20
233.305
 40
0.316
 50
164.291
 51
177.51
  0
LINE
  8
APS_GEOMETRY
 10
285.659
 11
286.521
 20
233.778
 21
233.778
  0
ARC
  8
APS_GEOMETRY
 10
286.477
 20
235.013
 40
1.236
 50
272.021
 51
278.44
  0
ARC
  8
APS_GEOMETRY
 10
286.526
 20
234.685
 40
0.904
 50
278.44
 51
285.945
  0
ARC
  8
APS_GEOMETRY
 10
286.892
 20
233.375
 40
0.456
 50
98.584
 51
104.931
  0
ARC
  8
APS_GEOMETRY
 10
286.861
 20
233.579
 40
0.25
 50
90.0
 51
98.584
  0
ARC
  8
APS_GEOMETRY
 10
286.861
 20
233.641
 40
0.188
 50
52.871
 51
90.0
  0
ARC
  8
APS_GEOMETRY
 10
286.607
 20
233.305
 40
0.609
 50
32.518
 51
52.871
  0
ARC
  8
APS_GEOMETRY
 10
286.405
 20
233.177
 40
0.848
 50
17.209
 51
32.518
  0
ARC
  8
APS_GEOMETRY
 10
286.573
 20
233.229
 40
0.672
 50
360.0
 51
17.209
  0
ARC
  8
APS_GEOMETRY
 10
286.909
 20
233.229
 40
0.336
 50
337.348
 51
360.0
  0
ARC
  8
APS_GEOMETRY
 10
287.044
 20
233.173
 40
0.19
 50
307.042
 51
337.348
  0
ARC
  8
APS_GEOMETRY
 10
287.021
 20
233.205
 40
0.229
 50
287.186
 51
306.87
  0
ARC
  8
APS_GEOMETRY
 10
287.0
 20
233.272
 40
0.3
 50
270.0
 51
287.186
  0
ARC
  8
APS_GEOMETRY
 10
287.0
 20
233.242
 40
0.27
 50
252.221
 51
270.0
  0
ARC
  8
APS_GEOMETRY
 10
286.987
 20
233.203
 40
0.229
 50
232.896
 51
252.221
  0
ARC
  8
APS_GEOMETRY
 10
287.036
 20
233.267
 40
0.309
 50
218.3
 51
232.896
  0
ARC
  8
APS_GEOMETRY
 10
287.415
 20
233.566
 40
0.792
 50
209.197
 51
218.3
  0
ARC
  8
APS_GEOMETRY
 10
285.487
 20
232.522
 40
1.401
 50
28.025
 51
32.699
  0
ARC
  8
APS_GEOMETRY
 10
286.495
 20
233.169
 40
0.203
 50
32.699
 51
45.0
  0
ARC
  8
APS_GEOMETRY
 10
286.564
 20
233.237
 40
0.106
 50
45.0
 51
67.557
  0
ARC
  8
APS_GEOMETRY
 10
286.563
 20
233.236
 40
0.107
 50
67.557
 51
90.0
  0
ARC
  8
APS_GEOMETRY
 10
286.563
 20
233.245
 40
0.098
 50
90.0
 51
120.801
  0
ARC
  8
APS_GEOMETRY
 10
286.56
 20
233.25
 40
0.092
 50
120.801
 51
152.7
  0
ARC
  8
APS_GEOMETRY
 10
286.633
 20
233.213
 40
0.174
 50
152.7
 51
171.085
  0
ARC
  8
APS_GEOMETRY
 10
287.188
 20
233.126
 40
0.735
 50
171.085
 51
180.0
  0
LINE
  8
APS_GEOMETRY
 10
286.452
 11
286.452
 20
233.126
 21
232.21
  0
ARC
  8
APS_GEOMETRY
 10
287.424
 20
232.21
 40
0.971
 50
180.0
 51
188.194
  0
ARC
  8
APS_GEOMETRY
 10
286.698
 20
232.106
 40
0.238
 50
188.194
 51
204.775
  0
ARC
  8
APS_GEOMETRY
 10
286.628
 20
232.073
 40
0.161
 50
204.775
 51
228.576
  0
ARC
  8
APS_GEOMETRY
 10
286.694
 20
232.148
 40
0.261
 50
228.576
 51
247.218
  0
ARC
  8
APS_GEOMETRY
 10
286.31
 20
231.245
 40
0.721
 50
59.381
 51
66.93
  0
ARC
  8
APS_GEOMETRY
 10
286.593
 20
231.723
 40
0.165
 50
43.568
 51
59.381
  0
ARC
  8
APS_GEOMETRY
 10
286.639
 20
231.766
 40
0.103
 50
19.041
 51
43.568
  0
ARC
  8
APS_GEOMETRY
 10
286.576
 20
231.744
 40
0.169
 50
360.0
 51
19.041
  0
ARC
  8
APS_GEOMETRY
 10
286.608
 20
231.744
 40
0.137
 50
317.66
 51
360.0
  0
ARC
  8
APS_GEOMETRY
 10
286.481
 20
231.859
 40
0.308
 50
289.747
 51
317.66
  0
ARC
  8
APS_GEOMETRY
 10
286.376
 20
232.153
 40
0.621
 50
281.964
 51
289.747
  0
ARC
  8
APS_GEOMETRY
 10
286.23
 20
232.844
 40
1.327
 50
276.643
 51
281.964
  0
ARC
  8
APS_GEOMETRY
 10
286.168
 20
233.373
 40
1.859
 50
272.836
 51
276.643
  0
ARC
  8
APS_GEOMETRY
 10
286.094
 20
234.861
 40
3.35
 50
270.0
 51
272.836
  0
ARC
  8
APS_GEOMETRY
 10
286.094
 20
235.784
 40
4.272
 50
267.283
 51
270.0
  0
ARC
  8
APS_GEOMETRY
 10
286.004
 20
233.894
 40
2.38
 50
263.643
 51
267.283
  0
ARC
  8
APS_GEOMETRY
 10
285.929
 20
233.22
 40
1.701
 50
258.563
 51
263.643
  0
ARC
  8
APS_GEOMETRY
 10
285.75
 20
232.333
 40
0.796
 50
251.136
 51
258.563
  0
ARC
  8
APS_GEOMETRY
 10
285.59
 20
231.868
 40
0.305
 50
222.558
 51
251.395
  0
ARC
  8
APS_GEOMETRY
 10
285.471
 20
231.759
 40
0.144
 50
180.0
 51
222.558
  0
ARC
  8
APS_GEOMETRY
 10
285.447
 20
231.759
 40
0.12
 50
150.642
 51
180.0
  0
ARC
  8
APS_GEOMETRY
 10
285.456
 20
231.753
 40
0.131
 50
122.574
 51
150.642
  0
ARC
  8
APS_GEOMETRY
 10
285.431
 20
231.783
 40
0.093
 50
108.677
 51
119.055
  0
ARC
  8
APS_GEOMETRY
 10
286.587
 20
228.363
 40
3.702
 50
107.038
 51
108.677
  0
ARC
  8
APS_GEOMETRY
 10
285.459
 20
232.052
 40
0.155
 50
286.144
 51
308.66
  0
ARC
  8
APS_GEOMETRY
 10
285.485
 20
232.02
 40
0.114
 50
308.66
 51
334.933
  0
ARC
  8
APS_GEOMETRY
 10
285.381
 20
232.068
 40
0.228
 50
334.933
 51
348.829
  0
ARC
  8
APS_GEOMETRY
 10
284.09
 20
232.323
 40
1.545
 50
348.829
 51
354.161
  0
ARC
  8
APS_GEOMETRY
 10
283.217
 20
232.413
 40
2.422
 50
354.144
 51
355.66
  0
ARC
  8
APS_GEOMETRY
 10
279.348
 20
232.707
 40
6.302
 50
355.66
 51
356.6
  0
ARC
  8
APS_GEOMETRY
 10
276.391
 20
232.882
 40
9.265
 50
356.6
 51
357.24
  0
ARC
  8
APS_GEOMETRY
 10
268.0
 20
233.287
 40
17.666
 50
357.24
 51
357.703
  0
ARC
  8
APS_GEOMETRY
 10
268.826
 20
233.254
 40
16.839
 50
357.703
 51
358.674
  0
ARC
  8
APS_GEOMETRY
 10
276.617
 20
233.074
 40
9.045
 50
358.674
 51
0.0
  0
ARC
  8
APS_GEOMETRY
 10
284.322
 20
233.074
 40
1.341
 50
360.0
 51
6.242
  0
ARC
  8
APS_GEOMETRY
 10
285.388
 20
233.19
 40
0.268
 50
6.242
 51
20.225
  0
ARC
  8
APS_GEOMETRY
 10
285.536
 20
233.245
 40
0.111
 50
20.225
 51
50.44
  0
ARC
  8
APS_GEOMETRY
 10
285.564
 20
233.279
 40
0.066
 50
50.44
 51
90.0
  0
ARC
  8
APS_GEOMETRY
 10
285.564
 20
233.257
 40
0.088
 50
90.0
 51
126.747
  0
ARC
  8
APS_GEOMETRY
 10
285.689
 20
233.09
 40
0.296
 50
126.747
 51
146.547
  0
ARC
  8
APS_GEOMETRY
 10
283.489
 20
234.536
 40
2.336
 50
324.255
 51
326.701
  0
ARC
  8
APS_GEOMETRY
 10
284.421
 20
233.866
 40
1.188
 50
320.826
 51
324.255
  0
ARC
  8
APS_GEOMETRY
 10
284.725
 20
233.618
 40
0.796
 50
315.722
 51
320.826
  0
ARC
  8
APS_GEOMETRY
 10
285.075
 20
233.277
 40
0.307
 50
307.504
 51
315.722
  0
ARC
  8
APS_GEOMETRY
 10
285.042
 20
233.32
 40
0.361
 50
291.306
 51
307.405
  0
ARC
  8
APS_GEOMETRY
 10
285.098
 20
233.176
 40
0.207
 50
270.0
 51
291.306
  0
ARC
  8
APS_GEOMETRY
 10
285.098
 20
233.163
 40
0.194
 50
245.532
 51
270.0
  0
ARC
  8
APS_GEOMETRY
 10
285.097
 20
233.16
 40
0.19
 50
220.833
 51
245.532
  0
ARC
  8
APS_GEOMETRY
 10
285.117
 20
233.177
 40
0.216
 50
198.684
 51
220.833
  0
ARC
  8
APS_GEOMETRY
 10
285.199
 20
233.204
 40
0.303
 50
180.0
 51
198.684
  0
ARC
  8
APS_GEOMETRY
 10
285.391
 20
233.204
 40
0.495
 50
168.408
 51
180.0
  0
ARC
  8
APS_GEOMETRY
 10
285.709
 20
233.139
 40
0.82
 50
159.402
 51
168.408
  0
ARC
  8
APS_GEOMETRY
 10
285.807
 20
233.102
 40
0.924
 50
151.39
 51
159.402
  0
ARC
  8
APS_GEOMETRY
 10
285.787
 20
233.113
 40
0.902
 50
143.276
 51
151.39
  0
ARC
  8
APS_GEOMETRY
 10
285.534
 20
233.302
 40
0.586
 50
124.216
 51
143.31
  0
ARC
  8
APS_GEOMETRY
 10
285.309
 20
233.633
 40
0.186
 50
90.0
 51
124.216
  0
ARC
  8
APS_GEOMETRY
 10
285.309
 20
233.55
 40
0.269
 50
82.725
 51
90.0
  0
ARC
  8
APS_GEOMETRY
 10
285.288
 20
233.385
 40
0.435
 50
77.005
 51
82.725
  0
ARC
  8
APS_GEOMETRY
 10
285.931
 20
236.483
 40
2.728
 50
258.486
 51
260.378
  0
ARC
  8
APS_GEOMETRY
 10
285.655
 20
234.859
 40
1.082
 50
260.378
 51
263.382
  0
ARC
  8
APS_GEOMETRY
 10
285.632
 20
234.656
 40
0.877
 50
263.382
 51
267.084
  0
ARC
  8
APS_GEOMETRY
 10
285.659
 20
235.192
 40
1.414
 50
267.084
 51
270.0
  0
LINE
  8
APS_GEOMETRY
 10
287.83
 11
288.671
 20
233.778
 21
233.778
  0
ARC
  8
APS_GEOMETRY
 10
288.671
 20
244.364
 40
10.586
 50
270.0
 51
270.69
  0
ARC
  8
APS_GEOMETRY
 10
288.73
 20
239.411
 40
5.633
 50
270.69
 51
271.637
  0
ARC
  8
APS_GEOMETRY
 10
288.78
 20
237.652
 40
3.872
 50
271.637
 51
273.013
  0
ARC
  8
APS_GEOMETRY
 10
288.903
 20
235.324
 40
1.541
 50
273.013
 51
275.194
  0
ARC
  8
APS_GEOMETRY
 10
288.933
 20
234.99
 40
1.206
 50
275.194
 51
280.756
  0
ARC
  8
APS_GEOMETRY
 10
288.939
 20
234.96
 40
1.175
 50
280.756
 51
286.39
  0
ARC
  8
APS_GEOMETRY
 10
289.37
 20
233.485
 40
0.361
 50
100.305
 51
105.945
  0
ARC
  8
APS_GEOMETRY
 10
289.325
 20
233.734
 40
0.108
 50
90.0
 51
100.305
  0
ARC
  8
APS_GEOMETRY
 10
289.325
 20
233.695
 40
0.147
 50
58.946
 51
90.0
  0
ARC
  8
APS_GEOMETRY
 10
289.268
 20
233.602
 40
0.256
 50
35.538
 51
58.946
  0
ARC
  8
APS_GEOMETRY
 10
289.049
 20
233.44
 40
0.528
 50
16.699
 51
35.952
  0
ARC
  8
APS_GEOMETRY
 10
288.884
 20
233.391
 40
0.701
 50
360.0
 51
16.699
  0
ARC
  8
APS_GEOMETRY
 10
289.191
 20
233.391
 40
0.393
 50
344.982
 51
360.0
  0
ARC
  8
APS_GEOMETRY
 10
289.38
 20
233.34
 40
0.198
 50
323.746
 51
344.982
  0
ARC
  8
APS_GEOMETRY
 10
289.422
 20
233.309
 40
0.146
 50
296.114
 51
323.746
  0
ARC
  8
APS_GEOMETRY
 10
289.415
 20
233.325
 40
0.163
 50
270.0
 51
296.114
  0
ARC
  8
APS_GEOMETRY
 10
289.415
 20
233.366
 40
0.204
 50
255.311
 51
270.0
  0
ARC
  8
APS_GEOMETRY
 10
289.387
 20
233.262
 40
0.097
 50
233.881
 51
255.311
  0
ARC
  8
APS_GEOMETRY
 10
289.416
 20
233.301
 40
0.145
 50
219.289
 51
233.881
  0
ARC
  8
APS_GEOMETRY
 10
289.992
 20
233.773
 40
0.89
 50
213.408
 51
219.289
  0
ARC
  8
APS_GEOMETRY
 10
288.912
 20
233.062
 40
0.403
 50
33.294
 51
51.246
  0
ARC
  8
APS_GEOMETRY
 10
288.967
 20
233.13
 40
0.315
 50
51.246
 51
71.565
  0
ARC
  8
APS_GEOMETRY
 10
288.931
 20
233.021
 40
0.43
 50
71.565
 51
79.278
  0
ARC
  8
APS_GEOMETRY
 10
288.815
 20
232.406
 40
1.056
 50
79.278
 51
84.2
  0
ARC
  8
APS_GEOMETRY
 10
288.765
 20
231.917
 40
1.547
 50
84.2
 51
87.567
  0
ARC
  8
APS_GEOMETRY
 10
288.705
 20
230.503
 40
2.963
 50
87.567
 51
90.0
  0
ARC
  8
APS_GEOMETRY
 10
288.705
 20
232.633
 40
0.833
 50
90.0
 51
96.374
  0
ARC
  8
APS_GEOMETRY
 10
288.65
 20
233.128
 40
0.335
 50
96.374
 51
106.434
  0
ARC
  8
APS_GEOMETRY
 10
288.61
 20
233.261
 40
0.196
 50
106.434
 51
123.056
  0
ARC
  8
APS_GEOMETRY
 10
288.549
 20
233.355
 40
0.084
 50
123.056
 51
148.627
  0
ARC
  8
APS_GEOMETRY
 10
288.605
 20
233.324
 40
0.148
 50
149.421
 51
165.28
  0
ARC
  8
APS_GEOMETRY
 10
288.766
 20
233.281
 40
0.315
 50
165.28
 51
176.135
  0
ARC
  8
APS_GEOMETRY
 10
289.229
 20
233.25
 40
0.778
 50
176.135
 51
178.367
  0
ARC
  8
APS_GEOMETRY
 10
293.504
 20
233.128
 40
5.055
 50
178.367
 51
179.242
  0
ARC
  8
APS_GEOMETRY
 10
297.922
 20
233.07
 40
9.474
 50
179.242
 51
179.709
  0
ARC
  8
APS_GEOMETRY
 10
312.955
 20
232.993
 40
24.507
 50
179.709
 51
180.0
  0
ARC
  8
APS_GEOMETRY
 10
288.803
 20
232.993
 40
0.355
 50
180.0
 51
195.027
  0
ARC
  8
APS_GEOMETRY
 10
288.513
 20
232.916
 40
0.054
 50
195.027
 51
234.058
  0
ARC
  8
APS_GEOMETRY
 10
288.516
 20
232.919
 40
0.059
 50
234.058
 51
253.191
  0
ARC
  8
APS_GEOMETRY
 10
288.577
 20
233.124
 40
0.273
 50
253.191
 51
262.063
  0
ARC
  8
APS_GEOMETRY
 10
288.609
 20
233.352
 40
0.503
 50
262.063
 51
266.949
  0
ARC
  8
APS_GEOMETRY
 10
288.651
 20
234.136
 40
1.288
 50
266.949
 51
270.0
  0
ARC
  8
APS_GEOMETRY
 10
288.651
 20
233.084
 40
0.236
 50
270.0
 51
286.007
  0
ARC
  8
APS_GEOMETRY
 10
288.692
 20
232.94
 40
0.086
 50
286.007
 51
312.647
  0
ARC
  8
APS_GEOMETRY
 10
288.691
 20
232.941
 40
0.088
 50
312.647
 51
338.993
  0
ARC
  8
APS_GEOMETRY
 10
288.513
 20
233.01
 40
0.279
 50
338.993
 51
353.66
  0
ARC
  8
APS_GEOMETRY
 10
290.359
 20
232.789
 40
1.58
 50
169.663
 51
173.118
  0
ARC
  8
APS_GEOMETRY
 10
289.039
 20
233.03
 40
0.239
 50
160.769
 51
169.663
  0
ARC
  8
APS_GEOMETRY
 10
288.929
 20
233.069
 40
0.122
 50
143.746
 51
160.769
  0
ARC
  8
APS_GEOMETRY
 10
288.955
 20
233.049
 40
0.155
 50
128.66
 51
143.746
  0
ARC
  8
APS_GEOMETRY
 10
288.938
 20
233.078
 40
0.121
 50
110.171
 51
130.601
  0
ARC
  8
APS_GEOMETRY
 10
288.939
 20
233.075
 40
0.125
 50
90.0
 51
110.171
  0
ARC
  8
APS_GEOMETRY
 10
288.939
 20
233.073
 40
0.126
 50
61.22
 51
90.0
  0
ARC
  8
APS_GEOMETRY
 10
288.917
 20
233.033
 40
0.172
 50
36.634
 51
61.22
  0
ARC
  8
APS_GEOMETRY
 10
288.896
 20
233.021
 40
0.196
 50
19.103
 51
35.91
  0
ARC
  8
APS_GEOMETRY
 10
288.256
 20
232.799
 40
0.873
 50
11.16
 51
19.103
  0
ARC
  8
APS_GEOMETRY
 10
287.922
 20
232.733
 40
1.214
 50
5.396
 51
11.16
  0
ARC
  8
APS_GEOMETRY
 10
287.752
 20
232.717
 40
1.385
 50
0.0
 51
5.396
  0
ARC
  8
APS_GEOMETRY
 10
287.776
 20
232.717
 40
1.361
 50
349.287
 51
0.0
  0
ARC
  8
APS_GEOMETRY
 10
288.444
 20
232.591
 40
0.681
 50
334.12
 51
349.287
  0
ARC
  8
APS_GEOMETRY
 10
288.904
 20
232.368
 40
0.17
 50
303.53
 51
333.853
  0
ARC
  8
APS_GEOMETRY
 10
288.921
 20
232.343
 40
0.14
 50
270.0
 51
303.53
  0
ARC
  8
APS_GEOMETRY
 10
288.921
 20
232.35
 40
0.146
 50
249.578
 51
270.0
  0
ARC
  8
APS_GEOMETRY
 10
288.89
 20
232.266
 40
0.057
 50
216.607
 51
249.578
  0
ARC
  8
APS_GEOMETRY
 10
288.919
 20
232.288
 40
0.094
 50
195.422
 51
216.607
  0
ARC
  8
APS_GEOMETRY
 10
289.432
 20
232.43
 40
0.626
 50
187.253
 51
195.422
  0
ARC
  8
APS_GEOMETRY
 10
288.604
 20
232.323
 40
0.209
 50
7.561
 51
49.434
  0
ARC
  8
APS_GEOMETRY
 10
288.595
 20
232.313
 40
0.222
 50
49.434
 51
90.0
  0
ARC
  8
APS_GEOMETRY
 10
288.595
 20
232.386
 40
0.15
 50
90.0
 51
115.224
  0
ARC
  8
APS_GEOMETRY
 10
288.566
 20
232.449
 40
0.08
 50
115.224
 51
149.931
  0
ARC
  8
APS_GEOMETRY
 10
288.619
 20
232.418
 40
0.142
 50
149.931
 51
171.111
  0
ARC
  8
APS_GEOMETRY
 10
289.268
 20
232.316
 40
0.798
 50
171.111
 51
180.0
  0
ARC
  8
APS_GEOMETRY
 10
289.906
 20
232.316
 40
1.437
 50
180.0
 51
183.062
  0
ARC
  8
APS_GEOMETRY
 10
292.106
 20
232.434
 40
3.639
 50
183.062
 51
184.986
  0
ARC
  8
APS_GEOMETRY
 10
290.952
 20
232.333
 40
2.481
 50
184.986
 51
187.804
  0
ARC
  8
APS_GEOMETRY
 10
288.767
 20
232.034
 40
0.276
 50
187.804
 51
196.26
  0
ARC
  8
APS_GEOMETRY
 10
288.574
 20
231.976
 40
0.075
 50
194.931
 51
230.024
  0
ARC
  8
APS_GEOMETRY
 10
288.623
 20
232.034
 40
0.151
 50
230.024
 51
254.511
  0
ARC
  8
APS_GEOMETRY
 10
288.683
 20
232.25
 40
0.374
 50
254.511
 51
265.219
  0
ARC
  8
APS_GEOMETRY
 10
288.808
 20
233.743
 40
1.873
 50
265.219
 51
270.0
  0
ARC
  8
APS_GEOMETRY
 10
288.808
 20
233.545
 40
1.675
 50
270.0
 51
274.186
  0
ARC
  8
APS_GEOMETRY
 10
288.859
 20
232.849
 40
0.977
 50
274.186
 51
279.668
  0
ARC
  8
APS_GEOMETRY
 10
288.901
 20
232.604
 40
0.728
 50
279.668
 51
286.991
  0
ARC
  8
APS_GEOMETRY
 10
288.996
 20
232.291
 40
0.401
 50
286.991
 51
296.866
  0
ARC
  8
APS_GEOMETRY
 10
289.016
 20
232.251
 40
0.357
 50
296.866
 51
318.366
  0
ARC
  8
APS_GEOMETRY
 10
288.816
 20
232.429
 40
0.624
 50
318.366
 51
334.581
  0
ARC
  8
APS_GEOMETRY
 10
290.133
 20
231.798
 40
0.836
 50
147.08
 51
154.231
  0
ARC
  8
APS_GEOMETRY
 10
289.582
 20
232.154
 40
0.18
 50
131.634
 51
147.08
  0
ARC
  8
APS_GEOMETRY
 10
289.541
 20
232.2
 40
0.118
 50
108.875
 51
131.634
  0
ARC
  8
APS_GEOMETRY
 10
289.558
 20
232.15
 40
0.171
 50
90.0
 51
108.875
  0
ARC
  8
APS_GEOMETRY
 10
289.558
 20
232.185
 40
0.136
 50
62.628
 51
90.0
  0
ARC
  8
APS_GEOMETRY
 10
289.55
 20
232.168
 40
0.155
 50
36.995
 51
62.628
  0
ARC
  8
APS_GEOMETRY
 10
289.511
 20
232.139
 40
0.204
 50
16.728
 51
36.995
  0
ARC
  8
APS_GEOMETRY
 10
289.421
 20
232.112
 40
0.298
 50
360.0
 51
16.728
  0
ARC
  8
APS_GEOMETRY
 10
289.242
 20
232.112
 40
0.477
 50
348.323
 51
360.0
  0
ARC
  8
APS_GEOMETRY
 10
288.527
 20
232.26
 40
1.207
 50
340.994
 51
348.323
  0
ARC
  8
APS_GEOMETRY
 10
288.357
 20
232.318
 40
1.387
 50
334.592
 51
340.994
  0
ARC
  8
APS_GEOMETRY
 10
288.653
 20
232.178
 40
1.059
 50
327.265
 51
334.592
  0
ARC
  8
APS_GEOMETRY
 10
288.997
 20
231.975
 40
0.66
 50
320.133
 51
325.923
  0
ARC
  8
APS_GEOMETRY
 10
289.397
 20
231.641
 40
0.139
 50
307.476
 51
320.133
  0
ARC
  8
APS_GEOMETRY
 10
289.432
 20
231.595
 40
0.081
 50
286.429
 51
307.476
  0
ARC
  8
APS_GEOMETRY
 10
289.418
 20
231.644
 40
0.132
 50
270.0
 51
286.429
  0
ARC
  8
APS_GEOMETRY
 10
289.418
 20
231.797
 40
0.285
 50
263.774
 51
270.0
  0
ARC
  8
APS_GEOMETRY
 10
289.501
 20
232.562
 40
1.055
 50
260.538
 51
263.774
  0
ARC
  8
APS_GEOMETRY
 10
289.128
 20
230.455
 40
1.086
 50
79.38
 51
84.987
  0
ARC
  8
APS_GEOMETRY
 10
288.966
 20
228.609
 40
2.938
 50
84.987
 51
88.394
  0
LINE
  8
APS_GEOMETRY
 10
289.048
 11
287.662
 20
231.546
 21
231.546
  0
ARC
  8
APS_GEOMETRY
 10
287.662
 20
231.836
 40
0.29
 50
254.103
 51
270.0
  0
ARC
  8
APS_GEOMETRY
 10
287.621
 20
231.693
 40
0.141
 50
231.216
 51
254.103
  0
ARC
  8
APS_GEOMETRY
 10
287.604
 20
231.672
 40
0.114
 50
203.795
 51
231.216
  0
ARC
  8
APS_GEOMETRY
 10
287.638
 20
231.687
 40
0.151
 50
180.0
 51
203.795
  0
ARC
  8
APS_GEOMETRY
 10
287.65
 20
231.687
 40
0.164
 50
164.055
 51
180.0
  0
ARC
  8
APS_GEOMETRY
 10
287.549
 20
231.716
 40
0.059
 50
137.291
 51
164.055
  0
ARC
  8
APS_GEOMETRY
 10
287.58
 20
231.688
 40
0.1
 50
120.964
 51
137.291
  0
ARC
  8
APS_GEOMETRY
 10
287.905
 20
231.146
 40
0.732
 50
114.944
 51
120.964
  0
ARC
  8
APS_GEOMETRY
 10
287.499
 20
232.034
 40
0.244
 50
293.429
 51
305.72
  0
ARC
  8
APS_GEOMETRY
 10
287.566
 20
231.94
 40
0.129
 50
305.72
 51
322.651
  0
ARC
  8
APS_GEOMETRY
 10
287.556
 20
231.948
 40
0.142
 50
322.651
 51
338.11
  0
ARC
  8
APS_GEOMETRY
 10
287.353
 20
232.03
 40
0.361
 50
338.11
 51
347.8
  0
ARC
  8
APS_GEOMETRY
 10
286.093
 20
232.306
 40
1.651
 50
347.672
 51
352.051
  0
ARC
  8
APS_GEOMETRY
 10
284.873
 20
232.476
 40
2.882
 50
352.051
 51
355.365
  0
ARC
  8
APS_GEOMETRY
 10
284.052
 20
232.543
 40
3.706
 50
355.365
 51
357.943
  0
ARC
  8
APS_GEOMETRY
 10
281.931
 20
232.619
 40
5.828
 50
357.943
 51
0.0
  0
ARC
  8
APS_GEOMETRY
 10
279.484
 20
232.619
 40
8.276
 50
360.0
 51
2.183
  0
ARC
  8
APS_GEOMETRY
 10
284.433
 20
232.808
 40
3.324
 50
2.183
 51
5.629
  0
ARC
  8
APS_GEOMETRY
 10
285.907
 20
232.953
 40
1.842
 50
5.629
 51
11.805
  0
ARC
  8
APS_GEOMETRY
 10
287.338
 20
233.252
 40
0.38
 50
11.805
 51
25.419
  0
ARC
  8
APS_GEOMETRY
 10
287.523
 20
233.336
 40
0.177
 50
26.565
 51
38.157
  0
ARC
  8
APS_GEOMETRY
 10
287.605
 20
233.401
 40
0.073
 50
38.157
 51
56.31
  0
ARC
  8
APS_GEOMETRY
 10
287.588
 20
233.375
 40
0.104
 50
56.31
 51
69.193
  0
ARC
  8
APS_GEOMETRY
 10
287.344
 20
232.733
 40
0.791
 50
69.193
 51
73.856
  0
ARC
  8
APS_GEOMETRY
 10
287.601
 20
233.618
 40
0.131
 50
216.87
 51
253.393
  0
ARC
  8
APS_GEOMETRY
 10
287.599
 20
233.616
 40
0.129
 50
180.0
 51
216.87
  0
ARC
  8
APS_GEOMETRY
 10
287.627
 20
233.616
 40
0.157
 50
161.565
 51
180.0
  0
ARC
  8
APS_GEOMETRY
 10
287.622
 20
233.618
 40
0.151
 50
142.765
 51
161.565
  0
ARC
  8
APS_GEOMETRY
 10
287.618
 20
233.621
 40
0.146
 50
123.425
 51
142.765
  0
ARC
  8
APS_GEOMETRY
 10
287.621
 20
233.616
 40
0.152
 50
104.47
 51
123.425
  0
ARC
  8
APS_GEOMETRY
 10
287.65
 20
233.473
 40
0.298
 50
96.724
 51
102.995
  0
ARC
  8
APS_GEOMETRY
 10
287.74
 20
232.709
 40
1.067
 50
93.411
 51
96.724
  0
ARC
  8
APS_GEOMETRY
 10
287.78
 20
232.038
 40
1.74
 50
91.375
 51
93.411
  0
ARC
  8
APS_GEOMETRY
 10
287.83
 20
229.963
 40
3.815
 50
90.0
 51
91.375
  0
LINE
  8
COSTRUZIONI
 10
244.153
 11
444.153
 20
217.317
 21
217.317
  0
LINE
  8
COSTRUZIONI
 10
444.153
 11
444.153
 20
217.317
 21
237.317
  0
LINE
  8
COSTRUZIONI
 10
444.153
 11
244.153
 20
237.317
 21
237.317
  0
LINE
  8
COSTRUZIONI
 10
244.153
 11
244.153
 20
237.317
 21
217.317
  0
LINE
  8
COSTRUZIONI
 10
290.738
 11
290.738
 20
217.317
 21
237.317
  0
LINE
  8
COSTRUZIONI
 10
424.263
 11
424.263
 20
217.317
 21
237.317
  0
LINE
  8
COSTRUZIONI
 10
444.153
 11
290.738
 20
232.317
 21
232.317
  0
LINE
  8
COSTRUZIONI
 10
424.263
 11
444.153
 20
222.317
 21
222.317
  0
LINE
  8
COSTRUZIONI
 10
290.738
 11
444.153
 20
227.317
 21
227.317
  0
LINE
  8
COSTRUZIONI
 10
393.583
 11
393.583
 20
227.317
 21
232.317
  0
LINE
  8
COSTRUZIONI
 10
344.075
 11
344.075
 20
227.317
 21
232.317
  0
ARC
  8
COSTRUZIONI
 10
1143.309
 20
313.585
 40
30.0
 50
270.0
 51
286.598
  0
ARC
  8
COSTRUZIONI
 10
1160.449
 20
256.085
 40
30.0
 50
90.0
 51
106.598
  0
LINE
  8
COSTRUZIONI
 10
1160.449
 11
1162.826
 20
286.085
 21
286.085
  0
LINE
  8
COSTRUZIONI
 10
1162.826
 11
1162.826
 20
286.085
 21
287.085
  0
ARC
  8
COSTRUZIONI
 10
1164.826
 20
287.085
 40
2.0
 50
110.0
 51
180.0
  0
LINE
  8
COSTRUZIONI
 10
1164.142
 11
1164.473
 20
288.965
 21
289.085
  0
LINE
  8
COSTRUZIONI
 10
1164.473
 11
1214.933
 20
289.085
 21
289.085
  0
LINE
  8
COSTRUZIONI
 10
1043.798
 11
1105.766
 20
289.085
 21
289.085
  0
ARC
  8
COSTRUZIONI
 10
1105.766
 20
288.285
 40
0.8
 50
0.0
 51
90.0
  0
LINE
  8
COSTRUZIONI
 10
1106.566
 11
1106.566
 20
288.285
 21
287.085
  0
LINE
  8
COSTRUZIONI
 10
1106.566
 11
1108.506
 20
287.085
 21
287.017
  0
ARC
  8
COSTRUZIONI
 10
1108.366
 20
283.02
 40
4.0
 50
8.128
 51
87.992
  0
LINE
  8
COSTRUZIONI
 10
1112.326
 11
1143.05
 20
283.585
 21
283.585
  0
LINE
  8
COSTRUZIONI
 10
1104.326
 11
1104.326
 20
337.585
 21
398.585
  0
LINE
  8
COSTRUZIONI
 10
1104.326
 11
1124.326
 20
398.585
 21
398.585
  0
LINE
  8
COSTRUZIONI
 10
1124.326
 11
1124.326
 20
398.585
 21
337.585
  0
LINE
  8
COSTRUZIONI
 10
1124.326
 11
1124.826
 20
337.585
 21
337.585
  0
LINE
  8
COSTRUZIONI
 10
1124.826
 11
1124.826
 20
337.585
 21
313.585
  0
LINE
  8
COSTRUZIONI
 10
1124.826
 11
1125.826
 20
313.585
 21
313.585
  0
LINE
  8
COSTRUZIONI
 10
1125.826
 11
1125.826
 20
313.585
 21
294.901
  0
LINE
  8
COSTRUZIONI
 10
1125.826
 11
1122.679
 20
294.901
 21
294.058
  0
ARC
  8
COSTRUZIONI
 10
1122.886
 20
293.285
 40
0.8
 50
105.0
 51
180.0
  0
LINE
  8
COSTRUZIONI
 10
1122.086
 11
1122.086
 20
293.285
 21
292.085
  0
LINE
  8
COSTRUZIONI
 10
1122.086
 11
1120.146
 20
292.085
 21
292.017
  0
ARC
  8
COSTRUZIONI
 10
1120.286
 20
288.02
 40
4.0
 50
92.008
 51
171.872
  0
LINE
  8
COSTRUZIONI
 10
1116.326
 11
1112.326
 20
288.585
 21
288.585
  0
ARC
  8
COSTRUZIONI
 10
1108.366
 20
288.02
 40
4.0
 50
8.128
 51
87.992
  0
LINE
  8
COSTRUZIONI
 10
1108.506
 11
1106.566
 20
292.017
 21
292.085
  0
LINE
  8
COSTRUZIONI
 10
1106.566
 11
1106.566
 20
292.085
 21
293.285
  0
ARC
  8
COSTRUZIONI
 10
1105.766
 20
293.285
 40
0.8
 50
0.0
 51
75.0
  0
LINE
  8
COSTRUZIONI
 10
1105.973
 11
1102.826
 20
294.058
 21
294.901
  0
LINE
  8
COSTRUZIONI
 10
1102.826
 11
1102.826
 20
294.901
 21
313.585
  0
LINE
  8
COSTRUZIONI
 10
1102.826
 11
1103.826
 20
313.585
 21
313.585
  0
LINE
  8
COSTRUZIONI
 10
1103.826
 11
1103.826
 20
313.585
 21
337.585
  0
LINE
  8
COSTRUZIONI
 10
1103.826
 11
1104.326
 20
337.585
 21
337.585
  0
LINE
  8
COSTRUZIONI
 10
1137.826
 11
1147.826
 20
396.585
 21
396.585
  0
LINE
  8
COSTRUZIONI
 10
1147.826
 11
1147.826
 20
396.585
 21
344.085
  0
LINE
  8
COSTRUZIONI
 10
1147.826
 11
1154.26
 20
344.085
 21
344.085
  0
ARC
  8
COSTRUZIONI
 10
1154.26
 20
343.085
 40
1.0
 50
19.471
 51
90.0
  0
ARC
  8
COSTRUZIONI
 10
1166.988
 20
347.585
 40
12.5
 50
199.471
 51
270.0
  0
LINE
  8
COSTRUZIONI
 10
1166.988
 11
1170.788
 20
335.085
 21
335.085
  0
ARC
  8
COSTRUZIONI
 10
1170.788
 20
334.085
 40
1.0
 50
360.0
 51
90.0
  0
LINE
  8
COSTRUZIONI
 10
1171.788
 11
1171.788
 20
334.085
 21
312.579
  0
LINE
  8
COSTRUZIONI
 10
1171.788
 11
1166.788
 20
312.579
 21
311.81
  0
LINE
  8
COSTRUZIONI
 10
1166.788
 11
1166.788
 20
311.81
 21
294.928
  0
LINE
  8
COSTRUZIONI
 10
1166.788
 11
1164.142
 20
294.928
 21
293.965
  0
ARC
  8
COSTRUZIONI
 10
1164.826
 20
292.085
 40
2.0
 50
110.0
 51
180.0
  0
LINE
  8
COSTRUZIONI
 10
1162.826
 11
1162.826
 20
292.085
 21
291.085
  0
LINE
  8
COSTRUZIONI
 10
1162.826
 11
1160.449
 20
291.085
 21
291.085
  0
ARC
  8
COSTRUZIONI
 10
1160.449
 20
261.085
 40
30.0
 50
90.0
 51
106.598
  0
ARC
  8
COSTRUZIONI
 10
1143.309
 20
318.585
 40
30.0
 50
270.0
 51
286.598
  0
LINE
  8
COSTRUZIONI
 10
1143.309
 11
1132.343
 20
288.585
 21
288.585
  0
ARC
  8
COSTRUZIONI
 10
1132.343
 20
318.585
 40
30.0
 50
253.402
 51
270.0
  0
ARC
  8
COSTRUZIONI
 10
1115.204
 20
261.085
 40
30.0
 50
73.402
 51
90.0
  0
LINE
  8
COSTRUZIONI
 10
1115.204
 11
1112.826
 20
291.085
 21
291.085
  0
LINE
  8
COSTRUZIONI
 10
1112.826
 11
1112.826
 20
291.085
 21
292.085
  0
ARC
  8
COSTRUZIONI
 10
1110.826
 20
292.085
 40
2.0
 50
360.0
 51
70.0
  0
LINE
  8
COSTRUZIONI
 10
1111.51
 11
1108.865
 20
293.965
 21
294.928
  0
LINE
  8
COSTRUZIONI
 10
1108.865
 11
1108.865
 20
294.928
 21
311.81
  0
LINE
  8
COSTRUZIONI
 10
1108.865
 11
1103.865
 20
311.81
 21
312.579
  0
LINE
  8
COSTRUZIONI
 10
1103.865
 11
1103.865
 20
312.579
 21
334.085
  0
ARC
  8
COSTRUZIONI
 10
1104.865
 20
334.085
 40
1.0
 50
90.0
 51
180.0
  0
LINE
  8
COSTRUZIONI
 10
1104.865
 11
1108.664
 20
335.085
 21
335.085
  0
ARC
  8
COSTRUZIONI
 10
1108.664
 20
347.585
 40
12.5
 50
270.0
 51
340.529
  0
ARC
  8
COSTRUZIONI
 10
1121.392
 20
343.085
 40
1.0
 50
90.0
 51
160.529
  0
LINE
  8
COSTRUZIONI
 10
1121.392
 11
1127.826
 20
344.085
 21
344.085
  0
LINE
  8
COSTRUZIONI
 10
1127.826
 11
1127.826
 20
344.085
 21
396.585
  0
LINE
  8
COSTRUZIONI
 10
1127.826
 11
1137.826
 20
396.585
 21
396.585
  0
LINE
  8
COSTRUZIONI
 10
1114.326
 11
1114.326
 20
288.585
 21
398.585
  0
LINE
  8
COSTRUZIONI
 10
1137.826
 11
1137.826
 20
288.585
 21
396.585
  0
CIRCLE
  8
COSTRUZIONI
 10
1112.326
 20
283.585
 40
2.0
  0
LINE
  8
COSTRUZIONI
 10
1112.326
 11
1112.326
 20
283.585
 21
263.554
  0
LINE
  8
COSTRUZIONI
 10
1162.826
 11
1162.826
 20
283.585
 21
263.554
  0
LINE
  8
QUOTATURA
 10
1112.326
 11
1112.326
 20
258.554
 21
232.778
  0
LINE
  8
QUOTATURA
 10
1162.826
 11
1162.826
 20
258.554
 21
232.778
  0
LINE
  8
QUOTATURA
 10
1112.326
 11
1173.709
 20
237.778
 21
237.778
  0
LINE
  8
QUOTATURA
 10
1122.326
 11
1112.326
 20
236.111
 21
237.778
  0
LINE
  8
QUOTATURA
 10
1112.326
 11
1122.326
 20
237.778
 21
239.445
  0
LINE
  8
QUOTATURA
 10
1122.326
 11
1122.326
 20
239.445
 21
236.111
  0
LINE
  8
QUOTATURA
 10
1152.826
 11
1162.826
 20
239.445
 21
237.778
  0
LINE
  8
QUOTATURA
 10
1162.826
 11
1152.826
 20
237.778
 21
236.111
  0
LINE
  8
QUOTATURA
 10
1152.826
 11
1152.826
 20
236.111
 21
239.445
  0
LINE
  8
QUOTATURA
 10
1116.326
 11
1116.326
 20
293.585
 21
308.988
  0
LINE
  8
QUOTATURA
 10
1132.343
 11
1132.343
 20
293.585
 21
308.988
  0
LINE
  8
QUOTATURA
 10
1132.343
 11
1202.683
 20
303.988
 21
303.988
  0
LINE
  8
QUOTATURA
 10
1142.343
 11
1132.343
 20
302.321
 21
303.988
  0
LINE
  8
QUOTATURA
 10
1132.343
 11
1142.343
 20
303.988
 21
305.655
  0
LINE
  8
QUOTATURA
 10
1142.343
 11
1142.343
 20
305.655
 21
302.321
  0
LINE
  8
QUOTATURA
 10
1116.326
 11
1096.326
 20
303.988
 21
303.988
  0
LINE
  8
QUOTATURA
 10
1106.326
 11
1116.326
 20
305.655
 21
303.988
  0
LINE
  8
QUOTATURA
 10
1116.326
 11
1106.326
 20
303.988
 21
302.321
  0
LINE
  8
QUOTATURA
 10
1106.326
 11
1106.326
 20
302.321
 21
305.655
  0
ARC
  8
COSTRUZIONI
 10
1105.766
 20
293.285
 40
0.8
 50
0.0
 51
75.0
  0
ARC
  8
COSTRUZIONI
 10
1105.766
 20
293.285
 40
0.8
 50
0.0
 51
75.0
  0
LINE
  8
COSTRUZIONI
 10
1105.973
 11
1096.316
 20
294.058
 21
296.646
  0
LINE
  8
COSTRUZIONI
 10
1096.316
 11
1096.316
 20
296.646
 21
317.085
  0
LINE
  8
COSTRUZIONI
 10
1096.316
 11
1097.316
 20
317.085
 21
317.085
  0
LINE
  8
COSTRUZIONI
 10
1097.316
 11
1097.316
 20
317.085
 21
341.085
  0
LINE
  8
COSTRUZIONI
 10
1097.316
 11
1097.816
 20
341.085
 21
341.085
  0
LINE
  8
COSTRUZIONI
 10
1097.816
 11
1097.816
 20
341.085
 21
402.085
  0
LINE
  8
COSTRUZIONI
 10
1097.816
 11
1117.816
 20
402.085
 21
402.085
  0
LINE
  8
COSTRUZIONI
 10
1117.816
 11
1117.816
 20
402.085
 21
341.085
  0
LINE
  8
COSTRUZIONI
 10
1117.816
 11
1118.316
 20
341.085
 21
341.085
  0
LINE
  8
COSTRUZIONI
 10
1118.316
 11
1118.316
 20
341.085
 21
317.085
  0
LINE
  8
COSTRUZIONI
 10
1118.316
 11
1119.316
 20
317.085
 21
317.085
  0
LINE
  8
COSTRUZIONI
 10
1119.316
 11
1119.316
 20
317.085
 21
296.646
  0
LINE
  8
COSTRUZIONI
 10
1119.316
 11
1109.659
 20
296.646
 21
294.058
  0
ARC
  8
COSTRUZIONI
 10
1109.866
 20
293.285
 40
0.8
 50
105.0
 51
180.0
  0
LINE
  8
COSTRUZIONI
 10
1109.066
 11
1109.066
 20
293.285
 21
292.085
  0
LINE
  8
COSTRUZIONI
 10
1109.066
 11
1106.566
 20
292.085
 21
292.085
  0
LINE
  8
COSTRUZIONI
 10
1106.566
 11
1106.566
 20
292.085
 21
293.285
  0
LINE
  8
COSTRUZIONI
 10
1114.326
 11
1114.326
 20
515.196
 21
570.196
  0
LINE
  8
COSTRUZIONI
 10
1114.326
 11
1114.326
 20
570.196
 21
625.196
  0
LINE
  8
COSTRUZIONI
 10
1137.826
 11
1137.826
 20
509.696
 21
617.696
  0
LINE
  8
COSTRUZIONI
 10
1162.826
 11
1162.826
 20
510.196
 21
490.164
  0
LINE
  8
QUOTATURA
 10
1112.326
 11
1112.326
 20
485.164
 21
459.388
  0
LINE
  8
QUOTATURA
 10
1162.826
 11
1162.826
 20
485.164
 21
459.388
  0
LINE
  8
QUOTATURA
 10
1112.326
 11
1173.709
 20
464.388
 21
464.388
  0
LINE
  8
QUOTATURA
 10
1122.326
 11
1112.326
 20
462.721
 21
464.388
  0
LINE
  8
QUOTATURA
 10
1112.326
 11
1122.326
 20
464.388
 21
466.055
  0
LINE
  8
QUOTATURA
 10
1122.326
 11
1122.326
 20
466.055
 21
462.721
  0
LINE
  8
QUOTATURA
 10
1152.826
 11
1162.826
 20
466.055
 21
464.388
  0
LINE
  8
QUOTATURA
 10
1162.826
 11
1152.826
 20
464.388
 21
462.721
  0
LINE
  8
QUOTATURA
 10
1152.826
 11
1152.826
 20
462.721
 21
466.055
  0
LINE
  8
QUOTATURA
 10
1107.326
 11
1071.692
 20
283.585
 21
283.585
  0
LINE
  8
QUOTATURA
 10
1100.766
 11
1071.692
 20
289.085
 21
289.085
  0
LINE
  8
QUOTATURA
 10
1076.692
 11
1076.692
 20
289.085
 21
315.981
  0
LINE
  8
QUOTATURA
 10
1076.692
 11
1056.886
 20
315.981
 21
315.981
  0
LINE
  8
QUOTATURA
 10
1078.359
 11
1076.692
 20
299.085
 21
289.085
  0
LINE
  8
QUOTATURA
 10
1076.692
 11
1075.025
 20
289.085
 21
299.085
  0
LINE
  8
QUOTATURA
 10
1075.025
 11
1078.359
 20
299.085
 21
299.085
  0
LINE
  8
QUOTATURA
 10
1076.692
 11
1076.692
 20
283.585
 21
263.585
  0
LINE
  8
QUOTATURA
 10
1075.025
 11
1076.692
 20
273.585
 21
283.585
  0
LINE
  8
QUOTATURA
 10
1076.692
 11
1078.359
 20
283.585
 21
273.585
  0
LINE
  8
QUOTATURA
 10
1078.359
 11
1075.025
 20
273.585
 21
273.585
  0
LINE
  8
QUOTATURA
 10
1137.826
 11
1137.826
 20
624.196
 21
636.154
  0
LINE
  8
QUOTATURA
 10
1114.326
 11
1114.326
 20
626.196
 21
636.154
  0
LINE
  8
QUOTATURA
 10
1137.826
 11
1129.388
 20
635.154
 21
635.154
  0
LINE
  8
QUOTATURA
 10
1122.765
 11
1114.326
 20
635.154
 21
635.154
  0
LINE
  8
QUOTATURA
 10
1135.826
 11
1137.826
 20
635.487
 21
635.154
  0
LINE
  8
QUOTATURA
 10
1137.826
 11
1135.826
 20
635.154
 21
634.82
  0
LINE
  8
QUOTATURA
 10
1135.826
 11
1135.826
 20
634.82
 21
635.487
  0
LINE
  8
QUOTATURA
 10
1116.326
 11
1114.326
 20
634.82
 21
635.154
  0
LINE
  8
QUOTATURA
 10
1114.326
 11
1116.326
 20
635.154
 21
635.487
  0
LINE
  8
QUOTATURA
 10
1116.326
 11
1116.326
 20
635.487
 21
634.82
  0
LINE
  8
COSTRUZIONI
 10
1107.816
 11
1107.816
 20
292.085
 21
402.085
  0
LINE
  8
QUOTATURA
 10
1114.326
 11
1114.326
 20
403.585
 21
414.886
  0
LINE
  8
QUOTATURA
 10
1107.816
 11
1095.233
 20
409.886
 21
409.886
  0
LINE
  8
QUOTATURA
 10
1097.816
 11
1107.816
 20
411.553
 21
409.886
  0
LINE
  8
QUOTATURA
 10
1107.816
 11
1097.816
 20
409.886
 21
408.219
  0
LINE
  8
QUOTATURA
 10
1097.816
 11
1097.816
 20
408.219
 21
411.553
  0
LINE
  8
QUOTATURA
 10
1114.326
 11
1134.326
 20
409.886
 21
409.886
  0
LINE
  8
QUOTATURA
 10
1124.326
 11
1114.326
 20
408.219
 21
409.886
  0
LINE
  8
QUOTATURA
 10
1114.326
 11
1124.326
 20
409.886
 21
411.553
  0
LINE
  8
QUOTATURA
 10
1124.326
 11
1124.326
 20
411.553
 21
408.219
  0
LINE
  8
QUOTATURA
 10
1114.326
 11
1114.326
 20
393.585
 21
375.515
  0
LINE
  8
QUOTATURA
 10
1137.826
 11
1137.826
 20
391.585
 21
375.515
  0
LINE
  8
QUOTATURA
 10
1137.826
 11
1165.649
 20
380.515
 21
380.515
  0
LINE
  8
QUOTATURA
 10
1147.826
 11
1137.826
 20
378.848
 21
380.515
  0
LINE
  8
QUOTATURA
 10
1137.826
 11
1147.826
 20
380.515
 21
382.182
  0
LINE
  8
QUOTATURA
 10
1147.826
 11
1147.826
 20
382.182
 21
378.848
  0
LINE
  8
QUOTATURA
 10
1114.326
 11
1094.326
 20
380.515
 21
380.515
  0
LINE
  8
QUOTATURA
 10
1104.326
 11
1114.326
 20
382.182
 21
380.515
  0
LINE
  8
QUOTATURA
 10
1114.326
 11
1104.326
 20
380.515
 21
378.848
  0
LINE
  8
QUOTATURA
 10
1104.326
 11
1104.326
 20
378.848
 21
382.182
  0
LINE
  8
APS_GEOMETRY
 10
1214.933
 11
1164.473
 20
515.696
 21
515.696
  0
LINE
  8
APS_GEOMETRY
 10
1164.473
 11
1164.142
 20
515.696
 21
515.575
  0
ARC
  8
APS_GEOMETRY
 10
1164.826
 20
513.696
 40
2.0
 50
110.0
 51
180.0
  0
LINE
  8
APS_GEOMETRY
 10
1162.826
 11
1162.826
 20
513.696
 21
512.696
  0
ARC
  8
APS_GEOMETRY
 10
1162.826
 20
507.196
 40
5.5
 50
90.0
 51
180.0
  0
LINE
  8
APS_GEOMETRY
 10
1157.326
 11
1157.326
 20
507.196
 21
505.696
  0
LINE
  8
APS_GEOMETRY
 10
1157.326
 11
1112.326
 20
505.696
 21
505.696
  0
LINE
  8
APS_GEOMETRY
 10
1100.326
 11
1100.326
 20
514.696
 21
514.896
  0
ARC
  8
APS_GEOMETRY
 10
1099.526
 20
514.896
 40
0.8
 50
0.0
 51
90.0
  0
LINE
  8
APS_GEOMETRY
 10
1099.526
 11
1037.558
 20
515.696
 21
515.696
  0
CIRCLE
  8
COSTRUZIONI
 10
1112.326
 20
505.696
 40
2.0
  0
LINE
  8
COSTRUZIONI
 10
1112.326
 11
1112.326
 20
505.696
 21
490.702
  0
LINE
  8
QUOTATURA
 10
1112.326
 11
1112.326
 20
504.696
 21
500.923
  0
LINE
  8
QUOTATURA
 10
1100.326
 11
1100.326
 20
504.696
 21
500.923
  0
LINE
  8
QUOTATURA
 10
1112.326
 11
1108.036
 20
501.923
 21
501.923
  0
LINE
  8
QUOTATURA
 10
1104.616
 11
1100.326
 20
501.923
 21
501.923
  0
LINE
  8
QUOTATURA
 10
1110.326
 11
1112.326
 20
502.256
 21
501.923
  0
LINE
  8
QUOTATURA
 10
1112.326
 11
1110.326
 20
501.923
 21
501.589
  0
LINE
  8
QUOTATURA
 10
1110.326
 11
1110.326
 20
501.589
 21
502.256
  0
LINE
  8
QUOTATURA
 10
1102.326
 11
1100.326
 20
501.589
 21
501.923
  0
LINE
  8
QUOTATURA
 10
1100.326
 11
1102.326
 20
501.923
 21
502.256
  0
LINE
  8
QUOTATURA
 10
1102.326
 11
1102.326
 20
502.256
 21
501.589
  0
ARC
  8
COSTRUZIONI
 10
1099.526
 20
518.896
 40
0.8
 50
0.0
 51
75.0
  0
ARC
  8
COSTRUZIONI
 10
1099.526
 20
518.896
 40
0.8
 50
0.0
 51
75.0
  0
LINE
  8
COSTRUZIONI
 10
1101.576
 11
1101.576
 20
518.696
 21
628.696
  0
LINE
  8
COSTRUZIONI
 10
1099.733
 11
1090.076
 20
519.669
 21
522.256
  0
LINE
  8
COSTRUZIONI
 10
1090.076
 11
1090.076
 20
522.256
 21
543.696
  0
LINE
  8
COSTRUZIONI
 10
1090.076
 11
1091.076
 20
543.696
 21
543.696
  0
LINE
  8
COSTRUZIONI
 10
1091.076
 11
1091.076
 20
543.696
 21
567.696
  0
LINE
  8
COSTRUZIONI
 10
1091.076
 11
1091.576
 20
567.696
 21
567.696
  0
LINE
  8
COSTRUZIONI
 10
1091.576
 11
1091.576
 20
567.696
 21
628.696
  0
LINE
  8
COSTRUZIONI
 10
1091.576
 11
1111.576
 20
628.696
 21
628.696
  0
LINE
  8
COSTRUZIONI
 10
1111.576
 11
1111.576
 20
628.696
 21
567.696
  0
LINE
  8
COSTRUZIONI
 10
1111.576
 11
1112.076
 20
567.696
 21
567.696
  0
LINE
  8
COSTRUZIONI
 10
1112.076
 11
1112.076
 20
567.696
 21
543.696
  0
LINE
  8
COSTRUZIONI
 10
1112.076
 11
1113.076
 20
543.696
 21
543.696
  0
LINE
  8
COSTRUZIONI
 10
1113.076
 11
1113.076
 20
543.696
 21
522.256
  0
LINE
  8
COSTRUZIONI
 10
1113.076
 11
1103.419
 20
522.256
 21
519.669
  0
ARC
  8
COSTRUZIONI
 10
1103.626
 20
518.896
 40
0.8
 50
105.0
 51
180.0
  0
LINE
  8
COSTRUZIONI
 10
1102.826
 11
1102.826
 20
518.896
 21
518.696
  0
LINE
  8
COSTRUZIONI
 10
1102.826
 11
1100.326
 20
518.696
 21
518.696
  0
LINE
  8
COSTRUZIONI
 10
1100.326
 11
1100.326
 20
518.696
 21
518.896
  0
LINE
  8
APS_GEOMETRY
 10
1112.326
 11
1112.326
 20
505.696
 21
506.801
  0
ARC
  8
APS_GEOMETRY
 10
1111.826
 20
506.801
 40
0.5
 50
0.0
 51
75.008
  0
ARC
  8
APS_GEOMETRY
 10
1113.741
 20
513.95
 40
6.901
 50
206.739
 51
255.008
  0
ARC
  8
APS_GEOMETRY
 10
1101.326
 20
507.696
 40
7.0
 50
26.739
 51
90.0
  0
LINE
  8
APS_GEOMETRY
 10
1101.326
 11
1100.326
 20
514.696
 21
514.696
  0
LINE
  8
APS_GEOMETRY
 10
1096.586
 11
1096.586
 20
520.512
 21
540.196
  0
LINE
  8
APS_GEOMETRY
 10
1096.586
 11
1097.586
 20
540.196
 21
540.196
  0
LINE
  8
APS_GEOMETRY
 10
1097.586
 11
1097.586
 20
540.196
 21
564.196
  0
LINE
  8
APS_GEOMETRY
 10
1097.586
 11
1104.326
 20
564.196
 21
564.196
  0
LINE
  8
APS_GEOMETRY
 10
1104.326
 11
1104.326
 20
564.196
 21
619.696
  0
LINE
  8
APS_GEOMETRY
 10
1104.326
 11
1124.326
 20
619.696
 21
619.696
  0
LINE
  8
APS_GEOMETRY
 10
1124.326
 11
1124.326
 20
619.696
 21
564.196
  0
LINE
  8
APS_GEOMETRY
 10
1124.326
 11
1131.066
 20
564.196
 21
564.196
  0
LINE
  8
APS_GEOMETRY
 10
1131.066
 11
1131.066
 20
564.196
 21
540.196
  0
LINE
  8
APS_GEOMETRY
 10
1131.066
 11
1132.066
 20
540.196
 21
540.196
  0
LINE
  8
APS_GEOMETRY
 10
1132.066
 11
1132.066
 20
540.196
 21
520.512
  0
LINE
  8
APS_GEOMETRY
 10
1132.066
 11
1128.919
 20
520.512
 21
519.669
  0
ARC
  8
APS_GEOMETRY
 10
1129.126
 20
518.896
 40
0.8
 50
105.0
 51
180.0
  0
LINE
  8
APS_GEOMETRY
 10
1128.326
 11
1128.326
 20
518.896
 21
518.696
  0
LINE
  8
APS_GEOMETRY
 10
1128.326
 11
1127.326
 20
518.696
 21
518.696
  0
ARC
  8
APS_GEOMETRY
 10
1127.326
 20
511.696
 40
7.0
 50
90.0
 51
153.261
  0
ARC
  8
APS_GEOMETRY
 10
1114.912
 20
517.95
 40
6.901
 50
284.992
 51
333.261
  0
ARC
  8
APS_GEOMETRY
 10
1116.826
 20
510.801
 40
0.5
 50
104.992
 51
180.0
  0
LINE
  8
APS_GEOMETRY
 10
1116.326
 11
1116.326
 20
510.801
 21
509.696
  0
LINE
  8
APS_GEOMETRY
 10
1116.326
 11
1112.326
 20
509.696
 21
509.696
  0
LINE
  8
APS_GEOMETRY
 10
1112.326
 11
1112.326
 20
509.696
 21
510.801
  0
ARC
  8
APS_GEOMETRY
 10
1111.826
 20
510.801
 40
0.5
 50
0.0
 51
75.008
  0
ARC
  8
APS_GEOMETRY
 10
1113.741
 20
517.95
 40
6.901
 50
206.739
 51
255.008
  0
ARC
  8
APS_GEOMETRY
 10
1101.326
 20
511.696
 40
7.0
 50
26.739
 51
90.0
  0
LINE
  8
APS_GEOMETRY
 10
1101.326
 11
1100.326
 20
518.696
 21
518.696
  0
LINE
  8
APS_GEOMETRY
 10
1100.326
 11
1100.326
 20
518.696
 21
518.896
  0
ARC
  8
APS_GEOMETRY
 10
1099.526
 20
518.896
 40
0.8
 50
0.0
 51
75.0
  0
LINE
  8
APS_GEOMETRY
 10
1099.733
 11
1096.586
 20
519.669
 21
520.512
  0
LINE
  8
QUOTATURA
 10
1038.558
 11
1087.063
 20
515.696
 21
515.696
  0
LINE
  8
QUOTATURA
 10
1099.326
 11
1085.063
 20
505.696
 21
505.696
  0
LINE
  8
QUOTATURA
 10
1086.063
 11
1086.063
 20
515.696
 21
512.196
  0
LINE
  8
QUOTATURA
 10
1086.063
 11
1086.063
 20
509.171
 21
505.696
  0
LINE
  8
QUOTATURA
 10
1085.73
 11
1086.063
 20
513.696
 21
515.696
  0
LINE
  8
QUOTATURA
 10
1086.063
 11
1086.397
 20
515.696
 21
513.696
  0
LINE
  8
QUOTATURA
 10
1086.397
 11
1085.73
 20
513.696
 21
513.696
  0
LINE
  8
QUOTATURA
 10
1086.397
 11
1086.063
 20
507.696
 21
505.696
  0
LINE
  8
QUOTATURA
 10
1086.063
 11
1085.73
 20
505.696
 21
507.696
  0
LINE
  8
QUOTATURA
 10
1085.73
 11
1086.397
 20
507.696
 21
507.696
  0
LINE
  8
APS_GEOMETRY
 10
1137.826
 11
1147.826
 20
617.696
 21
617.696
  0
LINE
  8
APS_GEOMETRY
 10
1147.826
 11
1147.826
 20
617.696
 21
565.195
  0
LINE
  8
APS_GEOMETRY
 10
1147.826
 11
1154.26
 20
565.195
 21
565.195
  0
ARC
  8
APS_GEOMETRY
 10
1154.26
 20
564.195
 40
1.0
 50
19.471
 51
90.0
  0
ARC
  8
APS_GEOMETRY
 10
1166.988
 20
568.695
 40
12.5
 50
199.471
 51
270.0
  0
LINE
  8
APS_GEOMETRY
 10
1166.988
 11
1170.788
 20
556.195
 21
556.195
  0
ARC
  8
APS_GEOMETRY
 10
1170.788
 20
555.195
 40
1.0
 50
0.0
 51
90.0
  0
LINE
  8
APS_GEOMETRY
 10
1171.788
 11
1171.788
 20
555.195
 21
538.189
  0
LINE
  8
APS_GEOMETRY
 10
1171.788
 11
1166.788
 20
538.189
 21
537.42
  0
LINE
  8
APS_GEOMETRY
 10
1166.788
 11
1166.788
 20
537.42
 21
520.538
  0
LINE
  8
APS_GEOMETRY
 10
1108.865
 11
1108.865
 20
520.538
 21
537.42
  0
LINE
  8
APS_GEOMETRY
 10
1108.865
 11
1103.865
 20
537.42
 21
538.189
  0
LINE
  8
APS_GEOMETRY
 10
1103.865
 11
1103.865
 20
538.189
 21
555.195
  0
ARC
  8
APS_GEOMETRY
 10
1104.865
 20
555.195
 40
1.0
 50
90.0
 51
180.0
  0
LINE
  8
APS_GEOMETRY
 10
1104.865
 11
1108.664
 20
556.195
 21
556.195
  0
ARC
  8
APS_GEOMETRY
 10
1108.664
 20
568.695
 40
12.5
 50
270.0
 51
340.529
  0
ARC
  8
APS_GEOMETRY
 10
1121.392
 20
564.195
 40
1.0
 50
90.0
 51
160.529
  0
LINE
  8
APS_GEOMETRY
 10
1121.392
 11
1127.826
 20
565.195
 21
565.195
  0
LINE
  8
APS_GEOMETRY
 10
1127.826
 11
1127.826
 20
565.195
 21
617.696
  0
LINE
  8
APS_GEOMETRY
 10
1127.826
 11
1137.826
 20
617.696
 21
617.696
  0
LINE
  8
QUOTATURA
 10
1101.576
 11
1101.576
 20
629.696
 21
646.627
  0
LINE
  8
QUOTATURA
 10
1114.326
 11
1114.326
 20
626.196
 21
646.627
  0
LINE
  8
QUOTATURA
 10
1114.326
 11
1090.413
 20
645.627
 21
645.627
  0
LINE
  8
QUOTATURA
 10
1103.576
 11
1101.576
 20
645.294
 21
645.627
  0
LINE
  8
QUOTATURA
 10
1101.576
 11
1103.576
 20
645.627
 21
645.96
  0
LINE
  8
QUOTATURA
 10
1103.576
 11
1103.576
 20
645.96
 21
645.294
  0
LINE
  8
QUOTATURA
 10
1112.326
 11
1114.326
 20
645.96
 21
645.627
  0
LINE
  8
QUOTATURA
 10
1114.326
 11
1112.326
 20
645.627
 21
645.294
  0
LINE
  8
QUOTATURA
 10
1112.326
 11
1112.326
 20
645.294
 21
645.96
  0
LINE
  8
QUOTATURA
 10
1081.759
 11
1079.955
 20
647.045
 21
646.12
  0
LINE
  8
QUOTATURA
 10
1079.955
 11
1081.361
 20
646.12
 21
647.58
  0
LINE
  8
QUOTATURA
 10
1081.361
 11
1081.759
 20
647.58
 21
647.045
  0
LINE
  8
QUOTATURA
 10
1079.955
 11
1088.988
 20
646.12
 21
652.83
  0
LINE
  8
QUOTATURA
 10
1088.988
 11
1062.404
 20
652.83
 21
652.83
  0
LINE
  8
QUOTATURA
 10
1157.326
 11
1157.326
 20
504.696
 21
498.832
  0
LINE
  8
QUOTATURA
 10
1162.826
 11
1162.826
 20
491.164
 21
500.832
  0
LINE
  8
QUOTATURA
 10
1162.826
 11
1171.044
 20
499.832
 21
499.832
  0
LINE
  8
QUOTATURA
 10
1164.826
 11
1162.826
 20
499.498
 21
499.832
  0
LINE
  8
QUOTATURA
 10
1162.826
 11
1164.826
 20
499.832
 21
500.165
  0
LINE
  8
QUOTATURA
 10
1164.826
 11
1164.826
 20
500.165
 21
499.498
  0
LINE
  8
QUOTATURA
 10
1157.326
 11
1153.326
 20
499.832
 21
499.832
  0
LINE
  8
QUOTATURA
 10
1155.326
 11
1157.326
 20
500.165
 21
499.832
  0
LINE
  8
QUOTATURA
 10
1157.326
 11
1155.326
 20
499.832
 21
499.498
  0
LINE
  8
QUOTATURA
 10
1155.326
 11
1155.326
 20
499.498
 21
500.165
  0
LINE
  8
QUOTATURA
 10
1158.326
 11
1170.514
 20
505.696
 21
505.696
  0
LINE
  8
QUOTATURA
 10
1158.326
 11
1170.514
 20
507.196
 21
507.196
  0
LINE
  8
QUOTATURA
 10
1169.514
 11
1169.514
 20
507.196
 21
511.47
  0
LINE
  8
QUOTATURA
 10
1169.514
 11
1176.221
 20
511.47
 21
511.47
  0
LINE
  8
QUOTATURA
 10
1169.847
 11
1169.514
 20
509.196
 21
507.196
  0
LINE
  8
QUOTATURA
 10
1169.514
 11
1169.18
 20
507.196
 21
509.196
  0
LINE
  8
QUOTATURA
 10
1169.18
 11
1169.847
 20
509.196
 21
509.196
  0
LINE
  8
QUOTATURA
 10
1169.514
 11
1169.514
 20
505.696
 21
501.696
  0
LINE
  8
QUOTATURA
 10
1169.18
 11
1169.514
 20
503.696
 21
505.696
  0
LINE
  8
QUOTATURA
 10
1169.514
 11
1169.847
 20
505.696
 21
503.696
  0
LINE
  8
QUOTATURA
 10
1169.847
 11
1169.18
 20
503.696
 21
503.696
  0
LINE
  8
COSTRUZIONI
 10
859.223
 11
859.223
 20
512.495
 21
618.995
  0
LINE
  8
QUOTATURA
 10
859.223
 11
859.223
 20
625.495
 21
637.452
  0
LINE
  8
QUOTATURA
 10
859.223
 11
850.785
 20
636.452
 21
636.452
  0
LINE
  8
QUOTATURA
 10
844.162
 11
835.723
 20
636.452
 21
636.452
  0
LINE
  8
QUOTATURA
 10
857.223
 11
859.223
 20
636.786
 21
636.452
  0
LINE
  8
QUOTATURA
 10
859.223
 11
857.223
 20
636.452
 21
636.119
  0
LINE
  8
QUOTATURA
 10
857.223
 11
857.223
 20
636.119
 21
636.786
  0
LINE
  8
QUOTATURA
 10
837.723
 11
835.723
 20
636.119
 21
636.452
  0
LINE
  8
QUOTATURA
 10
835.723
 11
837.723
 20
636.452
 21
636.786
  0
LINE
  8
QUOTATURA
 10
837.723
 11
837.723
 20
636.786
 21
636.119
  0
LINE
  8
COSTRUZIONI
 10
822.635
 11
822.635
 20
519.495
 21
629.995
  0
LINE
  8
QUOTATURA
 10
803.156
 11
801.352
 20
648.343
 21
647.418
  0
LINE
  8
QUOTATURA
 10
801.352
 11
802.758
 20
647.418
 21
648.879
  0
LINE
  8
QUOTATURA
 10
802.758
 11
803.156
 20
648.879
 21
648.343
  0
LINE
  8
QUOTATURA
 10
801.352
 11
810.385
 20
647.418
 21
654.129
  0
LINE
  8
QUOTATURA
 10
810.385
 11
783.801
 20
654.129
 21
654.129
  0
LINE
  8
QUOTATURA
 10
1023.911
 11
973.911
 20
531.55
 21
539.885
  0
LINE
  8
QUOTATURA
 10
973.911
 11
1023.911
 20
539.885
 21
548.22
  0
LINE
  8
QUOTATURA
 10
1023.911
 11
1023.911
 20
548.22
 21
531.55
  0
LINE
  8
QUOTATURA
 10
973.911
 11
1060.61
 20
539.885
 21
539.885
  0
CIRCLE
  8
COSTRUZIONI
 10
833.243
 20
501.585
 40
2.0
  0
LINE
  8
APS_GEOMETRY
 10
832.907
 11
830.262
 20
520.874
 21
521.837
  0
LINE
  8
APS_GEOMETRY
 10
830.262
 11
830.262
 20
521.837
 21
538.719
  0
LINE
  8
APS_GEOMETRY
 10
830.262
 11
825.262
 20
538.719
 21
539.488
  0
LINE
  8
APS_GEOMETRY
 10
825.262
 11
825.262
 20
539.488
 21
556.494
  0
ARC
  8
APS_GEOMETRY
 10
826.262
 20
556.494
 40
1.0
 50
90.0
 51
180.0
  0
LINE
  8
APS_GEOMETRY
 10
826.262
 11
830.061
 20
557.494
 21
557.494
  0
ARC
  8
APS_GEOMETRY
 10
830.061
 20
569.994
 40
12.5
 50
270.0
 51
340.529
  0
ARC
  8
APS_GEOMETRY
 10
842.789
 20
565.494
 40
1.0
 50
90.0
 51
160.529
  0
LINE
  8
APS_GEOMETRY
 10
842.789
 11
849.223
 20
566.494
 21
566.494
  0
LINE
  8
APS_GEOMETRY
 10
849.223
 11
849.223
 20
566.494
 21
618.995
  0
LINE
  8
APS_GEOMETRY
 10
849.223
 11
859.223
 20
618.995
 21
618.995
  0
LINE
  8
QUOTATURA
 10
830.743
 11
793.44
 20
501.585
 21
501.585
  0
LINE
  8
QUOTATURA
 10
818.423
 11
793.44
 20
510.085
 21
510.085
  0
LINE
  8
QUOTATURA
 10
795.94
 11
795.94
 20
501.585
 21
485.93
  0
LINE
  8
QUOTATURA
 10
795.94
 11
787.543
 20
485.93
 21
485.93
  0
LINE
  8
QUOTATURA
 10
795.107
 11
795.94
 20
496.585
 21
501.585
  0
LINE
  8
QUOTATURA
 10
795.94
 11
796.774
 20
501.585
 21
496.585
  0
LINE
  8
QUOTATURA
 10
796.774
 11
795.107
 20
496.585
 21
496.585
  0
LINE
  8
QUOTATURA
 10
795.94
 11
795.94
 20
510.085
 21
520.085
  0
LINE
  8
QUOTATURA
 10
796.774
 11
795.94
 20
515.085
 21
510.085
  0
LINE
  8
QUOTATURA
 10
795.94
 11
795.107
 20
510.085
 21
515.085
  0
LINE
  8
QUOTATURA
 10
795.107
 11
796.774
 20
515.085
 21
515.085
  0
LINE
  8
QUOTATURA
 10
833.243
 11
833.243
 20
499.085
 21
480.045
  0
LINE
  8
QUOTATURA
 10
884.223
 11
884.223
 20
504.585
 21
480.045
  0
LINE
  8
QUOTATURA
 10
833.243
 11
847.888
 20
482.545
 21
482.545
  0
LINE
  8
QUOTATURA
 10
869.578
 11
884.223
 20
482.545
 21
482.545
  0
LINE
  8
QUOTATURA
 10
838.243
 11
833.243
 20
481.712
 21
482.545
  0
LINE
  8
QUOTATURA
 10
833.243
 11
838.243
 20
482.545
 21
483.379
  0
LINE
  8
QUOTATURA
 10
838.243
 11
838.243
 20
483.379
 21
481.712
  0
LINE
  8
QUOTATURA
 10
879.223
 11
884.223
 20
483.379
 21
482.545
  0
LINE
  8
QUOTATURA
 10
884.223
 11
879.223
 20
482.545
 21
481.712
  0
LINE
  8
QUOTATURA
 10
879.223
 11
879.223
 20
481.712
 21
483.379
  0
LINE
  8
QUOTATURA
 10
821.243
 11
821.243
 20
499.085
 21
482.666
  0
LINE
  8
QUOTATURA
 10
821.243
 11
812.806
 20
485.166
 21
485.166
  0
LINE
  8
QUOTATURA
 10
816.243
 11
821.243
 20
485.999
 21
485.166
  0
LINE
  8
QUOTATURA
 10
821.243
 11
816.243
 20
485.166
 21
484.332
  0
LINE
  8
QUOTATURA
 10
816.243
 11
816.243
 20
484.332
 21
485.999
  0
LINE
  8
QUOTATURA
 10
833.243
 11
843.243
 20
485.166
 21
485.166
  0
LINE
  8
QUOTATURA
 10
838.243
 11
833.243
 20
484.332
 21
485.166
  0
LINE
  8
QUOTATURA
 10
833.243
 11
838.243
 20
485.166
 21
485.999
  0
LINE
  8
QUOTATURA
 10
838.243
 11
838.243
 20
485.999
 21
484.332
  0
LINE
  8
COSTRUZIONI
 10
835.243
 11
835.243
 20
511.995
 21
620.995
  0
LINE
  8
QUOTATURA
 10
835.723
 11
835.723
 20
627.495
 21
644.14
  0
LINE
  8
QUOTATURA
 10
822.635
 11
822.635
 20
630.995
 21
644.14
  0
LINE
  8
QUOTATURA
 10
835.723
 11
807.724
 20
643.14
 21
643.14
  0
LINE
  8
QUOTATURA
 10
833.723
 11
835.723
 20
643.473
 21
643.14
  0
LINE
  8
QUOTATURA
 10
835.723
 11
833.723
 20
643.14
 21
642.806
  0
LINE
  8
QUOTATURA
 10
833.723
 11
833.723
 20
642.806
 21
643.473
  0
LINE
  8
QUOTATURA
 10
824.635
 11
822.635
 20
642.806
 21
643.14
  0
LINE
  8
QUOTATURA
 10
822.635
 11
824.635
 20
643.14
 21
643.473
  0
LINE
  8
QUOTATURA
 10
824.635
 11
824.635
 20
643.473
 21
642.806
  0
ARC
  8
APS_GEOMETRY
 10
817.885
 20
519.495
 40
3.5
 50
0.0
 51
33.646
  0
LINE
  8
APS_GEOMETRY
 10
820.799
 11
811.473
 20
521.434
 21
523.933
  0
LINE
  8
APS_GEOMETRY
 10
811.473
 11
811.473
 20
523.933
 21
544.995
  0
LINE
  8
APS_GEOMETRY
 10
811.473
 11
812.473
 20
544.995
 21
544.995
  0
LINE
  8
APS_GEOMETRY
 10
812.473
 11
812.473
 20
544.995
 21
568.995
  0
LINE
  8
APS_GEOMETRY
 10
812.473
 11
812.973
 20
568.995
 21
568.995
  0
LINE
  8
APS_GEOMETRY
 10
812.973
 11
812.973
 20
568.995
 21
629.995
  0
LINE
  8
APS_GEOMETRY
 10
812.973
 11
832.298
 20
629.995
 21
629.995
  0
LINE
  8
APS_GEOMETRY
 10
832.298
 11
832.298
 20
629.995
 21
568.995
  0
LINE
  8
APS_GEOMETRY
 10
832.298
 11
832.798
 20
568.995
 21
568.995
  0
LINE
  8
APS_GEOMETRY
 10
832.798
 11
832.798
 20
568.995
 21
544.995
  0
LINE
  8
APS_GEOMETRY
 10
832.798
 11
833.798
 20
544.995
 21
544.995
  0
LINE
  8
APS_GEOMETRY
 10
833.798
 11
833.798
 20
544.995
 21
523.933
  0
LINE
  8
APS_GEOMETRY
 10
833.798
 11
824.472
 20
523.933
 21
521.434
  0
ARC
  8
APS_GEOMETRY
 10
827.385
 20
519.495
 40
3.5
 50
146.354
 51
180.0
  0
LINE
  8
APS_GEOMETRY
 10
823.885
 11
821.385
 20
519.495
 21
519.495
  0
LINE
  8
APS_GEOMETRY
 10
835.243
 11
825.723
 20
620.995
 21
620.995
  0
LINE
  8
APS_GEOMETRY
 10
825.723
 11
825.723
 20
620.995
 21
565.495
  0
LINE
  8
APS_GEOMETRY
 10
825.723
 11
818.983
 20
565.495
 21
565.495
  0
LINE
  8
APS_GEOMETRY
 10
818.983
 11
818.983
 20
565.495
 21
541.495
  0
LINE
  8
APS_GEOMETRY
 10
818.983
 11
817.983
 20
541.495
 21
541.495
  0
LINE
  8
APS_GEOMETRY
 10
817.983
 11
817.983
 20
541.495
 21
522.188
  0
LINE
  8
APS_GEOMETRY
 10
817.983
 11
820.799
 20
522.188
 21
521.434
  0
ARC
  8
APS_GEOMETRY
 10
817.885
 20
519.495
 40
3.5
 50
0.0
 51
33.646
  0
LINE
  8
APS_GEOMETRY
 10
821.385
 11
824.148
 20
519.495
 21
519.229
  0
ARC
  8
APS_GEOMETRY
 10
823.812
 20
515.745
 40
3.5
 50
360.0
 51
84.498
  0
LINE
  8
APS_GEOMETRY
 10
827.312
 11
830.075
 20
515.745
 21
515.479
  0
ARC
  8
APS_GEOMETRY
 10
829.739
 20
511.995
 40
3.5
 50
360.0
 51
84.498
  0
LINE
  8
APS_GEOMETRY
 10
833.239
 11
837.246
 20
511.995
 21
511.995
  0
ARC
  8
APS_GEOMETRY
 10
840.746
 20
511.995
 40
3.5
 50
95.502
 51
180.0
  0
LINE
  8
APS_GEOMETRY
 10
840.41
 11
843.173
 20
515.479
 21
515.745
  0
ARC
  8
APS_GEOMETRY
 10
846.673
 20
515.745
 40
3.5
 50
95.502
 51
180.0
  0
LINE
  8
APS_GEOMETRY
 10
846.338
 11
849.1
 20
519.229
 21
519.495
  0
ARC
  8
APS_GEOMETRY
 10
852.6
 20
519.495
 40
3.5
 50
146.354
 51
180.0
  0
LINE
  8
APS_GEOMETRY
 10
849.686
 11
852.503
 20
521.434
 21
522.188
  0
LINE
  8
APS_GEOMETRY
 10
852.503
 11
852.503
 20
522.188
 21
541.495
  0
LINE
  8
APS_GEOMETRY
 10
852.503
 11
851.503
 20
541.495
 21
541.495
  0
LINE
  8
APS_GEOMETRY
 10
851.503
 11
851.503
 20
541.495
 21
565.495
  0
LINE
  8
APS_GEOMETRY
 10
851.503
 11
844.762
 20
565.495
 21
565.495
  0
LINE
  8
APS_GEOMETRY
 10
844.762
 11
844.762
 20
565.495
 21
620.995
  0
LINE
  8
APS_GEOMETRY
 10
844.762
 11
835.243
 20
620.995
 21
620.995
  0
LINE
  8
QUOTATURA
 10
833.243
 11
833.243
 20
501.085
 21
495.328
  0
LINE
  8
QUOTATURA
 10
827.316
 11
827.316
 20
504.835
 21
495.328
  0
LINE
  8
QUOTATURA
 10
833.243
 11
825.99
 20
495.828
 21
495.828
  0
LINE
  8
QUOTATURA
 10
832.243
 11
833.243
 20
495.994
 21
495.828
  0
LINE
  8
QUOTATURA
 10
833.243
 11
832.243
 20
495.828
 21
495.661
  0
LINE
  8
QUOTATURA
 10
832.243
 11
832.243
 20
495.661
 21
495.994
  0
LINE
  8
QUOTATURA
 10
828.316
 11
827.316
 20
495.661
 21
495.828
  0
LINE
  8
QUOTATURA
 10
827.316
 11
828.316
 20
495.828
 21
495.994
  0
LINE
  8
QUOTATURA
 10
828.316
 11
828.316
 20
495.994
 21
495.661
  0
LINE
  8
QUOTATURA
 10
827.316
 11
827.316
 20
504.335
 21
497.713
  0
LINE
  8
QUOTATURA
 10
821.389
 11
821.389
 20
508.585
 21
497.713
  0
LINE
  8
QUOTATURA
 10
827.316
 11
819.934
 20
498.213
 21
498.213
  0
LINE
  8
QUOTATURA
 10
826.316
 11
827.316
 20
498.38
 21
498.213
  0
LINE
  8
QUOTATURA
 10
827.316
 11
826.316
 20
498.213
 21
498.046
  0
LINE
  8
QUOTATURA
 10
826.316
 11
826.316
 20
498.046
 21
498.38
  0
LINE
  8
QUOTATURA
 10
822.389
 11
821.389
 20
498.046
 21
498.213
  0
LINE
  8
QUOTATURA
 10
821.389
 11
822.389
 20
498.213
 21
498.38
  0
LINE
  8
QUOTATURA
 10
822.389
 11
822.389
 20
498.38
 21
498.046
  0
LINE
  8
QUOTATURA
 10
821.243
 11
821.243
 20
509.585
 21
502.606
  0
LINE
  8
QUOTATURA
 10
821.243
 11
818.733
 20
503.106
 21
503.106
  0
LINE
  8
QUOTATURA
 10
820.243
 11
821.243
 20
503.273
 21
503.106
  0
LINE
  8
QUOTATURA
 10
821.243
 11
820.243
 20
503.106
 21
502.94
  0
LINE
  8
QUOTATURA
 10
820.243
 11
820.243
 20
502.94
 21
503.273
  0
LINE
  8
QUOTATURA
 10
821.389
 11
823.389
 20
503.106
 21
503.106
  0
LINE
  8
QUOTATURA
 10
822.389
 11
821.389
 20
502.94
 21
503.106
  0
LINE
  8
QUOTATURA
 10
821.389
 11
822.389
 20
503.106
 21
503.273
  0
LINE
  8
QUOTATURA
 10
822.389
 11
822.389
 20
503.273
 21
502.94
  0
LINE
  8
QUOTATURA
 10
826.816
 11
817.199
 20
505.335
 21
505.335
  0
LINE
  8
QUOTATURA
 10
817.699
 11
817.699
 20
505.335
 21
506.452
  0
LINE
  8
QUOTATURA
 10
817.699
 11
817.699
 20
507.963
 21
509.085
  0
LINE
  8
QUOTATURA
 10
817.865
 11
817.699
 20
506.335
 21
505.335
  0
LINE
  8
QUOTATURA
 10
817.699
 11
817.532
 20
505.335
 21
506.335
  0
LINE
  8
QUOTATURA
 10
817.532
 11
817.865
 20
506.335
 21
506.335
  0
LINE
  8
QUOTATURA
 10
817.532
 11
817.699
 20
508.085
 21
509.085
  0
LINE
  8
QUOTATURA
 10
817.699
 11
817.865
 20
509.085
 21
508.085
  0
LINE
  8
QUOTATURA
 10
817.865
 11
817.532
 20
508.085
 21
508.085
  0
LINE
  8
QUOTATURA
 10
832.743
 11
825.15
 20
501.585
 21
501.585
  0
LINE
  8
QUOTATURA
 10
825.65
 11
825.65
 20
505.335
 21
499.314
  0
LINE
  8
QUOTATURA
 10
825.65
 11
827.712
 20
499.314
 21
499.314
  0
LINE
  8
QUOTATURA
 10
825.484
 11
825.65
 20
504.335
 21
505.335
  0
LINE
  8
QUOTATURA
 10
825.65
 11
825.817
 20
505.335
 21
504.335
  0
LINE
  8
QUOTATURA
 10
825.817
 11
825.484
 20
504.335
 21
504.335
  0
LINE
  8
QUOTATURA
 10
825.817
 11
825.65
 20
502.585
 21
501.585
  0
LINE
  8
QUOTATURA
 10
825.65
 11
825.484
 20
501.585
 21
502.585
  0
LINE
  8
QUOTATURA
 10
825.484
 11
825.817
 20
502.585
 21
502.585
  0
LINE
  8
QUOTATURA
 10
820.889
 11
811.632
 20
509.085
 21
509.085
  0
LINE
  8
QUOTATURA
 10
820.743
 11
811.632
 20
510.085
 21
510.085
  0
LINE
  8
QUOTATURA
 10
812.132
 11
812.132
 20
509.085
 21
505.859
  0
LINE
  8
QUOTATURA
 10
812.132
 11
810.291
 20
505.859
 21
505.859
  0
LINE
  8
QUOTATURA
 10
811.966
 11
812.132
 20
508.085
 21
509.085
  0
LINE
  8
QUOTATURA
 10
812.132
 11
812.299
 20
509.085
 21
508.085
  0
LINE
  8
QUOTATURA
 10
812.299
 11
811.966
 20
508.085
 21
508.085
  0
LINE
  8
QUOTATURA
 10
812.132
 11
812.132
 20
510.085
 21
512.085
  0
LINE
  8
QUOTATURA
 10
812.299
 11
812.132
 20
511.085
 21
510.085
  0
LINE
  8
QUOTATURA
 10
812.132
 11
811.966
 20
510.085
 21
511.085
  0
LINE
  8
QUOTATURA
 10
811.966
 11
812.299
 20
511.085
 21
511.085
  0
ARC
  8
APS_GEOMETRY
 10
817.889
 20
470.514
 40
3.5
 50
360.0
 51
16.602
  0
LINE
  8
APS_GEOMETRY
 10
821.389
 11
824.151
 20
470.514
 21
470.248
  0
ARC
  8
APS_GEOMETRY
 10
823.816
 20
466.764
 40
3.5
 50
360.0
 51
84.498
  0
LINE
  8
APS_GEOMETRY
 10
827.316
 11
830.078
 20
466.764
 21
466.498
  0
ARC
  8
APS_GEOMETRY
 10
829.743
 20
463.014
 40
3.5
 50
360.0
 51
84.498
  0
ARC
  8
APS_GEOMETRY
 10
806.035
 20
478.014
 40
3.5
 50
360.0
 51
16.602
  0
LINE
  8
APS_GEOMETRY
 10
809.535
 11
812.297
 20
478.014
 21
477.748
  0
ARC
  8
APS_GEOMETRY
 10
811.962
 20
474.264
 40
3.5
 50
360.0
 51
84.498
  0
LINE
  8
APS_GEOMETRY
 10
815.462
 11
818.224
 20
474.264
 21
473.998
  0
ARC
  8
APS_GEOMETRY
 10
817.889
 20
470.514
 40
3.5
 50
360.0
 51
84.498
  0
LINE
  8
QUOTATURA
 10
835.649
 11
834.639
 20
464.193
 21
464.286
  0
LINE
  8
QUOTATURA
 10
834.639
 11
835.624
 20
464.286
 21
464.526
  0
LINE
  8
QUOTATURA
 10
835.624
 11
835.649
 20
464.526
 21
464.193
  0
LINE
  8
QUOTATURA
 10
834.639
 11
860.158
 20
464.286
 21
466.171
  0
LINE
  8
QUOTATURA
 10
828.18
 11
827.599
 20
478.121
 21
473.085
  0
LINE
  8
QUOTATURA
 10
827.599
 11
826.515
 20
473.085
 21
478.037
  0
LINE
  8
QUOTATURA
 10
826.515
 11
828.18
 20
478.037
 21
478.121
  0
LINE
  8
QUOTATURA
 10
827.599
 11
826.845
 20
473.085
 21
488.045
  0
LINE
  8
QUOTATURA
 10
815.864
 11
820.864
 20
517.489
 21
516.655
  0
LINE
  8
QUOTATURA
 10
820.864
 11
815.864
 20
516.655
 21
515.822
  0
LINE
  8
QUOTATURA
 10
815.864
 11
815.864
 20
515.822
 21
517.489
  0
LINE
  8
QUOTATURA
 10
820.864
 11
808.748
 20
516.655
 21
516.655
  0
LINE
  8
QUOTATURA
 10
808.748
 11
798.313
 20
516.655
 21
521.608
  0
CIRCLE
  8
COSTRUZIONI
 10
321.828
 20
401.642
 40
2.0
  0
LINE
  8
QUOTATURA
 10
319.328
 11
282.026
 20
401.642
 21
401.642
  0
LINE
  8
QUOTATURA
 10
307.009
 11
282.026
 20
410.142
 21
410.142
  0
LINE
  8
QUOTATURA
 10
284.526
 11
284.526
 20
401.642
 21
385.987
  0
LINE
  8
QUOTATURA
 10
284.526
 11
276.129
 20
385.987
 21
385.987
  0
LINE
  8
QUOTATURA
 10
283.692
 11
284.526
 20
396.642
 21
401.642
  0
LINE
  8
QUOTATURA
 10
284.526
 11
285.359
 20
401.642
 21
396.642
  0
LINE
  8
QUOTATURA
 10
285.359
 11
283.692
 20
396.642
 21
396.642
  0
LINE
  8
QUOTATURA
 10
284.526
 11
284.526
 20
410.142
 21
420.142
  0
LINE
  8
QUOTATURA
 10
285.359
 11
284.526
 20
415.142
 21
410.142
  0
LINE
  8
QUOTATURA
 10
284.526
 11
283.692
 20
410.142
 21
415.142
  0
LINE
  8
QUOTATURA
 10
283.692
 11
285.359
 20
415.142
 21
415.142
  0
LINE
  8
QUOTATURA
 10
321.828
 11
321.828
 20
399.142
 21
380.103
  0
LINE
  8
QUOTATURA
 10
372.809
 11
372.809
 20
404.642
 21
380.103
  0
LINE
  8
QUOTATURA
 10
321.828
 11
336.473
 20
382.603
 21
382.603
  0
LINE
  8
QUOTATURA
 10
358.164
 11
372.809
 20
382.603
 21
382.603
  0
LINE
  8
QUOTATURA
 10
326.828
 11
321.828
 20
381.769
 21
382.603
  0
LINE
  8
QUOTATURA
 10
321.828
 11
326.828
 20
382.603
 21
383.436
  0
LINE
  8
QUOTATURA
 10
326.828
 11
326.828
 20
383.436
 21
381.769
  0
LINE
  8
QUOTATURA
 10
367.809
 11
372.809
 20
383.436
 21
382.603
  0
LINE
  8
QUOTATURA
 10
372.809
 11
367.809
 20
382.603
 21
381.769
  0
LINE
  8
QUOTATURA
 10
367.809
 11
367.809
 20
381.769
 21
383.436
  0
LINE
  8
QUOTATURA
 10
309.828
 11
309.828
 20
399.142
 21
382.723
  0
LINE
  8
QUOTATURA
 10
309.828
 11
301.392
 20
385.223
 21
385.223
  0
LINE
  8
QUOTATURA
 10
304.828
 11
309.828
 20
386.057
 21
385.223
  0
LINE
  8
QUOTATURA
 10
309.828
 11
304.828
 20
385.223
 21
384.39
  0
LINE
  8
QUOTATURA
 10
304.828
 11
304.828
 20
384.39
 21
386.057
  0
LINE
  8
QUOTATURA
 10
321.828
 11
331.828
 20
385.223
 21
385.223
  0
LINE
  8
QUOTATURA
 10
326.828
 11
321.828
 20
384.39
 21
385.223
  0
LINE
  8
QUOTATURA
 10
321.828
 11
326.828
 20
385.223
 21
386.057
  0
LINE
  8
QUOTATURA
 10
326.828
 11
326.828
 20
386.057
 21
384.39
  0
LINE
  8
QUOTATURA
 10
861.244
 11
863.23
 20
511.522
 21
511.113
  0
LINE
  8
QUOTATURA
 10
863.23
 11
861.218
 20
511.113
 21
510.855
  0
LINE
  8
QUOTATURA
 10
861.218
 11
861.244
 20
510.855
 21
511.522
  0
LINE
  8
QUOTATURA
 10
863.23
 11
859.493
 20
511.113
 21
511.254
  0
LINE
  8
0
 10
931.52
 11
881.203
 20
384.565
 21
384.565
  0
LINE
  8
0
 10
881.203
 11
880.997
 20
384.565
 21
384.522
  0
ARC
  8
0
 10
881.413
 20
382.565
 40
2.0
 50
102.0
 51
180.0
  0
ARC
  8
0
 10
881.413
 20
382.565
 40
2.0
 50
110.0
 51
180.0
  0
LINE
  8
APS_GEOMETRY
 10
879.413
 11
879.413
 20
382.565
 21
381.565
  0
ARC
  8
APS_GEOMETRY
 10
876.166
 20
352.565
 40
29.0
 50
90.0
 51
121.003
  0
ARC
  8
APS_GEOMETRY
 10
876.166
 20
352.565
 40
29.0
 50
90.0
 51
121.003
  0
LINE
  8
APS_GEOMETRY
 10
876.166
 11
879.413
 20
381.565
 21
381.565
  0
LINE
  8
APS_GEOMETRY
 10
879.413
 11
876.166
 20
381.565
 21
381.565
  0
ARC
  8
APS_GEOMETRY
 10
856.335
 20
385.565
 40
9.5
 50
270.0
 51
301.003
  0
ARC
  8
APS_GEOMETRY
 10
856.335
 20
385.565
 40
9.5
 50
270.0
 51
301.003
  0
LINE
  8
APS_GEOMETRY
 10
856.335
 11
853.625
 20
376.065
 21
376.065
  0
LINE
  8
APS_GEOMETRY
 10
859.223
 11
869.223
 20
618.995
 21
618.995
  0
LINE
  8
APS_GEOMETRY
 10
869.223
 11
869.223
 20
618.995
 21
566.494
  0
LINE
  8
APS_GEOMETRY
 10
869.223
 11
875.657
 20
566.494
 21
566.494
  0
ARC
  8
APS_GEOMETRY
 10
875.657
 20
565.494
 40
1.0
 50
19.471
 51
90.0
  0
ARC
  8
APS_GEOMETRY
 10
888.385
 20
569.994
 40
12.5
 50
199.471
 51
270.0
  0
LINE
  8
APS_GEOMETRY
 10
888.385
 11
892.185
 20
557.494
 21
557.494
  0
ARC
  8
APS_GEOMETRY
 10
892.185
 20
556.494
 40
1.0
 50
0.0
 51
90.0
  0
LINE
  8
APS_GEOMETRY
 10
893.185
 11
893.185
 20
556.494
 21
539.488
  0
LINE
  8
APS_GEOMETRY
 10
893.185
 11
888.185
 20
539.488
 21
538.719
  0
LINE
  8
APS_GEOMETRY
 10
888.185
 11
888.185
 20
538.719
 21
521.837
  0
LINE
  8
APS_GEOMETRY
 10
888.185
 11
885.539
 20
521.837
 21
520.874
  0
ARC
  8
APS_GEOMETRY
 10
886.223
 20
518.995
 40
2.0
 50
110.0
 51
180.0
  0
LINE
  8
APS_GEOMETRY
 10
884.223
 11
884.223
 20
518.995
 21
517.995
  0
LINE
  8
APS_GEOMETRY
 10
884.223
 11
880.975
 20
517.995
 21
517.995
  0
LINE
  8
APS_GEOMETRY
 10
880.975
 11
884.223
 20
517.995
 21
517.995
  0
LINE
  8
APS_GEOMETRY
 10
884.223
 11
880.975
 20
517.995
 21
517.995
  0
ARC
  8
APS_GEOMETRY
 10
880.975
 20
488.995
 40
29.0
 50
90.0
 51
121.003
  0
ARC
  8
APS_GEOMETRY
 10
861.145
 20
521.995
 40
9.5
 50
270.0
 51
301.003
  0
LINE
  8
APS_GEOMETRY
 10
861.145
 11
857.301
 20
512.495
 21
512.495
  0
ARC
  8
APS_GEOMETRY
 10
857.301
 20
521.995
 40
9.5
 50
238.997
 51
270.0
  0
ARC
  8
APS_GEOMETRY
 10
837.471
 20
488.995
 40
29.0
 50
58.997
 51
90.0
  0
LINE
  8
APS_GEOMETRY
 10
837.471
 11
834.223
 20
517.995
 21
517.995
  0
LINE
  8
APS_GEOMETRY
 10
834.223
 11
837.471
 20
517.995
 21
517.995
  0
LINE
  8
APS_GEOMETRY
 10
837.471
 11
834.223
 20
517.995
 21
517.995
  0
LINE
  8
APS_GEOMETRY
 10
834.223
 11
834.223
 20
517.995
 21
518.995
  0
ARC
  8
APS_GEOMETRY
 10
832.223
 20
518.995
 40
2.0
 50
360.0
 51
70.0
  0
LINE
  8
APS_GEOMETRY
 10
832.907
 11
830.262
 20
520.874
 21
521.837
  0
LINE
  8
APS_GEOMETRY
 10
830.262
 11
830.262
 20
521.837
 21
538.719
  0
LINE
  8
APS_GEOMETRY
 10
830.262
 11
825.262
 20
538.719
 21
539.488
  0
LINE
  8
APS_GEOMETRY
 10
825.262
 11
825.262
 20
539.488
 21
556.494
  0
ARC
  8
APS_GEOMETRY
 10
826.262
 20
556.494
 40
1.0
 50
90.0
 51
180.0
  0
LINE
  8
APS_GEOMETRY
 10
826.262
 11
830.061
 20
557.494
 21
557.494
  0
ARC
  8
APS_GEOMETRY
 10
830.061
 20
569.994
 40
12.5
 50
270.0
 51
340.529
  0
ARC
  8
APS_GEOMETRY
 10
842.789
 20
565.494
 40
1.0
 50
90.0
 51
160.529
  0
LINE
  8
APS_GEOMETRY
 10
842.789
 11
849.223
 20
566.494
 21
566.494
  0
LINE
  8
APS_GEOMETRY
 10
849.223
 11
849.223
 20
566.494
 21
618.995
  0
LINE
  8
APS_GEOMETRY
 10
849.223
 11
859.223
 20
618.995
 21
618.995
  0
LINE
  8
APS_GEOMETRY
 10
758.955
 11
821.243
 20
510.085
 21
510.085
  0
ARC
  8
APS_GEOMETRY
 10
817.889
 20
509.085
 40
3.5
 50
360.0
 51
16.602
  0
LINE
  8
APS_GEOMETRY
 10
821.389
 11
824.151
 20
509.085
 21
508.819
  0
ARC
  8
APS_GEOMETRY
 10
823.816
 20
505.335
 40
3.5
 50
360.0
 51
84.498
  0
LINE
  8
APS_GEOMETRY
 10
827.316
 11
830.078
 20
505.335
 21
505.069
  0
ARC
  8
APS_GEOMETRY
 10
829.743
 20
501.585
 40
3.5
 50
360.0
 51
84.498
  0
LINE
  8
APS_GEOMETRY
 10
833.243
 11
859.223
 20
501.585
 21
501.585
  0
LINE
  8
APS_GEOMETRY
 10
858.435
 11
861.145
 20
501.585
 21
501.585
  0
ARC
  8
APS_GEOMETRY
 10
861.145
 20
511.085
 40
9.5
 50
270.0
 51
301.003
  0
ARC
  8
APS_GEOMETRY
 10
880.975
 20
478.085
 40
29.0
 50
90.0
 51
121.003
  0
LINE
  8
APS_GEOMETRY
 10
880.975
 11
884.223
 20
507.085
 21
507.085
  0
LINE
  8
APS_GEOMETRY
 10
884.223
 11
880.975
 20
507.085
 21
507.085
  0
LINE
  8
APS_GEOMETRY
 10
880.975
 11
884.223
 20
507.085
 21
507.085
  0
LINE
  8
APS_GEOMETRY
 10
884.223
 11
884.223
 20
507.085
 21
508.085
  0
ARC
  8
APS_GEOMETRY
 10
886.223
 20
508.085
 40
2.0
 50
110.0
 51
180.0
  0
LINE
  8
APS_GEOMETRY
 10
885.539
 11
885.87
 20
509.964
 21
510.085
  0
LINE
  8
APS_GEOMETRY
 10
885.87
 11
936.33
 20
510.085
 21
510.085
  0
CIRCLE
  8
0
 10
1374.079
 20
597.199
 40
1.45
  0
CIRCLE
  8
0
 10
1373.679
 20
588.749
 40
2.0
  0
CIRCLE
  8
0
 10
1385.283
 20
586.749
 40
2.0
  0
CIRCLE
  8
0
 10
1395.283
 20
586.749
 40
2.0
  0
CIRCLE
  8
0
 10
1411.775
 20
586.753
 40
2.0
  0
CIRCLE
  8
0
 10
1425.775
 20
586.753
 40
2.0
  0
LINE
  8
0
 10
1481.87
 11
1431.411
 20
432.001
 21
432.001
  0
LINE
  8
0
 10
1431.411
 11
1431.079
 20
432.001
 21
431.88
  0
ARC
  8
0
 10
1431.763
 20
430.001
 40
2.0
 50
110.0
 51
180.0
  0
LINE
  8
0
 10
1429.763
 11
1429.763
 20
430.001
 21
429.001
  0
LINE
  8
0
 10
1429.763
 11
1425.006
 20
429.001
 21
429.001
  0
ARC
  8
0
 10
1425.006
 20
399.001
 40
30.0
 50
90.0
 51
120.402
  0
ARC
  8
0
 10
1404.763
 20
433.501
 40
10.0
 50
270.0
 51
300.402
  0
LINE
  8
0
 10
1404.763
 11
1378.783
 20
423.501
 21
423.501
  0
ARC
  8
0
 10
1375.283
 20
423.501
 40
3.5
 50
0.0
 51
84.498
  0
LINE
  8
0
 10
1375.619
 11
1372.856
 20
426.985
 21
427.251
  0
ARC
  8
0
 10
1369.356
 20
427.251
 40
3.5
 50
0.0
 51
84.498
  0
LINE
  8
0
 10
1369.691
 11
1366.929
 20
430.735
 21
431.001
  0
ARC
  8
0
 10
1363.429
 20
431.001
 40
3.5
 50
0.0
 51
16.602
  0
LINE
  8
0
 10
1366.783
 11
1304.495
 20
432.001
 21
432.001
  0
LINE
  8
0
 10
1481.87
 11
1431.411
 20
473.827
 21
473.827
  0
LINE
  8
0
 10
1431.411
 11
1431.079
 20
473.827
 21
473.706
  0
ARC
  8
0
 10
1431.763
 20
471.827
 40
2.0
 50
110.0
 51
180.0
  0
LINE
  8
0
 10
1429.763
 11
1429.763
 20
471.827
 21
470.827
  0
LINE
  8
0
 10
1429.763
 11
1426.516
 20
470.827
 21
470.827
  0
ARC
  8
0
 10
1426.516
 20
441.827
 40
29.0
 50
90.0
 51
121.003
  0
ARC
  8
0
 10
1406.685
 20
474.827
 40
9.5
 50
270.0
 51
301.003
  0
LINE
  8
0
 10
1406.685
 11
1378.783
 20
465.327
 21
465.327
  0
ARC
  8
0
 10
1375.283
 20
465.327
 40
3.5
 50
0.0
 51
84.498
  0
LINE
  8
0
 10
1375.619
 11
1372.856
 20
468.811
 21
469.077
  0
ARC
  8
0
 10
1369.356
 20
469.077
 40
3.5
 50
0.0
 51
84.498
  0
LINE
  8
0
 10
1369.691
 11
1366.929
 20
472.561
 21
472.827
  0
ARC
  8
0
 10
1363.429
 20
472.827
 40
3.5
 50
0.0
 51
16.602
  0
LINE
  8
0
 10
1366.783
 11
1304.495
 20
473.827
 21
473.827
  0
ARC
  8
0
 10
1426.516
 20
539.749
 40
29.0
 50
90.0
 51
121.003
  0
ARC
  8
0
 10
1406.685
 20
572.749
 40
9.5
 50
270.0
 51
301.003
  0
ARC
  8
0
 10
1406.685
 20
572.749
 40
9.5
 50
270.0
 51
301.003
  0
ARC
  8
0
 10
1426.516
 20
539.749
 40
29.0
 50
90.0
 51
121.003
  0
LINE
  8
0
 10
1426.516
 11
1429.763
 20
568.749
 21
568.749
  0
LINE
  8
0
 10
1429.763
 11
1426.516
 20
568.749
 21
568.749
  0
LINE
  8
0
 10
1356.929
 11
1366.301
 20
576.161
 21
572.749
  0
ARC
  8
0
 10
1363.429
 20
570.749
 40
3.5
 50
360.0
 51
34.85
  0
ARC
  8
0
 10
1363.429
 20
570.749
 40
3.5
 50
0.0
 51
16.602
  0
LINE
  8
0
 10
1366.783
 11
1304.495
 20
571.749
 21
571.749
  0
ARC
  8
0
 10
1369.356
 20
566.999
 40
3.5
 50
0.0
 51
84.498
  0
ARC
  8
0
 10
1369.356
 20
566.999
 40
3.5
 50
360.0
 51
84.498
  0
LINE
  8
0
 10
1372.856
 11
1375.619
 20
566.999
 21
566.733
  0
LINE
  8
0
 10
1375.619
 11
1372.856
 20
566.733
 21
566.999
  0
LINE
  8
0
 10
1400.283
 11
1400.283
 20
589.652
 21
576.845
  0
LINE
  8
0
 10
1400.283
 11
1396.662
 20
576.845
 21
573.224
  0
ARC
  8
0
 10
1399.137
 20
570.749
 40
3.5
 50
135.0
 51
180.0
  0
LINE
  8
0
 10
1395.637
 11
1392.874
 20
570.749
 21
570.483
  0
ARC
  8
0
 10
1393.21
 20
566.999
 40
3.5
 50
95.502
 51
180.0
  0
LINE
  8
0
 10
1389.71
 11
1386.947
 20
566.999
 21
566.733
  0
ARC
  8
0
 10
1387.283
 20
563.249
 40
3.5
 50
95.502
 51
180.0
  0
LINE
  8
0
 10
1383.783
 11
1378.783
 20
563.249
 21
563.249
  0
ARC
  8
0
 10
1375.283
 20
563.249
 40
3.5
 50
0.0
 51
84.498
  0
ARC
  8
0
 10
1375.283
 20
563.249
 40
3.5
 50
0.0
 51
84.498
  0
LINE
  8
0
 10
1378.783
 11
1406.685
 20
563.249
 21
563.249
  0
LINE
  8
0
 10
1406.685
 11
1403.775
 20
563.249
 21
563.249
  0
LINE
  8
0
 10
1403.775
 11
1403.775
 20
563.249
 21
594.253
  0
ARC
  8
0
 10
1433.775
 20
594.253
 40
30.0
 50
123.698
 51
180.0
  0
LINE
  8
0
 10
1481.87
 11
1431.411
 20
571.749
 21
571.749
  0
LINE
  8
0
 10
1431.411
 11
1431.079
 20
571.749
 21
571.629
  0
ARC
  8
0
 10
1431.763
 20
569.749
 40
2.0
 50
110.0
 51
180.0
  0
ARC
  8
0
 10
1431.763
 20
569.749
 40
2.0
 50
102.0
 51
180.0
  0
LINE
  8
0
 10
1431.347
 11
1433.775
 20
571.706
 21
572.222
  0
LINE
  8
0
 10
1433.775
 11
1433.775
 20
572.222
 21
610.213
  0
ARC
  8
0
 10
1372.929
 20
570.749
 40
3.5
 50
145.15
 51
180.0
  0
LINE
  8
0
 10
1369.429
 11
1366.929
 20
570.749
 21
570.749
  0
LINE
  8
0
 10
1366.929
 11
1369.691
 20
570.749
 21
570.483
  0
LINE
  8
0
 10
1369.691
 11
1366.929
 20
570.483
 21
570.749
  0
ARC
  8
0
 10
1363.429
 20
570.749
 40
3.5
 50
360.0
 51
45.0
  0
LINE
  8
0
 10
1365.904
 11
1362.283
 20
573.224
 21
576.845
  0
LINE
  8
0
 10
1362.283
 11
1362.283
 20
576.845
 21
585.001
  0
ARC
  8
0
 10
1400.579
 20
597.749
 40
32.5
 50
137.396
 51
180.0
  0
LINE
  8
0
 10
1368.079
 11
1368.079
 20
597.749
 21
595.749
  0
ARC
  8
0
 10
1400.579
 20
597.749
 40
29.9
 50
137.091
 51
180.0
  0
LINE
  8
0
 10
1370.679
 11
1370.679
 20
597.749
 21
592.75
  0
LINE
  8
0
 10
1370.679
 11
1370.679
 20
592.75
 21
597.749
  0
ARC
  8
0
 10
1374.079
 20
588.749
 40
5.25
 50
130.362
 51
229.638
  0
LINE
  8
0
 10
1370.679
 11
1368.079
 20
584.749
 21
572.75
  0
ARC
  8
0
 10
1372.827
 20
641.267
 40
1.5
 50
307.437
 51
85.429
  0
LINE
  8
0
 10
1373.739
 11
1359.597
 20
640.076
 21
629.25
  0
LINE
  8
0
 10
1359.597
 11
1375.792
 20
629.25
 21
638.646
  0
ARC
  8
0
 10
1374.644
 20
640.557
 40
2.229
 50
301.007
 51
81.745
  0
LINE
  8
0
 10
1374.964
 11
1361.185
 20
642.762
 21
642.762
  0
LINE
  8
0
 10
1361.185
 11
1361.185
 20
642.762
 21
640.262
  0
LINE
  8
0
 10
1361.185
 11
1373.94
 20
640.262
 21
640.262
  0
ARC
  8
0
 10
1357.436
 20
611.711
 40
8.0
 50
275.399
 51
349.652
  0
ARC
  8
0
 10
1358.283
 20
602.751
 40
1.0
 50
90.0
 51
180.0
  0
LINE
  8
0
 10
1357.283
 11
1357.283
 20
602.751
 21
586.251
  0
LINE
  8
0
 10
1357.283
 11
1363.283
 20
586.251
 21
584.751
  0
ARC
  8
0
 10
1400.283
 20
593.249
 40
20.0
 50
115.831
 51
180.0
  0
LINE
  8
0
 10
1380.283
 11
1380.283
 20
593.249
 21
563.249
  0
ARC
  8
0
 10
1400.583
 20
586.514
 40
0.5
 50
233.13
 51
360.0
  0
LINE
  8
0
 10
1401.083
 11
1401.083
 20
586.514
 21
588.785
  0
ARC
  8
0
 10
1398.556
 20
593.362
 40
5.229
 50
298.903
 51
61.097
  0
LINE
  8
0
 10
1401.083
 11
1401.083
 20
597.939
 21
599.392
  0
ARC
  8
0
 10
1400.583
 20
599.392
 40
0.5
 50
0.0
 51
90.0
  0
LINE
  8
0
 10
1400.583
 11
1400.283
 20
599.892
 21
599.892
  0
LINE
  8
0
 10
1400.283
 11
1400.283
 20
599.892
 21
586.017
  0
ARC
  8
0
 10
1404.992
 20
593.293
 40
3.34
 50
125.337
 51
233.432
  0
ARC
  8
0
 10
1405.13
 20
611.711
 40
8.0
 50
190.348
 51
264.601
  0
LINE
  8
0
 10
1399.283
 11
1405.283
 20
584.751
 21
586.251
  0
LINE
  8
0
 10
1405.283
 11
1405.283
 20
586.251
 21
602.751
  0
ARC
  8
0
 10
1404.283
 20
602.751
 40
1.0
 50
0.0
 51
90.0
  0
ARC
  8
0
 10
1385.567
 20
643.383
 40
1.5
 50
307.437
 51
85.429
  0
LINE
  8
0
 10
1386.479
 11
1372.338
 20
642.192
 21
631.366
  0
LINE
  8
0
 10
1372.338
 11
1388.532
 20
631.366
 21
640.763
  0
ARC
  8
0
 10
1387.384
 20
642.673
 40
2.229
 50
301.007
 51
81.745
  0
LINE
  8
0
 10
1387.704
 11
1373.926
 20
644.878
 21
644.878
  0
LINE
  8
0
 10
1373.926
 11
1373.926
 20
644.878
 21
642.378
  0
LINE
  8
0
 10
1373.926
 11
1386.681
 20
642.378
 21
642.378
  0
LINE
  8
0
 10
1422.279
 11
1387.313
 20
618.212
 21
618.212
  0
ARC
  8
0
 10
1375.651
 20
622.712
 40
12.5
 50
338.9
 51
340.529
  0
ARC
  8
0
 10
1388.379
 20
618.212
 40
1.0
 50
90.0
 51
160.529
  0
LINE
  8
0
 10
1388.379
 11
1421.247
 20
619.212
 21
619.212
  0
ARC
  8
0
 10
1421.247
 20
618.212
 40
1.0
 50
19.471
 51
90.0
  0
ARC
  8
0
 10
1433.975
 20
622.712
 40
12.5
 50
199.471
 51
270.0
  0
LINE
  8
0
 10
1433.975
 11
1437.775
 20
610.212
 21
610.212
  0
ARC
  8
0
 10
1437.775
 20
609.212
 40
1.0
 50
360.0
 51
90.0
  0
LINE
  8
0
 10
1438.775
 11
1438.775
 20
609.212
 21
587.706
  0
LINE
  8
0
 10
1438.775
 11
1432.315
 20
587.706
 21
586.712
  0
LINE
  8
0
 10
1432.315
 11
1432.315
 20
586.712
 21
581.8
  0
ARC
  8
0
 10
1440.194
 20
542.584
 40
40.0
 50
101.36
 51
132.207
  0
LINE
  8
0
 10
1413.321
 11
1403.775
 20
572.213
 21
572.213
  0
ARC
  8
0
 10
1433.775
 20
597.753
 40
1.0
 50
0.0
 51
90.0
  0
LINE
  8
0
 10
1433.775
 11
1433.775
 20
598.753
 21
587.753
  0
ARC
  8
0
 10
1433.775
 20
588.753
 40
1.0
 50
270.0
 51
0.0
  0
LINE
  8
0
 10
1434.775
 11
1434.775
 20
588.753
 21
597.753
  0
ARC
  8
0
 10
1432.772
 20
593.253
 40
4.0
 50
300.043
 51
59.957
  0
LINE
  8
0
 10
1433.813
 11
1432.215
 20
587.044
 21
586.798
  0
LINE
  8
0
 10
1432.215
 11
1432.211
 20
586.798
 21
581.881
  0
ARC
  8
0
 10
1440.194
 20
542.584
 40
40.1
 50
101.483
 51
132.152
  0
LINE
  8
0
 10
1413.283
 11
1403.775
 20
572.313
 21
572.313
  0
ARC
  8
0
 10
1440.194
 20
542.584
 40
40.2
 50
101.606
 51
132.097
  0
LINE
  8
0
 10
1413.244
 11
1403.775
 20
572.413
 21
572.413
  0
ARC
  8
0
 10
1440.194
 20
542.584
 40
40.3
 50
101.728
 51
132.042
  0
LINE
  8
0
 10
1413.206
 11
1403.775
 20
572.513
 21
572.513
  0
ARC
  8
0
 10
1436.772
 20
593.253
 40
1.6
 50
101.537
 51
258.463
  0
LINE
  8
0
 10
1410.212
 11
1397.456
 20
647.339
 21
647.339
  0
LINE
  8
0
 10
1397.456
 11
1397.456
 20
647.339
 21
649.839
  0
LINE
  8
0
 10
1397.456
 11
1411.235
 20
649.839
 21
649.839
  0
ARC
  8
0
 10
1410.915
 20
647.634
 40
2.229
 50
301.007
 51
81.745
  0
LINE
  8
0
 10
1412.063
 11
1395.869
 20
645.724
 21
636.327
  0
LINE
  8
0
 10
1395.869
 11
1410.01
 20
636.327
 21
647.153
  0
ARC
  8
0
 10
1409.098
 20
648.344
 40
1.5
 50
307.437
 51
85.429
  0
LINE
  8
0
 10
1378.783
 11
1383.783
 20
404.461
 21
403.628
  0
LINE
  8
0
 10
1383.783
 11
1383.783
 20
403.628
 21
405.295
  0
LINE
  8
0
 10
1383.783
 11
1378.783
 20
405.295
 21
404.461
  0
LINE
  8
0
 10
1378.783
 11
1393.428
 20
404.461
 21
404.461
  0
LINE
  8
0
 10
1363.963
 11
1338.981
 20
432.001
 21
432.001
  0
LINE
  8
0
 10
1376.283
 11
1338.981
 20
423.501
 21
423.501
  0
LINE
  8
0
 10
1341.481
 11
1340.647
 20
423.501
 21
418.501
  0
LINE
  8
0
 10
1340.647
 11
1342.314
 20
418.501
 21
418.501
  0
LINE
  8
0
 10
1342.314
 11
1341.481
 20
418.501
 21
423.501
  0
LINE
  8
0
 10
1341.481
 11
1341.481
 20
423.501
 21
407.846
  0
LINE
  8
0
 10
1341.481
 11
1333.083
 20
407.846
 21
407.846
  0
LINE
  8
0
 10
1341.481
 11
1342.314
 20
432.001
 21
437.001
  0
LINE
  8
0
 10
1342.314
 11
1340.647
 20
437.001
 21
437.001
  0
LINE
  8
0
 10
1340.647
 11
1341.481
 20
437.001
 21
432.001
  0
LINE
  8
0
 10
1341.481
 11
1341.481
 20
432.001
 21
442.001
  0
LINE
  8
0
 10
1366.783
 11
1366.783
 20
421.001
 21
404.582
  0
LINE
  8
0
 10
1366.783
 11
1361.783
 20
407.082
 21
406.248
  0
LINE
  8
0
 10
1361.783
 11
1361.783
 20
406.248
 21
407.915
  0
LINE
  8
0
 10
1361.783
 11
1366.783
 20
407.915
 21
407.082
  0
LINE
  8
0
 10
1366.783
 11
1358.347
 20
407.082
 21
407.082
  0
LINE
  8
0
 10
1378.783
 11
1378.783
 20
421.001
 21
401.961
  0
LINE
  8
0
 10
1378.783
 11
1383.783
 20
407.082
 21
407.915
  0
LINE
  8
0
 10
1383.783
 11
1383.783
 20
407.915
 21
406.248
  0
LINE
  8
0
 10
1383.783
 11
1378.783
 20
406.248
 21
407.082
  0
LINE
  8
0
 10
1378.783
 11
1388.783
 20
407.082
 21
407.082
  0
LINE
  8
0
 10
1429.763
 11
1429.763
 20
426.501
 21
401.961
  0
LINE
  8
0
 10
1415.118
 11
1429.763
 20
404.461
 21
404.461
  0
LINE
  8
0
 10
1429.763
 11
1424.763
 20
404.461
 21
403.628
  0
LINE
  8
0
 10
1424.763
 11
1424.763
 20
403.628
 21
405.295
  0
LINE
  8
0
 10
1424.763
 11
1429.763
 20
405.295
 21
404.461
  0
LINE
  8
0
 10
1363.963
 11
1338.981
 20
473.827
 21
473.827
  0
LINE
  8
0
 10
1363.963
 11
1338.981
 20
571.749
 21
571.749
  0
LINE
  8
0
 10
1429.763
 11
1429.763
 20
568.749
 21
569.749
  0
LINE
  8
0
 10
1429.763
 11
1429.763
 20
569.749
 21
568.749
  0
LINE
  8
0
 10
1304.495
 11
1481.87
 20
559.749
 21
559.749
  0
LINE
  8
0
 10
1359.179
 11
1377.179
 20
669.749
 21
669.749
  0
LINE
  8
0
 10
1377.179
 11
1378.179
 20
669.749
 21
668.749
  0
LINE
  8
0
 10
1378.179
 11
1358.179
 20
668.749
 21
668.749
  0
LINE
  8
0
 10
1358.179
 11
1359.179
 20
668.749
 21
669.749
  0
LINE
  8
0
 10
1357.679
 11
1356.679
 20
595.749
 21
595.749
  0
LINE
  8
0
 10
1356.679
 11
1356.679
 20
595.749
 21
576.161
  0
LINE
  8
0
 10
1378.679
 11
1378.679
 20
595.749
 21
619.749
  0
LINE
  8
0
 10
1378.679
 11
1357.679
 20
619.749
 21
619.749
  0
LINE
  8
0
 10
1357.679
 11
1357.679
 20
619.749
 21
581.749
  0
LINE
  8
0
 10
1357.679
 11
1366.95
 20
581.749
 21
572.75
  0
LINE
  8
0
 10
1366.95
 11
1368.208
 20
572.75
 21
572.75
  0
LINE
  8
0
 10
1368.208
 11
1366.95
 20
572.75
 21
572.75
  0
LINE
  8
0
 10
1367.679
 11
1367.679
 20
573.249
 21
572.623
  0
LINE
  8
0
 10
1367.679
 11
1367.679
 20
572.623
 21
573.249
  0
LINE
  8
0
 10
1367.679
 11
1367.679
 20
573.249
 21
572.623
  0
LINE
  8
0
 10
1367.679
 11
1367.679
 20
572.623
 21
573.249
  0
LINE
  8
0
 10
1358.179
 11
1358.179
 20
668.749
 21
619.749
  0
LINE
  8
0
 10
1378.179
 11
1378.179
 20
668.749
 21
619.749
  0
LINE
  8
0
 10
1369.679
 11
1377.679
 20
588.749
 21
588.749
  0
LINE
  8
0
 10
1379.679
 11
1367.679
 20
595.749
 21
595.749
  0
LINE
  8
0
 10
1373.679
 11
1373.679
 20
592.749
 21
584.749
  0
LINE
  8
0
 10
1366.283
 11
1396.283
 20
611.251
 21
611.251
  0
LINE
  8
0
 10
1396.283
 11
1397.283
 20
611.251
 21
610.251
  0
LINE
  8
0
 10
1397.283
 11
1365.283
 20
610.251
 21
610.251
  0
LINE
  8
0
 10
1365.283
 11
1366.283
 20
610.251
 21
611.251
  0
LINE
  8
0
 10
1391.283
 11
1390.283
 20
655.251
 21
656.251
  0
LINE
  8
0
 10
1390.283
 11
1372.283
 20
656.251
 21
656.251
  0
LINE
  8
0
 10
1372.283
 11
1371.283
 20
656.251
 21
655.251
  0
LINE
  8
0
 10
1371.283
 11
1391.283
 20
655.251
 21
655.251
  0
LINE
  8
0
 10
1391.283
 11
1391.283
 20
655.251
 21
611.251
  0
LINE
  8
0
 10
1371.283
 11
1371.283
 20
655.251
 21
611.251
  0
LINE
  8
0
 10
1385.283
 11
1385.283
 20
590.749
 21
582.749
  0
LINE
  8
0
 10
1395.283
 11
1395.283
 20
590.749
 21
582.749
  0
LINE
  8
0
 10
1380.283
 11
1404.783
 20
591.839
 21
591.839
  0
LINE
  8
0
 10
1381.283
 11
1389.283
 20
586.749
 21
586.749
  0
LINE
  8
0
 10
1391.283
 11
1399.283
 20
586.749
 21
586.749
  0
LINE
  8
0
 10
1414.813
 11
1414.813
 20
619.212
 21
663.212
  0
LINE
  8
0
 10
1414.813
 11
1413.813
 20
663.212
 21
664.212
  0
LINE
  8
0
 10
1413.813
 11
1395.813
 20
664.212
 21
664.212
  0
LINE
  8
0
 10
1395.813
 11
1394.813
 20
664.212
 21
663.212
  0
LINE
  8
0
 10
1394.813
 11
1394.813
 20
663.212
 21
619.212
  0
LINE
  8
0
 10
1403.775
 11
1435.972
 20
593.253
 21
593.253
  0
LINE
  8
0
 10
1433.813
 11
1432.015
 20
587.246
 21
586.969
  0
LINE
  8
0
 10
1432.015
 11
1432.015
 20
586.969
 21
582.058
  0
LINE
  8
0
 10
1433.813
 11
1432.115
 20
587.145
 21
586.884
  0
LINE
  8
0
 10
1432.115
 11
1432.115
 20
586.884
 21
581.972
  0
LINE
  8
0
 10
1425.775
 11
1425.775
 20
590.753
 21
582.753
  0
LINE
  8
0
 10
1411.775
 11
1411.775
 20
590.753
 21
582.753
  0
LINE
  8
0
 10
1407.775
 11
1415.775
 20
586.753
 21
586.753
  0
LINE
  8
0
 10
1421.775
 11
1429.775
 20
586.753
 21
586.753
  0
LINE
  8
0
 10
1394.813
 11
1414.813
 20
663.212
 21
663.212
  0
LINE
  8
0
 10
1404.813
 11
1396.813
 20
663.212
 21
663.212
  0
LINE
  8
0
 10
1404.813
 11
1397.813
 20
664.212
 21
664.212
  0
LINE
  8
0
 10
1382.283
 11
1376.812
 20
568.25
 21
568.25
  0
ARC
  8
0
 10
1354.617
 20
556.854
 40
24.95
 50
27.177
 51
69.675
  0
LINE
  8
0
 10
1363.283
 11
1363.283
 20
580.251
 21
584.751
  0
ARC
  8
0
 10
1407.949
 20
556.854
 40
25.0
 50
110.282
 51
152.753
  0
LINE
  8
0
 10
1385.723
 11
1380.283
 20
568.3
 21
568.3
  0
ARC
  8
0
 10
1407.949
 20
556.854
 40
25.1
 50
110.198
 51
152.613
  0
LINE
  8
0
 10
1385.662
 11
1380.283
 20
568.4
 21
568.4
  0
ARC
  8
0
 10
1407.949
 20
556.854
 40
25.05
 50
110.24
 51
152.683
  0
LINE
  8
0
 10
1385.693
 11
1380.283
 20
568.35
 21
568.35
  0
LINE
  8
0
 10
1399.283
 11
1399.283
 20
584.751
 21
580.251
  0
ARC
  8
0
 10
1407.949
 20
556.854
 40
24.95
 50
110.325
 51
152.823
  0
LINE
  8
0
 10
1385.754
 11
1380.283
 20
568.25
 21
568.25
  0
ARC
  8
0
 10
1407.949
 20
556.854
 40
25.15
 50
110.156
 51
152.544
  0
LINE
  8
0
 10
1385.632
 11
1380.283
 20
568.45
 21
568.45
  0
LINE
  8
0
 10
1368.179
 11
1368.179
 20
675.291
 21
565.457
  0
LINE
  8
0
 10
1378.679
 11
1378.679
 20
595.065
 21
581.749
  0
LINE
  8
0
 10
1378.679
 11
1369.45
 20
581.749
 21
572.75
  0
LINE
  8
0
 10
1369.45
 11
1368.1
 20
572.75
 21
572.75
  0
LINE
  8
0
 10
1381.283
 11
1381.283
 20
663.137
 21
557.097
  0
LINE
  8
0
 10
1404.813
 11
1404.813
 20
669.825
 21
561.012
  0
LINE
  8
0
 10
1367.679
 11
1367.679
 20
595.749
 21
570.749
  0
LINE
  8
0
 10
1379.679
 11
1379.679
 20
595.749
 21
576.161
  0
LINE
  8
0
 10
1370.057
 11
1379.429
 20
572.749
 21
576.161
  0
LINE
  8
QUOTATURA
 10
1378.783
 11
1378.783
 20
463.827
 21
454.246
  0
LINE
  8
QUOTATURA
 10
1429.763
 11
1429.763
 20
469.327
 21
454.246
  0
LINE
  8
QUOTATURA
 10
1380.783
 11
1400.955
 20
455.746
 21
455.746
  0
LINE
  8
QUOTATURA
 10
1427.763
 11
1414.539
 20
455.746
 21
455.746
  0
LINE
  8
QUOTATURA
 10
1380.783
 11
1380.783
 20
456.08
 21
455.413
  0
LINE
  8
QUOTATURA
 10
1380.783
 11
1378.783
 20
455.413
 21
455.746
  0
LINE
  8
QUOTATURA
 10
1378.783
 11
1380.783
 20
455.746
 21
456.08
  0
LINE
  8
QUOTATURA
 10
1427.763
 11
1427.763
 20
456.08
 21
455.413
  0
LINE
  8
QUOTATURA
 10
1427.763
 11
1429.763
 20
455.413
 21
455.746
  0
LINE
  8
QUOTATURA
 10
1429.763
 11
1427.763
 20
455.746
 21
456.08
  0
LINE
  8
QUOTATURA
 10
1365.283
 11
1352.5
 20
473.827
 21
473.827
  0
LINE
  8
QUOTATURA
 10
1374.783
 11
1352.5
 20
465.327
 21
465.327
  0
LINE
  8
QUOTATURA
 10
1354.0
 11
1354.0
 20
475.827
 21
477.827
  0
LINE
  8
QUOTATURA
 10
1354.0
 11
1354.0
 20
463.327
 21
461.327
  0
LINE
  8
QUOTATURA
 10
1353.666
 11
1354.333
 20
475.827
 21
475.827
  0
LINE
  8
QUOTATURA
 10
1354.333
 11
1354.0
 20
475.827
 21
473.827
  0
LINE
  8
QUOTATURA
 10
1354.0
 11
1353.666
 20
473.827
 21
475.827
  0
LINE
  8
QUOTATURA
 10
1353.666
 11
1354.333
 20
463.327
 21
463.327
  0
LINE
  8
QUOTATURA
 10
1354.333
 11
1354.0
 20
463.327
 21
465.327
  0
LINE
  8
QUOTATURA
 10
1354.0
 11
1353.666
 20
465.327
 21
463.327
  0
LINE
  8
QUOTATURA
 10
1366.783
 11
1366.783
 20
467.73
 21
454.605
  0
LINE
  8
QUOTATURA
 10
1378.783
 11
1378.783
 20
457.73
 21
454.605
  0
LINE
  8
QUOTATURA
 10
1368.783
 11
1369.191
 20
456.105
 21
456.105
  0
LINE
  8
QUOTATURA
 10
1376.783
 11
1376.524
 20
456.105
 21
456.105
  0
LINE
  8
QUOTATURA
 10
1368.783
 11
1368.783
 20
456.439
 21
455.772
  0
LINE
  8
QUOTATURA
 10
1368.783
 11
1366.783
 20
455.772
 21
456.105
  0
LINE
  8
QUOTATURA
 10
1366.783
 11
1368.783
 20
456.105
 21
456.439
  0
LINE
  8
QUOTATURA
 10
1376.783
 11
1376.783
 20
456.439
 21
455.772
  0
LINE
  8
QUOTATURA
 10
1376.783
 11
1378.783
 20
455.772
 21
456.105
  0
LINE
  8
QUOTATURA
 10
1378.783
 11
1376.783
 20
456.105
 21
456.439
  0
LINE
  8
QUOTATURA
 10
1403.775
 11
1403.775
 20
594.753
 21
599.165
  0
LINE
  8
QUOTATURA
 10
1433.775
 11
1433.775
 20
594.753
 21
599.165
  0
LINE
  8
QUOTATURA
 10
1405.775
 11
1415.538
 20
597.665
 21
597.665
  0
LINE
  8
QUOTATURA
 10
1431.775
 11
1423.288
 20
597.665
 21
597.665
  0
LINE
  8
QUOTATURA
 10
1405.775
 11
1405.775
 20
597.998
 21
597.331
  0
LINE
  8
QUOTATURA
 10
1405.775
 11
1403.775
 20
597.331
 21
597.665
  0
LINE
  8
QUOTATURA
 10
1403.775
 11
1405.775
 20
597.665
 21
597.998
  0
LINE
  8
QUOTATURA
 10
1431.775
 11
1431.775
 20
597.998
 21
597.331
  0
LINE
  8
QUOTATURA
 10
1431.775
 11
1433.775
 20
597.331
 21
597.665
  0
LINE
  8
QUOTATURA
 10
1433.775
 11
1431.775
 20
597.665
 21
597.998
  0
LINE
  8
QUOTATURA
 10
1368.179
 11
1368.179
 20
676.791
 21
677.915
  0
LINE
  8
QUOTATURA
 10
1381.283
 11
1381.283
 20
664.637
 21
677.915
  0
LINE
  8
QUOTATURA
 10
1366.179
 11
1364.179
 20
676.415
 21
676.415
  0
LINE
  8
QUOTATURA
 10
1383.283
 11
1385.283
 20
676.415
 21
676.415
  0
LINE
  8
QUOTATURA
 10
1366.179
 11
1366.179
 20
676.748
 21
676.082
  0
LINE
  8
QUOTATURA
 10
1366.179
 11
1368.179
 20
676.082
 21
676.415
  0
LINE
  8
QUOTATURA
 10
1368.179
 11
1366.179
 20
676.415
 21
676.748
  0
LINE
  8
QUOTATURA
 10
1383.283
 11
1383.283
 20
676.748
 21
676.082
  0
LINE
  8
QUOTATURA
 10
1383.283
 11
1381.283
 20
676.082
 21
676.415
  0
LINE
  8
QUOTATURA
 10
1381.283
 11
1383.283
 20
676.415
 21
676.748
  0
LINE
  8
QUOTATURA
 10
1381.283
 11
1381.283
 20
666.137
 21
675.229
  0
LINE
  8
QUOTATURA
 10
1404.813
 11
1404.813
 20
671.325
 21
675.229
  0
LINE
  8
QUOTATURA
 10
1383.283
 11
1389.858
 20
673.729
 21
673.729
  0
LINE
  8
QUOTATURA
 10
1402.813
 11
1401.358
 20
673.729
 21
673.729
  0
LINE
  8
QUOTATURA
 10
1383.283
 11
1383.283
 20
674.063
 21
673.396
  0
LINE
  8
QUOTATURA
 10
1383.283
 11
1381.283
 20
673.396
 21
673.729
  0
LINE
  8
QUOTATURA
 10
1381.283
 11
1383.283
 20
673.729
 21
674.063
  0
LINE
  8
QUOTATURA
 10
1402.813
 11
1402.813
 20
674.063
 21
673.396
  0
LINE
  8
QUOTATURA
 10
1402.813
 11
1404.813
 20
673.396
 21
673.729
  0
LINE
  8
QUOTATURA
 10
1404.813
 11
1402.813
 20
673.729
 21
674.063
  0
LINE
  8
QUOTATURA
 10
1368.179
 11
1368.179
 20
564.957
 21
551.411
  0
LINE
  8
QUOTATURA
 10
1381.283
 11
1381.283
 20
556.597
 21
551.411
  0
LINE
  8
QUOTATURA
 10
1381.283
 11
1356.183
 20
551.911
 21
551.911
  0
LINE
  8
QUOTATURA
 10
1369.179
 11
1368.179
 20
551.744
 21
551.911
  0
LINE
  8
QUOTATURA
 10
1368.179
 11
1369.179
 20
551.911
 21
552.078
  0
LINE
  8
QUOTATURA
 10
1369.179
 11
1369.179
 20
552.078
 21
551.744
  0
LINE
  8
QUOTATURA
 10
1380.283
 11
1381.283
 20
552.078
 21
551.911
  0
LINE
  8
QUOTATURA
 10
1381.283
 11
1380.283
 20
551.911
 21
551.744
  0
LINE
  8
QUOTATURA
 10
1380.283
 11
1380.283
 20
551.744
 21
552.078
  0
LINE
  8
QUOTATURA
 10
1381.283
 11
1381.283
 20
556.097
 21
551.787
  0
LINE
  8
QUOTATURA
 10
1404.813
 11
1404.813
 20
560.512
 21
551.787
  0
LINE
  8
QUOTATURA
 10
1381.283
 11
1390.921
 20
552.287
 21
552.287
  0
LINE
  8
QUOTATURA
 10
1395.175
 11
1404.813
 20
552.287
 21
552.287
  0
LINE
  8
QUOTATURA
 10
1382.283
 11
1381.283
 20
552.121
 21
552.287
  0
LINE
  8
QUOTATURA
 10
1381.283
 11
1382.283
 20
552.287
 21
552.454
  0
LINE
  8
QUOTATURA
 10
1382.283
 11
1382.283
 20
552.454
 21
552.121
  0
LINE
  8
QUOTATURA
 10
1403.813
 11
1404.813
 20
552.454
 21
552.287
  0
LINE
  8
QUOTATURA
 10
1404.813
 11
1403.813
 20
552.287
 21
552.121
  0
LINE
  8
QUOTATURA
 10
1403.813
 11
1403.813
 20
552.121
 21
552.454
  0
LINE
  8
COSTRUZIONI
 10
616.3
 11
616.3
 20
509.256
 21
615.756
  0
LINE
  8
QUOTATURA
 10
616.3
 11
616.3
 20
622.256
 21
634.213
  0
LINE
  8
QUOTATURA
 10
616.3
 11
607.861
 20
633.213
 21
633.213
  0
LINE
  8
QUOTATURA
 10
601.238
 11
592.8
 20
633.213
 21
633.213
  0
LINE
  8
QUOTATURA
 10
614.3
 11
616.3
 20
633.547
 21
633.213
  0
LINE
  8
QUOTATURA
 10
616.3
 11
614.3
 20
633.213
 21
632.88
  0
LINE
  8
QUOTATURA
 10
614.3
 11
614.3
 20
632.88
 21
633.547
  0
LINE
  8
QUOTATURA
 10
594.8
 11
592.8
 20
632.88
 21
633.213
  0
LINE
  8
QUOTATURA
 10
592.8
 11
594.8
 20
633.213
 21
633.547
  0
LINE
  8
QUOTATURA
 10
594.8
 11
594.8
 20
633.547
 21
632.88
  0
LINE
  8
COSTRUZIONI
 10
579.712
 11
579.712
 20
516.256
 21
626.756
  0
LINE
  8
QUOTATURA
 10
560.232
 11
558.428
 20
645.104
 21
644.179
  0
LINE
  8
QUOTATURA
 10
558.428
 11
559.835
 20
644.179
 21
645.64
  0
LINE
  8
QUOTATURA
 10
559.835
 11
560.232
 20
645.64
 21
645.104
  0
LINE
  8
QUOTATURA
 10
558.428
 11
567.461
 20
644.179
 21
650.89
  0
LINE
  8
QUOTATURA
 10
567.461
 11
540.878
 20
650.89
 21
650.89
  0
CIRCLE
  8
COSTRUZIONI
 10
590.319
 20
498.346
 40
2.0
  0
LINE
  8
APS_GEOMETRY
 10
589.984
 11
587.338
 20
517.635
 21
518.598
  0
LINE
  8
APS_GEOMETRY
 10
587.338
 11
587.338
 20
518.598
 21
535.48
  0
LINE
  8
APS_GEOMETRY
 10
587.338
 11
582.338
 20
535.48
 21
536.249
  0
LINE
  8
APS_GEOMETRY
 10
582.338
 11
582.338
 20
536.249
 21
553.255
  0
ARC
  8
APS_GEOMETRY
 10
583.338
 20
553.255
 40
1.0
 50
90.0
 51
180.0
  0
LINE
  8
APS_GEOMETRY
 10
583.338
 11
587.138
 20
554.255
 21
554.255
  0
ARC
  8
APS_GEOMETRY
 10
587.138
 20
566.755
 40
12.5
 50
270.0
 51
340.529
  0
ARC
  8
APS_GEOMETRY
 10
599.866
 20
562.255
 40
1.0
 50
90.0
 51
160.529
  0
LINE
  8
APS_GEOMETRY
 10
599.866
 11
606.3
 20
563.255
 21
563.255
  0
LINE
  8
APS_GEOMETRY
 10
606.3
 11
606.3
 20
563.255
 21
615.756
  0
LINE
  8
APS_GEOMETRY
 10
606.3
 11
616.3
 20
615.756
 21
615.756
  0
LINE
  8
QUOTATURA
 10
587.819
 11
550.517
 20
498.346
 21
498.346
  0
LINE
  8
QUOTATURA
 10
575.5
 11
550.517
 20
506.846
 21
506.846
  0
LINE
  8
QUOTATURA
 10
553.017
 11
553.017
 20
498.346
 21
482.691
  0
LINE
  8
QUOTATURA
 10
553.017
 11
544.62
 20
482.691
 21
482.691
  0
LINE
  8
QUOTATURA
 10
552.183
 11
553.017
 20
493.346
 21
498.346
  0
LINE
  8
QUOTATURA
 10
553.017
 11
553.85
 20
498.346
 21
493.346
  0
LINE
  8
QUOTATURA
 10
553.85
 11
552.183
 20
493.346
 21
493.346
  0
LINE
  8
QUOTATURA
 10
553.017
 11
553.017
 20
506.846
 21
516.846
  0
LINE
  8
QUOTATURA
 10
553.85
 11
553.017
 20
511.846
 21
506.846
  0
LINE
  8
QUOTATURA
 10
553.017
 11
552.183
 20
506.846
 21
511.846
  0
LINE
  8
QUOTATURA
 10
552.183
 11
553.85
 20
511.846
 21
511.846
  0
LINE
  8
QUOTATURA
 10
590.319
 11
590.319
 20
495.846
 21
476.806
  0
LINE
  8
QUOTATURA
 10
641.3
 11
641.3
 20
501.346
 21
476.806
  0
LINE
  8
QUOTATURA
 10
590.319
 11
604.964
 20
479.306
 21
479.306
  0
LINE
  8
QUOTATURA
 10
626.655
 11
641.3
 20
479.306
 21
479.306
  0
LINE
  8
QUOTATURA
 10
595.319
 11
590.319
 20
478.473
 21
479.306
  0
LINE
  8
QUOTATURA
 10
590.319
 11
595.319
 20
479.306
 21
480.14
  0
LINE
  8
QUOTATURA
 10
595.319
 11
595.319
 20
480.14
 21
478.473
  0
LINE
  8
QUOTATURA
 10
636.3
 11
641.3
 20
480.14
 21
479.306
  0
LINE
  8
QUOTATURA
 10
641.3
 11
636.3
 20
479.306
 21
478.473
  0
LINE
  8
QUOTATURA
 10
636.3
 11
636.3
 20
478.473
 21
480.14
  0
LINE
  8
QUOTATURA
 10
578.319
 11
578.319
 20
495.846
 21
479.427
  0
LINE
  8
QUOTATURA
 10
578.319
 11
569.883
 20
481.927
 21
481.927
  0
LINE
  8
QUOTATURA
 10
573.319
 11
578.319
 20
482.76
 21
481.927
  0
LINE
  8
QUOTATURA
 10
578.319
 11
573.319
 20
481.927
 21
481.093
  0
LINE
  8
QUOTATURA
 10
573.319
 11
573.319
 20
481.093
 21
482.76
  0
LINE
  8
QUOTATURA
 10
590.319
 11
600.319
 20
481.927
 21
481.927
  0
LINE
  8
QUOTATURA
 10
595.319
 11
590.319
 20
481.093
 21
481.927
  0
LINE
  8
QUOTATURA
 10
590.319
 11
595.319
 20
481.927
 21
482.76
  0
LINE
  8
QUOTATURA
 10
595.319
 11
595.319
 20
482.76
 21
481.093
  0
LINE
  8
COSTRUZIONI
 10
592.319
 11
592.319
 20
508.756
 21
617.756
  0
LINE
  8
QUOTATURA
 10
592.8
 11
592.8
 20
624.256
 21
640.901
  0
LINE
  8
QUOTATURA
 10
579.712
 11
579.712
 20
627.756
 21
640.901
  0
LINE
  8
QUOTATURA
 10
592.8
 11
564.801
 20
639.901
 21
639.901
  0
LINE
  8
QUOTATURA
 10
590.8
 11
592.8
 20
640.234
 21
639.901
  0
LINE
  8
QUOTATURA
 10
592.8
 11
590.8
 20
639.901
 21
639.567
  0
LINE
  8
QUOTATURA
 10
590.8
 11
590.8
 20
639.567
 21
640.234
  0
LINE
  8
QUOTATURA
 10
581.712
 11
579.712
 20
639.567
 21
639.901
  0
LINE
  8
QUOTATURA
 10
579.712
 11
581.712
 20
639.901
 21
640.234
  0
LINE
  8
QUOTATURA
 10
581.712
 11
581.712
 20
640.234
 21
639.567
  0
ARC
  8
APS_GEOMETRY
 10
574.962
 20
516.256
 40
3.5
 50
0.0
 51
33.646
  0
LINE
  8
APS_GEOMETRY
 10
577.876
 11
568.55
 20
518.195
 21
520.694
  0
LINE
  8
APS_GEOMETRY
 10
568.55
 11
568.55
 20
520.694
 21
541.756
  0
LINE
  8
APS_GEOMETRY
 10
568.55
 11
569.55
 20
541.756
 21
541.756
  0
LINE
  8
APS_GEOMETRY
 10
569.55
 11
569.55
 20
541.756
 21
565.756
  0
LINE
  8
APS_GEOMETRY
 10
569.55
 11
570.05
 20
565.756
 21
565.756
  0
LINE
  8
APS_GEOMETRY
 10
570.05
 11
570.05
 20
565.756
 21
626.756
  0
LINE
  8
APS_GEOMETRY
 10
570.05
 11
589.374
 20
626.756
 21
626.756
  0
LINE
  8
APS_GEOMETRY
 10
589.374
 11
589.374
 20
626.756
 21
565.756
  0
LINE
  8
APS_GEOMETRY
 10
589.374
 11
589.874
 20
565.756
 21
565.756
  0
LINE
  8
APS_GEOMETRY
 10
589.874
 11
589.874
 20
565.756
 21
541.756
  0
LINE
  8
APS_GEOMETRY
 10
589.874
 11
590.874
 20
541.756
 21
541.756
  0
LINE
  8
APS_GEOMETRY
 10
590.874
 11
590.874
 20
541.756
 21
520.694
  0
LINE
  8
APS_GEOMETRY
 10
590.874
 11
581.548
 20
520.694
 21
518.195
  0
ARC
  8
APS_GEOMETRY
 10
584.462
 20
516.256
 40
3.5
 50
146.354
 51
180.0
  0
LINE
  8
APS_GEOMETRY
 10
580.962
 11
578.462
 20
516.256
 21
516.256
  0
LINE
  8
APS_GEOMETRY
 10
592.319
 11
582.8
 20
617.756
 21
617.756
  0
LINE
  8
APS_GEOMETRY
 10
582.8
 11
582.8
 20
617.756
 21
562.256
  0
LINE
  8
APS_GEOMETRY
 10
582.8
 11
576.059
 20
562.256
 21
562.256
  0
LINE
  8
APS_GEOMETRY
 10
576.059
 11
576.059
 20
562.256
 21
538.256
  0
LINE
  8
APS_GEOMETRY
 10
576.059
 11
575.059
 20
538.256
 21
538.256
  0
LINE
  8
APS_GEOMETRY
 10
575.059
 11
575.059
 20
538.256
 21
518.949
  0
LINE
  8
APS_GEOMETRY
 10
575.059
 11
577.876
 20
518.949
 21
518.195
  0
ARC
  8
APS_GEOMETRY
 10
574.962
 20
516.256
 40
3.5
 50
0.0
 51
33.646
  0
LINE
  8
APS_GEOMETRY
 10
578.462
 11
581.225
 20
516.256
 21
515.99
  0
ARC
  8
APS_GEOMETRY
 10
580.889
 20
512.506
 40
3.5
 50
360.0
 51
84.498
  0
LINE
  8
APS_GEOMETRY
 10
584.389
 11
587.152
 20
512.506
 21
512.24
  0
ARC
  8
APS_GEOMETRY
 10
586.816
 20
508.756
 40
3.5
 50
360.0
 51
84.498
  0
LINE
  8
APS_GEOMETRY
 10
590.316
 11
594.323
 20
508.756
 21
508.756
  0
ARC
  8
APS_GEOMETRY
 10
597.823
 20
508.756
 40
3.5
 50
95.502
 51
180.0
  0
LINE
  8
APS_GEOMETRY
 10
597.487
 11
600.25
 20
512.24
 21
512.506
  0
ARC
  8
APS_GEOMETRY
 10
603.75
 20
512.506
 40
3.5
 50
95.502
 51
180.0
  0
LINE
  8
APS_GEOMETRY
 10
603.414
 11
606.177
 20
515.99
 21
516.256
  0
ARC
  8
APS_GEOMETRY
 10
609.677
 20
516.256
 40
3.5
 50
146.354
 51
180.0
  0
LINE
  8
APS_GEOMETRY
 10
606.763
 11
609.579
 20
518.195
 21
518.949
  0
LINE
  8
APS_GEOMETRY
 10
609.579
 11
609.579
 20
518.949
 21
538.256
  0
LINE
  8
APS_GEOMETRY
 10
609.579
 11
608.579
 20
538.256
 21
538.256
  0
LINE
  8
APS_GEOMETRY
 10
608.579
 11
608.579
 20
538.256
 21
562.256
  0
LINE
  8
APS_GEOMETRY
 10
608.579
 11
601.839
 20
562.256
 21
562.256
  0
LINE
  8
APS_GEOMETRY
 10
601.839
 11
601.839
 20
562.256
 21
617.756
  0
LINE
  8
APS_GEOMETRY
 10
601.839
 11
592.319
 20
617.756
 21
617.756
  0
LINE
  8
QUOTATURA
 10
590.319
 11
590.319
 20
497.846
 21
492.089
  0
LINE
  8
QUOTATURA
 10
584.392
 11
584.392
 20
501.596
 21
492.089
  0
LINE
  8
QUOTATURA
 10
590.319
 11
583.067
 20
492.589
 21
492.589
  0
LINE
  8
QUOTATURA
 10
589.319
 11
590.319
 20
492.755
 21
492.589
  0
LINE
  8
QUOTATURA
 10
590.319
 11
589.319
 20
492.589
 21
492.422
  0
LINE
  8
QUOTATURA
 10
589.319
 11
589.319
 20
492.422
 21
492.755
  0
LINE
  8
QUOTATURA
 10
585.392
 11
584.392
 20
492.422
 21
492.589
  0
LINE
  8
QUOTATURA
 10
584.392
 11
585.392
 20
492.589
 21
492.755
  0
LINE
  8
QUOTATURA
 10
585.392
 11
585.392
 20
492.755
 21
492.422
  0
LINE
  8
QUOTATURA
 10
584.392
 11
584.392
 20
501.096
 21
494.474
  0
LINE
  8
QUOTATURA
 10
578.465
 11
578.465
 20
505.346
 21
494.474
  0
LINE
  8
QUOTATURA
 10
584.392
 11
577.011
 20
494.974
 21
494.974
  0
LINE
  8
QUOTATURA
 10
583.392
 11
584.392
 20
495.141
 21
494.974
  0
LINE
  8
QUOTATURA
 10
584.392
 11
583.392
 20
494.974
 21
494.807
  0
LINE
  8
QUOTATURA
 10
583.392
 11
583.392
 20
494.807
 21
495.141
  0
LINE
  8
QUOTATURA
 10
579.465
 11
578.465
 20
494.807
 21
494.974
  0
LINE
  8
QUOTATURA
 10
578.465
 11
579.465
 20
494.974
 21
495.141
  0
LINE
  8
QUOTATURA
 10
579.465
 11
579.465
 20
495.141
 21
494.807
  0
LINE
  8
QUOTATURA
 10
578.319
 11
578.319
 20
506.346
 21
499.368
  0
LINE
  8
QUOTATURA
 10
578.319
 11
575.81
 20
499.868
 21
499.868
  0
LINE
  8
QUOTATURA
 10
577.319
 11
578.319
 20
500.034
 21
499.868
  0
LINE
  8
QUOTATURA
 10
578.319
 11
577.319
 20
499.868
 21
499.701
  0
LINE
  8
QUOTATURA
 10
577.319
 11
577.319
 20
499.701
 21
500.034
  0
LINE
  8
QUOTATURA
 10
578.465
 11
580.465
 20
499.868
 21
499.868
  0
LINE
  8
QUOTATURA
 10
579.465
 11
578.465
 20
499.701
 21
499.868
  0
LINE
  8
QUOTATURA
 10
578.465
 11
579.465
 20
499.868
 21
500.034
  0
LINE
  8
QUOTATURA
 10
579.465
 11
579.465
 20
500.034
 21
499.701
  0
LINE
  8
QUOTATURA
 10
583.892
 11
574.275
 20
502.096
 21
502.096
  0
LINE
  8
QUOTATURA
 10
574.775
 11
574.775
 20
502.096
 21
503.213
  0
LINE
  8
QUOTATURA
 10
574.775
 11
574.775
 20
504.724
 21
505.846
  0
LINE
  8
QUOTATURA
 10
574.942
 11
574.775
 20
503.096
 21
502.096
  0
LINE
  8
QUOTATURA
 10
574.775
 11
574.608
 20
502.096
 21
503.096
  0
LINE
  8
QUOTATURA
 10
574.608
 11
574.942
 20
503.096
 21
503.096
  0
LINE
  8
QUOTATURA
 10
574.608
 11
574.775
 20
504.846
 21
505.846
  0
LINE
  8
QUOTATURA
 10
574.775
 11
574.942
 20
505.846
 21
504.846
  0
LINE
  8
QUOTATURA
 10
574.942
 11
574.608
 20
504.846
 21
504.846
  0
LINE
  8
QUOTATURA
 10
589.819
 11
582.227
 20
498.346
 21
498.346
  0
LINE
  8
QUOTATURA
 10
582.727
 11
582.727
 20
502.096
 21
496.075
  0
LINE
  8
QUOTATURA
 10
582.727
 11
584.788
 20
496.075
 21
496.075
  0
LINE
  8
QUOTATURA
 10
582.56
 11
582.727
 20
501.096
 21
502.096
  0
LINE
  8
QUOTATURA
 10
582.727
 11
582.894
 20
502.096
 21
501.096
  0
LINE
  8
QUOTATURA
 10
582.894
 11
582.56
 20
501.096
 21
501.096
  0
LINE
  8
QUOTATURA
 10
582.894
 11
582.727
 20
499.346
 21
498.346
  0
LINE
  8
QUOTATURA
 10
582.727
 11
582.56
 20
498.346
 21
499.346
  0
LINE
  8
QUOTATURA
 10
582.56
 11
582.894
 20
499.346
 21
499.346
  0
LINE
  8
QUOTATURA
 10
577.965
 11
568.709
 20
505.846
 21
505.846
  0
LINE
  8
QUOTATURA
 10
577.819
 11
568.709
 20
506.846
 21
506.846
  0
LINE
  8
QUOTATURA
 10
569.209
 11
569.209
 20
505.846
 21
502.62
  0
LINE
  8
QUOTATURA
 10
569.209
 11
567.367
 20
502.62
 21
502.62
  0
LINE
  8
QUOTATURA
 10
569.042
 11
569.209
 20
504.846
 21
505.846
  0
LINE
  8
QUOTATURA
 10
569.209
 11
569.376
 20
505.846
 21
504.846
  0
LINE
  8
QUOTATURA
 10
569.376
 11
569.042
 20
504.846
 21
504.846
  0
LINE
  8
QUOTATURA
 10
569.209
 11
569.209
 20
506.846
 21
508.846
  0
LINE
  8
QUOTATURA
 10
569.376
 11
569.209
 20
507.846
 21
506.846
  0
LINE
  8
QUOTATURA
 10
569.209
 11
569.042
 20
506.846
 21
507.846
  0
LINE
  8
QUOTATURA
 10
569.042
 11
569.376
 20
507.846
 21
507.846
  0
ARC
  8
APS_GEOMETRY
 10
574.965
 20
467.275
 40
3.5
 50
360.0
 51
16.602
  0
LINE
  8
APS_GEOMETRY
 10
578.465
 11
581.228
 20
467.275
 21
467.009
  0
ARC
  8
APS_GEOMETRY
 10
580.892
 20
463.525
 40
3.5
 50
360.0
 51
84.498
  0
LINE
  8
APS_GEOMETRY
 10
584.392
 11
587.155
 20
463.525
 21
463.259
  0
ARC
  8
APS_GEOMETRY
 10
586.819
 20
459.775
 40
3.5
 50
360.0
 51
84.498
  0
ARC
  8
APS_GEOMETRY
 10
563.111
 20
474.775
 40
3.5
 50
360.0
 51
16.602
  0
LINE
  8
APS_GEOMETRY
 10
566.611
 11
569.374
 20
474.775
 21
474.509
  0
ARC
  8
APS_GEOMETRY
 10
569.038
 20
471.025
 40
3.5
 50
360.0
 51
84.498
  0
LINE
  8
APS_GEOMETRY
 10
572.538
 11
575.301
 20
471.025
 21
470.759
  0
ARC
  8
APS_GEOMETRY
 10
574.965
 20
467.275
 40
3.5
 50
360.0
 51
84.498
  0
LINE
  8
QUOTATURA
 10
592.725
 11
591.716
 20
460.954
 21
461.047
  0
LINE
  8
QUOTATURA
 10
591.716
 11
592.701
 20
461.047
 21
461.287
  0
LINE
  8
QUOTATURA
 10
592.701
 11
592.725
 20
461.287
 21
460.954
  0
LINE
  8
QUOTATURA
 10
591.716
 11
617.234
 20
461.047
 21
462.932
  0
LINE
  8
QUOTATURA
 10
585.257
 11
584.676
 20
474.882
 21
469.846
  0
LINE
  8
QUOTATURA
 10
584.676
 11
583.592
 20
469.846
 21
474.798
  0
LINE
  8
QUOTATURA
 10
583.592
 11
585.257
 20
474.798
 21
474.882
  0
LINE
  8
QUOTATURA
 10
584.676
 11
583.922
 20
469.846
 21
484.806
  0
LINE
  8
QUOTATURA
 10
572.941
 11
577.941
 20
514.25
 21
513.416
  0
LINE
  8
QUOTATURA
 10
577.941
 11
572.941
 20
513.416
 21
512.583
  0
LINE
  8
QUOTATURA
 10
572.941
 11
572.941
 20
512.583
 21
514.25
  0
LINE
  8
QUOTATURA
 10
577.941
 11
565.825
 20
513.416
 21
513.416
  0
LINE
  8
QUOTATURA
 10
565.825
 11
555.389
 20
513.416
 21
518.369
  0
LINE
  8
QUOTATURA
 10
618.32
 11
620.306
 20
508.283
 21
507.874
  0
LINE
  8
QUOTATURA
 10
620.306
 11
618.295
 20
507.874
 21
507.616
  0
LINE
  8
QUOTATURA
 10
618.295
 11
618.32
 20
507.616
 21
508.283
  0
LINE
  8
QUOTATURA
 10
620.306
 11
616.57
 20
507.874
 21
508.015
  0
LINE
  8
APS_GEOMETRY
 10
616.3
 11
626.3
 20
615.756
 21
615.756
  0
LINE
  8
APS_GEOMETRY
 10
626.3
 11
626.3
 20
615.756
 21
563.255
  0
LINE
  8
APS_GEOMETRY
 10
626.3
 11
632.734
 20
563.255
 21
563.255
  0
ARC
  8
APS_GEOMETRY
 10
632.734
 20
562.255
 40
1.0
 50
19.471
 51
90.0
  0
ARC
  8
APS_GEOMETRY
 10
645.462
 20
566.755
 40
12.5
 50
199.471
 51
270.0
  0
LINE
  8
APS_GEOMETRY
 10
645.462
 11
649.261
 20
554.255
 21
554.255
  0
ARC
  8
APS_GEOMETRY
 10
649.261
 20
553.255
 40
1.0
 50
0.0
 51
90.0
  0
LINE
  8
APS_GEOMETRY
 10
650.261
 11
650.261
 20
553.255
 21
536.249
  0
LINE
  8
APS_GEOMETRY
 10
650.261
 11
645.261
 20
536.249
 21
535.48
  0
LINE
  8
APS_GEOMETRY
 10
645.261
 11
645.261
 20
535.48
 21
518.598
  0
LINE
  8
APS_GEOMETRY
 10
587.338
 11
587.338
 20
518.598
 21
535.48
  0
LINE
  8
APS_GEOMETRY
 10
587.338
 11
582.338
 20
535.48
 21
536.249
  0
LINE
  8
APS_GEOMETRY
 10
582.338
 11
582.338
 20
536.249
 21
553.255
  0
ARC
  8
APS_GEOMETRY
 10
583.338
 20
553.255
 40
1.0
 50
90.0
 51
180.0
  0
LINE
  8
APS_GEOMETRY
 10
583.338
 11
587.138
 20
554.255
 21
554.255
  0
ARC
  8
APS_GEOMETRY
 10
587.138
 20
566.755
 40
12.5
 50
270.0
 51
340.529
  0
ARC
  8
APS_GEOMETRY
 10
599.866
 20
562.255
 40
1.0
 50
90.0
 51
160.529
  0
LINE
  8
APS_GEOMETRY
 10
599.866
 11
606.3
 20
563.255
 21
563.255
  0
LINE
  8
APS_GEOMETRY
 10
606.3
 11
606.3
 20
563.255
 21
615.756
  0
LINE
  8
APS_GEOMETRY
 10
606.3
 11
616.3
 20
615.756
 21
615.756
  0
LINE
  8
APS_GEOMETRY
 10
1166.788
 11
1164.142
 20
520.538
 21
519.575
  0
ARC
  8
APS_GEOMETRY
 10
1164.826
 20
517.696
 40
2.0
 50
110.0
 51
180.0
  0
LINE
  8
APS_GEOMETRY
 10
1162.826
 11
1162.826
 20
517.696
 21
516.696
  0
ARC
  8
APS_GEOMETRY
 10
1162.826
 20
511.196
 40
5.5
 50
90.0
 51
180.0
  0
LINE
  8
APS_GEOMETRY
 10
1157.326
 11
1157.326
 20
511.196
 21
509.696
  0
LINE
  8
APS_GEOMETRY
 10
1157.326
 11
1118.326
 20
509.696
 21
509.696
  0
LINE
  8
APS_GEOMETRY
 10
1118.326
 11
1118.326
 20
509.696
 21
511.196
  0
ARC
  8
APS_GEOMETRY
 10
1112.826
 20
511.196
 40
5.5
 50
0.0
 51
90.0
  0
LINE
  8
APS_GEOMETRY
 10
1112.826
 11
1112.826
 20
516.696
 21
517.696
  0
ARC
  8
APS_GEOMETRY
 10
1110.826
 20
517.696
 40
2.0
 50
360.0
 51
70.0
  0
LINE
  8
APS_GEOMETRY
 10
1111.51
 11
1108.865
 20
519.575
 21
520.538
  0
LINE
  8
APS_GEOMETRY
 10
715.453
 11
712.808
 20
528.677
 21
527.714
  0
ARC
  8
APS_GEOMETRY
 10
713.492
 20
525.834
 40
2.0
 50
110.0
 51
180.0
  0
LINE
  8
APS_GEOMETRY
 10
711.492
 11
711.492
 20
525.834
 21
524.834
  0
ARC
  8
APS_GEOMETRY
 10
711.492
 20
519.334
 40
5.5
 50
90.0
 51
180.0
  0
LINE
  8
APS_GEOMETRY
 10
705.992
 11
705.992
 20
519.334
 21
517.834
  0
LINE
  8
APS_GEOMETRY
 10
705.992
 11
666.992
 20
517.834
 21
517.834
  0
LINE
  8
APS_GEOMETRY
 10
666.992
 11
666.992
 20
517.834
 21
519.334
  0
ARC
  8
APS_GEOMETRY
 10
661.492
 20
519.334
 40
5.5
 50
0.0
 51
90.0
  0
LINE
  8
APS_GEOMETRY
 10
661.492
 11
661.492
 20
524.834
 21
525.834
  0
ARC
  8
APS_GEOMETRY
 10
659.492
 20
525.834
 40
2.0
 50
360.0
 51
70.0
  0
LINE
  8
APS_GEOMETRY
 10
660.176
 11
657.53
 20
527.714
 21
528.677
  0
LINE
  8
COSTRUZIONI
 10
705.992
 11
666.992
 20
519.334
 21
519.334
  0
LINE
  8
APS_GEOMETRY
 10
645.261
 11
642.616
 20
518.598
 21
517.635
  0
ARC
  8
APS_GEOMETRY
 10
643.3
 20
515.756
 40
2.0
 50
110.0
 51
180.0
  0
LINE
  8
APS_GEOMETRY
 10
641.3
 11
641.3
 20
515.756
 21
514.756
  0
ARC
  8
APS_GEOMETRY
 10
641.3
 20
509.256
 40
5.5
 50
90.0
 51
180.0
  0
LINE
  8
APS_GEOMETRY
 10
635.8
 11
596.8
 20
509.256
 21
509.256
  0
LINE
  8
APS_GEOMETRY
 10
587.338
 11
589.984
 20
518.598
 21
517.635
  0
ARC
  8
APS_GEOMETRY
 10
589.3
 20
515.756
 40
2.0
 50
360.0
 51
70.0
  0
LINE
  8
APS_GEOMETRY
 10
591.3
 11
591.3
 20
515.756
 21
514.756
  0
ARC
  8
APS_GEOMETRY
 10
591.3
 20
509.256
 40
5.5
 50
360.0
 51
90.0
  0
LINE
  8
QUOTATURA
 10
645.551
 11
642.256
 20
505.92
 21
509.772
  0
LINE
  8
QUOTATURA
 10
642.256
 11
646.623
 20
509.772
 21
507.197
  0
LINE
  8
QUOTATURA
 10
646.623
 11
645.551
 20
507.197
 21
505.92
  0
LINE
  8
QUOTATURA
 10
642.256
 11
659.118
 20
509.772
 21
495.629
  0
LINE
  8
APS_GEOMETRY
 10
693.407
 11
642.947
 20
506.846
 21
506.846
  0
LINE
  8
APS_GEOMETRY
 10
642.947
 11
642.616
 20
506.846
 21
506.725
  0
ARC
  8
APS_GEOMETRY
 10
643.3
 20
504.846
 40
2.0
 50
110.0
 51
180.0
  0
LINE
  8
APS_GEOMETRY
 10
641.3
 11
641.3
 20
504.846
 21
503.846
  0
ARC
  8
APS_GEOMETRY
 10
641.3
 20
498.346
 40
5.5
 50
90.0
 51
180.0
  0
LINE
  8
APS_GEOMETRY
 10
635.8
 11
590.319
 20
498.346
 21
498.346
  0
ARC
  8
APS_GEOMETRY
 10
586.819
 20
498.346
 40
3.5
 50
0.0
 51
84.498
  0
LINE
  8
APS_GEOMETRY
 10
587.155
 11
584.392
 20
501.83
 21
502.096
  0
ARC
  8
APS_GEOMETRY
 10
580.892
 20
502.096
 40
3.5
 50
0.0
 51
84.498
  0
LINE
  8
APS_GEOMETRY
 10
581.228
 11
578.465
 20
505.58
 21
505.846
  0
ARC
  8
APS_GEOMETRY
 10
574.965
 20
505.846
 40
3.5
 50
0.0
 51
16.602
  0
LINE
  8
APS_GEOMETRY
 10
578.319
 11
516.031
 20
506.846
 21
506.846
  0
LINE
  8
APS_GEOMETRY
 10
424.916
 11
374.456
 20
410.142
 21
410.142
  0
LINE
  8
APS_GEOMETRY
 10
374.456
 11
374.125
 20
410.142
 21
410.022
  0
ARC
  8
APS_GEOMETRY
 10
374.809
 20
408.142
 40
2.0
 50
110.0
 51
180.0
  0
LINE
  8
APS_GEOMETRY
 10
372.809
 11
372.809
 20
408.142
 21
407.142
  0
ARC
  8
APS_GEOMETRY
 10
372.809
 20
401.642
 40
5.5
 50
90.0
 51
180.0
  0
LINE
  8
APS_GEOMETRY
 10
367.309
 11
321.828
 20
401.642
 21
401.642
  0
ARC
  8
APS_GEOMETRY
 10
318.328
 20
401.642
 40
3.5
 50
0.0
 51
84.498
  0
LINE
  8
APS_GEOMETRY
 10
318.664
 11
315.901
 20
405.126
 21
405.392
  0
ARC
  8
APS_GEOMETRY
 10
312.401
 20
405.392
 40
3.5
 50
0.0
 51
84.498
  0
LINE
  8
APS_GEOMETRY
 10
312.737
 11
309.974
 20
408.876
 21
409.142
  0
ARC
  8
APS_GEOMETRY
 10
306.474
 20
409.142
 40
3.5
 50
0.0
 51
16.602
  0
LINE
  8
APS_GEOMETRY
 10
309.828
 11
247.54
 20
410.142
 21
410.142
  0
TEXT
  8
QUOTATURA
 10
294.093
 20
382.723
 30
0.0
 40
5.0
 50
0.0
  1
12
  0
TEXT
  8
QUOTATURA
 10
337.706
 20
380.103
 30
0.0
 40
5.0
 50
0.0
  1
50.98
  0
TEXT
  8
QUOTATURA
 10
265.131
 20
383.487
 30
0.0
 40
5.0
 50
0.0
  1
8.5
  0
TEXT
  8
TEXT
 10
948.979
 20
608.17
 30
0.0
 40
20.0
 50
0.0
  1
INTERASSI
  0
TEXT
  8
TEXT
 10
948.979
 20
578.17
 30
0.0
 40
20.0
 50
0.0
  1
CAMBIATI
  0
TEXT
  8
TEXT
 10
788.496
 20
533.193
 30
0.0
 40
2.0
 50
0.0
  1
RISPETTARE
  0
TEXT
  8
TEXT
 10
788.496
 20
530.193
 30
0.0
 40
2.0
 50
0.0
  1
TUTTE LE
  0
TEXT
  8
TEXT
 10
788.496
 20
527.193
 30
0.0
 40
2.0
 50
0.0
  1
COINCIDENZE 
  0
TEXT
  8
TEXT
 10
788.496
 20
524.193
 30
0.0
 40
2.0
 50
0.0
  1
DEL PROFILO
  0
TEXT
  8
TEXT
 10
788.496
 20
521.193
 30
0.0
 40
2.0
 50
0.0
  1
INTERO
  0
TEXT
  8
TEXT
 10
835.016
 20
472.708
 30
0.0
 40
2.0
 50
0.0
  1
CARATTERISTICA DEL PROFILO
  0
TEXT
  8
TEXT
 10
835.016
 20
469.708
 30
0.0
 40
2.0
 50
0.0
  1
ONDE RIPETURE IDENDICHE
  0
TEXT
  8
TEXT
 10
835.016
 20
466.708
 30
0.0
 40
2.0
 50
0.0
  1
UGUALI ALLA PRIMA
  0
TEXT
  8
QUOTATURA
 10
809.698
 20
505.359
 30
0.0
 40
1.0
 50
0.0
  1
1
  0
TEXT
  8
QUOTATURA
 10
827.935
 20
498.814
 30
0.0
 40
1.0
 50
0.0
  1
3.75
  0
TEXT
  8
QUOTATURA
 10
816.252
 20
506.71
 30
0.0
 40
1.0
 50
0.0
  1
3.75
  0
TEXT
  8
QUOTATURA
 10
815.932
 20
502.606
 30
0.0
 40
1.0
 50
0.0
  1
0.15
  0
TEXT
  8
QUOTATURA
 10
816.81
 20
497.713
 30
0.0
 40
1.0
 50
0.0
  1
5.93
  0
TEXT
  8
QUOTATURA
 10
822.866
 20
495.328
 30
0.0
 40
1.0
 50
0.0
  1
5.93
  0
TEXT
  8
QUOTATURA
 10
800.316
 20
642.14
 30
0.0
 40
2.0
 50
0.0
  1
13.09
  0
TEXT
  8
QUOTATURA
 10
805.507
 20
482.666
 30
0.0
 40
5.0
 50
0.0
  1
12
  0
TEXT
  8
TEXT
 10
274.216
 20
260.266
 30
0.0
 40
50.0
 50
0.0
  1
UB1
  0
TEXT
  8
TEXT
 10
808.193
 20
493.267
 30
0.0
 40
1.0
 50
0.0
  1
IMPORTANTE 
  0
TEXT
  8
TEXT
 10
808.193
 20
491.767
 30
0.0
 40
1.0
 50
0.0
  1
PROFILO FATTO CON DUE GRADINI
  0
TEXT
  8
TEXT
 10
808.193
 20
490.267
 30
0.0
 40
1.0
 50
0.0
  1
IDENTICI
  0
TEXT
  8
QUOTATURA
 10
849.121
 20
480.045
 30
0.0
 40
5.0
 50
0.0
  1
50.98
  0
TEXT
  8
QUOTATURA
 10
776.545
 20
483.43
 30
0.0
 40
5.0
 50
0.0
  1
8.5
  0
TEXT
  8
QUOTATURA
 10
844.662
 20
635.452
 30
0.0
 40
2.0
 50
0.0
  1
23.5
  0
TEXT
  8
TEXT
 10
888.554
 20
589.806
 30
0.0
 40
10.0
 50
0.0
  1
UB2
  0
TEXT
  8
TEXT
 10
776.575
 20
656.194
 30
0.0
 40
10.0
 50
0.0
  1
+6.58
  0
TEXT
  8
TEXT
 10
1178.244
 20
350.751
 30
0.0
 40
10.0
 50
0.0
  1
UB0
  0
TEXT
  8
TEXT
 10
1167.157
 20
588.507
 30
0.0
 40
10.0
 50
0.0
  1
UB5
  0
TEXT
  8
QUOTATURA
 10
1176.721
 20
510.47
 30
0.0
 40
2.0
 50
0.0
  1
1.5
  0
TEXT
  8
QUOTATURA
 10
1171.537
 20
498.832
 30
0.0
 40
2.0
 50
0.0
  1
5.5
  0
TEXT
  8
TEXT
 10
1055.178
 20
654.895
 30
0.0
 40
10.0
 50
0.0
  1
+6.24
  0
TEXT
  8
QUOTATURA
 10
1083.197
 20
644.627
 30
0.0
 40
2.0
 50
0.0
  1
12.75
  0
TEXT
  8
QUOTATURA
 10
1084.734
 20
509.696
 30
0.0
 40
2.0
 50
0.0
  1
10
  0
TEXT
  8
QUOTATURA
 10
1105.116
 20
500.923
 30
0.0
 40
2.0
 50
0.0
  1
12
  0
TEXT
  8
QUOTATURA
 10
1168.149
 20
375.515
 30
0.0
 40
10.0
 50
0.0
  1
23.5
  0
TEXT
  8
QUOTATURA
 10
1068.018
 20
404.886
 30
0.0
 40
10.0
 50
0.0
  1
6.51
  0
TEXT
  8
QUOTATURA
 10
1123.265
 20
634.154
 30
0.0
 40
2.0
 50
0.0
  1
23.5
  0
TEXT
  8
QUOTATURA
 10
1034.902
 20
310.981
 30
0.0
 40
10.0
 50
0.0
  1
5.5
  0
TEXT
  8
QUOTATURA
 10
1176.174
 20
459.388
 30
0.0
 40
10.0
 50
0.0
  1
50.5
  0
TEXT
  8
QUOTATURA
 10
1205.183
 20
298.988
 30
0.0
 40
10.0
 50
0.0
  1
16.02
  0
TEXT
  8
QUOTATURA
 10
1176.174
 20
232.778
 30
0.0
 40
10.0
 50
0.0
  1
50.5
  0
TEXT
  8
TEXT
 10
429.2
 20
228.392
 30
0.0
 40
2.0
 50
0.0
  1
_______
  0
TEXT
  8
TEXT
 10
424.758
 20
230.45
 30
0.0
 40
1.5
 50
0.0
  1
pos:
  0
TEXT
  8
TEXT
 10
400.057
 20
228.392
 30
0.0
 40
2.0
 50
0.0
  1
______
  0
TEXT
  8
TEXT
 10
394.648
 20
230.45
 30
0.0
 40
1.5
 50
0.0
  1
ordine:
  0
TEXT
  8
TEXT
 10
349.453
 20
228.392
 30
0.0
 40
2.0
 50
0.0
  1
________
  0
TEXT
  8
TEXT
 10
344.648
 20
230.45
 30
0.0
 40
1.5
 50
0.0
  1
lotto:
  0
TEXT
  8
TEXT
 10
295.917
 20
223.392
 30
0.0
 40
2.0
 50
0.0
  1
NOTE
  0
TEXT
  8
TEXT
 10
291.233
 20
225.45
 30
0.0
 40
1.5
 50
0.0
  1
note:
  0
TEXT
  8
TEXT
 10
295.917
 20
228.392
 30
0.0
 40
2.0
 50
0.0
  1
PEZZO
  0
TEXT
  8
TEXT
 10
291.233
 20
230.45
 30
0.0
 40
1.5
 50
0.0
  1
pezzo:
  0
TEXT
  8
TEXT
 10
295.917
 20
233.392
 30
0.0
 40
2.0
 50
0.0
  1
UB12-1_DETTAGLIO INCISIONE
  0
TEXT
  8
TEXT
 10
244.929
 20
228.118
 30
0.0
 40
2.0
 50
0.0
  1
tel. 0577-68.54.26
  0
TEXT
  8
TEXT
 10
244.929
 20
225.118
 30
0.0
 40
2.0
 50
0.0
  1
fax 0577-68.64.29
  0
TEXT
  8
TEXT
 10
244.929
 20
222.118
 30
0.0
 40
2.0
 50
0.0
  1
e-mail: tecnico@toscocornici.it
  0
TEXT
  8
TEXT
 10
244.929
 20
219.118
 30
0.0
 40
2.0
 50
0.0
  1
web: www.tosococornici.it
  0
TEXT
  8
TEXT
 10
245.029
 20
235.39
 30
0.0
 40
1.5
 50
0.0
  1
Ufficio tecnico:
  0
TEXT
  8
TEXT
 10
424.974
 20
220.419
 30
0.0
 40
1.5
 50
0.0
  1
scala:
  0
TEXT
  8
TEXT
 10
424.768
 20
225.658
 30
0.0
 40
1.5
 50
0.0
  1
responsabile tecnico:
  0
TEXT
  8
TEXT
 10
436.41
 20
217.792
 30
0.0
 40
2.0
 50
0.0
  1
1 : 1
  0
TEXT
  8
TEXT
 10
436.308
 20
233.439
 30
0.0
 40
2.0
 50
0.0
  1
23/09/17
  0
TEXT
  8
TEXT
 10
424.955
 20
235.419
 30
0.0
 40
1.5
 50
0.0
  1
data:
  0
TEXT
  8
TEXT
 10
291.233
 20
235.45
 30
0.0
 40
1.5
 50
0.0
  1
file:
  0
TEXT
  8
TEXT
 10
434.953
 20
223.173
 30
0.0
 40
2.0
 50
0.0
  1
B.Stefano
  0
TEXT
  8
0
 10
1351.048
 20
404.582
 30
0.0
 40
5.0
 50
0.0
  1
12
  0
TEXT
  8
0
 10
1322.085
 20
405.346
 30
0.0
 40
5.0
 50
0.0
  1
8.5
  0
TEXT
  8
0
 10
1394.661
 20
401.961
 30
0.0
 40
5.0
 50
0.0
  1
50.98
  0
TEXT
  8
0
 10
1453.021
 20
426.519
 30
0.0
 40
2.5
 50
0.0
  1
ORIGINALE
  0
TEXT
  8
0
 10
1453.021
 20
468.345
 30
0.0
 40
2.5
 50
0.0
  1
ADATTATO
  0
TEXT
  8
0
 10
1453.021
 20
566.267
 30
0.0
 40
2.5
 50
0.0
  1
ADATTATO
  0
TEXT
  8
0
 10
1374.17
 20
591.338
 30
0.0
 40
4.0
 50
0.0
  1
+
  0
TEXT
  8
0
 10
1401.427
 20
634.501
 30
0.0
 40
2.5
 50
0.0
  1
Ø20
  0
TEXT
  8
0
 10
1407.747
 20
455.746
 30
0.0
 40
2.5
 50
0.0
  1
50.98
  0
TEXT
  8
0
 10
1354.0
 20
469.506
 30
0.0
 40
2.5
 50
0.0
  1
8.5
  0
TEXT
  8
0
 10
1372.858
 20
456.105
 30
0.0
 40
2.5
 50
0.0
  1
12
  0
TEXT
  8
0
 10
1419.413
 20
597.665
 30
0.0
 40
2.5
 50
0.0
  1
30
  0
TEXT
  8
0
 10
1374.198
 20
676.415
 30
0.0
 40
2.5
 50
0.0
  1
13.1
  0
TEXT
  8
0
 10
1395.608
 20
673.729
 30
0.0
 40
2.5
 50
0.0
  1
23.5
  0
TEXT
  8
QUOTATURA
 10
1353.828
 20
551.411
 30
0.0
 40
1.0
 50
0.0
  1
13.1
  0
TEXT
  8
QUOTATURA
 10
1391.171
 20
551.787
 30
0.0
 40
1.0
 50
0.0
  1
23.53
  0
TEXT
  8
TEXT
 10
545.573
 20
529.954
 30
0.0
 40
2.0
 50
0.0
  1
RISPETTARE
  0
TEXT
  8
TEXT
 10
545.573
 20
526.954
 30
0.0
 40
2.0
 50
0.0
  1
TUTTE LE
  0
TEXT
  8
TEXT
 10
545.573
 20
523.954
 30
0.0
 40
2.0
 50
0.0
  1
COINCIDENZE 
  0
TEXT
  8
TEXT
 10
545.573
 20
520.954
 30
0.0
 40
2.0
 50
0.0
  1
DEL PROFILO
  0
TEXT
  8
TEXT
 10
545.573
 20
517.954
 30
0.0
 40
2.0
 50
0.0
  1
INTERO
  0
TEXT
  8
TEXT
 10
592.093
 20
469.469
 30
0.0
 40
2.0
 50
0.0
  1
CARATTERISTICA DEL PROFILO
  0
TEXT
  8
TEXT
 10
592.093
 20
466.469
 30
0.0
 40
2.0
 50
0.0
  1
ONDE RIPETURE IDENDICHE
  0
TEXT
  8
TEXT
 10
592.093
 20
463.469
 30
0.0
 40
2.0
 50
0.0
  1
UGUALI ALLA PRIMA
  0
TEXT
  8
TEXT
 10
565.269
 20
490.028
 30
0.0
 40
1.0
 50
0.0
  1
IMPORTANTE 
  0
TEXT
  8
TEXT
 10
565.269
 20
488.528
 30
0.0
 40
1.0
 50
0.0
  1
PROFILO FATTO CON DUE GRADINI
  0
TEXT
  8
TEXT
 10
565.269
 20
487.028
 30
0.0
 40
1.0
 50
0.0
  1
IDENTICI
  0
TEXT
  8
TEXT
 10
645.63
 20
586.567
 30
0.0
 40
10.0
 50
0.0
  1
UB1
  0
TEXT
  8
TEXT
 10
533.651
 20
652.955
 30
0.0
 40
10.0
 50
0.0
  1
+6.58
  0
TEXT
  8
TEXT
 10
562.238
 20
443.544
 30
0.0
 40
10.0
 50
0.0
  1
STUDIO VARIANTE
  0
TEXT
  8
QUOTATURA
 10
601.738
 20
632.213
 30
0.0
 40
2.0
 50
0.0
  1
23.5
  0
TEXT
  8
QUOTATURA
 10
533.622
 20
480.191
 30
0.0
 40
5.0
 50
0.0
  1
8.5
  0
TEXT
  8
QUOTATURA
 10
606.197
 20
476.806
 30
0.0
 40
5.0
 50
0.0
  1
50.98
  0
TEXT
  8
QUOTATURA
 10
562.584
 20
479.427
 30
0.0
 40
5.0
 50
0.0
  1
12
  0
TEXT
  8
QUOTATURA
 10
557.393
 20
638.901
 30
0.0
 40
2.0
 50
0.0
  1
13.09
  0
TEXT
  8
QUOTATURA
 10
579.943
 20
492.089
 30
0.0
 40
1.0
 50
0.0
  1
5.93
  0
TEXT
  8
QUOTATURA
 10
573.887
 20
494.474
 30
0.0
 40
1.0
 50
0.0
  1
5.93
  0
TEXT
  8
QUOTATURA
 10
573.008
 20
499.368
 30
0.0
 40
1.0
 50
0.0
  1
0.15
  0
TEXT
  8
QUOTATURA
 10
573.328
 20
503.471
 30
0.0
 40
1.0
 50
0.0
  1
3.75
  0
TEXT
  8
QUOTATURA
 10
585.011
 20
495.575
 30
0.0
 40
1.0
 50
0.0
  1
3.75
  0
TEXT
  8
QUOTATURA
 10
566.774
 20
502.12
 30
0.0
 40
1.0
 50
0.0
  1
1
  0
TEXT
  8
TEXT
 10
690.892
 20
522.878
 30
0.0
 40
2.0
 50
0.0
  1
ub5
  0
TEXT
  8
TEXT
 10
653.679
 20
489.102
 30
0.0
 40
5.0
 50
0.0
  1
solo questa
  0
ENDSEC
  0
EOF
