  0
SECTION
  2
ENTITIES
  0
LINE
  8
COSTRUZIONI
 10
-82.973
 11
1917.027
 20
-833.372
 21
-833.372
  0
LINE
  8
COSTRUZIONI
 10
1917.027
 11
1917.027
 20
-833.372
 21
-633.372
  0
LINE
  8
COSTRUZIONI
 10
1917.027
 11
-82.973
 20
-633.372
 21
-633.372
  0
LINE
  8
COSTRUZIONI
 10
-82.973
 11
-82.973
 20
-633.372
 21
-833.372
  0
LINE
  8
COSTRUZIONI
 10
917.027
 11
917.027
 20
-833.372
 21
-633.372
  0
LINE
  8
COSTRUZIONI
 10
917.027
 11
1917.027
 20
-733.372
 21
-733.372
  0
LINE
  8
COSTRUZIONI
 10
1417.027
 11
1417.027
 20
-833.372
 21
-633.372
  0
LINE
  8
APS_GEOMETRY
 10
-20.288
 11
-3.053
 20
-687.357
 21
-687.357
  0
ARC
  8
APS_GEOMETRY
 10
-3.925
 20
-662.662
 40
24.711
 50
272.021
 51
278.44
  0
ARC
  8
APS_GEOMETRY
 10
-2.952
 20
-669.217
 40
18.083
 50
278.44
 51
285.945
  0
ARC
  8
APS_GEOMETRY
 10
4.365
 20
-695.415
 40
9.118
 50
98.584
 51
104.931
  0
ARC
  8
APS_GEOMETRY
 10
3.749
 20
-691.334
 40
4.991
 50
90.0
 51
98.584
  0
ARC
  8
APS_GEOMETRY
 10
3.749
 20
-690.095
 40
3.752
 50
52.871
 51
90.0
  0
ARC
  8
APS_GEOMETRY
 10
-1.339
 20
-696.816
 40
12.182
 50
32.518
 51
52.871
  0
ARC
  8
APS_GEOMETRY
 10
-5.37
 20
-699.386
 40
16.963
 50
17.209
 51
32.518
  0
ARC
  8
APS_GEOMETRY
 10
-2.011
 20
-698.346
 40
13.445
 50
360.0
 51
17.209
  0
ARC
  8
APS_GEOMETRY
 10
4.717
 20
-698.346
 40
6.717
 50
337.348
 51
360.0
  0
ARC
  8
APS_GEOMETRY
 10
7.417
 20
-699.472
 40
3.792
 50
307.042
 51
337.348
  0
ARC
  8
APS_GEOMETRY
 10
6.948
 20
-698.828
 40
4.589
 50
287.186
 51
306.87
  0
ARC
  8
APS_GEOMETRY
 10
6.529
 20
-697.474
 40
6.006
 50
270.0
 51
287.186
  0
ARC
  8
APS_GEOMETRY
 10
6.529
 20
-698.087
 40
5.393
 50
252.221
 51
270.0
  0
ARC
  8
APS_GEOMETRY
 10
6.278
 20
-698.87
 40
4.571
 50
232.896
 51
252.221
  0
ARC
  8
APS_GEOMETRY
 10
7.249
 20
-697.587
 40
6.18
 50
218.3
 51
232.896
  0
ARC
  8
APS_GEOMETRY
 10
14.829
 20
-691.6
 40
15.839
 50
209.197
 51
218.3
  0
ARC
  8
APS_GEOMETRY
 10
-23.725
 20
-712.488
 40
28.012
 50
28.025
 51
32.699
  0
ARC
  8
APS_GEOMETRY
 10
-3.569
 20
-699.548
 40
4.06
 50
32.699
 51
45.0
  0
ARC
  8
APS_GEOMETRY
 10
-2.195
 20
-698.174
 40
2.116
 50
45.0
 51
67.557
  0
ARC
  8
APS_GEOMETRY
 10
-2.203
 20
-698.194
 40
2.137
 50
67.557
 51
90.0
  0
ARC
  8
APS_GEOMETRY
 10
-2.203
 20
-698.025
 40
1.969
 50
90.0
 51
120.801
  0
ARC
  8
APS_GEOMETRY
 10
-2.269
 20
-697.914
 40
1.839
 50
120.801
 51
152.7
  0
ARC
  8
APS_GEOMETRY
 10
-0.81
 20
-698.667
 40
3.481
 50
152.7
 51
171.085
  0
ARC
  8
APS_GEOMETRY
 10
10.279
 20
-700.406
 40
14.705
 50
171.085
 51
180.0
  0
LINE
  8
APS_GEOMETRY
 10
-4.427
 11
-4.427
 20
-700.406
 21
-718.72
  0
ARC
  8
APS_GEOMETRY
 10
15.001
 20
-718.72
 40
19.427
 50
180.0
 51
188.194
  0
ARC
  8
APS_GEOMETRY
 10
0.493
 20
-720.809
 40
4.77
 50
188.194
 51
204.775
  0
ARC
  8
APS_GEOMETRY
 10
-0.916
 20
-721.46
 40
3.218
 50
204.775
 51
228.576
  0
ARC
  8
APS_GEOMETRY
 10
0.406
 20
-719.961
 40
5.216
 50
228.576
 51
247.218
  0
ARC
  8
APS_GEOMETRY
 10
-7.263
 20
-738.033
 40
14.416
 50
59.381
 51
66.93
  0
ARC
  8
APS_GEOMETRY
 10
-1.602
 20
-728.468
 40
3.301
 50
43.568
 51
59.381
  0
ARC
  8
APS_GEOMETRY
 10
-0.696
 20
-727.606
 40
2.051
 50
19.041
 51
43.568
  0
ARC
  8
APS_GEOMETRY
 10
-1.955
 20
-728.04
 40
3.382
 50
360.0
 51
19.041
  0
ARC
  8
APS_GEOMETRY
 10
-1.32
 20
-728.04
 40
2.747
 50
317.66
 51
360.0
  0
ARC
  8
APS_GEOMETRY
 10
-3.842
 20
-725.742
 40
6.16
 50
289.747
 51
317.66
  0
ARC
  8
APS_GEOMETRY
 10
-5.955
 20
-719.857
 40
12.412
 50
281.964
 51
289.747
  0
ARC
  8
APS_GEOMETRY
 10
-8.882
 20
-706.045
 40
26.531
 50
276.643
 51
281.964
  0
ARC
  8
APS_GEOMETRY
 10
-10.114
 20
-695.47
 40
37.178
 50
272.836
 51
276.643
  0
ARC
  8
APS_GEOMETRY
 10
-11.589
 20
-665.694
 40
66.99
 50
270.0
 51
272.836
  0
ARC
  8
APS_GEOMETRY
 10
-11.589
 20
-647.244
 40
85.44
 50
267.283
 51
270.0
  0
ARC
  8
APS_GEOMETRY
 10
-13.382
 20
-685.047
 40
47.595
 50
263.643
 51
267.283
  0
ARC
  8
APS_GEOMETRY
 10
-14.885
 20
-698.531
 40
34.027
 50
258.563
 51
263.643
  0
ARC
  8
APS_GEOMETRY
 10
-18.474
 20
-716.27
 40
15.929
 50
251.136
 51
258.563
  0
ARC
  8
APS_GEOMETRY
 10
-21.678
 20
-725.563
 40
6.099
 50
222.558
 51
251.395
  0
ARC
  8
APS_GEOMETRY
 10
-24.055
 20
-727.746
 40
2.871
 50
180.0
 51
222.558
  0
ARC
  8
APS_GEOMETRY
 10
-24.535
 20
-727.746
 40
2.392
 50
150.642
 51
180.0
  0
ARC
  8
APS_GEOMETRY
 10
-24.343
 20
-727.854
 40
2.612
 50
122.574
 51
150.642
  0
ARC
  8
APS_GEOMETRY
 10
-24.85
 20
-727.271
 40
1.851
 50
108.677
 51
119.055
  0
ARC
  8
APS_GEOMETRY
 10
-1.734
 20
-795.655
 40
74.036
 50
107.038
 51
108.677
  0
ARC
  8
APS_GEOMETRY
 10
-24.289
 20
-721.892
 40
3.099
 50
286.144
 51
308.66
  0
ARC
  8
APS_GEOMETRY
 10
-23.781
 20
-722.526
 40
2.287
 50
308.66
 51
334.933
  0
ARC
  8
APS_GEOMETRY
 10
-25.846
 20
-721.56
 40
4.566
 50
334.933
 51
348.829
  0
ARC
  8
APS_GEOMETRY
 10
-51.672
 20
-716.46
 40
30.891
 50
348.829
 51
354.161
  0
ARC
  8
APS_GEOMETRY
 10
-69.128
 20
-714.661
 40
48.439
 50
354.144
 51
355.66
  0
ARC
  8
APS_GEOMETRY
 10
-146.504
 20
-708.789
 40
126.038
 50
355.66
 51
356.6
  0
ARC
  8
APS_GEOMETRY
 10
-205.653
 20
-705.275
 40
185.291
 50
356.6
 51
357.24
  0
ARC
  8
APS_GEOMETRY
 10
-373.478
 20
-697.184
 40
353.311
 50
357.24
 51
357.703
  0
ARC
  8
APS_GEOMETRY
 10
-356.958
 20
-697.846
 40
336.777
 50
357.703
 51
358.674
  0
ARC
  8
APS_GEOMETRY
 10
-201.126
 20
-701.452
 40
180.903
 50
358.674
 51
0.0
  0
ARC
  8
APS_GEOMETRY
 10
-47.032
 20
-701.452
 40
26.81
 50
0.0
 51
6.242
  0
ARC
  8
APS_GEOMETRY
 10
-25.713
 20
-699.121
 40
5.364
 50
6.242
 51
20.225
  0
ARC
  8
APS_GEOMETRY
 10
-22.758
 20
-698.032
 40
2.215
 50
20.225
 51
50.44
  0
ARC
  8
APS_GEOMETRY
 10
-22.185
 20
-697.337
 40
1.314
 50
50.44
 51
90.0
  0
ARC
  8
APS_GEOMETRY
 10
-22.185
 20
-697.786
 40
1.762
 50
90.0
 51
126.747
  0
ARC
  8
APS_GEOMETRY
 10
-19.695
 20
-701.121
 40
5.924
 50
126.747
 51
146.547
  0
ARC
  8
APS_GEOMETRY
 10
-63.682
 20
-672.208
 40
46.715
 50
324.255
 51
326.701
  0
ARC
  8
APS_GEOMETRY
 10
-45.059
 20
-685.612
 40
23.77
 50
320.826
 51
324.255
  0
ARC
  8
APS_GEOMETRY
 10
-38.973
 20
-690.571
 40
15.918
 50
315.722
 51
320.826
  0
ARC
  8
APS_GEOMETRY
 10
-31.979
 20
-697.392
 40
6.149
 50
307.504
 51
315.722
  0
ARC
  8
APS_GEOMETRY
 10
-32.624
 20
-696.53
 40
7.226
 50
291.306
 51
307.405
  0
ARC
  8
APS_GEOMETRY
 10
-31.505
 20
-699.399
 40
4.146
 50
270.0
 51
291.306
  0
ARC
  8
APS_GEOMETRY
 10
-31.505
 20
-699.667
 40
3.879
 50
245.532
 51
270.0
  0
ARC
  8
APS_GEOMETRY
 10
-31.534
 20
-699.731
 40
3.808
 50
220.833
 51
245.532
  0
ARC
  8
APS_GEOMETRY
 10
-31.141
 20
-699.391
 40
4.328
 50
198.684
 51
220.833
  0
ARC
  8
APS_GEOMETRY
 10
-29.5
 20
-698.836
 40
6.06
 50
180.0
 51
198.684
  0
ARC
  8
APS_GEOMETRY
 10
-25.653
 20
-698.836
 40
9.908
 50
168.408
 51
180.0
  0
ARC
  8
APS_GEOMETRY
 10
-19.3
 20
-700.139
 40
16.393
 50
159.402
 51
168.408
  0
ARC
  8
APS_GEOMETRY
 10
-17.337
 20
-700.877
 40
18.49
 50
151.39
 51
159.402
  0
ARC
  8
APS_GEOMETRY
 10
-17.739
 20
-700.658
 40
18.032
 50
143.276
 51
151.39
  0
ARC
  8
APS_GEOMETRY
 10
-22.789
 20
-696.882
 40
11.726
 50
124.216
 51
143.31
  0
ARC
  8
APS_GEOMETRY
 10
-27.286
 20
-690.267
 40
3.728
 50
90.0
 51
124.216
  0
ARC
  8
APS_GEOMETRY
 10
-27.286
 20
-691.924
 40
5.384
 50
82.725
 51
90.0
  0
ARC
  8
APS_GEOMETRY
 10
-27.707
 20
-695.22
 40
8.707
 50
77.005
 51
82.725
  0
ARC
  8
APS_GEOMETRY
 10
-14.859
 20
-633.273
 40
54.561
 50
258.486
 51
260.378
  0
ARC
  8
APS_GEOMETRY
 10
-20.363
 20
-665.738
 40
21.633
 50
260.378
 51
263.382
  0
ARC
  8
APS_GEOMETRY
 10
-20.833
 20
-669.795
 40
17.548
 50
263.382
 51
267.084
  0
ARC
  8
APS_GEOMETRY
 10
-20.288
 20
-659.084
 40
28.273
 50
267.084
 51
270.0
  0
ARC
  8
APS_GEOMETRY
 10
39.439
 20
-712.223
 40
25.782
 50
71.91
 51
90.0
  0
ARC
  8
APS_GEOMETRY
 10
40.438
 20
-709.166
 40
22.566
 50
52.561
 51
71.91
  0
ARC
  8
APS_GEOMETRY
 10
40.176
 20
-709.243
 40
22.786
 50
38.846
 51
52.156
  0
ARC
  8
APS_GEOMETRY
 10
36.604
 20
-712.119
 40
27.372
 50
26.707
 51
38.846
  0
ARC
  8
APS_GEOMETRY
 10
37.311
 20
-711.541
 40
26.482
 50
13.868
 51
26.278
  0
ARC
  8
APS_GEOMETRY
 10
42.411
 20
-710.282
 40
21.229
 50
360.0
 51
13.868
  0
ARC
  8
APS_GEOMETRY
 10
42.741
 20
-710.282
 40
20.899
 50
339.712
 51
360.0
  0
ARC
  8
APS_GEOMETRY
 10
41.565
 20
-709.847
 40
22.153
 50
320.013
 51
339.712
  0
ARC
  8
APS_GEOMETRY
 10
41.37
 20
-709.74
 40
22.372
 50
303.344
 51
320.123
  0
ARC
  8
APS_GEOMETRY
 10
39.074
 20
-706.251
 40
26.548
 50
287.949
 51
303.344
  0
ARC
  8
APS_GEOMETRY
 10
38.32
 20
-703.636
 40
29.269
 50
279.039
 51
287.776
  0
ARC
  8
APS_GEOMETRY
 10
38.622
 20
-705.535
 40
27.346
 50
270.0
 51
279.039
  0
ARC
  8
APS_GEOMETRY
 10
38.622
 20
-706.87
 40
26.011
 50
257.728
 51
270.0
  0
ARC
  8
APS_GEOMETRY
 10
38.663
 20
-706.681
 40
26.203
 50
245.501
 51
257.728
  0
ARC
  8
APS_GEOMETRY
 10
37.19
 20
-709.904
 40
22.66
 50
228.665
 51
245.511
  0
ARC
  8
APS_GEOMETRY
 10
36.7
 20
-710.461
 40
21.918
 50
211.535
 51
228.665
  0
ARC
  8
APS_GEOMETRY
 10
37.342
 20
-709.99
 40
22.712
 50
195.642
 51
211.701
  0
ARC
  8
APS_GEOMETRY
 10
38.516
 20
-709.661
 40
23.931
 50
180.0
 51
195.642
  0
ARC
  8
APS_GEOMETRY
 10
38.767
 20
-709.661
 40
24.183
 50
162.181
 51
180.0
  0
ARC
  8
APS_GEOMETRY
 10
36.561
 20
-708.952
 40
21.865
 50
143.434
 51
162.181
  0
ARC
  8
APS_GEOMETRY
 10
36.264
 20
-708.714
 40
21.485
 50
126.384
 51
143.471
  0
ARC
  8
APS_GEOMETRY
 10
38.298
 20
-711.475
 40
24.914
 50
110.525
 51
126.384
  0
ARC
  8
APS_GEOMETRY
 10
38.197
 20
-710.725
 40
24.177
 50
99.77
 51
110.925
  0
ARC
  8
APS_GEOMETRY
 10
39.439
 20
-717.937
 40
31.496
 50
90.0
 51
99.77
  0
ARC
  8
APS_GEOMETRY
 10
36.332
 20
-700.635
 40
4.807
 50
90.0
 51
119.604
  0
ARC
  8
APS_GEOMETRY
 10
36.754
 20
-701.376
 40
5.659
 50
119.604
 51
146.842
  0
ARC
  8
APS_GEOMETRY
 10
37.6
 20
-702.069
 40
6.748
 50
145.84
 51
164.055
  0
ARC
  8
APS_GEOMETRY
 10
39.561
 20
-702.63
 40
8.788
 50
164.055
 51
180.0
  0
ARC
  8
APS_GEOMETRY
 10
51.825
 20
-702.63
 40
21.053
 50
180.0
 51
189.977
  0
ARC
  8
APS_GEOMETRY
 10
70.477
 20
-699.349
 40
39.991
 50
189.977
 51
197.211
  0
ARC
  8
APS_GEOMETRY
 10
74.557
 20
-698.085
 40
44.261
 50
197.211
 51
203.76
  0
ARC
  8
APS_GEOMETRY
 10
64.394
 20
-702.559
 40
33.157
 50
203.76
 51
211.329
  0
ARC
  8
APS_GEOMETRY
 10
43.526
 20
-715.083
 40
8.821
 50
212.32
 51
224.441
  0
ARC
  8
APS_GEOMETRY
 10
42.67
 20
-715.922
 40
7.623
 50
224.441
 51
237.484
  0
ARC
  8
APS_GEOMETRY
 10
42.118
 20
-716.789
 40
6.595
 50
237.484
 51
252.416
  0
ARC
  8
APS_GEOMETRY
 10
41.565
 20
-718.532
 40
4.766
 50
252.416
 51
270.0
  0
ARC
  8
APS_GEOMETRY
 10
41.565
 20
-717.967
 40
5.331
 50
270.0
 51
294.953
  0
ARC
  8
APS_GEOMETRY
 10
41.714
 20
-718.288
 40
4.977
 50
294.953
 51
320.793
  0
ARC
  8
APS_GEOMETRY
 10
40.914
 20
-717.635
 40
6.011
 50
320.793
 51
342.777
  0
ARC
  8
APS_GEOMETRY
 10
37.346
 20
-716.529
 40
9.746
 50
342.777
 51
0.0
  0
ARC
  8
APS_GEOMETRY
 10
20.585
 20
-716.529
 40
26.507
 50
0.0
 51
8.499
  0
ARC
  8
APS_GEOMETRY
 10
8.918
 20
-718.272
 40
38.304
 50
8.499
 51
15.566
  0
ARC
  8
APS_GEOMETRY
 10
10.32
 20
-717.881
 40
36.848
 50
15.566
 51
22.909
  0
ARC
  8
APS_GEOMETRY
 10
22.384
 20
-712.783
 40
23.751
 50
22.909
 51
32.057
  0
ARC
  8
APS_GEOMETRY
 10
31.86
 20
-706.814
 40
12.552
 50
31.921
 51
42.51
  0
ARC
  8
APS_GEOMETRY
 10
34.462
 20
-704.429
 40
9.022
 50
42.51
 51
55.008
  0
ARC
  8
APS_GEOMETRY
 10
35.341
 20
-703.173
 40
7.489
 50
55.008
 51
69.88
  0
ARC
  8
APS_GEOMETRY
 10
36.129
 20
-701.022
 40
5.198
 50
69.88
 51
87.754
  0
ARC
  8
APS_GEOMETRY
 10
87.86
 20
-702.425
 40
15.983
 50
83.923
 51
90.0
  0
ARC
  8
APS_GEOMETRY
 10
86.574
 20
-714.5
 40
28.127
 50
79.342
 51
83.923
  0
ARC
  8
APS_GEOMETRY
 10
85.024
 20
-722.74
 40
36.512
 50
75.808
 51
79.342
  0
ARC
  8
APS_GEOMETRY
 10
79.613
 20
-744.135
 40
58.58
 50
73.018
 51
75.808
  0
ARC
  8
APS_GEOMETRY
 10
98.664
 20
-681.642
 40
6.752
 50
253.288
 51
259.046
  0
ARC
  8
APS_GEOMETRY
 10
97.737
 20
-686.436
 40
1.87
 50
259.046
 51
270.0
  0
ARC
  8
APS_GEOMETRY
 10
97.737
 20
-687.196
 40
1.11
 50
270.0
 51
286.699
  0
ARC
  8
APS_GEOMETRY
 10
88.863
 20
-657.619
 40
31.989
 50
286.699
 51
289.799
  0
ARC
  8
APS_GEOMETRY
 10
100.753
 20
-690.528
 40
3.002
 50
100.008
 51
110.556
  0
ARC
  8
APS_GEOMETRY
 10
100.811
 20
-690.855
 40
3.334
 50
90.0
 51
100.008
  0
ARC
  8
APS_GEOMETRY
 10
100.811
 20
-690.7
 40
3.179
 50
53.356
 51
90.0
  0
ARC
  8
APS_GEOMETRY
 10
95.257
 20
-698.166
 40
12.484
 50
35.101
 51
53.356
  0
ARC
  8
APS_GEOMETRY
 10
92.486
 20
-700.114
 40
15.871
 50
20.245
 51
35.101
  0
ARC
  8
APS_GEOMETRY
 10
99.319
 20
-697.593
 40
8.588
 50
360.0
 51
20.245
  0
ARC
  8
APS_GEOMETRY
 10
102.758
 20
-697.593
 40
5.15
 50
340.481
 51
360.0
  0
ARC
  8
APS_GEOMETRY
 10
103.605
 20
-697.894
 40
4.25
 50
318.972
 51
340.481
  0
ARC
  8
APS_GEOMETRY
 10
103.984
 20
-698.223
 40
3.748
 50
295.017
 51
318.972
  0
ARC
  8
APS_GEOMETRY
 10
104.114
 20
-698.501
 40
3.442
 50
270.0
 51
295.017
  0
ARC
  8
APS_GEOMETRY
 10
104.114
 20
-696.658
 40
5.285
 50
256.171
 51
270.0
  0
ARC
  8
APS_GEOMETRY
 10
103.537
 20
-698.999
 40
2.874
 50
237.381
 51
256.171
  0
ARC
  8
APS_GEOMETRY
 10
104.558
 20
-697.404
 40
4.768
 50
231.559
 51
237.381
  0
ARC
  8
APS_GEOMETRY
 10
119.401
 20
-678.705
 40
28.642
 50
229.185
 51
231.559
  0
ARC
  8
APS_GEOMETRY
 10
135.308
 20
-660.286
 40
52.979
 50
227.9
 51
229.185
  0
ARC
  8
APS_GEOMETRY
 10
190.361
 20
-599.357
 40
135.095
 50
227.095
 51
227.9
  0
ARC
  8
APS_GEOMETRY
 10
86.998
 20
-710.519
 40
16.696
 50
46.975
 51
64.612
  0
ARC
  8
APS_GEOMETRY
 10
90.673
 20
-702.777
 40
8.127
 50
64.612
 51
90.0
  0
ARC
  8
APS_GEOMETRY
 10
90.673
 20
-700.506
 40
5.856
 50
90.0
 51
106.966
  0
ARC
  8
APS_GEOMETRY
 10
89.994
 20
-698.282
 40
3.531
 50
106.966
 51
128.868
  0
ARC
  8
APS_GEOMETRY
 10
89.601
 20
-697.795
 40
2.905
 50
128.868
 51
154.741
  0
ARC
  8
APS_GEOMETRY
 10
89.728
 20
-697.855
 40
3.046
 50
154.741
 51
180.0
  0
ARC
  8
APS_GEOMETRY
 10
89.544
 20
-697.855
 40
2.861
 50
180.0
 51
206.64
  0
ARC
  8
APS_GEOMETRY
 10
90.464
 20
-697.393
 40
3.891
 50
206.64
 51
229.43
  0
ARC
  8
APS_GEOMETRY
 10
91.94
 20
-695.67
 40
6.159
 50
229.43
 51
244.493
  0
ARC
  8
APS_GEOMETRY
 10
95.985
 20
-687.191
 40
15.554
 50
244.493
 51
253.956
  0
ARC
  8
APS_GEOMETRY
 10
23.914
 20
-932.12
 40
239.758
 50
72.737
 51
73.58
  0
ARC
  8
APS_GEOMETRY
 10
65.218
 20
-799.204
 40
100.573
 50
71.435
 51
72.737
  0
ARC
  8
APS_GEOMETRY
 10
78.899
 20
-758.47
 40
57.603
 50
69.164
 51
71.435
  0
ARC
  8
APS_GEOMETRY
 10
95.044
 20
-716.048
 40
12.212
 50
64.231
 51
69.164
  0
ARC
  8
APS_GEOMETRY
 10
93.187
 20
-719.786
 40
16.387
 50
34.939
 51
64.068
  0
ARC
  8
APS_GEOMETRY
 10
97.194
 20
-716.987
 40
11.498
 50
360.0
 51
34.939
  0
ARC
  8
APS_GEOMETRY
 10
94.731
 20
-716.987
 40
13.962
 50
333.435
 51
360.0
  0
ARC
  8
APS_GEOMETRY
 10
93.818
 20
-716.53
 40
14.982
 50
307.807
 51
333.435
  0
ARC
  8
APS_GEOMETRY
 10
91.443
 20
-713.458
 40
18.866
 50
296.732
 51
307.786
  0
ARC
  8
APS_GEOMETRY
 10
90.037
 20
-710.667
 40
21.99
 50
286.496
 51
296.732
  0
ARC
  8
APS_GEOMETRY
 10
89.112
 20
-707.542
 40
25.25
 50
277.544
 51
286.496
  0
ARC
  8
APS_GEOMETRY
 10
87.762
 20
-697.351
 40
35.53
 50
270.0
 51
277.544
  0
ARC
  8
APS_GEOMETRY
 10
87.762
 20
-695.81
 40
37.071
 50
263.555
 51
270.0
  0
ARC
  8
APS_GEOMETRY
 10
88.962
 20
-685.186
 40
47.762
 50
257.878
 51
263.555
  0
ARC
  8
APS_GEOMETRY
 10
88.325
 20
-688.152
 40
44.729
 50
254.839
 51
257.878
  0
ARC
  8
APS_GEOMETRY
 10
83.159
 20
-707.219
 40
24.974
 50
250.772
 51
254.839
  0
ARC
  8
APS_GEOMETRY
 10
80.835
 20
-713.882
 40
17.918
 50
245.121
 51
250.772
  0
ARC
  8
APS_GEOMETRY
 10
76.901
 20
-722.364
 40
8.568
 50
236.944
 51
245.121
  0
ARC
  8
APS_GEOMETRY
 10
74.582
 20
-726.014
 40
4.243
 50
211.802
 51
236.31
  0
ARC
  8
APS_GEOMETRY
 10
85.606
 20
-719.178
 40
17.215
 50
199.704
 51
211.802
  0
ARC
  8
APS_GEOMETRY
 10
90.871
 20
-717.293
 40
22.807
 50
190.413
 51
199.704
  0
ARC
  8
APS_GEOMETRY
 10
86.308
 20
-718.131
 40
18.168
 50
180.0
 51
190.413
  0
ARC
  8
APS_GEOMETRY
 10
74.008
 20
-718.131
 40
5.869
 50
164.876
 51
180.0
  0
ARC
  8
APS_GEOMETRY
 10
70.702
 20
-717.238
 40
2.443
 50
141.34
 51
164.876
  0
ARC
  8
APS_GEOMETRY
 10
71.022
 20
-717.452
 40
2.827
 50
116.928
 51
142.001
  0
ARC
  8
APS_GEOMETRY
 10
70.854
 20
-717.122
 40
2.457
 50
90.0
 51
116.928
  0
ARC
  8
APS_GEOMETRY
 10
70.854
 20
-717.128
 40
2.464
 50
62.21
 51
90.0
  0
ARC
  8
APS_GEOMETRY
 10
69.871
 20
-718.995
 40
4.573
 50
41.906
 51
62.21
  0
ARC
  8
APS_GEOMETRY
 10
70.038
 20
-719.03
 40
4.475
 50
37.313
 51
43.668
  0
ARC
  8
APS_GEOMETRY
 10
44.97
 20
-738.135
 40
35.993
 50
35.074
 51
37.313
  0
ARC
  8
APS_GEOMETRY
 10
16.502
 20
-758.123
 40
70.777
 50
33.934
 51
35.074
  0
ARC
  8
APS_GEOMETRY
 10
-84.995
 20
-826.413
 40
193.11
 50
33.243
 51
33.934
  0
ARC
  8
APS_GEOMETRY
 10
82.124
 20
-716.843
 40
6.727
 50
213.453
 51
231.637
  0
ARC
  8
APS_GEOMETRY
 10
85.303
 20
-712.828
 40
11.848
 50
231.637
 51
245.313
  0
ARC
  8
APS_GEOMETRY
 10
86.003
 20
-711.304
 40
13.524
 50
245.313
 51
257.398
  0
ARC
  8
APS_GEOMETRY
 10
85.767
 20
-712.36
 40
12.443
 50
257.398
 51
270.0
  0
ARC
  8
APS_GEOMETRY
 10
85.767
 20
-714.297
 40
10.506
 50
270.0
 51
282.907
  0
ARC
  8
APS_GEOMETRY
 10
86.898
 20
-719.23
 40
5.445
 50
282.907
 51
300.872
  0
ARC
  8
APS_GEOMETRY
 10
87.878
 20
-720.87
 40
3.535
 50
300.872
 51
326.876
  0
ARC
  8
APS_GEOMETRY
 10
88.994
 20
-721.598
 40
2.202
 50
326.876
 51
0.0
  0
ARC
  8
APS_GEOMETRY
 10
88.665
 20
-721.598
 40
2.531
 50
0.0
 51
27.553
  0
ARC
  8
APS_GEOMETRY
 10
87.864
 20
-722.015
 40
3.434
 50
27.553
 51
51.147
  0
ARC
  8
APS_GEOMETRY
 10
86.21
 20
-724.069
 40
6.071
 50
51.147
 51
65.225
  0
ARC
  8
APS_GEOMETRY
 10
80.106
 20
-737.293
 40
20.636
 50
65.225
 51
72.848
  0
ARC
  8
APS_GEOMETRY
 10
115.748
 20
-623.654
 40
98.462
 50
251.106
 51
252.532
  0
ARC
  8
APS_GEOMETRY
 10
103.132
 20
-660.515
 40
59.501
 50
249.271
 51
251.106
  0
ARC
  8
APS_GEOMETRY
 10
97.887
 20
-674.375
 40
44.683
 50
246.83
 51
249.271
  0
ARC
  8
APS_GEOMETRY
 10
89.403
 20
-694.197
 40
23.121
 50
243.435
 51
246.83
  0
ARC
  8
APS_GEOMETRY
 10
88.437
 20
-696.129
 40
20.961
 50
235.981
 51
243.435
  0
ARC
  8
APS_GEOMETRY
 10
89.179
 20
-695.03
 40
22.287
 50
228.752
 51
235.981
  0
ARC
  8
APS_GEOMETRY
 10
85.704
 20
-699.124
 40
16.918
 50
206.421
 51
228.457
  0
ARC
  8
APS_GEOMETRY
 10
81.15
 20
-701.387
 40
11.833
 50
180.0
 51
206.421
  0
ARC
  8
APS_GEOMETRY
 10
81.365
 20
-701.387
 40
12.047
 50
166.555
 51
180.0
  0
ARC
  8
APS_GEOMETRY
 10
82.76
 20
-701.721
 40
13.482
 50
153.848
 51
166.555
  0
ARC
  8
APS_GEOMETRY
 10
82.876
 20
-701.778
 40
13.611
 50
141.244
 51
153.848
  0
ARC
  8
APS_GEOMETRY
 10
83.736
 20
-702.468
 40
14.714
 50
129.123
 51
141.244
  0
ARC
  8
APS_GEOMETRY
 10
86.489
 20
-705.395
 40
18.725
 50
108.978
 51
130.006
  0
ARC
  8
APS_GEOMETRY
 10
87.86
 20
-709.382
 40
22.94
 50
90.0
 51
108.978
  0
ARC
  8
APS_GEOMETRY
 10
137.851
 20
-707.705
 40
21.264
 50
77.257
 51
90.0
  0
ARC
  8
APS_GEOMETRY
 10
137.635
 20
-708.661
 40
22.243
 50
64.799
 51
77.257
  0
ARC
  8
APS_GEOMETRY
 10
155.952
 20
-669.662
 40
20.843
 50
244.885
 51
251.175
  0
ARC
  8
APS_GEOMETRY
 10
149.984
 20
-687.17
 40
2.346
 50
251.175
 51
270.0
  0
ARC
  8
APS_GEOMETRY
 10
149.984
 20
-685.709
 40
3.806
 50
270.0
 51
278.82
  0
ARC
  8
APS_GEOMETRY
 10
147.525
 20
-669.862
 40
19.844
 50
278.82
 51
282.68
  0
ARC
  8
APS_GEOMETRY
 10
152.67
 20
-692.642
 40
3.511
 50
95.906
 51
102.995
  0
ARC
  8
APS_GEOMETRY
 10
152.829
 20
-694.179
 40
5.055
 50
90.0
 51
95.906
  0
ARC
  8
APS_GEOMETRY
 10
152.829
 20
-692.479
 40
3.356
 50
62.447
 51
90.0
  0
ARC
  8
APS_GEOMETRY
 10
152.232
 20
-693.622
 40
4.645
 50
39.094
 51
62.447
  0
ARC
  8
APS_GEOMETRY
 10
145.998
 20
-698.836
 40
12.772
 50
18.435
 51
39.611
  0
ARC
  8
APS_GEOMETRY
 10
142.171
 20
-700.112
 40
16.806
 50
360.0
 51
18.435
  0
ARC
  8
APS_GEOMETRY
 10
150.644
 20
-700.112
 40
8.333
 50
334.877
 51
360.0
  0
ARC
  8
APS_GEOMETRY
 10
153.15
 20
-701.287
 40
5.565
 50
304.007
 51
334.877
  0
ARC
  8
APS_GEOMETRY
 10
153.109
 20
-701.169
 40
5.686
 50
286.39
 51
303.69
  0
ARC
  8
APS_GEOMETRY
 10
152.927
 20
-700.551
 40
6.33
 50
270.0
 51
286.39
  0
ARC
  8
APS_GEOMETRY
 10
152.927
 20
-700.625
 40
6.257
 50
255.155
 51
270.0
  0
ARC
  8
APS_GEOMETRY
 10
152.242
 20
-703.211
 40
3.581
 50
235.491
 51
255.155
  0
ARC
  8
APS_GEOMETRY
 10
152.586
 20
-702.71
 40
4.189
 50
218.48
 51
235.491
  0
ARC
  8
APS_GEOMETRY
 10
158.206
 20
-698.242
 40
11.369
 50
208.179
 51
218.48
  0
ARC
  8
APS_GEOMETRY
 10
100.582
 20
-729.521
 40
54.198
 50
28.56
 51
31.664
  0
ARC
  8
APS_GEOMETRY
 10
135.794
 20
-707.805
 40
12.827
 50
31.664
 51
38.047
  0
ARC
  8
APS_GEOMETRY
 10
138.354
 20
-705.801
 40
9.576
 50
38.047
 51
46.56
  0
ARC
  8
APS_GEOMETRY
 10
137.024
 20
-707.206
 40
11.512
 50
46.56
 51
54.324
  0
ARC
  8
APS_GEOMETRY
 10
136.255
 20
-708.528
 40
13.034
 50
54.968
 51
71.48
  0
ARC
  8
APS_GEOMETRY
 10
137.098
 20
-706.011
 40
10.38
 50
71.48
 51
90.0
  0
ARC
  8
APS_GEOMETRY
 10
137.098
 20
-702.882
 40
7.251
 50
90.0
 51
114.63
  0
ARC
  8
APS_GEOMETRY
 10
136.734
 20
-702.088
 40
6.377
 50
114.63
 51
140.921
  0
ARC
  8
APS_GEOMETRY
 10
137.81
 20
-702.961
 40
7.763
 50
140.921
 51
163.13
  0
ARC
  8
APS_GEOMETRY
 10
143.188
 20
-704.592
 40
13.382
 50
163.13
 51
180.0
  0
ARC
  8
APS_GEOMETRY
 10
150.161
 20
-704.592
 40
20.355
 50
180.0
 51
195.44
  0
ARC
  8
APS_GEOMETRY
 10
149.103
 20
-704.884
 40
19.258
 50
195.44
 51
211.316
  0
ARC
  8
APS_GEOMETRY
 10
144.014
 20
-707.874
 40
13.357
 50
211.708
 51
240.457
  0
ARC
  8
APS_GEOMETRY
 10
143.672
 20
-708.477
 40
12.663
 50
240.457
 51
270.0
  0
ARC
  8
APS_GEOMETRY
 10
143.672
 20
-705.389
 40
15.751
 50
270.0
 51
279.549
  0
ARC
  8
APS_GEOMETRY
 10
143.476
 20
-704.225
 40
16.931
 50
279.549
 51
288.759
  0
ARC
  8
APS_GEOMETRY
 10
144.301
 20
-706.656
 40
14.364
 50
288.759
 51
299.545
  0
ARC
  8
APS_GEOMETRY
 10
147.611
 20
-712.495
 40
7.652
 50
299.545
 51
314.341
  0
ARC
  8
APS_GEOMETRY
 10
157.846
 20
-723.126
 40
7.105
 50
120.141
 51
133.452
  0
ARC
  8
APS_GEOMETRY
 10
154.987
 20
-718.202
 40
1.412
 50
90.0
 51
120.141
  0
ARC
  8
APS_GEOMETRY
 10
154.987
 20
-719.02
 40
2.23
 50
61.952
 51
90.0
  0
ARC
  8
APS_GEOMETRY
 10
154.655
 20
-719.643
 40
2.936
 50
37.569
 51
61.952
  0
ARC
  8
APS_GEOMETRY
 10
154.036
 20
-720.12
 40
3.717
 50
17.665
 51
37.569
  0
ARC
  8
APS_GEOMETRY
 10
153.091
 20
-720.42
 40
4.709
 50
360.0
 51
17.665
  0
ARC
  8
APS_GEOMETRY
 10
150.719
 20
-720.42
 40
7.081
 50
344.932
 51
360.0
  0
ARC
  8
APS_GEOMETRY
 10
144.421
 20
-718.725
 40
13.603
 50
334.075
 51
344.932
  0
ARC
  8
APS_GEOMETRY
 10
144.223
 20
-718.629
 40
13.823
 50
323.374
 51
334.075
  0
ARC
  8
APS_GEOMETRY
 10
148.287
 20
-721.649
 40
8.76
 50
309.92
 51
323.374
  0
ARC
  8
APS_GEOMETRY
 10
152.348
 20
-726.44
 40
2.48
 50
289.026
 51
308.991
  0
ARC
  8
APS_GEOMETRY
 10
148.015
 20
-713.875
 40
15.771
 50
281.143
 51
289.026
  0
ARC
  8
APS_GEOMETRY
 10
152.409
 20
-736.656
 40
7.431
 50
100.437
 51
110.12
  0
ARC
  8
APS_GEOMETRY
 10
158.23
 20
-752.546
 40
24.353
 50
110.12
 51
115.463
  0
ARC
  8
APS_GEOMETRY
 10
137.449
 20
-709.066
 40
23.838
 50
282.94
 51
295.628
  0
ARC
  8
APS_GEOMETRY
 10
137.654
 20
-709.96
 40
22.921
 50
270.0
 51
282.94
  0
ARC
  8
APS_GEOMETRY
 10
137.654
 20
-708.606
 40
24.275
 50
257.307
 51
270.0
  0
ARC
  8
APS_GEOMETRY
 10
138.679
 20
-704.056
 40
28.939
 50
245.686
 51
257.307
  0
ARC
  8
APS_GEOMETRY
 10
136.109
 20
-709.697
 40
22.739
 50
228.801
 51
245.735
  0
ARC
  8
APS_GEOMETRY
 10
136.152
 20
-709.648
 40
22.805
 50
211.891
 51
228.801
  0
ARC
  8
APS_GEOMETRY
 10
137.5
 20
-708.678
 40
24.462
 50
196.728
 51
212.152
  0
ARC
  8
APS_GEOMETRY
 10
134.012
 20
-709.726
 40
20.82
 50
180.0
 51
196.728
  0
ARC
  8
APS_GEOMETRY
 10
134.519
 20
-709.726
 40
21.327
 50
161.184
 51
180.0
  0
ARC
  8
APS_GEOMETRY
 10
135.887
 20
-710.193
 40
22.773
 50
142.98
 51
161.184
  0
ARC
  8
APS_GEOMETRY
 10
136.952
 20
-711.007
 40
24.112
 50
127.824
 51
142.958
  0
ARC
  8
APS_GEOMETRY
 10
138.706
 20
-713.266
 40
26.973
 50
113.52
 51
127.824
  0
ARC
  8
APS_GEOMETRY
 10
138.135
 20
-711.947
 40
25.535
 50
101.927
 51
113.527
  0
ARC
  8
APS_GEOMETRY
 10
137.851
 20
-710.602
 40
24.161
 50
90.0
 51
101.927
  0
ARC
  8
APS_GEOMETRY
 10
188.332
 20
-712.223
 40
25.782
 50
71.91
 51
90.0
  0
ARC
  8
APS_GEOMETRY
 10
189.33
 20
-709.166
 40
22.566
 50
52.561
 51
71.91
  0
ARC
  8
APS_GEOMETRY
 10
189.069
 20
-709.243
 40
22.786
 50
38.846
 51
52.156
  0
ARC
  8
APS_GEOMETRY
 10
185.497
 20
-712.119
 40
27.372
 50
26.707
 51
38.846
  0
ARC
  8
APS_GEOMETRY
 10
186.204
 20
-711.541
 40
26.482
 50
13.868
 51
26.278
  0
ARC
  8
APS_GEOMETRY
 10
191.303
 20
-710.282
 40
21.229
 50
360.0
 51
13.868
  0
ARC
  8
APS_GEOMETRY
 10
191.634
 20
-710.282
 40
20.899
 50
339.712
 51
360.0
  0
ARC
  8
APS_GEOMETRY
 10
190.457
 20
-709.847
 40
22.153
 50
320.013
 51
339.712
  0
ARC
  8
APS_GEOMETRY
 10
190.262
 20
-709.74
 40
22.372
 50
303.344
 51
320.123
  0
ARC
  8
APS_GEOMETRY
 10
187.966
 20
-706.251
 40
26.548
 50
287.949
 51
303.344
  0
ARC
  8
APS_GEOMETRY
 10
187.212
 20
-703.636
 40
29.269
 50
279.039
 51
287.776
  0
ARC
  8
APS_GEOMETRY
 10
187.514
 20
-705.535
 40
27.346
 50
270.0
 51
279.039
  0
ARC
  8
APS_GEOMETRY
 10
187.514
 20
-706.87
 40
26.011
 50
257.728
 51
270.0
  0
ARC
  8
APS_GEOMETRY
 10
187.555
 20
-706.681
 40
26.203
 50
245.501
 51
257.728
  0
ARC
  8
APS_GEOMETRY
 10
186.082
 20
-709.904
 40
22.66
 50
228.665
 51
245.511
  0
ARC
  8
APS_GEOMETRY
 10
185.593
 20
-710.461
 40
21.918
 50
211.535
 51
228.665
  0
ARC
  8
APS_GEOMETRY
 10
186.235
 20
-709.99
 40
22.712
 50
195.642
 51
211.701
  0
ARC
  8
APS_GEOMETRY
 10
187.408
 20
-709.661
 40
23.931
 50
180.0
 51
195.642
  0
ARC
  8
APS_GEOMETRY
 10
187.66
 20
-709.661
 40
24.183
 50
162.181
 51
180.0
  0
ARC
  8
APS_GEOMETRY
 10
185.453
 20
-708.952
 40
21.865
 50
143.434
 51
162.181
  0
ARC
  8
APS_GEOMETRY
 10
185.156
 20
-708.714
 40
21.485
 50
126.384
 51
143.471
  0
ARC
  8
APS_GEOMETRY
 10
187.191
 20
-711.475
 40
24.914
 50
110.525
 51
126.384
  0
ARC
  8
APS_GEOMETRY
 10
187.09
 20
-710.725
 40
24.177
 50
99.77
 51
110.925
  0
ARC
  8
APS_GEOMETRY
 10
188.332
 20
-717.937
 40
31.496
 50
90.0
 51
99.77
  0
ARC
  8
APS_GEOMETRY
 10
185.225
 20
-700.635
 40
4.807
 50
90.0
 51
119.604
  0
ARC
  8
APS_GEOMETRY
 10
185.646
 20
-701.376
 40
5.659
 50
119.604
 51
146.842
  0
ARC
  8
APS_GEOMETRY
 10
186.492
 20
-702.069
 40
6.748
 50
145.84
 51
164.055
  0
ARC
  8
APS_GEOMETRY
 10
188.453
 20
-702.63
 40
8.788
 50
164.055
 51
180.0
  0
ARC
  8
APS_GEOMETRY
 10
200.718
 20
-702.63
 40
21.053
 50
180.0
 51
189.977
  0
ARC
  8
APS_GEOMETRY
 10
219.369
 20
-699.349
 40
39.991
 50
189.977
 51
197.211
  0
ARC
  8
APS_GEOMETRY
 10
223.449
 20
-698.085
 40
44.261
 50
197.211
 51
203.76
  0
ARC
  8
APS_GEOMETRY
 10
213.286
 20
-702.559
 40
33.157
 50
203.76
 51
211.329
  0
ARC
  8
APS_GEOMETRY
 10
192.418
 20
-715.083
 40
8.821
 50
212.32
 51
224.441
  0
ARC
  8
APS_GEOMETRY
 10
191.563
 20
-715.922
 40
7.623
 50
224.441
 51
237.484
  0
ARC
  8
APS_GEOMETRY
 10
191.01
 20
-716.789
 40
6.595
 50
237.484
 51
252.416
  0
ARC
  8
APS_GEOMETRY
 10
190.457
 20
-718.532
 40
4.766
 50
252.416
 51
270.0
  0
ARC
  8
APS_GEOMETRY
 10
190.457
 20
-717.967
 40
5.331
 50
270.0
 51
294.953
  0
ARC
  8
APS_GEOMETRY
 10
190.607
 20
-718.288
 40
4.977
 50
294.953
 51
320.793
  0
ARC
  8
APS_GEOMETRY
 10
189.806
 20
-717.635
 40
6.011
 50
320.793
 51
342.777
  0
ARC
  8
APS_GEOMETRY
 10
186.238
 20
-716.529
 40
9.746
 50
342.777
 51
0.0
  0
ARC
  8
APS_GEOMETRY
 10
169.477
 20
-716.529
 40
26.507
 50
0.0
 51
8.499
  0
ARC
  8
APS_GEOMETRY
 10
157.81
 20
-718.272
 40
38.304
 50
8.499
 51
15.566
  0
ARC
  8
APS_GEOMETRY
 10
159.213
 20
-717.881
 40
36.848
 50
15.566
 51
22.909
  0
ARC
  8
APS_GEOMETRY
 10
171.276
 20
-712.783
 40
23.751
 50
22.909
 51
32.057
  0
ARC
  8
APS_GEOMETRY
 10
180.752
 20
-706.814
 40
12.552
 50
31.921
 51
42.51
  0
ARC
  8
APS_GEOMETRY
 10
183.354
 20
-704.429
 40
9.022
 50
42.51
 51
55.008
  0
ARC
  8
APS_GEOMETRY
 10
184.233
 20
-703.173
 40
7.489
 50
55.008
 51
69.88
  0
ARC
  8
APS_GEOMETRY
 10
185.021
 20
-701.022
 40
5.198
 50
69.88
 51
87.754
  0
ARC
  8
APS_GEOMETRY
 10
241.691
 20
-707.705
 40
21.264
 50
77.257
 51
90.0
  0
ARC
  8
APS_GEOMETRY
 10
241.475
 20
-708.661
 40
22.243
 50
64.799
 51
77.257
  0
ARC
  8
APS_GEOMETRY
 10
259.792
 20
-669.662
 40
20.843
 50
244.885
 51
251.175
  0
ARC
  8
APS_GEOMETRY
 10
253.824
 20
-687.17
 40
2.346
 50
251.175
 51
270.0
  0
ARC
  8
APS_GEOMETRY
 10
253.824
 20
-685.709
 40
3.806
 50
270.0
 51
278.82
  0
ARC
  8
APS_GEOMETRY
 10
251.365
 20
-669.862
 40
19.844
 50
278.82
 51
282.68
  0
ARC
  8
APS_GEOMETRY
 10
256.51
 20
-692.642
 40
3.511
 50
95.906
 51
102.995
  0
ARC
  8
APS_GEOMETRY
 10
256.669
 20
-694.179
 40
5.055
 50
90.0
 51
95.906
  0
ARC
  8
APS_GEOMETRY
 10
256.669
 20
-692.479
 40
3.356
 50
62.447
 51
90.0
  0
ARC
  8
APS_GEOMETRY
 10
256.072
 20
-693.622
 40
4.645
 50
39.094
 51
62.447
  0
ARC
  8
APS_GEOMETRY
 10
249.838
 20
-698.836
 40
12.772
 50
18.435
 51
39.611
  0
ARC
  8
APS_GEOMETRY
 10
246.012
 20
-700.112
 40
16.806
 50
360.0
 51
18.435
  0
ARC
  8
APS_GEOMETRY
 10
254.484
 20
-700.112
 40
8.333
 50
334.877
 51
360.0
  0
ARC
  8
APS_GEOMETRY
 10
256.99
 20
-701.287
 40
5.565
 50
304.007
 51
334.877
  0
ARC
  8
APS_GEOMETRY
 10
256.949
 20
-701.169
 40
5.686
 50
286.39
 51
303.69
  0
ARC
  8
APS_GEOMETRY
 10
256.767
 20
-700.551
 40
6.33
 50
270.0
 51
286.39
  0
ARC
  8
APS_GEOMETRY
 10
256.767
 20
-700.625
 40
6.257
 50
255.155
 51
270.0
  0
ARC
  8
APS_GEOMETRY
 10
256.082
 20
-703.211
 40
3.581
 50
235.491
 51
255.155
  0
ARC
  8
APS_GEOMETRY
 10
256.426
 20
-702.71
 40
4.189
 50
218.48
 51
235.491
  0
ARC
  8
APS_GEOMETRY
 10
262.047
 20
-698.242
 40
11.369
 50
208.179
 51
218.48
  0
ARC
  8
APS_GEOMETRY
 10
204.422
 20
-729.521
 40
54.198
 50
28.56
 51
31.664
  0
ARC
  8
APS_GEOMETRY
 10
239.634
 20
-707.805
 40
12.827
 50
31.664
 51
38.047
  0
ARC
  8
APS_GEOMETRY
 10
242.195
 20
-705.801
 40
9.576
 50
38.047
 51
46.56
  0
ARC
  8
APS_GEOMETRY
 10
240.864
 20
-707.206
 40
11.512
 50
46.56
 51
54.324
  0
ARC
  8
APS_GEOMETRY
 10
240.096
 20
-708.528
 40
13.034
 50
54.968
 51
71.48
  0
ARC
  8
APS_GEOMETRY
 10
240.939
 20
-706.011
 40
10.38
 50
71.48
 51
90.0
  0
ARC
  8
APS_GEOMETRY
 10
240.939
 20
-702.882
 40
7.251
 50
90.0
 51
114.63
  0
ARC
  8
APS_GEOMETRY
 10
240.574
 20
-702.088
 40
6.377
 50
114.63
 51
140.921
  0
ARC
  8
APS_GEOMETRY
 10
241.65
 20
-702.961
 40
7.763
 50
140.921
 51
163.13
  0
ARC
  8
APS_GEOMETRY
 10
247.028
 20
-704.592
 40
13.382
 50
163.13
 51
180.0
  0
ARC
  8
APS_GEOMETRY
 10
254.001
 20
-704.592
 40
20.355
 50
180.0
 51
195.44
  0
ARC
  8
APS_GEOMETRY
 10
252.943
 20
-704.884
 40
19.258
 50
195.44
 51
211.316
  0
ARC
  8
APS_GEOMETRY
 10
247.854
 20
-707.874
 40
13.357
 50
211.708
 51
240.457
  0
ARC
  8
APS_GEOMETRY
 10
247.512
 20
-708.477
 40
12.663
 50
240.457
 51
270.0
  0
ARC
  8
APS_GEOMETRY
 10
247.512
 20
-705.389
 40
15.751
 50
270.0
 51
279.549
  0
ARC
  8
APS_GEOMETRY
 10
247.316
 20
-704.225
 40
16.931
 50
279.549
 51
288.759
  0
ARC
  8
APS_GEOMETRY
 10
248.142
 20
-706.656
 40
14.364
 50
288.759
 51
299.545
  0
ARC
  8
APS_GEOMETRY
 10
251.451
 20
-712.495
 40
7.652
 50
299.545
 51
314.341
  0
ARC
  8
APS_GEOMETRY
 10
261.686
 20
-723.126
 40
7.105
 50
120.141
 51
133.452
  0
ARC
  8
APS_GEOMETRY
 10
258.827
 20
-718.202
 40
1.412
 50
90.0
 51
120.141
  0
ARC
  8
APS_GEOMETRY
 10
258.827
 20
-719.02
 40
2.23
 50
61.952
 51
90.0
  0
ARC
  8
APS_GEOMETRY
 10
258.495
 20
-719.643
 40
2.936
 50
37.569
 51
61.952
  0
ARC
  8
APS_GEOMETRY
 10
257.876
 20
-720.12
 40
3.717
 50
17.665
 51
37.569
  0
ARC
  8
APS_GEOMETRY
 10
256.931
 20
-720.42
 40
4.709
 50
360.0
 51
17.665
  0
ARC
  8
APS_GEOMETRY
 10
254.559
 20
-720.42
 40
7.081
 50
344.932
 51
360.0
  0
ARC
  8
APS_GEOMETRY
 10
248.261
 20
-718.725
 40
13.603
 50
334.075
 51
344.932
  0
ARC
  8
APS_GEOMETRY
 10
248.063
 20
-718.629
 40
13.823
 50
323.374
 51
334.075
  0
ARC
  8
APS_GEOMETRY
 10
252.127
 20
-721.649
 40
8.76
 50
309.92
 51
323.374
  0
ARC
  8
APS_GEOMETRY
 10
256.188
 20
-726.44
 40
2.48
 50
289.026
 51
308.991
  0
ARC
  8
APS_GEOMETRY
 10
251.855
 20
-713.875
 40
15.771
 50
281.143
 51
289.026
  0
ARC
  8
APS_GEOMETRY
 10
256.249
 20
-736.656
 40
7.431
 50
100.437
 51
110.12
  0
ARC
  8
APS_GEOMETRY
 10
262.07
 20
-752.546
 40
24.353
 50
110.12
 51
115.463
  0
ARC
  8
APS_GEOMETRY
 10
241.289
 20
-709.066
 40
23.838
 50
282.94
 51
295.628
  0
ARC
  8
APS_GEOMETRY
 10
241.495
 20
-709.96
 40
22.921
 50
270.0
 51
282.94
  0
ARC
  8
APS_GEOMETRY
 10
241.495
 20
-708.606
 40
24.275
 50
257.307
 51
270.0
  0
ARC
  8
APS_GEOMETRY
 10
242.519
 20
-704.056
 40
28.939
 50
245.686
 51
257.307
  0
ARC
  8
APS_GEOMETRY
 10
239.949
 20
-709.697
 40
22.739
 50
228.801
 51
245.735
  0
ARC
  8
APS_GEOMETRY
 10
239.992
 20
-709.648
 40
22.805
 50
211.891
 51
228.801
  0
ARC
  8
APS_GEOMETRY
 10
241.34
 20
-708.678
 40
24.462
 50
196.728
 51
212.152
  0
ARC
  8
APS_GEOMETRY
 10
237.852
 20
-709.726
 40
20.82
 50
180.0
 51
196.728
  0
ARC
  8
APS_GEOMETRY
 10
238.359
 20
-709.726
 40
21.327
 50
161.184
 51
180.0
  0
ARC
  8
APS_GEOMETRY
 10
239.728
 20
-710.193
 40
22.773
 50
142.98
 51
161.184
  0
ARC
  8
APS_GEOMETRY
 10
240.792
 20
-711.007
 40
24.112
 50
127.824
 51
142.958
  0
ARC
  8
APS_GEOMETRY
 10
242.546
 20
-713.266
 40
26.973
 50
113.52
 51
127.824
  0
ARC
  8
APS_GEOMETRY
 10
241.975
 20
-711.947
 40
25.535
 50
101.927
 51
113.527
  0
ARC
  8
APS_GEOMETRY
 10
241.691
 20
-710.602
 40
24.161
 50
90.0
 51
101.927
  0
ARC
  8
APS_GEOMETRY
 10
292.172
 20
-712.223
 40
25.782
 50
71.91
 51
90.0
  0
ARC
  8
APS_GEOMETRY
 10
293.17
 20
-709.166
 40
22.566
 50
52.561
 51
71.91
  0
ARC
  8
APS_GEOMETRY
 10
292.909
 20
-709.243
 40
22.786
 50
38.846
 51
52.156
  0
ARC
  8
APS_GEOMETRY
 10
289.337
 20
-712.119
 40
27.372
 50
26.707
 51
38.846
  0
ARC
  8
APS_GEOMETRY
 10
290.044
 20
-711.541
 40
26.482
 50
13.868
 51
26.278
  0
ARC
  8
APS_GEOMETRY
 10
295.144
 20
-710.282
 40
21.229
 50
360.0
 51
13.868
  0
ARC
  8
APS_GEOMETRY
 10
295.474
 20
-710.282
 40
20.899
 50
339.712
 51
360.0
  0
ARC
  8
APS_GEOMETRY
 10
294.297
 20
-709.847
 40
22.153
 50
320.013
 51
339.712
  0
ARC
  8
APS_GEOMETRY
 10
294.102
 20
-709.74
 40
22.372
 50
303.344
 51
320.123
  0
ARC
  8
APS_GEOMETRY
 10
291.806
 20
-706.251
 40
26.548
 50
287.949
 51
303.344
  0
ARC
  8
APS_GEOMETRY
 10
291.052
 20
-703.636
 40
29.269
 50
279.039
 51
287.776
  0
ARC
  8
APS_GEOMETRY
 10
291.354
 20
-705.535
 40
27.346
 50
270.0
 51
279.039
  0
ARC
  8
APS_GEOMETRY
 10
291.354
 20
-706.87
 40
26.011
 50
257.728
 51
270.0
  0
ARC
  8
APS_GEOMETRY
 10
291.395
 20
-706.681
 40
26.203
 50
245.501
 51
257.728
  0
ARC
  8
APS_GEOMETRY
 10
289.923
 20
-709.904
 40
22.66
 50
228.665
 51
245.511
  0
ARC
  8
APS_GEOMETRY
 10
289.433
 20
-710.461
 40
21.918
 50
211.535
 51
228.665
  0
ARC
  8
APS_GEOMETRY
 10
290.075
 20
-709.99
 40
22.712
 50
195.642
 51
211.701
  0
ARC
  8
APS_GEOMETRY
 10
291.248
 20
-709.661
 40
23.931
 50
180.0
 51
195.642
  0
ARC
  8
APS_GEOMETRY
 10
291.5
 20
-709.661
 40
24.183
 50
162.181
 51
180.0
  0
ARC
  8
APS_GEOMETRY
 10
289.293
 20
-708.952
 40
21.865
 50
143.434
 51
162.181
  0
ARC
  8
APS_GEOMETRY
 10
288.997
 20
-708.714
 40
21.485
 50
126.384
 51
143.471
  0
ARC
  8
APS_GEOMETRY
 10
291.031
 20
-711.475
 40
24.914
 50
110.525
 51
126.384
  0
ARC
  8
APS_GEOMETRY
 10
290.93
 20
-710.725
 40
24.177
 50
99.77
 51
110.925
  0
ARC
  8
APS_GEOMETRY
 10
292.172
 20
-717.937
 40
31.496
 50
90.0
 51
99.77
  0
ARC
  8
APS_GEOMETRY
 10
289.065
 20
-700.635
 40
4.807
 50
90.0
 51
119.604
  0
ARC
  8
APS_GEOMETRY
 10
289.486
 20
-701.376
 40
5.659
 50
119.604
 51
146.842
  0
ARC
  8
APS_GEOMETRY
 10
290.332
 20
-702.069
 40
6.748
 50
145.84
 51
164.055
  0
ARC
  8
APS_GEOMETRY
 10
292.294
 20
-702.63
 40
8.788
 50
164.055
 51
180.0
  0
ARC
  8
APS_GEOMETRY
 10
304.558
 20
-702.63
 40
21.053
 50
180.0
 51
189.977
  0
ARC
  8
APS_GEOMETRY
 10
323.21
 20
-699.349
 40
39.991
 50
189.977
 51
197.211
  0
ARC
  8
APS_GEOMETRY
 10
327.289
 20
-698.085
 40
44.261
 50
197.211
 51
203.76
  0
ARC
  8
APS_GEOMETRY
 10
317.126
 20
-702.559
 40
33.157
 50
203.76
 51
211.329
  0
ARC
  8
APS_GEOMETRY
 10
296.258
 20
-715.083
 40
8.821
 50
212.32
 51
224.441
  0
ARC
  8
APS_GEOMETRY
 10
295.403
 20
-715.922
 40
7.623
 50
224.441
 51
237.484
  0
ARC
  8
APS_GEOMETRY
 10
294.85
 20
-716.789
 40
6.595
 50
237.484
 51
252.416
  0
ARC
  8
APS_GEOMETRY
 10
294.298
 20
-718.532
 40
4.766
 50
252.416
 51
270.0
  0
ARC
  8
APS_GEOMETRY
 10
294.298
 20
-717.967
 40
5.331
 50
270.0
 51
294.953
  0
ARC
  8
APS_GEOMETRY
 10
294.447
 20
-718.288
 40
4.977
 50
294.953
 51
320.793
  0
ARC
  8
APS_GEOMETRY
 10
293.646
 20
-717.635
 40
6.011
 50
320.793
 51
342.777
  0
ARC
  8
APS_GEOMETRY
 10
290.079
 20
-716.529
 40
9.746
 50
342.777
 51
0.0
  0
ARC
  8
APS_GEOMETRY
 10
273.317
 20
-716.529
 40
26.507
 50
0.0
 51
8.499
  0
ARC
  8
APS_GEOMETRY
 10
261.65
 20
-718.272
 40
38.304
 50
8.499
 51
15.566
  0
ARC
  8
APS_GEOMETRY
 10
263.053
 20
-717.881
 40
36.848
 50
15.566
 51
22.909
  0
ARC
  8
APS_GEOMETRY
 10
275.117
 20
-712.783
 40
23.751
 50
22.909
 51
32.057
  0
ARC
  8
APS_GEOMETRY
 10
284.592
 20
-706.814
 40
12.552
 50
31.921
 51
42.51
  0
ARC
  8
APS_GEOMETRY
 10
287.194
 20
-704.429
 40
9.022
 50
42.51
 51
55.008
  0
ARC
  8
APS_GEOMETRY
 10
288.073
 20
-703.173
 40
7.489
 50
55.008
 51
69.88
  0
ARC
  8
APS_GEOMETRY
 10
288.861
 20
-701.022
 40
5.198
 50
69.88
 51
87.754
  0
ARC
  8
APS_GEOMETRY
 10
342.686
 20
-715.645
 40
2.42
 50
90.0
 51
115.837
  0
ARC
  8
APS_GEOMETRY
 10
342.09
 20
-714.415
 40
1.053
 50
115.837
 51
155.462
  0
ARC
  8
APS_GEOMETRY
 10
342.785
 20
-714.732
 40
1.817
 50
155.462
 51
168.366
  0
ARC
  8
APS_GEOMETRY
 10
349.131
 20
-716.039
 40
8.296
 50
168.366
 51
174.395
  0
ARC
  8
APS_GEOMETRY
 10
355.527
 20
-716.667
 40
14.722
 50
174.395
 51
177.813
  0
ARC
  8
APS_GEOMETRY
 10
376.755
 20
-717.477
 40
35.966
 50
177.813
 51
180.0
  0
ARC
  8
APS_GEOMETRY
 10
392.124
 20
-717.477
 40
51.335
 50
180.0
 51
184.62
  0
ARC
  8
APS_GEOMETRY
 10
357.704
 20
-720.259
 40
16.803
 50
184.62
 51
192.7
  0
ARC
  8
APS_GEOMETRY
 10
344.434
 20
-723.172
 40
3.218
 50
194.036
 51
205.821
  0
ARC
  8
APS_GEOMETRY
 10
343.028
 20
-723.852
 40
1.656
 50
205.821
 51
222.274
  0
ARC
  8
APS_GEOMETRY
 10
343.459
 20
-723.461
 40
2.238
 50
222.274
 51
234.605
  0
ARC
  8
APS_GEOMETRY
 10
348.319
 20
-716.62
 40
10.63
 50
234.605
 51
240.255
  0
ARC
  8
APS_GEOMETRY
 10
340.93
 20
-729.695
 40
4.389
 50
34.592
 51
61.189
  0
ARC
  8
APS_GEOMETRY
 10
342.381
 20
-728.694
 40
2.627
 50
360.0
 51
34.592
  0
ARC
  8
APS_GEOMETRY
 10
342.468
 20
-728.694
 40
2.539
 50
318.231
 51
360.0
  0
ARC
  8
APS_GEOMETRY
 10
340.77
 20
-727.178
 40
4.816
 50
288.227
 51
318.231
  0
ARC
  8
APS_GEOMETRY
 10
339.009
 20
-721.83
 40
10.446
 50
280.377
 51
288.227
  0
ARC
  8
APS_GEOMETRY
 10
335.939
 20
-705.066
 40
27.489
 50
275.541
 51
280.377
  0
ARC
  8
APS_GEOMETRY
 10
334.616
 20
-691.429
 40
41.19
 50
272.304
 51
275.541
  0
ARC
  8
APS_GEOMETRY
 10
333.005
 20
-651.393
 40
81.259
 50
270.0
 51
272.304
  0
ARC
  8
APS_GEOMETRY
 10
333.005
 20
-684.852
 40
47.8
 50
262.811
 51
270.0
  0
ARC
  8
APS_GEOMETRY
 10
328.716
 20
-718.858
 40
13.524
 50
249.274
 51
262.811
  0
ARC
  8
APS_GEOMETRY
 10
326.018
 20
-725.988
 40
5.901
 50
221.379
 51
249.274
  0
ARC
  8
APS_GEOMETRY
 10
323.652
 20
-728.073
 40
2.747
 50
180.0
 51
221.379
  0
ARC
  8
APS_GEOMETRY
 10
323.634
 20
-728.073
 40
2.728
 50
164.055
 51
180.0
  0
ARC
  8
APS_GEOMETRY
 10
322.496
 20
-727.748
 40
1.546
 50
142.815
 51
164.055
  0
ARC
  8
APS_GEOMETRY
 10
323.212
 20
-728.291
 40
2.444
 50
129.007
 51
142.815
  0
ARC
  8
APS_GEOMETRY
 10
332.004
 20
-739.145
 40
16.412
 50
123.69
 51
129.007
  0
ARC
  8
APS_GEOMETRY
 10
319.528
 20
-720.373
 40
6.128
 50
303.389
 51
319.022
  0
ARC
  8
APS_GEOMETRY
 10
321.186
 20
-721.813
 40
3.932
 50
319.022
 51
338.575
  0
ARC
  8
APS_GEOMETRY
 10
318.967
 20
-720.942
 40
6.316
 50
338.575
 51
351.049
  0
ARC
  8
APS_GEOMETRY
 10
292.16
 20
-716.72
 40
33.452
 50
351.049
 51
356.46
  0
ARC
  8
APS_GEOMETRY
 10
300.996
 20
-717.056
 40
24.613
 50
355.972
 51
358.68
  0
ARC
  8
APS_GEOMETRY
 10
10.806
 20
-710.37
 40
314.881
 50
358.68
 51
359.437
  0
LINE
  8
APS_GEOMETRY
 10
325.672
 11
325.702
 20
-713.463
 21
-708.551
  0
LINE
  8
APS_GEOMETRY
 10
325.702
 11
325.713
 20
-708.551
 21
-702.139
  0
ARC
  8
APS_GEOMETRY
 10
249.903
 20
-702.139
 40
75.809
 50
0.0
 51
1.717
  0
ARC
  8
APS_GEOMETRY
 10
290.472
 20
-700.923
 40
35.223
 50
1.717
 51
4.236
  0
ARC
  8
APS_GEOMETRY
 10
303.701
 20
-699.943
 40
21.957
 50
4.236
 51
8.269
  0
ARC
  8
APS_GEOMETRY
 10
318.925
 20
-697.731
 40
6.573
 50
8.269
 51
15.642
  0
ARC
  8
APS_GEOMETRY
 10
321.545
 20
-696.997
 40
3.853
 50
15.642
 51
39.417
  0
ARC
  8
APS_GEOMETRY
 10
321.604
 20
-696.949
 40
3.776
 50
39.417
 51
63.435
  0
ARC
  8
APS_GEOMETRY
 10
328.405
 20
-682.859
 40
11.869
 50
236.874
 51
244.486
  0
ARC
  8
APS_GEOMETRY
 10
323.346
 20
-690.613
 40
2.611
 50
220.601
 51
236.874
  0
ARC
  8
APS_GEOMETRY
 10
322.765
 20
-691.11
 40
1.847
 50
198.246
 51
220.601
  0
ARC
  8
APS_GEOMETRY
 10
323.633
 20
-690.824
 40
2.761
 50
180.0
 51
198.246
  0
ARC
  8
APS_GEOMETRY
 10
323.62
 20
-690.824
 40
2.748
 50
156.161
 51
180.0
  0
ARC
  8
APS_GEOMETRY
 10
324.003
 20
-690.993
 40
3.167
 50
133.977
 51
156.161
  0
ARC
  8
APS_GEOMETRY
 10
324.767
 20
-691.784
 40
4.266
 50
116.996
 51
133.977
  0
ARC
  8
APS_GEOMETRY
 10
326.284
 20
-694.762
 40
7.608
 50
104.3
 51
116.996
  0
ARC
  8
APS_GEOMETRY
 10
326.676
 20
-696.268
 40
9.164
 50
95.326
 51
104.349
  0
ARC
  8
APS_GEOMETRY
 10
328.263
 20
-713.302
 40
26.272
 50
90.0
 51
95.326
  0
ARC
  8
APS_GEOMETRY
 10
328.263
 20
-700.043
 40
13.013
 50
87.553
 51
90.0
  0
ARC
  8
APS_GEOMETRY
 10
325.495
 20
-764.831
 40
77.86
 50
86.553
 51
87.553
  0
ARC
  8
APS_GEOMETRY
 10
321.558
 20
-830.177
 40
143.325
 50
86.009
 51
86.553
  0
ARC
  8
APS_GEOMETRY
 10
306.25
 20
-1049.591
 40
363.271
 50
85.668
 51
86.009
  0
ARC
  8
APS_GEOMETRY
 10
334.898
 20
-672.28
 40
15.125
 50
265.426
 51
268.531
  0
ARC
  8
APS_GEOMETRY
 10
336.243
 20
-619.837
 40
67.586
 50
268.531
 51
270.0
  0
ARC
  8
APS_GEOMETRY
 10
336.243
 20
-635.912
 40
51.511
 50
270.0
 51
271.637
  0
ARC
  8
APS_GEOMETRY
 10
335.092
 20
-595.627
 40
91.812
 50
271.637
 51
272.862
  0
ARC
  8
APS_GEOMETRY
 10
333.771
 20
-569.198
 40
118.274
 50
272.862
 51
273.814
  0
ARC
  8
APS_GEOMETRY
 10
329.297
 20
-502.094
 40
185.527
 50
273.814
 51
274.574
  0
ARC
  8
APS_GEOMETRY
 10
357.359
 20
-867.085
 40
180.543
 50
93.72
 51
94.214
  0
ARC
  8
APS_GEOMETRY
 10
351.37
 20
-774.967
 40
88.23
 50
93.013
 51
93.72
  0
ARC
  8
APS_GEOMETRY
 10
349.728
 20
-743.771
 40
56.991
 50
91.918
 51
93.013
  0
ARC
  8
APS_GEOMETRY
 10
348.441
 20
-705.356
 40
18.554
 50
90.0
 51
91.918
  0
ARC
  8
APS_GEOMETRY
 10
348.441
 20
-710.91
 40
24.109
 50
73.82
 51
90.0
  0
ARC
  8
APS_GEOMETRY
 10
350.818
 20
-702.72
 40
15.581
 50
53.658
 51
73.82
  0
ARC
  8
APS_GEOMETRY
 10
354.197
 20
-698.101
 40
9.857
 50
26.03
 51
53.569
  0
ARC
  8
APS_GEOMETRY
 10
353.16
 20
-698.607
 40
11.012
 50
360.0
 51
26.03
  0
ARC
  8
APS_GEOMETRY
 10
352.729
 20
-698.607
 40
11.443
 50
345.282
 51
360.0
  0
ARC
  8
APS_GEOMETRY
 10
353.83
 20
-698.896
 40
10.305
 50
329.767
 51
345.282
  0
ARC
  8
APS_GEOMETRY
 10
354.453
 20
-699.26
 40
9.583
 50
313.168
 51
329.767
  0
ARC
  8
APS_GEOMETRY
 10
354.684
 20
-699.506
 40
9.246
 50
296.267
 51
313.168
  0
ARC
  8
APS_GEOMETRY
 10
359.947
 20
-710.14
 40
2.62
 50
116.565
 51
139.899
  0
ARC
  8
APS_GEOMETRY
 10
358.641
 20
-709.04
 40
0.911
 50
139.899
 51
180.0
  0
ARC
  8
APS_GEOMETRY
 10
358.742
 20
-709.04
 40
1.013
 50
180.0
 51
226.193
  0
ARC
  8
APS_GEOMETRY
 10
360.613
 20
-707.089
 40
3.715
 50
226.193
 51
249.829
  0
ARC
  8
APS_GEOMETRY
 10
355.252
 20
-721.85
 40
11.989
 50
53.249
 51
70.105
  0
ARC
  8
APS_GEOMETRY
 10
357.687
 20
-718.589
 40
7.919
 50
32.471
 51
53.249
  0
ARC
  8
APS_GEOMETRY
 10
356.552
 20
-719.311
 40
9.264
 50
23.305
 51
32.471
  0
ARC
  8
APS_GEOMETRY
 10
349.542
 20
-722.331
 40
16.897
 50
16.521
 51
23.305
  0
ARC
  8
APS_GEOMETRY
 10
344.076
 20
-723.952
 40
22.598
 50
11.429
 51
16.521
  0
ARC
  8
APS_GEOMETRY
 10
328.587
 20
-727.084
 40
38.401
 50
7.524
 51
11.429
  0
ARC
  8
APS_GEOMETRY
 10
379.915
 20
-720.248
 40
13.38
 50
187.765
 51
196.914
  0
ARC
  8
APS_GEOMETRY
 10
368.972
 20
-723.576
 40
1.942
 50
196.914
 51
221.082
  0
ARC
  8
APS_GEOMETRY
 10
369.013
 20
-723.539
 40
1.997
 50
221.082
 51
244.607
  0
ARC
  8
APS_GEOMETRY
 10
373.687
 20
-713.694
 40
12.896
 50
244.607
 51
253.811
  0
ARC
  8
APS_GEOMETRY
 10
369.578
 20
-727.704
 40
1.705
 50
51.45
 51
72.474
  0
ARC
  8
APS_GEOMETRY
 10
369.156
 20
-728.233
 40
2.382
 50
33.69
 51
51.45
  0
ARC
  8
APS_GEOMETRY
 10
369.057
 20
-728.299
 40
2.5
 50
16.639
 51
33.69
  0
ARC
  8
APS_GEOMETRY
 10
368.938
 20
-728.335
 40
2.625
 50
360.0
 51
16.639
  0
ARC
  8
APS_GEOMETRY
 10
368.901
 20
-728.335
 40
2.662
 50
338.993
 51
360.0
  0
ARC
  8
APS_GEOMETRY
 10
367.276
 20
-727.711
 40
4.402
 50
322.696
 51
338.993
  0
ARC
  8
APS_GEOMETRY
 10
366.671
 20
-727.249
 40
5.164
 50
308.603
 51
322.696
  0
ARC
  8
APS_GEOMETRY
 10
366.254
 20
-726.727
 40
5.831
 50
295.346
 51
308.603
  0
ARC
  8
APS_GEOMETRY
 10
364.063
 20
-721.901
 40
11.131
 50
279.583
 51
294.905
  0
ARC
  8
APS_GEOMETRY
 10
361.196
 20
-704.92
 40
28.353
 50
270.0
 51
279.583
  0
ARC
  8
APS_GEOMETRY
 10
361.196
 20
-712.601
 40
20.672
 50
261.247
 51
270.0
  0
ARC
  8
APS_GEOMETRY
 10
359.872
 20
-721.202
 40
11.97
 50
249.737
 51
261.247
  0
ARC
  8
APS_GEOMETRY
 10
359.001
 20
-723.559
 40
9.457
 50
235.345
 51
249.737
  0
ARC
  8
APS_GEOMETRY
 10
357.902
 20
-725.149
 40
7.524
 50
219.198
 51
235.345
  0
ARC
  8
APS_GEOMETRY
 10
360.215
 20
-723.177
 40
10.563
 50
209.076
 51
219.56
  0
ARC
  8
APS_GEOMETRY
 10
365.556
 20
-720.208
 40
16.674
 50
200.735
 51
209.076
  0
ARC
  8
APS_GEOMETRY
 10
372.925
 20
-717.418
 40
24.554
 50
197.881
 51
200.735
  0
ARC
  8
APS_GEOMETRY
 10
403.207
 20
-707.648
 40
56.372
 50
195.997
 51
197.881
  0
ARC
  8
APS_GEOMETRY
 10
425.589
 20
-701.231
 40
79.656
 50
194.664
 51
195.997
  0
ARC
  8
APS_GEOMETRY
 10
487.584
 20
-685.009
 40
143.738
 50
193.671
 51
194.664
  0
ARC
  8
APS_GEOMETRY
 10
330.374
 20
-723.229
 40
18.051
 50
13.61
 51
23.585
  0
ARC
  8
APS_GEOMETRY
 10
342.193
 20
-718.069
 40
5.155
 50
23.585
 51
42.31
  0
ARC
  8
APS_GEOMETRY
 10
343.265
 20
-717.093
 40
3.705
 50
42.31
 51
67.521
  0
ARC
  8
APS_GEOMETRY
 10
342.417
 20
-719.144
 40
5.924
 50
67.521
 51
87.397
  0
LINE
  8
APS_GEOMETRY
 10
340.822
 11
340.462
 20
-696.547
 21
-704.167
  0
LINE
  8
APS_GEOMETRY
 10
340.462
 11
340.462
 20
-704.167
 21
-704.289
  0
LINE
  8
APS_GEOMETRY
 10
340.462
 11
340.462
 20
-704.289
 21
-704.461
  0
ARC
  8
APS_GEOMETRY
 10
345.756
 20
-704.461
 40
5.294
 50
180.0
 51
192.339
  0
ARC
  8
APS_GEOMETRY
 10
341.547
 20
-705.382
 40
0.986
 50
192.339
 51
221.186
  0
ARC
  8
APS_GEOMETRY
 10
341.447
 20
-705.47
 40
0.852
 50
221.186
 51
253.872
  0
ARC
  8
APS_GEOMETRY
 10
342.162
 20
-702.994
 40
3.429
 50
253.872
 51
270.0
  0
ARC
  8
APS_GEOMETRY
 10
342.162
 20
-698.453
 40
7.971
 50
270.0
 51
289.569
  0
ARC
  8
APS_GEOMETRY
 10
343.611
 20
-702.529
 40
3.644
 50
289.569
 51
318.681
  0
ARC
  8
APS_GEOMETRY
 10
343.22
 20
-702.185
 40
4.166
 50
318.681
 51
344.628
  0
ARC
  8
APS_GEOMETRY
 10
335.917
 20
-700.177
 40
11.74
 50
344.628
 51
0.0
  0
ARC
  8
APS_GEOMETRY
 10
339.389
 20
-700.177
 40
8.268
 50
0.0
 51
35.369
  0
ARC
  8
APS_GEOMETRY
 10
343.176
 20
-697.488
 40
3.623
 50
35.369
 51
90.0
  0
ARC
  8
APS_GEOMETRY
 10
343.176
 20
-697.528
 40
3.663
 50
90.0
 51
108.435
  0
ARC
  8
APS_GEOMETRY
 10
342.464
 20
-695.39
 40
1.409
 50
108.435
 51
138.366
  0
ARC
  8
APS_GEOMETRY
 10
342.655
 20
-695.56
 40
1.665
 50
138.366
 51
164.291
  0
ARC
  8
APS_GEOMETRY
 10
347.14
 20
-696.822
 40
6.324
 50
164.291
 51
177.51
  0
LINE
  8
APS_GEOMETRY
 10
399.04
 11
415.327
 20
-688.927
 21
-703.186
  0
ARC
  8
APS_GEOMETRY
 10
430.559
 20
-685.707
 40
23.185
 50
228.93
 51
232.674
  0
ARC
  8
APS_GEOMETRY
 10
422.085
 20
-696.819
 40
9.21
 50
232.674
 51
238.617
  0
ARC
  8
APS_GEOMETRY
 10
419.953
 20
-700.314
 40
5.116
 50
238.617
 51
249.131
  0
ARC
  8
APS_GEOMETRY
 10
418.597
 20
-703.871
 40
1.309
 50
249.131
 51
270.0
  0
ARC
  8
APS_GEOMETRY
 10
418.597
 20
-704.033
 40
1.148
 50
270.0
 51
334.898
  0
ARC
  8
APS_GEOMETRY
 10
413.299
 20
-701.551
 40
6.999
 50
334.898
 51
0.0
  0
ARC
  8
APS_GEOMETRY
 10
362.068
 20
-701.551
 40
58.23
 50
0.0
 51
2.026
  0
ARC
  8
APS_GEOMETRY
 10
392.955
 20
-700.458
 40
27.324
 50
2.026
 51
4.984
  0
ARC
  8
APS_GEOMETRY
 10
403.054
 20
-699.577
 40
17.186
 50
4.984
 51
9.673
  0
ARC
  8
APS_GEOMETRY
 10
414.693
 20
-697.593
 40
5.379
 50
9.673
 51
18.06
  0
ARC
  8
APS_GEOMETRY
 10
416.465
 20
-697.015
 40
3.515
 50
18.06
 51
42.397
  0
ARC
  8
APS_GEOMETRY
 10
415.893
 20
-697.538
 40
4.29
 50
42.397
 51
64.398
  0
ARC
  8
APS_GEOMETRY
 10
421.117
 20
-686.752
 40
7.695
 50
233.633
 51
244.026
  0
ARC
  8
APS_GEOMETRY
 10
418.272
 20
-690.615
 40
2.896
 50
216.656
 51
233.633
  0
ARC
  8
APS_GEOMETRY
 10
417.835
 20
-690.94
 40
2.353
 50
196.082
 51
216.656
  0
ARC
  8
APS_GEOMETRY
 10
419.259
 20
-690.529
 40
3.835
 50
180.0
 51
196.082
  0
ARC
  8
APS_GEOMETRY
 10
418.213
 20
-690.529
 40
2.788
 50
133.202
 51
180.0
  0
ARC
  8
APS_GEOMETRY
 10
420.411
 20
-692.871
 40
6.0
 50
101.788
 51
133.202
  0
ARC
  8
APS_GEOMETRY
 10
420.924
 20
-695.167
 40
8.353
 50
96.633
 51
102.011
  0
ARC
  8
APS_GEOMETRY
 10
422.783
 20
-711.156
 40
24.449
 50
93.489
 51
96.633
  0
ARC
  8
APS_GEOMETRY
 10
423.579
 20
-724.215
 40
37.532
 50
91.439
 51
93.489
  0
ARC
  8
APS_GEOMETRY
 10
424.549
 20
-762.809
 40
76.138
 50
90.0
 51
91.439
  0
ARC
  8
APS_GEOMETRY
 10
424.549
 20
-757.635
 40
70.964
 50
87.994
 51
90.0
  0
ARC
  8
APS_GEOMETRY
 10
425.839
 20
-720.794
 40
34.101
 50
85.101
 51
87.994
  0
ARC
  8
APS_GEOMETRY
 10
426.886
 20
-708.578
 40
21.84
 50
80.595
 51
85.101
  0
ARC
  8
APS_GEOMETRY
 10
429.274
 20
-694.164
 40
7.23
 50
72.759
 51
80.595
  0
ARC
  8
APS_GEOMETRY
 10
429.997
 20
-691.924
 40
4.876
 50
40.956
 51
73.072
  0
ARC
  8
APS_GEOMETRY
 10
431.377
 20
-690.726
 40
3.048
 50
360.0
 51
40.956
  0
ARC
  8
APS_GEOMETRY
 10
431.561
 20
-690.726
 40
2.865
 50
322.573
 51
360.0
  0
ARC
  8
APS_GEOMETRY
 10
430.056
 20
-689.574
 40
4.76
 50
293.749
 51
322.573
  0
ARC
  8
APS_GEOMETRY
 10
436.1
 20
-703.455
 40
10.38
 50
113.429
 51
119.291
  0
ARC
  8
APS_GEOMETRY
 10
432.061
 20
-696.254
 40
2.124
 50
119.291
 51
132.274
  0
ARC
  8
APS_GEOMETRY
 10
431.828
 20
-695.998
 40
1.778
 50
132.274
 51
147.653
  0
ARC
  8
APS_GEOMETRY
 10
433.51
 20
-697.064
 40
3.769
 50
147.653
 51
158.199
  0
ARC
  8
APS_GEOMETRY
 10
436.069
 20
-698.143
 40
6.546
 50
157.751
 51
167.885
  0
ARC
  8
APS_GEOMETRY
 10
449.689
 20
-701.066
 40
20.477
 50
167.885
 51
173.61
  0
ARC
  8
APS_GEOMETRY
 10
461.736
 20
-702.415
 40
32.599
 50
173.61
 51
177.221
  0
ARC
  8
APS_GEOMETRY
 10
498.892
 20
-704.219
 40
69.798
 50
177.221
 51
179.689
  0
LINE
  8
APS_GEOMETRY
 10
429.095
 11
429.095
 20
-703.84
 21
-714.501
  0
ARC
  8
APS_GEOMETRY
 10
864.46
 20
-714.501
 40
435.365
 50
180.0
 51
180.161
  0
ARC
  8
APS_GEOMETRY
 10
1242.279
 20
-713.437
 40
813.186
 50
180.161
 51
180.279
  0
LINE
  8
APS_GEOMETRY
 10
429.103
 11
429.113
 20
-717.404
 21
-719.192
  0
LINE
  8
APS_GEOMETRY
 10
429.113
 11
429.128
 20
-719.192
 21
-721.205
  0
ARC
  8
APS_GEOMETRY
 10
351.444
 20
-721.647
 40
77.685
 50
358.204
 51
0.326
  0
ARC
  8
APS_GEOMETRY
 10
388.398
 20
-722.805
 40
40.713
 50
355.274
 51
358.204
  0
ARC
  8
APS_GEOMETRY
 10
401.26
 20
-723.869
 40
27.806
 50
350.991
 51
355.274
  0
ARC
  8
APS_GEOMETRY
 10
417.639
 20
-726.465
 40
11.223
 50
344.249
 51
350.991
  0
ARC
  8
APS_GEOMETRY
 10
423.175
 20
-728.046
 40
5.466
 50
314.415
 51
344.445
  0
ARC
  8
APS_GEOMETRY
 10
425.203
 20
-730.116
 40
2.568
 50
270.0
 51
314.415
  0
ARC
  8
APS_GEOMETRY
 10
425.203
 20
-728.524
 40
4.16
 50
256.342
 51
270.0
  0
ARC
  8
APS_GEOMETRY
 10
424.907
 20
-729.744
 40
2.905
 50
239.982
 51
256.342
  0
ARC
  8
APS_GEOMETRY
 10
426.201
 20
-727.504
 40
5.492
 50
231.153
 51
239.982
  0
ARC
  8
APS_GEOMETRY
 10
447.95
 20
-700.499
 40
40.166
 50
227.891
 51
231.153
  0
LINE
  8
APS_GEOMETRY
 10
421.017
 11
401.624
 20
-730.297
 21
-712.931
  0
ARC
  8
APS_GEOMETRY
 10
394.153
 20
-721.203
 40
11.146
 50
47.911
 51
61.468
  0
ARC
  8
APS_GEOMETRY
 10
398.255
 20
-713.657
 40
2.557
 50
61.468
 51
90.0
  0
ARC
  8
APS_GEOMETRY
 10
398.255
 20
-712.22
 40
1.12
 50
90.0
 51
133.195
  0
ARC
  8
APS_GEOMETRY
 10
399.36
 20
-713.396
 40
2.733
 50
133.195
 51
160.454
  0
ARC
  8
APS_GEOMETRY
 10
402.904
 20
-714.654
 40
6.494
 50
160.454
 51
173.251
  0
ARC
  8
APS_GEOMETRY
 10
419.571
 20
-716.627
 40
23.278
 50
173.251
 51
180.0
  0
ARC
  8
APS_GEOMETRY
 10
464.911
 20
-716.627
 40
68.618
 50
180.0
 51
181.897
  0
ARC
  8
APS_GEOMETRY
 10
428.569
 20
-717.831
 40
32.255
 50
181.897
 51
184.664
  0
ARC
  8
APS_GEOMETRY
 10
416.657
 20
-718.802
 40
20.304
 50
184.664
 51
189.048
  0
ARC
  8
APS_GEOMETRY
 10
402.856
 20
-721.0
 40
6.329
 50
189.048
 51
196.905
  0
ARC
  8
APS_GEOMETRY
 10
400.665
 20
-721.666
 40
4.04
 50
196.905
 51
220.253
  0
ARC
  8
APS_GEOMETRY
 10
400.709
 20
-721.629
 40
4.097
 50
220.253
 51
243.435
  0
ARC
  8
APS_GEOMETRY
 10
396.712
 20
-729.69
 40
4.901
 50
37.921
 51
63.778
  0
ARC
  8
APS_GEOMETRY
 10
398.744
 20
-728.106
 40
2.324
 50
360.0
 51
37.921
  0
ARC
  8
APS_GEOMETRY
 10
397.841
 20
-728.106
 40
3.227
 50
324.268
 51
360.0
  0
ARC
  8
APS_GEOMETRY
 10
396.633
 20
-727.237
 40
4.715
 50
294.86
 51
324.268
  0
ARC
  8
APS_GEOMETRY
 10
394.636
 20
-722.927
 40
9.465
 50
278.78
 51
294.86
  0
ARC
  8
APS_GEOMETRY
 10
391.257
 20
-701.047
 40
31.604
 50
270.0
 51
278.78
  0
ARC
  8
APS_GEOMETRY
 10
391.257
 20
-706.719
 40
25.933
 50
260.383
 51
270.0
  0
ARC
  8
APS_GEOMETRY
 10
388.524
 20
-722.848
 40
9.574
 50
244.522
 51
260.383
  0
ARC
  8
APS_GEOMETRY
 10
386.544
 20
-727.002
 40
4.972
 50
216.549
 51
244.522
  0
ARC
  8
APS_GEOMETRY
 10
384.923
 20
-728.204
 40
2.954
 50
180.0
 51
216.549
  0
ARC
  8
APS_GEOMETRY
 10
385.976
 20
-728.204
 40
4.007
 50
164.65
 51
180.0
  0
ARC
  8
APS_GEOMETRY
 10
383.69
 20
-727.577
 40
1.637
 50
140.528
 51
164.65
  0
ARC
  8
APS_GEOMETRY
 10
384.615
 20
-728.338
 40
2.835
 50
126.135
 51
140.528
  0
ARC
  8
APS_GEOMETRY
 10
394.27
 20
-741.561
 40
19.207
 50
120.619
 51
126.135
  0
ARC
  8
APS_GEOMETRY
 10
382.824
 20
-722.239
 40
3.251
 50
300.784
 51
330.068
  0
ARC
  8
APS_GEOMETRY
 10
380.658
 20
-720.992
 40
5.749
 50
330.068
 51
351.983
  0
ARC
  8
APS_GEOMETRY
 10
344.295
 20
-716.252
 40
42.42
 50
352.493
 51
355.365
  0
ARC
  8
APS_GEOMETRY
 10
300.432
 20
-712.695
 40
86.427
 50
355.365
 51
357.376
  0
ARC
  8
APS_GEOMETRY
 10
269.72
 20
-711.288
 40
117.171
 50
357.376
 51
358.861
  0
ARC
  8
APS_GEOMETRY
 10
187.893
 20
-709.661
 40
199.014
 50
358.861
 51
0.0
  0
ARC
  8
APS_GEOMETRY
 10
261.483
 20
-709.661
 40
125.424
 50
360.0
 51
1.926
  0
ARC
  8
APS_GEOMETRY
 10
319.869
 20
-707.697
 40
67.005
 50
1.926
 51
4.562
  0
ARC
  8
APS_GEOMETRY
 10
340.457
 20
-706.055
 40
46.352
 50
4.562
 51
8.366
  0
ARC
  8
APS_GEOMETRY
 10
367.233
 20
-702.117
 40
19.288
 50
8.366
 51
14.265
  0
ARC
  8
APS_GEOMETRY
 10
377.358
 20
-699.556
 40
8.844
 50
14.349
 51
23.629
  0
ARC
  8
APS_GEOMETRY
 10
382.492
 20
-697.31
 40
3.24
 50
23.629
 51
38.991
  0
ARC
  8
APS_GEOMETRY
 10
382.511
 20
-697.295
 40
3.215
 50
38.991
 51
54.462
  0
ARC
  8
APS_GEOMETRY
 10
379.507
 20
-701.5
 40
8.384
 50
54.462
 51
64.026
  0
ARC
  8
APS_GEOMETRY
 10
387.985
 20
-684.133
 40
10.942
 50
235.472
 51
243.947
  0
ARC
  8
APS_GEOMETRY
 10
383.606
 20
-690.498
 40
3.216
 50
219.806
 51
235.472
  0
ARC
  8
APS_GEOMETRY
 10
382.943
 20
-691.051
 40
2.353
 50
198.939
 51
219.806
  0
ARC
  8
APS_GEOMETRY
 10
383.414
 20
-690.889
 40
2.851
 50
180.0
 51
198.939
  0
ARC
  8
APS_GEOMETRY
 10
383.275
 20
-690.889
 40
2.712
 50
126.254
 51
180.0
  0
ARC
  8
APS_GEOMETRY
 10
387.414
 20
-696.534
 40
9.711
 50
98.616
 51
126.254
  0
ARC
  8
APS_GEOMETRY
 10
387.997
 20
-701.197
 40
14.41
 50
94.456
 51
98.13
  0
ARC
  8
APS_GEOMETRY
 10
390.245
 20
-730.049
 40
43.349
 50
92.337
 51
94.456
  0
ARC
  8
APS_GEOMETRY
 10
391.203
 20
-753.527
 40
66.847
 50
90.963
 51
92.337
  0
ARC
  8
APS_GEOMETRY
 10
392.369
 20
-822.876
 40
136.206
 50
90.0
 51
90.963
  0
ARC
  8
APS_GEOMETRY
 10
392.369
 20
-711.492
 40
24.822
 50
83.928
 51
90.0
  0
ARC
  8
APS_GEOMETRY
 10
394.405
 20
-692.355
 40
5.577
 50
71.095
 51
83.928
  0
ARC
  8
APS_GEOMETRY
 10
394.591
 20
-691.812
 40
5.003
 50
56.848
 51
71.095
  0
ARC
  8
APS_GEOMETRY
 10
389.088
 20
-700.236
 40
15.065
 50
48.652
 51
56.848
  0
ARC
  8
APS_GEOMETRY
 10
457.848
 20
-727.278
 40
40.608
 50
84.71
 51
90.0
  0
ARC
  8
APS_GEOMETRY
 10
458.592
 20
-719.238
 40
32.533
 50
78.799
 51
84.71
  0
ARC
  8
APS_GEOMETRY
 10
463.409
 20
-694.895
 40
7.718
 50
49.783
 51
78.771
  0
ARC
  8
APS_GEOMETRY
 10
466.63
 20
-691.085
 40
2.729
 50
360.0
 51
49.783
  0
ARC
  8
APS_GEOMETRY
 10
466.34
 20
-691.085
 40
3.02
 50
342.759
 51
360.0
  0
ARC
  8
APS_GEOMETRY
 10
467.915
 20
-691.574
 40
1.37
 50
317.045
 51
342.759
  0
ARC
  8
APS_GEOMETRY
 10
467.154
 20
-690.866
 40
2.41
 50
301.817
 51
317.045
  0
ARC
  8
APS_GEOMETRY
 10
455.898
 20
-672.724
 40
23.76
 50
296.98
 51
301.817
  0
ARC
  8
APS_GEOMETRY
 10
467.9
 20
-696.342
 40
2.733
 50
116.565
 51
149.078
  0
ARC
  8
APS_GEOMETRY
 10
471.419
 20
-698.45
 40
6.835
 50
149.078
 51
169.469
  0
ARC
  8
APS_GEOMETRY
 10
478.923
 20
-699.845
 40
14.468
 50
169.469
 51
174.598
  0
ARC
  8
APS_GEOMETRY
 10
517.587
 20
-703.501
 40
53.304
 50
174.598
 51
177.269
  0
ARC
  8
APS_GEOMETRY
 10
551.585
 20
-705.123
 40
87.341
 50
177.269
 51
178.901
  0
ARC
  8
APS_GEOMETRY
 10
656.892
 20
-707.143
 40
192.667
 50
178.901
 51
180.0
  0
ARC
  8
APS_GEOMETRY
 10
870.882
 20
-707.143
 40
406.657
 50
180.0
 51
180.88
  0
ARC
  8
APS_GEOMETRY
 10
620.362
 20
-710.991
 40
156.107
 50
180.88
 51
182.3
  0
ARC
  8
APS_GEOMETRY
 10
547.136
 20
-713.932
 40
82.823
 50
182.3
 51
184.974
  0
ARC
  8
APS_GEOMETRY
 10
477.315
 20
-720.008
 40
12.738
 50
184.974
 51
191.793
  0
ARC
  8
APS_GEOMETRY
 10
469.205
 20
-721.559
 40
4.484
 50
193.57
 51
205.787
  0
ARC
  8
APS_GEOMETRY
 10
467.188
 20
-722.534
 40
2.244
 50
205.787
 51
223.091
  0
ARC
  8
APS_GEOMETRY
 10
467.7
 20
-722.055
 40
2.944
 50
223.091
 51
236.441
  0
ARC
  8
APS_GEOMETRY
 10
471.983
 20
-715.598
 40
10.693
 50
236.441
 51
243.435
  0
ARC
  8
APS_GEOMETRY
 10
465.425
 20
-729.069
 40
4.291
 50
37.185
 51
65.556
  0
ARC
  8
APS_GEOMETRY
 10
466.824
 20
-728.008
 40
2.535
 50
360.0
 51
37.185
  0
ARC
  8
APS_GEOMETRY
 10
466.747
 20
-728.008
 40
2.612
 50
312.039
 51
360.0
  0
ARC
  8
APS_GEOMETRY
 10
463.637
 20
-724.557
 40
7.258
 50
283.815
 51
312.039
  0
ARC
  8
APS_GEOMETRY
 10
458.496
 20
-703.252
 40
29.174
 50
279.273
 51
283.627
  0
ARC
  8
APS_GEOMETRY
 10
456.441
 20
-690.666
 40
41.926
 50
275.641
 51
279.273
  0
ARC
  8
APS_GEOMETRY
 10
455.656
 20
-682.713
 40
49.919
 50
272.588
 51
275.641
  0
ARC
  8
APS_GEOMETRY
 10
454.774
 20
-663.196
 40
69.456
 50
270.0
 51
272.588
  0
ARC
  8
APS_GEOMETRY
 10
454.774
 20
-690.758
 40
41.894
 50
262.774
 51
270.0
  0
ARC
  8
APS_GEOMETRY
 10
450.997
 20
-720.545
 40
11.868
 50
249.175
 51
262.774
  0
ARC
  8
APS_GEOMETRY
 10
448.624
 20
-726.783
 40
5.194
 50
221.23
 51
249.175
  0
ARC
  8
APS_GEOMETRY
 10
446.555
 20
-728.596
 40
2.443
 50
180.0
 51
221.23
  0
ARC
  8
APS_GEOMETRY
 10
446.154
 20
-728.596
 40
2.041
 50
142.696
 51
180.0
  0
ARC
  8
APS_GEOMETRY
 10
449.375
 20
-731.051
 40
6.091
 50
121.357
 51
142.696
  0
ARC
  8
APS_GEOMETRY
 10
443.932
 20
-722.136
 40
4.354
 50
301.477
 51
324.728
  0
ARC
  8
APS_GEOMETRY
 10
444.512
 20
-722.546
 40
3.643
 50
324.728
 51
350.181
  0
ARC
  8
APS_GEOMETRY
 10
426.271
 20
-719.529
 40
22.132
 50
350.538
 51
355.423
  0
ARC
  8
APS_GEOMETRY
 10
351.319
 20
-713.529
 40
97.324
 50
355.423
 51
357.752
  0
ARC
  8
APS_GEOMETRY
 10
281.726
 20
-710.797
 40
166.971
 50
357.752
 51
359.111
  0
ARC
  8
APS_GEOMETRY
 10
58.979
 20
-707.339
 40
389.744
 50
359.111
 51
0.0
  0
ARC
  8
APS_GEOMETRY
 10
313.5
 20
-707.339
 40
135.223
 50
0.0
 51
1.773
  0
ARC
  8
APS_GEOMETRY
 10
392.86
 20
-704.883
 40
55.825
 50
1.773
 51
4.532
  0
ARC
  8
APS_GEOMETRY
 10
416.981
 20
-702.971
 40
31.629
 50
4.532
 51
9.384
  0
ARC
  8
APS_GEOMETRY
 10
441.474
 20
-698.923
 40
6.803
 50
9.384
 51
19.855
  0
ARC
  8
APS_GEOMETRY
 10
444.716
 20
-697.69
 40
3.336
 50
18.853
 51
42.158
  0
ARC
  8
APS_GEOMETRY
 10
441.938
 20
-700.206
 40
7.084
 50
42.158
 51
58.092
  0
ARC
  8
APS_GEOMETRY
 10
454.166
 20
-681.309
 40
15.426
 50
230.711
 51
236.634
  0
ARC
  8
APS_GEOMETRY
 10
446.485
 20
-690.697
 40
3.296
 50
217.875
 51
230.711
  0
ARC
  8
APS_GEOMETRY
 10
445.432
 20
-691.516
 40
1.962
 50
196.928
 51
217.875
  0
ARC
  8
APS_GEOMETRY
 10
446.418
 20
-691.216
 40
2.992
 50
180.0
 51
196.928
  0
ARC
  8
APS_GEOMETRY
 10
445.773
 20
-691.216
 40
2.347
 50
148.791
 51
180.0
  0
ARC
  8
APS_GEOMETRY
 10
446.388
 20
-691.589
 40
3.067
 50
121.569
 51
148.791
  0
ARC
  8
APS_GEOMETRY
 10
447.494
 20
-693.388
 40
5.178
 50
112.806
 51
121.569
  0
ARC
  8
APS_GEOMETRY
 10
450.481
 20
-700.492
 40
12.885
 50
107.254
 51
112.806
  0
ARC
  8
APS_GEOMETRY
 10
452.311
 20
-706.384
 40
19.054
 50
103.487
 51
107.254
  0
ARC
  8
APS_GEOMETRY
 10
456.501
 20
-723.856
 40
37.022
 50
100.784
 51
103.487
  0
ARC
  8
APS_GEOMETRY
 10
457.814
 20
-728.687
 40
42.015
 50
95.643
 51
101.31
  0
ARC
  8
APS_GEOMETRY
 10
457.848
 20
-729.033
 40
42.362
 50
90.0
 51
95.643
  0
ARC
  8
APS_GEOMETRY
 10
498.518
 20
-707.705
 40
21.264
 50
77.257
 51
90.0
  0
ARC
  8
APS_GEOMETRY
 10
498.302
 20
-708.661
 40
22.243
 50
64.799
 51
77.257
  0
ARC
  8
APS_GEOMETRY
 10
516.619
 20
-669.662
 40
20.843
 50
244.885
 51
251.175
  0
ARC
  8
APS_GEOMETRY
 10
510.651
 20
-687.17
 40
2.346
 50
251.175
 51
270.0
  0
ARC
  8
APS_GEOMETRY
 10
510.651
 20
-685.709
 40
3.806
 50
270.0
 51
278.82
  0
ARC
  8
APS_GEOMETRY
 10
508.192
 20
-669.862
 40
19.844
 50
278.82
 51
282.68
  0
ARC
  8
APS_GEOMETRY
 10
513.337
 20
-692.642
 40
3.511
 50
95.906
 51
102.995
  0
ARC
  8
APS_GEOMETRY
 10
513.496
 20
-694.179
 40
5.055
 50
90.0
 51
95.906
  0
ARC
  8
APS_GEOMETRY
 10
513.496
 20
-692.479
 40
3.356
 50
62.447
 51
90.0
  0
ARC
  8
APS_GEOMETRY
 10
512.899
 20
-693.622
 40
4.645
 50
39.094
 51
62.447
  0
ARC
  8
APS_GEOMETRY
 10
506.665
 20
-698.836
 40
12.772
 50
18.435
 51
39.611
  0
ARC
  8
APS_GEOMETRY
 10
502.839
 20
-700.112
 40
16.806
 50
360.0
 51
18.435
  0
ARC
  8
APS_GEOMETRY
 10
511.311
 20
-700.112
 40
8.333
 50
334.877
 51
360.0
  0
ARC
  8
APS_GEOMETRY
 10
513.817
 20
-701.287
 40
5.565
 50
304.007
 51
334.877
  0
ARC
  8
APS_GEOMETRY
 10
513.776
 20
-701.169
 40
5.686
 50
286.39
 51
303.69
  0
ARC
  8
APS_GEOMETRY
 10
513.594
 20
-700.551
 40
6.33
 50
270.0
 51
286.39
  0
ARC
  8
APS_GEOMETRY
 10
513.594
 20
-700.625
 40
6.257
 50
255.155
 51
270.0
  0
ARC
  8
APS_GEOMETRY
 10
512.909
 20
-703.211
 40
3.581
 50
235.491
 51
255.155
  0
ARC
  8
APS_GEOMETRY
 10
513.253
 20
-702.71
 40
4.189
 50
218.48
 51
235.491
  0
ARC
  8
APS_GEOMETRY
 10
518.874
 20
-698.242
 40
11.369
 50
208.179
 51
218.48
  0
ARC
  8
APS_GEOMETRY
 10
461.249
 20
-729.521
 40
54.198
 50
28.56
 51
31.664
  0
ARC
  8
APS_GEOMETRY
 10
496.461
 20
-707.805
 40
12.827
 50
31.664
 51
38.047
  0
ARC
  8
APS_GEOMETRY
 10
499.022
 20
-705.801
 40
9.576
 50
38.047
 51
46.56
  0
ARC
  8
APS_GEOMETRY
 10
497.691
 20
-707.206
 40
11.512
 50
46.56
 51
54.324
  0
ARC
  8
APS_GEOMETRY
 10
496.923
 20
-708.528
 40
13.034
 50
54.968
 51
71.48
  0
ARC
  8
APS_GEOMETRY
 10
497.766
 20
-706.011
 40
10.38
 50
71.48
 51
90.0
  0
ARC
  8
APS_GEOMETRY
 10
497.766
 20
-702.882
 40
7.251
 50
90.0
 51
114.63
  0
ARC
  8
APS_GEOMETRY
 10
497.402
 20
-702.088
 40
6.377
 50
114.63
 51
140.921
  0
ARC
  8
APS_GEOMETRY
 10
498.477
 20
-702.961
 40
7.763
 50
140.921
 51
163.13
  0
ARC
  8
APS_GEOMETRY
 10
503.855
 20
-704.592
 40
13.382
 50
163.13
 51
180.0
  0
ARC
  8
APS_GEOMETRY
 10
510.828
 20
-704.592
 40
20.355
 50
180.0
 51
195.44
  0
ARC
  8
APS_GEOMETRY
 10
509.77
 20
-704.884
 40
19.258
 50
195.44
 51
211.316
  0
ARC
  8
APS_GEOMETRY
 10
504.681
 20
-707.874
 40
13.357
 50
211.708
 51
240.457
  0
ARC
  8
APS_GEOMETRY
 10
504.339
 20
-708.477
 40
12.663
 50
240.457
 51
270.0
  0
ARC
  8
APS_GEOMETRY
 10
504.339
 20
-705.389
 40
15.751
 50
270.0
 51
279.549
  0
ARC
  8
APS_GEOMETRY
 10
504.143
 20
-704.225
 40
16.931
 50
279.549
 51
288.759
  0
ARC
  8
APS_GEOMETRY
 10
504.969
 20
-706.656
 40
14.364
 50
288.759
 51
299.545
  0
ARC
  8
APS_GEOMETRY
 10
508.278
 20
-712.495
 40
7.652
 50
299.545
 51
314.341
  0
ARC
  8
APS_GEOMETRY
 10
518.513
 20
-723.126
 40
7.105
 50
120.141
 51
133.452
  0
ARC
  8
APS_GEOMETRY
 10
515.654
 20
-718.202
 40
1.412
 50
90.0
 51
120.141
  0
ARC
  8
APS_GEOMETRY
 10
515.654
 20
-719.02
 40
2.23
 50
61.952
 51
90.0
  0
ARC
  8
APS_GEOMETRY
 10
515.322
 20
-719.643
 40
2.936
 50
37.569
 51
61.952
  0
ARC
  8
APS_GEOMETRY
 10
514.703
 20
-720.12
 40
3.717
 50
17.665
 51
37.569
  0
ARC
  8
APS_GEOMETRY
 10
513.758
 20
-720.42
 40
4.709
 50
360.0
 51
17.665
  0
ARC
  8
APS_GEOMETRY
 10
511.386
 20
-720.42
 40
7.081
 50
344.932
 51
360.0
  0
ARC
  8
APS_GEOMETRY
 10
505.088
 20
-718.725
 40
13.603
 50
334.075
 51
344.932
  0
ARC
  8
APS_GEOMETRY
 10
504.89
 20
-718.629
 40
13.823
 50
323.374
 51
334.075
  0
ARC
  8
APS_GEOMETRY
 10
508.954
 20
-721.649
 40
8.76
 50
309.92
 51
323.374
  0
ARC
  8
APS_GEOMETRY
 10
513.015
 20
-726.44
 40
2.48
 50
289.026
 51
308.991
  0
ARC
  8
APS_GEOMETRY
 10
508.682
 20
-713.875
 40
15.771
 50
281.143
 51
289.026
  0
ARC
  8
APS_GEOMETRY
 10
513.076
 20
-736.656
 40
7.431
 50
100.437
 51
110.12
  0
ARC
  8
APS_GEOMETRY
 10
518.897
 20
-752.546
 40
24.353
 50
110.12
 51
115.463
  0
ARC
  8
APS_GEOMETRY
 10
498.116
 20
-709.066
 40
23.838
 50
282.94
 51
295.628
  0
ARC
  8
APS_GEOMETRY
 10
498.322
 20
-709.96
 40
22.921
 50
270.0
 51
282.94
  0
ARC
  8
APS_GEOMETRY
 10
498.322
 20
-708.606
 40
24.275
 50
257.307
 51
270.0
  0
ARC
  8
APS_GEOMETRY
 10
499.346
 20
-704.056
 40
28.939
 50
245.686
 51
257.307
  0
ARC
  8
APS_GEOMETRY
 10
496.776
 20
-709.697
 40
22.739
 50
228.801
 51
245.735
  0
ARC
  8
APS_GEOMETRY
 10
496.819
 20
-709.648
 40
22.805
 50
211.891
 51
228.801
  0
ARC
  8
APS_GEOMETRY
 10
498.167
 20
-708.678
 40
24.462
 50
196.728
 51
212.152
  0
ARC
  8
APS_GEOMETRY
 10
494.679
 20
-709.726
 40
20.82
 50
180.0
 51
196.728
  0
ARC
  8
APS_GEOMETRY
 10
495.186
 20
-709.726
 40
21.327
 50
161.184
 51
180.0
  0
ARC
  8
APS_GEOMETRY
 10
496.555
 20
-710.193
 40
22.773
 50
142.98
 51
161.184
  0
ARC
  8
APS_GEOMETRY
 10
497.619
 20
-711.007
 40
24.112
 50
127.824
 51
142.958
  0
ARC
  8
APS_GEOMETRY
 10
499.373
 20
-713.266
 40
26.973
 50
113.52
 51
127.824
  0
ARC
  8
APS_GEOMETRY
 10
498.802
 20
-711.947
 40
25.535
 50
101.927
 51
113.527
  0
ARC
  8
APS_GEOMETRY
 10
498.518
 20
-710.602
 40
24.161
 50
90.0
 51
101.927
  0
ARC
  8
APS_GEOMETRY
 10
543.066
 20
-727.278
 40
40.608
 50
84.71
 51
90.0
  0
ARC
  8
APS_GEOMETRY
 10
543.811
 20
-719.238
 40
32.533
 50
78.799
 51
84.71
  0
ARC
  8
APS_GEOMETRY
 10
548.627
 20
-694.895
 40
7.718
 50
49.783
 51
78.771
  0
ARC
  8
APS_GEOMETRY
 10
551.849
 20
-691.085
 40
2.729
 50
360.0
 51
49.783
  0
ARC
  8
APS_GEOMETRY
 10
551.558
 20
-691.085
 40
3.02
 50
342.759
 51
360.0
  0
ARC
  8
APS_GEOMETRY
 10
553.134
 20
-691.574
 40
1.37
 50
317.045
 51
342.759
  0
ARC
  8
APS_GEOMETRY
 10
552.373
 20
-690.866
 40
2.41
 50
301.817
 51
317.045
  0
ARC
  8
APS_GEOMETRY
 10
541.117
 20
-672.724
 40
23.76
 50
296.98
 51
301.817
  0
ARC
  8
APS_GEOMETRY
 10
553.119
 20
-696.342
 40
2.733
 50
116.565
 51
149.078
  0
ARC
  8
APS_GEOMETRY
 10
556.638
 20
-698.45
 40
6.835
 50
149.078
 51
169.469
  0
ARC
  8
APS_GEOMETRY
 10
564.142
 20
-699.845
 40
14.468
 50
169.469
 51
174.598
  0
ARC
  8
APS_GEOMETRY
 10
602.806
 20
-703.501
 40
53.304
 50
174.598
 51
177.269
  0
ARC
  8
APS_GEOMETRY
 10
636.804
 20
-705.123
 40
87.341
 50
177.269
 51
178.901
  0
ARC
  8
APS_GEOMETRY
 10
742.11
 20
-707.143
 40
192.667
 50
178.901
 51
180.0
  0
ARC
  8
APS_GEOMETRY
 10
956.1
 20
-707.143
 40
406.657
 50
180.0
 51
180.88
  0
ARC
  8
APS_GEOMETRY
 10
705.58
 20
-710.991
 40
156.107
 50
180.88
 51
182.3
  0
ARC
  8
APS_GEOMETRY
 10
632.355
 20
-713.932
 40
82.823
 50
182.3
 51
184.974
  0
ARC
  8
APS_GEOMETRY
 10
562.534
 20
-720.008
 40
12.738
 50
184.974
 51
191.793
  0
ARC
  8
APS_GEOMETRY
 10
554.424
 20
-721.559
 40
4.484
 50
193.57
 51
205.787
  0
ARC
  8
APS_GEOMETRY
 10
552.407
 20
-722.534
 40
2.244
 50
205.787
 51
223.091
  0
ARC
  8
APS_GEOMETRY
 10
552.918
 20
-722.055
 40
2.944
 50
223.091
 51
236.441
  0
ARC
  8
APS_GEOMETRY
 10
557.202
 20
-715.598
 40
10.693
 50
236.441
 51
243.435
  0
ARC
  8
APS_GEOMETRY
 10
550.644
 20
-729.069
 40
4.291
 50
37.185
 51
65.556
  0
ARC
  8
APS_GEOMETRY
 10
552.043
 20
-728.008
 40
2.535
 50
360.0
 51
37.185
  0
ARC
  8
APS_GEOMETRY
 10
551.966
 20
-728.008
 40
2.612
 50
312.039
 51
360.0
  0
ARC
  8
APS_GEOMETRY
 10
548.855
 20
-724.557
 40
7.258
 50
283.815
 51
312.039
  0
ARC
  8
APS_GEOMETRY
 10
543.715
 20
-703.252
 40
29.174
 50
279.273
 51
283.627
  0
ARC
  8
APS_GEOMETRY
 10
541.66
 20
-690.666
 40
41.926
 50
275.641
 51
279.273
  0
ARC
  8
APS_GEOMETRY
 10
540.874
 20
-682.713
 40
49.919
 50
272.588
 51
275.641
  0
ARC
  8
APS_GEOMETRY
 10
539.992
 20
-663.196
 40
69.456
 50
270.0
 51
272.588
  0
ARC
  8
APS_GEOMETRY
 10
539.992
 20
-690.758
 40
41.894
 50
262.774
 51
270.0
  0
ARC
  8
APS_GEOMETRY
 10
536.216
 20
-720.545
 40
11.868
 50
249.175
 51
262.774
  0
ARC
  8
APS_GEOMETRY
 10
533.843
 20
-726.783
 40
5.194
 50
221.23
 51
249.175
  0
ARC
  8
APS_GEOMETRY
 10
531.774
 20
-728.596
 40
2.443
 50
180.0
 51
221.23
  0
ARC
  8
APS_GEOMETRY
 10
531.372
 20
-728.596
 40
2.041
 50
142.696
 51
180.0
  0
ARC
  8
APS_GEOMETRY
 10
534.594
 20
-731.051
 40
6.091
 50
121.357
 51
142.696
  0
ARC
  8
APS_GEOMETRY
 10
529.15
 20
-722.136
 40
4.354
 50
301.477
 51
324.728
  0
ARC
  8
APS_GEOMETRY
 10
529.731
 20
-722.546
 40
3.643
 50
324.728
 51
350.181
  0
ARC
  8
APS_GEOMETRY
 10
511.49
 20
-719.529
 40
22.132
 50
350.538
 51
355.423
  0
ARC
  8
APS_GEOMETRY
 10
436.538
 20
-713.529
 40
97.324
 50
355.423
 51
357.752
  0
ARC
  8
APS_GEOMETRY
 10
366.944
 20
-710.797
 40
166.971
 50
357.752
 51
359.111
  0
ARC
  8
APS_GEOMETRY
 10
144.198
 20
-707.339
 40
389.744
 50
359.111
 51
0.0
  0
ARC
  8
APS_GEOMETRY
 10
398.719
 20
-707.339
 40
135.223
 50
0.0
 51
1.773
  0
ARC
  8
APS_GEOMETRY
 10
478.079
 20
-704.883
 40
55.825
 50
1.773
 51
4.532
  0
ARC
  8
APS_GEOMETRY
 10
502.2
 20
-702.971
 40
31.629
 50
4.532
 51
9.384
  0
ARC
  8
APS_GEOMETRY
 10
526.693
 20
-698.923
 40
6.803
 50
9.384
 51
19.855
  0
ARC
  8
APS_GEOMETRY
 10
529.935
 20
-697.69
 40
3.336
 50
18.853
 51
42.158
  0
ARC
  8
APS_GEOMETRY
 10
527.156
 20
-700.206
 40
7.084
 50
42.158
 51
58.092
  0
ARC
  8
APS_GEOMETRY
 10
539.385
 20
-681.309
 40
15.426
 50
230.711
 51
236.634
  0
ARC
  8
APS_GEOMETRY
 10
531.704
 20
-690.697
 40
3.296
 50
217.875
 51
230.711
  0
ARC
  8
APS_GEOMETRY
 10
530.65
 20
-691.516
 40
1.962
 50
196.928
 51
217.875
  0
ARC
  8
APS_GEOMETRY
 10
531.636
 20
-691.216
 40
2.992
 50
180.0
 51
196.928
  0
ARC
  8
APS_GEOMETRY
 10
530.992
 20
-691.216
 40
2.347
 50
148.791
 51
180.0
  0
ARC
  8
APS_GEOMETRY
 10
531.607
 20
-691.589
 40
3.067
 50
121.569
 51
148.791
  0
ARC
  8
APS_GEOMETRY
 10
532.712
 20
-693.388
 40
5.178
 50
112.806
 51
121.569
  0
ARC
  8
APS_GEOMETRY
 10
535.7
 20
-700.492
 40
12.885
 50
107.254
 51
112.806
  0
ARC
  8
APS_GEOMETRY
 10
537.529
 20
-706.384
 40
19.054
 50
103.487
 51
107.254
  0
ARC
  8
APS_GEOMETRY
 10
541.72
 20
-723.856
 40
37.022
 50
100.784
 51
103.487
  0
ARC
  8
APS_GEOMETRY
 10
543.032
 20
-728.687
 40
42.015
 50
95.643
 51
101.31
  0
ARC
  8
APS_GEOMETRY
 10
543.066
 20
-729.033
 40
42.362
 50
90.0
 51
95.643
  0
LINE
  8
APS_GEOMETRY
 10
612.215
 11
612.215
 20
-716.594
 21
-699.392
  0
ARC
  8
APS_GEOMETRY
 10
572.493
 20
-699.392
 40
39.721
 50
0.0
 51
2.404
  0
ARC
  8
APS_GEOMETRY
 10
596.011
 20
-698.405
 40
16.183
 50
2.404
 51
6.17
  0
ARC
  8
APS_GEOMETRY
 10
603.06
 20
-697.643
 40
9.093
 50
6.17
 51
12.824
  0
ARC
  8
APS_GEOMETRY
 10
609.959
 20
-696.072
 40
2.017
 50
12.824
 51
26.98
  0
ARC
  8
APS_GEOMETRY
 10
610.282
 20
-695.908
 40
1.655
 50
26.98
 51
59.65
  0
ARC
  8
APS_GEOMETRY
 10
607.244
 20
-701.097
 40
7.668
 50
59.65
 51
74.667
  0
ARC
  8
APS_GEOMETRY
 10
610.746
 20
-688.598
 40
5.313
 50
225.0
 51
253.887
  0
ARC
  8
APS_GEOMETRY
 10
608.585
 20
-690.758
 40
2.257
 50
180.0
 51
225.0
  0
ARC
  8
APS_GEOMETRY
 10
609.0
 20
-690.758
 40
2.672
 50
151.157
 51
180.0
  0
ARC
  8
APS_GEOMETRY
 10
608.994
 20
-690.755
 40
2.665
 50
122.276
 51
151.157
  0
ARC
  8
APS_GEOMETRY
 10
609.758
 20
-691.965
 40
4.096
 50
102.308
 51
122.276
  0
ARC
  8
APS_GEOMETRY
 10
611.168
 20
-698.429
 40
10.712
 50
90.0
 51
102.308
  0
ARC
  8
APS_GEOMETRY
 10
611.168
 20
-710.883
 40
23.166
 50
88.989
 51
90.0
  0
ARC
  8
APS_GEOMETRY
 10
609.221
 20
-821.228
 40
133.528
 50
88.568
 51
88.989
  0
ARC
  8
APS_GEOMETRY
 10
606.471
 20
-931.232
 40
243.567
 50
88.337
 51
88.568
  0
ARC
  8
APS_GEOMETRY
 10
595.813
 20
-1298.348
 40
610.838
 50
88.191
 51
88.337
  0
LINE
  8
APS_GEOMETRY
 10
615.093
 11
617.022
 20
-687.815
 21
-687.815
  0
ARC
  8
APS_GEOMETRY
 10
610.541
 20
388.134
 40
1075.969
 50
270.345
 51
270.49
  0
ARC
  8
APS_GEOMETRY
 10
616.58
 20
-318.476
 40
369.332
 50
270.49
 51
270.736
  0
ARC
  8
APS_GEOMETRY
 10
619.059
 20
-511.348
 40
176.445
 50
270.736
 51
271.253
  0
ARC
  8
APS_GEOMETRY
 10
622.585
 20
-672.564
 40
15.19
 50
271.253
 51
273.013
  0
ARC
  8
APS_GEOMETRY
 10
622.438
 20
-669.777
 40
17.982
 50
273.013
 51
274.5
  0
ARC
  8
APS_GEOMETRY
 10
605.782
 20
-458.123
 40
230.289
 50
274.5
 51
274.915
  0
LINE
  8
APS_GEOMETRY
 10
625.513
 11
627.476
 20
-687.566
 21
-687.393
  0
LINE
  8
APS_GEOMETRY
 10
627.476
 11
630.038
 20
-687.393
 21
-687.161
  0
ARC
  8
APS_GEOMETRY
 10
634.251
 20
-727.885
 40
40.941
 50
93.24
 51
95.906
  0
ARC
  8
APS_GEOMETRY
 10
633.505
 20
-714.701
 40
27.736
 50
90.0
 51
93.24
  0
ARC
  8
APS_GEOMETRY
 10
633.505
 20
-710.518
 40
23.553
 50
77.12
 51
90.0
  0
ARC
  8
APS_GEOMETRY
 10
634.746
 20
-705.091
 40
17.987
 50
62.371
 51
77.12
  0
ARC
  8
APS_GEOMETRY
 10
636.847
 20
-701.152
 40
13.522
 50
31.215
 51
62.517
  0
ARC
  8
APS_GEOMETRY
 10
636.783
 20
-701.191
 40
13.597
 50
360.0
 51
31.215
  0
ARC
  8
APS_GEOMETRY
 10
636.418
 20
-701.191
 40
13.962
 50
334.496
 51
360.0
  0
ARC
  8
APS_GEOMETRY
 10
637.104
 20
-701.518
 40
13.201
 50
308.254
 51
334.496
  0
ARC
  8
APS_GEOMETRY
 10
635.005
 20
-698.752
 40
16.674
 50
287.855
 51
308.034
  0
ARC
  8
APS_GEOMETRY
 10
633.603
 20
-694.399
 40
21.247
 50
270.0
 51
287.855
  0
ARC
  8
APS_GEOMETRY
 10
633.603
 20
-683.449
 40
32.197
 50
266.918
 51
270.0
  0
ARC
  8
APS_GEOMETRY
 10
635.557
 20
-647.152
 40
68.546
 50
264.806
 51
266.918
  0
ARC
  8
APS_GEOMETRY
 10
622.485
 20
-809.261
 40
94.095
 50
85.815
 51
86.634
  0
ARC
  8
APS_GEOMETRY
 10
627.684
 20
-720.882
 40
5.563
 50
86.634
 51
90.0
  0
ARC
  8
APS_GEOMETRY
 10
627.684
 20
-716.14
 40
0.821
 50
90.0
 51
139.686
  0
ARC
  8
APS_GEOMETRY
 10
627.988
 20
-716.398
 40
1.22
 50
139.686
 51
180.0
  0
LINE
  8
APS_GEOMETRY
 10
626.768
 11
626.768
 20
-716.398
 21
-716.594
  0
LINE
  8
APS_GEOMETRY
 10
626.768
 11
626.997
 20
-716.594
 21
-721.958
  0
ARC
  8
APS_GEOMETRY
 10
634.747
 20
-721.635
 40
7.757
 50
182.386
 51
193.753
  0
ARC
  8
APS_GEOMETRY
 10
629.749
 20
-722.858
 40
2.612
 50
193.753
 51
213.408
  0
ARC
  8
APS_GEOMETRY
 10
629.805
 20
-722.821
 40
2.679
 50
213.408
 51
232.628
  0
ARC
  8
APS_GEOMETRY
 10
634.316
 20
-716.915
 40
10.11
 50
232.628
 51
242.488
  0
ARC
  8
APS_GEOMETRY
 10
626.793
 20
-731.18
 40
6.017
 50
40.539
 51
61.699
  0
ARC
  8
APS_GEOMETRY
 10
630.081
 20
-728.367
 40
1.69
 50
360.0
 51
40.539
  0
ARC
  8
APS_GEOMETRY
 10
629.502
 20
-728.367
 40
2.269
 50
315.297
 51
360.0
  0
ARC
  8
APS_GEOMETRY
 10
626.433
 20
-725.33
 40
6.588
 50
289.502
 51
315.297
  0
ARC
  8
APS_GEOMETRY
 10
624.183
 20
-718.978
 40
13.326
 50
282.372
 51
289.502
  0
ARC
  8
APS_GEOMETRY
 10
621.82
 20
-708.207
 40
24.353
 50
277.099
 51
282.372
  0
ARC
  8
APS_GEOMETRY
 10
620.849
 20
-700.408
 40
32.213
 50
273.104
 51
277.099
  0
ARC
  8
APS_GEOMETRY
 10
619.704
 20
-679.289
 40
53.362
 50
270.0
 51
273.104
  0
ARC
  8
APS_GEOMETRY
 10
619.704
 20
-679.929
 40
52.723
 50
263.473
 51
270.0
  0
ARC
  8
APS_GEOMETRY
 10
615.371
 20
-717.796
 40
14.609
 50
251.056
 51
263.473
  0
ARC
  8
APS_GEOMETRY
 10
612.589
 20
-725.901
 40
6.039
 50
224.161
 51
251.056
  0
ARC
  8
APS_GEOMETRY
 10
609.915
 20
-728.498
 40
2.311
 50
180.0
 51
224.161
  0
ARC
  8
APS_GEOMETRY
 10
610.395
 20
-728.498
 40
2.791
 50
160.821
 51
180.0
  0
ARC
  8
APS_GEOMETRY
 10
609.224
 20
-728.091
 40
1.552
 50
135.0
 51
160.821
  0
ARC
  8
APS_GEOMETRY
 10
610.331
 20
-729.198
 40
3.117
 50
121.522
 51
135.0
  0
ARC
  8
APS_GEOMETRY
 10
622.816
 20
-749.554
 40
26.996
 50
116.952
 51
121.522
  0
ARC
  8
APS_GEOMETRY
 10
609.183
 20
-722.843
 40
2.993
 50
297.824
 51
321.605
  0
ARC
  8
APS_GEOMETRY
 10
609.872
 20
-723.389
 40
2.113
 50
321.605
 51
349.992
  0
ARC
  8
APS_GEOMETRY
 10
606.673
 20
-722.824
 40
5.362
 50
349.992
 51
356.014
  0
ARC
  8
APS_GEOMETRY
 10
558.01
 20
-719.433
 40
54.143
 50
356.014
 51
357.908
  0
ARC
  8
APS_GEOMETRY
 10
501.206
 20
-717.358
 40
110.985
 50
357.908
 51
358.833
  0
ARC
  8
APS_GEOMETRY
 10
295.809
 20
-713.174
 40
316.424
 50
358.833
 51
359.381
  0
LINE
  8
APS_GEOMETRY
 10
626.997
 11
626.997
 20
-695.239
 21
-706.358
  0
ARC
  8
APS_GEOMETRY
 10
630.371
 20
-706.358
 40
3.374
 50
180.0
 51
199.885
  0
ARC
  8
APS_GEOMETRY
 10
627.846
 20
-707.271
 40
0.689
 50
199.885
 51
244.799
  0
ARC
  8
APS_GEOMETRY
 10
629.297
 20
-704.281
 40
4.013
 50
244.231
 51
258.996
  0
ARC
  8
APS_GEOMETRY
 10
629.907
 20
-701.144
 40
7.209
 50
258.996
 51
270.0
  0
ARC
  8
APS_GEOMETRY
 10
629.907
 20
-701.902
 40
6.45
 50
270.0
 51
288.435
  0
ARC
  8
APS_GEOMETRY
 10
630.37
 20
-703.291
 40
4.987
 50
288.435
 51
309.428
  0
ARC
  8
APS_GEOMETRY
 10
630.539
 20
-703.465
 40
4.745
 50
309.193
 51
339.939
  0
ARC
  8
APS_GEOMETRY
 10
624.669
 20
-701.322
 40
10.994
 50
339.939
 51
0.0
  0
ARC
  8
APS_GEOMETRY
 10
625.315
 20
-701.322
 40
10.348
 50
0.0
 51
22.011
  0
ARC
  8
APS_GEOMETRY
 10
629.9
 20
-699.468
 40
5.403
 50
22.011
 51
52.651
  0
ARC
  8
APS_GEOMETRY
 10
629.829
 20
-699.517
 40
5.485
 50
52.374
 51
72.309
  0
ARC
  8
APS_GEOMETRY
 10
629.384
 20
-700.913
 40
6.95
 50
72.309
 51
90.0
  0
ARC
  8
APS_GEOMETRY
 10
629.384
 20
-698.015
 40
4.052
 50
90.0
 51
118.113
  0
ARC
  8
APS_GEOMETRY
 10
627.901
 20
-695.239
 40
0.904
 50
118.113
 51
180.0
  0
ARC
  8
APS_GEOMETRY
 10
679.734
 20
-712.223
 40
25.782
 50
71.91
 51
90.0
  0
ARC
  8
APS_GEOMETRY
 10
680.733
 20
-709.166
 40
22.566
 50
52.561
 51
71.91
  0
ARC
  8
APS_GEOMETRY
 10
680.471
 20
-709.243
 40
22.786
 50
38.846
 51
52.156
  0
ARC
  8
APS_GEOMETRY
 10
676.899
 20
-712.119
 40
27.372
 50
26.707
 51
38.846
  0
ARC
  8
APS_GEOMETRY
 10
677.606
 20
-711.541
 40
26.482
 50
13.868
 51
26.278
  0
ARC
  8
APS_GEOMETRY
 10
682.706
 20
-710.282
 40
21.229
 50
360.0
 51
13.868
  0
ARC
  8
APS_GEOMETRY
 10
683.036
 20
-710.282
 40
20.899
 50
339.712
 51
360.0
  0
ARC
  8
APS_GEOMETRY
 10
681.86
 20
-709.847
 40
22.153
 50
320.013
 51
339.712
  0
ARC
  8
APS_GEOMETRY
 10
681.665
 20
-709.74
 40
22.372
 50
303.344
 51
320.123
  0
ARC
  8
APS_GEOMETRY
 10
679.369
 20
-706.251
 40
26.548
 50
287.949
 51
303.344
  0
ARC
  8
APS_GEOMETRY
 10
678.615
 20
-703.636
 40
29.269
 50
279.039
 51
287.776
  0
ARC
  8
APS_GEOMETRY
 10
678.917
 20
-705.535
 40
27.346
 50
270.0
 51
279.039
  0
ARC
  8
APS_GEOMETRY
 10
678.917
 20
-706.87
 40
26.011
 50
257.728
 51
270.0
  0
ARC
  8
APS_GEOMETRY
 10
678.958
 20
-706.681
 40
26.203
 50
245.501
 51
257.728
  0
ARC
  8
APS_GEOMETRY
 10
677.485
 20
-709.904
 40
22.66
 50
228.665
 51
245.511
  0
ARC
  8
APS_GEOMETRY
 10
676.995
 20
-710.461
 40
21.918
 50
211.535
 51
228.665
  0
ARC
  8
APS_GEOMETRY
 10
677.637
 20
-709.99
 40
22.712
 50
195.642
 51
211.701
  0
ARC
  8
APS_GEOMETRY
 10
678.811
 20
-709.661
 40
23.931
 50
180.0
 51
195.642
  0
ARC
  8
APS_GEOMETRY
 10
679.062
 20
-709.661
 40
24.183
 50
162.181
 51
180.0
  0
ARC
  8
APS_GEOMETRY
 10
676.856
 20
-708.952
 40
21.865
 50
143.434
 51
162.181
  0
ARC
  8
APS_GEOMETRY
 10
676.559
 20
-708.714
 40
21.485
 50
126.384
 51
143.471
  0
ARC
  8
APS_GEOMETRY
 10
678.593
 20
-711.475
 40
24.914
 50
110.525
 51
126.384
  0
ARC
  8
APS_GEOMETRY
 10
678.493
 20
-710.725
 40
24.177
 50
99.77
 51
110.925
  0
ARC
  8
APS_GEOMETRY
 10
679.734
 20
-717.937
 40
31.496
 50
90.0
 51
99.77
  0
ARC
  8
APS_GEOMETRY
 10
676.628
 20
-700.635
 40
4.807
 50
90.0
 51
119.604
  0
ARC
  8
APS_GEOMETRY
 10
677.049
 20
-701.376
 40
5.659
 50
119.604
 51
146.842
  0
ARC
  8
APS_GEOMETRY
 10
677.895
 20
-702.069
 40
6.748
 50
145.84
 51
164.055
  0
ARC
  8
APS_GEOMETRY
 10
679.856
 20
-702.63
 40
8.788
 50
164.055
 51
180.0
  0
ARC
  8
APS_GEOMETRY
 10
692.121
 20
-702.63
 40
21.053
 50
180.0
 51
189.977
  0
ARC
  8
APS_GEOMETRY
 10
710.772
 20
-699.349
 40
39.991
 50
189.977
 51
197.211
  0
ARC
  8
APS_GEOMETRY
 10
714.852
 20
-698.085
 40
44.261
 50
197.211
 51
203.76
  0
ARC
  8
APS_GEOMETRY
 10
704.689
 20
-702.559
 40
33.157
 50
203.76
 51
211.329
  0
ARC
  8
APS_GEOMETRY
 10
683.821
 20
-715.083
 40
8.821
 50
212.32
 51
224.441
  0
ARC
  8
APS_GEOMETRY
 10
682.965
 20
-715.922
 40
7.623
 50
224.441
 51
237.484
  0
ARC
  8
APS_GEOMETRY
 10
682.413
 20
-716.789
 40
6.595
 50
237.484
 51
252.416
  0
ARC
  8
APS_GEOMETRY
 10
681.86
 20
-718.532
 40
4.766
 50
252.416
 51
270.0
  0
ARC
  8
APS_GEOMETRY
 10
681.86
 20
-717.967
 40
5.331
 50
270.0
 51
294.953
  0
ARC
  8
APS_GEOMETRY
 10
682.009
 20
-718.288
 40
4.977
 50
294.953
 51
320.793
  0
ARC
  8
APS_GEOMETRY
 10
681.209
 20
-717.635
 40
6.011
 50
320.793
 51
342.777
  0
ARC
  8
APS_GEOMETRY
 10
677.641
 20
-716.529
 40
9.746
 50
342.777
 51
0.0
  0
ARC
  8
APS_GEOMETRY
 10
660.88
 20
-716.529
 40
26.507
 50
0.0
 51
8.499
  0
ARC
  8
APS_GEOMETRY
 10
649.213
 20
-718.272
 40
38.304
 50
8.499
 51
15.566
  0
ARC
  8
APS_GEOMETRY
 10
650.615
 20
-717.881
 40
36.848
 50
15.566
 51
22.909
  0
ARC
  8
APS_GEOMETRY
 10
662.679
 20
-712.783
 40
23.751
 50
22.909
 51
32.057
  0
ARC
  8
APS_GEOMETRY
 10
672.155
 20
-706.814
 40
12.552
 50
31.921
 51
42.51
  0
ARC
  8
APS_GEOMETRY
 10
674.757
 20
-704.429
 40
9.022
 50
42.51
 51
55.008
  0
ARC
  8
APS_GEOMETRY
 10
675.636
 20
-703.173
 40
7.489
 50
55.008
 51
69.88
  0
ARC
  8
APS_GEOMETRY
 10
676.424
 20
-701.022
 40
5.198
 50
69.88
 51
87.754
  0
ARC
  8
APS_GEOMETRY
 10
730.248
 20
-715.645
 40
2.42
 50
90.0
 51
115.837
  0
ARC
  8
APS_GEOMETRY
 10
729.652
 20
-714.415
 40
1.053
 50
115.837
 51
155.462
  0
ARC
  8
APS_GEOMETRY
 10
730.348
 20
-714.732
 40
1.817
 50
155.462
 51
168.366
  0
ARC
  8
APS_GEOMETRY
 10
736.694
 20
-716.039
 40
8.296
 50
168.366
 51
174.395
  0
ARC
  8
APS_GEOMETRY
 10
743.089
 20
-716.667
 40
14.722
 50
174.395
 51
177.813
  0
ARC
  8
APS_GEOMETRY
 10
764.318
 20
-717.477
 40
35.966
 50
177.813
 51
180.0
  0
ARC
  8
APS_GEOMETRY
 10
779.686
 20
-717.477
 40
51.335
 50
180.0
 51
184.62
  0
ARC
  8
APS_GEOMETRY
 10
745.266
 20
-720.259
 40
16.803
 50
184.62
 51
192.7
  0
ARC
  8
APS_GEOMETRY
 10
731.996
 20
-723.172
 40
3.218
 50
194.036
 51
205.821
  0
ARC
  8
APS_GEOMETRY
 10
730.591
 20
-723.852
 40
1.656
 50
205.821
 51
222.274
  0
ARC
  8
APS_GEOMETRY
 10
731.021
 20
-723.461
 40
2.238
 50
222.274
 51
234.605
  0
ARC
  8
APS_GEOMETRY
 10
735.882
 20
-716.62
 40
10.63
 50
234.605
 51
240.255
  0
ARC
  8
APS_GEOMETRY
 10
728.493
 20
-729.695
 40
4.389
 50
34.592
 51
61.189
  0
ARC
  8
APS_GEOMETRY
 10
729.943
 20
-728.694
 40
2.627
 50
360.0
 51
34.592
  0
ARC
  8
APS_GEOMETRY
 10
730.031
 20
-728.694
 40
2.539
 50
318.231
 51
360.0
  0
ARC
  8
APS_GEOMETRY
 10
728.333
 20
-727.178
 40
4.816
 50
288.227
 51
318.231
  0
ARC
  8
APS_GEOMETRY
 10
726.572
 20
-721.83
 40
10.446
 50
280.377
 51
288.227
  0
ARC
  8
APS_GEOMETRY
 10
723.502
 20
-705.066
 40
27.489
 50
275.541
 51
280.377
  0
ARC
  8
APS_GEOMETRY
 10
722.179
 20
-691.429
 40
41.19
 50
272.304
 51
275.541
  0
ARC
  8
APS_GEOMETRY
 10
720.568
 20
-651.393
 40
81.259
 50
270.0
 51
272.304
  0
ARC
  8
APS_GEOMETRY
 10
720.568
 20
-684.852
 40
47.8
 50
262.811
 51
270.0
  0
ARC
  8
APS_GEOMETRY
 10
716.279
 20
-718.858
 40
13.524
 50
249.274
 51
262.811
  0
ARC
  8
APS_GEOMETRY
 10
713.581
 20
-725.988
 40
5.901
 50
221.379
 51
249.274
  0
ARC
  8
APS_GEOMETRY
 10
711.214
 20
-728.073
 40
2.747
 50
180.0
 51
221.379
  0
ARC
  8
APS_GEOMETRY
 10
711.196
 20
-728.073
 40
2.728
 50
164.055
 51
180.0
  0
ARC
  8
APS_GEOMETRY
 10
710.059
 20
-727.748
 40
1.546
 50
142.815
 51
164.055
  0
ARC
  8
APS_GEOMETRY
 10
710.775
 20
-728.291
 40
2.444
 50
129.007
 51
142.815
  0
ARC
  8
APS_GEOMETRY
 10
719.567
 20
-739.145
 40
16.412
 50
123.69
 51
129.007
  0
ARC
  8
APS_GEOMETRY
 10
707.09
 20
-720.373
 40
6.128
 50
303.389
 51
319.022
  0
ARC
  8
APS_GEOMETRY
 10
708.749
 20
-721.813
 40
3.932
 50
319.022
 51
338.575
  0
ARC
  8
APS_GEOMETRY
 10
706.529
 20
-720.942
 40
6.316
 50
338.575
 51
351.049
  0
ARC
  8
APS_GEOMETRY
 10
679.723
 20
-716.72
 40
33.452
 50
351.049
 51
356.46
  0
ARC
  8
APS_GEOMETRY
 10
688.559
 20
-717.056
 40
24.613
 50
355.972
 51
358.68
  0
ARC
  8
APS_GEOMETRY
 10
398.368
 20
-710.37
 40
314.881
 50
358.68
 51
359.437
  0
LINE
  8
APS_GEOMETRY
 10
713.234
 11
713.265
 20
-713.463
 21
-708.551
  0
LINE
  8
APS_GEOMETRY
 10
713.265
 11
713.275
 20
-708.551
 21
-702.139
  0
ARC
  8
APS_GEOMETRY
 10
637.466
 20
-702.139
 40
75.809
 50
0.0
 51
1.717
  0
ARC
  8
APS_GEOMETRY
 10
678.034
 20
-700.923
 40
35.223
 50
1.717
 51
4.236
  0
ARC
  8
APS_GEOMETRY
 10
691.264
 20
-699.943
 40
21.957
 50
4.236
 51
8.269
  0
ARC
  8
APS_GEOMETRY
 10
706.487
 20
-697.731
 40
6.573
 50
8.269
 51
15.642
  0
ARC
  8
APS_GEOMETRY
 10
709.107
 20
-696.997
 40
3.853
 50
15.642
 51
39.417
  0
ARC
  8
APS_GEOMETRY
 10
709.166
 20
-696.949
 40
3.776
 50
39.417
 51
63.435
  0
ARC
  8
APS_GEOMETRY
 10
715.967
 20
-682.859
 40
11.869
 50
236.874
 51
244.486
  0
ARC
  8
APS_GEOMETRY
 10
710.908
 20
-690.613
 40
2.611
 50
220.601
 51
236.874
  0
ARC
  8
APS_GEOMETRY
 10
710.328
 20
-691.11
 40
1.847
 50
198.246
 51
220.601
  0
ARC
  8
APS_GEOMETRY
 10
711.196
 20
-690.824
 40
2.761
 50
180.0
 51
198.246
  0
ARC
  8
APS_GEOMETRY
 10
711.183
 20
-690.824
 40
2.748
 50
156.161
 51
180.0
  0
ARC
  8
APS_GEOMETRY
 10
711.566
 20
-690.993
 40
3.167
 50
133.977
 51
156.161
  0
ARC
  8
APS_GEOMETRY
 10
712.329
 20
-691.784
 40
4.266
 50
116.996
 51
133.977
  0
ARC
  8
APS_GEOMETRY
 10
713.846
 20
-694.762
 40
7.608
 50
104.3
 51
116.996
  0
ARC
  8
APS_GEOMETRY
 10
714.238
 20
-696.268
 40
9.164
 50
95.326
 51
104.349
  0
ARC
  8
APS_GEOMETRY
 10
715.826
 20
-713.302
 40
26.272
 50
90.0
 51
95.326
  0
ARC
  8
APS_GEOMETRY
 10
715.826
 20
-700.043
 40
13.013
 50
87.553
 51
90.0
  0
ARC
  8
APS_GEOMETRY
 10
713.057
 20
-764.831
 40
77.86
 50
86.553
 51
87.553
  0
ARC
  8
APS_GEOMETRY
 10
709.121
 20
-830.177
 40
143.325
 50
86.009
 51
86.553
  0
ARC
  8
APS_GEOMETRY
 10
693.813
 20
-1049.591
 40
363.271
 50
85.668
 51
86.009
  0
ARC
  8
APS_GEOMETRY
 10
722.461
 20
-672.28
 40
15.125
 50
265.426
 51
268.531
  0
ARC
  8
APS_GEOMETRY
 10
723.806
 20
-619.837
 40
67.586
 50
268.531
 51
270.0
  0
ARC
  8
APS_GEOMETRY
 10
723.806
 20
-635.912
 40
51.511
 50
270.0
 51
271.637
  0
ARC
  8
APS_GEOMETRY
 10
722.655
 20
-595.627
 40
91.812
 50
271.637
 51
272.862
  0
ARC
  8
APS_GEOMETRY
 10
721.333
 20
-569.198
 40
118.274
 50
272.862
 51
273.814
  0
ARC
  8
APS_GEOMETRY
 10
716.86
 20
-502.094
 40
185.527
 50
273.814
 51
274.574
  0
ARC
  8
APS_GEOMETRY
 10
744.922
 20
-867.085
 40
180.543
 50
93.72
 51
94.214
  0
ARC
  8
APS_GEOMETRY
 10
738.933
 20
-774.967
 40
88.23
 50
93.013
 51
93.72
  0
ARC
  8
APS_GEOMETRY
 10
737.291
 20
-743.771
 40
56.991
 50
91.918
 51
93.013
  0
ARC
  8
APS_GEOMETRY
 10
736.004
 20
-705.356
 40
18.554
 50
90.0
 51
91.918
  0
ARC
  8
APS_GEOMETRY
 10
736.004
 20
-710.91
 40
24.109
 50
73.82
 51
90.0
  0
ARC
  8
APS_GEOMETRY
 10
738.38
 20
-702.72
 40
15.581
 50
53.658
 51
73.82
  0
ARC
  8
APS_GEOMETRY
 10
741.76
 20
-698.101
 40
9.857
 50
26.03
 51
53.569
  0
ARC
  8
APS_GEOMETRY
 10
740.723
 20
-698.607
 40
11.012
 50
360.0
 51
26.03
  0
ARC
  8
APS_GEOMETRY
 10
740.291
 20
-698.607
 40
11.443
 50
345.282
 51
360.0
  0
ARC
  8
APS_GEOMETRY
 10
741.392
 20
-698.896
 40
10.305
 50
329.767
 51
345.282
  0
ARC
  8
APS_GEOMETRY
 10
742.016
 20
-699.26
 40
9.583
 50
313.168
 51
329.767
  0
ARC
  8
APS_GEOMETRY
 10
742.247
 20
-699.506
 40
9.246
 50
296.267
 51
313.168
  0
ARC
  8
APS_GEOMETRY
 10
747.51
 20
-710.14
 40
2.62
 50
116.565
 51
139.899
  0
ARC
  8
APS_GEOMETRY
 10
746.203
 20
-709.04
 40
0.911
 50
139.899
 51
180.0
  0
ARC
  8
APS_GEOMETRY
 10
746.304
 20
-709.04
 40
1.013
 50
180.0
 51
226.193
  0
ARC
  8
APS_GEOMETRY
 10
748.175
 20
-707.089
 40
3.715
 50
226.193
 51
249.829
  0
ARC
  8
APS_GEOMETRY
 10
742.814
 20
-721.85
 40
11.989
 50
53.249
 51
70.105
  0
ARC
  8
APS_GEOMETRY
 10
745.25
 20
-718.589
 40
7.919
 50
32.471
 51
53.249
  0
ARC
  8
APS_GEOMETRY
 10
744.115
 20
-719.311
 40
9.264
 50
23.305
 51
32.471
  0
ARC
  8
APS_GEOMETRY
 10
737.104
 20
-722.331
 40
16.897
 50
16.521
 51
23.305
  0
ARC
  8
APS_GEOMETRY
 10
731.639
 20
-723.952
 40
22.598
 50
11.429
 51
16.521
  0
ARC
  8
APS_GEOMETRY
 10
716.149
 20
-727.084
 40
38.401
 50
7.524
 51
11.429
  0
ARC
  8
APS_GEOMETRY
 10
767.477
 20
-720.248
 40
13.38
 50
187.765
 51
196.914
  0
ARC
  8
APS_GEOMETRY
 10
756.534
 20
-723.576
 40
1.942
 50
196.914
 51
221.082
  0
ARC
  8
APS_GEOMETRY
 10
756.576
 20
-723.539
 40
1.997
 50
221.082
 51
244.607
  0
ARC
  8
APS_GEOMETRY
 10
761.249
 20
-713.694
 40
12.896
 50
244.607
 51
253.811
  0
ARC
  8
APS_GEOMETRY
 10
757.14
 20
-727.704
 40
1.705
 50
51.45
 51
72.474
  0
ARC
  8
APS_GEOMETRY
 10
756.718
 20
-728.233
 40
2.382
 50
33.69
 51
51.45
  0
ARC
  8
APS_GEOMETRY
 10
756.62
 20
-728.299
 40
2.5
 50
16.639
 51
33.69
  0
ARC
  8
APS_GEOMETRY
 10
756.5
 20
-728.335
 40
2.625
 50
360.0
 51
16.639
  0
ARC
  8
APS_GEOMETRY
 10
756.464
 20
-728.335
 40
2.662
 50
338.993
 51
360.0
  0
ARC
  8
APS_GEOMETRY
 10
754.839
 20
-727.711
 40
4.402
 50
322.696
 51
338.993
  0
ARC
  8
APS_GEOMETRY
 10
754.233
 20
-727.249
 40
5.164
 50
308.603
 51
322.696
  0
ARC
  8
APS_GEOMETRY
 10
753.816
 20
-726.727
 40
5.831
 50
295.346
 51
308.603
  0
ARC
  8
APS_GEOMETRY
 10
751.625
 20
-721.901
 40
11.131
 50
279.583
 51
294.905
  0
ARC
  8
APS_GEOMETRY
 10
748.758
 20
-704.92
 40
28.353
 50
270.0
 51
279.583
  0
ARC
  8
APS_GEOMETRY
 10
748.758
 20
-712.601
 40
20.672
 50
261.247
 51
270.0
  0
ARC
  8
APS_GEOMETRY
 10
747.434
 20
-721.202
 40
11.97
 50
249.737
 51
261.247
  0
ARC
  8
APS_GEOMETRY
 10
746.564
 20
-723.559
 40
9.457
 50
235.345
 51
249.737
  0
ARC
  8
APS_GEOMETRY
 10
745.465
 20
-725.149
 40
7.524
 50
219.198
 51
235.345
  0
ARC
  8
APS_GEOMETRY
 10
747.778
 20
-723.177
 40
10.563
 50
209.076
 51
219.56
  0
ARC
  8
APS_GEOMETRY
 10
753.118
 20
-720.208
 40
16.674
 50
200.735
 51
209.076
  0
ARC
  8
APS_GEOMETRY
 10
760.488
 20
-717.418
 40
24.554
 50
197.881
 51
200.735
  0
ARC
  8
APS_GEOMETRY
 10
790.769
 20
-707.648
 40
56.372
 50
195.997
 51
197.881
  0
ARC
  8
APS_GEOMETRY
 10
813.151
 20
-701.231
 40
79.656
 50
194.664
 51
195.997
  0
ARC
  8
APS_GEOMETRY
 10
875.147
 20
-685.009
 40
143.738
 50
193.671
 51
194.664
  0
ARC
  8
APS_GEOMETRY
 10
717.936
 20
-723.229
 40
18.051
 50
13.61
 51
23.585
  0
ARC
  8
APS_GEOMETRY
 10
729.756
 20
-718.069
 40
5.155
 50
23.585
 51
42.31
  0
ARC
  8
APS_GEOMETRY
 10
730.828
 20
-717.093
 40
3.705
 50
42.31
 51
67.521
  0
ARC
  8
APS_GEOMETRY
 10
729.979
 20
-719.144
 40
5.924
 50
67.521
 51
87.397
  0
LINE
  8
APS_GEOMETRY
 10
728.384
 11
728.024
 20
-696.547
 21
-704.167
  0
LINE
  8
APS_GEOMETRY
 10
728.024
 11
728.024
 20
-704.167
 21
-704.289
  0
LINE
  8
APS_GEOMETRY
 10
728.024
 11
728.024
 20
-704.289
 21
-704.461
  0
ARC
  8
APS_GEOMETRY
 10
733.319
 20
-704.461
 40
5.294
 50
180.0
 51
192.339
  0
ARC
  8
APS_GEOMETRY
 10
729.109
 20
-705.382
 40
0.986
 50
192.339
 51
221.186
  0
ARC
  8
APS_GEOMETRY
 10
729.009
 20
-705.47
 40
0.852
 50
221.186
 51
253.872
  0
ARC
  8
APS_GEOMETRY
 10
729.725
 20
-702.994
 40
3.429
 50
253.872
 51
270.0
  0
ARC
  8
APS_GEOMETRY
 10
729.725
 20
-698.453
 40
7.971
 50
270.0
 51
289.569
  0
ARC
  8
APS_GEOMETRY
 10
731.174
 20
-702.529
 40
3.644
 50
289.569
 51
318.681
  0
ARC
  8
APS_GEOMETRY
 10
730.782
 20
-702.185
 40
4.166
 50
318.681
 51
344.628
  0
ARC
  8
APS_GEOMETRY
 10
723.479
 20
-700.177
 40
11.74
 50
344.628
 51
0.0
  0
ARC
  8
APS_GEOMETRY
 10
726.951
 20
-700.177
 40
8.268
 50
0.0
 51
35.369
  0
ARC
  8
APS_GEOMETRY
 10
730.739
 20
-697.488
 40
3.623
 50
35.369
 51
90.0
  0
ARC
  8
APS_GEOMETRY
 10
730.739
 20
-697.528
 40
3.663
 50
90.0
 51
108.435
  0
ARC
  8
APS_GEOMETRY
 10
730.026
 20
-695.39
 40
1.409
 50
108.435
 51
138.366
  0
ARC
  8
APS_GEOMETRY
 10
730.217
 20
-695.56
 40
1.665
 50
138.366
 51
164.291
  0
ARC
  8
APS_GEOMETRY
 10
734.702
 20
-696.822
 40
6.324
 50
164.291
 51
177.51
  0
LINE
  8
APS_GEOMETRY
 10
778.898
 11
796.133
 20
-687.357
 21
-687.357
  0
ARC
  8
APS_GEOMETRY
 10
795.261
 20
-662.662
 40
24.711
 50
272.021
 51
278.44
  0
ARC
  8
APS_GEOMETRY
 10
796.234
 20
-669.217
 40
18.083
 50
278.44
 51
285.945
  0
ARC
  8
APS_GEOMETRY
 10
803.551
 20
-695.415
 40
9.118
 50
98.584
 51
104.931
  0
ARC
  8
APS_GEOMETRY
 10
802.935
 20
-691.334
 40
4.991
 50
90.0
 51
98.584
  0
ARC
  8
APS_GEOMETRY
 10
802.935
 20
-690.095
 40
3.752
 50
52.871
 51
90.0
  0
ARC
  8
APS_GEOMETRY
 10
797.846
 20
-696.816
 40
12.182
 50
32.518
 51
52.871
  0
ARC
  8
APS_GEOMETRY
 10
793.815
 20
-699.386
 40
16.963
 50
17.209
 51
32.518
  0
ARC
  8
APS_GEOMETRY
 10
797.175
 20
-698.346
 40
13.445
 50
360.0
 51
17.209
  0
ARC
  8
APS_GEOMETRY
 10
803.903
 20
-698.346
 40
6.717
 50
337.348
 51
360.0
  0
ARC
  8
APS_GEOMETRY
 10
806.603
 20
-699.472
 40
3.792
 50
307.042
 51
337.348
  0
ARC
  8
APS_GEOMETRY
 10
806.134
 20
-698.828
 40
4.589
 50
287.186
 51
306.87
  0
ARC
  8
APS_GEOMETRY
 10
805.715
 20
-697.474
 40
6.006
 50
270.0
 51
287.186
  0
ARC
  8
APS_GEOMETRY
 10
805.715
 20
-698.087
 40
5.393
 50
252.221
 51
270.0
  0
ARC
  8
APS_GEOMETRY
 10
805.464
 20
-698.87
 40
4.571
 50
232.896
 51
252.221
  0
ARC
  8
APS_GEOMETRY
 10
806.434
 20
-697.587
 40
6.18
 50
218.3
 51
232.896
  0
ARC
  8
APS_GEOMETRY
 10
814.014
 20
-691.6
 40
15.839
 50
209.197
 51
218.3
  0
ARC
  8
APS_GEOMETRY
 10
775.461
 20
-712.488
 40
28.012
 50
28.025
 51
32.699
  0
ARC
  8
APS_GEOMETRY
 10
795.617
 20
-699.548
 40
4.06
 50
32.699
 51
45.0
  0
ARC
  8
APS_GEOMETRY
 10
796.991
 20
-698.174
 40
2.116
 50
45.0
 51
67.557
  0
ARC
  8
APS_GEOMETRY
 10
796.983
 20
-698.194
 40
2.137
 50
67.557
 51
90.0
  0
ARC
  8
APS_GEOMETRY
 10
796.983
 20
-698.025
 40
1.969
 50
90.0
 51
120.801
  0
ARC
  8
APS_GEOMETRY
 10
796.916
 20
-697.914
 40
1.839
 50
120.801
 51
152.7
  0
ARC
  8
APS_GEOMETRY
 10
798.375
 20
-698.667
 40
3.481
 50
152.7
 51
171.085
  0
ARC
  8
APS_GEOMETRY
 10
809.464
 20
-700.406
 40
14.705
 50
171.085
 51
180.0
  0
LINE
  8
APS_GEOMETRY
 10
794.759
 11
794.759
 20
-700.406
 21
-718.72
  0
ARC
  8
APS_GEOMETRY
 10
814.186
 20
-718.72
 40
19.427
 50
180.0
 51
188.194
  0
ARC
  8
APS_GEOMETRY
 10
799.679
 20
-720.809
 40
4.77
 50
188.194
 51
204.775
  0
ARC
  8
APS_GEOMETRY
 10
798.269
 20
-721.46
 40
3.218
 50
204.775
 51
228.576
  0
ARC
  8
APS_GEOMETRY
 10
799.591
 20
-719.961
 40
5.216
 50
228.576
 51
247.218
  0
ARC
  8
APS_GEOMETRY
 10
791.923
 20
-738.033
 40
14.416
 50
59.381
 51
66.93
  0
ARC
  8
APS_GEOMETRY
 10
797.584
 20
-728.468
 40
3.301
 50
43.568
 51
59.381
  0
ARC
  8
APS_GEOMETRY
 10
798.489
 20
-727.606
 40
2.051
 50
19.041
 51
43.568
  0
ARC
  8
APS_GEOMETRY
 10
797.231
 20
-728.04
 40
3.382
 50
360.0
 51
19.041
  0
ARC
  8
APS_GEOMETRY
 10
797.866
 20
-728.04
 40
2.747
 50
317.66
 51
360.0
  0
ARC
  8
APS_GEOMETRY
 10
795.343
 20
-725.742
 40
6.16
 50
289.747
 51
317.66
  0
ARC
  8
APS_GEOMETRY
 10
793.231
 20
-719.857
 40
12.412
 50
281.964
 51
289.747
  0
ARC
  8
APS_GEOMETRY
 10
790.304
 20
-706.045
 40
26.531
 50
276.643
 51
281.964
  0
ARC
  8
APS_GEOMETRY
 10
789.072
 20
-695.47
 40
37.178
 50
272.836
 51
276.643
  0
ARC
  8
APS_GEOMETRY
 10
787.597
 20
-665.694
 40
66.99
 50
270.0
 51
272.836
  0
ARC
  8
APS_GEOMETRY
 10
787.597
 20
-647.244
 40
85.44
 50
267.283
 51
270.0
  0
ARC
  8
APS_GEOMETRY
 10
785.803
 20
-685.047
 40
47.595
 50
263.643
 51
267.283
  0
ARC
  8
APS_GEOMETRY
 10
784.301
 20
-698.531
 40
34.027
 50
258.563
 51
263.643
  0
ARC
  8
APS_GEOMETRY
 10
780.712
 20
-716.27
 40
15.929
 50
251.136
 51
258.563
  0
ARC
  8
APS_GEOMETRY
 10
777.508
 20
-725.563
 40
6.099
 50
222.558
 51
251.395
  0
ARC
  8
APS_GEOMETRY
 10
775.131
 20
-727.746
 40
2.871
 50
180.0
 51
222.558
  0
ARC
  8
APS_GEOMETRY
 10
774.651
 20
-727.746
 40
2.392
 50
150.642
 51
180.0
  0
ARC
  8
APS_GEOMETRY
 10
774.842
 20
-727.854
 40
2.612
 50
122.574
 51
150.642
  0
ARC
  8
APS_GEOMETRY
 10
774.336
 20
-727.271
 40
1.851
 50
108.677
 51
119.055
  0
ARC
  8
APS_GEOMETRY
 10
797.451
 20
-795.655
 40
74.036
 50
107.038
 51
108.677
  0
ARC
  8
APS_GEOMETRY
 10
774.897
 20
-721.892
 40
3.099
 50
286.144
 51
308.66
  0
ARC
  8
APS_GEOMETRY
 10
775.404
 20
-722.526
 40
2.287
 50
308.66
 51
334.933
  0
ARC
  8
APS_GEOMETRY
 10
773.339
 20
-721.56
 40
4.566
 50
334.933
 51
348.829
  0
ARC
  8
APS_GEOMETRY
 10
747.514
 20
-716.46
 40
30.891
 50
348.829
 51
354.161
  0
ARC
  8
APS_GEOMETRY
 10
730.058
 20
-714.661
 40
48.439
 50
354.144
 51
355.66
  0
ARC
  8
APS_GEOMETRY
 10
652.681
 20
-708.789
 40
126.038
 50
355.66
 51
356.6
  0
ARC
  8
APS_GEOMETRY
 10
593.532
 20
-705.275
 40
185.291
 50
356.6
 51
357.24
  0
ARC
  8
APS_GEOMETRY
 10
425.707
 20
-697.184
 40
353.311
 50
357.24
 51
357.703
  0
ARC
  8
APS_GEOMETRY
 10
442.228
 20
-697.846
 40
336.777
 50
357.703
 51
358.674
  0
ARC
  8
APS_GEOMETRY
 10
598.06
 20
-701.452
 40
180.903
 50
358.674
 51
0.0
  0
ARC
  8
APS_GEOMETRY
 10
752.153
 20
-701.452
 40
26.81
 50
0.0
 51
6.242
  0
ARC
  8
APS_GEOMETRY
 10
773.472
 20
-699.121
 40
5.364
 50
6.242
 51
20.225
  0
ARC
  8
APS_GEOMETRY
 10
776.427
 20
-698.032
 40
2.215
 50
20.225
 51
50.44
  0
ARC
  8
APS_GEOMETRY
 10
777.001
 20
-697.337
 40
1.314
 50
50.44
 51
90.0
  0
ARC
  8
APS_GEOMETRY
 10
777.001
 20
-697.786
 40
1.762
 50
90.0
 51
126.747
  0
ARC
  8
APS_GEOMETRY
 10
779.491
 20
-701.121
 40
5.924
 50
126.747
 51
146.547
  0
ARC
  8
APS_GEOMETRY
 10
735.503
 20
-672.208
 40
46.715
 50
324.255
 51
326.701
  0
ARC
  8
APS_GEOMETRY
 10
754.126
 20
-685.612
 40
23.77
 50
320.826
 51
324.255
  0
ARC
  8
APS_GEOMETRY
 10
760.213
 20
-690.571
 40
15.918
 50
315.722
 51
320.826
  0
ARC
  8
APS_GEOMETRY
 10
767.207
 20
-697.392
 40
6.149
 50
307.504
 51
315.722
  0
ARC
  8
APS_GEOMETRY
 10
766.562
 20
-696.53
 40
7.226
 50
291.306
 51
307.405
  0
ARC
  8
APS_GEOMETRY
 10
767.681
 20
-699.399
 40
4.146
 50
270.0
 51
291.306
  0
ARC
  8
APS_GEOMETRY
 10
767.681
 20
-699.667
 40
3.879
 50
245.532
 51
270.0
  0
ARC
  8
APS_GEOMETRY
 10
767.651
 20
-699.731
 40
3.808
 50
220.833
 51
245.532
  0
ARC
  8
APS_GEOMETRY
 10
768.044
 20
-699.391
 40
4.328
 50
198.684
 51
220.833
  0
ARC
  8
APS_GEOMETRY
 10
769.686
 20
-698.836
 40
6.06
 50
180.0
 51
198.684
  0
ARC
  8
APS_GEOMETRY
 10
773.533
 20
-698.836
 40
9.908
 50
168.408
 51
180.0
  0
ARC
  8
APS_GEOMETRY
 10
779.886
 20
-700.139
 40
16.393
 50
159.402
 51
168.408
  0
ARC
  8
APS_GEOMETRY
 10
781.849
 20
-700.877
 40
18.49
 50
151.39
 51
159.402
  0
ARC
  8
APS_GEOMETRY
 10
781.447
 20
-700.658
 40
18.032
 50
143.276
 51
151.39
  0
ARC
  8
APS_GEOMETRY
 10
776.397
 20
-696.882
 40
11.726
 50
124.216
 51
143.31
  0
ARC
  8
APS_GEOMETRY
 10
771.899
 20
-690.267
 40
3.728
 50
90.0
 51
124.216
  0
ARC
  8
APS_GEOMETRY
 10
771.899
 20
-691.924
 40
5.384
 50
82.725
 51
90.0
  0
ARC
  8
APS_GEOMETRY
 10
771.479
 20
-695.22
 40
8.707
 50
77.005
 51
82.725
  0
ARC
  8
APS_GEOMETRY
 10
784.327
 20
-633.273
 40
54.561
 50
258.486
 51
260.378
  0
ARC
  8
APS_GEOMETRY
 10
778.823
 20
-665.738
 40
21.633
 50
260.378
 51
263.382
  0
ARC
  8
APS_GEOMETRY
 10
778.352
 20
-669.795
 40
17.548
 50
263.382
 51
267.084
  0
ARC
  8
APS_GEOMETRY
 10
778.898
 20
-659.084
 40
28.273
 50
267.084
 51
270.0
  0
LINE
  8
APS_GEOMETRY
 10
822.315
 11
839.125
 20
-687.357
 21
-687.357
  0
ARC
  8
APS_GEOMETRY
 10
839.125
 20
-475.638
 40
211.72
 50
270.0
 51
270.69
  0
ARC
  8
APS_GEOMETRY
 10
840.318
 20
-574.694
 40
112.656
 50
270.69
 51
271.637
  0
ARC
  8
APS_GEOMETRY
 10
841.324
 20
-609.888
 40
77.448
 50
271.637
 51
273.013
  0
ARC
  8
APS_GEOMETRY
 10
843.774
 20
-656.45
 40
30.821
 50
273.013
 51
275.194
  0
ARC
  8
APS_GEOMETRY
 10
844.382
 20
-663.132
 40
24.112
 50
275.194
 51
280.756
  0
ARC
  8
APS_GEOMETRY
 10
844.496
 20
-663.733
 40
23.5
 50
280.756
 51
286.39
  0
ARC
  8
APS_GEOMETRY
 10
853.11
 20
-693.218
 40
7.217
 50
100.305
 51
105.945
  0
ARC
  8
APS_GEOMETRY
 10
852.206
 20
-688.248
 40
2.166
 50
90.0
 51
100.305
  0
ARC
  8
APS_GEOMETRY
 10
852.206
 20
-689.022
 40
2.94
 50
58.946
 51
90.0
  0
ARC
  8
APS_GEOMETRY
 10
851.082
 20
-690.889
 40
5.119
 50
35.538
 51
58.946
  0
ARC
  8
APS_GEOMETRY
 10
846.693
 20
-694.118
 40
10.568
 50
16.699
 51
35.952
  0
ARC
  8
APS_GEOMETRY
 10
843.392
 20
-695.108
 40
14.014
 50
360.0
 51
16.699
  0
ARC
  8
APS_GEOMETRY
 10
849.542
 20
-695.108
 40
7.864
 50
344.982
 51
360.0
  0
ARC
  8
APS_GEOMETRY
 10
853.316
 20
-696.121
 40
3.956
 50
323.746
 51
344.982
  0
ARC
  8
APS_GEOMETRY
 10
854.155
 20
-696.736
 40
2.916
 50
296.114
 51
323.746
  0
ARC
  8
APS_GEOMETRY
 10
854.005
 20
-696.429
 40
3.258
 50
270.0
 51
296.114
  0
ARC
  8
APS_GEOMETRY
 10
854.005
 20
-695.602
 40
4.084
 50
255.311
 51
270.0
  0
ARC
  8
APS_GEOMETRY
 10
853.459
 20
-697.685
 40
1.931
 50
233.881
 51
255.311
  0
ARC
  8
APS_GEOMETRY
 10
854.033
 20
-696.898
 40
2.906
 50
219.289
 51
233.881
  0
ARC
  8
APS_GEOMETRY
 10
865.564
 20
-687.464
 40
17.803
 50
213.408
 51
219.289
  0
ARC
  8
APS_GEOMETRY
 10
843.962
 20
-701.692
 40
8.063
 50
33.294
 51
51.246
  0
ARC
  8
APS_GEOMETRY
 10
845.06
 20
-700.324
 40
6.309
 50
51.246
 51
71.565
  0
ARC
  8
APS_GEOMETRY
 10
844.334
 20
-702.502
 40
8.604
 50
71.565
 51
79.278
  0
ARC
  8
APS_GEOMETRY
 10
842.006
 20
-714.797
 40
21.118
 50
79.278
 51
84.2
  0
ARC
  8
APS_GEOMETRY
 10
841.013
 20
-724.576
 40
30.947
 50
84.2
 51
87.567
  0
ARC
  8
APS_GEOMETRY
 10
839.811
 20
-752.854
 40
59.251
 50
87.567
 51
90.0
  0
ARC
  8
APS_GEOMETRY
 10
839.811
 20
-710.259
 40
16.656
 50
90.0
 51
96.374
  0
ARC
  8
APS_GEOMETRY
 10
838.706
 20
-700.363
 40
6.698
 50
96.374
 51
106.434
  0
ARC
  8
APS_GEOMETRY
 10
837.92
 20
-697.7
 40
3.921
 50
106.434
 51
123.056
  0
ARC
  8
APS_GEOMETRY
 10
836.694
 20
-695.815
 40
1.673
 50
123.056
 51
148.627
  0
ARC
  8
APS_GEOMETRY
 10
837.814
 20
-696.45
 40
2.96
 50
149.421
 51
165.28
  0
ARC
  8
APS_GEOMETRY
 10
841.043
 20
-697.299
 40
6.298
 50
165.28
 51
176.135
  0
ARC
  8
APS_GEOMETRY
 10
850.285
 20
-697.923
 40
15.562
 50
176.135
 51
178.367
  0
ARC
  8
APS_GEOMETRY
 10
935.791
 20
-700.361
 40
101.103
 50
178.367
 51
179.242
  0
ARC
  8
APS_GEOMETRY
 10
1024.16
 20
-701.53
 40
189.479
 50
179.242
 51
179.709
  0
ARC
  8
APS_GEOMETRY
 10
1324.809
 20
-703.055
 40
490.132
 50
179.709
 51
180.0
  0
ARC
  8
APS_GEOMETRY
 10
841.768
 20
-703.055
 40
7.091
 50
180.0
 51
195.027
  0
ARC
  8
APS_GEOMETRY
 10
835.969
 20
-704.612
 40
1.086
 50
195.027
 51
234.058
  0
ARC
  8
APS_GEOMETRY
 10
836.025
 20
-704.534
 40
1.183
 50
234.058
 51
253.191
  0
ARC
  8
APS_GEOMETRY
 10
837.262
 20
-700.438
 40
5.461
 50
253.191
 51
262.063
  0
ARC
  8
APS_GEOMETRY
 10
837.896
 20
-695.893
 40
10.05
 50
262.063
 51
266.949
  0
ARC
  8
APS_GEOMETRY
 10
838.732
 20
-680.211
 40
25.755
 50
266.949
 51
270.0
  0
ARC
  8
APS_GEOMETRY
 10
838.732
 20
-701.244
 40
4.722
 50
270.0
 51
286.007
  0
ARC
  8
APS_GEOMETRY
 10
839.559
 20
-704.125
 40
1.725
 50
286.007
 51
312.647
  0
ARC
  8
APS_GEOMETRY
 10
839.541
 20
-704.106
 40
1.75
 50
312.647
 51
338.993
  0
ARC
  8
APS_GEOMETRY
 10
835.967
 20
-702.733
 40
5.58
 50
338.993
 51
353.66
  0
ARC
  8
APS_GEOMETRY
 10
872.886
 20
-707.136
 40
31.601
 50
169.663
 51
173.118
  0
ARC
  8
APS_GEOMETRY
 10
846.496
 20
-702.323
 40
4.776
 50
160.769
 51
169.663
  0
ARC
  8
APS_GEOMETRY
 10
844.289
 20
-701.553
 40
2.439
 50
143.746
 51
160.769
  0
ARC
  8
APS_GEOMETRY
 10
844.822
 20
-701.944
 40
3.1
 50
128.66
 51
143.746
  0
ARC
  8
APS_GEOMETRY
 10
844.467
 20
-701.367
 40
2.429
 50
110.171
 51
130.601
  0
ARC
  8
APS_GEOMETRY
 10
844.488
 20
-701.426
 40
2.492
 50
90.0
 51
110.171
  0
ARC
  8
APS_GEOMETRY
 10
844.488
 20
-701.461
 40
2.527
 50
61.22
 51
90.0
  0
ARC
  8
APS_GEOMETRY
 10
844.047
 20
-702.264
 40
3.443
 50
36.634
 51
61.22
  0
ARC
  8
APS_GEOMETRY
 10
843.633
 20
-702.51
 40
3.923
 50
19.103
 51
35.91
  0
ARC
  8
APS_GEOMETRY
 10
830.838
 20
-706.942
 40
17.463
 50
11.16
 51
19.103
  0
ARC
  8
APS_GEOMETRY
 10
824.153
 20
-708.261
 40
24.277
 50
5.396
 51
11.16
  0
ARC
  8
APS_GEOMETRY
 10
820.753
 20
-708.582
 40
27.692
 50
0.0
 51
5.396
  0
ARC
  8
APS_GEOMETRY
 10
821.235
 20
-708.582
 40
27.21
 50
349.287
 51
0.0
  0
ARC
  8
APS_GEOMETRY
 10
834.593
 20
-711.109
 40
13.615
 50
334.12
 51
349.287
  0
ARC
  8
APS_GEOMETRY
 10
843.795
 20
-715.556
 40
3.396
 50
303.53
 51
333.853
  0
ARC
  8
APS_GEOMETRY
 10
844.128
 20
-716.059
 40
2.791
 50
270.0
 51
303.53
  0
ARC
  8
APS_GEOMETRY
 10
844.128
 20
-715.929
 40
2.922
 50
249.578
 51
270.0
  0
ARC
  8
APS_GEOMETRY
 10
843.507
 20
-717.598
 40
1.14
 50
216.607
 51
249.578
  0
ARC
  8
APS_GEOMETRY
 10
844.101
 20
-717.157
 40
1.881
 50
195.422
 51
216.607
  0
ARC
  8
APS_GEOMETRY
 10
854.363
 20
-714.326
 40
12.526
 50
187.253
 51
195.422
  0
ARC
  8
APS_GEOMETRY
 10
837.79
 20
-716.458
 40
4.183
 50
7.561
 51
49.434
  0
ARC
  8
APS_GEOMETRY
 10
837.62
 20
-716.657
 40
4.445
 50
49.434
 51
90.0
  0
ARC
  8
APS_GEOMETRY
 10
837.62
 20
-715.203
 40
2.991
 50
90.0
 51
115.224
  0
ARC
  8
APS_GEOMETRY
 10
837.029
 20
-713.947
 40
1.603
 50
115.224
 51
149.931
  0
ARC
  8
APS_GEOMETRY
 10
838.098
 20
-714.566
 40
2.838
 50
149.931
 51
171.111
  0
ARC
  8
APS_GEOMETRY
 10
851.066
 20
-716.594
 40
15.963
 50
171.111
 51
180.0
  0
ARC
  8
APS_GEOMETRY
 10
863.841
 20
-716.594
 40
28.739
 50
180.0
 51
183.062
  0
ARC
  8
APS_GEOMETRY
 10
907.829
 20
-714.241
 40
72.789
 50
183.062
 51
184.986
  0
ARC
  8
APS_GEOMETRY
 10
884.756
 20
-716.254
 40
49.629
 50
184.986
 51
187.804
  0
ARC
  8
APS_GEOMETRY
 10
841.055
 20
-722.243
 40
5.52
 50
187.804
 51
196.26
  0
ARC
  8
APS_GEOMETRY
 10
837.201
 20
-723.404
 40
1.496
 50
194.931
 51
230.024
  0
ARC
  8
APS_GEOMETRY
 10
838.182
 20
-722.234
 40
3.022
 50
230.024
 51
254.511
  0
ARC
  8
APS_GEOMETRY
 10
839.374
 20
-717.933
 40
7.485
 50
254.511
 51
265.219
  0
ARC
  8
APS_GEOMETRY
 10
841.872
 20
-688.066
 40
37.456
 50
265.219
 51
270.0
  0
ARC
  8
APS_GEOMETRY
 10
841.872
 20
-692.026
 40
33.497
 50
270.0
 51
274.186
  0
ARC
  8
APS_GEOMETRY
 10
842.89
 20
-705.942
 40
19.543
 50
274.186
 51
279.668
  0
ARC
  8
APS_GEOMETRY
 10
843.726
 20
-710.85
 40
14.564
 50
279.668
 51
286.991
  0
ARC
  8
APS_GEOMETRY
 10
845.639
 20
-717.11
 40
8.018
 50
286.991
 51
296.866
  0
ARC
  8
APS_GEOMETRY
 10
846.037
 20
-717.895
 40
7.139
 50
296.866
 51
318.366
  0
ARC
  8
APS_GEOMETRY
 10
842.038
 20
-714.34
 40
12.489
 50
318.366
 51
334.581
  0
ARC
  8
APS_GEOMETRY
 10
868.367
 20
-726.966
 40
16.711
 50
147.08
 51
154.231
  0
ARC
  8
APS_GEOMETRY
 10
857.361
 20
-719.84
 40
3.599
 50
131.634
 51
147.08
  0
ARC
  8
APS_GEOMETRY
 10
856.54
 20
-718.917
 40
2.364
 50
108.875
 51
131.634
  0
ARC
  8
APS_GEOMETRY
 10
856.883
 20
-719.919
 40
3.423
 50
90.0
 51
108.875
  0
ARC
  8
APS_GEOMETRY
 10
856.883
 20
-719.224
 40
2.727
 50
62.628
 51
90.0
  0
ARC
  8
APS_GEOMETRY
 10
856.71
 20
-719.557
 40
3.103
 50
36.995
 51
62.628
  0
ARC
  8
APS_GEOMETRY
 10
855.937
 20
-720.14
 40
4.071
 50
16.728
 51
36.995
  0
ARC
  8
APS_GEOMETRY
 10
854.131
 20
-720.682
 40
5.956
 50
360.0
 51
16.728
  0
ARC
  8
APS_GEOMETRY
 10
850.556
 20
-720.682
 40
9.532
 50
348.323
 51
360.0
  0
ARC
  8
APS_GEOMETRY
 10
836.247
 20
-717.725
 40
24.143
 50
340.994
 51
348.323
  0
ARC
  8
APS_GEOMETRY
 10
832.853
 20
-716.556
 40
27.733
 50
334.592
 51
340.994
  0
ARC
  8
APS_GEOMETRY
 10
838.776
 20
-719.37
 40
21.175
 50
327.265
 51
334.592
  0
ARC
  8
APS_GEOMETRY
 10
845.657
 20
-723.425
 40
13.198
 50
320.133
 51
325.923
  0
ARC
  8
APS_GEOMETRY
 10
853.659
 20
-730.109
 40
2.771
 50
307.476
 51
320.133
  0
ARC
  8
APS_GEOMETRY
 10
854.36
 20
-731.023
 40
1.619
 50
286.429
 51
307.476
  0
ARC
  8
APS_GEOMETRY
 10
854.07
 20
-730.039
 40
2.646
 50
270.0
 51
286.429
  0
ARC
  8
APS_GEOMETRY
 10
854.07
 20
-726.98
 40
5.704
 50
263.774
 51
270.0
  0
ARC
  8
APS_GEOMETRY
 10
855.739
 20
-711.683
 40
21.092
 50
260.538
 51
263.774
  0
ARC
  8
APS_GEOMETRY
 10
848.27
 20
-753.829
 40
21.713
 50
79.38
 51
84.987
  0
ARC
  8
APS_GEOMETRY
 10
845.032
 20
-790.74
 40
58.766
 50
84.987
 51
88.394
  0
LINE
  8
APS_GEOMETRY
 10
846.679
 11
818.947
 20
-731.998
 21
-731.998
  0
ARC
  8
APS_GEOMETRY
 10
818.947
 20
-726.194
 40
5.804
 50
254.103
 51
270.0
  0
ARC
  8
APS_GEOMETRY
 10
818.129
 20
-729.064
 40
2.82
 50
231.216
 51
254.103
  0
ARC
  8
APS_GEOMETRY
 10
817.794
 20
-729.481
 40
2.284
 50
203.795
 51
231.216
  0
ARC
  8
APS_GEOMETRY
 10
818.466
 20
-729.185
 40
3.019
 50
180.0
 51
203.795
  0
ARC
  8
APS_GEOMETRY
 10
818.72
 20
-729.185
 40
3.273
 50
164.055
 51
180.0
  0
ARC
  8
APS_GEOMETRY
 10
816.704
 20
-728.609
 40
1.175
 50
137.291
 51
164.055
  0
ARC
  8
APS_GEOMETRY
 10
817.31
 20
-729.169
 40
2.001
 50
120.964
 51
137.291
  0
ARC
  8
APS_GEOMETRY
 10
823.811
 20
-740.003
 40
14.637
 50
114.944
 51
120.964
  0
ARC
  8
APS_GEOMETRY
 10
815.696
 20
-722.249
 40
4.886
 50
293.429
 51
305.72
  0
ARC
  8
APS_GEOMETRY
 10
817.04
 20
-724.118
 40
2.584
 50
305.72
 51
322.651
  0
ARC
  8
APS_GEOMETRY
 10
816.831
 20
-723.959
 40
2.846
 50
322.651
 51
338.11
  0
ARC
  8
APS_GEOMETRY
 10
812.773
 20
-722.329
 40
7.219
 50
338.11
 51
347.8
  0
ARC
  8
APS_GEOMETRY
 10
787.573
 20
-716.805
 40
33.018
 50
347.672
 51
352.051
  0
ARC
  8
APS_GEOMETRY
 10
763.18
 20
-713.399
 40
57.647
 50
352.051
 51
355.365
  0
ARC
  8
APS_GEOMETRY
 10
746.753
 20
-712.067
 40
74.128
 50
355.365
 51
357.943
  0
ARC
  8
APS_GEOMETRY
 10
704.343
 20
-710.544
 40
116.566
 50
357.943
 51
0.0
  0
ARC
  8
APS_GEOMETRY
 10
655.391
 20
-710.544
 40
165.518
 50
0.0
 51
2.183
  0
ARC
  8
APS_GEOMETRY
 10
754.366
 20
-706.771
 40
66.471
 50
2.183
 51
5.629
  0
ARC
  8
APS_GEOMETRY
 10
783.85
 20
-703.865
 40
36.844
 50
5.629
 51
11.805
  0
ARC
  8
APS_GEOMETRY
 10
812.466
 20
-697.884
 40
7.61
 50
11.805
 51
25.419
  0
ARC
  8
APS_GEOMETRY
 10
816.169
 20
-696.202
 40
3.544
 50
26.565
 51
38.157
  0
ARC
  8
APS_GEOMETRY
 10
817.814
 20
-694.91
 40
1.452
 50
38.157
 51
56.31
  0
ARC
  8
APS_GEOMETRY
 10
817.466
 20
-695.432
 40
2.079
 50
56.31
 51
69.193
  0
ARC
  8
APS_GEOMETRY
 10
812.586
 20
-708.273
 40
15.817
 50
69.193
 51
73.856
  0
ARC
  8
APS_GEOMETRY
 10
817.734
 20
-690.566
 40
2.623
 50
216.87
 51
253.393
  0
ARC
  8
APS_GEOMETRY
 10
817.696
 20
-690.595
 40
2.576
 50
180.0
 51
216.87
  0
ARC
  8
APS_GEOMETRY
 10
818.258
 20
-690.595
 40
3.138
 50
161.565
 51
180.0
  0
ARC
  8
APS_GEOMETRY
 10
818.145
 20
-690.557
 40
3.018
 50
142.765
 51
161.565
  0
ARC
  8
APS_GEOMETRY
 10
818.072
 20
-690.502
 40
2.928
 50
123.425
 51
142.765
  0
ARC
  8
APS_GEOMETRY
 10
818.138
 20
-690.602
 40
3.047
 50
104.47
 51
123.425
  0
ARC
  8
APS_GEOMETRY
 10
818.718
 20
-693.464
 40
5.965
 50
96.724
 51
102.995
  0
ARC
  8
APS_GEOMETRY
 10
820.519
 20
-708.739
 40
21.346
 50
93.411
 51
96.724
  0
ARC
  8
APS_GEOMETRY
 10
821.319
 20
-722.16
 40
34.791
 50
91.375
 51
93.411
  0
ARC
  8
APS_GEOMETRY
 10
822.315
 20
-763.66
 40
76.303
 50
90.0
 51
91.375
  0
LINE
  8
COSTRUZIONI
 10
696.0
 11
-28.0
 20
0.0
 21
0.0
  0
LINE
  8
COSTRUZIONI
 10
696.0
 11
696.0
 20
0.0
 21
2040.0
  0
LINE
  8
COSTRUZIONI
 10
696.0
 11
-28.0
 20
2040.0
 21
2040.0
  0
LINE
  8
COSTRUZIONI
 10
-28.0
 11
-28.0
 20
2040.0
 21
0.0
  0
LINE
  8
COSTRUZIONI
 10
56.5
 11
56.5
 20
845.727
 21
100.0
  0
LINE
  8
COSTRUZIONI
 10
56.5
 11
611.5
 20
100.0
 21
100.0
  0
LINE
  8
COSTRUZIONI
 10
611.5
 11
611.5
 20
100.0
 21
1940.0
  0
LINE
  8
COSTRUZIONI
 10
611.5
 11
56.5
 20
1940.0
 21
1940.0
  0
LINE
  8
COSTRUZIONI
 10
56.5
 11
56.5
 20
1940.0
 21
1117.912
  0
LINE
  8
COSTRUZIONI
 10
56.5
 11
56.5
 20
845.727
 21
1117.912
  0
LINE
  8
COSTRUZIONI
 10
581.5
 11
86.5
 20
1610.0
 21
1610.0
  0
LINE
  8
COSTRUZIONI
 10
86.5
 11
86.5
 20
1610.0
 21
1910.0
  0
LINE
  8
COSTRUZIONI
 10
86.5
 11
581.5
 20
1910.0
 21
1910.0
  0
LINE
  8
COSTRUZIONI
 10
581.5
 11
581.5
 20
1910.0
 21
1610.0
  0
LINE
  8
COSTRUZIONI
 10
86.5
 11
86.5
 20
130.0
 21
430.0
  0
LINE
  8
COSTRUZIONI
 10
86.5
 11
581.5
 20
430.0
 21
430.0
  0
LINE
  8
COSTRUZIONI
 10
581.5
 11
581.5
 20
430.0
 21
130.0
  0
LINE
  8
COSTRUZIONI
 10
581.5
 11
86.5
 20
130.0
 21
130.0
  0
LINE
  8
COSTRUZIONI
 10
581.5
 11
86.5
 20
495.0
 21
495.0
  0
LINE
  8
COSTRUZIONI
 10
581.5
 11
581.5
 20
495.0
 21
1545.0
  0
LINE
  8
COSTRUZIONI
 10
581.5
 11
86.5
 20
1545.0
 21
1545.0
  0
LINE
  8
COSTRUZIONI
 10
86.5
 11
86.5
 20
1545.0
 21
495.0
  0
LINE
  8
COSTRUZIONI
 10
76.5
 11
76.5
 20
485.0
 21
1555.0
  0
LINE
  8
COSTRUZIONI
 10
76.5
 11
591.5
 20
1555.0
 21
1555.0
  0
LINE
  8
COSTRUZIONI
 10
591.5
 11
591.5
 20
1555.0
 21
485.0
  0
LINE
  8
COSTRUZIONI
 10
76.5
 11
591.5
 20
485.0
 21
485.0
  0
LINE
  8
COSTRUZIONI
 10
-63.938
 11
-63.938
 20
2426.311
 21
2626.311
  0
LINE
  8
COSTRUZIONI
 10
-63.938
 11
1936.062
 20
2626.311
 21
2626.311
  0
LINE
  8
COSTRUZIONI
 10
1936.062
 11
1936.062
 20
2626.311
 21
2426.311
  0
LINE
  8
COSTRUZIONI
 10
1936.062
 11
-63.938
 20
2426.311
 21
2426.311
  0
LINE
  8
COSTRUZIONI
 10
236.062
 11
236.062
 20
2426.311
 21
2626.311
  0
LINE
  8
COSTRUZIONI
 10
536.062
 11
536.062
 20
2426.311
 21
2626.311
  0
LINE
  8
COSTRUZIONI
 10
986.062
 11
986.062
 20
2426.311
 21
2626.311
  0
LINE
  8
COSTRUZIONI
 10
1436.062
 11
1436.062
 20
2426.311
 21
2626.311
  0
LINE
  8
COSTRUZIONI
 10
-63.938
 11
-63.938
 20
2426.311
 21
2276.311
  0
LINE
  8
COSTRUZIONI
 10
-63.938
 11
1936.062
 20
2276.311
 21
2276.311
  0
LINE
  8
COSTRUZIONI
 10
1936.062
 11
1936.062
 20
2426.311
 21
2276.311
  0
LINE
  8
COSTRUZIONI
 10
331.04
 11
331.04
 20
2426.311
 21
2276.311
  0
LINE
  8
APS_GEOMETRY
 10
40.031
 11
90.031
 20
2287.04
 21
2287.04
  0
LINE
  8
APS_GEOMETRY
 10
90.031
 11
90.031
 20
2287.04
 21
2337.04
  0
LINE
  8
APS_GEOMETRY
 10
90.031
 11
40.031
 20
2337.04
 21
2337.04
  0
LINE
  8
APS_GEOMETRY
 10
40.031
 11
40.031
 20
2337.04
 21
2287.04
  0
LINE
  8
APS_GEOMETRY
 10
268.234
 11
318.234
 20
2287.04
 21
2287.04
  0
LINE
  8
APS_GEOMETRY
 10
318.234
 11
318.234
 20
2287.04
 21
2337.04
  0
LINE
  8
APS_GEOMETRY
 10
318.234
 11
268.234
 20
2337.04
 21
2337.04
  0
LINE
  8
APS_GEOMETRY
 10
268.234
 11
268.234
 20
2337.04
 21
2287.04
  0
LINE
  8
COSTRUZIONI
 10
-63.938
 11
331.04
 20
2358.314
 21
2358.314
  0
LINE
  8
COSTRUZIONI
 10
133.551
 11
133.551
 20
2358.314
 21
2276.311
  0
LINE
  8
COSTRUZIONI
 10
479.38
 11
497.08
 20
2313.277
 21
2313.277
  0
LINE
  8
COSTRUZIONI
 10
497.08
 11
497.08
 20
2313.277
 21
2309.777
  0
LINE
  8
COSTRUZIONI
 10
497.08
 11
479.38
 20
2309.777
 21
2309.777
  0
LINE
  8
COSTRUZIONI
 10
479.38
 11
479.38
 20
2309.777
 21
2313.277
  0
LINE
  8
COSTRUZIONI
 10
487.08
 11
487.08
 20
2313.277
 21
2339.777
  0
ARC
  8
COSTRUZIONI
 10
484.08
 20
2339.777
 40
3.0
 50
0.0
 51
90.0
  0
LINE
  8
COSTRUZIONI
 10
484.08
 11
465.08
 20
2342.777
 21
2342.777
  0
ARC
  8
COSTRUZIONI
 10
465.08
 20
2339.777
 40
3.0
 50
90.0
 51
180.0
  0
LINE
  8
COSTRUZIONI
 10
462.08
 11
462.08
 20
2339.777
 21
2318.777
  0
LINE
  8
COSTRUZIONI
 10
462.08
 11
457.58
 20
2318.777
 21
2318.777
  0
LINE
  8
COSTRUZIONI
 10
457.58
 11
457.58
 20
2318.777
 21
2332.777
  0
LINE
  8
COSTRUZIONI
 10
457.58
 11
453.58
 20
2332.777
 21
2332.777
  0
LINE
  8
COSTRUZIONI
 10
453.58
 11
453.58
 20
2332.777
 21
2296.996
  0
LINE
  8
COSTRUZIONI
 10
497.58
 11
497.58
 20
2283.005
 21
2308.777
  0
LINE
  8
COSTRUZIONI
 10
517.954
 11
503.08
 20
2297.777
 21
2297.777
  0
ARC
  8
COSTRUZIONI
 10
503.08
 20
2300.777
 40
3.0
 50
180.0
 51
270.0
  0
LINE
  8
COSTRUZIONI
 10
500.08
 11
500.08
 20
2300.777
 21
2312.777
  0
LINE
  8
COSTRUZIONI
 10
500.08
 11
491.58
 20
2312.777
 21
2312.777
  0
ARC
  8
COSTRUZIONI
 10
491.58
 20
2314.277
 40
1.5
 50
180.0
 51
270.0
  0
LINE
  8
COSTRUZIONI
 10
490.08
 11
490.08
 20
2314.277
 21
2339.777
  0
ARC
  8
COSTRUZIONI
 10
493.08
 20
2339.777
 40
3.0
 50
90.0
 51
180.0
  0
LINE
  8
COSTRUZIONI
 10
493.08
 11
519.116
 20
2342.777
 21
2342.777
  0
LINE
  8
QUOTATURA
 10
412.02
 11
412.02
 20
2298.97
 21
2299.637
  0
LINE
  8
COSTRUZIONI
 10
394.82
 11
402.52
 20
2303.803
 21
2303.803
  0
ARC
  8
COSTRUZIONI
 10
407.52
 20
2291.803
 40
13.0
 50
67.38
 51
112.62
  0
LINE
  8
COSTRUZIONI
 10
412.52
 11
412.52
 20
2303.803
 21
2300.303
  0
LINE
  8
COSTRUZIONI
 10
412.52
 11
394.82
 20
2300.303
 21
2300.303
  0
LINE
  8
COSTRUZIONI
 10
394.82
 11
394.82
 20
2300.303
 21
2303.803
  0
LINE
  8
COSTRUZIONI
 10
394.997
 11
394.82
 20
2300.303
 21
2300.48
  0
LINE
  8
COSTRUZIONI
 10
394.82
 11
395.527
 20
2301.011
 21
2300.303
  0
LINE
  8
COSTRUZIONI
 10
395.704
 11
394.82
 20
2300.303
 21
2301.187
  0
LINE
  8
COSTRUZIONI
 10
394.82
 11
396.235
 20
2301.718
 21
2300.303
  0
LINE
  8
COSTRUZIONI
 10
396.411
 11
394.82
 20
2300.303
 21
2301.894
  0
LINE
  8
COSTRUZIONI
 10
394.82
 11
396.942
 20
2302.425
 21
2300.303
  0
LINE
  8
COSTRUZIONI
 10
397.118
 11
394.82
 20
2300.303
 21
2302.602
  0
LINE
  8
COSTRUZIONI
 10
394.82
 11
397.649
 20
2303.132
 21
2300.303
  0
LINE
  8
COSTRUZIONI
 10
397.826
 11
394.82
 20
2300.303
 21
2303.309
  0
LINE
  8
COSTRUZIONI
 10
394.856
 11
398.356
 20
2303.803
 21
2300.303
  0
LINE
  8
COSTRUZIONI
 10
398.533
 11
395.033
 20
2300.303
 21
2303.803
  0
LINE
  8
COSTRUZIONI
 10
395.563
 11
399.063
 20
2303.803
 21
2300.303
  0
LINE
  8
COSTRUZIONI
 10
399.24
 11
395.74
 20
2300.303
 21
2303.803
  0
LINE
  8
COSTRUZIONI
 10
396.27
 11
399.77
 20
2303.803
 21
2300.303
  0
LINE
  8
COSTRUZIONI
 10
399.947
 11
396.447
 20
2300.303
 21
2303.803
  0
LINE
  8
COSTRUZIONI
 10
396.977
 11
400.477
 20
2303.803
 21
2300.303
  0
LINE
  8
COSTRUZIONI
 10
400.654
 11
397.154
 20
2300.303
 21
2303.803
  0
LINE
  8
COSTRUZIONI
 10
397.684
 11
401.184
 20
2303.803
 21
2300.303
  0
LINE
  8
COSTRUZIONI
 10
401.361
 11
397.861
 20
2300.303
 21
2303.803
  0
LINE
  8
COSTRUZIONI
 10
398.391
 11
401.891
 20
2303.803
 21
2300.303
  0
LINE
  8
COSTRUZIONI
 10
402.068
 11
398.568
 20
2300.303
 21
2303.803
  0
LINE
  8
COSTRUZIONI
 10
399.099
 11
402.599
 20
2303.803
 21
2300.303
  0
LINE
  8
COSTRUZIONI
 10
402.775
 11
399.275
 20
2300.303
 21
2303.803
  0
LINE
  8
COSTRUZIONI
 10
399.806
 11
403.306
 20
2303.803
 21
2300.303
  0
LINE
  8
COSTRUZIONI
 10
403.482
 11
399.982
 20
2300.303
 21
2303.803
  0
LINE
  8
COSTRUZIONI
 10
400.513
 11
404.013
 20
2303.803
 21
2300.303
  0
LINE
  8
COSTRUZIONI
 10
404.19
 11
400.69
 20
2300.303
 21
2303.803
  0
LINE
  8
COSTRUZIONI
 10
401.22
 11
404.72
 20
2303.803
 21
2300.303
  0
LINE
  8
COSTRUZIONI
 10
404.897
 11
401.397
 20
2300.303
 21
2303.803
  0
LINE
  8
COSTRUZIONI
 10
401.927
 11
405.427
 20
2303.803
 21
2300.303
  0
LINE
  8
COSTRUZIONI
 10
405.604
 11
402.104
 20
2300.303
 21
2303.803
  0
LINE
  8
COSTRUZIONI
 10
402.601
 11
406.134
 20
2303.837
 21
2300.303
  0
LINE
  8
COSTRUZIONI
 10
406.311
 11
402.727
 20
2300.303
 21
2303.887
  0
LINE
  8
COSTRUZIONI
 10
403.112
 11
406.841
 20
2304.033
 21
2300.303
  0
LINE
  8
COSTRUZIONI
 10
407.018
 11
403.242
 20
2300.303
 21
2304.079
  0
LINE
  8
COSTRUZIONI
 10
403.641
 11
407.548
 20
2304.211
 21
2300.303
  0
LINE
  8
COSTRUZIONI
 10
407.725
 11
403.776
 20
2300.303
 21
2304.253
  0
LINE
  8
COSTRUZIONI
 10
404.189
 11
408.255
 20
2304.369
 21
2300.303
  0
LINE
  8
COSTRUZIONI
 10
408.432
 11
404.33
 20
2300.303
 21
2304.406
  0
LINE
  8
COSTRUZIONI
 10
404.759
 11
408.962
 20
2304.507
 21
2300.303
  0
LINE
  8
COSTRUZIONI
 10
409.139
 11
404.905
 20
2300.303
 21
2304.538
  0
LINE
  8
COSTRUZIONI
 10
405.352
 11
409.67
 20
2304.621
 21
2300.303
  0
LINE
  8
COSTRUZIONI
 10
409.846
 11
405.504
 20
2300.303
 21
2304.646
  0
LINE
  8
COSTRUZIONI
 10
405.97
 11
410.377
 20
2304.711
 21
2300.303
  0
LINE
  8
COSTRUZIONI
 10
410.553
 11
406.128
 20
2300.303
 21
2304.729
  0
LINE
  8
COSTRUZIONI
 10
406.615
 11
411.084
 20
2304.772
 21
2300.303
  0
LINE
  8
COSTRUZIONI
 10
411.261
 11
406.782
 20
2300.303
 21
2304.782
  0
LINE
  8
COSTRUZIONI
 10
407.293
 11
411.791
 20
2304.801
 21
2300.303
  0
LINE
  8
COSTRUZIONI
 10
411.968
 11
407.468
 20
2300.303
 21
2304.803
  0
LINE
  8
COSTRUZIONI
 10
408.007
 11
412.498
 20
2304.794
 21
2300.303
  0
LINE
  8
COSTRUZIONI
 10
412.52
 11
408.192
 20
2300.458
 21
2304.786
  0
LINE
  8
COSTRUZIONI
 10
408.765
 11
412.52
 20
2304.744
 21
2300.988
  0
LINE
  8
COSTRUZIONI
 10
412.52
 11
408.962
 20
2301.165
 21
2304.723
  0
LINE
  8
COSTRUZIONI
 10
409.576
 11
412.52
 20
2304.64
 21
2301.695
  0
LINE
  8
COSTRUZIONI
 10
412.52
 11
409.788
 20
2301.872
 21
2304.604
  0
LINE
  8
COSTRUZIONI
 10
410.455
 11
412.52
 20
2304.468
 21
2302.402
  0
LINE
  8
COSTRUZIONI
 10
412.52
 11
410.688
 20
2302.579
 21
2304.412
  0
LINE
  8
COSTRUZIONI
 10
411.427
 11
412.52
 20
2304.202
 21
2303.11
  0
LINE
  8
COSTRUZIONI
 10
412.52
 11
411.69
 20
2303.286
 21
2304.117
  0
ARC
  8
COSTRUZIONI
 10
412.02
 20
2299.303
 40
1.0
 50
360.0
 51
90.0
  0
LINE
  8
COSTRUZIONI
 10
369.02
 11
369.02
 20
2333.503
 21
2289.539
  0
LINE
  8
COSTRUZIONI
 10
413.02
 11
413.02
 20
2286.746
 21
2299.303
  0
LINE
  8
COSTRUZIONI
 10
402.52
 11
402.52
 20
2303.803
 21
2330.503
  0
ARC
  8
COSTRUZIONI
 10
399.52
 20
2330.503
 40
3.0
 50
0.0
 51
90.0
  0
LINE
  8
COSTRUZIONI
 10
399.52
 11
377.52
 20
2333.503
 21
2333.503
  0
LINE
  8
COSTRUZIONI
 10
377.52
 11
377.52
 20
2333.503
 21
2319.503
  0
LINE
  8
COSTRUZIONI
 10
377.52
 11
373.22
 20
2319.503
 21
2319.503
  0
LINE
  8
COSTRUZIONI
 10
373.22
 11
373.22
 20
2319.503
 21
2333.503
  0
LINE
  8
COSTRUZIONI
 10
373.22
 11
369.02
 20
2333.503
 21
2333.503
  0
LINE
  8
COSTRUZIONI
 10
408.52
 11
428.881
 20
2303.504
 21
2303.504
  0
LINE
  8
COSTRUZIONI
 10
422.601
 11
400.52
 20
2348.504
 21
2348.504
  0
ARC
  8
COSTRUZIONI
 10
400.52
 20
2343.504
 40
5.0
 50
90.0
 51
180.0
  0
LINE
  8
COSTRUZIONI
 10
395.52
 11
395.52
 20
2343.504
 21
2335.504
  0
ARC
  8
COSTRUZIONI
 10
397.52
 20
2335.504
 40
2.0
 50
180.0
 51
270.0
  0
LINE
  8
COSTRUZIONI
 10
397.52
 11
405.52
 20
2333.504
 21
2333.504
  0
LINE
  8
COSTRUZIONI
 10
405.52
 11
405.52
 20
2333.504
 21
2306.504
  0
ARC
  8
COSTRUZIONI
 10
408.52
 20
2306.504
 40
3.0
 50
180.0
 51
270.0
  0
CIRCLE
  8
COSTRUZIONI
 10
385.87
 20
2342.153
 40
6.85
  0
LINE
  8
COSTRUZIONI
 10
391.908
 11
395.766
 20
2345.39
 21
2345.052
  0
LINE
  8
COSTRUZIONI
 10
395.52
 11
391.254
 20
2337.545
 21
2337.918
  0
LINE
  8
COSTRUZIONI
 10
389.62
 11
389.62
 20
2336.421
 21
2333.503
  0
LINE
  8
COSTRUZIONI
 10
382.12
 11
382.12
 20
2333.503
 21
2336.421
  0
LINE
  8
COSTRUZIONI
 10
384.894
 11
364.135
 20
2349.003
 21
2349.003
  0
LINE
  8
COSTRUZIONI
 10
379.02
 11
379.02
 20
2342.153
 21
2358.88
  0
CIRCLE
  8
COSTRUZIONI
 10
393.135
 20
2321.453
 40
40.0
  0
CIRCLE
  8
COSTRUZIONI
 10
485.479
 20
2321.13
 40
40.0
  0
LINE
  8
APS_GEOMETRY
 10
569.221
 11
619.221
 20
2287.04
 21
2287.04
  0
LINE
  8
APS_GEOMETRY
 10
619.221
 11
619.221
 20
2287.04
 21
2337.04
  0
LINE
  8
APS_GEOMETRY
 10
619.221
 11
569.221
 20
2337.04
 21
2337.04
  0
LINE
  8
APS_GEOMETRY
 10
569.221
 11
569.221
 20
2337.04
 21
2287.04
  0
LINE
  8
COSTRUZIONI
 10
650.589
 11
650.589
 20
2426.311
 21
2276.311
  0
LINE
  8
QUOTATURA
 10
1469.817
 11
1361.503
 20
1910.0
 21
1910.0
  0
LINE
  8
QUOTATURA
 10
1469.817
 11
1361.503
 20
1940.0
 21
1940.0
  0
LINE
  8
QUOTATURA
 10
1371.503
 11
1371.503
 20
1940.0
 21
1996.25
  0
LINE
  8
QUOTATURA
 10
1371.503
 11
1330.422
 20
1996.25
 21
1996.25
  0
LINE
  8
QUOTATURA
 10
1374.837
 11
1371.503
 20
1960.0
 21
1940.0
  0
LINE
  8
QUOTATURA
 10
1371.503
 11
1368.169
 20
1940.0
 21
1960.0
  0
LINE
  8
QUOTATURA
 10
1368.169
 11
1374.837
 20
1960.0
 21
1960.0
  0
LINE
  8
QUOTATURA
 10
1371.503
 11
1371.503
 20
1910.0
 21
1870.0
  0
LINE
  8
QUOTATURA
 10
1368.169
 11
1371.503
 20
1890.0
 21
1910.0
  0
LINE
  8
QUOTATURA
 10
1371.503
 11
1374.837
 20
1910.0
 21
1890.0
  0
LINE
  8
QUOTATURA
 10
1374.837
 11
1368.169
 20
1890.0
 21
1890.0
  0
LINE
  8
QUOTATURA
 10
1489.817
 11
1592.962
 20
1940.0
 21
1940.0
  0
LINE
  8
QUOTATURA
 10
1489.817
 11
1592.962
 20
2040.0
 21
2040.0
  0
LINE
  8
QUOTATURA
 10
1582.962
 11
1582.962
 20
1940.0
 21
2106.742
  0
LINE
  8
QUOTATURA
 10
1582.962
 11
1544.408
 20
2106.742
 21
2106.742
  0
LINE
  8
QUOTATURA
 10
1586.296
 11
1582.962
 20
1960.0
 21
1940.0
  0
LINE
  8
QUOTATURA
 10
1582.962
 11
1579.628
 20
1940.0
 21
1960.0
  0
LINE
  8
QUOTATURA
 10
1579.628
 11
1586.296
 20
1960.0
 21
1960.0
  0
LINE
  8
QUOTATURA
 10
1579.628
 11
1582.962
 20
2020.0
 21
2040.0
  0
LINE
  8
QUOTATURA
 10
1582.962
 11
1586.296
 20
2040.0
 21
2020.0
  0
LINE
  8
QUOTATURA
 10
1586.296
 11
1579.628
 20
2020.0
 21
2020.0
  0
LINE
  8
QUOTATURA
 10
1476.551
 11
1476.551
 20
1610.0
 21
1832.95
  0
LINE
  8
QUOTATURA
 10
1476.551
 11
1476.551
 20
1863.257
 21
1910.0
  0
LINE
  8
QUOTATURA
 10
1479.885
 11
1476.551
 20
1630.0
 21
1610.0
  0
LINE
  8
QUOTATURA
 10
1476.551
 11
1473.217
 20
1610.0
 21
1630.0
  0
LINE
  8
QUOTATURA
 10
1473.217
 11
1479.885
 20
1630.0
 21
1630.0
  0
LINE
  8
QUOTATURA
 10
1473.217
 11
1476.551
 20
1890.0
 21
1910.0
  0
LINE
  8
QUOTATURA
 10
1476.551
 11
1479.885
 20
1910.0
 21
1890.0
  0
LINE
  8
QUOTATURA
 10
1479.885
 11
1473.217
 20
1890.0
 21
1890.0
  0
LINE
  8
QUOTATURA
 10
1489.817
 11
1586.938
 20
0.0
 21
0.0
  0
LINE
  8
QUOTATURA
 10
1489.817
 11
1586.938
 20
100.0
 21
100.0
  0
LINE
  8
QUOTATURA
 10
1576.938
 11
1576.938
 20
0.0
 21
34.756
  0
LINE
  8
QUOTATURA
 10
1576.938
 11
1576.938
 20
65.0
 21
100.0
  0
LINE
  8
QUOTATURA
 10
1580.272
 11
1576.938
 20
20.0
 21
0.0
  0
LINE
  8
QUOTATURA
 10
1576.938
 11
1573.604
 20
0.0
 21
20.0
  0
LINE
  8
QUOTATURA
 10
1573.604
 11
1580.272
 20
20.0
 21
20.0
  0
LINE
  8
QUOTATURA
 10
1573.604
 11
1576.938
 20
80.0
 21
100.0
  0
LINE
  8
QUOTATURA
 10
1576.938
 11
1580.272
 20
100.0
 21
80.0
  0
LINE
  8
QUOTATURA
 10
1580.272
 11
1573.604
 20
80.0
 21
80.0
  0
LINE
  8
QUOTATURA
 10
1472.323
 11
1472.323
 20
130.0
 21
169.122
  0
LINE
  8
QUOTATURA
 10
1472.323
 11
1439.815
 20
169.122
 21
169.122
  0
LINE
  8
QUOTATURA
 10
1475.657
 11
1472.323
 20
150.0
 21
130.0
  0
LINE
  8
QUOTATURA
 10
1472.323
 11
1468.989
 20
130.0
 21
150.0
  0
LINE
  8
QUOTATURA
 10
1468.989
 11
1475.657
 20
150.0
 21
150.0
  0
LINE
  8
QUOTATURA
 10
1472.323
 11
1472.323
 20
100.0
 21
60.0
  0
LINE
  8
QUOTATURA
 10
1468.989
 11
1472.323
 20
80.0
 21
100.0
  0
LINE
  8
QUOTATURA
 10
1472.323
 11
1475.657
 20
100.0
 21
80.0
  0
LINE
  8
QUOTATURA
 10
1475.657
 11
1468.989
 20
80.0
 21
80.0
  0
LINE
  8
QUOTATURA
 10
1498.542
 11
1498.542
 20
130.0
 21
352.61
  0
LINE
  8
QUOTATURA
 10
1498.542
 11
1498.542
 20
382.917
 21
430.0
  0
LINE
  8
QUOTATURA
 10
1501.876
 11
1498.542
 20
150.0
 21
130.0
  0
LINE
  8
QUOTATURA
 10
1498.542
 11
1495.208
 20
130.0
 21
150.0
  0
LINE
  8
QUOTATURA
 10
1495.208
 11
1501.876
 20
150.0
 21
150.0
  0
LINE
  8
QUOTATURA
 10
1495.208
 11
1498.542
 20
410.0
 21
430.0
  0
LINE
  8
QUOTATURA
 10
1498.542
 11
1501.876
 20
430.0
 21
410.0
  0
LINE
  8
QUOTATURA
 10
1501.876
 11
1495.208
 20
410.0
 21
410.0
  0
LINE
  8
QUOTATURA
 10
1117.817
 11
1117.817
 20
1040.0
 21
1038.499
  0
LINE
  8
QUOTATURA
 10
1232.317
 11
1232.317
 20
1040.0
 21
1038.499
  0
LINE
  8
QUOTATURA
 10
1232.317
 11
1057.774
 20
1038.499
 21
1038.499
  0
LINE
  8
QUOTATURA
 10
1137.817
 11
1117.817
 20
1035.165
 21
1038.499
  0
LINE
  8
QUOTATURA
 10
1117.817
 11
1137.817
 20
1038.499
 21
1041.833
  0
LINE
  8
QUOTATURA
 10
1137.817
 11
1137.817
 20
1041.833
 21
1035.165
  0
LINE
  8
QUOTATURA
 10
1212.317
 11
1232.317
 20
1041.833
 21
1038.499
  0
LINE
  8
QUOTATURA
 10
1232.317
 11
1212.317
 20
1038.499
 21
1035.165
  0
LINE
  8
QUOTATURA
 10
1212.317
 11
1212.317
 20
1035.165
 21
1041.833
  0
LINE
  8
QUOTATURA
 10
1202.317
 11
1202.317
 20
1040.0
 21
976.976
  0
LINE
  8
QUOTATURA
 10
1232.317
 11
1232.317
 20
1040.0
 21
976.976
  0
LINE
  8
QUOTATURA
 10
1232.317
 11
1284.545
 20
976.976
 21
976.976
  0
LINE
  8
QUOTATURA
 10
1252.317
 11
1232.317
 20
973.642
 21
976.976
  0
LINE
  8
QUOTATURA
 10
1232.317
 11
1252.317
 20
976.976
 21
980.31
  0
LINE
  8
QUOTATURA
 10
1252.317
 11
1252.317
 20
980.31
 21
973.642
  0
LINE
  8
QUOTATURA
 10
1202.317
 11
1162.317
 20
976.976
 21
976.976
  0
LINE
  8
QUOTATURA
 10
1182.317
 11
1202.317
 20
980.31
 21
976.976
  0
LINE
  8
QUOTATURA
 10
1202.317
 11
1182.317
 20
976.976
 21
973.642
  0
LINE
  8
QUOTATURA
 10
1182.317
 11
1182.317
 20
973.642
 21
980.31
  0
LINE
  8
QUOTATURA
 10
1727.317
 11
1727.317
 20
1040.0
 21
950.997
  0
LINE
  8
QUOTATURA
 10
1841.817
 11
1841.817
 20
1040.0
 21
950.997
  0
LINE
  8
QUOTATURA
 10
1727.317
 11
1878.838
 20
950.997
 21
950.997
  0
LINE
  8
QUOTATURA
 10
1747.317
 11
1727.317
 20
947.663
 21
950.997
  0
LINE
  8
QUOTATURA
 10
1727.317
 11
1747.317
 20
950.997
 21
954.331
  0
LINE
  8
QUOTATURA
 10
1747.317
 11
1747.317
 20
954.331
 21
947.663
  0
LINE
  8
QUOTATURA
 10
1821.817
 11
1841.817
 20
954.331
 21
950.997
  0
LINE
  8
QUOTATURA
 10
1841.817
 11
1821.817
 20
950.997
 21
947.663
  0
LINE
  8
QUOTATURA
 10
1821.817
 11
1821.817
 20
947.663
 21
954.331
  0
LINE
  8
COSTRUZIONI
 10
86.5
 11
581.5
 20
1910.0
 21
1610.0
  0
LINE
  8
COSTRUZIONI
 10
86.5
 11
581.5
 20
1610.0
 21
1910.0
  0
LINE
  8
COSTRUZIONI
 10
86.5
 11
581.5
 20
130.0
 21
430.0
  0
LINE
  8
COSTRUZIONI
 10
86.5
 11
581.5
 20
430.0
 21
130.0
  0
LINE
  8
COSTRUZIONI
 10
1117.817
 11
1841.817
 20
0.0
 21
0.0
  0
LINE
  8
COSTRUZIONI
 10
1117.817
 11
1117.817
 20
0.0
 21
2040.0
  0
LINE
  8
COSTRUZIONI
 10
1117.817
 11
1841.817
 20
2040.0
 21
2040.0
  0
LINE
  8
COSTRUZIONI
 10
1841.817
 11
1841.817
 20
2040.0
 21
0.0
  0
LINE
  8
COSTRUZIONI
 10
1757.317
 11
1757.317
 20
845.727
 21
100.0
  0
LINE
  8
COSTRUZIONI
 10
1757.317
 11
1202.317
 20
100.0
 21
100.0
  0
LINE
  8
COSTRUZIONI
 10
1202.317
 11
1202.317
 20
100.0
 21
1940.0
  0
LINE
  8
COSTRUZIONI
 10
1202.317
 11
1757.317
 20
1940.0
 21
1940.0
  0
LINE
  8
COSTRUZIONI
 10
1757.317
 11
1757.317
 20
1940.0
 21
1117.912
  0
LINE
  8
COSTRUZIONI
 10
1757.317
 11
1757.317
 20
845.727
 21
1117.912
  0
LINE
  8
COSTRUZIONI
 10
1232.317
 11
1727.317
 20
1610.0
 21
1610.0
  0
LINE
  8
COSTRUZIONI
 10
1727.317
 11
1727.317
 20
1610.0
 21
1910.0
  0
LINE
  8
COSTRUZIONI
 10
1727.317
 11
1232.317
 20
1910.0
 21
1910.0
  0
LINE
  8
COSTRUZIONI
 10
1232.317
 11
1232.317
 20
1910.0
 21
1610.0
  0
LINE
  8
COSTRUZIONI
 10
1727.317
 11
1727.317
 20
130.0
 21
430.0
  0
LINE
  8
COSTRUZIONI
 10
1727.317
 11
1232.317
 20
430.0
 21
430.0
  0
LINE
  8
COSTRUZIONI
 10
1232.317
 11
1232.317
 20
430.0
 21
130.0
  0
LINE
  8
COSTRUZIONI
 10
1232.317
 11
1727.317
 20
130.0
 21
130.0
  0
LINE
  8
COSTRUZIONI
 10
1232.317
 11
1727.317
 20
495.0
 21
495.0
  0
LINE
  8
COSTRUZIONI
 10
1232.317
 11
1232.317
 20
495.0
 21
1545.0
  0
LINE
  8
COSTRUZIONI
 10
1232.317
 11
1727.317
 20
1545.0
 21
1545.0
  0
LINE
  8
COSTRUZIONI
 10
1727.317
 11
1727.317
 20
1545.0
 21
495.0
  0
LINE
  8
COSTRUZIONI
 10
1727.317
 11
1232.317
 20
1910.0
 21
1610.0
  0
LINE
  8
COSTRUZIONI
 10
1727.317
 11
1232.317
 20
1610.0
 21
1910.0
  0
LINE
  8
COSTRUZIONI
 10
1727.317
 11
1232.317
 20
130.0
 21
430.0
  0
LINE
  8
COSTRUZIONI
 10
1727.317
 11
1232.317
 20
430.0
 21
130.0
  0
LINE
  8
QUOTATURA
 10
1117.817
 11
1117.817
 20
-15.0
 21
-145.611
  0
LINE
  8
QUOTATURA
 10
1841.817
 11
1841.817
 20
-15.0
 21
-145.611
  0
LINE
  8
QUOTATURA
 10
1117.817
 11
1432.948
 20
-130.611
 21
-130.611
  0
LINE
  8
QUOTATURA
 10
1526.686
 11
1841.817
 20
-130.611
 21
-130.611
  0
LINE
  8
QUOTATURA
 10
1147.817
 11
1117.817
 20
-135.612
 21
-130.611
  0
LINE
  8
QUOTATURA
 10
1117.817
 11
1147.817
 20
-130.611
 21
-125.61
  0
LINE
  8
QUOTATURA
 10
1147.817
 11
1147.817
 20
-125.61
 21
-135.612
  0
LINE
  8
QUOTATURA
 10
1811.817
 11
1841.817
 20
-125.61
 21
-130.611
  0
LINE
  8
QUOTATURA
 10
1841.817
 11
1811.817
 20
-130.611
 21
-135.612
  0
LINE
  8
QUOTATURA
 10
1811.817
 11
1811.817
 20
-135.612
 21
-125.61
  0
LINE
  8
QUOTATURA
 10
76.5
 11
76.5
 20
500.0
 21
695.189
  0
LINE
  8
QUOTATURA
 10
591.5
 11
591.5
 20
500.0
 21
695.189
  0
LINE
  8
QUOTATURA
 10
76.5
 11
144.128
 20
680.189
 21
680.189
  0
LINE
  8
QUOTATURA
 10
523.872
 11
591.5
 20
680.189
 21
680.189
  0
LINE
  8
QUOTATURA
 10
106.5
 11
76.5
 20
675.188
 21
680.189
  0
LINE
  8
QUOTATURA
 10
76.5
 11
106.5
 20
680.189
 21
685.19
  0
LINE
  8
QUOTATURA
 10
106.5
 11
106.5
 20
685.19
 21
675.188
  0
LINE
  8
QUOTATURA
 10
561.5
 11
591.5
 20
685.19
 21
680.189
  0
LINE
  8
QUOTATURA
 10
591.5
 11
561.5
 20
680.189
 21
675.188
  0
LINE
  8
QUOTATURA
 10
561.5
 11
561.5
 20
675.188
 21
685.19
  0
LINE
  8
QUOTATURA
 10
1232.317
 11
1232.317
 20
510.0
 21
724.734
  0
LINE
  8
QUOTATURA
 10
1727.317
 11
1727.317
 20
510.0
 21
724.734
  0
LINE
  8
QUOTATURA
 10
1232.317
 11
1432.788
 20
709.734
 21
709.734
  0
LINE
  8
QUOTATURA
 10
1526.846
 11
1727.317
 20
709.734
 21
709.734
  0
LINE
  8
QUOTATURA
 10
1262.317
 11
1232.317
 20
704.733
 21
709.734
  0
LINE
  8
QUOTATURA
 10
1232.317
 11
1262.317
 20
709.734
 21
714.735
  0
LINE
  8
QUOTATURA
 10
1262.317
 11
1262.317
 20
714.735
 21
704.733
  0
LINE
  8
QUOTATURA
 10
1697.317
 11
1727.317
 20
714.735
 21
709.734
  0
LINE
  8
QUOTATURA
 10
1727.317
 11
1697.317
 20
709.734
 21
704.733
  0
LINE
  8
QUOTATURA
 10
1697.317
 11
1697.317
 20
704.733
 21
714.735
  0
LINE
  8
COSTRUZIONI
 10
1232.317
 11
1727.317
 20
1545.0
 21
495.0
  0
LINE
  8
COSTRUZIONI
 10
1232.317
 11
1727.317
 20
495.0
 21
1545.0
  0
LINE
  8
COSTRUZIONI
 10
76.5
 11
591.5
 20
485.0
 21
1555.0
  0
LINE
  8
COSTRUZIONI
 10
76.5
 11
591.5
 20
1555.0
 21
485.0
  0
LINE
  8
QUOTATURA
 10
1494.817
 11
1653.765
 20
495.0
 21
495.0
  0
LINE
  8
QUOTATURA
 10
1494.817
 11
1653.765
 20
1545.0
 21
1545.0
  0
LINE
  8
QUOTATURA
 10
1638.765
 11
1638.765
 20
495.0
 21
879.745
  0
LINE
  8
QUOTATURA
 10
1638.765
 11
1638.765
 20
925.122
 21
1545.0
  0
LINE
  8
QUOTATURA
 10
1643.766
 11
1638.765
 20
525.0
 21
495.0
  0
LINE
  8
QUOTATURA
 10
1638.765
 11
1633.764
 20
495.0
 21
525.0
  0
LINE
  8
QUOTATURA
 10
1633.764
 11
1643.766
 20
525.0
 21
525.0
  0
LINE
  8
QUOTATURA
 10
1633.764
 11
1638.765
 20
1515.0
 21
1545.0
  0
LINE
  8
QUOTATURA
 10
1638.765
 11
1643.766
 20
1545.0
 21
1515.0
  0
LINE
  8
QUOTATURA
 10
1643.766
 11
1633.764
 20
1515.0
 21
1515.0
  0
LINE
  8
QUOTATURA
 10
1856.817
 11
2015.636
 20
2040.0
 21
2040.0
  0
LINE
  8
QUOTATURA
 10
1856.817
 11
2015.636
 20
0.0
 21
0.0
  0
LINE
  8
QUOTATURA
 10
2000.636
 11
2000.636
 20
2040.0
 21
1042.594
  0
LINE
  8
QUOTATURA
 10
2000.636
 11
2000.636
 20
997.134
 21
0.0
  0
LINE
  8
QUOTATURA
 10
1995.635
 11
2000.636
 20
2010.0
 21
2040.0
  0
LINE
  8
QUOTATURA
 10
2000.636
 11
2005.637
 20
2040.0
 21
2010.0
  0
LINE
  8
QUOTATURA
 10
2005.637
 11
1995.635
 20
2010.0
 21
2010.0
  0
LINE
  8
QUOTATURA
 10
2005.637
 11
2000.636
 20
30.0
 21
0.0
  0
LINE
  8
QUOTATURA
 10
2000.636
 11
1995.635
 20
0.0
 21
30.0
  0
LINE
  8
QUOTATURA
 10
1995.635
 11
2005.637
 20
30.0
 21
30.0
  0
LINE
  8
QUOTATURA
 10
319.0
 11
284.598
 20
1555.0
 21
1555.0
  0
LINE
  8
QUOTATURA
 10
319.0
 11
284.598
 20
485.0
 21
485.0
  0
LINE
  8
QUOTATURA
 10
299.598
 11
299.598
 20
1555.0
 21
929.955
  0
LINE
  8
QUOTATURA
 10
299.598
 11
299.598
 20
857.346
 21
485.0
  0
LINE
  8
QUOTATURA
 10
294.597
 11
299.598
 20
1525.0
 21
1555.0
  0
LINE
  8
QUOTATURA
 10
299.598
 11
304.599
 20
1555.0
 21
1525.0
  0
LINE
  8
QUOTATURA
 10
304.599
 11
294.597
 20
1525.0
 21
1525.0
  0
LINE
  8
QUOTATURA
 10
304.599
 11
299.598
 20
515.0
 21
485.0
  0
LINE
  8
QUOTATURA
 10
299.598
 11
294.597
 20
485.0
 21
515.0
  0
LINE
  8
QUOTATURA
 10
294.597
 11
304.599
 20
515.0
 21
515.0
  0
TEXT
  8
TEXT
 10
566.433
 20
2210.132
 30
0.0
 40
30.0
 50
0.0
  1
PANNELLI TRAFORATI PER UNA ANTA 755X2040
  0
TEXT
  8
TEXT
 10
566.433
 20
2165.132
 30
0.0
 40
30.0
 50
0.0
  1
(SPESSORE 5.25)
  0
TEXT
  8
TEXT
 10
198.85
 20
-293.376
 30
0.0
 40
30.0
 50
0.0
  1
LEGENDA LAVORAZIONI LASER:
  0
TEXT
  8
TEXT
 10
198.85
 20
-338.376
 30
0.0
 40
30.0
 50
0.0
  1

  0
TEXT
  8
TEXT
 10
198.85
 20
-383.376
 30
0.0
 40
30.0
 50
0.0
  1
[ V ] = FUGA A V DI 1.5-3 mm largh.
  0
TEXT
  8
TEXT
 10
198.85
 20
-428.376
 30
0.0
 40
30.0
 50
0.0
  1
[ X ] = AREA TRAFORO/DECORO SECONDO SPECIFICHE
  0
TEXT
  8
TEXT
 10
198.85
 20
-473.376
 30
0.0
 40
30.0
 50
0.0
  1

  0
TEXT
  8
TEXT
 10
198.85
 20
-518.376
 30
0.0
 40
30.0
 50
0.0
  1
LEGENDA LAVORAZIONI MANUALI
  0
TEXT
  8
TEXT
 10
198.85
 20
-563.376
 30
0.0
 40
30.0
 50
0.0
  1

  0
TEXT
  8
TEXT
 10
198.85
 20
-608.376
 30
0.0
 40
30.0
 50
0.0
  1
[ M ] = SPIGOLARE MANUALAMENTE
  0
TEXT
  8
TEXT
 10
-76.442
 20
-658.767
 30
0.0
 40
20.0
 50
0.0
  1
Ufficio tecnico:
  0
TEXT
  8
TEXT
 10
416.907
 20
-783.109
 30
0.0
 40
25.0
 50
0.0
  1
tel. 0577-68.54.26 - fax 0577-68.64.29
  0
TEXT
  8
TEXT
 10
416.907
 20
-820.609
 30
0.0
 40
25.0
 50
0.0
  1
e-mail: tecnico@toscocornici.it - web: www.tosococornici.it
  0
TEXT
  8
TEXT
 10
1027.996
 20
-812.301
 30
0.0
 40
40.0
 50
0.0
  1
B.Ste
  0
TEXT
  8
TEXT
 10
1176.416
 20
-812.301
 30
0.0
 40
40.0
 50
0.0
  1
f
  0
TEXT
  8
TEXT
 10
1207.101
 20
-812.301
 30
0.0
 40
40.0
 50
0.0
  1
ano
  0
TEXT
  8
TEXT
 10
923.777
 20
-655.804
 30
0.0
 40
20.0
 50
0.0
  1
documento:
  0
TEXT
  8
TEXT
 10
1167.433
 20
-708.926
 30
0.0
 40
19.0
 50
0.0
  1
PORTALAPORTA_STD-V02_L724X2040
  0
TEXT
  8
TEXT
 10
1424.978
 20
-655.719
 30
0.0
 40
20.0
 50
0.0
  1
data:
  0
TEXT
  8
TEXT
 10
1674.077
 20
-707.21
 30
0.0
 40
30.0
 50
0.0
  1
16/07/2019
  0
TEXT
  8
TEXT
 10
1682.831
 20
-807.919
 30
0.0
 40
30.0
 50
0.0
  1
1 : 10
  0
TEXT
  8
TEXT
 10
921.963
 20
-754.029
 30
0.0
 40
20.0
 50
0.0
  1
responsabile tecnico:
  0
TEXT
  8
TEXT
 10
1423.559
 20
-754.319
 30
0.0
 40
20.0
 50
0.0
  1
scala:
  0
TEXT
  8
TEXT
 10
349.718
 20
2026.526
 30
0.0
 40
30.0
 50
0.0
  1
M
  0
TEXT
  8
TEXT
 10
685.472
 20
1533.734
 30
0.0
 40
30.0
 50
0.0
  1
M
  0
TEXT
  8
TEXT
 10
-39.652
 20
1523.642
 30
0.0
 40
30.0
 50
0.0
  1
M
  0
TEXT
  8
TEXT
 10
376.91
 20
-16.299
 30
0.0
 40
30.0
 50
0.0
  1
M
  0
TEXT
  8
TEXT
 10
117.994
 20
1087.084
 30
0.0
 40
30.0
 50
0.0
  1
VETRO/PLEX 4MM
  0
TEXT
  8
TEXT
 10
117.994
 20
1042.084
 30
0.0
 40
30.0
 50
0.0
  1
+DECORO TRAFORATO
  0
TEXT
  8
TEXT
 10
168.185
 20
1776.452
 30
0.0
 40
30.0
 50
0.0
  1
DECORO
  0
TEXT
  8
TEXT
 10
168.185
 20
1731.452
 30
0.0
 40
30.0
 50
0.0
  1
LASER SUPERFICIE
  0
TEXT
  8
TEXT
 10
153.354
 20
287.649
 30
0.0
 40
30.0
 50
0.0
  1
DECORO
  0
TEXT
  8
TEXT
 10
153.354
 20
242.649
 30
0.0
 40
30.0
 50
0.0
  1
LASER SUPERFICI
  0
TEXT
  8
TEXT
 10
530.377
 20
242.649
 30
0.0
 40
30.0
 50
0.0
  1
E
  0
TEXT
  8
TEXT
 10
-10.668
 20
-154.501
 30
0.0
 40
30.0
 50
0.0
  1
IL VETRO E' QUOTATO IN POSIZIONE ESATTA
  0
TEXT
  8
TEXT
 10
-10.668
 20
-199.501
 30
0.0
 40
30.0
 50
0.0
  1
PER ASSICURARE LA COINCIDENZA DEL TRAFORATO
  0
TEXT
  8
TEXT
 10
42.107
 20
2574.419
 30
0.0
 40
30.0
 50
0.0
  1
RIF.
  0
TEXT
  8
TEXT
 10
295.329
 20
2574.419
 30
0.0
 40
30.0
 50
0.0
  1
QUANTITA'
  0
TEXT
  8
TEXT
 10
673.5
 20
2574.419
 30
0.0
 40
30.0
 50
0.0
  1
ESSENZA
  0
TEXT
  8
TEXT
 10
1119.798
 20
2574.419
 30
0.0
 40
30.0
 50
0.0
  1
MODELLO
  0
TEXT
  8
TEXT
 10
1472.922
 20
2574.419
 30
0.0
 40
30.0
 50
0.0
  1
CONSEGNA ENTRO IL
  0
TEXT
  8
TEXT
 10
-37.033
 20
2374.419
 30
0.0
 40
30.0
 50
0.0
  1
MANO APERTURA
  0
TEXT
  8
TEXT
 10
398.788
 20
2381.49
 30
0.0
 40
30.0
 50
0.0
  1
BATTENTE
  0
TEXT
  8
TEXT
 10
-53.048
 20
2287.447
 30
0.0
 40
50.0
 50
0.0
  1
SX
  0
TEXT
  8
TEXT
 10
175.155
 20
2287.447
 30
0.0
 40
50.0
 50
0.0
  1
DX
  0
TEXT
  8
TEXT
 10
207.43
 20
1264.24
 30
0.0
 40
200.0
 50
0.0
  1
SX
  0
TEXT
  8
TEXT
 10
1188.809
 20
1206.252
 30
0.0
 40
30.0
 50
0.0
  1
V
  0
TEXT
  8
TEXT
 10
1743.32
 20
1187.569
 30
0.0
 40
30.0
 50
0.0
  1
V
  0
TEXT
  8
TEXT
 10
1186.914
 20
1718.07
 30
0.0
 40
30.0
 50
0.0
  1
V
  0
TEXT
  8
TEXT
 10
1743.007
 20
1715.636
 30
0.0
 40
30.0
 50
0.0
  1
V
  0
TEXT
  8
QUOTATURA
 10
1291.315
 20
1986.25
 30
0.0
 40
20.0
 50
0.0
  1
30
  0
TEXT
  8
QUOTATURA
 10
1493.163
 20
2096.742
 30
0.0
 40
20.0
 50
0.0
  1
100
  0
TEXT
  8
QUOTATURA
 10
1449.402
 20
1838.194
 30
0.0
 40
20.0
 50
0.0
  1
300
  0
TEXT
  8
QUOTATURA
 10
1553.815
 20
40.0
 30
0.0
 40
20.0
 50
0.0
  1
100
  0
TEXT
  8
QUOTATURA
 10
1400.709
 20
159.122
 30
0.0
 40
20.0
 50
0.0
  1
30
  0
TEXT
  8
QUOTATURA
 10
1471.393
 20
357.854
 30
0.0
 40
20.0
 50
0.0
  1
300
  0
TEXT
  8
QUOTATURA
 10
987.865
 20
1028.499
 30
0.0
 40
20.0
 50
0.0
  1
114.5
  0
TEXT
  8
QUOTATURA
 10
1289.009
 20
966.976
 30
0.0
 40
20.0
 50
0.0
  1
30
  0
TEXT
  8
QUOTATURA
 10
1883.838
 20
940.997
 30
0.0
 40
20.0
 50
0.0
  1
114.5
  0
TEXT
  8
TEXT
 10
1437.432
 20
2026.526
 30
0.0
 40
30.0
 50
0.0
  1
M
  0
TEXT
  8
TEXT
 10
1101.679
 20
1493.734
 30
0.0
 40
30.0
 50
0.0
  1
M
  0
TEXT
  8
TEXT
 10
1826.802
 20
1483.642
 30
0.0
 40
30.0
 50
0.0
  1
M
  0
TEXT
  8
TEXT
 10
1410.24
 20
-16.299
 30
0.0
 40
30.0
 50
0.0
  1
M
  0
TEXT
  8
TEXT
 10
1320.192
 20
1087.084
 30
0.0
 40
30.0
 50
0.0
  1
VETRO/PLEX 4MM
  0
TEXT
  8
TEXT
 10
1278.77
 20
1042.084
 30
0.0
 40
30.0
 50
0.0
  1
+DECORO TRAFORATO
  0
TEXT
  8
TEXT
 10
1248.609
 20
1776.452
 30
0.0
 40
30.0
 50
0.0
  1
DECORO
  0
TEXT
  8
TEXT
 10
1248.609
 20
1731.452
 30
0.0
 40
30.0
 50
0.0
  1
LASER SUPERFICIE
  0
TEXT
  8
TEXT
 10
1514.667
 20
287.649
 30
0.0
 40
30.0
 50
0.0
  1
DECORO
  0
TEXT
  8
TEXT
 10
1289.439
 20
242.649
 30
0.0
 40
30.0
 50
0.0
  1
LASER SUPERFICI
  0
TEXT
  8
TEXT
 10
1263.44
 20
242.649
 30
0.0
 40
30.0
 50
0.0
  1
E
  0
TEXT
  8
TEXT
 10
1280.161
 20
1264.24
 30
0.0
 40
200.0
 50
0.0
  1
DX
  0
TEXT
  8
TEXT
 10
1642.083
 20
1929.876
 30
0.0
 40
30.0
 50
0.0
  1
V
  0
TEXT
  8
TEXT
 10
1446.053
 20
1601.983
 30
0.0
 40
30.0
 50
0.0
  1
V
  0
TEXT
  8
TEXT
 10
1435.138
 20
419.52
 30
0.0
 40
30.0
 50
0.0
  1
V
  0
TEXT
  8
TEXT
 10
1467.883
 20
477.733
 30
0.0
 40
30.0
 50
0.0
  1
V
  0
TEXT
  8
TEXT
 10
1744.392
 20
223.053
 30
0.0
 40
30.0
 50
0.0
  1
V
  0
TEXT
  8
TEXT
 10
1471.521
 20
1532.856
 30
0.0
 40
30.0
 50
0.0
  1
V
  0
TEXT
  8
QUOTATURA
 10
1439.622
 20
-145.611
 30
0.0
 40
30.0
 50
0.0
  1
724
  0
TEXT
  8
QUOTATURA
 10
150.98
 20
665.189
 30
0.0
 40
30.0
 50
0.0
  1
VETRO PLEX=515
  0
TEXT
  8
QUOTATURA
 10
1439.39
 20
694.734
 30
0.0
 40
30.0
 50
0.0
  1
495
  0
TEXT
  8
QUOTATURA
 10
1590.245
 20
887.611
 30
0.0
 40
30.0
 50
0.0
  1
1050
  0
TEXT
  8
QUOTATURA
 10
1945.599
 20
1005.0
 30
0.0
 40
30.0
 50
0.0
  1
2040
  0
TEXT
  8
QUOTATURA
 10
100.933
 20
865.455
 30
0.0
 40
30.0
 50
0.0
  1
VETRO PLEX=1070
  0
ENDSEC
  0
EOF
