  0
SECTION
  2
ENTITIES
  0
LINE
  8
COSTRUZIONI
 10
-12.965
 11
1987.035
 20
-755.295
 21
-755.295
  0
LINE
  8
COSTRUZIONI
 10
1987.035
 11
1987.035
 20
-755.295
 21
-555.295
  0
LINE
  8
COSTRUZIONI
 10
1987.035
 11
-12.965
 20
-555.295
 21
-555.295
  0
LINE
  8
COSTRUZIONI
 10
-12.965
 11
-12.965
 20
-555.295
 21
-755.295
  0
LINE
  8
COSTRUZIONI
 10
987.035
 11
987.035
 20
-755.295
 21
-555.295
  0
LINE
  8
COSTRUZIONI
 10
987.035
 11
1987.035
 20
-655.295
 21
-655.295
  0
LINE
  8
COSTRUZIONI
 10
1487.035
 11
1487.035
 20
-755.295
 21
-555.295
  0
LINE
  8
APS_GEOMETRY
 10
49.72
 11
66.955
 20
-609.28
 21
-609.28
  0
ARC
  8
APS_GEOMETRY
 10
66.083
 20
-584.584
 40
24.711
 50
272.021
 51
278.44
  0
ARC
  8
APS_GEOMETRY
 10
67.056
 20
-591.14
 40
18.083
 50
278.44
 51
285.945
  0
ARC
  8
APS_GEOMETRY
 10
74.373
 20
-617.337
 40
9.118
 50
98.584
 51
104.931
  0
ARC
  8
APS_GEOMETRY
 10
73.757
 20
-613.256
 40
4.991
 50
90.0
 51
98.584
  0
ARC
  8
APS_GEOMETRY
 10
73.757
 20
-612.018
 40
3.752
 50
52.871
 51
90.0
  0
ARC
  8
APS_GEOMETRY
 10
68.669
 20
-618.739
 40
12.182
 50
32.518
 51
52.871
  0
ARC
  8
APS_GEOMETRY
 10
64.638
 20
-621.309
 40
16.963
 50
17.209
 51
32.518
  0
ARC
  8
APS_GEOMETRY
 10
67.997
 20
-620.268
 40
13.445
 50
360.0
 51
17.209
  0
ARC
  8
APS_GEOMETRY
 10
74.725
 20
-620.268
 40
6.717
 50
337.348
 51
360.0
  0
ARC
  8
APS_GEOMETRY
 10
77.425
 20
-621.395
 40
3.792
 50
307.042
 51
337.348
  0
ARC
  8
APS_GEOMETRY
 10
76.956
 20
-620.75
 40
4.589
 50
287.186
 51
306.87
  0
ARC
  8
APS_GEOMETRY
 10
76.537
 20
-619.396
 40
6.006
 50
270.0
 51
287.186
  0
ARC
  8
APS_GEOMETRY
 10
76.537
 20
-620.009
 40
5.393
 50
252.221
 51
270.0
  0
ARC
  8
APS_GEOMETRY
 10
76.286
 20
-620.792
 40
4.571
 50
232.896
 51
252.221
  0
ARC
  8
APS_GEOMETRY
 10
77.257
 20
-619.509
 40
6.18
 50
218.3
 51
232.896
  0
ARC
  8
APS_GEOMETRY
 10
84.837
 20
-613.523
 40
15.839
 50
209.197
 51
218.3
  0
ARC
  8
APS_GEOMETRY
 10
46.283
 20
-634.41
 40
28.012
 50
28.025
 51
32.699
  0
ARC
  8
APS_GEOMETRY
 10
66.439
 20
-621.471
 40
4.06
 50
32.699
 51
45.0
  0
ARC
  8
APS_GEOMETRY
 10
67.813
 20
-620.096
 40
2.116
 50
45.0
 51
67.557
  0
ARC
  8
APS_GEOMETRY
 10
67.805
 20
-620.116
 40
2.137
 50
67.557
 51
90.0
  0
ARC
  8
APS_GEOMETRY
 10
67.805
 20
-619.948
 40
1.969
 50
90.0
 51
120.801
  0
ARC
  8
APS_GEOMETRY
 10
67.739
 20
-619.836
 40
1.839
 50
120.801
 51
152.7
  0
ARC
  8
APS_GEOMETRY
 10
69.198
 20
-620.589
 40
3.481
 50
152.7
 51
171.085
  0
ARC
  8
APS_GEOMETRY
 10
80.287
 20
-622.328
 40
14.705
 50
171.085
 51
180.0
  0
LINE
  8
APS_GEOMETRY
 10
65.581
 11
65.581
 20
-622.328
 21
-640.642
  0
ARC
  8
APS_GEOMETRY
 10
85.009
 20
-640.642
 40
19.427
 50
180.0
 51
188.194
  0
ARC
  8
APS_GEOMETRY
 10
70.501
 20
-642.731
 40
4.77
 50
188.194
 51
204.775
  0
ARC
  8
APS_GEOMETRY
 10
69.091
 20
-643.382
 40
3.218
 50
204.775
 51
228.576
  0
ARC
  8
APS_GEOMETRY
 10
70.414
 20
-641.883
 40
5.216
 50
228.576
 51
247.218
  0
ARC
  8
APS_GEOMETRY
 10
62.745
 20
-659.955
 40
14.416
 50
59.381
 51
66.93
  0
ARC
  8
APS_GEOMETRY
 10
68.406
 20
-650.39
 40
3.301
 50
43.568
 51
59.381
  0
ARC
  8
APS_GEOMETRY
 10
69.312
 20
-649.529
 40
2.051
 50
19.041
 51
43.568
  0
ARC
  8
APS_GEOMETRY
 10
68.053
 20
-649.963
 40
3.382
 50
360.0
 51
19.041
  0
ARC
  8
APS_GEOMETRY
 10
68.688
 20
-649.963
 40
2.747
 50
317.66
 51
360.0
  0
ARC
  8
APS_GEOMETRY
 10
66.166
 20
-647.664
 40
6.16
 50
289.747
 51
317.66
  0
ARC
  8
APS_GEOMETRY
 10
64.053
 20
-641.78
 40
12.412
 50
281.964
 51
289.747
  0
ARC
  8
APS_GEOMETRY
 10
61.126
 20
-627.968
 40
26.531
 50
276.643
 51
281.964
  0
ARC
  8
APS_GEOMETRY
 10
59.894
 20
-617.392
 40
37.178
 50
272.836
 51
276.643
  0
ARC
  8
APS_GEOMETRY
 10
58.419
 20
-587.616
 40
66.99
 50
270.0
 51
272.836
  0
ARC
  8
APS_GEOMETRY
 10
58.419
 20
-569.166
 40
85.44
 50
267.283
 51
270.0
  0
ARC
  8
APS_GEOMETRY
 10
56.626
 20
-606.969
 40
47.595
 50
263.643
 51
267.283
  0
ARC
  8
APS_GEOMETRY
 10
55.123
 20
-620.453
 40
34.027
 50
258.563
 51
263.643
  0
ARC
  8
APS_GEOMETRY
 10
51.534
 20
-638.193
 40
15.929
 50
251.136
 51
258.563
  0
ARC
  8
APS_GEOMETRY
 10
48.33
 20
-647.485
 40
6.099
 50
222.558
 51
251.395
  0
ARC
  8
APS_GEOMETRY
 10
45.953
 20
-649.668
 40
2.871
 50
180.0
 51
222.558
  0
ARC
  8
APS_GEOMETRY
 10
45.473
 20
-649.668
 40
2.392
 50
150.642
 51
180.0
  0
ARC
  8
APS_GEOMETRY
 10
45.665
 20
-649.776
 40
2.612
 50
122.574
 51
150.642
  0
ARC
  8
APS_GEOMETRY
 10
45.158
 20
-649.194
 40
1.851
 50
108.677
 51
119.055
  0
ARC
  8
APS_GEOMETRY
 10
68.273
 20
-717.577
 40
74.036
 50
107.038
 51
108.677
  0
ARC
  8
APS_GEOMETRY
 10
45.719
 20
-643.814
 40
3.099
 50
286.144
 51
308.66
  0
ARC
  8
APS_GEOMETRY
 10
46.227
 20
-644.448
 40
2.287
 50
308.66
 51
334.933
  0
ARC
  8
APS_GEOMETRY
 10
44.162
 20
-643.482
 40
4.566
 50
334.933
 51
348.829
  0
ARC
  8
APS_GEOMETRY
 10
18.336
 20
-638.382
 40
30.891
 50
348.829
 51
354.161
  0
ARC
  8
APS_GEOMETRY
 10
0.88
 20
-636.583
 40
48.439
 50
354.144
 51
355.66
  0
ARC
  8
APS_GEOMETRY
 10
-76.496
 20
-630.711
 40
126.038
 50
355.66
 51
356.6
  0
ARC
  8
APS_GEOMETRY
 10
-135.645
 20
-627.197
 40
185.291
 50
356.6
 51
357.24
  0
ARC
  8
APS_GEOMETRY
 10
-303.47
 20
-619.106
 40
353.311
 50
357.24
 51
357.703
  0
ARC
  8
APS_GEOMETRY
 10
-286.95
 20
-619.769
 40
336.777
 50
357.703
 51
358.674
  0
ARC
  8
APS_GEOMETRY
 10
-131.118
 20
-623.375
 40
180.903
 50
358.674
 51
0.0
  0
ARC
  8
APS_GEOMETRY
 10
22.976
 20
-623.375
 40
26.81
 50
0.0
 51
6.242
  0
ARC
  8
APS_GEOMETRY
 10
44.295
 20
-621.043
 40
5.364
 50
6.242
 51
20.225
  0
ARC
  8
APS_GEOMETRY
 10
47.25
 20
-619.954
 40
2.215
 50
20.225
 51
50.44
  0
ARC
  8
APS_GEOMETRY
 10
47.823
 20
-619.26
 40
1.314
 50
50.44
 51
90.0
  0
ARC
  8
APS_GEOMETRY
 10
47.823
 20
-619.708
 40
1.762
 50
90.0
 51
126.747
  0
ARC
  8
APS_GEOMETRY
 10
50.313
 20
-623.043
 40
5.924
 50
126.747
 51
146.547
  0
ARC
  8
APS_GEOMETRY
 10
6.326
 20
-594.13
 40
46.715
 50
324.255
 51
326.701
  0
ARC
  8
APS_GEOMETRY
 10
24.949
 20
-607.534
 40
23.77
 50
320.826
 51
324.255
  0
ARC
  8
APS_GEOMETRY
 10
31.035
 20
-612.494
 40
15.918
 50
315.722
 51
320.826
  0
ARC
  8
APS_GEOMETRY
 10
38.029
 20
-619.314
 40
6.149
 50
307.504
 51
315.722
  0
ARC
  8
APS_GEOMETRY
 10
37.384
 20
-618.453
 40
7.226
 50
291.306
 51
307.405
  0
ARC
  8
APS_GEOMETRY
 10
38.503
 20
-621.322
 40
4.146
 50
270.0
 51
291.306
  0
ARC
  8
APS_GEOMETRY
 10
38.503
 20
-621.589
 40
3.879
 50
245.532
 51
270.0
  0
ARC
  8
APS_GEOMETRY
 10
38.474
 20
-621.653
 40
3.808
 50
220.833
 51
245.532
  0
ARC
  8
APS_GEOMETRY
 10
38.867
 20
-621.314
 40
4.328
 50
198.684
 51
220.833
  0
ARC
  8
APS_GEOMETRY
 10
40.508
 20
-620.759
 40
6.06
 50
180.0
 51
198.684
  0
ARC
  8
APS_GEOMETRY
 10
44.355
 20
-620.759
 40
9.908
 50
168.408
 51
180.0
  0
ARC
  8
APS_GEOMETRY
 10
50.708
 20
-622.062
 40
16.393
 50
159.402
 51
168.408
  0
ARC
  8
APS_GEOMETRY
 10
52.671
 20
-622.8
 40
18.49
 50
151.39
 51
159.402
  0
ARC
  8
APS_GEOMETRY
 10
52.269
 20
-622.58
 40
18.032
 50
143.276
 51
151.39
  0
ARC
  8
APS_GEOMETRY
 10
47.219
 20
-618.804
 40
11.726
 50
124.216
 51
143.31
  0
ARC
  8
APS_GEOMETRY
 10
42.722
 20
-612.19
 40
3.728
 50
90.0
 51
124.216
  0
ARC
  8
APS_GEOMETRY
 10
42.722
 20
-613.846
 40
5.384
 50
82.725
 51
90.0
  0
ARC
  8
APS_GEOMETRY
 10
42.301
 20
-617.142
 40
8.707
 50
77.005
 51
82.725
  0
ARC
  8
APS_GEOMETRY
 10
55.149
 20
-555.195
 40
54.561
 50
258.486
 51
260.378
  0
ARC
  8
APS_GEOMETRY
 10
49.645
 20
-587.66
 40
21.633
 50
260.378
 51
263.382
  0
ARC
  8
APS_GEOMETRY
 10
49.175
 20
-591.718
 40
17.548
 50
263.382
 51
267.084
  0
ARC
  8
APS_GEOMETRY
 10
49.72
 20
-581.007
 40
28.273
 50
267.084
 51
270.0
  0
ARC
  8
APS_GEOMETRY
 10
109.447
 20
-634.145
 40
25.782
 50
71.91
 51
90.0
  0
ARC
  8
APS_GEOMETRY
 10
110.446
 20
-631.089
 40
22.566
 50
52.561
 51
71.91
  0
ARC
  8
APS_GEOMETRY
 10
110.184
 20
-631.165
 40
22.786
 50
38.846
 51
52.156
  0
ARC
  8
APS_GEOMETRY
 10
106.612
 20
-634.042
 40
27.372
 50
26.707
 51
38.846
  0
ARC
  8
APS_GEOMETRY
 10
107.319
 20
-633.464
 40
26.482
 50
13.868
 51
26.278
  0
ARC
  8
APS_GEOMETRY
 10
112.419
 20
-632.205
 40
21.229
 50
360.0
 51
13.868
  0
ARC
  8
APS_GEOMETRY
 10
112.749
 20
-632.205
 40
20.899
 50
339.712
 51
360.0
  0
ARC
  8
APS_GEOMETRY
 10
111.573
 20
-631.77
 40
22.153
 50
320.013
 51
339.712
  0
ARC
  8
APS_GEOMETRY
 10
111.378
 20
-631.662
 40
22.372
 50
303.344
 51
320.123
  0
ARC
  8
APS_GEOMETRY
 10
109.082
 20
-628.173
 40
26.548
 50
287.949
 51
303.344
  0
ARC
  8
APS_GEOMETRY
 10
108.328
 20
-625.558
 40
29.269
 50
279.039
 51
287.776
  0
ARC
  8
APS_GEOMETRY
 10
108.63
 20
-627.457
 40
27.346
 50
270.0
 51
279.039
  0
ARC
  8
APS_GEOMETRY
 10
108.63
 20
-628.792
 40
26.011
 50
257.728
 51
270.0
  0
ARC
  8
APS_GEOMETRY
 10
108.671
 20
-628.604
 40
26.203
 50
245.501
 51
257.728
  0
ARC
  8
APS_GEOMETRY
 10
107.198
 20
-631.827
 40
22.66
 50
228.665
 51
245.511
  0
ARC
  8
APS_GEOMETRY
 10
106.708
 20
-632.384
 40
21.918
 50
211.535
 51
228.665
  0
ARC
  8
APS_GEOMETRY
 10
107.35
 20
-631.912
 40
22.712
 50
195.642
 51
211.701
  0
ARC
  8
APS_GEOMETRY
 10
108.524
 20
-631.583
 40
23.931
 50
180.0
 51
195.642
  0
ARC
  8
APS_GEOMETRY
 10
108.775
 20
-631.583
 40
24.183
 50
162.181
 51
180.0
  0
ARC
  8
APS_GEOMETRY
 10
106.569
 20
-630.874
 40
21.865
 50
143.434
 51
162.181
  0
ARC
  8
APS_GEOMETRY
 10
106.272
 20
-630.636
 40
21.485
 50
126.384
 51
143.471
  0
ARC
  8
APS_GEOMETRY
 10
108.306
 20
-633.397
 40
24.914
 50
110.525
 51
126.384
  0
ARC
  8
APS_GEOMETRY
 10
108.205
 20
-632.647
 40
24.177
 50
99.77
 51
110.925
  0
ARC
  8
APS_GEOMETRY
 10
109.447
 20
-639.86
 40
31.496
 50
90.0
 51
99.77
  0
ARC
  8
APS_GEOMETRY
 10
106.34
 20
-622.557
 40
4.807
 50
90.0
 51
119.604
  0
ARC
  8
APS_GEOMETRY
 10
106.762
 20
-623.298
 40
5.659
 50
119.604
 51
146.842
  0
ARC
  8
APS_GEOMETRY
 10
107.608
 20
-623.992
 40
6.748
 50
145.84
 51
164.055
  0
ARC
  8
APS_GEOMETRY
 10
109.569
 20
-624.552
 40
8.788
 50
164.055
 51
180.0
  0
ARC
  8
APS_GEOMETRY
 10
121.833
 20
-624.552
 40
21.053
 50
180.0
 51
189.977
  0
ARC
  8
APS_GEOMETRY
 10
140.485
 20
-621.271
 40
39.991
 50
189.977
 51
197.211
  0
ARC
  8
APS_GEOMETRY
 10
144.565
 20
-620.008
 40
44.261
 50
197.211
 51
203.76
  0
ARC
  8
APS_GEOMETRY
 10
134.402
 20
-624.481
 40
33.157
 50
203.76
 51
211.329
  0
ARC
  8
APS_GEOMETRY
 10
113.534
 20
-637.005
 40
8.821
 50
212.32
 51
224.441
  0
ARC
  8
APS_GEOMETRY
 10
112.678
 20
-637.844
 40
7.623
 50
224.441
 51
237.484
  0
ARC
  8
APS_GEOMETRY
 10
112.125
 20
-638.711
 40
6.595
 50
237.484
 51
252.416
  0
ARC
  8
APS_GEOMETRY
 10
111.573
 20
-640.454
 40
4.766
 50
252.416
 51
270.0
  0
ARC
  8
APS_GEOMETRY
 10
111.573
 20
-639.889
 40
5.331
 50
270.0
 51
294.953
  0
ARC
  8
APS_GEOMETRY
 10
111.722
 20
-640.21
 40
4.977
 50
294.953
 51
320.793
  0
ARC
  8
APS_GEOMETRY
 10
110.922
 20
-639.557
 40
6.011
 50
320.793
 51
342.777
  0
ARC
  8
APS_GEOMETRY
 10
107.354
 20
-638.451
 40
9.746
 50
342.777
 51
0.0
  0
ARC
  8
APS_GEOMETRY
 10
90.593
 20
-638.451
 40
26.507
 50
0.0
 51
8.499
  0
ARC
  8
APS_GEOMETRY
 10
78.925
 20
-640.195
 40
38.304
 50
8.499
 51
15.566
  0
ARC
  8
APS_GEOMETRY
 10
80.328
 20
-639.804
 40
36.848
 50
15.566
 51
22.909
  0
ARC
  8
APS_GEOMETRY
 10
92.392
 20
-634.706
 40
23.751
 50
22.909
 51
32.057
  0
ARC
  8
APS_GEOMETRY
 10
101.868
 20
-628.736
 40
12.552
 50
31.921
 51
42.51
  0
ARC
  8
APS_GEOMETRY
 10
104.47
 20
-626.351
 40
9.022
 50
42.51
 51
55.008
  0
ARC
  8
APS_GEOMETRY
 10
105.349
 20
-625.095
 40
7.489
 50
55.008
 51
69.88
  0
ARC
  8
APS_GEOMETRY
 10
106.137
 20
-622.944
 40
5.198
 50
69.88
 51
87.754
  0
ARC
  8
APS_GEOMETRY
 10
157.868
 20
-624.347
 40
15.983
 50
83.923
 51
90.0
  0
ARC
  8
APS_GEOMETRY
 10
156.582
 20
-636.423
 40
28.127
 50
79.342
 51
83.923
  0
ARC
  8
APS_GEOMETRY
 10
155.032
 20
-644.663
 40
36.512
 50
75.808
 51
79.342
  0
ARC
  8
APS_GEOMETRY
 10
149.621
 20
-666.058
 40
58.58
 50
73.018
 51
75.808
  0
ARC
  8
APS_GEOMETRY
 10
168.672
 20
-603.565
 40
6.752
 50
253.288
 51
259.046
  0
ARC
  8
APS_GEOMETRY
 10
167.745
 20
-608.359
 40
1.87
 50
259.046
 51
270.0
  0
ARC
  8
APS_GEOMETRY
 10
167.745
 20
-609.118
 40
1.11
 50
270.0
 51
286.699
  0
ARC
  8
APS_GEOMETRY
 10
158.871
 20
-579.541
 40
31.989
 50
286.699
 51
289.799
  0
ARC
  8
APS_GEOMETRY
 10
170.761
 20
-612.451
 40
3.002
 50
100.008
 51
110.556
  0
ARC
  8
APS_GEOMETRY
 10
170.819
 20
-612.778
 40
3.334
 50
90.0
 51
100.008
  0
ARC
  8
APS_GEOMETRY
 10
170.819
 20
-612.622
 40
3.179
 50
53.356
 51
90.0
  0
ARC
  8
APS_GEOMETRY
 10
165.265
 20
-620.088
 40
12.484
 50
35.101
 51
53.356
  0
ARC
  8
APS_GEOMETRY
 10
162.494
 20
-622.036
 40
15.871
 50
20.245
 51
35.101
  0
ARC
  8
APS_GEOMETRY
 10
169.327
 20
-619.516
 40
8.588
 50
360.0
 51
20.245
  0
ARC
  8
APS_GEOMETRY
 10
172.766
 20
-619.516
 40
5.15
 50
340.481
 51
360.0
  0
ARC
  8
APS_GEOMETRY
 10
173.613
 20
-619.816
 40
4.25
 50
318.972
 51
340.481
  0
ARC
  8
APS_GEOMETRY
 10
173.992
 20
-620.146
 40
3.748
 50
295.017
 51
318.972
  0
ARC
  8
APS_GEOMETRY
 10
174.122
 20
-620.424
 40
3.442
 50
270.0
 51
295.017
  0
ARC
  8
APS_GEOMETRY
 10
174.122
 20
-618.58
 40
5.285
 50
256.171
 51
270.0
  0
ARC
  8
APS_GEOMETRY
 10
173.545
 20
-620.921
 40
2.874
 50
237.381
 51
256.171
  0
ARC
  8
APS_GEOMETRY
 10
174.566
 20
-619.326
 40
4.768
 50
231.559
 51
237.381
  0
ARC
  8
APS_GEOMETRY
 10
189.409
 20
-600.627
 40
28.642
 50
229.185
 51
231.559
  0
ARC
  8
APS_GEOMETRY
 10
205.316
 20
-582.208
 40
52.979
 50
227.9
 51
229.185
  0
ARC
  8
APS_GEOMETRY
 10
260.369
 20
-521.28
 40
135.095
 50
227.095
 51
227.9
  0
ARC
  8
APS_GEOMETRY
 10
157.006
 20
-632.441
 40
16.696
 50
46.975
 51
64.612
  0
ARC
  8
APS_GEOMETRY
 10
160.681
 20
-624.699
 40
8.127
 50
64.612
 51
90.0
  0
ARC
  8
APS_GEOMETRY
 10
160.681
 20
-622.428
 40
5.856
 50
90.0
 51
106.966
  0
ARC
  8
APS_GEOMETRY
 10
160.002
 20
-620.205
 40
3.531
 50
106.966
 51
128.868
  0
ARC
  8
APS_GEOMETRY
 10
159.609
 20
-619.718
 40
2.905
 50
128.868
 51
154.741
  0
ARC
  8
APS_GEOMETRY
 10
159.736
 20
-619.777
 40
3.046
 50
154.741
 51
180.0
  0
ARC
  8
APS_GEOMETRY
 10
159.552
 20
-619.777
 40
2.861
 50
180.0
 51
206.64
  0
ARC
  8
APS_GEOMETRY
 10
160.472
 20
-619.316
 40
3.891
 50
206.64
 51
229.43
  0
ARC
  8
APS_GEOMETRY
 10
161.948
 20
-617.592
 40
6.159
 50
229.43
 51
244.493
  0
ARC
  8
APS_GEOMETRY
 10
165.993
 20
-609.113
 40
15.554
 50
244.493
 51
253.956
  0
ARC
  8
APS_GEOMETRY
 10
93.922
 20
-854.042
 40
239.758
 50
72.737
 51
73.58
  0
ARC
  8
APS_GEOMETRY
 10
135.226
 20
-721.127
 40
100.573
 50
71.435
 51
72.737
  0
ARC
  8
APS_GEOMETRY
 10
148.907
 20
-680.392
 40
57.603
 50
69.164
 51
71.435
  0
ARC
  8
APS_GEOMETRY
 10
165.052
 20
-637.97
 40
12.212
 50
64.231
 51
69.164
  0
ARC
  8
APS_GEOMETRY
 10
163.195
 20
-641.709
 40
16.387
 50
34.939
 51
64.068
  0
ARC
  8
APS_GEOMETRY
 10
167.202
 20
-638.909
 40
11.498
 50
360.0
 51
34.939
  0
ARC
  8
APS_GEOMETRY
 10
164.739
 20
-638.909
 40
13.962
 50
333.435
 51
360.0
  0
ARC
  8
APS_GEOMETRY
 10
163.826
 20
-638.453
 40
14.982
 50
307.807
 51
333.435
  0
ARC
  8
APS_GEOMETRY
 10
161.451
 20
-635.38
 40
18.866
 50
296.732
 51
307.786
  0
ARC
  8
APS_GEOMETRY
 10
160.045
 20
-632.59
 40
21.99
 50
286.496
 51
296.732
  0
ARC
  8
APS_GEOMETRY
 10
159.12
 20
-629.464
 40
25.25
 50
277.544
 51
286.496
  0
ARC
  8
APS_GEOMETRY
 10
157.77
 20
-619.273
 40
35.53
 50
270.0
 51
277.544
  0
ARC
  8
APS_GEOMETRY
 10
157.77
 20
-617.732
 40
37.071
 50
263.555
 51
270.0
  0
ARC
  8
APS_GEOMETRY
 10
158.97
 20
-607.108
 40
47.762
 50
257.878
 51
263.555
  0
ARC
  8
APS_GEOMETRY
 10
158.333
 20
-610.074
 40
44.729
 50
254.839
 51
257.878
  0
ARC
  8
APS_GEOMETRY
 10
153.167
 20
-629.141
 40
24.974
 50
250.772
 51
254.839
  0
ARC
  8
APS_GEOMETRY
 10
150.843
 20
-635.804
 40
17.918
 50
245.121
 51
250.772
  0
ARC
  8
APS_GEOMETRY
 10
146.909
 20
-644.286
 40
8.568
 50
236.944
 51
245.121
  0
ARC
  8
APS_GEOMETRY
 10
144.59
 20
-647.937
 40
4.243
 50
211.802
 51
236.31
  0
ARC
  8
APS_GEOMETRY
 10
155.614
 20
-641.101
 40
17.215
 50
199.704
 51
211.802
  0
ARC
  8
APS_GEOMETRY
 10
160.879
 20
-639.215
 40
22.807
 50
190.413
 51
199.704
  0
ARC
  8
APS_GEOMETRY
 10
156.316
 20
-640.054
 40
18.168
 50
180.0
 51
190.413
  0
ARC
  8
APS_GEOMETRY
 10
144.016
 20
-640.054
 40
5.869
 50
164.876
 51
180.0
  0
ARC
  8
APS_GEOMETRY
 10
140.71
 20
-639.16
 40
2.443
 50
141.34
 51
164.876
  0
ARC
  8
APS_GEOMETRY
 10
141.03
 20
-639.374
 40
2.827
 50
116.928
 51
142.001
  0
ARC
  8
APS_GEOMETRY
 10
140.862
 20
-639.044
 40
2.457
 50
90.0
 51
116.928
  0
ARC
  8
APS_GEOMETRY
 10
140.862
 20
-639.051
 40
2.464
 50
62.21
 51
90.0
  0
ARC
  8
APS_GEOMETRY
 10
139.879
 20
-640.917
 40
4.573
 50
41.906
 51
62.21
  0
ARC
  8
APS_GEOMETRY
 10
140.046
 20
-640.952
 40
4.475
 50
37.313
 51
43.668
  0
ARC
  8
APS_GEOMETRY
 10
114.978
 20
-660.058
 40
35.993
 50
35.074
 51
37.313
  0
ARC
  8
APS_GEOMETRY
 10
86.51
 20
-680.046
 40
70.777
 50
33.934
 51
35.074
  0
ARC
  8
APS_GEOMETRY
 10
-14.987
 20
-748.336
 40
193.11
 50
33.243
 51
33.934
  0
ARC
  8
APS_GEOMETRY
 10
152.132
 20
-638.766
 40
6.727
 50
213.453
 51
231.637
  0
ARC
  8
APS_GEOMETRY
 10
155.311
 20
-634.75
 40
11.848
 50
231.637
 51
245.313
  0
ARC
  8
APS_GEOMETRY
 10
156.011
 20
-633.227
 40
13.524
 50
245.313
 51
257.398
  0
ARC
  8
APS_GEOMETRY
 10
155.775
 20
-634.282
 40
12.443
 50
257.398
 51
270.0
  0
ARC
  8
APS_GEOMETRY
 10
155.775
 20
-636.219
 40
10.506
 50
270.0
 51
282.907
  0
ARC
  8
APS_GEOMETRY
 10
156.906
 20
-641.152
 40
5.445
 50
282.907
 51
300.872
  0
ARC
  8
APS_GEOMETRY
 10
157.886
 20
-642.792
 40
3.535
 50
300.872
 51
326.876
  0
ARC
  8
APS_GEOMETRY
 10
159.002
 20
-643.52
 40
2.202
 50
326.876
 51
0.0
  0
ARC
  8
APS_GEOMETRY
 10
158.673
 20
-643.52
 40
2.531
 50
0.0
 51
27.553
  0
ARC
  8
APS_GEOMETRY
 10
157.872
 20
-643.938
 40
3.434
 50
27.553
 51
51.147
  0
ARC
  8
APS_GEOMETRY
 10
156.218
 20
-645.992
 40
6.071
 50
51.147
 51
65.225
  0
ARC
  8
APS_GEOMETRY
 10
150.114
 20
-659.216
 40
20.636
 50
65.225
 51
72.848
  0
ARC
  8
APS_GEOMETRY
 10
185.756
 20
-545.576
 40
98.462
 50
251.106
 51
252.532
  0
ARC
  8
APS_GEOMETRY
 10
173.14
 20
-582.438
 40
59.501
 50
249.271
 51
251.106
  0
ARC
  8
APS_GEOMETRY
 10
167.895
 20
-596.297
 40
44.683
 50
246.83
 51
249.271
  0
ARC
  8
APS_GEOMETRY
 10
159.411
 20
-616.12
 40
23.121
 50
243.435
 51
246.83
  0
ARC
  8
APS_GEOMETRY
 10
158.445
 20
-618.051
 40
20.961
 50
235.981
 51
243.435
  0
ARC
  8
APS_GEOMETRY
 10
159.187
 20
-616.952
 40
22.287
 50
228.752
 51
235.981
  0
ARC
  8
APS_GEOMETRY
 10
155.712
 20
-621.046
 40
16.918
 50
206.421
 51
228.457
  0
ARC
  8
APS_GEOMETRY
 10
151.158
 20
-623.309
 40
11.833
 50
180.0
 51
206.421
  0
ARC
  8
APS_GEOMETRY
 10
151.373
 20
-623.309
 40
12.047
 50
166.555
 51
180.0
  0
ARC
  8
APS_GEOMETRY
 10
152.768
 20
-623.643
 40
13.482
 50
153.848
 51
166.555
  0
ARC
  8
APS_GEOMETRY
 10
152.884
 20
-623.7
 40
13.611
 50
141.244
 51
153.848
  0
ARC
  8
APS_GEOMETRY
 10
153.744
 20
-624.391
 40
14.714
 50
129.123
 51
141.244
  0
ARC
  8
APS_GEOMETRY
 10
156.497
 20
-627.318
 40
18.725
 50
108.978
 51
130.006
  0
ARC
  8
APS_GEOMETRY
 10
157.868
 20
-631.304
 40
22.94
 50
90.0
 51
108.978
  0
ARC
  8
APS_GEOMETRY
 10
207.859
 20
-629.628
 40
21.264
 50
77.257
 51
90.0
  0
ARC
  8
APS_GEOMETRY
 10
207.643
 20
-630.583
 40
22.243
 50
64.799
 51
77.257
  0
ARC
  8
APS_GEOMETRY
 10
225.96
 20
-591.585
 40
20.843
 50
244.885
 51
251.175
  0
ARC
  8
APS_GEOMETRY
 10
219.992
 20
-609.092
 40
2.346
 50
251.175
 51
270.0
  0
ARC
  8
APS_GEOMETRY
 10
219.992
 20
-607.632
 40
3.806
 50
270.0
 51
278.82
  0
ARC
  8
APS_GEOMETRY
 10
217.533
 20
-591.784
 40
19.844
 50
278.82
 51
282.68
  0
ARC
  8
APS_GEOMETRY
 10
222.678
 20
-614.565
 40
3.511
 50
95.906
 51
102.995
  0
ARC
  8
APS_GEOMETRY
 10
222.837
 20
-616.101
 40
5.055
 50
90.0
 51
95.906
  0
ARC
  8
APS_GEOMETRY
 10
222.837
 20
-614.401
 40
3.356
 50
62.447
 51
90.0
  0
ARC
  8
APS_GEOMETRY
 10
222.24
 20
-615.545
 40
4.645
 50
39.094
 51
62.447
  0
ARC
  8
APS_GEOMETRY
 10
216.006
 20
-620.758
 40
12.772
 50
18.435
 51
39.611
  0
ARC
  8
APS_GEOMETRY
 10
212.179
 20
-622.034
 40
16.806
 50
360.0
 51
18.435
  0
ARC
  8
APS_GEOMETRY
 10
220.652
 20
-622.034
 40
8.333
 50
334.877
 51
360.0
  0
ARC
  8
APS_GEOMETRY
 10
223.158
 20
-623.209
 40
5.565
 50
304.007
 51
334.877
  0
ARC
  8
APS_GEOMETRY
 10
223.117
 20
-623.092
 40
5.686
 50
286.39
 51
303.69
  0
ARC
  8
APS_GEOMETRY
 10
222.935
 20
-622.473
 40
6.33
 50
270.0
 51
286.39
  0
ARC
  8
APS_GEOMETRY
 10
222.935
 20
-622.547
 40
6.257
 50
255.155
 51
270.0
  0
ARC
  8
APS_GEOMETRY
 10
222.25
 20
-625.133
 40
3.581
 50
235.491
 51
255.155
  0
ARC
  8
APS_GEOMETRY
 10
222.594
 20
-624.632
 40
4.189
 50
218.48
 51
235.491
  0
ARC
  8
APS_GEOMETRY
 10
228.214
 20
-620.165
 40
11.369
 50
208.179
 51
218.48
  0
ARC
  8
APS_GEOMETRY
 10
170.59
 20
-651.444
 40
54.198
 50
28.56
 51
31.664
  0
ARC
  8
APS_GEOMETRY
 10
205.802
 20
-629.727
 40
12.827
 50
31.664
 51
38.047
  0
ARC
  8
APS_GEOMETRY
 10
208.362
 20
-627.723
 40
9.576
 50
38.047
 51
46.56
  0
ARC
  8
APS_GEOMETRY
 10
207.032
 20
-629.129
 40
11.512
 50
46.56
 51
54.324
  0
ARC
  8
APS_GEOMETRY
 10
206.263
 20
-630.45
 40
13.034
 50
54.968
 51
71.48
  0
ARC
  8
APS_GEOMETRY
 10
207.106
 20
-627.933
 40
10.38
 50
71.48
 51
90.0
  0
ARC
  8
APS_GEOMETRY
 10
207.106
 20
-624.804
 40
7.251
 50
90.0
 51
114.63
  0
ARC
  8
APS_GEOMETRY
 10
206.742
 20
-624.01
 40
6.377
 50
114.63
 51
140.921
  0
ARC
  8
APS_GEOMETRY
 10
207.818
 20
-624.884
 40
7.763
 50
140.921
 51
163.13
  0
ARC
  8
APS_GEOMETRY
 10
213.196
 20
-626.514
 40
13.382
 50
163.13
 51
180.0
  0
ARC
  8
APS_GEOMETRY
 10
220.169
 20
-626.514
 40
20.355
 50
180.0
 51
195.44
  0
ARC
  8
APS_GEOMETRY
 10
219.111
 20
-626.807
 40
19.258
 50
195.44
 51
211.316
  0
ARC
  8
APS_GEOMETRY
 10
214.022
 20
-629.796
 40
13.357
 50
211.708
 51
240.457
  0
ARC
  8
APS_GEOMETRY
 10
213.68
 20
-630.399
 40
12.663
 50
240.457
 51
270.0
  0
ARC
  8
APS_GEOMETRY
 10
213.68
 20
-627.312
 40
15.751
 50
270.0
 51
279.549
  0
ARC
  8
APS_GEOMETRY
 10
213.484
 20
-626.148
 40
16.931
 50
279.549
 51
288.759
  0
ARC
  8
APS_GEOMETRY
 10
214.309
 20
-628.578
 40
14.364
 50
288.759
 51
299.545
  0
ARC
  8
APS_GEOMETRY
 10
217.619
 20
-634.417
 40
7.652
 50
299.545
 51
314.341
  0
ARC
  8
APS_GEOMETRY
 10
227.854
 20
-645.048
 40
7.105
 50
120.141
 51
133.452
  0
ARC
  8
APS_GEOMETRY
 10
224.995
 20
-640.124
 40
1.412
 50
90.0
 51
120.141
  0
ARC
  8
APS_GEOMETRY
 10
224.995
 20
-640.942
 40
2.23
 50
61.952
 51
90.0
  0
ARC
  8
APS_GEOMETRY
 10
224.663
 20
-641.566
 40
2.936
 50
37.569
 51
61.952
  0
ARC
  8
APS_GEOMETRY
 10
224.044
 20
-642.042
 40
3.717
 50
17.665
 51
37.569
  0
ARC
  8
APS_GEOMETRY
 10
223.099
 20
-642.343
 40
4.709
 50
360.0
 51
17.665
  0
ARC
  8
APS_GEOMETRY
 10
220.727
 20
-642.343
 40
7.081
 50
344.932
 51
360.0
  0
ARC
  8
APS_GEOMETRY
 10
214.429
 20
-640.647
 40
13.603
 50
334.075
 51
344.932
  0
ARC
  8
APS_GEOMETRY
 10
214.231
 20
-640.551
 40
13.823
 50
323.374
 51
334.075
  0
ARC
  8
APS_GEOMETRY
 10
218.295
 20
-643.572
 40
8.76
 50
309.92
 51
323.374
  0
ARC
  8
APS_GEOMETRY
 10
222.356
 20
-648.363
 40
2.48
 50
289.026
 51
308.991
  0
ARC
  8
APS_GEOMETRY
 10
218.023
 20
-635.797
 40
15.771
 50
281.143
 51
289.026
  0
ARC
  8
APS_GEOMETRY
 10
222.417
 20
-658.579
 40
7.431
 50
100.437
 51
110.12
  0
ARC
  8
APS_GEOMETRY
 10
228.238
 20
-674.469
 40
24.353
 50
110.12
 51
115.463
  0
ARC
  8
APS_GEOMETRY
 10
207.457
 20
-630.988
 40
23.838
 50
282.94
 51
295.628
  0
ARC
  8
APS_GEOMETRY
 10
207.662
 20
-631.882
 40
22.921
 50
270.0
 51
282.94
  0
ARC
  8
APS_GEOMETRY
 10
207.662
 20
-630.528
 40
24.275
 50
257.307
 51
270.0
  0
ARC
  8
APS_GEOMETRY
 10
208.687
 20
-625.978
 40
28.939
 50
245.686
 51
257.307
  0
ARC
  8
APS_GEOMETRY
 10
206.117
 20
-631.62
 40
22.739
 50
228.801
 51
245.735
  0
ARC
  8
APS_GEOMETRY
 10
206.16
 20
-631.571
 40
22.805
 50
211.891
 51
228.801
  0
ARC
  8
APS_GEOMETRY
 10
207.508
 20
-630.601
 40
24.462
 50
196.728
 51
212.152
  0
ARC
  8
APS_GEOMETRY
 10
204.02
 20
-631.649
 40
20.82
 50
180.0
 51
196.728
  0
ARC
  8
APS_GEOMETRY
 10
204.527
 20
-631.649
 40
21.327
 50
161.184
 51
180.0
  0
ARC
  8
APS_GEOMETRY
 10
205.895
 20
-632.115
 40
22.773
 50
142.98
 51
161.184
  0
ARC
  8
APS_GEOMETRY
 10
206.96
 20
-632.929
 40
24.112
 50
127.824
 51
142.958
  0
ARC
  8
APS_GEOMETRY
 10
208.714
 20
-635.189
 40
26.973
 50
113.52
 51
127.824
  0
ARC
  8
APS_GEOMETRY
 10
208.143
 20
-633.869
 40
25.535
 50
101.927
 51
113.527
  0
ARC
  8
APS_GEOMETRY
 10
207.859
 20
-632.525
 40
24.161
 50
90.0
 51
101.927
  0
ARC
  8
APS_GEOMETRY
 10
258.34
 20
-634.145
 40
25.782
 50
71.91
 51
90.0
  0
ARC
  8
APS_GEOMETRY
 10
259.338
 20
-631.089
 40
22.566
 50
52.561
 51
71.91
  0
ARC
  8
APS_GEOMETRY
 10
259.077
 20
-631.165
 40
22.786
 50
38.846
 51
52.156
  0
ARC
  8
APS_GEOMETRY
 10
255.505
 20
-634.042
 40
27.372
 50
26.707
 51
38.846
  0
ARC
  8
APS_GEOMETRY
 10
256.212
 20
-633.464
 40
26.482
 50
13.868
 51
26.278
  0
ARC
  8
APS_GEOMETRY
 10
261.311
 20
-632.205
 40
21.229
 50
360.0
 51
13.868
  0
ARC
  8
APS_GEOMETRY
 10
261.642
 20
-632.205
 40
20.899
 50
339.712
 51
360.0
  0
ARC
  8
APS_GEOMETRY
 10
260.465
 20
-631.77
 40
22.153
 50
320.013
 51
339.712
  0
ARC
  8
APS_GEOMETRY
 10
260.27
 20
-631.662
 40
22.372
 50
303.344
 51
320.123
  0
ARC
  8
APS_GEOMETRY
 10
257.974
 20
-628.173
 40
26.548
 50
287.949
 51
303.344
  0
ARC
  8
APS_GEOMETRY
 10
257.22
 20
-625.558
 40
29.269
 50
279.039
 51
287.776
  0
ARC
  8
APS_GEOMETRY
 10
257.522
 20
-627.457
 40
27.346
 50
270.0
 51
279.039
  0
ARC
  8
APS_GEOMETRY
 10
257.522
 20
-628.792
 40
26.011
 50
257.728
 51
270.0
  0
ARC
  8
APS_GEOMETRY
 10
257.563
 20
-628.604
 40
26.203
 50
245.501
 51
257.728
  0
ARC
  8
APS_GEOMETRY
 10
256.09
 20
-631.827
 40
22.66
 50
228.665
 51
245.511
  0
ARC
  8
APS_GEOMETRY
 10
255.601
 20
-632.384
 40
21.918
 50
211.535
 51
228.665
  0
ARC
  8
APS_GEOMETRY
 10
256.243
 20
-631.912
 40
22.712
 50
195.642
 51
211.701
  0
ARC
  8
APS_GEOMETRY
 10
257.416
 20
-631.583
 40
23.931
 50
180.0
 51
195.642
  0
ARC
  8
APS_GEOMETRY
 10
257.668
 20
-631.583
 40
24.183
 50
162.181
 51
180.0
  0
ARC
  8
APS_GEOMETRY
 10
255.461
 20
-630.874
 40
21.865
 50
143.434
 51
162.181
  0
ARC
  8
APS_GEOMETRY
 10
255.164
 20
-630.636
 40
21.485
 50
126.384
 51
143.471
  0
ARC
  8
APS_GEOMETRY
 10
257.199
 20
-633.397
 40
24.914
 50
110.525
 51
126.384
  0
ARC
  8
APS_GEOMETRY
 10
257.098
 20
-632.647
 40
24.177
 50
99.77
 51
110.925
  0
ARC
  8
APS_GEOMETRY
 10
258.34
 20
-639.86
 40
31.496
 50
90.0
 51
99.77
  0
ARC
  8
APS_GEOMETRY
 10
255.233
 20
-622.557
 40
4.807
 50
90.0
 51
119.604
  0
ARC
  8
APS_GEOMETRY
 10
255.654
 20
-623.298
 40
5.659
 50
119.604
 51
146.842
  0
ARC
  8
APS_GEOMETRY
 10
256.5
 20
-623.992
 40
6.748
 50
145.84
 51
164.055
  0
ARC
  8
APS_GEOMETRY
 10
258.461
 20
-624.552
 40
8.788
 50
164.055
 51
180.0
  0
ARC
  8
APS_GEOMETRY
 10
270.726
 20
-624.552
 40
21.053
 50
180.0
 51
189.977
  0
ARC
  8
APS_GEOMETRY
 10
289.377
 20
-621.271
 40
39.991
 50
189.977
 51
197.211
  0
ARC
  8
APS_GEOMETRY
 10
293.457
 20
-620.008
 40
44.261
 50
197.211
 51
203.76
  0
ARC
  8
APS_GEOMETRY
 10
283.294
 20
-624.481
 40
33.157
 50
203.76
 51
211.329
  0
ARC
  8
APS_GEOMETRY
 10
262.426
 20
-637.005
 40
8.821
 50
212.32
 51
224.441
  0
ARC
  8
APS_GEOMETRY
 10
261.571
 20
-637.844
 40
7.623
 50
224.441
 51
237.484
  0
ARC
  8
APS_GEOMETRY
 10
261.018
 20
-638.711
 40
6.595
 50
237.484
 51
252.416
  0
ARC
  8
APS_GEOMETRY
 10
260.465
 20
-640.454
 40
4.766
 50
252.416
 51
270.0
  0
ARC
  8
APS_GEOMETRY
 10
260.465
 20
-639.889
 40
5.331
 50
270.0
 51
294.953
  0
ARC
  8
APS_GEOMETRY
 10
260.615
 20
-640.21
 40
4.977
 50
294.953
 51
320.793
  0
ARC
  8
APS_GEOMETRY
 10
259.814
 20
-639.557
 40
6.011
 50
320.793
 51
342.777
  0
ARC
  8
APS_GEOMETRY
 10
256.246
 20
-638.451
 40
9.746
 50
342.777
 51
0.0
  0
ARC
  8
APS_GEOMETRY
 10
239.485
 20
-638.451
 40
26.507
 50
0.0
 51
8.499
  0
ARC
  8
APS_GEOMETRY
 10
227.818
 20
-640.195
 40
38.304
 50
8.499
 51
15.566
  0
ARC
  8
APS_GEOMETRY
 10
229.221
 20
-639.804
 40
36.848
 50
15.566
 51
22.909
  0
ARC
  8
APS_GEOMETRY
 10
241.284
 20
-634.706
 40
23.751
 50
22.909
 51
32.057
  0
ARC
  8
APS_GEOMETRY
 10
250.76
 20
-628.736
 40
12.552
 50
31.921
 51
42.51
  0
ARC
  8
APS_GEOMETRY
 10
253.362
 20
-626.351
 40
9.022
 50
42.51
 51
55.008
  0
ARC
  8
APS_GEOMETRY
 10
254.241
 20
-625.095
 40
7.489
 50
55.008
 51
69.88
  0
ARC
  8
APS_GEOMETRY
 10
255.029
 20
-622.944
 40
5.198
 50
69.88
 51
87.754
  0
ARC
  8
APS_GEOMETRY
 10
311.699
 20
-629.628
 40
21.264
 50
77.257
 51
90.0
  0
ARC
  8
APS_GEOMETRY
 10
311.483
 20
-630.583
 40
22.243
 50
64.799
 51
77.257
  0
ARC
  8
APS_GEOMETRY
 10
329.8
 20
-591.585
 40
20.843
 50
244.885
 51
251.175
  0
ARC
  8
APS_GEOMETRY
 10
323.832
 20
-609.092
 40
2.346
 50
251.175
 51
270.0
  0
ARC
  8
APS_GEOMETRY
 10
323.832
 20
-607.632
 40
3.806
 50
270.0
 51
278.82
  0
ARC
  8
APS_GEOMETRY
 10
321.373
 20
-591.784
 40
19.844
 50
278.82
 51
282.68
  0
ARC
  8
APS_GEOMETRY
 10
326.518
 20
-614.565
 40
3.511
 50
95.906
 51
102.995
  0
ARC
  8
APS_GEOMETRY
 10
326.677
 20
-616.101
 40
5.055
 50
90.0
 51
95.906
  0
ARC
  8
APS_GEOMETRY
 10
326.677
 20
-614.401
 40
3.356
 50
62.447
 51
90.0
  0
ARC
  8
APS_GEOMETRY
 10
326.08
 20
-615.545
 40
4.645
 50
39.094
 51
62.447
  0
ARC
  8
APS_GEOMETRY
 10
319.846
 20
-620.758
 40
12.772
 50
18.435
 51
39.611
  0
ARC
  8
APS_GEOMETRY
 10
316.02
 20
-622.034
 40
16.806
 50
360.0
 51
18.435
  0
ARC
  8
APS_GEOMETRY
 10
324.492
 20
-622.034
 40
8.333
 50
334.877
 51
360.0
  0
ARC
  8
APS_GEOMETRY
 10
326.998
 20
-623.209
 40
5.565
 50
304.007
 51
334.877
  0
ARC
  8
APS_GEOMETRY
 10
326.957
 20
-623.092
 40
5.686
 50
286.39
 51
303.69
  0
ARC
  8
APS_GEOMETRY
 10
326.775
 20
-622.473
 40
6.33
 50
270.0
 51
286.39
  0
ARC
  8
APS_GEOMETRY
 10
326.775
 20
-622.547
 40
6.257
 50
255.155
 51
270.0
  0
ARC
  8
APS_GEOMETRY
 10
326.09
 20
-625.133
 40
3.581
 50
235.491
 51
255.155
  0
ARC
  8
APS_GEOMETRY
 10
326.434
 20
-624.632
 40
4.189
 50
218.48
 51
235.491
  0
ARC
  8
APS_GEOMETRY
 10
332.055
 20
-620.165
 40
11.369
 50
208.179
 51
218.48
  0
ARC
  8
APS_GEOMETRY
 10
274.43
 20
-651.444
 40
54.198
 50
28.56
 51
31.664
  0
ARC
  8
APS_GEOMETRY
 10
309.642
 20
-629.727
 40
12.827
 50
31.664
 51
38.047
  0
ARC
  8
APS_GEOMETRY
 10
312.203
 20
-627.723
 40
9.576
 50
38.047
 51
46.56
  0
ARC
  8
APS_GEOMETRY
 10
310.872
 20
-629.129
 40
11.512
 50
46.56
 51
54.324
  0
ARC
  8
APS_GEOMETRY
 10
310.104
 20
-630.45
 40
13.034
 50
54.968
 51
71.48
  0
ARC
  8
APS_GEOMETRY
 10
310.947
 20
-627.933
 40
10.38
 50
71.48
 51
90.0
  0
ARC
  8
APS_GEOMETRY
 10
310.947
 20
-624.804
 40
7.251
 50
90.0
 51
114.63
  0
ARC
  8
APS_GEOMETRY
 10
310.582
 20
-624.01
 40
6.377
 50
114.63
 51
140.921
  0
ARC
  8
APS_GEOMETRY
 10
311.658
 20
-624.884
 40
7.763
 50
140.921
 51
163.13
  0
ARC
  8
APS_GEOMETRY
 10
317.036
 20
-626.514
 40
13.382
 50
163.13
 51
180.0
  0
ARC
  8
APS_GEOMETRY
 10
324.009
 20
-626.514
 40
20.355
 50
180.0
 51
195.44
  0
ARC
  8
APS_GEOMETRY
 10
322.951
 20
-626.807
 40
19.258
 50
195.44
 51
211.316
  0
ARC
  8
APS_GEOMETRY
 10
317.862
 20
-629.796
 40
13.357
 50
211.708
 51
240.457
  0
ARC
  8
APS_GEOMETRY
 10
317.52
 20
-630.399
 40
12.663
 50
240.457
 51
270.0
  0
ARC
  8
APS_GEOMETRY
 10
317.52
 20
-627.312
 40
15.751
 50
270.0
 51
279.549
  0
ARC
  8
APS_GEOMETRY
 10
317.324
 20
-626.148
 40
16.931
 50
279.549
 51
288.759
  0
ARC
  8
APS_GEOMETRY
 10
318.15
 20
-628.578
 40
14.364
 50
288.759
 51
299.545
  0
ARC
  8
APS_GEOMETRY
 10
321.459
 20
-634.417
 40
7.652
 50
299.545
 51
314.341
  0
ARC
  8
APS_GEOMETRY
 10
331.694
 20
-645.048
 40
7.105
 50
120.141
 51
133.452
  0
ARC
  8
APS_GEOMETRY
 10
328.835
 20
-640.124
 40
1.412
 50
90.0
 51
120.141
  0
ARC
  8
APS_GEOMETRY
 10
328.835
 20
-640.942
 40
2.23
 50
61.952
 51
90.0
  0
ARC
  8
APS_GEOMETRY
 10
328.503
 20
-641.566
 40
2.936
 50
37.569
 51
61.952
  0
ARC
  8
APS_GEOMETRY
 10
327.884
 20
-642.042
 40
3.717
 50
17.665
 51
37.569
  0
ARC
  8
APS_GEOMETRY
 10
326.939
 20
-642.343
 40
4.709
 50
360.0
 51
17.665
  0
ARC
  8
APS_GEOMETRY
 10
324.567
 20
-642.343
 40
7.081
 50
344.932
 51
360.0
  0
ARC
  8
APS_GEOMETRY
 10
318.269
 20
-640.647
 40
13.603
 50
334.075
 51
344.932
  0
ARC
  8
APS_GEOMETRY
 10
318.071
 20
-640.551
 40
13.823
 50
323.374
 51
334.075
  0
ARC
  8
APS_GEOMETRY
 10
322.135
 20
-643.572
 40
8.76
 50
309.92
 51
323.374
  0
ARC
  8
APS_GEOMETRY
 10
326.196
 20
-648.363
 40
2.48
 50
289.026
 51
308.991
  0
ARC
  8
APS_GEOMETRY
 10
321.863
 20
-635.797
 40
15.771
 50
281.143
 51
289.026
  0
ARC
  8
APS_GEOMETRY
 10
326.257
 20
-658.579
 40
7.431
 50
100.437
 51
110.12
  0
ARC
  8
APS_GEOMETRY
 10
332.078
 20
-674.469
 40
24.353
 50
110.12
 51
115.463
  0
ARC
  8
APS_GEOMETRY
 10
311.297
 20
-630.988
 40
23.838
 50
282.94
 51
295.628
  0
ARC
  8
APS_GEOMETRY
 10
311.503
 20
-631.882
 40
22.921
 50
270.0
 51
282.94
  0
ARC
  8
APS_GEOMETRY
 10
311.503
 20
-630.528
 40
24.275
 50
257.307
 51
270.0
  0
ARC
  8
APS_GEOMETRY
 10
312.527
 20
-625.978
 40
28.939
 50
245.686
 51
257.307
  0
ARC
  8
APS_GEOMETRY
 10
309.957
 20
-631.62
 40
22.739
 50
228.801
 51
245.735
  0
ARC
  8
APS_GEOMETRY
 10
310.0
 20
-631.571
 40
22.805
 50
211.891
 51
228.801
  0
ARC
  8
APS_GEOMETRY
 10
311.348
 20
-630.601
 40
24.462
 50
196.728
 51
212.152
  0
ARC
  8
APS_GEOMETRY
 10
307.86
 20
-631.649
 40
20.82
 50
180.0
 51
196.728
  0
ARC
  8
APS_GEOMETRY
 10
308.367
 20
-631.649
 40
21.327
 50
161.184
 51
180.0
  0
ARC
  8
APS_GEOMETRY
 10
309.736
 20
-632.115
 40
22.773
 50
142.98
 51
161.184
  0
ARC
  8
APS_GEOMETRY
 10
310.8
 20
-632.929
 40
24.112
 50
127.824
 51
142.958
  0
ARC
  8
APS_GEOMETRY
 10
312.554
 20
-635.189
 40
26.973
 50
113.52
 51
127.824
  0
ARC
  8
APS_GEOMETRY
 10
311.983
 20
-633.869
 40
25.535
 50
101.927
 51
113.527
  0
ARC
  8
APS_GEOMETRY
 10
311.699
 20
-632.525
 40
24.161
 50
90.0
 51
101.927
  0
ARC
  8
APS_GEOMETRY
 10
362.18
 20
-634.145
 40
25.782
 50
71.91
 51
90.0
  0
ARC
  8
APS_GEOMETRY
 10
363.178
 20
-631.089
 40
22.566
 50
52.561
 51
71.91
  0
ARC
  8
APS_GEOMETRY
 10
362.917
 20
-631.165
 40
22.786
 50
38.846
 51
52.156
  0
ARC
  8
APS_GEOMETRY
 10
359.345
 20
-634.042
 40
27.372
 50
26.707
 51
38.846
  0
ARC
  8
APS_GEOMETRY
 10
360.052
 20
-633.464
 40
26.482
 50
13.868
 51
26.278
  0
ARC
  8
APS_GEOMETRY
 10
365.152
 20
-632.205
 40
21.229
 50
360.0
 51
13.868
  0
ARC
  8
APS_GEOMETRY
 10
365.482
 20
-632.205
 40
20.899
 50
339.712
 51
360.0
  0
ARC
  8
APS_GEOMETRY
 10
364.305
 20
-631.77
 40
22.153
 50
320.013
 51
339.712
  0
ARC
  8
APS_GEOMETRY
 10
364.11
 20
-631.662
 40
22.372
 50
303.344
 51
320.123
  0
ARC
  8
APS_GEOMETRY
 10
361.814
 20
-628.173
 40
26.548
 50
287.949
 51
303.344
  0
ARC
  8
APS_GEOMETRY
 10
361.06
 20
-625.558
 40
29.269
 50
279.039
 51
287.776
  0
ARC
  8
APS_GEOMETRY
 10
361.362
 20
-627.457
 40
27.346
 50
270.0
 51
279.039
  0
ARC
  8
APS_GEOMETRY
 10
361.362
 20
-628.792
 40
26.011
 50
257.728
 51
270.0
  0
ARC
  8
APS_GEOMETRY
 10
361.403
 20
-628.604
 40
26.203
 50
245.501
 51
257.728
  0
ARC
  8
APS_GEOMETRY
 10
359.93
 20
-631.827
 40
22.66
 50
228.665
 51
245.511
  0
ARC
  8
APS_GEOMETRY
 10
359.441
 20
-632.384
 40
21.918
 50
211.535
 51
228.665
  0
ARC
  8
APS_GEOMETRY
 10
360.083
 20
-631.912
 40
22.712
 50
195.642
 51
211.701
  0
ARC
  8
APS_GEOMETRY
 10
361.256
 20
-631.583
 40
23.931
 50
180.0
 51
195.642
  0
ARC
  8
APS_GEOMETRY
 10
361.508
 20
-631.583
 40
24.183
 50
162.181
 51
180.0
  0
ARC
  8
APS_GEOMETRY
 10
359.301
 20
-630.874
 40
21.865
 50
143.434
 51
162.181
  0
ARC
  8
APS_GEOMETRY
 10
359.005
 20
-630.636
 40
21.485
 50
126.384
 51
143.471
  0
ARC
  8
APS_GEOMETRY
 10
361.039
 20
-633.397
 40
24.914
 50
110.525
 51
126.384
  0
ARC
  8
APS_GEOMETRY
 10
360.938
 20
-632.647
 40
24.177
 50
99.77
 51
110.925
  0
ARC
  8
APS_GEOMETRY
 10
362.18
 20
-639.86
 40
31.496
 50
90.0
 51
99.77
  0
ARC
  8
APS_GEOMETRY
 10
359.073
 20
-622.557
 40
4.807
 50
90.0
 51
119.604
  0
ARC
  8
APS_GEOMETRY
 10
359.494
 20
-623.298
 40
5.659
 50
119.604
 51
146.842
  0
ARC
  8
APS_GEOMETRY
 10
360.34
 20
-623.992
 40
6.748
 50
145.84
 51
164.055
  0
ARC
  8
APS_GEOMETRY
 10
362.302
 20
-624.552
 40
8.788
 50
164.055
 51
180.0
  0
ARC
  8
APS_GEOMETRY
 10
374.566
 20
-624.552
 40
21.053
 50
180.0
 51
189.977
  0
ARC
  8
APS_GEOMETRY
 10
393.218
 20
-621.271
 40
39.991
 50
189.977
 51
197.211
  0
ARC
  8
APS_GEOMETRY
 10
397.297
 20
-620.008
 40
44.261
 50
197.211
 51
203.76
  0
ARC
  8
APS_GEOMETRY
 10
387.134
 20
-624.481
 40
33.157
 50
203.76
 51
211.329
  0
ARC
  8
APS_GEOMETRY
 10
366.266
 20
-637.005
 40
8.821
 50
212.32
 51
224.441
  0
ARC
  8
APS_GEOMETRY
 10
365.411
 20
-637.844
 40
7.623
 50
224.441
 51
237.484
  0
ARC
  8
APS_GEOMETRY
 10
364.858
 20
-638.711
 40
6.595
 50
237.484
 51
252.416
  0
ARC
  8
APS_GEOMETRY
 10
364.306
 20
-640.454
 40
4.766
 50
252.416
 51
270.0
  0
ARC
  8
APS_GEOMETRY
 10
364.306
 20
-639.889
 40
5.331
 50
270.0
 51
294.953
  0
ARC
  8
APS_GEOMETRY
 10
364.455
 20
-640.21
 40
4.977
 50
294.953
 51
320.793
  0
ARC
  8
APS_GEOMETRY
 10
363.654
 20
-639.557
 40
6.011
 50
320.793
 51
342.777
  0
ARC
  8
APS_GEOMETRY
 10
360.087
 20
-638.451
 40
9.746
 50
342.777
 51
0.0
  0
ARC
  8
APS_GEOMETRY
 10
343.325
 20
-638.451
 40
26.507
 50
0.0
 51
8.499
  0
ARC
  8
APS_GEOMETRY
 10
331.658
 20
-640.195
 40
38.304
 50
8.499
 51
15.566
  0
ARC
  8
APS_GEOMETRY
 10
333.061
 20
-639.804
 40
36.848
 50
15.566
 51
22.909
  0
ARC
  8
APS_GEOMETRY
 10
345.125
 20
-634.706
 40
23.751
 50
22.909
 51
32.057
  0
ARC
  8
APS_GEOMETRY
 10
354.6
 20
-628.736
 40
12.552
 50
31.921
 51
42.51
  0
ARC
  8
APS_GEOMETRY
 10
357.202
 20
-626.351
 40
9.022
 50
42.51
 51
55.008
  0
ARC
  8
APS_GEOMETRY
 10
358.081
 20
-625.095
 40
7.489
 50
55.008
 51
69.88
  0
ARC
  8
APS_GEOMETRY
 10
358.869
 20
-622.944
 40
5.198
 50
69.88
 51
87.754
  0
ARC
  8
APS_GEOMETRY
 10
412.694
 20
-637.568
 40
2.42
 50
90.0
 51
115.837
  0
ARC
  8
APS_GEOMETRY
 10
412.098
 20
-636.337
 40
1.053
 50
115.837
 51
155.462
  0
ARC
  8
APS_GEOMETRY
 10
412.793
 20
-636.655
 40
1.817
 50
155.462
 51
168.366
  0
ARC
  8
APS_GEOMETRY
 10
419.139
 20
-637.961
 40
8.296
 50
168.366
 51
174.395
  0
ARC
  8
APS_GEOMETRY
 10
425.535
 20
-638.589
 40
14.722
 50
174.395
 51
177.813
  0
ARC
  8
APS_GEOMETRY
 10
446.763
 20
-639.4
 40
35.966
 50
177.813
 51
180.0
  0
ARC
  8
APS_GEOMETRY
 10
462.132
 20
-639.4
 40
51.335
 50
180.0
 51
184.62
  0
ARC
  8
APS_GEOMETRY
 10
427.712
 20
-642.181
 40
16.803
 50
184.62
 51
192.7
  0
ARC
  8
APS_GEOMETRY
 10
414.442
 20
-645.094
 40
3.218
 50
194.036
 51
205.821
  0
ARC
  8
APS_GEOMETRY
 10
413.036
 20
-645.774
 40
1.656
 50
205.821
 51
222.274
  0
ARC
  8
APS_GEOMETRY
 10
413.467
 20
-645.383
 40
2.238
 50
222.274
 51
234.605
  0
ARC
  8
APS_GEOMETRY
 10
418.327
 20
-638.543
 40
10.63
 50
234.605
 51
240.255
  0
ARC
  8
APS_GEOMETRY
 10
410.938
 20
-651.617
 40
4.389
 50
34.592
 51
61.189
  0
ARC
  8
APS_GEOMETRY
 10
412.389
 20
-650.617
 40
2.627
 50
360.0
 51
34.592
  0
ARC
  8
APS_GEOMETRY
 10
412.476
 20
-650.617
 40
2.539
 50
318.231
 51
360.0
  0
ARC
  8
APS_GEOMETRY
 10
410.778
 20
-649.1
 40
4.816
 50
288.227
 51
318.231
  0
ARC
  8
APS_GEOMETRY
 10
409.017
 20
-643.752
 40
10.446
 50
280.377
 51
288.227
  0
ARC
  8
APS_GEOMETRY
 10
405.947
 20
-626.989
 40
27.489
 50
275.541
 51
280.377
  0
ARC
  8
APS_GEOMETRY
 10
404.624
 20
-613.351
 40
41.19
 50
272.304
 51
275.541
  0
ARC
  8
APS_GEOMETRY
 10
403.013
 20
-573.315
 40
81.259
 50
270.0
 51
272.304
  0
ARC
  8
APS_GEOMETRY
 10
403.013
 20
-606.774
 40
47.8
 50
262.811
 51
270.0
  0
ARC
  8
APS_GEOMETRY
 10
398.724
 20
-640.78
 40
13.524
 50
249.274
 51
262.811
  0
ARC
  8
APS_GEOMETRY
 10
396.026
 20
-647.911
 40
5.901
 50
221.379
 51
249.274
  0
ARC
  8
APS_GEOMETRY
 10
393.66
 20
-649.995
 40
2.747
 50
180.0
 51
221.379
  0
ARC
  8
APS_GEOMETRY
 10
393.642
 20
-649.995
 40
2.728
 50
164.055
 51
180.0
  0
ARC
  8
APS_GEOMETRY
 10
392.504
 20
-649.671
 40
1.546
 50
142.815
 51
164.055
  0
ARC
  8
APS_GEOMETRY
 10
393.22
 20
-650.214
 40
2.444
 50
129.007
 51
142.815
  0
ARC
  8
APS_GEOMETRY
 10
402.012
 20
-661.068
 40
16.412
 50
123.69
 51
129.007
  0
ARC
  8
APS_GEOMETRY
 10
389.536
 20
-642.295
 40
6.128
 50
303.389
 51
319.022
  0
ARC
  8
APS_GEOMETRY
 10
391.194
 20
-643.736
 40
3.932
 50
319.022
 51
338.575
  0
ARC
  8
APS_GEOMETRY
 10
388.975
 20
-642.865
 40
6.316
 50
338.575
 51
351.049
  0
ARC
  8
APS_GEOMETRY
 10
362.168
 20
-638.642
 40
33.452
 50
351.049
 51
356.46
  0
ARC
  8
APS_GEOMETRY
 10
371.004
 20
-638.979
 40
24.613
 50
355.972
 51
358.68
  0
ARC
  8
APS_GEOMETRY
 10
80.814
 20
-632.292
 40
314.881
 50
358.68
 51
359.437
  0
LINE
  8
APS_GEOMETRY
 10
395.68
 11
395.71
 20
-635.385
 21
-630.474
  0
LINE
  8
APS_GEOMETRY
 10
395.71
 11
395.721
 20
-630.474
 21
-624.062
  0
ARC
  8
APS_GEOMETRY
 10
319.911
 20
-624.062
 40
75.809
 50
0.0
 51
1.717
  0
ARC
  8
APS_GEOMETRY
 10
360.48
 20
-622.845
 40
35.223
 50
1.717
 51
4.236
  0
ARC
  8
APS_GEOMETRY
 10
373.709
 20
-621.866
 40
21.957
 50
4.236
 51
8.269
  0
ARC
  8
APS_GEOMETRY
 10
388.933
 20
-619.653
 40
6.573
 50
8.269
 51
15.642
  0
ARC
  8
APS_GEOMETRY
 10
391.553
 20
-618.919
 40
3.853
 50
15.642
 51
39.417
  0
ARC
  8
APS_GEOMETRY
 10
391.612
 20
-618.871
 40
3.776
 50
39.417
 51
63.435
  0
ARC
  8
APS_GEOMETRY
 10
398.413
 20
-604.781
 40
11.869
 50
236.874
 51
244.486
  0
ARC
  8
APS_GEOMETRY
 10
393.354
 20
-612.535
 40
2.611
 50
220.601
 51
236.874
  0
ARC
  8
APS_GEOMETRY
 10
392.773
 20
-613.032
 40
1.847
 50
198.246
 51
220.601
  0
ARC
  8
APS_GEOMETRY
 10
393.641
 20
-612.746
 40
2.761
 50
180.0
 51
198.246
  0
ARC
  8
APS_GEOMETRY
 10
393.628
 20
-612.746
 40
2.748
 50
156.161
 51
180.0
  0
ARC
  8
APS_GEOMETRY
 10
394.011
 20
-612.916
 40
3.167
 50
133.977
 51
156.161
  0
ARC
  8
APS_GEOMETRY
 10
394.775
 20
-613.707
 40
4.266
 50
116.996
 51
133.977
  0
ARC
  8
APS_GEOMETRY
 10
396.292
 20
-616.684
 40
7.608
 50
104.3
 51
116.996
  0
ARC
  8
APS_GEOMETRY
 10
396.684
 20
-618.19
 40
9.164
 50
95.326
 51
104.349
  0
ARC
  8
APS_GEOMETRY
 10
398.271
 20
-635.224
 40
26.272
 50
90.0
 51
95.326
  0
ARC
  8
APS_GEOMETRY
 10
398.271
 20
-621.966
 40
13.013
 50
87.553
 51
90.0
  0
ARC
  8
APS_GEOMETRY
 10
395.503
 20
-686.753
 40
77.86
 50
86.553
 51
87.553
  0
ARC
  8
APS_GEOMETRY
 10
391.566
 20
-752.1
 40
143.325
 50
86.009
 51
86.553
  0
ARC
  8
APS_GEOMETRY
 10
376.258
 20
-971.513
 40
363.271
 50
85.668
 51
86.009
  0
ARC
  8
APS_GEOMETRY
 10
404.906
 20
-594.202
 40
15.125
 50
265.426
 51
268.531
  0
ARC
  8
APS_GEOMETRY
 10
406.251
 20
-541.759
 40
67.586
 50
268.531
 51
270.0
  0
ARC
  8
APS_GEOMETRY
 10
406.251
 20
-557.834
 40
51.511
 50
270.0
 51
271.637
  0
ARC
  8
APS_GEOMETRY
 10
405.1
 20
-517.55
 40
91.812
 50
271.637
 51
272.862
  0
ARC
  8
APS_GEOMETRY
 10
403.779
 20
-491.12
 40
118.274
 50
272.862
 51
273.814
  0
ARC
  8
APS_GEOMETRY
 10
399.305
 20
-424.016
 40
185.527
 50
273.814
 51
274.574
  0
ARC
  8
APS_GEOMETRY
 10
427.367
 20
-789.007
 40
180.543
 50
93.72
 51
94.214
  0
ARC
  8
APS_GEOMETRY
 10
421.378
 20
-696.889
 40
88.23
 50
93.013
 51
93.72
  0
ARC
  8
APS_GEOMETRY
 10
419.736
 20
-665.693
 40
56.991
 50
91.918
 51
93.013
  0
ARC
  8
APS_GEOMETRY
 10
418.449
 20
-627.278
 40
18.554
 50
90.0
 51
91.918
  0
ARC
  8
APS_GEOMETRY
 10
418.449
 20
-632.832
 40
24.109
 50
73.82
 51
90.0
  0
ARC
  8
APS_GEOMETRY
 10
420.826
 20
-624.643
 40
15.581
 50
53.658
 51
73.82
  0
ARC
  8
APS_GEOMETRY
 10
424.205
 20
-620.023
 40
9.857
 50
26.03
 51
53.569
  0
ARC
  8
APS_GEOMETRY
 10
423.168
 20
-620.53
 40
11.012
 50
360.0
 51
26.03
  0
ARC
  8
APS_GEOMETRY
 10
422.737
 20
-620.53
 40
11.443
 50
345.282
 51
360.0
  0
ARC
  8
APS_GEOMETRY
 10
423.838
 20
-620.819
 40
10.305
 50
329.767
 51
345.282
  0
ARC
  8
APS_GEOMETRY
 10
424.461
 20
-621.182
 40
9.583
 50
313.168
 51
329.767
  0
ARC
  8
APS_GEOMETRY
 10
424.692
 20
-621.428
 40
9.246
 50
296.267
 51
313.168
  0
ARC
  8
APS_GEOMETRY
 10
429.955
 20
-632.062
 40
2.62
 50
116.565
 51
139.899
  0
ARC
  8
APS_GEOMETRY
 10
428.649
 20
-630.962
 40
0.911
 50
139.899
 51
180.0
  0
ARC
  8
APS_GEOMETRY
 10
428.75
 20
-630.962
 40
1.013
 50
180.0
 51
226.193
  0
ARC
  8
APS_GEOMETRY
 10
430.621
 20
-629.012
 40
3.715
 50
226.193
 51
249.829
  0
ARC
  8
APS_GEOMETRY
 10
425.26
 20
-643.773
 40
11.989
 50
53.249
 51
70.105
  0
ARC
  8
APS_GEOMETRY
 10
427.695
 20
-640.512
 40
7.919
 50
32.471
 51
53.249
  0
ARC
  8
APS_GEOMETRY
 10
426.56
 20
-641.234
 40
9.264
 50
23.305
 51
32.471
  0
ARC
  8
APS_GEOMETRY
 10
419.55
 20
-644.254
 40
16.897
 50
16.521
 51
23.305
  0
ARC
  8
APS_GEOMETRY
 10
414.084
 20
-645.875
 40
22.598
 50
11.429
 51
16.521
  0
ARC
  8
APS_GEOMETRY
 10
398.595
 20
-649.006
 40
38.401
 50
7.524
 51
11.429
  0
ARC
  8
APS_GEOMETRY
 10
449.923
 20
-642.17
 40
13.38
 50
187.765
 51
196.914
  0
ARC
  8
APS_GEOMETRY
 10
438.98
 20
-645.498
 40
1.942
 50
196.914
 51
221.082
  0
ARC
  8
APS_GEOMETRY
 10
439.021
 20
-645.462
 40
1.997
 50
221.082
 51
244.607
  0
ARC
  8
APS_GEOMETRY
 10
443.695
 20
-635.616
 40
12.896
 50
244.607
 51
253.811
  0
ARC
  8
APS_GEOMETRY
 10
439.586
 20
-649.626
 40
1.705
 50
51.45
 51
72.474
  0
ARC
  8
APS_GEOMETRY
 10
439.164
 20
-650.156
 40
2.382
 50
33.69
 51
51.45
  0
ARC
  8
APS_GEOMETRY
 10
439.065
 20
-650.221
 40
2.5
 50
16.639
 51
33.69
  0
ARC
  8
APS_GEOMETRY
 10
438.946
 20
-650.257
 40
2.625
 50
360.0
 51
16.639
  0
ARC
  8
APS_GEOMETRY
 10
438.909
 20
-650.257
 40
2.662
 50
338.993
 51
360.0
  0
ARC
  8
APS_GEOMETRY
 10
437.284
 20
-649.633
 40
4.402
 50
322.696
 51
338.993
  0
ARC
  8
APS_GEOMETRY
 10
436.679
 20
-649.172
 40
5.164
 50
308.603
 51
322.696
  0
ARC
  8
APS_GEOMETRY
 10
436.262
 20
-648.65
 40
5.831
 50
295.346
 51
308.603
  0
ARC
  8
APS_GEOMETRY
 10
434.071
 20
-643.824
 40
11.131
 50
279.583
 51
294.905
  0
ARC
  8
APS_GEOMETRY
 10
431.204
 20
-626.843
 40
28.353
 50
270.0
 51
279.583
  0
ARC
  8
APS_GEOMETRY
 10
431.204
 20
-634.524
 40
20.672
 50
261.247
 51
270.0
  0
ARC
  8
APS_GEOMETRY
 10
429.88
 20
-643.124
 40
11.97
 50
249.737
 51
261.247
  0
ARC
  8
APS_GEOMETRY
 10
429.009
 20
-645.482
 40
9.457
 50
235.345
 51
249.737
  0
ARC
  8
APS_GEOMETRY
 10
427.91
 20
-647.072
 40
7.524
 50
219.198
 51
235.345
  0
ARC
  8
APS_GEOMETRY
 10
430.223
 20
-645.1
 40
10.563
 50
209.076
 51
219.56
  0
ARC
  8
APS_GEOMETRY
 10
435.564
 20
-642.13
 40
16.674
 50
200.735
 51
209.076
  0
ARC
  8
APS_GEOMETRY
 10
442.933
 20
-639.34
 40
24.554
 50
197.881
 51
200.735
  0
ARC
  8
APS_GEOMETRY
 10
473.215
 20
-629.57
 40
56.372
 50
195.997
 51
197.881
  0
ARC
  8
APS_GEOMETRY
 10
495.597
 20
-623.154
 40
79.656
 50
194.664
 51
195.997
  0
ARC
  8
APS_GEOMETRY
 10
557.592
 20
-606.931
 40
143.738
 50
193.671
 51
194.664
  0
ARC
  8
APS_GEOMETRY
 10
400.382
 20
-645.152
 40
18.051
 50
13.61
 51
23.585
  0
ARC
  8
APS_GEOMETRY
 10
412.201
 20
-639.992
 40
5.155
 50
23.585
 51
42.31
  0
ARC
  8
APS_GEOMETRY
 10
413.273
 20
-639.016
 40
3.705
 50
42.31
 51
67.521
  0
ARC
  8
APS_GEOMETRY
 10
412.425
 20
-641.066
 40
5.924
 50
67.521
 51
87.397
  0
LINE
  8
APS_GEOMETRY
 10
410.83
 11
410.47
 20
-618.469
 21
-626.089
  0
LINE
  8
APS_GEOMETRY
 10
410.47
 11
410.47
 20
-626.089
 21
-626.212
  0
LINE
  8
APS_GEOMETRY
 10
410.47
 11
410.47
 20
-626.212
 21
-626.384
  0
ARC
  8
APS_GEOMETRY
 10
415.764
 20
-626.384
 40
5.294
 50
180.0
 51
192.339
  0
ARC
  8
APS_GEOMETRY
 10
411.555
 20
-627.304
 40
0.986
 50
192.339
 51
221.186
  0
ARC
  8
APS_GEOMETRY
 10
411.455
 20
-627.392
 40
0.852
 50
221.186
 51
253.872
  0
ARC
  8
APS_GEOMETRY
 10
412.17
 20
-624.917
 40
3.429
 50
253.872
 51
270.0
  0
ARC
  8
APS_GEOMETRY
 10
412.17
 20
-620.375
 40
7.971
 50
270.0
 51
289.569
  0
ARC
  8
APS_GEOMETRY
 10
413.619
 20
-624.452
 40
3.644
 50
289.569
 51
318.681
  0
ARC
  8
APS_GEOMETRY
 10
413.228
 20
-624.107
 40
4.166
 50
318.681
 51
344.628
  0
ARC
  8
APS_GEOMETRY
 10
405.925
 20
-622.099
 40
11.74
 50
344.628
 51
0.0
  0
ARC
  8
APS_GEOMETRY
 10
409.397
 20
-622.099
 40
8.268
 50
0.0
 51
35.369
  0
ARC
  8
APS_GEOMETRY
 10
413.184
 20
-619.411
 40
3.623
 50
35.369
 51
90.0
  0
ARC
  8
APS_GEOMETRY
 10
413.184
 20
-619.451
 40
3.663
 50
90.0
 51
108.435
  0
ARC
  8
APS_GEOMETRY
 10
412.472
 20
-617.313
 40
1.409
 50
108.435
 51
138.366
  0
ARC
  8
APS_GEOMETRY
 10
412.663
 20
-617.483
 40
1.665
 50
138.366
 51
164.291
  0
ARC
  8
APS_GEOMETRY
 10
417.148
 20
-618.744
 40
6.324
 50
164.291
 51
177.51
  0
LINE
  8
APS_GEOMETRY
 10
469.048
 11
485.335
 20
-610.849
 21
-625.108
  0
ARC
  8
APS_GEOMETRY
 10
500.567
 20
-607.629
 40
23.185
 50
228.93
 51
232.674
  0
ARC
  8
APS_GEOMETRY
 10
492.093
 20
-618.742
 40
9.21
 50
232.674
 51
238.617
  0
ARC
  8
APS_GEOMETRY
 10
489.961
 20
-622.237
 40
5.116
 50
238.617
 51
249.131
  0
ARC
  8
APS_GEOMETRY
 10
488.605
 20
-625.794
 40
1.309
 50
249.131
 51
270.0
  0
ARC
  8
APS_GEOMETRY
 10
488.605
 20
-625.955
 40
1.148
 50
270.0
 51
334.898
  0
ARC
  8
APS_GEOMETRY
 10
483.307
 20
-623.473
 40
6.999
 50
334.898
 51
0.0
  0
ARC
  8
APS_GEOMETRY
 10
432.076
 20
-623.473
 40
58.23
 50
0.0
 51
2.026
  0
ARC
  8
APS_GEOMETRY
 10
462.963
 20
-622.38
 40
27.324
 50
2.026
 51
4.984
  0
ARC
  8
APS_GEOMETRY
 10
473.062
 20
-621.5
 40
17.186
 50
4.984
 51
9.673
  0
ARC
  8
APS_GEOMETRY
 10
484.701
 20
-619.516
 40
5.379
 50
9.673
 51
18.06
  0
ARC
  8
APS_GEOMETRY
 10
486.473
 20
-618.938
 40
3.515
 50
18.06
 51
42.397
  0
ARC
  8
APS_GEOMETRY
 10
485.901
 20
-619.46
 40
4.29
 50
42.397
 51
64.398
  0
ARC
  8
APS_GEOMETRY
 10
491.125
 20
-608.674
 40
7.695
 50
233.633
 51
244.026
  0
ARC
  8
APS_GEOMETRY
 10
488.28
 20
-612.538
 40
2.896
 50
216.656
 51
233.633
  0
ARC
  8
APS_GEOMETRY
 10
487.843
 20
-612.862
 40
2.353
 50
196.082
 51
216.656
  0
ARC
  8
APS_GEOMETRY
 10
489.267
 20
-612.452
 40
3.835
 50
180.0
 51
196.082
  0
ARC
  8
APS_GEOMETRY
 10
488.221
 20
-612.452
 40
2.788
 50
133.202
 51
180.0
  0
ARC
  8
APS_GEOMETRY
 10
490.419
 20
-614.793
 40
6.0
 50
101.788
 51
133.202
  0
ARC
  8
APS_GEOMETRY
 10
490.932
 20
-617.09
 40
8.353
 50
96.633
 51
102.011
  0
ARC
  8
APS_GEOMETRY
 10
492.791
 20
-633.079
 40
24.449
 50
93.489
 51
96.633
  0
ARC
  8
APS_GEOMETRY
 10
493.587
 20
-646.137
 40
37.532
 50
91.439
 51
93.489
  0
ARC
  8
APS_GEOMETRY
 10
494.557
 20
-684.731
 40
76.138
 50
90.0
 51
91.439
  0
ARC
  8
APS_GEOMETRY
 10
494.557
 20
-679.557
 40
70.964
 50
87.994
 51
90.0
  0
ARC
  8
APS_GEOMETRY
 10
495.847
 20
-642.716
 40
34.101
 50
85.101
 51
87.994
  0
ARC
  8
APS_GEOMETRY
 10
496.894
 20
-630.501
 40
21.84
 50
80.595
 51
85.101
  0
ARC
  8
APS_GEOMETRY
 10
499.282
 20
-616.087
 40
7.23
 50
72.759
 51
80.595
  0
ARC
  8
APS_GEOMETRY
 10
500.005
 20
-613.846
 40
4.876
 50
40.956
 51
73.072
  0
ARC
  8
APS_GEOMETRY
 10
501.385
 20
-612.648
 40
3.048
 50
360.0
 51
40.956
  0
ARC
  8
APS_GEOMETRY
 10
501.569
 20
-612.648
 40
2.865
 50
322.573
 51
360.0
  0
ARC
  8
APS_GEOMETRY
 10
500.064
 20
-611.496
 40
4.76
 50
293.749
 51
322.573
  0
ARC
  8
APS_GEOMETRY
 10
506.108
 20
-625.377
 40
10.38
 50
113.429
 51
119.291
  0
ARC
  8
APS_GEOMETRY
 10
502.069
 20
-618.177
 40
2.124
 50
119.291
 51
132.274
  0
ARC
  8
APS_GEOMETRY
 10
501.836
 20
-617.921
 40
1.778
 50
132.274
 51
147.653
  0
ARC
  8
APS_GEOMETRY
 10
503.518
 20
-618.986
 40
3.769
 50
147.653
 51
158.199
  0
ARC
  8
APS_GEOMETRY
 10
506.077
 20
-620.065
 40
6.546
 50
157.751
 51
167.885
  0
ARC
  8
APS_GEOMETRY
 10
519.697
 20
-622.989
 40
20.477
 50
167.885
 51
173.61
  0
ARC
  8
APS_GEOMETRY
 10
531.744
 20
-624.338
 40
32.599
 50
173.61
 51
177.221
  0
ARC
  8
APS_GEOMETRY
 10
568.9
 20
-626.142
 40
69.798
 50
177.221
 51
179.689
  0
LINE
  8
APS_GEOMETRY
 10
499.103
 11
499.103
 20
-625.762
 21
-636.424
  0
ARC
  8
APS_GEOMETRY
 10
934.468
 20
-636.424
 40
435.365
 50
180.0
 51
180.161
  0
ARC
  8
APS_GEOMETRY
 10
1312.287
 20
-635.359
 40
813.186
 50
180.161
 51
180.279
  0
LINE
  8
APS_GEOMETRY
 10
499.111
 11
499.121
 20
-639.326
 21
-641.114
  0
LINE
  8
APS_GEOMETRY
 10
499.121
 11
499.136
 20
-641.114
 21
-643.128
  0
ARC
  8
APS_GEOMETRY
 10
421.452
 20
-643.569
 40
77.685
 50
358.204
 51
0.326
  0
ARC
  8
APS_GEOMETRY
 10
458.406
 20
-644.728
 40
40.713
 50
355.274
 51
358.204
  0
ARC
  8
APS_GEOMETRY
 10
471.268
 20
-645.791
 40
27.806
 50
350.991
 51
355.274
  0
ARC
  8
APS_GEOMETRY
 10
487.647
 20
-648.388
 40
11.223
 50
344.249
 51
350.991
  0
ARC
  8
APS_GEOMETRY
 10
493.183
 20
-649.969
 40
5.466
 50
314.415
 51
344.445
  0
ARC
  8
APS_GEOMETRY
 10
495.211
 20
-652.039
 40
2.568
 50
270.0
 51
314.415
  0
ARC
  8
APS_GEOMETRY
 10
495.211
 20
-650.447
 40
4.16
 50
256.342
 51
270.0
  0
ARC
  8
APS_GEOMETRY
 10
494.915
 20
-651.666
 40
2.905
 50
239.982
 51
256.342
  0
ARC
  8
APS_GEOMETRY
 10
496.209
 20
-649.426
 40
5.492
 50
231.153
 51
239.982
  0
ARC
  8
APS_GEOMETRY
 10
517.958
 20
-622.421
 40
40.166
 50
227.891
 51
231.153
  0
LINE
  8
APS_GEOMETRY
 10
491.025
 11
471.632
 20
-652.219
 21
-634.854
  0
ARC
  8
APS_GEOMETRY
 10
464.161
 20
-643.125
 40
11.146
 50
47.911
 51
61.468
  0
ARC
  8
APS_GEOMETRY
 10
468.263
 20
-635.579
 40
2.557
 50
61.468
 51
90.0
  0
ARC
  8
APS_GEOMETRY
 10
468.263
 20
-634.143
 40
1.12
 50
90.0
 51
133.195
  0
ARC
  8
APS_GEOMETRY
 10
469.368
 20
-635.319
 40
2.733
 50
133.195
 51
160.454
  0
ARC
  8
APS_GEOMETRY
 10
472.912
 20
-636.577
 40
6.494
 50
160.454
 51
173.251
  0
ARC
  8
APS_GEOMETRY
 10
489.579
 20
-638.549
 40
23.278
 50
173.251
 51
180.0
  0
ARC
  8
APS_GEOMETRY
 10
534.919
 20
-638.549
 40
68.618
 50
180.0
 51
181.897
  0
ARC
  8
APS_GEOMETRY
 10
498.577
 20
-639.753
 40
32.255
 50
181.897
 51
184.664
  0
ARC
  8
APS_GEOMETRY
 10
486.665
 20
-640.725
 40
20.304
 50
184.664
 51
189.048
  0
ARC
  8
APS_GEOMETRY
 10
472.864
 20
-642.922
 40
6.329
 50
189.048
 51
196.905
  0
ARC
  8
APS_GEOMETRY
 10
470.673
 20
-643.588
 40
4.04
 50
196.905
 51
220.253
  0
ARC
  8
APS_GEOMETRY
 10
470.717
 20
-643.551
 40
4.097
 50
220.253
 51
243.435
  0
ARC
  8
APS_GEOMETRY
 10
466.72
 20
-651.612
 40
4.901
 50
37.921
 51
63.778
  0
ARC
  8
APS_GEOMETRY
 10
468.752
 20
-650.028
 40
2.324
 50
360.0
 51
37.921
  0
ARC
  8
APS_GEOMETRY
 10
467.849
 20
-650.028
 40
3.227
 50
324.268
 51
360.0
  0
ARC
  8
APS_GEOMETRY
 10
466.641
 20
-649.159
 40
4.715
 50
294.86
 51
324.268
  0
ARC
  8
APS_GEOMETRY
 10
464.644
 20
-644.85
 40
9.465
 50
278.78
 51
294.86
  0
ARC
  8
APS_GEOMETRY
 10
461.265
 20
-622.97
 40
31.604
 50
270.0
 51
278.78
  0
ARC
  8
APS_GEOMETRY
 10
461.265
 20
-628.641
 40
25.933
 50
260.383
 51
270.0
  0
ARC
  8
APS_GEOMETRY
 10
458.532
 20
-644.77
 40
9.574
 50
244.522
 51
260.383
  0
ARC
  8
APS_GEOMETRY
 10
456.552
 20
-648.924
 40
4.972
 50
216.549
 51
244.522
  0
ARC
  8
APS_GEOMETRY
 10
454.931
 20
-650.126
 40
2.954
 50
180.0
 51
216.549
  0
ARC
  8
APS_GEOMETRY
 10
455.984
 20
-650.126
 40
4.007
 50
164.65
 51
180.0
  0
ARC
  8
APS_GEOMETRY
 10
453.698
 20
-649.499
 40
1.637
 50
140.528
 51
164.65
  0
ARC
  8
APS_GEOMETRY
 10
454.623
 20
-650.261
 40
2.835
 50
126.135
 51
140.528
  0
ARC
  8
APS_GEOMETRY
 10
464.278
 20
-663.483
 40
19.207
 50
120.619
 51
126.135
  0
ARC
  8
APS_GEOMETRY
 10
452.831
 20
-644.161
 40
3.251
 50
300.784
 51
330.068
  0
ARC
  8
APS_GEOMETRY
 10
450.666
 20
-642.915
 40
5.749
 50
330.068
 51
351.983
  0
ARC
  8
APS_GEOMETRY
 10
414.303
 20
-638.174
 40
42.42
 50
352.493
 51
355.365
  0
ARC
  8
APS_GEOMETRY
 10
370.44
 20
-634.618
 40
86.427
 50
355.365
 51
357.376
  0
ARC
  8
APS_GEOMETRY
 10
339.728
 20
-633.21
 40
117.171
 50
357.376
 51
358.861
  0
ARC
  8
APS_GEOMETRY
 10
257.901
 20
-631.583
 40
199.014
 50
358.861
 51
0.0
  0
ARC
  8
APS_GEOMETRY
 10
331.491
 20
-631.583
 40
125.424
 50
360.0
 51
1.926
  0
ARC
  8
APS_GEOMETRY
 10
389.877
 20
-629.62
 40
67.005
 50
1.926
 51
4.562
  0
ARC
  8
APS_GEOMETRY
 10
410.465
 20
-627.977
 40
46.352
 50
4.562
 51
8.366
  0
ARC
  8
APS_GEOMETRY
 10
437.241
 20
-624.04
 40
19.288
 50
8.366
 51
14.265
  0
ARC
  8
APS_GEOMETRY
 10
447.366
 20
-621.479
 40
8.844
 50
14.349
 51
23.629
  0
ARC
  8
APS_GEOMETRY
 10
452.5
 20
-619.233
 40
3.24
 50
23.629
 51
38.991
  0
ARC
  8
APS_GEOMETRY
 10
452.519
 20
-619.217
 40
3.215
 50
38.991
 51
54.462
  0
ARC
  8
APS_GEOMETRY
 10
449.515
 20
-623.423
 40
8.384
 50
54.462
 51
64.026
  0
ARC
  8
APS_GEOMETRY
 10
457.993
 20
-606.055
 40
10.942
 50
235.472
 51
243.947
  0
ARC
  8
APS_GEOMETRY
 10
453.614
 20
-612.421
 40
3.216
 50
219.806
 51
235.472
  0
ARC
  8
APS_GEOMETRY
 10
452.951
 20
-612.973
 40
2.353
 50
198.939
 51
219.806
  0
ARC
  8
APS_GEOMETRY
 10
453.422
 20
-612.812
 40
2.851
 50
180.0
 51
198.939
  0
ARC
  8
APS_GEOMETRY
 10
453.283
 20
-612.812
 40
2.712
 50
126.254
 51
180.0
  0
ARC
  8
APS_GEOMETRY
 10
457.422
 20
-618.456
 40
9.711
 50
98.616
 51
126.254
  0
ARC
  8
APS_GEOMETRY
 10
458.005
 20
-623.119
 40
14.41
 50
94.456
 51
98.13
  0
ARC
  8
APS_GEOMETRY
 10
460.253
 20
-651.971
 40
43.349
 50
92.337
 51
94.456
  0
ARC
  8
APS_GEOMETRY
 10
461.211
 20
-675.45
 40
66.847
 50
90.963
 51
92.337
  0
ARC
  8
APS_GEOMETRY
 10
462.377
 20
-744.799
 40
136.206
 50
90.0
 51
90.963
  0
ARC
  8
APS_GEOMETRY
 10
462.377
 20
-633.415
 40
24.822
 50
83.928
 51
90.0
  0
ARC
  8
APS_GEOMETRY
 10
464.413
 20
-614.278
 40
5.577
 50
71.095
 51
83.928
  0
ARC
  8
APS_GEOMETRY
 10
464.599
 20
-613.735
 40
5.003
 50
56.848
 51
71.095
  0
ARC
  8
APS_GEOMETRY
 10
459.096
 20
-622.159
 40
15.065
 50
48.652
 51
56.848
  0
ARC
  8
APS_GEOMETRY
 10
527.856
 20
-649.2
 40
40.608
 50
84.71
 51
90.0
  0
ARC
  8
APS_GEOMETRY
 10
528.6
 20
-641.161
 40
32.533
 50
78.799
 51
84.71
  0
ARC
  8
APS_GEOMETRY
 10
533.417
 20
-616.818
 40
7.718
 50
49.783
 51
78.771
  0
ARC
  8
APS_GEOMETRY
 10
536.638
 20
-613.008
 40
2.729
 50
360.0
 51
49.783
  0
ARC
  8
APS_GEOMETRY
 10
536.348
 20
-613.008
 40
3.02
 50
342.759
 51
360.0
  0
ARC
  8
APS_GEOMETRY
 10
537.923
 20
-613.497
 40
1.37
 50
317.045
 51
342.759
  0
ARC
  8
APS_GEOMETRY
 10
537.162
 20
-612.788
 40
2.41
 50
301.817
 51
317.045
  0
ARC
  8
APS_GEOMETRY
 10
525.906
 20
-594.646
 40
23.76
 50
296.98
 51
301.817
  0
ARC
  8
APS_GEOMETRY
 10
537.908
 20
-618.265
 40
2.733
 50
116.565
 51
149.078
  0
ARC
  8
APS_GEOMETRY
 10
541.427
 20
-620.373
 40
6.835
 50
149.078
 51
169.469
  0
ARC
  8
APS_GEOMETRY
 10
548.931
 20
-621.768
 40
14.468
 50
169.469
 51
174.598
  0
ARC
  8
APS_GEOMETRY
 10
587.595
 20
-625.424
 40
53.304
 50
174.598
 51
177.269
  0
ARC
  8
APS_GEOMETRY
 10
621.593
 20
-627.045
 40
87.341
 50
177.269
 51
178.901
  0
ARC
  8
APS_GEOMETRY
 10
726.9
 20
-629.065
 40
192.667
 50
178.901
 51
180.0
  0
ARC
  8
APS_GEOMETRY
 10
940.89
 20
-629.065
 40
406.657
 50
180.0
 51
180.88
  0
ARC
  8
APS_GEOMETRY
 10
690.369
 20
-632.913
 40
156.107
 50
180.88
 51
182.3
  0
ARC
  8
APS_GEOMETRY
 10
617.144
 20
-635.855
 40
82.823
 50
182.3
 51
184.974
  0
ARC
  8
APS_GEOMETRY
 10
547.323
 20
-641.931
 40
12.738
 50
184.974
 51
191.793
  0
ARC
  8
APS_GEOMETRY
 10
539.213
 20
-643.482
 40
4.484
 50
193.57
 51
205.787
  0
ARC
  8
APS_GEOMETRY
 10
537.196
 20
-644.456
 40
2.244
 50
205.787
 51
223.091
  0
ARC
  8
APS_GEOMETRY
 10
537.708
 20
-643.978
 40
2.944
 50
223.091
 51
236.441
  0
ARC
  8
APS_GEOMETRY
 10
541.991
 20
-637.521
 40
10.693
 50
236.441
 51
243.435
  0
ARC
  8
APS_GEOMETRY
 10
535.433
 20
-650.991
 40
4.291
 50
37.185
 51
65.556
  0
ARC
  8
APS_GEOMETRY
 10
536.832
 20
-649.93
 40
2.535
 50
360.0
 51
37.185
  0
ARC
  8
APS_GEOMETRY
 10
536.755
 20
-649.93
 40
2.612
 50
312.039
 51
360.0
  0
ARC
  8
APS_GEOMETRY
 10
533.645
 20
-646.48
 40
7.258
 50
283.815
 51
312.039
  0
ARC
  8
APS_GEOMETRY
 10
528.504
 20
-625.174
 40
29.174
 50
279.273
 51
283.627
  0
ARC
  8
APS_GEOMETRY
 10
526.449
 20
-612.589
 40
41.926
 50
275.641
 51
279.273
  0
ARC
  8
APS_GEOMETRY
 10
525.664
 20
-604.635
 40
49.919
 50
272.588
 51
275.641
  0
ARC
  8
APS_GEOMETRY
 10
524.782
 20
-585.118
 40
69.456
 50
270.0
 51
272.588
  0
ARC
  8
APS_GEOMETRY
 10
524.782
 20
-612.68
 40
41.894
 50
262.774
 51
270.0
  0
ARC
  8
APS_GEOMETRY
 10
521.005
 20
-642.468
 40
11.868
 50
249.175
 51
262.774
  0
ARC
  8
APS_GEOMETRY
 10
518.632
 20
-648.706
 40
5.194
 50
221.23
 51
249.175
  0
ARC
  8
APS_GEOMETRY
 10
516.563
 20
-650.519
 40
2.443
 50
180.0
 51
221.23
  0
ARC
  8
APS_GEOMETRY
 10
516.162
 20
-650.519
 40
2.041
 50
142.696
 51
180.0
  0
ARC
  8
APS_GEOMETRY
 10
519.383
 20
-652.973
 40
6.091
 50
121.357
 51
142.696
  0
ARC
  8
APS_GEOMETRY
 10
513.94
 20
-644.058
 40
4.354
 50
301.477
 51
324.728
  0
ARC
  8
APS_GEOMETRY
 10
514.52
 20
-644.469
 40
3.643
 50
324.728
 51
350.181
  0
ARC
  8
APS_GEOMETRY
 10
496.279
 20
-641.452
 40
22.132
 50
350.538
 51
355.423
  0
ARC
  8
APS_GEOMETRY
 10
421.327
 20
-635.451
 40
97.324
 50
355.423
 51
357.752
  0
ARC
  8
APS_GEOMETRY
 10
351.734
 20
-632.719
 40
166.971
 50
357.752
 51
359.111
  0
ARC
  8
APS_GEOMETRY
 10
128.987
 20
-629.261
 40
389.744
 50
359.111
 51
0.0
  0
ARC
  8
APS_GEOMETRY
 10
383.508
 20
-629.261
 40
135.223
 50
0.0
 51
1.773
  0
ARC
  8
APS_GEOMETRY
 10
462.868
 20
-626.805
 40
55.825
 50
1.773
 51
4.532
  0
ARC
  8
APS_GEOMETRY
 10
486.989
 20
-624.893
 40
31.629
 50
4.532
 51
9.384
  0
ARC
  8
APS_GEOMETRY
 10
511.482
 20
-620.845
 40
6.803
 50
9.384
 51
19.855
  0
ARC
  8
APS_GEOMETRY
 10
514.724
 20
-619.613
 40
3.336
 50
18.853
 51
42.158
  0
ARC
  8
APS_GEOMETRY
 10
511.946
 20
-622.128
 40
7.084
 50
42.158
 51
58.092
  0
ARC
  8
APS_GEOMETRY
 10
524.174
 20
-603.231
 40
15.426
 50
230.711
 51
236.634
  0
ARC
  8
APS_GEOMETRY
 10
516.493
 20
-612.62
 40
3.296
 50
217.875
 51
230.711
  0
ARC
  8
APS_GEOMETRY
 10
515.44
 20
-613.439
 40
1.962
 50
196.928
 51
217.875
  0
ARC
  8
APS_GEOMETRY
 10
516.426
 20
-613.139
 40
2.992
 50
180.0
 51
196.928
  0
ARC
  8
APS_GEOMETRY
 10
515.781
 20
-613.139
 40
2.347
 50
148.791
 51
180.0
  0
ARC
  8
APS_GEOMETRY
 10
516.396
 20
-613.512
 40
3.067
 50
121.569
 51
148.791
  0
ARC
  8
APS_GEOMETRY
 10
517.502
 20
-615.31
 40
5.178
 50
112.806
 51
121.569
  0
ARC
  8
APS_GEOMETRY
 10
520.489
 20
-622.415
 40
12.885
 50
107.254
 51
112.806
  0
ARC
  8
APS_GEOMETRY
 10
522.319
 20
-628.306
 40
19.054
 50
103.487
 51
107.254
  0
ARC
  8
APS_GEOMETRY
 10
526.509
 20
-645.779
 40
37.022
 50
100.784
 51
103.487
  0
ARC
  8
APS_GEOMETRY
 10
527.822
 20
-650.61
 40
42.015
 50
95.643
 51
101.31
  0
ARC
  8
APS_GEOMETRY
 10
527.856
 20
-650.955
 40
42.362
 50
90.0
 51
95.643
  0
ARC
  8
APS_GEOMETRY
 10
568.526
 20
-629.628
 40
21.264
 50
77.257
 51
90.0
  0
ARC
  8
APS_GEOMETRY
 10
568.31
 20
-630.583
 40
22.243
 50
64.799
 51
77.257
  0
ARC
  8
APS_GEOMETRY
 10
586.627
 20
-591.585
 40
20.843
 50
244.885
 51
251.175
  0
ARC
  8
APS_GEOMETRY
 10
580.659
 20
-609.092
 40
2.346
 50
251.175
 51
270.0
  0
ARC
  8
APS_GEOMETRY
 10
580.659
 20
-607.632
 40
3.806
 50
270.0
 51
278.82
  0
ARC
  8
APS_GEOMETRY
 10
578.2
 20
-591.784
 40
19.844
 50
278.82
 51
282.68
  0
ARC
  8
APS_GEOMETRY
 10
583.345
 20
-614.565
 40
3.511
 50
95.906
 51
102.995
  0
ARC
  8
APS_GEOMETRY
 10
583.504
 20
-616.101
 40
5.055
 50
90.0
 51
95.906
  0
ARC
  8
APS_GEOMETRY
 10
583.504
 20
-614.401
 40
3.356
 50
62.447
 51
90.0
  0
ARC
  8
APS_GEOMETRY
 10
582.907
 20
-615.545
 40
4.645
 50
39.094
 51
62.447
  0
ARC
  8
APS_GEOMETRY
 10
576.673
 20
-620.758
 40
12.772
 50
18.435
 51
39.611
  0
ARC
  8
APS_GEOMETRY
 10
572.847
 20
-622.034
 40
16.806
 50
360.0
 51
18.435
  0
ARC
  8
APS_GEOMETRY
 10
581.319
 20
-622.034
 40
8.333
 50
334.877
 51
360.0
  0
ARC
  8
APS_GEOMETRY
 10
583.825
 20
-623.209
 40
5.565
 50
304.007
 51
334.877
  0
ARC
  8
APS_GEOMETRY
 10
583.784
 20
-623.092
 40
5.686
 50
286.39
 51
303.69
  0
ARC
  8
APS_GEOMETRY
 10
583.602
 20
-622.473
 40
6.33
 50
270.0
 51
286.39
  0
ARC
  8
APS_GEOMETRY
 10
583.602
 20
-622.547
 40
6.257
 50
255.155
 51
270.0
  0
ARC
  8
APS_GEOMETRY
 10
582.917
 20
-625.133
 40
3.581
 50
235.491
 51
255.155
  0
ARC
  8
APS_GEOMETRY
 10
583.261
 20
-624.632
 40
4.189
 50
218.48
 51
235.491
  0
ARC
  8
APS_GEOMETRY
 10
588.882
 20
-620.165
 40
11.369
 50
208.179
 51
218.48
  0
ARC
  8
APS_GEOMETRY
 10
531.257
 20
-651.444
 40
54.198
 50
28.56
 51
31.664
  0
ARC
  8
APS_GEOMETRY
 10
566.469
 20
-629.727
 40
12.827
 50
31.664
 51
38.047
  0
ARC
  8
APS_GEOMETRY
 10
569.03
 20
-627.723
 40
9.576
 50
38.047
 51
46.56
  0
ARC
  8
APS_GEOMETRY
 10
567.699
 20
-629.129
 40
11.512
 50
46.56
 51
54.324
  0
ARC
  8
APS_GEOMETRY
 10
566.931
 20
-630.45
 40
13.034
 50
54.968
 51
71.48
  0
ARC
  8
APS_GEOMETRY
 10
567.774
 20
-627.933
 40
10.38
 50
71.48
 51
90.0
  0
ARC
  8
APS_GEOMETRY
 10
567.774
 20
-624.804
 40
7.251
 50
90.0
 51
114.63
  0
ARC
  8
APS_GEOMETRY
 10
567.41
 20
-624.01
 40
6.377
 50
114.63
 51
140.921
  0
ARC
  8
APS_GEOMETRY
 10
568.485
 20
-624.884
 40
7.763
 50
140.921
 51
163.13
  0
ARC
  8
APS_GEOMETRY
 10
573.863
 20
-626.514
 40
13.382
 50
163.13
 51
180.0
  0
ARC
  8
APS_GEOMETRY
 10
580.836
 20
-626.514
 40
20.355
 50
180.0
 51
195.44
  0
ARC
  8
APS_GEOMETRY
 10
579.778
 20
-626.807
 40
19.258
 50
195.44
 51
211.316
  0
ARC
  8
APS_GEOMETRY
 10
574.689
 20
-629.796
 40
13.357
 50
211.708
 51
240.457
  0
ARC
  8
APS_GEOMETRY
 10
574.347
 20
-630.399
 40
12.663
 50
240.457
 51
270.0
  0
ARC
  8
APS_GEOMETRY
 10
574.347
 20
-627.312
 40
15.751
 50
270.0
 51
279.549
  0
ARC
  8
APS_GEOMETRY
 10
574.151
 20
-626.148
 40
16.931
 50
279.549
 51
288.759
  0
ARC
  8
APS_GEOMETRY
 10
574.977
 20
-628.578
 40
14.364
 50
288.759
 51
299.545
  0
ARC
  8
APS_GEOMETRY
 10
578.286
 20
-634.417
 40
7.652
 50
299.545
 51
314.341
  0
ARC
  8
APS_GEOMETRY
 10
588.521
 20
-645.048
 40
7.105
 50
120.141
 51
133.452
  0
ARC
  8
APS_GEOMETRY
 10
585.662
 20
-640.124
 40
1.412
 50
90.0
 51
120.141
  0
ARC
  8
APS_GEOMETRY
 10
585.662
 20
-640.942
 40
2.23
 50
61.952
 51
90.0
  0
ARC
  8
APS_GEOMETRY
 10
585.33
 20
-641.566
 40
2.936
 50
37.569
 51
61.952
  0
ARC
  8
APS_GEOMETRY
 10
584.711
 20
-642.042
 40
3.717
 50
17.665
 51
37.569
  0
ARC
  8
APS_GEOMETRY
 10
583.766
 20
-642.343
 40
4.709
 50
360.0
 51
17.665
  0
ARC
  8
APS_GEOMETRY
 10
581.394
 20
-642.343
 40
7.081
 50
344.932
 51
360.0
  0
ARC
  8
APS_GEOMETRY
 10
575.096
 20
-640.647
 40
13.603
 50
334.075
 51
344.932
  0
ARC
  8
APS_GEOMETRY
 10
574.898
 20
-640.551
 40
13.823
 50
323.374
 51
334.075
  0
ARC
  8
APS_GEOMETRY
 10
578.962
 20
-643.572
 40
8.76
 50
309.92
 51
323.374
  0
ARC
  8
APS_GEOMETRY
 10
583.023
 20
-648.363
 40
2.48
 50
289.026
 51
308.991
  0
ARC
  8
APS_GEOMETRY
 10
578.69
 20
-635.797
 40
15.771
 50
281.143
 51
289.026
  0
ARC
  8
APS_GEOMETRY
 10
583.084
 20
-658.579
 40
7.431
 50
100.437
 51
110.12
  0
ARC
  8
APS_GEOMETRY
 10
588.905
 20
-674.469
 40
24.353
 50
110.12
 51
115.463
  0
ARC
  8
APS_GEOMETRY
 10
568.124
 20
-630.988
 40
23.838
 50
282.94
 51
295.628
  0
ARC
  8
APS_GEOMETRY
 10
568.33
 20
-631.882
 40
22.921
 50
270.0
 51
282.94
  0
ARC
  8
APS_GEOMETRY
 10
568.33
 20
-630.528
 40
24.275
 50
257.307
 51
270.0
  0
ARC
  8
APS_GEOMETRY
 10
569.354
 20
-625.978
 40
28.939
 50
245.686
 51
257.307
  0
ARC
  8
APS_GEOMETRY
 10
566.784
 20
-631.62
 40
22.739
 50
228.801
 51
245.735
  0
ARC
  8
APS_GEOMETRY
 10
566.827
 20
-631.571
 40
22.805
 50
211.891
 51
228.801
  0
ARC
  8
APS_GEOMETRY
 10
568.175
 20
-630.601
 40
24.462
 50
196.728
 51
212.152
  0
ARC
  8
APS_GEOMETRY
 10
564.687
 20
-631.649
 40
20.82
 50
180.0
 51
196.728
  0
ARC
  8
APS_GEOMETRY
 10
565.194
 20
-631.649
 40
21.327
 50
161.184
 51
180.0
  0
ARC
  8
APS_GEOMETRY
 10
566.563
 20
-632.115
 40
22.773
 50
142.98
 51
161.184
  0
ARC
  8
APS_GEOMETRY
 10
567.627
 20
-632.929
 40
24.112
 50
127.824
 51
142.958
  0
ARC
  8
APS_GEOMETRY
 10
569.381
 20
-635.189
 40
26.973
 50
113.52
 51
127.824
  0
ARC
  8
APS_GEOMETRY
 10
568.81
 20
-633.869
 40
25.535
 50
101.927
 51
113.527
  0
ARC
  8
APS_GEOMETRY
 10
568.526
 20
-632.525
 40
24.161
 50
90.0
 51
101.927
  0
ARC
  8
APS_GEOMETRY
 10
613.074
 20
-649.2
 40
40.608
 50
84.71
 51
90.0
  0
ARC
  8
APS_GEOMETRY
 10
613.819
 20
-641.161
 40
32.533
 50
78.799
 51
84.71
  0
ARC
  8
APS_GEOMETRY
 10
618.635
 20
-616.818
 40
7.718
 50
49.783
 51
78.771
  0
ARC
  8
APS_GEOMETRY
 10
621.857
 20
-613.008
 40
2.729
 50
360.0
 51
49.783
  0
ARC
  8
APS_GEOMETRY
 10
621.566
 20
-613.008
 40
3.02
 50
342.759
 51
360.0
  0
ARC
  8
APS_GEOMETRY
 10
623.142
 20
-613.497
 40
1.37
 50
317.045
 51
342.759
  0
ARC
  8
APS_GEOMETRY
 10
622.381
 20
-612.788
 40
2.41
 50
301.817
 51
317.045
  0
ARC
  8
APS_GEOMETRY
 10
611.125
 20
-594.646
 40
23.76
 50
296.98
 51
301.817
  0
ARC
  8
APS_GEOMETRY
 10
623.127
 20
-618.265
 40
2.733
 50
116.565
 51
149.078
  0
ARC
  8
APS_GEOMETRY
 10
626.646
 20
-620.373
 40
6.835
 50
149.078
 51
169.469
  0
ARC
  8
APS_GEOMETRY
 10
634.15
 20
-621.768
 40
14.468
 50
169.469
 51
174.598
  0
ARC
  8
APS_GEOMETRY
 10
672.814
 20
-625.424
 40
53.304
 50
174.598
 51
177.269
  0
ARC
  8
APS_GEOMETRY
 10
706.812
 20
-627.045
 40
87.341
 50
177.269
 51
178.901
  0
ARC
  8
APS_GEOMETRY
 10
812.118
 20
-629.065
 40
192.667
 50
178.901
 51
180.0
  0
ARC
  8
APS_GEOMETRY
 10
1026.108
 20
-629.065
 40
406.657
 50
180.0
 51
180.88
  0
ARC
  8
APS_GEOMETRY
 10
775.588
 20
-632.913
 40
156.107
 50
180.88
 51
182.3
  0
ARC
  8
APS_GEOMETRY
 10
702.363
 20
-635.855
 40
82.823
 50
182.3
 51
184.974
  0
ARC
  8
APS_GEOMETRY
 10
632.542
 20
-641.931
 40
12.738
 50
184.974
 51
191.793
  0
ARC
  8
APS_GEOMETRY
 10
624.432
 20
-643.482
 40
4.484
 50
193.57
 51
205.787
  0
ARC
  8
APS_GEOMETRY
 10
622.415
 20
-644.456
 40
2.244
 50
205.787
 51
223.091
  0
ARC
  8
APS_GEOMETRY
 10
622.926
 20
-643.978
 40
2.944
 50
223.091
 51
236.441
  0
ARC
  8
APS_GEOMETRY
 10
627.21
 20
-637.521
 40
10.693
 50
236.441
 51
243.435
  0
ARC
  8
APS_GEOMETRY
 10
620.652
 20
-650.991
 40
4.291
 50
37.185
 51
65.556
  0
ARC
  8
APS_GEOMETRY
 10
622.051
 20
-649.93
 40
2.535
 50
360.0
 51
37.185
  0
ARC
  8
APS_GEOMETRY
 10
621.974
 20
-649.93
 40
2.612
 50
312.039
 51
360.0
  0
ARC
  8
APS_GEOMETRY
 10
618.863
 20
-646.48
 40
7.258
 50
283.815
 51
312.039
  0
ARC
  8
APS_GEOMETRY
 10
613.723
 20
-625.174
 40
29.174
 50
279.273
 51
283.627
  0
ARC
  8
APS_GEOMETRY
 10
611.668
 20
-612.589
 40
41.926
 50
275.641
 51
279.273
  0
ARC
  8
APS_GEOMETRY
 10
610.882
 20
-604.635
 40
49.919
 50
272.588
 51
275.641
  0
ARC
  8
APS_GEOMETRY
 10
610.0
 20
-585.118
 40
69.456
 50
270.0
 51
272.588
  0
ARC
  8
APS_GEOMETRY
 10
610.0
 20
-612.68
 40
41.894
 50
262.774
 51
270.0
  0
ARC
  8
APS_GEOMETRY
 10
606.224
 20
-642.468
 40
11.868
 50
249.175
 51
262.774
  0
ARC
  8
APS_GEOMETRY
 10
603.851
 20
-648.706
 40
5.194
 50
221.23
 51
249.175
  0
ARC
  8
APS_GEOMETRY
 10
601.782
 20
-650.519
 40
2.443
 50
180.0
 51
221.23
  0
ARC
  8
APS_GEOMETRY
 10
601.38
 20
-650.519
 40
2.041
 50
142.696
 51
180.0
  0
ARC
  8
APS_GEOMETRY
 10
604.602
 20
-652.973
 40
6.091
 50
121.357
 51
142.696
  0
ARC
  8
APS_GEOMETRY
 10
599.158
 20
-644.058
 40
4.354
 50
301.477
 51
324.728
  0
ARC
  8
APS_GEOMETRY
 10
599.739
 20
-644.469
 40
3.643
 50
324.728
 51
350.181
  0
ARC
  8
APS_GEOMETRY
 10
581.498
 20
-641.452
 40
22.132
 50
350.538
 51
355.423
  0
ARC
  8
APS_GEOMETRY
 10
506.546
 20
-635.451
 40
97.324
 50
355.423
 51
357.752
  0
ARC
  8
APS_GEOMETRY
 10
436.952
 20
-632.719
 40
166.971
 50
357.752
 51
359.111
  0
ARC
  8
APS_GEOMETRY
 10
214.206
 20
-629.261
 40
389.744
 50
359.111
 51
0.0
  0
ARC
  8
APS_GEOMETRY
 10
468.727
 20
-629.261
 40
135.223
 50
0.0
 51
1.773
  0
ARC
  8
APS_GEOMETRY
 10
548.087
 20
-626.805
 40
55.825
 50
1.773
 51
4.532
  0
ARC
  8
APS_GEOMETRY
 10
572.208
 20
-624.893
 40
31.629
 50
4.532
 51
9.384
  0
ARC
  8
APS_GEOMETRY
 10
596.701
 20
-620.845
 40
6.803
 50
9.384
 51
19.855
  0
ARC
  8
APS_GEOMETRY
 10
599.943
 20
-619.613
 40
3.336
 50
18.853
 51
42.158
  0
ARC
  8
APS_GEOMETRY
 10
597.164
 20
-622.128
 40
7.084
 50
42.158
 51
58.092
  0
ARC
  8
APS_GEOMETRY
 10
609.393
 20
-603.231
 40
15.426
 50
230.711
 51
236.634
  0
ARC
  8
APS_GEOMETRY
 10
601.712
 20
-612.62
 40
3.296
 50
217.875
 51
230.711
  0
ARC
  8
APS_GEOMETRY
 10
600.658
 20
-613.439
 40
1.962
 50
196.928
 51
217.875
  0
ARC
  8
APS_GEOMETRY
 10
601.644
 20
-613.139
 40
2.992
 50
180.0
 51
196.928
  0
ARC
  8
APS_GEOMETRY
 10
601.0
 20
-613.139
 40
2.347
 50
148.791
 51
180.0
  0
ARC
  8
APS_GEOMETRY
 10
601.615
 20
-613.512
 40
3.067
 50
121.569
 51
148.791
  0
ARC
  8
APS_GEOMETRY
 10
602.72
 20
-615.31
 40
5.178
 50
112.806
 51
121.569
  0
ARC
  8
APS_GEOMETRY
 10
605.708
 20
-622.415
 40
12.885
 50
107.254
 51
112.806
  0
ARC
  8
APS_GEOMETRY
 10
607.537
 20
-628.306
 40
19.054
 50
103.487
 51
107.254
  0
ARC
  8
APS_GEOMETRY
 10
611.728
 20
-645.779
 40
37.022
 50
100.784
 51
103.487
  0
ARC
  8
APS_GEOMETRY
 10
613.04
 20
-650.61
 40
42.015
 50
95.643
 51
101.31
  0
ARC
  8
APS_GEOMETRY
 10
613.074
 20
-650.955
 40
42.362
 50
90.0
 51
95.643
  0
LINE
  8
APS_GEOMETRY
 10
682.223
 11
682.223
 20
-638.517
 21
-621.315
  0
ARC
  8
APS_GEOMETRY
 10
642.501
 20
-621.315
 40
39.721
 50
0.0
 51
2.404
  0
ARC
  8
APS_GEOMETRY
 10
666.019
 20
-620.327
 40
16.183
 50
2.404
 51
6.17
  0
ARC
  8
APS_GEOMETRY
 10
673.068
 20
-619.565
 40
9.093
 50
6.17
 51
12.824
  0
ARC
  8
APS_GEOMETRY
 10
679.967
 20
-617.995
 40
2.017
 50
12.824
 51
26.98
  0
ARC
  8
APS_GEOMETRY
 10
680.29
 20
-617.83
 40
1.655
 50
26.98
 51
59.65
  0
ARC
  8
APS_GEOMETRY
 10
677.252
 20
-623.019
 40
7.668
 50
59.65
 51
74.667
  0
ARC
  8
APS_GEOMETRY
 10
680.754
 20
-610.52
 40
5.313
 50
225.0
 51
253.887
  0
ARC
  8
APS_GEOMETRY
 10
678.593
 20
-612.681
 40
2.257
 50
180.0
 51
225.0
  0
ARC
  8
APS_GEOMETRY
 10
679.008
 20
-612.681
 40
2.672
 50
151.157
 51
180.0
  0
ARC
  8
APS_GEOMETRY
 10
679.002
 20
-612.677
 40
2.665
 50
122.276
 51
151.157
  0
ARC
  8
APS_GEOMETRY
 10
679.766
 20
-613.887
 40
4.096
 50
102.308
 51
122.276
  0
ARC
  8
APS_GEOMETRY
 10
681.176
 20
-620.351
 40
10.712
 50
90.0
 51
102.308
  0
ARC
  8
APS_GEOMETRY
 10
681.176
 20
-632.805
 40
23.166
 50
88.989
 51
90.0
  0
ARC
  8
APS_GEOMETRY
 10
679.229
 20
-743.15
 40
133.528
 50
88.568
 51
88.989
  0
ARC
  8
APS_GEOMETRY
 10
676.479
 20
-853.155
 40
243.567
 50
88.337
 51
88.568
  0
ARC
  8
APS_GEOMETRY
 10
665.821
 20
-1220.271
 40
610.838
 50
88.191
 51
88.337
  0
LINE
  8
APS_GEOMETRY
 10
685.101
 11
687.03
 20
-609.738
 21
-609.738
  0
ARC
  8
APS_GEOMETRY
 10
680.549
 20
466.212
 40
1075.969
 50
270.345
 51
270.49
  0
ARC
  8
APS_GEOMETRY
 10
686.588
 20
-240.399
 40
369.332
 50
270.49
 51
270.736
  0
ARC
  8
APS_GEOMETRY
 10
689.067
 20
-433.27
 40
176.445
 50
270.736
 51
271.253
  0
ARC
  8
APS_GEOMETRY
 10
692.593
 20
-594.487
 40
15.19
 50
271.253
 51
273.013
  0
ARC
  8
APS_GEOMETRY
 10
692.446
 20
-591.699
 40
17.982
 50
273.013
 51
274.5
  0
ARC
  8
APS_GEOMETRY
 10
675.79
 20
-380.046
 40
230.289
 50
274.5
 51
274.915
  0
LINE
  8
APS_GEOMETRY
 10
695.521
 11
697.484
 20
-609.488
 21
-609.315
  0
LINE
  8
APS_GEOMETRY
 10
697.484
 11
700.046
 20
-609.315
 21
-609.083
  0
ARC
  8
APS_GEOMETRY
 10
704.259
 20
-649.807
 40
40.941
 50
93.24
 51
95.906
  0
ARC
  8
APS_GEOMETRY
 10
703.513
 20
-636.624
 40
27.736
 50
90.0
 51
93.24
  0
ARC
  8
APS_GEOMETRY
 10
703.513
 20
-632.44
 40
23.553
 50
77.12
 51
90.0
  0
ARC
  8
APS_GEOMETRY
 10
704.754
 20
-627.014
 40
17.987
 50
62.371
 51
77.12
  0
ARC
  8
APS_GEOMETRY
 10
706.855
 20
-623.075
 40
13.522
 50
31.215
 51
62.517
  0
ARC
  8
APS_GEOMETRY
 10
706.791
 20
-623.113
 40
13.597
 50
360.0
 51
31.215
  0
ARC
  8
APS_GEOMETRY
 10
706.426
 20
-623.113
 40
13.962
 50
334.496
 51
360.0
  0
ARC
  8
APS_GEOMETRY
 10
707.112
 20
-623.441
 40
13.201
 50
308.254
 51
334.496
  0
ARC
  8
APS_GEOMETRY
 10
705.013
 20
-620.674
 40
16.674
 50
287.855
 51
308.034
  0
ARC
  8
APS_GEOMETRY
 10
703.611
 20
-616.321
 40
21.247
 50
270.0
 51
287.855
  0
ARC
  8
APS_GEOMETRY
 10
703.611
 20
-605.371
 40
32.197
 50
266.918
 51
270.0
  0
ARC
  8
APS_GEOMETRY
 10
705.565
 20
-569.074
 40
68.546
 50
264.806
 51
266.918
  0
ARC
  8
APS_GEOMETRY
 10
692.493
 20
-731.183
 40
94.095
 50
85.815
 51
86.634
  0
ARC
  8
APS_GEOMETRY
 10
697.691
 20
-642.804
 40
5.563
 50
86.634
 51
90.0
  0
ARC
  8
APS_GEOMETRY
 10
697.691
 20
-638.062
 40
0.821
 50
90.0
 51
139.686
  0
ARC
  8
APS_GEOMETRY
 10
697.996
 20
-638.32
 40
1.22
 50
139.686
 51
180.0
  0
LINE
  8
APS_GEOMETRY
 10
696.776
 11
696.776
 20
-638.32
 21
-638.517
  0
LINE
  8
APS_GEOMETRY
 10
696.776
 11
697.005
 20
-638.517
 21
-643.88
  0
ARC
  8
APS_GEOMETRY
 10
704.755
 20
-643.557
 40
7.757
 50
182.386
 51
193.753
  0
ARC
  8
APS_GEOMETRY
 10
699.757
 20
-644.78
 40
2.612
 50
193.753
 51
213.408
  0
ARC
  8
APS_GEOMETRY
 10
699.813
 20
-644.743
 40
2.679
 50
213.408
 51
232.628
  0
ARC
  8
APS_GEOMETRY
 10
704.324
 20
-638.838
 40
10.11
 50
232.628
 51
242.488
  0
ARC
  8
APS_GEOMETRY
 10
696.801
 20
-653.102
 40
6.017
 50
40.539
 51
61.699
  0
ARC
  8
APS_GEOMETRY
 10
700.089
 20
-650.29
 40
1.69
 50
360.0
 51
40.539
  0
ARC
  8
APS_GEOMETRY
 10
699.51
 20
-650.29
 40
2.269
 50
315.297
 51
360.0
  0
ARC
  8
APS_GEOMETRY
 10
696.441
 20
-647.252
 40
6.588
 50
289.502
 51
315.297
  0
ARC
  8
APS_GEOMETRY
 10
694.191
 20
-640.901
 40
13.326
 50
282.372
 51
289.502
  0
ARC
  8
APS_GEOMETRY
 10
691.828
 20
-630.13
 40
24.353
 50
277.099
 51
282.372
  0
ARC
  8
APS_GEOMETRY
 10
690.857
 20
-622.33
 40
32.213
 50
273.104
 51
277.099
  0
ARC
  8
APS_GEOMETRY
 10
689.712
 20
-601.212
 40
53.362
 50
270.0
 51
273.104
  0
ARC
  8
APS_GEOMETRY
 10
689.712
 20
-601.851
 40
52.723
 50
263.473
 51
270.0
  0
ARC
  8
APS_GEOMETRY
 10
685.379
 20
-639.718
 40
14.609
 50
251.056
 51
263.473
  0
ARC
  8
APS_GEOMETRY
 10
682.597
 20
-647.823
 40
6.039
 50
224.161
 51
251.056
  0
ARC
  8
APS_GEOMETRY
 10
679.923
 20
-650.421
 40
2.311
 50
180.0
 51
224.161
  0
ARC
  8
APS_GEOMETRY
 10
680.403
 20
-650.421
 40
2.791
 50
160.821
 51
180.0
  0
ARC
  8
APS_GEOMETRY
 10
679.232
 20
-650.013
 40
1.552
 50
135.0
 51
160.821
  0
ARC
  8
APS_GEOMETRY
 10
680.339
 20
-651.12
 40
3.117
 50
121.522
 51
135.0
  0
ARC
  8
APS_GEOMETRY
 10
692.824
 20
-671.476
 40
26.996
 50
116.952
 51
121.522
  0
ARC
  8
APS_GEOMETRY
 10
679.191
 20
-644.765
 40
2.993
 50
297.824
 51
321.605
  0
ARC
  8
APS_GEOMETRY
 10
679.88
 20
-645.311
 40
2.113
 50
321.605
 51
349.992
  0
ARC
  8
APS_GEOMETRY
 10
676.681
 20
-644.747
 40
5.362
 50
349.992
 51
356.014
  0
ARC
  8
APS_GEOMETRY
 10
628.018
 20
-641.356
 40
54.143
 50
356.014
 51
357.908
  0
ARC
  8
APS_GEOMETRY
 10
571.214
 20
-639.281
 40
110.985
 50
357.908
 51
358.833
  0
ARC
  8
APS_GEOMETRY
 10
365.817
 20
-635.096
 40
316.424
 50
358.833
 51
359.381
  0
LINE
  8
APS_GEOMETRY
 10
697.005
 11
697.005
 20
-617.161
 21
-628.28
  0
ARC
  8
APS_GEOMETRY
 10
700.379
 20
-628.28
 40
3.374
 50
180.0
 51
199.885
  0
ARC
  8
APS_GEOMETRY
 10
697.854
 20
-629.194
 40
0.689
 50
199.885
 51
244.799
  0
ARC
  8
APS_GEOMETRY
 10
699.305
 20
-626.203
 40
4.013
 50
244.231
 51
258.996
  0
ARC
  8
APS_GEOMETRY
 10
699.915
 20
-623.067
 40
7.209
 50
258.996
 51
270.0
  0
ARC
  8
APS_GEOMETRY
 10
699.915
 20
-623.825
 40
6.45
 50
270.0
 51
288.435
  0
ARC
  8
APS_GEOMETRY
 10
700.378
 20
-625.213
 40
4.987
 50
288.435
 51
309.428
  0
ARC
  8
APS_GEOMETRY
 10
700.547
 20
-625.387
 40
4.745
 50
309.193
 51
339.939
  0
ARC
  8
APS_GEOMETRY
 10
694.677
 20
-623.244
 40
10.994
 50
339.939
 51
0.0
  0
ARC
  8
APS_GEOMETRY
 10
695.323
 20
-623.244
 40
10.348
 50
0.0
 51
22.011
  0
ARC
  8
APS_GEOMETRY
 10
699.908
 20
-621.391
 40
5.403
 50
22.011
 51
52.651
  0
ARC
  8
APS_GEOMETRY
 10
699.837
 20
-621.44
 40
5.485
 50
52.374
 51
72.309
  0
ARC
  8
APS_GEOMETRY
 10
699.392
 20
-622.835
 40
6.95
 50
72.309
 51
90.0
  0
ARC
  8
APS_GEOMETRY
 10
699.392
 20
-619.938
 40
4.052
 50
90.0
 51
118.113
  0
ARC
  8
APS_GEOMETRY
 10
697.909
 20
-617.161
 40
0.904
 50
118.113
 51
180.0
  0
ARC
  8
APS_GEOMETRY
 10
749.742
 20
-634.145
 40
25.782
 50
71.91
 51
90.0
  0
ARC
  8
APS_GEOMETRY
 10
750.741
 20
-631.089
 40
22.566
 50
52.561
 51
71.91
  0
ARC
  8
APS_GEOMETRY
 10
750.479
 20
-631.165
 40
22.786
 50
38.846
 51
52.156
  0
ARC
  8
APS_GEOMETRY
 10
746.907
 20
-634.042
 40
27.372
 50
26.707
 51
38.846
  0
ARC
  8
APS_GEOMETRY
 10
747.614
 20
-633.464
 40
26.482
 50
13.868
 51
26.278
  0
ARC
  8
APS_GEOMETRY
 10
752.714
 20
-632.205
 40
21.229
 50
360.0
 51
13.868
  0
ARC
  8
APS_GEOMETRY
 10
753.044
 20
-632.205
 40
20.899
 50
339.712
 51
360.0
  0
ARC
  8
APS_GEOMETRY
 10
751.868
 20
-631.77
 40
22.153
 50
320.013
 51
339.712
  0
ARC
  8
APS_GEOMETRY
 10
751.673
 20
-631.662
 40
22.372
 50
303.344
 51
320.123
  0
ARC
  8
APS_GEOMETRY
 10
749.377
 20
-628.173
 40
26.548
 50
287.949
 51
303.344
  0
ARC
  8
APS_GEOMETRY
 10
748.623
 20
-625.558
 40
29.269
 50
279.039
 51
287.776
  0
ARC
  8
APS_GEOMETRY
 10
748.925
 20
-627.457
 40
27.346
 50
270.0
 51
279.039
  0
ARC
  8
APS_GEOMETRY
 10
748.925
 20
-628.792
 40
26.011
 50
257.728
 51
270.0
  0
ARC
  8
APS_GEOMETRY
 10
748.966
 20
-628.604
 40
26.203
 50
245.501
 51
257.728
  0
ARC
  8
APS_GEOMETRY
 10
747.493
 20
-631.827
 40
22.66
 50
228.665
 51
245.511
  0
ARC
  8
APS_GEOMETRY
 10
747.003
 20
-632.384
 40
21.918
 50
211.535
 51
228.665
  0
ARC
  8
APS_GEOMETRY
 10
747.645
 20
-631.912
 40
22.712
 50
195.642
 51
211.701
  0
ARC
  8
APS_GEOMETRY
 10
748.819
 20
-631.583
 40
23.931
 50
180.0
 51
195.642
  0
ARC
  8
APS_GEOMETRY
 10
749.07
 20
-631.583
 40
24.183
 50
162.181
 51
180.0
  0
ARC
  8
APS_GEOMETRY
 10
746.864
 20
-630.874
 40
21.865
 50
143.434
 51
162.181
  0
ARC
  8
APS_GEOMETRY
 10
746.567
 20
-630.636
 40
21.485
 50
126.384
 51
143.471
  0
ARC
  8
APS_GEOMETRY
 10
748.601
 20
-633.397
 40
24.914
 50
110.525
 51
126.384
  0
ARC
  8
APS_GEOMETRY
 10
748.501
 20
-632.647
 40
24.177
 50
99.77
 51
110.925
  0
ARC
  8
APS_GEOMETRY
 10
749.742
 20
-639.86
 40
31.496
 50
90.0
 51
99.77
  0
ARC
  8
APS_GEOMETRY
 10
746.636
 20
-622.557
 40
4.807
 50
90.0
 51
119.604
  0
ARC
  8
APS_GEOMETRY
 10
747.057
 20
-623.298
 40
5.659
 50
119.604
 51
146.842
  0
ARC
  8
APS_GEOMETRY
 10
747.903
 20
-623.992
 40
6.748
 50
145.84
 51
164.055
  0
ARC
  8
APS_GEOMETRY
 10
749.864
 20
-624.552
 40
8.788
 50
164.055
 51
180.0
  0
ARC
  8
APS_GEOMETRY
 10
762.128
 20
-624.552
 40
21.053
 50
180.0
 51
189.977
  0
ARC
  8
APS_GEOMETRY
 10
780.78
 20
-621.271
 40
39.991
 50
189.977
 51
197.211
  0
ARC
  8
APS_GEOMETRY
 10
784.86
 20
-620.008
 40
44.261
 50
197.211
 51
203.76
  0
ARC
  8
APS_GEOMETRY
 10
774.697
 20
-624.481
 40
33.157
 50
203.76
 51
211.329
  0
ARC
  8
APS_GEOMETRY
 10
753.829
 20
-637.005
 40
8.821
 50
212.32
 51
224.441
  0
ARC
  8
APS_GEOMETRY
 10
752.973
 20
-637.844
 40
7.623
 50
224.441
 51
237.484
  0
ARC
  8
APS_GEOMETRY
 10
752.421
 20
-638.711
 40
6.595
 50
237.484
 51
252.416
  0
ARC
  8
APS_GEOMETRY
 10
751.868
 20
-640.454
 40
4.766
 50
252.416
 51
270.0
  0
ARC
  8
APS_GEOMETRY
 10
751.868
 20
-639.889
 40
5.331
 50
270.0
 51
294.953
  0
ARC
  8
APS_GEOMETRY
 10
752.017
 20
-640.21
 40
4.977
 50
294.953
 51
320.793
  0
ARC
  8
APS_GEOMETRY
 10
751.217
 20
-639.557
 40
6.011
 50
320.793
 51
342.777
  0
ARC
  8
APS_GEOMETRY
 10
747.649
 20
-638.451
 40
9.746
 50
342.777
 51
0.0
  0
ARC
  8
APS_GEOMETRY
 10
730.888
 20
-638.451
 40
26.507
 50
0.0
 51
8.499
  0
ARC
  8
APS_GEOMETRY
 10
719.221
 20
-640.195
 40
38.304
 50
8.499
 51
15.566
  0
ARC
  8
APS_GEOMETRY
 10
720.623
 20
-639.804
 40
36.848
 50
15.566
 51
22.909
  0
ARC
  8
APS_GEOMETRY
 10
732.687
 20
-634.706
 40
23.751
 50
22.909
 51
32.057
  0
ARC
  8
APS_GEOMETRY
 10
742.163
 20
-628.736
 40
12.552
 50
31.921
 51
42.51
  0
ARC
  8
APS_GEOMETRY
 10
744.765
 20
-626.351
 40
9.022
 50
42.51
 51
55.008
  0
ARC
  8
APS_GEOMETRY
 10
745.644
 20
-625.095
 40
7.489
 50
55.008
 51
69.88
  0
ARC
  8
APS_GEOMETRY
 10
746.432
 20
-622.944
 40
5.198
 50
69.88
 51
87.754
  0
ARC
  8
APS_GEOMETRY
 10
800.256
 20
-637.568
 40
2.42
 50
90.0
 51
115.837
  0
ARC
  8
APS_GEOMETRY
 10
799.66
 20
-636.337
 40
1.053
 50
115.837
 51
155.462
  0
ARC
  8
APS_GEOMETRY
 10
800.356
 20
-636.655
 40
1.817
 50
155.462
 51
168.366
  0
ARC
  8
APS_GEOMETRY
 10
806.702
 20
-637.961
 40
8.296
 50
168.366
 51
174.395
  0
ARC
  8
APS_GEOMETRY
 10
813.097
 20
-638.589
 40
14.722
 50
174.395
 51
177.813
  0
ARC
  8
APS_GEOMETRY
 10
834.326
 20
-639.4
 40
35.966
 50
177.813
 51
180.0
  0
ARC
  8
APS_GEOMETRY
 10
849.694
 20
-639.4
 40
51.335
 50
180.0
 51
184.62
  0
ARC
  8
APS_GEOMETRY
 10
815.274
 20
-642.181
 40
16.803
 50
184.62
 51
192.7
  0
ARC
  8
APS_GEOMETRY
 10
802.004
 20
-645.094
 40
3.218
 50
194.036
 51
205.821
  0
ARC
  8
APS_GEOMETRY
 10
800.599
 20
-645.774
 40
1.656
 50
205.821
 51
222.274
  0
ARC
  8
APS_GEOMETRY
 10
801.029
 20
-645.383
 40
2.238
 50
222.274
 51
234.605
  0
ARC
  8
APS_GEOMETRY
 10
805.89
 20
-638.543
 40
10.63
 50
234.605
 51
240.255
  0
ARC
  8
APS_GEOMETRY
 10
798.501
 20
-651.617
 40
4.389
 50
34.592
 51
61.189
  0
ARC
  8
APS_GEOMETRY
 10
799.951
 20
-650.617
 40
2.627
 50
360.0
 51
34.592
  0
ARC
  8
APS_GEOMETRY
 10
800.039
 20
-650.617
 40
2.539
 50
318.231
 51
360.0
  0
ARC
  8
APS_GEOMETRY
 10
798.341
 20
-649.1
 40
4.816
 50
288.227
 51
318.231
  0
ARC
  8
APS_GEOMETRY
 10
796.58
 20
-643.752
 40
10.446
 50
280.377
 51
288.227
  0
ARC
  8
APS_GEOMETRY
 10
793.51
 20
-626.989
 40
27.489
 50
275.541
 51
280.377
  0
ARC
  8
APS_GEOMETRY
 10
792.187
 20
-613.351
 40
41.19
 50
272.304
 51
275.541
  0
ARC
  8
APS_GEOMETRY
 10
790.576
 20
-573.315
 40
81.259
 50
270.0
 51
272.304
  0
ARC
  8
APS_GEOMETRY
 10
790.576
 20
-606.774
 40
47.8
 50
262.811
 51
270.0
  0
ARC
  8
APS_GEOMETRY
 10
786.287
 20
-640.78
 40
13.524
 50
249.274
 51
262.811
  0
ARC
  8
APS_GEOMETRY
 10
783.589
 20
-647.911
 40
5.901
 50
221.379
 51
249.274
  0
ARC
  8
APS_GEOMETRY
 10
781.222
 20
-649.995
 40
2.747
 50
180.0
 51
221.379
  0
ARC
  8
APS_GEOMETRY
 10
781.204
 20
-649.995
 40
2.728
 50
164.055
 51
180.0
  0
ARC
  8
APS_GEOMETRY
 10
780.067
 20
-649.671
 40
1.546
 50
142.815
 51
164.055
  0
ARC
  8
APS_GEOMETRY
 10
780.783
 20
-650.214
 40
2.444
 50
129.007
 51
142.815
  0
ARC
  8
APS_GEOMETRY
 10
789.575
 20
-661.068
 40
16.412
 50
123.69
 51
129.007
  0
ARC
  8
APS_GEOMETRY
 10
777.098
 20
-642.295
 40
6.128
 50
303.389
 51
319.022
  0
ARC
  8
APS_GEOMETRY
 10
778.757
 20
-643.736
 40
3.932
 50
319.022
 51
338.575
  0
ARC
  8
APS_GEOMETRY
 10
776.537
 20
-642.865
 40
6.316
 50
338.575
 51
351.049
  0
ARC
  8
APS_GEOMETRY
 10
749.731
 20
-638.642
 40
33.452
 50
351.049
 51
356.46
  0
ARC
  8
APS_GEOMETRY
 10
758.567
 20
-638.979
 40
24.613
 50
355.972
 51
358.68
  0
ARC
  8
APS_GEOMETRY
 10
468.376
 20
-632.292
 40
314.881
 50
358.68
 51
359.437
  0
LINE
  8
APS_GEOMETRY
 10
783.242
 11
783.273
 20
-635.385
 21
-630.474
  0
LINE
  8
APS_GEOMETRY
 10
783.273
 11
783.283
 20
-630.474
 21
-624.062
  0
ARC
  8
APS_GEOMETRY
 10
707.474
 20
-624.062
 40
75.809
 50
0.0
 51
1.717
  0
ARC
  8
APS_GEOMETRY
 10
748.042
 20
-622.845
 40
35.223
 50
1.717
 51
4.236
  0
ARC
  8
APS_GEOMETRY
 10
761.272
 20
-621.866
 40
21.957
 50
4.236
 51
8.269
  0
ARC
  8
APS_GEOMETRY
 10
776.495
 20
-619.653
 40
6.573
 50
8.269
 51
15.642
  0
ARC
  8
APS_GEOMETRY
 10
779.115
 20
-618.919
 40
3.853
 50
15.642
 51
39.417
  0
ARC
  8
APS_GEOMETRY
 10
779.174
 20
-618.871
 40
3.776
 50
39.417
 51
63.435
  0
ARC
  8
APS_GEOMETRY
 10
785.975
 20
-604.781
 40
11.869
 50
236.874
 51
244.486
  0
ARC
  8
APS_GEOMETRY
 10
780.916
 20
-612.535
 40
2.611
 50
220.601
 51
236.874
  0
ARC
  8
APS_GEOMETRY
 10
780.336
 20
-613.032
 40
1.847
 50
198.246
 51
220.601
  0
ARC
  8
APS_GEOMETRY
 10
781.204
 20
-612.746
 40
2.761
 50
180.0
 51
198.246
  0
ARC
  8
APS_GEOMETRY
 10
781.191
 20
-612.746
 40
2.748
 50
156.161
 51
180.0
  0
ARC
  8
APS_GEOMETRY
 10
781.574
 20
-612.916
 40
3.167
 50
133.977
 51
156.161
  0
ARC
  8
APS_GEOMETRY
 10
782.337
 20
-613.707
 40
4.266
 50
116.996
 51
133.977
  0
ARC
  8
APS_GEOMETRY
 10
783.854
 20
-616.684
 40
7.608
 50
104.3
 51
116.996
  0
ARC
  8
APS_GEOMETRY
 10
784.246
 20
-618.19
 40
9.164
 50
95.326
 51
104.349
  0
ARC
  8
APS_GEOMETRY
 10
785.834
 20
-635.224
 40
26.272
 50
90.0
 51
95.326
  0
ARC
  8
APS_GEOMETRY
 10
785.834
 20
-621.966
 40
13.013
 50
87.553
 51
90.0
  0
ARC
  8
APS_GEOMETRY
 10
783.065
 20
-686.753
 40
77.86
 50
86.553
 51
87.553
  0
ARC
  8
APS_GEOMETRY
 10
779.129
 20
-752.1
 40
143.325
 50
86.009
 51
86.553
  0
ARC
  8
APS_GEOMETRY
 10
763.821
 20
-971.513
 40
363.271
 50
85.668
 51
86.009
  0
ARC
  8
APS_GEOMETRY
 10
792.469
 20
-594.202
 40
15.125
 50
265.426
 51
268.531
  0
ARC
  8
APS_GEOMETRY
 10
793.814
 20
-541.759
 40
67.586
 50
268.531
 51
270.0
  0
ARC
  8
APS_GEOMETRY
 10
793.814
 20
-557.834
 40
51.511
 50
270.0
 51
271.637
  0
ARC
  8
APS_GEOMETRY
 10
792.663
 20
-517.55
 40
91.812
 50
271.637
 51
272.862
  0
ARC
  8
APS_GEOMETRY
 10
791.341
 20
-491.12
 40
118.274
 50
272.862
 51
273.814
  0
ARC
  8
APS_GEOMETRY
 10
786.868
 20
-424.016
 40
185.527
 50
273.814
 51
274.574
  0
ARC
  8
APS_GEOMETRY
 10
814.93
 20
-789.007
 40
180.543
 50
93.72
 51
94.214
  0
ARC
  8
APS_GEOMETRY
 10
808.941
 20
-696.889
 40
88.23
 50
93.013
 51
93.72
  0
ARC
  8
APS_GEOMETRY
 10
807.299
 20
-665.693
 40
56.991
 50
91.918
 51
93.013
  0
ARC
  8
APS_GEOMETRY
 10
806.012
 20
-627.278
 40
18.554
 50
90.0
 51
91.918
  0
ARC
  8
APS_GEOMETRY
 10
806.012
 20
-632.832
 40
24.109
 50
73.82
 51
90.0
  0
ARC
  8
APS_GEOMETRY
 10
808.388
 20
-624.643
 40
15.581
 50
53.658
 51
73.82
  0
ARC
  8
APS_GEOMETRY
 10
811.768
 20
-620.023
 40
9.857
 50
26.03
 51
53.569
  0
ARC
  8
APS_GEOMETRY
 10
810.731
 20
-620.53
 40
11.012
 50
360.0
 51
26.03
  0
ARC
  8
APS_GEOMETRY
 10
810.299
 20
-620.53
 40
11.443
 50
345.282
 51
360.0
  0
ARC
  8
APS_GEOMETRY
 10
811.4
 20
-620.819
 40
10.305
 50
329.767
 51
345.282
  0
ARC
  8
APS_GEOMETRY
 10
812.024
 20
-621.182
 40
9.583
 50
313.168
 51
329.767
  0
ARC
  8
APS_GEOMETRY
 10
812.255
 20
-621.428
 40
9.246
 50
296.267
 51
313.168
  0
ARC
  8
APS_GEOMETRY
 10
817.518
 20
-632.062
 40
2.62
 50
116.565
 51
139.899
  0
ARC
  8
APS_GEOMETRY
 10
816.211
 20
-630.962
 40
0.911
 50
139.899
 51
180.0
  0
ARC
  8
APS_GEOMETRY
 10
816.312
 20
-630.962
 40
1.013
 50
180.0
 51
226.193
  0
ARC
  8
APS_GEOMETRY
 10
818.183
 20
-629.012
 40
3.715
 50
226.193
 51
249.829
  0
ARC
  8
APS_GEOMETRY
 10
812.822
 20
-643.773
 40
11.989
 50
53.249
 51
70.105
  0
ARC
  8
APS_GEOMETRY
 10
815.258
 20
-640.512
 40
7.919
 50
32.471
 51
53.249
  0
ARC
  8
APS_GEOMETRY
 10
814.123
 20
-641.234
 40
9.264
 50
23.305
 51
32.471
  0
ARC
  8
APS_GEOMETRY
 10
807.112
 20
-644.254
 40
16.897
 50
16.521
 51
23.305
  0
ARC
  8
APS_GEOMETRY
 10
801.647
 20
-645.875
 40
22.598
 50
11.429
 51
16.521
  0
ARC
  8
APS_GEOMETRY
 10
786.157
 20
-649.006
 40
38.401
 50
7.524
 51
11.429
  0
ARC
  8
APS_GEOMETRY
 10
837.485
 20
-642.17
 40
13.38
 50
187.765
 51
196.914
  0
ARC
  8
APS_GEOMETRY
 10
826.542
 20
-645.498
 40
1.942
 50
196.914
 51
221.082
  0
ARC
  8
APS_GEOMETRY
 10
826.584
 20
-645.462
 40
1.997
 50
221.082
 51
244.607
  0
ARC
  8
APS_GEOMETRY
 10
831.257
 20
-635.616
 40
12.896
 50
244.607
 51
253.811
  0
ARC
  8
APS_GEOMETRY
 10
827.148
 20
-649.626
 40
1.705
 50
51.45
 51
72.474
  0
ARC
  8
APS_GEOMETRY
 10
826.726
 20
-650.156
 40
2.382
 50
33.69
 51
51.45
  0
ARC
  8
APS_GEOMETRY
 10
826.628
 20
-650.221
 40
2.5
 50
16.639
 51
33.69
  0
ARC
  8
APS_GEOMETRY
 10
826.508
 20
-650.257
 40
2.625
 50
360.0
 51
16.639
  0
ARC
  8
APS_GEOMETRY
 10
826.472
 20
-650.257
 40
2.662
 50
338.993
 51
360.0
  0
ARC
  8
APS_GEOMETRY
 10
824.847
 20
-649.633
 40
4.402
 50
322.696
 51
338.993
  0
ARC
  8
APS_GEOMETRY
 10
824.241
 20
-649.172
 40
5.164
 50
308.603
 51
322.696
  0
ARC
  8
APS_GEOMETRY
 10
823.824
 20
-648.65
 40
5.831
 50
295.346
 51
308.603
  0
ARC
  8
APS_GEOMETRY
 10
821.633
 20
-643.824
 40
11.131
 50
279.583
 51
294.905
  0
ARC
  8
APS_GEOMETRY
 10
818.766
 20
-626.843
 40
28.353
 50
270.0
 51
279.583
  0
ARC
  8
APS_GEOMETRY
 10
818.766
 20
-634.524
 40
20.672
 50
261.247
 51
270.0
  0
ARC
  8
APS_GEOMETRY
 10
817.442
 20
-643.124
 40
11.97
 50
249.737
 51
261.247
  0
ARC
  8
APS_GEOMETRY
 10
816.572
 20
-645.482
 40
9.457
 50
235.345
 51
249.737
  0
ARC
  8
APS_GEOMETRY
 10
815.473
 20
-647.072
 40
7.524
 50
219.198
 51
235.345
  0
ARC
  8
APS_GEOMETRY
 10
817.786
 20
-645.1
 40
10.563
 50
209.076
 51
219.56
  0
ARC
  8
APS_GEOMETRY
 10
823.126
 20
-642.13
 40
16.674
 50
200.735
 51
209.076
  0
ARC
  8
APS_GEOMETRY
 10
830.496
 20
-639.34
 40
24.554
 50
197.881
 51
200.735
  0
ARC
  8
APS_GEOMETRY
 10
860.777
 20
-629.57
 40
56.372
 50
195.997
 51
197.881
  0
ARC
  8
APS_GEOMETRY
 10
883.159
 20
-623.154
 40
79.656
 50
194.664
 51
195.997
  0
ARC
  8
APS_GEOMETRY
 10
945.155
 20
-606.931
 40
143.738
 50
193.671
 51
194.664
  0
ARC
  8
APS_GEOMETRY
 10
787.944
 20
-645.152
 40
18.051
 50
13.61
 51
23.585
  0
ARC
  8
APS_GEOMETRY
 10
799.764
 20
-639.992
 40
5.155
 50
23.585
 51
42.31
  0
ARC
  8
APS_GEOMETRY
 10
800.836
 20
-639.016
 40
3.705
 50
42.31
 51
67.521
  0
ARC
  8
APS_GEOMETRY
 10
799.987
 20
-641.066
 40
5.924
 50
67.521
 51
87.397
  0
LINE
  8
APS_GEOMETRY
 10
798.392
 11
798.032
 20
-618.469
 21
-626.089
  0
LINE
  8
APS_GEOMETRY
 10
798.032
 11
798.032
 20
-626.089
 21
-626.212
  0
LINE
  8
APS_GEOMETRY
 10
798.032
 11
798.032
 20
-626.212
 21
-626.384
  0
ARC
  8
APS_GEOMETRY
 10
803.327
 20
-626.384
 40
5.294
 50
180.0
 51
192.339
  0
ARC
  8
APS_GEOMETRY
 10
799.117
 20
-627.304
 40
0.986
 50
192.339
 51
221.186
  0
ARC
  8
APS_GEOMETRY
 10
799.017
 20
-627.392
 40
0.852
 50
221.186
 51
253.872
  0
ARC
  8
APS_GEOMETRY
 10
799.733
 20
-624.917
 40
3.429
 50
253.872
 51
270.0
  0
ARC
  8
APS_GEOMETRY
 10
799.733
 20
-620.375
 40
7.971
 50
270.0
 51
289.569
  0
ARC
  8
APS_GEOMETRY
 10
801.182
 20
-624.452
 40
3.644
 50
289.569
 51
318.681
  0
ARC
  8
APS_GEOMETRY
 10
800.79
 20
-624.107
 40
4.166
 50
318.681
 51
344.628
  0
ARC
  8
APS_GEOMETRY
 10
793.487
 20
-622.099
 40
11.74
 50
344.628
 51
0.0
  0
ARC
  8
APS_GEOMETRY
 10
796.959
 20
-622.099
 40
8.268
 50
0.0
 51
35.369
  0
ARC
  8
APS_GEOMETRY
 10
800.747
 20
-619.411
 40
3.623
 50
35.369
 51
90.0
  0
ARC
  8
APS_GEOMETRY
 10
800.747
 20
-619.451
 40
3.663
 50
90.0
 51
108.435
  0
ARC
  8
APS_GEOMETRY
 10
800.034
 20
-617.313
 40
1.409
 50
108.435
 51
138.366
  0
ARC
  8
APS_GEOMETRY
 10
800.225
 20
-617.483
 40
1.665
 50
138.366
 51
164.291
  0
ARC
  8
APS_GEOMETRY
 10
804.71
 20
-618.744
 40
6.324
 50
164.291
 51
177.51
  0
LINE
  8
APS_GEOMETRY
 10
848.906
 11
866.141
 20
-609.28
 21
-609.28
  0
ARC
  8
APS_GEOMETRY
 10
865.269
 20
-584.584
 40
24.711
 50
272.021
 51
278.44
  0
ARC
  8
APS_GEOMETRY
 10
866.242
 20
-591.14
 40
18.083
 50
278.44
 51
285.945
  0
ARC
  8
APS_GEOMETRY
 10
873.559
 20
-617.337
 40
9.118
 50
98.584
 51
104.931
  0
ARC
  8
APS_GEOMETRY
 10
872.943
 20
-613.256
 40
4.991
 50
90.0
 51
98.584
  0
ARC
  8
APS_GEOMETRY
 10
872.943
 20
-612.018
 40
3.752
 50
52.871
 51
90.0
  0
ARC
  8
APS_GEOMETRY
 10
867.854
 20
-618.739
 40
12.182
 50
32.518
 51
52.871
  0
ARC
  8
APS_GEOMETRY
 10
863.823
 20
-621.309
 40
16.963
 50
17.209
 51
32.518
  0
ARC
  8
APS_GEOMETRY
 10
867.183
 20
-620.268
 40
13.445
 50
360.0
 51
17.209
  0
ARC
  8
APS_GEOMETRY
 10
873.911
 20
-620.268
 40
6.717
 50
337.348
 51
360.0
  0
ARC
  8
APS_GEOMETRY
 10
876.611
 20
-621.395
 40
3.792
 50
307.042
 51
337.348
  0
ARC
  8
APS_GEOMETRY
 10
876.142
 20
-620.75
 40
4.589
 50
287.186
 51
306.87
  0
ARC
  8
APS_GEOMETRY
 10
875.723
 20
-619.396
 40
6.006
 50
270.0
 51
287.186
  0
ARC
  8
APS_GEOMETRY
 10
875.723
 20
-620.009
 40
5.393
 50
252.221
 51
270.0
  0
ARC
  8
APS_GEOMETRY
 10
875.472
 20
-620.792
 40
4.571
 50
232.896
 51
252.221
  0
ARC
  8
APS_GEOMETRY
 10
876.442
 20
-619.509
 40
6.18
 50
218.3
 51
232.896
  0
ARC
  8
APS_GEOMETRY
 10
884.022
 20
-613.523
 40
15.839
 50
209.197
 51
218.3
  0
ARC
  8
APS_GEOMETRY
 10
845.469
 20
-634.41
 40
28.012
 50
28.025
 51
32.699
  0
ARC
  8
APS_GEOMETRY
 10
865.625
 20
-621.471
 40
4.06
 50
32.699
 51
45.0
  0
ARC
  8
APS_GEOMETRY
 10
866.999
 20
-620.096
 40
2.116
 50
45.0
 51
67.557
  0
ARC
  8
APS_GEOMETRY
 10
866.991
 20
-620.116
 40
2.137
 50
67.557
 51
90.0
  0
ARC
  8
APS_GEOMETRY
 10
866.991
 20
-619.948
 40
1.969
 50
90.0
 51
120.801
  0
ARC
  8
APS_GEOMETRY
 10
866.924
 20
-619.836
 40
1.839
 50
120.801
 51
152.7
  0
ARC
  8
APS_GEOMETRY
 10
868.383
 20
-620.589
 40
3.481
 50
152.7
 51
171.085
  0
ARC
  8
APS_GEOMETRY
 10
879.472
 20
-622.328
 40
14.705
 50
171.085
 51
180.0
  0
LINE
  8
APS_GEOMETRY
 10
864.767
 11
864.767
 20
-622.328
 21
-640.642
  0
ARC
  8
APS_GEOMETRY
 10
884.194
 20
-640.642
 40
19.427
 50
180.0
 51
188.194
  0
ARC
  8
APS_GEOMETRY
 10
869.687
 20
-642.731
 40
4.77
 50
188.194
 51
204.775
  0
ARC
  8
APS_GEOMETRY
 10
868.277
 20
-643.382
 40
3.218
 50
204.775
 51
228.576
  0
ARC
  8
APS_GEOMETRY
 10
869.599
 20
-641.883
 40
5.216
 50
228.576
 51
247.218
  0
ARC
  8
APS_GEOMETRY
 10
861.931
 20
-659.955
 40
14.416
 50
59.381
 51
66.93
  0
ARC
  8
APS_GEOMETRY
 10
867.592
 20
-650.39
 40
3.301
 50
43.568
 51
59.381
  0
ARC
  8
APS_GEOMETRY
 10
868.497
 20
-649.529
 40
2.051
 50
19.041
 51
43.568
  0
ARC
  8
APS_GEOMETRY
 10
867.239
 20
-649.963
 40
3.382
 50
360.0
 51
19.041
  0
ARC
  8
APS_GEOMETRY
 10
867.874
 20
-649.963
 40
2.747
 50
317.66
 51
360.0
  0
ARC
  8
APS_GEOMETRY
 10
865.351
 20
-647.664
 40
6.16
 50
289.747
 51
317.66
  0
ARC
  8
APS_GEOMETRY
 10
863.239
 20
-641.78
 40
12.412
 50
281.964
 51
289.747
  0
ARC
  8
APS_GEOMETRY
 10
860.312
 20
-627.968
 40
26.531
 50
276.643
 51
281.964
  0
ARC
  8
APS_GEOMETRY
 10
859.08
 20
-617.392
 40
37.178
 50
272.836
 51
276.643
  0
ARC
  8
APS_GEOMETRY
 10
857.605
 20
-587.616
 40
66.99
 50
270.0
 51
272.836
  0
ARC
  8
APS_GEOMETRY
 10
857.605
 20
-569.166
 40
85.44
 50
267.283
 51
270.0
  0
ARC
  8
APS_GEOMETRY
 10
855.811
 20
-606.969
 40
47.595
 50
263.643
 51
267.283
  0
ARC
  8
APS_GEOMETRY
 10
854.309
 20
-620.453
 40
34.027
 50
258.563
 51
263.643
  0
ARC
  8
APS_GEOMETRY
 10
850.72
 20
-638.193
 40
15.929
 50
251.136
 51
258.563
  0
ARC
  8
APS_GEOMETRY
 10
847.516
 20
-647.485
 40
6.099
 50
222.558
 51
251.395
  0
ARC
  8
APS_GEOMETRY
 10
845.138
 20
-649.668
 40
2.871
 50
180.0
 51
222.558
  0
ARC
  8
APS_GEOMETRY
 10
844.659
 20
-649.668
 40
2.392
 50
150.642
 51
180.0
  0
ARC
  8
APS_GEOMETRY
 10
844.85
 20
-649.776
 40
2.612
 50
122.574
 51
150.642
  0
ARC
  8
APS_GEOMETRY
 10
844.344
 20
-649.194
 40
1.851
 50
108.677
 51
119.055
  0
ARC
  8
APS_GEOMETRY
 10
867.459
 20
-717.577
 40
74.036
 50
107.038
 51
108.677
  0
ARC
  8
APS_GEOMETRY
 10
844.905
 20
-643.814
 40
3.099
 50
286.144
 51
308.66
  0
ARC
  8
APS_GEOMETRY
 10
845.412
 20
-644.448
 40
2.287
 50
308.66
 51
334.933
  0
ARC
  8
APS_GEOMETRY
 10
843.347
 20
-643.482
 40
4.566
 50
334.933
 51
348.829
  0
ARC
  8
APS_GEOMETRY
 10
817.522
 20
-638.382
 40
30.891
 50
348.829
 51
354.161
  0
ARC
  8
APS_GEOMETRY
 10
800.066
 20
-636.583
 40
48.439
 50
354.144
 51
355.66
  0
ARC
  8
APS_GEOMETRY
 10
722.689
 20
-630.711
 40
126.038
 50
355.66
 51
356.6
  0
ARC
  8
APS_GEOMETRY
 10
663.54
 20
-627.197
 40
185.291
 50
356.6
 51
357.24
  0
ARC
  8
APS_GEOMETRY
 10
495.715
 20
-619.106
 40
353.311
 50
357.24
 51
357.703
  0
ARC
  8
APS_GEOMETRY
 10
512.236
 20
-619.769
 40
336.777
 50
357.703
 51
358.674
  0
ARC
  8
APS_GEOMETRY
 10
668.068
 20
-623.375
 40
180.903
 50
358.674
 51
0.0
  0
ARC
  8
APS_GEOMETRY
 10
822.161
 20
-623.375
 40
26.81
 50
0.0
 51
6.242
  0
ARC
  8
APS_GEOMETRY
 10
843.48
 20
-621.043
 40
5.364
 50
6.242
 51
20.225
  0
ARC
  8
APS_GEOMETRY
 10
846.435
 20
-619.954
 40
2.215
 50
20.225
 51
50.44
  0
ARC
  8
APS_GEOMETRY
 10
847.009
 20
-619.26
 40
1.314
 50
50.44
 51
90.0
  0
ARC
  8
APS_GEOMETRY
 10
847.009
 20
-619.708
 40
1.762
 50
90.0
 51
126.747
  0
ARC
  8
APS_GEOMETRY
 10
849.499
 20
-623.043
 40
5.924
 50
126.747
 51
146.547
  0
ARC
  8
APS_GEOMETRY
 10
805.511
 20
-594.13
 40
46.715
 50
324.255
 51
326.701
  0
ARC
  8
APS_GEOMETRY
 10
824.134
 20
-607.534
 40
23.77
 50
320.826
 51
324.255
  0
ARC
  8
APS_GEOMETRY
 10
830.221
 20
-612.494
 40
15.918
 50
315.722
 51
320.826
  0
ARC
  8
APS_GEOMETRY
 10
837.215
 20
-619.314
 40
6.149
 50
307.504
 51
315.722
  0
ARC
  8
APS_GEOMETRY
 10
836.57
 20
-618.453
 40
7.226
 50
291.306
 51
307.405
  0
ARC
  8
APS_GEOMETRY
 10
837.689
 20
-621.322
 40
4.146
 50
270.0
 51
291.306
  0
ARC
  8
APS_GEOMETRY
 10
837.689
 20
-621.589
 40
3.879
 50
245.532
 51
270.0
  0
ARC
  8
APS_GEOMETRY
 10
837.659
 20
-621.653
 40
3.808
 50
220.833
 51
245.532
  0
ARC
  8
APS_GEOMETRY
 10
838.052
 20
-621.314
 40
4.328
 50
198.684
 51
220.833
  0
ARC
  8
APS_GEOMETRY
 10
839.694
 20
-620.759
 40
6.06
 50
180.0
 51
198.684
  0
ARC
  8
APS_GEOMETRY
 10
843.541
 20
-620.759
 40
9.908
 50
168.408
 51
180.0
  0
ARC
  8
APS_GEOMETRY
 10
849.894
 20
-622.062
 40
16.393
 50
159.402
 51
168.408
  0
ARC
  8
APS_GEOMETRY
 10
851.857
 20
-622.8
 40
18.49
 50
151.39
 51
159.402
  0
ARC
  8
APS_GEOMETRY
 10
851.455
 20
-622.58
 40
18.032
 50
143.276
 51
151.39
  0
ARC
  8
APS_GEOMETRY
 10
846.405
 20
-618.804
 40
11.726
 50
124.216
 51
143.31
  0
ARC
  8
APS_GEOMETRY
 10
841.907
 20
-612.19
 40
3.728
 50
90.0
 51
124.216
  0
ARC
  8
APS_GEOMETRY
 10
841.907
 20
-613.846
 40
5.384
 50
82.725
 51
90.0
  0
ARC
  8
APS_GEOMETRY
 10
841.487
 20
-617.142
 40
8.707
 50
77.005
 51
82.725
  0
ARC
  8
APS_GEOMETRY
 10
854.335
 20
-555.195
 40
54.561
 50
258.486
 51
260.378
  0
ARC
  8
APS_GEOMETRY
 10
848.831
 20
-587.66
 40
21.633
 50
260.378
 51
263.382
  0
ARC
  8
APS_GEOMETRY
 10
848.36
 20
-591.718
 40
17.548
 50
263.382
 51
267.084
  0
ARC
  8
APS_GEOMETRY
 10
848.906
 20
-581.007
 40
28.273
 50
267.084
 51
270.0
  0
LINE
  8
APS_GEOMETRY
 10
892.323
 11
909.133
 20
-609.28
 21
-609.28
  0
ARC
  8
APS_GEOMETRY
 10
909.133
 20
-397.56
 40
211.72
 50
270.0
 51
270.69
  0
ARC
  8
APS_GEOMETRY
 10
910.326
 20
-496.616
 40
112.656
 50
270.69
 51
271.637
  0
ARC
  8
APS_GEOMETRY
 10
911.332
 20
-531.81
 40
77.448
 50
271.637
 51
273.013
  0
ARC
  8
APS_GEOMETRY
 10
913.782
 20
-578.373
 40
30.821
 50
273.013
 51
275.194
  0
ARC
  8
APS_GEOMETRY
 10
914.39
 20
-585.054
 40
24.112
 50
275.194
 51
280.756
  0
ARC
  8
APS_GEOMETRY
 10
914.504
 20
-585.655
 40
23.5
 50
280.756
 51
286.39
  0
ARC
  8
APS_GEOMETRY
 10
923.118
 20
-615.14
 40
7.217
 50
100.305
 51
105.945
  0
ARC
  8
APS_GEOMETRY
 10
922.214
 20
-610.171
 40
2.166
 50
90.0
 51
100.305
  0
ARC
  8
APS_GEOMETRY
 10
922.214
 20
-610.944
 40
2.94
 50
58.946
 51
90.0
  0
ARC
  8
APS_GEOMETRY
 10
921.09
 20
-612.811
 40
5.119
 50
35.538
 51
58.946
  0
ARC
  8
APS_GEOMETRY
 10
916.701
 20
-616.04
 40
10.568
 50
16.699
 51
35.952
  0
ARC
  8
APS_GEOMETRY
 10
913.4
 20
-617.03
 40
14.014
 50
360.0
 51
16.699
  0
ARC
  8
APS_GEOMETRY
 10
919.55
 20
-617.03
 40
7.864
 50
344.982
 51
360.0
  0
ARC
  8
APS_GEOMETRY
 10
923.324
 20
-618.043
 40
3.956
 50
323.746
 51
344.982
  0
ARC
  8
APS_GEOMETRY
 10
924.163
 20
-618.658
 40
2.916
 50
296.114
 51
323.746
  0
ARC
  8
APS_GEOMETRY
 10
924.013
 20
-618.351
 40
3.258
 50
270.0
 51
296.114
  0
ARC
  8
APS_GEOMETRY
 10
924.013
 20
-617.524
 40
4.084
 50
255.311
 51
270.0
  0
ARC
  8
APS_GEOMETRY
 10
923.467
 20
-619.608
 40
1.931
 50
233.881
 51
255.311
  0
ARC
  8
APS_GEOMETRY
 10
924.041
 20
-618.82
 40
2.906
 50
219.289
 51
233.881
  0
ARC
  8
APS_GEOMETRY
 10
935.572
 20
-609.386
 40
17.803
 50
213.408
 51
219.289
  0
ARC
  8
APS_GEOMETRY
 10
913.97
 20
-623.615
 40
8.063
 50
33.294
 51
51.246
  0
ARC
  8
APS_GEOMETRY
 10
915.068
 20
-622.247
 40
6.309
 50
51.246
 51
71.565
  0
ARC
  8
APS_GEOMETRY
 10
914.342
 20
-624.424
 40
8.604
 50
71.565
 51
79.278
  0
ARC
  8
APS_GEOMETRY
 10
912.014
 20
-636.72
 40
21.118
 50
79.278
 51
84.2
  0
ARC
  8
APS_GEOMETRY
 10
911.021
 20
-646.499
 40
30.947
 50
84.2
 51
87.567
  0
ARC
  8
APS_GEOMETRY
 10
909.819
 20
-674.777
 40
59.251
 50
87.567
 51
90.0
  0
ARC
  8
APS_GEOMETRY
 10
909.819
 20
-632.182
 40
16.656
 50
90.0
 51
96.374
  0
ARC
  8
APS_GEOMETRY
 10
908.714
 20
-622.286
 40
6.698
 50
96.374
 51
106.434
  0
ARC
  8
APS_GEOMETRY
 10
907.928
 20
-619.622
 40
3.921
 50
106.434
 51
123.056
  0
ARC
  8
APS_GEOMETRY
 10
906.702
 20
-617.738
 40
1.673
 50
123.056
 51
148.627
  0
ARC
  8
APS_GEOMETRY
 10
907.822
 20
-618.373
 40
2.96
 50
149.421
 51
165.28
  0
ARC
  8
APS_GEOMETRY
 10
911.051
 20
-619.221
 40
6.298
 50
165.28
 51
176.135
  0
ARC
  8
APS_GEOMETRY
 10
920.293
 20
-619.845
 40
15.562
 50
176.135
 51
178.367
  0
ARC
  8
APS_GEOMETRY
 10
1005.799
 20
-622.284
 40
101.103
 50
178.367
 51
179.242
  0
ARC
  8
APS_GEOMETRY
 10
1094.168
 20
-623.453
 40
189.479
 50
179.242
 51
179.709
  0
ARC
  8
APS_GEOMETRY
 10
1394.817
 20
-624.977
 40
490.132
 50
179.709
 51
180.0
  0
ARC
  8
APS_GEOMETRY
 10
911.776
 20
-624.977
 40
7.091
 50
180.0
 51
195.027
  0
ARC
  8
APS_GEOMETRY
 10
905.977
 20
-626.534
 40
1.086
 50
195.027
 51
234.058
  0
ARC
  8
APS_GEOMETRY
 10
906.033
 20
-626.456
 40
1.183
 50
234.058
 51
253.191
  0
ARC
  8
APS_GEOMETRY
 10
907.27
 20
-622.36
 40
5.461
 50
253.191
 51
262.063
  0
ARC
  8
APS_GEOMETRY
 10
907.904
 20
-617.815
 40
10.05
 50
262.063
 51
266.949
  0
ARC
  8
APS_GEOMETRY
 10
908.74
 20
-602.133
 40
25.755
 50
266.949
 51
270.0
  0
ARC
  8
APS_GEOMETRY
 10
908.74
 20
-623.166
 40
4.722
 50
270.0
 51
286.007
  0
ARC
  8
APS_GEOMETRY
 10
909.567
 20
-626.047
 40
1.725
 50
286.007
 51
312.647
  0
ARC
  8
APS_GEOMETRY
 10
909.549
 20
-626.028
 40
1.75
 50
312.647
 51
338.993
  0
ARC
  8
APS_GEOMETRY
 10
905.975
 20
-624.656
 40
5.58
 50
338.993
 51
353.66
  0
ARC
  8
APS_GEOMETRY
 10
942.894
 20
-629.058
 40
31.601
 50
169.663
 51
173.118
  0
ARC
  8
APS_GEOMETRY
 10
916.504
 20
-624.245
 40
4.776
 50
160.769
 51
169.663
  0
ARC
  8
APS_GEOMETRY
 10
914.297
 20
-623.475
 40
2.439
 50
143.746
 51
160.769
  0
ARC
  8
APS_GEOMETRY
 10
914.83
 20
-623.866
 40
3.1
 50
128.66
 51
143.746
  0
ARC
  8
APS_GEOMETRY
 10
914.474
 20
-623.29
 40
2.429
 50
110.171
 51
130.601
  0
ARC
  8
APS_GEOMETRY
 10
914.496
 20
-623.348
 40
2.492
 50
90.0
 51
110.171
  0
ARC
  8
APS_GEOMETRY
 10
914.496
 20
-623.384
 40
2.527
 50
61.22
 51
90.0
  0
ARC
  8
APS_GEOMETRY
 10
914.055
 20
-624.187
 40
3.443
 50
36.634
 51
61.22
  0
ARC
  8
APS_GEOMETRY
 10
913.641
 20
-624.433
 40
3.923
 50
19.103
 51
35.91
  0
ARC
  8
APS_GEOMETRY
 10
900.846
 20
-628.864
 40
17.463
 50
11.16
 51
19.103
  0
ARC
  8
APS_GEOMETRY
 10
894.161
 20
-630.183
 40
24.277
 50
5.396
 51
11.16
  0
ARC
  8
APS_GEOMETRY
 10
890.761
 20
-630.504
 40
27.692
 50
0.0
 51
5.396
  0
ARC
  8
APS_GEOMETRY
 10
891.243
 20
-630.504
 40
27.21
 50
349.287
 51
0.0
  0
ARC
  8
APS_GEOMETRY
 10
904.601
 20
-633.031
 40
13.615
 50
334.12
 51
349.287
  0
ARC
  8
APS_GEOMETRY
 10
913.803
 20
-637.478
 40
3.396
 50
303.53
 51
333.853
  0
ARC
  8
APS_GEOMETRY
 10
914.136
 20
-637.982
 40
2.791
 50
270.0
 51
303.53
  0
ARC
  8
APS_GEOMETRY
 10
914.136
 20
-637.851
 40
2.922
 50
249.578
 51
270.0
  0
ARC
  8
APS_GEOMETRY
 10
913.515
 20
-639.521
 40
1.14
 50
216.607
 51
249.578
  0
ARC
  8
APS_GEOMETRY
 10
914.109
 20
-639.079
 40
1.881
 50
195.422
 51
216.607
  0
ARC
  8
APS_GEOMETRY
 10
924.371
 20
-636.248
 40
12.526
 50
187.253
 51
195.422
  0
ARC
  8
APS_GEOMETRY
 10
907.798
 20
-638.38
 40
4.183
 50
7.561
 51
49.434
  0
ARC
  8
APS_GEOMETRY
 10
907.628
 20
-638.579
 40
4.445
 50
49.434
 51
90.0
  0
ARC
  8
APS_GEOMETRY
 10
907.628
 20
-637.125
 40
2.991
 50
90.0
 51
115.224
  0
ARC
  8
APS_GEOMETRY
 10
907.037
 20
-635.869
 40
1.603
 50
115.224
 51
149.931
  0
ARC
  8
APS_GEOMETRY
 10
908.106
 20
-636.488
 40
2.838
 50
149.931
 51
171.111
  0
ARC
  8
APS_GEOMETRY
 10
921.074
 20
-638.517
 40
15.963
 50
171.111
 51
180.0
  0
ARC
  8
APS_GEOMETRY
 10
933.849
 20
-638.517
 40
28.739
 50
180.0
 51
183.062
  0
ARC
  8
APS_GEOMETRY
 10
977.837
 20
-636.163
 40
72.789
 50
183.062
 51
184.986
  0
ARC
  8
APS_GEOMETRY
 10
954.764
 20
-638.176
 40
49.629
 50
184.986
 51
187.804
  0
ARC
  8
APS_GEOMETRY
 10
911.063
 20
-644.166
 40
5.52
 50
187.804
 51
196.26
  0
ARC
  8
APS_GEOMETRY
 10
907.209
 20
-645.326
 40
1.496
 50
194.931
 51
230.024
  0
ARC
  8
APS_GEOMETRY
 10
908.19
 20
-644.156
 40
3.022
 50
230.024
 51
254.511
  0
ARC
  8
APS_GEOMETRY
 10
909.382
 20
-639.856
 40
7.485
 50
254.511
 51
265.219
  0
ARC
  8
APS_GEOMETRY
 10
911.88
 20
-609.988
 40
37.456
 50
265.219
 51
270.0
  0
ARC
  8
APS_GEOMETRY
 10
911.88
 20
-613.948
 40
33.497
 50
270.0
 51
274.186
  0
ARC
  8
APS_GEOMETRY
 10
912.898
 20
-627.865
 40
19.543
 50
274.186
 51
279.668
  0
ARC
  8
APS_GEOMETRY
 10
913.734
 20
-632.773
 40
14.564
 50
279.668
 51
286.991
  0
ARC
  8
APS_GEOMETRY
 10
915.647
 20
-639.033
 40
8.018
 50
286.991
 51
296.866
  0
ARC
  8
APS_GEOMETRY
 10
916.045
 20
-639.817
 40
7.139
 50
296.866
 51
318.366
  0
ARC
  8
APS_GEOMETRY
 10
912.046
 20
-636.262
 40
12.489
 50
318.366
 51
334.581
  0
ARC
  8
APS_GEOMETRY
 10
938.375
 20
-648.888
 40
16.711
 50
147.08
 51
154.231
  0
ARC
  8
APS_GEOMETRY
 10
927.369
 20
-641.762
 40
3.599
 50
131.634
 51
147.08
  0
ARC
  8
APS_GEOMETRY
 10
926.548
 20
-640.839
 40
2.364
 50
108.875
 51
131.634
  0
ARC
  8
APS_GEOMETRY
 10
926.891
 20
-641.842
 40
3.423
 50
90.0
 51
108.875
  0
ARC
  8
APS_GEOMETRY
 10
926.891
 20
-641.146
 40
2.727
 50
62.628
 51
90.0
  0
ARC
  8
APS_GEOMETRY
 10
926.718
 20
-641.479
 40
3.103
 50
36.995
 51
62.628
  0
ARC
  8
APS_GEOMETRY
 10
925.945
 20
-642.062
 40
4.071
 50
16.728
 51
36.995
  0
ARC
  8
APS_GEOMETRY
 10
924.139
 20
-642.605
 40
5.956
 50
360.0
 51
16.728
  0
ARC
  8
APS_GEOMETRY
 10
920.564
 20
-642.605
 40
9.532
 50
348.323
 51
360.0
  0
ARC
  8
APS_GEOMETRY
 10
906.255
 20
-639.647
 40
24.143
 50
340.994
 51
348.323
  0
ARC
  8
APS_GEOMETRY
 10
902.861
 20
-638.478
 40
27.733
 50
334.592
 51
340.994
  0
ARC
  8
APS_GEOMETRY
 10
908.784
 20
-641.292
 40
21.175
 50
327.265
 51
334.592
  0
ARC
  8
APS_GEOMETRY
 10
915.665
 20
-645.348
 40
13.198
 50
320.133
 51
325.923
  0
ARC
  8
APS_GEOMETRY
 10
923.667
 20
-652.031
 40
2.771
 50
307.476
 51
320.133
  0
ARC
  8
APS_GEOMETRY
 10
924.368
 20
-652.946
 40
1.619
 50
286.429
 51
307.476
  0
ARC
  8
APS_GEOMETRY
 10
924.078
 20
-651.961
 40
2.646
 50
270.0
 51
286.429
  0
ARC
  8
APS_GEOMETRY
 10
924.078
 20
-648.903
 40
5.704
 50
263.774
 51
270.0
  0
ARC
  8
APS_GEOMETRY
 10
925.747
 20
-633.606
 40
21.092
 50
260.538
 51
263.774
  0
ARC
  8
APS_GEOMETRY
 10
918.278
 20
-675.752
 40
21.713
 50
79.38
 51
84.987
  0
ARC
  8
APS_GEOMETRY
 10
915.04
 20
-712.663
 40
58.766
 50
84.987
 51
88.394
  0
LINE
  8
APS_GEOMETRY
 10
916.687
 11
888.955
 20
-653.92
 21
-653.92
  0
ARC
  8
APS_GEOMETRY
 10
888.955
 20
-648.116
 40
5.804
 50
254.103
 51
270.0
  0
ARC
  8
APS_GEOMETRY
 10
888.137
 20
-650.986
 40
2.82
 50
231.216
 51
254.103
  0
ARC
  8
APS_GEOMETRY
 10
887.802
 20
-651.404
 40
2.284
 50
203.795
 51
231.216
  0
ARC
  8
APS_GEOMETRY
 10
888.474
 20
-651.107
 40
3.019
 50
180.0
 51
203.795
  0
ARC
  8
APS_GEOMETRY
 10
888.728
 20
-651.107
 40
3.273
 50
164.055
 51
180.0
  0
ARC
  8
APS_GEOMETRY
 10
886.712
 20
-650.531
 40
1.175
 50
137.291
 51
164.055
  0
ARC
  8
APS_GEOMETRY
 10
887.318
 20
-651.091
 40
2.001
 50
120.964
 51
137.291
  0
ARC
  8
APS_GEOMETRY
 10
893.819
 20
-661.926
 40
14.637
 50
114.944
 51
120.964
  0
ARC
  8
APS_GEOMETRY
 10
885.704
 20
-644.172
 40
4.886
 50
293.429
 51
305.72
  0
ARC
  8
APS_GEOMETRY
 10
887.048
 20
-646.041
 40
2.584
 50
305.72
 51
322.651
  0
ARC
  8
APS_GEOMETRY
 10
886.839
 20
-645.881
 40
2.846
 50
322.651
 51
338.11
  0
ARC
  8
APS_GEOMETRY
 10
882.781
 20
-644.251
 40
7.219
 50
338.11
 51
347.8
  0
ARC
  8
APS_GEOMETRY
 10
857.581
 20
-638.727
 40
33.018
 50
347.672
 51
352.051
  0
ARC
  8
APS_GEOMETRY
 10
833.188
 20
-635.321
 40
57.647
 50
352.051
 51
355.365
  0
ARC
  8
APS_GEOMETRY
 10
816.761
 20
-633.989
 40
74.128
 50
355.365
 51
357.943
  0
ARC
  8
APS_GEOMETRY
 10
774.351
 20
-632.466
 40
116.566
 50
357.943
 51
0.0
  0
ARC
  8
APS_GEOMETRY
 10
725.399
 20
-632.466
 40
165.518
 50
0.0
 51
2.183
  0
ARC
  8
APS_GEOMETRY
 10
824.374
 20
-628.693
 40
66.471
 50
2.183
 51
5.629
  0
ARC
  8
APS_GEOMETRY
 10
853.858
 20
-625.787
 40
36.844
 50
5.629
 51
11.805
  0
ARC
  8
APS_GEOMETRY
 10
882.474
 20
-619.806
 40
7.61
 50
11.805
 51
25.419
  0
ARC
  8
APS_GEOMETRY
 10
886.177
 20
-618.125
 40
3.544
 50
26.565
 51
38.157
  0
ARC
  8
APS_GEOMETRY
 10
887.822
 20
-616.833
 40
1.452
 50
38.157
 51
56.31
  0
ARC
  8
APS_GEOMETRY
 10
887.474
 20
-617.354
 40
2.079
 50
56.31
 51
69.193
  0
ARC
  8
APS_GEOMETRY
 10
882.594
 20
-630.196
 40
15.817
 50
69.193
 51
73.856
  0
ARC
  8
APS_GEOMETRY
 10
887.742
 20
-612.489
 40
2.623
 50
216.87
 51
253.393
  0
ARC
  8
APS_GEOMETRY
 10
887.704
 20
-612.517
 40
2.576
 50
180.0
 51
216.87
  0
ARC
  8
APS_GEOMETRY
 10
888.266
 20
-612.517
 40
3.138
 50
161.565
 51
180.0
  0
ARC
  8
APS_GEOMETRY
 10
888.153
 20
-612.479
 40
3.018
 50
142.765
 51
161.565
  0
ARC
  8
APS_GEOMETRY
 10
888.08
 20
-612.425
 40
2.928
 50
123.425
 51
142.765
  0
ARC
  8
APS_GEOMETRY
 10
888.146
 20
-612.524
 40
3.047
 50
104.47
 51
123.425
  0
ARC
  8
APS_GEOMETRY
 10
888.726
 20
-615.386
 40
5.965
 50
96.724
 51
102.995
  0
ARC
  8
APS_GEOMETRY
 10
890.527
 20
-630.662
 40
21.346
 50
93.411
 51
96.724
  0
ARC
  8
APS_GEOMETRY
 10
891.327
 20
-644.082
 40
34.791
 50
91.375
 51
93.411
  0
ARC
  8
APS_GEOMETRY
 10
892.323
 20
-685.583
 40
76.303
 50
90.0
 51
91.375
  0
LINE
  8
COSTRUZIONI
 10
0.0
 11
0.0
 20
0.0
 21
2109.0
  0
LINE
  8
COSTRUZIONI
 10
0.0
 11
896.0
 20
2109.0
 21
2109.0
  0
LINE
  8
COSTRUZIONI
 10
896.0
 11
896.0
 20
2109.0
 21
0.0
  0
LINE
  8
COSTRUZIONI
 10
896.0
 11
0.0
 20
0.0
 21
0.0
  0
LINE
  8
COSTRUZIONI
 10
5.684
 11
5.684
 20
2539.456
 21
2739.456
  0
LINE
  8
COSTRUZIONI
 10
5.684
 11
2005.684
 20
2739.456
 21
2739.456
  0
LINE
  8
COSTRUZIONI
 10
2005.684
 11
2005.684
 20
2739.456
 21
2539.456
  0
LINE
  8
COSTRUZIONI
 10
2005.684
 11
5.684
 20
2539.456
 21
2539.456
  0
LINE
  8
COSTRUZIONI
 10
305.684
 11
305.684
 20
2539.456
 21
2739.456
  0
LINE
  8
COSTRUZIONI
 10
605.684
 11
605.684
 20
2539.456
 21
2739.456
  0
LINE
  8
COSTRUZIONI
 10
1055.684
 11
1055.684
 20
2539.456
 21
2739.456
  0
LINE
  8
COSTRUZIONI
 10
1505.684
 11
1505.684
 20
2539.456
 21
2739.456
  0
LINE
  8
COSTRUZIONI
 10
5.684
 11
5.684
 20
2539.456
 21
2389.456
  0
LINE
  8
COSTRUZIONI
 10
5.684
 11
2005.684
 20
2389.456
 21
2389.456
  0
LINE
  8
COSTRUZIONI
 10
2005.684
 11
2005.684
 20
2539.456
 21
2389.456
  0
LINE
  8
COSTRUZIONI
 10
400.663
 11
400.663
 20
2539.456
 21
2389.456
  0
LINE
  8
APS_GEOMETRY
 10
109.653
 11
159.653
 20
2400.184
 21
2400.184
  0
LINE
  8
APS_GEOMETRY
 10
159.653
 11
159.653
 20
2400.184
 21
2450.184
  0
LINE
  8
APS_GEOMETRY
 10
159.653
 11
109.653
 20
2450.184
 21
2450.184
  0
LINE
  8
APS_GEOMETRY
 10
109.653
 11
109.653
 20
2450.184
 21
2400.184
  0
LINE
  8
APS_GEOMETRY
 10
337.856
 11
387.856
 20
2400.184
 21
2400.184
  0
LINE
  8
APS_GEOMETRY
 10
387.856
 11
387.856
 20
2400.184
 21
2450.184
  0
LINE
  8
APS_GEOMETRY
 10
387.856
 11
337.856
 20
2450.184
 21
2450.184
  0
LINE
  8
APS_GEOMETRY
 10
337.856
 11
337.856
 20
2450.184
 21
2400.184
  0
LINE
  8
COSTRUZIONI
 10
5.684
 11
400.663
 20
2471.459
 21
2471.459
  0
LINE
  8
COSTRUZIONI
 10
203.173
 11
203.173
 20
2471.459
 21
2389.456
  0
LINE
  8
COSTRUZIONI
 10
549.002
 11
566.702
 20
2426.422
 21
2426.422
  0
LINE
  8
COSTRUZIONI
 10
566.702
 11
566.702
 20
2426.422
 21
2422.922
  0
LINE
  8
COSTRUZIONI
 10
566.702
 11
549.002
 20
2422.922
 21
2422.922
  0
LINE
  8
COSTRUZIONI
 10
549.002
 11
549.002
 20
2422.922
 21
2426.422
  0
LINE
  8
COSTRUZIONI
 10
556.702
 11
556.702
 20
2426.422
 21
2452.922
  0
ARC
  8
COSTRUZIONI
 10
553.702
 20
2452.922
 40
3.0
 50
0.0
 51
90.0
  0
LINE
  8
COSTRUZIONI
 10
553.702
 11
534.702
 20
2455.922
 21
2455.922
  0
ARC
  8
COSTRUZIONI
 10
534.702
 20
2452.922
 40
3.0
 50
90.0
 51
180.0
  0
LINE
  8
COSTRUZIONI
 10
531.702
 11
531.702
 20
2452.922
 21
2431.922
  0
LINE
  8
COSTRUZIONI
 10
531.702
 11
527.202
 20
2431.922
 21
2431.922
  0
LINE
  8
COSTRUZIONI
 10
527.202
 11
527.202
 20
2431.922
 21
2445.922
  0
LINE
  8
COSTRUZIONI
 10
527.202
 11
523.202
 20
2445.922
 21
2445.922
  0
LINE
  8
COSTRUZIONI
 10
523.202
 11
523.202
 20
2445.922
 21
2410.141
  0
LINE
  8
COSTRUZIONI
 10
567.202
 11
567.202
 20
2396.149
 21
2421.922
  0
LINE
  8
COSTRUZIONI
 10
587.576
 11
572.702
 20
2410.922
 21
2410.922
  0
ARC
  8
COSTRUZIONI
 10
572.702
 20
2413.922
 40
3.0
 50
180.0
 51
270.0
  0
LINE
  8
COSTRUZIONI
 10
569.702
 11
569.702
 20
2413.922
 21
2425.922
  0
LINE
  8
COSTRUZIONI
 10
569.702
 11
561.202
 20
2425.922
 21
2425.922
  0
ARC
  8
COSTRUZIONI
 10
561.202
 20
2427.422
 40
1.5
 50
180.0
 51
270.0
  0
LINE
  8
COSTRUZIONI
 10
559.702
 11
559.702
 20
2427.422
 21
2452.922
  0
ARC
  8
COSTRUZIONI
 10
562.702
 20
2452.922
 40
3.0
 50
90.0
 51
180.0
  0
LINE
  8
COSTRUZIONI
 10
562.702
 11
588.738
 20
2455.922
 21
2455.922
  0
LINE
  8
QUOTATURA
 10
481.642
 11
481.642
 20
2412.114
 21
2412.781
  0
LINE
  8
COSTRUZIONI
 10
464.442
 11
472.142
 20
2416.948
 21
2416.948
  0
ARC
  8
COSTRUZIONI
 10
477.142
 20
2404.948
 40
13.0
 50
67.38
 51
112.62
  0
LINE
  8
COSTRUZIONI
 10
482.142
 11
482.142
 20
2416.948
 21
2413.448
  0
LINE
  8
COSTRUZIONI
 10
482.142
 11
464.442
 20
2413.448
 21
2413.448
  0
LINE
  8
COSTRUZIONI
 10
464.442
 11
464.442
 20
2413.448
 21
2416.948
  0
LINE
  8
COSTRUZIONI
 10
464.619
 11
464.442
 20
2413.448
 21
2413.625
  0
LINE
  8
COSTRUZIONI
 10
464.442
 11
465.15
 20
2414.155
 21
2413.448
  0
LINE
  8
COSTRUZIONI
 10
465.326
 11
464.442
 20
2413.448
 21
2414.332
  0
LINE
  8
COSTRUZIONI
 10
464.442
 11
465.857
 20
2414.862
 21
2413.448
  0
LINE
  8
COSTRUZIONI
 10
466.033
 11
464.442
 20
2413.448
 21
2415.039
  0
LINE
  8
COSTRUZIONI
 10
464.442
 11
466.564
 20
2415.569
 21
2413.448
  0
LINE
  8
COSTRUZIONI
 10
466.741
 11
464.442
 20
2413.448
 21
2415.746
  0
LINE
  8
COSTRUZIONI
 10
464.442
 11
467.271
 20
2416.276
 21
2413.448
  0
LINE
  8
COSTRUZIONI
 10
467.448
 11
464.442
 20
2413.448
 21
2416.453
  0
LINE
  8
COSTRUZIONI
 10
464.478
 11
467.978
 20
2416.948
 21
2413.448
  0
LINE
  8
COSTRUZIONI
 10
468.155
 11
464.655
 20
2413.448
 21
2416.948
  0
LINE
  8
COSTRUZIONI
 10
465.185
 11
468.685
 20
2416.948
 21
2413.448
  0
LINE
  8
COSTRUZIONI
 10
468.862
 11
465.362
 20
2413.448
 21
2416.948
  0
LINE
  8
COSTRUZIONI
 10
465.892
 11
469.392
 20
2416.948
 21
2413.448
  0
LINE
  8
COSTRUZIONI
 10
469.569
 11
466.069
 20
2413.448
 21
2416.948
  0
LINE
  8
COSTRUZIONI
 10
466.599
 11
470.099
 20
2416.948
 21
2413.448
  0
LINE
  8
COSTRUZIONI
 10
470.276
 11
466.776
 20
2413.448
 21
2416.948
  0
LINE
  8
COSTRUZIONI
 10
467.306
 11
470.806
 20
2416.948
 21
2413.448
  0
LINE
  8
COSTRUZIONI
 10
470.983
 11
467.483
 20
2413.448
 21
2416.948
  0
LINE
  8
COSTRUZIONI
 10
468.014
 11
471.514
 20
2416.948
 21
2413.448
  0
LINE
  8
COSTRUZIONI
 10
471.69
 11
468.19
 20
2413.448
 21
2416.948
  0
LINE
  8
COSTRUZIONI
 10
468.721
 11
472.221
 20
2416.948
 21
2413.448
  0
LINE
  8
COSTRUZIONI
 10
472.397
 11
468.897
 20
2413.448
 21
2416.948
  0
LINE
  8
COSTRUZIONI
 10
469.428
 11
472.928
 20
2416.948
 21
2413.448
  0
LINE
  8
COSTRUZIONI
 10
473.105
 11
469.605
 20
2413.448
 21
2416.948
  0
LINE
  8
COSTRUZIONI
 10
470.135
 11
473.635
 20
2416.948
 21
2413.448
  0
LINE
  8
COSTRUZIONI
 10
473.812
 11
470.312
 20
2413.448
 21
2416.948
  0
LINE
  8
COSTRUZIONI
 10
470.842
 11
474.342
 20
2416.948
 21
2413.448
  0
LINE
  8
COSTRUZIONI
 10
474.519
 11
471.019
 20
2413.448
 21
2416.948
  0
LINE
  8
COSTRUZIONI
 10
471.549
 11
475.049
 20
2416.948
 21
2413.448
  0
LINE
  8
COSTRUZIONI
 10
475.226
 11
471.726
 20
2413.448
 21
2416.948
  0
LINE
  8
COSTRUZIONI
 10
472.223
 11
475.756
 20
2416.981
 21
2413.448
  0
LINE
  8
COSTRUZIONI
 10
475.933
 11
472.349
 20
2413.448
 21
2417.032
  0
LINE
  8
COSTRUZIONI
 10
472.734
 11
476.463
 20
2417.177
 21
2413.448
  0
LINE
  8
COSTRUZIONI
 10
476.64
 11
472.864
 20
2413.448
 21
2417.224
  0
LINE
  8
COSTRUZIONI
 10
473.263
 11
477.17
 20
2417.355
 21
2413.448
  0
LINE
  8
COSTRUZIONI
 10
477.347
 11
473.398
 20
2413.448
 21
2417.397
  0
LINE
  8
COSTRUZIONI
 10
473.811
 11
477.877
 20
2417.514
 21
2413.448
  0
LINE
  8
COSTRUZIONI
 10
478.054
 11
473.952
 20
2413.448
 21
2417.55
  0
LINE
  8
COSTRUZIONI
 10
474.381
 11
478.585
 20
2417.651
 21
2413.448
  0
LINE
  8
COSTRUZIONI
 10
478.761
 11
474.527
 20
2413.448
 21
2417.682
  0
LINE
  8
COSTRUZIONI
 10
474.974
 11
479.292
 20
2417.766
 21
2413.448
  0
LINE
  8
COSTRUZIONI
 10
479.468
 11
475.126
 20
2413.448
 21
2417.79
  0
LINE
  8
COSTRUZIONI
 10
475.592
 11
479.999
 20
2417.855
 21
2413.448
  0
LINE
  8
COSTRUZIONI
 10
480.176
 11
475.75
 20
2413.448
 21
2417.873
  0
LINE
  8
COSTRUZIONI
 10
476.237
 11
480.706
 20
2417.916
 21
2413.448
  0
LINE
  8
COSTRUZIONI
 10
480.883
 11
476.404
 20
2413.448
 21
2417.927
  0
LINE
  8
COSTRUZIONI
 10
476.915
 11
481.413
 20
2417.946
 21
2413.448
  0
LINE
  8
COSTRUZIONI
 10
481.59
 11
477.09
 20
2413.448
 21
2417.948
  0
LINE
  8
COSTRUZIONI
 10
477.629
 11
482.12
 20
2417.939
 21
2413.448
  0
LINE
  8
COSTRUZIONI
 10
482.142
 11
477.814
 20
2413.602
 21
2417.93
  0
LINE
  8
COSTRUZIONI
 10
478.387
 11
482.142
 20
2417.888
 21
2414.133
  0
LINE
  8
COSTRUZIONI
 10
482.142
 11
478.584
 20
2414.309
 21
2417.868
  0
LINE
  8
COSTRUZIONI
 10
479.198
 11
482.142
 20
2417.784
 21
2414.84
  0
LINE
  8
COSTRUZIONI
 10
482.142
 11
479.411
 20
2415.016
 21
2417.748
  0
LINE
  8
COSTRUZIONI
 10
480.077
 11
482.142
 20
2417.612
 21
2415.547
  0
LINE
  8
COSTRUZIONI
 10
482.142
 11
480.31
 20
2415.723
 21
2417.556
  0
LINE
  8
COSTRUZIONI
 10
481.05
 11
482.142
 20
2417.347
 21
2416.254
  0
LINE
  8
COSTRUZIONI
 10
482.142
 11
481.312
 20
2416.431
 21
2417.261
  0
ARC
  8
COSTRUZIONI
 10
481.642
 20
2412.448
 40
1.0
 50
360.0
 51
90.0
  0
LINE
  8
COSTRUZIONI
 10
438.642
 11
438.642
 20
2446.648
 21
2402.683
  0
LINE
  8
COSTRUZIONI
 10
482.642
 11
482.642
 20
2399.89
 21
2412.448
  0
LINE
  8
COSTRUZIONI
 10
472.142
 11
472.142
 20
2416.948
 21
2443.648
  0
ARC
  8
COSTRUZIONI
 10
469.142
 20
2443.648
 40
3.0
 50
0.0
 51
90.0
  0
LINE
  8
COSTRUZIONI
 10
469.142
 11
447.142
 20
2446.648
 21
2446.648
  0
LINE
  8
COSTRUZIONI
 10
447.142
 11
447.142
 20
2446.648
 21
2432.648
  0
LINE
  8
COSTRUZIONI
 10
447.142
 11
442.842
 20
2432.648
 21
2432.648
  0
LINE
  8
COSTRUZIONI
 10
442.842
 11
442.842
 20
2432.648
 21
2446.648
  0
LINE
  8
COSTRUZIONI
 10
442.842
 11
438.642
 20
2446.648
 21
2446.648
  0
LINE
  8
COSTRUZIONI
 10
478.142
 11
498.503
 20
2416.648
 21
2416.648
  0
LINE
  8
COSTRUZIONI
 10
492.223
 11
470.142
 20
2461.648
 21
2461.648
  0
ARC
  8
COSTRUZIONI
 10
470.142
 20
2456.648
 40
5.0
 50
90.0
 51
180.0
  0
LINE
  8
COSTRUZIONI
 10
465.142
 11
465.142
 20
2456.648
 21
2448.648
  0
ARC
  8
COSTRUZIONI
 10
467.142
 20
2448.648
 40
2.0
 50
180.0
 51
270.0
  0
LINE
  8
COSTRUZIONI
 10
467.142
 11
475.142
 20
2446.648
 21
2446.648
  0
LINE
  8
COSTRUZIONI
 10
475.142
 11
475.142
 20
2446.648
 21
2419.648
  0
ARC
  8
COSTRUZIONI
 10
478.142
 20
2419.648
 40
3.0
 50
180.0
 51
270.0
  0
CIRCLE
  8
COSTRUZIONI
 10
455.492
 20
2455.298
 40
6.85
  0
LINE
  8
COSTRUZIONI
 10
461.53
 11
465.388
 20
2458.534
 21
2458.196
  0
LINE
  8
COSTRUZIONI
 10
465.142
 11
460.876
 20
2450.689
 21
2451.062
  0
LINE
  8
COSTRUZIONI
 10
459.242
 11
459.242
 20
2449.565
 21
2446.648
  0
LINE
  8
COSTRUZIONI
 10
451.742
 11
451.742
 20
2446.648
 21
2449.565
  0
LINE
  8
COSTRUZIONI
 10
454.516
 11
433.757
 20
2462.148
 21
2462.148
  0
LINE
  8
COSTRUZIONI
 10
448.642
 11
448.642
 20
2455.298
 21
2472.024
  0
CIRCLE
  8
COSTRUZIONI
 10
462.757
 20
2434.597
 40
40.0
  0
CIRCLE
  8
COSTRUZIONI
 10
555.101
 20
2434.275
 40
40.0
  0
LINE
  8
APS_GEOMETRY
 10
638.843
 11
688.843
 20
2400.184
 21
2400.184
  0
LINE
  8
APS_GEOMETRY
 10
688.843
 11
688.843
 20
2400.184
 21
2450.184
  0
LINE
  8
APS_GEOMETRY
 10
688.843
 11
638.843
 20
2450.184
 21
2450.184
  0
LINE
  8
APS_GEOMETRY
 10
638.843
 11
638.843
 20
2450.184
 21
2400.184
  0
LINE
  8
COSTRUZIONI
 10
720.211
 11
720.211
 20
2539.456
 21
2389.456
  0
LINE
  8
QUOTATURA
 10
114.5
 11
417.698
 20
1624.0
 21
1624.0
  0
LINE
  8
QUOTATURA
 10
114.5
 11
417.698
 20
485.0
 21
485.0
  0
LINE
  8
QUOTATURA
 10
407.698
 11
407.698
 20
1624.0
 21
614.24
  0
LINE
  8
QUOTATURA
 10
407.698
 11
407.698
 20
583.52
 21
485.0
  0
LINE
  8
QUOTATURA
 10
404.364
 11
407.698
 20
1604.0
 21
1624.0
  0
LINE
  8
QUOTATURA
 10
407.698
 11
411.032
 20
1624.0
 21
1604.0
  0
LINE
  8
QUOTATURA
 10
411.032
 11
404.364
 20
1604.0
 21
1604.0
  0
LINE
  8
QUOTATURA
 10
411.032
 11
407.698
 20
505.0
 21
485.0
  0
LINE
  8
QUOTATURA
 10
407.698
 11
404.364
 20
485.0
 21
505.0
  0
LINE
  8
QUOTATURA
 10
404.364
 11
411.032
 20
505.0
 21
505.0
  0
LINE
  8
COSTRUZIONI
 10
2001.832
 11
2001.832
 20
0.0
 21
2109.0
  0
LINE
  8
COSTRUZIONI
 10
2001.832
 11
1105.832
 20
2109.0
 21
2109.0
  0
LINE
  8
COSTRUZIONI
 10
1105.832
 11
1105.832
 20
2109.0
 21
0.0
  0
LINE
  8
COSTRUZIONI
 10
1105.832
 11
2001.832
 20
0.0
 21
0.0
  0
LINE
  8
QUOTATURA
 10
1552.711
 11
1552.711
 20
2009.0
 21
2054.426
  0
LINE
  8
QUOTATURA
 10
1552.711
 11
1504.17
 20
2054.426
 21
2054.426
  0
LINE
  8
QUOTATURA
 10
1556.045
 11
1552.711
 20
2029.0
 21
2009.0
  0
LINE
  8
QUOTATURA
 10
1552.711
 11
1549.377
 20
2009.0
 21
2029.0
  0
LINE
  8
QUOTATURA
 10
1549.377
 11
1556.045
 20
2029.0
 21
2029.0
  0
LINE
  8
QUOTATURA
 10
1552.711
 11
1552.711
 20
1979.0
 21
1939.0
  0
LINE
  8
QUOTATURA
 10
1549.377
 11
1552.711
 20
1959.0
 21
1979.0
  0
LINE
  8
QUOTATURA
 10
1552.711
 11
1556.045
 20
1979.0
 21
1959.0
  0
LINE
  8
QUOTATURA
 10
1556.045
 11
1549.377
 20
1959.0
 21
1959.0
  0
LINE
  8
QUOTATURA
 10
1552.771
 11
1552.771
 20
100.0
 21
51.498
  0
LINE
  8
QUOTATURA
 10
1552.771
 11
1500.851
 20
51.498
 21
51.498
  0
LINE
  8
QUOTATURA
 10
1549.437
 11
1552.771
 20
80.0
 21
100.0
  0
LINE
  8
QUOTATURA
 10
1552.771
 11
1556.105
 20
100.0
 21
80.0
  0
LINE
  8
QUOTATURA
 10
1556.105
 11
1549.437
 20
80.0
 21
80.0
  0
LINE
  8
QUOTATURA
 10
1552.771
 11
1552.771
 20
130.0
 21
170.0
  0
LINE
  8
QUOTATURA
 10
1556.105
 11
1552.771
 20
150.0
 21
130.0
  0
LINE
  8
QUOTATURA
 10
1552.771
 11
1549.437
 20
130.0
 21
150.0
  0
LINE
  8
QUOTATURA
 10
1549.437
 11
1556.105
 20
150.0
 21
150.0
  0
LINE
  8
QUOTATURA
 10
1791.251
 11
1504.381
 20
130.0
 21
130.0
  0
LINE
  8
QUOTATURA
 10
1791.251
 11
1504.381
 20
430.0
 21
430.0
  0
LINE
  8
QUOTATURA
 10
1514.381
 11
1514.381
 20
130.0
 21
329.338
  0
LINE
  8
QUOTATURA
 10
1514.381
 11
1514.381
 20
359.645
 21
430.0
  0
LINE
  8
QUOTATURA
 10
1517.715
 11
1514.381
 20
150.0
 21
130.0
  0
LINE
  8
QUOTATURA
 10
1514.381
 11
1511.047
 20
130.0
 21
150.0
  0
LINE
  8
QUOTATURA
 10
1511.047
 11
1517.715
 20
150.0
 21
150.0
  0
LINE
  8
QUOTATURA
 10
1511.047
 11
1514.381
 20
410.0
 21
430.0
  0
LINE
  8
QUOTATURA
 10
1514.381
 11
1517.715
 20
430.0
 21
410.0
  0
LINE
  8
QUOTATURA
 10
1517.715
 11
1511.047
 20
410.0
 21
410.0
  0
LINE
  8
QUOTATURA
 10
1105.832
 11
1105.832
 20
-10.0
 21
-86.978
  0
LINE
  8
QUOTATURA
 10
2001.832
 11
2001.832
 20
-10.0
 21
-86.978
  0
LINE
  8
QUOTATURA
 10
1105.832
 11
1523.438
 20
-76.978
 21
-76.978
  0
LINE
  8
QUOTATURA
 10
1584.227
 11
2001.832
 20
-76.978
 21
-76.978
  0
LINE
  8
QUOTATURA
 10
1125.832
 11
1105.832
 20
-80.312
 21
-76.978
  0
LINE
  8
QUOTATURA
 10
1105.832
 11
1125.832
 20
-76.978
 21
-73.644
  0
LINE
  8
QUOTATURA
 10
1125.832
 11
1125.832
 20
-73.644
 21
-80.312
  0
LINE
  8
QUOTATURA
 10
1981.832
 11
2001.832
 20
-73.644
 21
-76.978
  0
LINE
  8
QUOTATURA
 10
2001.832
 11
1981.832
 20
-76.978
 21
-80.312
  0
LINE
  8
QUOTATURA
 10
1981.832
 11
1981.832
 20
-80.312
 21
-73.644
  0
LINE
  8
QUOTATURA
 10
1563.832
 11
1732.97
 20
2009.0
 21
2009.0
  0
LINE
  8
QUOTATURA
 10
1563.832
 11
1732.97
 20
2109.0
 21
2109.0
  0
LINE
  8
QUOTATURA
 10
1722.97
 11
1722.97
 20
2009.0
 21
2043.756
  0
LINE
  8
QUOTATURA
 10
1722.97
 11
1722.97
 20
2074.0
 21
2109.0
  0
LINE
  8
QUOTATURA
 10
1726.304
 11
1722.97
 20
2029.0
 21
2009.0
  0
LINE
  8
QUOTATURA
 10
1722.97
 11
1719.636
 20
2009.0
 21
2029.0
  0
LINE
  8
QUOTATURA
 10
1719.636
 11
1726.304
 20
2029.0
 21
2029.0
  0
LINE
  8
QUOTATURA
 10
1719.636
 11
1722.97
 20
2089.0
 21
2109.0
  0
LINE
  8
QUOTATURA
 10
1722.97
 11
1726.304
 20
2109.0
 21
2089.0
  0
LINE
  8
QUOTATURA
 10
1726.304
 11
1719.636
 20
2089.0
 21
2089.0
  0
LINE
  8
QUOTATURA
 10
1563.832
 11
1718.775
 20
0.0
 21
0.0
  0
LINE
  8
QUOTATURA
 10
1563.832
 11
1718.775
 20
100.0
 21
100.0
  0
LINE
  8
QUOTATURA
 10
1708.775
 11
1708.775
 20
0.0
 21
34.756
  0
LINE
  8
QUOTATURA
 10
1708.775
 11
1708.775
 20
65.0
 21
100.0
  0
LINE
  8
QUOTATURA
 10
1712.109
 11
1708.775
 20
20.0
 21
0.0
  0
LINE
  8
QUOTATURA
 10
1708.775
 11
1705.441
 20
0.0
 21
20.0
  0
LINE
  8
QUOTATURA
 10
1705.441
 11
1712.109
 20
20.0
 21
20.0
  0
LINE
  8
QUOTATURA
 10
1705.441
 11
1708.775
 20
80.0
 21
100.0
  0
LINE
  8
QUOTATURA
 10
1708.775
 11
1712.109
 20
100.0
 21
80.0
  0
LINE
  8
QUOTATURA
 10
1712.109
 11
1705.441
 20
80.0
 21
80.0
  0
LINE
  8
QUOTATURA
 10
2011.832
 11
2151.072
 20
0.0
 21
0.0
  0
LINE
  8
QUOTATURA
 10
2011.832
 11
2151.072
 20
2109.0
 21
2109.0
  0
LINE
  8
QUOTATURA
 10
2141.072
 11
2141.072
 20
0.0
 21
1304.27
  0
LINE
  8
QUOTATURA
 10
2141.072
 11
2141.072
 20
1334.581
 21
2109.0
  0
LINE
  8
QUOTATURA
 10
2144.406
 11
2141.072
 20
20.0
 21
0.0
  0
LINE
  8
QUOTATURA
 10
2141.072
 11
2137.738
 20
0.0
 21
20.0
  0
LINE
  8
QUOTATURA
 10
2137.738
 11
2144.406
 20
20.0
 21
20.0
  0
LINE
  8
QUOTATURA
 10
2137.738
 11
2141.072
 20
2089.0
 21
2109.0
  0
LINE
  8
QUOTATURA
 10
2141.072
 11
2144.406
 20
2109.0
 21
2089.0
  0
LINE
  8
QUOTATURA
 10
2144.406
 11
2137.738
 20
2089.0
 21
2089.0
  0
LINE
  8
COSTRUZIONI
 10
1553.832
 11
1553.832
 20
1614.0
 21
495.0
  0
LINE
  8
COSTRUZIONI
 10
1253.832
 11
1853.832
 20
1614.0
 21
495.0
  0
LINE
  8
COSTRUZIONI
 10
1253.832
 11
1853.832
 20
495.0
 21
1614.0
  0
LINE
  8
QUOTATURA
 10
1253.832
 11
1253.832
 20
510.0
 21
698.699
  0
LINE
  8
QUOTATURA
 10
1853.832
 11
1853.832
 20
510.0
 21
698.699
  0
LINE
  8
QUOTATURA
 10
1253.832
 11
1506.362
 20
683.699
 21
683.699
  0
LINE
  8
QUOTATURA
 10
1601.303
 11
1853.832
 20
683.699
 21
683.699
  0
LINE
  8
QUOTATURA
 10
1283.832
 11
1253.832
 20
678.698
 21
683.699
  0
LINE
  8
QUOTATURA
 10
1253.832
 11
1283.832
 20
683.699
 21
688.7
  0
LINE
  8
QUOTATURA
 10
1283.832
 11
1283.832
 20
688.7
 21
678.698
  0
LINE
  8
QUOTATURA
 10
1823.832
 11
1853.832
 20
688.7
 21
683.699
  0
LINE
  8
QUOTATURA
 10
1853.832
 11
1823.832
 20
683.699
 21
678.698
  0
LINE
  8
QUOTATURA
 10
1823.832
 11
1823.832
 20
678.698
 21
688.7
  0
LINE
  8
QUOTATURA
 10
1105.832
 11
1105.832
 20
1069.5
 21
1168.186
  0
LINE
  8
QUOTATURA
 10
1253.832
 11
1253.832
 20
1069.5
 21
1168.186
  0
LINE
  8
QUOTATURA
 10
1253.832
 11
1057.057
 20
1153.186
 21
1153.186
  0
LINE
  8
QUOTATURA
 10
1135.832
 11
1105.832
 20
1148.185
 21
1153.186
  0
LINE
  8
QUOTATURA
 10
1105.832
 11
1135.832
 20
1153.186
 21
1158.187
  0
LINE
  8
QUOTATURA
 10
1135.832
 11
1135.832
 20
1158.187
 21
1148.185
  0
LINE
  8
QUOTATURA
 10
1223.832
 11
1253.832
 20
1158.187
 21
1153.186
  0
LINE
  8
QUOTATURA
 10
1253.832
 11
1223.832
 20
1153.186
 21
1148.185
  0
LINE
  8
QUOTATURA
 10
1223.832
 11
1223.832
 20
1148.185
 21
1158.187
  0
LINE
  8
COSTRUZIONI
 10
1253.832
 11
1853.832
 20
1679.0
 21
1979.0
  0
LINE
  8
COSTRUZIONI
 10
1253.832
 11
1853.832
 20
1979.0
 21
1679.0
  0
LINE
  8
QUOTATURA
 10
1268.832
 11
1348.256
 20
1679.0
 21
1679.0
  0
LINE
  8
QUOTATURA
 10
1268.832
 11
1348.256
 20
1979.0
 21
1979.0
  0
LINE
  8
QUOTATURA
 10
1333.256
 11
1333.256
 20
1679.0
 21
1806.134
  0
LINE
  8
QUOTATURA
 10
1333.256
 11
1333.256
 20
1851.594
 21
1979.0
  0
LINE
  8
QUOTATURA
 10
1338.257
 11
1333.256
 20
1709.0
 21
1679.0
  0
LINE
  8
QUOTATURA
 10
1333.256
 11
1328.255
 20
1679.0
 21
1709.0
  0
LINE
  8
QUOTATURA
 10
1328.255
 11
1338.257
 20
1709.0
 21
1709.0
  0
LINE
  8
QUOTATURA
 10
1328.255
 11
1333.256
 20
1949.0
 21
1979.0
  0
LINE
  8
QUOTATURA
 10
1333.256
 11
1338.257
 20
1979.0
 21
1949.0
  0
LINE
  8
QUOTATURA
 10
1338.257
 11
1328.255
 20
1949.0
 21
1949.0
  0
LINE
  8
QUOTATURA
 10
1253.832
 11
1253.832
 20
1039.5
 21
996.62
  0
LINE
  8
QUOTATURA
 10
1223.832
 11
1223.832
 20
1039.5
 21
996.62
  0
LINE
  8
QUOTATURA
 10
1223.832
 11
1182.203
 20
1011.62
 21
1011.62
  0
LINE
  8
QUOTATURA
 10
1193.832
 11
1223.832
 20
1016.621
 21
1011.62
  0
LINE
  8
QUOTATURA
 10
1223.832
 11
1193.832
 20
1011.62
 21
1006.619
  0
LINE
  8
QUOTATURA
 10
1193.832
 11
1193.832
 20
1006.619
 21
1016.621
  0
LINE
  8
QUOTATURA
 10
1253.832
 11
1313.832
 20
1011.62
 21
1011.62
  0
LINE
  8
QUOTATURA
 10
1283.832
 11
1253.832
 20
1006.619
 21
1011.62
  0
LINE
  8
QUOTATURA
 10
1253.832
 11
1283.832
 20
1011.62
 21
1016.621
  0
LINE
  8
QUOTATURA
 10
1283.832
 11
1283.832
 20
1016.621
 21
1006.619
  0
LINE
  8
COSTRUZIONI
 10
1253.832
 11
1853.832
 20
130.0
 21
430.0
  0
LINE
  8
COSTRUZIONI
 10
1253.832
 11
1853.832
 20
430.0
 21
130.0
  0
LINE
  8
COSTRUZIONI
 10
1223.832
 11
1223.832
 20
100.0
 21
2009.0
  0
LINE
  8
COSTRUZIONI
 10
1223.832
 11
1883.832
 20
2009.0
 21
2009.0
  0
LINE
  8
COSTRUZIONI
 10
1883.832
 11
1883.832
 20
2009.0
 21
100.0
  0
LINE
  8
COSTRUZIONI
 10
1883.832
 11
1223.832
 20
100.0
 21
100.0
  0
LINE
  8
COSTRUZIONI
 10
1253.832
 11
1853.832
 20
1679.0
 21
1679.0
  0
LINE
  8
COSTRUZIONI
 10
1853.832
 11
1853.832
 20
1679.0
 21
1979.0
  0
LINE
  8
COSTRUZIONI
 10
1853.832
 11
1253.832
 20
1979.0
 21
1979.0
  0
LINE
  8
COSTRUZIONI
 10
1253.832
 11
1253.832
 20
1979.0
 21
1679.0
  0
LINE
  8
COSTRUZIONI
 10
1253.832
 11
1853.832
 20
130.0
 21
130.0
  0
LINE
  8
COSTRUZIONI
 10
1853.832
 11
1853.832
 20
130.0
 21
430.0
  0
LINE
  8
COSTRUZIONI
 10
1853.832
 11
1253.832
 20
430.0
 21
430.0
  0
LINE
  8
COSTRUZIONI
 10
1253.832
 11
1253.832
 20
430.0
 21
130.0
  0
LINE
  8
COSTRUZIONI
 10
1253.832
 11
1253.832
 20
495.0
 21
1614.0
  0
LINE
  8
COSTRUZIONI
 10
1253.832
 11
1853.832
 20
1614.0
 21
1614.0
  0
LINE
  8
COSTRUZIONI
 10
1853.832
 11
1853.832
 20
1614.0
 21
495.0
  0
LINE
  8
COSTRUZIONI
 10
1853.832
 11
1253.832
 20
495.0
 21
495.0
  0
LINE
  8
COSTRUZIONI
 10
148.0
 11
748.0
 20
1614.0
 21
495.0
  0
LINE
  8
COSTRUZIONI
 10
148.0
 11
748.0
 20
495.0
 21
1614.0
  0
LINE
  8
COSTRUZIONI
 10
148.0
 11
748.0
 20
1679.0
 21
1979.0
  0
LINE
  8
COSTRUZIONI
 10
148.0
 11
748.0
 20
1979.0
 21
1679.0
  0
LINE
  8
COSTRUZIONI
 10
148.0
 11
748.0
 20
130.0
 21
430.0
  0
LINE
  8
COSTRUZIONI
 10
148.0
 11
748.0
 20
430.0
 21
130.0
  0
LINE
  8
COSTRUZIONI
 10
118.0
 11
118.0
 20
100.0
 21
2009.0
  0
LINE
  8
COSTRUZIONI
 10
118.0
 11
778.0
 20
2009.0
 21
2009.0
  0
LINE
  8
COSTRUZIONI
 10
778.0
 11
778.0
 20
2009.0
 21
100.0
  0
LINE
  8
COSTRUZIONI
 10
778.0
 11
118.0
 20
100.0
 21
100.0
  0
LINE
  8
COSTRUZIONI
 10
148.0
 11
748.0
 20
1679.0
 21
1679.0
  0
LINE
  8
COSTRUZIONI
 10
748.0
 11
748.0
 20
1679.0
 21
1979.0
  0
LINE
  8
COSTRUZIONI
 10
748.0
 11
148.0
 20
1979.0
 21
1979.0
  0
LINE
  8
COSTRUZIONI
 10
148.0
 11
148.0
 20
1979.0
 21
1679.0
  0
LINE
  8
COSTRUZIONI
 10
148.0
 11
748.0
 20
130.0
 21
130.0
  0
LINE
  8
COSTRUZIONI
 10
748.0
 11
748.0
 20
130.0
 21
430.0
  0
LINE
  8
COSTRUZIONI
 10
748.0
 11
148.0
 20
430.0
 21
430.0
  0
LINE
  8
COSTRUZIONI
 10
148.0
 11
148.0
 20
430.0
 21
130.0
  0
LINE
  8
COSTRUZIONI
 10
148.0
 11
148.0
 20
495.0
 21
1614.0
  0
LINE
  8
COSTRUZIONI
 10
148.0
 11
748.0
 20
1614.0
 21
1614.0
  0
LINE
  8
COSTRUZIONI
 10
748.0
 11
748.0
 20
1614.0
 21
495.0
  0
LINE
  8
COSTRUZIONI
 10
748.0
 11
148.0
 20
495.0
 21
495.0
  0
LINE
  8
COSTRUZIONI
 10
138.0
 11
138.0
 20
485.0
 21
1624.0
  0
LINE
  8
COSTRUZIONI
 10
138.0
 11
758.0
 20
1624.0
 21
1624.0
  0
LINE
  8
COSTRUZIONI
 10
758.0
 11
758.0
 20
1624.0
 21
485.0
  0
LINE
  8
COSTRUZIONI
 10
758.0
 11
138.0
 20
485.0
 21
485.0
  0
LINE
  8
QUOTATURA
 10
138.0
 11
138.0
 20
495.0
 21
804.182
  0
LINE
  8
QUOTATURA
 10
758.0
 11
758.0
 20
495.0
 21
804.182
  0
LINE
  8
QUOTATURA
 10
138.0
 11
319.243
 20
794.182
 21
794.182
  0
LINE
  8
QUOTATURA
 10
576.757
 11
758.0
 20
794.182
 21
794.182
  0
LINE
  8
QUOTATURA
 10
158.0
 11
138.0
 20
790.848
 21
794.182
  0
LINE
  8
QUOTATURA
 10
138.0
 11
158.0
 20
794.182
 21
797.516
  0
LINE
  8
QUOTATURA
 10
158.0
 11
158.0
 20
797.516
 21
790.848
  0
LINE
  8
QUOTATURA
 10
738.0
 11
758.0
 20
797.516
 21
794.182
  0
LINE
  8
QUOTATURA
 10
758.0
 11
738.0
 20
794.182
 21
790.848
  0
LINE
  8
QUOTATURA
 10
738.0
 11
738.0
 20
790.848
 21
797.516
  0
TEXT
  8
TEXT
 10
566.433
 20
2323.276
 30
0.0
 40
30.0
 50
0.0
  1
PANNELLI TRAFORATI PER UNA ANTA 927X2109
  0
TEXT
  8
TEXT
 10
566.433
 20
2278.276
 30
0.0
 40
30.0
 50
0.0
  1
(SPESSORE 5.25)
  0
TEXT
  8
TEXT
 10
186.086
 20
-212.542
 30
0.0
 40
30.0
 50
0.0
  1
LEGENDA LAVORAZIONI LASER:
  0
TEXT
  8
TEXT
 10
186.086
 20
-257.542
 30
0.0
 40
30.0
 50
0.0
  1

  0
TEXT
  8
TEXT
 10
186.086
 20
-302.542
 30
0.0
 40
30.0
 50
0.0
  1
[ V ] = FUGA A V DI 1.5-3 mm largh.
  0
TEXT
  8
TEXT
 10
186.086
 20
-347.542
 30
0.0
 40
30.0
 50
0.0
  1
[ X ] = AREA TRAFORO/DECORO SECONDO SPECIFICHE
  0
TEXT
  8
TEXT
 10
186.086
 20
-392.542
 30
0.0
 40
30.0
 50
0.0
  1

  0
TEXT
  8
TEXT
 10
186.086
 20
-437.542
 30
0.0
 40
30.0
 50
0.0
  1
LEGENDA LAVORAZIONI MANUALI
  0
TEXT
  8
TEXT
 10
186.086
 20
-482.542
 30
0.0
 40
30.0
 50
0.0
  1

  0
TEXT
  8
TEXT
 10
186.086
 20
-527.542
 30
0.0
 40
30.0
 50
0.0
  1
[ M ] = SPIGOLARE MANUALAMENTE
  0
TEXT
  8
TEXT
 10
-6.434
 20
-580.689
 30
0.0
 40
20.0
 50
0.0
  1
Ufficio tecnico:
  0
TEXT
  8
TEXT
 10
486.915
 20
-705.031
 30
0.0
 40
25.0
 50
0.0
  1
tel. 0577-68.54.26 - fax 0577-68.64.29
  0
TEXT
  8
TEXT
 10
486.915
 20
-742.531
 30
0.0
 40
25.0
 50
0.0
  1
e-mail: tecnico@toscocornici.it - web: www.tosococornici.it
  0
TEXT
  8
TEXT
 10
1098.004
 20
-734.223
 30
0.0
 40
40.0
 50
0.0
  1
B.Ste
  0
TEXT
  8
TEXT
 10
1246.424
 20
-734.223
 30
0.0
 40
40.0
 50
0.0
  1
f
  0
TEXT
  8
TEXT
 10
1277.109
 20
-734.223
 30
0.0
 40
40.0
 50
0.0
  1
ano
  0
TEXT
  8
TEXT
 10
993.785
 20
-577.727
 30
0.0
 40
20.0
 50
0.0
  1
documento:
  0
TEXT
  8
TEXT
 10
1237.441
 20
-630.848
 30
0.0
 40
19.0
 50
0.0
  1
PORTALAPORTA_STD-V02_L896X2109
  0
TEXT
  8
TEXT
 10
1494.986
 20
-577.641
 30
0.0
 40
20.0
 50
0.0
  1
data:
  0
TEXT
  8
TEXT
 10
1744.085
 20
-629.133
 30
0.0
 40
30.0
 50
0.0
  1
19/01/15
  0
TEXT
  8
TEXT
 10
1752.839
 20
-729.842
 30
0.0
 40
30.0
 50
0.0
  1
1 : 10
  0
TEXT
  8
TEXT
 10
991.971
 20
-675.951
 30
0.0
 40
20.0
 50
0.0
  1
responsabile tecnico:
  0
TEXT
  8
TEXT
 10
1493.567
 20
-676.241
 30
0.0
 40
20.0
 50
0.0
  1
scala:
  0
TEXT
  8
TEXT
 10
349.718
 20
2095.526
 30
0.0
 40
30.0
 50
0.0
  1
M
  0
TEXT
  8
TEXT
 10
-11.652
 20
1613.642
 30
0.0
 40
30.0
 50
0.0
  1
M
  0
TEXT
  8
TEXT
 10
376.91
 20
-16.299
 30
0.0
 40
30.0
 50
0.0
  1
M
  0
TEXT
  8
TEXT
 10
212.508
 20
1068.181
 30
0.0
 40
30.0
 50
0.0
  1
VETRO/PLEXIGLASS 4MM
  0
TEXT
  8
TEXT
 10
212.508
 20
1023.181
 30
0.0
 40
30.0
 50
0.0
  1
+DECORO TRAFORATO
  0
TEXT
  8
TEXT
 10
182.99
 20
1877.177
 30
0.0
 40
30.0
 50
0.0
  1
DECORO
  0
TEXT
  8
TEXT
 10
182.99
 20
1832.177
 30
0.0
 40
30.0
 50
0.0
  1
LASER SUPERFICIE
  0
TEXT
  8
TEXT
 10
214.566
 20
277.096
 30
0.0
 40
30.0
 50
0.0
  1
DECORO
  0
TEXT
  8
TEXT
 10
214.566
 20
232.096
 30
0.0
 40
30.0
 50
0.0
  1
LASER SUPERFICIE
  0
TEXT
  8
TEXT
 10
-23.431
 20
-73.668
 30
0.0
 40
30.0
 50
0.0
  1
IL VETRO E' QUOTATO IN POSIZIONE ESATTA
  0
TEXT
  8
TEXT
 10
-23.431
 20
-118.668
 30
0.0
 40
30.0
 50
0.0
  1
PER ASSICURARE LA COINCIDENZA DEL TRAFORATO
  0
TEXT
  8
TEXT
 10
238.514
 20
1351.275
 30
0.0
 40
200.0
 50
0.0
  1
SX
  0
TEXT
  8
TEXT
 10
111.729
 20
2687.564
 30
0.0
 40
30.0
 50
0.0
  1
RIF.
  0
TEXT
  8
TEXT
 10
364.951
 20
2687.564
 30
0.0
 40
30.0
 50
0.0
  1
QUANTITA'
  0
TEXT
  8
TEXT
 10
743.122
 20
2687.564
 30
0.0
 40
30.0
 50
0.0
  1
ESSENZA
  0
TEXT
  8
TEXT
 10
1189.42
 20
2687.564
 30
0.0
 40
30.0
 50
0.0
  1
MODELLO
  0
TEXT
  8
TEXT
 10
1542.544
 20
2687.564
 30
0.0
 40
30.0
 50
0.0
  1
CONSEGNA ENTRO IL
  0
TEXT
  8
TEXT
 10
32.589
 20
2487.564
 30
0.0
 40
30.0
 50
0.0
  1
MANO APERTURA
  0
TEXT
  8
TEXT
 10
468.41
 20
2494.634
 30
0.0
 40
30.0
 50
0.0
  1
BATTENTE
  0
TEXT
  8
TEXT
 10
16.574
 20
2400.591
 30
0.0
 40
50.0
 50
0.0
  1
SX
  0
TEXT
  8
TEXT
 10
244.777
 20
2400.591
 30
0.0
 40
50.0
 50
0.0
  1
DX
  0
TEXT
  8
TEXT
 10
885.472
 20
1623.734
 30
0.0
 40
30.0
 50
0.0
  1
M
  0
TEXT
  8
QUOTATURA
 10
281.955
 20
588.926
 30
0.0
 40
20.0
 50
0.0
  1
VETRO/PLEX=1139
  0
TEXT
  8
TEXT
 10
1625.448
 20
2095.526
 30
0.0
 40
30.0
 50
0.0
  1
M
  0
TEXT
  8
TEXT
 10
1986.817
 20
1613.642
 30
0.0
 40
30.0
 50
0.0
  1
M
  0
TEXT
  8
TEXT
 10
1598.256
 20
-16.299
 30
0.0
 40
30.0
 50
0.0
  1
M
  0
TEXT
  8
TEXT
 10
1270.4
 20
1089.785
 30
0.0
 40
30.0
 50
0.0
  1
VETRO/PLEXIGLASS 4MM
  0
TEXT
  8
TEXT
 10
1270.4
 20
1044.785
 30
0.0
 40
30.0
 50
0.0
  1
+DECORO TRAFORATO
  0
TEXT
  8
TEXT
 10
1421.819
 20
1877.177
 30
0.0
 40
30.0
 50
0.0
  1
DECORO
  0
TEXT
  8
TEXT
 10
1421.819
 20
1832.177
 30
0.0
 40
30.0
 50
0.0
  1
LASER SUPERFICIE
  0
TEXT
  8
TEXT
 10
1390.243
 20
277.096
 30
0.0
 40
30.0
 50
0.0
  1
DECORO
  0
TEXT
  8
TEXT
 10
1390.243
 20
232.096
 30
0.0
 40
30.0
 50
0.0
  1
LASER SUPERFICIE
  0
TEXT
  8
TEXT
 10
1406.415
 20
1355.109
 30
0.0
 40
200.0
 50
0.0
  1
DX
  0
TEXT
  8
TEXT
 10
1089.694
 20
1623.734
 30
0.0
 40
30.0
 50
0.0
  1
M
  0
TEXT
  8
QUOTATURA
 10
1465.064
 20
2044.426
 30
0.0
 40
20.0
 50
0.0
  1
30
  0
TEXT
  8
QUOTATURA
 10
1461.745
 20
41.498
 30
0.0
 40
20.0
 50
0.0
  1
30
  0
TEXT
  8
QUOTATURA
 10
1487.232
 20
334.582
 30
0.0
 40
20.0
 50
0.0
  1
300
  0
TEXT
  8
QUOTATURA
 10
1528.305
 20
-86.978
 30
0.0
 40
20.0
 50
0.0
  1
896
  0
TEXT
  8
QUOTATURA
 10
1699.847
 20
2049.0
 30
0.0
 40
20.0
 50
0.0
  1
100
  0
TEXT
  8
QUOTATURA
 10
1685.653
 20
40.0
 30
0.0
 40
20.0
 50
0.0
  1
100
  0
TEXT
  8
QUOTATURA
 10
2110.055
 20
1309.518
 30
0.0
 40
20.0
 50
0.0
  1
2109
  0
TEXT
  8
TEXT
 10
1436.602
 20
1600.955
 30
0.0
 40
30.0
 50
0.0
  1
V
  0
TEXT
  8
TEXT
 10
1479.506
 20
1670.061
 30
0.0
 40
30.0
 50
0.0
  1
V
  0
TEXT
  8
TEXT
 10
1902.82
 20
1906.643
 30
0.0
 40
30.0
 50
0.0
  1
V
  0
TEXT
  8
TEXT
 10
1474.239
 20
1998.457
 30
0.0
 40
30.0
 50
0.0
  1
V
  0
TEXT
  8
TEXT
 10
1177.227
 20
1827.772
 30
0.0
 40
30.0
 50
0.0
  1
V
  0
TEXT
  8
TEXT
 10
1212.656
 20
1357.087
 30
0.0
 40
30.0
 50
0.0
  1
V
  0
TEXT
  8
TEXT
 10
1640.995
 20
490.575
 30
0.0
 40
30.0
 50
0.0
  1
V
  0
TEXT
  8
TEXT
 10
1901.641
 20
90.634
 30
0.0
 40
30.0
 50
0.0
  1
V
  0
TEXT
  8
TEXT
 10
1871.697
 20
1366.082
 30
0.0
 40
30.0
 50
0.0
  1
V
  0
TEXT
  8
TEXT
 10
1401.095
 20
414.416
 30
0.0
 40
30.0
 50
0.0
  1
V
  0
TEXT
  8
QUOTATURA
 10
1513.55
 20
668.699
 30
0.0
 40
30.0
 50
0.0
  1
600
  0
TEXT
  8
QUOTATURA
 10
980.353
 20
1138.186
 30
0.0
 40
30.0
 50
0.0
  1
148
  0
TEXT
  8
QUOTATURA
 10
1292.533
 20
1814.0
 30
0.0
 40
30.0
 50
0.0
  1
300
  0
TEXT
  8
QUOTATURA
 10
1123.544
 20
996.62
 30
0.0
 40
30.0
 50
0.0
  1
30
  0
TEXT
  8
QUOTATURA
 10
323.811
 20
784.182
 30
0.0
 40
20.0
 50
0.0
  1
VETRO/PLEX=620
  0
TEXT
  8
TEXT
 10
559.88
 20
2201.009
 30
0.0
 40
30.0
 50
0.0
  1
MONTANTI AUMENTATI DI +33.5 (+STD) ENTRAMBI LATI
  0
TEXT
  8
TEXT
 10
559.88
 20
2156.009
 30
0.0
 40
30.0
 50
0.0
  1
PER CONSERVARE I VANI A MAX 600
  0
ENDSEC
  0
EOF
