  0
SECTION
  2
ENTITIES
  0
LINE
  8
COSTRUZIONI
 10
-729.047887
 11
1270.952113
 20
-592.933031
 21
-592.933031
  0
LINE
  8
COSTRUZIONI
 10
1270.952113
 11
1270.952113
 20
-592.933031
 21
-392.933031
  0
LINE
  8
COSTRUZIONI
 10
1270.952113
 11
-729.047887
 20
-392.933031
 21
-392.933031
  0
LINE
  8
COSTRUZIONI
 10
-729.047887
 11
-729.047887
 20
-392.933031
 21
-592.933031
  0
LINE
  8
COSTRUZIONI
 10
270.952113
 11
270.952113
 20
-592.933031
 21
-392.933031
  0
LINE
  8
COSTRUZIONI
 10
270.952113
 11
1270.952113
 20
-492.933031
 21
-492.933031
  0
LINE
  8
COSTRUZIONI
 10
770.952113
 11
770.952113
 20
-592.933031
 21
-392.933031
  0
LINE
  8
APS_GEOMETRY
 10
-666.362815
 11
-649.128077
 20
-446.918141
 21
-446.918141
  0
ARC
  8
APS_GEOMETRY
 10
-649.999674
 20
-422.222889
 40
24.710628
 50
272.021365
 51
278.440365
  0
ARC
  8
APS_GEOMETRY
 10
-649.026931
 20
-428.778326
 40
18.083413
 50
278.440365
 51
285.945396
  0
ARC
  8
APS_GEOMETRY
 10
-641.709792
 20
-454.975626
 40
9.117519
 50
98.583621
 51
104.931417
  0
ARC
  8
APS_GEOMETRY
 10
-642.325751
 20
-450.894896
 40
4.990564
 50
90.0
 51
98.583621
  0
ARC
  8
APS_GEOMETRY
 10
-642.325751
 20
-449.656025
 40
3.751692
 50
52.870717
 51
90.0
  0
ARC
  8
APS_GEOMETRY
 10
-647.41435
 20
-456.377216
 40
12.181891
 50
32.517511
 51
52.870717
  0
ARC
  8
APS_GEOMETRY
 10
-651.445572
 20
-458.94712
 40
16.962598
 50
17.208621
 51
32.517511
  0
ARC
  8
APS_GEOMETRY
 10
-648.085702
 20
-457.906513
 40
13.445271
 50
0.0
 51
17.208621
  0
ARC
  8
APS_GEOMETRY
 10
-641.357862
 20
-457.906513
 40
6.717431
 50
337.348108
 51
0.0
  0
ARC
  8
APS_GEOMETRY
 10
-638.657948
 20
-459.033249
 40
3.791842
 50
307.042475
 51
337.348108
  0
ARC
  8
APS_GEOMETRY
 10
-639.127197
 20
-458.388548
 40
4.589135
 50
287.185706
 51
306.869898
  0
ARC
  8
APS_GEOMETRY
 10
-639.545954
 20
-457.034566
 40
6.006395
 50
270.0
 51
287.185706
  0
ARC
  8
APS_GEOMETRY
 10
-639.545954
 20
-457.647475
 40
5.393486
 50
252.221439
 51
270.0
  0
ARC
  8
APS_GEOMETRY
 10
-639.797039
 20
-458.430519
 40
4.57117
 50
232.895765
 51
252.221439
  0
ARC
  8
APS_GEOMETRY
 10
-638.826512
 20
-457.147449
 40
6.179957
 50
218.299689
 51
232.895765
  0
ARC
  8
APS_GEOMETRY
 10
-631.246275
 20
-451.161005
 40
15.83902
 50
209.197486
 51
218.299689
  0
ARC
  8
APS_GEOMETRY
 10
-669.800043
 20
-472.048869
 40
28.011657
 50
28.024501
 51
32.699461
  0
ARC
  8
APS_GEOMETRY
 10
-649.643936
 20
-459.109146
 40
4.059515
 50
32.699461
 51
45.0
  0
ARC
  8
APS_GEOMETRY
 10
-648.26963
 20
-457.734839
 40
2.115953
 50
45.0
 51
67.557247
  0
ARC
  8
APS_GEOMETRY
 10
-648.277786
 20
-457.754586
 40
2.137317
 50
67.557247
 51
90.0
  0
ARC
  8
APS_GEOMETRY
 10
-648.277786
 20
-457.586055
 40
1.968787
 50
90.0
 51
120.801446
  0
ARC
  8
APS_GEOMETRY
 10
-648.344314
 20
-457.474459
 40
1.838864
 50
120.801446
 51
152.700428
  0
ARC
  8
APS_GEOMETRY
 10
-646.885503
 20
-458.227394
 40
3.480522
 50
152.700428
 51
171.085073
  0
ARC
  8
APS_GEOMETRY
 10
-635.79658
 20
-459.966833
 40
14.705043
 50
171.085073
 51
180.0
  0
LINE
  8
APS_GEOMETRY
 10
-650.501623
 11
-650.501623
 20
-459.966833
 21
-478.280786
  0
ARC
  8
APS_GEOMETRY
 10
-631.074553
 20
-478.280786
 40
19.42707
 50
180.0
 51
188.194263
  0
ARC
  8
APS_GEOMETRY
 10
-645.582129
 20
-480.369877
 40
4.769851
 50
188.194263
 51
204.775141
  0
ARC
  8
APS_GEOMETRY
 10
-646.991594
 20
-481.020399
 40
3.217508
 50
204.775141
 51
228.576334
  0
ARC
  8
APS_GEOMETRY
 10
-645.669276
 20
-479.521773
 40
5.216108
 50
228.576334
 51
247.217594
  0
ARC
  8
APS_GEOMETRY
 10
-653.338177
 20
-497.593927
 40
14.415923
 50
59.381395
 51
66.929588
  0
ARC
  8
APS_GEOMETRY
 10
-647.676951
 20
-488.028407
 40
3.30068
 50
43.567904
 51
59.381395
  0
ARC
  8
APS_GEOMETRY
 10
-646.771353
 20
-487.166985
 40
2.050818
 50
19.041231
 51
43.567904
  0
ARC
  8
APS_GEOMETRY
 10
-648.029695
 20
-487.60128
 40
3.381997
 50
0.0
 51
19.041231
  0
ARC
  8
APS_GEOMETRY
 10
-647.395136
 20
-487.60128
 40
2.747437
 50
317.65975
 51
0.0
  0
ARC
  8
APS_GEOMETRY
 10
-649.917516
 20
-485.30285
 40
6.159941
 50
289.746837
 51
317.65975
  0
ARC
  8
APS_GEOMETRY
 10
-652.029972
 20
-479.418149
 40
12.412315
 50
281.964396
 51
289.746837
  0
ARC
  8
APS_GEOMETRY
 10
-654.956801
 20
-465.606305
 40
26.530862
 50
276.643452
 51
281.964396
  0
ARC
  8
APS_GEOMETRY
 10
-656.188597
 20
-455.030458
 40
37.178202
 50
272.836113
 51
276.643452
  0
ARC
  8
APS_GEOMETRY
 10
-657.663687
 20
-425.254712
 40
66.990463
 50
270.0
 51
272.836113
  0
ARC
  8
APS_GEOMETRY
 10
-657.663687
 20
-406.804922
 40
85.440254
 50
267.283141
 51
270.0
  0
ARC
  8
APS_GEOMETRY
 10
-659.457582
 20
-444.607976
 40
47.59466
 50
263.64272
 51
267.283141
  0
ARC
  8
APS_GEOMETRY
 10
-660.959848
 20
-458.091729
 40
34.02748
 50
258.563267
 51
263.64272
  0
ARC
  8
APS_GEOMETRY
 10
-664.548598
 20
-475.831242
 40
15.928599
 50
251.136412
 51
258.563267
  0
ARC
  8
APS_GEOMETRY
 10
-667.752709
 20
-485.123978
 40
6.099088
 50
222.557585
 51
251.395035
  0
ARC
  8
APS_GEOMETRY
 10
-670.130202
 20
-487.306949
 40
2.871421
 50
180.0
 51
222.557585
  0
ARC
  8
APS_GEOMETRY
 10
-670.609863
 20
-487.306949
 40
2.39176
 50
150.642246
 51
180.0
  0
ARC
  8
APS_GEOMETRY
 10
-670.418214
 20
-487.414751
 40
2.611648
 50
122.574057
 51
150.642246
  0
ARC
  8
APS_GEOMETRY
 10
-670.925166
 20
-486.832362
 40
1.851424
 50
108.676702
 51
119.054604
  0
ARC
  8
APS_GEOMETRY
 10
-647.809592
 20
-555.215936
 40
74.036208
 50
107.037768
 51
108.676702
  0
ARC
  8
APS_GEOMETRY
 10
-670.363998
 20
-481.452437
 40
3.098808
 50
286.144339
 51
308.659808
  0
ARC
  8
APS_GEOMETRY
 10
-669.856561
 20
-482.086734
 40
2.286512
 50
308.659808
 51
334.932537
  0
ARC
  8
APS_GEOMETRY
 10
-671.921277
 20
-481.12098
 40
4.565927
 50
334.932537
 51
348.829022
  0
ARC
  8
APS_GEOMETRY
 10
-697.747155
 20
-476.020912
 40
30.890567
 50
348.829022
 51
354.160508
  0
ARC
  8
APS_GEOMETRY
 10
-715.203065
 20
-474.221608
 40
48.438962
 50
354.143986
 51
355.660291
  0
ARC
  8
APS_GEOMETRY
 10
-792.579336
 20
-468.349724
 40
126.037715
 50
355.660291
 51
356.600286
  0
ARC
  8
APS_GEOMETRY
 10
-851.728362
 20
-464.835921
 40
185.291018
 50
356.600286
 51
357.239747
  0
ARC
  8
APS_GEOMETRY
 10
-1019.553462
 20
-456.744603
 40
353.311058
 50
357.239747
 51
357.702834
  0
ARC
  8
APS_GEOMETRY
 10
-1003.033167
 20
-457.407308
 40
336.777476
 50
357.702834
 51
358.674384
  0
ARC
  8
APS_GEOMETRY
 10
-847.200886
 20
-461.013344
 40
180.903478
 50
358.674384
 51
0.0
  0
ARC
  8
APS_GEOMETRY
 10
-693.107474
 20
-461.013344
 40
26.810067
 50
0.0
 51
6.241914
  0
ARC
  8
APS_GEOMETRY
 10
-671.788233
 20
-458.681552
 40
5.363685
 50
6.241914
 51
20.224859
  0
ARC
  8
APS_GEOMETRY
 10
-668.833448
 20
-457.592947
 40
2.214746
 50
20.224859
 51
50.440332
  0
ARC
  8
APS_GEOMETRY
 10
-668.259617
 20
-456.89831
 40
1.313744
 50
50.440332
 51
90.0
  0
ARC
  8
APS_GEOMETRY
 10
-668.259617
 20
-457.346883
 40
1.762317
 50
90.0
 51
126.747471
  0
ARC
  8
APS_GEOMETRY
 10
-665.769603
 20
-460.681723
 40
5.924208
 50
126.747471
 51
146.546691
  0
ARC
  8
APS_GEOMETRY
 10
-709.757335
 20
-431.768784
 40
46.714947
 50
324.255019
 51
326.700579
  0
ARC
  8
APS_GEOMETRY
 10
-691.134384
 20
-445.172914
 40
23.769686
 50
320.826342
 51
324.255019
  0
ARC
  8
APS_GEOMETRY
 10
-685.047825
 20
-450.132332
 40
15.918442
 50
315.721571
 51
320.826342
  0
ARC
  8
APS_GEOMETRY
 10
-678.053682
 20
-456.952491
 40
6.14948
 50
307.504142
 51
315.721571
  0
ARC
  8
APS_GEOMETRY
 10
-678.698973
 20
-456.091194
 40
7.225632
 50
291.305784
 51
307.405357
  0
ARC
  8
APS_GEOMETRY
 10
-677.580111
 20
-458.960071
 40
4.146296
 50
270.0
 51
291.305784
  0
ARC
  8
APS_GEOMETRY
 10
-677.580111
 20
-459.227411
 40
3.878957
 50
245.531798
 51
270.0
  0
ARC
  8
APS_GEOMETRY
 10
-677.609454
 20
-459.291891
 40
3.808114
 50
220.833495
 51
245.531798
  0
ARC
  8
APS_GEOMETRY
 10
-677.216326
 20
-458.952151
 40
4.327703
 50
198.683699
 51
220.833495
  0
ARC
  8
APS_GEOMETRY
 10
-675.574857
 20
-458.397065
 40
6.060487
 50
180.0
 51
198.683699
  0
ARC
  8
APS_GEOMETRY
 10
-671.727647
 20
-458.397065
 40
9.907696
 50
168.407825
 51
180.0
  0
ARC
  8
APS_GEOMETRY
 10
-665.374895
 20
-459.700194
 40
16.392726
 50
159.401826
 51
168.407825
  0
ARC
  8
APS_GEOMETRY
 10
-663.411702
 20
-460.438038
 40
18.489996
 50
151.38954
 51
159.401826
  0
ARC
  8
APS_GEOMETRY
 10
-663.814086
 20
-460.218556
 40
18.031646
 50
143.275893
 51
151.38954
  0
ARC
  8
APS_GEOMETRY
 10
-668.86368
 20
-456.442619
 40
11.726407
 50
124.215702
 51
143.310277
  0
ARC
  8
APS_GEOMETRY
 10
-673.361361
 20
-449.828381
 40
3.727828
 50
90.0
 51
124.215702
  0
ARC
  8
APS_GEOMETRY
 10
-673.361361
 20
-451.484953
 40
5.3844
 50
82.724995
 51
90.0
  0
ARC
  8
APS_GEOMETRY
 10
-673.782056
 20
-454.780395
 40
8.706586
 50
77.005383
 51
82.724995
  0
ARC
  8
APS_GEOMETRY
 10
-660.933694
 20
-392.833811
 40
54.560918
 50
258.486169
 51
260.377772
  0
ARC
  8
APS_GEOMETRY
 10
-666.43768
 20
-425.298729
 40
21.632741
 50
260.377772
 51
263.382083
  0
ARC
  8
APS_GEOMETRY
 10
-666.908448
 20
-429.356348
 40
17.547904
 50
263.382083
 51
267.083862
  0
ARC
  8
APS_GEOMETRY
 10
-666.362815
 20
-418.645096
 40
28.273045
 50
267.083862
 51
270.0
  0
ARC
  8
APS_GEOMETRY
 10
-606.63578
 20
-471.783967
 40
25.781524
 50
71.909511
 51
90.0
  0
ARC
  8
APS_GEOMETRY
 10
-605.63728
 20
-468.727335
 40
22.565936
 50
52.561428
 51
71.909511
  0
ARC
  8
APS_GEOMETRY
 10
-605.898808
 20
-468.803397
 40
22.785888
 50
38.846006
 51
52.155542
  0
ARC
  8
APS_GEOMETRY
 10
-609.470941
 20
-471.680192
 40
27.372399
 50
26.707224
 51
38.846006
  0
ARC
  8
APS_GEOMETRY
 10
-608.763807
 20
-471.10228
 40
26.481717
 50
13.867603
 51
26.277857
  0
ARC
  8
APS_GEOMETRY
 10
-603.664086
 20
-469.843286
 40
21.228887
 50
0.0
 51
13.867603
  0
ARC
  8
APS_GEOMETRY
 10
-603.333879
 20
-469.843286
 40
20.898681
 50
339.712247
 51
0.0
  0
ARC
  8
APS_GEOMETRY
 10
-604.510382
 20
-469.40837
 40
22.152997
 50
320.013114
 51
339.712247
  0
ARC
  8
APS_GEOMETRY
 10
-604.705481
 20
-469.300823
 40
22.371633
 50
303.343757
 51
320.123166
  0
ARC
  8
APS_GEOMETRY
 10
-607.00121
 20
-465.811719
 40
26.548261
 50
287.949403
 51
303.343757
  0
ARC
  8
APS_GEOMETRY
 10
-607.755464
 20
-463.196609
 40
29.268668
 50
279.039483
 51
287.776406
  0
ARC
  8
APS_GEOMETRY
 10
-607.453367
 20
-465.095504
 40
27.345893
 50
270.0
 51
279.039483
  0
ARC
  8
APS_GEOMETRY
 10
-607.453367
 20
-466.430544
 40
26.010853
 50
257.72804
 51
270.0
  0
ARC
  8
APS_GEOMETRY
 10
-607.412439
 20
-466.242389
 40
26.203407
 50
245.501426
 51
257.72804
  0
ARC
  8
APS_GEOMETRY
 10
-608.885146
 20
-469.465164
 40
22.660086
 50
228.665185
 51
245.510859
  0
ARC
  8
APS_GEOMETRY
 10
-609.374942
 20
-470.022005
 40
21.918485
 50
211.534792
 51
228.665185
  0
ARC
  8
APS_GEOMETRY
 10
-608.732965
 20
-469.550563
 40
22.712325
 50
195.642246
 51
211.70143
  0
ARC
  8
APS_GEOMETRY
 10
-607.559239
 20
-469.22192
 40
23.931193
 50
180.0
 51
195.642246
  0
ARC
  8
APS_GEOMETRY
 10
-607.307672
 20
-469.22192
 40
24.182759
 50
162.181111
 51
180.0
  0
ARC
  8
APS_GEOMETRY
 10
-609.514166
 20
-468.51269
 40
21.865083
 50
143.433519
 51
162.181111
  0
ARC
  8
APS_GEOMETRY
 10
-609.811048
 20
-468.274908
 40
21.484982
 50
126.384352
 51
143.471145
  0
ARC
  8
APS_GEOMETRY
 10
-607.776917
 20
-471.035515
 40
24.91407
 50
110.525108
 51
126.384352
  0
ARC
  8
APS_GEOMETRY
 10
-607.877605
 20
-470.285899
 40
24.177325
 50
99.7697
 51
110.924502
  0
ARC
  8
APS_GEOMETRY
 10
-606.63578
 20
-477.498037
 40
31.495593
 50
90.0
 51
99.7697
  0
ARC
  8
APS_GEOMETRY
 10
-609.742611
 20
-460.195501
 40
4.807157
 50
90.0
 51
119.604451
  0
ARC
  8
APS_GEOMETRY
 10
-609.321569
 20
-460.936536
 40
5.659453
 50
119.604451
 51
146.842076
  0
ARC
  8
APS_GEOMETRY
 10
-608.475393
 20
-461.630303
 40
6.74833
 50
145.840305
 51
164.054604
  0
ARC
  8
APS_GEOMETRY
 10
-606.514107
 20
-462.19067
 40
8.788097
 50
164.054604
 51
180.0
  0
ARC
  8
APS_GEOMETRY
 10
-594.249652
 20
-462.19067
 40
21.052553
 50
180.0
 51
189.976729
  0
ARC
  8
APS_GEOMETRY
 10
-575.598054
 20
-458.9097
 40
39.990527
 50
189.976729
 51
197.211115
  0
ARC
  8
APS_GEOMETRY
 10
-571.51854
 20
-457.646013
 40
44.261281
 50
197.211115
 51
203.760424
  0
ARC
  8
APS_GEOMETRY
 10
-581.68124
 20
-462.119915
 40
33.157396
 50
203.760424
 51
211.328693
  0
ARC
  8
APS_GEOMETRY
 10
-602.549377
 20
-474.64366
 40
8.821499
 50
212.319617
 51
224.440823
  0
ARC
  8
APS_GEOMETRY
 10
-603.404797
 20
-475.482544
 40
7.623388
 50
224.440823
 51
237.483626
  0
ARC
  8
APS_GEOMETRY
 10
-603.957591
 20
-476.349709
 40
6.595013
 50
237.483626
 51
252.415923
  0
ARC
  8
APS_GEOMETRY
 10
-604.510053
 20
-478.092972
 40
4.766303
 50
252.415923
 51
270.0
  0
ARC
  8
APS_GEOMETRY
 10
-604.510053
 20
-477.527814
 40
5.331461
 50
270.0
 51
294.952847
  0
ARC
  8
APS_GEOMETRY
 10
-604.36068
 20
-477.848836
 40
4.977388
 50
294.952847
 51
320.792796
  0
ARC
  8
APS_GEOMETRY
 10
-605.161329
 20
-477.195674
 40
6.010664
 50
320.792796
 51
342.776564
  0
ARC
  8
APS_GEOMETRY
 10
-608.729142
 20
-476.089652
 40
9.745978
 50
342.776564
 51
0.0
  0
ARC
  8
APS_GEOMETRY
 10
-625.490261
 20
-476.089652
 40
26.507098
 50
0.0
 51
8.498559
  0
ARC
  8
APS_GEOMETRY
 10
-637.15759
 20
-477.833046
 40
38.30396
 50
8.498559
 51
15.566318
  0
ARC
  8
APS_GEOMETRY
 10
-635.754776
 20
-477.442262
 40
36.847733
 50
15.566318
 51
22.908635
  0
ARC
  8
APS_GEOMETRY
 10
-623.691073
 20
-472.344212
 40
23.751053
 50
22.908635
 51
32.057376
  0
ARC
  8
APS_GEOMETRY
 10
-614.215338
 20
-466.374631
 40
12.551777
 50
31.920876
 51
42.510447
  0
ARC
  8
APS_GEOMETRY
 10
-611.613295
 20
-463.989424
 40
9.021927
 50
42.510447
 51
55.00798
  0
ARC
  8
APS_GEOMETRY
 10
-610.734422
 20
-462.733892
 40
7.489354
 50
55.00798
 51
69.880367
  0
ARC
  8
APS_GEOMETRY
 10
-609.946306
 20
-460.582547
 40
5.198196
 50
69.880367
 51
87.754257
  0
ARC
  8
APS_GEOMETRY
 10
-558.214995
 20
-461.985703
 40
15.98326
 50
83.922511
 51
90.0
  0
ARC
  8
APS_GEOMETRY
 10
-559.500673
 20
-474.06099
 40
28.126798
 50
79.342054
 51
83.922511
  0
ARC
  8
APS_GEOMETRY
 10
-561.051412
 20
-482.301194
 40
36.511651
 50
75.80788
 51
79.342054
  0
ARC
  8
APS_GEOMETRY
 10
-566.462055
 20
-503.696217
 40
58.580227
 50
73.017894
 51
75.80788
  0
ARC
  8
APS_GEOMETRY
 10
-547.410711
 20
-441.203247
 40
6.752259
 50
253.288427
 51
259.045937
  0
ARC
  8
APS_GEOMETRY
 10
-548.338542
 20
-445.99704
 40
1.869502
 50
259.045937
 51
270.0
  0
ARC
  8
APS_GEOMETRY
 10
-548.338542
 20
-446.756851
 40
1.109691
 50
270.0
 51
286.699244
  0
ARC
  8
APS_GEOMETRY
 10
-557.211737
 20
-417.179534
 40
31.989317
 50
286.699244
 51
289.798876
  0
ARC
  8
APS_GEOMETRY
 10
-545.322087
 20
-450.0892
 40
3.002492
 50
100.00798
 51
110.556045
  0
ARC
  8
APS_GEOMETRY
 10
-545.264414
 20
-450.416016
 40
3.334357
 50
90.0
 51
100.00798
  0
ARC
  8
APS_GEOMETRY
 10
-545.264414
 20
-450.260807
 40
3.179149
 50
53.355929
 51
90.0
  0
ARC
  8
APS_GEOMETRY
 10
-550.818164
 20
-457.726934
 40
12.484373
 50
35.100706
 51
53.355929
  0
ARC
  8
APS_GEOMETRY
 10
-553.589289
 20
-459.674564
 40
15.871465
 50
20.244574
 51
35.100706
  0
ARC
  8
APS_GEOMETRY
 10
-546.75591
 20
-457.154333
 40
8.588153
 50
0.0
 51
20.244574
  0
ARC
  8
APS_GEOMETRY
 10
-543.317517
 20
-457.154333
 40
5.149761
 50
340.480718
 51
0.0
  0
ARC
  8
APS_GEOMETRY
 10
-542.469636
 20
-457.454904
 40
4.250179
 50
318.972496
 51
340.480718
  0
ARC
  8
APS_GEOMETRY
 10
-542.091076
 20
-457.784301
 40
3.748373
 50
295.016893
 51
318.972496
  0
ARC
  8
APS_GEOMETRY
 10
-541.961361
 20
-458.06226
 40
3.441636
 50
270.0
 51
295.016893
  0
ARC
  8
APS_GEOMETRY
 10
-541.961361
 20
-456.218488
 40
5.285409
 50
256.171349
 51
270.0
  0
ARC
  8
APS_GEOMETRY
 10
-542.537643
 20
-458.559633
 40
2.874379
 50
237.380757
 51
256.171349
  0
ARC
  8
APS_GEOMETRY
 10
-541.517067
 20
-456.964983
 40
4.767653
 50
231.559211
 51
237.380757
  0
ARC
  8
APS_GEOMETRY
 10
-526.674375
 20
-438.265528
 40
28.641805
 50
229.184916
 51
231.559211
  0
ARC
  8
APS_GEOMETRY
 10
-510.766954
 20
-419.846409
 40
52.979225
 50
227.899934
 51
229.184916
  0
ARC
  8
APS_GEOMETRY
 10
-455.713989
 20
-358.918227
 40
135.095437
 50
227.095253
 51
227.899934
  0
ARC
  8
APS_GEOMETRY
 10
-559.076725
 20
-470.079795
 40
16.696392
 50
46.974934
 51
64.612094
  0
ARC
  8
APS_GEOMETRY
 10
-555.402495
 20
-462.337668
 40
8.126649
 50
64.612094
 51
90.0
  0
ARC
  8
APS_GEOMETRY
 10
-555.402495
 20
-460.066853
 40
5.855835
 50
90.0
 51
106.966148
  0
ARC
  8
APS_GEOMETRY
 10
-556.080841
 20
-457.843386
 40
3.531193
 50
106.966148
 51
128.867778
  0
ARC
  8
APS_GEOMETRY
 10
-556.473617
 20
-457.356053
 40
2.90528
 50
128.867778
 51
154.740609
  0
ARC
  8
APS_GEOMETRY
 10
-556.346648
 20
-457.415961
 40
3.045672
 50
154.740609
 51
180.0
  0
ARC
  8
APS_GEOMETRY
 10
-556.531363
 20
-457.415961
 40
2.860958
 50
180.0
 51
206.640144
  0
ARC
  8
APS_GEOMETRY
 10
-555.611054
 20
-456.954297
 40
3.89057
 50
206.640144
 51
229.429559
  0
ARC
  8
APS_GEOMETRY
 10
-554.135405
 20
-455.23083
 40
6.159464
 50
229.429559
 51
244.493062
  0
ARC
  8
APS_GEOMETRY
 10
-550.089778
 20
-446.751639
 40
15.554345
 50
244.493062
 51
253.955733
  0
ARC
  8
APS_GEOMETRY
 10
-622.160716
 20
-691.68061
 40
239.758367
 50
72.73731
 51
73.580493
  0
ARC
  8
APS_GEOMETRY
 10
-580.857053
 20
-558.76503
 40
100.573081
 50
71.435423
 51
72.73731
  0
ARC
  8
APS_GEOMETRY
 10
-567.176417
 20
-518.030552
 40
57.602655
 50
69.164305
 51
71.435423
  0
ARC
  8
APS_GEOMETRY
 10
-551.031577
 20
-475.608594
 40
12.212366
 50
64.230672
 51
69.164305
  0
ARC
  8
APS_GEOMETRY
 10
-552.888315
 20
-479.347369
 40
16.386607
 50
34.93931
 51
64.067526
  0
ARC
  8
APS_GEOMETRY
 10
-548.880662
 20
-476.547501
 40
11.497789
 50
0.0
 51
34.93931
  0
ARC
  8
APS_GEOMETRY
 10
-551.344557
 20
-476.547501
 40
13.961684
 50
333.434949
 51
0.0
  0
ARC
  8
APS_GEOMETRY
 10
-552.257306
 20
-476.091127
 40
14.982168
 50
307.80653
 51
333.434949
  0
ARC
  8
APS_GEOMETRY
 10
-554.632544
 20
-473.01854
 40
18.865789
 50
296.732094
 51
307.785738
  0
ARC
  8
APS_GEOMETRY
 10
-556.037857
 20
-470.228281
 40
21.98996
 50
286.495988
 51
296.732094
  0
ARC
  8
APS_GEOMETRY
 10
-556.963444
 20
-467.102747
 40
25.249665
 50
277.544213
 51
286.495988
  0
ARC
  8
APS_GEOMETRY
 10
-558.313106
 20
-456.911825
 40
35.529571
 50
270.0
 51
277.544213
  0
ARC
  8
APS_GEOMETRY
 10
-558.313106
 20
-455.370531
 40
37.070866
 50
263.55502
 51
270.0
  0
ARC
  8
APS_GEOMETRY
 10
-557.113006
 20
-444.746698
 40
47.762268
 50
257.87769
 51
263.55502
  0
ARC
  8
APS_GEOMETRY
 10
-557.750037
 20
-447.712547
 40
44.728776
 50
254.83911
 51
257.87769
  0
ARC
  8
APS_GEOMETRY
 10
-562.916552
 20
-466.779911
 40
24.973847
 50
250.772225
 51
254.83911
  0
ARC
  8
APS_GEOMETRY
 10
-565.240298
 20
-473.442401
 40
17.917745
 50
245.120665
 51
250.772225
  0
ARC
  8
APS_GEOMETRY
 10
-569.173884
 20
-481.924596
 40
8.56784
 50
236.944177
 51
245.120665
  0
ARC
  8
APS_GEOMETRY
 10
-571.493555
 20
-485.57508
 40
4.243206
 50
211.80188
 51
236.309932
  0
ARC
  8
APS_GEOMETRY
 10
-560.469117
 20
-478.739138
 40
17.215035
 50
199.704454
 51
211.80188
  0
ARC
  8
APS_GEOMETRY
 10
-555.20445
 20
-476.853652
 40
22.807153
 50
190.41311
 51
199.704454
  0
ARC
  8
APS_GEOMETRY
 10
-559.76704
 20
-477.692123
 40
18.168159
 50
180.0
 51
190.41311
  0
ARC
  8
APS_GEOMETRY
 10
-572.066608
 20
-477.692123
 40
5.868591
 50
164.875993
 51
180.0
  0
ARC
  8
APS_GEOMETRY
 10
-575.373122
 20
-476.798471
 40
2.443441
 50
141.340192
 51
164.875993
  0
ARC
  8
APS_GEOMETRY
 10
-575.0533
 20
-477.012556
 40
2.827106
 50
116.927678
 51
142.001268
  0
ARC
  8
APS_GEOMETRY
 10
-575.220809
 20
-476.682773
 40
2.45722
 50
90.0
 51
116.927678
  0
ARC
  8
APS_GEOMETRY
 10
-575.220809
 20
-476.689185
 40
2.463631
 50
62.209558
 51
90.0
  0
ARC
  8
APS_GEOMETRY
 10
-576.204461
 20
-478.555601
 40
4.57339
 50
41.905942
 51
62.209558
  0
ARC
  8
APS_GEOMETRY
 10
-576.037514
 20
-478.590627
 40
4.474651
 50
37.313278
 51
43.66778
  0
ARC
  8
APS_GEOMETRY
 10
-601.105283
 20
-497.696332
 40
35.993232
 50
35.073754
 51
37.313278
  0
ARC
  8
APS_GEOMETRY
 10
-629.572793
 20
-517.684158
 40
70.777026
 50
33.933582
 51
35.073754
  0
ARC
  8
APS_GEOMETRY
 10
-731.070433
 20
-585.974127
 40
193.109731
 50
33.243326
 51
33.933582
  0
ARC
  8
APS_GEOMETRY
 10
-563.950777
 20
-476.404036
 40
6.726706
 50
213.453309
 51
231.636906
  0
ARC
  8
APS_GEOMETRY
 10
-560.772246
 20
-472.388417
 40
11.848059
 50
231.636906
 51
245.313085
  0
ARC
  8
APS_GEOMETRY
 10
-560.072147
 20
-470.865376
 40
13.524302
 50
245.313085
 51
257.398477
  0
ARC
  8
APS_GEOMETRY
 10
-560.308018
 20
-471.920473
 40
12.443162
 50
257.398477
 51
270.0
  0
ARC
  8
APS_GEOMETRY
 10
-560.308018
 20
-473.857774
 40
10.505861
 50
270.0
 51
282.907409
  0
ARC
  8
APS_GEOMETRY
 10
-559.177533
 20
-478.790801
 40
5.444957
 50
282.907409
 51
300.872083
  0
ARC
  8
APS_GEOMETRY
 10
-558.197296
 20
-480.43047
 40
3.534621
 50
300.872083
 51
326.876264
  0
ARC
  8
APS_GEOMETRY
 10
-557.081215
 20
-481.158693
 40
2.201976
 50
326.876264
 51
0.0
  0
ARC
  8
APS_GEOMETRY
 10
-557.410271
 20
-481.158693
 40
2.531031
 50
0.0
 51
27.552812
  0
ARC
  8
APS_GEOMETRY
 10
-558.21078
 20
-481.57635
 40
3.433944
 50
27.552812
 51
51.146626
  0
ARC
  8
APS_GEOMETRY
 10
-559.865351
 20
-483.6303
 40
6.071427
 50
51.146626
 51
65.224859
  0
ARC
  8
APS_GEOMETRY
 10
-565.968682
 20
-496.854185
 40
20.635828
 50
65.224859
 51
72.847578
  0
ARC
  8
APS_GEOMETRY
 10
-530.327204
 20
-383.214815
 40
98.461959
 50
251.105878
 51
252.531977
  0
ARC
  8
APS_GEOMETRY
 10
-542.943489
 20
-420.076309
 40
59.501204
 50
249.271334
 51
251.105878
  0
ARC
  8
APS_GEOMETRY
 10
-548.188394
 20
-433.935572
 40
44.682696
 50
246.829602
 51
249.271334
  0
ARC
  8
APS_GEOMETRY
 10
-556.672218
 20
-453.758094
 40
23.120979
 50
243.434949
 51
246.829602
  0
ARC
  8
APS_GEOMETRY
 10
-557.637969
 20
-455.689598
 40
20.961492
 50
235.98065
 51
243.434949
  0
ARC
  8
APS_GEOMETRY
 10
-556.896362
 20
-454.590921
 40
22.287038
 50
228.751729
 51
235.98065
  0
ARC
  8
APS_GEOMETRY
 10
-560.370617
 20
-458.684957
 40
16.918465
 50
206.42073
 51
228.456619
  0
ARC
  8
APS_GEOMETRY
 10
-564.925223
 20
-460.947937
 40
11.83265
 50
180.0
 51
206.42073
  0
ARC
  8
APS_GEOMETRY
 10
-564.710403
 20
-460.947937
 40
12.04747
 50
166.55482
 51
180.0
  0
ARC
  8
APS_GEOMETRY
 10
-563.315281
 20
-461.281465
 40
13.481906
 50
153.848132
 51
166.55482
  0
ARC
  8
APS_GEOMETRY
 10
-563.199093
 20
-461.338516
 40
13.611345
 50
141.243612
 51
153.848132
  0
ARC
  8
APS_GEOMETRY
 10
-562.338862
 20
-462.029081
 40
14.714466
 50
129.122607
 51
141.243612
  0
ARC
  8
APS_GEOMETRY
 10
-559.585881
 20
-464.956241
 40
18.724658
 50
108.978219
 51
130.006256
  0
ARC
  8
APS_GEOMETRY
 10
-558.214995
 20
-468.942505
 40
22.940062
 50
90.0
 51
108.978219
  0
ARC
  8
APS_GEOMETRY
 10
-508.224443
 20
-467.26627
 40
21.263827
 50
77.257003
 51
90.0
  0
ARC
  8
APS_GEOMETRY
 10
-508.4405
 20
-468.221649
 40
22.243331
 50
64.798876
 51
77.257003
  0
ARC
  8
APS_GEOMETRY
 10
-490.122921
 20
-429.223072
 40
20.842904
 50
244.885165
 51
251.17529
  0
ARC
  8
APS_GEOMETRY
 10
-496.091449
 20
-446.730754
 40
2.345817
 50
251.17529
 51
270.0
  0
ARC
  8
APS_GEOMETRY
 10
-496.091449
 20
-445.270184
 40
3.806387
 50
270.0
 51
278.82038
  0
ARC
  8
APS_GEOMETRY
 10
-498.550537
 20
-429.422724
 40
19.843503
 50
278.82038
 51
282.680383
  0
ARC
  8
APS_GEOMETRY
 10
-493.405167
 20
-452.203317
 40
3.51099
 50
95.906141
 51
102.994617
  0
ARC
  8
APS_GEOMETRY
 10
-493.246245
 20
-453.739561
 40
5.055431
 50
90.0
 51
95.906141
  0
ARC
  8
APS_GEOMETRY
 10
-493.246245
 20
-452.039643
 40
3.355514
 50
62.447188
 51
90.0
  0
ARC
  8
APS_GEOMETRY
 10
-493.84293
 20
-453.183289
 40
4.645459
 50
39.093859
 51
62.447188
  0
ARC
  8
APS_GEOMETRY
 10
-500.07707
 20
-458.396969
 40
12.772091
 50
18.434949
 51
39.610688
  0
ARC
  8
APS_GEOMETRY
 10
-503.903666
 20
-459.672501
 40
16.805677
 50
0.0
 51
18.434949
  0
ARC
  8
APS_GEOMETRY
 10
-495.431263
 20
-459.672501
 40
8.333274
 50
334.876872
 51
0.0
  0
ARC
  8
APS_GEOMETRY
 10
-492.924916
 20
-460.847794
 40
5.565045
 50
304.007492
 51
334.876872
  0
ARC
  8
APS_GEOMETRY
 10
-492.966226
 20
-460.730247
 40
5.68568
 50
286.38954
 51
303.690068
  0
ARC
  8
APS_GEOMETRY
 10
-493.148135
 20
-460.111759
 40
6.330364
 50
270.0
 51
286.38954
  0
ARC
  8
APS_GEOMETRY
 10
-493.148135
 20
-460.185548
 40
6.256576
 50
255.154548
 51
270.0
  0
ARC
  8
APS_GEOMETRY
 10
-493.833541
 20
-462.771398
 40
3.58143
 50
235.491477
 51
255.154548
  0
ARC
  8
APS_GEOMETRY
 10
-493.489505
 20
-462.270983
 40
4.188699
 50
218.480198
 51
235.491477
  0
ARC
  8
APS_GEOMETRY
 10
-487.868632
 20
-457.803109
 40
11.368958
 50
208.17859
 51
218.480198
  0
ARC
  8
APS_GEOMETRY
 10
-545.49313
 20
-489.082262
 40
54.197767
 50
28.55962
 51
31.663799
  0
ARC
  8
APS_GEOMETRY
 10
-510.280938
 20
-467.365492
 40
12.827288
 50
31.663799
 51
38.047043
  0
ARC
  8
APS_GEOMETRY
 10
-507.720687
 20
-465.361817
 40
9.576196
 50
38.047043
 51
46.5602
  0
ARC
  8
APS_GEOMETRY
 10
-509.051474
 20
-466.767128
 40
11.511627
 50
46.5602
 51
54.323592
  0
ARC
  8
APS_GEOMETRY
 10
-509.819621
 20
-468.088537
 40
13.033852
 50
54.968356
 51
71.480419
  0
ARC
  8
APS_GEOMETRY
 10
-508.976623
 20
-465.57194
 40
10.379817
 50
71.480419
 51
90.0
  0
ARC
  8
APS_GEOMETRY
 10
-508.976623
 20
-462.442685
 40
7.250562
 50
90.0
 51
114.629635
  0
ARC
  8
APS_GEOMETRY
 10
-509.340723
 20
-461.648508
 40
6.3769
 50
114.629635
 51
140.920621
  0
ARC
  8
APS_GEOMETRY
 10
-508.264938
 20
-462.522132
 40
7.762732
 50
140.920621
 51
163.129646
  0
ARC
  8
APS_GEOMETRY
 10
-502.887516
 20
-464.152879
 40
13.381985
 50
163.129646
 51
180.0
  0
ARC
  8
APS_GEOMETRY
 10
-495.914042
 20
-464.152879
 40
20.355459
 50
180.0
 51
195.439646
  0
ARC
  8
APS_GEOMETRY
 10
-496.972117
 20
-464.445109
 40
19.25777
 50
195.439646
 51
211.31598
  0
ARC
  8
APS_GEOMETRY
 10
-502.061359
 20
-467.434443
 40
13.356544
 50
211.707816
 51
240.456928
  0
ARC
  8
APS_GEOMETRY
 10
-502.403222
 20
-468.037625
 40
12.663219
 50
240.456928
 51
270.0
  0
ARC
  8
APS_GEOMETRY
 10
-502.403222
 20
-464.950163
 40
15.750681
 50
270.0
 51
279.549134
  0
ARC
  8
APS_GEOMETRY
 10
-502.599034
 20
-463.786169
 40
16.931031
 50
279.549134
 51
288.75865
  0
ARC
  8
APS_GEOMETRY
 10
-501.77364
 20
-466.216494
 40
14.364369
 50
288.75865
 51
299.544635
  0
ARC
  8
APS_GEOMETRY
 10
-498.463991
 20
-472.055661
 40
7.652465
 50
299.544635
 51
314.341457
  0
ARC
  8
APS_GEOMETRY
 10
-488.228875
 20
-482.686637
 40
7.10519
 50
120.141386
 51
133.451842
  0
ARC
  8
APS_GEOMETRY
 10
-491.087815
 20
-477.762908
 40
1.411627
 50
90.0
 51
120.141386
  0
ARC
  8
APS_GEOMETRY
 10
-491.087815
 20
-478.580879
 40
2.229599
 50
61.951894
 51
90.0
  0
ARC
  8
APS_GEOMETRY
 10
-491.419868
 20
-479.204118
 40
2.935776
 50
37.568592
 51
61.951894
  0
ARC
  8
APS_GEOMETRY
 10
-492.039149
 20
-479.680487
 40
3.71708
 50
17.665186
 51
37.568592
  0
ARC
  8
APS_GEOMETRY
 10
-492.983913
 20
-479.981368
 40
4.708598
 50
0.0
 51
17.665186
  0
ARC
  8
APS_GEOMETRY
 10
-495.355895
 20
-479.981368
 40
7.08058
 50
344.931512
 51
0.0
  0
ARC
  8
APS_GEOMETRY
 10
-501.653922
 20
-478.285745
 40
13.602871
 50
334.075098
 51
344.931512
  0
ARC
  8
APS_GEOMETRY
 10
-501.851973
 20
-478.18947
 40
13.823082
 50
323.374259
 51
334.075098
  0
ARC
  8
APS_GEOMETRY
 10
-497.788208
 20
-481.210322
 40
8.759514
 50
309.920392
 51
323.374259
  0
ARC
  8
APS_GEOMETRY
 10
-493.727168
 20
-486.001086
 40
2.479565
 50
289.025606
 51
308.990994
  0
ARC
  8
APS_GEOMETRY
 10
-498.060124
 20
-473.435512
 40
15.771223
 50
281.14289
 51
289.025606
  0
ARC
  8
APS_GEOMETRY
 10
-493.666102
 20
-496.216991
 40
7.430522
 50
100.437475
 51
110.119633
  0
ARC
  8
APS_GEOMETRY
 10
-487.844963
 20
-512.107126
 40
24.353349
 50
110.119633
 51
115.463345
  0
ARC
  8
APS_GEOMETRY
 10
-508.626076
 20
-468.626534
 40
23.838158
 50
282.940436
 51
295.628419
  0
ARC
  8
APS_GEOMETRY
 10
-508.420664
 20
-469.520512
 40
22.920885
 50
270.0
 51
282.940436
  0
ARC
  8
APS_GEOMETRY
 10
-508.420664
 20
-468.166589
 40
24.274807
 50
257.307334
 51
270.0
  0
ARC
  8
APS_GEOMETRY
 10
-507.395933
 20
-463.616786
 40
28.938581
 50
245.686204
 51
257.307334
  0
ARC
  8
APS_GEOMETRY
 10
-509.966154
 20
-469.258281
 40
22.739224
 50
228.800778
 51
245.735234
  0
ARC
  8
APS_GEOMETRY
 10
-509.923092
 20
-469.20909
 40
22.804602
 50
211.890792
 51
228.800778
  0
ARC
  8
APS_GEOMETRY
 10
-508.575482
 20
-468.239085
 40
24.461509
 50
196.727964
 51
212.152295
  0
ARC
  8
APS_GEOMETRY
 10
-512.063269
 20
-469.287327
 40
20.819604
 50
180.0
 51
196.727964
  0
ARC
  8
APS_GEOMETRY
 10
-511.555929
 20
-469.287327
 40
21.326944
 50
161.183932
 51
180.0
  0
ARC
  8
APS_GEOMETRY
 10
-510.187606
 20
-469.75357
 40
22.77252
 50
142.980114
 51
161.183932
  0
ARC
  8
APS_GEOMETRY
 10
-509.123539
 20
-470.567888
 40
24.112395
 50
127.824257
 51
142.957525
  0
ARC
  8
APS_GEOMETRY
 10
-507.369561
 20
-472.827127
 40
26.972571
 50
113.520273
 51
127.824257
  0
ARC
  8
APS_GEOMETRY
 10
-507.940462
 20
-471.50783
 40
25.535051
 50
101.926773
 51
113.527064
  0
ARC
  8
APS_GEOMETRY
 10
-508.224443
 20
-470.163358
 40
24.160915
 50
90.0
 51
101.926773
  0
ARC
  8
APS_GEOMETRY
 10
-457.743338
 20
-471.783967
 40
25.781524
 50
71.909511
 51
90.0
  0
ARC
  8
APS_GEOMETRY
 10
-456.744838
 20
-468.727335
 40
22.565936
 50
52.561428
 51
71.909511
  0
ARC
  8
APS_GEOMETRY
 10
-457.006366
 20
-468.803397
 40
22.785888
 50
38.846006
 51
52.155542
  0
ARC
  8
APS_GEOMETRY
 10
-460.578499
 20
-471.680192
 40
27.372399
 50
26.707224
 51
38.846006
  0
ARC
  8
APS_GEOMETRY
 10
-459.871365
 20
-471.10228
 40
26.481717
 50
13.867603
 51
26.277857
  0
ARC
  8
APS_GEOMETRY
 10
-454.771644
 20
-469.843286
 40
21.228887
 50
0.0
 51
13.867603
  0
ARC
  8
APS_GEOMETRY
 10
-454.441438
 20
-469.843286
 40
20.898681
 50
339.712247
 51
0.0
  0
ARC
  8
APS_GEOMETRY
 10
-455.61794
 20
-469.40837
 40
22.152997
 50
320.013114
 51
339.712247
  0
ARC
  8
APS_GEOMETRY
 10
-455.813039
 20
-469.300823
 40
22.371633
 50
303.343757
 51
320.123166
  0
ARC
  8
APS_GEOMETRY
 10
-458.108768
 20
-465.811719
 40
26.548261
 50
287.949403
 51
303.343757
  0
ARC
  8
APS_GEOMETRY
 10
-458.863022
 20
-463.196609
 40
29.268668
 50
279.039483
 51
287.776406
  0
ARC
  8
APS_GEOMETRY
 10
-458.560925
 20
-465.095504
 40
27.345893
 50
270.0
 51
279.039483
  0
ARC
  8
APS_GEOMETRY
 10
-458.560925
 20
-466.430544
 40
26.010853
 50
257.72804
 51
270.0
  0
ARC
  8
APS_GEOMETRY
 10
-458.519997
 20
-466.242389
 40
26.203407
 50
245.501426
 51
257.72804
  0
ARC
  8
APS_GEOMETRY
 10
-459.992704
 20
-469.465164
 40
22.660086
 50
228.665185
 51
245.510859
  0
ARC
  8
APS_GEOMETRY
 10
-460.4825
 20
-470.022005
 40
21.918485
 50
211.534792
 51
228.665185
  0
ARC
  8
APS_GEOMETRY
 10
-459.840523
 20
-469.550563
 40
22.712325
 50
195.642246
 51
211.70143
  0
ARC
  8
APS_GEOMETRY
 10
-458.666797
 20
-469.22192
 40
23.931193
 50
180.0
 51
195.642246
  0
ARC
  8
APS_GEOMETRY
 10
-458.41523
 20
-469.22192
 40
24.182759
 50
162.181111
 51
180.0
  0
ARC
  8
APS_GEOMETRY
 10
-460.621724
 20
-468.51269
 40
21.865083
 50
143.433519
 51
162.181111
  0
ARC
  8
APS_GEOMETRY
 10
-460.918606
 20
-468.274908
 40
21.484982
 50
126.384352
 51
143.471145
  0
ARC
  8
APS_GEOMETRY
 10
-458.884475
 20
-471.035515
 40
24.91407
 50
110.525108
 51
126.384352
  0
ARC
  8
APS_GEOMETRY
 10
-458.985163
 20
-470.285899
 40
24.177325
 50
99.7697
 51
110.924502
  0
ARC
  8
APS_GEOMETRY
 10
-457.743338
 20
-477.498037
 40
31.495593
 50
90.0
 51
99.7697
  0
ARC
  8
APS_GEOMETRY
 10
-460.85017
 20
-460.195501
 40
4.807157
 50
90.0
 51
119.604451
  0
ARC
  8
APS_GEOMETRY
 10
-460.429127
 20
-460.936536
 40
5.659453
 50
119.604451
 51
146.842076
  0
ARC
  8
APS_GEOMETRY
 10
-459.582951
 20
-461.630303
 40
6.74833
 50
145.840305
 51
164.054604
  0
ARC
  8
APS_GEOMETRY
 10
-457.621665
 20
-462.19067
 40
8.788097
 50
164.054604
 51
180.0
  0
ARC
  8
APS_GEOMETRY
 10
-445.35721
 20
-462.19067
 40
21.052553
 50
180.0
 51
189.976729
  0
ARC
  8
APS_GEOMETRY
 10
-426.705612
 20
-458.9097
 40
39.990527
 50
189.976729
 51
197.211115
  0
ARC
  8
APS_GEOMETRY
 10
-422.626098
 20
-457.646013
 40
44.261281
 50
197.211115
 51
203.760424
  0
ARC
  8
APS_GEOMETRY
 10
-432.788798
 20
-462.119915
 40
33.157396
 50
203.760424
 51
211.328693
  0
ARC
  8
APS_GEOMETRY
 10
-453.656935
 20
-474.64366
 40
8.821499
 50
212.319617
 51
224.440823
  0
ARC
  8
APS_GEOMETRY
 10
-454.512356
 20
-475.482544
 40
7.623388
 50
224.440823
 51
237.483626
  0
ARC
  8
APS_GEOMETRY
 10
-455.065149
 20
-476.349709
 40
6.595013
 50
237.483626
 51
252.415923
  0
ARC
  8
APS_GEOMETRY
 10
-455.617611
 20
-478.092972
 40
4.766303
 50
252.415923
 51
270.0
  0
ARC
  8
APS_GEOMETRY
 10
-455.617611
 20
-477.527814
 40
5.331461
 50
270.0
 51
294.952847
  0
ARC
  8
APS_GEOMETRY
 10
-455.468238
 20
-477.848836
 40
4.977388
 50
294.952847
 51
320.792796
  0
ARC
  8
APS_GEOMETRY
 10
-456.268888
 20
-477.195674
 40
6.010664
 50
320.792796
 51
342.776564
  0
ARC
  8
APS_GEOMETRY
 10
-459.8367
 20
-476.089652
 40
9.745978
 50
342.776564
 51
0.0
  0
ARC
  8
APS_GEOMETRY
 10
-476.59782
 20
-476.089652
 40
26.507098
 50
0.0
 51
8.498559
  0
ARC
  8
APS_GEOMETRY
 10
-488.265148
 20
-477.833046
 40
38.30396
 50
8.498559
 51
15.566318
  0
ARC
  8
APS_GEOMETRY
 10
-486.862334
 20
-477.442262
 40
36.847733
 50
15.566318
 51
22.908635
  0
ARC
  8
APS_GEOMETRY
 10
-474.798631
 20
-472.344212
 40
23.751053
 50
22.908635
 51
32.057376
  0
ARC
  8
APS_GEOMETRY
 10
-465.322896
 20
-466.374631
 40
12.551777
 50
31.920876
 51
42.510447
  0
ARC
  8
APS_GEOMETRY
 10
-462.720853
 20
-463.989424
 40
9.021927
 50
42.510447
 51
55.00798
  0
ARC
  8
APS_GEOMETRY
 10
-461.84198
 20
-462.733892
 40
7.489354
 50
55.00798
 51
69.880367
  0
ARC
  8
APS_GEOMETRY
 10
-461.053864
 20
-460.582547
 40
5.198196
 50
69.880367
 51
87.754257
  0
ARC
  8
APS_GEOMETRY
 10
-404.384327
 20
-467.26627
 40
21.263827
 50
77.257003
 51
90.0
  0
ARC
  8
APS_GEOMETRY
 10
-404.600384
 20
-468.221649
 40
22.243331
 50
64.798876
 51
77.257003
  0
ARC
  8
APS_GEOMETRY
 10
-386.282805
 20
-429.223072
 40
20.842904
 50
244.885165
 51
251.17529
  0
ARC
  8
APS_GEOMETRY
 10
-392.251332
 20
-446.730754
 40
2.345817
 50
251.17529
 51
270.0
  0
ARC
  8
APS_GEOMETRY
 10
-392.251332
 20
-445.270184
 40
3.806387
 50
270.0
 51
278.82038
  0
ARC
  8
APS_GEOMETRY
 10
-394.710421
 20
-429.422724
 40
19.843503
 50
278.82038
 51
282.680383
  0
ARC
  8
APS_GEOMETRY
 10
-389.565051
 20
-452.203317
 40
3.51099
 50
95.906141
 51
102.994617
  0
ARC
  8
APS_GEOMETRY
 10
-389.406129
 20
-453.739561
 40
5.055431
 50
90.0
 51
95.906141
  0
ARC
  8
APS_GEOMETRY
 10
-389.406129
 20
-452.039643
 40
3.355514
 50
62.447188
 51
90.0
  0
ARC
  8
APS_GEOMETRY
 10
-390.002814
 20
-453.183289
 40
4.645459
 50
39.093859
 51
62.447188
  0
ARC
  8
APS_GEOMETRY
 10
-396.236954
 20
-458.396969
 40
12.772091
 50
18.434949
 51
39.610688
  0
ARC
  8
APS_GEOMETRY
 10
-400.06355
 20
-459.672501
 40
16.805677
 50
0.0
 51
18.434949
  0
ARC
  8
APS_GEOMETRY
 10
-391.591147
 20
-459.672501
 40
8.333274
 50
334.876872
 51
0.0
  0
ARC
  8
APS_GEOMETRY
 10
-389.0848
 20
-460.847794
 40
5.565045
 50
304.007492
 51
334.876872
  0
ARC
  8
APS_GEOMETRY
 10
-389.12611
 20
-460.730247
 40
5.68568
 50
286.38954
 51
303.690068
  0
ARC
  8
APS_GEOMETRY
 10
-389.308018
 20
-460.111759
 40
6.330364
 50
270.0
 51
286.38954
  0
ARC
  8
APS_GEOMETRY
 10
-389.308018
 20
-460.185548
 40
6.256576
 50
255.154548
 51
270.0
  0
ARC
  8
APS_GEOMETRY
 10
-389.993424
 20
-462.771398
 40
3.58143
 50
235.491477
 51
255.154548
  0
ARC
  8
APS_GEOMETRY
 10
-389.649389
 20
-462.270983
 40
4.188699
 50
218.480198
 51
235.491477
  0
ARC
  8
APS_GEOMETRY
 10
-384.028516
 20
-457.803109
 40
11.368958
 50
208.17859
 51
218.480198
  0
ARC
  8
APS_GEOMETRY
 10
-441.653013
 20
-489.082262
 40
54.197767
 50
28.55962
 51
31.663799
  0
ARC
  8
APS_GEOMETRY
 10
-406.440822
 20
-467.365492
 40
12.827288
 50
31.663799
 51
38.047043
  0
ARC
  8
APS_GEOMETRY
 10
-403.880571
 20
-465.361817
 40
9.576196
 50
38.047043
 51
46.5602
  0
ARC
  8
APS_GEOMETRY
 10
-405.211357
 20
-466.767128
 40
11.511627
 50
46.5602
 51
54.323592
  0
ARC
  8
APS_GEOMETRY
 10
-405.979504
 20
-468.088537
 40
13.033852
 50
54.968356
 51
71.480419
  0
ARC
  8
APS_GEOMETRY
 10
-405.136507
 20
-465.57194
 40
10.379817
 50
71.480419
 51
90.0
  0
ARC
  8
APS_GEOMETRY
 10
-405.136507
 20
-462.442685
 40
7.250562
 50
90.0
 51
114.629635
  0
ARC
  8
APS_GEOMETRY
 10
-405.500606
 20
-461.648508
 40
6.3769
 50
114.629635
 51
140.920621
  0
ARC
  8
APS_GEOMETRY
 10
-404.424822
 20
-462.522132
 40
7.762732
 50
140.920621
 51
163.129646
  0
ARC
  8
APS_GEOMETRY
 10
-399.0474
 20
-464.152879
 40
13.381985
 50
163.129646
 51
180.0
  0
ARC
  8
APS_GEOMETRY
 10
-392.073926
 20
-464.152879
 40
20.355459
 50
180.0
 51
195.439646
  0
ARC
  8
APS_GEOMETRY
 10
-393.132
 20
-464.445109
 40
19.25777
 50
195.439646
 51
211.31598
  0
ARC
  8
APS_GEOMETRY
 10
-398.221243
 20
-467.434443
 40
13.356544
 50
211.707816
 51
240.456928
  0
ARC
  8
APS_GEOMETRY
 10
-398.563106
 20
-468.037625
 40
12.663219
 50
240.456928
 51
270.0
  0
ARC
  8
APS_GEOMETRY
 10
-398.563106
 20
-464.950163
 40
15.750681
 50
270.0
 51
279.549134
  0
ARC
  8
APS_GEOMETRY
 10
-398.758918
 20
-463.786169
 40
16.931031
 50
279.549134
 51
288.75865
  0
ARC
  8
APS_GEOMETRY
 10
-397.933524
 20
-466.216494
 40
14.364369
 50
288.75865
 51
299.544635
  0
ARC
  8
APS_GEOMETRY
 10
-394.623875
 20
-472.055661
 40
7.652465
 50
299.544635
 51
314.341457
  0
ARC
  8
APS_GEOMETRY
 10
-384.388759
 20
-482.686637
 40
7.10519
 50
120.141386
 51
133.451842
  0
ARC
  8
APS_GEOMETRY
 10
-387.247699
 20
-477.762908
 40
1.411627
 50
90.0
 51
120.141386
  0
ARC
  8
APS_GEOMETRY
 10
-387.247699
 20
-478.580879
 40
2.229599
 50
61.951894
 51
90.0
  0
ARC
  8
APS_GEOMETRY
 10
-387.579752
 20
-479.204118
 40
2.935776
 50
37.568592
 51
61.951894
  0
ARC
  8
APS_GEOMETRY
 10
-388.199033
 20
-479.680487
 40
3.71708
 50
17.665186
 51
37.568592
  0
ARC
  8
APS_GEOMETRY
 10
-389.143796
 20
-479.981368
 40
4.708598
 50
0.0
 51
17.665186
  0
ARC
  8
APS_GEOMETRY
 10
-391.515779
 20
-479.981368
 40
7.08058
 50
344.931512
 51
0.0
  0
ARC
  8
APS_GEOMETRY
 10
-397.813806
 20
-478.285745
 40
13.602871
 50
334.075098
 51
344.931512
  0
ARC
  8
APS_GEOMETRY
 10
-398.011856
 20
-478.18947
 40
13.823082
 50
323.374259
 51
334.075098
  0
ARC
  8
APS_GEOMETRY
 10
-393.948092
 20
-481.210322
 40
8.759514
 50
309.920392
 51
323.374259
  0
ARC
  8
APS_GEOMETRY
 10
-389.887052
 20
-486.001086
 40
2.479565
 50
289.025606
 51
308.990994
  0
ARC
  8
APS_GEOMETRY
 10
-394.220008
 20
-473.435512
 40
15.771223
 50
281.14289
 51
289.025606
  0
ARC
  8
APS_GEOMETRY
 10
-389.825986
 20
-496.216991
 40
7.430522
 50
100.437475
 51
110.119633
  0
ARC
  8
APS_GEOMETRY
 10
-384.004847
 20
-512.107126
 40
24.353349
 50
110.119633
 51
115.463345
  0
ARC
  8
APS_GEOMETRY
 10
-404.78596
 20
-468.626534
 40
23.838158
 50
282.940436
 51
295.628419
  0
ARC
  8
APS_GEOMETRY
 10
-404.580547
 20
-469.520512
 40
22.920885
 50
270.0
 51
282.940436
  0
ARC
  8
APS_GEOMETRY
 10
-404.580547
 20
-468.166589
 40
24.274807
 50
257.307334
 51
270.0
  0
ARC
  8
APS_GEOMETRY
 10
-403.555817
 20
-463.616786
 40
28.938581
 50
245.686204
 51
257.307334
  0
ARC
  8
APS_GEOMETRY
 10
-406.126038
 20
-469.258281
 40
22.739224
 50
228.800778
 51
245.735234
  0
ARC
  8
APS_GEOMETRY
 10
-406.082975
 20
-469.20909
 40
22.804602
 50
211.890792
 51
228.800778
  0
ARC
  8
APS_GEOMETRY
 10
-404.735366
 20
-468.239085
 40
24.461509
 50
196.727964
 51
212.152295
  0
ARC
  8
APS_GEOMETRY
 10
-408.223153
 20
-469.287327
 40
20.819604
 50
180.0
 51
196.727964
  0
ARC
  8
APS_GEOMETRY
 10
-407.715813
 20
-469.287327
 40
21.326944
 50
161.183932
 51
180.0
  0
ARC
  8
APS_GEOMETRY
 10
-406.34749
 20
-469.75357
 40
22.77252
 50
142.980114
 51
161.183932
  0
ARC
  8
APS_GEOMETRY
 10
-405.283423
 20
-470.567888
 40
24.112395
 50
127.824257
 51
142.957525
  0
ARC
  8
APS_GEOMETRY
 10
-403.529445
 20
-472.827127
 40
26.972571
 50
113.520273
 51
127.824257
  0
ARC
  8
APS_GEOMETRY
 10
-404.100346
 20
-471.50783
 40
25.535051
 50
101.926773
 51
113.527064
  0
ARC
  8
APS_GEOMETRY
 10
-404.384327
 20
-470.163358
 40
24.160915
 50
90.0
 51
101.926773
  0
ARC
  8
APS_GEOMETRY
 10
-353.903222
 20
-471.783967
 40
25.781524
 50
71.909511
 51
90.0
  0
ARC
  8
APS_GEOMETRY
 10
-352.904722
 20
-468.727335
 40
22.565936
 50
52.561428
 51
71.909511
  0
ARC
  8
APS_GEOMETRY
 10
-353.16625
 20
-468.803397
 40
22.785888
 50
38.846006
 51
52.155542
  0
ARC
  8
APS_GEOMETRY
 10
-356.738383
 20
-471.680192
 40
27.372399
 50
26.707224
 51
38.846006
  0
ARC
  8
APS_GEOMETRY
 10
-356.031249
 20
-471.10228
 40
26.481717
 50
13.867603
 51
26.277857
  0
ARC
  8
APS_GEOMETRY
 10
-350.931528
 20
-469.843286
 40
21.228887
 50
0.0
 51
13.867603
  0
ARC
  8
APS_GEOMETRY
 10
-350.601321
 20
-469.843286
 40
20.898681
 50
339.712247
 51
0.0
  0
ARC
  8
APS_GEOMETRY
 10
-351.777824
 20
-469.40837
 40
22.152997
 50
320.013114
 51
339.712247
  0
ARC
  8
APS_GEOMETRY
 10
-351.972923
 20
-469.300823
 40
22.371633
 50
303.343757
 51
320.123166
  0
ARC
  8
APS_GEOMETRY
 10
-354.268652
 20
-465.811719
 40
26.548261
 50
287.949403
 51
303.343757
  0
ARC
  8
APS_GEOMETRY
 10
-355.022906
 20
-463.196609
 40
29.268668
 50
279.039483
 51
287.776406
  0
ARC
  8
APS_GEOMETRY
 10
-354.720809
 20
-465.095504
 40
27.345893
 50
270.0
 51
279.039483
  0
ARC
  8
APS_GEOMETRY
 10
-354.720809
 20
-466.430544
 40
26.010853
 50
257.72804
 51
270.0
  0
ARC
  8
APS_GEOMETRY
 10
-354.679881
 20
-466.242389
 40
26.203407
 50
245.501426
 51
257.72804
  0
ARC
  8
APS_GEOMETRY
 10
-356.152587
 20
-469.465164
 40
22.660086
 50
228.665185
 51
245.510859
  0
ARC
  8
APS_GEOMETRY
 10
-356.642384
 20
-470.022005
 40
21.918485
 50
211.534792
 51
228.665185
  0
ARC
  8
APS_GEOMETRY
 10
-356.000406
 20
-469.550563
 40
22.712325
 50
195.642246
 51
211.70143
  0
ARC
  8
APS_GEOMETRY
 10
-354.826681
 20
-469.22192
 40
23.931193
 50
180.0
 51
195.642246
  0
ARC
  8
APS_GEOMETRY
 10
-354.575114
 20
-469.22192
 40
24.182759
 50
162.181111
 51
180.0
  0
ARC
  8
APS_GEOMETRY
 10
-356.781607
 20
-468.51269
 40
21.865083
 50
143.433519
 51
162.181111
  0
ARC
  8
APS_GEOMETRY
 10
-357.07849
 20
-468.274908
 40
21.484982
 50
126.384352
 51
143.471145
  0
ARC
  8
APS_GEOMETRY
 10
-355.044359
 20
-471.035515
 40
24.91407
 50
110.525108
 51
126.384352
  0
ARC
  8
APS_GEOMETRY
 10
-355.145047
 20
-470.285899
 40
24.177325
 50
99.7697
 51
110.924502
  0
ARC
  8
APS_GEOMETRY
 10
-353.903222
 20
-477.498037
 40
31.495593
 50
90.0
 51
99.7697
  0
ARC
  8
APS_GEOMETRY
 10
-357.010053
 20
-460.195501
 40
4.807157
 50
90.0
 51
119.604451
  0
ARC
  8
APS_GEOMETRY
 10
-356.589011
 20
-460.936536
 40
5.659453
 50
119.604451
 51
146.842076
  0
ARC
  8
APS_GEOMETRY
 10
-355.742834
 20
-461.630303
 40
6.74833
 50
145.840305
 51
164.054604
  0
ARC
  8
APS_GEOMETRY
 10
-353.781549
 20
-462.19067
 40
8.788097
 50
164.054604
 51
180.0
  0
ARC
  8
APS_GEOMETRY
 10
-341.517093
 20
-462.19067
 40
21.052553
 50
180.0
 51
189.976729
  0
ARC
  8
APS_GEOMETRY
 10
-322.865496
 20
-458.9097
 40
39.990527
 50
189.976729
 51
197.211115
  0
ARC
  8
APS_GEOMETRY
 10
-318.785982
 20
-457.646013
 40
44.261281
 50
197.211115
 51
203.760424
  0
ARC
  8
APS_GEOMETRY
 10
-328.948682
 20
-462.119915
 40
33.157396
 50
203.760424
 51
211.328693
  0
ARC
  8
APS_GEOMETRY
 10
-349.816819
 20
-474.64366
 40
8.821499
 50
212.319617
 51
224.440823
  0
ARC
  8
APS_GEOMETRY
 10
-350.672239
 20
-475.482544
 40
7.623388
 50
224.440823
 51
237.483626
  0
ARC
  8
APS_GEOMETRY
 10
-351.225033
 20
-476.349709
 40
6.595013
 50
237.483626
 51
252.415923
  0
ARC
  8
APS_GEOMETRY
 10
-351.777495
 20
-478.092972
 40
4.766303
 50
252.415923
 51
270.0
  0
ARC
  8
APS_GEOMETRY
 10
-351.777495
 20
-477.527814
 40
5.331461
 50
270.0
 51
294.952847
  0
ARC
  8
APS_GEOMETRY
 10
-351.628122
 20
-477.848836
 40
4.977388
 50
294.952847
 51
320.792796
  0
ARC
  8
APS_GEOMETRY
 10
-352.428771
 20
-477.195674
 40
6.010664
 50
320.792796
 51
342.776564
  0
ARC
  8
APS_GEOMETRY
 10
-355.996583
 20
-476.089652
 40
9.745978
 50
342.776564
 51
0.0
  0
ARC
  8
APS_GEOMETRY
 10
-372.757703
 20
-476.089652
 40
26.507098
 50
0.0
 51
8.498559
  0
ARC
  8
APS_GEOMETRY
 10
-384.425032
 20
-477.833046
 40
38.30396
 50
8.498559
 51
15.566318
  0
ARC
  8
APS_GEOMETRY
 10
-383.022218
 20
-477.442262
 40
36.847733
 50
15.566318
 51
22.908635
  0
ARC
  8
APS_GEOMETRY
 10
-370.958515
 20
-472.344212
 40
23.751053
 50
22.908635
 51
32.057376
  0
ARC
  8
APS_GEOMETRY
 10
-361.48278
 20
-466.374631
 40
12.551777
 50
31.920876
 51
42.510447
  0
ARC
  8
APS_GEOMETRY
 10
-358.880737
 20
-463.989424
 40
9.021927
 50
42.510447
 51
55.00798
  0
ARC
  8
APS_GEOMETRY
 10
-358.001864
 20
-462.733892
 40
7.489354
 50
55.00798
 51
69.880367
  0
ARC
  8
APS_GEOMETRY
 10
-357.213747
 20
-460.582547
 40
5.198196
 50
69.880367
 51
87.754257
  0
ARC
  8
APS_GEOMETRY
 10
-303.389414
 20
-475.206373
 40
2.419773
 50
90.0
 51
115.836754
  0
ARC
  8
APS_GEOMETRY
 10
-303.985191
 20
-473.975963
 40
1.05271
 50
115.836754
 51
155.462272
  0
ARC
  8
APS_GEOMETRY
 10
-303.28991
 20
-474.293374
 40
1.817018
 50
155.462272
 51
168.366366
  0
ARC
  8
APS_GEOMETRY
 10
-296.943922
 20
-475.599901
 40
8.296105
 50
168.366366
 51
174.395461
  0
ARC
  8
APS_GEOMETRY
 10
-290.548287
 20
-476.22751
 40
14.722461
 50
174.395461
 51
177.813405
  0
ARC
  8
APS_GEOMETRY
 10
-269.319763
 20
-477.038054
 40
35.966453
 50
177.813405
 51
180.0
  0
ARC
  8
APS_GEOMETRY
 10
-253.951493
 20
-477.038054
 40
51.334724
 50
180.0
 51
184.619923
  0
ARC
  8
APS_GEOMETRY
 10
-288.371322
 20
-479.819454
 40
16.802697
 50
184.619923
 51
192.699584
  0
ARC
  8
APS_GEOMETRY
 10
-301.641464
 20
-482.73297
 40
3.217564
 50
194.036243
 51
205.820992
  0
ARC
  8
APS_GEOMETRY
 10
-303.046819
 20
-483.412981
 40
1.656336
 50
205.820992
 51
222.273689
  0
ARC
  8
APS_GEOMETRY
 10
-302.616292
 20
-483.021593
 40
2.238175
 50
222.273689
 51
234.605204
  0
ARC
  8
APS_GEOMETRY
 10
-297.755903
 20
-476.181045
 40
10.629629
 50
234.605204
 51
240.255119
  0
ARC
  8
APS_GEOMETRY
 10
-305.144621
 20
-489.255502
 40
4.388594
 50
34.592289
 51
61.189206
  0
ARC
  8
APS_GEOMETRY
 10
-303.6944
 20
-488.25535
 40
2.626934
 50
0.0
 51
34.592289
  0
ARC
  8
APS_GEOMETRY
 10
-303.606731
 20
-488.25535
 40
2.539265
 50
318.230949
 51
0.0
  0
ARC
  8
APS_GEOMETRY
 10
-305.304875
 20
-486.738684
 40
4.816098
 50
288.227257
 51
318.230949
  0
ARC
  8
APS_GEOMETRY
 10
-307.065977
 20
-481.390838
 40
10.446456
 50
280.377402
 51
288.227257
  0
ARC
  8
APS_GEOMETRY
 10
-310.135835
 20
-464.62726
 40
27.488803
 50
275.540609
 51
280.377402
  0
ARC
  8
APS_GEOMETRY
 10
-311.458748
 20
-450.989607
 40
41.19047
 50
272.304132
 51
275.540609
  0
ARC
  8
APS_GEOMETRY
 10
-313.069646
 20
-410.953745
 40
81.258728
 50
270.0
 51
272.304132
  0
ARC
  8
APS_GEOMETRY
 10
-313.069646
 20
-444.412477
 40
47.799995
 50
262.811463
 51
270.0
  0
ARC
  8
APS_GEOMETRY
 10
-317.358729
 20
-478.418779
 40
13.524277
 50
249.274441
 51
262.811463
  0
ARC
  8
APS_GEOMETRY
 10
-320.056672
 20
-485.549056
 40
5.900647
 50
221.378515
 51
249.274441
  0
ARC
  8
APS_GEOMETRY
 10
-322.423346
 20
-487.633984
 40
2.746591
 50
180.0
 51
221.378515
  0
ARC
  8
APS_GEOMETRY
 10
-322.441463
 20
-487.633984
 40
2.728474
 50
164.054604
 51
180.0
  0
ARC
  8
APS_GEOMETRY
 10
-323.578871
 20
-487.30901
 40
1.545552
 50
142.815294
 51
164.054604
  0
ARC
  8
APS_GEOMETRY
 10
-322.863038
 20
-487.852056
 40
2.444059
 50
129.007473
 51
142.815294
  0
ARC
  8
APS_GEOMETRY
 10
-314.071078
 20
-498.706327
 40
16.412372
 50
123.690068
 51
129.007473
  0
ARC
  8
APS_GEOMETRY
 10
-326.54756
 20
-479.933457
 40
6.128392
 50
303.388514
 51
319.02199
  0
ARC
  8
APS_GEOMETRY
 10
-324.889046
 20
-481.374064
 40
3.931572
 50
319.02199
 51
338.574706
  0
ARC
  8
APS_GEOMETRY
 10
-327.108541
 20
-480.503123
 40
6.315832
 50
338.574706
 51
351.048929
  0
ARC
  8
APS_GEOMETRY
 10
-353.914618
 20
-476.28092
 40
33.45239
 50
351.048929
 51
356.460441
  0
ARC
  8
APS_GEOMETRY
 10
-345.078597
 20
-476.61714
 40
24.613362
 50
355.971736
 51
358.680054
  0
ARC
  8
APS_GEOMETRY
 10
-635.26953
 20
-469.930713
 40
314.881317
 50
358.680054
 51
359.437191
  0
LINE
  8
APS_GEOMETRY
 10
-320.403404
 11
-320.372744
 20
-473.0237
 21
-468.112045
  0
LINE
  8
APS_GEOMETRY
 10
-320.372744
 11
-320.362524
 20
-468.112045
 21
-461.700118
  0
ARC
  8
APS_GEOMETRY
 10
-396.171764
 20
-461.700118
 40
75.80924
 50
0.0
 51
1.717132
  0
ARC
  8
APS_GEOMETRY
 10
-355.603252
 20
-460.483931
 40
35.222502
 50
1.717132
 51
4.236395
  0
ARC
  8
APS_GEOMETRY
 10
-342.374019
 20
-459.503988
 40
21.957024
 50
4.236395
 51
8.268833
  0
ARC
  8
APS_GEOMETRY
 10
-327.150347
 20
-457.291551
 40
6.573427
 50
8.268833
 51
15.642246
  0
ARC
  8
APS_GEOMETRY
 10
-324.530362
 20
-456.557955
 40
3.852677
 50
15.642246
 51
39.417394
  0
ARC
  8
APS_GEOMETRY
 10
-324.471446
 20
-456.509531
 40
3.776414
 50
39.417394
 51
63.434949
  0
ARC
  8
APS_GEOMETRY
 10
-317.670106
 20
-442.419949
 40
11.86934
 50
236.873849
 51
244.48613
  0
ARC
  8
APS_GEOMETRY
 10
-322.729578
 20
-450.173424
 40
2.611121
 50
220.601295
 51
236.873849
  0
ARC
  8
APS_GEOMETRY
 10
-323.309894
 20
-450.670839
 40
1.846799
 50
198.245855
 51
220.601295
  0
ARC
  8
APS_GEOMETRY
 10
-322.441972
 20
-450.384711
 40
2.760668
 50
180.0
 51
198.245855
  0
ARC
  8
APS_GEOMETRY
 10
-322.455056
 20
-450.384711
 40
2.747584
 50
156.16126
 51
180.0
  0
ARC
  8
APS_GEOMETRY
 10
-322.071844
 20
-450.554037
 40
3.166539
 50
133.97697
 51
156.16126
  0
ARC
  8
APS_GEOMETRY
 10
-321.30839
 20
-451.345253
 40
4.266032
 50
116.995838
 51
133.97697
  0
ARC
  8
APS_GEOMETRY
 10
-319.791549
 20
-454.322756
 40
7.607638
 50
104.300277
 51
116.995838
  0
ARC
  8
APS_GEOMETRY
 10
-319.399574
 20
-455.828739
 40
9.16378
 50
95.325741
 51
104.349332
  0
ARC
  8
APS_GEOMETRY
 10
-317.811652
 20
-472.862815
 40
26.271709
 50
90.0
 51
95.325741
  0
ARC
  8
APS_GEOMETRY
 10
-317.811652
 20
-459.604064
 40
13.012958
 50
87.552951
 51
90.0
  0
ARC
  8
APS_GEOMETRY
 10
-320.580352
 20
-524.391638
 40
77.859665
 50
86.552613
 51
87.552951
  0
ARC
  8
APS_GEOMETRY
 10
-324.516901
 20
-589.738357
 40
143.324848
 50
86.009087
 51
86.552613
  0
ARC
  8
APS_GEOMETRY
 10
-339.824803
 20
-809.151617
 40
363.271456
 50
85.667686
 51
86.009087
  0
ARC
  8
APS_GEOMETRY
 10
-311.176696
 20
-431.840929
 40
15.125382
 50
265.426079
 51
268.531199
  0
ARC
  8
APS_GEOMETRY
 10
-309.832001
 20
-379.397818
 40
67.58573
 50
268.531199
 51
270.0
  0
ARC
  8
APS_GEOMETRY
 10
-309.832001
 20
-395.472916
 40
51.510632
 50
270.0
 51
271.636577
  0
ARC
  8
APS_GEOMETRY
 10
-310.982988
 20
-355.188373
 40
91.811614
 50
271.636577
 51
272.862405
  0
ARC
  8
APS_GEOMETRY
 10
-312.304467
 20
-328.758795
 40
118.274209
 50
272.862405
 51
273.814075
  0
ARC
  8
APS_GEOMETRY
 10
-316.778058
 20
-261.654932
 40
185.527026
 50
273.814075
 51
274.573921
  0
ARC
  8
APS_GEOMETRY
 10
-288.715981
 20
-626.645727
 40
180.54275
 50
93.719877
 51
94.214179
  0
ARC
  8
APS_GEOMETRY
 10
-294.705078
 20
-534.527708
 40
88.230244
 50
93.012788
 51
93.719877
  0
ARC
  8
APS_GEOMETRY
 10
-296.346966
 20
-503.331837
 40
56.991196
 50
91.91828
 51
93.012788
  0
ARC
  8
APS_GEOMETRY
 10
-297.6336
 20
-464.916637
 40
18.554456
 50
90.0
 51
91.91828
  0
ARC
  8
APS_GEOMETRY
 10
-297.6336
 20
-470.470758
 40
24.108577
 50
73.820397
 51
90.0
  0
ARC
  8
APS_GEOMETRY
 10
-295.257466
 20
-462.281172
 40
15.581248
 50
53.657551
 51
73.820397
  0
ARC
  8
APS_GEOMETRY
 10
-291.877724
 20
-457.661681
 40
9.857439
 50
26.029592
 51
53.569142
  0
ARC
  8
APS_GEOMETRY
 10
-292.914761
 20
-458.168141
 40
11.011539
 50
0.0
 51
26.029592
  0
ARC
  8
APS_GEOMETRY
 10
-293.346238
 20
-458.168141
 40
11.443017
 50
345.281696
 51
0.0
  0
ARC
  8
APS_GEOMETRY
 10
-292.245477
 20
-458.457296
 40
10.30491
 50
329.767161
 51
345.281696
  0
ARC
  8
APS_GEOMETRY
 10
-291.621838
 20
-458.820742
 40
9.583094
 50
313.168137
 51
329.767161
  0
ARC
  8
APS_GEOMETRY
 10
-291.390903
 20
-459.066936
 40
9.24554
 50
296.266638
 51
313.168137
  0
ARC
  8
APS_GEOMETRY
 10
-286.127758
 20
-469.700901
 40
2.619643
 50
116.565051
 51
139.899092
  0
ARC
  8
APS_GEOMETRY
 10
-287.43442
 20
-468.600554
 40
0.911389
 50
139.899092
 51
180.0
  0
ARC
  8
APS_GEOMETRY
 10
-287.333107
 20
-468.600554
 40
1.012702
 50
180.0
 51
226.193489
  0
ARC
  8
APS_GEOMETRY
 10
-285.462176
 20
-466.650008
 40
3.715481
 50
226.193489
 51
249.829347
  0
ARC
  8
APS_GEOMETRY
 10
-290.823316
 20
-481.411241
 40
11.989195
 50
53.249344
 51
70.104569
  0
ARC
  8
APS_GEOMETRY
 10
-288.388041
 20
-478.150089
 40
7.9191
 50
32.471192
 51
53.249344
  0
ARC
  8
APS_GEOMETRY
 10
-289.523049
 20
-478.872368
 40
9.264437
 50
23.304891
 51
32.471192
  0
ARC
  8
APS_GEOMETRY
 10
-296.533149
 20
-481.892103
 40
16.89728
 50
16.520892
 51
23.304891
  0
ARC
  8
APS_GEOMETRY
 10
-301.998675
 20
-483.513234
 40
22.598161
 50
11.429216
 51
16.520892
  0
ARC
  8
APS_GEOMETRY
 10
-317.488539
 20
-486.644759
 40
38.401399
 50
7.52382
 51
11.429216
  0
ARC
  8
APS_GEOMETRY
 10
-266.160345
 20
-479.808713
 40
13.380105
 50
187.765166
 51
196.914179
  0
ARC
  8
APS_GEOMETRY
 10
-277.103577
 20
-483.13648
 40
1.942082
 50
196.914179
 51
221.081751
  0
ARC
  8
APS_GEOMETRY
 10
-277.061855
 20
-483.100106
 40
1.997434
 50
221.081751
 51
244.607077
  0
ARC
  8
APS_GEOMETRY
 10
-272.388468
 20
-473.254837
 40
12.895593
 50
244.607077
 51
253.810794
  0
ARC
  8
APS_GEOMETRY
 10
-276.497278
 20
-487.264798
 40
1.704862
 50
51.449535
 51
72.474432
  0
ARC
  8
APS_GEOMETRY
 10
-276.919124
 20
-487.794173
 40
2.381761
 50
33.690068
 51
51.449535
  0
ARC
  8
APS_GEOMETRY
 10
-277.017778
 20
-487.859943
 40
2.500329
 50
16.638806
 51
33.690068
  0
ARC
  8
APS_GEOMETRY
 10
-277.137132
 20
-487.895612
 40
2.624898
 50
0.0
 51
16.638806
  0
ARC
  8
APS_GEOMETRY
 10
-277.173757
 20
-487.895612
 40
2.661524
 50
338.993211
 51
0.0
  0
ARC
  8
APS_GEOMETRY
 10
-278.798894
 20
-487.271559
 40
4.40236
 50
322.696052
 51
338.993211
  0
ARC
  8
APS_GEOMETRY
 10
-279.404396
 20
-486.810224
 40
5.163585
 50
308.603415
 51
322.696052
  0
ARC
  8
APS_GEOMETRY
 10
-279.821103
 20
-486.288288
 40
5.831464
 50
295.346176
 51
308.603415
  0
ARC
  8
APS_GEOMETRY
 10
-282.0123
 20
-481.462106
 40
11.131419
 50
279.582945
 51
294.904769
  0
ARC
  8
APS_GEOMETRY
 10
-284.879239
 20
-464.481002
 40
28.352836
 50
270.0
 51
279.582945
  0
ARC
  8
APS_GEOMETRY
 10
-284.879239
 20
-472.162152
 40
20.671686
 50
261.247402
 51
270.0
  0
ARC
  8
APS_GEOMETRY
 10
-286.20337
 20
-480.762577
 40
11.969926
 50
249.737083
 51
261.247402
  0
ARC
  8
APS_GEOMETRY
 10
-287.07379
 20
-483.120316
 40
9.456649
 50
235.344857
 51
249.737083
  0
ARC
  8
APS_GEOMETRY
 10
-288.172942
 20
-484.710351
 40
7.523686
 50
219.198413
 51
235.344857
  0
ARC
  8
APS_GEOMETRY
 10
-285.859952
 20
-482.73809
 40
10.562859
 50
209.075569
 51
219.559668
  0
ARC
  8
APS_GEOMETRY
 10
-280.519212
 20
-479.768454
 40
16.673689
 50
200.735234
 51
209.075569
  0
ARC
  8
APS_GEOMETRY
 10
-273.14967
 20
-476.978556
 40
24.553643
 50
197.881035
 51
200.735234
  0
ARC
  8
APS_GEOMETRY
 10
-242.868169
 20
-467.208966
 40
56.3721
 50
195.997451
 51
197.881035
  0
ARC
  8
APS_GEOMETRY
 10
-220.486229
 20
-460.792126
 40
79.655722
 50
194.663974
 51
195.997451
  0
ARC
  8
APS_GEOMETRY
 10
-158.490994
 20
-444.569637
 40
143.738313
 50
193.671307
 51
194.663974
  0
ARC
  8
APS_GEOMETRY
 10
-315.701486
 20
-482.790062
 40
18.051498
 50
13.609732
 51
23.584501
  0
ARC
  8
APS_GEOMETRY
 10
-303.882056
 20
-477.630086
 40
5.154821
 50
23.584501
 51
42.31023
  0
ARC
  8
APS_GEOMETRY
 10
-302.810047
 20
-476.654283
 40
3.705202
 50
42.31023
 51
67.520566
  0
ARC
  8
APS_GEOMETRY
 10
-303.658409
 20
-478.70449
 40
5.924
 50
67.520566
 51
87.397438
  0
LINE
  8
APS_GEOMETRY
 10
-305.253513
 11
-305.613251
 20
-456.107821
 21
-463.727734
  0
LINE
  8
APS_GEOMETRY
 10
-305.613251
 11
-305.613251
 20
-463.727734
 21
-463.850372
  0
LINE
  8
APS_GEOMETRY
 10
-305.613251
 11
-305.613251
 20
-463.850372
 21
-464.022065
  0
ARC
  8
APS_GEOMETRY
 10
-300.318958
 20
-464.022065
 40
5.294293
 50
180.0
 51
192.339087
  0
ARC
  8
APS_GEOMETRY
 10
-304.52814
 20
-464.942824
 40
0.98558
 50
192.339087
 51
221.185925
  0
ARC
  8
APS_GEOMETRY
 10
-304.628516
 20
-465.030653
 40
0.852203
 50
221.185925
 51
253.872424
  0
ARC
  8
APS_GEOMETRY
 10
-303.91267
 20
-462.555016
 40
3.429258
 50
253.872424
 51
270.0
  0
ARC
  8
APS_GEOMETRY
 10
-303.91267
 20
-458.013677
 40
7.970597
 50
270.0
 51
289.56871
  0
ARC
  8
APS_GEOMETRY
 10
-302.463625
 20
-462.09011
 40
3.644278
 50
289.56871
 51
318.680622
  0
ARC
  8
APS_GEOMETRY
 10
-302.855577
 20
-461.745537
 40
4.166157
 50
318.680622
 51
344.628325
  0
ARC
  8
APS_GEOMETRY
 10
-310.158326
 20
-459.737908
 40
11.739843
 50
344.628325
 51
0.0
  0
ARC
  8
APS_GEOMETRY
 10
-306.686516
 20
-459.737908
 40
8.268032
 50
0.0
 51
35.36883
  0
ARC
  8
APS_GEOMETRY
 10
-302.898861
 20
-457.049262
 40
3.623127
 50
35.36883
 51
90.0
  0
ARC
  8
APS_GEOMETRY
 10
-302.898861
 20
-457.08907
 40
3.662935
 50
90.0
 51
108.434949
  0
ARC
  8
APS_GEOMETRY
 10
-303.611522
 20
-454.95109
 40
1.409306
 50
108.434949
 51
138.366461
  0
ARC
  8
APS_GEOMETRY
 10
-303.420243
 20
-455.121115
 40
1.665228
 50
138.366461
 51
164.291362
  0
ARC
  8
APS_GEOMETRY
 10
-298.935213
 20
-456.38253
 40
6.324268
 50
164.291362
 51
177.510447
  0
LINE
  8
APS_GEOMETRY
 10
-247.034763
 11
-230.748425
 20
-448.487908
 21
-462.746629
  0
ARC
  8
APS_GEOMETRY
 10
-215.516548
 20
-445.267426
 40
23.18475
 50
228.930176
 51
232.67448
  0
ARC
  8
APS_GEOMETRY
 10
-223.989954
 20
-456.38009
 40
9.210133
 50
232.67448
 51
238.616809
  0
ARC
  8
APS_GEOMETRY
 10
-226.121922
 20
-459.875119
 40
5.116172
 50
238.616809
 51
249.130652
  0
ARC
  8
APS_GEOMETRY
 10
-227.478077
 20
-463.432245
 40
1.309297
 50
249.130652
 51
270.0
  0
ARC
  8
APS_GEOMETRY
 10
-227.478077
 20
-463.593534
 40
1.148008
 50
270.0
 51
334.898391
  0
ARC
  8
APS_GEOMETRY
 10
-232.77636
 20
-461.111455
 40
6.998865
 50
334.898391
 51
0.0
  0
ARC
  8
APS_GEOMETRY
 10
-284.007486
 20
-461.111455
 40
58.229991
 50
0.0
 51
2.026128
  0
ARC
  8
APS_GEOMETRY
 10
-253.120511
 20
-460.018755
 40
27.323694
 50
2.026128
 51
4.984115
  0
ARC
  8
APS_GEOMETRY
 10
-243.021341
 20
-459.138014
 40
17.186191
 50
4.984115
 51
9.673355
  0
ARC
  8
APS_GEOMETRY
 10
-231.381917
 20
-457.154021
 40
5.378888
 50
9.673355
 51
18.060472
  0
ARC
  8
APS_GEOMETRY
 10
-229.610096
 20
-456.576253
 40
3.515245
 50
18.060472
 51
42.397438
  0
ARC
  8
APS_GEOMETRY
 10
-230.182052
 20
-457.098474
 40
4.289744
 50
42.397438
 51
64.397812
  0
ARC
  8
APS_GEOMETRY
 10
-224.958322
 20
-446.312453
 40
7.694704
 50
233.63342
 51
244.025606
  0
ARC
  8
APS_GEOMETRY
 10
-227.80348
 20
-450.176247
 40
2.896389
 50
216.656108
 51
233.63342
  0
ARC
  8
APS_GEOMETRY
 10
-228.239746
 20
-450.500911
 40
2.352574
 50
196.081652
 51
216.656108
  0
ARC
  8
APS_GEOMETRY
 10
-226.815715
 20
-450.090379
 40
3.8346
 50
180.0
 51
196.081652
  0
ARC
  8
APS_GEOMETRY
 10
-227.862345
 20
-450.090379
 40
2.78797
 50
133.202068
 51
180.0
  0
ARC
  8
APS_GEOMETRY
 10
-225.663723
 20
-452.431505
 40
5.999637
 50
101.788183
 51
133.202068
  0
ARC
  8
APS_GEOMETRY
 10
-225.151177
 20
-454.728114
 40
8.352584
 50
96.632515
 51
102.011478
  0
ARC
  8
APS_GEOMETRY
 10
-223.29199
 20
-470.717123
 40
24.449322
 50
93.489325
 51
96.632515
  0
ARC
  8
APS_GEOMETRY
 10
-222.495748
 20
-483.775499
 40
37.531952
 50
91.43929
 51
93.489325
  0
ARC
  8
APS_GEOMETRY
 10
-221.526042
 20
-522.3698
 40
76.138432
 50
90.0
 51
91.43929
  0
ARC
  8
APS_GEOMETRY
 10
-221.526042
 20
-517.195572
 40
70.964205
 50
87.994353
 51
90.0
  0
ARC
  8
APS_GEOMETRY
 10
-220.2359
 20
-480.35486
 40
34.100909
 50
85.100908
 51
87.994353
  0
ARC
  8
APS_GEOMETRY
 10
-219.188825
 20
-468.138985
 40
21.840241
 50
80.594688
 51
85.100908
  0
ARC
  8
APS_GEOMETRY
 10
-216.801234
 20
-453.725012
 40
7.229861
 50
72.758541
 51
80.594688
  0
ARC
  8
APS_GEOMETRY
 10
-216.077908
 20
-451.484427
 40
4.875639
 50
40.955514
 51
73.072487
  0
ARC
  8
APS_GEOMETRY
 10
-214.697803
 20
-450.2866
 40
3.048215
 50
0.0
 51
40.955514
  0
ARC
  8
APS_GEOMETRY
 10
-214.514115
 20
-450.2866
 40
2.864527
 50
322.572949
 51
0.0
  0
ARC
  8
APS_GEOMETRY
 10
-216.019409
 20
-449.134589
 40
4.760058
 50
293.749494
 51
322.572949
  0
ARC
  8
APS_GEOMETRY
 10
-209.975223
 20
-463.015681
 40
10.379904
 50
113.428693
 51
119.291362
  0
ARC
  8
APS_GEOMETRY
 10
-214.014421
 20
-455.815371
 40
2.124022
 50
119.291362
 51
132.273689
  0
ARC
  8
APS_GEOMETRY
 10
-214.247201
 20
-455.559313
 40
1.77797
 50
132.273689
 51
147.652557
  0
ARC
  8
APS_GEOMETRY
 10
-212.565243
 20
-456.624553
 40
3.768879
 50
147.652557
 51
158.198591
  0
ARC
  8
APS_GEOMETRY
 10
-210.005638
 20
-457.703476
 40
6.546314
 50
157.750976
 51
167.884758
  0
ARC
  8
APS_GEOMETRY
 10
-196.385686
 20
-460.627131
 40
20.476528
 50
167.884758
 51
173.609505
  0
ARC
  8
APS_GEOMETRY
 10
-184.339014
 20
-461.976358
 40
32.59852
 50
173.609505
 51
177.220833
  0
ARC
  8
APS_GEOMETRY
 10
-147.18338
 20
-463.78003
 40
69.797908
 50
177.220833
 51
179.688613
  0
LINE
  8
APS_GEOMETRY
 10
-216.980257
 11
-216.980257
 20
-463.400699
 21
-474.062036
  0
ARC
  8
APS_GEOMETRY
 10
218.385164
 20
-474.062036
 40
435.36542
 50
180.0
 51
180.161396
  0
ARC
  8
APS_GEOMETRY
 10
596.204202
 20
-472.997757
 40
813.185957
 50
180.161396
 51
180.279489
  0
LINE
  8
APS_GEOMETRY
 10
-216.972081
 11
-216.961861
 20
-476.964471
 21
-478.752943
  0
LINE
  8
APS_GEOMETRY
 10
-216.961861
 11
-216.947553
 20
-478.752943
 21
-480.766251
  0
ARC
  8
APS_GEOMETRY
 10
-294.631405
 20
-481.207637
 40
77.685105
 50
358.204186
 51
0.325541
  0
ARC
  8
APS_GEOMETRY
 10
-257.677088
 20
-482.36627
 40
40.71263
 50
355.273697
 51
358.204186
  0
ARC
  8
APS_GEOMETRY
 10
-244.814627
 20
-483.429702
 40
27.806283
 50
350.991496
 51
355.273697
  0
ARC
  8
APS_GEOMETRY
 10
-228.43598
 20
-486.026317
 40
11.223084
 50
344.248826
 51
350.991496
  0
ARC
  8
APS_GEOMETRY
 10
-222.900067
 20
-487.607216
 40
5.465928
 50
314.415369
 51
344.445429
  0
ARC
  8
APS_GEOMETRY
 10
-220.871972
 20
-489.677128
 40
2.568048
 50
270.0
 51
314.415369
  0
ARC
  8
APS_GEOMETRY
 10
-220.871972
 20
-488.085131
 40
4.160045
 50
256.342357
 51
270.0
  0
ARC
  8
APS_GEOMETRY
 10
-221.168323
 20
-489.304728
 40
2.904959
 50
239.981633
 51
256.342357
  0
ARC
  8
APS_GEOMETRY
 10
-219.873995
 20
-487.064545
 40
5.492178
 50
231.153104
 51
239.981633
  0
ARC
  8
APS_GEOMETRY
 10
-198.12533
 20
-460.059953
 40
40.16569
 50
227.89127
 51
231.153104
  0
LINE
  8
APS_GEOMETRY
 10
-225.058018
 11
-244.451187
 20
-489.857821
 21
-472.492269
  0
ARC
  8
APS_GEOMETRY
 10
-251.922379
 20
-480.763945
 40
11.14627
 50
47.910838
 51
61.467547
  0
ARC
  8
APS_GEOMETRY
 10
-247.819646
 20
-473.217848
 40
2.556975
 50
61.467547
 51
90.0
  0
ARC
  8
APS_GEOMETRY
 10
-247.819646
 20
-471.78109
 40
1.120217
 50
90.0
 51
133.194713
  0
ARC
  8
APS_GEOMETRY
 10
-246.715531
 20
-472.957071
 40
2.733289
 50
133.194713
 51
160.453632
  0
ARC
  8
APS_GEOMETRY
 10
-243.171512
 20
-474.215303
 40
6.494036
 50
160.453632
 51
173.250825
  0
ARC
  8
APS_GEOMETRY
 10
-226.504224
 20
-476.187763
 40
23.277632
 50
173.250825
 51
180.0
  0
ARC
  8
APS_GEOMETRY
 10
-181.163799
 20
-476.187763
 40
68.618057
 50
180.0
 51
181.896923
  0
ARC
  8
APS_GEOMETRY
 10
-217.506522
 20
-477.391421
 40
32.255407
 50
181.896923
 51
184.663802
  0
ARC
  8
APS_GEOMETRY
 10
-229.418089
 20
-478.363155
 40
20.304269
 50
184.663802
 51
189.048181
  0
ARC
  8
APS_GEOMETRY
 10
-243.219076
 20
-480.560914
 40
6.329385
 50
189.048181
 51
196.905158
  0
ARC
  8
APS_GEOMETRY
 10
-245.409889
 20
-481.22675
 40
4.039625
 50
196.905158
 51
220.253477
  0
ARC
  8
APS_GEOMETRY
 10
-245.365968
 20
-481.189563
 40
4.097174
 50
220.253477
 51
243.434949
  0
ARC
  8
APS_GEOMETRY
 10
-249.363575
 20
-489.250392
 40
4.900522
 50
37.921078
 51
63.778033
  0
ARC
  8
APS_GEOMETRY
 10
-247.33076
 20
-487.666687
 40
2.323614
 50
0.0
 51
37.921078
  0
ARC
  8
APS_GEOMETRY
 10
-248.23456
 20
-487.666687
 40
3.227414
 50
324.267836
 51
0.0
  0
ARC
  8
APS_GEOMETRY
 10
-249.442072
 20
-486.797974
 40
4.714945
 50
294.859862
 51
324.267836
  0
ARC
  8
APS_GEOMETRY
 10
-251.43897
 20
-482.488121
 40
9.464938
 50
278.779646
 51
294.859862
  0
ARC
  8
APS_GEOMETRY
 10
-254.818193
 20
-460.608264
 40
31.604208
 50
270.0
 51
278.779646
  0
ARC
  8
APS_GEOMETRY
 10
-254.818193
 20
-466.279726
 40
25.932746
 50
260.382525
 51
270.0
  0
ARC
  8
APS_GEOMETRY
 10
-257.551304
 20
-482.408933
 40
9.573614
 50
244.52173
 51
260.382525
  0
ARC
  8
APS_GEOMETRY
 10
-259.530672
 20
-486.562817
 40
4.972239
 50
216.549301
 51
244.52173
  0
ARC
  8
APS_GEOMETRY
 10
-261.152136
 20
-487.764798
 40
2.953848
 50
180.0
 51
216.549301
  0
ARC
  8
APS_GEOMETRY
 10
-260.099294
 20
-487.764798
 40
4.00669
 50
164.649864
 51
180.0
  0
ARC
  8
APS_GEOMETRY
 10
-262.384635
 20
-487.137449
 40
1.636806
 50
140.52754
 51
164.649864
  0
ARC
  8
APS_GEOMETRY
 10
-261.459881
 20
-487.899011
 40
2.834781
 50
126.135377
 51
140.52754
  0
ARC
  8
APS_GEOMETRY
 10
-251.805446
 20
-501.12139
 40
19.206691
 50
120.618605
 51
126.135377
  0
ARC
  8
APS_GEOMETRY
 10
-263.251593
 20
-481.799789
 40
3.250804
 50
300.784147
 51
330.068488
  0
ARC
  8
APS_GEOMETRY
 10
-265.416992
 20
-480.553044
 40
5.749468
 50
330.068488
 51
351.982907
  0
ARC
  8
APS_GEOMETRY
 10
-301.779672
 20
-475.812656
 40
42.419572
 50
352.492653
 51
355.364537
  0
ARC
  8
APS_GEOMETRY
 10
-345.64267
 20
-472.256197
 40
86.426514
 50
355.364537
 51
357.376422
  0
ARC
  8
APS_GEOMETRY
 10
-376.355341
 20
-470.848878
 40
117.171412
 50
357.376422
 51
358.860936
  0
ARC
  8
APS_GEOMETRY
 10
-458.181755
 20
-469.22192
 40
199.013999
 50
358.860936
 51
0.0
  0
ARC
  8
APS_GEOMETRY
 10
-384.592195
 20
-469.22192
 40
125.424438
 50
360.0
 51
1.926262
  0
ARC
  8
APS_GEOMETRY
 10
-326.205795
 20
-467.258252
 40
67.005026
 50
1.926262
 51
4.561808
  0
ARC
  8
APS_GEOMETRY
 10
-305.618341
 20
-465.615636
 40
46.352146
 50
4.561808
 51
8.365886
  0
ARC
  8
APS_GEOMETRY
 10
-278.842349
 20
-461.67799
 40
19.28817
 50
8.365886
 51
14.264512
  0
ARC
  8
APS_GEOMETRY
 10
-268.717351
 20
-459.117348
 40
8.844412
 50
14.349332
 51
23.629378
  0
ARC
  8
APS_GEOMETRY
 10
-263.582855
 20
-456.871005
 40
3.240029
 50
23.629378
 51
38.990994
  0
ARC
  8
APS_GEOMETRY
 10
-263.563726
 20
-456.85552
 40
3.215417
 50
38.990994
 51
54.462322
  0
ARC
  8
APS_GEOMETRY
 10
-266.56785
 20
-461.061293
 40
8.383907
 50
54.462322
 51
64.025606
  0
ARC
  8
APS_GEOMETRY
 10
-258.089947
 20
-443.693776
 40
10.942387
 50
235.472028
 51
243.946505
  0
ARC
  8
APS_GEOMETRY
 10
-262.469347
 20
-450.059182
 40
3.215969
 50
219.805571
 51
235.472028
  0
ARC
  8
APS_GEOMETRY
 10
-263.132333
 20
-450.611671
 40
2.352954
 50
198.939004
 51
219.805571
  0
ARC
  8
APS_GEOMETRY
 10
-262.66152
 20
-450.450118
 40
2.850713
 50
180.0
 51
198.939004
  0
ARC
  8
APS_GEOMETRY
 10
-262.800573
 20
-450.450118
 40
2.71166
 50
126.253838
 51
180.0
  0
ARC
  8
APS_GEOMETRY
 10
-258.661391
 20
-456.094457
 40
9.711046
 50
98.615648
 51
126.253838
  0
ARC
  8
APS_GEOMETRY
 10
-258.078309
 20
-460.757938
 40
14.409768
 50
94.455603
 51
98.130102
  0
ARC
  8
APS_GEOMETRY
 10
-255.830109
 20
-489.609833
 40
43.349122
 50
92.337306
 51
94.455603
  0
ARC
  8
APS_GEOMETRY
 10
-254.871802
 20
-513.088352
 40
66.847191
 50
90.962864
 51
92.337306
  0
ARC
  8
APS_GEOMETRY
 10
-253.706274
 20
-582.437285
 40
136.205917
 50
90.0
 51
90.962864
  0
ARC
  8
APS_GEOMETRY
 10
-253.706274
 20
-471.053116
 40
24.821748
 50
83.927544
 51
90.0
  0
ARC
  8
APS_GEOMETRY
 10
-251.670412
 20
-451.91601
 40
5.576657
 50
71.095424
 51
83.927544
  0
ARC
  8
APS_GEOMETRY
 10
-251.484478
 20
-451.373083
 40
5.002774
 50
56.848266
 51
71.095424
  0
ARC
  8
APS_GEOMETRY
 10
-256.986926
 20
-459.797185
 40
15.064704
 50
48.652223
 51
56.848266
  0
ARC
  8
APS_GEOMETRY
 10
-188.22735
 20
-486.838891
 40
40.607524
 50
84.709919
 51
90.0
  0
ARC
  8
APS_GEOMETRY
 10
-187.482917
 20
-478.799017
 40
32.533258
 50
78.799202
 51
84.709919
  0
ARC
  8
APS_GEOMETRY
 10
-182.666387
 20
-454.456057
 40
7.718372
 50
49.782532
 51
78.771108
  0
ARC
  8
APS_GEOMETRY
 10
-179.444934
 20
-450.646338
 40
2.729212
 50
0.0
 51
49.782532
  0
ARC
  8
APS_GEOMETRY
 10
-179.735345
 20
-450.646338
 40
3.019623
 50
342.758541
 51
0.0
  0
ARC
  8
APS_GEOMETRY
 10
-178.160126
 20
-451.1352
 40
1.37029
 50
317.045408
 51
342.758541
  0
ARC
  8
APS_GEOMETRY
 10
-178.920839
 20
-450.426949
 40
2.409666
 50
301.817035
 51
317.045408
  0
ARC
  8
APS_GEOMETRY
 10
-190.176925
 20
-432.284787
 40
23.760017
 50
296.980231
 51
301.817035
  0
ARC
  8
APS_GEOMETRY
 10
-178.175282
 20
-455.903091
 40
2.732757
 50
116.565051
 51
149.077974
  0
ARC
  8
APS_GEOMETRY
 10
-174.656144
 20
-458.011089
 40
6.83495
 50
149.077974
 51
169.469072
  0
ARC
  8
APS_GEOMETRY
 10
-167.151984
 20
-459.406093
 40
14.467672
 50
169.469072
 51
174.597877
  0
ARC
  8
APS_GEOMETRY
 10
-128.487758
 20
-463.062384
 40
53.304393
 50
174.597877
 51
177.269212
  0
ARC
  8
APS_GEOMETRY
 10
-94.490239
 20
-464.683976
 40
87.340563
 50
177.269212
 51
178.901208
  0
ARC
  8
APS_GEOMETRY
 10
10.816653
 20
-466.703751
 40
192.666822
 50
178.901208
 51
180.0
  0
ARC
  8
APS_GEOMETRY
 10
224.806423
 20
-466.703751
 40
406.656592
 50
180.0
 51
180.879979
  0
ARC
  8
APS_GEOMETRY
 10
-25.713587
 20
-470.551674
 40
156.107032
 50
180.879979
 51
182.300285
  0
ARC
  8
APS_GEOMETRY
 10
-98.93902
 20
-473.493076
 40
82.822547
 50
182.300285
 51
184.973515
  0
ARC
  8
APS_GEOMETRY
 10
-168.759798
 20
-479.569083
 40
12.737891
 50
184.973515
 51
191.79343
  0
ARC
  8
APS_GEOMETRY
 10
-176.869934
 20
-481.12036
 40
4.484055
 50
193.570434
 51
205.787328
  0
ARC
  8
APS_GEOMETRY
 10
-178.887107
 20
-482.09495
 40
2.243783
 50
205.787328
 51
223.090848
  0
ARC
  8
APS_GEOMETRY
 10
-178.37551
 20
-481.616358
 40
2.944342
 50
223.090848
 51
236.441044
  0
ARC
  8
APS_GEOMETRY
 10
-174.092118
 20
-475.159306
 40
10.692952
 50
236.441044
 51
243.434949
  0
ARC
  8
APS_GEOMETRY
 10
-180.649821
 20
-488.629844
 40
4.291097
 50
37.184706
 51
65.556045
  0
ARC
  8
APS_GEOMETRY
 10
-179.250877
 20
-487.568577
 40
2.535155
 50
0.0
 51
37.184706
  0
ARC
  8
APS_GEOMETRY
 10
-179.327675
 20
-487.568577
 40
2.611953
 50
312.039064
 51
0.0
  0
ARC
  8
APS_GEOMETRY
 10
-182.438578
 20
-484.118303
 40
7.257608
 50
283.815025
 51
312.039064
  0
ARC
  8
APS_GEOMETRY
 10
-187.579019
 20
-462.81289
 40
29.174325
 50
279.272602
 51
283.626995
  0
ARC
  8
APS_GEOMETRY
 10
-189.633796
 20
-450.227381
 40
41.926468
 50
275.640549
 51
279.272602
  0
ARC
  8
APS_GEOMETRY
 10
-190.419355
 20
-442.273597
 40
49.918951
 50
272.587879
 51
275.640549
  0
ARC
  8
APS_GEOMETRY
 10
-191.301478
 20
-422.756634
 40
69.455838
 50
270.0
 51
272.587879
  0
ARC
  8
APS_GEOMETRY
 10
-191.301478
 20
-450.318484
 40
41.893989
 50
262.77406
 51
270.0
  0
ARC
  8
APS_GEOMETRY
 10
-195.078234
 20
-480.10613
 40
11.867871
 50
249.174782
 51
262.77406
  0
ARC
  8
APS_GEOMETRY
 10
-197.450936
 20
-486.34404
 40
5.193948
 50
221.229513
 51
249.174782
  0
ARC
  8
APS_GEOMETRY
 10
-199.519986
 20
-488.15724
 40
2.442829
 50
180.0
 51
221.229513
  0
ARC
  8
APS_GEOMETRY
 10
-199.921519
 20
-488.15724
 40
2.041296
 50
142.696052
 51
180.0
  0
ARC
  8
APS_GEOMETRY
 10
-196.700143
 20
-490.611621
 40
6.091141
 50
121.357085
 51
142.696052
  0
ARC
  8
APS_GEOMETRY
 10
-202.143426
 20
-481.696544
 40
4.354338
 50
301.476839
 51
324.727579
  0
ARC
  8
APS_GEOMETRY
 10
-201.562956
 20
-482.10712
 40
3.64334
 50
324.727579
 51
350.180699
  0
ARC
  8
APS_GEOMETRY
 10
-219.803758
 20
-479.089999
 40
22.131897
 50
350.537678
 51
355.42288
  0
ARC
  8
APS_GEOMETRY
 10
-294.75592
 20
-473.089615
 40
97.323859
 50
355.42288
 51
357.75194
  0
ARC
  8
APS_GEOMETRY
 10
-364.34942
 20
-470.357639
 40
166.970963
 50
357.75194
 51
359.110676
  0
ARC
  8
APS_GEOMETRY
 10
-587.095962
 20
-466.899972
 40
389.744339
 50
359.110676
 51
0.0
  0
ARC
  8
APS_GEOMETRY
 10
-332.5751
 20
-466.899972
 40
135.223477
 50
0.0
 51
1.772875
  0
ARC
  8
APS_GEOMETRY
 10
-253.215088
 20
-464.443591
 40
55.825459
 50
1.772875
 51
4.532262
  0
ARC
  8
APS_GEOMETRY
 10
-229.094155
 20
-462.531566
 40
31.628862
 50
4.532262
 51
9.383565
  0
ARC
  8
APS_GEOMETRY
 10
-204.60079
 20
-458.483933
 40
6.803307
 50
9.383565
 51
19.855214
  0
ARC
  8
APS_GEOMETRY
 10
-201.359041
 20
-457.251272
 40
3.33611
 50
18.853159
 51
42.157862
  0
ARC
  8
APS_GEOMETRY
 10
-204.137379
 20
-459.766794
 40
7.084045
 50
42.157862
 51
58.091893
  0
ARC
  8
APS_GEOMETRY
 10
-191.908785
 20
-440.86966
 40
15.426197
 50
230.710593
 51
236.633634
  0
ARC
  8
APS_GEOMETRY
 10
-199.590284
 20
-450.258158
 40
3.295684
 50
217.874984
 51
230.710593
  0
ARC
  8
APS_GEOMETRY
 10
-200.643394
 20
-451.077244
 40
1.961539
 50
196.927513
 51
217.874984
  0
ARC
  8
APS_GEOMETRY
 10
-199.657377
 20
-450.777152
 40
2.992211
 50
180.0
 51
196.927513
  0
ARC
  8
APS_GEOMETRY
 10
-200.302298
 20
-450.777152
 40
2.34729
 50
148.790867
 51
180.0
  0
ARC
  8
APS_GEOMETRY
 10
-199.686744
 20
-451.15008
 40
3.067
 50
121.568971
 51
148.790867
  0
ARC
  8
APS_GEOMETRY
 10
-198.581586
 20
-452.948669
 40
5.177994
 50
112.805746
 51
121.568971
  0
ARC
  8
APS_GEOMETRY
 10
-195.594273
 20
-460.053213
 40
12.885042
 50
107.25376
 51
112.805746
  0
ARC
  8
APS_GEOMETRY
 10
-193.764549
 20
-465.94452
 40
19.053947
 50
103.486615
 51
107.25376
  0
ARC
  8
APS_GEOMETRY
 10
-189.57405
 20
-483.417185
 40
37.022094
 50
100.784298
 51
103.486615
  0
ARC
  8
APS_GEOMETRY
 10
-188.261503
 20
-488.248102
 40
42.015051
 50
95.643318
 51
101.309932
  0
ARC
  8
APS_GEOMETRY
 10
-188.22735
 20
-488.593732
 40
42.362364
 50
90.0
 51
95.643318
  0
ARC
  8
APS_GEOMETRY
 10
-147.557292
 20
-467.26627
 40
21.263827
 50
77.257003
 51
90.0
  0
ARC
  8
APS_GEOMETRY
 10
-147.773349
 20
-468.221649
 40
22.243331
 50
64.798876
 51
77.257003
  0
ARC
  8
APS_GEOMETRY
 10
-129.45577
 20
-429.223072
 40
20.842904
 50
244.885165
 51
251.17529
  0
ARC
  8
APS_GEOMETRY
 10
-135.424297
 20
-446.730754
 40
2.345817
 50
251.17529
 51
270.0
  0
ARC
  8
APS_GEOMETRY
 10
-135.424297
 20
-445.270184
 40
3.806387
 50
270.0
 51
278.82038
  0
ARC
  8
APS_GEOMETRY
 10
-137.883386
 20
-429.422724
 40
19.843503
 50
278.82038
 51
282.680383
  0
ARC
  8
APS_GEOMETRY
 10
-132.738016
 20
-452.203317
 40
3.51099
 50
95.906141
 51
102.994617
  0
ARC
  8
APS_GEOMETRY
 10
-132.579094
 20
-453.739561
 40
5.055431
 50
90.0
 51
95.906141
  0
ARC
  8
APS_GEOMETRY
 10
-132.579094
 20
-452.039643
 40
3.355514
 50
62.447188
 51
90.0
  0
ARC
  8
APS_GEOMETRY
 10
-133.175779
 20
-453.183289
 40
4.645459
 50
39.093859
 51
62.447188
  0
ARC
  8
APS_GEOMETRY
 10
-139.409919
 20
-458.396969
 40
12.772091
 50
18.434949
 51
39.610688
  0
ARC
  8
APS_GEOMETRY
 10
-143.236515
 20
-459.672501
 40
16.805677
 50
0.0
 51
18.434949
  0
ARC
  8
APS_GEOMETRY
 10
-134.764112
 20
-459.672501
 40
8.333274
 50
334.876872
 51
0.0
  0
ARC
  8
APS_GEOMETRY
 10
-132.257765
 20
-460.847794
 40
5.565045
 50
304.007492
 51
334.876872
  0
ARC
  8
APS_GEOMETRY
 10
-132.299075
 20
-460.730247
 40
5.68568
 50
286.38954
 51
303.690068
  0
ARC
  8
APS_GEOMETRY
 10
-132.480983
 20
-460.111759
 40
6.330364
 50
270.0
 51
286.38954
  0
ARC
  8
APS_GEOMETRY
 10
-132.480983
 20
-460.185548
 40
6.256576
 50
255.154548
 51
270.0
  0
ARC
  8
APS_GEOMETRY
 10
-133.16639
 20
-462.771398
 40
3.58143
 50
235.491477
 51
255.154548
  0
ARC
  8
APS_GEOMETRY
 10
-132.822354
 20
-462.270983
 40
4.188699
 50
218.480198
 51
235.491477
  0
ARC
  8
APS_GEOMETRY
 10
-127.201481
 20
-457.803109
 40
11.368958
 50
208.17859
 51
218.480198
  0
ARC
  8
APS_GEOMETRY
 10
-184.825978
 20
-489.082262
 40
54.197767
 50
28.55962
 51
31.663799
  0
ARC
  8
APS_GEOMETRY
 10
-149.613787
 20
-467.365492
 40
12.827288
 50
31.663799
 51
38.047043
  0
ARC
  8
APS_GEOMETRY
 10
-147.053536
 20
-465.361817
 40
9.576196
 50
38.047043
 51
46.5602
  0
ARC
  8
APS_GEOMETRY
 10
-148.384322
 20
-466.767128
 40
11.511627
 50
46.5602
 51
54.323592
  0
ARC
  8
APS_GEOMETRY
 10
-149.15247
 20
-468.088537
 40
13.033852
 50
54.968356
 51
71.480419
  0
ARC
  8
APS_GEOMETRY
 10
-148.309472
 20
-465.57194
 40
10.379817
 50
71.480419
 51
90.0
  0
ARC
  8
APS_GEOMETRY
 10
-148.309472
 20
-462.442685
 40
7.250562
 50
90.0
 51
114.629635
  0
ARC
  8
APS_GEOMETRY
 10
-148.673571
 20
-461.648508
 40
6.3769
 50
114.629635
 51
140.920621
  0
ARC
  8
APS_GEOMETRY
 10
-147.597787
 20
-462.522132
 40
7.762732
 50
140.920621
 51
163.129646
  0
ARC
  8
APS_GEOMETRY
 10
-142.220365
 20
-464.152879
 40
13.381985
 50
163.129646
 51
180.0
  0
ARC
  8
APS_GEOMETRY
 10
-135.246891
 20
-464.152879
 40
20.355459
 50
180.0
 51
195.439646
  0
ARC
  8
APS_GEOMETRY
 10
-136.304965
 20
-464.445109
 40
19.25777
 50
195.439646
 51
211.31598
  0
ARC
  8
APS_GEOMETRY
 10
-141.394208
 20
-467.434443
 40
13.356544
 50
211.707816
 51
240.456928
  0
ARC
  8
APS_GEOMETRY
 10
-141.736071
 20
-468.037625
 40
12.663219
 50
240.456928
 51
270.0
  0
ARC
  8
APS_GEOMETRY
 10
-141.736071
 20
-464.950163
 40
15.750681
 50
270.0
 51
279.549134
  0
ARC
  8
APS_GEOMETRY
 10
-141.931883
 20
-463.786169
 40
16.931031
 50
279.549134
 51
288.75865
  0
ARC
  8
APS_GEOMETRY
 10
-141.106489
 20
-466.216494
 40
14.364369
 50
288.75865
 51
299.544635
  0
ARC
  8
APS_GEOMETRY
 10
-137.79684
 20
-472.055661
 40
7.652465
 50
299.544635
 51
314.341457
  0
ARC
  8
APS_GEOMETRY
 10
-127.561724
 20
-482.686637
 40
7.10519
 50
120.141386
 51
133.451842
  0
ARC
  8
APS_GEOMETRY
 10
-130.420664
 20
-477.762908
 40
1.411627
 50
90.0
 51
120.141386
  0
ARC
  8
APS_GEOMETRY
 10
-130.420664
 20
-478.580879
 40
2.229599
 50
61.951894
 51
90.0
  0
ARC
  8
APS_GEOMETRY
 10
-130.752717
 20
-479.204118
 40
2.935776
 50
37.568592
 51
61.951894
  0
ARC
  8
APS_GEOMETRY
 10
-131.371998
 20
-479.680487
 40
3.71708
 50
17.665186
 51
37.568592
  0
ARC
  8
APS_GEOMETRY
 10
-132.316761
 20
-479.981368
 40
4.708598
 50
0.0
 51
17.665186
  0
ARC
  8
APS_GEOMETRY
 10
-134.688744
 20
-479.981368
 40
7.08058
 50
344.931512
 51
0.0
  0
ARC
  8
APS_GEOMETRY
 10
-140.986771
 20
-478.285745
 40
13.602871
 50
334.075098
 51
344.931512
  0
ARC
  8
APS_GEOMETRY
 10
-141.184821
 20
-478.18947
 40
13.823082
 50
323.374259
 51
334.075098
  0
ARC
  8
APS_GEOMETRY
 10
-137.121057
 20
-481.210322
 40
8.759514
 50
309.920392
 51
323.374259
  0
ARC
  8
APS_GEOMETRY
 10
-133.060017
 20
-486.001086
 40
2.479565
 50
289.025606
 51
308.990994
  0
ARC
  8
APS_GEOMETRY
 10
-137.392973
 20
-473.435512
 40
15.771223
 50
281.14289
 51
289.025606
  0
ARC
  8
APS_GEOMETRY
 10
-132.998951
 20
-496.216991
 40
7.430522
 50
100.437475
 51
110.119633
  0
ARC
  8
APS_GEOMETRY
 10
-127.177812
 20
-512.107126
 40
24.353349
 50
110.119633
 51
115.463345
  0
ARC
  8
APS_GEOMETRY
 10
-147.958925
 20
-468.626534
 40
23.838158
 50
282.940436
 51
295.628419
  0
ARC
  8
APS_GEOMETRY
 10
-147.753513
 20
-469.520512
 40
22.920885
 50
270.0
 51
282.940436
  0
ARC
  8
APS_GEOMETRY
 10
-147.753513
 20
-468.166589
 40
24.274807
 50
257.307334
 51
270.0
  0
ARC
  8
APS_GEOMETRY
 10
-146.728782
 20
-463.616786
 40
28.938581
 50
245.686204
 51
257.307334
  0
ARC
  8
APS_GEOMETRY
 10
-149.299003
 20
-469.258281
 40
22.739224
 50
228.800778
 51
245.735234
  0
ARC
  8
APS_GEOMETRY
 10
-149.255941
 20
-469.20909
 40
22.804602
 50
211.890792
 51
228.800778
  0
ARC
  8
APS_GEOMETRY
 10
-147.908331
 20
-468.239085
 40
24.461509
 50
196.727964
 51
212.152295
  0
ARC
  8
APS_GEOMETRY
 10
-151.396118
 20
-469.287327
 40
20.819604
 50
180.0
 51
196.727964
  0
ARC
  8
APS_GEOMETRY
 10
-150.888778
 20
-469.287327
 40
21.326944
 50
161.183932
 51
180.0
  0
ARC
  8
APS_GEOMETRY
 10
-149.520455
 20
-469.75357
 40
22.77252
 50
142.980114
 51
161.183932
  0
ARC
  8
APS_GEOMETRY
 10
-148.456388
 20
-470.567888
 40
24.112395
 50
127.824257
 51
142.957525
  0
ARC
  8
APS_GEOMETRY
 10
-146.70241
 20
-472.827127
 40
26.972571
 50
113.520273
 51
127.824257
  0
ARC
  8
APS_GEOMETRY
 10
-147.273311
 20
-471.50783
 40
25.535051
 50
101.926773
 51
113.527064
  0
ARC
  8
APS_GEOMETRY
 10
-147.557292
 20
-470.163358
 40
24.160915
 50
90.0
 51
101.926773
  0
ARC
  8
APS_GEOMETRY
 10
-103.0086
 20
-486.838891
 40
40.607524
 50
84.709919
 51
90.0
  0
ARC
  8
APS_GEOMETRY
 10
-102.264167
 20
-478.799017
 40
32.533258
 50
78.799202
 51
84.709919
  0
ARC
  8
APS_GEOMETRY
 10
-97.447637
 20
-454.456057
 40
7.718372
 50
49.782532
 51
78.771108
  0
ARC
  8
APS_GEOMETRY
 10
-94.226184
 20
-450.646338
 40
2.729212
 50
0.0
 51
49.782532
  0
ARC
  8
APS_GEOMETRY
 10
-94.516595
 20
-450.646338
 40
3.019623
 50
342.758541
 51
0.0
  0
ARC
  8
APS_GEOMETRY
 10
-92.941376
 20
-451.1352
 40
1.37029
 50
317.045408
 51
342.758541
  0
ARC
  8
APS_GEOMETRY
 10
-93.702089
 20
-450.426949
 40
2.409666
 50
301.817035
 51
317.045408
  0
ARC
  8
APS_GEOMETRY
 10
-104.958175
 20
-432.284787
 40
23.760017
 50
296.980231
 51
301.817035
  0
ARC
  8
APS_GEOMETRY
 10
-92.956532
 20
-455.903091
 40
2.732757
 50
116.565051
 51
149.077974
  0
ARC
  8
APS_GEOMETRY
 10
-89.437394
 20
-458.011089
 40
6.83495
 50
149.077974
 51
169.469072
  0
ARC
  8
APS_GEOMETRY
 10
-81.933234
 20
-459.406093
 40
14.467672
 50
169.469072
 51
174.597877
  0
ARC
  8
APS_GEOMETRY
 10
-43.269008
 20
-463.062384
 40
53.304393
 50
174.597877
 51
177.269212
  0
ARC
  8
APS_GEOMETRY
 10
-9.271489
 20
-464.683976
 40
87.340563
 50
177.269212
 51
178.901208
  0
ARC
  8
APS_GEOMETRY
 10
96.035403
 20
-466.703751
 40
192.666822
 50
178.901208
 51
180.0
  0
ARC
  8
APS_GEOMETRY
 10
310.025173
 20
-466.703751
 40
406.656592
 50
180.0
 51
180.879979
  0
ARC
  8
APS_GEOMETRY
 10
59.505163
 20
-470.551674
 40
156.107032
 50
180.879979
 51
182.300285
  0
ARC
  8
APS_GEOMETRY
 10
-13.72027
 20
-473.493076
 40
82.822547
 50
182.300285
 51
184.973515
  0
ARC
  8
APS_GEOMETRY
 10
-83.541048
 20
-479.569083
 40
12.737891
 50
184.973515
 51
191.79343
  0
ARC
  8
APS_GEOMETRY
 10
-91.651184
 20
-481.12036
 40
4.484055
 50
193.570434
 51
205.787328
  0
ARC
  8
APS_GEOMETRY
 10
-93.668357
 20
-482.09495
 40
2.243783
 50
205.787328
 51
223.090848
  0
ARC
  8
APS_GEOMETRY
 10
-93.15676
 20
-481.616358
 40
2.944342
 50
223.090848
 51
236.441044
  0
ARC
  8
APS_GEOMETRY
 10
-88.873368
 20
-475.159306
 40
10.692952
 50
236.441044
 51
243.434949
  0
ARC
  8
APS_GEOMETRY
 10
-95.431071
 20
-488.629844
 40
4.291097
 50
37.184706
 51
65.556045
  0
ARC
  8
APS_GEOMETRY
 10
-94.032127
 20
-487.568577
 40
2.535155
 50
0.0
 51
37.184706
  0
ARC
  8
APS_GEOMETRY
 10
-94.108925
 20
-487.568577
 40
2.611953
 50
312.039064
 51
0.0
  0
ARC
  8
APS_GEOMETRY
 10
-97.219828
 20
-484.118303
 40
7.257608
 50
283.815025
 51
312.039064
  0
ARC
  8
APS_GEOMETRY
 10
-102.360269
 20
-462.81289
 40
29.174325
 50
279.272602
 51
283.626995
  0
ARC
  8
APS_GEOMETRY
 10
-104.415046
 20
-450.227381
 40
41.926468
 50
275.640549
 51
279.272602
  0
ARC
  8
APS_GEOMETRY
 10
-105.200605
 20
-442.273597
 40
49.918951
 50
272.587879
 51
275.640549
  0
ARC
  8
APS_GEOMETRY
 10
-106.082728
 20
-422.756634
 40
69.455838
 50
270.0
 51
272.587879
  0
ARC
  8
APS_GEOMETRY
 10
-106.082728
 20
-450.318484
 40
41.893989
 50
262.77406
 51
270.0
  0
ARC
  8
APS_GEOMETRY
 10
-109.859484
 20
-480.10613
 40
11.867871
 50
249.174782
 51
262.77406
  0
ARC
  8
APS_GEOMETRY
 10
-112.232186
 20
-486.34404
 40
5.193948
 50
221.229513
 51
249.174782
  0
ARC
  8
APS_GEOMETRY
 10
-114.301236
 20
-488.15724
 40
2.442829
 50
180.0
 51
221.229513
  0
ARC
  8
APS_GEOMETRY
 10
-114.702769
 20
-488.15724
 40
2.041296
 50
142.696052
 51
180.0
  0
ARC
  8
APS_GEOMETRY
 10
-111.481393
 20
-490.611621
 40
6.091141
 50
121.357085
 51
142.696052
  0
ARC
  8
APS_GEOMETRY
 10
-116.924676
 20
-481.696544
 40
4.354338
 50
301.476839
 51
324.727579
  0
ARC
  8
APS_GEOMETRY
 10
-116.344206
 20
-482.10712
 40
3.64334
 50
324.727579
 51
350.180699
  0
ARC
  8
APS_GEOMETRY
 10
-134.585008
 20
-479.089999
 40
22.131897
 50
350.537678
 51
355.42288
  0
ARC
  8
APS_GEOMETRY
 10
-209.53717
 20
-473.089615
 40
97.323859
 50
355.42288
 51
357.75194
  0
ARC
  8
APS_GEOMETRY
 10
-279.13067
 20
-470.357639
 40
166.970963
 50
357.75194
 51
359.110676
  0
ARC
  8
APS_GEOMETRY
 10
-501.877212
 20
-466.899972
 40
389.744339
 50
359.110676
 51
0.0
  0
ARC
  8
APS_GEOMETRY
 10
-247.35635
 20
-466.899972
 40
135.223477
 50
0.0
 51
1.772875
  0
ARC
  8
APS_GEOMETRY
 10
-167.996338
 20
-464.443591
 40
55.825459
 50
1.772875
 51
4.532262
  0
ARC
  8
APS_GEOMETRY
 10
-143.875405
 20
-462.531566
 40
31.628862
 50
4.532262
 51
9.383565
  0
ARC
  8
APS_GEOMETRY
 10
-119.38204
 20
-458.483933
 40
6.803307
 50
9.383565
 51
19.855214
  0
ARC
  8
APS_GEOMETRY
 10
-116.140291
 20
-457.251272
 40
3.33611
 50
18.853159
 51
42.157862
  0
ARC
  8
APS_GEOMETRY
 10
-118.918629
 20
-459.766794
 40
7.084045
 50
42.157862
 51
58.091893
  0
ARC
  8
APS_GEOMETRY
 10
-106.690035
 20
-440.86966
 40
15.426197
 50
230.710593
 51
236.633634
  0
ARC
  8
APS_GEOMETRY
 10
-114.371534
 20
-450.258158
 40
3.295684
 50
217.874984
 51
230.710593
  0
ARC
  8
APS_GEOMETRY
 10
-115.424644
 20
-451.077244
 40
1.961539
 50
196.927513
 51
217.874984
  0
ARC
  8
APS_GEOMETRY
 10
-114.438627
 20
-450.777152
 40
2.992211
 50
180.0
 51
196.927513
  0
ARC
  8
APS_GEOMETRY
 10
-115.083548
 20
-450.777152
 40
2.34729
 50
148.790867
 51
180.0
  0
ARC
  8
APS_GEOMETRY
 10
-114.467994
 20
-451.15008
 40
3.067
 50
121.568971
 51
148.790867
  0
ARC
  8
APS_GEOMETRY
 10
-113.362836
 20
-452.948669
 40
5.177994
 50
112.805746
 51
121.568971
  0
ARC
  8
APS_GEOMETRY
 10
-110.375523
 20
-460.053213
 40
12.885042
 50
107.25376
 51
112.805746
  0
ARC
  8
APS_GEOMETRY
 10
-108.545799
 20
-465.94452
 40
19.053947
 50
103.486615
 51
107.25376
  0
ARC
  8
APS_GEOMETRY
 10
-104.3553
 20
-483.417185
 40
37.022094
 50
100.784298
 51
103.486615
  0
ARC
  8
APS_GEOMETRY
 10
-103.042753
 20
-488.248102
 40
42.015051
 50
95.643318
 51
101.309932
  0
ARC
  8
APS_GEOMETRY
 10
-103.0086
 20
-488.593732
 40
42.362364
 50
90.0
 51
95.643318
  0
LINE
  8
APS_GEOMETRY
 10
-33.860344
 11
-33.860344
 20
-476.155059
 21
-458.953025
  0
ARC
  8
APS_GEOMETRY
 10
-73.581655
 20
-458.953025
 40
39.721311
 50
0.0
 51
2.403809
  0
ARC
  8
APS_GEOMETRY
 10
-50.064501
 20
-457.965798
 40
16.183445
 50
2.403809
 51
6.170175
  0
ARC
  8
APS_GEOMETRY
 10
-43.015346
 20
-457.203727
 40
9.093217
 50
6.170175
 51
12.824398
  0
ARC
  8
APS_GEOMETRY
 10
-36.115907
 20
-455.633123
 40
2.017268
 50
12.824398
 51
26.980231
  0
ARC
  8
APS_GEOMETRY
 10
-35.793223
 20
-455.468847
 40
1.655174
 50
26.980231
 51
59.649904
  0
ARC
  8
APS_GEOMETRY
 10
-38.831262
 20
-460.657407
 40
7.667731
 50
59.649904
 51
74.666715
  0
ARC
  8
APS_GEOMETRY
 10
-35.329106
 20
-448.158399
 40
5.312942
 50
225.0
 51
253.886582
  0
ARC
  8
APS_GEOMETRY
 10
-37.490011
 20
-450.319304
 40
2.256961
 50
180.0
 51
225.0
  0
ARC
  8
APS_GEOMETRY
 10
-37.07502
 20
-450.319304
 40
2.671952
 50
151.15734
 51
180.0
  0
ARC
  8
APS_GEOMETRY
 10
-37.081208
 20
-450.315896
 40
2.664887
 50
122.275644
 51
151.15734
  0
ARC
  8
APS_GEOMETRY
 10
-36.317223
 20
-451.525539
 40
4.095591
 50
102.308016
 51
122.275644
  0
ARC
  8
APS_GEOMETRY
 10
-34.906856
 20
-457.989721
 40
10.711842
 50
90.0
 51
102.308016
  0
ARC
  8
APS_GEOMETRY
 10
-34.906856
 20
-470.443902
 40
23.166023
 50
88.989003
 51
90.0
  0
ARC
  8
APS_GEOMETRY
 10
-36.854122
 20
-580.78898
 40
133.528281
 50
88.567904
 51
88.989003
  0
ARC
  8
APS_GEOMETRY
 10
-39.60423
 20
-690.79332
 40
243.566992
 50
88.337041
 51
88.567904
  0
ARC
  8
APS_GEOMETRY
 10
-50.262433
 20
-1057.909211
 40
610.837567
 50
88.191261
 51
88.337041
  0
LINE
  8
APS_GEOMETRY
 10
-30.982437
 11
-29.052931
 20
-447.37599
 21
-447.37599
  0
ARC
  8
APS_GEOMETRY
 10
-35.534555
 20
628.573575
 40
1075.969087
 50
270.345151
 51
270.489696
  0
ARC
  8
APS_GEOMETRY
 10
-29.495146
 20
-78.037225
 40
369.332478
 50
270.489696
 51
270.736409
  0
ARC
  8
APS_GEOMETRY
 10
-27.016078
 20
-270.908759
 40
176.445013
 50
270.736409
 51
271.25279
  0
ARC
  8
APS_GEOMETRY
 10
-23.490468
 20
-432.125292
 40
15.189934
 50
271.25279
 51
273.012788
  0
ARC
  8
APS_GEOMETRY
 10
-23.637196
 20
-429.337457
 40
17.981628
 50
273.012788
 51
274.499608
  0
ARC
  8
APS_GEOMETRY
 10
-40.293225
 20
-217.684009
 40
230.289435
 50
274.499608
 51
274.915063
  0
LINE
  8
APS_GEOMETRY
 10
-20.562288
 11
-18.599057
 20
-447.126626
 21
-446.95391
  0
LINE
  8
APS_GEOMETRY
 10
-18.599057
 11
-16.036943
 20
-446.95391
 21
-446.72192
  0
ARC
  8
APS_GEOMETRY
 10
-11.824135
 20
-487.445733
 40
40.941137
 50
93.2397
 51
95.906141
  0
ARC
  8
APS_GEOMETRY
 10
-12.570373
 20
-474.262186
 40
27.736487
 50
90.0
 51
93.2397
  0
ARC
  8
APS_GEOMETRY
 10
-12.570373
 20
-470.078819
 40
23.55312
 50
77.119689
 51
90.0
  0
ARC
  8
APS_GEOMETRY
 10
-11.329516
 20
-464.652383
 40
17.986619
 50
62.370753
 51
77.119689
  0
ARC
  8
APS_GEOMETRY
 10
-9.228578
 20
-460.713323
 40
13.52248
 50
31.214952
 51
62.517479
  0
ARC
  8
APS_GEOMETRY
 10
-9.291936
 20
-460.751716
 40
13.596563
 50
0.0
 51
31.214952
  0
ARC
  8
APS_GEOMETRY
 10
-9.657292
 20
-460.751716
 40
13.961919
 50
334.495861
 51
0.0
  0
ARC
  8
APS_GEOMETRY
 10
-8.970696
 20
-461.079267
 40
13.201193
 50
308.25442
 51
334.495861
  0
ARC
  8
APS_GEOMETRY
 10
-11.070083
 20
-458.312831
 40
16.673559
 50
287.855247
 51
308.033576
  0
ARC
  8
APS_GEOMETRY
 10
-12.472263
 20
-453.959978
 40
21.24668
 50
270.0
 51
287.855247
  0
ARC
  8
APS_GEOMETRY
 10
-12.472263
 20
-443.009743
 40
32.196916
 50
266.917819
 51
270.0
  0
ARC
  8
APS_GEOMETRY
 10
-10.51781
 20
-406.712769
 40
68.546471
 50
264.805571
 51
266.917819
  0
ARC
  8
APS_GEOMETRY
 10
-23.590357
 20
-568.821833
 40
94.094982
 50
85.815084
 51
86.633539
  0
ARC
  8
APS_GEOMETRY
 10
-18.391594
 20
-480.442854
 40
5.56323
 50
86.633539
 51
90.0
  0
ARC
  8
APS_GEOMETRY
 10
-18.391594
 20
-475.700485
 40
0.820862
 50
90.0
 51
139.6859
  0
ARC
  8
APS_GEOMETRY
 10
-18.087106
 20
-475.958838
 40
1.220185
 50
139.6859
 51
180.0
  0
LINE
  8
APS_GEOMETRY
 10
-19.307292
 11
-19.307292
 20
-475.958838
 21
-476.155059
  0
LINE
  8
APS_GEOMETRY
 10
-19.307292
 11
-19.078367
 20
-476.155059
 21
-481.518432
  0
ARC
  8
APS_GEOMETRY
 10
-11.327914
 20
-481.195496
 40
7.757178
 50
182.385944
 51
193.753071
  0
ARC
  8
APS_GEOMETRY
 10
-16.325957
 20
-482.418793
 40
2.611608
 50
193.753071
 51
213.407825
  0
ARC
  8
APS_GEOMETRY
 10
-16.269733
 20
-482.381709
 40
2.678961
 50
213.407825
 51
232.62815
  0
ARC
  8
APS_GEOMETRY
 10
-11.759316
 20
-476.476318
 40
10.109809
 50
232.62815
 51
242.487997
  0
ARC
  8
APS_GEOMETRY
 10
-19.282044
 20
-490.740646
 40
6.017001
 50
40.539152
 51
61.699244
  0
ARC
  8
APS_GEOMETRY
 10
-15.99378
 20
-487.928315
 40
1.690122
 50
0.0
 51
40.539152
  0
ARC
  8
APS_GEOMETRY
 10
-16.573137
 20
-487.928315
 40
2.269479
 50
315.296867
 51
0.0
  0
ARC
  8
APS_GEOMETRY
 10
-19.642582
 20
-484.890514
 40
6.588012
 50
289.502449
 51
315.296867
  0
ARC
  8
APS_GEOMETRY
 10
-21.89206
 20
-478.539045
 40
13.326061
 50
282.372155
 51
289.502449
  0
ARC
  8
APS_GEOMETRY
 10
-24.254691
 20
-467.768228
 40
24.352962
 50
277.099184
 51
282.372155
  0
ARC
  8
APS_GEOMETRY
 10
-25.226065
 20
-459.968665
 40
32.212781
 50
273.103908
 51
277.099184
  0
ARC
  8
APS_GEOMETRY
 10
-26.371245
 20
-438.850204
 40
53.362268
 50
270.0
 51
273.103908
  0
ARC
  8
APS_GEOMETRY
 10
-26.371245
 20
-439.489847
 40
52.722625
 50
263.472919
 51
270.0
  0
ARC
  8
APS_GEOMETRY
 10
-30.703778
 20
-477.356864
 40
14.608562
 50
251.055563
 51
263.472919
  0
ARC
  8
APS_GEOMETRY
 10
-33.485793
 20
-485.461948
 40
6.039315
 50
224.160841
 51
251.055563
  0
ARC
  8
APS_GEOMETRY
 10
-36.160188
 20
-488.059129
 40
2.311348
 50
180.0
 51
224.160841
  0
ARC
  8
APS_GEOMETRY
 10
-35.680428
 20
-488.059129
 40
2.791108
 50
160.820992
 51
180.0
  0
ARC
  8
APS_GEOMETRY
 10
-36.851115
 20
-487.651934
 40
1.551625
 50
135.0
 51
160.820992
  0
ARC
  8
APS_GEOMETRY
 10
-35.744565
 20
-488.758483
 40
3.116523
 50
121.522177
 51
135.0
  0
ARC
  8
APS_GEOMETRY
 10
-23.259528
 20
-509.114522
 40
26.996315
 50
116.952179
 51
121.522177
  0
ARC
  8
APS_GEOMETRY
 10
-36.892467
 20
-482.403559
 40
2.992871
 50
297.824096
 51
321.604835
  0
ARC
  8
APS_GEOMETRY
 10
-36.203074
 20
-482.94987
 40
2.113258
 50
321.604835
 51
349.99202
  0
ARC
  8
APS_GEOMETRY
 10
-39.402406
 20
-482.385282
 40
5.362025
 50
349.99202
 51
356.013707
  0
ARC
  8
APS_GEOMETRY
 10
-88.065218
 20
-478.994145
 40
54.142852
 50
356.013707
 51
357.907934
  0
ARC
  8
APS_GEOMETRY
 10
-144.869432
 20
-476.919105
 40
110.984954
 50
357.907934
 51
358.832845
  0
ARC
  8
APS_GEOMETRY
 10
-350.265774
 20
-472.73446
 40
316.423919
 50
358.832845
 51
359.38061
  0
LINE
  8
APS_GEOMETRY
 10
-19.078367
 11
-19.078367
 20
-454.799682
 21
-465.918868
  0
ARC
  8
APS_GEOMETRY
 10
-15.703963
 20
-465.918868
 40
3.374405
 50
180.0
 51
199.885165
  0
ARC
  8
APS_GEOMETRY
 10
-18.228852
 20
-466.832125
 40
0.689427
 50
199.885165
 51
244.798876
  0
ARC
  8
APS_GEOMETRY
 10
-16.777708
 20
-463.84191
 40
4.01312
 50
244.230672
 51
258.996459
  0
ARC
  8
APS_GEOMETRY
 10
-16.167757
 20
-460.705019
 40
7.208761
 50
258.996459
 51
270.0
  0
ARC
  8
APS_GEOMETRY
 10
-16.167757
 20
-461.463308
 40
6.450472
 50
270.0
 51
288.434949
  0
ARC
  8
APS_GEOMETRY
 10
-15.704992
 20
-462.851602
 40
4.987082
 50
288.434949
 51
309.427802
  0
ARC
  8
APS_GEOMETRY
 10
-15.536498
 20
-463.025943
 40
4.745445
 50
309.193273
 51
339.939397
  0
ARC
  8
APS_GEOMETRY
 10
-21.406151
 20
-460.88253
 40
10.994208
 50
339.939397
 51
0.0
  0
ARC
  8
APS_GEOMETRY
 10
-20.759795
 20
-460.88253
 40
10.347852
 50
0.0
 51
22.011283
  0
ARC
  8
APS_GEOMETRY
 10
-16.175058
 20
-459.029126
 40
5.40266
 50
22.011283
 51
52.650651
  0
ARC
  8
APS_GEOMETRY
 10
-16.24582
 20
-459.078161
 40
5.484635
 50
52.373766
 51
72.30911
  0
ARC
  8
APS_GEOMETRY
 10
-16.691013
 20
-460.473898
 40
6.949653
 50
72.30911
 51
90.0
  0
ARC
  8
APS_GEOMETRY
 10
-16.691013
 20
-457.576124
 40
4.051879
 50
90.0
 51
118.113209
  0
ARC
  8
APS_GEOMETRY
 10
-18.174318
 20
-454.799682
 40
0.90405
 50
118.113209
 51
180.0
  0
ARC
  8
APS_GEOMETRY
 10
33.659278
 20
-471.783967
 40
25.781524
 50
71.909511
 51
90.0
  0
ARC
  8
APS_GEOMETRY
 10
34.657778
 20
-468.727335
 40
22.565936
 50
52.561428
 51
71.909511
  0
ARC
  8
APS_GEOMETRY
 10
34.39625
 20
-468.803397
 40
22.785888
 50
38.846006
 51
52.155542
  0
ARC
  8
APS_GEOMETRY
 10
30.824117
 20
-471.680192
 40
27.372399
 50
26.707224
 51
38.846006
  0
ARC
  8
APS_GEOMETRY
 10
31.531251
 20
-471.10228
 40
26.481717
 50
13.867603
 51
26.277857
  0
ARC
  8
APS_GEOMETRY
 10
36.630972
 20
-469.843286
 40
21.228887
 50
0.0
 51
13.867603
  0
ARC
  8
APS_GEOMETRY
 10
36.961179
 20
-469.843286
 40
20.898681
 50
339.712247
 51
0.0
  0
ARC
  8
APS_GEOMETRY
 10
35.784676
 20
-469.40837
 40
22.152997
 50
320.013114
 51
339.712247
  0
ARC
  8
APS_GEOMETRY
 10
35.589577
 20
-469.300823
 40
22.371633
 50
303.343757
 51
320.123166
  0
ARC
  8
APS_GEOMETRY
 10
33.293848
 20
-465.811719
 40
26.548261
 50
287.949403
 51
303.343757
  0
ARC
  8
APS_GEOMETRY
 10
32.539594
 20
-463.196609
 40
29.268668
 50
279.039483
 51
287.776406
  0
ARC
  8
APS_GEOMETRY
 10
32.841691
 20
-465.095504
 40
27.345893
 50
270.0
 51
279.039483
  0
ARC
  8
APS_GEOMETRY
 10
32.841691
 20
-466.430544
 40
26.010853
 50
257.72804
 51
270.0
  0
ARC
  8
APS_GEOMETRY
 10
32.882619
 20
-466.242389
 40
26.203407
 50
245.501426
 51
257.72804
  0
ARC
  8
APS_GEOMETRY
 10
31.409913
 20
-469.465164
 40
22.660086
 50
228.665185
 51
245.510859
  0
ARC
  8
APS_GEOMETRY
 10
30.920116
 20
-470.022005
 40
21.918485
 50
211.534792
 51
228.665185
  0
ARC
  8
APS_GEOMETRY
 10
31.562094
 20
-469.550563
 40
22.712325
 50
195.642246
 51
211.70143
  0
ARC
  8
APS_GEOMETRY
 10
32.735819
 20
-469.22192
 40
23.931193
 50
180.0
 51
195.642246
  0
ARC
  8
APS_GEOMETRY
 10
32.987386
 20
-469.22192
 40
24.182759
 50
162.181111
 51
180.0
  0
ARC
  8
APS_GEOMETRY
 10
30.780893
 20
-468.51269
 40
21.865083
 50
143.433519
 51
162.181111
  0
ARC
  8
APS_GEOMETRY
 10
30.48401
 20
-468.274908
 40
21.484982
 50
126.384352
 51
143.471145
  0
ARC
  8
APS_GEOMETRY
 10
32.518141
 20
-471.035515
 40
24.91407
 50
110.525108
 51
126.384352
  0
ARC
  8
APS_GEOMETRY
 10
32.417453
 20
-470.285899
 40
24.177325
 50
99.7697
 51
110.924502
  0
ARC
  8
APS_GEOMETRY
 10
33.659278
 20
-477.498037
 40
31.495593
 50
90.0
 51
99.7697
  0
ARC
  8
APS_GEOMETRY
 10
30.552447
 20
-460.195501
 40
4.807157
 50
90.0
 51
119.604451
  0
ARC
  8
APS_GEOMETRY
 10
30.973489
 20
-460.936536
 40
5.659453
 50
119.604451
 51
146.842076
  0
ARC
  8
APS_GEOMETRY
 10
31.819666
 20
-461.630303
 40
6.74833
 50
145.840305
 51
164.054604
  0
ARC
  8
APS_GEOMETRY
 10
33.780951
 20
-462.19067
 40
8.788097
 50
164.054604
 51
180.0
  0
ARC
  8
APS_GEOMETRY
 10
46.045407
 20
-462.19067
 40
21.052553
 50
180.0
 51
189.976729
  0
ARC
  8
APS_GEOMETRY
 10
64.697004
 20
-458.9097
 40
39.990527
 50
189.976729
 51
197.211115
  0
ARC
  8
APS_GEOMETRY
 10
68.776518
 20
-457.646013
 40
44.261281
 50
197.211115
 51
203.760424
  0
ARC
  8
APS_GEOMETRY
 10
58.613818
 20
-462.119915
 40
33.157396
 50
203.760424
 51
211.328693
  0
ARC
  8
APS_GEOMETRY
 10
37.745681
 20
-474.64366
 40
8.821499
 50
212.319617
 51
224.440823
  0
ARC
  8
APS_GEOMETRY
 10
36.890261
 20
-475.482544
 40
7.623388
 50
224.440823
 51
237.483626
  0
ARC
  8
APS_GEOMETRY
 10
36.337467
 20
-476.349709
 40
6.595013
 50
237.483626
 51
252.415923
  0
ARC
  8
APS_GEOMETRY
 10
35.785005
 20
-478.092972
 40
4.766303
 50
252.415923
 51
270.0
  0
ARC
  8
APS_GEOMETRY
 10
35.785005
 20
-477.527814
 40
5.331461
 50
270.0
 51
294.952847
  0
ARC
  8
APS_GEOMETRY
 10
35.934378
 20
-477.848836
 40
4.977388
 50
294.952847
 51
320.792796
  0
ARC
  8
APS_GEOMETRY
 10
35.133729
 20
-477.195674
 40
6.010664
 50
320.792796
 51
342.776564
  0
ARC
  8
APS_GEOMETRY
 10
31.565917
 20
-476.089652
 40
9.745978
 50
342.776564
 51
0.0
  0
ARC
  8
APS_GEOMETRY
 10
14.804797
 20
-476.089652
 40
26.507098
 50
0.0
 51
8.498559
  0
ARC
  8
APS_GEOMETRY
 10
3.137468
 20
-477.833046
 40
38.30396
 50
8.498559
 51
15.566318
  0
ARC
  8
APS_GEOMETRY
 10
4.540282
 20
-477.442262
 40
36.847733
 50
15.566318
 51
22.908635
  0
ARC
  8
APS_GEOMETRY
 10
16.603985
 20
-472.344212
 40
23.751053
 50
22.908635
 51
32.057376
  0
ARC
  8
APS_GEOMETRY
 10
26.07972
 20
-466.374631
 40
12.551777
 50
31.920876
 51
42.510447
  0
ARC
  8
APS_GEOMETRY
 10
28.681763
 20
-463.989424
 40
9.021927
 50
42.510447
 51
55.00798
  0
ARC
  8
APS_GEOMETRY
 10
29.560636
 20
-462.733892
 40
7.489354
 50
55.00798
 51
69.880367
  0
ARC
  8
APS_GEOMETRY
 10
30.348753
 20
-460.582547
 40
5.198196
 50
69.880367
 51
87.754257
  0
ARC
  8
APS_GEOMETRY
 10
84.173086
 20
-475.206373
 40
2.419773
 50
90.0
 51
115.836754
  0
ARC
  8
APS_GEOMETRY
 10
83.577309
 20
-473.975963
 40
1.05271
 50
115.836754
 51
155.462272
  0
ARC
  8
APS_GEOMETRY
 10
84.27259
 20
-474.293374
 40
1.817018
 50
155.462272
 51
168.366366
  0
ARC
  8
APS_GEOMETRY
 10
90.618578
 20
-475.599901
 40
8.296105
 50
168.366366
 51
174.395461
  0
ARC
  8
APS_GEOMETRY
 10
97.014213
 20
-476.22751
 40
14.722461
 50
174.395461
 51
177.813405
  0
ARC
  8
APS_GEOMETRY
 10
118.242737
 20
-477.038054
 40
35.966453
 50
177.813405
 51
180.0
  0
ARC
  8
APS_GEOMETRY
 10
133.611007
 20
-477.038054
 40
51.334724
 50
180.0
 51
184.619923
  0
ARC
  8
APS_GEOMETRY
 10
99.191178
 20
-479.819454
 40
16.802697
 50
184.619923
 51
192.699584
  0
ARC
  8
APS_GEOMETRY
 10
85.921036
 20
-482.73297
 40
3.217564
 50
194.036243
 51
205.820992
  0
ARC
  8
APS_GEOMETRY
 10
84.515681
 20
-483.412981
 40
1.656336
 50
205.820992
 51
222.273689
  0
ARC
  8
APS_GEOMETRY
 10
84.946208
 20
-483.021593
 40
2.238175
 50
222.273689
 51
234.605204
  0
ARC
  8
APS_GEOMETRY
 10
89.806597
 20
-476.181045
 40
10.629629
 50
234.605204
 51
240.255119
  0
ARC
  8
APS_GEOMETRY
 10
82.417879
 20
-489.255502
 40
4.388594
 50
34.592289
 51
61.189206
  0
ARC
  8
APS_GEOMETRY
 10
83.8681
 20
-488.25535
 40
2.626934
 50
0.0
 51
34.592289
  0
ARC
  8
APS_GEOMETRY
 10
83.955769
 20
-488.25535
 40
2.539265
 50
318.230949
 51
0.0
  0
ARC
  8
APS_GEOMETRY
 10
82.257625
 20
-486.738684
 40
4.816098
 50
288.227257
 51
318.230949
  0
ARC
  8
APS_GEOMETRY
 10
80.496523
 20
-481.390838
 40
10.446456
 50
280.377402
 51
288.227257
  0
ARC
  8
APS_GEOMETRY
 10
77.426665
 20
-464.62726
 40
27.488803
 50
275.540609
 51
280.377402
  0
ARC
  8
APS_GEOMETRY
 10
76.103752
 20
-450.989607
 40
41.19047
 50
272.304132
 51
275.540609
  0
ARC
  8
APS_GEOMETRY
 10
74.492854
 20
-410.953745
 40
81.258728
 50
270.0
 51
272.304132
  0
ARC
  8
APS_GEOMETRY
 10
74.492854
 20
-444.412477
 40
47.799995
 50
262.811463
 51
270.0
  0
ARC
  8
APS_GEOMETRY
 10
70.203771
 20
-478.418779
 40
13.524277
 50
249.274441
 51
262.811463
  0
ARC
  8
APS_GEOMETRY
 10
67.505828
 20
-485.549056
 40
5.900647
 50
221.378515
 51
249.274441
  0
ARC
  8
APS_GEOMETRY
 10
65.139154
 20
-487.633984
 40
2.746591
 50
180.0
 51
221.378515
  0
ARC
  8
APS_GEOMETRY
 10
65.121037
 20
-487.633984
 40
2.728474
 50
164.054604
 51
180.0
  0
ARC
  8
APS_GEOMETRY
 10
63.983629
 20
-487.30901
 40
1.545552
 50
142.815294
 51
164.054604
  0
ARC
  8
APS_GEOMETRY
 10
64.699462
 20
-487.852056
 40
2.444059
 50
129.007473
 51
142.815294
  0
ARC
  8
APS_GEOMETRY
 10
73.491422
 20
-498.706327
 40
16.412372
 50
123.690068
 51
129.007473
  0
ARC
  8
APS_GEOMETRY
 10
61.01494
 20
-479.933457
 40
6.128392
 50
303.388514
 51
319.02199
  0
ARC
  8
APS_GEOMETRY
 10
62.673454
 20
-481.374064
 40
3.931572
 50
319.02199
 51
338.574706
  0
ARC
  8
APS_GEOMETRY
 10
60.453959
 20
-480.503123
 40
6.315832
 50
338.574706
 51
351.048929
  0
ARC
  8
APS_GEOMETRY
 10
33.647882
 20
-476.28092
 40
33.45239
 50
351.048929
 51
356.460441
  0
ARC
  8
APS_GEOMETRY
 10
42.483903
 20
-476.61714
 40
24.613362
 50
355.971736
 51
358.680054
  0
ARC
  8
APS_GEOMETRY
 10
-247.70703
 20
-469.930713
 40
314.881317
 50
358.680054
 51
359.437191
  0
LINE
  8
APS_GEOMETRY
 10
67.159096
 11
67.189756
 20
-473.0237
 21
-468.112045
  0
LINE
  8
APS_GEOMETRY
 10
67.189756
 11
67.199976
 20
-468.112045
 21
-461.700118
  0
ARC
  8
APS_GEOMETRY
 10
-8.609264
 20
-461.700118
 40
75.80924
 50
0.0
 51
1.717132
  0
ARC
  8
APS_GEOMETRY
 10
31.959248
 20
-460.483931
 40
35.222502
 50
1.717132
 51
4.236395
  0
ARC
  8
APS_GEOMETRY
 10
45.188481
 20
-459.503988
 40
21.957024
 50
4.236395
 51
8.268833
  0
ARC
  8
APS_GEOMETRY
 10
60.412153
 20
-457.291551
 40
6.573427
 50
8.268833
 51
15.642246
  0
ARC
  8
APS_GEOMETRY
 10
63.032138
 20
-456.557955
 40
3.852677
 50
15.642246
 51
39.417394
  0
ARC
  8
APS_GEOMETRY
 10
63.091054
 20
-456.509531
 40
3.776414
 50
39.417394
 51
63.434949
  0
ARC
  8
APS_GEOMETRY
 10
69.892394
 20
-442.419949
 40
11.86934
 50
236.873849
 51
244.48613
  0
ARC
  8
APS_GEOMETRY
 10
64.832922
 20
-450.173424
 40
2.611121
 50
220.601295
 51
236.873849
  0
ARC
  8
APS_GEOMETRY
 10
64.252606
 20
-450.670839
 40
1.846799
 50
198.245855
 51
220.601295
  0
ARC
  8
APS_GEOMETRY
 10
65.120528
 20
-450.384711
 40
2.760668
 50
180.0
 51
198.245855
  0
ARC
  8
APS_GEOMETRY
 10
65.107444
 20
-450.384711
 40
2.747584
 50
156.16126
 51
180.0
  0
ARC
  8
APS_GEOMETRY
 10
65.490656
 20
-450.554037
 40
3.166539
 50
133.97697
 51
156.16126
  0
ARC
  8
APS_GEOMETRY
 10
66.25411
 20
-451.345253
 40
4.266032
 50
116.995838
 51
133.97697
  0
ARC
  8
APS_GEOMETRY
 10
67.770951
 20
-454.322756
 40
7.607638
 50
104.300277
 51
116.995838
  0
ARC
  8
APS_GEOMETRY
 10
68.162926
 20
-455.828739
 40
9.16378
 50
95.325741
 51
104.349332
  0
ARC
  8
APS_GEOMETRY
 10
69.750848
 20
-472.862815
 40
26.271709
 50
90.0
 51
95.325741
  0
ARC
  8
APS_GEOMETRY
 10
69.750848
 20
-459.604064
 40
13.012958
 50
87.552951
 51
90.0
  0
ARC
  8
APS_GEOMETRY
 10
66.982148
 20
-524.391638
 40
77.859665
 50
86.552613
 51
87.552951
  0
ARC
  8
APS_GEOMETRY
 10
63.045599
 20
-589.738357
 40
143.324848
 50
86.009087
 51
86.552613
  0
ARC
  8
APS_GEOMETRY
 10
47.737697
 20
-809.151617
 40
363.271456
 50
85.667686
 51
86.009087
  0
ARC
  8
APS_GEOMETRY
 10
76.385804
 20
-431.840929
 40
15.125382
 50
265.426079
 51
268.531199
  0
ARC
  8
APS_GEOMETRY
 10
77.730499
 20
-379.397818
 40
67.58573
 50
268.531199
 51
270.0
  0
ARC
  8
APS_GEOMETRY
 10
77.730499
 20
-395.472916
 40
51.510632
 50
270.0
 51
271.636577
  0
ARC
  8
APS_GEOMETRY
 10
76.579512
 20
-355.188373
 40
91.811614
 50
271.636577
 51
272.862405
  0
ARC
  8
APS_GEOMETRY
 10
75.258033
 20
-328.758795
 40
118.274209
 50
272.862405
 51
273.814075
  0
ARC
  8
APS_GEOMETRY
 10
70.784442
 20
-261.654932
 40
185.527026
 50
273.814075
 51
274.573921
  0
ARC
  8
APS_GEOMETRY
 10
98.846519
 20
-626.645727
 40
180.54275
 50
93.719877
 51
94.214179
  0
ARC
  8
APS_GEOMETRY
 10
92.857422
 20
-534.527708
 40
88.230244
 50
93.012788
 51
93.719877
  0
ARC
  8
APS_GEOMETRY
 10
91.215534
 20
-503.331837
 40
56.991196
 50
91.91828
 51
93.012788
  0
ARC
  8
APS_GEOMETRY
 10
89.9289
 20
-464.916637
 40
18.554456
 50
90.0
 51
91.91828
  0
ARC
  8
APS_GEOMETRY
 10
89.9289
 20
-470.470758
 40
24.108577
 50
73.820397
 51
90.0
  0
ARC
  8
APS_GEOMETRY
 10
92.305034
 20
-462.281172
 40
15.581248
 50
53.657551
 51
73.820397
  0
ARC
  8
APS_GEOMETRY
 10
95.684776
 20
-457.661681
 40
9.857439
 50
26.029592
 51
53.569142
  0
ARC
  8
APS_GEOMETRY
 10
94.647739
 20
-458.168141
 40
11.011539
 50
0.0
 51
26.029592
  0
ARC
  8
APS_GEOMETRY
 10
94.216262
 20
-458.168141
 40
11.443017
 50
345.281696
 51
0.0
  0
ARC
  8
APS_GEOMETRY
 10
95.317023
 20
-458.457296
 40
10.30491
 50
329.767161
 51
345.281696
  0
ARC
  8
APS_GEOMETRY
 10
95.940662
 20
-458.820742
 40
9.583094
 50
313.168137
 51
329.767161
  0
ARC
  8
APS_GEOMETRY
 10
96.171597
 20
-459.066936
 40
9.24554
 50
296.266638
 51
313.168137
  0
ARC
  8
APS_GEOMETRY
 10
101.434742
 20
-469.700901
 40
2.619643
 50
116.565051
 51
139.899092
  0
ARC
  8
APS_GEOMETRY
 10
100.12808
 20
-468.600554
 40
0.911389
 50
139.899092
 51
180.0
  0
ARC
  8
APS_GEOMETRY
 10
100.229393
 20
-468.600554
 40
1.012702
 50
180.0
 51
226.193489
  0
ARC
  8
APS_GEOMETRY
 10
102.100324
 20
-466.650008
 40
3.715481
 50
226.193489
 51
249.829347
  0
ARC
  8
APS_GEOMETRY
 10
96.739184
 20
-481.411241
 40
11.989195
 50
53.249344
 51
70.104569
  0
ARC
  8
APS_GEOMETRY
 10
99.174459
 20
-478.150089
 40
7.9191
 50
32.471192
 51
53.249344
  0
ARC
  8
APS_GEOMETRY
 10
98.039451
 20
-478.872368
 40
9.264437
 50
23.304891
 51
32.471192
  0
ARC
  8
APS_GEOMETRY
 10
91.029351
 20
-481.892103
 40
16.89728
 50
16.520892
 51
23.304891
  0
ARC
  8
APS_GEOMETRY
 10
85.563825
 20
-483.513234
 40
22.598161
 50
11.429216
 51
16.520892
  0
ARC
  8
APS_GEOMETRY
 10
70.073961
 20
-486.644759
 40
38.401399
 50
7.52382
 51
11.429216
  0
ARC
  8
APS_GEOMETRY
 10
121.402155
 20
-479.808713
 40
13.380105
 50
187.765166
 51
196.914179
  0
ARC
  8
APS_GEOMETRY
 10
110.458923
 20
-483.13648
 40
1.942082
 50
196.914179
 51
221.081751
  0
ARC
  8
APS_GEOMETRY
 10
110.500645
 20
-483.100106
 40
1.997434
 50
221.081751
 51
244.607077
  0
ARC
  8
APS_GEOMETRY
 10
115.174032
 20
-473.254837
 40
12.895593
 50
244.607077
 51
253.810794
  0
ARC
  8
APS_GEOMETRY
 10
111.065222
 20
-487.264798
 40
1.704862
 50
51.449535
 51
72.474432
  0
ARC
  8
APS_GEOMETRY
 10
110.643376
 20
-487.794173
 40
2.381761
 50
33.690068
 51
51.449535
  0
ARC
  8
APS_GEOMETRY
 10
110.544722
 20
-487.859943
 40
2.500329
 50
16.638806
 51
33.690068
  0
ARC
  8
APS_GEOMETRY
 10
110.425368
 20
-487.895612
 40
2.624898
 50
0.0
 51
16.638806
  0
ARC
  8
APS_GEOMETRY
 10
110.388743
 20
-487.895612
 40
2.661524
 50
338.993211
 51
0.0
  0
ARC
  8
APS_GEOMETRY
 10
108.763606
 20
-487.271559
 40
4.40236
 50
322.696052
 51
338.993211
  0
ARC
  8
APS_GEOMETRY
 10
108.158104
 20
-486.810224
 40
5.163585
 50
308.603415
 51
322.696052
  0
ARC
  8
APS_GEOMETRY
 10
107.741397
 20
-486.288288
 40
5.831464
 50
295.346176
 51
308.603415
  0
ARC
  8
APS_GEOMETRY
 10
105.5502
 20
-481.462106
 40
11.131419
 50
279.582945
 51
294.904769
  0
ARC
  8
APS_GEOMETRY
 10
102.683261
 20
-464.481002
 40
28.352836
 50
270.0
 51
279.582945
  0
ARC
  8
APS_GEOMETRY
 10
102.683261
 20
-472.162152
 40
20.671686
 50
261.247402
 51
270.0
  0
ARC
  8
APS_GEOMETRY
 10
101.35913
 20
-480.762577
 40
11.969926
 50
249.737083
 51
261.247402
  0
ARC
  8
APS_GEOMETRY
 10
100.48871
 20
-483.120316
 40
9.456649
 50
235.344857
 51
249.737083
  0
ARC
  8
APS_GEOMETRY
 10
99.389558
 20
-484.710351
 40
7.523686
 50
219.198413
 51
235.344857
  0
ARC
  8
APS_GEOMETRY
 10
101.702548
 20
-482.73809
 40
10.562859
 50
209.075569
 51
219.559668
  0
ARC
  8
APS_GEOMETRY
 10
107.043288
 20
-479.768454
 40
16.673689
 50
200.735234
 51
209.075569
  0
ARC
  8
APS_GEOMETRY
 10
114.41283
 20
-476.978556
 40
24.553643
 50
197.881035
 51
200.735234
  0
ARC
  8
APS_GEOMETRY
 10
144.694331
 20
-467.208966
 40
56.3721
 50
195.997451
 51
197.881035
  0
ARC
  8
APS_GEOMETRY
 10
167.076271
 20
-460.792126
 40
79.655722
 50
194.663974
 51
195.997451
  0
ARC
  8
APS_GEOMETRY
 10
229.071506
 20
-444.569637
 40
143.738313
 50
193.671307
 51
194.663974
  0
ARC
  8
APS_GEOMETRY
 10
71.861014
 20
-482.790062
 40
18.051498
 50
13.609732
 51
23.584501
  0
ARC
  8
APS_GEOMETRY
 10
83.680444
 20
-477.630086
 40
5.154821
 50
23.584501
 51
42.31023
  0
ARC
  8
APS_GEOMETRY
 10
84.752453
 20
-476.654283
 40
3.705202
 50
42.31023
 51
67.520566
  0
ARC
  8
APS_GEOMETRY
 10
83.904091
 20
-478.70449
 40
5.924
 50
67.520566
 51
87.397438
  0
LINE
  8
APS_GEOMETRY
 10
82.308987
 11
81.949249
 20
-456.107821
 21
-463.727734
  0
LINE
  8
APS_GEOMETRY
 10
81.949249
 11
81.949249
 20
-463.727734
 21
-463.850372
  0
LINE
  8
APS_GEOMETRY
 10
81.949249
 11
81.949249
 20
-463.850372
 21
-464.022065
  0
ARC
  8
APS_GEOMETRY
 10
87.243542
 20
-464.022065
 40
5.294293
 50
180.0
 51
192.339087
  0
ARC
  8
APS_GEOMETRY
 10
83.03436
 20
-464.942824
 40
0.98558
 50
192.339087
 51
221.185925
  0
ARC
  8
APS_GEOMETRY
 10
82.933984
 20
-465.030653
 40
0.852203
 50
221.185925
 51
253.872424
  0
ARC
  8
APS_GEOMETRY
 10
83.64983
 20
-462.555016
 40
3.429258
 50
253.872424
 51
270.0
  0
ARC
  8
APS_GEOMETRY
 10
83.64983
 20
-458.013677
 40
7.970597
 50
270.0
 51
289.56871
  0
ARC
  8
APS_GEOMETRY
 10
85.098875
 20
-462.09011
 40
3.644278
 50
289.56871
 51
318.680622
  0
ARC
  8
APS_GEOMETRY
 10
84.706923
 20
-461.745537
 40
4.166157
 50
318.680622
 51
344.628325
  0
ARC
  8
APS_GEOMETRY
 10
77.404174
 20
-459.737908
 40
11.739843
 50
344.628325
 51
0.0
  0
ARC
  8
APS_GEOMETRY
 10
80.875984
 20
-459.737908
 40
8.268032
 50
0.0
 51
35.36883
  0
ARC
  8
APS_GEOMETRY
 10
84.663639
 20
-457.049262
 40
3.623127
 50
35.36883
 51
90.0
  0
ARC
  8
APS_GEOMETRY
 10
84.663639
 20
-457.08907
 40
3.662935
 50
90.0
 51
108.434949
  0
ARC
  8
APS_GEOMETRY
 10
83.950978
 20
-454.95109
 40
1.409306
 50
108.434949
 51
138.366461
  0
ARC
  8
APS_GEOMETRY
 10
84.142257
 20
-455.121115
 40
1.665228
 50
138.366461
 51
164.291362
  0
ARC
  8
APS_GEOMETRY
 10
88.627287
 20
-456.38253
 40
6.324268
 50
164.291362
 51
177.510447
  0
LINE
  8
APS_GEOMETRY
 10
132.822796
 11
150.057534
 20
-446.918141
 21
-446.918141
  0
ARC
  8
APS_GEOMETRY
 10
149.185937
 20
-422.222889
 40
24.710628
 50
272.021365
 51
278.440365
  0
ARC
  8
APS_GEOMETRY
 10
150.158679
 20
-428.778326
 40
18.083413
 50
278.440365
 51
285.945396
  0
ARC
  8
APS_GEOMETRY
 10
157.475819
 20
-454.975626
 40
9.117519
 50
98.583621
 51
104.931417
  0
ARC
  8
APS_GEOMETRY
 10
156.85986
 20
-450.894896
 40
4.990564
 50
90.0
 51
98.583621
  0
ARC
  8
APS_GEOMETRY
 10
156.85986
 20
-449.656025
 40
3.751692
 50
52.870717
 51
90.0
  0
ARC
  8
APS_GEOMETRY
 10
151.77126
 20
-456.377216
 40
12.181891
 50
32.517511
 51
52.870717
  0
ARC
  8
APS_GEOMETRY
 10
147.740038
 20
-458.94712
 40
16.962598
 50
17.208621
 51
32.517511
  0
ARC
  8
APS_GEOMETRY
 10
151.099908
 20
-457.906513
 40
13.445271
 50
0.0
 51
17.208621
  0
ARC
  8
APS_GEOMETRY
 10
157.827748
 20
-457.906513
 40
6.717431
 50
337.348108
 51
0.0
  0
ARC
  8
APS_GEOMETRY
 10
160.527663
 20
-459.033249
 40
3.791842
 50
307.042475
 51
337.348108
  0
ARC
  8
APS_GEOMETRY
 10
160.058414
 20
-458.388548
 40
4.589135
 50
287.185706
 51
306.869898
  0
ARC
  8
APS_GEOMETRY
 10
159.639656
 20
-457.034566
 40
6.006395
 50
270.0
 51
287.185706
  0
ARC
  8
APS_GEOMETRY
 10
159.639656
 20
-457.647475
 40
5.393486
 50
252.221439
 51
270.0
  0
ARC
  8
APS_GEOMETRY
 10
159.388571
 20
-458.430519
 40
4.57117
 50
232.895765
 51
252.221439
  0
ARC
  8
APS_GEOMETRY
 10
160.359099
 20
-457.147449
 40
6.179957
 50
218.299689
 51
232.895765
  0
ARC
  8
APS_GEOMETRY
 10
167.939336
 20
-451.161005
 40
15.83902
 50
209.197486
 51
218.299689
  0
ARC
  8
APS_GEOMETRY
 10
129.385567
 20
-472.048869
 40
28.011657
 50
28.024501
 51
32.699461
  0
ARC
  8
APS_GEOMETRY
 10
149.541675
 20
-459.109146
 40
4.059515
 50
32.699461
 51
45.0
  0
ARC
  8
APS_GEOMETRY
 10
150.915981
 20
-457.734839
 40
2.115953
 50
45.0
 51
67.557247
  0
ARC
  8
APS_GEOMETRY
 10
150.907825
 20
-457.754586
 40
2.137317
 50
67.557247
 51
90.0
  0
ARC
  8
APS_GEOMETRY
 10
150.907825
 20
-457.586055
 40
1.968787
 50
90.0
 51
120.801446
  0
ARC
  8
APS_GEOMETRY
 10
150.841296
 20
-457.474459
 40
1.838864
 50
120.801446
 51
152.700428
  0
ARC
  8
APS_GEOMETRY
 10
152.300107
 20
-458.227394
 40
3.480522
 50
152.700428
 51
171.085073
  0
ARC
  8
APS_GEOMETRY
 10
163.38903
 20
-459.966833
 40
14.705043
 50
171.085073
 51
180.0
  0
LINE
  8
APS_GEOMETRY
 10
148.683987
 11
148.683987
 20
-459.966833
 21
-478.280786
  0
ARC
  8
APS_GEOMETRY
 10
168.111058
 20
-478.280786
 40
19.42707
 50
180.0
 51
188.194263
  0
ARC
  8
APS_GEOMETRY
 10
153.603481
 20
-480.369877
 40
4.769851
 50
188.194263
 51
204.775141
  0
ARC
  8
APS_GEOMETRY
 10
152.194017
 20
-481.020399
 40
3.217508
 50
204.775141
 51
228.576334
  0
ARC
  8
APS_GEOMETRY
 10
153.516334
 20
-479.521773
 40
5.216108
 50
228.576334
 51
247.217594
  0
ARC
  8
APS_GEOMETRY
 10
145.847434
 20
-497.593927
 40
14.415923
 50
59.381395
 51
66.929588
  0
ARC
  8
APS_GEOMETRY
 10
151.50866
 20
-488.028407
 40
3.30068
 50
43.567904
 51
59.381395
  0
ARC
  8
APS_GEOMETRY
 10
152.414257
 20
-487.166985
 40
2.050818
 50
19.041231
 51
43.567904
  0
ARC
  8
APS_GEOMETRY
 10
151.155915
 20
-487.60128
 40
3.381997
 50
0.0
 51
19.041231
  0
ARC
  8
APS_GEOMETRY
 10
151.790475
 20
-487.60128
 40
2.747437
 50
317.65975
 51
0.0
  0
ARC
  8
APS_GEOMETRY
 10
149.268095
 20
-485.30285
 40
6.159941
 50
289.746837
 51
317.65975
  0
ARC
  8
APS_GEOMETRY
 10
147.155638
 20
-479.418149
 40
12.412315
 50
281.964396
 51
289.746837
  0
ARC
  8
APS_GEOMETRY
 10
144.228809
 20
-465.606305
 40
26.530862
 50
276.643452
 51
281.964396
  0
ARC
  8
APS_GEOMETRY
 10
142.997014
 20
-455.030458
 40
37.178202
 50
272.836113
 51
276.643452
  0
ARC
  8
APS_GEOMETRY
 10
141.521923
 20
-425.254712
 40
66.990463
 50
270.0
 51
272.836113
  0
ARC
  8
APS_GEOMETRY
 10
141.521923
 20
-406.804922
 40
85.440254
 50
267.283141
 51
270.0
  0
ARC
  8
APS_GEOMETRY
 10
139.728029
 20
-444.607976
 40
47.59466
 50
263.64272
 51
267.283141
  0
ARC
  8
APS_GEOMETRY
 10
138.225763
 20
-458.091729
 40
34.02748
 50
258.563267
 51
263.64272
  0
ARC
  8
APS_GEOMETRY
 10
134.637012
 20
-475.831242
 40
15.928599
 50
251.136412
 51
258.563267
  0
ARC
  8
APS_GEOMETRY
 10
131.432902
 20
-485.123978
 40
6.099088
 50
222.557585
 51
251.395035
  0
ARC
  8
APS_GEOMETRY
 10
129.055409
 20
-487.306949
 40
2.871421
 50
180.0
 51
222.557585
  0
ARC
  8
APS_GEOMETRY
 10
128.575747
 20
-487.306949
 40
2.39176
 50
150.642246
 51
180.0
  0
ARC
  8
APS_GEOMETRY
 10
128.767396
 20
-487.414751
 40
2.611648
 50
122.574057
 51
150.642246
  0
ARC
  8
APS_GEOMETRY
 10
128.260444
 20
-486.832362
 40
1.851424
 50
108.676702
 51
119.054604
  0
ARC
  8
APS_GEOMETRY
 10
151.376018
 20
-555.215936
 40
74.036208
 50
107.037768
 51
108.676702
  0
ARC
  8
APS_GEOMETRY
 10
128.821612
 20
-481.452437
 40
3.098808
 50
286.144339
 51
308.659808
  0
ARC
  8
APS_GEOMETRY
 10
129.32905
 20
-482.086734
 40
2.286512
 50
308.659808
 51
334.932537
  0
ARC
  8
APS_GEOMETRY
 10
127.264333
 20
-481.12098
 40
4.565927
 50
334.932537
 51
348.829022
  0
ARC
  8
APS_GEOMETRY
 10
101.438456
 20
-476.020912
 40
30.890567
 50
348.829022
 51
354.160508
  0
ARC
  8
APS_GEOMETRY
 10
83.982545
 20
-474.221608
 40
48.438962
 50
354.143986
 51
355.660291
  0
ARC
  8
APS_GEOMETRY
 10
6.606274
 20
-468.349724
 40
126.037715
 50
355.660291
 51
356.600286
  0
ARC
  8
APS_GEOMETRY
 10
-52.542751
 20
-464.835921
 40
185.291018
 50
356.600286
 51
357.239747
  0
ARC
  8
APS_GEOMETRY
 10
-220.367852
 20
-456.744603
 40
353.311058
 50
357.239747
 51
357.702834
  0
ARC
  8
APS_GEOMETRY
 10
-203.847556
 20
-457.407308
 40
336.777476
 50
357.702834
 51
358.674384
  0
ARC
  8
APS_GEOMETRY
 10
-48.015275
 20
-461.013344
 40
180.903478
 50
358.674384
 51
0.0
  0
ARC
  8
APS_GEOMETRY
 10
106.078136
 20
-461.013344
 40
26.810067
 50
0.0
 51
6.241914
  0
ARC
  8
APS_GEOMETRY
 10
127.397377
 20
-458.681552
 40
5.363685
 50
6.241914
 51
20.224859
  0
ARC
  8
APS_GEOMETRY
 10
130.352162
 20
-457.592947
 40
2.214746
 50
20.224859
 51
50.440332
  0
ARC
  8
APS_GEOMETRY
 10
130.925993
 20
-456.89831
 40
1.313744
 50
50.440332
 51
90.0
  0
ARC
  8
APS_GEOMETRY
 10
130.925993
 20
-457.346883
 40
1.762317
 50
90.0
 51
126.747471
  0
ARC
  8
APS_GEOMETRY
 10
133.416008
 20
-460.681723
 40
5.924208
 50
126.747471
 51
146.546691
  0
ARC
  8
APS_GEOMETRY
 10
89.428276
 20
-431.768784
 40
46.714947
 50
324.255019
 51
326.700579
  0
ARC
  8
APS_GEOMETRY
 10
108.051227
 20
-445.172914
 40
23.769686
 50
320.826342
 51
324.255019
  0
ARC
  8
APS_GEOMETRY
 10
114.137786
 20
-450.132332
 40
15.918442
 50
315.721571
 51
320.826342
  0
ARC
  8
APS_GEOMETRY
 10
121.131929
 20
-456.952491
 40
6.14948
 50
307.504142
 51
315.721571
  0
ARC
  8
APS_GEOMETRY
 10
120.486637
 20
-456.091194
 40
7.225632
 50
291.305784
 51
307.405357
  0
ARC
  8
APS_GEOMETRY
 10
121.605499
 20
-458.960071
 40
4.146296
 50
270.0
 51
291.305784
  0
ARC
  8
APS_GEOMETRY
 10
121.605499
 20
-459.227411
 40
3.878957
 50
245.531798
 51
270.0
  0
ARC
  8
APS_GEOMETRY
 10
121.576157
 20
-459.291891
 40
3.808114
 50
220.833495
 51
245.531798
  0
ARC
  8
APS_GEOMETRY
 10
121.969285
 20
-458.952151
 40
4.327703
 50
198.683699
 51
220.833495
  0
ARC
  8
APS_GEOMETRY
 10
123.610754
 20
-458.397065
 40
6.060487
 50
180.0
 51
198.683699
  0
ARC
  8
APS_GEOMETRY
 10
127.457963
 20
-458.397065
 40
9.907696
 50
168.407825
 51
180.0
  0
ARC
  8
APS_GEOMETRY
 10
133.810716
 20
-459.700194
 40
16.392726
 50
159.401826
 51
168.407825
  0
ARC
  8
APS_GEOMETRY
 10
135.773908
 20
-460.438038
 40
18.489996
 50
151.38954
 51
159.401826
  0
ARC
  8
APS_GEOMETRY
 10
135.371525
 20
-460.218556
 40
18.031646
 50
143.275893
 51
151.38954
  0
ARC
  8
APS_GEOMETRY
 10
130.32193
 20
-456.442619
 40
11.726407
 50
124.215702
 51
143.310277
  0
ARC
  8
APS_GEOMETRY
 10
125.824249
 20
-449.828381
 40
3.727828
 50
90.0
 51
124.215702
  0
ARC
  8
APS_GEOMETRY
 10
125.824249
 20
-451.484953
 40
5.3844
 50
82.724995
 51
90.0
  0
ARC
  8
APS_GEOMETRY
 10
125.403554
 20
-454.780395
 40
8.706586
 50
77.005383
 51
82.724995
  0
ARC
  8
APS_GEOMETRY
 10
138.251917
 20
-392.833811
 40
54.560918
 50
258.486169
 51
260.377772
  0
ARC
  8
APS_GEOMETRY
 10
132.747931
 20
-425.298729
 40
21.632741
 50
260.377772
 51
263.382083
  0
ARC
  8
APS_GEOMETRY
 10
132.277162
 20
-429.356348
 40
17.547904
 50
263.382083
 51
267.083862
  0
ARC
  8
APS_GEOMETRY
 10
132.822796
 20
-418.645096
 40
28.273045
 50
267.083862
 51
270.0
  0
LINE
  8
APS_GEOMETRY
 10
176.239947
 11
193.04954
 20
-446.918141
 21
-446.918141
  0
ARC
  8
APS_GEOMETRY
 10
193.04954
 20
-235.198607
 40
211.719534
 50
270.0
 51
270.690277
  0
ARC
  8
APS_GEOMETRY
 10
194.242987
 20
-334.25476
 40
112.656192
 50
270.690277
 51
271.636577
  0
ARC
  8
APS_GEOMETRY
 10
195.248525
 20
-369.448582
 40
77.448008
 50
271.636577
 51
273.012788
  0
ARC
  8
APS_GEOMETRY
 10
197.699193
 20
-416.011278
 40
30.820865
 50
273.012788
 51
275.194429
  0
ARC
  8
APS_GEOMETRY
 10
198.306585
 20
-422.692585
 40
24.112006
 50
275.194429
 51
280.755985
  0
ARC
  8
APS_GEOMETRY
 10
198.420782
 20
-423.293738
 40
23.500103
 50
280.755985
 51
286.38954
  0
ARC
  8
APS_GEOMETRY
 10
207.034444
 20
-452.778458
 40
7.217223
 50
100.304846
 51
105.945396
  0
ARC
  8
APS_GEOMETRY
 10
206.130935
 20
-447.809162
 40
2.166457
 50
90.0
 51
100.304846
  0
ARC
  8
APS_GEOMETRY
 10
206.130935
 20
-448.582442
 40
2.939738
 50
58.945729
 51
90.0
  0
ARC
  8
APS_GEOMETRY
 10
205.006599
 20
-450.449643
 40
5.119318
 50
35.537678
 51
58.945729
  0
ARC
  8
APS_GEOMETRY
 10
200.617881
 20
-453.678448
 40
10.567546
 50
16.699244
 51
35.952428
  0
ARC
  8
APS_GEOMETRY
 10
197.31648
 20
-454.668868
 40
14.014309
 50
0.0
 51
16.699244
  0
ARC
  8
APS_GEOMETRY
 10
203.466775
 20
-454.668868
 40
7.864015
 50
344.981639
 51
0.0
  0
ARC
  8
APS_GEOMETRY
 10
207.241319
 20
-455.68155
 40
3.955984
 50
323.746162
 51
344.981639
  0
ARC
  8
APS_GEOMETRY
 10
208.080218
 20
-456.296742
 40
2.915689
 50
296.113913
 51
323.746162
  0
ARC
  8
APS_GEOMETRY
 10
207.929627
 20
-455.989538
 40
3.257818
 50
270.0
 51
296.113913
  0
ARC
  8
APS_GEOMETRY
 10
207.929627
 20
-455.162909
 40
4.084447
 50
255.311213
 51
270.0
  0
ARC
  8
APS_GEOMETRY
 10
207.383519
 20
-457.246211
 40
1.930756
 50
233.880659
 51
255.311213
  0
ARC
  8
APS_GEOMETRY
 10
207.958313
 20
-456.458529
 40
2.905863
 50
219.289407
 51
233.880659
  0
ARC
  8
APS_GEOMETRY
 10
219.488431
 20
-447.024797
 40
17.803477
 50
213.407825
 51
219.289407
  0
ARC
  8
APS_GEOMETRY
 10
197.887252
 20
-461.253121
 40
8.062653
 50
33.293563
 51
51.246316
  0
ARC
  8
APS_GEOMETRY
 10
198.985118
 20
-459.88539
 40
6.308801
 50
51.246316
 51
71.565051
  0
ARC
  8
APS_GEOMETRY
 10
198.259286
 20
-462.062886
 40
8.604083
 50
71.565051
 51
79.27849
  0
ARC
  8
APS_GEOMETRY
 10
195.931248
 20
-474.358375
 40
21.118028
 50
79.27849
 51
84.199782
  0
ARC
  8
APS_GEOMETRY
 10
194.937934
 20
-484.136998
 40
30.946973
 50
84.199782
 51
87.566799
  0
ARC
  8
APS_GEOMETRY
 10
193.736313
 20
-512.415141
 40
59.250634
 50
87.566799
 51
90.0
  0
ARC
  8
APS_GEOMETRY
 10
193.736313
 20
-469.820333
 40
16.655826
 50
90.0
 51
96.37446
  0
ARC
  8
APS_GEOMETRY
 10
192.630745
 20
-459.924153
 40
6.698082
 50
96.37446
 51
106.434163
  0
ARC
  8
APS_GEOMETRY
 10
191.845108
 20
-457.260652
 40
3.92113
 50
106.434163
 51
123.055823
  0
ARC
  8
APS_GEOMETRY
 10
190.618717
 20
-455.376197
 40
1.672752
 50
123.055823
 51
148.626995
  0
ARC
  8
APS_GEOMETRY
 10
191.738984
 20
-456.011256
 40
2.960132
 50
149.420773
 51
165.28034
  0
ARC
  8
APS_GEOMETRY
 10
194.967586
 20
-456.859448
 40
6.29829
 50
165.28034
 51
176.134539
  0
ARC
  8
APS_GEOMETRY
 10
204.210207
 20
-457.483949
 40
15.561985
 50
176.134539
 51
178.366533
  0
ARC
  8
APS_GEOMETRY
 10
289.716065
 20
-459.922329
 40
101.102604
 50
178.366533
 51
179.242164
  0
ARC
  8
APS_GEOMETRY
 10
378.08464
 20
-461.091226
 40
189.478909
 50
179.242164
 51
179.709456
  0
ARC
  8
APS_GEOMETRY
 10
678.73367
 20
-462.615815
 40
490.131804
 50
179.709456
 51
180.0
  0
ARC
  8
APS_GEOMETRY
 10
195.692772
 20
-462.615815
 40
7.090907
 50
180.0
 51
195.027109
  0
ARC
  8
APS_GEOMETRY
 10
189.893643
 20
-464.172628
 40
1.086444
 50
195.027109
 51
234.057888
  0
ARC
  8
APS_GEOMETRY
 10
189.950134
 20
-464.094709
 40
1.182688
 50
234.057888
 51
253.191308
  0
ARC
  8
APS_GEOMETRY
 10
191.187385
 20
-459.998982
 40
5.461212
 50
253.191308
 51
262.062812
  0
ARC
  8
APS_GEOMETRY
 10
191.821104
 20
-455.453691
 40
10.050468
 50
262.062812
 51
266.948518
  0
ARC
  8
APS_GEOMETRY
 10
192.657098
 20
-439.771594
 40
25.754832
 50
266.948518
 51
270.0
  0
ARC
  8
APS_GEOMETRY
 10
192.657098
 20
-460.804665
 40
4.721761
 50
270.0
 51
286.007404
  0
ARC
  8
APS_GEOMETRY
 10
193.483575
 20
-463.685527
 40
1.724691
 50
286.007404
 51
312.646703
  0
ARC
  8
APS_GEOMETRY
 10
193.46624
 20
-463.666706
 40
1.750278
 50
312.646703
 51
338.993211
  0
ARC
  8
APS_GEOMETRY
 10
189.891447
 20
-462.293986
 40
5.579574
 50
338.993211
 51
353.659808
  0
ARC
  8
APS_GEOMETRY
 10
226.810651
 20
-466.696634
 40
31.601426
 50
169.663446
 51
173.118276
  0
ARC
  8
APS_GEOMETRY
 10
200.420914
 20
-461.883412
 40
4.776338
 50
160.769328
 51
169.663446
  0
ARC
  8
APS_GEOMETRY
 10
198.213652
 20
-461.113437
 40
2.438633
 50
143.746162
 51
160.769328
  0
ARC
  8
APS_GEOMETRY
 10
198.747041
 20
-461.504589
 40
3.100073
 50
128.659808
 51
143.746162
  0
ARC
  8
APS_GEOMETRY
 10
198.391409
 20
-460.928302
 40
2.429302
 50
110.170653
 51
130.601295
  0
ARC
  8
APS_GEOMETRY
 10
198.412912
 20
-460.986836
 40
2.49166
 50
90.0
 51
110.170653
  0
ARC
  8
APS_GEOMETRY
 10
198.412912
 20
-461.022286
 40
2.52711
 50
61.220194
 51
90.0
  0
ARC
  8
APS_GEOMETRY
 10
197.971931
 20
-461.825097
 40
3.443063
 50
36.634114
 51
61.220194
  0
ARC
  8
APS_GEOMETRY
 10
197.557788
 20
-462.07125
 40
3.922591
 50
19.103091
 51
35.909723
  0
ARC
  8
APS_GEOMETRY
 10
184.76266
 20
-466.502733
 40
17.463394
 50
11.159944
 51
19.103091
  0
ARC
  8
APS_GEOMETRY
 10
178.077665
 20
-467.821542
 40
24.277234
 50
5.396292
 51
11.159944
  0
ARC
  8
APS_GEOMETRY
 10
174.677766
 20
-468.142705
 40
27.692268
 50
0.0
 51
5.396292
  0
ARC
  8
APS_GEOMETRY
 10
175.159674
 20
-468.142705
 40
27.21036
 50
349.286877
 51
0.0
  0
ARC
  8
APS_GEOMETRY
 10
188.517678
 20
-470.669895
 40
13.615399
 50
334.119726
 51
349.286877
  0
ARC
  8
APS_GEOMETRY
 10
197.719505
 20
-475.116589
 40
3.395531
 50
303.53047
 51
333.853159
  0
ARC
  8
APS_GEOMETRY
 10
198.053173
 20
-475.620125
 40
2.791475
 50
270.0
 51
303.53047
  0
ARC
  8
APS_GEOMETRY
 10
198.053173
 20
-475.489687
 40
2.921913
 50
249.577667
 51
270.0
  0
ARC
  8
APS_GEOMETRY
 10
197.43152
 20
-477.159269
 40
1.140353
 50
216.607075
 51
249.577667
  0
ARC
  8
APS_GEOMETRY
 10
198.025848
 20
-476.717769
 40
1.880723
 50
195.422161
 51
216.607075
  0
ARC
  8
APS_GEOMETRY
 10
208.288203
 20
-473.886774
 40
12.526401
 50
187.253195
 51
195.422161
  0
ARC
  8
APS_GEOMETRY
 10
191.715378
 20
-476.018728
 40
4.183036
 50
7.561428
 51
49.434471
  0
ARC
  8
APS_GEOMETRY
 10
191.545179
 20
-476.217545
 40
4.444753
 50
49.434471
 51
90.0
  0
ARC
  8
APS_GEOMETRY
 10
191.545179
 20
-474.76356
 40
2.990768
 50
90.0
 51
115.223923
  0
ARC
  8
APS_GEOMETRY
 10
190.953652
 20
-473.507861
 40
1.602717
 50
115.223923
 51
149.931417
  0
ARC
  8
APS_GEOMETRY
 10
192.023026
 20
-474.126972
 40
2.838379
 50
149.931417
 51
171.111058
  0
ARC
  8
APS_GEOMETRY
 10
204.990493
 20
-476.155059
 40
15.963482
 50
171.111058
 51
180.0
  0
ARC
  8
APS_GEOMETRY
 10
217.765921
 20
-476.155059
 40
28.73891
 50
180.0
 51
183.062287
  0
ARC
  8
APS_GEOMETRY
 10
261.753538
 20
-473.801812
 40
72.789429
 50
183.062287
 51
184.986334
  0
ARC
  8
APS_GEOMETRY
 10
238.680935
 20
-475.814858
 40
49.629175
 50
184.986334
 51
187.804099
  0
ARC
  8
APS_GEOMETRY
 10
194.979884
 20
-481.804342
 40
5.519587
 50
187.804099
 51
196.260205
  0
ARC
  8
APS_GEOMETRY
 10
191.126085
 20
-482.964492
 40
1.4955
 50
194.931417
 51
230.024075
  0
ARC
  8
APS_GEOMETRY
 10
192.106987
 20
-481.794501
 40
3.022278
 50
230.024075
 51
254.511499
  0
ARC
  8
APS_GEOMETRY
 10
193.298627
 20
-477.494236
 40
7.484596
 50
254.511499
 51
265.219116
  0
ARC
  8
APS_GEOMETRY
 10
195.796633
 20
-447.626774
 40
37.456338
 50
265.219116
 51
270.0
  0
ARC
  8
APS_GEOMETRY
 10
195.796633
 20
-451.586541
 40
33.49657
 50
270.0
 51
274.186237
  0
ARC
  8
APS_GEOMETRY
 10
196.815247
 20
-465.503194
 40
19.542689
 50
274.186237
 51
279.667756
  0
ARC
  8
APS_GEOMETRY
 10
197.651318
 20
-470.41104
 40
14.564138
 50
279.667756
 51
286.990823
  0
ARC
  8
APS_GEOMETRY
 10
199.564138
 20
-476.671177
 40
8.018285
 50
286.990823
 51
296.865814
  0
ARC
  8
APS_GEOMETRY
 10
199.961506
 20
-477.455593
 40
7.138962
 50
296.865814
 51
318.366461
  0
ARC
  8
APS_GEOMETRY
 10
195.962524
 20
-473.900942
 40
12.48942
 50
318.366461
 51
334.580712
  0
ARC
  8
APS_GEOMETRY
 10
222.291905
 20
-486.52695
 40
16.710926
 50
147.079531
 51
154.230672
  0
ARC
  8
APS_GEOMETRY
 10
211.285457
 20
-479.40098
 40
3.599048
 50
131.633539
 51
147.079531
  0
ARC
  8
APS_GEOMETRY
 10
210.464934
 20
-478.477893
 40
2.363998
 50
108.87455
 51
131.633539
  0
ARC
  8
APS_GEOMETRY
 10
210.807534
 20
-479.479996
 40
3.423047
 50
90.0
 51
108.87455
  0
ARC
  8
APS_GEOMETRY
 10
210.807534
 20
-478.784394
 40
2.727445
 50
62.628019
 51
90.0
  0
ARC
  8
APS_GEOMETRY
 10
210.634944
 20
-479.117752
 40
3.102832
 50
36.995271
 51
62.628019
  0
ARC
  8
APS_GEOMETRY
 10
209.861609
 20
-479.700403
 40
4.071093
 50
16.727964
 51
36.995271
  0
ARC
  8
APS_GEOMETRY
 10
208.056254
 20
-480.242995
 40
5.956222
 50
0.0
 51
16.727964
  0
ARC
  8
APS_GEOMETRY
 10
204.480431
 20
-480.242995
 40
9.532045
 50
348.323262
 51
0.0
  0
ARC
  8
APS_GEOMETRY
 10
190.171419
 20
-477.2858
 40
24.143439
 50
340.994016
 51
348.323262
  0
ARC
  8
APS_GEOMETRY
 10
186.777531
 20
-476.116794
 40
27.733013
 50
334.592282
 51
340.994016
  0
ARC
  8
APS_GEOMETRY
 10
192.701395
 20
-478.930629
 40
21.174825
 50
327.264774
 51
334.592282
  0
ARC
  8
APS_GEOMETRY
 10
199.581548
 20
-482.986134
 40
13.197963
 50
320.132554
 51
325.922805
  0
ARC
  8
APS_GEOMETRY
 10
207.584338
 20
-489.669782
 40
2.771277
 50
307.47618
 51
320.132554
  0
ARC
  8
APS_GEOMETRY
 10
208.285328
 20
-490.584117
 40
1.619151
 50
286.429301
 51
307.47618
  0
ARC
  8
APS_GEOMETRY
 10
207.995034
 20
-489.599643
 40
2.645533
 50
270.0
 51
286.429301
  0
ARC
  8
APS_GEOMETRY
 10
207.995034
 20
-486.541199
 40
5.703977
 50
263.774171
 51
270.0
  0
ARC
  8
APS_GEOMETRY
 10
209.66379
 20
-471.244265
 40
21.091665
 50
260.537678
 51
263.774171
  0
ARC
  8
APS_GEOMETRY
 10
202.194838
 20
-513.39031
 40
21.713256
 50
79.380345
 51
84.986886
  0
ARC
  8
APS_GEOMETRY
 10
198.957056
 20
-550.301022
 40
58.765704
 50
84.986886
 51
88.393997
  0
LINE
  8
APS_GEOMETRY
 10
200.604046
 11
172.871487
 20
-491.558402
 21
-491.558402
  0
ARC
  8
APS_GEOMETRY
 10
172.871487
 20
-485.754666
 40
5.803737
 50
254.10251
 51
270.0
  0
ARC
  8
APS_GEOMETRY
 10
172.054079
 20
-488.624677
 40
2.819592
 50
231.215636
 51
254.10251
  0
ARC
  8
APS_GEOMETRY
 10
171.718453
 20
-489.042345
 40
2.283782
 50
203.794835
 51
231.215636
  0
ARC
  8
APS_GEOMETRY
 10
172.390743
 20
-488.745902
 40
3.018529
 50
180.0
 51
203.794835
  0
ARC
  8
APS_GEOMETRY
 10
172.645219
 20
-488.745902
 40
3.273005
 50
164.054604
 51
180.0
  0
ARC
  8
APS_GEOMETRY
 10
170.628416
 20
-488.169673
 40
1.175498
 50
137.29061
 51
164.054604
  0
ARC
  8
APS_GEOMETRY
 10
171.235331
 20
-488.729902
 40
2.001453
 50
120.963757
 51
137.29061
  0
ARC
  8
APS_GEOMETRY
 10
177.736016
 20
-499.564378
 40
14.636515
 50
114.943905
 51
120.963757
  0
ARC
  8
APS_GEOMETRY
 10
169.620775
 20
-481.810279
 40
4.885656
 50
293.428693
 51
305.719954
  0
ARC
  8
APS_GEOMETRY
 10
170.964641
 20
-483.679094
 40
2.583821
 50
305.719954
 51
322.650651
  0
ARC
  8
APS_GEOMETRY
 10
170.756118
 20
-483.519958
 40
2.84613
 50
322.650651
 51
338.110443
  0
ARC
  8
APS_GEOMETRY
 10
166.698238
 20
-481.889559
 40
7.219298
 50
338.110443
 51
347.799531
  0
ARC
  8
APS_GEOMETRY
 10
141.497798
 20
-476.36576
 40
33.018006
 50
347.672229
 51
352.050998
  0
ARC
  8
APS_GEOMETRY
 10
117.104966
 20
-472.959709
 40
57.64749
 50
352.050998
 51
355.364537
  0
ARC
  8
APS_GEOMETRY
 10
100.677964
 20
-471.62779
 40
74.128399
 50
355.364537
 51
357.943473
  0
ARC
  8
APS_GEOMETRY
 10
58.26819
 20
-470.104914
 40
116.565507
 50
357.943473
 51
0.0
  0
ARC
  8
APS_GEOMETRY
 10
9.315929
 20
-470.104914
 40
165.517767
 50
0.0
 51
2.183373
  0
ARC
  8
APS_GEOMETRY
 10
108.290896
 20
-466.331444
 40
66.470894
 50
2.183373
 51
5.629042
  0
ARC
  8
APS_GEOMETRY
 10
137.774876
 20
-463.425426
 40
36.844048
 50
5.629042
 51
11.804813
  0
ARC
  8
APS_GEOMETRY
 10
166.390851
 20
-457.444728
 40
7.609774
 50
11.804813
 51
25.419288
  0
ARC
  8
APS_GEOMETRY
 10
170.094387
 20
-455.763086
 40
3.543656
 50
26.565051
 51
38.157227
  0
ARC
  8
APS_GEOMETRY
 10
171.738868
 20
-454.470994
 40
1.452288
 50
38.157227
 51
56.309932
  0
ARC
  8
APS_GEOMETRY
 10
171.391147
 20
-454.992576
 40
2.079151
 50
56.309932
 51
69.193209
  0
ARC
  8
APS_GEOMETRY
 10
166.511286
 20
-467.834317
 40
15.816813
 50
69.193209
 51
73.855661
  0
ARC
  8
APS_GEOMETRY
 10
171.659046
 20
-450.127322
 40
2.623355
 50
216.869898
 51
253.393019
  0
ARC
  8
APS_GEOMETRY
 10
171.621094
 20
-450.155786
 40
2.575915
 50
180.0
 51
216.869898
  0
ARC
  8
APS_GEOMETRY
 10
172.183003
 20
-450.155786
 40
3.137824
 50
161.565051
 51
180.0
  0
ARC
  8
APS_GEOMETRY
 10
172.069545
 20
-450.117967
 40
3.018228
 50
142.765166
 51
161.565051
  0
ARC
  8
APS_GEOMETRY
 10
171.997363
 20
-450.063109
 40
2.927566
 50
123.424811
 51
142.765166
  0
ARC
  8
APS_GEOMETRY
 10
172.063054
 20
-450.16264
 40
3.046821
 50
104.470294
 51
123.424811
  0
ARC
  8
APS_GEOMETRY
 10
172.643005
 20
-453.024708
 40
5.964992
 50
96.724353
 51
102.994617
  0
ARC
  8
APS_GEOMETRY
 10
174.444027
 20
-468.300039
 40
21.346131
 50
93.410945
 51
96.724353
  0
ARC
  8
APS_GEOMETRY
 10
175.243944
 20
-481.720868
 40
34.790777
 50
91.374835
 51
93.410945
  0
ARC
  8
APS_GEOMETRY
 10
176.239947
 20
-523.220995
 40
76.302854
 50
90.0
 51
91.374835
  0
LINE
  8
QUOTATURA
 10
987.664934
 11
984.330934
 20
460.668535
 21
440.668535
  0
LINE
  8
QUOTATURA
 10
984.330934
 11
980.996934
 20
440.668535
 21
460.668535
  0
LINE
  8
QUOTATURA
 10
980.996934
 11
987.664934
 20
460.668535
 21
460.668535
  0
LINE
  8
QUOTATURA
 10
984.330934
 11
984.330934
 20
440.668535
 21
482.798148
  0
LINE
  8
QUOTATURA
 10
984.330934
 11
945.073794
 20
482.798148
 21
482.798148
  0
LINE
  8
APS_GEOMETRY
 10
-378.500046
 11
-204.787059
 20
0.0
 21
0.0
  0
LINE
  8
QUOTATURA
 10
464.318094
 11
484.318094
 20
-18.472528
 21
-21.806528
  0
LINE
  8
QUOTATURA
 10
484.318094
 11
464.318094
 20
-21.806528
 21
-25.140528
  0
LINE
  8
QUOTATURA
 10
464.318094
 11
464.318094
 20
-25.140528
 21
-18.472528
  0
LINE
  8
QUOTATURA
 10
484.318094
 11
443.392142
 20
-21.806528
 21
-21.806528
  0
LINE
  8
QUOTATURA
 10
443.392142
 11
443.392142
 20
-21.806528
 21
5.794696
  0
LINE
  8
COSTRUZIONI
 10
26.5
 11
11.0
 20
2113.5
 21
2129.0
  0
LINE
  8
COSTRUZIONI
 10
853.5
 11
869.0
 20
2113.5
 21
2129.0
  0
LINE
  8
APS_GEOMETRY
 10
853.5
 11
853.5
 20
4.5
 21
2113.5
  0
LINE
  8
APS_GEOMETRY
 10
853.5
 11
26.5
 20
2113.5
 21
2113.5
  0
LINE
  8
APS_GEOMETRY
 10
26.5
 11
26.5
 20
2113.5
 21
4.5
  0
LINE
  8
APS_GEOMETRY
 10
739.5
 11
739.5
 20
118.5
 21
857.5
  0
LINE
  8
APS_GEOMETRY
 10
739.5
 11
739.5
 20
969.5
 21
1148.5
  0
LINE
  8
APS_GEOMETRY
 10
739.5
 11
739.5
 20
1260.5
 21
1999.5
  0
LINE
  8
APS_GEOMETRY
 10
755.5
 11
124.5
 20
1999.5
 21
1999.5
  0
LINE
  8
APS_GEOMETRY
 10
140.5
 11
140.5
 20
1999.5
 21
1260.5
  0
LINE
  8
APS_GEOMETRY
 10
140.5
 11
140.5
 20
1148.5
 21
969.5
  0
LINE
  8
APS_GEOMETRY
 10
140.5
 11
140.5
 20
857.5
 21
118.5
  0
LINE
  8
APS_GEOMETRY
 10
26.5
 11
853.5
 20
4.5
 21
4.5
  0
LINE
  8
APS_GEOMETRY
 10
124.5
 11
755.5
 20
118.5
 21
118.5
  0
LINE
  8
APS_GEOMETRY
 10
124.5
 11
755.5
 20
857.5
 21
857.5
  0
LINE
  8
APS_GEOMETRY
 10
755.5
 11
124.5
 20
1260.5
 21
1260.5
  0
LINE
  8
APS_GEOMETRY
 10
124.5
 11
755.5
 20
969.5
 21
969.5
  0
LINE
  8
APS_GEOMETRY
 10
755.5
 11
124.5
 20
1148.5
 21
1148.5
  0
LINE
  8
APS_GEOMETRY
 10
124.5
 11
124.5
 20
2113.5
 21
4.5
  0
LINE
  8
APS_GEOMETRY
 10
124.5
 11
755.5
 20
102.5
 21
102.5
  0
LINE
  8
APS_GEOMETRY
 10
755.5
 11
755.5
 20
4.5
 21
2113.5
  0
LINE
  8
APS_GEOMETRY
 10
124.5
 11
755.5
 20
873.5
 21
873.5
  0
LINE
  8
APS_GEOMETRY
 10
124.5
 11
755.5
 20
953.5
 21
953.5
  0
LINE
  8
APS_GEOMETRY
 10
755.5
 11
124.5
 20
1164.5
 21
1164.5
  0
LINE
  8
APS_GEOMETRY
 10
755.5
 11
124.5
 20
1244.5
 21
1244.5
  0
LINE
  8
APS_GEOMETRY
 10
755.5
 11
124.5
 20
2015.5
 21
2015.5
  0
LINE
  8
APS_GEOMETRY
 10
145.5
 11
734.5
 20
123.5
 21
123.5
  0
LINE
  8
APS_GEOMETRY
 10
734.5
 11
734.5
 20
123.5
 21
852.5
  0
LINE
  8
APS_GEOMETRY
 10
734.5
 11
145.5
 20
852.5
 21
852.5
  0
LINE
  8
APS_GEOMETRY
 10
145.5
 11
145.5
 20
852.5
 21
123.5
  0
LINE
  8
APS_GEOMETRY
 10
145.5
 11
734.5
 20
1265.5
 21
1265.5
  0
LINE
  8
APS_GEOMETRY
 10
734.5
 11
734.5
 20
1265.5
 21
1994.5
  0
LINE
  8
APS_GEOMETRY
 10
734.5
 11
145.5
 20
1994.5
 21
1994.5
  0
LINE
  8
APS_GEOMETRY
 10
145.5
 11
145.5
 20
1994.5
 21
1265.5
  0
LINE
  8
APS_GEOMETRY
 10
734.5
 11
145.5
 20
1143.5
 21
1143.5
  0
LINE
  8
APS_GEOMETRY
 10
145.5
 11
145.5
 20
1143.5
 21
974.5
  0
LINE
  8
APS_GEOMETRY
 10
145.5
 11
734.5
 20
974.5
 21
974.5
  0
LINE
  8
APS_GEOMETRY
 10
734.5
 11
734.5
 20
974.5
 21
1143.5
  0
LINE
  8
COSTRUZIONI
 10
44.0
 11
44.0
 20
4.5
 21
0.0
  0
LINE
  8
COSTRUZIONI
 10
836.0
 11
836.0
 20
0.0
 21
4.5
  0
LINE
  8
COSTRUZIONI
 10
0.0
 11
44.0
 20
0.0
 21
0.0
  0
LINE
  8
COSTRUZIONI
 10
880.0
 11
836.0
 20
0.0
 21
0.0
  0
LINE
  8
APS_GEOMETRY
 10
869.0
 11
869.0
 20
0.0
 21
2129.0
  0
LINE
  8
APS_GEOMETRY
 10
869.0
 11
11.0
 20
2129.0
 21
2129.0
  0
LINE
  8
APS_GEOMETRY
 10
11.0
 11
11.0
 20
2129.0
 21
0.0
  0
LINE
  8
APS_GEOMETRY
 10
938.0
 11
938.0
 20
0.0
 21
2198.0
  0
LINE
  8
APS_GEOMETRY
 10
938.0
 11
-58.0
 20
2198.0
 21
2198.0
  0
LINE
  8
APS_GEOMETRY
 10
-58.0
 11
-58.0
 20
2198.0
 21
0.0
  0
LINE
  8
APS_GEOMETRY
 10
-58.0
 11
11.0
 20
0.0
 21
0.0
  0
LINE
  8
APS_GEOMETRY
 10
938.0
 11
869.0
 20
0.0
 21
0.0
  0
LINE
  8
APS_GEOMETRY
 10
830.500004
 11
732.500004
 20
-211.500066
 21
-211.500066
  0
ARC
  8
APS_GEOMETRY
 10
732.500004
 20
-208.500066
 40
3.0
 50
180.0
 51
270.0
  0
LINE
  8
APS_GEOMETRY
 10
729.500004
 11
729.500004
 20
-208.500066
 21
-197.500066
  0
LINE
  8
APS_GEOMETRY
 10
729.500004
 11
731.500004
 20
-197.500066
 21
-195.500066
  0
LINE
  8
APS_GEOMETRY
 10
731.500004
 11
745.500004
 20
-195.500066
 21
-195.500066
  0
LINE
  8
APS_GEOMETRY
 10
745.500004
 11
745.500004
 20
-195.500066
 21
-169.500066
  0
ARC
  8
APS_GEOMETRY
 10
748.500004
 20
-169.500066
 40
3.0
 50
90.0
 51
180.0
  0
LINE
  8
APS_GEOMETRY
 10
748.500004
 11
840.500004
 20
-166.500066
 21
-166.500066
  0
ARC
  8
APS_GEOMETRY
 10
840.500004
 20
-169.500066
 40
3.0
 50
0.0
 51
90.0
  0
LINE
  8
APS_GEOMETRY
 10
843.500004
 11
843.500004
 20
-169.500066
 21
-195.000066
  0
ARC
  8
APS_GEOMETRY
 10
842.000004
 20
-195.000066
 40
1.5
 50
270.0
 51
0.0
  0
LINE
  8
APS_GEOMETRY
 10
842.000004
 11
833.500004
 20
-196.500066
 21
-196.500066
  0
LINE
  8
APS_GEOMETRY
 10
833.500004
 11
833.500004
 20
-196.500066
 21
-208.500066
  0
ARC
  8
APS_GEOMETRY
 10
830.500004
 20
-208.500066
 40
3.0
 50
270.0
 51
0.0
  0
LINE
  8
APS_GEOMETRY
 10
745.500004
 11
731.500004
 20
-183.500066
 21
-183.500066
  0
LINE
  8
APS_GEOMETRY
 10
731.500004
 11
729.500004
 20
-183.500066
 21
-181.500066
  0
LINE
  8
APS_GEOMETRY
 10
729.500004
 11
729.500004
 20
-181.500066
 21
-170.500066
  0
ARC
  8
APS_GEOMETRY
 10
732.500004
 20
-170.500066
 40
3.0
 50
90.0
 51
180.0
  0
LINE
  8
APS_GEOMETRY
 10
732.500004
 11
742.500004
 20
-167.500066
 21
-167.500066
  0
ARC
  8
APS_GEOMETRY
 10
742.500004
 20
-170.500066
 40
3.0
 50
0.0
 51
90.0
  0
LINE
  8
APS_GEOMETRY
 10
745.500004
 11
745.500004
 20
-170.500066
 21
-179.000066
  0
LINE
  8
COSTRUZIONI
 10
854.200005
 11
846.500004
 20
-196.000066
 21
-196.000066
  0
ARC
  8
COSTRUZIONI
 10
841.500004
 20
-208.000066
 40
13.0
 50
67.380135
 51
112.619865
  0
LINE
  8
COSTRUZIONI
 10
836.500004
 11
836.500004
 20
-196.000066
 21
-199.500066
  0
LINE
  8
COSTRUZIONI
 10
836.500004
 11
854.200005
 20
-199.500066
 21
-199.500066
  0
LINE
  8
COSTRUZIONI
 10
854.200005
 11
854.200005
 20
-199.500066
 21
-196.000066
  0
LINE
  8
COSTRUZIONI
 10
854.023228
 11
854.200005
 20
-199.500066
 21
-199.323289
  0
LINE
  8
COSTRUZIONI
 10
854.200005
 11
853.492898
 20
-198.792959
 21
-199.500066
  0
LINE
  8
COSTRUZIONI
 10
853.316121
 11
854.200005
 20
-199.500066
 21
-198.616182
  0
LINE
  8
COSTRUZIONI
 10
854.200005
 11
852.785791
 20
-198.085852
 21
-199.500066
  0
LINE
  8
COSTRUZIONI
 10
852.609015
 11
854.200005
 20
-199.500066
 21
-197.909076
  0
LINE
  8
COSTRUZIONI
 10
854.200005
 11
852.078684
 20
-197.378745
 21
-199.500066
  0
LINE
  8
COSTRUZIONI
 10
851.901908
 11
854.200005
 20
-199.500066
 21
-197.201969
  0
LINE
  8
COSTRUZIONI
 10
854.200005
 11
851.371578
 20
-196.671639
 21
-199.500066
  0
LINE
  8
COSTRUZIONI
 10
851.194801
 11
854.200005
 20
-199.500066
 21
-196.494862
  0
LINE
  8
COSTRUZIONI
 10
854.164471
 11
850.664471
 20
-196.000066
 21
-199.500066
  0
LINE
  8
COSTRUZIONI
 10
850.487694
 11
853.987694
 20
-199.500066
 21
-196.000066
  0
LINE
  8
COSTRUZIONI
 10
853.457364
 11
849.957364
 20
-196.000066
 21
-199.500066
  0
LINE
  8
COSTRUZIONI
 10
849.780587
 11
853.280587
 20
-199.500066
 21
-196.000066
  0
LINE
  8
COSTRUZIONI
 10
852.750257
 11
849.250257
 20
-196.000066
 21
-199.500066
  0
LINE
  8
COSTRUZIONI
 10
849.073481
 11
852.573481
 20
-199.500066
 21
-196.000066
  0
LINE
  8
COSTRUZIONI
 10
852.043151
 11
848.543151
 20
-196.000066
 21
-199.500066
  0
LINE
  8
COSTRUZIONI
 10
848.366374
 11
851.866374
 20
-199.500066
 21
-196.000066
  0
LINE
  8
COSTRUZIONI
 10
851.336044
 11
847.836044
 20
-196.000066
 21
-199.500066
  0
LINE
  8
COSTRUZIONI
 10
847.659267
 11
851.159267
 20
-199.500066
 21
-196.000066
  0
LINE
  8
COSTRUZIONI
 10
850.628937
 11
847.128937
 20
-196.000066
 21
-199.500066
  0
LINE
  8
COSTRUZIONI
 10
846.95216
 11
850.45216
 20
-199.500066
 21
-196.000066
  0
LINE
  8
COSTRUZIONI
 10
849.92183
 11
846.42183
 20
-196.000066
 21
-199.500066
  0
LINE
  8
COSTRUZIONI
 10
846.245053
 11
849.745053
 20
-199.500066
 21
-196.000066
  0
LINE
  8
COSTRUZIONI
 10
849.214723
 11
845.714723
 20
-196.000066
 21
-199.500066
  0
LINE
  8
COSTRUZIONI
 10
845.537947
 11
849.037947
 20
-199.500066
 21
-196.000066
  0
LINE
  8
COSTRUZIONI
 10
848.507617
 11
845.007617
 20
-196.000066
 21
-199.500066
  0
LINE
  8
COSTRUZIONI
 10
844.83084
 11
848.33084
 20
-199.500066
 21
-196.000066
  0
LINE
  8
COSTRUZIONI
 10
847.80051
 11
844.30051
 20
-196.000066
 21
-199.500066
  0
LINE
  8
COSTRUZIONI
 10
844.123733
 11
847.623733
 20
-199.500066
 21
-196.000066
  0
LINE
  8
COSTRUZIONI
 10
847.093403
 11
843.593403
 20
-196.000066
 21
-199.500066
  0
LINE
  8
COSTRUZIONI
 10
843.416626
 11
846.916626
 20
-199.500066
 21
-196.000066
  0
LINE
  8
COSTRUZIONI
 10
846.419517
 11
842.886296
 20
-195.966845
 21
-199.500066
  0
LINE
  8
COSTRUZIONI
 10
842.70952
 11
846.293494
 20
-199.500066
 21
-195.916091
  0
LINE
  8
COSTRUZIONI
 10
845.908774
 11
842.17919
 20
-195.770481
 21
-199.500066
  0
LINE
  8
COSTRUZIONI
 10
842.002413
 11
845.778263
 20
-199.500066
 21
-195.724216
  0
LINE
  8
COSTRUZIONI
 10
845.379669
 11
841.472083
 20
-195.592479
 21
-199.500066
  0
LINE
  8
COSTRUZIONI
 10
841.295306
 11
845.244386
 20
-199.500066
 21
-195.550985
  0
LINE
  8
COSTRUZIONI
 10
844.830984
 11
840.764976
 20
-195.434057
 21
-199.500066
  0
LINE
  8
COSTRUZIONI
 10
840.588199
 11
844.690587
 20
-199.500066
 21
-195.397678
  0
LINE
  8
COSTRUZIONI
 10
844.261238
 11
840.057869
 20
-195.296697
 21
-199.500066
  0
LINE
  8
COSTRUZIONI
 10
839.881092
 11
844.115306
 20
-199.500066
 21
-195.265852
  0
LINE
  8
COSTRUZIONI
 10
843.668608
 11
839.350762
 20
-195.18222
 21
-199.500066
  0
LINE
  8
COSTRUZIONI
 10
839.173986
 11
843.51662
 20
-199.500066
 21
-195.157431
  0
LINE
  8
COSTRUZIONI
 10
843.050823
 11
838.643656
 20
-195.092899
 21
-199.500066
  0
LINE
  8
COSTRUZIONI
 10
838.466879
 11
842.892125
 20
-199.500066
 21
-195.074819
  0
LINE
  8
COSTRUZIONI
 10
842.405009
 11
837.936549
 20
-195.031605
 21
-199.500066
  0
LINE
  8
COSTRUZIONI
 10
837.759772
 11
842.238764
 20
-199.500066
 21
-195.021074
  0
LINE
  8
COSTRUZIONI
 10
841.727452
 11
837.229442
 20
-195.002056
 21
-199.500066
  0
LINE
  8
COSTRUZIONI
 10
837.052665
 11
841.552559
 20
-199.500066
 21
-195.000172
  0
LINE
  8
COSTRUZIONI
 10
841.013218
 11
836.522335
 20
-195.009183
 21
-199.500066
  0
LINE
  8
COSTRUZIONI
 10
836.500004
 11
840.828188
 20
-199.34562
 21
-195.017436
  0
LINE
  8
COSTRUZIONI
 10
840.255525
 11
836.500004
 20
-195.059769
 21
-198.81529
  0
LINE
  8
COSTRUZIONI
 10
836.500004
 11
840.058257
 20
-198.638514
 21
-195.080261
  0
LINE
  8
COSTRUZIONI
 10
839.444606
 11
836.500004
 20
-195.163581
 21
-198.108183
  0
LINE
  8
COSTRUZIONI
 10
836.500004
 11
839.231971
 20
-197.931407
 21
-195.19944
  0
LINE
  8
COSTRUZIONI
 10
838.565474
 11
836.500004
 20
-195.335606
 21
-197.401077
  0
LINE
  8
COSTRUZIONI
 10
836.500004
 11
838.332429
 20
-197.2243
 21
-195.391875
  0
LINE
  8
COSTRUZIONI
 10
837.592873
 11
836.500004
 20
-195.601101
 21
-196.69397
  0
LINE
  8
COSTRUZIONI
 10
836.500004
 11
837.330266
 20
-196.517193
 21
-195.686931
  0
ARC
  8
APS_GEOMETRY
 10
837.000004
 20
-200.500066
 40
1.0
 50
90.0
 51
180.0
  0
LINE
  8
APS_GEOMETRY
 10
836.000004
 11
836.000004
 20
-216.200067
 21
-281.500066
  0
ARC
  8
APS_GEOMETRY
 10
839.000004
 20
-281.500066
 40
3.0
 50
180.0
 51
270.0
  0
LINE
  8
APS_GEOMETRY
 10
839.000004
 11
866.000004
 20
-284.500066
 21
-284.500066
  0
ARC
  8
APS_GEOMETRY
 10
866.000004
 20
-281.500066
 40
3.0
 50
270.0
 51
0.0
  0
LINE
  8
APS_GEOMETRY
 10
869.000004
 11
869.000004
 20
-281.500066
 21
-260.500066
  0
LINE
  8
APS_GEOMETRY
 10
869.000004
 11
873.500004
 20
-260.500066
 21
-260.500066
  0
LINE
  8
APS_GEOMETRY
 10
873.500004
 11
873.500004
 20
-260.500066
 21
-274.500066
  0
LINE
  8
APS_GEOMETRY
 10
873.500004
 11
880.000041
 20
-274.500066
 21
-274.500066
  0
LINE
  8
APS_GEOMETRY
 10
880.000041
 11
880.000041
 20
-274.500066
 21
-194.593981
  0
LINE
  8
APS_GEOMETRY
 10
880.000041
 11
880.000041
 20
-194.593981
 21
-176.500066
  0
LINE
  8
APS_GEOMETRY
 10
880.000041
 11
876.000041
 20
-176.500066
 21
-176.500066
  0
LINE
  8
APS_GEOMETRY
 10
934.500041
 11
880.000041
 20
-173.500066
 21
-173.500066
  0
LINE
  8
APS_GEOMETRY
 10
880.000041
 11
880.000041
 20
-173.500066
 21
-176.500066
  0
LINE
  8
APS_GEOMETRY
 10
880.000041
 11
875.500041
 20
-176.500066
 21
-176.500066
  0
LINE
  8
APS_GEOMETRY
 10
875.500041
 11
875.500041
 20
-176.500066
 21
-187.000066
  0
LINE
  8
APS_GEOMETRY
 10
875.500041
 11
874.000041
 20
-187.000066
 21
-188.500066
  0
LINE
  8
APS_GEOMETRY
 10
874.000041
 11
871.500041
 20
-188.500066
 21
-188.500066
  0
LINE
  8
APS_GEOMETRY
 10
871.500041
 11
871.500041
 20
-188.500066
 21
-170.500066
  0
ARC
  8
APS_GEOMETRY
 10
875.500041
 20
-170.500066
 40
4.0
 50
90.0
 51
180.0
  0
LINE
  8
APS_GEOMETRY
 10
875.500041
 11
936.500041
 20
-166.500066
 21
-166.500066
  0
ARC
  8
APS_GEOMETRY
 10
936.500041
 20
-170.500066
 40
4.0
 50
0.0
 51
90.0
  0
LINE
  8
APS_GEOMETRY
 10
940.500041
 11
940.500041
 20
-170.500066
 21
-176.500066
  0
LINE
  8
APS_GEOMETRY
 10
940.500041
 11
934.500041
 20
-176.500066
 21
-176.500066
  0
LINE
  8
APS_GEOMETRY
 10
934.500041
 11
934.500041
 20
-176.500066
 21
-173.500066
  0
LINE
  8
APS_GEOMETRY
 10
846.500004
 11
846.500004
 20
-196.000066
 21
-169.500066
  0
ARC
  8
APS_GEOMETRY
 10
849.500004
 20
-169.500066
 40
3.0
 50
90.0
 51
180.0
  0
LINE
  8
APS_GEOMETRY
 10
849.500004
 11
868.500041
 20
-166.500066
 21
-166.500066
  0
ARC
  8
APS_GEOMETRY
 10
868.500041
 20
-169.500066
 40
3.0
 50
0.0
 51
90.0
  0
LINE
  8
APS_GEOMETRY
 10
871.500041
 11
871.500041
 20
-169.500066
 21
-190.500066
  0
LINE
  8
APS_GEOMETRY
 10
871.500041
 11
876.000041
 20
-190.500066
 21
-190.500066
  0
LINE
  8
APS_GEOMETRY
 10
876.000041
 11
876.000041
 20
-190.500066
 21
-176.500066
  0
LINE
  8
APS_GEOMETRY
 10
932.000004
 11
877.500004
 20
-277.500066
 21
-277.500066
  0
LINE
  8
APS_GEOMETRY
 10
877.500004
 11
877.500004
 20
-277.500066
 21
-274.500066
  0
LINE
  8
APS_GEOMETRY
 10
877.500004
 11
873.000004
 20
-274.500066
 21
-274.500066
  0
LINE
  8
APS_GEOMETRY
 10
873.000004
 11
873.000004
 20
-274.500066
 21
-264.000066
  0
LINE
  8
APS_GEOMETRY
 10
873.000004
 11
871.500004
 20
-264.000066
 21
-262.500066
  0
LINE
  8
APS_GEOMETRY
 10
871.500004
 11
869.000004
 20
-262.500066
 21
-262.500066
  0
LINE
  8
APS_GEOMETRY
 10
869.000004
 11
869.000004
 20
-262.500066
 21
-280.500066
  0
ARC
  8
APS_GEOMETRY
 10
873.000004
 20
-280.500066
 40
4.0
 50
180.0
 51
270.0
  0
LINE
  8
APS_GEOMETRY
 10
873.000004
 11
934.000004
 20
-284.500066
 21
-284.500066
  0
ARC
  8
APS_GEOMETRY
 10
934.000004
 20
-280.500066
 40
4.0
 50
270.0
 51
0.0
  0
LINE
  8
APS_GEOMETRY
 10
938.000004
 11
938.000004
 20
-280.500066
 21
-274.500066
  0
LINE
  8
APS_GEOMETRY
 10
938.000004
 11
932.000004
 20
-274.500066
 21
-274.500066
  0
LINE
  8
APS_GEOMETRY
 10
932.000004
 11
932.000004
 20
-274.500066
 21
-277.500066
  0
LINE
  8
APS_GEOMETRY
 10
836.000004
 11
836.000004
 20
-216.200067
 21
-200.500066
  0
LINE
  8
COSTRUZIONI
 10
984.500041
 11
880.000041
 20
-176.500066
 21
-176.500066
  0
LINE
  8
COSTRUZIONI
 10
982.000004
 11
877.500004
 20
-274.500066
 21
-274.500066
  0
LINE
  8
COSTRUZIONI
 10
881.500041
 11
881.500041
 20
-274.500066
 21
-176.500066
  0
LINE
  8
COSTRUZIONI
 10
901.500041
 11
901.500041
 20
-274.500066
 21
-176.500066
  0
LINE
  8
COSTRUZIONI
 10
881.500041
 11
901.500041
 20
-176.500066
 21
-274.500066
  0
LINE
  8
COSTRUZIONI
 10
881.500041
 11
901.500041
 20
-274.500066
 21
-176.500066
  0
LINE
  8
APS_GEOMETRY
 10
49.499996
 11
147.499996
 20
-211.500066
 21
-211.500066
  0
ARC
  8
APS_GEOMETRY
 10
147.499996
 20
-208.500066
 40
3.0
 50
270.0
 51
0.0
  0
LINE
  8
APS_GEOMETRY
 10
150.499996
 11
150.499996
 20
-208.500066
 21
-197.500066
  0
LINE
  8
APS_GEOMETRY
 10
150.499996
 11
148.499996
 20
-197.500066
 21
-195.500066
  0
LINE
  8
APS_GEOMETRY
 10
148.499996
 11
134.499996
 20
-195.500066
 21
-195.500066
  0
LINE
  8
APS_GEOMETRY
 10
134.499996
 11
134.499996
 20
-195.500066
 21
-169.500066
  0
ARC
  8
APS_GEOMETRY
 10
131.499996
 20
-169.500066
 40
3.0
 50
0.0
 51
90.0
  0
LINE
  8
APS_GEOMETRY
 10
131.499996
 11
39.499996
 20
-166.500066
 21
-166.500066
  0
ARC
  8
APS_GEOMETRY
 10
39.499996
 20
-169.500066
 40
3.0
 50
90.0
 51
180.0
  0
LINE
  8
APS_GEOMETRY
 10
36.499996
 11
36.499996
 20
-169.500066
 21
-195.000066
  0
ARC
  8
APS_GEOMETRY
 10
37.999996
 20
-195.000066
 40
1.5
 50
180.0
 51
270.0
  0
LINE
  8
APS_GEOMETRY
 10
37.999996
 11
46.499996
 20
-196.500066
 21
-196.500066
  0
LINE
  8
APS_GEOMETRY
 10
46.499996
 11
46.499996
 20
-196.500066
 21
-208.500066
  0
ARC
  8
APS_GEOMETRY
 10
49.499996
 20
-208.500066
 40
3.0
 50
180.0
 51
270.0
  0
LINE
  8
APS_GEOMETRY
 10
134.499996
 11
148.499996
 20
-183.500066
 21
-183.500066
  0
LINE
  8
APS_GEOMETRY
 10
148.499996
 11
150.499996
 20
-183.500066
 21
-181.500066
  0
LINE
  8
APS_GEOMETRY
 10
150.499996
 11
150.499996
 20
-181.500066
 21
-170.500066
  0
ARC
  8
APS_GEOMETRY
 10
147.499996
 20
-170.500066
 40
3.0
 50
0.0
 51
90.0
  0
LINE
  8
APS_GEOMETRY
 10
147.499996
 11
137.499996
 20
-167.500066
 21
-167.500066
  0
ARC
  8
APS_GEOMETRY
 10
137.499996
 20
-170.500066
 40
3.0
 50
90.0
 51
180.0
  0
LINE
  8
APS_GEOMETRY
 10
134.499996
 11
134.499996
 20
-170.500066
 21
-179.000066
  0
LINE
  8
COSTRUZIONI
 10
25.799995
 11
33.499996
 20
-196.000066
 21
-196.000066
  0
ARC
  8
COSTRUZIONI
 10
38.499996
 20
-208.000066
 40
13.0
 50
67.380135
 51
112.619865
  0
LINE
  8
COSTRUZIONI
 10
43.499996
 11
43.499996
 20
-196.000066
 21
-199.500066
  0
LINE
  8
COSTRUZIONI
 10
43.499996
 11
25.799995
 20
-199.500066
 21
-199.500066
  0
LINE
  8
COSTRUZIONI
 10
25.799995
 11
25.799995
 20
-199.500066
 21
-196.000066
  0
LINE
  8
COSTRUZIONI
 10
25.976772
 11
25.799995
 20
-199.500066
 21
-199.323289
  0
LINE
  8
COSTRUZIONI
 10
25.799995
 11
26.507102
 20
-198.792959
 21
-199.500066
  0
LINE
  8
COSTRUZIONI
 10
26.683879
 11
25.799995
 20
-199.500066
 21
-198.616182
  0
LINE
  8
COSTRUZIONI
 10
25.799995
 11
27.214209
 20
-198.085852
 21
-199.500066
  0
LINE
  8
COSTRUZIONI
 10
27.390985
 11
25.799995
 20
-199.500066
 21
-197.909076
  0
LINE
  8
COSTRUZIONI
 10
25.799995
 11
27.921316
 20
-197.378745
 21
-199.500066
  0
LINE
  8
COSTRUZIONI
 10
28.098092
 11
25.799995
 20
-199.500066
 21
-197.201969
  0
LINE
  8
COSTRUZIONI
 10
25.799995
 11
28.628422
 20
-196.671639
 21
-199.500066
  0
LINE
  8
COSTRUZIONI
 10
28.805199
 11
25.799995
 20
-199.500066
 21
-196.494862
  0
LINE
  8
COSTRUZIONI
 10
25.835529
 11
29.335529
 20
-196.000066
 21
-199.500066
  0
LINE
  8
COSTRUZIONI
 10
29.512306
 11
26.012306
 20
-199.500066
 21
-196.000066
  0
LINE
  8
COSTRUZIONI
 10
26.542636
 11
30.042636
 20
-196.000066
 21
-199.500066
  0
LINE
  8
COSTRUZIONI
 10
30.219413
 11
26.719413
 20
-199.500066
 21
-196.000066
  0
LINE
  8
COSTRUZIONI
 10
27.249743
 11
30.749743
 20
-196.000066
 21
-199.500066
  0
LINE
  8
COSTRUZIONI
 10
30.926519
 11
27.426519
 20
-199.500066
 21
-196.000066
  0
LINE
  8
COSTRUZIONI
 10
27.956849
 11
31.456849
 20
-196.000066
 21
-199.500066
  0
LINE
  8
COSTRUZIONI
 10
31.633626
 11
28.133626
 20
-199.500066
 21
-196.000066
  0
LINE
  8
COSTRUZIONI
 10
28.663956
 11
32.163956
 20
-196.000066
 21
-199.500066
  0
LINE
  8
COSTRUZIONI
 10
32.340733
 11
28.840733
 20
-199.500066
 21
-196.000066
  0
LINE
  8
COSTRUZIONI
 10
29.371063
 11
32.871063
 20
-196.000066
 21
-199.500066
  0
LINE
  8
COSTRUZIONI
 10
33.04784
 11
29.54784
 20
-199.500066
 21
-196.000066
  0
LINE
  8
COSTRUZIONI
 10
30.07817
 11
33.57817
 20
-196.000066
 21
-199.500066
  0
LINE
  8
COSTRUZIONI
 10
33.754947
 11
30.254947
 20
-199.500066
 21
-196.000066
  0
LINE
  8
COSTRUZIONI
 10
30.785277
 11
34.285277
 20
-196.000066
 21
-199.500066
  0
LINE
  8
COSTRUZIONI
 10
34.462053
 11
30.962053
 20
-199.500066
 21
-196.000066
  0
LINE
  8
COSTRUZIONI
 10
31.492383
 11
34.992383
 20
-196.000066
 21
-199.500066
  0
LINE
  8
COSTRUZIONI
 10
35.16916
 11
31.66916
 20
-199.500066
 21
-196.000066
  0
LINE
  8
COSTRUZIONI
 10
32.19949
 11
35.69949
 20
-196.000066
 21
-199.500066
  0
LINE
  8
COSTRUZIONI
 10
35.876267
 11
32.376267
 20
-199.500066
 21
-196.000066
  0
LINE
  8
COSTRUZIONI
 10
32.906597
 11
36.406597
 20
-196.000066
 21
-199.500066
  0
LINE
  8
COSTRUZIONI
 10
36.583374
 11
33.083374
 20
-199.500066
 21
-196.000066
  0
LINE
  8
COSTRUZIONI
 10
33.580483
 11
37.113704
 20
-195.966845
 21
-199.500066
  0
LINE
  8
COSTRUZIONI
 10
37.29048
 11
33.706506
 20
-199.500066
 21
-195.916091
  0
LINE
  8
COSTRUZIONI
 10
34.091226
 11
37.82081
 20
-195.770481
 21
-199.500066
  0
LINE
  8
COSTRUZIONI
 10
37.997587
 11
34.221737
 20
-199.500066
 21
-195.724216
  0
LINE
  8
COSTRUZIONI
 10
34.620331
 11
38.527917
 20
-195.592479
 21
-199.500066
  0
LINE
  8
COSTRUZIONI
 10
38.704694
 11
34.755614
 20
-199.500066
 21
-195.550985
  0
LINE
  8
COSTRUZIONI
 10
35.169016
 11
39.235024
 20
-195.434057
 21
-199.500066
  0
LINE
  8
COSTRUZIONI
 10
39.411801
 11
35.309413
 20
-199.500066
 21
-195.397678
  0
LINE
  8
COSTRUZIONI
 10
35.738762
 11
39.942131
 20
-195.296697
 21
-199.500066
  0
LINE
  8
COSTRUZIONI
 10
40.118908
 11
35.884694
 20
-199.500066
 21
-195.265852
  0
LINE
  8
COSTRUZIONI
 10
36.331392
 11
40.649238
 20
-195.18222
 21
-199.500066
  0
LINE
  8
COSTRUZIONI
 10
40.826014
 11
36.48338
 20
-199.500066
 21
-195.157431
  0
LINE
  8
COSTRUZIONI
 10
36.949177
 11
41.356344
 20
-195.092899
 21
-199.500066
  0
LINE
  8
COSTRUZIONI
 10
41.533121
 11
37.107875
 20
-199.500066
 21
-195.074819
  0
LINE
  8
COSTRUZIONI
 10
37.594991
 11
42.063451
 20
-195.031605
 21
-199.500066
  0
LINE
  8
COSTRUZIONI
 10
42.240228
 11
37.761236
 20
-199.500066
 21
-195.021074
  0
LINE
  8
COSTRUZIONI
 10
38.272548
 11
42.770558
 20
-195.002056
 21
-199.500066
  0
LINE
  8
COSTRUZIONI
 10
42.947335
 11
38.447441
 20
-199.500066
 21
-195.000172
  0
LINE
  8
COSTRUZIONI
 10
38.986782
 11
43.477665
 20
-195.009183
 21
-199.500066
  0
LINE
  8
COSTRUZIONI
 10
43.499996
 11
39.171812
 20
-199.34562
 21
-195.017436
  0
LINE
  8
COSTRUZIONI
 10
39.744475
 11
43.499996
 20
-195.059769
 21
-198.81529
  0
LINE
  8
COSTRUZIONI
 10
43.499996
 11
39.941743
 20
-198.638514
 21
-195.080261
  0
LINE
  8
COSTRUZIONI
 10
40.555394
 11
43.499996
 20
-195.163581
 21
-198.108183
  0
LINE
  8
COSTRUZIONI
 10
43.499996
 11
40.768029
 20
-197.931407
 21
-195.19944
  0
LINE
  8
COSTRUZIONI
 10
41.434526
 11
43.499996
 20
-195.335606
 21
-197.401077
  0
LINE
  8
COSTRUZIONI
 10
43.499996
 11
41.667571
 20
-197.2243
 21
-195.391875
  0
LINE
  8
COSTRUZIONI
 10
42.407127
 11
43.499996
 20
-195.601101
 21
-196.69397
  0
LINE
  8
COSTRUZIONI
 10
43.499996
 11
42.669734
 20
-196.517193
 21
-195.686931
  0
ARC
  8
APS_GEOMETRY
 10
42.999996
 20
-200.500066
 40
1.0
 50
0.0
 51
90.0
  0
LINE
  8
APS_GEOMETRY
 10
43.999996
 11
43.999996
 20
-216.200067
 21
-281.500066
  0
ARC
  8
APS_GEOMETRY
 10
40.999996
 20
-281.500066
 40
3.0
 50
270.0
 51
0.0
  0
LINE
  8
APS_GEOMETRY
 10
40.999996
 11
13.999996
 20
-284.500066
 21
-284.500066
  0
ARC
  8
APS_GEOMETRY
 10
13.999996
 20
-281.500066
 40
3.0
 50
180.0
 51
270.0
  0
LINE
  8
APS_GEOMETRY
 10
10.999996
 11
10.999996
 20
-281.500066
 21
-260.500066
  0
LINE
  8
APS_GEOMETRY
 10
10.999996
 11
6.499996
 20
-260.500066
 21
-260.500066
  0
LINE
  8
APS_GEOMETRY
 10
6.499996
 11
6.499996
 20
-260.500066
 21
-274.500066
  0
LINE
  8
APS_GEOMETRY
 10
6.499996
 11
-0.000041
 20
-274.500066
 21
-274.500066
  0
LINE
  8
APS_GEOMETRY
 10
-0.000041
 11
-0.000041
 20
-274.500066
 21
-194.593981
  0
LINE
  8
APS_GEOMETRY
 10
-0.000041
 11
-0.000041
 20
-194.593981
 21
-176.500066
  0
LINE
  8
APS_GEOMETRY
 10
-0.000041
 11
3.999959
 20
-176.500066
 21
-176.500066
  0
LINE
  8
APS_GEOMETRY
 10
-54.500041
 11
-0.000041
 20
-173.500066
 21
-173.500066
  0
LINE
  8
APS_GEOMETRY
 10
-0.000041
 11
-0.000041
 20
-173.500066
 21
-176.500066
  0
LINE
  8
APS_GEOMETRY
 10
-0.000041
 11
4.499959
 20
-176.500066
 21
-176.500066
  0
LINE
  8
APS_GEOMETRY
 10
4.499959
 11
4.499959
 20
-176.500066
 21
-187.000066
  0
LINE
  8
APS_GEOMETRY
 10
4.499959
 11
5.999959
 20
-187.000066
 21
-188.500066
  0
LINE
  8
APS_GEOMETRY
 10
5.999959
 11
8.499959
 20
-188.500066
 21
-188.500066
  0
LINE
  8
APS_GEOMETRY
 10
8.499959
 11
8.499959
 20
-188.500066
 21
-170.500066
  0
ARC
  8
APS_GEOMETRY
 10
4.499959
 20
-170.500066
 40
4.0
 50
0.0
 51
90.0
  0
LINE
  8
APS_GEOMETRY
 10
4.499959
 11
-56.500041
 20
-166.500066
 21
-166.500066
  0
ARC
  8
APS_GEOMETRY
 10
-56.500041
 20
-170.500066
 40
4.0
 50
90.0
 51
180.0
  0
LINE
  8
APS_GEOMETRY
 10
-60.500041
 11
-60.500041
 20
-170.500066
 21
-176.500066
  0
LINE
  8
APS_GEOMETRY
 10
-60.500041
 11
-54.500041
 20
-176.500066
 21
-176.500066
  0
LINE
  8
APS_GEOMETRY
 10
-54.500041
 11
-54.500041
 20
-176.500066
 21
-173.500066
  0
LINE
  8
APS_GEOMETRY
 10
33.499996
 11
33.499996
 20
-196.000066
 21
-169.500066
  0
ARC
  8
APS_GEOMETRY
 10
30.499996
 20
-169.500066
 40
3.0
 50
0.0
 51
90.0
  0
LINE
  8
APS_GEOMETRY
 10
30.499996
 11
11.499959
 20
-166.500066
 21
-166.500066
  0
ARC
  8
APS_GEOMETRY
 10
11.499959
 20
-169.500066
 40
3.0
 50
90.0
 51
180.0
  0
LINE
  8
APS_GEOMETRY
 10
8.499959
 11
8.499959
 20
-169.500066
 21
-190.500066
  0
LINE
  8
APS_GEOMETRY
 10
8.499959
 11
3.999959
 20
-190.500066
 21
-190.500066
  0
LINE
  8
APS_GEOMETRY
 10
3.999959
 11
3.999959
 20
-190.500066
 21
-176.500066
  0
LINE
  8
APS_GEOMETRY
 10
-52.000004
 11
2.499996
 20
-277.500066
 21
-277.500066
  0
LINE
  8
APS_GEOMETRY
 10
2.499996
 11
2.499996
 20
-277.500066
 21
-274.500066
  0
LINE
  8
APS_GEOMETRY
 10
2.499996
 11
6.999996
 20
-274.500066
 21
-274.500066
  0
LINE
  8
APS_GEOMETRY
 10
6.999996
 11
6.999996
 20
-274.500066
 21
-264.000066
  0
LINE
  8
APS_GEOMETRY
 10
6.999996
 11
8.499996
 20
-264.000066
 21
-262.500066
  0
LINE
  8
APS_GEOMETRY
 10
8.499996
 11
10.999996
 20
-262.500066
 21
-262.500066
  0
LINE
  8
APS_GEOMETRY
 10
10.999996
 11
10.999996
 20
-262.500066
 21
-280.500066
  0
ARC
  8
APS_GEOMETRY
 10
6.999996
 20
-280.500066
 40
4.0
 50
270.0
 51
0.0
  0
LINE
  8
APS_GEOMETRY
 10
6.999996
 11
-54.000004
 20
-284.500066
 21
-284.500066
  0
ARC
  8
APS_GEOMETRY
 10
-54.000004
 20
-280.500066
 40
4.0
 50
180.0
 51
270.0
  0
LINE
  8
APS_GEOMETRY
 10
-58.000004
 11
-58.000004
 20
-280.500066
 21
-274.500066
  0
LINE
  8
APS_GEOMETRY
 10
-58.000004
 11
-52.000004
 20
-274.500066
 21
-274.500066
  0
LINE
  8
APS_GEOMETRY
 10
-52.000004
 11
-52.000004
 20
-274.500066
 21
-277.500066
  0
LINE
  8
APS_GEOMETRY
 10
43.999996
 11
43.999996
 20
-216.200067
 21
-200.500066
  0
LINE
  8
COSTRUZIONI
 10
-104.500041
 11
-0.000041
 20
-176.500066
 21
-176.500066
  0
LINE
  8
COSTRUZIONI
 10
-102.000004
 11
2.499996
 20
-274.500066
 21
-274.500066
  0
LINE
  8
COSTRUZIONI
 10
-1.500041
 11
-1.500041
 20
-274.500066
 21
-176.500066
  0
LINE
  8
COSTRUZIONI
 10
-21.500041
 11
-21.500041
 20
-274.500066
 21
-176.500066
  0
LINE
  8
COSTRUZIONI
 10
-1.500041
 11
-21.500041
 20
-176.500066
 21
-274.500066
  0
LINE
  8
COSTRUZIONI
 10
-1.500041
 11
-21.500041
 20
-274.500066
 21
-176.500066
  0
LINE
  8
APS_GEOMETRY
 10
156.699996
 11
723.300004
 20
-167.500061
 21
-167.500061
  0
LINE
  8
APS_GEOMETRY
 10
723.300004
 11
724.500004
 20
-167.500061
 21
-168.700061
  0
LINE
  8
APS_GEOMETRY
 10
724.500004
 11
724.500004
 20
-168.700061
 21
-183.500066
  0
LINE
  8
APS_GEOMETRY
 10
724.500004
 11
741.500004
 20
-183.500066
 21
-183.500066
  0
LINE
  8
APS_GEOMETRY
 10
741.500004
 11
741.500004
 20
-183.500066
 21
-195.500066
  0
LINE
  8
APS_GEOMETRY
 10
741.500004
 11
724.500004
 20
-195.500066
 21
-195.500066
  0
LINE
  8
APS_GEOMETRY
 10
724.500004
 11
724.500004
 20
-195.500066
 21
-210.300071
  0
LINE
  8
APS_GEOMETRY
 10
724.500004
 11
723.300004
 20
-210.300071
 21
-211.500071
  0
LINE
  8
APS_GEOMETRY
 10
723.300004
 11
156.699996
 20
-211.500071
 21
-211.500071
  0
LINE
  8
APS_GEOMETRY
 10
156.699996
 11
155.499996
 20
-211.500071
 21
-210.300071
  0
LINE
  8
APS_GEOMETRY
 10
155.499996
 11
155.499996
 20
-210.300071
 21
-195.500066
  0
LINE
  8
APS_GEOMETRY
 10
155.499996
 11
138.499996
 20
-195.500066
 21
-195.500066
  0
LINE
  8
APS_GEOMETRY
 10
138.499996
 11
138.499996
 20
-195.500066
 21
-183.500066
  0
LINE
  8
APS_GEOMETRY
 10
138.499996
 11
155.499996
 20
-183.500066
 21
-183.500066
  0
LINE
  8
APS_GEOMETRY
 10
155.499996
 11
155.499996
 20
-183.500066
 21
-168.700061
  0
LINE
  8
APS_GEOMETRY
 10
155.499996
 11
156.699996
 20
-168.700061
 21
-167.500061
  0
LINE
  8
QUOTATURA
 10
43.999996
 11
302.581705
 20
-260.87648
 21
-260.87648
  0
LINE
  8
QUOTATURA
 10
577.418295
 11
836.000004
 20
-260.87648
 21
-260.87648
  0
LINE
  8
QUOTATURA
 10
63.999996
 11
43.999996
 20
-264.21048
 21
-260.87648
  0
LINE
  8
QUOTATURA
 10
43.999996
 11
63.999996
 20
-260.87648
 21
-257.54248
  0
LINE
  8
QUOTATURA
 10
63.999996
 11
63.999996
 20
-257.54248
 21
-264.21048
  0
LINE
  8
QUOTATURA
 10
816.000004
 11
836.000004
 20
-257.54248
 21
-260.87648
  0
LINE
  8
QUOTATURA
 10
836.000004
 11
816.000004
 20
-260.87648
 21
-264.21048
  0
LINE
  8
QUOTATURA
 10
816.000004
 11
816.000004
 20
-264.21048
 21
-257.54248
  0
LINE
  8
QUOTATURA
 10
-0.000041
 11
-0.000041
 20
-294.500066
 21
-328.045876
  0
LINE
  8
QUOTATURA
 10
880.000041
 11
880.000041
 20
-294.500066
 21
-328.045876
  0
LINE
  8
QUOTATURA
 10
-0.000041
 11
299.70444
 20
-318.045876
 21
-318.045876
  0
LINE
  8
QUOTATURA
 10
580.29556
 11
880.000041
 20
-318.045876
 21
-318.045876
  0
LINE
  8
QUOTATURA
 10
19.999959
 11
-0.000041
 20
-321.379876
 21
-318.045876
  0
LINE
  8
QUOTATURA
 10
-0.000041
 11
19.999959
 20
-318.045876
 21
-314.711876
  0
LINE
  8
QUOTATURA
 10
19.999959
 11
19.999959
 20
-314.711876
 21
-321.379876
  0
LINE
  8
QUOTATURA
 10
860.000041
 11
880.000041
 20
-314.711876
 21
-318.045876
  0
LINE
  8
QUOTATURA
 10
880.000041
 11
860.000041
 20
-318.045876
 21
-321.379876
  0
LINE
  8
QUOTATURA
 10
860.000041
 11
860.000041
 20
-321.379876
 21
-314.711876
  0
LINE
  8
APS_GEOMETRY
 10
-287.499895
 11
-248.499895
 20
4.5
 21
4.5
  0
ARC
  8
APS_GEOMETRY
 10
-248.499895
 20
7.5
 40
3.0
 50
270.0
 51
360.0
  0
LINE
  8
APS_GEOMETRY
 10
-245.499895
 11
-245.499895
 20
7.5
 21
99.5
  0
ARC
  8
APS_GEOMETRY
 10
-248.499895
 20
99.5
 40
3.0
 50
360.0
 51
90.0
  0
LINE
  8
APS_GEOMETRY
 10
-248.499895
 11
-274.499895
 20
102.5
 21
102.5
  0
LINE
  8
APS_GEOMETRY
 10
-274.499895
 11
-274.499895
 20
102.5
 21
116.5
  0
LINE
  8
APS_GEOMETRY
 10
-274.499895
 11
-276.499895
 20
116.5
 21
118.5
  0
LINE
  8
APS_GEOMETRY
 10
-276.499895
 11
-287.499895
 20
118.5
 21
118.5
  0
ARC
  8
APS_GEOMETRY
 10
-287.499895
 20
115.5
 40
3.0
 50
90.0
 51
180.0
  0
LINE
  8
APS_GEOMETRY
 10
-290.499895
 11
-290.499895
 20
115.5
 21
7.5
  0
ARC
  8
APS_GEOMETRY
 10
-287.499895
 20
7.5
 40
3.0
 50
180.0
 51
270.0
  0
LINE
  8
APS_GEOMETRY
 10
-262.499895
 11
-262.499895
 20
102.5
 21
116.5
  0
LINE
  8
APS_GEOMETRY
 10
-262.499895
 11
-260.499895
 20
116.5
 21
118.5
  0
LINE
  8
APS_GEOMETRY
 10
-260.499895
 11
-249.499895
 20
118.5
 21
118.5
  0
ARC
  8
APS_GEOMETRY
 10
-249.499895
 20
115.5
 40
3.0
 50
360.0
 51
90.0
  0
LINE
  8
APS_GEOMETRY
 10
-246.499895
 11
-246.499895
 20
115.5
 21
105.5
  0
ARC
  8
APS_GEOMETRY
 10
-249.499895
 20
105.5
 40
3.0
 50
270.0
 51
360.0
  0
LINE
  8
APS_GEOMETRY
 10
-249.499895
 11
-257.999895
 20
102.5
 21
102.5
  0
LINE
  8
APS_GEOMETRY
 10
-290.499895
 11
-290.499895
 20
2090.5
 21
1992.5
  0
ARC
  8
APS_GEOMETRY
 10
-287.499895
 20
1992.5
 40
3.0
 50
180.0
 51
270.0
  0
LINE
  8
APS_GEOMETRY
 10
-287.499895
 11
-276.499895
 20
1989.5
 21
1989.5
  0
LINE
  8
APS_GEOMETRY
 10
-276.499895
 11
-274.499895
 20
1989.5
 21
1991.5
  0
LINE
  8
APS_GEOMETRY
 10
-274.499895
 11
-274.499895
 20
1991.5
 21
2005.5
  0
LINE
  8
APS_GEOMETRY
 10
-274.499895
 11
-248.499895
 20
2005.5
 21
2005.5
  0
ARC
  8
APS_GEOMETRY
 10
-248.499895
 20
2008.5
 40
3.0
 50
270.0
 51
360.0
  0
LINE
  8
APS_GEOMETRY
 10
-245.499895
 11
-245.499895
 20
2008.5
 21
2100.5
  0
ARC
  8
APS_GEOMETRY
 10
-248.499895
 20
2100.5
 40
3.0
 50
360.0
 51
90.0
  0
LINE
  8
APS_GEOMETRY
 10
-248.499895
 11
-273.999895
 20
2103.5
 21
2103.5
  0
ARC
  8
APS_GEOMETRY
 10
-273.999895
 20
2102.0
 40
1.5
 50
90.0
 51
180.0
  0
LINE
  8
APS_GEOMETRY
 10
-275.499895
 11
-275.499895
 20
2102.0
 21
2093.5
  0
LINE
  8
APS_GEOMETRY
 10
-275.499895
 11
-287.499895
 20
2093.5
 21
2093.5
  0
ARC
  8
APS_GEOMETRY
 10
-287.499895
 20
2090.5
 40
3.0
 50
90.0
 51
180.0
  0
LINE
  8
APS_GEOMETRY
 10
-262.499895
 11
-262.499895
 20
2005.5
 21
1991.5
  0
LINE
  8
APS_GEOMETRY
 10
-262.499895
 11
-260.499895
 20
1991.5
 21
1989.5
  0
LINE
  8
APS_GEOMETRY
 10
-260.499895
 11
-249.499895
 20
1989.5
 21
1989.5
  0
ARC
  8
APS_GEOMETRY
 10
-249.499895
 20
1992.5
 40
3.0
 50
270.0
 51
360.0
  0
LINE
  8
APS_GEOMETRY
 10
-246.499895
 11
-246.499895
 20
1992.5
 21
2002.5
  0
ARC
  8
APS_GEOMETRY
 10
-249.499895
 20
2002.5
 40
3.0
 50
360.0
 51
90.0
  0
LINE
  8
APS_GEOMETRY
 10
-249.499895
 11
-257.999895
 20
2005.5
 21
2005.5
  0
LINE
  8
COSTRUZIONI
 10
-274.999895
 11
-274.999895
 20
2114.200001
 21
2106.5
  0
ARC
  8
COSTRUZIONI
 10
-286.999895
 20
2101.5
 40
13.0
 50
337.380135
 51
22.619865
  0
LINE
  8
COSTRUZIONI
 10
-274.999895
 11
-278.499895
 20
2096.5
 21
2096.5
  0
LINE
  8
COSTRUZIONI
 10
-278.499895
 11
-278.499895
 20
2096.5
 21
2114.200001
  0
LINE
  8
COSTRUZIONI
 10
-278.499895
 11
-274.999895
 20
2114.200001
 21
2114.200001
  0
LINE
  8
COSTRUZIONI
 10
-278.499895
 11
-278.323118
 20
2114.023224
 21
2114.200001
  0
LINE
  8
COSTRUZIONI
 10
-277.792788
 11
-278.499895
 20
2114.200001
 21
2113.492894
  0
LINE
  8
COSTRUZIONI
 10
-278.499895
 11
-277.616011
 20
2113.316117
 21
2114.200001
  0
LINE
  8
COSTRUZIONI
 10
-277.085681
 11
-278.499895
 20
2114.200001
 21
2112.785787
  0
LINE
  8
COSTRUZIONI
 10
-278.499895
 11
-276.908905
 20
2112.60901
 21
2114.200001
  0
LINE
  8
COSTRUZIONI
 10
-276.378574
 11
-278.499895
 20
2114.200001
 21
2112.07868
  0
LINE
  8
COSTRUZIONI
 10
-278.499895
 11
-276.201798
 20
2111.901904
 21
2114.200001
  0
LINE
  8
COSTRUZIONI
 10
-275.671468
 11
-278.499895
 20
2114.200001
 21
2111.371573
  0
LINE
  8
COSTRUZIONI
 10
-278.499895
 11
-275.494691
 20
2111.194797
 21
2114.200001
  0
LINE
  8
COSTRUZIONI
 10
-274.999895
 11
-278.499895
 20
2114.164467
 21
2110.664467
  0
LINE
  8
COSTRUZIONI
 10
-278.499895
 11
-274.999895
 20
2110.48769
 21
2113.98769
  0
LINE
  8
COSTRUZIONI
 10
-274.999895
 11
-278.499895
 20
2113.45736
 21
2109.95736
  0
LINE
  8
COSTRUZIONI
 10
-278.499895
 11
-274.999895
 20
2109.780583
 21
2113.280583
  0
LINE
  8
COSTRUZIONI
 10
-274.999895
 11
-278.499895
 20
2112.750253
 21
2109.250253
  0
LINE
  8
COSTRUZIONI
 10
-278.499895
 11
-274.999895
 20
2109.073476
 21
2112.573476
  0
LINE
  8
COSTRUZIONI
 10
-274.999895
 11
-278.499895
 20
2112.043146
 21
2108.543146
  0
LINE
  8
COSTRUZIONI
 10
-278.499895
 11
-274.999895
 20
2108.36637
 21
2111.86637
  0
LINE
  8
COSTRUZIONI
 10
-274.999895
 11
-278.499895
 20
2111.33604
 21
2107.83604
  0
LINE
  8
COSTRUZIONI
 10
-278.499895
 11
-274.999895
 20
2107.659263
 21
2111.159263
  0
LINE
  8
COSTRUZIONI
 10
-274.999895
 11
-278.499895
 20
2110.628933
 21
2107.128933
  0
LINE
  8
COSTRUZIONI
 10
-278.499895
 11
-274.999895
 20
2106.952156
 21
2110.452156
  0
LINE
  8
COSTRUZIONI
 10
-274.999895
 11
-278.499895
 20
2109.921826
 21
2106.421826
  0
LINE
  8
COSTRUZIONI
 10
-278.499895
 11
-274.999895
 20
2106.245049
 21
2109.745049
  0
LINE
  8
COSTRUZIONI
 10
-274.999895
 11
-278.499895
 20
2109.214719
 21
2105.714719
  0
LINE
  8
COSTRUZIONI
 10
-278.499895
 11
-274.999895
 20
2105.537943
 21
2109.037943
  0
LINE
  8
COSTRUZIONI
 10
-274.999895
 11
-278.499895
 20
2108.507612
 21
2105.007612
  0
LINE
  8
COSTRUZIONI
 10
-278.499895
 11
-274.999895
 20
2104.830836
 21
2108.330836
  0
LINE
  8
COSTRUZIONI
 10
-274.999895
 11
-278.499895
 20
2107.800506
 21
2104.300506
  0
LINE
  8
COSTRUZIONI
 10
-278.499895
 11
-274.999895
 20
2104.123729
 21
2107.623729
  0
LINE
  8
COSTRUZIONI
 10
-274.999895
 11
-278.499895
 20
2107.093399
 21
2103.593399
  0
LINE
  8
COSTRUZIONI
 10
-278.499895
 11
-274.999895
 20
2103.416622
 21
2106.916622
  0
LINE
  8
COSTRUZIONI
 10
-274.966674
 11
-278.499895
 20
2106.419513
 21
2102.886292
  0
LINE
  8
COSTRUZIONI
 10
-278.499895
 11
-274.91592
 20
2102.709515
 21
2106.29349
  0
LINE
  8
COSTRUZIONI
 10
-274.77031
 11
-278.499895
 20
2105.90877
 21
2102.179185
  0
LINE
  8
COSTRUZIONI
 10
-278.499895
 11
-274.724045
 20
2102.002409
 21
2105.778259
  0
LINE
  8
COSTRUZIONI
 10
-274.592308
 11
-278.499895
 20
2105.379665
 21
2101.472079
  0
LINE
  8
COSTRUZIONI
 10
-278.499895
 11
-274.550814
 20
2101.295302
 21
2105.244382
  0
LINE
  8
COSTRUZIONI
 10
-274.433886
 11
-278.499895
 20
2104.83098
 21
2100.764972
  0
LINE
  8
COSTRUZIONI
 10
-278.499895
 11
-274.397507
 20
2100.588195
 21
2104.690583
  0
LINE
  8
COSTRUZIONI
 10
-274.296526
 11
-278.499895
 20
2104.261234
 21
2100.057865
  0
LINE
  8
COSTRUZIONI
 10
-278.499895
 11
-274.265681
 20
2099.881088
 21
2104.115302
  0
LINE
  8
COSTRUZIONI
 10
-274.18205
 11
-278.499895
 20
2103.668604
 21
2099.350758
  0
LINE
  8
COSTRUZIONI
 10
-278.499895
 11
-274.15726
 20
2099.173982
 21
2103.516616
  0
LINE
  8
COSTRUZIONI
 10
-274.092728
 11
-278.499895
 20
2103.050818
 21
2098.643651
  0
LINE
  8
COSTRUZIONI
 10
-278.499895
 11
-274.074648
 20
2098.466875
 21
2102.892121
  0
LINE
  8
COSTRUZIONI
 10
-274.031434
 11
-278.499895
 20
2102.405005
 21
2097.936545
  0
LINE
  8
COSTRUZIONI
 10
-278.499895
 11
-274.020903
 20
2097.759768
 21
2102.23876
  0
LINE
  8
COSTRUZIONI
 10
-274.001885
 11
-278.499895
 20
2101.727448
 21
2097.229438
  0
LINE
  8
COSTRUZIONI
 10
-278.499895
 11
-274.000001
 20
2097.052661
 21
2101.552555
  0
LINE
  8
COSTRUZIONI
 10
-274.009012
 11
-278.499895
 20
2101.013214
 21
2096.522331
  0
LINE
  8
COSTRUZIONI
 10
-278.345449
 11
-274.017266
 20
2096.5
 21
2100.828184
  0
LINE
  8
COSTRUZIONI
 10
-274.059598
 11
-277.815119
 20
2100.255521
 21
2096.5
  0
LINE
  8
COSTRUZIONI
 10
-277.638343
 11
-274.08009
 20
2096.5
 21
2100.058253
  0
LINE
  8
COSTRUZIONI
 10
-274.16341
 11
-277.108012
 20
2099.444602
 21
2096.5
  0
LINE
  8
COSTRUZIONI
 10
-276.931236
 11
-274.199269
 20
2096.5
 21
2099.231967
  0
LINE
  8
COSTRUZIONI
 10
-274.335435
 11
-276.400906
 20
2098.56547
 21
2096.5
  0
LINE
  8
COSTRUZIONI
 10
-276.224129
 11
-274.391704
 20
2096.5
 21
2098.332424
  0
LINE
  8
COSTRUZIONI
 10
-274.60093
 11
-275.693799
 20
2097.592869
 21
2096.5
  0
LINE
  8
COSTRUZIONI
 10
-275.517022
 11
-274.68676
 20
2096.5
 21
2097.330262
  0
ARC
  8
APS_GEOMETRY
 10
-279.499895
 20
2097.0
 40
1.0
 50
270.0
 51
360.0
  0
LINE
  8
APS_GEOMETRY
 10
-295.199896
 11
-360.499895
 20
2096.0
 21
2096.0
  0
ARC
  8
APS_GEOMETRY
 10
-360.499895
 20
2099.0
 40
3.0
 50
180.0
 51
270.0
  0
LINE
  8
APS_GEOMETRY
 10
-363.499895
 11
-363.499895
 20
2099.0
 21
2126.0
  0
ARC
  8
APS_GEOMETRY
 10
-360.499895
 20
2126.0
 40
3.0
 50
90.0
 51
180.0
  0
LINE
  8
APS_GEOMETRY
 10
-360.499895
 11
-339.499895
 20
2129.0
 21
2129.0
  0
LINE
  8
APS_GEOMETRY
 10
-339.499895
 11
-339.499895
 20
2129.0
 21
2133.5
  0
LINE
  8
APS_GEOMETRY
 10
-339.499895
 11
-353.499895
 20
2133.5
 21
2133.5
  0
LINE
  8
APS_GEOMETRY
 10
-353.499895
 11
-353.499895
 20
2133.5
 21
2140.000037
  0
LINE
  8
APS_GEOMETRY
 10
-353.499895
 11
-273.59381
 20
2140.000037
 21
2140.000037
  0
LINE
  8
APS_GEOMETRY
 10
-273.59381
 11
-255.499895
 20
2140.000037
 21
2140.000037
  0
LINE
  8
APS_GEOMETRY
 10
-255.499895
 11
-255.499895
 20
2140.000037
 21
2136.000037
  0
LINE
  8
APS_GEOMETRY
 10
-252.499895
 11
-252.499895
 20
2194.500037
 21
2140.000037
  0
LINE
  8
APS_GEOMETRY
 10
-252.499895
 11
-255.499895
 20
2140.000037
 21
2140.000037
  0
LINE
  8
APS_GEOMETRY
 10
-255.499895
 11
-255.499895
 20
2140.000037
 21
2135.500037
  0
LINE
  8
APS_GEOMETRY
 10
-255.499895
 11
-265.999895
 20
2135.500037
 21
2135.500037
  0
LINE
  8
APS_GEOMETRY
 10
-265.999895
 11
-267.499895
 20
2135.500037
 21
2134.000037
  0
LINE
  8
APS_GEOMETRY
 10
-267.499895
 11
-267.499895
 20
2134.000037
 21
2131.500037
  0
LINE
  8
APS_GEOMETRY
 10
-267.499895
 11
-249.499895
 20
2131.500037
 21
2131.500037
  0
ARC
  8
APS_GEOMETRY
 10
-249.499895
 20
2135.500037
 40
4.0
 50
270.0
 51
360.0
  0
LINE
  8
APS_GEOMETRY
 10
-245.499895
 11
-245.499895
 20
2135.500037
 21
2196.500037
  0
ARC
  8
APS_GEOMETRY
 10
-249.499895
 20
2196.500037
 40
4.0
 50
360.0
 51
90.0
  0
LINE
  8
APS_GEOMETRY
 10
-249.499895
 11
-255.499895
 20
2200.500037
 21
2200.500037
  0
LINE
  8
APS_GEOMETRY
 10
-255.499895
 11
-255.499895
 20
2200.500037
 21
2194.500037
  0
LINE
  8
APS_GEOMETRY
 10
-255.499895
 11
-252.499895
 20
2194.500037
 21
2194.500037
  0
LINE
  8
APS_GEOMETRY
 10
-274.999895
 11
-248.499895
 20
2106.5
 21
2106.5
  0
ARC
  8
APS_GEOMETRY
 10
-248.499895
 20
2109.5
 40
3.0
 50
270.0
 51
360.0
  0
LINE
  8
APS_GEOMETRY
 10
-245.499895
 11
-245.499895
 20
2109.5
 21
2128.500037
  0
ARC
  8
APS_GEOMETRY
 10
-248.499895
 20
2128.500037
 40
3.0
 50
360.0
 51
90.0
  0
LINE
  8
APS_GEOMETRY
 10
-248.499895
 11
-269.499895
 20
2131.500037
 21
2131.500037
  0
LINE
  8
APS_GEOMETRY
 10
-269.499895
 11
-269.499895
 20
2131.500037
 21
2136.000037
  0
LINE
  8
APS_GEOMETRY
 10
-269.499895
 11
-255.499895
 20
2136.000037
 21
2136.000037
  0
LINE
  8
APS_GEOMETRY
 10
-356.499895
 11
-356.499895
 20
2192.0
 21
2137.5
  0
LINE
  8
APS_GEOMETRY
 10
-356.499895
 11
-353.499895
 20
2137.5
 21
2137.5
  0
LINE
  8
APS_GEOMETRY
 10
-353.499895
 11
-353.499895
 20
2137.5
 21
2133.0
  0
LINE
  8
APS_GEOMETRY
 10
-353.499895
 11
-342.999895
 20
2133.0
 21
2133.0
  0
LINE
  8
APS_GEOMETRY
 10
-342.999895
 11
-341.499895
 20
2133.0
 21
2131.5
  0
LINE
  8
APS_GEOMETRY
 10
-341.499895
 11
-341.499895
 20
2131.5
 21
2129.0
  0
LINE
  8
APS_GEOMETRY
 10
-341.499895
 11
-359.499895
 20
2129.0
 21
2129.0
  0
ARC
  8
APS_GEOMETRY
 10
-359.499895
 20
2133.0
 40
4.0
 50
180.0
 51
270.0
  0
LINE
  8
APS_GEOMETRY
 10
-363.499895
 11
-363.499895
 20
2133.0
 21
2194.0
  0
ARC
  8
APS_GEOMETRY
 10
-359.499895
 20
2194.0
 40
4.0
 50
90.0
 51
180.0
  0
LINE
  8
APS_GEOMETRY
 10
-359.499895
 11
-353.499895
 20
2198.0
 21
2198.0
  0
LINE
  8
APS_GEOMETRY
 10
-353.499895
 11
-353.499895
 20
2198.0
 21
2192.0
  0
LINE
  8
APS_GEOMETRY
 10
-353.499895
 11
-356.499895
 20
2192.0
 21
2192.0
  0
LINE
  8
APS_GEOMETRY
 10
-295.199896
 11
-279.499895
 20
2096.0
 21
2096.0
  0
LINE
  8
COSTRUZIONI
 10
-255.499895
 11
-255.499895
 20
2244.500037
 21
2140.000037
  0
LINE
  8
COSTRUZIONI
 10
-353.499895
 11
-353.499895
 20
2242.0
 21
2137.5
  0
LINE
  8
COSTRUZIONI
 10
-353.499895
 11
-255.499895
 20
2141.500037
 21
2141.500037
  0
LINE
  8
COSTRUZIONI
 10
-353.499895
 11
-255.499895
 20
2161.500037
 21
2161.500037
  0
LINE
  8
COSTRUZIONI
 10
-255.499895
 11
-353.499895
 20
2141.500037
 21
2161.500037
  0
LINE
  8
COSTRUZIONI
 10
-353.499895
 11
-255.499895
 20
2141.500037
 21
2161.500037
  0
ARC
  8
APS_GEOMETRY
 10
-248.499895
 20
950.5
 40
3.0
 50
360.0
 51
90.0
  0
LINE
  8
APS_GEOMETRY
 10
-248.499895
 11
-274.499895
 20
953.5
 21
953.5
  0
LINE
  8
APS_GEOMETRY
 10
-274.499895
 11
-274.499895
 20
953.5
 21
967.5
  0
LINE
  8
APS_GEOMETRY
 10
-274.499895
 11
-276.499895
 20
967.5
 21
969.5
  0
LINE
  8
APS_GEOMETRY
 10
-276.499895
 11
-287.499895
 20
969.5
 21
969.5
  0
ARC
  8
APS_GEOMETRY
 10
-287.499895
 20
966.5
 40
3.0
 50
90.0
 51
180.0
  0
LINE
  8
APS_GEOMETRY
 10
-290.499895
 11
-290.499895
 20
966.5
 21
860.5
  0
ARC
  8
APS_GEOMETRY
 10
-287.499895
 20
860.5
 40
3.0
 50
180.0
 51
270.0
  0
LINE
  8
APS_GEOMETRY
 10
-287.499895
 11
-276.499895
 20
857.5
 21
857.5
  0
LINE
  8
APS_GEOMETRY
 10
-276.499895
 11
-274.499895
 20
857.5
 21
859.5
  0
LINE
  8
APS_GEOMETRY
 10
-274.499895
 11
-274.499895
 20
859.5
 21
873.5
  0
LINE
  8
APS_GEOMETRY
 10
-274.499895
 11
-248.499895
 20
873.5
 21
873.5
  0
ARC
  8
APS_GEOMETRY
 10
-248.499895
 20
876.5
 40
3.0
 50
270.0
 51
0.0
  0
LINE
  8
APS_GEOMETRY
 10
-245.499895
 11
-245.499895
 20
876.5
 21
950.5
  0
LINE
  8
APS_GEOMETRY
 10
-262.499895
 11
-262.499895
 20
953.5
 21
967.5
  0
LINE
  8
APS_GEOMETRY
 10
-262.499895
 11
-260.499895
 20
967.5
 21
969.5
  0
LINE
  8
APS_GEOMETRY
 10
-260.499895
 11
-249.499895
 20
969.5
 21
969.5
  0
ARC
  8
APS_GEOMETRY
 10
-249.499895
 20
966.5
 40
3.0
 50
360.0
 51
90.0
  0
LINE
  8
APS_GEOMETRY
 10
-246.499895
 11
-246.499895
 20
966.5
 21
956.5
  0
ARC
  8
APS_GEOMETRY
 10
-249.499895
 20
956.5
 40
3.0
 50
270.0
 51
360.0
  0
LINE
  8
APS_GEOMETRY
 10
-249.499895
 11
-257.999895
 20
953.5
 21
953.5
  0
LINE
  8
APS_GEOMETRY
 10
-262.499895
 11
-262.499895
 20
873.5
 21
859.5
  0
LINE
  8
APS_GEOMETRY
 10
-262.499895
 11
-260.499895
 20
859.5
 21
857.5
  0
LINE
  8
APS_GEOMETRY
 10
-260.499895
 11
-249.499895
 20
857.5
 21
857.5
  0
ARC
  8
APS_GEOMETRY
 10
-249.499895
 20
860.5
 40
3.0
 50
270.0
 51
0.0
  0
LINE
  8
APS_GEOMETRY
 10
-246.499895
 11
-246.499895
 20
860.5
 21
870.5
  0
ARC
  8
APS_GEOMETRY
 10
-249.499895
 20
870.5
 40
3.0
 50
0.0
 51
90.0
  0
LINE
  8
APS_GEOMETRY
 10
-249.499895
 11
-257.999895
 20
873.5
 21
873.5
  0
ARC
  8
APS_GEOMETRY
 10
-248.499895
 20
1241.5
 40
3.0
 50
360.0
 51
90.0
  0
LINE
  8
APS_GEOMETRY
 10
-248.499895
 11
-274.499895
 20
1244.5
 21
1244.5
  0
LINE
  8
APS_GEOMETRY
 10
-274.499895
 11
-274.499895
 20
1244.5
 21
1258.5
  0
LINE
  8
APS_GEOMETRY
 10
-274.499895
 11
-276.499895
 20
1258.5
 21
1260.5
  0
LINE
  8
APS_GEOMETRY
 10
-276.499895
 11
-287.499895
 20
1260.5
 21
1260.5
  0
ARC
  8
APS_GEOMETRY
 10
-287.499895
 20
1257.5
 40
3.0
 50
90.0
 51
180.0
  0
LINE
  8
APS_GEOMETRY
 10
-290.499895
 11
-290.499895
 20
1257.5
 21
1151.5
  0
ARC
  8
APS_GEOMETRY
 10
-287.499895
 20
1151.5
 40
3.0
 50
180.0
 51
270.0
  0
LINE
  8
APS_GEOMETRY
 10
-287.499895
 11
-276.499895
 20
1148.5
 21
1148.5
  0
LINE
  8
APS_GEOMETRY
 10
-276.499895
 11
-274.499895
 20
1148.5
 21
1150.5
  0
LINE
  8
APS_GEOMETRY
 10
-274.499895
 11
-274.499895
 20
1150.5
 21
1164.5
  0
LINE
  8
APS_GEOMETRY
 10
-274.499895
 11
-248.499895
 20
1164.5
 21
1164.5
  0
ARC
  8
APS_GEOMETRY
 10
-248.499895
 20
1167.5
 40
3.0
 50
270.0
 51
0.0
  0
LINE
  8
APS_GEOMETRY
 10
-245.499895
 11
-245.499895
 20
1167.5
 21
1241.5
  0
LINE
  8
APS_GEOMETRY
 10
-262.499895
 11
-262.499895
 20
1244.5
 21
1258.5
  0
LINE
  8
APS_GEOMETRY
 10
-262.499895
 11
-260.499895
 20
1258.5
 21
1260.5
  0
LINE
  8
APS_GEOMETRY
 10
-260.499895
 11
-249.499895
 20
1260.5
 21
1260.5
  0
ARC
  8
APS_GEOMETRY
 10
-249.499895
 20
1257.5
 40
3.0
 50
360.0
 51
90.0
  0
LINE
  8
APS_GEOMETRY
 10
-246.499895
 11
-246.499895
 20
1257.5
 21
1247.5
  0
ARC
  8
APS_GEOMETRY
 10
-249.499895
 20
1247.5
 40
3.0
 50
270.0
 51
360.0
  0
LINE
  8
APS_GEOMETRY
 10
-249.499895
 11
-257.999895
 20
1244.5
 21
1244.5
  0
LINE
  8
APS_GEOMETRY
 10
-262.499895
 11
-262.499895
 20
1164.5
 21
1150.5
  0
LINE
  8
APS_GEOMETRY
 10
-262.499895
 11
-260.499895
 20
1150.5
 21
1148.5
  0
LINE
  8
APS_GEOMETRY
 10
-260.499895
 11
-249.499895
 20
1148.5
 21
1148.5
  0
ARC
  8
APS_GEOMETRY
 10
-249.499895
 20
1151.5
 40
3.0
 50
270.0
 51
0.0
  0
LINE
  8
APS_GEOMETRY
 10
-246.499895
 11
-246.499895
 20
1151.5
 21
1161.5
  0
ARC
  8
APS_GEOMETRY
 10
-249.499895
 20
1161.5
 40
3.0
 50
0.0
 51
90.0
  0
LINE
  8
APS_GEOMETRY
 10
-249.499895
 11
-257.999895
 20
1164.5
 21
1164.5
  0
LINE
  8
APS_GEOMETRY
 10
-246.49989
 11
-246.49989
 20
1983.3
 21
1266.7
  0
LINE
  8
APS_GEOMETRY
 10
-246.49989
 11
-247.69989
 20
1266.7
 21
1265.5
  0
LINE
  8
APS_GEOMETRY
 10
-247.69989
 11
-262.499895
 20
1265.5
 21
1265.5
  0
LINE
  8
APS_GEOMETRY
 10
-262.499895
 11
-262.499895
 20
1265.5
 21
1248.5
  0
LINE
  8
APS_GEOMETRY
 10
-262.499895
 11
-274.499895
 20
1248.5
 21
1248.5
  0
LINE
  8
APS_GEOMETRY
 10
-274.499895
 11
-274.499895
 20
1248.5
 21
1265.5
  0
LINE
  8
APS_GEOMETRY
 10
-274.499895
 11
-289.2999
 20
1265.5
 21
1265.5
  0
LINE
  8
APS_GEOMETRY
 10
-289.2999
 11
-290.4999
 20
1265.5
 21
1266.7
  0
LINE
  8
APS_GEOMETRY
 10
-290.4999
 11
-290.4999
 20
1266.7
 21
1983.3
  0
LINE
  8
APS_GEOMETRY
 10
-290.4999
 11
-289.2999
 20
1983.3
 21
1984.5
  0
LINE
  8
APS_GEOMETRY
 10
-289.2999
 11
-274.499895
 20
1984.5
 21
1984.5
  0
LINE
  8
APS_GEOMETRY
 10
-274.499895
 11
-274.499895
 20
1984.5
 21
2001.5
  0
LINE
  8
APS_GEOMETRY
 10
-274.499895
 11
-262.499895
 20
2001.5
 21
2001.5
  0
LINE
  8
APS_GEOMETRY
 10
-262.499895
 11
-262.499895
 20
2001.5
 21
1984.5
  0
LINE
  8
APS_GEOMETRY
 10
-262.499895
 11
-247.69989
 20
1984.5
 21
1984.5
  0
LINE
  8
APS_GEOMETRY
 10
-247.69989
 11
-246.49989
 20
1984.5
 21
1983.3
  0
LINE
  8
APS_GEOMETRY
 10
-246.49989
 11
-247.69989
 20
975.7
 21
974.5
  0
LINE
  8
APS_GEOMETRY
 10
-247.69989
 11
-262.499895
 20
974.5
 21
974.5
  0
LINE
  8
APS_GEOMETRY
 10
-262.499895
 11
-262.499895
 20
974.5
 21
957.5
  0
LINE
  8
APS_GEOMETRY
 10
-262.499895
 11
-274.499895
 20
957.5
 21
957.5
  0
LINE
  8
APS_GEOMETRY
 10
-274.499895
 11
-274.499895
 20
957.5
 21
974.5
  0
LINE
  8
APS_GEOMETRY
 10
-274.499895
 11
-289.2999
 20
974.5
 21
974.5
  0
LINE
  8
APS_GEOMETRY
 10
-289.2999
 11
-290.4999
 20
974.5
 21
975.7
  0
LINE
  8
APS_GEOMETRY
 10
-290.4999
 11
-290.4999
 20
975.7
 21
1142.3
  0
LINE
  8
APS_GEOMETRY
 10
-290.4999
 11
-289.2999
 20
1142.3
 21
1143.5
  0
LINE
  8
APS_GEOMETRY
 10
-289.2999
 11
-274.499895
 20
1143.5
 21
1143.5
  0
LINE
  8
APS_GEOMETRY
 10
-274.499895
 11
-274.499895
 20
1143.5
 21
1160.5
  0
LINE
  8
APS_GEOMETRY
 10
-274.499895
 11
-262.499895
 20
1160.5
 21
1160.5
  0
LINE
  8
APS_GEOMETRY
 10
-262.499895
 11
-262.499895
 20
1160.5
 21
1143.5
  0
LINE
  8
APS_GEOMETRY
 10
-262.499895
 11
-247.69989
 20
1143.5
 21
1143.5
  0
LINE
  8
APS_GEOMETRY
 10
-247.69989
 11
-246.49989
 20
1143.5
 21
1142.3
  0
LINE
  8
APS_GEOMETRY
 10
-246.49989
 11
-246.49989
 20
1142.3
 21
975.7
  0
LINE
  8
APS_GEOMETRY
 10
-246.49989
 11
-247.69989
 20
124.7
 21
123.5
  0
LINE
  8
APS_GEOMETRY
 10
-247.69989
 11
-262.499895
 20
123.5
 21
123.5
  0
LINE
  8
APS_GEOMETRY
 10
-262.499895
 11
-262.499895
 20
123.5
 21
106.5
  0
LINE
  8
APS_GEOMETRY
 10
-262.499895
 11
-274.499895
 20
106.5
 21
106.5
  0
LINE
  8
APS_GEOMETRY
 10
-274.499895
 11
-274.499895
 20
106.5
 21
123.5
  0
LINE
  8
APS_GEOMETRY
 10
-274.499895
 11
-289.2999
 20
123.5
 21
123.5
  0
LINE
  8
APS_GEOMETRY
 10
-289.2999
 11
-290.4999
 20
123.5
 21
124.7
  0
LINE
  8
APS_GEOMETRY
 10
-290.4999
 11
-290.4999
 20
124.7
 21
851.3
  0
LINE
  8
APS_GEOMETRY
 10
-290.4999
 11
-289.2999
 20
851.3
 21
852.5
  0
LINE
  8
APS_GEOMETRY
 10
-289.2999
 11
-274.499895
 20
852.5
 21
852.5
  0
LINE
  8
APS_GEOMETRY
 10
-274.499895
 11
-274.499895
 20
852.5
 21
869.5
  0
LINE
  8
APS_GEOMETRY
 10
-274.499895
 11
-262.499895
 20
869.5
 21
869.5
  0
LINE
  8
APS_GEOMETRY
 10
-262.499895
 11
-262.499895
 20
869.5
 21
852.5
  0
LINE
  8
APS_GEOMETRY
 10
-262.499895
 11
-247.69989
 20
852.5
 21
852.5
  0
LINE
  8
APS_GEOMETRY
 10
-247.69989
 11
-246.49989
 20
852.5
 21
851.3
  0
LINE
  8
APS_GEOMETRY
 10
-246.49989
 11
-246.49989
 20
851.3
 21
124.7
  0
LINE
  8
QUOTATURA
 10
-300.499895
 11
-429.181025
 20
0.0
 21
0.0
  0
LINE
  8
QUOTATURA
 10
-373.499895
 11
-429.181025
 20
2096.0
 21
2096.0
  0
LINE
  8
QUOTATURA
 10
-419.181025
 11
-419.181025
 20
0.0
 21
900.812407
  0
LINE
  8
QUOTATURA
 10
-419.181025
 11
-419.181025
 20
1195.187593
 21
2096.0
  0
LINE
  8
QUOTATURA
 10
-415.847025
 11
-419.181025
 20
20.0
 21
0.0
  0
LINE
  8
QUOTATURA
 10
-419.181025
 11
-422.515025
 20
0.0
 21
20.0
  0
LINE
  8
QUOTATURA
 10
-422.515025
 11
-415.847025
 20
20.0
 21
20.0
  0
LINE
  8
QUOTATURA
 10
-422.515025
 11
-419.181025
 20
2076.0
 21
2096.0
  0
LINE
  8
QUOTATURA
 10
-419.181025
 11
-415.847025
 20
2096.0
 21
2076.0
  0
LINE
  8
QUOTATURA
 10
-415.847025
 11
-422.515025
 20
2076.0
 21
2076.0
  0
LINE
  8
QUOTATURA
 10
-373.499895
 11
-514.671387
 20
2140.000037
 21
2140.000037
  0
LINE
  8
QUOTATURA
 10
-300.499895
 11
-514.671387
 20
0.0
 21
0.0
  0
LINE
  8
QUOTATURA
 10
-504.671387
 11
-504.671387
 20
2140.000037
 21
1525.326107
  0
LINE
  8
QUOTATURA
 10
-504.671387
 11
-504.671387
 20
1232.820838
 21
0.0
  0
LINE
  8
QUOTATURA
 10
-508.005387
 11
-504.671387
 20
2120.000037
 21
2140.000037
  0
LINE
  8
QUOTATURA
 10
-504.671387
 11
-501.337387
 20
2140.000037
 21
2120.000037
  0
LINE
  8
QUOTATURA
 10
-501.337387
 11
-508.005387
 20
2120.000037
 21
2120.000037
  0
LINE
  8
QUOTATURA
 10
-501.337387
 11
-504.671387
 20
20.0
 21
0.0
  0
LINE
  8
QUOTATURA
 10
-504.671387
 11
-508.005387
 20
0.0
 21
20.0
  0
LINE
  8
QUOTATURA
 10
-508.005387
 11
-501.337387
 20
20.0
 21
20.0
  0
TEXT
  8
TEXT
 10
429.750084
 20
-58.430834
 30
0.0
 40
20.0
 50
0.0
  1
SEZ-A
  0
TEXT
  8
TEXT
 10
963.665281
 20
500.604923
 30
0.0
 40
20.0
 50
0.0
  1
SEZ-B
  0
TEXT
  8
TEXT
 10
380.84297
 20
-157.230531
 30
0.0
 40
20.0
 50
0.0
  1
SEZ-B
  0
TEXT
  8
TEXT
 10
777.483802
 20
-513.879895
 30
0.0
 40
20.0
 50
0.0
  1
scala:
  0
TEXT
  8
TEXT
 10
275.888277
 20
-513.589793
 30
0.0
 40
20.0
 50
0.0
  1
responsabile tecnico:
  0
TEXT
  8
TEXT
 10
1036.755572
 20
-567.480379
 30
0.0
 40
30.0
 50
0.0
  1
1 : 10
  0
TEXT
  8
TEXT
 10
1028.001978
 20
-466.771328
 30
0.0
 40
30.0
 50
0.0
  1
25/07/2011
  0
TEXT
  8
TEXT
 10
778.903039
 20
-415.279627
 30
0.0
 40
20.0
 50
0.0
  1
data:
  0
TEXT
  8
TEXT
 10
521.357426
 20
-468.486897
 30
0.0
 40
30.0
 50
0.0
  1
MOD.LARISSA
  0
TEXT
  8
TEXT
 10
277.701572
 20
-415.365356
 30
0.0
 40
20.0
 50
0.0
  1
documento:
  0
TEXT
  8
TEXT
 10
561.026067
 20
-571.861829
 30
0.0
 40
40.0
 50
0.0
  1
ano
  0
TEXT
  8
TEXT
 10
530.340752
 20
-571.861829
 30
0.0
 40
40.0
 50
0.0
  1
f
  0
TEXT
  8
TEXT
 10
381.921171
 20
-571.861829
 30
0.0
 40
40.0
 50
0.0
  1
B.Ste
  0
TEXT
  8
TEXT
 10
-229.168264
 20
-542.669585
 30
0.0
 40
25.0
 50
0.0
  1
tel. 0577-68.54.26 - fax 0577-68.64.29
  0
TEXT
  8
TEXT
 10
-229.168264
 20
-580.169585
 30
0.0
 40
25.0
 50
0.0
  1
e-mail: tecnico@toscocornici.it - web: www.tosococornici.it
  0
TEXT
  8
TEXT
 10
-722.516746
 20
-418.327865
 30
0.0
 40
20.0
 50
0.0
  1
Ufficio tecnico:
  0
TEXT
  8
QUOTATURA
 10
307.581705
 20
-270.87648
 30
0.0
 40
20.0
 50
0.0
  1
LUCE NETTA= 792
  0
TEXT
  8
QUOTATURA
 10
304.70444
 20
-328.045876
 30
0.0
 40
20.0
 50
0.0
  1
EST. TELAIO= 880
  0
TEXT
  8
TEXT
 10
-395.189924
 20
579.890666
 30
0.0
 40
20.0
 50
0.0
  1
SEZ.-A
  0
TEXT
  8
QUOTATURA
 10
-409.181025
 20
905.812407
 30
0.0
 40
20.0
 50
90.0
  1
LUCE NETTA= 2096
  0
TEXT
  8
QUOTATURA
 10
-494.671387
 20
1237.820838
 30
0.0
 40
20.0
 50
90.0
  1
EST. TELAIO= 2140
  0
ENDSEC
  0
EOF
