  0
SECTION
  2
ENTITIES
  0
LINE
  8
COSTRUZIONI
 10
836.0
 11
836.0
 20
0.0
 21
4.5
  0
LINE
  8
COSTRUZIONI
 10
44.0
 11
44.0
 20
4.5
 21
0.0
  0
LINE
  8
COSTRUZIONI
 10
26.5
 11
11.0
 20
2043.5
 21
2059.0
  0
LINE
  8
COSTRUZIONI
 10
853.5
 11
869.0
 20
2043.5
 21
2059.0
  0
LINE
  8
APS_GEOMETRY
 10
853.5
 11
853.5
 20
4.5
 21
2043.5
  0
LINE
  8
APS_GEOMETRY
 10
853.5
 11
26.5
 20
2043.5
 21
2043.5
  0
LINE
  8
APS_GEOMETRY
 10
26.5
 11
26.5
 20
2043.5
 21
4.5
  0
LINE
  8
APS_GEOMETRY
 10
26.5
 11
853.5
 20
4.5
 21
4.5
  0
ARC
  8
APS_GEOMETRY
 10
86.5
 20
1044.5
 40
10.0
 50
180.0
 51
270.0
  0
LINE
  8
APS_GEOMETRY
 10
86.5
 11
176.5
 20
1034.5
 21
1034.5
  0
ARC
  8
APS_GEOMETRY
 10
176.5
 20
1044.5
 40
10.0
 50
270.0
 51
90.0
  0
LINE
  8
APS_GEOMETRY
 10
176.5
 11
86.5
 20
1054.5
 21
1054.5
  0
ARC
  8
APS_GEOMETRY
 10
86.5
 20
1044.5
 40
10.0
 50
90.0
 51
180.0
  0
LINE
  8
APS_GEOMETRY
 10
76.5
 11
76.5
 20
1044.5
 21
1044.5
  0
ARC
  8
APS_GEOMETRY
 10
86.5
 20
1044.5
 40
25.0
 50
90.0
 51
270.0
  0
ARC
  8
APS_GEOMETRY
 10
86.5
 20
1044.5
 40
25.0
 50
270.0
 51
336.422
  0
ARC
  8
APS_GEOMETRY
 10
86.5
 20
1044.5
 40
25.0
 50
23.578
 51
90.0
  0
LINE
  8
COSTRUZIONI
 10
44.0
 11
0.0
 20
0.0
 21
0.0
  0
LINE
  8
COSTRUZIONI
 10
836.0
 11
880.0
 20
0.0
 21
0.0
  0
LINE
  8
APS_GEOMETRY
 10
869.0
 11
11.0
 20
2059.0
 21
2059.0
  0
LINE
  8
APS_GEOMETRY
 10
-363.801
 11
-363.801
 20
7.5
 21
211.5
  0
LINE
  8
APS_GEOMETRY
 10
-318.801
 11
-318.801
 20
211.5
 21
7.5
  0
ARC
  8
APS_GEOMETRY
 10
-321.801
 20
7.5
 40
3.0
 50
270.0
 51
360.0
  0
LINE
  8
APS_GEOMETRY
 10
-321.801
 11
-360.801
 20
4.5
 21
4.5
  0
ARC
  8
APS_GEOMETRY
 10
-360.801
 20
7.5
 40
3.0
 50
180.0
 51
270.0
  0
LINE
  8
APS_GEOMETRY
 10
-363.801
 11
-363.801
 20
2030.5
 21
1948.5
  0
LINE
  8
APS_GEOMETRY
 10
-318.801
 11
-318.801
 20
1948.5
 21
2038.5
  0
ARC
  8
APS_GEOMETRY
 10
-323.801
 20
2038.5
 40
5.0
 50
0.0
 51
90.0
  0
LINE
  8
APS_GEOMETRY
 10
-323.801
 11
-331.801
 20
2043.5
 21
2043.5
  0
ARC
  8
APS_GEOMETRY
 10
-331.801
 20
2041.5
 40
2.0
 50
90.0
 51
180.0
  0
LINE
  8
APS_GEOMETRY
 10
-333.801
 11
-333.801
 20
2041.5
 21
2033.5
  0
LINE
  8
APS_GEOMETRY
 10
-333.801
 11
-360.801
 20
2033.5
 21
2033.5
  0
ARC
  8
APS_GEOMETRY
 10
-360.801
 20
2030.5
 40
3.0
 50
90.0
 51
180.0
  0
LINE
  8
APS_GEOMETRY
 10
-451.801
 11
-245.781
 20
0.0
 21
0.0
  0
LINE
  8
APS_GEOMETRY
 10
-451.801
 11
-451.801
 20
2128.0
 21
2059.0
  0
LINE
  8
APS_GEOMETRY
 10
-451.801
 11
-457.801
 20
2059.0
 21
2059.0
  0
ARC
  8
APS_GEOMETRY
 10
-457.801
 20
2063.0
 40
4.0
 50
180.0
 51
270.0
  0
LINE
  8
APS_GEOMETRY
 10
-461.801
 11
-461.801
 20
2063.0
 21
2079.0
  0
ARC
  8
APS_GEOMETRY
 10
-456.801
 20
2079.0
 40
5.0
 50
90.0
 51
180.0
  0
LINE
  8
APS_GEOMETRY
 10
-456.801
 11
-455.801
 20
2084.0
 21
2084.0
  0
LINE
  8
QUOTATURA
 10
-368.334
 11
-367.667
 20
2027.0
 21
2027.0
  0
LINE
  8
COSTRUZIONI
 10
-363.501
 11
-363.501
 20
2044.2
 21
2036.5
  0
ARC
  8
COSTRUZIONI
 10
-375.501
 20
2031.5
 40
13.0
 50
337.38
 51
22.62
  0
LINE
  8
COSTRUZIONI
 10
-363.501
 11
-367.001
 20
2026.5
 21
2026.5
  0
LINE
  8
COSTRUZIONI
 10
-367.001
 11
-367.001
 20
2026.5
 21
2044.2
  0
LINE
  8
COSTRUZIONI
 10
-367.001
 11
-363.501
 20
2044.2
 21
2044.2
  0
LINE
  8
COSTRUZIONI
 10
-367.001
 11
-366.824
 20
2044.023
 21
2044.2
  0
LINE
  8
COSTRUZIONI
 10
-366.294
 11
-367.001
 20
2044.2
 21
2043.493
  0
LINE
  8
COSTRUZIONI
 10
-367.001
 11
-366.117
 20
2043.316
 21
2044.2
  0
LINE
  8
COSTRUZIONI
 10
-365.586
 11
-367.001
 20
2044.2
 21
2042.786
  0
LINE
  8
COSTRUZIONI
 10
-367.001
 11
-365.41
 20
2042.609
 21
2044.2
  0
LINE
  8
COSTRUZIONI
 10
-364.879
 11
-367.001
 20
2044.2
 21
2042.079
  0
LINE
  8
COSTRUZIONI
 10
-367.001
 11
-364.703
 20
2041.902
 21
2044.2
  0
LINE
  8
COSTRUZIONI
 10
-364.172
 11
-367.001
 20
2044.2
 21
2041.372
  0
LINE
  8
COSTRUZIONI
 10
-367.001
 11
-363.995
 20
2041.195
 21
2044.2
  0
LINE
  8
COSTRUZIONI
 10
-363.501
 11
-367.001
 20
2044.164
 21
2040.664
  0
LINE
  8
COSTRUZIONI
 10
-367.001
 11
-363.501
 20
2040.488
 21
2043.988
  0
LINE
  8
COSTRUZIONI
 10
-363.501
 11
-367.001
 20
2043.457
 21
2039.957
  0
LINE
  8
COSTRUZIONI
 10
-367.001
 11
-363.501
 20
2039.781
 21
2043.281
  0
LINE
  8
COSTRUZIONI
 10
-363.501
 11
-367.001
 20
2042.75
 21
2039.25
  0
LINE
  8
COSTRUZIONI
 10
-367.001
 11
-363.501
 20
2039.073
 21
2042.573
  0
LINE
  8
COSTRUZIONI
 10
-363.501
 11
-367.001
 20
2042.043
 21
2038.543
  0
LINE
  8
COSTRUZIONI
 10
-367.001
 11
-363.501
 20
2038.366
 21
2041.866
  0
LINE
  8
COSTRUZIONI
 10
-363.501
 11
-367.001
 20
2041.336
 21
2037.836
  0
LINE
  8
COSTRUZIONI
 10
-367.001
 11
-363.501
 20
2037.659
 21
2041.159
  0
LINE
  8
COSTRUZIONI
 10
-363.501
 11
-367.001
 20
2040.629
 21
2037.129
  0
LINE
  8
COSTRUZIONI
 10
-367.001
 11
-363.501
 20
2036.952
 21
2040.452
  0
LINE
  8
COSTRUZIONI
 10
-363.501
 11
-367.001
 20
2039.922
 21
2036.422
  0
LINE
  8
COSTRUZIONI
 10
-367.001
 11
-363.501
 20
2036.245
 21
2039.745
  0
LINE
  8
COSTRUZIONI
 10
-363.501
 11
-367.001
 20
2039.215
 21
2035.715
  0
LINE
  8
COSTRUZIONI
 10
-367.001
 11
-363.501
 20
2035.538
 21
2039.038
  0
LINE
  8
COSTRUZIONI
 10
-363.501
 11
-367.001
 20
2038.508
 21
2035.008
  0
LINE
  8
COSTRUZIONI
 10
-367.001
 11
-363.501
 20
2034.831
 21
2038.331
  0
LINE
  8
COSTRUZIONI
 10
-363.501
 11
-367.001
 20
2037.801
 21
2034.301
  0
LINE
  8
COSTRUZIONI
 10
-367.001
 11
-363.501
 20
2034.124
 21
2037.624
  0
LINE
  8
COSTRUZIONI
 10
-363.501
 11
-367.001
 20
2037.093
 21
2033.593
  0
LINE
  8
COSTRUZIONI
 10
-367.001
 11
-363.501
 20
2033.417
 21
2036.917
  0
LINE
  8
COSTRUZIONI
 10
-363.467
 11
-367.001
 20
2036.42
 21
2032.886
  0
LINE
  8
COSTRUZIONI
 10
-367.001
 11
-363.417
 20
2032.71
 21
2036.293
  0
LINE
  8
COSTRUZIONI
 10
-363.271
 11
-367.001
 20
2035.909
 21
2032.179
  0
LINE
  8
COSTRUZIONI
 10
-367.001
 11
-363.225
 20
2032.002
 21
2035.778
  0
LINE
  8
COSTRUZIONI
 10
-363.093
 11
-367.001
 20
2035.38
 21
2031.472
  0
LINE
  8
COSTRUZIONI
 10
-367.001
 11
-363.052
 20
2031.295
 21
2035.244
  0
LINE
  8
COSTRUZIONI
 10
-362.935
 11
-367.001
 20
2034.831
 21
2030.765
  0
LINE
  8
COSTRUZIONI
 10
-367.001
 11
-362.898
 20
2030.588
 21
2034.691
  0
LINE
  8
COSTRUZIONI
 10
-362.797
 11
-367.001
 20
2034.261
 21
2030.058
  0
LINE
  8
COSTRUZIONI
 10
-367.001
 11
-362.766
 20
2029.881
 21
2034.115
  0
LINE
  8
COSTRUZIONI
 10
-362.683
 11
-367.001
 20
2033.669
 21
2029.351
  0
LINE
  8
COSTRUZIONI
 10
-367.001
 11
-362.658
 20
2029.174
 21
2033.517
  0
LINE
  8
COSTRUZIONI
 10
-362.593
 11
-367.001
 20
2033.051
 21
2028.644
  0
LINE
  8
COSTRUZIONI
 10
-367.001
 11
-362.575
 20
2028.467
 21
2032.892
  0
LINE
  8
COSTRUZIONI
 10
-362.532
 11
-367.001
 20
2032.405
 21
2027.937
  0
LINE
  8
COSTRUZIONI
 10
-367.001
 11
-362.522
 20
2027.76
 21
2032.239
  0
LINE
  8
COSTRUZIONI
 10
-362.503
 11
-367.001
 20
2031.727
 21
2027.229
  0
LINE
  8
COSTRUZIONI
 10
-367.001
 11
-362.501
 20
2027.053
 21
2031.553
  0
LINE
  8
COSTRUZIONI
 10
-362.51
 11
-367.001
 20
2031.013
 21
2026.522
  0
LINE
  8
COSTRUZIONI
 10
-366.846
 11
-362.518
 20
2026.5
 21
2030.828
  0
LINE
  8
COSTRUZIONI
 10
-362.56
 11
-366.316
 20
2030.256
 21
2026.5
  0
LINE
  8
COSTRUZIONI
 10
-366.139
 11
-362.581
 20
2026.5
 21
2030.058
  0
LINE
  8
COSTRUZIONI
 10
-362.664
 11
-365.609
 20
2029.445
 21
2026.5
  0
LINE
  8
COSTRUZIONI
 10
-365.432
 11
-362.7
 20
2026.5
 21
2029.232
  0
LINE
  8
COSTRUZIONI
 10
-362.836
 11
-364.902
 20
2028.565
 21
2026.5
  0
LINE
  8
COSTRUZIONI
 10
-364.725
 11
-362.892
 20
2026.5
 21
2028.332
  0
LINE
  8
COSTRUZIONI
 10
-363.102
 11
-364.195
 20
2027.593
 21
2026.5
  0
LINE
  8
COSTRUZIONI
 10
-364.018
 11
-363.188
 20
2026.5
 21
2027.33
  0
ARC
  8
APS_GEOMETRY
 10
-368.001
 20
2027.0
 40
1.0
 50
270.0
 51
360.0
  0
LINE
  8
APS_GEOMETRY
 10
-380.796
 11
-451.801
 20
2070.0
 21
2070.0
  0
LINE
  8
APS_GEOMETRY
 10
-451.801
 11
-451.801
 20
2070.0
 21
2063.3
  0
LINE
  8
APS_GEOMETRY
 10
-451.801
 11
-437.801
 20
2063.3
 21
2063.3
  0
LINE
  8
APS_GEOMETRY
 10
-437.801
 11
-437.801
 20
2063.3
 21
2059.0
  0
LINE
  8
APS_GEOMETRY
 10
-437.801
 11
-451.801
 20
2059.0
 21
2059.0
  0
LINE
  8
APS_GEOMETRY
 10
-451.801
 11
-451.801
 20
2059.0
 21
2036.0
  0
ARC
  8
APS_GEOMETRY
 10
-441.801
 20
2036.0
 40
10.0
 50
180.0
 51
270.0
  0
LINE
  8
APS_GEOMETRY
 10
-441.801
 11
-368.001
 20
2026.0
 21
2026.0
  0
LINE
  8
APS_GEOMETRY
 10
-363.501
 11
-336.801
 20
2036.5
 21
2036.5
  0
ARC
  8
APS_GEOMETRY
 10
-336.801
 20
2039.5
 40
3.0
 50
270.0
 51
0.0
  0
LINE
  8
APS_GEOMETRY
 10
-333.801
 11
-333.801
 20
2039.5
 21
2061.5
  0
LINE
  8
APS_GEOMETRY
 10
-333.801
 11
-347.801
 20
2061.5
 21
2061.5
  0
LINE
  8
APS_GEOMETRY
 10
-347.801
 11
-347.801
 20
2061.5
 21
2065.8
  0
LINE
  8
APS_GEOMETRY
 10
-347.801
 11
-333.801
 20
2065.8
 21
2065.8
  0
LINE
  8
APS_GEOMETRY
 10
-333.801
 11
-333.801
 20
2065.8
 21
2070.0
  0
LINE
  8
APS_GEOMETRY
 10
-333.801
 11
-451.801
 20
2070.0
 21
2070.0
  0
LINE
  8
COSTRUZIONI
 10
-333.801
 11
-451.801
 20
2071.5
 21
2071.5
  0
LINE
  8
COSTRUZIONI
 10
-333.801
 11
-451.801
 20
2091.5
 21
2091.5
  0
LINE
  8
COSTRUZIONI
 10
-333.801
 11
-333.801
 20
2071.5
 21
2480.0
  0
LINE
  8
COSTRUZIONI
 10
-451.801
 11
-451.801
 20
2071.5
 21
2506.543
  0
LINE
  8
COSTRUZIONI
 10
-451.801
 11
-333.801
 20
2091.5
 21
2071.5
  0
LINE
  8
COSTRUZIONI
 10
-333.801
 11
-451.801
 20
2091.5
 21
2071.5
  0
LINE
  8
APS_GEOMETRY
 10
-330.801
 11
-330.801
 20
2124.5
 21
2070.0
  0
LINE
  8
APS_GEOMETRY
 10
-330.801
 11
-333.801
 20
2070.0
 21
2070.0
  0
LINE
  8
APS_GEOMETRY
 10
-333.801
 11
-333.801
 20
2070.0
 21
2065.5
  0
LINE
  8
APS_GEOMETRY
 10
-333.801
 11
-344.301
 20
2065.5
 21
2065.5
  0
LINE
  8
APS_GEOMETRY
 10
-344.301
 11
-345.801
 20
2065.5
 21
2064.0
  0
LINE
  8
APS_GEOMETRY
 10
-345.801
 11
-345.801
 20
2064.0
 21
2061.5
  0
LINE
  8
APS_GEOMETRY
 10
-345.801
 11
-327.801
 20
2061.5
 21
2061.5
  0
ARC
  8
APS_GEOMETRY
 10
-327.801
 20
2065.5
 40
4.0
 50
270.0
 51
360.0
  0
LINE
  8
APS_GEOMETRY
 10
-323.801
 11
-323.801
 20
2065.5
 21
2126.5
  0
ARC
  8
APS_GEOMETRY
 10
-327.801
 20
2126.5
 40
4.0
 50
360.0
 51
90.0
  0
LINE
  8
APS_GEOMETRY
 10
-327.801
 11
-333.801
 20
2130.5
 21
2130.5
  0
LINE
  8
APS_GEOMETRY
 10
-333.801
 11
-333.801
 20
2130.5
 21
2124.5
  0
LINE
  8
APS_GEOMETRY
 10
-333.801
 11
-330.801
 20
2124.5
 21
2124.5
  0
LINE
  8
QUOTATURA
 10
434.176
 11
454.176
 20
-28.336
 21
-31.67
  0
LINE
  8
QUOTATURA
 10
454.176
 11
434.176
 20
-31.67
 21
-35.004
  0
LINE
  8
QUOTATURA
 10
434.176
 11
434.176
 20
-35.004
 21
-28.336
  0
LINE
  8
QUOTATURA
 10
454.176
 11
413.25
 20
-31.67
 21
-31.67
  0
LINE
  8
QUOTATURA
 10
413.25
 11
413.25
 20
-31.67
 21
-4.069
  0
LINE
  8
QUOTATURA
 10
215.103
 11
211.769
 20
2484.104
 21
2464.104
  0
LINE
  8
QUOTATURA
 10
211.769
 11
208.435
 20
2464.104
 21
2484.104
  0
LINE
  8
QUOTATURA
 10
208.435
 11
215.103
 20
2484.104
 21
2484.104
  0
LINE
  8
QUOTATURA
 10
211.769
 11
211.769
 20
2464.104
 21
2506.234
  0
LINE
  8
QUOTATURA
 10
211.769
 11
172.512
 20
2506.234
 21
2506.234
  0
LINE
  8
APS_GEOMETRY
 10
1005.5
 11
1159.012
 20
0.0
 21
0.0
  0
LINE
  8
COSTRUZIONI
 10
-832.926
 11
1167.074
 20
-613.393
 21
-613.393
  0
LINE
  8
COSTRUZIONI
 10
1167.074
 11
1167.074
 20
-613.393
 21
-413.393
  0
LINE
  8
COSTRUZIONI
 10
1167.074
 11
-832.926
 20
-413.393
 21
-413.393
  0
LINE
  8
COSTRUZIONI
 10
-832.926
 11
-832.926
 20
-413.393
 21
-613.393
  0
LINE
  8
COSTRUZIONI
 10
167.074
 11
167.074
 20
-613.393
 21
-413.393
  0
LINE
  8
COSTRUZIONI
 10
167.074
 11
1167.074
 20
-513.393
 21
-513.393
  0
LINE
  8
COSTRUZIONI
 10
667.074
 11
667.074
 20
-613.393
 21
-413.393
  0
LINE
  8
APS_GEOMETRY
 10
-770.24
 11
-753.006
 20
-467.378
 21
-467.378
  0
ARC
  8
APS_GEOMETRY
 10
-753.877
 20
-442.683
 40
24.711
 50
272.021
 51
278.44
  0
ARC
  8
APS_GEOMETRY
 10
-752.905
 20
-449.238
 40
18.083
 50
278.44
 51
285.945
  0
ARC
  8
APS_GEOMETRY
 10
-745.587
 20
-475.435
 40
9.118
 50
98.584
 51
104.931
  0
ARC
  8
APS_GEOMETRY
 10
-746.203
 20
-471.355
 40
4.991
 50
90.0
 51
98.584
  0
ARC
  8
APS_GEOMETRY
 10
-746.203
 20
-470.116
 40
3.752
 50
52.871
 51
90.0
  0
ARC
  8
APS_GEOMETRY
 10
-751.292
 20
-476.837
 40
12.182
 50
32.518
 51
52.871
  0
ARC
  8
APS_GEOMETRY
 10
-755.323
 20
-479.407
 40
16.963
 50
17.209
 51
32.518
  0
ARC
  8
APS_GEOMETRY
 10
-751.963
 20
-478.366
 40
13.445
 50
360.0
 51
17.209
  0
ARC
  8
APS_GEOMETRY
 10
-745.236
 20
-478.366
 40
6.717
 50
337.348
 51
360.0
  0
ARC
  8
APS_GEOMETRY
 10
-742.536
 20
-479.493
 40
3.792
 50
307.042
 51
337.348
  0
ARC
  8
APS_GEOMETRY
 10
-743.005
 20
-478.848
 40
4.589
 50
287.186
 51
306.87
  0
ARC
  8
APS_GEOMETRY
 10
-743.424
 20
-477.494
 40
6.006
 50
270.0
 51
287.186
  0
ARC
  8
APS_GEOMETRY
 10
-743.424
 20
-478.107
 40
5.393
 50
252.221
 51
270.0
  0
ARC
  8
APS_GEOMETRY
 10
-743.675
 20
-478.89
 40
4.571
 50
232.896
 51
252.221
  0
ARC
  8
APS_GEOMETRY
 10
-742.704
 20
-477.607
 40
6.18
 50
218.3
 51
232.896
  0
ARC
  8
APS_GEOMETRY
 10
-735.124
 20
-471.621
 40
15.839
 50
209.197
 51
218.3
  0
ARC
  8
APS_GEOMETRY
 10
-773.678
 20
-492.509
 40
28.012
 50
28.025
 51
32.699
  0
ARC
  8
APS_GEOMETRY
 10
-753.522
 20
-479.569
 40
4.06
 50
32.699
 51
45.0
  0
ARC
  8
APS_GEOMETRY
 10
-752.147
 20
-478.195
 40
2.116
 50
45.0
 51
67.557
  0
ARC
  8
APS_GEOMETRY
 10
-752.155
 20
-478.214
 40
2.137
 50
67.557
 51
90.0
  0
ARC
  8
APS_GEOMETRY
 10
-752.155
 20
-478.046
 40
1.969
 50
90.0
 51
120.801
  0
ARC
  8
APS_GEOMETRY
 10
-752.222
 20
-477.934
 40
1.839
 50
120.801
 51
152.7
  0
ARC
  8
APS_GEOMETRY
 10
-750.763
 20
-478.687
 40
3.481
 50
152.7
 51
171.085
  0
ARC
  8
APS_GEOMETRY
 10
-739.674
 20
-480.427
 40
14.705
 50
171.085
 51
180.0
  0
LINE
  8
APS_GEOMETRY
 10
-754.379
 11
-754.379
 20
-480.427
 21
-498.741
  0
ARC
  8
APS_GEOMETRY
 10
-734.952
 20
-498.741
 40
19.427
 50
180.0
 51
188.194
  0
ARC
  8
APS_GEOMETRY
 10
-749.46
 20
-500.83
 40
4.77
 50
188.194
 51
204.775
  0
ARC
  8
APS_GEOMETRY
 10
-750.869
 20
-501.48
 40
3.218
 50
204.775
 51
228.576
  0
ARC
  8
APS_GEOMETRY
 10
-749.547
 20
-499.982
 40
5.216
 50
228.576
 51
247.218
  0
ARC
  8
APS_GEOMETRY
 10
-757.216
 20
-518.054
 40
14.416
 50
59.381
 51
66.93
  0
ARC
  8
APS_GEOMETRY
 10
-751.555
 20
-508.488
 40
3.301
 50
43.568
 51
59.381
  0
ARC
  8
APS_GEOMETRY
 10
-750.649
 20
-507.627
 40
2.051
 50
19.041
 51
43.568
  0
ARC
  8
APS_GEOMETRY
 10
-751.907
 20
-508.061
 40
3.382
 50
360.0
 51
19.041
  0
ARC
  8
APS_GEOMETRY
 10
-751.273
 20
-508.061
 40
2.747
 50
317.66
 51
360.0
  0
ARC
  8
APS_GEOMETRY
 10
-753.795
 20
-505.763
 40
6.16
 50
289.747
 51
317.66
  0
ARC
  8
APS_GEOMETRY
 10
-755.908
 20
-499.878
 40
12.412
 50
281.964
 51
289.747
  0
ARC
  8
APS_GEOMETRY
 10
-758.834
 20
-486.066
 40
26.531
 50
276.643
 51
281.964
  0
ARC
  8
APS_GEOMETRY
 10
-760.066
 20
-475.49
 40
37.178
 50
272.836
 51
276.643
  0
ARC
  8
APS_GEOMETRY
 10
-761.541
 20
-445.714
 40
66.99
 50
270.0
 51
272.836
  0
ARC
  8
APS_GEOMETRY
 10
-761.541
 20
-427.265
 40
85.44
 50
267.283
 51
270.0
  0
ARC
  8
APS_GEOMETRY
 10
-763.335
 20
-465.068
 40
47.595
 50
263.643
 51
267.283
  0
ARC
  8
APS_GEOMETRY
 10
-764.838
 20
-478.551
 40
34.027
 50
258.563
 51
263.643
  0
ARC
  8
APS_GEOMETRY
 10
-768.426
 20
-496.291
 40
15.929
 50
251.136
 51
258.563
  0
ARC
  8
APS_GEOMETRY
 10
-771.63
 20
-505.584
 40
6.099
 50
222.558
 51
251.395
  0
ARC
  8
APS_GEOMETRY
 10
-774.008
 20
-507.767
 40
2.871
 50
180.0
 51
222.558
  0
ARC
  8
APS_GEOMETRY
 10
-774.488
 20
-507.767
 40
2.392
 50
150.642
 51
180.0
  0
ARC
  8
APS_GEOMETRY
 10
-774.296
 20
-507.874
 40
2.612
 50
122.574
 51
150.642
  0
ARC
  8
APS_GEOMETRY
 10
-774.803
 20
-507.292
 40
1.851
 50
108.677
 51
119.055
  0
ARC
  8
APS_GEOMETRY
 10
-751.687
 20
-575.676
 40
74.036
 50
107.038
 51
108.677
  0
ARC
  8
APS_GEOMETRY
 10
-774.242
 20
-501.912
 40
3.099
 50
286.144
 51
308.66
  0
ARC
  8
APS_GEOMETRY
 10
-773.734
 20
-502.546
 40
2.287
 50
308.66
 51
334.933
  0
ARC
  8
APS_GEOMETRY
 10
-775.799
 20
-501.581
 40
4.566
 50
334.933
 51
348.829
  0
ARC
  8
APS_GEOMETRY
 10
-801.625
 20
-496.481
 40
30.891
 50
348.829
 51
354.161
  0
ARC
  8
APS_GEOMETRY
 10
-819.081
 20
-494.681
 40
48.439
 50
354.144
 51
355.66
  0
ARC
  8
APS_GEOMETRY
 10
-896.457
 20
-488.809
 40
126.038
 50
355.66
 51
356.6
  0
ARC
  8
APS_GEOMETRY
 10
-955.606
 20
-485.296
 40
185.291
 50
356.6
 51
357.24
  0
ARC
  8
APS_GEOMETRY
 10
-1123.431
 20
-477.204
 40
353.311
 50
357.24
 51
357.703
  0
ARC
  8
APS_GEOMETRY
 10
-1106.911
 20
-477.867
 40
336.777
 50
357.703
 51
358.674
  0
ARC
  8
APS_GEOMETRY
 10
-951.079
 20
-481.473
 40
180.903
 50
358.674
 51
0.0
  0
ARC
  8
APS_GEOMETRY
 10
-796.985
 20
-481.473
 40
26.81
 50
0.0
 51
6.242
  0
ARC
  8
APS_GEOMETRY
 10
-775.666
 20
-479.141
 40
5.364
 50
6.242
 51
20.225
  0
ARC
  8
APS_GEOMETRY
 10
-772.711
 20
-478.053
 40
2.215
 50
20.225
 51
50.44
  0
ARC
  8
APS_GEOMETRY
 10
-772.137
 20
-477.358
 40
1.314
 50
50.44
 51
90.0
  0
ARC
  8
APS_GEOMETRY
 10
-772.137
 20
-477.807
 40
1.762
 50
90.0
 51
126.747
  0
ARC
  8
APS_GEOMETRY
 10
-769.647
 20
-481.141
 40
5.924
 50
126.747
 51
146.547
  0
ARC
  8
APS_GEOMETRY
 10
-813.635
 20
-452.229
 40
46.715
 50
324.255
 51
326.701
  0
ARC
  8
APS_GEOMETRY
 10
-795.012
 20
-465.633
 40
23.77
 50
320.826
 51
324.255
  0
ARC
  8
APS_GEOMETRY
 10
-788.925
 20
-470.592
 40
15.918
 50
315.722
 51
320.826
  0
ARC
  8
APS_GEOMETRY
 10
-781.931
 20
-477.412
 40
6.149
 50
307.504
 51
315.722
  0
ARC
  8
APS_GEOMETRY
 10
-782.577
 20
-476.551
 40
7.226
 50
291.306
 51
307.405
  0
ARC
  8
APS_GEOMETRY
 10
-781.458
 20
-479.42
 40
4.146
 50
270.0
 51
291.306
  0
ARC
  8
APS_GEOMETRY
 10
-781.458
 20
-479.687
 40
3.879
 50
245.532
 51
270.0
  0
ARC
  8
APS_GEOMETRY
 10
-781.487
 20
-479.752
 40
3.808
 50
220.833
 51
245.532
  0
ARC
  8
APS_GEOMETRY
 10
-781.094
 20
-479.412
 40
4.328
 50
198.684
 51
220.833
  0
ARC
  8
APS_GEOMETRY
 10
-779.453
 20
-478.857
 40
6.06
 50
180.0
 51
198.684
  0
ARC
  8
APS_GEOMETRY
 10
-775.605
 20
-478.857
 40
9.908
 50
168.408
 51
180.0
  0
ARC
  8
APS_GEOMETRY
 10
-769.253
 20
-480.16
 40
16.393
 50
159.402
 51
168.408
  0
ARC
  8
APS_GEOMETRY
 10
-767.289
 20
-480.898
 40
18.49
 50
151.39
 51
159.402
  0
ARC
  8
APS_GEOMETRY
 10
-767.692
 20
-480.678
 40
18.032
 50
143.276
 51
151.39
  0
ARC
  8
APS_GEOMETRY
 10
-772.741
 20
-476.902
 40
11.726
 50
124.216
 51
143.31
  0
ARC
  8
APS_GEOMETRY
 10
-777.239
 20
-470.288
 40
3.728
 50
90.0
 51
124.216
  0
ARC
  8
APS_GEOMETRY
 10
-777.239
 20
-471.945
 40
5.384
 50
82.725
 51
90.0
  0
ARC
  8
APS_GEOMETRY
 10
-777.66
 20
-475.24
 40
8.707
 50
77.005
 51
82.725
  0
ARC
  8
APS_GEOMETRY
 10
-764.811
 20
-413.294
 40
54.561
 50
258.486
 51
260.378
  0
ARC
  8
APS_GEOMETRY
 10
-770.315
 20
-445.758
 40
21.633
 50
260.378
 51
263.382
  0
ARC
  8
APS_GEOMETRY
 10
-770.786
 20
-449.816
 40
17.548
 50
263.382
 51
267.084
  0
ARC
  8
APS_GEOMETRY
 10
-770.24
 20
-439.105
 40
28.273
 50
267.084
 51
270.0
  0
ARC
  8
APS_GEOMETRY
 10
-710.513
 20
-492.244
 40
25.782
 50
71.91
 51
90.0
  0
ARC
  8
APS_GEOMETRY
 10
-709.515
 20
-489.187
 40
22.566
 50
52.561
 51
71.91
  0
ARC
  8
APS_GEOMETRY
 10
-709.776
 20
-489.263
 40
22.786
 50
38.846
 51
52.156
  0
ARC
  8
APS_GEOMETRY
 10
-713.349
 20
-492.14
 40
27.372
 50
26.707
 51
38.846
  0
ARC
  8
APS_GEOMETRY
 10
-712.641
 20
-491.562
 40
26.482
 50
13.868
 51
26.278
  0
ARC
  8
APS_GEOMETRY
 10
-707.542
 20
-490.303
 40
21.229
 50
360.0
 51
13.868
  0
ARC
  8
APS_GEOMETRY
 10
-707.212
 20
-490.303
 40
20.899
 50
339.712
 51
360.0
  0
ARC
  8
APS_GEOMETRY
 10
-708.388
 20
-489.868
 40
22.153
 50
320.013
 51
339.712
  0
ARC
  8
APS_GEOMETRY
 10
-708.583
 20
-489.761
 40
22.372
 50
303.344
 51
320.123
  0
ARC
  8
APS_GEOMETRY
 10
-710.879
 20
-486.271
 40
26.548
 50
287.949
 51
303.344
  0
ARC
  8
APS_GEOMETRY
 10
-711.633
 20
-483.656
 40
29.269
 50
279.039
 51
287.776
  0
ARC
  8
APS_GEOMETRY
 10
-711.331
 20
-485.555
 40
27.346
 50
270.0
 51
279.039
  0
ARC
  8
APS_GEOMETRY
 10
-711.331
 20
-486.89
 40
26.011
 50
257.728
 51
270.0
  0
ARC
  8
APS_GEOMETRY
 10
-711.29
 20
-486.702
 40
26.203
 50
245.501
 51
257.728
  0
ARC
  8
APS_GEOMETRY
 10
-712.763
 20
-489.925
 40
22.66
 50
228.665
 51
245.511
  0
ARC
  8
APS_GEOMETRY
 10
-713.253
 20
-490.482
 40
21.918
 50
211.535
 51
228.665
  0
ARC
  8
APS_GEOMETRY
 10
-712.611
 20
-490.01
 40
22.712
 50
195.642
 51
211.701
  0
ARC
  8
APS_GEOMETRY
 10
-711.437
 20
-489.682
 40
23.931
 50
180.0
 51
195.642
  0
ARC
  8
APS_GEOMETRY
 10
-711.185
 20
-489.682
 40
24.183
 50
162.181
 51
180.0
  0
ARC
  8
APS_GEOMETRY
 10
-713.392
 20
-488.972
 40
21.865
 50
143.434
 51
162.181
  0
ARC
  8
APS_GEOMETRY
 10
-713.689
 20
-488.735
 40
21.485
 50
126.384
 51
143.471
  0
ARC
  8
APS_GEOMETRY
 10
-711.655
 20
-491.495
 40
24.914
 50
110.525
 51
126.384
  0
ARC
  8
APS_GEOMETRY
 10
-711.755
 20
-490.746
 40
24.177
 50
99.77
 51
110.925
  0
ARC
  8
APS_GEOMETRY
 10
-710.513
 20
-497.958
 40
31.496
 50
90.0
 51
99.77
  0
ARC
  8
APS_GEOMETRY
 10
-713.62
 20
-480.655
 40
4.807
 50
90.0
 51
119.604
  0
ARC
  8
APS_GEOMETRY
 10
-713.199
 20
-481.396
 40
5.659
 50
119.604
 51
146.842
  0
ARC
  8
APS_GEOMETRY
 10
-712.353
 20
-482.09
 40
6.748
 50
145.84
 51
164.055
  0
ARC
  8
APS_GEOMETRY
 10
-710.392
 20
-482.65
 40
8.788
 50
164.055
 51
180.0
  0
ARC
  8
APS_GEOMETRY
 10
-698.127
 20
-482.65
 40
21.053
 50
180.0
 51
189.977
  0
ARC
  8
APS_GEOMETRY
 10
-679.476
 20
-479.369
 40
39.991
 50
189.977
 51
197.211
  0
ARC
  8
APS_GEOMETRY
 10
-675.396
 20
-478.106
 40
44.261
 50
197.211
 51
203.76
  0
ARC
  8
APS_GEOMETRY
 10
-685.559
 20
-482.58
 40
33.157
 50
203.76
 51
211.329
  0
ARC
  8
APS_GEOMETRY
 10
-706.427
 20
-495.103
 40
8.821
 50
212.32
 51
224.441
  0
ARC
  8
APS_GEOMETRY
 10
-707.282
 20
-495.942
 40
7.623
 50
224.441
 51
237.484
  0
ARC
  8
APS_GEOMETRY
 10
-707.835
 20
-496.809
 40
6.595
 50
237.484
 51
252.416
  0
ARC
  8
APS_GEOMETRY
 10
-708.388
 20
-498.553
 40
4.766
 50
252.416
 51
270.0
  0
ARC
  8
APS_GEOMETRY
 10
-708.388
 20
-497.988
 40
5.331
 50
270.0
 51
294.953
  0
ARC
  8
APS_GEOMETRY
 10
-708.238
 20
-498.309
 40
4.977
 50
294.953
 51
320.793
  0
ARC
  8
APS_GEOMETRY
 10
-709.039
 20
-497.655
 40
6.011
 50
320.793
 51
342.777
  0
ARC
  8
APS_GEOMETRY
 10
-712.607
 20
-496.549
 40
9.746
 50
342.777
 51
0.0
  0
ARC
  8
APS_GEOMETRY
 10
-729.368
 20
-496.549
 40
26.507
 50
0.0
 51
8.499
  0
ARC
  8
APS_GEOMETRY
 10
-741.035
 20
-498.293
 40
38.304
 50
8.499
 51
15.566
  0
ARC
  8
APS_GEOMETRY
 10
-739.632
 20
-497.902
 40
36.848
 50
15.566
 51
22.909
  0
ARC
  8
APS_GEOMETRY
 10
-727.569
 20
-492.804
 40
23.751
 50
22.909
 51
32.057
  0
ARC
  8
APS_GEOMETRY
 10
-718.093
 20
-486.834
 40
12.552
 50
31.921
 51
42.51
  0
ARC
  8
APS_GEOMETRY
 10
-715.491
 20
-484.449
 40
9.022
 50
42.51
 51
55.008
  0
ARC
  8
APS_GEOMETRY
 10
-714.612
 20
-483.194
 40
7.489
 50
55.008
 51
69.88
  0
ARC
  8
APS_GEOMETRY
 10
-713.824
 20
-481.042
 40
5.198
 50
69.88
 51
87.754
  0
ARC
  8
APS_GEOMETRY
 10
-662.093
 20
-482.445
 40
15.983
 50
83.923
 51
90.0
  0
ARC
  8
APS_GEOMETRY
 10
-663.378
 20
-494.521
 40
28.127
 50
79.342
 51
83.923
  0
ARC
  8
APS_GEOMETRY
 10
-664.929
 20
-502.761
 40
36.512
 50
75.808
 51
79.342
  0
ARC
  8
APS_GEOMETRY
 10
-670.34
 20
-524.156
 40
58.58
 50
73.018
 51
75.808
  0
ARC
  8
APS_GEOMETRY
 10
-651.288
 20
-461.663
 40
6.752
 50
253.288
 51
259.046
  0
ARC
  8
APS_GEOMETRY
 10
-652.216
 20
-466.457
 40
1.87
 50
259.046
 51
270.0
  0
ARC
  8
APS_GEOMETRY
 10
-652.216
 20
-467.217
 40
1.11
 50
270.0
 51
286.699
  0
ARC
  8
APS_GEOMETRY
 10
-661.089
 20
-437.639
 40
31.989
 50
286.699
 51
289.799
  0
ARC
  8
APS_GEOMETRY
 10
-649.2
 20
-470.549
 40
3.002
 50
100.008
 51
110.556
  0
ARC
  8
APS_GEOMETRY
 10
-649.142
 20
-470.876
 40
3.334
 50
90.0
 51
100.008
  0
ARC
  8
APS_GEOMETRY
 10
-649.142
 20
-470.721
 40
3.179
 50
53.356
 51
90.0
  0
ARC
  8
APS_GEOMETRY
 10
-654.696
 20
-478.187
 40
12.484
 50
35.101
 51
53.356
  0
ARC
  8
APS_GEOMETRY
 10
-657.467
 20
-480.134
 40
15.871
 50
20.245
 51
35.101
  0
ARC
  8
APS_GEOMETRY
 10
-650.634
 20
-477.614
 40
8.588
 50
360.0
 51
20.245
  0
ARC
  8
APS_GEOMETRY
 10
-647.195
 20
-477.614
 40
5.15
 50
340.481
 51
360.0
  0
ARC
  8
APS_GEOMETRY
 10
-646.347
 20
-477.915
 40
4.25
 50
318.972
 51
340.481
  0
ARC
  8
APS_GEOMETRY
 10
-645.969
 20
-478.244
 40
3.748
 50
295.017
 51
318.972
  0
ARC
  8
APS_GEOMETRY
 10
-645.839
 20
-478.522
 40
3.442
 50
270.0
 51
295.017
  0
ARC
  8
APS_GEOMETRY
 10
-645.839
 20
-476.678
 40
5.285
 50
256.171
 51
270.0
  0
ARC
  8
APS_GEOMETRY
 10
-646.415
 20
-479.019
 40
2.874
 50
237.381
 51
256.171
  0
ARC
  8
APS_GEOMETRY
 10
-645.395
 20
-477.425
 40
4.768
 50
231.559
 51
237.381
  0
ARC
  8
APS_GEOMETRY
 10
-630.552
 20
-458.725
 40
28.642
 50
229.185
 51
231.559
  0
ARC
  8
APS_GEOMETRY
 10
-614.645
 20
-440.306
 40
52.979
 50
227.9
 51
229.185
  0
ARC
  8
APS_GEOMETRY
 10
-559.592
 20
-379.378
 40
135.095
 50
227.095
 51
227.9
  0
ARC
  8
APS_GEOMETRY
 10
-662.954
 20
-490.54
 40
16.696
 50
46.975
 51
64.612
  0
ARC
  8
APS_GEOMETRY
 10
-659.28
 20
-482.797
 40
8.127
 50
64.612
 51
90.0
  0
ARC
  8
APS_GEOMETRY
 10
-659.28
 20
-480.527
 40
5.856
 50
90.0
 51
106.966
  0
ARC
  8
APS_GEOMETRY
 10
-659.959
 20
-478.303
 40
3.531
 50
106.966
 51
128.868
  0
ARC
  8
APS_GEOMETRY
 10
-660.351
 20
-477.816
 40
2.905
 50
128.868
 51
154.741
  0
ARC
  8
APS_GEOMETRY
 10
-660.224
 20
-477.876
 40
3.046
 50
154.741
 51
180.0
  0
ARC
  8
APS_GEOMETRY
 10
-660.409
 20
-477.876
 40
2.861
 50
180.0
 51
206.64
  0
ARC
  8
APS_GEOMETRY
 10
-659.489
 20
-477.414
 40
3.891
 50
206.64
 51
229.43
  0
ARC
  8
APS_GEOMETRY
 10
-658.013
 20
-475.691
 40
6.159
 50
229.43
 51
244.493
  0
ARC
  8
APS_GEOMETRY
 10
-653.967
 20
-467.211
 40
15.554
 50
244.493
 51
253.956
  0
ARC
  8
APS_GEOMETRY
 10
-726.038
 20
-712.14
 40
239.758
 50
72.737
 51
73.58
  0
ARC
  8
APS_GEOMETRY
 10
-684.735
 20
-579.225
 40
100.573
 50
71.435
 51
72.737
  0
ARC
  8
APS_GEOMETRY
 10
-671.054
 20
-538.49
 40
57.603
 50
69.164
 51
71.435
  0
ARC
  8
APS_GEOMETRY
 10
-654.909
 20
-496.068
 40
12.212
 50
64.231
 51
69.164
  0
ARC
  8
APS_GEOMETRY
 10
-656.766
 20
-499.807
 40
16.387
 50
34.939
 51
64.068
  0
ARC
  8
APS_GEOMETRY
 10
-652.758
 20
-497.007
 40
11.498
 50
360.0
 51
34.939
  0
ARC
  8
APS_GEOMETRY
 10
-655.222
 20
-497.007
 40
13.962
 50
333.435
 51
360.0
  0
ARC
  8
APS_GEOMETRY
 10
-656.135
 20
-496.551
 40
14.982
 50
307.807
 51
333.435
  0
ARC
  8
APS_GEOMETRY
 10
-658.51
 20
-493.478
 40
18.866
 50
296.732
 51
307.786
  0
ARC
  8
APS_GEOMETRY
 10
-659.916
 20
-490.688
 40
21.99
 50
286.496
 51
296.732
  0
ARC
  8
APS_GEOMETRY
 10
-660.841
 20
-487.562
 40
25.25
 50
277.544
 51
286.496
  0
ARC
  8
APS_GEOMETRY
 10
-662.191
 20
-477.372
 40
35.53
 50
270.0
 51
277.544
  0
ARC
  8
APS_GEOMETRY
 10
-662.191
 20
-475.83
 40
37.071
 50
263.555
 51
270.0
  0
ARC
  8
APS_GEOMETRY
 10
-660.991
 20
-465.206
 40
47.762
 50
257.878
 51
263.555
  0
ARC
  8
APS_GEOMETRY
 10
-661.628
 20
-468.172
 40
44.729
 50
254.839
 51
257.878
  0
ARC
  8
APS_GEOMETRY
 10
-666.794
 20
-487.24
 40
24.974
 50
250.772
 51
254.839
  0
ARC
  8
APS_GEOMETRY
 10
-669.118
 20
-493.902
 40
17.918
 50
245.121
 51
250.772
  0
ARC
  8
APS_GEOMETRY
 10
-673.052
 20
-502.384
 40
8.568
 50
236.944
 51
245.121
  0
ARC
  8
APS_GEOMETRY
 10
-675.371
 20
-506.035
 40
4.243
 50
211.802
 51
236.31
  0
ARC
  8
APS_GEOMETRY
 10
-664.347
 20
-499.199
 40
17.215
 50
199.704
 51
211.802
  0
ARC
  8
APS_GEOMETRY
 10
-659.082
 20
-497.313
 40
22.807
 50
190.413
 51
199.704
  0
ARC
  8
APS_GEOMETRY
 10
-663.645
 20
-498.152
 40
18.168
 50
180.0
 51
190.413
  0
ARC
  8
APS_GEOMETRY
 10
-675.944
 20
-498.152
 40
5.869
 50
164.876
 51
180.0
  0
ARC
  8
APS_GEOMETRY
 10
-679.251
 20
-497.258
 40
2.443
 50
141.34
 51
164.876
  0
ARC
  8
APS_GEOMETRY
 10
-678.931
 20
-497.472
 40
2.827
 50
116.928
 51
142.001
  0
ARC
  8
APS_GEOMETRY
 10
-679.098
 20
-497.143
 40
2.457
 50
90.0
 51
116.928
  0
ARC
  8
APS_GEOMETRY
 10
-679.098
 20
-497.149
 40
2.464
 50
62.21
 51
90.0
  0
ARC
  8
APS_GEOMETRY
 10
-680.082
 20
-499.015
 40
4.573
 50
41.906
 51
62.21
  0
ARC
  8
APS_GEOMETRY
 10
-679.915
 20
-499.05
 40
4.475
 50
37.313
 51
43.668
  0
ARC
  8
APS_GEOMETRY
 10
-704.983
 20
-518.156
 40
35.993
 50
35.074
 51
37.313
  0
ARC
  8
APS_GEOMETRY
 10
-733.45
 20
-538.144
 40
70.777
 50
33.934
 51
35.074
  0
ARC
  8
APS_GEOMETRY
 10
-834.948
 20
-606.434
 40
193.11
 50
33.243
 51
33.934
  0
ARC
  8
APS_GEOMETRY
 10
-667.828
 20
-496.864
 40
6.727
 50
213.453
 51
231.637
  0
ARC
  8
APS_GEOMETRY
 10
-664.65
 20
-492.848
 40
11.848
 50
231.637
 51
245.313
  0
ARC
  8
APS_GEOMETRY
 10
-663.95
 20
-491.325
 40
13.524
 50
245.313
 51
257.398
  0
ARC
  8
APS_GEOMETRY
 10
-664.186
 20
-492.38
 40
12.443
 50
257.398
 51
270.0
  0
ARC
  8
APS_GEOMETRY
 10
-664.186
 20
-494.318
 40
10.506
 50
270.0
 51
282.907
  0
ARC
  8
APS_GEOMETRY
 10
-663.055
 20
-499.251
 40
5.445
 50
282.907
 51
300.872
  0
ARC
  8
APS_GEOMETRY
 10
-662.075
 20
-500.89
 40
3.535
 50
300.872
 51
326.876
  0
ARC
  8
APS_GEOMETRY
 10
-660.959
 20
-501.618
 40
2.202
 50
326.876
 51
0.0
  0
ARC
  8
APS_GEOMETRY
 10
-661.288
 20
-501.618
 40
2.531
 50
0.0
 51
27.553
  0
ARC
  8
APS_GEOMETRY
 10
-662.088
 20
-502.036
 40
3.434
 50
27.553
 51
51.147
  0
ARC
  8
APS_GEOMETRY
 10
-663.743
 20
-504.09
 40
6.071
 50
51.147
 51
65.225
  0
ARC
  8
APS_GEOMETRY
 10
-669.846
 20
-517.314
 40
20.636
 50
65.225
 51
72.848
  0
ARC
  8
APS_GEOMETRY
 10
-634.205
 20
-403.675
 40
98.462
 50
251.106
 51
252.532
  0
ARC
  8
APS_GEOMETRY
 10
-646.821
 20
-440.536
 40
59.501
 50
249.271
 51
251.106
  0
ARC
  8
APS_GEOMETRY
 10
-652.066
 20
-454.395
 40
44.683
 50
246.83
 51
249.271
  0
ARC
  8
APS_GEOMETRY
 10
-660.55
 20
-474.218
 40
23.121
 50
243.435
 51
246.83
  0
ARC
  8
APS_GEOMETRY
 10
-661.516
 20
-476.149
 40
20.961
 50
235.981
 51
243.435
  0
ARC
  8
APS_GEOMETRY
 10
-660.774
 20
-475.051
 40
22.287
 50
228.752
 51
235.981
  0
ARC
  8
APS_GEOMETRY
 10
-664.248
 20
-479.145
 40
16.918
 50
206.421
 51
228.457
  0
ARC
  8
APS_GEOMETRY
 10
-668.803
 20
-481.408
 40
11.833
 50
180.0
 51
206.421
  0
ARC
  8
APS_GEOMETRY
 10
-668.588
 20
-481.408
 40
12.047
 50
166.555
 51
180.0
  0
ARC
  8
APS_GEOMETRY
 10
-667.193
 20
-481.741
 40
13.482
 50
153.848
 51
166.555
  0
ARC
  8
APS_GEOMETRY
 10
-667.077
 20
-481.798
 40
13.611
 50
141.244
 51
153.848
  0
ARC
  8
APS_GEOMETRY
 10
-666.217
 20
-482.489
 40
14.714
 50
129.123
 51
141.244
  0
ARC
  8
APS_GEOMETRY
 10
-663.464
 20
-485.416
 40
18.725
 50
108.978
 51
130.006
  0
ARC
  8
APS_GEOMETRY
 10
-662.093
 20
-489.402
 40
22.94
 50
90.0
 51
108.978
  0
ARC
  8
APS_GEOMETRY
 10
-612.102
 20
-487.726
 40
21.264
 50
77.257
 51
90.0
  0
ARC
  8
APS_GEOMETRY
 10
-612.318
 20
-488.681
 40
22.243
 50
64.799
 51
77.257
  0
ARC
  8
APS_GEOMETRY
 10
-594.001
 20
-449.683
 40
20.843
 50
244.885
 51
251.175
  0
ARC
  8
APS_GEOMETRY
 10
-599.969
 20
-467.19
 40
2.346
 50
251.175
 51
270.0
  0
ARC
  8
APS_GEOMETRY
 10
-599.969
 20
-465.73
 40
3.806
 50
270.0
 51
278.82
  0
ARC
  8
APS_GEOMETRY
 10
-602.428
 20
-449.882
 40
19.844
 50
278.82
 51
282.68
  0
ARC
  8
APS_GEOMETRY
 10
-597.283
 20
-472.663
 40
3.511
 50
95.906
 51
102.995
  0
ARC
  8
APS_GEOMETRY
 10
-597.124
 20
-474.199
 40
5.055
 50
90.0
 51
95.906
  0
ARC
  8
APS_GEOMETRY
 10
-597.124
 20
-472.499
 40
3.356
 50
62.447
 51
90.0
  0
ARC
  8
APS_GEOMETRY
 10
-597.721
 20
-473.643
 40
4.645
 50
39.094
 51
62.447
  0
ARC
  8
APS_GEOMETRY
 10
-603.955
 20
-478.857
 40
12.772
 50
18.435
 51
39.611
  0
ARC
  8
APS_GEOMETRY
 10
-607.781
 20
-480.132
 40
16.806
 50
360.0
 51
18.435
  0
ARC
  8
APS_GEOMETRY
 10
-599.309
 20
-480.132
 40
8.333
 50
334.877
 51
360.0
  0
ARC
  8
APS_GEOMETRY
 10
-596.803
 20
-481.308
 40
5.565
 50
304.007
 51
334.877
  0
ARC
  8
APS_GEOMETRY
 10
-596.844
 20
-481.19
 40
5.686
 50
286.39
 51
303.69
  0
ARC
  8
APS_GEOMETRY
 10
-597.026
 20
-480.571
 40
6.33
 50
270.0
 51
286.39
  0
ARC
  8
APS_GEOMETRY
 10
-597.026
 20
-480.645
 40
6.257
 50
255.155
 51
270.0
  0
ARC
  8
APS_GEOMETRY
 10
-597.711
 20
-483.231
 40
3.581
 50
235.491
 51
255.155
  0
ARC
  8
APS_GEOMETRY
 10
-597.367
 20
-482.731
 40
4.189
 50
218.48
 51
235.491
  0
ARC
  8
APS_GEOMETRY
 10
-591.746
 20
-478.263
 40
11.369
 50
208.179
 51
218.48
  0
ARC
  8
APS_GEOMETRY
 10
-649.371
 20
-509.542
 40
54.198
 50
28.56
 51
31.664
  0
ARC
  8
APS_GEOMETRY
 10
-614.159
 20
-487.825
 40
12.827
 50
31.664
 51
38.047
  0
ARC
  8
APS_GEOMETRY
 10
-611.598
 20
-485.822
 40
9.576
 50
38.047
 51
46.56
  0
ARC
  8
APS_GEOMETRY
 10
-612.929
 20
-487.227
 40
11.512
 50
46.56
 51
54.324
  0
ARC
  8
APS_GEOMETRY
 10
-613.697
 20
-488.548
 40
13.034
 50
54.968
 51
71.48
  0
ARC
  8
APS_GEOMETRY
 10
-612.854
 20
-486.032
 40
10.38
 50
71.48
 51
90.0
  0
ARC
  8
APS_GEOMETRY
 10
-612.854
 20
-482.902
 40
7.251
 50
90.0
 51
114.63
  0
ARC
  8
APS_GEOMETRY
 10
-613.218
 20
-482.108
 40
6.377
 50
114.63
 51
140.921
  0
ARC
  8
APS_GEOMETRY
 10
-612.143
 20
-482.982
 40
7.763
 50
140.921
 51
163.13
  0
ARC
  8
APS_GEOMETRY
 10
-606.765
 20
-484.613
 40
13.382
 50
163.13
 51
180.0
  0
ARC
  8
APS_GEOMETRY
 10
-599.792
 20
-484.613
 40
20.355
 50
180.0
 51
195.44
  0
ARC
  8
APS_GEOMETRY
 10
-600.85
 20
-484.905
 40
19.258
 50
195.44
 51
211.316
  0
ARC
  8
APS_GEOMETRY
 10
-605.939
 20
-487.894
 40
13.357
 50
211.708
 51
240.457
  0
ARC
  8
APS_GEOMETRY
 10
-606.281
 20
-488.497
 40
12.663
 50
240.457
 51
270.0
  0
ARC
  8
APS_GEOMETRY
 10
-606.281
 20
-485.41
 40
15.751
 50
270.0
 51
279.549
  0
ARC
  8
APS_GEOMETRY
 10
-606.477
 20
-484.246
 40
16.931
 50
279.549
 51
288.759
  0
ARC
  8
APS_GEOMETRY
 10
-605.651
 20
-486.676
 40
14.364
 50
288.759
 51
299.545
  0
ARC
  8
APS_GEOMETRY
 10
-602.342
 20
-492.515
 40
7.652
 50
299.545
 51
314.341
  0
ARC
  8
APS_GEOMETRY
 10
-592.107
 20
-503.146
 40
7.105
 50
120.141
 51
133.452
  0
ARC
  8
APS_GEOMETRY
 10
-594.965
 20
-498.223
 40
1.412
 50
90.0
 51
120.141
  0
ARC
  8
APS_GEOMETRY
 10
-594.965
 20
-499.041
 40
2.23
 50
61.952
 51
90.0
  0
ARC
  8
APS_GEOMETRY
 10
-595.298
 20
-499.664
 40
2.936
 50
37.569
 51
61.952
  0
ARC
  8
APS_GEOMETRY
 10
-595.917
 20
-500.14
 40
3.717
 50
17.665
 51
37.569
  0
ARC
  8
APS_GEOMETRY
 10
-596.862
 20
-500.441
 40
4.709
 50
360.0
 51
17.665
  0
ARC
  8
APS_GEOMETRY
 10
-599.234
 20
-500.441
 40
7.081
 50
344.932
 51
360.0
  0
ARC
  8
APS_GEOMETRY
 10
-605.532
 20
-498.745
 40
13.603
 50
334.075
 51
344.932
  0
ARC
  8
APS_GEOMETRY
 10
-605.73
 20
-498.649
 40
13.823
 50
323.374
 51
334.075
  0
ARC
  8
APS_GEOMETRY
 10
-601.666
 20
-501.67
 40
8.76
 50
309.92
 51
323.374
  0
ARC
  8
APS_GEOMETRY
 10
-597.605
 20
-506.461
 40
2.48
 50
289.026
 51
308.991
  0
ARC
  8
APS_GEOMETRY
 10
-601.938
 20
-493.895
 40
15.771
 50
281.143
 51
289.026
  0
ARC
  8
APS_GEOMETRY
 10
-597.544
 20
-516.677
 40
7.431
 50
100.437
 51
110.12
  0
ARC
  8
APS_GEOMETRY
 10
-591.723
 20
-532.567
 40
24.353
 50
110.12
 51
115.463
  0
ARC
  8
APS_GEOMETRY
 10
-612.504
 20
-489.086
 40
23.838
 50
282.94
 51
295.628
  0
ARC
  8
APS_GEOMETRY
 10
-612.298
 20
-489.98
 40
22.921
 50
270.0
 51
282.94
  0
ARC
  8
APS_GEOMETRY
 10
-612.298
 20
-488.626
 40
24.275
 50
257.307
 51
270.0
  0
ARC
  8
APS_GEOMETRY
 10
-611.274
 20
-484.077
 40
28.939
 50
245.686
 51
257.307
  0
ARC
  8
APS_GEOMETRY
 10
-613.844
 20
-489.718
 40
22.739
 50
228.801
 51
245.735
  0
ARC
  8
APS_GEOMETRY
 10
-613.801
 20
-489.669
 40
22.805
 50
211.891
 51
228.801
  0
ARC
  8
APS_GEOMETRY
 10
-612.453
 20
-488.699
 40
24.462
 50
196.728
 51
212.152
  0
ARC
  8
APS_GEOMETRY
 10
-615.941
 20
-489.747
 40
20.82
 50
180.0
 51
196.728
  0
ARC
  8
APS_GEOMETRY
 10
-615.434
 20
-489.747
 40
21.327
 50
161.184
 51
180.0
  0
ARC
  8
APS_GEOMETRY
 10
-614.065
 20
-490.213
 40
22.773
 50
142.98
 51
161.184
  0
ARC
  8
APS_GEOMETRY
 10
-613.001
 20
-491.028
 40
24.112
 50
127.824
 51
142.958
  0
ARC
  8
APS_GEOMETRY
 10
-611.247
 20
-493.287
 40
26.973
 50
113.52
 51
127.824
  0
ARC
  8
APS_GEOMETRY
 10
-611.818
 20
-491.968
 40
25.535
 50
101.927
 51
113.527
  0
ARC
  8
APS_GEOMETRY
 10
-612.102
 20
-490.623
 40
24.161
 50
90.0
 51
101.927
  0
ARC
  8
APS_GEOMETRY
 10
-561.621
 20
-492.244
 40
25.782
 50
71.91
 51
90.0
  0
ARC
  8
APS_GEOMETRY
 10
-560.623
 20
-489.187
 40
22.566
 50
52.561
 51
71.91
  0
ARC
  8
APS_GEOMETRY
 10
-560.884
 20
-489.263
 40
22.786
 50
38.846
 51
52.156
  0
ARC
  8
APS_GEOMETRY
 10
-564.456
 20
-492.14
 40
27.372
 50
26.707
 51
38.846
  0
ARC
  8
APS_GEOMETRY
 10
-563.749
 20
-491.562
 40
26.482
 50
13.868
 51
26.278
  0
ARC
  8
APS_GEOMETRY
 10
-558.649
 20
-490.303
 40
21.229
 50
360.0
 51
13.868
  0
ARC
  8
APS_GEOMETRY
 10
-558.319
 20
-490.303
 40
20.899
 50
339.712
 51
360.0
  0
ARC
  8
APS_GEOMETRY
 10
-559.496
 20
-489.868
 40
22.153
 50
320.013
 51
339.712
  0
ARC
  8
APS_GEOMETRY
 10
-559.691
 20
-489.761
 40
22.372
 50
303.344
 51
320.123
  0
ARC
  8
APS_GEOMETRY
 10
-561.986
 20
-486.271
 40
26.548
 50
287.949
 51
303.344
  0
ARC
  8
APS_GEOMETRY
 10
-562.741
 20
-483.656
 40
29.269
 50
279.039
 51
287.776
  0
ARC
  8
APS_GEOMETRY
 10
-562.439
 20
-485.555
 40
27.346
 50
270.0
 51
279.039
  0
ARC
  8
APS_GEOMETRY
 10
-562.439
 20
-486.89
 40
26.011
 50
257.728
 51
270.0
  0
ARC
  8
APS_GEOMETRY
 10
-562.398
 20
-486.702
 40
26.203
 50
245.501
 51
257.728
  0
ARC
  8
APS_GEOMETRY
 10
-563.87
 20
-489.925
 40
22.66
 50
228.665
 51
245.511
  0
ARC
  8
APS_GEOMETRY
 10
-564.36
 20
-490.482
 40
21.918
 50
211.535
 51
228.665
  0
ARC
  8
APS_GEOMETRY
 10
-563.718
 20
-490.01
 40
22.712
 50
195.642
 51
211.701
  0
ARC
  8
APS_GEOMETRY
 10
-562.544
 20
-489.682
 40
23.931
 50
180.0
 51
195.642
  0
ARC
  8
APS_GEOMETRY
 10
-562.293
 20
-489.682
 40
24.183
 50
162.181
 51
180.0
  0
ARC
  8
APS_GEOMETRY
 10
-564.499
 20
-488.972
 40
21.865
 50
143.434
 51
162.181
  0
ARC
  8
APS_GEOMETRY
 10
-564.796
 20
-488.735
 40
21.485
 50
126.384
 51
143.471
  0
ARC
  8
APS_GEOMETRY
 10
-562.762
 20
-491.495
 40
24.914
 50
110.525
 51
126.384
  0
ARC
  8
APS_GEOMETRY
 10
-562.863
 20
-490.746
 40
24.177
 50
99.77
 51
110.925
  0
ARC
  8
APS_GEOMETRY
 10
-561.621
 20
-497.958
 40
31.496
 50
90.0
 51
99.77
  0
ARC
  8
APS_GEOMETRY
 10
-564.728
 20
-480.655
 40
4.807
 50
90.0
 51
119.604
  0
ARC
  8
APS_GEOMETRY
 10
-564.307
 20
-481.396
 40
5.659
 50
119.604
 51
146.842
  0
ARC
  8
APS_GEOMETRY
 10
-563.461
 20
-482.09
 40
6.748
 50
145.84
 51
164.055
  0
ARC
  8
APS_GEOMETRY
 10
-561.499
 20
-482.65
 40
8.788
 50
164.055
 51
180.0
  0
ARC
  8
APS_GEOMETRY
 10
-549.235
 20
-482.65
 40
21.053
 50
180.0
 51
189.977
  0
ARC
  8
APS_GEOMETRY
 10
-530.583
 20
-479.369
 40
39.991
 50
189.977
 51
197.211
  0
ARC
  8
APS_GEOMETRY
 10
-526.504
 20
-478.106
 40
44.261
 50
197.211
 51
203.76
  0
ARC
  8
APS_GEOMETRY
 10
-536.666
 20
-482.58
 40
33.157
 50
203.76
 51
211.329
  0
ARC
  8
APS_GEOMETRY
 10
-557.535
 20
-495.103
 40
8.821
 50
212.32
 51
224.441
  0
ARC
  8
APS_GEOMETRY
 10
-558.39
 20
-495.942
 40
7.623
 50
224.441
 51
237.484
  0
ARC
  8
APS_GEOMETRY
 10
-558.943
 20
-496.809
 40
6.595
 50
237.484
 51
252.416
  0
ARC
  8
APS_GEOMETRY
 10
-559.495
 20
-498.553
 40
4.766
 50
252.416
 51
270.0
  0
ARC
  8
APS_GEOMETRY
 10
-559.495
 20
-497.988
 40
5.331
 50
270.0
 51
294.953
  0
ARC
  8
APS_GEOMETRY
 10
-559.346
 20
-498.309
 40
4.977
 50
294.953
 51
320.793
  0
ARC
  8
APS_GEOMETRY
 10
-560.147
 20
-497.655
 40
6.011
 50
320.793
 51
342.777
  0
ARC
  8
APS_GEOMETRY
 10
-563.714
 20
-496.549
 40
9.746
 50
342.777
 51
0.0
  0
ARC
  8
APS_GEOMETRY
 10
-580.475
 20
-496.549
 40
26.507
 50
0.0
 51
8.499
  0
ARC
  8
APS_GEOMETRY
 10
-592.143
 20
-498.293
 40
38.304
 50
8.499
 51
15.566
  0
ARC
  8
APS_GEOMETRY
 10
-590.74
 20
-497.902
 40
36.848
 50
15.566
 51
22.909
  0
ARC
  8
APS_GEOMETRY
 10
-578.676
 20
-492.804
 40
23.751
 50
22.909
 51
32.057
  0
ARC
  8
APS_GEOMETRY
 10
-569.201
 20
-486.834
 40
12.552
 50
31.921
 51
42.51
  0
ARC
  8
APS_GEOMETRY
 10
-566.599
 20
-484.449
 40
9.022
 50
42.51
 51
55.008
  0
ARC
  8
APS_GEOMETRY
 10
-565.72
 20
-483.194
 40
7.489
 50
55.008
 51
69.88
  0
ARC
  8
APS_GEOMETRY
 10
-564.932
 20
-481.042
 40
5.198
 50
69.88
 51
87.754
  0
ARC
  8
APS_GEOMETRY
 10
-508.262
 20
-487.726
 40
21.264
 50
77.257
 51
90.0
  0
ARC
  8
APS_GEOMETRY
 10
-508.478
 20
-488.681
 40
22.243
 50
64.799
 51
77.257
  0
ARC
  8
APS_GEOMETRY
 10
-490.16
 20
-449.683
 40
20.843
 50
244.885
 51
251.175
  0
ARC
  8
APS_GEOMETRY
 10
-496.129
 20
-467.19
 40
2.346
 50
251.175
 51
270.0
  0
ARC
  8
APS_GEOMETRY
 10
-496.129
 20
-465.73
 40
3.806
 50
270.0
 51
278.82
  0
ARC
  8
APS_GEOMETRY
 10
-498.588
 20
-449.882
 40
19.844
 50
278.82
 51
282.68
  0
ARC
  8
APS_GEOMETRY
 10
-493.443
 20
-472.663
 40
3.511
 50
95.906
 51
102.995
  0
ARC
  8
APS_GEOMETRY
 10
-493.284
 20
-474.199
 40
5.055
 50
90.0
 51
95.906
  0
ARC
  8
APS_GEOMETRY
 10
-493.284
 20
-472.499
 40
3.356
 50
62.447
 51
90.0
  0
ARC
  8
APS_GEOMETRY
 10
-493.88
 20
-473.643
 40
4.645
 50
39.094
 51
62.447
  0
ARC
  8
APS_GEOMETRY
 10
-500.115
 20
-478.857
 40
12.772
 50
18.435
 51
39.611
  0
ARC
  8
APS_GEOMETRY
 10
-503.941
 20
-480.132
 40
16.806
 50
360.0
 51
18.435
  0
ARC
  8
APS_GEOMETRY
 10
-495.469
 20
-480.132
 40
8.333
 50
334.877
 51
360.0
  0
ARC
  8
APS_GEOMETRY
 10
-492.962
 20
-481.308
 40
5.565
 50
304.007
 51
334.877
  0
ARC
  8
APS_GEOMETRY
 10
-493.004
 20
-481.19
 40
5.686
 50
286.39
 51
303.69
  0
ARC
  8
APS_GEOMETRY
 10
-493.186
 20
-480.571
 40
6.33
 50
270.0
 51
286.39
  0
ARC
  8
APS_GEOMETRY
 10
-493.186
 20
-480.645
 40
6.257
 50
255.155
 51
270.0
  0
ARC
  8
APS_GEOMETRY
 10
-493.871
 20
-483.231
 40
3.581
 50
235.491
 51
255.155
  0
ARC
  8
APS_GEOMETRY
 10
-493.527
 20
-482.731
 40
4.189
 50
218.48
 51
235.491
  0
ARC
  8
APS_GEOMETRY
 10
-487.906
 20
-478.263
 40
11.369
 50
208.179
 51
218.48
  0
ARC
  8
APS_GEOMETRY
 10
-545.531
 20
-509.542
 40
54.198
 50
28.56
 51
31.664
  0
ARC
  8
APS_GEOMETRY
 10
-510.318
 20
-487.825
 40
12.827
 50
31.664
 51
38.047
  0
ARC
  8
APS_GEOMETRY
 10
-507.758
 20
-485.822
 40
9.576
 50
38.047
 51
46.56
  0
ARC
  8
APS_GEOMETRY
 10
-509.089
 20
-487.227
 40
11.512
 50
46.56
 51
54.324
  0
ARC
  8
APS_GEOMETRY
 10
-509.857
 20
-488.548
 40
13.034
 50
54.968
 51
71.48
  0
ARC
  8
APS_GEOMETRY
 10
-509.014
 20
-486.032
 40
10.38
 50
71.48
 51
90.0
  0
ARC
  8
APS_GEOMETRY
 10
-509.014
 20
-482.902
 40
7.251
 50
90.0
 51
114.63
  0
ARC
  8
APS_GEOMETRY
 10
-509.378
 20
-482.108
 40
6.377
 50
114.63
 51
140.921
  0
ARC
  8
APS_GEOMETRY
 10
-508.302
 20
-482.982
 40
7.763
 50
140.921
 51
163.13
  0
ARC
  8
APS_GEOMETRY
 10
-502.925
 20
-484.613
 40
13.382
 50
163.13
 51
180.0
  0
ARC
  8
APS_GEOMETRY
 10
-495.952
 20
-484.613
 40
20.355
 50
180.0
 51
195.44
  0
ARC
  8
APS_GEOMETRY
 10
-497.01
 20
-484.905
 40
19.258
 50
195.44
 51
211.316
  0
ARC
  8
APS_GEOMETRY
 10
-502.099
 20
-487.894
 40
13.357
 50
211.708
 51
240.457
  0
ARC
  8
APS_GEOMETRY
 10
-502.441
 20
-488.497
 40
12.663
 50
240.457
 51
270.0
  0
ARC
  8
APS_GEOMETRY
 10
-502.441
 20
-485.41
 40
15.751
 50
270.0
 51
279.549
  0
ARC
  8
APS_GEOMETRY
 10
-502.637
 20
-484.246
 40
16.931
 50
279.549
 51
288.759
  0
ARC
  8
APS_GEOMETRY
 10
-501.811
 20
-486.676
 40
14.364
 50
288.759
 51
299.545
  0
ARC
  8
APS_GEOMETRY
 10
-498.502
 20
-492.515
 40
7.652
 50
299.545
 51
314.341
  0
ARC
  8
APS_GEOMETRY
 10
-488.266
 20
-503.146
 40
7.105
 50
120.141
 51
133.452
  0
ARC
  8
APS_GEOMETRY
 10
-491.125
 20
-498.223
 40
1.412
 50
90.0
 51
120.141
  0
ARC
  8
APS_GEOMETRY
 10
-491.125
 20
-499.041
 40
2.23
 50
61.952
 51
90.0
  0
ARC
  8
APS_GEOMETRY
 10
-491.457
 20
-499.664
 40
2.936
 50
37.569
 51
61.952
  0
ARC
  8
APS_GEOMETRY
 10
-492.077
 20
-500.14
 40
3.717
 50
17.665
 51
37.569
  0
ARC
  8
APS_GEOMETRY
 10
-493.021
 20
-500.441
 40
4.709
 50
360.0
 51
17.665
  0
ARC
  8
APS_GEOMETRY
 10
-495.393
 20
-500.441
 40
7.081
 50
344.932
 51
360.0
  0
ARC
  8
APS_GEOMETRY
 10
-501.691
 20
-498.745
 40
13.603
 50
334.075
 51
344.932
  0
ARC
  8
APS_GEOMETRY
 10
-501.89
 20
-498.649
 40
13.823
 50
323.374
 51
334.075
  0
ARC
  8
APS_GEOMETRY
 10
-497.826
 20
-501.67
 40
8.76
 50
309.92
 51
323.374
  0
ARC
  8
APS_GEOMETRY
 10
-493.765
 20
-506.461
 40
2.48
 50
289.026
 51
308.991
  0
ARC
  8
APS_GEOMETRY
 10
-498.098
 20
-493.895
 40
15.771
 50
281.143
 51
289.026
  0
ARC
  8
APS_GEOMETRY
 10
-493.704
 20
-516.677
 40
7.431
 50
100.437
 51
110.12
  0
ARC
  8
APS_GEOMETRY
 10
-487.883
 20
-532.567
 40
24.353
 50
110.12
 51
115.463
  0
ARC
  8
APS_GEOMETRY
 10
-508.664
 20
-489.086
 40
23.838
 50
282.94
 51
295.628
  0
ARC
  8
APS_GEOMETRY
 10
-508.458
 20
-489.98
 40
22.921
 50
270.0
 51
282.94
  0
ARC
  8
APS_GEOMETRY
 10
-508.458
 20
-488.626
 40
24.275
 50
257.307
 51
270.0
  0
ARC
  8
APS_GEOMETRY
 10
-507.433
 20
-484.077
 40
28.939
 50
245.686
 51
257.307
  0
ARC
  8
APS_GEOMETRY
 10
-510.004
 20
-489.718
 40
22.739
 50
228.801
 51
245.735
  0
ARC
  8
APS_GEOMETRY
 10
-509.961
 20
-489.669
 40
22.805
 50
211.891
 51
228.801
  0
ARC
  8
APS_GEOMETRY
 10
-508.613
 20
-488.699
 40
24.462
 50
196.728
 51
212.152
  0
ARC
  8
APS_GEOMETRY
 10
-512.101
 20
-489.747
 40
20.82
 50
180.0
 51
196.728
  0
ARC
  8
APS_GEOMETRY
 10
-511.593
 20
-489.747
 40
21.327
 50
161.184
 51
180.0
  0
ARC
  8
APS_GEOMETRY
 10
-510.225
 20
-490.213
 40
22.773
 50
142.98
 51
161.184
  0
ARC
  8
APS_GEOMETRY
 10
-509.161
 20
-491.028
 40
24.112
 50
127.824
 51
142.958
  0
ARC
  8
APS_GEOMETRY
 10
-507.407
 20
-493.287
 40
26.973
 50
113.52
 51
127.824
  0
ARC
  8
APS_GEOMETRY
 10
-507.978
 20
-491.968
 40
25.535
 50
101.927
 51
113.527
  0
ARC
  8
APS_GEOMETRY
 10
-508.262
 20
-490.623
 40
24.161
 50
90.0
 51
101.927
  0
ARC
  8
APS_GEOMETRY
 10
-457.781
 20
-492.244
 40
25.782
 50
71.91
 51
90.0
  0
ARC
  8
APS_GEOMETRY
 10
-456.782
 20
-489.187
 40
22.566
 50
52.561
 51
71.91
  0
ARC
  8
APS_GEOMETRY
 10
-457.044
 20
-489.263
 40
22.786
 50
38.846
 51
52.156
  0
ARC
  8
APS_GEOMETRY
 10
-460.616
 20
-492.14
 40
27.372
 50
26.707
 51
38.846
  0
ARC
  8
APS_GEOMETRY
 10
-459.909
 20
-491.562
 40
26.482
 50
13.868
 51
26.278
  0
ARC
  8
APS_GEOMETRY
 10
-454.809
 20
-490.303
 40
21.229
 50
360.0
 51
13.868
  0
ARC
  8
APS_GEOMETRY
 10
-454.479
 20
-490.303
 40
20.899
 50
339.712
 51
360.0
  0
ARC
  8
APS_GEOMETRY
 10
-455.655
 20
-489.868
 40
22.153
 50
320.013
 51
339.712
  0
ARC
  8
APS_GEOMETRY
 10
-455.851
 20
-489.761
 40
22.372
 50
303.344
 51
320.123
  0
ARC
  8
APS_GEOMETRY
 10
-458.146
 20
-486.271
 40
26.548
 50
287.949
 51
303.344
  0
ARC
  8
APS_GEOMETRY
 10
-458.901
 20
-483.656
 40
29.269
 50
279.039
 51
287.776
  0
ARC
  8
APS_GEOMETRY
 10
-458.598
 20
-485.555
 40
27.346
 50
270.0
 51
279.039
  0
ARC
  8
APS_GEOMETRY
 10
-458.598
 20
-486.89
 40
26.011
 50
257.728
 51
270.0
  0
ARC
  8
APS_GEOMETRY
 10
-458.558
 20
-486.702
 40
26.203
 50
245.501
 51
257.728
  0
ARC
  8
APS_GEOMETRY
 10
-460.03
 20
-489.925
 40
22.66
 50
228.665
 51
245.511
  0
ARC
  8
APS_GEOMETRY
 10
-460.52
 20
-490.482
 40
21.918
 50
211.535
 51
228.665
  0
ARC
  8
APS_GEOMETRY
 10
-459.878
 20
-490.01
 40
22.712
 50
195.642
 51
211.701
  0
ARC
  8
APS_GEOMETRY
 10
-458.704
 20
-489.682
 40
23.931
 50
180.0
 51
195.642
  0
ARC
  8
APS_GEOMETRY
 10
-458.453
 20
-489.682
 40
24.183
 50
162.181
 51
180.0
  0
ARC
  8
APS_GEOMETRY
 10
-460.659
 20
-488.972
 40
21.865
 50
143.434
 51
162.181
  0
ARC
  8
APS_GEOMETRY
 10
-460.956
 20
-488.735
 40
21.485
 50
126.384
 51
143.471
  0
ARC
  8
APS_GEOMETRY
 10
-458.922
 20
-491.495
 40
24.914
 50
110.525
 51
126.384
  0
ARC
  8
APS_GEOMETRY
 10
-459.023
 20
-490.746
 40
24.177
 50
99.77
 51
110.925
  0
ARC
  8
APS_GEOMETRY
 10
-457.781
 20
-497.958
 40
31.496
 50
90.0
 51
99.77
  0
ARC
  8
APS_GEOMETRY
 10
-460.888
 20
-480.655
 40
4.807
 50
90.0
 51
119.604
  0
ARC
  8
APS_GEOMETRY
 10
-460.467
 20
-481.396
 40
5.659
 50
119.604
 51
146.842
  0
ARC
  8
APS_GEOMETRY
 10
-459.621
 20
-482.09
 40
6.748
 50
145.84
 51
164.055
  0
ARC
  8
APS_GEOMETRY
 10
-457.659
 20
-482.65
 40
8.788
 50
164.055
 51
180.0
  0
ARC
  8
APS_GEOMETRY
 10
-445.395
 20
-482.65
 40
21.053
 50
180.0
 51
189.977
  0
ARC
  8
APS_GEOMETRY
 10
-426.743
 20
-479.369
 40
39.991
 50
189.977
 51
197.211
  0
ARC
  8
APS_GEOMETRY
 10
-422.664
 20
-478.106
 40
44.261
 50
197.211
 51
203.76
  0
ARC
  8
APS_GEOMETRY
 10
-432.826
 20
-482.58
 40
33.157
 50
203.76
 51
211.329
  0
ARC
  8
APS_GEOMETRY
 10
-453.694
 20
-495.103
 40
8.821
 50
212.32
 51
224.441
  0
ARC
  8
APS_GEOMETRY
 10
-454.55
 20
-495.942
 40
7.623
 50
224.441
 51
237.484
  0
ARC
  8
APS_GEOMETRY
 10
-455.103
 20
-496.809
 40
6.595
 50
237.484
 51
252.416
  0
ARC
  8
APS_GEOMETRY
 10
-455.655
 20
-498.553
 40
4.766
 50
252.416
 51
270.0
  0
ARC
  8
APS_GEOMETRY
 10
-455.655
 20
-497.988
 40
5.331
 50
270.0
 51
294.953
  0
ARC
  8
APS_GEOMETRY
 10
-455.506
 20
-498.309
 40
4.977
 50
294.953
 51
320.793
  0
ARC
  8
APS_GEOMETRY
 10
-456.306
 20
-497.655
 40
6.011
 50
320.793
 51
342.777
  0
ARC
  8
APS_GEOMETRY
 10
-459.874
 20
-496.549
 40
9.746
 50
342.777
 51
0.0
  0
ARC
  8
APS_GEOMETRY
 10
-476.635
 20
-496.549
 40
26.507
 50
0.0
 51
8.499
  0
ARC
  8
APS_GEOMETRY
 10
-488.303
 20
-498.293
 40
38.304
 50
8.499
 51
15.566
  0
ARC
  8
APS_GEOMETRY
 10
-486.9
 20
-497.902
 40
36.848
 50
15.566
 51
22.909
  0
ARC
  8
APS_GEOMETRY
 10
-474.836
 20
-492.804
 40
23.751
 50
22.909
 51
32.057
  0
ARC
  8
APS_GEOMETRY
 10
-465.36
 20
-486.834
 40
12.552
 50
31.921
 51
42.51
  0
ARC
  8
APS_GEOMETRY
 10
-462.758
 20
-484.449
 40
9.022
 50
42.51
 51
55.008
  0
ARC
  8
APS_GEOMETRY
 10
-461.88
 20
-483.194
 40
7.489
 50
55.008
 51
69.88
  0
ARC
  8
APS_GEOMETRY
 10
-461.091
 20
-481.042
 40
5.198
 50
69.88
 51
87.754
  0
ARC
  8
APS_GEOMETRY
 10
-407.267
 20
-495.666
 40
2.42
 50
90.0
 51
115.837
  0
ARC
  8
APS_GEOMETRY
 10
-407.863
 20
-494.436
 40
1.053
 50
115.837
 51
155.462
  0
ARC
  8
APS_GEOMETRY
 10
-407.168
 20
-494.753
 40
1.817
 50
155.462
 51
168.366
  0
ARC
  8
APS_GEOMETRY
 10
-400.822
 20
-496.06
 40
8.296
 50
168.366
 51
174.395
  0
ARC
  8
APS_GEOMETRY
 10
-394.426
 20
-496.687
 40
14.722
 50
174.395
 51
177.813
  0
ARC
  8
APS_GEOMETRY
 10
-373.197
 20
-497.498
 40
35.966
 50
177.813
 51
180.0
  0
ARC
  8
APS_GEOMETRY
 10
-357.829
 20
-497.498
 40
51.335
 50
180.0
 51
184.62
  0
ARC
  8
APS_GEOMETRY
 10
-392.249
 20
-500.279
 40
16.803
 50
184.62
 51
192.7
  0
ARC
  8
APS_GEOMETRY
 10
-405.519
 20
-503.193
 40
3.218
 50
194.036
 51
205.821
  0
ARC
  8
APS_GEOMETRY
 10
-406.924
 20
-503.873
 40
1.656
 50
205.821
 51
222.274
  0
ARC
  8
APS_GEOMETRY
 10
-406.494
 20
-503.481
 40
2.238
 50
222.274
 51
234.605
  0
ARC
  8
APS_GEOMETRY
 10
-401.634
 20
-496.641
 40
10.63
 50
234.605
 51
240.255
  0
ARC
  8
APS_GEOMETRY
 10
-409.022
 20
-509.715
 40
4.389
 50
34.592
 51
61.189
  0
ARC
  8
APS_GEOMETRY
 10
-407.572
 20
-508.715
 40
2.627
 50
360.0
 51
34.592
  0
ARC
  8
APS_GEOMETRY
 10
-407.484
 20
-508.715
 40
2.539
 50
318.231
 51
360.0
  0
ARC
  8
APS_GEOMETRY
 10
-409.183
 20
-507.198
 40
4.816
 50
288.227
 51
318.231
  0
ARC
  8
APS_GEOMETRY
 10
-410.944
 20
-501.851
 40
10.446
 50
280.377
 51
288.227
  0
ARC
  8
APS_GEOMETRY
 10
-414.014
 20
-485.087
 40
27.489
 50
275.541
 51
280.377
  0
ARC
  8
APS_GEOMETRY
 10
-415.336
 20
-471.449
 40
41.19
 50
272.304
 51
275.541
  0
ARC
  8
APS_GEOMETRY
 10
-416.947
 20
-431.413
 40
81.259
 50
270.0
 51
272.304
  0
ARC
  8
APS_GEOMETRY
 10
-416.947
 20
-464.872
 40
47.8
 50
262.811
 51
270.0
  0
ARC
  8
APS_GEOMETRY
 10
-421.236
 20
-498.879
 40
13.524
 50
249.274
 51
262.811
  0
ARC
  8
APS_GEOMETRY
 10
-423.934
 20
-506.009
 40
5.901
 50
221.379
 51
249.274
  0
ARC
  8
APS_GEOMETRY
 10
-426.301
 20
-508.094
 40
2.747
 50
180.0
 51
221.379
  0
ARC
  8
APS_GEOMETRY
 10
-426.319
 20
-508.094
 40
2.728
 50
164.055
 51
180.0
  0
ARC
  8
APS_GEOMETRY
 10
-427.457
 20
-507.769
 40
1.546
 50
142.815
 51
164.055
  0
ARC
  8
APS_GEOMETRY
 10
-426.741
 20
-508.312
 40
2.444
 50
129.007
 51
142.815
  0
ARC
  8
APS_GEOMETRY
 10
-417.949
 20
-519.166
 40
16.412
 50
123.69
 51
129.007
  0
ARC
  8
APS_GEOMETRY
 10
-430.425
 20
-500.393
 40
6.128
 50
303.389
 51
319.022
  0
ARC
  8
APS_GEOMETRY
 10
-428.767
 20
-501.834
 40
3.932
 50
319.022
 51
338.575
  0
ARC
  8
APS_GEOMETRY
 10
-430.986
 20
-500.963
 40
6.316
 50
338.575
 51
351.049
  0
ARC
  8
APS_GEOMETRY
 10
-457.792
 20
-496.741
 40
33.452
 50
351.049
 51
356.46
  0
ARC
  8
APS_GEOMETRY
 10
-448.956
 20
-497.077
 40
24.613
 50
355.972
 51
358.68
  0
ARC
  8
APS_GEOMETRY
 10
-739.147
 20
-490.39
 40
314.881
 50
358.68
 51
359.437
  0
LINE
  8
APS_GEOMETRY
 10
-424.281
 11
-424.25
 20
-493.483
 21
-488.572
  0
LINE
  8
APS_GEOMETRY
 10
-424.25
 11
-424.24
 20
-488.572
 21
-482.16
  0
ARC
  8
APS_GEOMETRY
 10
-500.049
 20
-482.16
 40
75.809
 50
0.0
 51
1.717
  0
ARC
  8
APS_GEOMETRY
 10
-459.481
 20
-480.944
 40
35.223
 50
1.717
 51
4.236
  0
ARC
  8
APS_GEOMETRY
 10
-446.252
 20
-479.964
 40
21.957
 50
4.236
 51
8.269
  0
ARC
  8
APS_GEOMETRY
 10
-431.028
 20
-477.751
 40
6.573
 50
8.269
 51
15.642
  0
ARC
  8
APS_GEOMETRY
 10
-428.408
 20
-477.018
 40
3.853
 50
15.642
 51
39.417
  0
ARC
  8
APS_GEOMETRY
 10
-428.349
 20
-476.969
 40
3.776
 50
39.417
 51
63.435
  0
ARC
  8
APS_GEOMETRY
 10
-421.548
 20
-462.88
 40
11.869
 50
236.874
 51
244.486
  0
ARC
  8
APS_GEOMETRY
 10
-426.607
 20
-470.633
 40
2.611
 50
220.601
 51
236.874
  0
ARC
  8
APS_GEOMETRY
 10
-427.188
 20
-471.131
 40
1.847
 50
198.246
 51
220.601
  0
ARC
  8
APS_GEOMETRY
 10
-426.32
 20
-470.844
 40
2.761
 50
180.0
 51
198.246
  0
ARC
  8
APS_GEOMETRY
 10
-426.333
 20
-470.844
 40
2.748
 50
156.161
 51
180.0
  0
ARC
  8
APS_GEOMETRY
 10
-425.95
 20
-471.014
 40
3.167
 50
133.977
 51
156.161
  0
ARC
  8
APS_GEOMETRY
 10
-425.186
 20
-471.805
 40
4.266
 50
116.996
 51
133.977
  0
ARC
  8
APS_GEOMETRY
 10
-423.669
 20
-474.782
 40
7.608
 50
104.3
 51
116.996
  0
ARC
  8
APS_GEOMETRY
 10
-423.277
 20
-476.288
 40
9.164
 50
95.326
 51
104.349
  0
ARC
  8
APS_GEOMETRY
 10
-421.689
 20
-493.323
 40
26.272
 50
90.0
 51
95.326
  0
ARC
  8
APS_GEOMETRY
 10
-421.689
 20
-480.064
 40
13.013
 50
87.553
 51
90.0
  0
ARC
  8
APS_GEOMETRY
 10
-424.458
 20
-544.851
 40
77.86
 50
86.553
 51
87.553
  0
ARC
  8
APS_GEOMETRY
 10
-428.395
 20
-610.198
 40
143.325
 50
86.009
 51
86.553
  0
ARC
  8
APS_GEOMETRY
 10
-443.702
 20
-829.611
 40
363.271
 50
85.668
 51
86.009
  0
ARC
  8
APS_GEOMETRY
 10
-415.054
 20
-452.301
 40
15.125
 50
265.426
 51
268.531
  0
ARC
  8
APS_GEOMETRY
 10
-413.71
 20
-399.858
 40
67.586
 50
268.531
 51
270.0
  0
ARC
  8
APS_GEOMETRY
 10
-413.71
 20
-415.933
 40
51.511
 50
270.0
 51
271.637
  0
ARC
  8
APS_GEOMETRY
 10
-414.861
 20
-375.648
 40
91.812
 50
271.637
 51
272.862
  0
ARC
  8
APS_GEOMETRY
 10
-416.182
 20
-349.219
 40
118.274
 50
272.862
 51
273.814
  0
ARC
  8
APS_GEOMETRY
 10
-420.656
 20
-282.115
 40
185.527
 50
273.814
 51
274.574
  0
ARC
  8
APS_GEOMETRY
 10
-392.594
 20
-647.105
 40
180.543
 50
93.72
 51
94.214
  0
ARC
  8
APS_GEOMETRY
 10
-398.583
 20
-554.987
 40
88.23
 50
93.013
 51
93.72
  0
ARC
  8
APS_GEOMETRY
 10
-400.225
 20
-523.792
 40
56.991
 50
91.918
 51
93.013
  0
ARC
  8
APS_GEOMETRY
 10
-401.511
 20
-485.376
 40
18.554
 50
90.0
 51
91.918
  0
ARC
  8
APS_GEOMETRY
 10
-401.511
 20
-490.93
 40
24.109
 50
73.82
 51
90.0
  0
ARC
  8
APS_GEOMETRY
 10
-399.135
 20
-482.741
 40
15.581
 50
53.658
 51
73.82
  0
ARC
  8
APS_GEOMETRY
 10
-395.755
 20
-478.121
 40
9.857
 50
26.03
 51
53.569
  0
ARC
  8
APS_GEOMETRY
 10
-396.792
 20
-478.628
 40
11.012
 50
360.0
 51
26.03
  0
ARC
  8
APS_GEOMETRY
 10
-397.224
 20
-478.628
 40
11.443
 50
345.282
 51
360.0
  0
ARC
  8
APS_GEOMETRY
 10
-396.123
 20
-478.917
 40
10.305
 50
329.767
 51
345.282
  0
ARC
  8
APS_GEOMETRY
 10
-395.5
 20
-479.28
 40
9.583
 50
313.168
 51
329.767
  0
ARC
  8
APS_GEOMETRY
 10
-395.269
 20
-479.527
 40
9.246
 50
296.267
 51
313.168
  0
ARC
  8
APS_GEOMETRY
 10
-390.005
 20
-490.161
 40
2.62
 50
116.565
 51
139.899
  0
ARC
  8
APS_GEOMETRY
 10
-391.312
 20
-489.06
 40
0.911
 50
139.899
 51
180.0
  0
ARC
  8
APS_GEOMETRY
 10
-391.211
 20
-489.06
 40
1.013
 50
180.0
 51
226.193
  0
ARC
  8
APS_GEOMETRY
 10
-389.34
 20
-487.11
 40
3.715
 50
226.193
 51
249.829
  0
ARC
  8
APS_GEOMETRY
 10
-394.701
 20
-501.871
 40
11.989
 50
53.249
 51
70.105
  0
ARC
  8
APS_GEOMETRY
 10
-392.266
 20
-498.61
 40
7.919
 50
32.471
 51
53.249
  0
ARC
  8
APS_GEOMETRY
 10
-393.401
 20
-499.332
 40
9.264
 50
23.305
 51
32.471
  0
ARC
  8
APS_GEOMETRY
 10
-400.411
 20
-502.352
 40
16.897
 50
16.521
 51
23.305
  0
ARC
  8
APS_GEOMETRY
 10
-405.876
 20
-503.973
 40
22.598
 50
11.429
 51
16.521
  0
ARC
  8
APS_GEOMETRY
 10
-421.366
 20
-507.104
 40
38.401
 50
7.524
 51
11.429
  0
ARC
  8
APS_GEOMETRY
 10
-370.038
 20
-500.268
 40
13.38
 50
187.765
 51
196.914
  0
ARC
  8
APS_GEOMETRY
 10
-380.981
 20
-503.596
 40
1.942
 50
196.914
 51
221.082
  0
ARC
  8
APS_GEOMETRY
 10
-380.94
 20
-503.56
 40
1.997
 50
221.082
 51
244.607
  0
ARC
  8
APS_GEOMETRY
 10
-376.266
 20
-493.715
 40
12.896
 50
244.607
 51
253.811
  0
ARC
  8
APS_GEOMETRY
 10
-380.375
 20
-507.725
 40
1.705
 50
51.45
 51
72.474
  0
ARC
  8
APS_GEOMETRY
 10
-380.797
 20
-508.254
 40
2.382
 50
33.69
 51
51.45
  0
ARC
  8
APS_GEOMETRY
 10
-380.895
 20
-508.32
 40
2.5
 50
16.639
 51
33.69
  0
ARC
  8
APS_GEOMETRY
 10
-381.015
 20
-508.355
 40
2.625
 50
360.0
 51
16.639
  0
ARC
  8
APS_GEOMETRY
 10
-381.051
 20
-508.355
 40
2.662
 50
338.993
 51
360.0
  0
ARC
  8
APS_GEOMETRY
 10
-382.677
 20
-507.731
 40
4.402
 50
322.696
 51
338.993
  0
ARC
  8
APS_GEOMETRY
 10
-383.282
 20
-507.27
 40
5.164
 50
308.603
 51
322.696
  0
ARC
  8
APS_GEOMETRY
 10
-383.699
 20
-506.748
 40
5.831
 50
295.346
 51
308.603
  0
ARC
  8
APS_GEOMETRY
 10
-385.89
 20
-501.922
 40
11.131
 50
279.583
 51
294.905
  0
ARC
  8
APS_GEOMETRY
 10
-388.757
 20
-484.941
 40
28.353
 50
270.0
 51
279.583
  0
ARC
  8
APS_GEOMETRY
 10
-388.757
 20
-492.622
 40
20.672
 50
261.247
 51
270.0
  0
ARC
  8
APS_GEOMETRY
 10
-390.081
 20
-501.222
 40
11.97
 50
249.737
 51
261.247
  0
ARC
  8
APS_GEOMETRY
 10
-390.951
 20
-503.58
 40
9.457
 50
235.345
 51
249.737
  0
ARC
  8
APS_GEOMETRY
 10
-392.051
 20
-505.17
 40
7.524
 50
219.198
 51
235.345
  0
ARC
  8
APS_GEOMETRY
 10
-389.738
 20
-503.198
 40
10.563
 50
209.076
 51
219.56
  0
ARC
  8
APS_GEOMETRY
 10
-384.397
 20
-500.228
 40
16.674
 50
200.735
 51
209.076
  0
ARC
  8
APS_GEOMETRY
 10
-377.027
 20
-497.438
 40
24.554
 50
197.881
 51
200.735
  0
ARC
  8
APS_GEOMETRY
 10
-346.746
 20
-487.669
 40
56.372
 50
195.997
 51
197.881
  0
ARC
  8
APS_GEOMETRY
 10
-324.364
 20
-481.252
 40
79.656
 50
194.664
 51
195.997
  0
ARC
  8
APS_GEOMETRY
 10
-262.369
 20
-465.029
 40
143.738
 50
193.671
 51
194.664
  0
ARC
  8
APS_GEOMETRY
 10
-419.579
 20
-503.25
 40
18.051
 50
13.61
 51
23.585
  0
ARC
  8
APS_GEOMETRY
 10
-407.76
 20
-498.09
 40
5.155
 50
23.585
 51
42.31
  0
ARC
  8
APS_GEOMETRY
 10
-406.688
 20
-497.114
 40
3.705
 50
42.31
 51
67.521
  0
ARC
  8
APS_GEOMETRY
 10
-407.536
 20
-499.164
 40
5.924
 50
67.521
 51
87.397
  0
LINE
  8
APS_GEOMETRY
 10
-409.131
 11
-409.491
 20
-476.568
 21
-484.187
  0
LINE
  8
APS_GEOMETRY
 10
-409.491
 11
-409.491
 20
-484.187
 21
-484.31
  0
LINE
  8
APS_GEOMETRY
 10
-409.491
 11
-409.491
 20
-484.31
 21
-484.482
  0
ARC
  8
APS_GEOMETRY
 10
-404.197
 20
-484.482
 40
5.294
 50
180.0
 51
192.339
  0
ARC
  8
APS_GEOMETRY
 10
-408.406
 20
-485.403
 40
0.986
 50
192.339
 51
221.186
  0
ARC
  8
APS_GEOMETRY
 10
-408.506
 20
-485.49
 40
0.852
 50
221.186
 51
253.872
  0
ARC
  8
APS_GEOMETRY
 10
-407.79
 20
-483.015
 40
3.429
 50
253.872
 51
270.0
  0
ARC
  8
APS_GEOMETRY
 10
-407.79
 20
-478.473
 40
7.971
 50
270.0
 51
289.569
  0
ARC
  8
APS_GEOMETRY
 10
-406.341
 20
-482.55
 40
3.644
 50
289.569
 51
318.681
  0
ARC
  8
APS_GEOMETRY
 10
-406.733
 20
-482.205
 40
4.166
 50
318.681
 51
344.628
  0
ARC
  8
APS_GEOMETRY
 10
-414.036
 20
-480.198
 40
11.74
 50
344.628
 51
0.0
  0
ARC
  8
APS_GEOMETRY
 10
-410.564
 20
-480.198
 40
8.268
 50
0.0
 51
35.369
  0
ARC
  8
APS_GEOMETRY
 10
-406.777
 20
-477.509
 40
3.623
 50
35.369
 51
90.0
  0
ARC
  8
APS_GEOMETRY
 10
-406.777
 20
-477.549
 40
3.663
 50
90.0
 51
108.435
  0
ARC
  8
APS_GEOMETRY
 10
-407.489
 20
-475.411
 40
1.409
 50
108.435
 51
138.366
  0
ARC
  8
APS_GEOMETRY
 10
-407.298
 20
-475.581
 40
1.665
 50
138.366
 51
164.291
  0
ARC
  8
APS_GEOMETRY
 10
-402.813
 20
-476.842
 40
6.324
 50
164.291
 51
177.51
  0
LINE
  8
APS_GEOMETRY
 10
-350.912
 11
-334.626
 20
-468.948
 21
-483.206
  0
ARC
  8
APS_GEOMETRY
 10
-319.394
 20
-465.727
 40
23.185
 50
228.93
 51
232.674
  0
ARC
  8
APS_GEOMETRY
 10
-327.868
 20
-476.84
 40
9.21
 50
232.674
 51
238.617
  0
ARC
  8
APS_GEOMETRY
 10
-330.0
 20
-480.335
 40
5.116
 50
238.617
 51
249.131
  0
ARC
  8
APS_GEOMETRY
 10
-331.356
 20
-483.892
 40
1.309
 50
249.131
 51
270.0
  0
ARC
  8
APS_GEOMETRY
 10
-331.356
 20
-484.053
 40
1.148
 50
270.0
 51
334.898
  0
ARC
  8
APS_GEOMETRY
 10
-336.654
 20
-481.571
 40
6.999
 50
334.898
 51
0.0
  0
ARC
  8
APS_GEOMETRY
 10
-387.885
 20
-481.571
 40
58.23
 50
0.0
 51
2.026
  0
ARC
  8
APS_GEOMETRY
 10
-356.998
 20
-480.478
 40
27.324
 50
2.026
 51
4.984
  0
ARC
  8
APS_GEOMETRY
 10
-346.899
 20
-479.598
 40
17.186
 50
4.984
 51
9.673
  0
ARC
  8
APS_GEOMETRY
 10
-335.26
 20
-477.614
 40
5.379
 50
9.673
 51
18.06
  0
ARC
  8
APS_GEOMETRY
 10
-333.488
 20
-477.036
 40
3.515
 50
18.06
 51
42.397
  0
ARC
  8
APS_GEOMETRY
 10
-334.06
 20
-477.558
 40
4.29
 50
42.397
 51
64.398
  0
ARC
  8
APS_GEOMETRY
 10
-328.836
 20
-466.772
 40
7.695
 50
233.633
 51
244.026
  0
ARC
  8
APS_GEOMETRY
 10
-331.681
 20
-470.636
 40
2.896
 50
216.656
 51
233.633
  0
ARC
  8
APS_GEOMETRY
 10
-332.117
 20
-470.961
 40
2.353
 50
196.082
 51
216.656
  0
ARC
  8
APS_GEOMETRY
 10
-330.693
 20
-470.55
 40
3.835
 50
180.0
 51
196.082
  0
ARC
  8
APS_GEOMETRY
 10
-331.74
 20
-470.55
 40
2.788
 50
133.202
 51
180.0
  0
ARC
  8
APS_GEOMETRY
 10
-329.541
 20
-472.891
 40
6.0
 50
101.788
 51
133.202
  0
ARC
  8
APS_GEOMETRY
 10
-329.029
 20
-475.188
 40
8.353
 50
96.633
 51
102.011
  0
ARC
  8
APS_GEOMETRY
 10
-327.17
 20
-491.177
 40
24.449
 50
93.489
 51
96.633
  0
ARC
  8
APS_GEOMETRY
 10
-326.373
 20
-504.235
 40
37.532
 50
91.439
 51
93.489
  0
ARC
  8
APS_GEOMETRY
 10
-325.404
 20
-542.83
 40
76.138
 50
90.0
 51
91.439
  0
ARC
  8
APS_GEOMETRY
 10
-325.404
 20
-537.655
 40
70.964
 50
87.994
 51
90.0
  0
ARC
  8
APS_GEOMETRY
 10
-324.114
 20
-500.815
 40
34.101
 50
85.101
 51
87.994
  0
ARC
  8
APS_GEOMETRY
 10
-323.066
 20
-488.599
 40
21.84
 50
80.595
 51
85.101
  0
ARC
  8
APS_GEOMETRY
 10
-320.679
 20
-474.185
 40
7.23
 50
72.759
 51
80.595
  0
ARC
  8
APS_GEOMETRY
 10
-319.956
 20
-471.944
 40
4.876
 50
40.956
 51
73.072
  0
ARC
  8
APS_GEOMETRY
 10
-318.575
 20
-470.746
 40
3.048
 50
360.0
 51
40.956
  0
ARC
  8
APS_GEOMETRY
 10
-318.392
 20
-470.746
 40
2.865
 50
322.573
 51
360.0
  0
ARC
  8
APS_GEOMETRY
 10
-319.897
 20
-469.594
 40
4.76
 50
293.749
 51
322.573
  0
ARC
  8
APS_GEOMETRY
 10
-313.853
 20
-483.475
 40
10.38
 50
113.429
 51
119.291
  0
ARC
  8
APS_GEOMETRY
 10
-317.892
 20
-476.275
 40
2.124
 50
119.291
 51
132.274
  0
ARC
  8
APS_GEOMETRY
 10
-318.125
 20
-476.019
 40
1.778
 50
132.274
 51
147.653
  0
ARC
  8
APS_GEOMETRY
 10
-316.443
 20
-477.084
 40
3.769
 50
147.653
 51
158.199
  0
ARC
  8
APS_GEOMETRY
 10
-313.883
 20
-478.163
 40
6.546
 50
157.751
 51
167.885
  0
ARC
  8
APS_GEOMETRY
 10
-300.263
 20
-481.087
 40
20.477
 50
167.885
 51
173.61
  0
ARC
  8
APS_GEOMETRY
 10
-288.217
 20
-482.436
 40
32.599
 50
173.61
 51
177.221
  0
ARC
  8
APS_GEOMETRY
 10
-251.061
 20
-484.24
 40
69.798
 50
177.221
 51
179.689
  0
LINE
  8
APS_GEOMETRY
 10
-320.858
 11
-320.858
 20
-483.86
 21
-494.522
  0
ARC
  8
APS_GEOMETRY
 10
114.507
 20
-494.522
 40
435.365
 50
180.0
 51
180.161
  0
ARC
  8
APS_GEOMETRY
 10
492.327
 20
-493.457
 40
813.186
 50
180.161
 51
180.279
  0
LINE
  8
APS_GEOMETRY
 10
-320.85
 11
-320.84
 20
-497.424
 21
-499.213
  0
LINE
  8
APS_GEOMETRY
 10
-320.84
 11
-320.825
 20
-499.213
 21
-501.226
  0
ARC
  8
APS_GEOMETRY
 10
-398.509
 20
-501.667
 40
77.685
 50
358.204
 51
0.326
  0
ARC
  8
APS_GEOMETRY
 10
-361.555
 20
-502.826
 40
40.713
 50
355.274
 51
358.204
  0
ARC
  8
APS_GEOMETRY
 10
-348.692
 20
-503.889
 40
27.806
 50
350.991
 51
355.274
  0
ARC
  8
APS_GEOMETRY
 10
-332.314
 20
-506.486
 40
11.223
 50
344.249
 51
350.991
  0
ARC
  8
APS_GEOMETRY
 10
-326.778
 20
-508.067
 40
5.466
 50
314.415
 51
344.445
  0
ARC
  8
APS_GEOMETRY
 10
-324.75
 20
-510.137
 40
2.568
 50
270.0
 51
314.415
  0
ARC
  8
APS_GEOMETRY
 10
-324.75
 20
-508.545
 40
4.16
 50
256.342
 51
270.0
  0
ARC
  8
APS_GEOMETRY
 10
-325.046
 20
-509.764
 40
2.905
 50
239.982
 51
256.342
  0
ARC
  8
APS_GEOMETRY
 10
-323.752
 20
-507.524
 40
5.492
 50
231.153
 51
239.982
  0
ARC
  8
APS_GEOMETRY
 10
-302.003
 20
-480.52
 40
40.166
 50
227.891
 51
231.153
  0
LINE
  8
APS_GEOMETRY
 10
-328.936
 11
-348.329
 20
-510.318
 21
-492.952
  0
ARC
  8
APS_GEOMETRY
 10
-355.8
 20
-501.224
 40
11.146
 50
47.911
 51
61.468
  0
ARC
  8
APS_GEOMETRY
 10
-351.697
 20
-493.678
 40
2.557
 50
61.468
 51
90.0
  0
ARC
  8
APS_GEOMETRY
 10
-351.697
 20
-492.241
 40
1.12
 50
90.0
 51
133.195
  0
ARC
  8
APS_GEOMETRY
 10
-350.593
 20
-493.417
 40
2.733
 50
133.195
 51
160.454
  0
ARC
  8
APS_GEOMETRY
 10
-347.049
 20
-494.675
 40
6.494
 50
160.454
 51
173.251
  0
ARC
  8
APS_GEOMETRY
 10
-330.382
 20
-496.647
 40
23.278
 50
173.251
 51
180.0
  0
ARC
  8
APS_GEOMETRY
 10
-285.041
 20
-496.647
 40
68.618
 50
180.0
 51
181.897
  0
ARC
  8
APS_GEOMETRY
 10
-321.384
 20
-497.851
 40
32.255
 50
181.897
 51
184.664
  0
ARC
  8
APS_GEOMETRY
 10
-333.296
 20
-498.823
 40
20.304
 50
184.664
 51
189.048
  0
ARC
  8
APS_GEOMETRY
 10
-347.097
 20
-501.021
 40
6.329
 50
189.048
 51
196.905
  0
ARC
  8
APS_GEOMETRY
 10
-349.288
 20
-501.686
 40
4.04
 50
196.905
 51
220.253
  0
ARC
  8
APS_GEOMETRY
 10
-349.244
 20
-501.649
 40
4.097
 50
220.253
 51
243.435
  0
ARC
  8
APS_GEOMETRY
 10
-353.241
 20
-509.71
 40
4.901
 50
37.921
 51
63.778
  0
ARC
  8
APS_GEOMETRY
 10
-351.208
 20
-508.126
 40
2.324
 50
360.0
 51
37.921
  0
ARC
  8
APS_GEOMETRY
 10
-352.112
 20
-508.126
 40
3.227
 50
324.268
 51
360.0
  0
ARC
  8
APS_GEOMETRY
 10
-353.32
 20
-507.258
 40
4.715
 50
294.86
 51
324.268
  0
ARC
  8
APS_GEOMETRY
 10
-355.317
 20
-502.948
 40
9.465
 50
278.78
 51
294.86
  0
ARC
  8
APS_GEOMETRY
 10
-358.696
 20
-481.068
 40
31.604
 50
270.0
 51
278.78
  0
ARC
  8
APS_GEOMETRY
 10
-358.696
 20
-486.739
 40
25.933
 50
260.383
 51
270.0
  0
ARC
  8
APS_GEOMETRY
 10
-361.429
 20
-502.869
 40
9.574
 50
244.522
 51
260.383
  0
ARC
  8
APS_GEOMETRY
 10
-363.408
 20
-507.023
 40
4.972
 50
216.549
 51
244.522
  0
ARC
  8
APS_GEOMETRY
 10
-365.03
 20
-508.225
 40
2.954
 50
180.0
 51
216.549
  0
ARC
  8
APS_GEOMETRY
 10
-363.977
 20
-508.225
 40
4.007
 50
164.65
 51
180.0
  0
ARC
  8
APS_GEOMETRY
 10
-366.262
 20
-507.597
 40
1.637
 50
140.528
 51
164.65
  0
ARC
  8
APS_GEOMETRY
 10
-365.338
 20
-508.359
 40
2.835
 50
126.135
 51
140.528
  0
ARC
  8
APS_GEOMETRY
 10
-355.683
 20
-521.581
 40
19.207
 50
120.619
 51
126.135
  0
ARC
  8
APS_GEOMETRY
 10
-367.129
 20
-502.26
 40
3.251
 50
300.784
 51
330.068
  0
ARC
  8
APS_GEOMETRY
 10
-369.295
 20
-501.013
 40
5.749
 50
330.068
 51
351.983
  0
ARC
  8
APS_GEOMETRY
 10
-405.657
 20
-496.272
 40
42.42
 50
352.493
 51
355.365
  0
ARC
  8
APS_GEOMETRY
 10
-449.52
 20
-492.716
 40
86.427
 50
355.365
 51
357.376
  0
ARC
  8
APS_GEOMETRY
 10
-480.233
 20
-491.309
 40
117.171
 50
357.376
 51
358.861
  0
ARC
  8
APS_GEOMETRY
 10
-562.059
 20
-489.682
 40
199.014
 50
358.861
 51
0.0
  0
ARC
  8
APS_GEOMETRY
 10
-488.47
 20
-489.682
 40
125.424
 50
360.0
 51
1.926
  0
ARC
  8
APS_GEOMETRY
 10
-430.083
 20
-487.718
 40
67.005
 50
1.926
 51
4.562
  0
ARC
  8
APS_GEOMETRY
 10
-409.496
 20
-486.075
 40
46.352
 50
4.562
 51
8.366
  0
ARC
  8
APS_GEOMETRY
 10
-382.72
 20
-482.138
 40
19.288
 50
8.366
 51
14.265
  0
ARC
  8
APS_GEOMETRY
 10
-372.595
 20
-479.577
 40
8.844
 50
14.349
 51
23.629
  0
ARC
  8
APS_GEOMETRY
 10
-367.461
 20
-477.331
 40
3.24
 50
23.629
 51
38.991
  0
ARC
  8
APS_GEOMETRY
 10
-367.441
 20
-477.315
 40
3.215
 50
38.991
 51
54.462
  0
ARC
  8
APS_GEOMETRY
 10
-370.446
 20
-481.521
 40
8.384
 50
54.462
 51
64.026
  0
ARC
  8
APS_GEOMETRY
 10
-361.968
 20
-464.154
 40
10.942
 50
235.472
 51
243.947
  0
ARC
  8
APS_GEOMETRY
 10
-366.347
 20
-470.519
 40
3.216
 50
219.806
 51
235.472
  0
ARC
  8
APS_GEOMETRY
 10
-367.01
 20
-471.071
 40
2.353
 50
198.939
 51
219.806
  0
ARC
  8
APS_GEOMETRY
 10
-366.539
 20
-470.91
 40
2.851
 50
180.0
 51
198.939
  0
ARC
  8
APS_GEOMETRY
 10
-366.678
 20
-470.91
 40
2.712
 50
126.254
 51
180.0
  0
ARC
  8
APS_GEOMETRY
 10
-362.539
 20
-476.554
 40
9.711
 50
98.616
 51
126.254
  0
ARC
  8
APS_GEOMETRY
 10
-361.956
 20
-481.218
 40
14.41
 50
94.456
 51
98.13
  0
ARC
  8
APS_GEOMETRY
 10
-359.708
 20
-510.07
 40
43.349
 50
92.337
 51
94.456
  0
ARC
  8
APS_GEOMETRY
 10
-358.749
 20
-533.548
 40
66.847
 50
90.963
 51
92.337
  0
ARC
  8
APS_GEOMETRY
 10
-357.584
 20
-602.897
 40
136.206
 50
90.0
 51
90.963
  0
ARC
  8
APS_GEOMETRY
 10
-357.584
 20
-491.513
 40
24.822
 50
83.928
 51
90.0
  0
ARC
  8
APS_GEOMETRY
 10
-355.548
 20
-472.376
 40
5.577
 50
71.095
 51
83.928
  0
ARC
  8
APS_GEOMETRY
 10
-355.362
 20
-471.833
 40
5.003
 50
56.848
 51
71.095
  0
ARC
  8
APS_GEOMETRY
 10
-360.865
 20
-480.257
 40
15.065
 50
48.652
 51
56.848
  0
ARC
  8
APS_GEOMETRY
 10
-292.105
 20
-507.299
 40
40.608
 50
84.71
 51
90.0
  0
ARC
  8
APS_GEOMETRY
 10
-291.361
 20
-499.259
 40
32.533
 50
78.799
 51
84.71
  0
ARC
  8
APS_GEOMETRY
 10
-286.544
 20
-474.916
 40
7.718
 50
49.783
 51
78.771
  0
ARC
  8
APS_GEOMETRY
 10
-283.323
 20
-471.106
 40
2.729
 50
360.0
 51
49.783
  0
ARC
  8
APS_GEOMETRY
 10
-283.613
 20
-471.106
 40
3.02
 50
342.759
 51
360.0
  0
ARC
  8
APS_GEOMETRY
 10
-282.038
 20
-471.595
 40
1.37
 50
317.045
 51
342.759
  0
ARC
  8
APS_GEOMETRY
 10
-282.799
 20
-470.887
 40
2.41
 50
301.817
 51
317.045
  0
ARC
  8
APS_GEOMETRY
 10
-294.055
 20
-452.745
 40
23.76
 50
296.98
 51
301.817
  0
ARC
  8
APS_GEOMETRY
 10
-282.053
 20
-476.363
 40
2.733
 50
116.565
 51
149.078
  0
ARC
  8
APS_GEOMETRY
 10
-278.534
 20
-478.471
 40
6.835
 50
149.078
 51
169.469
  0
ARC
  8
APS_GEOMETRY
 10
-271.03
 20
-479.866
 40
14.468
 50
169.469
 51
174.598
  0
ARC
  8
APS_GEOMETRY
 10
-232.365
 20
-483.522
 40
53.304
 50
174.598
 51
177.269
  0
ARC
  8
APS_GEOMETRY
 10
-198.368
 20
-485.144
 40
87.341
 50
177.269
 51
178.901
  0
ARC
  8
APS_GEOMETRY
 10
-93.061
 20
-487.163
 40
192.667
 50
178.901
 51
180.0
  0
ARC
  8
APS_GEOMETRY
 10
120.929
 20
-487.163
 40
406.657
 50
180.0
 51
180.88
  0
ARC
  8
APS_GEOMETRY
 10
-129.591
 20
-491.011
 40
156.107
 50
180.88
 51
182.3
  0
ARC
  8
APS_GEOMETRY
 10
-202.817
 20
-493.953
 40
82.823
 50
182.3
 51
184.974
  0
ARC
  8
APS_GEOMETRY
 10
-272.637
 20
-500.029
 40
12.738
 50
184.974
 51
191.793
  0
ARC
  8
APS_GEOMETRY
 10
-280.748
 20
-501.58
 40
4.484
 50
193.57
 51
205.787
  0
ARC
  8
APS_GEOMETRY
 10
-282.765
 20
-502.555
 40
2.244
 50
205.787
 51
223.091
  0
ARC
  8
APS_GEOMETRY
 10
-282.253
 20
-502.076
 40
2.944
 50
223.091
 51
236.441
  0
ARC
  8
APS_GEOMETRY
 10
-277.97
 20
-495.619
 40
10.693
 50
236.441
 51
243.435
  0
ARC
  8
APS_GEOMETRY
 10
-284.527
 20
-509.09
 40
4.291
 50
37.185
 51
65.556
  0
ARC
  8
APS_GEOMETRY
 10
-283.129
 20
-508.028
 40
2.535
 50
360.0
 51
37.185
  0
ARC
  8
APS_GEOMETRY
 10
-283.205
 20
-508.028
 40
2.612
 50
312.039
 51
360.0
  0
ARC
  8
APS_GEOMETRY
 10
-286.316
 20
-504.578
 40
7.258
 50
283.815
 51
312.039
  0
ARC
  8
APS_GEOMETRY
 10
-291.457
 20
-483.273
 40
29.174
 50
279.273
 51
283.627
  0
ARC
  8
APS_GEOMETRY
 10
-293.511
 20
-470.687
 40
41.926
 50
275.641
 51
279.273
  0
ARC
  8
APS_GEOMETRY
 10
-294.297
 20
-462.733
 40
49.919
 50
272.588
 51
275.641
  0
ARC
  8
APS_GEOMETRY
 10
-295.179
 20
-443.216
 40
69.456
 50
270.0
 51
272.588
  0
ARC
  8
APS_GEOMETRY
 10
-295.179
 20
-470.778
 40
41.894
 50
262.774
 51
270.0
  0
ARC
  8
APS_GEOMETRY
 10
-298.956
 20
-500.566
 40
11.868
 50
249.175
 51
262.774
  0
ARC
  8
APS_GEOMETRY
 10
-301.329
 20
-506.804
 40
5.194
 50
221.23
 51
249.175
  0
ARC
  8
APS_GEOMETRY
 10
-303.398
 20
-508.617
 40
2.443
 50
180.0
 51
221.23
  0
ARC
  8
APS_GEOMETRY
 10
-303.799
 20
-508.617
 40
2.041
 50
142.696
 51
180.0
  0
ARC
  8
APS_GEOMETRY
 10
-300.578
 20
-511.071
 40
6.091
 50
121.357
 51
142.696
  0
ARC
  8
APS_GEOMETRY
 10
-306.021
 20
-502.156
 40
4.354
 50
301.477
 51
324.728
  0
ARC
  8
APS_GEOMETRY
 10
-305.441
 20
-502.567
 40
3.643
 50
324.728
 51
350.181
  0
ARC
  8
APS_GEOMETRY
 10
-323.681
 20
-499.55
 40
22.132
 50
350.538
 51
355.423
  0
ARC
  8
APS_GEOMETRY
 10
-398.634
 20
-493.549
 40
97.324
 50
355.423
 51
357.752
  0
ARC
  8
APS_GEOMETRY
 10
-468.227
 20
-490.817
 40
166.971
 50
357.752
 51
359.111
  0
ARC
  8
APS_GEOMETRY
 10
-690.974
 20
-487.36
 40
389.744
 50
359.111
 51
0.0
  0
ARC
  8
APS_GEOMETRY
 10
-436.453
 20
-487.36
 40
135.223
 50
0.0
 51
1.773
  0
ARC
  8
APS_GEOMETRY
 10
-357.093
 20
-484.903
 40
55.825
 50
1.773
 51
4.532
  0
ARC
  8
APS_GEOMETRY
 10
-332.972
 20
-482.991
 40
31.629
 50
4.532
 51
9.384
  0
ARC
  8
APS_GEOMETRY
 10
-308.478
 20
-478.944
 40
6.803
 50
9.384
 51
19.855
  0
ARC
  8
APS_GEOMETRY
 10
-305.237
 20
-477.711
 40
3.336
 50
18.853
 51
42.158
  0
ARC
  8
APS_GEOMETRY
 10
-308.015
 20
-480.227
 40
7.084
 50
42.158
 51
58.092
  0
ARC
  8
APS_GEOMETRY
 10
-295.786
 20
-461.329
 40
15.426
 50
230.711
 51
236.634
  0
ARC
  8
APS_GEOMETRY
 10
-303.468
 20
-470.718
 40
3.296
 50
217.875
 51
230.711
  0
ARC
  8
APS_GEOMETRY
 10
-304.521
 20
-471.537
 40
1.962
 50
196.928
 51
217.875
  0
ARC
  8
APS_GEOMETRY
 10
-303.535
 20
-471.237
 40
2.992
 50
180.0
 51
196.928
  0
ARC
  8
APS_GEOMETRY
 10
-304.18
 20
-471.237
 40
2.347
 50
148.791
 51
180.0
  0
ARC
  8
APS_GEOMETRY
 10
-303.564
 20
-471.61
 40
3.067
 50
121.569
 51
148.791
  0
ARC
  8
APS_GEOMETRY
 10
-302.459
 20
-473.408
 40
5.178
 50
112.806
 51
121.569
  0
ARC
  8
APS_GEOMETRY
 10
-299.472
 20
-480.513
 40
12.885
 50
107.254
 51
112.806
  0
ARC
  8
APS_GEOMETRY
 10
-297.642
 20
-486.404
 40
19.054
 50
103.487
 51
107.254
  0
ARC
  8
APS_GEOMETRY
 10
-293.452
 20
-503.877
 40
37.022
 50
100.784
 51
103.487
  0
ARC
  8
APS_GEOMETRY
 10
-292.139
 20
-508.708
 40
42.015
 50
95.643
 51
101.31
  0
ARC
  8
APS_GEOMETRY
 10
-292.105
 20
-509.053
 40
42.362
 50
90.0
 51
95.643
  0
ARC
  8
APS_GEOMETRY
 10
-251.435
 20
-487.726
 40
21.264
 50
77.257
 51
90.0
  0
ARC
  8
APS_GEOMETRY
 10
-251.651
 20
-488.681
 40
22.243
 50
64.799
 51
77.257
  0
ARC
  8
APS_GEOMETRY
 10
-233.333
 20
-449.683
 40
20.843
 50
244.885
 51
251.175
  0
ARC
  8
APS_GEOMETRY
 10
-239.302
 20
-467.19
 40
2.346
 50
251.175
 51
270.0
  0
ARC
  8
APS_GEOMETRY
 10
-239.302
 20
-465.73
 40
3.806
 50
270.0
 51
278.82
  0
ARC
  8
APS_GEOMETRY
 10
-241.761
 20
-449.882
 40
19.844
 50
278.82
 51
282.68
  0
ARC
  8
APS_GEOMETRY
 10
-236.616
 20
-472.663
 40
3.511
 50
95.906
 51
102.995
  0
ARC
  8
APS_GEOMETRY
 10
-236.457
 20
-474.199
 40
5.055
 50
90.0
 51
95.906
  0
ARC
  8
APS_GEOMETRY
 10
-236.457
 20
-472.499
 40
3.356
 50
62.447
 51
90.0
  0
ARC
  8
APS_GEOMETRY
 10
-237.053
 20
-473.643
 40
4.645
 50
39.094
 51
62.447
  0
ARC
  8
APS_GEOMETRY
 10
-243.288
 20
-478.857
 40
12.772
 50
18.435
 51
39.611
  0
ARC
  8
APS_GEOMETRY
 10
-247.114
 20
-480.132
 40
16.806
 50
360.0
 51
18.435
  0
ARC
  8
APS_GEOMETRY
 10
-238.642
 20
-480.132
 40
8.333
 50
334.877
 51
360.0
  0
ARC
  8
APS_GEOMETRY
 10
-236.135
 20
-481.308
 40
5.565
 50
304.007
 51
334.877
  0
ARC
  8
APS_GEOMETRY
 10
-236.177
 20
-481.19
 40
5.686
 50
286.39
 51
303.69
  0
ARC
  8
APS_GEOMETRY
 10
-236.359
 20
-480.571
 40
6.33
 50
270.0
 51
286.39
  0
ARC
  8
APS_GEOMETRY
 10
-236.359
 20
-480.645
 40
6.257
 50
255.155
 51
270.0
  0
ARC
  8
APS_GEOMETRY
 10
-237.044
 20
-483.231
 40
3.581
 50
235.491
 51
255.155
  0
ARC
  8
APS_GEOMETRY
 10
-236.7
 20
-482.731
 40
4.189
 50
218.48
 51
235.491
  0
ARC
  8
APS_GEOMETRY
 10
-231.079
 20
-478.263
 40
11.369
 50
208.179
 51
218.48
  0
ARC
  8
APS_GEOMETRY
 10
-288.704
 20
-509.542
 40
54.198
 50
28.56
 51
31.664
  0
ARC
  8
APS_GEOMETRY
 10
-253.491
 20
-487.825
 40
12.827
 50
31.664
 51
38.047
  0
ARC
  8
APS_GEOMETRY
 10
-250.931
 20
-485.822
 40
9.576
 50
38.047
 51
46.56
  0
ARC
  8
APS_GEOMETRY
 10
-252.262
 20
-487.227
 40
11.512
 50
46.56
 51
54.324
  0
ARC
  8
APS_GEOMETRY
 10
-253.03
 20
-488.548
 40
13.034
 50
54.968
 51
71.48
  0
ARC
  8
APS_GEOMETRY
 10
-252.187
 20
-486.032
 40
10.38
 50
71.48
 51
90.0
  0
ARC
  8
APS_GEOMETRY
 10
-252.187
 20
-482.902
 40
7.251
 50
90.0
 51
114.63
  0
ARC
  8
APS_GEOMETRY
 10
-252.551
 20
-482.108
 40
6.377
 50
114.63
 51
140.921
  0
ARC
  8
APS_GEOMETRY
 10
-251.475
 20
-482.982
 40
7.763
 50
140.921
 51
163.13
  0
ARC
  8
APS_GEOMETRY
 10
-246.098
 20
-484.613
 40
13.382
 50
163.13
 51
180.0
  0
ARC
  8
APS_GEOMETRY
 10
-239.125
 20
-484.613
 40
20.355
 50
180.0
 51
195.44
  0
ARC
  8
APS_GEOMETRY
 10
-240.183
 20
-484.905
 40
19.258
 50
195.44
 51
211.316
  0
ARC
  8
APS_GEOMETRY
 10
-245.272
 20
-487.894
 40
13.357
 50
211.708
 51
240.457
  0
ARC
  8
APS_GEOMETRY
 10
-245.614
 20
-488.497
 40
12.663
 50
240.457
 51
270.0
  0
ARC
  8
APS_GEOMETRY
 10
-245.614
 20
-485.41
 40
15.751
 50
270.0
 51
279.549
  0
ARC
  8
APS_GEOMETRY
 10
-245.81
 20
-484.246
 40
16.931
 50
279.549
 51
288.759
  0
ARC
  8
APS_GEOMETRY
 10
-244.984
 20
-486.676
 40
14.364
 50
288.759
 51
299.545
  0
ARC
  8
APS_GEOMETRY
 10
-241.675
 20
-492.515
 40
7.652
 50
299.545
 51
314.341
  0
ARC
  8
APS_GEOMETRY
 10
-231.439
 20
-503.146
 40
7.105
 50
120.141
 51
133.452
  0
ARC
  8
APS_GEOMETRY
 10
-234.298
 20
-498.223
 40
1.412
 50
90.0
 51
120.141
  0
ARC
  8
APS_GEOMETRY
 10
-234.298
 20
-499.041
 40
2.23
 50
61.952
 51
90.0
  0
ARC
  8
APS_GEOMETRY
 10
-234.63
 20
-499.664
 40
2.936
 50
37.569
 51
61.952
  0
ARC
  8
APS_GEOMETRY
 10
-235.25
 20
-500.14
 40
3.717
 50
17.665
 51
37.569
  0
ARC
  8
APS_GEOMETRY
 10
-236.194
 20
-500.441
 40
4.709
 50
360.0
 51
17.665
  0
ARC
  8
APS_GEOMETRY
 10
-238.566
 20
-500.441
 40
7.081
 50
344.932
 51
360.0
  0
ARC
  8
APS_GEOMETRY
 10
-244.864
 20
-498.745
 40
13.603
 50
334.075
 51
344.932
  0
ARC
  8
APS_GEOMETRY
 10
-245.062
 20
-498.649
 40
13.823
 50
323.374
 51
334.075
  0
ARC
  8
APS_GEOMETRY
 10
-240.999
 20
-501.67
 40
8.76
 50
309.92
 51
323.374
  0
ARC
  8
APS_GEOMETRY
 10
-236.938
 20
-506.461
 40
2.48
 50
289.026
 51
308.991
  0
ARC
  8
APS_GEOMETRY
 10
-241.271
 20
-493.895
 40
15.771
 50
281.143
 51
289.026
  0
ARC
  8
APS_GEOMETRY
 10
-236.877
 20
-516.677
 40
7.431
 50
100.437
 51
110.12
  0
ARC
  8
APS_GEOMETRY
 10
-231.055
 20
-532.567
 40
24.353
 50
110.12
 51
115.463
  0
ARC
  8
APS_GEOMETRY
 10
-251.837
 20
-489.086
 40
23.838
 50
282.94
 51
295.628
  0
ARC
  8
APS_GEOMETRY
 10
-251.631
 20
-489.98
 40
22.921
 50
270.0
 51
282.94
  0
ARC
  8
APS_GEOMETRY
 10
-251.631
 20
-488.626
 40
24.275
 50
257.307
 51
270.0
  0
ARC
  8
APS_GEOMETRY
 10
-250.606
 20
-484.077
 40
28.939
 50
245.686
 51
257.307
  0
ARC
  8
APS_GEOMETRY
 10
-253.177
 20
-489.718
 40
22.739
 50
228.801
 51
245.735
  0
ARC
  8
APS_GEOMETRY
 10
-253.134
 20
-489.669
 40
22.805
 50
211.891
 51
228.801
  0
ARC
  8
APS_GEOMETRY
 10
-251.786
 20
-488.699
 40
24.462
 50
196.728
 51
212.152
  0
ARC
  8
APS_GEOMETRY
 10
-255.274
 20
-489.747
 40
20.82
 50
180.0
 51
196.728
  0
ARC
  8
APS_GEOMETRY
 10
-254.766
 20
-489.747
 40
21.327
 50
161.184
 51
180.0
  0
ARC
  8
APS_GEOMETRY
 10
-253.398
 20
-490.213
 40
22.773
 50
142.98
 51
161.184
  0
ARC
  8
APS_GEOMETRY
 10
-252.334
 20
-491.028
 40
24.112
 50
127.824
 51
142.958
  0
ARC
  8
APS_GEOMETRY
 10
-250.58
 20
-493.287
 40
26.973
 50
113.52
 51
127.824
  0
ARC
  8
APS_GEOMETRY
 10
-251.151
 20
-491.968
 40
25.535
 50
101.927
 51
113.527
  0
ARC
  8
APS_GEOMETRY
 10
-251.435
 20
-490.623
 40
24.161
 50
90.0
 51
101.927
  0
ARC
  8
APS_GEOMETRY
 10
-206.886
 20
-507.299
 40
40.608
 50
84.71
 51
90.0
  0
ARC
  8
APS_GEOMETRY
 10
-206.142
 20
-499.259
 40
32.533
 50
78.799
 51
84.71
  0
ARC
  8
APS_GEOMETRY
 10
-201.325
 20
-474.916
 40
7.718
 50
49.783
 51
78.771
  0
ARC
  8
APS_GEOMETRY
 10
-198.104
 20
-471.106
 40
2.729
 50
360.0
 51
49.783
  0
ARC
  8
APS_GEOMETRY
 10
-198.394
 20
-471.106
 40
3.02
 50
342.759
 51
360.0
  0
ARC
  8
APS_GEOMETRY
 10
-196.819
 20
-471.595
 40
1.37
 50
317.045
 51
342.759
  0
ARC
  8
APS_GEOMETRY
 10
-197.58
 20
-470.887
 40
2.41
 50
301.817
 51
317.045
  0
ARC
  8
APS_GEOMETRY
 10
-208.836
 20
-452.745
 40
23.76
 50
296.98
 51
301.817
  0
ARC
  8
APS_GEOMETRY
 10
-196.834
 20
-476.363
 40
2.733
 50
116.565
 51
149.078
  0
ARC
  8
APS_GEOMETRY
 10
-193.315
 20
-478.471
 40
6.835
 50
149.078
 51
169.469
  0
ARC
  8
APS_GEOMETRY
 10
-185.811
 20
-479.866
 40
14.468
 50
169.469
 51
174.598
  0
ARC
  8
APS_GEOMETRY
 10
-147.147
 20
-483.522
 40
53.304
 50
174.598
 51
177.269
  0
ARC
  8
APS_GEOMETRY
 10
-113.149
 20
-485.144
 40
87.341
 50
177.269
 51
178.901
  0
ARC
  8
APS_GEOMETRY
 10
-7.842
 20
-487.163
 40
192.667
 50
178.901
 51
180.0
  0
ARC
  8
APS_GEOMETRY
 10
206.148
 20
-487.163
 40
406.657
 50
180.0
 51
180.88
  0
ARC
  8
APS_GEOMETRY
 10
-44.373
 20
-491.011
 40
156.107
 50
180.88
 51
182.3
  0
ARC
  8
APS_GEOMETRY
 10
-117.598
 20
-493.953
 40
82.823
 50
182.3
 51
184.974
  0
ARC
  8
APS_GEOMETRY
 10
-187.419
 20
-500.029
 40
12.738
 50
184.974
 51
191.793
  0
ARC
  8
APS_GEOMETRY
 10
-195.529
 20
-501.58
 40
4.484
 50
193.57
 51
205.787
  0
ARC
  8
APS_GEOMETRY
 10
-197.546
 20
-502.555
 40
2.244
 50
205.787
 51
223.091
  0
ARC
  8
APS_GEOMETRY
 10
-197.034
 20
-502.076
 40
2.944
 50
223.091
 51
236.441
  0
ARC
  8
APS_GEOMETRY
 10
-192.751
 20
-495.619
 40
10.693
 50
236.441
 51
243.435
  0
ARC
  8
APS_GEOMETRY
 10
-199.309
 20
-509.09
 40
4.291
 50
37.185
 51
65.556
  0
ARC
  8
APS_GEOMETRY
 10
-197.91
 20
-508.028
 40
2.535
 50
360.0
 51
37.185
  0
ARC
  8
APS_GEOMETRY
 10
-197.987
 20
-508.028
 40
2.612
 50
312.039
 51
360.0
  0
ARC
  8
APS_GEOMETRY
 10
-201.097
 20
-504.578
 40
7.258
 50
283.815
 51
312.039
  0
ARC
  8
APS_GEOMETRY
 10
-206.238
 20
-483.273
 40
29.174
 50
279.273
 51
283.627
  0
ARC
  8
APS_GEOMETRY
 10
-208.293
 20
-470.687
 40
41.926
 50
275.641
 51
279.273
  0
ARC
  8
APS_GEOMETRY
 10
-209.078
 20
-462.733
 40
49.919
 50
272.588
 51
275.641
  0
ARC
  8
APS_GEOMETRY
 10
-209.96
 20
-443.216
 40
69.456
 50
270.0
 51
272.588
  0
ARC
  8
APS_GEOMETRY
 10
-209.96
 20
-470.778
 40
41.894
 50
262.774
 51
270.0
  0
ARC
  8
APS_GEOMETRY
 10
-213.737
 20
-500.566
 40
11.868
 50
249.175
 51
262.774
  0
ARC
  8
APS_GEOMETRY
 10
-216.11
 20
-506.804
 40
5.194
 50
221.23
 51
249.175
  0
ARC
  8
APS_GEOMETRY
 10
-218.179
 20
-508.617
 40
2.443
 50
180.0
 51
221.23
  0
ARC
  8
APS_GEOMETRY
 10
-218.58
 20
-508.617
 40
2.041
 50
142.696
 51
180.0
  0
ARC
  8
APS_GEOMETRY
 10
-215.359
 20
-511.071
 40
6.091
 50
121.357
 51
142.696
  0
ARC
  8
APS_GEOMETRY
 10
-220.802
 20
-502.156
 40
4.354
 50
301.477
 51
324.728
  0
ARC
  8
APS_GEOMETRY
 10
-220.222
 20
-502.567
 40
3.643
 50
324.728
 51
350.181
  0
ARC
  8
APS_GEOMETRY
 10
-238.463
 20
-499.55
 40
22.132
 50
350.538
 51
355.423
  0
ARC
  8
APS_GEOMETRY
 10
-313.415
 20
-493.549
 40
97.324
 50
355.423
 51
357.752
  0
ARC
  8
APS_GEOMETRY
 10
-383.008
 20
-490.817
 40
166.971
 50
357.752
 51
359.111
  0
ARC
  8
APS_GEOMETRY
 10
-605.755
 20
-487.36
 40
389.744
 50
359.111
 51
0.0
  0
ARC
  8
APS_GEOMETRY
 10
-351.234
 20
-487.36
 40
135.223
 50
0.0
 51
1.773
  0
ARC
  8
APS_GEOMETRY
 10
-271.874
 20
-484.903
 40
55.825
 50
1.773
 51
4.532
  0
ARC
  8
APS_GEOMETRY
 10
-247.753
 20
-482.991
 40
31.629
 50
4.532
 51
9.384
  0
ARC
  8
APS_GEOMETRY
 10
-223.26
 20
-478.944
 40
6.803
 50
9.384
 51
19.855
  0
ARC
  8
APS_GEOMETRY
 10
-220.018
 20
-477.711
 40
3.336
 50
18.853
 51
42.158
  0
ARC
  8
APS_GEOMETRY
 10
-222.796
 20
-480.227
 40
7.084
 50
42.158
 51
58.092
  0
ARC
  8
APS_GEOMETRY
 10
-210.568
 20
-461.329
 40
15.426
 50
230.711
 51
236.634
  0
ARC
  8
APS_GEOMETRY
 10
-218.249
 20
-470.718
 40
3.296
 50
217.875
 51
230.711
  0
ARC
  8
APS_GEOMETRY
 10
-219.302
 20
-471.537
 40
1.962
 50
196.928
 51
217.875
  0
ARC
  8
APS_GEOMETRY
 10
-218.316
 20
-471.237
 40
2.992
 50
180.0
 51
196.928
  0
ARC
  8
APS_GEOMETRY
 10
-218.961
 20
-471.237
 40
2.347
 50
148.791
 51
180.0
  0
ARC
  8
APS_GEOMETRY
 10
-218.346
 20
-471.61
 40
3.067
 50
121.569
 51
148.791
  0
ARC
  8
APS_GEOMETRY
 10
-217.241
 20
-473.408
 40
5.178
 50
112.806
 51
121.569
  0
ARC
  8
APS_GEOMETRY
 10
-214.253
 20
-480.513
 40
12.885
 50
107.254
 51
112.806
  0
ARC
  8
APS_GEOMETRY
 10
-212.423
 20
-486.404
 40
19.054
 50
103.487
 51
107.254
  0
ARC
  8
APS_GEOMETRY
 10
-208.233
 20
-503.877
 40
37.022
 50
100.784
 51
103.487
  0
ARC
  8
APS_GEOMETRY
 10
-206.92
 20
-508.708
 40
42.015
 50
95.643
 51
101.31
  0
ARC
  8
APS_GEOMETRY
 10
-206.886
 20
-509.053
 40
42.362
 50
90.0
 51
95.643
  0
LINE
  8
APS_GEOMETRY
 10
-137.738
 11
-137.738
 20
-496.615
 21
-479.413
  0
ARC
  8
APS_GEOMETRY
 10
-177.459
 20
-479.413
 40
39.721
 50
0.0
 51
2.404
  0
ARC
  8
APS_GEOMETRY
 10
-153.942
 20
-478.426
 40
16.183
 50
2.404
 51
6.17
  0
ARC
  8
APS_GEOMETRY
 10
-146.893
 20
-477.663
 40
9.093
 50
6.17
 51
12.824
  0
ARC
  8
APS_GEOMETRY
 10
-139.994
 20
-476.093
 40
2.017
 50
12.824
 51
26.98
  0
ARC
  8
APS_GEOMETRY
 10
-139.671
 20
-475.929
 40
1.655
 50
26.98
 51
59.65
  0
ARC
  8
APS_GEOMETRY
 10
-142.709
 20
-481.117
 40
7.668
 50
59.65
 51
74.667
  0
ARC
  8
APS_GEOMETRY
 10
-139.207
 20
-468.618
 40
5.313
 50
225.0
 51
253.887
  0
ARC
  8
APS_GEOMETRY
 10
-141.368
 20
-470.779
 40
2.257
 50
180.0
 51
225.0
  0
ARC
  8
APS_GEOMETRY
 10
-140.953
 20
-470.779
 40
2.672
 50
151.157
 51
180.0
  0
ARC
  8
APS_GEOMETRY
 10
-140.959
 20
-470.776
 40
2.665
 50
122.276
 51
151.157
  0
ARC
  8
APS_GEOMETRY
 10
-140.195
 20
-471.985
 40
4.096
 50
102.308
 51
122.276
  0
ARC
  8
APS_GEOMETRY
 10
-138.785
 20
-478.449
 40
10.712
 50
90.0
 51
102.308
  0
ARC
  8
APS_GEOMETRY
 10
-138.785
 20
-490.904
 40
23.166
 50
88.989
 51
90.0
  0
ARC
  8
APS_GEOMETRY
 10
-140.732
 20
-601.249
 40
133.528
 50
88.568
 51
88.989
  0
ARC
  8
APS_GEOMETRY
 10
-143.482
 20
-711.253
 40
243.567
 50
88.337
 51
88.568
  0
ARC
  8
APS_GEOMETRY
 10
-154.14
 20
-1078.369
 40
610.838
 50
88.191
 51
88.337
  0
LINE
  8
APS_GEOMETRY
 10
-134.86
 11
-132.931
 20
-467.836
 21
-467.836
  0
ARC
  8
APS_GEOMETRY
 10
-139.412
 20
608.114
 40
1075.969
 50
270.345
 51
270.49
  0
ARC
  8
APS_GEOMETRY
 10
-133.373
 20
-98.497
 40
369.332
 50
270.49
 51
270.736
  0
ARC
  8
APS_GEOMETRY
 10
-130.894
 20
-291.368
 40
176.445
 50
270.736
 51
271.253
  0
ARC
  8
APS_GEOMETRY
 10
-127.368
 20
-452.585
 40
15.19
 50
271.253
 51
273.013
  0
ARC
  8
APS_GEOMETRY
 10
-127.515
 20
-449.797
 40
17.982
 50
273.013
 51
274.5
  0
ARC
  8
APS_GEOMETRY
 10
-144.171
 20
-238.144
 40
230.289
 50
274.5
 51
274.915
  0
LINE
  8
APS_GEOMETRY
 10
-124.44
 11
-122.477
 20
-467.586
 21
-467.414
  0
LINE
  8
APS_GEOMETRY
 10
-122.477
 11
-119.915
 20
-467.414
 21
-467.182
  0
ARC
  8
APS_GEOMETRY
 10
-115.702
 20
-507.905
 40
40.941
 50
93.24
 51
95.906
  0
ARC
  8
APS_GEOMETRY
 10
-116.448
 20
-494.722
 40
27.736
 50
90.0
 51
93.24
  0
ARC
  8
APS_GEOMETRY
 10
-116.448
 20
-490.539
 40
23.553
 50
77.12
 51
90.0
  0
ARC
  8
APS_GEOMETRY
 10
-115.207
 20
-485.112
 40
17.987
 50
62.371
 51
77.12
  0
ARC
  8
APS_GEOMETRY
 10
-113.106
 20
-481.173
 40
13.522
 50
31.215
 51
62.517
  0
ARC
  8
APS_GEOMETRY
 10
-113.17
 20
-481.211
 40
13.597
 50
360.0
 51
31.215
  0
ARC
  8
APS_GEOMETRY
 10
-113.535
 20
-481.211
 40
13.962
 50
334.496
 51
360.0
  0
ARC
  8
APS_GEOMETRY
 10
-112.848
 20
-481.539
 40
13.201
 50
308.254
 51
334.496
  0
ARC
  8
APS_GEOMETRY
 10
-114.948
 20
-478.773
 40
16.674
 50
287.855
 51
308.034
  0
ARC
  8
APS_GEOMETRY
 10
-116.35
 20
-474.42
 40
21.247
 50
270.0
 51
287.855
  0
ARC
  8
APS_GEOMETRY
 10
-116.35
 20
-463.469
 40
32.197
 50
266.918
 51
270.0
  0
ARC
  8
APS_GEOMETRY
 10
-114.395
 20
-427.172
 40
68.546
 50
264.806
 51
266.918
  0
ARC
  8
APS_GEOMETRY
 10
-127.468
 20
-589.282
 40
94.095
 50
85.815
 51
86.634
  0
ARC
  8
APS_GEOMETRY
 10
-122.269
 20
-500.903
 40
5.563
 50
86.634
 51
90.0
  0
ARC
  8
APS_GEOMETRY
 10
-122.269
 20
-496.16
 40
0.821
 50
90.0
 51
139.686
  0
ARC
  8
APS_GEOMETRY
 10
-121.965
 20
-496.419
 40
1.22
 50
139.686
 51
180.0
  0
LINE
  8
APS_GEOMETRY
 10
-123.185
 11
-123.185
 20
-496.419
 21
-496.615
  0
LINE
  8
APS_GEOMETRY
 10
-123.185
 11
-122.956
 20
-496.615
 21
-501.978
  0
ARC
  8
APS_GEOMETRY
 10
-115.206
 20
-501.655
 40
7.757
 50
182.386
 51
193.753
  0
ARC
  8
APS_GEOMETRY
 10
-120.204
 20
-502.879
 40
2.612
 50
193.753
 51
213.408
  0
ARC
  8
APS_GEOMETRY
 10
-120.147
 20
-502.841
 40
2.679
 50
213.408
 51
232.628
  0
ARC
  8
APS_GEOMETRY
 10
-115.637
 20
-496.936
 40
10.11
 50
232.628
 51
242.488
  0
ARC
  8
APS_GEOMETRY
 10
-123.16
 20
-511.2
 40
6.017
 50
40.539
 51
61.699
  0
ARC
  8
APS_GEOMETRY
 10
-119.871
 20
-508.388
 40
1.69
 50
360.0
 51
40.539
  0
ARC
  8
APS_GEOMETRY
 10
-120.451
 20
-508.388
 40
2.269
 50
315.297
 51
360.0
  0
ARC
  8
APS_GEOMETRY
 10
-123.52
 20
-505.35
 40
6.588
 50
289.502
 51
315.297
  0
ARC
  8
APS_GEOMETRY
 10
-125.77
 20
-498.999
 40
13.326
 50
282.372
 51
289.502
  0
ARC
  8
APS_GEOMETRY
 10
-128.132
 20
-488.228
 40
24.353
 50
277.099
 51
282.372
  0
ARC
  8
APS_GEOMETRY
 10
-129.104
 20
-480.428
 40
32.213
 50
273.104
 51
277.099
  0
ARC
  8
APS_GEOMETRY
 10
-130.249
 20
-459.31
 40
53.362
 50
270.0
 51
273.104
  0
ARC
  8
APS_GEOMETRY
 10
-130.249
 20
-459.95
 40
52.723
 50
263.473
 51
270.0
  0
ARC
  8
APS_GEOMETRY
 10
-134.581
 20
-497.817
 40
14.609
 50
251.056
 51
263.473
  0
ARC
  8
APS_GEOMETRY
 10
-137.363
 20
-505.922
 40
6.039
 50
224.161
 51
251.056
  0
ARC
  8
APS_GEOMETRY
 10
-140.038
 20
-508.519
 40
2.311
 50
180.0
 51
224.161
  0
ARC
  8
APS_GEOMETRY
 10
-139.558
 20
-508.519
 40
2.791
 50
160.821
 51
180.0
  0
ARC
  8
APS_GEOMETRY
 10
-140.729
 20
-508.112
 40
1.552
 50
135.0
 51
160.821
  0
ARC
  8
APS_GEOMETRY
 10
-139.622
 20
-509.218
 40
3.117
 50
121.522
 51
135.0
  0
ARC
  8
APS_GEOMETRY
 10
-127.137
 20
-529.574
 40
26.996
 50
116.952
 51
121.522
  0
ARC
  8
APS_GEOMETRY
 10
-140.77
 20
-502.863
 40
2.993
 50
297.824
 51
321.605
  0
ARC
  8
APS_GEOMETRY
 10
-140.081
 20
-503.41
 40
2.113
 50
321.605
 51
349.992
  0
ARC
  8
APS_GEOMETRY
 10
-143.28
 20
-502.845
 40
5.362
 50
349.992
 51
356.014
  0
ARC
  8
APS_GEOMETRY
 10
-191.943
 20
-499.454
 40
54.143
 50
356.014
 51
357.908
  0
ARC
  8
APS_GEOMETRY
 10
-248.747
 20
-497.379
 40
110.985
 50
357.908
 51
358.833
  0
ARC
  8
APS_GEOMETRY
 10
-454.143
 20
-493.194
 40
316.424
 50
358.833
 51
359.381
  0
LINE
  8
APS_GEOMETRY
 10
-122.956
 11
-122.956
 20
-475.259
 21
-486.379
  0
ARC
  8
APS_GEOMETRY
 10
-119.582
 20
-486.379
 40
3.374
 50
180.0
 51
199.885
  0
ARC
  8
APS_GEOMETRY
 10
-122.107
 20
-487.292
 40
0.689
 50
199.885
 51
244.799
  0
ARC
  8
APS_GEOMETRY
 10
-120.655
 20
-484.302
 40
4.013
 50
244.231
 51
258.996
  0
ARC
  8
APS_GEOMETRY
 10
-120.045
 20
-481.165
 40
7.209
 50
258.996
 51
270.0
  0
ARC
  8
APS_GEOMETRY
 10
-120.045
 20
-481.923
 40
6.45
 50
270.0
 51
288.435
  0
ARC
  8
APS_GEOMETRY
 10
-119.583
 20
-483.311
 40
4.987
 50
288.435
 51
309.428
  0
ARC
  8
APS_GEOMETRY
 10
-119.414
 20
-483.486
 40
4.745
 50
309.193
 51
339.939
  0
ARC
  8
APS_GEOMETRY
 10
-125.284
 20
-481.342
 40
10.994
 50
339.939
 51
0.0
  0
ARC
  8
APS_GEOMETRY
 10
-124.637
 20
-481.342
 40
10.348
 50
0.0
 51
22.011
  0
ARC
  8
APS_GEOMETRY
 10
-120.053
 20
-479.489
 40
5.403
 50
22.011
 51
52.651
  0
ARC
  8
APS_GEOMETRY
 10
-120.123
 20
-479.538
 40
5.485
 50
52.374
 51
72.309
  0
ARC
  8
APS_GEOMETRY
 10
-120.569
 20
-480.934
 40
6.95
 50
72.309
 51
90.0
  0
ARC
  8
APS_GEOMETRY
 10
-120.569
 20
-478.036
 40
4.052
 50
90.0
 51
118.113
  0
ARC
  8
APS_GEOMETRY
 10
-122.052
 20
-475.259
 40
0.904
 50
118.113
 51
180.0
  0
ARC
  8
APS_GEOMETRY
 10
-70.218
 20
-492.244
 40
25.782
 50
71.91
 51
90.0
  0
ARC
  8
APS_GEOMETRY
 10
-69.22
 20
-489.187
 40
22.566
 50
52.561
 51
71.91
  0
ARC
  8
APS_GEOMETRY
 10
-69.481
 20
-489.263
 40
22.786
 50
38.846
 51
52.156
  0
ARC
  8
APS_GEOMETRY
 10
-73.054
 20
-492.14
 40
27.372
 50
26.707
 51
38.846
  0
ARC
  8
APS_GEOMETRY
 10
-72.346
 20
-491.562
 40
26.482
 50
13.868
 51
26.278
  0
ARC
  8
APS_GEOMETRY
 10
-67.247
 20
-490.303
 40
21.229
 50
360.0
 51
13.868
  0
ARC
  8
APS_GEOMETRY
 10
-66.916
 20
-490.303
 40
20.899
 50
339.712
 51
360.0
  0
ARC
  8
APS_GEOMETRY
 10
-68.093
 20
-489.868
 40
22.153
 50
320.013
 51
339.712
  0
ARC
  8
APS_GEOMETRY
 10
-68.288
 20
-489.761
 40
22.372
 50
303.344
 51
320.123
  0
ARC
  8
APS_GEOMETRY
 10
-70.584
 20
-486.271
 40
26.548
 50
287.949
 51
303.344
  0
ARC
  8
APS_GEOMETRY
 10
-71.338
 20
-483.656
 40
29.269
 50
279.039
 51
287.776
  0
ARC
  8
APS_GEOMETRY
 10
-71.036
 20
-485.555
 40
27.346
 50
270.0
 51
279.039
  0
ARC
  8
APS_GEOMETRY
 10
-71.036
 20
-486.89
 40
26.011
 50
257.728
 51
270.0
  0
ARC
  8
APS_GEOMETRY
 10
-70.995
 20
-486.702
 40
26.203
 50
245.501
 51
257.728
  0
ARC
  8
APS_GEOMETRY
 10
-72.468
 20
-489.925
 40
22.66
 50
228.665
 51
245.511
  0
ARC
  8
APS_GEOMETRY
 10
-72.958
 20
-490.482
 40
21.918
 50
211.535
 51
228.665
  0
ARC
  8
APS_GEOMETRY
 10
-72.316
 20
-490.01
 40
22.712
 50
195.642
 51
211.701
  0
ARC
  8
APS_GEOMETRY
 10
-71.142
 20
-489.682
 40
23.931
 50
180.0
 51
195.642
  0
ARC
  8
APS_GEOMETRY
 10
-70.89
 20
-489.682
 40
24.183
 50
162.181
 51
180.0
  0
ARC
  8
APS_GEOMETRY
 10
-73.097
 20
-488.972
 40
21.865
 50
143.434
 51
162.181
  0
ARC
  8
APS_GEOMETRY
 10
-73.394
 20
-488.735
 40
21.485
 50
126.384
 51
143.471
  0
ARC
  8
APS_GEOMETRY
 10
-71.36
 20
-491.495
 40
24.914
 50
110.525
 51
126.384
  0
ARC
  8
APS_GEOMETRY
 10
-71.46
 20
-490.746
 40
24.177
 50
99.77
 51
110.925
  0
ARC
  8
APS_GEOMETRY
 10
-70.218
 20
-497.958
 40
31.496
 50
90.0
 51
99.77
  0
ARC
  8
APS_GEOMETRY
 10
-73.325
 20
-480.655
 40
4.807
 50
90.0
 51
119.604
  0
ARC
  8
APS_GEOMETRY
 10
-72.904
 20
-481.396
 40
5.659
 50
119.604
 51
146.842
  0
ARC
  8
APS_GEOMETRY
 10
-72.058
 20
-482.09
 40
6.748
 50
145.84
 51
164.055
  0
ARC
  8
APS_GEOMETRY
 10
-70.097
 20
-482.65
 40
8.788
 50
164.055
 51
180.0
  0
ARC
  8
APS_GEOMETRY
 10
-57.832
 20
-482.65
 40
21.053
 50
180.0
 51
189.977
  0
ARC
  8
APS_GEOMETRY
 10
-39.181
 20
-479.369
 40
39.991
 50
189.977
 51
197.211
  0
ARC
  8
APS_GEOMETRY
 10
-35.101
 20
-478.106
 40
44.261
 50
197.211
 51
203.76
  0
ARC
  8
APS_GEOMETRY
 10
-45.264
 20
-482.58
 40
33.157
 50
203.76
 51
211.329
  0
ARC
  8
APS_GEOMETRY
 10
-66.132
 20
-495.103
 40
8.821
 50
212.32
 51
224.441
  0
ARC
  8
APS_GEOMETRY
 10
-66.987
 20
-495.942
 40
7.623
 50
224.441
 51
237.484
  0
ARC
  8
APS_GEOMETRY
 10
-67.54
 20
-496.809
 40
6.595
 50
237.484
 51
252.416
  0
ARC
  8
APS_GEOMETRY
 10
-68.093
 20
-498.553
 40
4.766
 50
252.416
 51
270.0
  0
ARC
  8
APS_GEOMETRY
 10
-68.093
 20
-497.988
 40
5.331
 50
270.0
 51
294.953
  0
ARC
  8
APS_GEOMETRY
 10
-67.943
 20
-498.309
 40
4.977
 50
294.953
 51
320.793
  0
ARC
  8
APS_GEOMETRY
 10
-68.744
 20
-497.655
 40
6.011
 50
320.793
 51
342.777
  0
ARC
  8
APS_GEOMETRY
 10
-72.312
 20
-496.549
 40
9.746
 50
342.777
 51
0.0
  0
ARC
  8
APS_GEOMETRY
 10
-89.073
 20
-496.549
 40
26.507
 50
0.0
 51
8.499
  0
ARC
  8
APS_GEOMETRY
 10
-100.74
 20
-498.293
 40
38.304
 50
8.499
 51
15.566
  0
ARC
  8
APS_GEOMETRY
 10
-99.337
 20
-497.902
 40
36.848
 50
15.566
 51
22.909
  0
ARC
  8
APS_GEOMETRY
 10
-87.274
 20
-492.804
 40
23.751
 50
22.909
 51
32.057
  0
ARC
  8
APS_GEOMETRY
 10
-77.798
 20
-486.834
 40
12.552
 50
31.921
 51
42.51
  0
ARC
  8
APS_GEOMETRY
 10
-75.196
 20
-484.449
 40
9.022
 50
42.51
 51
55.008
  0
ARC
  8
APS_GEOMETRY
 10
-74.317
 20
-483.194
 40
7.489
 50
55.008
 51
69.88
  0
ARC
  8
APS_GEOMETRY
 10
-73.529
 20
-481.042
 40
5.198
 50
69.88
 51
87.754
  0
ARC
  8
APS_GEOMETRY
 10
-19.705
 20
-495.666
 40
2.42
 50
90.0
 51
115.837
  0
ARC
  8
APS_GEOMETRY
 10
-20.3
 20
-494.436
 40
1.053
 50
115.837
 51
155.462
  0
ARC
  8
APS_GEOMETRY
 10
-19.605
 20
-494.753
 40
1.817
 50
155.462
 51
168.366
  0
ARC
  8
APS_GEOMETRY
 10
-13.259
 20
-496.06
 40
8.296
 50
168.366
 51
174.395
  0
ARC
  8
APS_GEOMETRY
 10
-6.863
 20
-496.687
 40
14.722
 50
174.395
 51
177.813
  0
ARC
  8
APS_GEOMETRY
 10
14.365
 20
-497.498
 40
35.966
 50
177.813
 51
180.0
  0
ARC
  8
APS_GEOMETRY
 10
29.733
 20
-497.498
 40
51.335
 50
180.0
 51
184.62
  0
ARC
  8
APS_GEOMETRY
 10
-4.686
 20
-500.279
 40
16.803
 50
184.62
 51
192.7
  0
ARC
  8
APS_GEOMETRY
 10
-17.957
 20
-503.193
 40
3.218
 50
194.036
 51
205.821
  0
ARC
  8
APS_GEOMETRY
 10
-19.362
 20
-503.873
 40
1.656
 50
205.821
 51
222.274
  0
ARC
  8
APS_GEOMETRY
 10
-18.931
 20
-503.481
 40
2.238
 50
222.274
 51
234.605
  0
ARC
  8
APS_GEOMETRY
 10
-14.071
 20
-496.641
 40
10.63
 50
234.605
 51
240.255
  0
ARC
  8
APS_GEOMETRY
 10
-21.46
 20
-509.715
 40
4.389
 50
34.592
 51
61.189
  0
ARC
  8
APS_GEOMETRY
 10
-20.01
 20
-508.715
 40
2.627
 50
360.0
 51
34.592
  0
ARC
  8
APS_GEOMETRY
 10
-19.922
 20
-508.715
 40
2.539
 50
318.231
 51
360.0
  0
ARC
  8
APS_GEOMETRY
 10
-21.62
 20
-507.198
 40
4.816
 50
288.227
 51
318.231
  0
ARC
  8
APS_GEOMETRY
 10
-23.381
 20
-501.851
 40
10.446
 50
280.377
 51
288.227
  0
ARC
  8
APS_GEOMETRY
 10
-26.451
 20
-485.087
 40
27.489
 50
275.541
 51
280.377
  0
ARC
  8
APS_GEOMETRY
 10
-27.774
 20
-471.449
 40
41.19
 50
272.304
 51
275.541
  0
ARC
  8
APS_GEOMETRY
 10
-29.385
 20
-431.413
 40
81.259
 50
270.0
 51
272.304
  0
ARC
  8
APS_GEOMETRY
 10
-29.385
 20
-464.872
 40
47.8
 50
262.811
 51
270.0
  0
ARC
  8
APS_GEOMETRY
 10
-33.674
 20
-498.879
 40
13.524
 50
249.274
 51
262.811
  0
ARC
  8
APS_GEOMETRY
 10
-36.372
 20
-506.009
 40
5.901
 50
221.379
 51
249.274
  0
ARC
  8
APS_GEOMETRY
 10
-38.739
 20
-508.094
 40
2.747
 50
180.0
 51
221.379
  0
ARC
  8
APS_GEOMETRY
 10
-38.757
 20
-508.094
 40
2.728
 50
164.055
 51
180.0
  0
ARC
  8
APS_GEOMETRY
 10
-39.894
 20
-507.769
 40
1.546
 50
142.815
 51
164.055
  0
ARC
  8
APS_GEOMETRY
 10
-39.178
 20
-508.312
 40
2.444
 50
129.007
 51
142.815
  0
ARC
  8
APS_GEOMETRY
 10
-30.386
 20
-519.166
 40
16.412
 50
123.69
 51
129.007
  0
ARC
  8
APS_GEOMETRY
 10
-42.863
 20
-500.393
 40
6.128
 50
303.389
 51
319.022
  0
ARC
  8
APS_GEOMETRY
 10
-41.204
 20
-501.834
 40
3.932
 50
319.022
 51
338.575
  0
ARC
  8
APS_GEOMETRY
 10
-43.424
 20
-500.963
 40
6.316
 50
338.575
 51
351.049
  0
ARC
  8
APS_GEOMETRY
 10
-70.23
 20
-496.741
 40
33.452
 50
351.049
 51
356.46
  0
ARC
  8
APS_GEOMETRY
 10
-61.394
 20
-497.077
 40
24.613
 50
355.972
 51
358.68
  0
ARC
  8
APS_GEOMETRY
 10
-351.585
 20
-490.39
 40
314.881
 50
358.68
 51
359.437
  0
LINE
  8
APS_GEOMETRY
 10
-36.719
 11
-36.688
 20
-493.483
 21
-488.572
  0
LINE
  8
APS_GEOMETRY
 10
-36.688
 11
-36.678
 20
-488.572
 21
-482.16
  0
ARC
  8
APS_GEOMETRY
 10
-112.487
 20
-482.16
 40
75.809
 50
0.0
 51
1.717
  0
ARC
  8
APS_GEOMETRY
 10
-71.918
 20
-480.944
 40
35.223
 50
1.717
 51
4.236
  0
ARC
  8
APS_GEOMETRY
 10
-58.689
 20
-479.964
 40
21.957
 50
4.236
 51
8.269
  0
ARC
  8
APS_GEOMETRY
 10
-43.466
 20
-477.751
 40
6.573
 50
8.269
 51
15.642
  0
ARC
  8
APS_GEOMETRY
 10
-40.846
 20
-477.018
 40
3.853
 50
15.642
 51
39.417
  0
ARC
  8
APS_GEOMETRY
 10
-40.787
 20
-476.969
 40
3.776
 50
39.417
 51
63.435
  0
ARC
  8
APS_GEOMETRY
 10
-33.985
 20
-462.88
 40
11.869
 50
236.874
 51
244.486
  0
ARC
  8
APS_GEOMETRY
 10
-39.045
 20
-470.633
 40
2.611
 50
220.601
 51
236.874
  0
ARC
  8
APS_GEOMETRY
 10
-39.625
 20
-471.131
 40
1.847
 50
198.246
 51
220.601
  0
ARC
  8
APS_GEOMETRY
 10
-38.757
 20
-470.844
 40
2.761
 50
180.0
 51
198.246
  0
ARC
  8
APS_GEOMETRY
 10
-38.77
 20
-470.844
 40
2.748
 50
156.161
 51
180.0
  0
ARC
  8
APS_GEOMETRY
 10
-38.387
 20
-471.014
 40
3.167
 50
133.977
 51
156.161
  0
ARC
  8
APS_GEOMETRY
 10
-37.624
 20
-471.805
 40
4.266
 50
116.996
 51
133.977
  0
ARC
  8
APS_GEOMETRY
 10
-36.107
 20
-474.782
 40
7.608
 50
104.3
 51
116.996
  0
ARC
  8
APS_GEOMETRY
 10
-35.715
 20
-476.288
 40
9.164
 50
95.326
 51
104.349
  0
ARC
  8
APS_GEOMETRY
 10
-34.127
 20
-493.323
 40
26.272
 50
90.0
 51
95.326
  0
ARC
  8
APS_GEOMETRY
 10
-34.127
 20
-480.064
 40
13.013
 50
87.553
 51
90.0
  0
ARC
  8
APS_GEOMETRY
 10
-36.896
 20
-544.851
 40
77.86
 50
86.553
 51
87.553
  0
ARC
  8
APS_GEOMETRY
 10
-40.832
 20
-610.198
 40
143.325
 50
86.009
 51
86.553
  0
ARC
  8
APS_GEOMETRY
 10
-56.14
 20
-829.611
 40
363.271
 50
85.668
 51
86.009
  0
ARC
  8
APS_GEOMETRY
 10
-27.492
 20
-452.301
 40
15.125
 50
265.426
 51
268.531
  0
ARC
  8
APS_GEOMETRY
 10
-26.147
 20
-399.858
 40
67.586
 50
268.531
 51
270.0
  0
ARC
  8
APS_GEOMETRY
 10
-26.147
 20
-415.933
 40
51.511
 50
270.0
 51
271.637
  0
ARC
  8
APS_GEOMETRY
 10
-27.298
 20
-375.648
 40
91.812
 50
271.637
 51
272.862
  0
ARC
  8
APS_GEOMETRY
 10
-28.62
 20
-349.219
 40
118.274
 50
272.862
 51
273.814
  0
ARC
  8
APS_GEOMETRY
 10
-33.093
 20
-282.115
 40
185.527
 50
273.814
 51
274.574
  0
ARC
  8
APS_GEOMETRY
 10
-5.031
 20
-647.105
 40
180.543
 50
93.72
 51
94.214
  0
ARC
  8
APS_GEOMETRY
 10
-11.02
 20
-554.987
 40
88.23
 50
93.013
 51
93.72
  0
ARC
  8
APS_GEOMETRY
 10
-12.662
 20
-523.792
 40
56.991
 50
91.918
 51
93.013
  0
ARC
  8
APS_GEOMETRY
 10
-13.949
 20
-485.376
 40
18.554
 50
90.0
 51
91.918
  0
ARC
  8
APS_GEOMETRY
 10
-13.949
 20
-490.93
 40
24.109
 50
73.82
 51
90.0
  0
ARC
  8
APS_GEOMETRY
 10
-11.573
 20
-482.741
 40
15.581
 50
53.658
 51
73.82
  0
ARC
  8
APS_GEOMETRY
 10
-8.193
 20
-478.121
 40
9.857
 50
26.03
 51
53.569
  0
ARC
  8
APS_GEOMETRY
 10
-9.23
 20
-478.628
 40
11.012
 50
360.0
 51
26.03
  0
ARC
  8
APS_GEOMETRY
 10
-9.661
 20
-478.628
 40
11.443
 50
345.282
 51
360.0
  0
ARC
  8
APS_GEOMETRY
 10
-8.561
 20
-478.917
 40
10.305
 50
329.767
 51
345.282
  0
ARC
  8
APS_GEOMETRY
 10
-7.937
 20
-479.28
 40
9.583
 50
313.168
 51
329.767
  0
ARC
  8
APS_GEOMETRY
 10
-7.706
 20
-479.527
 40
9.246
 50
296.267
 51
313.168
  0
ARC
  8
APS_GEOMETRY
 10
-2.443
 20
-490.161
 40
2.62
 50
116.565
 51
139.899
  0
ARC
  8
APS_GEOMETRY
 10
-3.75
 20
-489.06
 40
0.911
 50
139.899
 51
180.0
  0
ARC
  8
APS_GEOMETRY
 10
-3.648
 20
-489.06
 40
1.013
 50
180.0
 51
226.193
  0
ARC
  8
APS_GEOMETRY
 10
-1.777
 20
-487.11
 40
3.715
 50
226.193
 51
249.829
  0
ARC
  8
APS_GEOMETRY
 10
-7.138
 20
-501.871
 40
11.989
 50
53.249
 51
70.105
  0
ARC
  8
APS_GEOMETRY
 10
-4.703
 20
-498.61
 40
7.919
 50
32.471
 51
53.249
  0
ARC
  8
APS_GEOMETRY
 10
-5.838
 20
-499.332
 40
9.264
 50
23.305
 51
32.471
  0
ARC
  8
APS_GEOMETRY
 10
-12.848
 20
-502.352
 40
16.897
 50
16.521
 51
23.305
  0
ARC
  8
APS_GEOMETRY
 10
-18.314
 20
-503.973
 40
22.598
 50
11.429
 51
16.521
  0
ARC
  8
APS_GEOMETRY
 10
-33.804
 20
-507.104
 40
38.401
 50
7.524
 51
11.429
  0
ARC
  8
APS_GEOMETRY
 10
17.524
 20
-500.268
 40
13.38
 50
187.765
 51
196.914
  0
ARC
  8
APS_GEOMETRY
 10
6.581
 20
-503.596
 40
1.942
 50
196.914
 51
221.082
  0
ARC
  8
APS_GEOMETRY
 10
6.623
 20
-503.56
 40
1.997
 50
221.082
 51
244.607
  0
ARC
  8
APS_GEOMETRY
 10
11.296
 20
-493.715
 40
12.896
 50
244.607
 51
253.811
  0
ARC
  8
APS_GEOMETRY
 10
7.188
 20
-507.725
 40
1.705
 50
51.45
 51
72.474
  0
ARC
  8
APS_GEOMETRY
 10
6.766
 20
-508.254
 40
2.382
 50
33.69
 51
51.45
  0
ARC
  8
APS_GEOMETRY
 10
6.667
 20
-508.32
 40
2.5
 50
16.639
 51
33.69
  0
ARC
  8
APS_GEOMETRY
 10
6.548
 20
-508.355
 40
2.625
 50
360.0
 51
16.639
  0
ARC
  8
APS_GEOMETRY
 10
6.511
 20
-508.355
 40
2.662
 50
338.993
 51
360.0
  0
ARC
  8
APS_GEOMETRY
 10
4.886
 20
-507.731
 40
4.402
 50
322.696
 51
338.993
  0
ARC
  8
APS_GEOMETRY
 10
4.28
 20
-507.27
 40
5.164
 50
308.603
 51
322.696
  0
ARC
  8
APS_GEOMETRY
 10
3.864
 20
-506.748
 40
5.831
 50
295.346
 51
308.603
  0
ARC
  8
APS_GEOMETRY
 10
1.673
 20
-501.922
 40
11.131
 50
279.583
 51
294.905
  0
ARC
  8
APS_GEOMETRY
 10
-1.194
 20
-484.941
 40
28.353
 50
270.0
 51
279.583
  0
ARC
  8
APS_GEOMETRY
 10
-1.194
 20
-492.622
 40
20.672
 50
261.247
 51
270.0
  0
ARC
  8
APS_GEOMETRY
 10
-2.519
 20
-501.222
 40
11.97
 50
249.737
 51
261.247
  0
ARC
  8
APS_GEOMETRY
 10
-3.389
 20
-503.58
 40
9.457
 50
235.345
 51
249.737
  0
ARC
  8
APS_GEOMETRY
 10
-4.488
 20
-505.17
 40
7.524
 50
219.198
 51
235.345
  0
ARC
  8
APS_GEOMETRY
 10
-2.175
 20
-503.198
 40
10.563
 50
209.076
 51
219.56
  0
ARC
  8
APS_GEOMETRY
 10
3.166
 20
-500.228
 40
16.674
 50
200.735
 51
209.076
  0
ARC
  8
APS_GEOMETRY
 10
10.535
 20
-497.438
 40
24.554
 50
197.881
 51
200.735
  0
ARC
  8
APS_GEOMETRY
 10
40.817
 20
-487.669
 40
56.372
 50
195.997
 51
197.881
  0
ARC
  8
APS_GEOMETRY
 10
63.199
 20
-481.252
 40
79.656
 50
194.664
 51
195.997
  0
ARC
  8
APS_GEOMETRY
 10
125.194
 20
-465.029
 40
143.738
 50
193.671
 51
194.664
  0
ARC
  8
APS_GEOMETRY
 10
-32.017
 20
-503.25
 40
18.051
 50
13.61
 51
23.585
  0
ARC
  8
APS_GEOMETRY
 10
-20.197
 20
-498.09
 40
5.155
 50
23.585
 51
42.31
  0
ARC
  8
APS_GEOMETRY
 10
-19.125
 20
-497.114
 40
3.705
 50
42.31
 51
67.521
  0
ARC
  8
APS_GEOMETRY
 10
-19.974
 20
-499.164
 40
5.924
 50
67.521
 51
87.397
  0
LINE
  8
APS_GEOMETRY
 10
-21.569
 11
-21.928
 20
-476.568
 21
-484.187
  0
LINE
  8
APS_GEOMETRY
 10
-21.928
 11
-21.928
 20
-484.187
 21
-484.31
  0
LINE
  8
APS_GEOMETRY
 10
-21.928
 11
-21.928
 20
-484.31
 21
-484.482
  0
ARC
  8
APS_GEOMETRY
 10
-16.634
 20
-484.482
 40
5.294
 50
180.0
 51
192.339
  0
ARC
  8
APS_GEOMETRY
 10
-20.843
 20
-485.403
 40
0.986
 50
192.339
 51
221.186
  0
ARC
  8
APS_GEOMETRY
 10
-20.944
 20
-485.49
 40
0.852
 50
221.186
 51
253.872
  0
ARC
  8
APS_GEOMETRY
 10
-20.228
 20
-483.015
 40
3.429
 50
253.872
 51
270.0
  0
ARC
  8
APS_GEOMETRY
 10
-20.228
 20
-478.473
 40
7.971
 50
270.0
 51
289.569
  0
ARC
  8
APS_GEOMETRY
 10
-18.779
 20
-482.55
 40
3.644
 50
289.569
 51
318.681
  0
ARC
  8
APS_GEOMETRY
 10
-19.171
 20
-482.205
 40
4.166
 50
318.681
 51
344.628
  0
ARC
  8
APS_GEOMETRY
 10
-26.473
 20
-480.198
 40
11.74
 50
344.628
 51
0.0
  0
ARC
  8
APS_GEOMETRY
 10
-23.002
 20
-480.198
 40
8.268
 50
0.0
 51
35.369
  0
ARC
  8
APS_GEOMETRY
 10
-19.214
 20
-477.509
 40
3.623
 50
35.369
 51
90.0
  0
ARC
  8
APS_GEOMETRY
 10
-19.214
 20
-477.549
 40
3.663
 50
90.0
 51
108.435
  0
ARC
  8
APS_GEOMETRY
 10
-19.927
 20
-475.411
 40
1.409
 50
108.435
 51
138.366
  0
ARC
  8
APS_GEOMETRY
 10
-19.735
 20
-475.581
 40
1.665
 50
138.366
 51
164.291
  0
ARC
  8
APS_GEOMETRY
 10
-15.25
 20
-476.842
 40
6.324
 50
164.291
 51
177.51
  0
LINE
  8
APS_GEOMETRY
 10
28.945
 11
46.18
 20
-467.378
 21
-467.378
  0
ARC
  8
APS_GEOMETRY
 10
45.308
 20
-442.683
 40
24.711
 50
272.021
 51
278.44
  0
ARC
  8
APS_GEOMETRY
 10
46.281
 20
-449.238
 40
18.083
 50
278.44
 51
285.945
  0
ARC
  8
APS_GEOMETRY
 10
53.598
 20
-475.435
 40
9.118
 50
98.584
 51
104.931
  0
ARC
  8
APS_GEOMETRY
 10
52.982
 20
-471.355
 40
4.991
 50
90.0
 51
98.584
  0
ARC
  8
APS_GEOMETRY
 10
52.982
 20
-470.116
 40
3.752
 50
52.871
 51
90.0
  0
ARC
  8
APS_GEOMETRY
 10
47.894
 20
-476.837
 40
12.182
 50
32.518
 51
52.871
  0
ARC
  8
APS_GEOMETRY
 10
43.862
 20
-479.407
 40
16.963
 50
17.209
 51
32.518
  0
ARC
  8
APS_GEOMETRY
 10
47.222
 20
-478.366
 40
13.445
 50
360.0
 51
17.209
  0
ARC
  8
APS_GEOMETRY
 10
53.95
 20
-478.366
 40
6.717
 50
337.348
 51
360.0
  0
ARC
  8
APS_GEOMETRY
 10
56.65
 20
-479.493
 40
3.792
 50
307.042
 51
337.348
  0
ARC
  8
APS_GEOMETRY
 10
56.181
 20
-478.848
 40
4.589
 50
287.186
 51
306.87
  0
ARC
  8
APS_GEOMETRY
 10
55.762
 20
-477.494
 40
6.006
 50
270.0
 51
287.186
  0
ARC
  8
APS_GEOMETRY
 10
55.762
 20
-478.107
 40
5.393
 50
252.221
 51
270.0
  0
ARC
  8
APS_GEOMETRY
 10
55.511
 20
-478.89
 40
4.571
 50
232.896
 51
252.221
  0
ARC
  8
APS_GEOMETRY
 10
56.481
 20
-477.607
 40
6.18
 50
218.3
 51
232.896
  0
ARC
  8
APS_GEOMETRY
 10
64.062
 20
-471.621
 40
15.839
 50
209.197
 51
218.3
  0
ARC
  8
APS_GEOMETRY
 10
25.508
 20
-492.509
 40
28.012
 50
28.025
 51
32.699
  0
ARC
  8
APS_GEOMETRY
 10
45.664
 20
-479.569
 40
4.06
 50
32.699
 51
45.0
  0
ARC
  8
APS_GEOMETRY
 10
47.038
 20
-478.195
 40
2.116
 50
45.0
 51
67.557
  0
ARC
  8
APS_GEOMETRY
 10
47.03
 20
-478.214
 40
2.137
 50
67.557
 51
90.0
  0
ARC
  8
APS_GEOMETRY
 10
47.03
 20
-478.046
 40
1.969
 50
90.0
 51
120.801
  0
ARC
  8
APS_GEOMETRY
 10
46.964
 20
-477.934
 40
1.839
 50
120.801
 51
152.7
  0
ARC
  8
APS_GEOMETRY
 10
48.422
 20
-478.687
 40
3.481
 50
152.7
 51
171.085
  0
ARC
  8
APS_GEOMETRY
 10
59.511
 20
-480.427
 40
14.705
 50
171.085
 51
180.0
  0
LINE
  8
APS_GEOMETRY
 10
44.806
 11
44.806
 20
-480.427
 21
-498.741
  0
ARC
  8
APS_GEOMETRY
 10
64.233
 20
-498.741
 40
19.427
 50
180.0
 51
188.194
  0
ARC
  8
APS_GEOMETRY
 10
49.726
 20
-500.83
 40
4.77
 50
188.194
 51
204.775
  0
ARC
  8
APS_GEOMETRY
 10
48.316
 20
-501.48
 40
3.218
 50
204.775
 51
228.576
  0
ARC
  8
APS_GEOMETRY
 10
49.639
 20
-499.982
 40
5.216
 50
228.576
 51
247.218
  0
ARC
  8
APS_GEOMETRY
 10
41.97
 20
-518.054
 40
14.416
 50
59.381
 51
66.93
  0
ARC
  8
APS_GEOMETRY
 10
47.631
 20
-508.488
 40
3.301
 50
43.568
 51
59.381
  0
ARC
  8
APS_GEOMETRY
 10
48.537
 20
-507.627
 40
2.051
 50
19.041
 51
43.568
  0
ARC
  8
APS_GEOMETRY
 10
47.278
 20
-508.061
 40
3.382
 50
360.0
 51
19.041
  0
ARC
  8
APS_GEOMETRY
 10
47.913
 20
-508.061
 40
2.747
 50
317.66
 51
360.0
  0
ARC
  8
APS_GEOMETRY
 10
45.39
 20
-505.763
 40
6.16
 50
289.747
 51
317.66
  0
ARC
  8
APS_GEOMETRY
 10
43.278
 20
-499.878
 40
12.412
 50
281.964
 51
289.747
  0
ARC
  8
APS_GEOMETRY
 10
40.351
 20
-486.066
 40
26.531
 50
276.643
 51
281.964
  0
ARC
  8
APS_GEOMETRY
 10
39.119
 20
-475.49
 40
37.178
 50
272.836
 51
276.643
  0
ARC
  8
APS_GEOMETRY
 10
37.644
 20
-445.714
 40
66.99
 50
270.0
 51
272.836
  0
ARC
  8
APS_GEOMETRY
 10
37.644
 20
-427.265
 40
85.44
 50
267.283
 51
270.0
  0
ARC
  8
APS_GEOMETRY
 10
35.85
 20
-465.068
 40
47.595
 50
263.643
 51
267.283
  0
ARC
  8
APS_GEOMETRY
 10
34.348
 20
-478.551
 40
34.027
 50
258.563
 51
263.643
  0
ARC
  8
APS_GEOMETRY
 10
30.759
 20
-496.291
 40
15.929
 50
251.136
 51
258.563
  0
ARC
  8
APS_GEOMETRY
 10
27.555
 20
-505.584
 40
6.099
 50
222.558
 51
251.395
  0
ARC
  8
APS_GEOMETRY
 10
25.178
 20
-507.767
 40
2.871
 50
180.0
 51
222.558
  0
ARC
  8
APS_GEOMETRY
 10
24.698
 20
-507.767
 40
2.392
 50
150.642
 51
180.0
  0
ARC
  8
APS_GEOMETRY
 10
24.89
 20
-507.874
 40
2.612
 50
122.574
 51
150.642
  0
ARC
  8
APS_GEOMETRY
 10
24.383
 20
-507.292
 40
1.851
 50
108.677
 51
119.055
  0
ARC
  8
APS_GEOMETRY
 10
47.498
 20
-575.676
 40
74.036
 50
107.038
 51
108.677
  0
ARC
  8
APS_GEOMETRY
 10
24.944
 20
-501.912
 40
3.099
 50
286.144
 51
308.66
  0
ARC
  8
APS_GEOMETRY
 10
25.451
 20
-502.546
 40
2.287
 50
308.66
 51
334.933
  0
ARC
  8
APS_GEOMETRY
 10
23.387
 20
-501.581
 40
4.566
 50
334.933
 51
348.829
  0
ARC
  8
APS_GEOMETRY
 10
-2.439
 20
-496.481
 40
30.891
 50
348.829
 51
354.161
  0
ARC
  8
APS_GEOMETRY
 10
-19.895
 20
-494.681
 40
48.439
 50
354.144
 51
355.66
  0
ARC
  8
APS_GEOMETRY
 10
-97.271
 20
-488.809
 40
126.038
 50
355.66
 51
356.6
  0
ARC
  8
APS_GEOMETRY
 10
-156.42
 20
-485.296
 40
185.291
 50
356.6
 51
357.24
  0
ARC
  8
APS_GEOMETRY
 10
-324.246
 20
-477.204
 40
353.311
 50
357.24
 51
357.703
  0
ARC
  8
APS_GEOMETRY
 10
-307.725
 20
-477.867
 40
336.777
 50
357.703
 51
358.674
  0
ARC
  8
APS_GEOMETRY
 10
-151.893
 20
-481.473
 40
180.903
 50
358.674
 51
0.0
  0
ARC
  8
APS_GEOMETRY
 10
2.2
 20
-481.473
 40
26.81
 50
0.0
 51
6.242
  0
ARC
  8
APS_GEOMETRY
 10
23.52
 20
-479.141
 40
5.364
 50
6.242
 51
20.225
  0
ARC
  8
APS_GEOMETRY
 10
26.474
 20
-478.053
 40
2.215
 50
20.225
 51
50.44
  0
ARC
  8
APS_GEOMETRY
 10
27.048
 20
-477.358
 40
1.314
 50
50.44
 51
90.0
  0
ARC
  8
APS_GEOMETRY
 10
27.048
 20
-477.807
 40
1.762
 50
90.0
 51
126.747
  0
ARC
  8
APS_GEOMETRY
 10
29.538
 20
-481.141
 40
5.924
 50
126.747
 51
146.547
  0
ARC
  8
APS_GEOMETRY
 10
-14.449
 20
-452.229
 40
46.715
 50
324.255
 51
326.701
  0
ARC
  8
APS_GEOMETRY
 10
4.174
 20
-465.633
 40
23.77
 50
320.826
 51
324.255
  0
ARC
  8
APS_GEOMETRY
 10
10.26
 20
-470.592
 40
15.918
 50
315.722
 51
320.826
  0
ARC
  8
APS_GEOMETRY
 10
17.254
 20
-477.412
 40
6.149
 50
307.504
 51
315.722
  0
ARC
  8
APS_GEOMETRY
 10
16.609
 20
-476.551
 40
7.226
 50
291.306
 51
307.405
  0
ARC
  8
APS_GEOMETRY
 10
17.728
 20
-479.42
 40
4.146
 50
270.0
 51
291.306
  0
ARC
  8
APS_GEOMETRY
 10
17.728
 20
-479.687
 40
3.879
 50
245.532
 51
270.0
  0
ARC
  8
APS_GEOMETRY
 10
17.698
 20
-479.752
 40
3.808
 50
220.833
 51
245.532
  0
ARC
  8
APS_GEOMETRY
 10
18.092
 20
-479.412
 40
4.328
 50
198.684
 51
220.833
  0
ARC
  8
APS_GEOMETRY
 10
19.733
 20
-478.857
 40
6.06
 50
180.0
 51
198.684
  0
ARC
  8
APS_GEOMETRY
 10
23.58
 20
-478.857
 40
9.908
 50
168.408
 51
180.0
  0
ARC
  8
APS_GEOMETRY
 10
29.933
 20
-480.16
 40
16.393
 50
159.402
 51
168.408
  0
ARC
  8
APS_GEOMETRY
 10
31.896
 20
-480.898
 40
18.49
 50
151.39
 51
159.402
  0
ARC
  8
APS_GEOMETRY
 10
31.494
 20
-480.678
 40
18.032
 50
143.276
 51
151.39
  0
ARC
  8
APS_GEOMETRY
 10
26.444
 20
-476.902
 40
11.726
 50
124.216
 51
143.31
  0
ARC
  8
APS_GEOMETRY
 10
21.947
 20
-470.288
 40
3.728
 50
90.0
 51
124.216
  0
ARC
  8
APS_GEOMETRY
 10
21.947
 20
-471.945
 40
5.384
 50
82.725
 51
90.0
  0
ARC
  8
APS_GEOMETRY
 10
21.526
 20
-475.24
 40
8.707
 50
77.005
 51
82.725
  0
ARC
  8
APS_GEOMETRY
 10
34.374
 20
-413.294
 40
54.561
 50
258.486
 51
260.378
  0
ARC
  8
APS_GEOMETRY
 10
28.87
 20
-445.758
 40
21.633
 50
260.378
 51
263.382
  0
ARC
  8
APS_GEOMETRY
 10
28.399
 20
-449.816
 40
17.548
 50
263.382
 51
267.084
  0
ARC
  8
APS_GEOMETRY
 10
28.945
 20
-439.105
 40
28.273
 50
267.084
 51
270.0
  0
LINE
  8
APS_GEOMETRY
 10
72.362
 11
89.172
 20
-467.378
 21
-467.378
  0
ARC
  8
APS_GEOMETRY
 10
89.172
 20
-255.658
 40
211.72
 50
270.0
 51
270.69
  0
ARC
  8
APS_GEOMETRY
 10
90.365
 20
-354.714
 40
112.656
 50
270.69
 51
271.637
  0
ARC
  8
APS_GEOMETRY
 10
91.371
 20
-389.908
 40
77.448
 50
271.637
 51
273.013
  0
ARC
  8
APS_GEOMETRY
 10
93.822
 20
-436.471
 40
30.821
 50
273.013
 51
275.194
  0
ARC
  8
APS_GEOMETRY
 10
94.429
 20
-443.152
 40
24.112
 50
275.194
 51
280.756
  0
ARC
  8
APS_GEOMETRY
 10
94.543
 20
-443.753
 40
23.5
 50
280.756
 51
286.39
  0
ARC
  8
APS_GEOMETRY
 10
103.157
 20
-473.238
 40
7.217
 50
100.305
 51
105.945
  0
ARC
  8
APS_GEOMETRY
 10
102.253
 20
-468.269
 40
2.166
 50
90.0
 51
100.305
  0
ARC
  8
APS_GEOMETRY
 10
102.253
 20
-469.042
 40
2.94
 50
58.946
 51
90.0
  0
ARC
  8
APS_GEOMETRY
 10
101.129
 20
-470.909
 40
5.119
 50
35.538
 51
58.946
  0
ARC
  8
APS_GEOMETRY
 10
96.74
 20
-474.138
 40
10.568
 50
16.699
 51
35.952
  0
ARC
  8
APS_GEOMETRY
 10
93.439
 20
-475.129
 40
14.014
 50
360.0
 51
16.699
  0
ARC
  8
APS_GEOMETRY
 10
99.589
 20
-475.129
 40
7.864
 50
344.982
 51
360.0
  0
ARC
  8
APS_GEOMETRY
 10
103.364
 20
-476.141
 40
3.956
 50
323.746
 51
344.982
  0
ARC
  8
APS_GEOMETRY
 10
104.203
 20
-476.756
 40
2.916
 50
296.114
 51
323.746
  0
ARC
  8
APS_GEOMETRY
 10
104.052
 20
-476.449
 40
3.258
 50
270.0
 51
296.114
  0
ARC
  8
APS_GEOMETRY
 10
104.052
 20
-475.623
 40
4.084
 50
255.311
 51
270.0
  0
ARC
  8
APS_GEOMETRY
 10
103.506
 20
-477.706
 40
1.931
 50
233.881
 51
255.311
  0
ARC
  8
APS_GEOMETRY
 10
104.081
 20
-476.918
 40
2.906
 50
219.289
 51
233.881
  0
ARC
  8
APS_GEOMETRY
 10
115.611
 20
-467.485
 40
17.803
 50
213.408
 51
219.289
  0
ARC
  8
APS_GEOMETRY
 10
94.01
 20
-481.713
 40
8.063
 50
33.294
 51
51.246
  0
ARC
  8
APS_GEOMETRY
 10
95.107
 20
-480.345
 40
6.309
 50
51.246
 51
71.565
  0
ARC
  8
APS_GEOMETRY
 10
94.382
 20
-482.523
 40
8.604
 50
71.565
 51
79.278
  0
ARC
  8
APS_GEOMETRY
 10
92.054
 20
-494.818
 40
21.118
 50
79.278
 51
84.2
  0
ARC
  8
APS_GEOMETRY
 10
91.06
 20
-504.597
 40
30.947
 50
84.2
 51
87.567
  0
ARC
  8
APS_GEOMETRY
 10
89.859
 20
-532.875
 40
59.251
 50
87.567
 51
90.0
  0
ARC
  8
APS_GEOMETRY
 10
89.859
 20
-490.28
 40
16.656
 50
90.0
 51
96.374
  0
ARC
  8
APS_GEOMETRY
 10
88.753
 20
-480.384
 40
6.698
 50
96.374
 51
106.434
  0
ARC
  8
APS_GEOMETRY
 10
87.967
 20
-477.72
 40
3.921
 50
106.434
 51
123.056
  0
ARC
  8
APS_GEOMETRY
 10
86.741
 20
-475.836
 40
1.673
 50
123.056
 51
148.627
  0
ARC
  8
APS_GEOMETRY
 10
87.861
 20
-476.471
 40
2.96
 50
149.421
 51
165.28
  0
ARC
  8
APS_GEOMETRY
 10
91.09
 20
-477.319
 40
6.298
 50
165.28
 51
176.135
  0
ARC
  8
APS_GEOMETRY
 10
100.333
 20
-477.944
 40
15.562
 50
176.135
 51
178.367
  0
ARC
  8
APS_GEOMETRY
 10
185.838
 20
-480.382
 40
101.103
 50
178.367
 51
179.242
  0
ARC
  8
APS_GEOMETRY
 10
274.207
 20
-481.551
 40
189.479
 50
179.242
 51
179.709
  0
ARC
  8
APS_GEOMETRY
 10
574.856
 20
-483.076
 40
490.132
 50
179.709
 51
180.0
  0
ARC
  8
APS_GEOMETRY
 10
91.815
 20
-483.076
 40
7.091
 50
180.0
 51
195.027
  0
ARC
  8
APS_GEOMETRY
 10
86.016
 20
-484.632
 40
1.086
 50
195.027
 51
234.058
  0
ARC
  8
APS_GEOMETRY
 10
86.072
 20
-484.554
 40
1.183
 50
234.058
 51
253.191
  0
ARC
  8
APS_GEOMETRY
 10
87.31
 20
-480.459
 40
5.461
 50
253.191
 51
262.063
  0
ARC
  8
APS_GEOMETRY
 10
87.943
 20
-475.913
 40
10.05
 50
262.063
 51
266.949
  0
ARC
  8
APS_GEOMETRY
 10
88.779
 20
-460.231
 40
25.755
 50
266.949
 51
270.0
  0
ARC
  8
APS_GEOMETRY
 10
88.779
 20
-481.264
 40
4.722
 50
270.0
 51
286.007
  0
ARC
  8
APS_GEOMETRY
 10
89.606
 20
-484.145
 40
1.725
 50
286.007
 51
312.647
  0
ARC
  8
APS_GEOMETRY
 10
89.589
 20
-484.126
 40
1.75
 50
312.647
 51
338.993
  0
ARC
  8
APS_GEOMETRY
 10
86.014
 20
-482.754
 40
5.58
 50
338.993
 51
353.66
  0
ARC
  8
APS_GEOMETRY
 10
122.933
 20
-487.156
 40
31.601
 50
169.663
 51
173.118
  0
ARC
  8
APS_GEOMETRY
 10
96.543
 20
-482.343
 40
4.776
 50
160.769
 51
169.663
  0
ARC
  8
APS_GEOMETRY
 10
94.336
 20
-481.573
 40
2.439
 50
143.746
 51
160.769
  0
ARC
  8
APS_GEOMETRY
 10
94.869
 20
-481.964
 40
3.1
 50
128.66
 51
143.746
  0
ARC
  8
APS_GEOMETRY
 10
94.514
 20
-481.388
 40
2.429
 50
110.171
 51
130.601
  0
ARC
  8
APS_GEOMETRY
 10
94.535
 20
-481.447
 40
2.492
 50
90.0
 51
110.171
  0
ARC
  8
APS_GEOMETRY
 10
94.535
 20
-481.482
 40
2.527
 50
61.22
 51
90.0
  0
ARC
  8
APS_GEOMETRY
 10
94.094
 20
-482.285
 40
3.443
 50
36.634
 51
61.22
  0
ARC
  8
APS_GEOMETRY
 10
93.68
 20
-482.531
 40
3.923
 50
19.103
 51
35.91
  0
ARC
  8
APS_GEOMETRY
 10
80.885
 20
-486.962
 40
17.463
 50
11.16
 51
19.103
  0
ARC
  8
APS_GEOMETRY
 10
74.2
 20
-488.281
 40
24.277
 50
5.396
 51
11.16
  0
ARC
  8
APS_GEOMETRY
 10
70.8
 20
-488.602
 40
27.692
 50
0.0
 51
5.396
  0
ARC
  8
APS_GEOMETRY
 10
71.282
 20
-488.602
 40
27.21
 50
349.287
 51
0.0
  0
ARC
  8
APS_GEOMETRY
 10
84.64
 20
-491.13
 40
13.615
 50
334.12
 51
349.287
  0
ARC
  8
APS_GEOMETRY
 10
93.842
 20
-495.576
 40
3.396
 50
303.53
 51
333.853
  0
ARC
  8
APS_GEOMETRY
 10
94.176
 20
-496.08
 40
2.791
 50
270.0
 51
303.53
  0
ARC
  8
APS_GEOMETRY
 10
94.176
 20
-495.949
 40
2.922
 50
249.578
 51
270.0
  0
ARC
  8
APS_GEOMETRY
 10
93.554
 20
-497.619
 40
1.14
 50
216.607
 51
249.578
  0
ARC
  8
APS_GEOMETRY
 10
94.148
 20
-497.177
 40
1.881
 50
195.422
 51
216.607
  0
ARC
  8
APS_GEOMETRY
 10
104.411
 20
-494.347
 40
12.526
 50
187.253
 51
195.422
  0
ARC
  8
APS_GEOMETRY
 10
87.838
 20
-496.478
 40
4.183
 50
7.561
 51
49.434
  0
ARC
  8
APS_GEOMETRY
 10
87.668
 20
-496.677
 40
4.445
 50
49.434
 51
90.0
  0
ARC
  8
APS_GEOMETRY
 10
87.668
 20
-495.223
 40
2.991
 50
90.0
 51
115.224
  0
ARC
  8
APS_GEOMETRY
 10
87.076
 20
-493.968
 40
1.603
 50
115.224
 51
149.931
  0
ARC
  8
APS_GEOMETRY
 10
88.145
 20
-494.587
 40
2.838
 50
149.931
 51
171.111
  0
ARC
  8
APS_GEOMETRY
 10
101.113
 20
-496.615
 40
15.963
 50
171.111
 51
180.0
  0
ARC
  8
APS_GEOMETRY
 10
113.888
 20
-496.615
 40
28.739
 50
180.0
 51
183.062
  0
ARC
  8
APS_GEOMETRY
 10
157.876
 20
-494.262
 40
72.789
 50
183.062
 51
184.986
  0
ARC
  8
APS_GEOMETRY
 10
134.803
 20
-496.275
 40
49.629
 50
184.986
 51
187.804
  0
ARC
  8
APS_GEOMETRY
 10
91.102
 20
-502.264
 40
5.52
 50
187.804
 51
196.26
  0
ARC
  8
APS_GEOMETRY
 10
87.248
 20
-503.424
 40
1.496
 50
194.931
 51
230.024
  0
ARC
  8
APS_GEOMETRY
 10
88.229
 20
-502.254
 40
3.022
 50
230.024
 51
254.511
  0
ARC
  8
APS_GEOMETRY
 10
89.421
 20
-497.954
 40
7.485
 50
254.511
 51
265.219
  0
ARC
  8
APS_GEOMETRY
 10
91.919
 20
-468.087
 40
37.456
 50
265.219
 51
270.0
  0
ARC
  8
APS_GEOMETRY
 10
91.919
 20
-472.046
 40
33.497
 50
270.0
 51
274.186
  0
ARC
  8
APS_GEOMETRY
 10
92.938
 20
-485.963
 40
19.543
 50
274.186
 51
279.668
  0
ARC
  8
APS_GEOMETRY
 10
93.774
 20
-490.871
 40
14.564
 50
279.668
 51
286.991
  0
ARC
  8
APS_GEOMETRY
 10
95.686
 20
-497.131
 40
8.018
 50
286.991
 51
296.866
  0
ARC
  8
APS_GEOMETRY
 10
96.084
 20
-497.915
 40
7.139
 50
296.866
 51
318.366
  0
ARC
  8
APS_GEOMETRY
 10
92.085
 20
-494.361
 40
12.489
 50
318.366
 51
334.581
  0
ARC
  8
APS_GEOMETRY
 10
118.414
 20
-506.987
 40
16.711
 50
147.08
 51
154.231
  0
ARC
  8
APS_GEOMETRY
 10
107.408
 20
-499.861
 40
3.599
 50
131.634
 51
147.08
  0
ARC
  8
APS_GEOMETRY
 10
106.587
 20
-498.938
 40
2.364
 50
108.875
 51
131.634
  0
ARC
  8
APS_GEOMETRY
 10
106.93
 20
-499.94
 40
3.423
 50
90.0
 51
108.875
  0
ARC
  8
APS_GEOMETRY
 10
106.93
 20
-499.244
 40
2.727
 50
62.628
 51
90.0
  0
ARC
  8
APS_GEOMETRY
 10
106.757
 20
-499.577
 40
3.103
 50
36.995
 51
62.628
  0
ARC
  8
APS_GEOMETRY
 10
105.984
 20
-500.16
 40
4.071
 50
16.728
 51
36.995
  0
ARC
  8
APS_GEOMETRY
 10
104.179
 20
-500.703
 40
5.956
 50
360.0
 51
16.728
  0
ARC
  8
APS_GEOMETRY
 10
100.603
 20
-500.703
 40
9.532
 50
348.323
 51
360.0
  0
ARC
  8
APS_GEOMETRY
 10
86.294
 20
-497.746
 40
24.143
 50
340.994
 51
348.323
  0
ARC
  8
APS_GEOMETRY
 10
82.9
 20
-496.577
 40
27.733
 50
334.592
 51
340.994
  0
ARC
  8
APS_GEOMETRY
 10
88.824
 20
-499.39
 40
21.175
 50
327.265
 51
334.592
  0
ARC
  8
APS_GEOMETRY
 10
95.704
 20
-503.446
 40
13.198
 50
320.133
 51
325.923
  0
ARC
  8
APS_GEOMETRY
 10
103.707
 20
-510.13
 40
2.771
 50
307.476
 51
320.133
  0
ARC
  8
APS_GEOMETRY
 10
104.408
 20
-511.044
 40
1.619
 50
286.429
 51
307.476
  0
ARC
  8
APS_GEOMETRY
 10
104.117
 20
-510.059
 40
2.646
 50
270.0
 51
286.429
  0
ARC
  8
APS_GEOMETRY
 10
104.117
 20
-507.001
 40
5.704
 50
263.774
 51
270.0
  0
ARC
  8
APS_GEOMETRY
 10
105.786
 20
-491.704
 40
21.092
 50
260.538
 51
263.774
  0
ARC
  8
APS_GEOMETRY
 10
98.317
 20
-533.85
 40
21.713
 50
79.38
 51
84.987
  0
ARC
  8
APS_GEOMETRY
 10
95.079
 20
-570.761
 40
58.766
 50
84.987
 51
88.394
  0
LINE
  8
APS_GEOMETRY
 10
96.726
 11
68.994
 20
-512.018
 21
-512.018
  0
ARC
  8
APS_GEOMETRY
 10
68.994
 20
-506.214
 40
5.804
 50
254.103
 51
270.0
  0
ARC
  8
APS_GEOMETRY
 10
68.176
 20
-509.084
 40
2.82
 50
231.216
 51
254.103
  0
ARC
  8
APS_GEOMETRY
 10
67.841
 20
-509.502
 40
2.284
 50
203.795
 51
231.216
  0
ARC
  8
APS_GEOMETRY
 10
68.513
 20
-509.206
 40
3.019
 50
180.0
 51
203.795
  0
ARC
  8
APS_GEOMETRY
 10
68.768
 20
-509.206
 40
3.273
 50
164.055
 51
180.0
  0
ARC
  8
APS_GEOMETRY
 10
66.751
 20
-508.629
 40
1.175
 50
137.291
 51
164.055
  0
ARC
  8
APS_GEOMETRY
 10
67.358
 20
-509.19
 40
2.001
 50
120.964
 51
137.291
  0
ARC
  8
APS_GEOMETRY
 10
73.858
 20
-520.024
 40
14.637
 50
114.944
 51
120.964
  0
ARC
  8
APS_GEOMETRY
 10
65.743
 20
-502.27
 40
4.886
 50
293.429
 51
305.72
  0
ARC
  8
APS_GEOMETRY
 10
67.087
 20
-504.139
 40
2.584
 50
305.72
 51
322.651
  0
ARC
  8
APS_GEOMETRY
 10
66.878
 20
-503.98
 40
2.846
 50
322.651
 51
338.11
  0
ARC
  8
APS_GEOMETRY
 10
62.821
 20
-502.349
 40
7.219
 50
338.11
 51
347.8
  0
ARC
  8
APS_GEOMETRY
 10
37.62
 20
-496.825
 40
33.018
 50
347.672
 51
352.051
  0
ARC
  8
APS_GEOMETRY
 10
13.227
 20
-493.419
 40
57.647
 50
352.051
 51
355.365
  0
ARC
  8
APS_GEOMETRY
 10
-3.2
 20
-492.088
 40
74.128
 50
355.365
 51
357.943
  0
ARC
  8
APS_GEOMETRY
 10
-45.609
 20
-490.565
 40
116.566
 50
357.943
 51
0.0
  0
ARC
  8
APS_GEOMETRY
 10
-94.562
 20
-490.565
 40
165.518
 50
0.0
 51
2.183
  0
ARC
  8
APS_GEOMETRY
 10
4.413
 20
-486.791
 40
66.471
 50
2.183
 51
5.629
  0
ARC
  8
APS_GEOMETRY
 10
33.897
 20
-483.885
 40
36.844
 50
5.629
 51
11.805
  0
ARC
  8
APS_GEOMETRY
 10
62.513
 20
-477.904
 40
7.61
 50
11.805
 51
25.419
  0
ARC
  8
APS_GEOMETRY
 10
66.217
 20
-476.223
 40
3.544
 50
26.565
 51
38.157
  0
ARC
  8
APS_GEOMETRY
 10
67.861
 20
-474.931
 40
1.452
 50
38.157
 51
56.31
  0
ARC
  8
APS_GEOMETRY
 10
67.513
 20
-475.452
 40
2.079
 50
56.31
 51
69.193
  0
ARC
  8
APS_GEOMETRY
 10
62.634
 20
-488.294
 40
15.817
 50
69.193
 51
73.856
  0
ARC
  8
APS_GEOMETRY
 10
67.781
 20
-470.587
 40
2.623
 50
216.87
 51
253.393
  0
ARC
  8
APS_GEOMETRY
 10
67.743
 20
-470.616
 40
2.576
 50
180.0
 51
216.87
  0
ARC
  8
APS_GEOMETRY
 10
68.305
 20
-470.616
 40
3.138
 50
161.565
 51
180.0
  0
ARC
  8
APS_GEOMETRY
 10
68.192
 20
-470.578
 40
3.018
 50
142.765
 51
161.565
  0
ARC
  8
APS_GEOMETRY
 10
68.12
 20
-470.523
 40
2.928
 50
123.425
 51
142.765
  0
ARC
  8
APS_GEOMETRY
 10
68.185
 20
-470.622
 40
3.047
 50
104.47
 51
123.425
  0
ARC
  8
APS_GEOMETRY
 10
68.765
 20
-473.484
 40
5.965
 50
96.724
 51
102.995
  0
ARC
  8
APS_GEOMETRY
 10
70.566
 20
-488.76
 40
21.346
 50
93.411
 51
96.724
  0
ARC
  8
APS_GEOMETRY
 10
71.366
 20
-502.181
 40
34.791
 50
91.375
 51
93.411
  0
ARC
  8
APS_GEOMETRY
 10
72.362
 20
-543.681
 40
76.303
 50
90.0
 51
91.375
  0
LINE
  8
COSTRUZIONI
 10
140.5
 11
140.5
 20
2043.5
 21
4.5
  0
LINE
  8
COSTRUZIONI
 10
739.5
 11
739.5
 20
4.5
 21
2043.5
  0
LINE
  8
COSTRUZIONI
 10
739.5
 11
140.5
 20
1929.5
 21
1929.5
  0
LINE
  8
COSTRUZIONI
 10
140.5
 11
739.5
 20
118.5
 21
118.5
  0
LINE
  8
APS_GEOMETRY
 10
-363.801
 11
-363.801
 20
2018.5
 21
211.5
  0
LINE
  8
APS_GEOMETRY
 10
-318.801
 11
-318.801
 20
2018.5
 21
211.5
  0
LINE
  8
QUOTATURA
 10
-466.801
 11
-794.131
 20
2070.0
 21
2070.0
  0
LINE
  8
QUOTATURA
 10
-466.801
 11
-794.131
 20
0.0
 21
0.0
  0
LINE
  8
QUOTATURA
 10
-779.131
 11
-779.131
 20
2070.0
 21
1190.329
  0
LINE
  8
QUOTATURA
 10
-779.131
 11
-779.131
 20
879.671
 21
0.0
  0
LINE
  8
QUOTATURA
 10
-784.132
 11
-779.131
 20
2040.0
 21
2070.0
  0
LINE
  8
QUOTATURA
 10
-779.131
 11
-774.13
 20
2070.0
 21
2040.0
  0
LINE
  8
QUOTATURA
 10
-774.13
 11
-784.132
 20
2040.0
 21
2040.0
  0
LINE
  8
QUOTATURA
 10
-774.13
 11
-779.131
 20
30.0
 21
0.0
  0
LINE
  8
QUOTATURA
 10
-779.131
 11
-784.132
 20
0.0
 21
30.0
  0
LINE
  8
QUOTATURA
 10
-784.132
 11
-774.13
 20
30.0
 21
30.0
  0
LINE
  8
APS_GEOMETRY
 10
-455.801
 11
-457.801
 20
2359.0
 21
2359.0
  0
ARC
  8
APS_GEOMETRY
 10
-457.801
 20
2363.0
 40
4.0
 50
180.0
 51
270.0
  0
LINE
  8
APS_GEOMETRY
 10
-461.801
 11
-461.801
 20
2363.0
 21
2424.0
  0
ARC
  8
APS_GEOMETRY
 10
-457.801
 20
2424.0
 40
4.0
 50
90.0
 51
180.0
  0
LINE
  8
APS_GEOMETRY
 10
-457.801
 11
-451.801
 20
2428.0
 21
2428.0
  0
LINE
  8
APS_GEOMETRY
 10
-451.801
 11
-451.801
 20
2428.0
 21
2422.0
  0
LINE
  8
QUOTATURA
 10
-318.801
 11
-190.707
 20
2370.0
 21
2370.0
  0
LINE
  8
QUOTATURA
 10
-230.781
 11
-190.707
 20
0.0
 21
0.0
  0
LINE
  8
QUOTATURA
 10
-205.707
 11
-205.707
 20
2370.0
 21
1298.142
  0
LINE
  8
QUOTATURA
 10
-205.707
 11
-205.707
 20
1071.858
 21
0.0
  0
LINE
  8
QUOTATURA
 10
-210.708
 11
-205.707
 20
2340.0
 21
2370.0
  0
LINE
  8
QUOTATURA
 10
-205.707
 11
-200.706
 20
2370.0
 21
2340.0
  0
LINE
  8
QUOTATURA
 10
-200.706
 11
-210.708
 20
2340.0
 21
2340.0
  0
LINE
  8
QUOTATURA
 10
-200.706
 11
-205.707
 20
30.0
 21
0.0
  0
LINE
  8
QUOTATURA
 10
-205.707
 11
-210.708
 20
0.0
 21
30.0
  0
LINE
  8
QUOTATURA
 10
-210.708
 11
-200.706
 20
30.0
 21
30.0
  0
LINE
  8
APS_GEOMETRY
 10
869.0
 11
869.0
 20
0.0
 21
2359.0
  0
LINE
  8
APS_GEOMETRY
 10
869.0
 11
11.0
 20
2359.0
 21
2359.0
  0
LINE
  8
APS_GEOMETRY
 10
11.0
 11
11.0
 20
2359.0
 21
0.0
  0
LINE
  8
APS_GEOMETRY
 10
938.0
 11
938.0
 20
0.0
 21
2428.0
  0
LINE
  8
APS_GEOMETRY
 10
938.0
 11
-58.0
 20
2428.0
 21
2428.0
  0
LINE
  8
APS_GEOMETRY
 10
-58.0
 11
-58.0
 20
2428.0
 21
0.0
  0
LINE
  8
COSTRUZIONI
 10
853.5
 11
26.5
 20
2343.5
 21
2343.5
  0
LINE
  8
COSTRUZIONI
 10
26.5
 11
26.5
 20
2343.5
 21
2099.5
  0
LINE
  8
COSTRUZIONI
 10
26.5
 11
853.5
 20
2099.5
 21
2099.5
  0
LINE
  8
COSTRUZIONI
 10
853.5
 11
853.5
 20
2099.5
 21
2343.5
  0
LINE
  8
APS_GEOMETRY
 10
869.0
 11
11.0
 20
2084.0
 21
2084.0
  0
LINE
  8
COSTRUZIONI
 10
140.5
 11
140.5
 20
2343.5
 21
2099.5
  0
LINE
  8
COSTRUZIONI
 10
739.5
 11
739.5
 20
2099.5
 21
2343.5
  0
LINE
  8
COSTRUZIONI
 10
739.5
 11
140.5
 20
2229.5
 21
2229.5
  0
LINE
  8
COSTRUZIONI
 10
879.0
 11
1.0
 20
2369.0
 21
2369.0
  0
LINE
  8
COSTRUZIONI
 10
1.0
 11
1.0
 20
2369.0
 21
2074.0
  0
LINE
  8
COSTRUZIONI
 10
1.0
 11
879.0
 20
2074.0
 21
2074.0
  0
LINE
  8
COSTRUZIONI
 10
879.0
 11
879.0
 20
2074.0
 21
2369.0
  0
LINE
  8
APS_GEOMETRY
 10
11.0
 11
-58.0
 20
2359.0
 21
2428.0
  0
LINE
  8
APS_GEOMETRY
 10
869.0
 11
938.0
 20
2359.0
 21
2428.0
  0
LINE
  8
APS_GEOMETRY
 10
877.0
 11
3.0
 20
2367.0
 21
2367.0
  0
LINE
  8
APS_GEOMETRY
 10
3.0
 11
3.0
 20
2367.0
 21
2076.0
  0
LINE
  8
APS_GEOMETRY
 10
3.0
 11
877.0
 20
2076.0
 21
2076.0
  0
LINE
  8
APS_GEOMETRY
 10
877.0
 11
877.0
 20
2076.0
 21
2367.0
  0
LINE
  8
APS_GEOMETRY
 10
867.0
 11
13.0
 20
2357.0
 21
2357.0
  0
LINE
  8
APS_GEOMETRY
 10
13.0
 11
13.0
 20
2357.0
 21
2086.0
  0
LINE
  8
APS_GEOMETRY
 10
13.0
 11
867.0
 20
2086.0
 21
2086.0
  0
LINE
  8
APS_GEOMETRY
 10
867.0
 11
867.0
 20
2086.0
 21
2357.0
  0
LINE
  8
QUOTATURA
 10
0.0
 11
0.0
 20
-15.0
 21
-142.265
  0
LINE
  8
QUOTATURA
 10
880.0
 11
880.0
 20
-15.0
 21
-142.265
  0
LINE
  8
QUOTATURA
 10
0.0
 11
294.035
 20
-127.265
 21
-127.265
  0
LINE
  8
QUOTATURA
 10
585.965
 11
880.0
 20
-127.265
 21
-127.265
  0
LINE
  8
QUOTATURA
 10
30.0
 11
0.0
 20
-132.266
 21
-127.265
  0
LINE
  8
QUOTATURA
 10
0.0
 11
30.0
 20
-127.265
 21
-122.264
  0
LINE
  8
QUOTATURA
 10
30.0
 11
30.0
 20
-122.264
 21
-132.266
  0
LINE
  8
QUOTATURA
 10
850.0
 11
880.0
 20
-122.264
 21
-127.265
  0
LINE
  8
QUOTATURA
 10
880.0
 11
850.0
 20
-127.265
 21
-132.266
  0
LINE
  8
QUOTATURA
 10
850.0
 11
850.0
 20
-132.266
 21
-122.264
  0
LINE
  8
QUOTATURA
 10
-472.801
 11
-950.672
 20
2428.0
 21
2428.0
  0
LINE
  8
QUOTATURA
 10
-809.131
 11
-950.672
 20
0.0
 21
0.0
  0
LINE
  8
QUOTATURA
 10
-935.672
 11
-935.672
 20
2428.0
 21
1453.545
  0
LINE
  8
QUOTATURA
 10
-935.672
 11
-935.672
 20
974.455
 21
0.0
  0
LINE
  8
QUOTATURA
 10
-940.673
 11
-935.672
 20
2398.0
 21
2428.0
  0
LINE
  8
QUOTATURA
 10
-935.672
 11
-930.671
 20
2428.0
 21
2398.0
  0
LINE
  8
QUOTATURA
 10
-930.671
 11
-940.673
 20
2398.0
 21
2398.0
  0
LINE
  8
QUOTATURA
 10
-930.671
 11
-935.672
 20
30.0
 21
0.0
  0
LINE
  8
QUOTATURA
 10
-935.672
 11
-940.673
 20
0.0
 21
30.0
  0
LINE
  8
QUOTATURA
 10
-940.673
 11
-930.671
 20
30.0
 21
30.0
  0
LINE
  8
QUOTATURA
 10
3.0
 11
3.0
 20
2236.5
 21
2414.558
  0
LINE
  8
QUOTATURA
 10
877.0
 11
877.0
 20
2236.5
 21
2414.558
  0
LINE
  8
QUOTATURA
 10
3.0
 11
273.454
 20
2399.558
 21
2399.558
  0
LINE
  8
QUOTATURA
 10
606.546
 11
877.0
 20
2399.558
 21
2399.558
  0
LINE
  8
QUOTATURA
 10
33.0
 11
3.0
 20
2394.557
 21
2399.558
  0
LINE
  8
QUOTATURA
 10
3.0
 11
33.0
 20
2399.558
 21
2404.559
  0
LINE
  8
QUOTATURA
 10
33.0
 11
33.0
 20
2404.559
 21
2394.557
  0
LINE
  8
QUOTATURA
 10
847.0
 11
877.0
 20
2404.559
 21
2399.558
  0
LINE
  8
QUOTATURA
 10
877.0
 11
847.0
 20
2399.558
 21
2394.557
  0
LINE
  8
QUOTATURA
 10
847.0
 11
847.0
 20
2394.557
 21
2404.559
  0
LINE
  8
QUOTATURA
 10
455.0
 11
1073.209
 20
2367.0
 21
2367.0
  0
LINE
  8
QUOTATURA
 10
455.0
 11
1073.209
 20
2076.0
 21
2076.0
  0
LINE
  8
QUOTATURA
 10
1058.209
 11
1058.209
 20
2367.0
 21
2244.47
  0
LINE
  8
QUOTATURA
 10
1058.209
 11
1058.209
 20
2198.628
 21
2076.0
  0
LINE
  8
QUOTATURA
 10
1053.208
 11
1058.209
 20
2337.0
 21
2367.0
  0
LINE
  8
QUOTATURA
 10
1058.209
 11
1063.21
 20
2367.0
 21
2337.0
  0
LINE
  8
QUOTATURA
 10
1063.21
 11
1053.208
 20
2337.0
 21
2337.0
  0
LINE
  8
QUOTATURA
 10
1063.21
 11
1058.209
 20
2106.0
 21
2076.0
  0
LINE
  8
QUOTATURA
 10
1058.209
 11
1053.208
 20
2076.0
 21
2106.0
  0
LINE
  8
QUOTATURA
 10
1053.208
 11
1063.21
 20
2106.0
 21
2106.0
  0
LINE
  8
APS_GEOMETRY
 10
-451.801
 11
-451.801
 20
2359.0
 21
2428.0
  0
LINE
  8
APS_GEOMETRY
 10
-451.801
 11
-455.801
 20
2367.0
 21
2367.0
  0
LINE
  8
APS_GEOMETRY
 10
-455.801
 11
-455.801
 20
2367.0
 21
2357.0
  0
LINE
  8
APS_GEOMETRY
 10
-455.801
 11
-456.801
 20
2357.0
 21
2357.0
  0
ARC
  8
APS_GEOMETRY
 10
-456.801
 20
2352.0
 40
5.0
 50
90.0
 51
180.0
  0
LINE
  8
APS_GEOMETRY
 10
-461.801
 11
-461.801
 20
2352.0
 21
2091.0
  0
ARC
  8
APS_GEOMETRY
 10
-456.801
 20
2091.0
 40
5.0
 50
180.0
 51
270.0
  0
LINE
  8
APS_GEOMETRY
 10
-456.801
 11
-455.801
 20
2086.0
 21
2086.0
  0
LINE
  8
APS_GEOMETRY
 10
-455.801
 11
-455.801
 20
2086.0
 21
2076.0
  0
LINE
  8
APS_GEOMETRY
 10
-455.801
 11
-451.801
 20
2076.0
 21
2076.0
  0
LINE
  8
APS_GEOMETRY
 10
-455.801
 11
-455.801
 20
2076.0
 21
2074.0
  0
LINE
  8
APS_GEOMETRY
 10
-455.801
 11
-451.801
 20
2074.0
 21
2074.0
  0
LINE
  8
APS_GEOMETRY
 10
-455.801
 11
-455.801
 20
2367.0
 21
2369.0
  0
LINE
  8
APS_GEOMETRY
 10
-455.801
 11
-451.801
 20
2369.0
 21
2369.0
  0
LINE
  8
QUOTATURA
 10
-466.801
 11
-796.007
 20
2076.0
 21
2076.0
  0
LINE
  8
QUOTATURA
 10
-466.801
 11
-796.007
 20
2367.0
 21
2367.0
  0
LINE
  8
QUOTATURA
 10
-781.007
 11
-781.007
 20
2076.0
 21
2198.628
  0
LINE
  8
QUOTATURA
 10
-781.007
 11
-781.007
 20
2244.094
 21
2367.0
  0
LINE
  8
QUOTATURA
 10
-776.006
 11
-781.007
 20
2106.0
 21
2076.0
  0
LINE
  8
QUOTATURA
 10
-781.007
 11
-786.008
 20
2076.0
 21
2106.0
  0
LINE
  8
QUOTATURA
 10
-786.008
 11
-776.006
 20
2106.0
 21
2106.0
  0
LINE
  8
QUOTATURA
 10
-786.008
 11
-781.007
 20
2337.0
 21
2367.0
  0
LINE
  8
QUOTATURA
 10
-781.007
 11
-776.006
 20
2367.0
 21
2337.0
  0
LINE
  8
QUOTATURA
 10
-776.006
 11
-786.008
 20
2337.0
 21
2337.0
  0
LINE
  8
QUOTATURA
 10
-461.801
 11
-461.801
 20
2236.5
 21
2305.53
  0
LINE
  8
QUOTATURA
 10
-461.801
 11
-537.218
 20
2290.53
 21
2290.53
  0
LINE
  8
QUOTATURA
 10
-491.801
 11
-461.801
 20
2295.531
 21
2290.53
  0
LINE
  8
QUOTATURA
 10
-461.801
 11
-491.801
 20
2290.53
 21
2285.529
  0
LINE
  8
QUOTATURA
 10
-491.801
 11
-491.801
 20
2285.529
 21
2295.531
  0
LINE
  8
QUOTATURA
 10
-451.801
 11
-391.801
 20
2290.53
 21
2290.53
  0
LINE
  8
QUOTATURA
 10
-421.801
 11
-451.801
 20
2285.529
 21
2290.53
  0
LINE
  8
QUOTATURA
 10
-451.801
 11
-421.801
 20
2290.53
 21
2295.531
  0
LINE
  8
QUOTATURA
 10
-421.801
 11
-421.801
 20
2295.531
 21
2285.529
  0
CIRCLE
  8
QUOTATURA
 10
-5919.23
 20
3273.483
 40
3248.641
  0
LINE
  8
QUOTATURA
 10
-689.825
 11
-2735.265
 20
2214.108
 21
2628.474
  0
CIRCLE
  8
QUOTATURA
 10
-371.428
 20
2149.607
 40
324.864
  0
LINE
  8
APS_GEOMETRY
 10
-5842.954
 11
-5842.954
 20
2082.41
 21
1262.41
  0
LINE
  8
APS_GEOMETRY
 10
-5392.954
 11
-5392.954
 20
1262.41
 21
2162.41
  0
ARC
  8
APS_GEOMETRY
 10
-5442.954
 20
2162.41
 40
50.0
 50
0.0
 51
90.0
  0
LINE
  8
APS_GEOMETRY
 10
-5442.954
 11
-5522.954
 20
2212.41
 21
2212.41
  0
ARC
  8
APS_GEOMETRY
 10
-5522.954
 20
2192.41
 40
20.0
 50
90.0
 51
180.0
  0
LINE
  8
APS_GEOMETRY
 10
-5542.954
 11
-5542.954
 20
2192.41
 21
2112.41
  0
LINE
  8
APS_GEOMETRY
 10
-5542.954
 11
-5812.954
 20
2112.41
 21
2112.41
  0
ARC
  8
APS_GEOMETRY
 10
-5812.954
 20
2082.41
 40
30.0
 50
90.0
 51
180.0
  0
LINE
  8
APS_GEOMETRY
 10
-6722.956
 11
-6722.956
 20
3057.41
 21
2367.41
  0
LINE
  8
APS_GEOMETRY
 10
-6722.956
 11
-6782.956
 20
2367.41
 21
2367.41
  0
ARC
  8
APS_GEOMETRY
 10
-6782.956
 20
2407.41
 40
40.0
 50
180.0
 51
270.0
  0
LINE
  8
APS_GEOMETRY
 10
-6822.956
 11
-6822.956
 20
2407.41
 21
2567.41
  0
ARC
  8
APS_GEOMETRY
 10
-6772.956
 20
2567.41
 40
50.0
 50
90.0
 51
180.0
  0
LINE
  8
APS_GEOMETRY
 10
-6772.956
 11
-6762.956
 20
2617.41
 21
2617.41
  0
LINE
  8
COSTRUZIONI
 10
-5839.955
 11
-5839.955
 20
2219.41
 21
2142.41
  0
ARC
  8
COSTRUZIONI
 10
-5959.955
 20
2092.41
 40
130.0
 50
337.38
 51
22.62
  0
LINE
  8
COSTRUZIONI
 10
-5839.955
 11
-5874.955
 20
2042.41
 21
2042.41
  0
LINE
  8
COSTRUZIONI
 10
-5874.955
 11
-5874.955
 20
2042.41
 21
2219.41
  0
LINE
  8
COSTRUZIONI
 10
-5874.955
 11
-5839.955
 20
2219.41
 21
2219.41
  0
LINE
  8
COSTRUZIONI
 10
-5874.955
 11
-5873.187
 20
2217.643
 21
2219.41
  0
LINE
  8
COSTRUZIONI
 10
-5867.884
 11
-5874.955
 20
2219.41
 21
2212.339
  0
LINE
  8
COSTRUZIONI
 10
-5874.955
 11
-5866.116
 20
2210.572
 21
2219.41
  0
LINE
  8
COSTRUZIONI
 10
-5860.813
 11
-5874.955
 20
2219.41
 21
2205.268
  0
LINE
  8
COSTRUZIONI
 10
-5874.955
 11
-5859.045
 20
2203.501
 21
2219.41
  0
LINE
  8
COSTRUZIONI
 10
-5853.742
 11
-5874.955
 20
2219.41
 21
2198.197
  0
LINE
  8
COSTRUZIONI
 10
-5874.955
 11
-5851.974
 20
2196.429
 21
2219.41
  0
LINE
  8
COSTRUZIONI
 10
-5846.671
 11
-5874.955
 20
2219.41
 21
2191.126
  0
LINE
  8
COSTRUZIONI
 10
-5874.955
 11
-5844.903
 20
2189.358
 21
2219.41
  0
LINE
  8
COSTRUZIONI
 10
-5839.955
 11
-5874.955
 20
2219.055
 21
2184.055
  0
LINE
  8
COSTRUZIONI
 10
-5874.955
 11
-5839.955
 20
2182.287
 21
2217.287
  0
LINE
  8
COSTRUZIONI
 10
-5839.955
 11
-5874.955
 20
2211.984
 21
2176.984
  0
LINE
  8
COSTRUZIONI
 10
-5874.955
 11
-5839.955
 20
2175.216
 21
2210.216
  0
LINE
  8
COSTRUZIONI
 10
-5839.955
 11
-5874.955
 20
2204.913
 21
2169.913
  0
LINE
  8
COSTRUZIONI
 10
-5874.955
 11
-5839.955
 20
2168.145
 21
2203.145
  0
LINE
  8
COSTRUZIONI
 10
-5839.955
 11
-5874.955
 20
2197.842
 21
2162.842
  0
LINE
  8
COSTRUZIONI
 10
-5874.955
 11
-5839.955
 20
2161.074
 21
2196.074
  0
LINE
  8
COSTRUZIONI
 10
-5839.955
 11
-5874.955
 20
2190.771
 21
2155.771
  0
LINE
  8
COSTRUZIONI
 10
-5874.955
 11
-5839.955
 20
2154.003
 21
2189.003
  0
LINE
  8
COSTRUZIONI
 10
-5839.955
 11
-5874.955
 20
2183.7
 21
2148.7
  0
LINE
  8
COSTRUZIONI
 10
-5874.955
 11
-5839.955
 20
2146.932
 21
2181.932
  0
LINE
  8
COSTRUZIONI
 10
-5839.955
 11
-5874.955
 20
2176.629
 21
2141.629
  0
LINE
  8
COSTRUZIONI
 10
-5874.955
 11
-5839.955
 20
2139.861
 21
2174.861
  0
LINE
  8
COSTRUZIONI
 10
-5839.955
 11
-5874.955
 20
2169.558
 21
2134.558
  0
LINE
  8
COSTRUZIONI
 10
-5874.955
 11
-5839.955
 20
2132.79
 21
2167.79
  0
LINE
  8
COSTRUZIONI
 10
-5839.955
 11
-5874.955
 20
2162.487
 21
2127.487
  0
LINE
  8
COSTRUZIONI
 10
-5874.955
 11
-5839.955
 20
2125.719
 21
2160.719
  0
LINE
  8
COSTRUZIONI
 10
-5839.955
 11
-5874.955
 20
2155.415
 21
2120.415
  0
LINE
  8
COSTRUZIONI
 10
-5874.955
 11
-5839.955
 20
2118.648
 21
2153.648
  0
LINE
  8
COSTRUZIONI
 10
-5839.955
 11
-5874.955
 20
2148.344
 21
2113.344
  0
LINE
  8
COSTRUZIONI
 10
-5874.955
 11
-5839.955
 20
2111.577
 21
2146.577
  0
LINE
  8
COSTRUZIONI
 10
-5839.623
 11
-5874.955
 20
2141.606
 21
2106.273
  0
LINE
  8
COSTRUZIONI
 10
-5874.955
 11
-5839.115
 20
2104.506
 21
2140.345
  0
LINE
  8
COSTRUZIONI
 10
-5837.659
 11
-5874.955
 20
2136.498
 21
2099.202
  0
LINE
  8
COSTRUZIONI
 10
-5874.955
 11
-5837.197
 20
2097.435
 21
2135.193
  0
LINE
  8
COSTRUZIONI
 10
-5835.879
 11
-5874.955
 20
2131.207
 21
2092.131
  0
LINE
  8
COSTRUZIONI
 10
-5874.955
 11
-5835.464
 20
2090.363
 21
2129.854
  0
LINE
  8
COSTRUZIONI
 10
-5834.295
 11
-5874.955
 20
2125.72
 21
2085.06
  0
LINE
  8
COSTRUZIONI
 10
-5874.955
 11
-5833.931
 20
2083.292
 21
2124.316
  0
LINE
  8
COSTRUZIONI
 10
-5832.921
 11
-5874.955
 20
2120.023
 21
2077.989
  0
LINE
  8
COSTRUZIONI
 10
-5874.955
 11
-5832.613
 20
2076.221
 21
2118.563
  0
LINE
  8
COSTRUZIONI
 10
-5831.777
 11
-5874.955
 20
2114.096
 21
2070.918
  0
LINE
  8
COSTRUZIONI
 10
-5874.955
 11
-5831.529
 20
2069.15
 21
2112.577
  0
LINE
  8
COSTRUZIONI
 10
-5830.883
 11
-5874.955
 20
2107.919
 21
2063.847
  0
LINE
  8
COSTRUZIONI
 10
-5874.955
 11
-5830.703
 20
2062.079
 21
2106.332
  0
LINE
  8
COSTRUZIONI
 10
-5830.271
 11
-5874.955
 20
2101.46
 21
2056.776
  0
LINE
  8
COSTRUZIONI
 10
-5874.955
 11
-5830.165
 20
2055.008
 21
2099.798
  0
LINE
  8
COSTRUZIONI
 10
-5829.975
 11
-5874.955
 20
2094.685
 21
2049.705
  0
LINE
  8
COSTRUZIONI
 10
-5874.955
 11
-5829.956
 20
2047.937
 21
2092.936
  0
LINE
  8
COSTRUZIONI
 10
-5830.046
 11
-5874.955
 20
2087.543
 21
2042.634
  0
LINE
  8
COSTRUZIONI
 10
-5873.411
 11
-5830.129
 20
2042.41
 21
2085.692
  0
LINE
  8
COSTRUZIONI
 10
-5830.552
 11
-5868.107
 20
2079.966
 21
2042.41
  0
LINE
  8
COSTRUZIONI
 10
-5866.34
 11
-5830.757
 20
2042.41
 21
2077.993
  0
LINE
  8
COSTRUZIONI
 10
-5831.59
 11
-5861.036
 20
2071.856
 21
2042.41
  0
LINE
  8
COSTRUZIONI
 10
-5859.269
 11
-5831.949
 20
2042.41
 21
2069.73
  0
LINE
  8
COSTRUZIONI
 10
-5833.311
 11
-5853.965
 20
2063.065
 21
2042.41
  0
LINE
  8
COSTRUZIONI
 10
-5852.197
 11
-5833.873
 20
2042.41
 21
2060.735
  0
LINE
  8
COSTRUZIONI
 10
-5835.965
 11
-5846.894
 20
2053.339
 21
2042.41
  0
LINE
  8
COSTRUZIONI
 10
-5845.126
 11
-5836.824
 20
2042.41
 21
2050.713
  0
ARC
  8
APS_GEOMETRY
 10
-5884.955
 20
2047.41
 40
10.0
 50
270.0
 51
360.0
  0
LINE
  8
APS_GEOMETRY
 10
-6012.913
 11
-6722.956
 20
2477.41
 21
2477.41
  0
LINE
  8
APS_GEOMETRY
 10
-6722.956
 11
-6722.956
 20
2477.41
 21
2410.41
  0
LINE
  8
APS_GEOMETRY
 10
-6722.956
 11
-6582.956
 20
2410.41
 21
2410.41
  0
LINE
  8
APS_GEOMETRY
 10
-6582.956
 11
-6582.956
 20
2410.41
 21
2367.41
  0
LINE
  8
APS_GEOMETRY
 10
-6582.956
 11
-6722.956
 20
2367.41
 21
2367.41
  0
LINE
  8
APS_GEOMETRY
 10
-6722.956
 11
-6722.956
 20
2367.41
 21
2137.41
  0
ARC
  8
APS_GEOMETRY
 10
-6622.956
 20
2137.41
 40
100.0
 50
180.0
 51
270.0
  0
LINE
  8
APS_GEOMETRY
 10
-6622.956
 11
-5884.955
 20
2037.41
 21
2037.41
  0
LINE
  8
APS_GEOMETRY
 10
-5839.955
 11
-5572.955
 20
2142.41
 21
2142.41
  0
ARC
  8
APS_GEOMETRY
 10
-5572.955
 20
2172.41
 40
30.0
 50
270.0
 51
0.0
  0
LINE
  8
APS_GEOMETRY
 10
-5542.955
 11
-5542.955
 20
2172.41
 21
2392.41
  0
LINE
  8
APS_GEOMETRY
 10
-5542.955
 11
-5682.955
 20
2392.41
 21
2392.41
  0
LINE
  8
APS_GEOMETRY
 10
-5682.955
 11
-5682.955
 20
2392.41
 21
2435.41
  0
LINE
  8
APS_GEOMETRY
 10
-5682.955
 11
-5542.955
 20
2435.41
 21
2435.41
  0
LINE
  8
APS_GEOMETRY
 10
-5542.955
 11
-5542.955
 20
2435.41
 21
2477.41
  0
LINE
  8
APS_GEOMETRY
 10
-5542.955
 11
-6722.956
 20
2477.41
 21
2477.41
  0
LINE
  8
COSTRUZIONI
 10
-5542.955
 11
-6722.956
 20
2492.41
 21
2492.41
  0
LINE
  8
COSTRUZIONI
 10
-5542.955
 11
-6722.956
 20
2692.41
 21
2692.41
  0
LINE
  8
COSTRUZIONI
 10
-5542.955
 11
-5542.955
 20
2492.41
 21
6500.259
  0
LINE
  8
COSTRUZIONI
 10
-6722.956
 11
-6722.956
 20
2492.41
 21
6421.132
  0
LINE
  8
COSTRUZIONI
 10
-6722.956
 11
-5542.955
 20
2692.41
 21
2492.41
  0
LINE
  8
COSTRUZIONI
 10
-5542.955
 11
-6722.956
 20
2692.41
 21
2492.41
  0
LINE
  8
APS_GEOMETRY
 10
-5512.955
 11
-5512.955
 20
3022.41
 21
2477.41
  0
LINE
  8
APS_GEOMETRY
 10
-5512.955
 11
-5542.955
 20
2477.41
 21
2477.41
  0
LINE
  8
APS_GEOMETRY
 10
-5542.955
 11
-5542.955
 20
2477.41
 21
2432.41
  0
LINE
  8
APS_GEOMETRY
 10
-5542.955
 11
-5647.955
 20
2432.41
 21
2432.41
  0
LINE
  8
APS_GEOMETRY
 10
-5647.955
 11
-5662.955
 20
2432.41
 21
2417.41
  0
LINE
  8
APS_GEOMETRY
 10
-5662.955
 11
-5662.955
 20
2417.41
 21
2392.41
  0
LINE
  8
APS_GEOMETRY
 10
-5662.955
 11
-5482.955
 20
2392.41
 21
2392.41
  0
ARC
  8
APS_GEOMETRY
 10
-5482.955
 20
2432.41
 40
40.0
 50
270.0
 51
360.0
  0
LINE
  8
APS_GEOMETRY
 10
-5442.955
 11
-5442.955
 20
2432.41
 21
3042.41
  0
ARC
  8
APS_GEOMETRY
 10
-5482.955
 20
3042.41
 40
40.0
 50
360.0
 51
90.0
  0
LINE
  8
APS_GEOMETRY
 10
-5482.955
 11
-5542.955
 20
3082.41
 21
3082.41
  0
LINE
  8
APS_GEOMETRY
 10
-5542.955
 11
-5542.955
 20
3082.41
 21
3022.41
  0
LINE
  8
APS_GEOMETRY
 10
-5542.955
 11
-5512.955
 20
3022.41
 21
3022.41
  0
LINE
  8
APS_GEOMETRY
 10
-5842.954
 11
-5842.954
 20
1962.41
 21
25.737
  0
LINE
  8
APS_GEOMETRY
 10
-5392.954
 11
-5392.954
 20
1962.41
 21
67.753
  0
LINE
  8
APS_GEOMETRY
 10
-6762.956
 11
-6782.956
 20
5367.41
 21
5367.41
  0
ARC
  8
APS_GEOMETRY
 10
-6782.956
 20
5407.41
 40
40.0
 50
180.0
 51
270.0
  0
LINE
  8
APS_GEOMETRY
 10
-6822.956
 11
-6822.956
 20
5407.41
 21
6017.41
  0
ARC
  8
APS_GEOMETRY
 10
-6782.956
 20
6017.41
 40
40.0
 50
90.0
 51
180.0
  0
LINE
  8
APS_GEOMETRY
 10
-6782.956
 11
-6722.956
 20
6057.41
 21
6057.41
  0
LINE
  8
APS_GEOMETRY
 10
-6722.956
 11
-6722.956
 20
6057.41
 21
5997.41
  0
LINE
  8
APS_GEOMETRY
 10
-2784.949
 11
-2784.949
 20
4127.854
 21
2419.112
  0
LINE
  8
APS_GEOMETRY
 10
-6722.956
 11
-6722.956
 20
5367.41
 21
6057.41
  0
LINE
  8
APS_GEOMETRY
 10
-6722.956
 11
-6762.956
 20
5447.41
 21
5447.41
  0
LINE
  8
APS_GEOMETRY
 10
-6762.956
 11
-6762.956
 20
5447.41
 21
5347.41
  0
LINE
  8
APS_GEOMETRY
 10
-6762.956
 11
-6772.956
 20
5347.41
 21
5347.41
  0
ARC
  8
APS_GEOMETRY
 10
-6772.956
 20
5297.41
 40
50.0
 50
90.0
 51
180.0
  0
LINE
  8
APS_GEOMETRY
 10
-6822.956
 11
-6822.956
 20
5297.41
 21
2687.41
  0
ARC
  8
APS_GEOMETRY
 10
-6772.956
 20
2687.41
 40
50.0
 50
180.0
 51
270.0
  0
LINE
  8
APS_GEOMETRY
 10
-6772.956
 11
-6762.956
 20
2637.41
 21
2637.41
  0
LINE
  8
APS_GEOMETRY
 10
-6762.956
 11
-6762.956
 20
2637.41
 21
2537.41
  0
LINE
  8
APS_GEOMETRY
 10
-6762.956
 11
-6722.956
 20
2537.41
 21
2537.41
  0
LINE
  8
APS_GEOMETRY
 10
-6762.956
 11
-6762.956
 20
2537.41
 21
2517.41
  0
LINE
  8
APS_GEOMETRY
 10
-6762.956
 11
-6722.956
 20
2517.41
 21
2517.41
  0
LINE
  8
APS_GEOMETRY
 10
-6762.956
 11
-6762.956
 20
5447.41
 21
5467.41
  0
LINE
  8
APS_GEOMETRY
 10
-6762.956
 11
-6722.956
 20
5467.41
 21
5467.41
  0
ARC
  8
QUOTATURA
 10
-6026.097
 20
-1.959
 40
12.331
 50
42.904
 51
122.546
  0
ARC
  8
QUOTATURA
 10
-6029.262
 20
3.157
 40
6.317
 50
123.307
 51
253.426
  0
LINE
  8
QUOTATURA
 10
-6031.064
 11
-6021.064
 20
-2.897
 21
-6.231
  0
ARC
  8
QUOTATURA
 10
-6023.1
 20
-12.69
 40
6.772
 50
299.838
 51
72.504
  0
ARC
  8
QUOTATURA
 10
-6026.23
 20
-7.295
 40
13.01
 50
240.023
 51
299.974
  0
ARC
  8
QUOTATURA
 10
-6029.174
 20
-12.339
 40
7.17
 50
209.759
 51
240.255
  0
ARC
  8
QUOTATURA
 10
-6005.464
 20
-5.137
 40
18.236
 50
31.027
 51
40.045
  0
ARC
  8
QUOTATURA
 10
-5999.17
 20
0.457
 40
9.822
 50
38.687
 51
141.312
  0
ARC
  8
QUOTATURA
 10
-5992.646
 20
-4.903
 40
18.265
 50
140.979
 51
219.022
  0
ARC
  8
QUOTATURA
 10
-5999.17
 20
-10.264
 40
9.822
 50
218.688
 51
321.313
  0
ARC
  8
QUOTATURA
 10
-6005.577
 20
-5.693
 40
17.685
 50
322.727
 51
335.346
  0
LINE
  8
QUOTATURA
 10
-5979.602
 11
-5961.269
 20
-13.492
 21
-13.492
  0
LINE
  8
QUOTATURA
 10
-5983.269
 11
-5971.602
 20
-20.158
 21
9.842
  0
LINE
  8
QUOTATURA
 10
-5971.602
 11
-5968.936
 20
9.842
 21
9.842
  0
LINE
  8
QUOTATURA
 10
-5968.936
 11
-5957.936
 20
9.842
 21
-20.158
  0
LINE
  8
QUOTATURA
 10
-5951.936
 11
-5951.936
 20
9.842
 21
-20.158
  0
LINE
  8
QUOTATURA
 10
-5951.936
 11
-5931.936
 20
-20.158
 21
-20.158
  0
LINE
  8
QUOTATURA
 10
-5922.269
 11
-5903.936
 20
-13.492
 21
-13.492
  0
LINE
  8
QUOTATURA
 10
-5925.936
 11
-5914.269
 20
-20.158
 21
9.842
  0
LINE
  8
QUOTATURA
 10
-5914.269
 11
-5911.602
 20
9.842
 21
9.842
  0
LINE
  8
QUOTATURA
 10
-5911.602
 11
-5900.602
 20
9.842
 21
-20.158
  0
LINE
  8
QUOTATURA
 10
-5866.102
 11
-5860.955
 20
-20.158
 21
-20.158
  0
LINE
  8
QUOTATURA
 10
-5860.955
 11
-5855.808
 20
-20.158
 21
-20.158
  0
LINE
  8
QUOTATURA
 10
-5860.955
 11
-5860.955
 20
-20.158
 21
9.842
  0
LINE
  8
QUOTATURA
 10
-5860.955
 11
-5866.102
 20
9.842
 21
4.695
  0
ARC
  8
QUOTATURA
 10
-5837.959
 20
-10.702
 40
9.822
 50
218.689
 51
321.311
  0
ARC
  8
QUOTATURA
 10
-5844.483
 20
-5.342
 40
18.265
 50
320.978
 51
39.021
  0
ARC
  8
QUOTATURA
 10
-5837.959
 20
0.019
 40
9.822
 50
38.688
 51
141.313
  0
ARC
  8
QUOTATURA
 10
-5831.435
 20
-5.342
 40
18.265
 50
140.979
 51
219.021
  0
LINE
  8
QUOTATURA
 10
-5818.826
 11
-5820.326
 20
-1.22
 21
-1.22
  0
LINE
  8
QUOTATURA
 10
-5820.326
 11
-5820.326
 20
-1.22
 21
0.28
  0
LINE
  8
QUOTATURA
 10
-5820.326
 11
-5818.826
 20
0.28
 21
0.28
  0
LINE
  8
QUOTATURA
 10
-5818.826
 11
-5818.826
 20
0.28
 21
-1.22
  0
LINE
  8
QUOTATURA
 10
-5818.826
 11
-5820.326
 20
-13.22
 21
-13.22
  0
LINE
  8
QUOTATURA
 10
-5820.326
 11
-5820.326
 20
-13.22
 21
-11.72
  0
LINE
  8
QUOTATURA
 10
-5820.326
 11
-5818.826
 20
-11.72
 21
-11.72
  0
LINE
  8
QUOTATURA
 10
-5818.826
 11
-5818.826
 20
-11.72
 21
-13.22
  0
LINE
  8
QUOTATURA
 10
-5812.826
 11
-5807.679
 20
-20.158
 21
-20.158
  0
LINE
  8
QUOTATURA
 10
-5807.679
 11
-5802.532
 20
-20.158
 21
-20.158
  0
LINE
  8
QUOTATURA
 10
-5807.679
 11
-5807.679
 20
-20.158
 21
9.842
  0
LINE
  8
QUOTATURA
 10
-5807.679
 11
-5812.826
 20
9.842
 21
4.695
  0
LINE
  8
QUOTATURA
 10
-6672.956
 11
-6162.318
 20
2477.41
 21
2477.41
  0
LINE
  8
QUOTATURA
 10
-6672.956
 11
-6162.318
 20
6057.41
 21
6057.41
  0
LINE
  8
QUOTATURA
 10
-6212.318
 11
-6212.318
 20
2477.41
 21
4191.46
  0
LINE
  8
QUOTATURA
 10
-6212.318
 11
-6212.318
 20
4342.725
 21
6057.41
  0
LINE
  8
QUOTATURA
 10
-6195.648
 11
-6212.318
 20
2577.41
 21
2477.41
  0
LINE
  8
QUOTATURA
 10
-6212.318
 11
-6228.988
 20
2477.41
 21
2577.41
  0
LINE
  8
QUOTATURA
 10
-6228.988
 11
-6195.648
 20
2577.41
 21
2577.41
  0
LINE
  8
QUOTATURA
 10
-6228.988
 11
-6212.318
 20
5957.41
 21
6057.41
  0
LINE
  8
QUOTATURA
 10
-6212.318
 11
-6195.648
 20
6057.41
 21
5957.41
  0
LINE
  8
QUOTATURA
 10
-6195.648
 11
-6228.988
 20
5957.41
 21
5957.41
  0
LINE
  8
QUOTATURA
 10
-6672.956
 11
-6445.84
 20
2537.41
 21
2537.41
  0
LINE
  8
QUOTATURA
 10
-6672.956
 11
-6445.84
 20
5447.41
 21
5447.41
  0
LINE
  8
QUOTATURA
 10
-6495.84
 11
-6495.84
 20
2537.41
 21
3916.17
  0
LINE
  8
QUOTATURA
 10
-6495.84
 11
-6495.84
 20
4067.725
 21
5447.41
  0
LINE
  8
QUOTATURA
 10
-6479.17
 11
-6495.84
 20
2637.41
 21
2537.41
  0
LINE
  8
QUOTATURA
 10
-6495.84
 11
-6512.51
 20
2537.41
 21
2637.41
  0
LINE
  8
QUOTATURA
 10
-6512.51
 11
-6479.17
 20
2637.41
 21
2637.41
  0
LINE
  8
QUOTATURA
 10
-6512.51
 11
-6495.84
 20
5347.41
 21
5447.41
  0
LINE
  8
QUOTATURA
 10
-6495.84
 11
-6479.17
 20
5447.41
 21
5347.41
  0
LINE
  8
QUOTATURA
 10
-6479.17
 11
-6512.51
 20
5347.41
 21
5347.41
  0
LINE
  8
QUOTATURA
 10
-6762.956
 11
-7091.742
 20
2573.931
 21
2573.931
  0
LINE
  8
QUOTATURA
 10
-6862.956
 11
-6762.956
 20
2590.601
 21
2573.931
  0
LINE
  8
QUOTATURA
 10
-6762.956
 11
-6862.956
 20
2573.931
 21
2557.261
  0
LINE
  8
QUOTATURA
 10
-6862.956
 11
-6862.956
 20
2557.261
 21
2590.601
  0
LINE
  8
QUOTATURA
 10
-6722.956
 11
-6522.956
 20
2573.931
 21
2573.931
  0
LINE
  8
QUOTATURA
 10
-6622.956
 11
-6722.956
 20
2557.261
 21
2573.931
  0
LINE
  8
QUOTATURA
 10
-6722.956
 11
-6622.956
 20
2573.931
 21
2590.601
  0
LINE
  8
QUOTATURA
 10
-6622.956
 11
-6622.956
 20
2590.601
 21
2557.261
  0
LINE
  8
QUOTATURA
 10
-6812.956
 11
-7028.407
 20
2537.41
 21
2537.41
  0
LINE
  8
QUOTATURA
 10
-6812.956
 11
-7028.407
 20
2637.41
 21
2637.41
  0
LINE
  8
QUOTATURA
 10
-6978.407
 11
-6978.407
 20
2637.41
 21
2850.826
  0
LINE
  8
QUOTATURA
 10
-6978.407
 11
-7038.932
 20
2850.826
 21
2850.826
  0
LINE
  8
QUOTATURA
 10
-6961.737
 11
-6978.407
 20
2737.41
 21
2637.41
  0
LINE
  8
QUOTATURA
 10
-6978.407
 11
-6995.077
 20
2637.41
 21
2737.41
  0
LINE
  8
QUOTATURA
 10
-6995.077
 11
-6961.737
 20
2737.41
 21
2737.41
  0
LINE
  8
QUOTATURA
 10
-6978.407
 11
-6978.407
 20
2537.41
 21
2337.41
  0
LINE
  8
QUOTATURA
 10
-6995.077
 11
-6978.407
 20
2437.41
 21
2537.41
  0
LINE
  8
QUOTATURA
 10
-6978.407
 11
-6961.737
 20
2537.41
 21
2437.41
  0
LINE
  8
QUOTATURA
 10
-6961.737
 11
-6995.077
 20
2437.41
 21
2437.41
  0
LINE
  8
QUOTATURA
 10
-6744.354
 11
-6744.354
 20
2517.41
 21
2244.173
  0
LINE
  8
QUOTATURA
 10
-6744.354
 11
-6559.219
 20
2244.173
 21
2244.173
  0
LINE
  8
QUOTATURA
 10
-6761.024
 11
-6744.354
 20
2417.41
 21
2517.41
  0
LINE
  8
QUOTATURA
 10
-6744.354
 11
-6727.684
 20
2517.41
 21
2417.41
  0
LINE
  8
QUOTATURA
 10
-6727.684
 11
-6761.024
 20
2417.41
 21
2417.41
  0
LINE
  8
QUOTATURA
 10
-6744.354
 11
-6744.354
 20
2537.41
 21
2737.41
  0
LINE
  8
QUOTATURA
 10
-6727.684
 11
-6744.354
 20
2637.41
 21
2537.41
  0
LINE
  8
QUOTATURA
 10
-6744.354
 11
-6761.024
 20
2537.41
 21
2637.41
  0
LINE
  8
QUOTATURA
 10
-6761.024
 11
-6727.684
 20
2637.41
 21
2637.41
  0
LINE
  8
QUOTATURA
 10
-6832.956
 11
-7457.46
 20
2367.41
 21
2367.41
  0
LINE
  8
QUOTATURA
 10
-6822.956
 11
-7457.46
 20
2617.41
 21
2617.41
  0
LINE
  8
QUOTATURA
 10
-7407.46
 11
-7407.46
 20
2367.41
 21
2011.304
  0
LINE
  8
QUOTATURA
 10
-7407.46
 11
-7763.966
 20
2011.304
 21
2011.304
  0
LINE
  8
QUOTATURA
 10
-7424.13
 11
-7407.46
 20
2267.41
 21
2367.41
  0
LINE
  8
QUOTATURA
 10
-7407.46
 11
-7390.79
 20
2367.41
 21
2267.41
  0
LINE
  8
QUOTATURA
 10
-7390.79
 11
-7424.13
 20
2267.41
 21
2267.41
  0
LINE
  8
QUOTATURA
 10
-7407.46
 11
-7407.46
 20
2617.41
 21
2817.41
  0
LINE
  8
QUOTATURA
 10
-7390.79
 11
-7407.46
 20
2717.41
 21
2617.41
  0
LINE
  8
QUOTATURA
 10
-7407.46
 11
-7424.13
 20
2617.41
 21
2717.41
  0
LINE
  8
QUOTATURA
 10
-7424.13
 11
-7390.79
 20
2717.41
 21
2717.41
  0
LINE
  8
QUOTATURA
 10
-6812.956
 11
-7467.198
 20
5367.41
 21
5367.41
  0
LINE
  8
QUOTATURA
 10
-6832.956
 11
-7467.198
 20
6057.41
 21
6057.41
  0
LINE
  8
QUOTATURA
 10
-7417.198
 11
-7417.198
 20
5367.41
 21
5636.17
  0
LINE
  8
QUOTATURA
 10
-7417.198
 11
-7417.198
 20
5787.562
 21
6057.41
  0
LINE
  8
QUOTATURA
 10
-7400.528
 11
-7417.198
 20
5467.41
 21
5367.41
  0
LINE
  8
QUOTATURA
 10
-7417.198
 11
-7433.868
 20
5367.41
 21
5467.41
  0
LINE
  8
QUOTATURA
 10
-7433.868
 11
-7400.528
 20
5467.41
 21
5467.41
  0
LINE
  8
QUOTATURA
 10
-7433.868
 11
-7417.198
 20
5957.41
 21
6057.41
  0
LINE
  8
QUOTATURA
 10
-7417.198
 11
-7400.528
 20
6057.41
 21
5957.41
  0
LINE
  8
QUOTATURA
 10
-7400.528
 11
-7433.868
 20
5957.41
 21
5957.41
  0
TEXT
  8
TEXT
 10
-302.115
 20
877.359
 30
0.0
 40
20.0
 50
0.0
  1
SEZ-A
  0
TEXT
  8
TEXT
 10
-333.803
 20
2573.92
 30
0.0
 40
20.0
 50
0.0
  1
SEZ-C
  0
TEXT
  8
TEXT
 10
399.608
 20
-68.294
 30
0.0
 40
20.0
 50
0.0
  1
SEZ-A
  0
TEXT
  8
TEXT
 10
191.103
 20
2524.04
 30
0.0
 40
20.0
 50
0.0
  1
SEZ-C
  0
TEXT
  8
TEXT
 10
-826.394
 20
-438.788
 30
0.0
 40
20.0
 50
0.0
  1
Ufficio tecnico:
  0
TEXT
  8
TEXT
 10
-333.046
 20
-563.129
 30
0.0
 40
25.0
 50
0.0
  1
tel. 0577-68.54.26 - fax 0577-68.64.29
  0
TEXT
  8
TEXT
 10
-333.046
 20
-600.629
 30
0.0
 40
25.0
 50
0.0
  1
e-mail: tecnico@toscocornici.it - web: www.tosococornici.it
  0
TEXT
  8
TEXT
 10
278.044
 20
-592.322
 30
0.0
 40
40.0
 50
0.0
  1
B.Ste
  0
TEXT
  8
TEXT
 10
426.463
 20
-592.322
 30
0.0
 40
40.0
 50
0.0
  1
f
  0
TEXT
  8
TEXT
 10
457.148
 20
-592.322
 30
0.0
 40
40.0
 50
0.0
  1
ano
  0
TEXT
  8
TEXT
 10
173.824
 20
-435.825
 30
0.0
 40
20.0
 50
0.0
  1
documento:
  0
TEXT
  8
TEXT
 10
417.48
 20
-488.947
 30
0.0
 40
20.0
 50
0.0
  1
TL_UI[DECOR PIU]_CON FINTO SOPRALUCE
  0
TEXT
  8
TEXT
 10
675.025
 20
-435.739
 30
0.0
 40
20.0
 50
0.0
  1
data:
  0
TEXT
  8
TEXT
 10
924.124
 20
-487.231
 30
0.0
 40
30.0
 50
0.0
  1
23/09/14
  0
TEXT
  8
TEXT
 10
932.878
 20
-587.94
 30
0.0
 40
30.0
 50
0.0
  1
1 : 10
  0
TEXT
  8
TEXT
 10
172.011
 20
-534.05
 30
0.0
 40
20.0
 50
0.0
  1
responsabile tecnico:
  0
TEXT
  8
TEXT
 10
673.606
 20
-534.34
 30
0.0
 40
20.0
 50
0.0
  1
scala:
  0
TEXT
  8
QUOTATURA
 10
-764.131
 20
887.171
 30
0.0
 40
30.0
 50
90.0
  1
EST.TEL=2070
  0
TEXT
  8
QUOTATURA
 10
-190.707
 20
1079.358
 30
0.0
 40
30.0
 50
90.0
  1
rif.et=2370
  0
TEXT
  8
QUOTATURA
 10
301.535
 20
-142.265
 30
0.0
 40
30.0
 50
0.0
  1
EST.TEL.=880
  0
TEXT
  8
QUOTATURA
 10
-920.672
 20
981.955
 30
0.0
 40
30.0
 50
90.0
  1
MAX INGOMBRO=2428
  0
TEXT
  8
TEXT
 10
127.78
 20
2287.454
 30
0.0
 40
30.0
 50
0.0
  1
V
  0
TEXT
  8
TEXT
 10
13.369
 20
2235.646
 30
0.0
 40
30.0
 50
0.0
  1
V
  0
TEXT
  8
TEXT
 10
412.729
 20
2326.311
 30
0.0
 40
30.0
 50
0.0
  1
V
  0
TEXT
  8
TEXT
 10
670.693
 20
2212.979
 30
0.0
 40
30.0
 50
0.0
  1
V
  0
TEXT
  8
TEXT
 10
724.661
 20
2274.502
 30
0.0
 40
30.0
 50
0.0
  1
V
  0
TEXT
  8
TEXT
 10
839.072
 20
2223.773
 30
0.0
 40
30.0
 50
0.0
  1
V
  0
TEXT
  8
TEXT
 10
441.871
 20
2089.933
 30
0.0
 40
30.0
 50
0.0
  1
V
  0
TEXT
  8
TEXT
 10
194.237
 20
1916.015
 30
0.0
 40
30.0
 50
0.0
  1
V
  0
TEXT
  8
TEXT
 10
121.643
 20
1792.921
 30
0.0
 40
30.0
 50
0.0
  1
V
  0
TEXT
  8
TEXT
 10
727.642
 20
1698.234
 30
0.0
 40
30.0
 50
0.0
  1
V
  0
TEXT
  8
TEXT
 10
125.91
 20
44.9
 30
0.0
 40
30.0
 50
0.0
  1
V
  0
TEXT
  8
TEXT
 10
337.801
 20
104.989
 30
0.0
 40
30.0
 50
0.0
  1
V
  0
TEXT
  8
TEXT
 10
-698.429
 20
-286.025
 30
0.0
 40
30.0
 50
0.0
  1
V=INCISIONI
  0
TEXT
  8
QUOTATURA
 10
280.954
 20
2384.558
 30
0.0
 40
30.0
 50
0.0
  1
PANNELLO=874
  0
TEXT
  8
QUOTATURA
 10
908.065
 20
2206.5
 30
0.0
 40
30.0
 50
0.0
  1
PANNELLO=291
  0
TEXT
  8
QUOTATURA
 10
-877.41
 20
2206.5
 30
0.0
 40
30.0
 50
0.0
  1
PANN=291
  0
TEXT
  8
QUOTATURA
 10
-584.603
 20
2275.53
 30
0.0
 40
30.0
 50
0.0
  1
10
  0
TEXT
  8
TEXT
 10
-651.182
 20
2239.118
 30
0.0
 40
20.0
 50
0.0
  1
MULTISTRATO
  0
TEXT
  8
TEXT
 10
-435.676
 20
2142.049
 30
0.0
 40
50.0
 50
0.0
  1
D1
  0
TEXT
  8
QUOTATURA
 10
-6342.243
 20
4217.41
 30
0.0
 40
100.0
 50
0.0
  1
358
  0
TEXT
  8
QUOTATURA
 10
-6601.629
 20
3942.41
 30
0.0
 40
100.0
 50
0.0
  1
291
  0
TEXT
  8
QUOTATURA
 10
-7203.066
 20
2523.931
 30
0.0
 40
100.0
 50
0.0
  1
4
  0
TEXT
  8
QUOTATURA
 10
-7196.88
 20
2800.826
 30
0.0
 40
100.0
 50
0.0
  1
10
  0
TEXT
  8
QUOTATURA
 10
-6534.219
 20
2194.173
 30
0.0
 40
100.0
 50
0.0
  1
2
  0
TEXT
  8
QUOTATURA
 10
-7948.22
 20
1961.304
 30
0.0
 40
100.0
 50
0.0
  1
25
  0
TEXT
  8
QUOTATURA
 10
-7498.475
 20
5662.41
 30
0.0
 40
100.0
 50
0.0
  1
69
  0
TEXT
  8
TEXT
 10
-6026.977
 20
3437.187
 30
0.0
 40
200.0
 50
0.0
  1
D1
  0
TEXT
  8
TEXT
 10
-8250.808
 20
4698.349
 30
0.0
 40
100.0
 50
0.0
  1
COPRIFILO
  0
TEXT
  8
TEXT
 10
-8250.808
 20
4548.349
 30
0.0
 40
100.0
 50
0.0
  1
E 
  0
TEXT
  8
TEXT
 10
-8250.808
 20
4398.349
 30
0.0
 40
100.0
 50
0.0
  1
PANNELLO
  0
TEXT
  8
TEXT
 10
-8250.808
 20
4248.349
 30
0.0
 40
100.0
 50
0.0
  1
PREASSEMBLATO
  0
TEXT
  8
TEXT
 10
-8250.808
 20
4098.349
 30
0.0
 40
100.0
 50
0.0
  1
CON TAGLIO A 45
  0
ENDSEC
  0
EOF
