  0
SECTION
  2
ENTITIES
  0
LINE
  8
COSTRUZIONI
 10
0.0
 11
2400.0
 20
0.0
 21
0.0
  0
LINE
  8
COSTRUZIONI
 10
2400.0
 11
2400.0
 20
0.0
 21
2400.0
  0
LINE
  8
COSTRUZIONI
 10
2400.0
 11
0.0
 20
2400.0
 21
2400.0
  0
LINE
  8
COSTRUZIONI
 10
0.0
 11
0.0
 20
2400.0
 21
0.0
  0
LINE
  8
COSTRUZIONI
 10
2390.0
 11
2390.0
 20
0.0
 21
2390.0
  0
LINE
  8
COSTRUZIONI
 10
2390.0
 11
10.0
 20
2390.0
 21
2390.0
  0
LINE
  8
COSTRUZIONI
 10
10.0
 11
10.0
 20
2390.0
 21
0.0
  0
LINE
  8
COSTRUZIONI
 10
2346.0
 11
2346.0
 20
0.0
 21
2346.0
  0
LINE
  8
COSTRUZIONI
 10
2346.0
 11
54.0
 20
2346.0
 21
2346.0
  0
LINE
  8
COSTRUZIONI
 10
54.0
 11
54.0
 20
2346.0
 21
0.0
  0
LINE
  8
COSTRUZIONI
 10
54.0
 11
10.0
 20
2346.0
 21
2390.0
  0
LINE
  8
COSTRUZIONI
 10
2346.0
 11
2390.0
 20
2346.0
 21
2390.0
  0
LINE
  8
QUOTATURA
 10
2410.0
 11
2922.761
 20
2400.0
 21
2400.0
  0
LINE
  8
QUOTATURA
 10
2410.0
 11
2922.761
 20
0.0
 21
0.0
  0
LINE
  8
QUOTATURA
 10
2912.761
 11
2912.761
 20
2400.0
 21
1215.314
  0
LINE
  8
QUOTATURA
 10
2912.761
 11
2912.761
 20
1184.756
 21
0.0
  0
LINE
  8
QUOTATURA
 10
2909.427
 11
2912.761
 20
2380.0
 21
2400.0
  0
LINE
  8
QUOTATURA
 10
2912.761
 11
2916.095
 20
2400.0
 21
2380.0
  0
LINE
  8
QUOTATURA
 10
2916.095
 11
2909.427
 20
2380.0
 21
2380.0
  0
LINE
  8
QUOTATURA
 10
2916.095
 11
2912.761
 20
20.0
 21
0.0
  0
LINE
  8
QUOTATURA
 10
2912.761
 11
2909.427
 20
0.0
 21
20.0
  0
LINE
  8
QUOTATURA
 10
2909.427
 11
2916.095
 20
20.0
 21
20.0
  0
LINE
  8
QUOTATURA
 10
2400.0
 11
2808.36
 20
2390.0
 21
2390.0
  0
LINE
  8
QUOTATURA
 10
2400.0
 11
2808.36
 20
0.0
 21
0.0
  0
LINE
  8
QUOTATURA
 10
2798.36
 11
2798.36
 20
2390.0
 21
1476.854
  0
LINE
  8
QUOTATURA
 10
2798.36
 11
2798.36
 20
1446.252
 21
0.0
  0
LINE
  8
QUOTATURA
 10
2795.026
 11
2798.36
 20
2370.0
 21
2390.0
  0
LINE
  8
QUOTATURA
 10
2798.36
 11
2801.694
 20
2390.0
 21
2370.0
  0
LINE
  8
QUOTATURA
 10
2801.694
 11
2795.026
 20
2370.0
 21
2370.0
  0
LINE
  8
QUOTATURA
 10
2801.694
 11
2798.36
 20
20.0
 21
0.0
  0
LINE
  8
QUOTATURA
 10
2798.36
 11
2795.026
 20
0.0
 21
20.0
  0
LINE
  8
QUOTATURA
 10
2795.026
 11
2801.694
 20
20.0
 21
20.0
  0
LINE
  8
QUOTATURA
 10
54.0
 11
54.0
 20
-10.0
 21
-206.074
  0
LINE
  8
QUOTATURA
 10
2346.0
 11
2346.0
 20
-10.0
 21
-206.074
  0
LINE
  8
QUOTATURA
 10
54.0
 11
1138.607
 20
-196.074
 21
-196.074
  0
LINE
  8
QUOTATURA
 10
1261.393
 11
2346.0
 20
-196.074
 21
-196.074
  0
LINE
  8
QUOTATURA
 10
74.0
 11
54.0
 20
-199.408
 21
-196.074
  0
LINE
  8
QUOTATURA
 10
54.0
 11
74.0
 20
-196.074
 21
-192.74
  0
LINE
  8
QUOTATURA
 10
74.0
 11
74.0
 20
-192.74
 21
-199.408
  0
LINE
  8
QUOTATURA
 10
2326.0
 11
2346.0
 20
-192.74
 21
-196.074
  0
LINE
  8
QUOTATURA
 10
2346.0
 11
2326.0
 20
-196.074
 21
-199.408
  0
LINE
  8
QUOTATURA
 10
2326.0
 11
2326.0
 20
-199.408
 21
-192.74
  0
LINE
  8
APS_GEOMETRY
 10
1203.5
 11
1203.5
 20
2354.0
 21
5.0
  0
LINE
  8
APS_GEOMETRY
 10
1196.5
 11
1196.5
 20
2354.0
 21
5.0
  0
LINE
  8
APS_GEOMETRY
 10
453.5
 11
453.5
 20
2354.0
 21
5.0
  0
LINE
  8
APS_GEOMETRY
 10
1946.5
 11
1946.5
 20
2354.0
 21
5.0
  0
LINE
  8
APS_GEOMETRY
 10
460.5
 11
460.5
 20
2354.0
 21
5.0
  0
LINE
  8
APS_GEOMETRY
 10
1939.5
 11
1939.5
 20
2354.0
 21
5.0
  0
LINE
  8
APS_GEOMETRY
 10
2353.5
 11
2353.5
 20
5.0
 21
2354.0
  0
LINE
  8
APS_GEOMETRY
 10
2353.5
 11
46.5
 20
2354.0
 21
2354.0
  0
LINE
  8
APS_GEOMETRY
 10
46.5
 11
46.5
 20
2354.0
 21
5.0
  0
LINE
  8
APS_GEOMETRY
 10
46.5
 11
2353.5
 20
5.0
 21
5.0
  0
LINE
  8
COSTRUZIONI
 10
2249.5
 11
2249.5
 20
238.1
 21
617.9
  0
ARC
  8
COSTRUZIONI
 10
2242.4
 20
617.9
 40
7.1
 50
0.0
 51
90.0
  0
LINE
  8
COSTRUZIONI
 10
2242.4
 11
2050.6
 20
625.0
 21
625.0
  0
ARC
  8
COSTRUZIONI
 10
2050.6
 20
617.9
 40
7.1
 50
90.0
 51
180.0
  0
LINE
  8
COSTRUZIONI
 10
2043.5
 11
2043.5
 20
617.9
 21
238.1
  0
ARC
  8
COSTRUZIONI
 10
2050.6
 20
238.1
 40
7.1
 50
180.0
 51
270.0
  0
LINE
  8
COSTRUZIONI
 10
2050.6
 11
2242.4
 20
231.0
 21
231.0
  0
ARC
  8
COSTRUZIONI
 10
2242.4
 20
238.1
 40
7.1
 50
270.0
 51
0.0
  0
LINE
  8
COSTRUZIONI
 10
2249.5
 11
2249.5
 20
2242.9
 21
712.1
  0
ARC
  8
COSTRUZIONI
 10
2242.4
 20
712.1
 40
7.1
 50
270.0
 51
360.0
  0
LINE
  8
COSTRUZIONI
 10
2242.4
 11
2050.6
 20
705.0
 21
705.0
  0
ARC
  8
COSTRUZIONI
 10
2050.6
 20
712.1
 40
7.1
 50
180.0
 51
270.0
  0
LINE
  8
COSTRUZIONI
 10
2043.5
 11
2043.5
 20
712.1
 21
2242.9
  0
ARC
  8
COSTRUZIONI
 10
2050.6
 20
2242.9
 40
7.1
 50
90.0
 51
180.0
  0
LINE
  8
COSTRUZIONI
 10
2050.6
 11
2242.4
 20
2250.0
 21
2250.0
  0
ARC
  8
COSTRUZIONI
 10
2242.4
 20
2242.9
 40
7.1
 50
0.0
 51
90.0
  0
LINE
  8
COSTRUZIONI
 10
1099.5
 11
1099.5
 20
2242.9
 21
712.1
  0
ARC
  8
COSTRUZIONI
 10
1092.4
 20
712.1
 40
7.1
 50
270.0
 51
360.0
  0
LINE
  8
COSTRUZIONI
 10
1092.4
 11
564.6
 20
705.0
 21
705.0
  0
ARC
  8
COSTRUZIONI
 10
564.6
 20
712.1
 40
7.1
 50
180.0
 51
270.0
  0
LINE
  8
COSTRUZIONI
 10
557.5
 11
557.5
 20
712.1
 21
2242.9
  0
ARC
  8
COSTRUZIONI
 10
564.6
 20
2242.9
 40
7.1
 50
90.0
 51
180.0
  0
LINE
  8
COSTRUZIONI
 10
564.6
 11
1092.4
 20
2250.0
 21
2250.0
  0
ARC
  8
COSTRUZIONI
 10
1092.4
 20
2242.9
 40
7.1
 50
0.0
 51
90.0
  0
LINE
  8
COSTRUZIONI
 10
1099.5
 11
1099.5
 20
238.1
 21
617.9
  0
ARC
  8
COSTRUZIONI
 10
1092.4
 20
617.9
 40
7.1
 50
0.0
 51
90.0
  0
LINE
  8
COSTRUZIONI
 10
1092.4
 11
564.6
 20
625.0
 21
625.0
  0
ARC
  8
COSTRUZIONI
 10
564.6
 20
617.9
 40
7.1
 50
90.0
 51
180.0
  0
LINE
  8
COSTRUZIONI
 10
557.5
 11
557.5
 20
617.9
 21
238.1
  0
ARC
  8
COSTRUZIONI
 10
564.6
 20
238.1
 40
7.1
 50
180.0
 51
270.0
  0
LINE
  8
COSTRUZIONI
 10
564.6
 11
1092.4
 20
231.0
 21
231.0
  0
ARC
  8
COSTRUZIONI
 10
1092.4
 20
238.1
 40
7.1
 50
270.0
 51
360.0
  0
LINE
  8
COSTRUZIONI
 10
1307.6
 11
1835.4
 20
231.0
 21
231.0
  0
ARC
  8
COSTRUZIONI
 10
1835.4
 20
238.1
 40
7.1
 50
270.0
 51
0.0
  0
LINE
  8
COSTRUZIONI
 10
1842.5
 11
1842.5
 20
238.1
 21
625.0
  0
LINE
  8
COSTRUZIONI
 10
1842.5
 11
1307.6
 20
625.0
 21
625.0
  0
ARC
  8
COSTRUZIONI
 10
1307.6
 20
617.9
 40
7.1
 50
90.0
 51
180.0
  0
LINE
  8
COSTRUZIONI
 10
1300.5
 11
1300.5
 20
617.9
 21
238.1
  0
ARC
  8
COSTRUZIONI
 10
1307.6
 20
238.1
 40
7.1
 50
180.0
 51
270.0
  0
CIRCLE
  8
COSTRUZIONI
 10
1246.5
 20
1045.0
 40
10.0
  0
LINE
  8
COSTRUZIONI
 10
349.4
 11
157.6
 20
705.0
 21
705.0
  0
ARC
  8
COSTRUZIONI
 10
157.6
 20
712.1
 40
7.1
 50
180.0
 51
270.0
  0
LINE
  8
COSTRUZIONI
 10
150.5
 11
150.5
 20
712.1
 21
2242.9
  0
ARC
  8
COSTRUZIONI
 10
157.6
 20
2242.9
 40
7.1
 50
90.0
 51
180.0
  0
LINE
  8
COSTRUZIONI
 10
157.6
 11
349.4
 20
2250.0
 21
2250.0
  0
ARC
  8
COSTRUZIONI
 10
349.4
 20
2242.9
 40
7.1
 50
0.0
 51
90.0
  0
LINE
  8
COSTRUZIONI
 10
356.5
 11
356.5
 20
2242.9
 21
712.1
  0
ARC
  8
COSTRUZIONI
 10
349.4
 20
712.1
 40
7.1
 50
270.0
 51
360.0
  0
LINE
  8
COSTRUZIONI
 10
1835.4
 11
1307.6
 20
705.0
 21
705.0
  0
ARC
  8
COSTRUZIONI
 10
1307.6
 20
712.1
 40
7.1
 50
180.0
 51
270.0
  0
LINE
  8
COSTRUZIONI
 10
1300.5
 11
1300.5
 20
712.1
 21
2242.9
  0
ARC
  8
COSTRUZIONI
 10
1307.6
 20
2242.9
 40
7.1
 50
90.0
 51
180.0
  0
LINE
  8
COSTRUZIONI
 10
1307.6
 11
1835.4
 20
2250.0
 21
2250.0
  0
ARC
  8
COSTRUZIONI
 10
1835.4
 20
2242.9
 40
7.1
 50
360.0
 51
90.0
  0
LINE
  8
COSTRUZIONI
 10
1842.5
 11
1842.5
 20
2242.9
 21
712.1
  0
ARC
  8
COSTRUZIONI
 10
1835.4
 20
712.1
 40
7.1
 50
270.0
 51
360.0
  0
LINE
  8
COSTRUZIONI
 10
356.5
 11
356.5
 20
238.1
 21
617.9
  0
ARC
  8
COSTRUZIONI
 10
349.4
 20
617.9
 40
7.1
 50
0.0
 51
90.0
  0
LINE
  8
COSTRUZIONI
 10
349.4
 11
157.6
 20
625.0
 21
625.0
  0
ARC
  8
COSTRUZIONI
 10
157.6
 20
617.9
 40
7.1
 50
90.0
 51
180.0
  0
LINE
  8
COSTRUZIONI
 10
150.5
 11
150.5
 20
617.9
 21
238.1
  0
ARC
  8
COSTRUZIONI
 10
157.6
 20
238.1
 40
7.1
 50
180.0
 51
270.0
  0
LINE
  8
COSTRUZIONI
 10
157.6
 11
349.4
 20
231.0
 21
231.0
  0
ARC
  8
COSTRUZIONI
 10
349.4
 20
238.1
 40
7.1
 50
270.0
 51
360.0
  0
LINE
  8
APS_GEOMETRY
 10
339.5
 11
339.5
 20
729.0
 21
2226.0
  0
ARC
  8
APS_GEOMETRY
 10
332.5
 20
2226.0
 40
7.0
 50
0.0
 51
90.0
  0
LINE
  8
APS_GEOMETRY
 10
332.5
 11
174.5
 20
2233.0
 21
2233.0
  0
ARC
  8
APS_GEOMETRY
 10
174.5
 20
2226.0
 40
7.0
 50
90.0
 51
180.0
  0
LINE
  8
APS_GEOMETRY
 10
167.5
 11
167.5
 20
2226.0
 21
729.0
  0
ARC
  8
APS_GEOMETRY
 10
174.5
 20
729.0
 40
7.0
 50
180.0
 51
270.0
  0
LINE
  8
APS_GEOMETRY
 10
174.5
 11
332.5
 20
722.0
 21
722.0
  0
ARC
  8
APS_GEOMETRY
 10
332.5
 20
729.0
 40
7.0
 50
270.0
 51
0.0
  0
LINE
  8
APS_GEOMETRY
 10
339.5
 11
339.5
 20
255.0
 21
601.0
  0
ARC
  8
APS_GEOMETRY
 10
332.5
 20
601.0
 40
7.0
 50
0.0
 51
90.0
  0
LINE
  8
APS_GEOMETRY
 10
332.5
 11
174.5
 20
608.0
 21
608.0
  0
ARC
  8
APS_GEOMETRY
 10
174.5
 20
601.0
 40
7.0
 50
90.0
 51
180.0
  0
LINE
  8
APS_GEOMETRY
 10
167.5
 11
167.5
 20
601.0
 21
255.0
  0
ARC
  8
APS_GEOMETRY
 10
174.5
 20
255.0
 40
7.0
 50
180.0
 51
270.0
  0
LINE
  8
APS_GEOMETRY
 10
174.5
 11
332.5
 20
248.0
 21
248.0
  0
ARC
  8
APS_GEOMETRY
 10
332.5
 20
255.0
 40
7.0
 50
270.0
 51
0.0
  0
LINE
  8
APS_GEOMETRY
 10
2225.5
 11
2067.5
 20
248.0
 21
248.0
  0
ARC
  8
APS_GEOMETRY
 10
2067.5
 20
255.0
 40
7.0
 50
180.0
 51
270.0
  0
LINE
  8
APS_GEOMETRY
 10
2060.5
 11
2060.5
 20
255.0
 21
601.0
  0
ARC
  8
APS_GEOMETRY
 10
2067.5
 20
601.0
 40
7.0
 50
90.0
 51
180.0
  0
LINE
  8
APS_GEOMETRY
 10
2067.5
 11
2225.5
 20
608.0
 21
608.0
  0
ARC
  8
APS_GEOMETRY
 10
2225.5
 20
601.0
 40
7.0
 50
360.0
 51
90.0
  0
LINE
  8
APS_GEOMETRY
 10
2232.5
 11
2232.5
 20
601.0
 21
255.0
  0
ARC
  8
APS_GEOMETRY
 10
2225.5
 20
255.0
 40
7.0
 50
270.0
 51
360.0
  0
LINE
  8
APS_GEOMETRY
 10
2232.5
 11
2232.5
 20
729.0
 21
2226.0
  0
ARC
  8
APS_GEOMETRY
 10
2225.5
 20
2226.0
 40
7.0
 50
0.0
 51
90.0
  0
LINE
  8
APS_GEOMETRY
 10
2225.5
 11
2067.5
 20
2233.0
 21
2233.0
  0
ARC
  8
APS_GEOMETRY
 10
2067.5
 20
2226.0
 40
7.0
 50
90.0
 51
180.0
  0
LINE
  8
APS_GEOMETRY
 10
2060.5
 11
2060.5
 20
2226.0
 21
729.0
  0
ARC
  8
APS_GEOMETRY
 10
2067.5
 20
729.0
 40
7.0
 50
180.0
 51
270.0
  0
LINE
  8
APS_GEOMETRY
 10
2067.5
 11
2225.5
 20
722.0
 21
722.0
  0
ARC
  8
APS_GEOMETRY
 10
2225.5
 20
729.0
 40
7.0
 50
270.0
 51
0.0
  0
LINE
  8
APS_GEOMETRY
 10
1818.5
 11
1324.5
 20
608.0
 21
608.0
  0
ARC
  8
APS_GEOMETRY
 10
1324.5
 20
601.0
 40
7.0
 50
90.0
 51
180.0
  0
LINE
  8
APS_GEOMETRY
 10
1317.5
 11
1317.5
 20
601.0
 21
255.0
  0
ARC
  8
APS_GEOMETRY
 10
1324.5
 20
255.0
 40
7.0
 50
180.0
 51
270.0
  0
LINE
  8
APS_GEOMETRY
 10
1324.5
 11
1818.5
 20
248.0
 21
248.0
  0
ARC
  8
APS_GEOMETRY
 10
1818.5
 20
255.0
 40
7.0
 50
270.0
 51
0.0
  0
LINE
  8
APS_GEOMETRY
 10
1825.5
 11
1825.5
 20
255.0
 21
601.0
  0
ARC
  8
APS_GEOMETRY
 10
1818.5
 20
601.0
 40
7.0
 50
0.0
 51
90.0
  0
LINE
  8
APS_GEOMETRY
 10
574.5
 11
574.5
 20
255.0
 21
601.0
  0
ARC
  8
APS_GEOMETRY
 10
581.5
 20
601.0
 40
7.0
 50
90.0
 51
180.0
  0
LINE
  8
APS_GEOMETRY
 10
581.5
 11
1075.5
 20
608.0
 21
608.0
  0
ARC
  8
APS_GEOMETRY
 10
1075.5
 20
601.0
 40
7.0
 50
360.0
 51
90.0
  0
LINE
  8
APS_GEOMETRY
 10
1082.5
 11
1082.5
 20
601.0
 21
255.0
  0
ARC
  8
APS_GEOMETRY
 10
1075.5
 20
255.0
 40
7.0
 50
270.0
 51
360.0
  0
LINE
  8
APS_GEOMETRY
 10
1075.5
 11
581.5
 20
248.0
 21
248.0
  0
ARC
  8
APS_GEOMETRY
 10
581.5
 20
255.0
 40
7.0
 50
180.0
 51
270.0
  0
LINE
  8
APS_GEOMETRY
 10
349.4
 11
157.6
 20
695.35
 21
695.35
  0
ARC
  8
APS_GEOMETRY
 10
157.6
 20
712.1
 40
16.75
 50
180.0
 51
270.0
  0
LINE
  8
APS_GEOMETRY
 10
140.85
 11
140.85
 20
712.1
 21
2242.9
  0
ARC
  8
APS_GEOMETRY
 10
157.6
 20
2242.9
 40
16.75
 50
90.0
 51
180.0
  0
LINE
  8
APS_GEOMETRY
 10
157.6
 11
349.4
 20
2259.65
 21
2259.65
  0
ARC
  8
APS_GEOMETRY
 10
349.4
 20
2242.9
 40
16.75
 50
360.0
 51
90.0
  0
LINE
  8
APS_GEOMETRY
 10
366.15
 11
366.15
 20
2242.9
 21
712.1
  0
ARC
  8
APS_GEOMETRY
 10
349.4
 20
712.1
 40
16.75
 50
270.0
 51
360.0
  0
LINE
  8
APS_GEOMETRY
 10
366.15
 11
366.15
 20
238.1
 21
617.9
  0
ARC
  8
APS_GEOMETRY
 10
349.4
 20
617.9
 40
16.75
 50
0.0
 51
90.0
  0
LINE
  8
APS_GEOMETRY
 10
349.4
 11
157.6
 20
634.65
 21
634.65
  0
ARC
  8
APS_GEOMETRY
 10
157.6
 20
617.9
 40
16.75
 50
90.0
 51
180.0
  0
LINE
  8
APS_GEOMETRY
 10
140.85
 11
140.85
 20
617.9
 21
238.1
  0
ARC
  8
APS_GEOMETRY
 10
157.6
 20
238.1
 40
16.75
 50
180.0
 51
270.0
  0
LINE
  8
APS_GEOMETRY
 10
157.6
 11
349.4
 20
221.35
 21
221.35
  0
ARC
  8
APS_GEOMETRY
 10
349.4
 20
238.1
 40
16.75
 50
270.0
 51
0.0
  0
LINE
  8
APS_GEOMETRY
 10
1109.15
 11
1109.15
 20
238.1
 21
617.9
  0
ARC
  8
APS_GEOMETRY
 10
1092.4
 20
617.9
 40
16.75
 50
0.0
 51
90.0
  0
LINE
  8
APS_GEOMETRY
 10
1092.4
 11
564.6
 20
634.65
 21
634.65
  0
ARC
  8
APS_GEOMETRY
 10
564.6
 20
617.9
 40
16.75
 50
90.0
 51
180.0
  0
LINE
  8
APS_GEOMETRY
 10
547.85
 11
547.85
 20
617.9
 21
238.1
  0
ARC
  8
APS_GEOMETRY
 10
564.6
 20
238.1
 40
16.75
 50
180.0
 51
270.0
  0
LINE
  8
APS_GEOMETRY
 10
564.6
 11
1092.4
 20
221.35
 21
221.35
  0
ARC
  8
APS_GEOMETRY
 10
1092.4
 20
238.1
 40
16.75
 50
270.0
 51
0.0
  0
LINE
  8
APS_GEOMETRY
 10
1835.4
 11
1307.6
 20
695.35
 21
695.35
  0
ARC
  8
APS_GEOMETRY
 10
1307.6
 20
712.1
 40
16.75
 50
180.0
 51
270.0
  0
LINE
  8
APS_GEOMETRY
 10
1290.85
 11
1290.85
 20
712.1
 21
2242.9
  0
ARC
  8
APS_GEOMETRY
 10
1307.6
 20
2242.9
 40
16.75
 50
90.0
 51
180.0
  0
LINE
  8
APS_GEOMETRY
 10
1307.6
 11
1835.4
 20
2259.65
 21
2259.65
  0
ARC
  8
APS_GEOMETRY
 10
1835.4
 20
2242.9
 40
16.75
 50
360.0
 51
90.0
  0
LINE
  8
APS_GEOMETRY
 10
1852.15
 11
1852.15
 20
2242.9
 21
712.1
  0
ARC
  8
APS_GEOMETRY
 10
1835.4
 20
712.1
 40
16.75
 50
270.0
 51
360.0
  0
LINE
  8
APS_GEOMETRY
 10
1307.6
 11
1835.4
 20
221.35
 21
221.35
  0
ARC
  8
APS_GEOMETRY
 10
1835.4
 20
238.1
 40
16.75
 50
270.0
 51
0.0
  0
LINE
  8
APS_GEOMETRY
 10
1852.15
 11
1852.15
 20
238.1
 21
634.65
  0
LINE
  8
APS_GEOMETRY
 10
1852.15
 11
1307.6
 20
634.65
 21
634.65
  0
ARC
  8
APS_GEOMETRY
 10
1307.6
 20
617.9
 40
16.75
 50
90.0
 51
180.0
  0
LINE
  8
APS_GEOMETRY
 10
1290.85
 11
1290.85
 20
617.9
 21
238.1
  0
ARC
  8
APS_GEOMETRY
 10
1307.6
 20
238.1
 40
16.75
 50
180.0
 51
270.0
  0
LINE
  8
APS_GEOMETRY
 10
2259.15
 11
2259.15
 20
238.1
 21
617.9
  0
ARC
  8
APS_GEOMETRY
 10
2242.4
 20
617.9
 40
16.75
 50
0.0
 51
90.0
  0
LINE
  8
APS_GEOMETRY
 10
2242.4
 11
2050.6
 20
634.65
 21
634.65
  0
ARC
  8
APS_GEOMETRY
 10
2050.6
 20
617.9
 40
16.75
 50
90.0
 51
180.0
  0
LINE
  8
APS_GEOMETRY
 10
2033.85
 11
2033.85
 20
617.9
 21
238.1
  0
ARC
  8
APS_GEOMETRY
 10
2050.6
 20
238.1
 40
16.75
 50
180.0
 51
270.0
  0
LINE
  8
APS_GEOMETRY
 10
2050.6
 11
2242.4
 20
221.35
 21
221.35
  0
ARC
  8
APS_GEOMETRY
 10
2242.4
 20
238.1
 40
16.75
 50
270.0
 51
0.0
  0
LINE
  8
APS_GEOMETRY
 10
2259.15
 11
2259.15
 20
2242.9
 21
712.1
  0
ARC
  8
APS_GEOMETRY
 10
2242.4
 20
712.1
 40
16.75
 50
270.0
 51
360.0
  0
LINE
  8
APS_GEOMETRY
 10
2242.4
 11
2050.6
 20
695.35
 21
695.35
  0
ARC
  8
APS_GEOMETRY
 10
2050.6
 20
712.1
 40
16.75
 50
180.0
 51
270.0
  0
LINE
  8
APS_GEOMETRY
 10
2033.85
 11
2033.85
 20
712.1
 21
2242.9
  0
ARC
  8
APS_GEOMETRY
 10
2050.6
 20
2242.9
 40
16.75
 50
90.0
 51
180.0
  0
LINE
  8
APS_GEOMETRY
 10
2050.6
 11
2242.4
 20
2259.65
 21
2259.65
  0
ARC
  8
APS_GEOMETRY
 10
2242.4
 20
2242.9
 40
16.75
 50
360.0
 51
90.0
  0
LINE
  8
APS_GEOMETRY
 10
2379.0
 11
2379.0
 20
0.0
 21
2379.0
  0
LINE
  8
APS_GEOMETRY
 10
2379.0
 11
21.0
 20
2379.0
 21
2379.0
  0
LINE
  8
APS_GEOMETRY
 10
21.0
 11
21.0
 20
2379.0
 21
0.0
  0
LINE
  8
QUOTATURA
 10
0.0
 11
0.0
 20
-10.0
 21
-286.576
  0
LINE
  8
QUOTATURA
 10
2400.0
 11
2400.0
 20
-10.0
 21
-286.576
  0
LINE
  8
QUOTATURA
 10
0.0
 11
1113.592
 20
-276.576
 21
-276.576
  0
LINE
  8
QUOTATURA
 10
1286.408
 11
2400.0
 20
-276.576
 21
-276.576
  0
LINE
  8
QUOTATURA
 10
20.0
 11
0.0
 20
-279.91
 21
-276.576
  0
LINE
  8
QUOTATURA
 10
0.0
 11
20.0
 20
-276.576
 21
-273.242
  0
LINE
  8
QUOTATURA
 10
20.0
 11
20.0
 20
-273.242
 21
-279.91
  0
LINE
  8
QUOTATURA
 10
2380.0
 11
2400.0
 20
-273.242
 21
-276.576
  0
LINE
  8
QUOTATURA
 10
2400.0
 11
2380.0
 20
-276.576
 21
-279.91
  0
LINE
  8
QUOTATURA
 10
2380.0
 11
2380.0
 20
-279.91
 21
-273.242
  0
LINE
  8
QUOTATURA
 10
10.0
 11
10.0
 20
-10.0
 21
-245.244
  0
LINE
  8
QUOTATURA
 10
2390.0
 11
2390.0
 20
-10.0
 21
-245.244
  0
LINE
  8
QUOTATURA
 10
10.0
 11
1094.071
 20
-235.244
 21
-235.244
  0
LINE
  8
QUOTATURA
 10
1305.929
 11
2390.0
 20
-235.244
 21
-235.244
  0
LINE
  8
QUOTATURA
 10
30.0
 11
10.0
 20
-238.578
 21
-235.244
  0
LINE
  8
QUOTATURA
 10
10.0
 11
30.0
 20
-235.244
 21
-231.91
  0
LINE
  8
QUOTATURA
 10
30.0
 11
30.0
 20
-231.91
 21
-238.578
  0
LINE
  8
QUOTATURA
 10
2370.0
 11
2390.0
 20
-231.91
 21
-235.244
  0
LINE
  8
QUOTATURA
 10
2390.0
 11
2370.0
 20
-235.244
 21
-238.578
  0
LINE
  8
QUOTATURA
 10
2370.0
 11
2370.0
 20
-238.578
 21
-231.91
  0
LINE
  8
APS_GEOMETRY
 10
2529.0
 11
2529.0
 20
0.0
 21
2529.0
  0
LINE
  8
APS_GEOMETRY
 10
2529.0
 11
-129.0
 20
2529.0
 21
2529.0
  0
LINE
  8
APS_GEOMETRY
 10
-129.0
 11
-129.0
 20
2529.0
 21
0.0
  0
LINE
  8
APS_GEOMETRY
 10
21.0
 11
-129.0
 20
248.0
 21
248.0
  0
LINE
  8
APS_GEOMETRY
 10
2379.0
 11
2529.0
 20
248.0
 21
248.0
  0
LINE
  8
APS_GEOMETRY
 10
21.0
 11
-129.0
 20
0.0
 21
0.0
  0
LINE
  8
APS_GEOMETRY
 10
2379.0
 11
2529.0
 20
0.0
 21
0.0
  0
LINE
  8
APS_GEOMETRY
 10
21.0
 11
-129.0
 20
2379.0
 21
2379.0
  0
LINE
  8
APS_GEOMETRY
 10
21.0
 11
21.0
 20
2379.0
 21
2529.0
  0
LINE
  8
APS_GEOMETRY
 10
2379.0
 11
2529.0
 20
2379.0
 21
2379.0
  0
LINE
  8
APS_GEOMETRY
 10
2379.0
 11
2379.0
 20
2379.0
 21
2529.0
  0
LINE
  8
APS_GEOMETRY
 10
2509.0
 11
2509.0
 20
248.0
 21
2379.0
  0
LINE
  8
APS_GEOMETRY
 10
2379.0
 11
21.0
 20
2509.0
 21
2509.0
  0
LINE
  8
APS_GEOMETRY
 10
-109.0
 11
-109.0
 20
2379.0
 21
248.0
  0
LINE
  8
COSTRUZIONI
 10
2399.0
 11
2399.0
 20
0.0
 21
2399.0
  0
LINE
  8
COSTRUZIONI
 10
2399.0
 11
21.0
 20
2399.0
 21
2399.0
  0
LINE
  8
APS_GEOMETRY
 10
1.0
 11
1.0
 20
2379.0
 21
248.0
  0
LINE
  8
APS_GEOMETRY
 10
2379.0
 11
21.0
 20
2399.0
 21
2399.0
  0
LINE
  8
APS_GEOMETRY
 10
2399.0
 11
2399.0
 20
248.0
 21
2379.0
  0
LINE
  8
APS_GEOMETRY
 10
51.0
 11
21.0
 20
-710.606
 21
-710.606
  0
LINE
  8
APS_GEOMETRY
 10
16.5
 11
10.0
 20
-710.606
 21
-710.606
  0
LINE
  8
APS_GEOMETRY
 10
10.0
 11
10.0
 20
-710.606
 21
-660.606
  0
LINE
  8
APS_GEOMETRY
 10
10.0
 11
14.0
 20
-660.606
 21
-660.606
  0
LINE
  8
APS_GEOMETRY
 10
2343.5
 11
2350.5
 20
-690.606
 21
-690.606
  0
ARC
  8
APS_GEOMETRY
 10
2350.5
 20
-687.606
 40
3.0
 50
270.0
 51
0.0
  0
LINE
  8
APS_GEOMETRY
 10
2353.5
 11
2353.5
 20
-687.606
 21
-663.606
  0
ARC
  8
APS_GEOMETRY
 10
2350.5
 20
-663.606
 40
3.0
 50
0.0
 51
90.0
  0
LINE
  8
APS_GEOMETRY
 10
2350.5
 11
456.5
 20
-660.606
 21
-660.606
  0
ARC
  8
APS_GEOMETRY
 10
456.5
 20
-663.606
 40
3.0
 50
90.0
 51
180.0
  0
LINE
  8
APS_GEOMETRY
 10
453.5
 11
453.5
 20
-663.606
 21
-687.606
  0
ARC
  8
APS_GEOMETRY
 10
456.5
 20
-687.606
 40
3.0
 50
180.0
 51
270.0
  0
LINE
  8
APS_GEOMETRY
 10
456.5
 11
463.5
 20
-690.606
 21
-690.606
  0
LINE
  8
APS_GEOMETRY
 10
463.5
 11
463.5
 20
-690.606
 21
-702.606
  0
ARC
  8
APS_GEOMETRY
 10
466.5
 20
-702.606
 40
3.0
 50
180.0
 51
270.0
  0
LINE
  8
APS_GEOMETRY
 10
466.5
 11
2340.5
 20
-705.606
 21
-705.606
  0
ARC
  8
APS_GEOMETRY
 10
2340.5
 20
-702.606
 40
3.0
 50
270.0
 51
0.0
  0
LINE
  8
APS_GEOMETRY
 10
2343.5
 11
2343.5
 20
-702.606
 21
-690.606
  0
LINE
  8
APS_GEOMETRY
 10
450.5
 11
450.5
 20
-663.606
 21
-690.606
  0
LINE
  8
APS_GEOMETRY
 10
450.5
 11
457.5
 20
-690.606
 21
-690.606
  0
ARC
  8
APS_GEOMETRY
 10
457.5
 20
-693.606
 40
3.0
 50
360.0
 51
90.0
  0
LINE
  8
APS_GEOMETRY
 10
460.5
 11
460.5
 20
-693.606
 21
-702.606
  0
ARC
  8
APS_GEOMETRY
 10
457.5
 20
-702.606
 40
3.0
 50
270.0
 51
360.0
  0
LINE
  8
APS_GEOMETRY
 10
150.5
 11
150.5
 20
-660.606
 21
-705.606
  0
LINE
  8
APS_GEOMETRY
 10
150.5
 11
59.5
 20
-705.606
 21
-705.606
  0
ARC
  8
APS_GEOMETRY
 10
59.5
 20
-702.606
 40
3.0
 50
180.0
 51
270.0
  0
LINE
  8
APS_GEOMETRY
 10
56.5
 11
56.5
 20
-702.606
 21
-690.606
  0
LINE
  8
APS_GEOMETRY
 10
56.5
 11
49.5
 20
-690.606
 21
-690.606
  0
ARC
  8
APS_GEOMETRY
 10
49.5
 20
-687.606
 40
3.0
 50
180.0
 51
270.0
  0
LINE
  8
APS_GEOMETRY
 10
46.5
 11
46.5
 20
-687.606
 21
-663.606
  0
ARC
  8
APS_GEOMETRY
 10
49.5
 20
-663.606
 40
3.0
 50
90.0
 51
180.0
  0
LINE
  8
APS_GEOMETRY
 10
49.5
 11
150.5
 20
-660.606
 21
-660.606
  0
LINE
  8
APS_GEOMETRY
 10
447.5
 11
356.5
 20
-660.606
 21
-660.606
  0
LINE
  8
APS_GEOMETRY
 10
356.5
 11
356.5
 20
-660.606
 21
-705.606
  0
LINE
  8
APS_GEOMETRY
 10
356.5
 11
457.5
 20
-705.606
 21
-705.606
  0
ARC
  8
APS_GEOMETRY
 10
447.5
 20
-663.606
 40
3.0
 50
360.0
 51
90.0
  0
LINE
  8
QUOTATURA
 10
46.5
 11
46.5
 20
-5.0
 21
-90.882
  0
LINE
  8
QUOTATURA
 10
460.5
 11
460.5
 20
-5.0
 21
-90.882
  0
LINE
  8
QUOTATURA
 10
46.5
 11
224.402
 20
-80.882
 21
-80.882
  0
LINE
  8
QUOTATURA
 10
282.598
 11
460.5
 20
-80.882
 21
-80.882
  0
LINE
  8
QUOTATURA
 10
66.5
 11
46.5
 20
-84.216
 21
-80.882
  0
LINE
  8
QUOTATURA
 10
46.5
 11
66.5
 20
-80.882
 21
-77.548
  0
LINE
  8
QUOTATURA
 10
66.5
 11
66.5
 20
-77.548
 21
-84.216
  0
LINE
  8
QUOTATURA
 10
440.5
 11
460.5
 20
-77.548
 21
-80.882
  0
LINE
  8
QUOTATURA
 10
460.5
 11
440.5
 20
-80.882
 21
-84.216
  0
LINE
  8
QUOTATURA
 10
440.5
 11
440.5
 20
-84.216
 21
-77.548
  0
LINE
  8
QUOTATURA
 10
453.5
 11
453.5
 20
-5.0
 21
-90.882
  0
LINE
  8
QUOTATURA
 10
1203.5
 11
1203.5
 20
-5.0
 21
-90.882
  0
LINE
  8
QUOTATURA
 10
453.5
 11
797.465
 20
-80.882
 21
-80.882
  0
LINE
  8
QUOTATURA
 10
859.535
 11
1203.5
 20
-80.882
 21
-80.882
  0
LINE
  8
QUOTATURA
 10
473.5
 11
453.5
 20
-84.216
 21
-80.882
  0
LINE
  8
QUOTATURA
 10
453.5
 11
473.5
 20
-80.882
 21
-77.548
  0
LINE
  8
QUOTATURA
 10
473.5
 11
473.5
 20
-77.548
 21
-84.216
  0
LINE
  8
QUOTATURA
 10
1183.5
 11
1203.5
 20
-77.548
 21
-80.882
  0
LINE
  8
QUOTATURA
 10
1203.5
 11
1183.5
 20
-80.882
 21
-84.216
  0
LINE
  8
QUOTATURA
 10
1183.5
 11
1183.5
 20
-84.216
 21
-77.548
  0
ARC
  8
APS_GEOMETRY
 10
1199.5
 20
-663.606
 40
3.0
 50
90.0
 51
180.0
  0
LINE
  8
APS_GEOMETRY
 10
1196.5
 11
1196.5
 20
-663.606
 21
-687.606
  0
ARC
  8
APS_GEOMETRY
 10
1199.5
 20
-687.606
 40
3.0
 50
180.0
 51
270.0
  0
LINE
  8
APS_GEOMETRY
 10
1199.5
 11
1206.5
 20
-690.606
 21
-690.606
  0
LINE
  8
APS_GEOMETRY
 10
1206.5
 11
1206.5
 20
-690.606
 21
-702.606
  0
ARC
  8
APS_GEOMETRY
 10
1209.5
 20
-702.606
 40
3.0
 50
180.0
 51
270.0
  0
LINE
  8
APS_GEOMETRY
 10
1193.5
 11
1193.5
 20
-663.606
 21
-690.606
  0
LINE
  8
APS_GEOMETRY
 10
1193.5
 11
1200.5
 20
-690.606
 21
-690.606
  0
ARC
  8
APS_GEOMETRY
 10
1200.5
 20
-693.606
 40
3.0
 50
360.0
 51
90.0
  0
LINE
  8
APS_GEOMETRY
 10
1203.5
 11
1203.5
 20
-693.606
 21
-702.606
  0
ARC
  8
APS_GEOMETRY
 10
1200.5
 20
-702.606
 40
3.0
 50
270.0
 51
360.0
  0
ARC
  8
APS_GEOMETRY
 10
1190.5
 20
-663.606
 40
3.0
 50
360.0
 51
90.0
  0
ARC
  8
APS_GEOMETRY
 10
1943.5
 20
-663.606
 40
3.0
 50
360.0
 51
90.0
  0
LINE
  8
APS_GEOMETRY
 10
1946.5
 11
1946.5
 20
-663.606
 21
-687.606
  0
ARC
  8
APS_GEOMETRY
 10
1943.5
 20
-687.606
 40
3.0
 50
270.0
 51
360.0
  0
LINE
  8
APS_GEOMETRY
 10
1943.5
 11
1936.5
 20
-690.606
 21
-690.606
  0
LINE
  8
APS_GEOMETRY
 10
1936.5
 11
1936.5
 20
-690.606
 21
-702.606
  0
ARC
  8
APS_GEOMETRY
 10
1933.5
 20
-702.606
 40
3.0
 50
270.0
 51
360.0
  0
LINE
  8
APS_GEOMETRY
 10
1949.5
 11
1949.5
 20
-663.606
 21
-690.606
  0
LINE
  8
APS_GEOMETRY
 10
1949.5
 11
1942.5
 20
-690.606
 21
-690.606
  0
ARC
  8
APS_GEOMETRY
 10
1942.5
 20
-693.606
 40
3.0
 50
90.0
 51
180.0
  0
LINE
  8
APS_GEOMETRY
 10
1939.5
 11
1939.5
 20
-693.606
 21
-702.606
  0
ARC
  8
APS_GEOMETRY
 10
1942.5
 20
-702.606
 40
3.0
 50
180.0
 51
270.0
  0
ARC
  8
APS_GEOMETRY
 10
1952.5
 20
-663.606
 40
3.0
 50
90.0
 51
180.0
  0
LINE
  8
APS_GEOMETRY
 10
14.0
 11
14.0
 20
-660.606
 21
-674.606
  0
LINE
  8
APS_GEOMETRY
 10
14.0
 11
18.5
 20
-674.606
 21
-674.606
  0
LINE
  8
APS_GEOMETRY
 10
18.5
 11
18.5
 20
-674.606
 21
-660.606
  0
LINE
  8
APS_GEOMETRY
 10
18.5
 11
40.5
 20
-660.606
 21
-660.606
  0
ARC
  8
APS_GEOMETRY
 10
40.5
 20
-663.606
 40
3.0
 50
360.0
 51
90.0
  0
LINE
  8
APS_GEOMETRY
 10
43.5
 11
43.5
 20
-663.606
 21
-690.606
  0
LINE
  8
APS_GEOMETRY
 10
43.5
 11
54.0
 20
-690.606
 21
-690.606
  0
LINE
  8
APS_GEOMETRY
 10
54.0
 11
54.0
 20
-690.606
 21
-707.606
  0
ARC
  8
APS_GEOMETRY
 10
51.0
 20
-707.606
 40
3.0
 50
270.0
 51
360.0
  0
LINE
  8
APS_GEOMETRY
 10
16.5
 11
16.5
 20
-710.606
 21
-696.606
  0
LINE
  8
APS_GEOMETRY
 10
16.5
 11
21.0
 20
-696.606
 21
-696.606
  0
LINE
  8
APS_GEOMETRY
 10
21.0
 11
21.0
 20
-696.606
 21
-710.606
  0
LINE
  8
APS_GEOMETRY
 10
-61.0
 11
-61.0
 20
-657.606
 21
-660.606
  0
LINE
  8
APS_GEOMETRY
 10
-61.0
 11
-72.0
 20
-660.606
 21
-660.606
  0
LINE
  8
APS_GEOMETRY
 10
-72.0
 11
-72.0
 20
-660.606
 21
-645.606
  0
ARC
  8
APS_GEOMETRY
 10
-66.5
 20
-645.606
 40
5.5
 50
3.945
 51
180.0
  0
ARC
  8
APS_GEOMETRY
 10
-60.514
 20
-645.193
 40
0.5
 50
183.945
 51
258.69
  0
LINE
  8
APS_GEOMETRY
 10
-60.612
 11
-58.799
 20
-645.684
 21
-646.046
  0
ARC
  8
APS_GEOMETRY
 10
-58.897
 20
-646.537
 40
0.5
 50
12.647
 51
78.69
  0
ARC
  8
APS_GEOMETRY
 10
-54.75
 20
-645.606
 40
3.75
 50
192.647
 51
352.846
  0
ARC
  8
APS_GEOMETRY
 10
-50.533
 20
-646.135
 40
0.5
 50
86.522
 51
172.846
  0
LINE
  8
APS_GEOMETRY
 10
-50.503
 11
9.238
 20
-645.636
 21
-649.267
  0
ARC
  8
APS_GEOMETRY
 10
9.208
 20
-649.766
 40
0.5
 50
20.0
 51
86.522
  0
LINE
  8
APS_GEOMETRY
 10
9.678
 11
9.926
 20
-649.595
 21
-650.277
  0
ARC
  8
APS_GEOMETRY
 10
10.396
 20
-650.106
 40
0.5
 50
200.0
 51
270.0
  0
LINE
  8
APS_GEOMETRY
 10
10.396
 11
11.0
 20
-650.606
 21
-650.606
  0
ARC
  8
APS_GEOMETRY
 10
11.0
 20
-657.606
 40
7.0
 50
0.0
 51
90.0
  0
LINE
  8
APS_GEOMETRY
 10
18.0
 11
18.0
 20
-657.606
 21
-672.606
  0
LINE
  8
APS_GEOMETRY
 10
18.0
 11
14.974
 20
-672.606
 21
-672.08
  0
LINE
  8
APS_GEOMETRY
 10
14.974
 11
14.0
 20
-672.08
 21
-671.106
  0
LINE
  8
APS_GEOMETRY
 10
14.0
 11
14.0
 20
-671.106
 21
-660.606
  0
LINE
  8
APS_GEOMETRY
 10
14.0
 11
9.5
 20
-660.606
 21
-660.606
  0
LINE
  8
APS_GEOMETRY
 10
9.5
 11
9.5
 20
-660.606
 21
-657.606
  0
LINE
  8
APS_GEOMETRY
 10
9.5
 11
-61.0
 20
-657.606
 21
-657.606
  0
LINE
  8
QUOTATURA
 10
21.0
 11
21.0
 20
-10.0
 21
-81.059
  0
LINE
  8
QUOTATURA
 10
-129.0
 11
-129.0
 20
-10.0
 21
-81.059
  0
LINE
  8
QUOTATURA
 10
21.0
 11
-26.481
 20
-71.059
 21
-71.059
  0
LINE
  8
QUOTATURA
 10
-81.519
 11
-129.0
 20
-71.059
 21
-71.059
  0
LINE
  8
QUOTATURA
 10
1.0
 11
21.0
 20
-67.725
 21
-71.059
  0
LINE
  8
QUOTATURA
 10
21.0
 11
1.0
 20
-71.059
 21
-74.393
  0
LINE
  8
QUOTATURA
 10
1.0
 11
1.0
 20
-74.393
 21
-67.725
  0
LINE
  8
QUOTATURA
 10
-109.0
 11
-129.0
 20
-74.393
 21
-71.059
  0
LINE
  8
QUOTATURA
 10
-129.0
 11
-109.0
 20
-71.059
 21
-67.725
  0
LINE
  8
QUOTATURA
 10
-109.0
 11
-109.0
 20
-67.725
 21
-74.393
  0
LINE
  8
QUOTATURA
 10
-139.0
 11
-202.098
 20
0.0
 21
0.0
  0
LINE
  8
QUOTATURA
 10
-139.0
 11
-202.098
 20
248.0
 21
248.0
  0
LINE
  8
QUOTATURA
 10
-192.098
 11
-192.098
 20
0.0
 21
108.81
  0
LINE
  8
QUOTATURA
 10
-192.098
 11
-192.098
 20
139.063
 21
248.0
  0
LINE
  8
QUOTATURA
 10
-188.764
 11
-192.098
 20
20.0
 21
0.0
  0
LINE
  8
QUOTATURA
 10
-192.098
 11
-195.432
 20
0.0
 21
20.0
  0
LINE
  8
QUOTATURA
 10
-195.432
 11
-188.764
 20
20.0
 21
20.0
  0
LINE
  8
QUOTATURA
 10
-195.432
 11
-192.098
 20
228.0
 21
248.0
  0
LINE
  8
QUOTATURA
 10
-192.098
 11
-188.764
 20
248.0
 21
228.0
  0
LINE
  8
QUOTATURA
 10
-188.764
 11
-195.432
 20
228.0
 21
228.0
  0
LINE
  8
QUOTATURA
 10
2631.685
 11
2623.35
 20
452.612
 21
402.612
  0
LINE
  8
QUOTATURA
 10
2623.35
 11
2615.015
 20
402.612
 21
452.612
  0
LINE
  8
QUOTATURA
 10
2615.015
 11
2631.685
 20
452.612
 21
452.612
  0
LINE
  8
QUOTATURA
 10
2623.35
 11
2623.35
 20
402.612
 21
562.0
  0
LINE
  8
QUOTATURA
 10
2623.35
 11
2543.656
 20
562.0
 21
562.0
  0
ARC
  8
APS_GEOMETRY
 10
10.5
 20
-725.606
 40
10.0
 50
180.0
 51
0.0
  0
LINE
  8
APS_GEOMETRY
 10
20.5
 11
20.5
 20
-725.606
 21
-698.606
  0
LINE
  8
APS_GEOMETRY
 10
20.5
 11
17.474
 20
-698.606
 21
-699.132
  0
LINE
  8
APS_GEOMETRY
 10
17.474
 11
16.5
 20
-699.132
 21
-700.106
  0
LINE
  8
APS_GEOMETRY
 10
16.5
 11
16.5
 20
-700.106
 21
-710.606
  0
LINE
  8
APS_GEOMETRY
 10
16.5
 11
0.5
 20
-710.606
 21
-710.606
  0
LINE
  8
APS_GEOMETRY
 10
0.5
 11
0.5
 20
-710.606
 21
-713.606
  0
LINE
  8
APS_GEOMETRY
 10
-109.5
 11
-109.5
 20
-713.606
 21
-710.606
  0
LINE
  8
APS_GEOMETRY
 10
-109.5
 11
-129.5
 20
-710.606
 21
-710.606
  0
LINE
  8
APS_GEOMETRY
 10
-129.5
 11
-129.5
 20
-710.606
 21
-725.606
  0
ARC
  8
APS_GEOMETRY
 10
-119.5
 20
-725.606
 40
10.0
 50
180.0
 51
360.0
  0
ARC
  8
APS_GEOMETRY
 10
-119.5
 20
-725.606
 40
10.0
 50
360.0
 51
0.0
  0
LINE
  8
APS_GEOMETRY
 10
5.5
 11
-114.5
 20
-713.606
 21
-713.606
  0
LINE
  8
APS_GEOMETRY
 10
-114.5
 11
-114.5
 20
-713.606
 21
-725.606
  0
LINE
  8
APS_GEOMETRY
 10
-114.5
 11
5.5
 20
-725.606
 21
-725.606
  0
LINE
  8
APS_GEOMETRY
 10
5.5
 11
5.5
 20
-725.606
 21
-713.606
  0
LINE
  8
COSTRUZIONI
 10
-129.5
 11
-129.5
 20
-725.606
 21
-736.606
  0
ARC
  8
COSTRUZIONI
 10
-124.5
 20
-736.606
 40
5.0
 50
180.0
 51
270.0
  0
LINE
  8
COSTRUZIONI
 10
-124.5
 11
15.5
 20
-741.606
 21
-741.606
  0
ARC
  8
COSTRUZIONI
 10
15.5
 20
-736.606
 40
5.0
 50
270.0
 51
0.0
  0
LINE
  8
COSTRUZIONI
 10
20.5
 11
20.5
 20
-736.606
 21
-725.606
  0
LINE
  8
APS_GEOMETRY
 10
2349.0
 11
2379.0
 20
-710.606
 21
-710.606
  0
LINE
  8
APS_GEOMETRY
 10
2383.5
 11
2390.0
 20
-710.606
 21
-710.606
  0
LINE
  8
APS_GEOMETRY
 10
2390.0
 11
2390.0
 20
-710.606
 21
-660.606
  0
LINE
  8
APS_GEOMETRY
 10
2390.0
 11
2386.0
 20
-660.606
 21
-660.606
  0
LINE
  8
APS_GEOMETRY
 10
2386.0
 11
2386.0
 20
-660.606
 21
-674.606
  0
LINE
  8
APS_GEOMETRY
 10
2386.0
 11
2381.5
 20
-674.606
 21
-674.606
  0
LINE
  8
APS_GEOMETRY
 10
2381.5
 11
2381.5
 20
-674.606
 21
-660.606
  0
LINE
  8
APS_GEOMETRY
 10
2381.5
 11
2359.5
 20
-660.606
 21
-660.606
  0
ARC
  8
APS_GEOMETRY
 10
2359.5
 20
-663.606
 40
3.0
 50
90.0
 51
180.0
  0
LINE
  8
APS_GEOMETRY
 10
2356.5
 11
2356.5
 20
-663.606
 21
-690.606
  0
LINE
  8
APS_GEOMETRY
 10
2356.5
 11
2346.0
 20
-690.606
 21
-690.606
  0
LINE
  8
APS_GEOMETRY
 10
2346.0
 11
2346.0
 20
-690.606
 21
-707.606
  0
ARC
  8
APS_GEOMETRY
 10
2349.0
 20
-707.606
 40
3.0
 50
180.0
 51
270.0
  0
LINE
  8
APS_GEOMETRY
 10
2383.5
 11
2383.5
 20
-710.606
 21
-696.606
  0
LINE
  8
APS_GEOMETRY
 10
2383.5
 11
2379.0
 20
-696.606
 21
-696.606
  0
LINE
  8
APS_GEOMETRY
 10
2379.0
 11
2379.0
 20
-696.606
 21
-710.606
  0
LINE
  8
APS_GEOMETRY
 10
2461.0
 11
2461.0
 20
-657.606
 21
-660.606
  0
LINE
  8
APS_GEOMETRY
 10
2461.0
 11
2472.0
 20
-660.606
 21
-660.606
  0
LINE
  8
APS_GEOMETRY
 10
2472.0
 11
2472.0
 20
-660.606
 21
-645.606
  0
ARC
  8
APS_GEOMETRY
 10
2466.5
 20
-645.606
 40
5.5
 50
0.0
 51
176.055
  0
ARC
  8
APS_GEOMETRY
 10
2460.514
 20
-645.193
 40
0.5
 50
281.31
 51
356.055
  0
LINE
  8
APS_GEOMETRY
 10
2460.612
 11
2458.799
 20
-645.684
 21
-646.046
  0
ARC
  8
APS_GEOMETRY
 10
2458.897
 20
-646.537
 40
0.5
 50
101.31
 51
167.353
  0
ARC
  8
APS_GEOMETRY
 10
2454.75
 20
-645.606
 40
3.75
 50
187.154
 51
347.353
  0
ARC
  8
APS_GEOMETRY
 10
2450.533
 20
-646.135
 40
0.5
 50
7.154
 51
93.478
  0
LINE
  8
APS_GEOMETRY
 10
2450.503
 11
2390.762
 20
-645.636
 21
-649.267
  0
ARC
  8
APS_GEOMETRY
 10
2390.792
 20
-649.766
 40
0.5
 50
93.478
 51
160.0
  0
LINE
  8
APS_GEOMETRY
 10
2390.322
 11
2390.074
 20
-649.595
 21
-650.277
  0
ARC
  8
APS_GEOMETRY
 10
2389.604
 20
-650.106
 40
0.5
 50
270.0
 51
340.0
  0
LINE
  8
APS_GEOMETRY
 10
2389.604
 11
2389.0
 20
-650.606
 21
-650.606
  0
ARC
  8
APS_GEOMETRY
 10
2389.0
 20
-657.606
 40
7.0
 50
90.0
 51
180.0
  0
LINE
  8
APS_GEOMETRY
 10
2382.0
 11
2382.0
 20
-657.606
 21
-672.606
  0
LINE
  8
APS_GEOMETRY
 10
2382.0
 11
2385.026
 20
-672.606
 21
-672.08
  0
LINE
  8
APS_GEOMETRY
 10
2385.026
 11
2386.0
 20
-672.08
 21
-671.106
  0
LINE
  8
APS_GEOMETRY
 10
2386.0
 11
2386.0
 20
-671.106
 21
-660.606
  0
LINE
  8
APS_GEOMETRY
 10
2386.0
 11
2390.5
 20
-660.606
 21
-660.606
  0
LINE
  8
APS_GEOMETRY
 10
2390.5
 11
2390.5
 20
-660.606
 21
-657.606
  0
LINE
  8
APS_GEOMETRY
 10
2390.5
 11
2461.0
 20
-657.606
 21
-657.606
  0
ARC
  8
APS_GEOMETRY
 10
2389.5
 20
-725.606
 40
10.0
 50
180.0
 51
360.0
  0
LINE
  8
APS_GEOMETRY
 10
2379.5
 11
2379.5
 20
-725.606
 21
-698.606
  0
LINE
  8
APS_GEOMETRY
 10
2379.5
 11
2382.526
 20
-698.606
 21
-699.132
  0
LINE
  8
APS_GEOMETRY
 10
2382.526
 11
2383.5
 20
-699.132
 21
-700.106
  0
LINE
  8
APS_GEOMETRY
 10
2383.5
 11
2383.5
 20
-700.106
 21
-710.606
  0
LINE
  8
APS_GEOMETRY
 10
2383.5
 11
2399.5
 20
-710.606
 21
-710.606
  0
LINE
  8
APS_GEOMETRY
 10
2399.5
 11
2399.5
 20
-710.606
 21
-713.606
  0
LINE
  8
APS_GEOMETRY
 10
2509.5
 11
2509.5
 20
-713.606
 21
-710.606
  0
LINE
  8
APS_GEOMETRY
 10
2509.5
 11
2529.5
 20
-710.606
 21
-710.606
  0
LINE
  8
APS_GEOMETRY
 10
2529.5
 11
2529.5
 20
-710.606
 21
-725.606
  0
ARC
  8
APS_GEOMETRY
 10
2519.5
 20
-725.606
 40
10.0
 50
180.0
 51
360.0
  0
ARC
  8
APS_GEOMETRY
 10
2519.5
 20
-725.606
 40
10.0
 50
360.0
 51
360.0
  0
LINE
  8
APS_GEOMETRY
 10
2394.5
 11
2514.5
 20
-713.606
 21
-713.606
  0
LINE
  8
APS_GEOMETRY
 10
2514.5
 11
2514.5
 20
-713.606
 21
-725.606
  0
LINE
  8
APS_GEOMETRY
 10
2514.5
 11
2394.5
 20
-725.606
 21
-725.606
  0
LINE
  8
APS_GEOMETRY
 10
2394.5
 11
2394.5
 20
-725.606
 21
-713.606
  0
LINE
  8
COSTRUZIONI
 10
2529.5
 11
2529.5
 20
-725.606
 21
-736.606
  0
ARC
  8
COSTRUZIONI
 10
2524.5
 20
-736.606
 40
5.0
 50
270.0
 51
360.0
  0
LINE
  8
COSTRUZIONI
 10
2524.5
 11
2384.5
 20
-741.606
 21
-741.606
  0
ARC
  8
COSTRUZIONI
 10
2384.5
 20
-736.606
 40
5.0
 50
180.0
 51
270.0
  0
LINE
  8
COSTRUZIONI
 10
2379.5
 11
2379.5
 20
-736.606
 21
-725.606
  0
LINE
  8
APS_GEOMETRY
 10
151.5
 11
166.5
 20
-677.106
 21
-677.106
  0
ARC
  8
APS_GEOMETRY
 10
166.5
 20
-676.106
 40
1.0
 50
270.0
 51
0.0
  0
LINE
  8
APS_GEOMETRY
 10
167.5
 11
167.5
 20
-676.106
 21
-675.306
  0
ARC
  8
APS_GEOMETRY
 10
167.3
 20
-675.306
 40
0.2
 50
0.0
 51
90.0
  0
LINE
  8
APS_GEOMETRY
 10
167.3
 11
166.7
 20
-675.106
 21
-675.106
  0
ARC
  8
APS_GEOMETRY
 10
166.7
 20
-674.906
 40
0.2
 50
180.0
 51
270.0
  0
LINE
  8
APS_GEOMETRY
 10
166.5
 11
166.5
 20
-674.906
 21
-674.304
  0
ARC
  8
APS_GEOMETRY
 10
166.3
 20
-674.304
 40
0.2
 50
0.0
 51
88.512
  0
ARC
  8
APS_GEOMETRY
 10
166.5
 20
-666.606
 40
7.5
 50
180.0
 51
268.512
  0
ARC
  8
APS_GEOMETRY
 10
149.0
 20
-666.606
 40
10.0
 50
0.0
 51
136.826
  0
ARC
  8
APS_GEOMETRY
 10
142.072
 20
-660.106
 40
0.5
 50
136.826
 51
270.0
  0
LINE
  8
APS_GEOMETRY
 10
142.072
 11
151.5
 20
-660.606
 21
-660.606
  0
LINE
  8
APS_GEOMETRY
 10
151.5
 11
151.5
 20
-677.106
 21
-660.606
  0
LINE
  8
APS_GEOMETRY
 10
151.5
 11
166.5
 20
-689.106
 21
-689.106
  0
ARC
  8
APS_GEOMETRY
 10
166.5
 20
-690.106
 40
1.0
 50
360.0
 51
90.0
  0
LINE
  8
APS_GEOMETRY
 10
167.5
 11
167.5
 20
-690.106
 21
-690.906
  0
ARC
  8
APS_GEOMETRY
 10
167.3
 20
-690.906
 40
0.2
 50
270.0
 51
360.0
  0
LINE
  8
APS_GEOMETRY
 10
167.3
 11
166.7
 20
-691.106
 21
-691.106
  0
ARC
  8
APS_GEOMETRY
 10
166.7
 20
-691.306
 40
0.2
 50
90.0
 51
180.0
  0
LINE
  8
APS_GEOMETRY
 10
166.5
 11
166.5
 20
-691.306
 21
-691.909
  0
ARC
  8
APS_GEOMETRY
 10
166.3
 20
-691.909
 40
0.2
 50
271.488
 51
360.0
  0
ARC
  8
APS_GEOMETRY
 10
166.5
 20
-699.606
 40
7.5
 50
91.488
 51
180.0
  0
ARC
  8
APS_GEOMETRY
 10
149.0
 20
-699.606
 40
10.0
 50
223.174
 51
360.0
  0
ARC
  8
APS_GEOMETRY
 10
142.072
 20
-706.106
 40
0.5
 50
90.0
 51
223.174
  0
LINE
  8
APS_GEOMETRY
 10
142.072
 11
151.5
 20
-705.606
 21
-705.606
  0
LINE
  8
APS_GEOMETRY
 10
151.5
 11
151.5
 20
-689.106
 21
-705.606
  0
LINE
  8
APS_GEOMETRY
 10
355.5
 11
340.5
 20
-677.106
 21
-677.106
  0
ARC
  8
APS_GEOMETRY
 10
340.5
 20
-676.106
 40
1.0
 50
180.0
 51
270.0
  0
LINE
  8
APS_GEOMETRY
 10
339.5
 11
339.5
 20
-676.106
 21
-675.306
  0
ARC
  8
APS_GEOMETRY
 10
339.7
 20
-675.306
 40
0.2
 50
90.0
 51
180.0
  0
LINE
  8
APS_GEOMETRY
 10
339.7
 11
340.3
 20
-675.106
 21
-675.106
  0
ARC
  8
APS_GEOMETRY
 10
340.3
 20
-674.906
 40
0.2
 50
270.0
 51
0.0
  0
LINE
  8
APS_GEOMETRY
 10
340.5
 11
340.5
 20
-674.906
 21
-674.304
  0
ARC
  8
APS_GEOMETRY
 10
340.7
 20
-674.304
 40
0.2
 50
91.488
 51
180.0
  0
ARC
  8
APS_GEOMETRY
 10
340.5
 20
-666.606
 40
7.5
 50
271.488
 51
360.0
  0
ARC
  8
APS_GEOMETRY
 10
358.0
 20
-666.606
 40
10.0
 50
43.174
 51
180.0
  0
ARC
  8
APS_GEOMETRY
 10
364.928
 20
-660.106
 40
0.5
 50
270.0
 51
43.174
  0
LINE
  8
APS_GEOMETRY
 10
364.928
 11
355.5
 20
-660.606
 21
-660.606
  0
LINE
  8
APS_GEOMETRY
 10
355.5
 11
355.5
 20
-677.106
 21
-660.606
  0
LINE
  8
APS_GEOMETRY
 10
355.5
 11
340.5
 20
-689.106
 21
-689.106
  0
ARC
  8
APS_GEOMETRY
 10
340.5
 20
-690.106
 40
1.0
 50
90.0
 51
180.0
  0
LINE
  8
APS_GEOMETRY
 10
339.5
 11
339.5
 20
-690.106
 21
-690.906
  0
ARC
  8
APS_GEOMETRY
 10
339.7
 20
-690.906
 40
0.2
 50
180.0
 51
270.0
  0
LINE
  8
APS_GEOMETRY
 10
339.7
 11
340.3
 20
-691.106
 21
-691.106
  0
ARC
  8
APS_GEOMETRY
 10
340.3
 20
-691.306
 40
0.2
 50
360.0
 51
90.0
  0
LINE
  8
APS_GEOMETRY
 10
340.5
 11
340.5
 20
-691.306
 21
-691.909
  0
ARC
  8
APS_GEOMETRY
 10
340.7
 20
-691.909
 40
0.2
 50
180.0
 51
268.512
  0
ARC
  8
APS_GEOMETRY
 10
340.5
 20
-699.606
 40
7.5
 50
0.0
 51
88.512
  0
ARC
  8
APS_GEOMETRY
 10
358.0
 20
-699.606
 40
10.0
 50
180.0
 51
316.826
  0
ARC
  8
APS_GEOMETRY
 10
364.928
 20
-706.106
 40
0.5
 50
316.826
 51
90.0
  0
LINE
  8
APS_GEOMETRY
 10
364.928
 11
355.5
 20
-705.606
 21
-705.606
  0
LINE
  8
APS_GEOMETRY
 10
355.5
 11
355.5
 20
-689.106
 21
-705.606
  0
LINE
  8
APS_GEOMETRY
 10
152.5
 11
354.5
 20
-689.106
 21
-689.106
  0
LINE
  8
APS_GEOMETRY
 10
354.5
 11
354.5
 20
-689.106
 21
-677.106
  0
LINE
  8
APS_GEOMETRY
 10
354.5
 11
152.5
 20
-677.106
 21
-677.106
  0
LINE
  8
APS_GEOMETRY
 10
152.5
 11
152.5
 20
-677.106
 21
-689.106
  0
LINE
  8
COSTRUZIONI
 10
574.5
 11
1091.626
 20
722.0
 21
722.0
  0
LINE
  8
COSTRUZIONI
 10
1091.626
 11
1091.626
 20
722.0
 21
2137.295
  0
LINE
  8
COSTRUZIONI
 10
1091.626
 11
574.5
 20
2137.295
 21
2137.295
  0
LINE
  8
COSTRUZIONI
 10
574.5
 11
574.5
 20
2137.295
 21
722.0
  0
LINE
  8
APS_GEOMETRY
 10
1082.5
 11
1082.5
 20
2226.0
 21
1896.786
  0
ARC
  8
APS_GEOMETRY
 10
1075.5
 20
1896.786
 40
7.0
 50
208.653
 51
360.0
  0
ARC
  8
APS_GEOMETRY
 10
807.137
 20
1750.148
 40
298.813
 50
28.653
 51
85.802
  0
ARC
  8
APS_GEOMETRY
 10
828.5
 20
2041.178
 40
7.0
 50
85.802
 51
94.198
  0
ARC
  8
APS_GEOMETRY
 10
849.863
 20
1750.148
 40
298.813
 50
94.198
 51
151.347
  0
ARC
  8
APS_GEOMETRY
 10
581.5
 20
1896.786
 40
7.0
 50
180.0
 51
331.347
  0
LINE
  8
APS_GEOMETRY
 10
574.5
 11
574.5
 20
1896.786
 21
2226.0
  0
ARC
  8
APS_GEOMETRY
 10
581.5
 20
2226.0
 40
7.0
 50
90.0
 51
180.0
  0
LINE
  8
APS_GEOMETRY
 10
581.5
 11
1075.5
 20
2233.0
 21
2233.0
  0
ARC
  8
APS_GEOMETRY
 10
1075.5
 20
2226.0
 40
7.0
 50
360.0
 51
90.0
  0
LINE
  8
APS_GEOMETRY
 10
1109.15
 11
1109.15
 20
2242.9
 21
712.1
  0
ARC
  8
APS_GEOMETRY
 10
1092.4
 20
712.1
 40
16.75
 50
270.0
 51
360.0
  0
LINE
  8
APS_GEOMETRY
 10
1092.4
 11
564.6
 20
695.35
 21
695.35
  0
ARC
  8
APS_GEOMETRY
 10
564.6
 20
712.1
 40
16.75
 50
180.0
 51
270.0
  0
LINE
  8
APS_GEOMETRY
 10
547.85
 11
547.85
 20
712.1
 21
2242.9
  0
ARC
  8
APS_GEOMETRY
 10
564.6
 20
2242.9
 40
16.75
 50
90.0
 51
180.0
  0
LINE
  8
APS_GEOMETRY
 10
564.6
 11
1092.4
 20
2259.65
 21
2259.65
  0
ARC
  8
APS_GEOMETRY
 10
1092.4
 20
2242.9
 40
16.75
 50
360.0
 51
90.0
  0
LINE
  8
APS_GEOMETRY
 10
1082.5
 11
1082.5
 20
1507.728
 21
729.0
  0
ARC
  8
APS_GEOMETRY
 10
1075.5
 20
729.0
 40
7.0
 50
270.0
 51
360.0
  0
LINE
  8
APS_GEOMETRY
 10
1075.5
 11
581.5
 20
722.0
 21
722.0
  0
ARC
  8
APS_GEOMETRY
 10
581.5
 20
729.0
 40
7.0
 50
180.0
 51
270.0
  0
LINE
  8
APS_GEOMETRY
 10
574.5
 11
574.5
 20
729.0
 21
1507.728
  0
ARC
  8
APS_GEOMETRY
 10
581.5
 20
1507.728
 40
7.0
 50
90.0
 51
180.0
  0
LINE
  8
APS_GEOMETRY
 10
581.5
 11
603.933
 20
1514.728
 21
1514.728
  0
LINE
  8
APS_GEOMETRY
 10
603.933
 11
603.933
 20
1514.728
 21
1548.092
  0
ARC
  8
APS_GEOMETRY
 10
610.933
 20
1548.092
 40
7.0
 50
90.0
 51
180.0
  0
LINE
  8
APS_GEOMETRY
 10
610.933
 11
622.854
 20
1555.092
 21
1555.092
  0
LINE
  8
APS_GEOMETRY
 10
622.854
 11
622.854
 20
1555.092
 21
1619.715
  0
ARC
  8
APS_GEOMETRY
 10
849.863
 20
1750.148
 40
261.813
 50
94.809
 51
209.88
  0
ARC
  8
APS_GEOMETRY
 10
828.5
 20
2004.064
 40
7.0
 50
85.191
 51
94.809
  0
ARC
  8
APS_GEOMETRY
 10
807.137
 20
1750.148
 40
261.813
 50
330.12
 51
85.191
  0
LINE
  8
APS_GEOMETRY
 10
1034.146
 11
1034.146
 20
1619.715
 21
1555.092
  0
LINE
  8
APS_GEOMETRY
 10
1034.146
 11
1046.067
 20
1555.092
 21
1555.092
  0
ARC
  8
APS_GEOMETRY
 10
1046.067
 20
1548.092
 40
7.0
 50
360.0
 51
90.0
  0
LINE
  8
APS_GEOMETRY
 10
1053.067
 11
1053.067
 20
1548.092
 21
1514.728
  0
LINE
  8
APS_GEOMETRY
 10
1053.067
 11
1075.5
 20
1514.728
 21
1514.728
  0
ARC
  8
APS_GEOMETRY
 10
1075.5
 20
1507.728
 40
7.0
 50
360.0
 51
90.0
  0
LINE
  8
APS_GEOMETRY
 10
1825.5
 11
1825.5
 20
2226.0
 21
1896.786
  0
ARC
  8
APS_GEOMETRY
 10
1818.5
 20
1896.786
 40
7.0
 50
208.653
 51
360.0
  0
ARC
  8
APS_GEOMETRY
 10
1550.137
 20
1750.148
 40
298.813
 50
28.653
 51
85.802
  0
ARC
  8
APS_GEOMETRY
 10
1571.5
 20
2041.178
 40
7.0
 50
85.802
 51
94.198
  0
ARC
  8
APS_GEOMETRY
 10
1592.863
 20
1750.148
 40
298.813
 50
94.198
 51
151.347
  0
ARC
  8
APS_GEOMETRY
 10
1324.5
 20
1896.786
 40
7.0
 50
180.0
 51
331.347
  0
LINE
  8
APS_GEOMETRY
 10
1317.5
 11
1317.5
 20
1896.786
 21
2226.0
  0
ARC
  8
APS_GEOMETRY
 10
1324.5
 20
2226.0
 40
7.0
 50
90.0
 51
180.0
  0
LINE
  8
APS_GEOMETRY
 10
1324.5
 11
1818.5
 20
2233.0
 21
2233.0
  0
ARC
  8
APS_GEOMETRY
 10
1818.5
 20
2226.0
 40
7.0
 50
360.0
 51
90.0
  0
LINE
  8
APS_GEOMETRY
 10
1825.5
 11
1825.5
 20
1507.728
 21
729.0
  0
ARC
  8
APS_GEOMETRY
 10
1818.5
 20
729.0
 40
7.0
 50
270.0
 51
360.0
  0
LINE
  8
APS_GEOMETRY
 10
1818.5
 11
1324.5
 20
722.0
 21
722.0
  0
ARC
  8
APS_GEOMETRY
 10
1324.5
 20
729.0
 40
7.0
 50
180.0
 51
270.0
  0
LINE
  8
APS_GEOMETRY
 10
1317.5
 11
1317.5
 20
729.0
 21
1507.728
  0
ARC
  8
APS_GEOMETRY
 10
1324.5
 20
1507.728
 40
7.0
 50
90.0
 51
180.0
  0
LINE
  8
APS_GEOMETRY
 10
1324.5
 11
1346.933
 20
1514.728
 21
1514.728
  0
LINE
  8
APS_GEOMETRY
 10
1346.933
 11
1346.933
 20
1514.728
 21
1548.092
  0
ARC
  8
APS_GEOMETRY
 10
1353.933
 20
1548.092
 40
7.0
 50
90.0
 51
180.0
  0
LINE
  8
APS_GEOMETRY
 10
1353.933
 11
1365.854
 20
1555.092
 21
1555.092
  0
LINE
  8
APS_GEOMETRY
 10
1365.854
 11
1365.854
 20
1555.092
 21
1619.715
  0
ARC
  8
APS_GEOMETRY
 10
1592.863
 20
1750.148
 40
261.813
 50
94.809
 51
209.88
  0
ARC
  8
APS_GEOMETRY
 10
1571.5
 20
2004.064
 40
7.0
 50
85.191
 51
94.809
  0
ARC
  8
APS_GEOMETRY
 10
1550.137
 20
1750.148
 40
261.813
 50
330.12
 51
85.191
  0
LINE
  8
APS_GEOMETRY
 10
1777.146
 11
1777.146
 20
1619.715
 21
1555.092
  0
LINE
  8
APS_GEOMETRY
 10
1777.146
 11
1789.067
 20
1555.092
 21
1555.092
  0
ARC
  8
APS_GEOMETRY
 10
1789.067
 20
1548.092
 40
7.0
 50
360.0
 51
90.0
  0
LINE
  8
APS_GEOMETRY
 10
1796.067
 11
1796.067
 20
1548.092
 21
1514.728
  0
LINE
  8
APS_GEOMETRY
 10
1796.067
 11
1818.5
 20
1514.728
 21
1514.728
  0
ARC
  8
APS_GEOMETRY
 10
1818.5
 20
1507.728
 40
7.0
 50
360.0
 51
90.0
  0
LINE
  8
APS_GEOMETRY
 10
198.227
 11
206.845
 20
-911.555
 21
-911.555
  0
ARC
  8
APS_GEOMETRY
 10
206.409
 20
-899.208
 40
12.355
 50
272.021
 51
278.44
  0
ARC
  8
APS_GEOMETRY
 10
206.895
 20
-902.485
 40
9.042
 50
278.44
 51
285.945
  0
ARC
  8
APS_GEOMETRY
 10
210.554
 20
-915.584
 40
4.559
 50
98.584
 51
104.931
  0
ARC
  8
APS_GEOMETRY
 10
210.246
 20
-913.544
 40
2.495
 50
90.0
 51
98.584
  0
ARC
  8
APS_GEOMETRY
 10
210.246
 20
-912.924
 40
1.876
 50
52.871
 51
90.0
  0
ARC
  8
APS_GEOMETRY
 10
207.702
 20
-916.285
 40
6.091
 50
32.518
 51
52.871
  0
ARC
  8
APS_GEOMETRY
 10
205.686
 20
-917.57
 40
8.481
 50
17.209
 51
32.518
  0
ARC
  8
APS_GEOMETRY
 10
207.366
 20
-917.05
 40
6.723
 50
360.0
 51
17.209
  0
ARC
  8
APS_GEOMETRY
 10
210.73
 20
-917.05
 40
3.359
 50
337.348
 51
360.0
  0
ARC
  8
APS_GEOMETRY
 10
212.08
 20
-917.613
 40
1.896
 50
307.042
 51
337.348
  0
ARC
  8
APS_GEOMETRY
 10
211.845
 20
-917.291
 40
2.295
 50
287.186
 51
306.87
  0
ARC
  8
APS_GEOMETRY
 10
211.636
 20
-916.614
 40
3.003
 50
270.0
 51
287.186
  0
ARC
  8
APS_GEOMETRY
 10
211.636
 20
-916.92
 40
2.697
 50
252.221
 51
270.0
  0
ARC
  8
APS_GEOMETRY
 10
211.51
 20
-917.312
 40
2.286
 50
232.896
 51
252.221
  0
ARC
  8
APS_GEOMETRY
 10
211.995
 20
-916.67
 40
3.09
 50
218.3
 51
232.896
  0
ARC
  8
APS_GEOMETRY
 10
215.786
 20
-913.677
 40
7.92
 50
209.197
 51
218.3
  0
ARC
  8
APS_GEOMETRY
 10
196.509
 20
-924.121
 40
14.006
 50
28.025
 51
32.699
  0
ARC
  8
APS_GEOMETRY
 10
206.587
 20
-917.651
 40
2.03
 50
32.699
 51
45.0
  0
ARC
  8
APS_GEOMETRY
 10
207.274
 20
-916.964
 40
1.058
 50
45.0
 51
67.557
  0
ARC
  8
APS_GEOMETRY
 10
207.27
 20
-916.974
 40
1.069
 50
67.557
 51
90.0
  0
ARC
  8
APS_GEOMETRY
 10
207.27
 20
-916.889
 40
0.984
 50
90.0
 51
120.801
  0
ARC
  8
APS_GEOMETRY
 10
207.237
 20
-916.834
 40
0.919
 50
120.801
 51
152.7
  0
ARC
  8
APS_GEOMETRY
 10
207.966
 20
-917.21
 40
1.74
 50
152.7
 51
171.085
  0
ARC
  8
APS_GEOMETRY
 10
213.51
 20
-918.08
 40
7.353
 50
171.085
 51
180.0
  0
LINE
  8
APS_GEOMETRY
 10
206.158
 11
206.158
 20
-918.08
 21
-927.237
  0
ARC
  8
APS_GEOMETRY
 10
215.871
 20
-927.237
 40
9.714
 50
180.0
 51
188.194
  0
ARC
  8
APS_GEOMETRY
 10
208.618
 20
-928.281
 40
2.385
 50
188.194
 51
204.775
  0
ARC
  8
APS_GEOMETRY
 10
207.913
 20
-928.607
 40
1.609
 50
204.775
 51
228.576
  0
ARC
  8
APS_GEOMETRY
 10
208.574
 20
-927.857
 40
2.608
 50
228.576
 51
247.218
  0
ARC
  8
APS_GEOMETRY
 10
204.74
 20
-936.893
 40
7.208
 50
59.381
 51
66.93
  0
ARC
  8
APS_GEOMETRY
 10
207.57
 20
-932.111
 40
1.65
 50
43.568
 51
59.381
  0
ARC
  8
APS_GEOMETRY
 10
208.023
 20
-931.68
 40
1.025
 50
19.041
 51
43.568
  0
ARC
  8
APS_GEOMETRY
 10
207.394
 20
-931.897
 40
1.691
 50
360.0
 51
19.041
  0
ARC
  8
APS_GEOMETRY
 10
207.711
 20
-931.897
 40
1.374
 50
317.66
 51
360.0
  0
ARC
  8
APS_GEOMETRY
 10
206.45
 20
-930.748
 40
3.08
 50
289.747
 51
317.66
  0
ARC
  8
APS_GEOMETRY
 10
205.394
 20
-927.805
 40
6.206
 50
281.964
 51
289.747
  0
ARC
  8
APS_GEOMETRY
 10
203.93
 20
-920.899
 40
13.265
 50
276.643
 51
281.964
  0
ARC
  8
APS_GEOMETRY
 10
203.314
 20
-915.612
 40
18.589
 50
272.836
 51
276.643
  0
ARC
  8
APS_GEOMETRY
 10
202.577
 20
-900.724
 40
33.495
 50
270.0
 51
272.836
  0
ARC
  8
APS_GEOMETRY
 10
202.577
 20
-891.499
 40
42.72
 50
267.283
 51
270.0
  0
ARC
  8
APS_GEOMETRY
 10
201.68
 20
-910.4
 40
23.797
 50
263.643
 51
267.283
  0
ARC
  8
APS_GEOMETRY
 10
200.929
 20
-917.142
 40
17.014
 50
258.563
 51
263.643
  0
ARC
  8
APS_GEOMETRY
 10
199.134
 20
-926.012
 40
7.964
 50
251.136
 51
258.563
  0
ARC
  8
APS_GEOMETRY
 10
197.532
 20
-930.658
 40
3.05
 50
222.558
 51
251.395
  0
ARC
  8
APS_GEOMETRY
 10
196.344
 20
-931.75
 40
1.436
 50
180.0
 51
222.558
  0
ARC
  8
APS_GEOMETRY
 10
196.104
 20
-931.75
 40
1.196
 50
150.642
 51
180.0
  0
ARC
  8
APS_GEOMETRY
 10
196.2
 20
-931.804
 40
1.306
 50
122.574
 51
150.642
  0
ARC
  8
APS_GEOMETRY
 10
195.946
 20
-931.512
 40
0.926
 50
108.677
 51
119.055
  0
ARC
  8
APS_GEOMETRY
 10
207.504
 20
-965.704
 40
37.018
 50
107.038
 51
108.677
  0
ARC
  8
APS_GEOMETRY
 10
196.227
 20
-928.823
 40
1.549
 50
286.144
 51
308.66
  0
ARC
  8
APS_GEOMETRY
 10
196.48
 20
-929.14
 40
1.143
 50
308.66
 51
334.933
  0
ARC
  8
APS_GEOMETRY
 10
195.448
 20
-928.657
 40
2.283
 50
334.933
 51
348.829
  0
ARC
  8
APS_GEOMETRY
 10
182.535
 20
-926.107
 40
15.445
 50
348.829
 51
354.161
  0
ARC
  8
APS_GEOMETRY
 10
173.807
 20
-925.207
 40
24.219
 50
354.144
 51
355.66
  0
ARC
  8
APS_GEOMETRY
 10
135.119
 20
-922.271
 40
63.019
 50
355.66
 51
356.6
  0
ARC
  8
APS_GEOMETRY
 10
105.545
 20
-920.514
 40
92.646
 50
356.6
 51
357.24
  0
ARC
  8
APS_GEOMETRY
 10
21.632
 20
-916.469
 40
176.656
 50
357.24
 51
357.703
  0
ARC
  8
APS_GEOMETRY
 10
29.892
 20
-916.8
 40
168.389
 50
357.703
 51
358.674
  0
ARC
  8
APS_GEOMETRY
 10
107.808
 20
-918.603
 40
90.452
 50
358.674
 51
0.0
  0
ARC
  8
APS_GEOMETRY
 10
184.855
 20
-918.603
 40
13.405
 50
360.0
 51
6.242
  0
ARC
  8
APS_GEOMETRY
 10
195.515
 20
-917.437
 40
2.682
 50
6.242
 51
20.225
  0
ARC
  8
APS_GEOMETRY
 10
196.992
 20
-916.893
 40
1.107
 50
20.225
 51
50.44
  0
ARC
  8
APS_GEOMETRY
 10
197.279
 20
-916.545
 40
0.657
 50
50.44
 51
90.0
  0
ARC
  8
APS_GEOMETRY
 10
197.279
 20
-916.77
 40
0.881
 50
90.0
 51
126.747
  0
ARC
  8
APS_GEOMETRY
 10
198.524
 20
-918.437
 40
2.962
 50
126.747
 51
146.547
  0
ARC
  8
APS_GEOMETRY
 10
176.53
 20
-903.981
 40
23.357
 50
324.255
 51
326.701
  0
ARC
  8
APS_GEOMETRY
 10
185.842
 20
-910.683
 40
11.885
 50
320.826
 51
324.255
  0
ARC
  8
APS_GEOMETRY
 10
188.885
 20
-913.162
 40
7.959
 50
315.722
 51
320.826
  0
ARC
  8
APS_GEOMETRY
 10
192.382
 20
-916.573
 40
3.075
 50
307.504
 51
315.722
  0
ARC
  8
APS_GEOMETRY
 10
192.059
 20
-916.142
 40
3.613
 50
291.306
 51
307.405
  0
ARC
  8
APS_GEOMETRY
 10
192.619
 20
-917.576
 40
2.073
 50
270.0
 51
291.306
  0
ARC
  8
APS_GEOMETRY
 10
192.619
 20
-917.71
 40
1.939
 50
245.532
 51
270.0
  0
ARC
  8
APS_GEOMETRY
 10
192.604
 20
-917.742
 40
1.904
 50
220.833
 51
245.532
  0
ARC
  8
APS_GEOMETRY
 10
192.801
 20
-917.572
 40
2.164
 50
198.684
 51
220.833
  0
ARC
  8
APS_GEOMETRY
 10
193.621
 20
-917.295
 40
3.03
 50
180.0
 51
198.684
  0
ARC
  8
APS_GEOMETRY
 10
195.545
 20
-917.295
 40
4.954
 50
168.408
 51
180.0
  0
ARC
  8
APS_GEOMETRY
 10
198.721
 20
-917.946
 40
8.196
 50
159.402
 51
168.408
  0
ARC
  8
APS_GEOMETRY
 10
199.703
 20
-918.315
 40
9.245
 50
151.39
 51
159.402
  0
ARC
  8
APS_GEOMETRY
 10
199.502
 20
-918.206
 40
9.016
 50
143.276
 51
151.39
  0
ARC
  8
APS_GEOMETRY
 10
196.977
 20
-916.318
 40
5.863
 50
124.216
 51
143.31
  0
ARC
  8
APS_GEOMETRY
 10
194.728
 20
-913.01
 40
1.864
 50
90.0
 51
124.216
  0
ARC
  8
APS_GEOMETRY
 10
194.728
 20
-913.839
 40
2.692
 50
82.725
 51
90.0
  0
ARC
  8
APS_GEOMETRY
 10
194.518
 20
-915.487
 40
4.353
 50
77.005
 51
82.725
  0
ARC
  8
APS_GEOMETRY
 10
200.942
 20
-884.513
 40
27.28
 50
258.486
 51
260.378
  0
ARC
  8
APS_GEOMETRY
 10
198.19
 20
-900.746
 40
10.816
 50
260.378
 51
263.382
  0
ARC
  8
APS_GEOMETRY
 10
197.954
 20
-902.774
 40
8.774
 50
263.382
 51
267.084
  0
ARC
  8
APS_GEOMETRY
 10
198.227
 20
-897.419
 40
14.137
 50
267.084
 51
270.0
  0
ARC
  8
APS_GEOMETRY
 10
228.091
 20
-923.988
 40
12.891
 50
71.91
 51
90.0
  0
ARC
  8
APS_GEOMETRY
 10
228.59
 20
-922.46
 40
11.283
 50
52.561
 51
71.91
  0
ARC
  8
APS_GEOMETRY
 10
228.459
 20
-922.498
 40
11.393
 50
38.846
 51
52.156
  0
ARC
  8
APS_GEOMETRY
 10
226.673
 20
-923.936
 40
13.686
 50
26.707
 51
38.846
  0
ARC
  8
APS_GEOMETRY
 10
227.027
 20
-923.647
 40
13.241
 50
13.868
 51
26.278
  0
ARC
  8
APS_GEOMETRY
 10
229.577
 20
-923.018
 40
10.614
 50
360.0
 51
13.868
  0
ARC
  8
APS_GEOMETRY
 10
229.742
 20
-923.018
 40
10.449
 50
339.712
 51
360.0
  0
ARC
  8
APS_GEOMETRY
 10
229.154
 20
-922.8
 40
11.076
 50
320.013
 51
339.712
  0
ARC
  8
APS_GEOMETRY
 10
229.056
 20
-922.747
 40
11.186
 50
303.344
 51
320.123
  0
ARC
  8
APS_GEOMETRY
 10
227.908
 20
-921.002
 40
13.274
 50
287.949
 51
303.344
  0
ARC
  8
APS_GEOMETRY
 10
227.531
 20
-919.695
 40
14.634
 50
279.039
 51
287.776
  0
ARC
  8
APS_GEOMETRY
 10
227.682
 20
-920.644
 40
13.673
 50
270.0
 51
279.039
  0
ARC
  8
APS_GEOMETRY
 10
227.682
 20
-921.312
 40
13.005
 50
257.728
 51
270.0
  0
ARC
  8
APS_GEOMETRY
 10
227.702
 20
-921.218
 40
13.102
 50
245.501
 51
257.728
  0
ARC
  8
APS_GEOMETRY
 10
226.966
 20
-922.829
 40
11.33
 50
228.665
 51
245.511
  0
ARC
  8
APS_GEOMETRY
 10
226.721
 20
-923.107
 40
10.959
 50
211.535
 51
228.665
  0
ARC
  8
APS_GEOMETRY
 10
227.042
 20
-922.872
 40
11.356
 50
195.642
 51
211.701
  0
ARC
  8
APS_GEOMETRY
 10
227.629
 20
-922.707
 40
11.966
 50
180.0
 51
195.642
  0
ARC
  8
APS_GEOMETRY
 10
227.755
 20
-922.707
 40
12.091
 50
162.181
 51
180.0
  0
ARC
  8
APS_GEOMETRY
 10
226.652
 20
-922.353
 40
10.933
 50
143.434
 51
162.181
  0
ARC
  8
APS_GEOMETRY
 10
226.503
 20
-922.234
 40
10.742
 50
126.384
 51
143.471
  0
ARC
  8
APS_GEOMETRY
 10
227.52
 20
-923.614
 40
12.457
 50
110.525
 51
126.384
  0
ARC
  8
APS_GEOMETRY
 10
227.47
 20
-923.239
 40
12.089
 50
99.77
 51
110.925
  0
ARC
  8
APS_GEOMETRY
 10
228.091
 20
-926.845
 40
15.748
 50
90.0
 51
99.77
  0
ARC
  8
APS_GEOMETRY
 10
226.537
 20
-918.194
 40
2.404
 50
90.0
 51
119.604
  0
ARC
  8
APS_GEOMETRY
 10
226.748
 20
-918.565
 40
2.83
 50
119.604
 51
146.842
  0
ARC
  8
APS_GEOMETRY
 10
227.171
 20
-918.911
 40
3.374
 50
145.84
 51
164.055
  0
ARC
  8
APS_GEOMETRY
 10
228.152
 20
-919.192
 40
4.394
 50
164.055
 51
180.0
  0
ARC
  8
APS_GEOMETRY
 10
234.284
 20
-919.192
 40
10.526
 50
180.0
 51
189.977
  0
ARC
  8
APS_GEOMETRY
 10
243.61
 20
-917.551
 40
19.995
 50
189.977
 51
197.211
  0
ARC
  8
APS_GEOMETRY
 10
245.649
 20
-916.919
 40
22.131
 50
197.211
 51
203.76
  0
ARC
  8
APS_GEOMETRY
 10
240.568
 20
-919.156
 40
16.579
 50
203.76
 51
211.329
  0
ARC
  8
APS_GEOMETRY
 10
230.134
 20
-925.418
 40
4.411
 50
212.32
 51
224.441
  0
ARC
  8
APS_GEOMETRY
 10
229.706
 20
-925.838
 40
3.812
 50
224.441
 51
237.484
  0
ARC
  8
APS_GEOMETRY
 10
229.43
 20
-926.271
 40
3.298
 50
237.484
 51
252.416
  0
ARC
  8
APS_GEOMETRY
 10
229.154
 20
-927.143
 40
2.383
 50
252.416
 51
270.0
  0
ARC
  8
APS_GEOMETRY
 10
229.154
 20
-926.86
 40
2.666
 50
270.0
 51
294.953
  0
ARC
  8
APS_GEOMETRY
 10
229.228
 20
-927.021
 40
2.489
 50
294.953
 51
320.793
  0
ARC
  8
APS_GEOMETRY
 10
228.828
 20
-926.694
 40
3.005
 50
320.793
 51
342.777
  0
ARC
  8
APS_GEOMETRY
 10
227.044
 20
-926.141
 40
4.873
 50
342.777
 51
0.0
  0
ARC
  8
APS_GEOMETRY
 10
218.664
 20
-926.141
 40
13.254
 50
0.0
 51
8.499
  0
ARC
  8
APS_GEOMETRY
 10
212.83
 20
-927.013
 40
19.152
 50
8.499
 51
15.566
  0
ARC
  8
APS_GEOMETRY
 10
213.531
 20
-926.817
 40
18.424
 50
15.566
 51
22.909
  0
ARC
  8
APS_GEOMETRY
 10
219.563
 20
-924.268
 40
11.876
 50
22.909
 51
32.057
  0
ARC
  8
APS_GEOMETRY
 10
224.301
 20
-921.284
 40
6.276
 50
31.921
 51
42.51
  0
ARC
  8
APS_GEOMETRY
 10
225.602
 20
-920.091
 40
4.511
 50
42.51
 51
55.008
  0
ARC
  8
APS_GEOMETRY
 10
226.041
 20
-919.463
 40
3.745
 50
55.008
 51
69.88
  0
ARC
  8
APS_GEOMETRY
 10
226.436
 20
-918.388
 40
2.599
 50
69.88
 51
87.754
  0
ARC
  8
APS_GEOMETRY
 10
252.301
 20
-919.089
 40
7.992
 50
83.923
 51
90.0
  0
ARC
  8
APS_GEOMETRY
 10
251.658
 20
-925.127
 40
14.063
 50
79.342
 51
83.923
  0
ARC
  8
APS_GEOMETRY
 10
250.883
 20
-929.247
 40
18.256
 50
75.808
 51
79.342
  0
ARC
  8
APS_GEOMETRY
 10
248.178
 20
-939.944
 40
29.29
 50
73.018
 51
75.808
  0
ARC
  8
APS_GEOMETRY
 10
257.703
 20
-908.698
 40
3.376
 50
253.288
 51
259.046
  0
ARC
  8
APS_GEOMETRY
 10
257.239
 20
-911.095
 40
0.935
 50
259.046
 51
270.0
  0
ARC
  8
APS_GEOMETRY
 10
257.239
 20
-911.475
 40
0.555
 50
270.0
 51
286.699
  0
ARC
  8
APS_GEOMETRY
 10
252.803
 20
-896.686
 40
15.995
 50
286.699
 51
289.799
  0
ARC
  8
APS_GEOMETRY
 10
258.748
 20
-913.141
 40
1.501
 50
100.008
 51
110.556
  0
ARC
  8
APS_GEOMETRY
 10
258.777
 20
-913.304
 40
1.667
 50
90.0
 51
100.008
  0
ARC
  8
APS_GEOMETRY
 10
258.777
 20
-913.227
 40
1.59
 50
53.356
 51
90.0
  0
ARC
  8
APS_GEOMETRY
 10
256.0
 20
-916.96
 40
6.242
 50
35.101
 51
53.356
  0
ARC
  8
APS_GEOMETRY
 10
254.614
 20
-917.934
 40
7.936
 50
20.245
 51
35.101
  0
ARC
  8
APS_GEOMETRY
 10
258.031
 20
-916.673
 40
4.294
 50
360.0
 51
20.245
  0
ARC
  8
APS_GEOMETRY
 10
259.75
 20
-916.673
 40
2.575
 50
340.481
 51
360.0
  0
ARC
  8
APS_GEOMETRY
 10
260.174
 20
-916.824
 40
2.125
 50
318.972
 51
340.481
  0
ARC
  8
APS_GEOMETRY
 10
260.363
 20
-916.988
 40
1.874
 50
295.017
 51
318.972
  0
ARC
  8
APS_GEOMETRY
 10
260.428
 20
-917.127
 40
1.721
 50
270.0
 51
295.017
  0
ARC
  8
APS_GEOMETRY
 10
260.428
 20
-916.206
 40
2.643
 50
256.171
 51
270.0
  0
ARC
  8
APS_GEOMETRY
 10
260.14
 20
-917.376
 40
1.437
 50
237.381
 51
256.171
  0
ARC
  8
APS_GEOMETRY
 10
260.65
 20
-916.579
 40
2.384
 50
231.559
 51
237.381
  0
ARC
  8
APS_GEOMETRY
 10
268.072
 20
-907.229
 40
14.321
 50
229.185
 51
231.559
  0
ARC
  8
APS_GEOMETRY
 10
276.025
 20
-898.02
 40
26.49
 50
227.9
 51
229.185
  0
ARC
  8
APS_GEOMETRY
 10
303.552
 20
-867.555
 40
67.548
 50
227.095
 51
227.9
  0
ARC
  8
APS_GEOMETRY
 10
251.87
 20
-923.136
 40
8.348
 50
46.975
 51
64.612
  0
ARC
  8
APS_GEOMETRY
 10
253.707
 20
-919.265
 40
4.063
 50
64.612
 51
90.0
  0
ARC
  8
APS_GEOMETRY
 10
253.707
 20
-918.13
 40
2.928
 50
90.0
 51
106.966
  0
ARC
  8
APS_GEOMETRY
 10
253.368
 20
-917.018
 40
1.766
 50
106.966
 51
128.868
  0
ARC
  8
APS_GEOMETRY
 10
253.172
 20
-916.774
 40
1.453
 50
128.868
 51
154.741
  0
ARC
  8
APS_GEOMETRY
 10
253.235
 20
-916.804
 40
1.523
 50
154.741
 51
180.0
  0
ARC
  8
APS_GEOMETRY
 10
253.143
 20
-916.804
 40
1.43
 50
180.0
 51
206.64
  0
ARC
  8
APS_GEOMETRY
 10
253.603
 20
-916.573
 40
1.945
 50
206.64
 51
229.43
  0
ARC
  8
APS_GEOMETRY
 10
254.341
 20
-915.712
 40
3.08
 50
229.43
 51
244.493
  0
ARC
  8
APS_GEOMETRY
 10
256.364
 20
-911.472
 40
7.777
 50
244.493
 51
253.956
  0
ARC
  8
APS_GEOMETRY
 10
220.328
 20
-1033.937
 40
119.879
 50
72.737
 51
73.58
  0
ARC
  8
APS_GEOMETRY
 10
240.98
 20
-967.479
 40
50.287
 50
71.435
 51
72.737
  0
ARC
  8
APS_GEOMETRY
 10
247.821
 20
-947.112
 40
28.801
 50
69.164
 51
71.435
  0
ARC
  8
APS_GEOMETRY
 10
255.893
 20
-925.901
 40
6.106
 50
64.231
 51
69.164
  0
ARC
  8
APS_GEOMETRY
 10
254.965
 20
-927.77
 40
8.193
 50
34.939
 51
64.068
  0
ARC
  8
APS_GEOMETRY
 10
256.968
 20
-926.37
 40
5.749
 50
360.0
 51
34.939
  0
ARC
  8
APS_GEOMETRY
 10
255.736
 20
-926.37
 40
6.981
 50
333.435
 51
360.0
  0
ARC
  8
APS_GEOMETRY
 10
255.28
 20
-926.142
 40
7.491
 50
307.807
 51
333.435
  0
ARC
  8
APS_GEOMETRY
 10
254.092
 20
-924.606
 40
9.433
 50
296.732
 51
307.786
  0
ARC
  8
APS_GEOMETRY
 10
253.39
 20
-923.21
 40
10.995
 50
286.496
 51
296.732
  0
ARC
  8
APS_GEOMETRY
 10
252.927
 20
-921.648
 40
12.625
 50
277.544
 51
286.496
  0
ARC
  8
APS_GEOMETRY
 10
252.252
 20
-916.552
 40
17.765
 50
270.0
 51
277.544
  0
ARC
  8
APS_GEOMETRY
 10
252.252
 20
-915.782
 40
18.535
 50
263.555
 51
270.0
  0
ARC
  8
APS_GEOMETRY
 10
252.852
 20
-910.47
 40
23.881
 50
257.878
 51
263.555
  0
ARC
  8
APS_GEOMETRY
 10
252.534
 20
-911.953
 40
22.364
 50
254.839
 51
257.878
  0
ARC
  8
APS_GEOMETRY
 10
249.95
 20
-921.486
 40
12.487
 50
250.772
 51
254.839
  0
ARC
  8
APS_GEOMETRY
 10
248.789
 20
-924.818
 40
8.959
 50
245.121
 51
250.772
  0
ARC
  8
APS_GEOMETRY
 10
246.822
 20
-929.059
 40
4.284
 50
236.944
 51
245.121
  0
ARC
  8
APS_GEOMETRY
 10
245.662
 20
-930.884
 40
2.122
 50
211.802
 51
236.31
  0
ARC
  8
APS_GEOMETRY
 10
251.174
 20
-927.466
 40
8.608
 50
199.704
 51
211.802
  0
ARC
  8
APS_GEOMETRY
 10
253.806
 20
-926.523
 40
11.404
 50
190.413
 51
199.704
  0
ARC
  8
APS_GEOMETRY
 10
251.525
 20
-926.942
 40
9.084
 50
180.0
 51
190.413
  0
ARC
  8
APS_GEOMETRY
 10
245.375
 20
-926.942
 40
2.934
 50
164.876
 51
180.0
  0
ARC
  8
APS_GEOMETRY
 10
243.722
 20
-926.496
 40
1.222
 50
141.34
 51
164.876
  0
ARC
  8
APS_GEOMETRY
 10
243.882
 20
-926.603
 40
1.414
 50
116.928
 51
142.001
  0
ARC
  8
APS_GEOMETRY
 10
243.798
 20
-926.438
 40
1.229
 50
90.0
 51
116.928
  0
ARC
  8
APS_GEOMETRY
 10
243.798
 20
-926.441
 40
1.232
 50
62.21
 51
90.0
  0
ARC
  8
APS_GEOMETRY
 10
243.306
 20
-927.374
 40
2.287
 50
41.906
 51
62.21
  0
ARC
  8
APS_GEOMETRY
 10
243.39
 20
-927.392
 40
2.237
 50
37.313
 51
43.668
  0
ARC
  8
APS_GEOMETRY
 10
230.856
 20
-936.944
 40
17.997
 50
35.074
 51
37.313
  0
ARC
  8
APS_GEOMETRY
 10
216.622
 20
-946.938
 40
35.389
 50
33.934
 51
35.074
  0
ARC
  8
APS_GEOMETRY
 10
165.873
 20
-981.083
 40
96.555
 50
33.243
 51
33.934
  0
ARC
  8
APS_GEOMETRY
 10
249.433
 20
-926.298
 40
3.363
 50
213.453
 51
231.637
  0
ARC
  8
APS_GEOMETRY
 10
251.023
 20
-924.291
 40
5.924
 50
231.637
 51
245.313
  0
ARC
  8
APS_GEOMETRY
 10
251.373
 20
-923.529
 40
6.762
 50
245.313
 51
257.398
  0
ARC
  8
APS_GEOMETRY
 10
251.255
 20
-924.057
 40
6.222
 50
257.398
 51
270.0
  0
ARC
  8
APS_GEOMETRY
 10
251.255
 20
-925.025
 40
5.253
 50
270.0
 51
282.907
  0
ARC
  8
APS_GEOMETRY
 10
251.82
 20
-927.492
 40
2.722
 50
282.907
 51
300.872
  0
ARC
  8
APS_GEOMETRY
 10
252.31
 20
-928.312
 40
1.767
 50
300.872
 51
326.876
  0
ARC
  8
APS_GEOMETRY
 10
252.868
 20
-928.676
 40
1.101
 50
326.876
 51
0.0
  0
ARC
  8
APS_GEOMETRY
 10
252.704
 20
-928.676
 40
1.266
 50
0.0
 51
27.553
  0
ARC
  8
APS_GEOMETRY
 10
252.303
 20
-928.884
 40
1.717
 50
27.553
 51
51.147
  0
ARC
  8
APS_GEOMETRY
 10
251.476
 20
-929.911
 40
3.036
 50
51.147
 51
65.225
  0
ARC
  8
APS_GEOMETRY
 10
248.424
 20
-936.523
 40
10.318
 50
65.225
 51
72.848
  0
ARC
  8
APS_GEOMETRY
 10
266.245
 20
-879.704
 40
49.231
 50
251.106
 51
252.532
  0
ARC
  8
APS_GEOMETRY
 10
259.937
 20
-898.134
 40
29.751
 50
249.271
 51
251.106
  0
ARC
  8
APS_GEOMETRY
 10
257.315
 20
-905.064
 40
22.341
 50
246.83
 51
249.271
  0
ARC
  8
APS_GEOMETRY
 10
253.073
 20
-914.975
 40
11.56
 50
243.435
 51
246.83
  0
ARC
  8
APS_GEOMETRY
 10
252.59
 20
-915.941
 40
10.481
 50
235.981
 51
243.435
  0
ARC
  8
APS_GEOMETRY
 10
252.961
 20
-915.392
 40
11.144
 50
228.752
 51
235.981
  0
ARC
  8
APS_GEOMETRY
 10
251.223
 20
-917.439
 40
8.459
 50
206.421
 51
228.457
  0
ARC
  8
APS_GEOMETRY
 10
248.946
 20
-918.57
 40
5.916
 50
180.0
 51
206.421
  0
ARC
  8
APS_GEOMETRY
 10
249.054
 20
-918.57
 40
6.024
 50
166.555
 51
180.0
  0
ARC
  8
APS_GEOMETRY
 10
249.751
 20
-918.737
 40
6.741
 50
153.848
 51
166.555
  0
ARC
  8
APS_GEOMETRY
 10
249.809
 20
-918.766
 40
6.806
 50
141.244
 51
153.848
  0
ARC
  8
APS_GEOMETRY
 10
250.239
 20
-919.111
 40
7.357
 50
129.123
 51
141.244
  0
ARC
  8
APS_GEOMETRY
 10
251.616
 20
-920.574
 40
9.362
 50
108.978
 51
130.006
  0
ARC
  8
APS_GEOMETRY
 10
252.301
 20
-922.568
 40
11.47
 50
90.0
 51
108.978
  0
ARC
  8
APS_GEOMETRY
 10
277.296
 20
-921.729
 40
10.632
 50
77.257
 51
90.0
  0
ARC
  8
APS_GEOMETRY
 10
277.188
 20
-922.207
 40
11.122
 50
64.799
 51
77.257
  0
ARC
  8
APS_GEOMETRY
 10
286.347
 20
-902.708
 40
10.421
 50
244.885
 51
251.175
  0
ARC
  8
APS_GEOMETRY
 10
283.363
 20
-911.462
 40
1.173
 50
251.175
 51
270.0
  0
ARC
  8
APS_GEOMETRY
 10
283.363
 20
-910.731
 40
1.903
 50
270.0
 51
278.82
  0
ARC
  8
APS_GEOMETRY
 10
282.133
 20
-902.808
 40
9.922
 50
278.82
 51
282.68
  0
ARC
  8
APS_GEOMETRY
 10
284.706
 20
-914.198
 40
1.755
 50
95.906
 51
102.995
  0
ARC
  8
APS_GEOMETRY
 10
284.786
 20
-914.966
 40
2.528
 50
90.0
 51
95.906
  0
ARC
  8
APS_GEOMETRY
 10
284.786
 20
-914.116
 40
1.678
 50
62.447
 51
90.0
  0
ARC
  8
APS_GEOMETRY
 10
284.487
 20
-914.688
 40
2.323
 50
39.094
 51
62.447
  0
ARC
  8
APS_GEOMETRY
 10
281.37
 20
-917.295
 40
6.386
 50
18.435
 51
39.611
  0
ARC
  8
APS_GEOMETRY
 10
279.457
 20
-917.933
 40
8.403
 50
360.0
 51
18.435
  0
ARC
  8
APS_GEOMETRY
 10
283.693
 20
-917.933
 40
4.167
 50
334.877
 51
360.0
  0
ARC
  8
APS_GEOMETRY
 10
284.946
 20
-918.52
 40
2.783
 50
304.007
 51
334.877
  0
ARC
  8
APS_GEOMETRY
 10
284.926
 20
-918.461
 40
2.843
 50
286.39
 51
303.69
  0
ARC
  8
APS_GEOMETRY
 10
284.835
 20
-918.152
 40
3.165
 50
270.0
 51
286.39
  0
ARC
  8
APS_GEOMETRY
 10
284.835
 20
-918.189
 40
3.128
 50
255.155
 51
270.0
  0
ARC
  8
APS_GEOMETRY
 10
284.492
 20
-919.482
 40
1.791
 50
235.491
 51
255.155
  0
ARC
  8
APS_GEOMETRY
 10
284.664
 20
-919.232
 40
2.094
 50
218.48
 51
235.491
  0
ARC
  8
APS_GEOMETRY
 10
287.474
 20
-916.998
 40
5.684
 50
208.179
 51
218.48
  0
ARC
  8
APS_GEOMETRY
 10
258.662
 20
-932.637
 40
27.099
 50
28.56
 51
31.664
  0
ARC
  8
APS_GEOMETRY
 10
276.268
 20
-921.779
 40
6.414
 50
31.664
 51
38.047
  0
ARC
  8
APS_GEOMETRY
 10
277.548
 20
-920.777
 40
4.788
 50
38.047
 51
46.56
  0
ARC
  8
APS_GEOMETRY
 10
276.883
 20
-921.48
 40
5.756
 50
46.56
 51
54.324
  0
ARC
  8
APS_GEOMETRY
 10
276.499
 20
-922.141
 40
6.517
 50
54.968
 51
71.48
  0
ARC
  8
APS_GEOMETRY
 10
276.92
 20
-920.882
 40
5.19
 50
71.48
 51
90.0
  0
ARC
  8
APS_GEOMETRY
 10
276.92
 20
-919.318
 40
3.625
 50
90.0
 51
114.63
  0
ARC
  8
APS_GEOMETRY
 10
276.738
 20
-918.921
 40
3.188
 50
114.63
 51
140.921
  0
ARC
  8
APS_GEOMETRY
 10
277.276
 20
-919.357
 40
3.881
 50
140.921
 51
163.13
  0
ARC
  8
APS_GEOMETRY
 10
279.965
 20
-920.173
 40
6.691
 50
163.13
 51
180.0
  0
ARC
  8
APS_GEOMETRY
 10
283.452
 20
-920.173
 40
10.178
 50
180.0
 51
195.44
  0
ARC
  8
APS_GEOMETRY
 10
282.923
 20
-920.319
 40
9.629
 50
195.44
 51
211.316
  0
ARC
  8
APS_GEOMETRY
 10
280.378
 20
-921.814
 40
6.678
 50
211.708
 51
240.457
  0
ARC
  8
APS_GEOMETRY
 10
280.207
 20
-922.115
 40
6.332
 50
240.457
 51
270.0
  0
ARC
  8
APS_GEOMETRY
 10
280.207
 20
-920.571
 40
7.875
 50
270.0
 51
279.549
  0
ARC
  8
APS_GEOMETRY
 10
280.109
 20
-919.989
 40
8.466
 50
279.549
 51
288.759
  0
ARC
  8
APS_GEOMETRY
 10
280.522
 20
-921.205
 40
7.182
 50
288.759
 51
299.545
  0
ARC
  8
APS_GEOMETRY
 10
282.177
 20
-924.124
 40
3.826
 50
299.545
 51
314.341
  0
ARC
  8
APS_GEOMETRY
 10
287.294
 20
-929.44
 40
3.553
 50
120.141
 51
133.452
  0
ARC
  8
APS_GEOMETRY
 10
285.865
 20
-926.978
 40
0.706
 50
90.0
 51
120.141
  0
ARC
  8
APS_GEOMETRY
 10
285.865
 20
-927.387
 40
1.115
 50
61.952
 51
90.0
  0
ARC
  8
APS_GEOMETRY
 10
285.699
 20
-927.698
 40
1.468
 50
37.569
 51
61.952
  0
ARC
  8
APS_GEOMETRY
 10
285.389
 20
-927.937
 40
1.859
 50
17.665
 51
37.569
  0
ARC
  8
APS_GEOMETRY
 10
284.917
 20
-928.087
 40
2.354
 50
360.0
 51
17.665
  0
ARC
  8
APS_GEOMETRY
 10
283.731
 20
-928.087
 40
3.54
 50
344.932
 51
0.0
  0
ARC
  8
APS_GEOMETRY
 10
280.582
 20
-927.239
 40
6.801
 50
334.075
 51
344.932
  0
ARC
  8
APS_GEOMETRY
 10
280.483
 20
-927.191
 40
6.912
 50
323.374
 51
334.075
  0
ARC
  8
APS_GEOMETRY
 10
282.515
 20
-928.701
 40
4.38
 50
309.92
 51
323.374
  0
ARC
  8
APS_GEOMETRY
 10
284.545
 20
-931.097
 40
1.24
 50
289.026
 51
308.991
  0
ARC
  8
APS_GEOMETRY
 10
282.379
 20
-924.814
 40
7.886
 50
281.143
 51
289.026
  0
ARC
  8
APS_GEOMETRY
 10
284.576
 20
-936.205
 40
3.715
 50
100.437
 51
110.12
  0
ARC
  8
APS_GEOMETRY
 10
287.486
 20
-944.15
 40
12.177
 50
110.12
 51
115.463
  0
ARC
  8
APS_GEOMETRY
 10
277.096
 20
-922.41
 40
11.919
 50
282.94
 51
295.628
  0
ARC
  8
APS_GEOMETRY
 10
277.198
 20
-922.857
 40
11.46
 50
270.0
 51
282.94
  0
ARC
  8
APS_GEOMETRY
 10
277.198
 20
-922.18
 40
12.137
 50
257.307
 51
270.0
  0
ARC
  8
APS_GEOMETRY
 10
277.711
 20
-919.905
 40
14.469
 50
245.686
 51
257.307
  0
ARC
  8
APS_GEOMETRY
 10
276.426
 20
-922.725
 40
11.37
 50
228.801
 51
245.735
  0
ARC
  8
APS_GEOMETRY
 10
276.447
 20
-922.701
 40
11.402
 50
211.891
 51
228.801
  0
ARC
  8
APS_GEOMETRY
 10
277.121
 20
-922.216
 40
12.231
 50
196.728
 51
212.152
  0
ARC
  8
APS_GEOMETRY
 10
275.377
 20
-922.74
 40
10.41
 50
180.0
 51
196.728
  0
ARC
  8
APS_GEOMETRY
 10
275.631
 20
-922.74
 40
10.663
 50
161.184
 51
180.0
  0
ARC
  8
APS_GEOMETRY
 10
276.315
 20
-922.973
 40
11.386
 50
142.98
 51
161.184
  0
ARC
  8
APS_GEOMETRY
 10
276.847
 20
-923.38
 40
12.056
 50
127.824
 51
142.958
  0
ARC
  8
APS_GEOMETRY
 10
277.724
 20
-924.51
 40
13.486
 50
113.52
 51
127.824
  0
ARC
  8
APS_GEOMETRY
 10
277.438
 20
-923.85
 40
12.768
 50
101.927
 51
113.527
  0
ARC
  8
APS_GEOMETRY
 10
277.296
 20
-923.178
 40
12.08
 50
90.0
 51
101.927
  0
ARC
  8
APS_GEOMETRY
 10
302.537
 20
-923.988
 40
12.891
 50
71.91
 51
90.0
  0
ARC
  8
APS_GEOMETRY
 10
303.036
 20
-922.46
 40
11.283
 50
52.561
 51
71.91
  0
ARC
  8
APS_GEOMETRY
 10
302.906
 20
-922.498
 40
11.393
 50
38.846
 51
52.156
  0
ARC
  8
APS_GEOMETRY
 10
301.119
 20
-923.936
 40
13.686
 50
26.707
 51
38.846
  0
ARC
  8
APS_GEOMETRY
 10
301.473
 20
-923.647
 40
13.241
 50
13.868
 51
26.278
  0
ARC
  8
APS_GEOMETRY
 10
304.023
 20
-923.018
 40
10.614
 50
360.0
 51
13.868
  0
ARC
  8
APS_GEOMETRY
 10
304.188
 20
-923.018
 40
10.449
 50
339.712
 51
360.0
  0
ARC
  8
APS_GEOMETRY
 10
303.6
 20
-922.8
 40
11.076
 50
320.013
 51
339.712
  0
ARC
  8
APS_GEOMETRY
 10
303.502
 20
-922.747
 40
11.186
 50
303.344
 51
320.123
  0
ARC
  8
APS_GEOMETRY
 10
302.354
 20
-921.002
 40
13.274
 50
287.949
 51
303.344
  0
ARC
  8
APS_GEOMETRY
 10
301.977
 20
-919.695
 40
14.634
 50
279.039
 51
287.776
  0
ARC
  8
APS_GEOMETRY
 10
302.128
 20
-920.644
 40
13.673
 50
270.0
 51
279.039
  0
ARC
  8
APS_GEOMETRY
 10
302.128
 20
-921.312
 40
13.005
 50
257.728
 51
270.0
  0
ARC
  8
APS_GEOMETRY
 10
302.149
 20
-921.218
 40
13.102
 50
245.501
 51
257.728
  0
ARC
  8
APS_GEOMETRY
 10
301.412
 20
-922.829
 40
11.33
 50
228.665
 51
245.511
  0
ARC
  8
APS_GEOMETRY
 10
301.167
 20
-923.107
 40
10.959
 50
211.535
 51
228.665
  0
ARC
  8
APS_GEOMETRY
 10
301.488
 20
-922.872
 40
11.356
 50
195.642
 51
211.701
  0
ARC
  8
APS_GEOMETRY
 10
302.075
 20
-922.707
 40
11.966
 50
180.0
 51
195.642
  0
ARC
  8
APS_GEOMETRY
 10
302.201
 20
-922.707
 40
12.091
 50
162.181
 51
180.0
  0
ARC
  8
APS_GEOMETRY
 10
301.098
 20
-922.353
 40
10.933
 50
143.434
 51
162.181
  0
ARC
  8
APS_GEOMETRY
 10
300.949
 20
-922.234
 40
10.742
 50
126.384
 51
143.471
  0
ARC
  8
APS_GEOMETRY
 10
301.966
 20
-923.614
 40
12.457
 50
110.525
 51
126.384
  0
ARC
  8
APS_GEOMETRY
 10
301.916
 20
-923.239
 40
12.089
 50
99.77
 51
110.925
  0
ARC
  8
APS_GEOMETRY
 10
302.537
 20
-926.845
 40
15.748
 50
90.0
 51
99.77
  0
ARC
  8
APS_GEOMETRY
 10
300.984
 20
-918.194
 40
2.404
 50
90.0
 51
119.604
  0
ARC
  8
APS_GEOMETRY
 10
301.194
 20
-918.565
 40
2.83
 50
119.604
 51
146.842
  0
ARC
  8
APS_GEOMETRY
 10
301.617
 20
-918.911
 40
3.374
 50
145.84
 51
164.055
  0
ARC
  8
APS_GEOMETRY
 10
302.598
 20
-919.192
 40
4.394
 50
164.055
 51
180.0
  0
ARC
  8
APS_GEOMETRY
 10
308.73
 20
-919.192
 40
10.526
 50
180.0
 51
189.977
  0
ARC
  8
APS_GEOMETRY
 10
318.056
 20
-917.551
 40
19.995
 50
189.977
 51
197.211
  0
ARC
  8
APS_GEOMETRY
 10
320.096
 20
-916.919
 40
22.131
 50
197.211
 51
203.76
  0
ARC
  8
APS_GEOMETRY
 10
315.014
 20
-919.156
 40
16.579
 50
203.76
 51
211.329
  0
ARC
  8
APS_GEOMETRY
 10
304.58
 20
-925.418
 40
4.411
 50
212.32
 51
224.441
  0
ARC
  8
APS_GEOMETRY
 10
304.153
 20
-925.838
 40
3.812
 50
224.441
 51
237.484
  0
ARC
  8
APS_GEOMETRY
 10
303.876
 20
-926.271
 40
3.298
 50
237.484
 51
252.416
  0
ARC
  8
APS_GEOMETRY
 10
303.6
 20
-927.143
 40
2.383
 50
252.416
 51
270.0
  0
ARC
  8
APS_GEOMETRY
 10
303.6
 20
-926.86
 40
2.666
 50
270.0
 51
294.953
  0
ARC
  8
APS_GEOMETRY
 10
303.675
 20
-927.021
 40
2.489
 50
294.953
 51
320.793
  0
ARC
  8
APS_GEOMETRY
 10
303.274
 20
-926.694
 40
3.005
 50
320.793
 51
342.777
  0
ARC
  8
APS_GEOMETRY
 10
301.49
 20
-926.141
 40
4.873
 50
342.777
 51
0.0
  0
ARC
  8
APS_GEOMETRY
 10
293.11
 20
-926.141
 40
13.254
 50
0.0
 51
8.499
  0
ARC
  8
APS_GEOMETRY
 10
287.276
 20
-927.013
 40
19.152
 50
8.499
 51
15.566
  0
ARC
  8
APS_GEOMETRY
 10
287.978
 20
-926.817
 40
18.424
 50
15.566
 51
22.909
  0
ARC
  8
APS_GEOMETRY
 10
294.009
 20
-924.268
 40
11.876
 50
22.909
 51
32.057
  0
ARC
  8
APS_GEOMETRY
 10
298.747
 20
-921.284
 40
6.276
 50
31.921
 51
42.51
  0
ARC
  8
APS_GEOMETRY
 10
300.048
 20
-920.091
 40
4.511
 50
42.51
 51
55.008
  0
ARC
  8
APS_GEOMETRY
 10
300.488
 20
-919.463
 40
3.745
 50
55.008
 51
69.88
  0
ARC
  8
APS_GEOMETRY
 10
300.882
 20
-918.388
 40
2.599
 50
69.88
 51
87.754
  0
ARC
  8
APS_GEOMETRY
 10
329.217
 20
-921.729
 40
10.632
 50
77.257
 51
90.0
  0
ARC
  8
APS_GEOMETRY
 10
329.109
 20
-922.207
 40
11.122
 50
64.799
 51
77.257
  0
ARC
  8
APS_GEOMETRY
 10
338.267
 20
-902.708
 40
10.421
 50
244.885
 51
251.175
  0
ARC
  8
APS_GEOMETRY
 10
335.283
 20
-911.462
 40
1.173
 50
251.175
 51
270.0
  0
ARC
  8
APS_GEOMETRY
 10
335.283
 20
-910.731
 40
1.903
 50
270.0
 51
278.82
  0
ARC
  8
APS_GEOMETRY
 10
334.053
 20
-902.808
 40
9.922
 50
278.82
 51
282.68
  0
ARC
  8
APS_GEOMETRY
 10
336.626
 20
-914.198
 40
1.755
 50
95.906
 51
102.995
  0
ARC
  8
APS_GEOMETRY
 10
336.706
 20
-914.966
 40
2.528
 50
90.0
 51
95.906
  0
ARC
  8
APS_GEOMETRY
 10
336.706
 20
-914.116
 40
1.678
 50
62.447
 51
90.0
  0
ARC
  8
APS_GEOMETRY
 10
336.407
 20
-914.688
 40
2.323
 50
39.094
 51
62.447
  0
ARC
  8
APS_GEOMETRY
 10
333.29
 20
-917.295
 40
6.386
 50
18.435
 51
39.611
  0
ARC
  8
APS_GEOMETRY
 10
331.377
 20
-917.933
 40
8.403
 50
360.0
 51
18.435
  0
ARC
  8
APS_GEOMETRY
 10
335.613
 20
-917.933
 40
4.167
 50
334.877
 51
360.0
  0
ARC
  8
APS_GEOMETRY
 10
336.866
 20
-918.52
 40
2.783
 50
304.007
 51
334.877
  0
ARC
  8
APS_GEOMETRY
 10
336.846
 20
-918.461
 40
2.843
 50
286.39
 51
303.69
  0
ARC
  8
APS_GEOMETRY
 10
336.755
 20
-918.152
 40
3.165
 50
270.0
 51
286.39
  0
ARC
  8
APS_GEOMETRY
 10
336.755
 20
-918.189
 40
3.128
 50
255.155
 51
270.0
  0
ARC
  8
APS_GEOMETRY
 10
336.412
 20
-919.482
 40
1.791
 50
235.491
 51
255.155
  0
ARC
  8
APS_GEOMETRY
 10
336.584
 20
-919.232
 40
2.094
 50
218.48
 51
235.491
  0
ARC
  8
APS_GEOMETRY
 10
339.394
 20
-916.998
 40
5.684
 50
208.179
 51
218.48
  0
ARC
  8
APS_GEOMETRY
 10
310.582
 20
-932.637
 40
27.099
 50
28.56
 51
31.664
  0
ARC
  8
APS_GEOMETRY
 10
328.188
 20
-921.779
 40
6.414
 50
31.664
 51
38.047
  0
ARC
  8
APS_GEOMETRY
 10
329.468
 20
-920.777
 40
4.788
 50
38.047
 51
46.56
  0
ARC
  8
APS_GEOMETRY
 10
328.803
 20
-921.48
 40
5.756
 50
46.56
 51
54.324
  0
ARC
  8
APS_GEOMETRY
 10
328.419
 20
-922.141
 40
6.517
 50
54.968
 51
71.48
  0
ARC
  8
APS_GEOMETRY
 10
328.84
 20
-920.882
 40
5.19
 50
71.48
 51
90.0
  0
ARC
  8
APS_GEOMETRY
 10
328.84
 20
-919.318
 40
3.625
 50
90.0
 51
114.63
  0
ARC
  8
APS_GEOMETRY
 10
328.658
 20
-918.921
 40
3.188
 50
114.63
 51
140.921
  0
ARC
  8
APS_GEOMETRY
 10
329.196
 20
-919.357
 40
3.881
 50
140.921
 51
163.13
  0
ARC
  8
APS_GEOMETRY
 10
331.885
 20
-920.173
 40
6.691
 50
163.13
 51
180.0
  0
ARC
  8
APS_GEOMETRY
 10
335.372
 20
-920.173
 40
10.178
 50
180.0
 51
195.44
  0
ARC
  8
APS_GEOMETRY
 10
334.843
 20
-920.319
 40
9.629
 50
195.44
 51
211.316
  0
ARC
  8
APS_GEOMETRY
 10
332.298
 20
-921.814
 40
6.678
 50
211.708
 51
240.457
  0
ARC
  8
APS_GEOMETRY
 10
332.127
 20
-922.115
 40
6.332
 50
240.457
 51
270.0
  0
ARC
  8
APS_GEOMETRY
 10
332.127
 20
-920.571
 40
7.875
 50
270.0
 51
279.549
  0
ARC
  8
APS_GEOMETRY
 10
332.029
 20
-919.989
 40
8.466
 50
279.549
 51
288.759
  0
ARC
  8
APS_GEOMETRY
 10
332.442
 20
-921.205
 40
7.182
 50
288.759
 51
299.545
  0
ARC
  8
APS_GEOMETRY
 10
334.097
 20
-924.124
 40
3.826
 50
299.545
 51
314.341
  0
ARC
  8
APS_GEOMETRY
 10
339.214
 20
-929.44
 40
3.553
 50
120.141
 51
133.452
  0
ARC
  8
APS_GEOMETRY
 10
337.785
 20
-926.978
 40
0.706
 50
90.0
 51
120.141
  0
ARC
  8
APS_GEOMETRY
 10
337.785
 20
-927.387
 40
1.115
 50
61.952
 51
90.0
  0
ARC
  8
APS_GEOMETRY
 10
337.619
 20
-927.698
 40
1.468
 50
37.569
 51
61.952
  0
ARC
  8
APS_GEOMETRY
 10
337.309
 20
-927.937
 40
1.859
 50
17.665
 51
37.569
  0
ARC
  8
APS_GEOMETRY
 10
336.837
 20
-928.087
 40
2.354
 50
360.0
 51
17.665
  0
ARC
  8
APS_GEOMETRY
 10
335.651
 20
-928.087
 40
3.54
 50
344.932
 51
0.0
  0
ARC
  8
APS_GEOMETRY
 10
332.502
 20
-927.239
 40
6.801
 50
334.075
 51
344.932
  0
ARC
  8
APS_GEOMETRY
 10
332.403
 20
-927.191
 40
6.912
 50
323.374
 51
334.075
  0
ARC
  8
APS_GEOMETRY
 10
334.435
 20
-928.701
 40
4.38
 50
309.92
 51
323.374
  0
ARC
  8
APS_GEOMETRY
 10
336.465
 20
-931.097
 40
1.24
 50
289.026
 51
308.991
  0
ARC
  8
APS_GEOMETRY
 10
334.299
 20
-924.814
 40
7.886
 50
281.143
 51
289.026
  0
ARC
  8
APS_GEOMETRY
 10
336.496
 20
-936.205
 40
3.715
 50
100.437
 51
110.12
  0
ARC
  8
APS_GEOMETRY
 10
339.406
 20
-944.15
 40
12.177
 50
110.12
 51
115.463
  0
ARC
  8
APS_GEOMETRY
 10
329.016
 20
-922.41
 40
11.919
 50
282.94
 51
295.628
  0
ARC
  8
APS_GEOMETRY
 10
329.118
 20
-922.857
 40
11.46
 50
270.0
 51
282.94
  0
ARC
  8
APS_GEOMETRY
 10
329.118
 20
-922.18
 40
12.137
 50
257.307
 51
270.0
  0
ARC
  8
APS_GEOMETRY
 10
329.631
 20
-919.905
 40
14.469
 50
245.686
 51
257.307
  0
ARC
  8
APS_GEOMETRY
 10
328.346
 20
-922.725
 40
11.37
 50
228.801
 51
245.735
  0
ARC
  8
APS_GEOMETRY
 10
328.367
 20
-922.701
 40
11.402
 50
211.891
 51
228.801
  0
ARC
  8
APS_GEOMETRY
 10
329.041
 20
-922.216
 40
12.231
 50
196.728
 51
212.152
  0
ARC
  8
APS_GEOMETRY
 10
327.297
 20
-922.74
 40
10.41
 50
180.0
 51
196.728
  0
ARC
  8
APS_GEOMETRY
 10
327.551
 20
-922.74
 40
10.663
 50
161.184
 51
180.0
  0
ARC
  8
APS_GEOMETRY
 10
328.235
 20
-922.973
 40
11.386
 50
142.98
 51
161.184
  0
ARC
  8
APS_GEOMETRY
 10
328.767
 20
-923.38
 40
12.056
 50
127.824
 51
142.958
  0
ARC
  8
APS_GEOMETRY
 10
329.644
 20
-924.51
 40
13.486
 50
113.52
 51
127.824
  0
ARC
  8
APS_GEOMETRY
 10
329.359
 20
-923.85
 40
12.768
 50
101.927
 51
113.527
  0
ARC
  8
APS_GEOMETRY
 10
329.217
 20
-923.178
 40
12.08
 50
90.0
 51
101.927
  0
ARC
  8
APS_GEOMETRY
 10
354.457
 20
-923.988
 40
12.891
 50
71.91
 51
90.0
  0
ARC
  8
APS_GEOMETRY
 10
354.956
 20
-922.46
 40
11.283
 50
52.561
 51
71.91
  0
ARC
  8
APS_GEOMETRY
 10
354.826
 20
-922.498
 40
11.393
 50
38.846
 51
52.156
  0
ARC
  8
APS_GEOMETRY
 10
353.04
 20
-923.936
 40
13.686
 50
26.707
 51
38.846
  0
ARC
  8
APS_GEOMETRY
 10
353.393
 20
-923.647
 40
13.241
 50
13.868
 51
26.278
  0
ARC
  8
APS_GEOMETRY
 10
355.943
 20
-923.018
 40
10.614
 50
360.0
 51
13.868
  0
ARC
  8
APS_GEOMETRY
 10
356.108
 20
-923.018
 40
10.449
 50
339.712
 51
360.0
  0
ARC
  8
APS_GEOMETRY
 10
355.52
 20
-922.8
 40
11.076
 50
320.013
 51
339.712
  0
ARC
  8
APS_GEOMETRY
 10
355.422
 20
-922.747
 40
11.186
 50
303.344
 51
320.123
  0
ARC
  8
APS_GEOMETRY
 10
354.274
 20
-921.002
 40
13.274
 50
287.949
 51
303.344
  0
ARC
  8
APS_GEOMETRY
 10
353.897
 20
-919.695
 40
14.634
 50
279.039
 51
287.776
  0
ARC
  8
APS_GEOMETRY
 10
354.048
 20
-920.644
 40
13.673
 50
270.0
 51
279.039
  0
ARC
  8
APS_GEOMETRY
 10
354.048
 20
-921.312
 40
13.005
 50
257.728
 51
270.0
  0
ARC
  8
APS_GEOMETRY
 10
354.069
 20
-921.218
 40
13.102
 50
245.501
 51
257.728
  0
ARC
  8
APS_GEOMETRY
 10
353.332
 20
-922.829
 40
11.33
 50
228.665
 51
245.511
  0
ARC
  8
APS_GEOMETRY
 10
353.088
 20
-923.107
 40
10.959
 50
211.535
 51
228.665
  0
ARC
  8
APS_GEOMETRY
 10
353.409
 20
-922.872
 40
11.356
 50
195.642
 51
211.701
  0
ARC
  8
APS_GEOMETRY
 10
353.995
 20
-922.707
 40
11.966
 50
180.0
 51
195.642
  0
ARC
  8
APS_GEOMETRY
 10
354.121
 20
-922.707
 40
12.091
 50
162.181
 51
180.0
  0
ARC
  8
APS_GEOMETRY
 10
353.018
 20
-922.353
 40
10.933
 50
143.434
 51
162.181
  0
ARC
  8
APS_GEOMETRY
 10
352.869
 20
-922.234
 40
10.742
 50
126.384
 51
143.471
  0
ARC
  8
APS_GEOMETRY
 10
353.887
 20
-923.614
 40
12.457
 50
110.525
 51
126.384
  0
ARC
  8
APS_GEOMETRY
 10
353.836
 20
-923.239
 40
12.089
 50
99.77
 51
110.925
  0
ARC
  8
APS_GEOMETRY
 10
354.457
 20
-926.845
 40
15.748
 50
90.0
 51
99.77
  0
ARC
  8
APS_GEOMETRY
 10
352.904
 20
-918.194
 40
2.404
 50
90.0
 51
119.604
  0
ARC
  8
APS_GEOMETRY
 10
353.114
 20
-918.565
 40
2.83
 50
119.604
 51
146.842
  0
ARC
  8
APS_GEOMETRY
 10
353.537
 20
-918.911
 40
3.374
 50
145.84
 51
164.055
  0
ARC
  8
APS_GEOMETRY
 10
354.518
 20
-919.192
 40
4.394
 50
164.055
 51
180.0
  0
ARC
  8
APS_GEOMETRY
 10
360.65
 20
-919.192
 40
10.526
 50
180.0
 51
189.977
  0
ARC
  8
APS_GEOMETRY
 10
369.976
 20
-917.551
 40
19.995
 50
189.977
 51
197.211
  0
ARC
  8
APS_GEOMETRY
 10
372.016
 20
-916.919
 40
22.131
 50
197.211
 51
203.76
  0
ARC
  8
APS_GEOMETRY
 10
366.934
 20
-919.156
 40
16.579
 50
203.76
 51
211.329
  0
ARC
  8
APS_GEOMETRY
 10
356.5
 20
-925.418
 40
4.411
 50
212.32
 51
224.441
  0
ARC
  8
APS_GEOMETRY
 10
356.073
 20
-925.838
 40
3.812
 50
224.441
 51
237.484
  0
ARC
  8
APS_GEOMETRY
 10
355.796
 20
-926.271
 40
3.298
 50
237.484
 51
252.416
  0
ARC
  8
APS_GEOMETRY
 10
355.52
 20
-927.143
 40
2.383
 50
252.416
 51
270.0
  0
ARC
  8
APS_GEOMETRY
 10
355.52
 20
-926.86
 40
2.666
 50
270.0
 51
294.953
  0
ARC
  8
APS_GEOMETRY
 10
355.595
 20
-927.021
 40
2.489
 50
294.953
 51
320.793
  0
ARC
  8
APS_GEOMETRY
 10
355.194
 20
-926.694
 40
3.005
 50
320.793
 51
342.777
  0
ARC
  8
APS_GEOMETRY
 10
353.41
 20
-926.141
 40
4.873
 50
342.777
 51
0.0
  0
ARC
  8
APS_GEOMETRY
 10
345.03
 20
-926.141
 40
13.254
 50
0.0
 51
8.499
  0
ARC
  8
APS_GEOMETRY
 10
339.196
 20
-927.013
 40
19.152
 50
8.499
 51
15.566
  0
ARC
  8
APS_GEOMETRY
 10
339.898
 20
-926.817
 40
18.424
 50
15.566
 51
22.909
  0
ARC
  8
APS_GEOMETRY
 10
345.929
 20
-924.268
 40
11.876
 50
22.909
 51
32.057
  0
ARC
  8
APS_GEOMETRY
 10
350.667
 20
-921.284
 40
6.276
 50
31.921
 51
42.51
  0
ARC
  8
APS_GEOMETRY
 10
351.968
 20
-920.091
 40
4.511
 50
42.51
 51
55.008
  0
ARC
  8
APS_GEOMETRY
 10
352.408
 20
-919.463
 40
3.745
 50
55.008
 51
69.88
  0
ARC
  8
APS_GEOMETRY
 10
352.802
 20
-918.388
 40
2.599
 50
69.88
 51
87.754
  0
ARC
  8
APS_GEOMETRY
 10
379.714
 20
-925.699
 40
1.21
 50
90.0
 51
115.837
  0
ARC
  8
APS_GEOMETRY
 10
379.416
 20
-925.084
 40
0.526
 50
115.837
 51
155.462
  0
ARC
  8
APS_GEOMETRY
 10
379.764
 20
-925.243
 40
0.909
 50
155.462
 51
168.366
  0
ARC
  8
APS_GEOMETRY
 10
382.937
 20
-925.896
 40
4.148
 50
168.366
 51
174.395
  0
ARC
  8
APS_GEOMETRY
 10
386.135
 20
-926.21
 40
7.361
 50
174.395
 51
177.813
  0
ARC
  8
APS_GEOMETRY
 10
396.749
 20
-926.615
 40
17.983
 50
177.813
 51
180.0
  0
ARC
  8
APS_GEOMETRY
 10
404.433
 20
-926.615
 40
25.667
 50
180.0
 51
184.62
  0
ARC
  8
APS_GEOMETRY
 10
387.223
 20
-928.006
 40
8.401
 50
184.62
 51
192.7
  0
ARC
  8
APS_GEOMETRY
 10
380.588
 20
-929.463
 40
1.609
 50
194.036
 51
205.821
  0
ARC
  8
APS_GEOMETRY
 10
379.885
 20
-929.803
 40
0.828
 50
205.821
 51
222.274
  0
ARC
  8
APS_GEOMETRY
 10
380.101
 20
-929.607
 40
1.119
 50
222.274
 51
234.605
  0
ARC
  8
APS_GEOMETRY
 10
382.531
 20
-926.187
 40
5.315
 50
234.605
 51
240.255
  0
ARC
  8
APS_GEOMETRY
 10
378.836
 20
-932.724
 40
2.194
 50
34.592
 51
61.189
  0
ARC
  8
APS_GEOMETRY
 10
379.562
 20
-932.224
 40
1.313
 50
360.0
 51
34.592
  0
ARC
  8
APS_GEOMETRY
 10
379.605
 20
-932.224
 40
1.27
 50
318.231
 51
360.0
  0
ARC
  8
APS_GEOMETRY
 10
378.756
 20
-931.466
 40
2.408
 50
288.227
 51
318.231
  0
ARC
  8
APS_GEOMETRY
 10
377.876
 20
-928.792
 40
5.223
 50
280.377
 51
288.227
  0
ARC
  8
APS_GEOMETRY
 10
376.341
 20
-920.41
 40
13.744
 50
275.541
 51
280.377
  0
ARC
  8
APS_GEOMETRY
 10
375.679
 20
-913.591
 40
20.595
 50
272.304
 51
275.541
  0
ARC
  8
APS_GEOMETRY
 10
374.874
 20
-893.573
 40
40.629
 50
270.0
 51
272.304
  0
ARC
  8
APS_GEOMETRY
 10
374.874
 20
-910.303
 40
23.9
 50
262.811
 51
270.0
  0
ARC
  8
APS_GEOMETRY
 10
372.729
 20
-927.306
 40
6.762
 50
249.274
 51
262.811
  0
ARC
  8
APS_GEOMETRY
 10
371.38
 20
-930.871
 40
2.95
 50
221.379
 51
249.274
  0
ARC
  8
APS_GEOMETRY
 10
370.197
 20
-931.913
 40
1.373
 50
180.0
 51
221.379
  0
ARC
  8
APS_GEOMETRY
 10
370.188
 20
-931.913
 40
1.364
 50
164.055
 51
180.0
  0
ARC
  8
APS_GEOMETRY
 10
369.619
 20
-931.751
 40
0.773
 50
142.815
 51
164.055
  0
ARC
  8
APS_GEOMETRY
 10
369.977
 20
-932.022
 40
1.222
 50
129.007
 51
142.815
  0
ARC
  8
APS_GEOMETRY
 10
374.373
 20
-937.449
 40
8.206
 50
123.69
 51
129.007
  0
ARC
  8
APS_GEOMETRY
 10
368.135
 20
-928.063
 40
3.064
 50
303.389
 51
319.022
  0
ARC
  8
APS_GEOMETRY
 10
368.964
 20
-928.783
 40
1.966
 50
319.022
 51
338.575
  0
ARC
  8
APS_GEOMETRY
 10
367.854
 20
-928.348
 40
3.158
 50
338.575
 51
351.049
  0
ARC
  8
APS_GEOMETRY
 10
354.451
 20
-926.237
 40
16.726
 50
351.049
 51
356.46
  0
ARC
  8
APS_GEOMETRY
 10
358.869
 20
-926.405
 40
12.307
 50
355.972
 51
358.68
  0
ARC
  8
APS_GEOMETRY
 10
213.774
 20
-923.062
 40
157.441
 50
358.68
 51
359.437
  0
LINE
  8
APS_GEOMETRY
 10
371.207
 11
371.222
 20
-924.608
 21
-922.152
  0
LINE
  8
APS_GEOMETRY
 10
371.222
 11
371.227
 20
-922.152
 21
-918.946
  0
ARC
  8
APS_GEOMETRY
 10
333.323
 20
-918.946
 40
37.905
 50
360.0
 51
1.717
  0
ARC
  8
APS_GEOMETRY
 10
353.607
 20
-918.338
 40
17.611
 50
1.717
 51
4.236
  0
ARC
  8
APS_GEOMETRY
 10
360.222
 20
-917.848
 40
10.979
 50
4.236
 51
8.269
  0
ARC
  8
APS_GEOMETRY
 10
367.834
 20
-916.742
 40
3.287
 50
8.269
 51
15.642
  0
ARC
  8
APS_GEOMETRY
 10
369.144
 20
-916.375
 40
1.926
 50
15.642
 51
39.417
  0
ARC
  8
APS_GEOMETRY
 10
369.173
 20
-916.351
 40
1.888
 50
39.417
 51
63.435
  0
ARC
  8
APS_GEOMETRY
 10
372.574
 20
-909.306
 40
5.935
 50
236.874
 51
244.486
  0
ARC
  8
APS_GEOMETRY
 10
370.044
 20
-913.183
 40
1.306
 50
220.601
 51
236.874
  0
ARC
  8
APS_GEOMETRY
 10
369.754
 20
-913.432
 40
0.923
 50
198.246
 51
220.601
  0
ARC
  8
APS_GEOMETRY
 10
370.188
 20
-913.289
 40
1.38
 50
180.0
 51
198.246
  0
ARC
  8
APS_GEOMETRY
 10
370.181
 20
-913.289
 40
1.374
 50
156.161
 51
180.0
  0
ARC
  8
APS_GEOMETRY
 10
370.373
 20
-913.373
 40
1.583
 50
133.977
 51
156.161
  0
ARC
  8
APS_GEOMETRY
 10
370.755
 20
-913.769
 40
2.133
 50
116.996
 51
133.977
  0
ARC
  8
APS_GEOMETRY
 10
371.513
 20
-915.258
 40
3.804
 50
104.3
 51
116.996
  0
ARC
  8
APS_GEOMETRY
 10
371.709
 20
-916.011
 40
4.582
 50
95.326
 51
104.349
  0
ARC
  8
APS_GEOMETRY
 10
372.503
 20
-924.528
 40
13.136
 50
90.0
 51
95.326
  0
ARC
  8
APS_GEOMETRY
 10
372.503
 20
-917.898
 40
6.506
 50
87.553
 51
90.0
  0
ARC
  8
APS_GEOMETRY
 10
371.119
 20
-950.292
 40
38.93
 50
86.553
 51
87.553
  0
ARC
  8
APS_GEOMETRY
 10
369.15
 20
-982.965
 40
71.662
 50
86.009
 51
86.553
  0
ARC
  8
APS_GEOMETRY
 10
361.496
 20
-1092.672
 40
181.636
 50
85.668
 51
86.009
  0
ARC
  8
APS_GEOMETRY
 10
375.82
 20
-904.017
 40
7.563
 50
265.426
 51
268.531
  0
ARC
  8
APS_GEOMETRY
 10
376.493
 20
-877.795
 40
33.793
 50
268.531
 51
270.0
  0
ARC
  8
APS_GEOMETRY
 10
376.493
 20
-885.833
 40
25.755
 50
270.0
 51
271.637
  0
ARC
  8
APS_GEOMETRY
 10
375.917
 20
-865.69
 40
45.906
 50
271.637
 51
272.862
  0
ARC
  8
APS_GEOMETRY
 10
375.256
 20
-852.476
 40
59.137
 50
272.862
 51
273.814
  0
ARC
  8
APS_GEOMETRY
 10
373.02
 20
-818.924
 40
92.764
 50
273.814
 51
274.574
  0
ARC
  8
APS_GEOMETRY
 10
387.051
 20
-1001.419
 40
90.271
 50
93.72
 51
94.214
  0
ARC
  8
APS_GEOMETRY
 10
384.056
 20
-955.36
 40
44.115
 50
93.013
 51
93.72
  0
ARC
  8
APS_GEOMETRY
 10
383.235
 20
-939.762
 40
28.496
 50
91.918
 51
93.013
  0
ARC
  8
APS_GEOMETRY
 10
382.592
 20
-920.555
 40
9.277
 50
90.0
 51
91.918
  0
ARC
  8
APS_GEOMETRY
 10
382.592
 20
-923.332
 40
12.054
 50
73.82
 51
90.0
  0
ARC
  8
APS_GEOMETRY
 10
383.78
 20
-919.237
 40
7.791
 50
53.658
 51
73.82
  0
ARC
  8
APS_GEOMETRY
 10
385.47
 20
-916.927
 40
4.929
 50
26.03
 51
53.569
  0
ARC
  8
APS_GEOMETRY
 10
384.951
 20
-917.18
 40
5.506
 50
360.0
 51
26.03
  0
ARC
  8
APS_GEOMETRY
 10
384.736
 20
-917.18
 40
5.722
 50
345.282
 51
360.0
  0
ARC
  8
APS_GEOMETRY
 10
385.286
 20
-917.325
 40
5.152
 50
329.767
 51
345.282
  0
ARC
  8
APS_GEOMETRY
 10
385.598
 20
-917.507
 40
4.792
 50
313.168
 51
329.767
  0
ARC
  8
APS_GEOMETRY
 10
385.713
 20
-917.63
 40
4.623
 50
296.267
 51
313.168
  0
ARC
  8
APS_GEOMETRY
 10
388.345
 20
-922.947
 40
1.31
 50
116.565
 51
139.899
  0
ARC
  8
APS_GEOMETRY
 10
387.692
 20
-922.397
 40
0.456
 50
139.899
 51
180.0
  0
ARC
  8
APS_GEOMETRY
 10
387.742
 20
-922.397
 40
0.506
 50
180.0
 51
226.193
  0
ARC
  8
APS_GEOMETRY
 10
388.678
 20
-921.421
 40
1.858
 50
226.193
 51
249.829
  0
ARC
  8
APS_GEOMETRY
 10
385.997
 20
-928.802
 40
5.995
 50
53.249
 51
70.105
  0
ARC
  8
APS_GEOMETRY
 10
387.215
 20
-927.171
 40
3.96
 50
32.471
 51
53.249
  0
ARC
  8
APS_GEOMETRY
 10
386.647
 20
-927.532
 40
4.632
 50
23.305
 51
32.471
  0
ARC
  8
APS_GEOMETRY
 10
383.142
 20
-929.042
 40
8.449
 50
16.521
 51
23.305
  0
ARC
  8
APS_GEOMETRY
 10
380.409
 20
-929.853
 40
11.299
 50
11.429
 51
16.521
  0
ARC
  8
APS_GEOMETRY
 10
372.664
 20
-931.419
 40
19.201
 50
7.524
 51
11.429
  0
ARC
  8
APS_GEOMETRY
 10
398.329
 20
-928.001
 40
6.69
 50
187.765
 51
196.914
  0
ARC
  8
APS_GEOMETRY
 10
392.857
 20
-929.665
 40
0.971
 50
196.914
 51
221.082
  0
ARC
  8
APS_GEOMETRY
 10
392.878
 20
-929.646
 40
0.999
 50
221.082
 51
244.607
  0
ARC
  8
APS_GEOMETRY
 10
395.214
 20
-924.724
 40
6.448
 50
244.607
 51
253.811
  0
ARC
  8
APS_GEOMETRY
 10
393.16
 20
-931.729
 40
0.852
 50
51.45
 51
72.474
  0
ARC
  8
APS_GEOMETRY
 10
392.949
 20
-931.993
 40
1.191
 50
33.69
 51
51.45
  0
ARC
  8
APS_GEOMETRY
 10
392.9
 20
-932.026
 40
1.25
 50
16.639
 51
33.69
  0
ARC
  8
APS_GEOMETRY
 10
392.84
 20
-932.044
 40
1.312
 50
360.0
 51
16.639
  0
ARC
  8
APS_GEOMETRY
 10
392.822
 20
-932.044
 40
1.331
 50
338.993
 51
360.0
  0
ARC
  8
APS_GEOMETRY
 10
392.009
 20
-931.732
 40
2.201
 50
322.696
 51
338.993
  0
ARC
  8
APS_GEOMETRY
 10
391.707
 20
-931.501
 40
2.582
 50
308.603
 51
322.696
  0
ARC
  8
APS_GEOMETRY
 10
391.498
 20
-931.24
 40
2.916
 50
295.346
 51
308.603
  0
ARC
  8
APS_GEOMETRY
 10
390.403
 20
-928.827
 40
5.566
 50
279.583
 51
294.905
  0
ARC
  8
APS_GEOMETRY
 10
388.969
 20
-920.337
 40
14.176
 50
270.0
 51
279.583
  0
ARC
  8
APS_GEOMETRY
 10
388.969
 20
-924.177
 40
10.336
 50
261.247
 51
270.0
  0
ARC
  8
APS_GEOMETRY
 10
388.307
 20
-928.478
 40
5.985
 50
249.737
 51
261.247
  0
ARC
  8
APS_GEOMETRY
 10
387.872
 20
-929.656
 40
4.728
 50
235.345
 51
249.737
  0
ARC
  8
APS_GEOMETRY
 10
387.322
 20
-930.451
 40
3.762
 50
219.198
 51
235.345
  0
ARC
  8
APS_GEOMETRY
 10
388.479
 20
-929.465
 40
5.281
 50
209.076
 51
219.56
  0
ARC
  8
APS_GEOMETRY
 10
391.149
 20
-927.981
 40
8.337
 50
200.735
 51
209.076
  0
ARC
  8
APS_GEOMETRY
 10
394.834
 20
-926.586
 40
12.277
 50
197.881
 51
200.735
  0
ARC
  8
APS_GEOMETRY
 10
409.975
 20
-921.701
 40
28.186
 50
195.997
 51
197.881
  0
ARC
  8
APS_GEOMETRY
 10
421.166
 20
-918.492
 40
39.828
 50
194.664
 51
195.997
  0
ARC
  8
APS_GEOMETRY
 10
452.163
 20
-910.381
 40
71.869
 50
193.671
 51
194.664
  0
ARC
  8
APS_GEOMETRY
 10
373.558
 20
-929.491
 40
9.026
 50
13.61
 51
23.585
  0
ARC
  8
APS_GEOMETRY
 10
379.468
 20
-926.911
 40
2.577
 50
23.585
 51
42.31
  0
ARC
  8
APS_GEOMETRY
 10
380.004
 20
-926.423
 40
1.853
 50
42.31
 51
67.521
  0
ARC
  8
APS_GEOMETRY
 10
379.58
 20
-927.449
 40
2.962
 50
67.521
 51
87.397
  0
LINE
  8
APS_GEOMETRY
 10
378.782
 11
378.602
 20
-916.15
 21
-919.96
  0
LINE
  8
APS_GEOMETRY
 10
378.602
 11
378.602
 20
-919.96
 21
-920.021
  0
LINE
  8
APS_GEOMETRY
 10
378.602
 11
378.602
 20
-920.021
 21
-920.107
  0
ARC
  8
APS_GEOMETRY
 10
381.249
 20
-920.107
 40
2.647
 50
180.0
 51
192.339
  0
ARC
  8
APS_GEOMETRY
 10
379.145
 20
-920.568
 40
0.493
 50
192.339
 51
221.186
  0
ARC
  8
APS_GEOMETRY
 10
379.094
 20
-920.612
 40
0.426
 50
221.186
 51
253.872
  0
ARC
  8
APS_GEOMETRY
 10
379.452
 20
-919.374
 40
1.715
 50
253.872
 51
270.0
  0
ARC
  8
APS_GEOMETRY
 10
379.452
 20
-917.103
 40
3.985
 50
270.0
 51
289.569
  0
ARC
  8
APS_GEOMETRY
 10
380.177
 20
-919.141
 40
1.822
 50
289.569
 51
318.681
  0
ARC
  8
APS_GEOMETRY
 10
379.981
 20
-918.969
 40
2.083
 50
318.681
 51
344.628
  0
ARC
  8
APS_GEOMETRY
 10
376.33
 20
-917.965
 40
5.87
 50
344.628
 51
0.0
  0
ARC
  8
APS_GEOMETRY
 10
378.065
 20
-917.965
 40
4.134
 50
0.0
 51
35.369
  0
ARC
  8
APS_GEOMETRY
 10
379.959
 20
-916.621
 40
1.812
 50
35.369
 51
90.0
  0
ARC
  8
APS_GEOMETRY
 10
379.959
 20
-916.641
 40
1.831
 50
90.0
 51
108.435
  0
ARC
  8
APS_GEOMETRY
 10
379.603
 20
-915.572
 40
0.705
 50
108.435
 51
138.366
  0
ARC
  8
APS_GEOMETRY
 10
379.699
 20
-915.657
 40
0.833
 50
138.366
 51
164.291
  0
ARC
  8
APS_GEOMETRY
 10
381.941
 20
-916.288
 40
3.162
 50
164.291
 51
177.51
  0
LINE
  8
APS_GEOMETRY
 10
407.891
 11
416.034
 20
-912.34
 21
-919.47
  0
ARC
  8
APS_GEOMETRY
 10
423.65
 20
-910.73
 40
11.592
 50
228.93
 51
232.674
  0
ARC
  8
APS_GEOMETRY
 10
419.414
 20
-916.286
 40
4.605
 50
232.674
 51
238.617
  0
ARC
  8
APS_GEOMETRY
 10
418.348
 20
-918.034
 40
2.558
 50
238.617
 51
249.131
  0
ARC
  8
APS_GEOMETRY
 10
417.67
 20
-919.812
 40
0.655
 50
249.131
 51
270.0
  0
ARC
  8
APS_GEOMETRY
 10
417.67
 20
-919.893
 40
0.574
 50
270.0
 51
334.898
  0
ARC
  8
APS_GEOMETRY
 10
415.021
 20
-918.652
 40
3.499
 50
334.898
 51
0.0
  0
ARC
  8
APS_GEOMETRY
 10
389.405
 20
-918.652
 40
29.115
 50
360.0
 51
2.026
  0
ARC
  8
APS_GEOMETRY
 10
404.848
 20
-918.106
 40
13.662
 50
2.026
 51
4.984
  0
ARC
  8
APS_GEOMETRY
 10
409.898
 20
-917.665
 40
8.593
 50
4.984
 51
9.673
  0
ARC
  8
APS_GEOMETRY
 10
415.718
 20
-916.673
 40
2.689
 50
9.673
 51
18.06
  0
ARC
  8
APS_GEOMETRY
 10
416.604
 20
-916.384
 40
1.758
 50
18.06
 51
42.397
  0
ARC
  8
APS_GEOMETRY
 10
416.318
 20
-916.646
 40
2.145
 50
42.397
 51
64.398
  0
ARC
  8
APS_GEOMETRY
 10
418.93
 20
-911.253
 40
3.847
 50
233.633
 51
244.026
  0
ARC
  8
APS_GEOMETRY
 10
417.507
 20
-913.184
 40
1.448
 50
216.656
 51
233.633
  0
ARC
  8
APS_GEOMETRY
 10
417.289
 20
-913.347
 40
1.176
 50
196.082
 51
216.656
  0
ARC
  8
APS_GEOMETRY
 10
418.001
 20
-913.141
 40
1.917
 50
180.0
 51
196.082
  0
ARC
  8
APS_GEOMETRY
 10
417.478
 20
-913.141
 40
1.394
 50
133.202
 51
180.0
  0
ARC
  8
APS_GEOMETRY
 10
418.577
 20
-914.312
 40
3.0
 50
101.788
 51
133.202
  0
ARC
  8
APS_GEOMETRY
 10
418.833
 20
-915.46
 40
4.176
 50
96.633
 51
102.011
  0
ARC
  8
APS_GEOMETRY
 10
419.763
 20
-923.455
 40
12.225
 50
93.489
 51
96.633
  0
ARC
  8
APS_GEOMETRY
 10
420.161
 20
-929.984
 40
18.766
 50
91.439
 51
93.489
  0
ARC
  8
APS_GEOMETRY
 10
420.646
 20
-949.281
 40
38.069
 50
90.0
 51
91.439
  0
ARC
  8
APS_GEOMETRY
 10
420.646
 20
-946.694
 40
35.482
 50
87.994
 51
90.0
  0
ARC
  8
APS_GEOMETRY
 10
421.291
 20
-928.274
 40
17.05
 50
85.101
 51
87.994
  0
ARC
  8
APS_GEOMETRY
 10
421.814
 20
-922.166
 40
10.92
 50
80.595
 51
85.101
  0
ARC
  8
APS_GEOMETRY
 10
423.008
 20
-914.959
 40
3.615
 50
72.759
 51
80.595
  0
ARC
  8
APS_GEOMETRY
 10
423.37
 20
-913.839
 40
2.438
 50
40.956
 51
73.072
  0
ARC
  8
APS_GEOMETRY
 10
424.06
 20
-913.24
 40
1.524
 50
360.0
 51
40.956
  0
ARC
  8
APS_GEOMETRY
 10
424.152
 20
-913.24
 40
1.432
 50
322.573
 51
360.0
  0
ARC
  8
APS_GEOMETRY
 10
423.399
 20
-912.664
 40
2.38
 50
293.749
 51
322.573
  0
ARC
  8
APS_GEOMETRY
 10
426.421
 20
-919.604
 40
5.19
 50
113.429
 51
119.291
  0
ARC
  8
APS_GEOMETRY
 10
424.401
 20
-916.004
 40
1.062
 50
119.291
 51
132.274
  0
ARC
  8
APS_GEOMETRY
 10
424.285
 20
-915.876
 40
0.889
 50
132.274
 51
147.653
  0
ARC
  8
APS_GEOMETRY
 10
425.126
 20
-916.409
 40
1.884
 50
147.653
 51
158.199
  0
ARC
  8
APS_GEOMETRY
 10
426.406
 20
-916.948
 40
3.273
 50
157.751
 51
167.885
  0
ARC
  8
APS_GEOMETRY
 10
433.216
 20
-918.41
 40
10.238
 50
167.885
 51
173.61
  0
ARC
  8
APS_GEOMETRY
 10
439.239
 20
-919.084
 40
16.299
 50
173.61
 51
177.221
  0
ARC
  8
APS_GEOMETRY
 10
457.817
 20
-919.986
 40
34.899
 50
177.221
 51
179.689
  0
LINE
  8
APS_GEOMETRY
 10
422.919
 11
422.919
 20
-919.797
 21
-925.127
  0
ARC
  8
APS_GEOMETRY
 10
640.601
 20
-925.127
 40
217.683
 50
180.0
 51
180.161
  0
ARC
  8
APS_GEOMETRY
 10
829.511
 20
-924.595
 40
406.593
 50
180.161
 51
180.279
  0
LINE
  8
APS_GEOMETRY
 10
422.923
 11
422.928
 20
-926.579
 21
-927.473
  0
LINE
  8
APS_GEOMETRY
 10
422.928
 11
422.935
 20
-927.473
 21
-928.479
  0
ARC
  8
APS_GEOMETRY
 10
384.093
 20
-928.7
 40
38.843
 50
358.204
 51
0.326
  0
ARC
  8
APS_GEOMETRY
 10
402.57
 20
-929.279
 40
20.356
 50
355.274
 51
358.204
  0
ARC
  8
APS_GEOMETRY
 10
409.001
 20
-929.811
 40
13.903
 50
350.991
 51
355.274
  0
ARC
  8
APS_GEOMETRY
 10
417.191
 20
-931.109
 40
5.612
 50
344.249
 51
350.991
  0
ARC
  8
APS_GEOMETRY
 10
419.959
 20
-931.9
 40
2.733
 50
314.415
 51
344.445
  0
ARC
  8
APS_GEOMETRY
 10
420.973
 20
-932.935
 40
1.284
 50
270.0
 51
314.415
  0
ARC
  8
APS_GEOMETRY
 10
420.973
 20
-932.139
 40
2.08
 50
256.342
 51
270.0
  0
ARC
  8
APS_GEOMETRY
 10
420.825
 20
-932.749
 40
1.452
 50
239.982
 51
256.342
  0
ARC
  8
APS_GEOMETRY
 10
421.472
 20
-931.629
 40
2.746
 50
231.153
 51
239.982
  0
ARC
  8
APS_GEOMETRY
 10
432.346
 20
-918.126
 40
20.083
 50
227.891
 51
231.153
  0
LINE
  8
APS_GEOMETRY
 10
418.88
 11
409.183
 20
-933.025
 21
-924.342
  0
ARC
  8
APS_GEOMETRY
 10
405.448
 20
-928.478
 40
5.573
 50
47.911
 51
61.468
  0
ARC
  8
APS_GEOMETRY
 10
407.499
 20
-924.705
 40
1.278
 50
61.468
 51
90.0
  0
ARC
  8
APS_GEOMETRY
 10
407.499
 20
-923.987
 40
0.56
 50
90.0
 51
133.195
  0
ARC
  8
APS_GEOMETRY
 10
408.051
 20
-924.575
 40
1.367
 50
133.195
 51
160.454
  0
ARC
  8
APS_GEOMETRY
 10
409.823
 20
-925.204
 40
3.247
 50
160.454
 51
173.251
  0
ARC
  8
APS_GEOMETRY
 10
418.157
 20
-926.19
 40
11.639
 50
173.251
 51
180.0
  0
ARC
  8
APS_GEOMETRY
 10
440.827
 20
-926.19
 40
34.309
 50
180.0
 51
181.897
  0
ARC
  8
APS_GEOMETRY
 10
422.655
 20
-926.792
 40
16.128
 50
181.897
 51
184.664
  0
ARC
  8
APS_GEOMETRY
 10
416.7
 20
-927.278
 40
10.152
 50
184.664
 51
189.048
  0
ARC
  8
APS_GEOMETRY
 10
409.799
 20
-928.377
 40
3.165
 50
189.048
 51
196.905
  0
ARC
  8
APS_GEOMETRY
 10
408.704
 20
-928.71
 40
2.02
 50
196.905
 51
220.253
  0
ARC
  8
APS_GEOMETRY
 10
408.726
 20
-928.691
 40
2.049
 50
220.253
 51
243.435
  0
ARC
  8
APS_GEOMETRY
 10
406.727
 20
-932.722
 40
2.45
 50
37.921
 51
63.778
  0
ARC
  8
APS_GEOMETRY
 10
407.743
 20
-931.93
 40
1.162
 50
360.0
 51
37.921
  0
ARC
  8
APS_GEOMETRY
 10
407.291
 20
-931.93
 40
1.614
 50
324.268
 51
360.0
  0
ARC
  8
APS_GEOMETRY
 10
406.688
 20
-931.495
 40
2.357
 50
294.86
 51
324.268
  0
ARC
  8
APS_GEOMETRY
 10
405.689
 20
-929.34
 40
4.732
 50
278.78
 51
294.86
  0
ARC
  8
APS_GEOMETRY
 10
404.0
 20
-918.4
 40
15.802
 50
270.0
 51
278.78
  0
ARC
  8
APS_GEOMETRY
 10
404.0
 20
-921.236
 40
12.966
 50
260.383
 51
270.0
  0
ARC
  8
APS_GEOMETRY
 10
402.633
 20
-929.301
 40
4.787
 50
244.522
 51
260.383
  0
ARC
  8
APS_GEOMETRY
 10
401.643
 20
-931.378
 40
2.486
 50
216.549
 51
244.522
  0
ARC
  8
APS_GEOMETRY
 10
400.833
 20
-931.979
 40
1.477
 50
180.0
 51
216.549
  0
ARC
  8
APS_GEOMETRY
 10
401.359
 20
-931.979
 40
2.003
 50
164.65
 51
180.0
  0
ARC
  8
APS_GEOMETRY
 10
400.216
 20
-931.665
 40
0.818
 50
140.528
 51
164.65
  0
ARC
  8
APS_GEOMETRY
 10
400.679
 20
-932.046
 40
1.417
 50
126.135
 51
140.528
  0
ARC
  8
APS_GEOMETRY
 10
405.506
 20
-938.657
 40
9.603
 50
120.619
 51
126.135
  0
ARC
  8
APS_GEOMETRY
 10
399.783
 20
-928.996
 40
1.625
 50
300.784
 51
330.068
  0
ARC
  8
APS_GEOMETRY
 10
398.7
 20
-928.373
 40
2.875
 50
330.068
 51
351.983
  0
ARC
  8
APS_GEOMETRY
 10
380.519
 20
-926.003
 40
21.21
 50
352.493
 51
355.365
  0
ARC
  8
APS_GEOMETRY
 10
358.587
 20
-924.224
 40
43.213
 50
355.365
 51
357.376
  0
ARC
  8
APS_GEOMETRY
 10
343.231
 20
-923.521
 40
58.586
 50
357.376
 51
358.861
  0
ARC
  8
APS_GEOMETRY
 10
302.318
 20
-922.707
 40
99.507
 50
358.861
 51
0.0
  0
ARC
  8
APS_GEOMETRY
 10
339.113
 20
-922.707
 40
62.712
 50
360.0
 51
1.926
  0
ARC
  8
APS_GEOMETRY
 10
368.306
 20
-921.725
 40
33.503
 50
1.926
 51
4.562
  0
ARC
  8
APS_GEOMETRY
 10
378.6
 20
-920.904
 40
23.176
 50
4.562
 51
8.366
  0
ARC
  8
APS_GEOMETRY
 10
391.988
 20
-918.935
 40
9.644
 50
8.366
 51
14.265
  0
ARC
  8
APS_GEOMETRY
 10
397.05
 20
-917.655
 40
4.422
 50
14.349
 51
23.629
  0
ARC
  8
APS_GEOMETRY
 10
399.617
 20
-916.532
 40
1.62
 50
23.629
 51
38.991
  0
ARC
  8
APS_GEOMETRY
 10
399.627
 20
-916.524
 40
1.608
 50
38.991
 51
54.462
  0
ARC
  8
APS_GEOMETRY
 10
398.125
 20
-918.627
 40
4.192
 50
54.462
 51
64.026
  0
ARC
  8
APS_GEOMETRY
 10
402.364
 20
-909.943
 40
5.471
 50
235.472
 51
243.947
  0
ARC
  8
APS_GEOMETRY
 10
400.174
 20
-913.126
 40
1.608
 50
219.806
 51
235.472
  0
ARC
  8
APS_GEOMETRY
 10
399.843
 20
-913.402
 40
1.176
 50
198.939
 51
219.806
  0
ARC
  8
APS_GEOMETRY
 10
400.078
 20
-913.321
 40
1.425
 50
180.0
 51
198.939
  0
ARC
  8
APS_GEOMETRY
 10
400.008
 20
-913.321
 40
1.356
 50
126.254
 51
180.0
  0
ARC
  8
APS_GEOMETRY
 10
402.078
 20
-916.144
 40
4.856
 50
98.616
 51
126.254
  0
ARC
  8
APS_GEOMETRY
 10
402.37
 20
-918.475
 40
7.205
 50
94.456
 51
98.13
  0
ARC
  8
APS_GEOMETRY
 10
403.494
 20
-932.901
 40
21.675
 50
92.337
 51
94.456
  0
ARC
  8
APS_GEOMETRY
 10
403.973
 20
-944.64
 40
33.424
 50
90.963
 51
92.337
  0
ARC
  8
APS_GEOMETRY
 10
404.556
 20
-979.315
 40
68.103
 50
90.0
 51
90.963
  0
ARC
  8
APS_GEOMETRY
 10
404.556
 20
-923.623
 40
12.411
 50
83.928
 51
90.0
  0
ARC
  8
APS_GEOMETRY
 10
405.574
 20
-914.054
 40
2.788
 50
71.095
 51
83.928
  0
ARC
  8
APS_GEOMETRY
 10
405.666
 20
-913.783
 40
2.501
 50
56.848
 51
71.095
  0
ARC
  8
APS_GEOMETRY
 10
402.915
 20
-917.995
 40
7.532
 50
48.652
 51
56.848
  0
ARC
  8
APS_GEOMETRY
 10
437.295
 20
-931.516
 40
20.304
 50
84.71
 51
90.0
  0
ARC
  8
APS_GEOMETRY
 10
437.667
 20
-927.496
 40
16.267
 50
78.799
 51
84.71
  0
ARC
  8
APS_GEOMETRY
 10
440.076
 20
-915.324
 40
3.859
 50
49.783
 51
78.771
  0
ARC
  8
APS_GEOMETRY
 10
441.686
 20
-913.419
 40
1.365
 50
360.0
 51
49.783
  0
ARC
  8
APS_GEOMETRY
 10
441.541
 20
-913.419
 40
1.51
 50
342.759
 51
360.0
  0
ARC
  8
APS_GEOMETRY
 10
442.329
 20
-913.664
 40
0.685
 50
317.045
 51
342.759
  0
ARC
  8
APS_GEOMETRY
 10
441.948
 20
-913.31
 40
1.205
 50
301.817
 51
317.045
  0
ARC
  8
APS_GEOMETRY
 10
436.32
 20
-904.239
 40
11.88
 50
296.98
 51
301.817
  0
ARC
  8
APS_GEOMETRY
 10
442.321
 20
-916.048
 40
1.366
 50
116.565
 51
149.078
  0
ARC
  8
APS_GEOMETRY
 10
444.081
 20
-917.102
 40
3.417
 50
149.078
 51
169.469
  0
ARC
  8
APS_GEOMETRY
 10
447.833
 20
-917.799
 40
7.234
 50
169.469
 51
174.598
  0
ARC
  8
APS_GEOMETRY
 10
467.165
 20
-919.627
 40
26.652
 50
174.598
 51
177.269
  0
ARC
  8
APS_GEOMETRY
 10
484.164
 20
-920.438
 40
43.67
 50
177.269
 51
178.901
  0
ARC
  8
APS_GEOMETRY
 10
536.817
 20
-921.448
 40
96.333
 50
178.901
 51
180.0
  0
ARC
  8
APS_GEOMETRY
 10
643.812
 20
-921.448
 40
203.328
 50
180.0
 51
180.88
  0
ARC
  8
APS_GEOMETRY
 10
518.552
 20
-923.372
 40
78.054
 50
180.88
 51
182.3
  0
ARC
  8
APS_GEOMETRY
 10
481.939
 20
-924.843
 40
41.411
 50
182.3
 51
184.974
  0
ARC
  8
APS_GEOMETRY
 10
447.029
 20
-927.881
 40
6.369
 50
184.974
 51
191.793
  0
ARC
  8
APS_GEOMETRY
 10
442.974
 20
-928.656
 40
2.242
 50
193.57
 51
205.787
  0
ARC
  8
APS_GEOMETRY
 10
441.965
 20
-929.144
 40
1.122
 50
205.787
 51
223.091
  0
ARC
  8
APS_GEOMETRY
 10
442.221
 20
-928.904
 40
1.472
 50
223.091
 51
236.441
  0
ARC
  8
APS_GEOMETRY
 10
444.363
 20
-925.676
 40
5.346
 50
236.441
 51
243.435
  0
ARC
  8
APS_GEOMETRY
 10
441.084
 20
-932.411
 40
2.146
 50
37.185
 51
65.556
  0
ARC
  8
APS_GEOMETRY
 10
441.783
 20
-931.881
 40
1.268
 50
0.0
 51
37.185
  0
ARC
  8
APS_GEOMETRY
 10
441.745
 20
-931.881
 40
1.306
 50
312.039
 51
360.0
  0
ARC
  8
APS_GEOMETRY
 10
440.189
 20
-930.155
 40
3.629
 50
283.815
 51
312.039
  0
ARC
  8
APS_GEOMETRY
 10
437.619
 20
-919.503
 40
14.587
 50
279.273
 51
283.627
  0
ARC
  8
APS_GEOMETRY
 10
436.592
 20
-913.21
 40
20.963
 50
275.641
 51
279.273
  0
ARC
  8
APS_GEOMETRY
 10
436.199
 20
-909.233
 40
24.959
 50
272.588
 51
275.641
  0
ARC
  8
APS_GEOMETRY
 10
435.758
 20
-899.475
 40
34.728
 50
270.0
 51
272.588
  0
ARC
  8
APS_GEOMETRY
 10
435.758
 20
-913.256
 40
20.947
 50
262.774
 51
270.0
  0
ARC
  8
APS_GEOMETRY
 10
433.87
 20
-928.149
 40
5.934
 50
249.175
 51
262.774
  0
ARC
  8
APS_GEOMETRY
 10
432.683
 20
-931.268
 40
2.597
 50
221.23
 51
249.175
  0
ARC
  8
APS_GEOMETRY
 10
431.649
 20
-932.175
 40
1.221
 50
180.0
 51
221.23
  0
ARC
  8
APS_GEOMETRY
 10
431.448
 20
-932.175
 40
1.021
 50
142.696
 51
180.0
  0
ARC
  8
APS_GEOMETRY
 10
433.059
 20
-933.402
 40
3.046
 50
121.357
 51
142.696
  0
ARC
  8
APS_GEOMETRY
 10
430.337
 20
-928.945
 40
2.177
 50
301.477
 51
324.728
  0
ARC
  8
APS_GEOMETRY
 10
430.627
 20
-929.15
 40
1.822
 50
324.728
 51
350.181
  0
ARC
  8
APS_GEOMETRY
 10
421.507
 20
-927.641
 40
11.066
 50
350.538
 51
355.423
  0
ARC
  8
APS_GEOMETRY
 10
384.031
 20
-924.641
 40
48.662
 50
355.423
 51
357.752
  0
ARC
  8
APS_GEOMETRY
 10
349.234
 20
-923.275
 40
83.485
 50
357.752
 51
359.111
  0
ARC
  8
APS_GEOMETRY
 10
237.861
 20
-921.546
 40
194.872
 50
359.111
 51
0.0
  0
ARC
  8
APS_GEOMETRY
 10
365.121
 20
-921.546
 40
67.612
 50
0.0
 51
1.773
  0
ARC
  8
APS_GEOMETRY
 10
404.801
 20
-920.318
 40
27.913
 50
1.773
 51
4.532
  0
ARC
  8
APS_GEOMETRY
 10
416.862
 20
-919.362
 40
15.814
 50
4.532
 51
9.384
  0
ARC
  8
APS_GEOMETRY
 10
429.108
 20
-917.338
 40
3.402
 50
9.384
 51
19.855
  0
ARC
  8
APS_GEOMETRY
 10
430.729
 20
-916.722
 40
1.668
 50
18.853
 51
42.158
  0
ARC
  8
APS_GEOMETRY
 10
429.34
 20
-917.98
 40
3.542
 50
42.158
 51
58.092
  0
ARC
  8
APS_GEOMETRY
 10
435.454
 20
-908.531
 40
7.713
 50
230.711
 51
236.634
  0
ARC
  8
APS_GEOMETRY
 10
431.614
 20
-913.225
 40
1.648
 50
217.875
 51
230.711
  0
ARC
  8
APS_GEOMETRY
 10
431.087
 20
-913.635
 40
0.981
 50
196.928
 51
217.875
  0
ARC
  8
APS_GEOMETRY
 10
431.58
 20
-913.485
 40
1.496
 50
180.0
 51
196.928
  0
ARC
  8
APS_GEOMETRY
 10
431.258
 20
-913.485
 40
1.174
 50
148.791
 51
180.0
  0
ARC
  8
APS_GEOMETRY
 10
431.565
 20
-913.671
 40
1.533
 50
121.569
 51
148.791
  0
ARC
  8
APS_GEOMETRY
 10
432.118
 20
-914.571
 40
2.589
 50
112.806
 51
121.569
  0
ARC
  8
APS_GEOMETRY
 10
433.612
 20
-918.123
 40
6.443
 50
107.254
 51
112.806
  0
ARC
  8
APS_GEOMETRY
 10
434.526
 20
-921.069
 40
9.527
 50
103.487
 51
107.254
  0
ARC
  8
APS_GEOMETRY
 10
436.622
 20
-929.805
 40
18.511
 50
100.784
 51
103.487
  0
ARC
  8
APS_GEOMETRY
 10
437.278
 20
-932.22
 40
21.008
 50
95.643
 51
101.31
  0
ARC
  8
APS_GEOMETRY
 10
437.295
 20
-932.393
 40
21.181
 50
90.0
 51
95.643
  0
ARC
  8
APS_GEOMETRY
 10
457.63
 20
-921.729
 40
10.632
 50
77.257
 51
90.0
  0
ARC
  8
APS_GEOMETRY
 10
457.522
 20
-922.207
 40
11.122
 50
64.799
 51
77.257
  0
ARC
  8
APS_GEOMETRY
 10
466.681
 20
-902.708
 40
10.421
 50
244.885
 51
251.175
  0
ARC
  8
APS_GEOMETRY
 10
463.697
 20
-911.462
 40
1.173
 50
251.175
 51
270.0
  0
ARC
  8
APS_GEOMETRY
 10
463.697
 20
-910.731
 40
1.903
 50
270.0
 51
278.82
  0
ARC
  8
APS_GEOMETRY
 10
462.467
 20
-902.808
 40
9.922
 50
278.82
 51
282.68
  0
ARC
  8
APS_GEOMETRY
 10
465.04
 20
-914.198
 40
1.755
 50
95.906
 51
102.995
  0
ARC
  8
APS_GEOMETRY
 10
465.119
 20
-914.966
 40
2.528
 50
90.0
 51
95.906
  0
ARC
  8
APS_GEOMETRY
 10
465.119
 20
-914.116
 40
1.678
 50
62.447
 51
90.0
  0
ARC
  8
APS_GEOMETRY
 10
464.821
 20
-914.688
 40
2.323
 50
39.094
 51
62.447
  0
ARC
  8
APS_GEOMETRY
 10
461.704
 20
-917.295
 40
6.386
 50
18.435
 51
39.611
  0
ARC
  8
APS_GEOMETRY
 10
459.79
 20
-917.933
 40
8.403
 50
360.0
 51
18.435
  0
ARC
  8
APS_GEOMETRY
 10
464.027
 20
-917.933
 40
4.167
 50
334.877
 51
360.0
  0
ARC
  8
APS_GEOMETRY
 10
465.28
 20
-918.52
 40
2.783
 50
304.007
 51
334.877
  0
ARC
  8
APS_GEOMETRY
 10
465.259
 20
-918.461
 40
2.843
 50
286.39
 51
303.69
  0
ARC
  8
APS_GEOMETRY
 10
465.168
 20
-918.152
 40
3.165
 50
270.0
 51
286.39
  0
ARC
  8
APS_GEOMETRY
 10
465.168
 20
-918.189
 40
3.128
 50
255.155
 51
270.0
  0
ARC
  8
APS_GEOMETRY
 10
464.826
 20
-919.482
 40
1.791
 50
235.491
 51
255.155
  0
ARC
  8
APS_GEOMETRY
 10
464.998
 20
-919.232
 40
2.094
 50
218.48
 51
235.491
  0
ARC
  8
APS_GEOMETRY
 10
467.808
 20
-916.998
 40
5.684
 50
208.179
 51
218.48
  0
ARC
  8
APS_GEOMETRY
 10
438.996
 20
-932.637
 40
27.099
 50
28.56
 51
31.664
  0
ARC
  8
APS_GEOMETRY
 10
456.602
 20
-921.779
 40
6.414
 50
31.664
 51
38.047
  0
ARC
  8
APS_GEOMETRY
 10
457.882
 20
-920.777
 40
4.788
 50
38.047
 51
46.56
  0
ARC
  8
APS_GEOMETRY
 10
457.217
 20
-921.48
 40
5.756
 50
46.56
 51
54.324
  0
ARC
  8
APS_GEOMETRY
 10
456.832
 20
-922.141
 40
6.517
 50
54.968
 51
71.48
  0
ARC
  8
APS_GEOMETRY
 10
457.254
 20
-920.882
 40
5.19
 50
71.48
 51
90.0
  0
ARC
  8
APS_GEOMETRY
 10
457.254
 20
-919.318
 40
3.625
 50
90.0
 51
114.63
  0
ARC
  8
APS_GEOMETRY
 10
457.072
 20
-918.921
 40
3.188
 50
114.63
 51
140.921
  0
ARC
  8
APS_GEOMETRY
 10
457.61
 20
-919.357
 40
3.881
 50
140.921
 51
163.13
  0
ARC
  8
APS_GEOMETRY
 10
460.299
 20
-920.173
 40
6.691
 50
163.13
 51
180.0
  0
ARC
  8
APS_GEOMETRY
 10
463.785
 20
-920.173
 40
10.178
 50
180.0
 51
195.44
  0
ARC
  8
APS_GEOMETRY
 10
463.256
 20
-920.319
 40
9.629
 50
195.44
 51
211.316
  0
ARC
  8
APS_GEOMETRY
 10
460.712
 20
-921.814
 40
6.678
 50
211.708
 51
240.457
  0
ARC
  8
APS_GEOMETRY
 10
460.541
 20
-922.115
 40
6.332
 50
240.457
 51
270.0
  0
ARC
  8
APS_GEOMETRY
 10
460.541
 20
-920.571
 40
7.875
 50
270.0
 51
279.549
  0
ARC
  8
APS_GEOMETRY
 10
460.443
 20
-919.989
 40
8.466
 50
279.549
 51
288.759
  0
ARC
  8
APS_GEOMETRY
 10
460.855
 20
-921.205
 40
7.182
 50
288.759
 51
299.545
  0
ARC
  8
APS_GEOMETRY
 10
462.51
 20
-924.124
 40
3.826
 50
299.545
 51
314.341
  0
ARC
  8
APS_GEOMETRY
 10
467.628
 20
-929.44
 40
3.553
 50
120.141
 51
133.452
  0
ARC
  8
APS_GEOMETRY
 10
466.198
 20
-926.978
 40
0.706
 50
90.0
 51
120.141
  0
ARC
  8
APS_GEOMETRY
 10
466.198
 20
-927.387
 40
1.115
 50
61.952
 51
90.0
  0
ARC
  8
APS_GEOMETRY
 10
466.032
 20
-927.698
 40
1.468
 50
37.569
 51
61.952
  0
ARC
  8
APS_GEOMETRY
 10
465.723
 20
-927.937
 40
1.859
 50
17.665
 51
37.569
  0
ARC
  8
APS_GEOMETRY
 10
465.25
 20
-928.087
 40
2.354
 50
360.0
 51
17.665
  0
ARC
  8
APS_GEOMETRY
 10
464.064
 20
-928.087
 40
3.54
 50
344.932
 51
0.0
  0
ARC
  8
APS_GEOMETRY
 10
460.915
 20
-927.239
 40
6.801
 50
334.075
 51
344.932
  0
ARC
  8
APS_GEOMETRY
 10
460.816
 20
-927.191
 40
6.912
 50
323.374
 51
334.075
  0
ARC
  8
APS_GEOMETRY
 10
462.848
 20
-928.701
 40
4.38
 50
309.92
 51
323.374
  0
ARC
  8
APS_GEOMETRY
 10
464.879
 20
-931.097
 40
1.24
 50
289.026
 51
308.991
  0
ARC
  8
APS_GEOMETRY
 10
462.712
 20
-924.814
 40
7.886
 50
281.143
 51
289.026
  0
ARC
  8
APS_GEOMETRY
 10
464.909
 20
-936.205
 40
3.715
 50
100.437
 51
110.12
  0
ARC
  8
APS_GEOMETRY
 10
467.82
 20
-944.15
 40
12.177
 50
110.12
 51
115.463
  0
ARC
  8
APS_GEOMETRY
 10
457.429
 20
-922.41
 40
11.919
 50
282.94
 51
295.628
  0
ARC
  8
APS_GEOMETRY
 10
457.532
 20
-922.857
 40
11.46
 50
270.0
 51
282.94
  0
ARC
  8
APS_GEOMETRY
 10
457.532
 20
-922.18
 40
12.137
 50
257.307
 51
270.0
  0
ARC
  8
APS_GEOMETRY
 10
458.044
 20
-919.905
 40
14.469
 50
245.686
 51
257.307
  0
ARC
  8
APS_GEOMETRY
 10
456.759
 20
-922.725
 40
11.37
 50
228.801
 51
245.735
  0
ARC
  8
APS_GEOMETRY
 10
456.781
 20
-922.701
 40
11.402
 50
211.891
 51
228.801
  0
ARC
  8
APS_GEOMETRY
 10
457.455
 20
-922.216
 40
12.231
 50
196.728
 51
212.152
  0
ARC
  8
APS_GEOMETRY
 10
455.711
 20
-922.74
 40
10.41
 50
180.0
 51
196.728
  0
ARC
  8
APS_GEOMETRY
 10
455.964
 20
-922.74
 40
10.663
 50
161.184
 51
180.0
  0
ARC
  8
APS_GEOMETRY
 10
456.648
 20
-922.973
 40
11.386
 50
142.98
 51
161.184
  0
ARC
  8
APS_GEOMETRY
 10
457.181
 20
-923.38
 40
12.056
 50
127.824
 51
142.958
  0
ARC
  8
APS_GEOMETRY
 10
458.058
 20
-924.51
 40
13.486
 50
113.52
 51
127.824
  0
ARC
  8
APS_GEOMETRY
 10
457.772
 20
-923.85
 40
12.768
 50
101.927
 51
113.527
  0
ARC
  8
APS_GEOMETRY
 10
457.63
 20
-923.178
 40
12.08
 50
90.0
 51
101.927
  0
ARC
  8
APS_GEOMETRY
 10
479.904
 20
-931.516
 40
20.304
 50
84.71
 51
90.0
  0
ARC
  8
APS_GEOMETRY
 10
480.277
 20
-927.496
 40
16.267
 50
78.799
 51
84.71
  0
ARC
  8
APS_GEOMETRY
 10
482.685
 20
-915.324
 40
3.859
 50
49.783
 51
78.771
  0
ARC
  8
APS_GEOMETRY
 10
484.296
 20
-913.419
 40
1.365
 50
360.0
 51
49.783
  0
ARC
  8
APS_GEOMETRY
 10
484.15
 20
-913.419
 40
1.51
 50
342.759
 51
360.0
  0
ARC
  8
APS_GEOMETRY
 10
484.938
 20
-913.664
 40
0.685
 50
317.045
 51
342.759
  0
ARC
  8
APS_GEOMETRY
 10
484.558
 20
-913.31
 40
1.205
 50
301.817
 51
317.045
  0
ARC
  8
APS_GEOMETRY
 10
478.93
 20
-904.239
 40
11.88
 50
296.98
 51
301.817
  0
ARC
  8
APS_GEOMETRY
 10
484.93
 20
-916.048
 40
1.366
 50
116.565
 51
149.078
  0
ARC
  8
APS_GEOMETRY
 10
486.69
 20
-917.102
 40
3.417
 50
149.078
 51
169.469
  0
ARC
  8
APS_GEOMETRY
 10
490.442
 20
-917.799
 40
7.234
 50
169.469
 51
174.598
  0
ARC
  8
APS_GEOMETRY
 10
509.774
 20
-919.627
 40
26.652
 50
174.598
 51
177.269
  0
ARC
  8
APS_GEOMETRY
 10
526.773
 20
-920.438
 40
43.67
 50
177.269
 51
178.901
  0
ARC
  8
APS_GEOMETRY
 10
579.426
 20
-921.448
 40
96.333
 50
178.901
 51
180.0
  0
ARC
  8
APS_GEOMETRY
 10
686.421
 20
-921.448
 40
203.328
 50
180.0
 51
180.88
  0
ARC
  8
APS_GEOMETRY
 10
561.161
 20
-923.372
 40
78.054
 50
180.88
 51
182.3
  0
ARC
  8
APS_GEOMETRY
 10
524.549
 20
-924.843
 40
41.411
 50
182.3
 51
184.974
  0
ARC
  8
APS_GEOMETRY
 10
489.638
 20
-927.881
 40
6.369
 50
184.974
 51
191.793
  0
ARC
  8
APS_GEOMETRY
 10
485.583
 20
-928.656
 40
2.242
 50
193.57
 51
205.787
  0
ARC
  8
APS_GEOMETRY
 10
484.575
 20
-929.144
 40
1.122
 50
205.787
 51
223.091
  0
ARC
  8
APS_GEOMETRY
 10
484.83
 20
-928.904
 40
1.472
 50
223.091
 51
236.441
  0
ARC
  8
APS_GEOMETRY
 10
486.972
 20
-925.676
 40
5.346
 50
236.441
 51
243.435
  0
ARC
  8
APS_GEOMETRY
 10
483.693
 20
-932.411
 40
2.146
 50
37.185
 51
65.556
  0
ARC
  8
APS_GEOMETRY
 10
484.393
 20
-931.881
 40
1.268
 50
0.0
 51
37.185
  0
ARC
  8
APS_GEOMETRY
 10
484.354
 20
-931.881
 40
1.306
 50
312.039
 51
360.0
  0
ARC
  8
APS_GEOMETRY
 10
482.799
 20
-930.155
 40
3.629
 50
283.815
 51
312.039
  0
ARC
  8
APS_GEOMETRY
 10
480.229
 20
-919.503
 40
14.587
 50
279.273
 51
283.627
  0
ARC
  8
APS_GEOMETRY
 10
479.201
 20
-913.21
 40
20.963
 50
275.641
 51
279.273
  0
ARC
  8
APS_GEOMETRY
 10
478.808
 20
-909.233
 40
24.959
 50
272.588
 51
275.641
  0
ARC
  8
APS_GEOMETRY
 10
478.367
 20
-899.475
 40
34.728
 50
270.0
 51
272.588
  0
ARC
  8
APS_GEOMETRY
 10
478.367
 20
-913.256
 40
20.947
 50
262.774
 51
270.0
  0
ARC
  8
APS_GEOMETRY
 10
476.479
 20
-928.149
 40
5.934
 50
249.175
 51
262.774
  0
ARC
  8
APS_GEOMETRY
 10
475.293
 20
-931.268
 40
2.597
 50
221.23
 51
249.175
  0
ARC
  8
APS_GEOMETRY
 10
474.258
 20
-932.175
 40
1.221
 50
180.0
 51
221.23
  0
ARC
  8
APS_GEOMETRY
 10
474.057
 20
-932.175
 40
1.021
 50
142.696
 51
180.0
  0
ARC
  8
APS_GEOMETRY
 10
475.668
 20
-933.402
 40
3.046
 50
121.357
 51
142.696
  0
ARC
  8
APS_GEOMETRY
 10
472.946
 20
-928.945
 40
2.177
 50
301.477
 51
324.728
  0
ARC
  8
APS_GEOMETRY
 10
473.237
 20
-929.15
 40
1.822
 50
324.728
 51
350.181
  0
ARC
  8
APS_GEOMETRY
 10
464.116
 20
-927.641
 40
11.066
 50
350.538
 51
355.423
  0
ARC
  8
APS_GEOMETRY
 10
426.64
 20
-924.641
 40
48.662
 50
355.423
 51
357.752
  0
ARC
  8
APS_GEOMETRY
 10
391.843
 20
-923.275
 40
83.485
 50
357.752
 51
359.111
  0
ARC
  8
APS_GEOMETRY
 10
280.47
 20
-921.546
 40
194.872
 50
359.111
 51
0.0
  0
ARC
  8
APS_GEOMETRY
 10
407.731
 20
-921.546
 40
67.612
 50
0.0
 51
1.773
  0
ARC
  8
APS_GEOMETRY
 10
447.411
 20
-920.318
 40
27.913
 50
1.773
 51
4.532
  0
ARC
  8
APS_GEOMETRY
 10
459.471
 20
-919.362
 40
15.814
 50
4.532
 51
9.384
  0
ARC
  8
APS_GEOMETRY
 10
471.718
 20
-917.338
 40
3.402
 50
9.384
 51
19.855
  0
ARC
  8
APS_GEOMETRY
 10
473.339
 20
-916.722
 40
1.668
 50
18.853
 51
42.158
  0
ARC
  8
APS_GEOMETRY
 10
471.949
 20
-917.98
 40
3.542
 50
42.158
 51
58.092
  0
ARC
  8
APS_GEOMETRY
 10
478.064
 20
-908.531
 40
7.713
 50
230.711
 51
236.634
  0
ARC
  8
APS_GEOMETRY
 10
474.223
 20
-913.225
 40
1.648
 50
217.875
 51
230.711
  0
ARC
  8
APS_GEOMETRY
 10
473.696
 20
-913.635
 40
0.981
 50
196.928
 51
217.875
  0
ARC
  8
APS_GEOMETRY
 10
474.189
 20
-913.485
 40
1.496
 50
180.0
 51
196.928
  0
ARC
  8
APS_GEOMETRY
 10
473.867
 20
-913.485
 40
1.174
 50
148.791
 51
180.0
  0
ARC
  8
APS_GEOMETRY
 10
474.175
 20
-913.671
 40
1.533
 50
121.569
 51
148.791
  0
ARC
  8
APS_GEOMETRY
 10
474.727
 20
-914.571
 40
2.589
 50
112.806
 51
121.569
  0
ARC
  8
APS_GEOMETRY
 10
476.221
 20
-918.123
 40
6.443
 50
107.254
 51
112.806
  0
ARC
  8
APS_GEOMETRY
 10
477.136
 20
-921.069
 40
9.527
 50
103.487
 51
107.254
  0
ARC
  8
APS_GEOMETRY
 10
479.231
 20
-929.805
 40
18.511
 50
100.784
 51
103.487
  0
ARC
  8
APS_GEOMETRY
 10
479.887
 20
-932.22
 40
21.008
 50
95.643
 51
101.31
  0
ARC
  8
APS_GEOMETRY
 10
479.904
 20
-932.393
 40
21.181
 50
90.0
 51
95.643
  0
LINE
  8
APS_GEOMETRY
 10
514.479
 11
514.479
 20
-926.174
 21
-917.573
  0
ARC
  8
APS_GEOMETRY
 10
494.618
 20
-917.573
 40
19.861
 50
0.0
 51
2.404
  0
ARC
  8
APS_GEOMETRY
 10
506.376
 20
-917.079
 40
8.092
 50
2.404
 51
6.17
  0
ARC
  8
APS_GEOMETRY
 10
509.901
 20
-916.698
 40
4.547
 50
6.17
 51
12.824
  0
ARC
  8
APS_GEOMETRY
 10
513.351
 20
-915.913
 40
1.009
 50
12.824
 51
26.98
  0
ARC
  8
APS_GEOMETRY
 10
513.512
 20
-915.831
 40
0.828
 50
26.98
 51
59.65
  0
ARC
  8
APS_GEOMETRY
 10
511.993
 20
-918.425
 40
3.834
 50
59.65
 51
74.667
  0
ARC
  8
APS_GEOMETRY
 10
513.744
 20
-912.176
 40
2.656
 50
225.0
 51
253.887
  0
ARC
  8
APS_GEOMETRY
 10
512.664
 20
-913.256
 40
1.128
 50
180.0
 51
225.0
  0
ARC
  8
APS_GEOMETRY
 10
512.871
 20
-913.256
 40
1.336
 50
151.157
 51
180.0
  0
ARC
  8
APS_GEOMETRY
 10
512.868
 20
-913.254
 40
1.332
 50
122.276
 51
151.157
  0
ARC
  8
APS_GEOMETRY
 10
513.25
 20
-913.859
 40
2.048
 50
102.308
 51
122.276
  0
ARC
  8
APS_GEOMETRY
 10
513.955
 20
-917.091
 40
5.356
 50
90.0
 51
102.308
  0
ARC
  8
APS_GEOMETRY
 10
513.955
 20
-923.318
 40
11.583
 50
88.989
 51
90.0
  0
ARC
  8
APS_GEOMETRY
 10
512.982
 20
-978.491
 40
66.764
 50
88.568
 51
88.989
  0
ARC
  8
APS_GEOMETRY
 10
511.607
 20
-1033.493
 40
121.783
 50
88.337
 51
88.568
  0
ARC
  8
APS_GEOMETRY
 10
506.277
 20
-1217.051
 40
305.419
 50
88.191
 51
88.337
  0
LINE
  8
APS_GEOMETRY
 10
515.917
 11
516.882
 20
-911.784
 21
-911.784
  0
ARC
  8
APS_GEOMETRY
 10
513.641
 20
-373.81
 40
537.985
 50
270.345
 51
270.49
  0
ARC
  8
APS_GEOMETRY
 10
516.661
 20
-727.115
 40
184.666
 50
270.49
 51
270.736
  0
ARC
  8
APS_GEOMETRY
 10
517.901
 20
-823.551
 40
88.223
 50
270.736
 51
271.253
  0
ARC
  8
APS_GEOMETRY
 10
519.663
 20
-904.159
 40
7.595
 50
271.253
 51
273.013
  0
ARC
  8
APS_GEOMETRY
 10
519.59
 20
-902.765
 40
8.991
 50
273.013
 51
274.5
  0
ARC
  8
APS_GEOMETRY
 10
511.262
 20
-796.938
 40
115.145
 50
274.5
 51
274.915
  0
LINE
  8
APS_GEOMETRY
 10
521.128
 11
522.109
 20
-911.66
 21
-911.573
  0
LINE
  8
APS_GEOMETRY
 10
522.109
 11
523.39
 20
-911.573
 21
-911.457
  0
ARC
  8
APS_GEOMETRY
 10
525.497
 20
-931.819
 40
20.471
 50
93.24
 51
95.906
  0
ARC
  8
APS_GEOMETRY
 10
525.124
 20
-925.227
 40
13.868
 50
90.0
 51
93.24
  0
ARC
  8
APS_GEOMETRY
 10
525.124
 20
-923.136
 40
11.777
 50
77.12
 51
90.0
  0
ARC
  8
APS_GEOMETRY
 10
525.744
 20
-920.422
 40
8.993
 50
62.371
 51
77.12
  0
ARC
  8
APS_GEOMETRY
 10
526.794
 20
-918.453
 40
6.761
 50
31.215
 51
62.517
  0
ARC
  8
APS_GEOMETRY
 10
526.763
 20
-918.472
 40
6.798
 50
360.0
 51
31.215
  0
ARC
  8
APS_GEOMETRY
 10
526.58
 20
-918.472
 40
6.981
 50
334.496
 51
360.0
  0
ARC
  8
APS_GEOMETRY
 10
526.923
 20
-918.636
 40
6.601
 50
308.254
 51
334.496
  0
ARC
  8
APS_GEOMETRY
 10
525.874
 20
-917.253
 40
8.337
 50
287.855
 51
308.034
  0
ARC
  8
APS_GEOMETRY
 10
525.173
 20
-915.076
 40
10.623
 50
270.0
 51
287.855
  0
ARC
  8
APS_GEOMETRY
 10
525.173
 20
-909.601
 40
16.098
 50
266.918
 51
270.0
  0
ARC
  8
APS_GEOMETRY
 10
526.15
 20
-891.453
 40
34.273
 50
264.806
 51
266.918
  0
ARC
  8
APS_GEOMETRY
 10
519.614
 20
-972.507
 40
47.047
 50
85.815
 51
86.634
  0
ARC
  8
APS_GEOMETRY
 10
522.213
 20
-928.318
 40
2.782
 50
86.634
 51
90.0
  0
ARC
  8
APS_GEOMETRY
 10
522.213
 20
-925.947
 40
0.41
 50
90.0
 51
139.686
  0
ARC
  8
APS_GEOMETRY
 10
522.365
 20
-926.076
 40
0.61
 50
139.686
 51
180.0
  0
LINE
  8
APS_GEOMETRY
 10
521.755
 11
521.755
 20
-926.076
 21
-926.174
  0
LINE
  8
APS_GEOMETRY
 10
521.755
 11
521.87
 20
-926.174
 21
-928.856
  0
ARC
  8
APS_GEOMETRY
 10
525.745
 20
-928.694
 40
3.879
 50
182.386
 51
193.753
  0
ARC
  8
APS_GEOMETRY
 10
523.246
 20
-929.306
 40
1.306
 50
193.753
 51
213.408
  0
ARC
  8
APS_GEOMETRY
 10
523.274
 20
-929.287
 40
1.339
 50
213.408
 51
232.628
  0
ARC
  8
APS_GEOMETRY
 10
525.529
 20
-926.334
 40
5.055
 50
232.628
 51
242.488
  0
ARC
  8
APS_GEOMETRY
 10
521.768
 20
-933.467
 40
3.009
 50
40.539
 51
61.699
  0
ARC
  8
APS_GEOMETRY
 10
523.412
 20
-932.06
 40
0.845
 50
360.0
 51
40.539
  0
ARC
  8
APS_GEOMETRY
 10
523.122
 20
-932.06
 40
1.135
 50
315.297
 51
360.0
  0
ARC
  8
APS_GEOMETRY
 10
521.587
 20
-930.542
 40
3.294
 50
289.502
 51
315.297
  0
ARC
  8
APS_GEOMETRY
 10
520.463
 20
-927.366
 40
6.663
 50
282.372
 51
289.502
  0
ARC
  8
APS_GEOMETRY
 10
519.281
 20
-921.98
 40
12.176
 50
277.099
 51
282.372
  0
ARC
  8
APS_GEOMETRY
 10
518.796
 20
-918.081
 40
16.106
 50
273.104
 51
277.099
  0
ARC
  8
APS_GEOMETRY
 10
518.223
 20
-907.521
 40
26.681
 50
270.0
 51
273.104
  0
ARC
  8
APS_GEOMETRY
 10
518.223
 20
-907.841
 40
26.361
 50
263.473
 51
270.0
  0
ARC
  8
APS_GEOMETRY
 10
516.057
 20
-926.775
 40
7.304
 50
251.056
 51
263.473
  0
ARC
  8
APS_GEOMETRY
 10
514.666
 20
-930.827
 40
3.02
 50
224.161
 51
251.056
  0
ARC
  8
APS_GEOMETRY
 10
513.329
 20
-932.126
 40
1.156
 50
180.0
 51
224.161
  0
ARC
  8
APS_GEOMETRY
 10
513.568
 20
-932.126
 40
1.396
 50
160.821
 51
180.0
  0
ARC
  8
APS_GEOMETRY
 10
512.983
 20
-931.922
 40
0.776
 50
135.0
 51
160.821
  0
ARC
  8
APS_GEOMETRY
 10
513.536
 20
-932.476
 40
1.558
 50
121.522
 51
135.0
  0
ARC
  8
APS_GEOMETRY
 10
519.779
 20
-942.654
 40
13.498
 50
116.952
 51
121.522
  0
ARC
  8
APS_GEOMETRY
 10
512.962
 20
-929.298
 40
1.496
 50
297.824
 51
321.605
  0
ARC
  8
APS_GEOMETRY
 10
513.307
 20
-929.571
 40
1.057
 50
321.605
 51
349.992
  0
ARC
  8
APS_GEOMETRY
 10
511.708
 20
-929.289
 40
2.681
 50
349.992
 51
356.014
  0
ARC
  8
APS_GEOMETRY
 10
487.376
 20
-927.593
 40
27.071
 50
356.014
 51
357.908
  0
ARC
  8
APS_GEOMETRY
 10
458.974
 20
-926.556
 40
55.492
 50
357.908
 51
358.833
  0
ARC
  8
APS_GEOMETRY
 10
356.276
 20
-924.464
 40
158.212
 50
358.833
 51
359.381
  0
LINE
  8
APS_GEOMETRY
 10
521.87
 11
521.87
 20
-915.496
 21
-921.056
  0
ARC
  8
APS_GEOMETRY
 10
523.557
 20
-921.056
 40
1.687
 50
180.0
 51
199.885
  0
ARC
  8
APS_GEOMETRY
 10
522.294
 20
-921.512
 40
0.345
 50
199.885
 51
244.799
  0
ARC
  8
APS_GEOMETRY
 10
523.02
 20
-920.017
 40
2.007
 50
244.231
 51
258.996
  0
ARC
  8
APS_GEOMETRY
 10
523.325
 20
-918.449
 40
3.604
 50
258.996
 51
270.0
  0
ARC
  8
APS_GEOMETRY
 10
523.325
 20
-918.828
 40
3.225
 50
270.0
 51
288.435
  0
ARC
  8
APS_GEOMETRY
 10
523.556
 20
-919.522
 40
2.494
 50
288.435
 51
309.428
  0
ARC
  8
APS_GEOMETRY
 10
523.64
 20
-919.609
 40
2.373
 50
309.193
 51
339.939
  0
ARC
  8
APS_GEOMETRY
 10
520.706
 20
-918.538
 40
5.497
 50
339.939
 51
0.0
  0
ARC
  8
APS_GEOMETRY
 10
521.029
 20
-918.538
 40
5.174
 50
360.0
 51
22.011
  0
ARC
  8
APS_GEOMETRY
 10
523.321
 20
-917.611
 40
2.701
 50
22.011
 51
52.651
  0
ARC
  8
APS_GEOMETRY
 10
523.286
 20
-917.635
 40
2.742
 50
52.374
 51
72.309
  0
ARC
  8
APS_GEOMETRY
 10
523.063
 20
-918.333
 40
3.475
 50
72.309
 51
90.0
  0
ARC
  8
APS_GEOMETRY
 10
523.063
 20
-916.884
 40
2.026
 50
90.0
 51
118.113
  0
ARC
  8
APS_GEOMETRY
 10
522.322
 20
-915.496
 40
0.452
 50
118.113
 51
180.0
  0
ARC
  8
APS_GEOMETRY
 10
548.238
 20
-923.988
 40
12.891
 50
71.91
 51
90.0
  0
ARC
  8
APS_GEOMETRY
 10
548.738
 20
-922.46
 40
11.283
 50
52.561
 51
71.91
  0
ARC
  8
APS_GEOMETRY
 10
548.607
 20
-922.498
 40
11.393
 50
38.846
 51
52.156
  0
ARC
  8
APS_GEOMETRY
 10
546.821
 20
-923.936
 40
13.686
 50
26.707
 51
38.846
  0
ARC
  8
APS_GEOMETRY
 10
547.174
 20
-923.647
 40
13.241
 50
13.868
 51
26.278
  0
ARC
  8
APS_GEOMETRY
 10
549.724
 20
-923.018
 40
10.614
 50
360.0
 51
13.868
  0
ARC
  8
APS_GEOMETRY
 10
549.889
 20
-923.018
 40
10.449
 50
339.712
 51
360.0
  0
ARC
  8
APS_GEOMETRY
 10
549.301
 20
-922.8
 40
11.076
 50
320.013
 51
339.712
  0
ARC
  8
APS_GEOMETRY
 10
549.203
 20
-922.747
 40
11.186
 50
303.344
 51
320.123
  0
ARC
  8
APS_GEOMETRY
 10
548.056
 20
-921.002
 40
13.274
 50
287.949
 51
303.344
  0
ARC
  8
APS_GEOMETRY
 10
547.679
 20
-919.695
 40
14.634
 50
279.039
 51
287.776
  0
ARC
  8
APS_GEOMETRY
 10
547.83
 20
-920.644
 40
13.673
 50
270.0
 51
279.039
  0
ARC
  8
APS_GEOMETRY
 10
547.83
 20
-921.312
 40
13.005
 50
257.728
 51
270.0
  0
ARC
  8
APS_GEOMETRY
 10
547.85
 20
-921.218
 40
13.102
 50
245.501
 51
257.728
  0
ARC
  8
APS_GEOMETRY
 10
547.114
 20
-922.829
 40
11.33
 50
228.665
 51
245.511
  0
ARC
  8
APS_GEOMETRY
 10
546.869
 20
-923.107
 40
10.959
 50
211.535
 51
228.665
  0
ARC
  8
APS_GEOMETRY
 10
547.19
 20
-922.872
 40
11.356
 50
195.642
 51
211.701
  0
ARC
  8
APS_GEOMETRY
 10
547.777
 20
-922.707
 40
11.966
 50
180.0
 51
195.642
  0
ARC
  8
APS_GEOMETRY
 10
547.902
 20
-922.707
 40
12.091
 50
162.181
 51
180.0
  0
ARC
  8
APS_GEOMETRY
 10
546.799
 20
-922.353
 40
10.933
 50
143.434
 51
162.181
  0
ARC
  8
APS_GEOMETRY
 10
546.651
 20
-922.234
 40
10.742
 50
126.384
 51
143.471
  0
ARC
  8
APS_GEOMETRY
 10
547.668
 20
-923.614
 40
12.457
 50
110.525
 51
126.384
  0
ARC
  8
APS_GEOMETRY
 10
547.617
 20
-923.239
 40
12.089
 50
99.77
 51
110.925
  0
ARC
  8
APS_GEOMETRY
 10
548.238
 20
-926.845
 40
15.748
 50
90.0
 51
99.77
  0
ARC
  8
APS_GEOMETRY
 10
546.685
 20
-918.194
 40
2.404
 50
90.0
 51
119.604
  0
ARC
  8
APS_GEOMETRY
 10
546.895
 20
-918.565
 40
2.83
 50
119.604
 51
146.842
  0
ARC
  8
APS_GEOMETRY
 10
547.319
 20
-918.911
 40
3.374
 50
145.84
 51
164.055
  0
ARC
  8
APS_GEOMETRY
 10
548.299
 20
-919.192
 40
4.394
 50
164.055
 51
180.0
  0
ARC
  8
APS_GEOMETRY
 10
554.431
 20
-919.192
 40
10.526
 50
180.0
 51
189.977
  0
ARC
  8
APS_GEOMETRY
 10
563.757
 20
-917.551
 40
19.995
 50
189.977
 51
197.211
  0
ARC
  8
APS_GEOMETRY
 10
565.797
 20
-916.919
 40
22.131
 50
197.211
 51
203.76
  0
ARC
  8
APS_GEOMETRY
 10
560.716
 20
-919.156
 40
16.579
 50
203.76
 51
211.329
  0
ARC
  8
APS_GEOMETRY
 10
550.282
 20
-925.418
 40
4.411
 50
212.32
 51
224.441
  0
ARC
  8
APS_GEOMETRY
 10
549.854
 20
-925.838
 40
3.812
 50
224.441
 51
237.484
  0
ARC
  8
APS_GEOMETRY
 10
549.577
 20
-926.271
 40
3.298
 50
237.484
 51
252.416
  0
ARC
  8
APS_GEOMETRY
 10
549.301
 20
-927.143
 40
2.383
 50
252.416
 51
270.0
  0
ARC
  8
APS_GEOMETRY
 10
549.301
 20
-926.86
 40
2.666
 50
270.0
 51
294.953
  0
ARC
  8
APS_GEOMETRY
 10
549.376
 20
-927.021
 40
2.489
 50
294.953
 51
320.793
  0
ARC
  8
APS_GEOMETRY
 10
548.976
 20
-926.694
 40
3.005
 50
320.793
 51
342.777
  0
ARC
  8
APS_GEOMETRY
 10
547.192
 20
-926.141
 40
4.873
 50
342.777
 51
0.0
  0
ARC
  8
APS_GEOMETRY
 10
538.811
 20
-926.141
 40
13.254
 50
0.0
 51
8.499
  0
ARC
  8
APS_GEOMETRY
 10
532.977
 20
-927.013
 40
19.152
 50
8.499
 51
15.566
  0
ARC
  8
APS_GEOMETRY
 10
533.679
 20
-926.817
 40
18.424
 50
15.566
 51
22.909
  0
ARC
  8
APS_GEOMETRY
 10
539.711
 20
-924.268
 40
11.876
 50
22.909
 51
32.057
  0
ARC
  8
APS_GEOMETRY
 10
544.449
 20
-921.284
 40
6.276
 50
31.921
 51
42.51
  0
ARC
  8
APS_GEOMETRY
 10
545.75
 20
-920.091
 40
4.511
 50
42.51
 51
55.008
  0
ARC
  8
APS_GEOMETRY
 10
546.189
 20
-919.463
 40
3.745
 50
55.008
 51
69.88
  0
ARC
  8
APS_GEOMETRY
 10
546.583
 20
-918.388
 40
2.599
 50
69.88
 51
87.754
  0
ARC
  8
APS_GEOMETRY
 10
573.495
 20
-925.699
 40
1.21
 50
90.0
 51
115.837
  0
ARC
  8
APS_GEOMETRY
 10
573.197
 20
-925.084
 40
0.526
 50
115.837
 51
155.462
  0
ARC
  8
APS_GEOMETRY
 10
573.545
 20
-925.243
 40
0.909
 50
155.462
 51
168.366
  0
ARC
  8
APS_GEOMETRY
 10
576.718
 20
-925.896
 40
4.148
 50
168.366
 51
174.395
  0
ARC
  8
APS_GEOMETRY
 10
579.916
 20
-926.21
 40
7.361
 50
174.395
 51
177.813
  0
ARC
  8
APS_GEOMETRY
 10
590.53
 20
-926.615
 40
17.983
 50
177.813
 51
180.0
  0
ARC
  8
APS_GEOMETRY
 10
598.214
 20
-926.615
 40
25.667
 50
180.0
 51
184.62
  0
ARC
  8
APS_GEOMETRY
 10
581.004
 20
-928.006
 40
8.401
 50
184.62
 51
192.7
  0
ARC
  8
APS_GEOMETRY
 10
574.369
 20
-929.463
 40
1.609
 50
194.036
 51
205.821
  0
ARC
  8
APS_GEOMETRY
 10
573.667
 20
-929.803
 40
0.828
 50
205.821
 51
222.274
  0
ARC
  8
APS_GEOMETRY
 10
573.882
 20
-929.607
 40
1.119
 50
222.274
 51
234.605
  0
ARC
  8
APS_GEOMETRY
 10
576.312
 20
-926.187
 40
5.315
 50
234.605
 51
240.255
  0
ARC
  8
APS_GEOMETRY
 10
572.618
 20
-932.724
 40
2.194
 50
34.592
 51
61.189
  0
ARC
  8
APS_GEOMETRY
 10
573.343
 20
-932.224
 40
1.313
 50
360.0
 51
34.592
  0
ARC
  8
APS_GEOMETRY
 10
573.387
 20
-932.224
 40
1.27
 50
318.231
 51
360.0
  0
ARC
  8
APS_GEOMETRY
 10
572.538
 20
-931.466
 40
2.408
 50
288.227
 51
318.231
  0
ARC
  8
APS_GEOMETRY
 10
571.657
 20
-928.792
 40
5.223
 50
280.377
 51
288.227
  0
ARC
  8
APS_GEOMETRY
 10
570.122
 20
-920.41
 40
13.744
 50
275.541
 51
280.377
  0
ARC
  8
APS_GEOMETRY
 10
569.461
 20
-913.591
 40
20.595
 50
272.304
 51
275.541
  0
ARC
  8
APS_GEOMETRY
 10
568.655
 20
-893.573
 40
40.629
 50
270.0
 51
272.304
  0
ARC
  8
APS_GEOMETRY
 10
568.655
 20
-910.303
 40
23.9
 50
262.811
 51
270.0
  0
ARC
  8
APS_GEOMETRY
 10
566.511
 20
-927.306
 40
6.762
 50
249.274
 51
262.811
  0
ARC
  8
APS_GEOMETRY
 10
565.162
 20
-930.871
 40
2.95
 50
221.379
 51
249.274
  0
ARC
  8
APS_GEOMETRY
 10
563.978
 20
-931.913
 40
1.373
 50
180.0
 51
221.379
  0
ARC
  8
APS_GEOMETRY
 10
563.969
 20
-931.913
 40
1.364
 50
164.055
 51
180.0
  0
ARC
  8
APS_GEOMETRY
 10
563.401
 20
-931.751
 40
0.773
 50
142.815
 51
164.055
  0
ARC
  8
APS_GEOMETRY
 10
563.758
 20
-932.022
 40
1.222
 50
129.007
 51
142.815
  0
ARC
  8
APS_GEOMETRY
 10
568.154
 20
-937.449
 40
8.206
 50
123.69
 51
129.007
  0
ARC
  8
APS_GEOMETRY
 10
561.916
 20
-928.063
 40
3.064
 50
303.389
 51
319.022
  0
ARC
  8
APS_GEOMETRY
 10
562.745
 20
-928.783
 40
1.966
 50
319.022
 51
338.575
  0
ARC
  8
APS_GEOMETRY
 10
561.636
 20
-928.348
 40
3.158
 50
338.575
 51
351.049
  0
ARC
  8
APS_GEOMETRY
 10
548.233
 20
-926.237
 40
16.726
 50
351.049
 51
356.46
  0
ARC
  8
APS_GEOMETRY
 10
552.651
 20
-926.405
 40
12.307
 50
355.972
 51
358.68
  0
ARC
  8
APS_GEOMETRY
 10
407.555
 20
-923.062
 40
157.441
 50
358.68
 51
359.437
  0
LINE
  8
APS_GEOMETRY
 10
564.988
 11
565.004
 20
-924.608
 21
-922.152
  0
LINE
  8
APS_GEOMETRY
 10
565.004
 11
565.009
 20
-922.152
 21
-918.946
  0
ARC
  8
APS_GEOMETRY
 10
527.104
 20
-918.946
 40
37.905
 50
360.0
 51
1.717
  0
ARC
  8
APS_GEOMETRY
 10
547.388
 20
-918.338
 40
17.611
 50
1.717
 51
4.236
  0
ARC
  8
APS_GEOMETRY
 10
554.003
 20
-917.848
 40
10.979
 50
4.236
 51
8.269
  0
ARC
  8
APS_GEOMETRY
 10
561.615
 20
-916.742
 40
3.287
 50
8.269
 51
15.642
  0
ARC
  8
APS_GEOMETRY
 10
562.925
 20
-916.375
 40
1.926
 50
15.642
 51
39.417
  0
ARC
  8
APS_GEOMETRY
 10
562.954
 20
-916.351
 40
1.888
 50
39.417
 51
63.435
  0
ARC
  8
APS_GEOMETRY
 10
566.355
 20
-909.306
 40
5.935
 50
236.874
 51
244.486
  0
ARC
  8
APS_GEOMETRY
 10
563.825
 20
-913.183
 40
1.306
 50
220.601
 51
236.874
  0
ARC
  8
APS_GEOMETRY
 10
563.535
 20
-913.432
 40
0.923
 50
198.246
 51
220.601
  0
ARC
  8
APS_GEOMETRY
 10
563.969
 20
-913.289
 40
1.38
 50
180.0
 51
198.246
  0
ARC
  8
APS_GEOMETRY
 10
563.962
 20
-913.289
 40
1.374
 50
156.161
 51
180.0
  0
ARC
  8
APS_GEOMETRY
 10
564.154
 20
-913.373
 40
1.583
 50
133.977
 51
156.161
  0
ARC
  8
APS_GEOMETRY
 10
564.536
 20
-913.769
 40
2.133
 50
116.996
 51
133.977
  0
ARC
  8
APS_GEOMETRY
 10
565.294
 20
-915.258
 40
3.804
 50
104.3
 51
116.996
  0
ARC
  8
APS_GEOMETRY
 10
565.49
 20
-916.011
 40
4.582
 50
95.326
 51
104.349
  0
ARC
  8
APS_GEOMETRY
 10
566.284
 20
-924.528
 40
13.136
 50
90.0
 51
95.326
  0
ARC
  8
APS_GEOMETRY
 10
566.284
 20
-917.898
 40
6.506
 50
87.553
 51
90.0
  0
ARC
  8
APS_GEOMETRY
 10
564.9
 20
-950.292
 40
38.93
 50
86.553
 51
87.553
  0
ARC
  8
APS_GEOMETRY
 10
562.932
 20
-982.965
 40
71.662
 50
86.009
 51
86.553
  0
ARC
  8
APS_GEOMETRY
 10
555.278
 20
-1092.672
 40
181.636
 50
85.668
 51
86.009
  0
ARC
  8
APS_GEOMETRY
 10
569.602
 20
-904.017
 40
7.563
 50
265.426
 51
268.531
  0
ARC
  8
APS_GEOMETRY
 10
570.274
 20
-877.795
 40
33.793
 50
268.531
 51
270.0
  0
ARC
  8
APS_GEOMETRY
 10
570.274
 20
-885.833
 40
25.755
 50
270.0
 51
271.637
  0
ARC
  8
APS_GEOMETRY
 10
569.698
 20
-865.69
 40
45.906
 50
271.637
 51
272.862
  0
ARC
  8
APS_GEOMETRY
 10
569.038
 20
-852.476
 40
59.137
 50
272.862
 51
273.814
  0
ARC
  8
APS_GEOMETRY
 10
566.801
 20
-818.924
 40
92.764
 50
273.814
 51
274.574
  0
ARC
  8
APS_GEOMETRY
 10
580.832
 20
-1001.419
 40
90.271
 50
93.72
 51
94.214
  0
ARC
  8
APS_GEOMETRY
 10
577.837
 20
-955.36
 40
44.115
 50
93.013
 51
93.72
  0
ARC
  8
APS_GEOMETRY
 10
577.016
 20
-939.762
 40
28.496
 50
91.918
 51
93.013
  0
ARC
  8
APS_GEOMETRY
 10
576.373
 20
-920.555
 40
9.277
 50
90.0
 51
91.918
  0
ARC
  8
APS_GEOMETRY
 10
576.373
 20
-923.332
 40
12.054
 50
73.82
 51
90.0
  0
ARC
  8
APS_GEOMETRY
 10
577.561
 20
-919.237
 40
7.791
 50
53.658
 51
73.82
  0
ARC
  8
APS_GEOMETRY
 10
579.251
 20
-916.927
 40
4.929
 50
26.03
 51
53.569
  0
ARC
  8
APS_GEOMETRY
 10
578.733
 20
-917.18
 40
5.506
 50
360.0
 51
26.03
  0
ARC
  8
APS_GEOMETRY
 10
578.517
 20
-917.18
 40
5.722
 50
345.282
 51
360.0
  0
ARC
  8
APS_GEOMETRY
 10
579.067
 20
-917.325
 40
5.152
 50
329.767
 51
345.282
  0
ARC
  8
APS_GEOMETRY
 10
579.379
 20
-917.507
 40
4.792
 50
313.168
 51
329.767
  0
ARC
  8
APS_GEOMETRY
 10
579.495
 20
-917.63
 40
4.623
 50
296.267
 51
313.168
  0
ARC
  8
APS_GEOMETRY
 10
582.126
 20
-922.947
 40
1.31
 50
116.565
 51
139.899
  0
ARC
  8
APS_GEOMETRY
 10
581.473
 20
-922.397
 40
0.456
 50
139.899
 51
180.0
  0
ARC
  8
APS_GEOMETRY
 10
581.523
 20
-922.397
 40
0.506
 50
180.0
 51
226.193
  0
ARC
  8
APS_GEOMETRY
 10
582.459
 20
-921.421
 40
1.858
 50
226.193
 51
249.829
  0
ARC
  8
APS_GEOMETRY
 10
579.778
 20
-928.802
 40
5.995
 50
53.249
 51
70.105
  0
ARC
  8
APS_GEOMETRY
 10
580.996
 20
-927.171
 40
3.96
 50
32.471
 51
53.249
  0
ARC
  8
APS_GEOMETRY
 10
580.428
 20
-927.532
 40
4.632
 50
23.305
 51
32.471
  0
ARC
  8
APS_GEOMETRY
 10
576.923
 20
-929.042
 40
8.449
 50
16.521
 51
23.305
  0
ARC
  8
APS_GEOMETRY
 10
574.191
 20
-929.853
 40
11.299
 50
11.429
 51
16.521
  0
ARC
  8
APS_GEOMETRY
 10
566.446
 20
-931.419
 40
19.201
 50
7.524
 51
11.429
  0
ARC
  8
APS_GEOMETRY
 10
592.11
 20
-928.001
 40
6.69
 50
187.765
 51
196.914
  0
ARC
  8
APS_GEOMETRY
 10
586.638
 20
-929.665
 40
0.971
 50
196.914
 51
221.082
  0
ARC
  8
APS_GEOMETRY
 10
586.659
 20
-929.646
 40
0.999
 50
221.082
 51
244.607
  0
ARC
  8
APS_GEOMETRY
 10
588.996
 20
-924.724
 40
6.448
 50
244.607
 51
253.811
  0
ARC
  8
APS_GEOMETRY
 10
586.941
 20
-931.729
 40
0.852
 50
51.45
 51
72.474
  0
ARC
  8
APS_GEOMETRY
 10
586.73
 20
-931.993
 40
1.191
 50
33.69
 51
51.45
  0
ARC
  8
APS_GEOMETRY
 10
586.681
 20
-932.026
 40
1.25
 50
16.639
 51
33.69
  0
ARC
  8
APS_GEOMETRY
 10
586.621
 20
-932.044
 40
1.312
 50
360.0
 51
16.639
  0
ARC
  8
APS_GEOMETRY
 10
586.603
 20
-932.044
 40
1.331
 50
338.993
 51
360.0
  0
ARC
  8
APS_GEOMETRY
 10
585.791
 20
-931.732
 40
2.201
 50
322.696
 51
338.993
  0
ARC
  8
APS_GEOMETRY
 10
585.488
 20
-931.501
 40
2.582
 50
308.603
 51
322.696
  0
ARC
  8
APS_GEOMETRY
 10
585.279
 20
-931.24
 40
2.916
 50
295.346
 51
308.603
  0
ARC
  8
APS_GEOMETRY
 10
584.184
 20
-928.827
 40
5.566
 50
279.583
 51
294.905
  0
ARC
  8
APS_GEOMETRY
 10
582.75
 20
-920.337
 40
14.176
 50
270.0
 51
279.583
  0
ARC
  8
APS_GEOMETRY
 10
582.75
 20
-924.177
 40
10.336
 50
261.247
 51
270.0
  0
ARC
  8
APS_GEOMETRY
 10
582.088
 20
-928.478
 40
5.985
 50
249.737
 51
261.247
  0
ARC
  8
APS_GEOMETRY
 10
581.653
 20
-929.656
 40
4.728
 50
235.345
 51
249.737
  0
ARC
  8
APS_GEOMETRY
 10
581.103
 20
-930.451
 40
3.762
 50
219.198
 51
235.345
  0
ARC
  8
APS_GEOMETRY
 10
582.26
 20
-929.465
 40
5.281
 50
209.076
 51
219.56
  0
ARC
  8
APS_GEOMETRY
 10
584.93
 20
-927.981
 40
8.337
 50
200.735
 51
209.076
  0
ARC
  8
APS_GEOMETRY
 10
588.615
 20
-926.586
 40
12.277
 50
197.881
 51
200.735
  0
ARC
  8
APS_GEOMETRY
 10
603.756
 20
-921.701
 40
28.186
 50
195.997
 51
197.881
  0
ARC
  8
APS_GEOMETRY
 10
614.947
 20
-918.492
 40
39.828
 50
194.664
 51
195.997
  0
ARC
  8
APS_GEOMETRY
 10
645.944
 20
-910.381
 40
71.869
 50
193.671
 51
194.664
  0
ARC
  8
APS_GEOMETRY
 10
567.339
 20
-929.491
 40
9.026
 50
13.61
 51
23.585
  0
ARC
  8
APS_GEOMETRY
 10
573.249
 20
-926.911
 40
2.577
 50
23.585
 51
42.31
  0
ARC
  8
APS_GEOMETRY
 10
573.785
 20
-926.423
 40
1.853
 50
42.31
 51
67.521
  0
ARC
  8
APS_GEOMETRY
 10
573.361
 20
-927.449
 40
2.962
 50
67.521
 51
87.397
  0
LINE
  8
APS_GEOMETRY
 10
572.563
 11
572.383
 20
-916.15
 21
-919.96
  0
LINE
  8
APS_GEOMETRY
 10
572.383
 11
572.383
 20
-919.96
 21
-920.021
  0
LINE
  8
APS_GEOMETRY
 10
572.383
 11
572.383
 20
-920.021
 21
-920.107
  0
ARC
  8
APS_GEOMETRY
 10
575.03
 20
-920.107
 40
2.647
 50
180.0
 51
192.339
  0
ARC
  8
APS_GEOMETRY
 10
572.926
 20
-920.568
 40
0.493
 50
192.339
 51
221.186
  0
ARC
  8
APS_GEOMETRY
 10
572.876
 20
-920.612
 40
0.426
 50
221.186
 51
253.872
  0
ARC
  8
APS_GEOMETRY
 10
573.234
 20
-919.374
 40
1.715
 50
253.872
 51
270.0
  0
ARC
  8
APS_GEOMETRY
 10
573.234
 20
-917.103
 40
3.985
 50
270.0
 51
289.569
  0
ARC
  8
APS_GEOMETRY
 10
573.958
 20
-919.141
 40
1.822
 50
289.569
 51
318.681
  0
ARC
  8
APS_GEOMETRY
 10
573.762
 20
-918.969
 40
2.083
 50
318.681
 51
344.628
  0
ARC
  8
APS_GEOMETRY
 10
570.111
 20
-917.965
 40
5.87
 50
344.628
 51
0.0
  0
ARC
  8
APS_GEOMETRY
 10
571.847
 20
-917.965
 40
4.134
 50
0.0
 51
35.369
  0
ARC
  8
APS_GEOMETRY
 10
573.741
 20
-916.621
 40
1.812
 50
35.369
 51
90.0
  0
ARC
  8
APS_GEOMETRY
 10
573.741
 20
-916.641
 40
1.831
 50
90.0
 51
108.435
  0
ARC
  8
APS_GEOMETRY
 10
573.384
 20
-915.572
 40
0.705
 50
108.435
 51
138.366
  0
ARC
  8
APS_GEOMETRY
 10
573.48
 20
-915.657
 40
0.833
 50
138.366
 51
164.291
  0
ARC
  8
APS_GEOMETRY
 10
575.722
 20
-916.288
 40
3.162
 50
164.291
 51
177.51
  0
LINE
  8
APS_GEOMETRY
 10
597.82
 11
606.437
 20
-911.555
 21
-911.555
  0
ARC
  8
APS_GEOMETRY
 10
606.002
 20
-899.208
 40
12.355
 50
272.021
 51
278.44
  0
ARC
  8
APS_GEOMETRY
 10
606.488
 20
-902.485
 40
9.042
 50
278.44
 51
285.945
  0
ARC
  8
APS_GEOMETRY
 10
610.147
 20
-915.584
 40
4.559
 50
98.584
 51
104.931
  0
ARC
  8
APS_GEOMETRY
 10
609.839
 20
-913.544
 40
2.495
 50
90.0
 51
98.584
  0
ARC
  8
APS_GEOMETRY
 10
609.839
 20
-912.924
 40
1.876
 50
52.871
 51
90.0
  0
ARC
  8
APS_GEOMETRY
 10
607.294
 20
-916.285
 40
6.091
 50
32.518
 51
52.871
  0
ARC
  8
APS_GEOMETRY
 10
605.279
 20
-917.57
 40
8.481
 50
17.209
 51
32.518
  0
ARC
  8
APS_GEOMETRY
 10
606.959
 20
-917.05
 40
6.723
 50
360.0
 51
17.209
  0
ARC
  8
APS_GEOMETRY
 10
610.323
 20
-917.05
 40
3.359
 50
337.348
 51
360.0
  0
ARC
  8
APS_GEOMETRY
 10
611.673
 20
-917.613
 40
1.896
 50
307.042
 51
337.348
  0
ARC
  8
APS_GEOMETRY
 10
611.438
 20
-917.291
 40
2.295
 50
287.186
 51
306.87
  0
ARC
  8
APS_GEOMETRY
 10
611.229
 20
-916.614
 40
3.003
 50
270.0
 51
287.186
  0
ARC
  8
APS_GEOMETRY
 10
611.229
 20
-916.92
 40
2.697
 50
252.221
 51
270.0
  0
ARC
  8
APS_GEOMETRY
 10
611.103
 20
-917.312
 40
2.286
 50
232.896
 51
252.221
  0
ARC
  8
APS_GEOMETRY
 10
611.588
 20
-916.67
 40
3.09
 50
218.3
 51
232.896
  0
ARC
  8
APS_GEOMETRY
 10
615.378
 20
-913.677
 40
7.92
 50
209.197
 51
218.3
  0
ARC
  8
APS_GEOMETRY
 10
596.101
 20
-924.121
 40
14.006
 50
28.025
 51
32.699
  0
ARC
  8
APS_GEOMETRY
 10
606.18
 20
-917.651
 40
2.03
 50
32.699
 51
45.0
  0
ARC
  8
APS_GEOMETRY
 10
606.867
 20
-916.964
 40
1.058
 50
45.0
 51
67.557
  0
ARC
  8
APS_GEOMETRY
 10
606.863
 20
-916.974
 40
1.069
 50
67.557
 51
90.0
  0
ARC
  8
APS_GEOMETRY
 10
606.863
 20
-916.889
 40
0.984
 50
90.0
 51
120.801
  0
ARC
  8
APS_GEOMETRY
 10
606.829
 20
-916.834
 40
0.919
 50
120.801
 51
152.7
  0
ARC
  8
APS_GEOMETRY
 10
607.559
 20
-917.21
 40
1.74
 50
152.7
 51
171.085
  0
ARC
  8
APS_GEOMETRY
 10
613.103
 20
-918.08
 40
7.353
 50
171.085
 51
180.0
  0
LINE
  8
APS_GEOMETRY
 10
605.751
 11
605.751
 20
-918.08
 21
-927.237
  0
ARC
  8
APS_GEOMETRY
 10
615.464
 20
-927.237
 40
9.714
 50
180.0
 51
188.194
  0
ARC
  8
APS_GEOMETRY
 10
608.21
 20
-928.281
 40
2.385
 50
188.194
 51
204.775
  0
ARC
  8
APS_GEOMETRY
 10
607.506
 20
-928.607
 40
1.609
 50
204.775
 51
228.576
  0
ARC
  8
APS_GEOMETRY
 10
608.167
 20
-927.857
 40
2.608
 50
228.576
 51
247.218
  0
ARC
  8
APS_GEOMETRY
 10
604.332
 20
-936.893
 40
7.208
 50
59.381
 51
66.93
  0
ARC
  8
APS_GEOMETRY
 10
607.163
 20
-932.111
 40
1.65
 50
43.568
 51
59.381
  0
ARC
  8
APS_GEOMETRY
 10
607.616
 20
-931.68
 40
1.025
 50
19.041
 51
43.568
  0
ARC
  8
APS_GEOMETRY
 10
606.987
 20
-931.897
 40
1.691
 50
360.0
 51
19.041
  0
ARC
  8
APS_GEOMETRY
 10
607.304
 20
-931.897
 40
1.374
 50
317.66
 51
360.0
  0
ARC
  8
APS_GEOMETRY
 10
606.043
 20
-930.748
 40
3.08
 50
289.747
 51
317.66
  0
ARC
  8
APS_GEOMETRY
 10
604.987
 20
-927.805
 40
6.206
 50
281.964
 51
289.747
  0
ARC
  8
APS_GEOMETRY
 10
603.523
 20
-920.899
 40
13.265
 50
276.643
 51
281.964
  0
ARC
  8
APS_GEOMETRY
 10
602.907
 20
-915.612
 40
18.589
 50
272.836
 51
276.643
  0
ARC
  8
APS_GEOMETRY
 10
602.17
 20
-900.724
 40
33.495
 50
270.0
 51
272.836
  0
ARC
  8
APS_GEOMETRY
 10
602.17
 20
-891.499
 40
42.72
 50
267.283
 51
270.0
  0
ARC
  8
APS_GEOMETRY
 10
601.273
 20
-910.4
 40
23.797
 50
263.643
 51
267.283
  0
ARC
  8
APS_GEOMETRY
 10
600.522
 20
-917.142
 40
17.014
 50
258.563
 51
263.643
  0
ARC
  8
APS_GEOMETRY
 10
598.727
 20
-926.012
 40
7.964
 50
251.136
 51
258.563
  0
ARC
  8
APS_GEOMETRY
 10
597.125
 20
-930.658
 40
3.05
 50
222.558
 51
251.395
  0
ARC
  8
APS_GEOMETRY
 10
595.936
 20
-931.75
 40
1.436
 50
180.0
 51
222.558
  0
ARC
  8
APS_GEOMETRY
 10
595.697
 20
-931.75
 40
1.196
 50
150.642
 51
180.0
  0
ARC
  8
APS_GEOMETRY
 10
595.792
 20
-931.804
 40
1.306
 50
122.574
 51
150.642
  0
ARC
  8
APS_GEOMETRY
 10
595.539
 20
-931.512
 40
0.926
 50
108.677
 51
119.055
  0
ARC
  8
APS_GEOMETRY
 10
607.097
 20
-965.704
 40
37.018
 50
107.038
 51
108.677
  0
ARC
  8
APS_GEOMETRY
 10
595.82
 20
-928.823
 40
1.549
 50
286.144
 51
308.66
  0
ARC
  8
APS_GEOMETRY
 10
596.073
 20
-929.14
 40
1.143
 50
308.66
 51
334.933
  0
ARC
  8
APS_GEOMETRY
 10
595.041
 20
-928.657
 40
2.283
 50
334.933
 51
348.829
  0
ARC
  8
APS_GEOMETRY
 10
582.128
 20
-926.107
 40
15.445
 50
348.829
 51
354.161
  0
ARC
  8
APS_GEOMETRY
 10
573.4
 20
-925.207
 40
24.219
 50
354.144
 51
355.66
  0
ARC
  8
APS_GEOMETRY
 10
534.712
 20
-922.271
 40
63.019
 50
355.66
 51
356.6
  0
ARC
  8
APS_GEOMETRY
 10
505.137
 20
-920.514
 40
92.646
 50
356.6
 51
357.24
  0
ARC
  8
APS_GEOMETRY
 10
421.225
 20
-916.469
 40
176.656
 50
357.24
 51
357.703
  0
ARC
  8
APS_GEOMETRY
 10
429.485
 20
-916.8
 40
168.389
 50
357.703
 51
358.674
  0
ARC
  8
APS_GEOMETRY
 10
507.401
 20
-918.603
 40
90.452
 50
358.674
 51
0.0
  0
ARC
  8
APS_GEOMETRY
 10
584.448
 20
-918.603
 40
13.405
 50
360.0
 51
6.242
  0
ARC
  8
APS_GEOMETRY
 10
595.107
 20
-917.437
 40
2.682
 50
6.242
 51
20.225
  0
ARC
  8
APS_GEOMETRY
 10
596.585
 20
-916.893
 40
1.107
 50
20.225
 51
50.44
  0
ARC
  8
APS_GEOMETRY
 10
596.872
 20
-916.545
 40
0.657
 50
50.44
 51
90.0
  0
ARC
  8
APS_GEOMETRY
 10
596.872
 20
-916.77
 40
0.881
 50
90.0
 51
126.747
  0
ARC
  8
APS_GEOMETRY
 10
598.117
 20
-918.437
 40
2.962
 50
126.747
 51
146.547
  0
ARC
  8
APS_GEOMETRY
 10
576.123
 20
-903.981
 40
23.357
 50
324.255
 51
326.701
  0
ARC
  8
APS_GEOMETRY
 10
585.434
 20
-910.683
 40
11.885
 50
320.826
 51
324.255
  0
ARC
  8
APS_GEOMETRY
 10
588.478
 20
-913.162
 40
7.959
 50
315.722
 51
320.826
  0
ARC
  8
APS_GEOMETRY
 10
591.975
 20
-916.573
 40
3.075
 50
307.504
 51
315.722
  0
ARC
  8
APS_GEOMETRY
 10
591.652
 20
-916.142
 40
3.613
 50
291.306
 51
307.405
  0
ARC
  8
APS_GEOMETRY
 10
592.211
 20
-917.576
 40
2.073
 50
270.0
 51
291.306
  0
ARC
  8
APS_GEOMETRY
 10
592.211
 20
-917.71
 40
1.939
 50
245.532
 51
270.0
  0
ARC
  8
APS_GEOMETRY
 10
592.197
 20
-917.742
 40
1.904
 50
220.833
 51
245.532
  0
ARC
  8
APS_GEOMETRY
 10
592.393
 20
-917.572
 40
2.164
 50
198.684
 51
220.833
  0
ARC
  8
APS_GEOMETRY
 10
593.214
 20
-917.295
 40
3.03
 50
180.0
 51
198.684
  0
ARC
  8
APS_GEOMETRY
 10
595.138
 20
-917.295
 40
4.954
 50
168.408
 51
180.0
  0
ARC
  8
APS_GEOMETRY
 10
598.314
 20
-917.946
 40
8.196
 50
159.402
 51
168.408
  0
ARC
  8
APS_GEOMETRY
 10
599.296
 20
-918.315
 40
9.245
 50
151.39
 51
159.402
  0
ARC
  8
APS_GEOMETRY
 10
599.094
 20
-918.206
 40
9.016
 50
143.276
 51
151.39
  0
ARC
  8
APS_GEOMETRY
 10
596.57
 20
-916.318
 40
5.863
 50
124.216
 51
143.31
  0
ARC
  8
APS_GEOMETRY
 10
594.321
 20
-913.01
 40
1.864
 50
90.0
 51
124.216
  0
ARC
  8
APS_GEOMETRY
 10
594.321
 20
-913.839
 40
2.692
 50
82.725
 51
90.0
  0
ARC
  8
APS_GEOMETRY
 10
594.11
 20
-915.487
 40
4.353
 50
77.005
 51
82.725
  0
ARC
  8
APS_GEOMETRY
 10
600.535
 20
-884.513
 40
27.28
 50
258.486
 51
260.378
  0
ARC
  8
APS_GEOMETRY
 10
597.783
 20
-900.746
 40
10.816
 50
260.378
 51
263.382
  0
ARC
  8
APS_GEOMETRY
 10
597.547
 20
-902.774
 40
8.774
 50
263.382
 51
267.084
  0
ARC
  8
APS_GEOMETRY
 10
597.82
 20
-897.419
 40
14.137
 50
267.084
 51
270.0
  0
LINE
  8
APS_GEOMETRY
 10
619.529
 11
627.933
 20
-911.555
 21
-911.555
  0
ARC
  8
APS_GEOMETRY
 10
627.933
 20
-805.696
 40
105.86
 50
270.0
 51
270.69
  0
ARC
  8
APS_GEOMETRY
 10
628.53
 20
-855.224
 40
56.328
 50
270.69
 51
271.637
  0
ARC
  8
APS_GEOMETRY
 10
629.033
 20
-872.821
 40
38.724
 50
271.637
 51
273.013
  0
ARC
  8
APS_GEOMETRY
 10
630.258
 20
-896.102
 40
15.41
 50
273.013
 51
275.194
  0
ARC
  8
APS_GEOMETRY
 10
630.562
 20
-899.443
 40
12.056
 50
275.194
 51
280.756
  0
ARC
  8
APS_GEOMETRY
 10
630.619
 20
-899.743
 40
11.75
 50
280.756
 51
286.39
  0
ARC
  8
APS_GEOMETRY
 10
634.926
 20
-914.486
 40
3.609
 50
100.305
 51
105.945
  0
ARC
  8
APS_GEOMETRY
 10
634.474
 20
-912.001
 40
1.083
 50
90.0
 51
100.305
  0
ARC
  8
APS_GEOMETRY
 10
634.474
 20
-912.388
 40
1.47
 50
58.946
 51
90.0
  0
ARC
  8
APS_GEOMETRY
 10
633.912
 20
-913.321
 40
2.56
 50
35.538
 51
58.946
  0
ARC
  8
APS_GEOMETRY
 10
631.718
 20
-914.936
 40
5.284
 50
16.699
 51
35.952
  0
ARC
  8
APS_GEOMETRY
 10
630.067
 20
-915.431
 40
7.007
 50
360.0
 51
16.699
  0
ARC
  8
APS_GEOMETRY
 10
633.142
 20
-915.431
 40
3.932
 50
344.982
 51
360.0
  0
ARC
  8
APS_GEOMETRY
 10
635.029
 20
-915.937
 40
1.978
 50
323.746
 51
344.982
  0
ARC
  8
APS_GEOMETRY
 10
635.449
 20
-916.245
 40
1.458
 50
296.114
 51
323.746
  0
ARC
  8
APS_GEOMETRY
 10
635.374
 20
-916.091
 40
1.629
 50
270.0
 51
296.114
  0
ARC
  8
APS_GEOMETRY
 10
635.374
 20
-915.678
 40
2.042
 50
255.311
 51
270.0
  0
ARC
  8
APS_GEOMETRY
 10
635.1
 20
-916.719
 40
0.965
 50
233.881
 51
255.311
  0
ARC
  8
APS_GEOMETRY
 10
635.388
 20
-916.326
 40
1.453
 50
219.289
 51
233.881
  0
ARC
  8
APS_GEOMETRY
 10
641.153
 20
-911.609
 40
8.902
 50
213.408
 51
219.289
  0
ARC
  8
APS_GEOMETRY
 10
630.352
 20
-918.723
 40
4.031
 50
33.294
 51
51.246
  0
ARC
  8
APS_GEOMETRY
 10
630.901
 20
-918.039
 40
3.154
 50
51.246
 51
71.565
  0
ARC
  8
APS_GEOMETRY
 10
630.538
 20
-919.128
 40
4.302
 50
71.565
 51
79.278
  0
ARC
  8
APS_GEOMETRY
 10
629.374
 20
-925.275
 40
10.559
 50
79.278
 51
84.2
  0
ARC
  8
APS_GEOMETRY
 10
628.878
 20
-930.165
 40
15.473
 50
84.2
 51
87.567
  0
ARC
  8
APS_GEOMETRY
 10
628.277
 20
-944.304
 40
29.625
 50
87.567
 51
90.0
  0
ARC
  8
APS_GEOMETRY
 10
628.277
 20
-923.006
 40
8.328
 50
90.0
 51
96.374
  0
ARC
  8
APS_GEOMETRY
 10
627.724
 20
-918.058
 40
3.349
 50
96.374
 51
106.434
  0
ARC
  8
APS_GEOMETRY
 10
627.331
 20
-916.727
 40
1.961
 50
106.434
 51
123.056
  0
ARC
  8
APS_GEOMETRY
 10
626.718
 20
-915.784
 40
0.836
 50
123.056
 51
148.627
  0
ARC
  8
APS_GEOMETRY
 10
627.278
 20
-916.102
 40
1.48
 50
149.421
 51
165.28
  0
ARC
  8
APS_GEOMETRY
 10
628.893
 20
-916.526
 40
3.149
 50
165.28
 51
176.135
  0
ARC
  8
APS_GEOMETRY
 10
633.514
 20
-916.838
 40
7.781
 50
176.135
 51
178.367
  0
ARC
  8
APS_GEOMETRY
 10
676.267
 20
-918.057
 40
50.551
 50
178.367
 51
179.242
  0
ARC
  8
APS_GEOMETRY
 10
720.451
 20
-918.642
 40
94.739
 50
179.242
 51
179.709
  0
ARC
  8
APS_GEOMETRY
 10
870.776
 20
-919.404
 40
245.066
 50
179.709
 51
180.0
  0
ARC
  8
APS_GEOMETRY
 10
629.255
 20
-919.404
 40
3.545
 50
180.0
 51
195.027
  0
ARC
  8
APS_GEOMETRY
 10
626.356
 20
-920.183
 40
0.543
 50
195.027
 51
234.058
  0
ARC
  8
APS_GEOMETRY
 10
626.384
 20
-920.144
 40
0.591
 50
234.058
 51
253.191
  0
ARC
  8
APS_GEOMETRY
 10
627.002
 20
-918.096
 40
2.731
 50
253.191
 51
262.063
  0
ARC
  8
APS_GEOMETRY
 10
627.319
 20
-915.823
 40
5.025
 50
262.063
 51
266.949
  0
ARC
  8
APS_GEOMETRY
 10
627.737
 20
-907.982
 40
12.877
 50
266.949
 51
270.0
  0
ARC
  8
APS_GEOMETRY
 10
627.737
 20
-918.499
 40
2.361
 50
270.0
 51
286.007
  0
ARC
  8
APS_GEOMETRY
 10
628.15
 20
-919.939
 40
0.862
 50
286.007
 51
312.647
  0
ARC
  8
APS_GEOMETRY
 10
628.142
 20
-919.93
 40
0.875
 50
312.647
 51
338.993
  0
ARC
  8
APS_GEOMETRY
 10
626.354
 20
-919.243
 40
2.79
 50
338.993
 51
353.66
  0
ARC
  8
APS_GEOMETRY
 10
644.814
 20
-921.445
 40
15.801
 50
169.663
 51
173.118
  0
ARC
  8
APS_GEOMETRY
 10
631.619
 20
-919.038
 40
2.388
 50
160.769
 51
169.663
  0
ARC
  8
APS_GEOMETRY
 10
630.516
 20
-918.653
 40
1.219
 50
143.746
 51
160.769
  0
ARC
  8
APS_GEOMETRY
 10
630.782
 20
-918.849
 40
1.55
 50
128.66
 51
143.746
  0
ARC
  8
APS_GEOMETRY
 10
630.604
 20
-918.56
 40
1.215
 50
110.171
 51
130.601
  0
ARC
  8
APS_GEOMETRY
 10
630.615
 20
-918.59
 40
1.246
 50
90.0
 51
110.171
  0
ARC
  8
APS_GEOMETRY
 10
630.615
 20
-918.607
 40
1.264
 50
61.22
 51
90.0
  0
ARC
  8
APS_GEOMETRY
 10
630.395
 20
-919.009
 40
1.722
 50
36.634
 51
61.22
  0
ARC
  8
APS_GEOMETRY
 10
630.188
 20
-919.132
 40
1.961
 50
19.103
 51
35.91
  0
ARC
  8
APS_GEOMETRY
 10
623.79
 20
-921.348
 40
8.732
 50
11.16
 51
19.103
  0
ARC
  8
APS_GEOMETRY
 10
620.448
 20
-922.007
 40
12.139
 50
5.396
 51
11.16
  0
ARC
  8
APS_GEOMETRY
 10
618.748
 20
-922.168
 40
13.846
 50
0.0
 51
5.396
  0
ARC
  8
APS_GEOMETRY
 10
618.989
 20
-922.168
 40
13.605
 50
349.287
 51
0.0
  0
ARC
  8
APS_GEOMETRY
 10
625.668
 20
-923.431
 40
6.808
 50
334.12
 51
349.287
  0
ARC
  8
APS_GEOMETRY
 10
630.268
 20
-925.655
 40
1.698
 50
303.53
 51
333.853
  0
ARC
  8
APS_GEOMETRY
 10
630.435
 20
-925.906
 40
1.396
 50
270.0
 51
303.53
  0
ARC
  8
APS_GEOMETRY
 10
630.435
 20
-925.841
 40
1.461
 50
249.578
 51
270.0
  0
ARC
  8
APS_GEOMETRY
 10
630.124
 20
-926.676
 40
0.57
 50
216.607
 51
249.578
  0
ARC
  8
APS_GEOMETRY
 10
630.422
 20
-926.455
 40
0.94
 50
195.422
 51
216.607
  0
ARC
  8
APS_GEOMETRY
 10
635.553
 20
-925.04
 40
6.263
 50
187.253
 51
195.422
  0
ARC
  8
APS_GEOMETRY
 10
627.266
 20
-926.106
 40
2.092
 50
7.561
 51
49.434
  0
ARC
  8
APS_GEOMETRY
 10
627.181
 20
-926.205
 40
2.222
 50
49.434
 51
90.0
  0
ARC
  8
APS_GEOMETRY
 10
627.181
 20
-925.478
 40
1.495
 50
90.0
 51
115.224
  0
ARC
  8
APS_GEOMETRY
 10
626.886
 20
-924.85
 40
0.801
 50
115.224
 51
149.931
  0
ARC
  8
APS_GEOMETRY
 10
627.42
 20
-925.16
 40
1.419
 50
149.931
 51
171.111
  0
ARC
  8
APS_GEOMETRY
 10
633.904
 20
-926.174
 40
7.982
 50
171.111
 51
180.0
  0
ARC
  8
APS_GEOMETRY
 10
640.292
 20
-926.174
 40
14.369
 50
180.0
 51
183.062
  0
ARC
  8
APS_GEOMETRY
 10
662.285
 20
-924.997
 40
36.395
 50
183.062
 51
184.986
  0
ARC
  8
APS_GEOMETRY
 10
650.749
 20
-926.004
 40
24.815
 50
184.986
 51
187.804
  0
ARC
  8
APS_GEOMETRY
 10
628.899
 20
-928.998
 40
2.76
 50
187.804
 51
196.26
  0
ARC
  8
APS_GEOMETRY
 10
626.972
 20
-929.579
 40
0.748
 50
194.931
 51
230.024
  0
ARC
  8
APS_GEOMETRY
 10
627.462
 20
-928.994
 40
1.511
 50
230.024
 51
254.511
  0
ARC
  8
APS_GEOMETRY
 10
628.058
 20
-926.843
 40
3.742
 50
254.511
 51
265.219
  0
ARC
  8
APS_GEOMETRY
 10
629.307
 20
-911.91
 40
18.728
 50
265.219
 51
270.0
  0
ARC
  8
APS_GEOMETRY
 10
629.307
 20
-913.89
 40
16.748
 50
270.0
 51
274.186
  0
ARC
  8
APS_GEOMETRY
 10
629.816
 20
-920.848
 40
9.771
 50
274.186
 51
279.668
  0
ARC
  8
APS_GEOMETRY
 10
630.234
 20
-923.302
 40
7.282
 50
279.668
 51
286.991
  0
ARC
  8
APS_GEOMETRY
 10
631.191
 20
-926.432
 40
4.009
 50
286.991
 51
296.866
  0
ARC
  8
APS_GEOMETRY
 10
631.389
 20
-926.824
 40
3.569
 50
296.866
 51
318.366
  0
ARC
  8
APS_GEOMETRY
 10
629.39
 20
-925.047
 40
6.245
 50
318.366
 51
334.581
  0
ARC
  8
APS_GEOMETRY
 10
642.555
 20
-931.36
 40
8.355
 50
147.08
 51
154.231
  0
ARC
  8
APS_GEOMETRY
 10
637.051
 20
-927.797
 40
1.8
 50
131.634
 51
147.08
  0
ARC
  8
APS_GEOMETRY
 10
636.641
 20
-927.335
 40
1.182
 50
108.875
 51
131.634
  0
ARC
  8
APS_GEOMETRY
 10
636.812
 20
-927.836
 40
1.712
 50
90.0
 51
108.875
  0
ARC
  8
APS_GEOMETRY
 10
636.812
 20
-927.489
 40
1.364
 50
62.628
 51
90.0
  0
ARC
  8
APS_GEOMETRY
 10
636.726
 20
-927.655
 40
1.551
 50
36.995
 51
62.628
  0
ARC
  8
APS_GEOMETRY
 10
636.34
 20
-927.947
 40
2.036
 50
16.728
 51
36.995
  0
ARC
  8
APS_GEOMETRY
 10
635.437
 20
-928.218
 40
2.978
 50
360.0
 51
16.728
  0
ARC
  8
APS_GEOMETRY
 10
633.649
 20
-928.218
 40
4.766
 50
348.323
 51
360.0
  0
ARC
  8
APS_GEOMETRY
 10
626.494
 20
-926.739
 40
12.072
 50
340.994
 51
348.323
  0
ARC
  8
APS_GEOMETRY
 10
624.797
 20
-926.155
 40
13.867
 50
334.592
 51
340.994
  0
ARC
  8
APS_GEOMETRY
 10
627.759
 20
-927.562
 40
10.587
 50
327.265
 51
334.592
  0
ARC
  8
APS_GEOMETRY
 10
631.199
 20
-929.589
 40
6.599
 50
320.133
 51
325.923
  0
ARC
  8
APS_GEOMETRY
 10
635.201
 20
-932.931
 40
1.386
 50
307.476
 51
320.133
  0
ARC
  8
APS_GEOMETRY
 10
635.551
 20
-933.388
 40
0.81
 50
286.429
 51
307.476
  0
ARC
  8
APS_GEOMETRY
 10
635.406
 20
-932.896
 40
1.323
 50
270.0
 51
286.429
  0
ARC
  8
APS_GEOMETRY
 10
635.406
 20
-931.367
 40
2.852
 50
263.774
 51
270.0
  0
ARC
  8
APS_GEOMETRY
 10
636.241
 20
-923.718
 40
10.546
 50
260.538
 51
263.774
  0
ARC
  8
APS_GEOMETRY
 10
632.506
 20
-944.791
 40
10.857
 50
79.38
 51
84.987
  0
ARC
  8
APS_GEOMETRY
 10
630.887
 20
-963.247
 40
29.383
 50
84.987
 51
88.394
  0
LINE
  8
APS_GEOMETRY
 10
631.711
 11
617.844
 20
-933.876
 21
-933.876
  0
ARC
  8
APS_GEOMETRY
 10
617.844
 20
-930.974
 40
2.902
 50
254.103
 51
270.0
  0
ARC
  8
APS_GEOMETRY
 10
617.436
 20
-932.409
 40
1.41
 50
231.216
 51
254.103
  0
ARC
  8
APS_GEOMETRY
 10
617.268
 20
-932.617
 40
1.142
 50
203.795
 51
231.216
  0
ARC
  8
APS_GEOMETRY
 10
617.604
 20
-932.469
 40
1.509
 50
180.0
 51
203.795
  0
ARC
  8
APS_GEOMETRY
 10
617.731
 20
-932.469
 40
1.637
 50
164.055
 51
180.0
  0
ARC
  8
APS_GEOMETRY
 10
616.723
 20
-932.181
 40
0.588
 50
137.291
 51
164.055
  0
ARC
  8
APS_GEOMETRY
 10
617.026
 20
-932.461
 40
1.001
 50
120.964
 51
137.291
  0
ARC
  8
APS_GEOMETRY
 10
620.277
 20
-937.878
 40
7.318
 50
114.944
 51
120.964
  0
ARC
  8
APS_GEOMETRY
 10
616.219
 20
-929.001
 40
2.443
 50
293.429
 51
305.72
  0
ARC
  8
APS_GEOMETRY
 10
616.891
 20
-929.936
 40
1.292
 50
305.72
 51
322.651
  0
ARC
  8
APS_GEOMETRY
 10
616.787
 20
-929.856
 40
1.423
 50
322.651
 51
338.11
  0
ARC
  8
APS_GEOMETRY
 10
614.758
 20
-929.041
 40
3.61
 50
338.11
 51
347.8
  0
ARC
  8
APS_GEOMETRY
 10
602.158
 20
-926.279
 40
16.509
 50
347.672
 51
352.051
  0
ARC
  8
APS_GEOMETRY
 10
589.961
 20
-924.576
 40
28.824
 50
352.051
 51
355.365
  0
ARC
  8
APS_GEOMETRY
 10
581.748
 20
-923.91
 40
37.064
 50
355.365
 51
357.943
  0
ARC
  8
APS_GEOMETRY
 10
560.543
 20
-923.149
 40
58.283
 50
357.943
 51
0.0
  0
ARC
  8
APS_GEOMETRY
 10
536.067
 20
-923.149
 40
82.759
 50
360.0
 51
2.183
  0
ARC
  8
APS_GEOMETRY
 10
585.554
 20
-921.262
 40
33.235
 50
2.183
 51
5.629
  0
ARC
  8
APS_GEOMETRY
 10
600.296
 20
-919.809
 40
18.422
 50
5.629
 51
11.805
  0
ARC
  8
APS_GEOMETRY
 10
614.604
 20
-916.819
 40
3.805
 50
11.805
 51
25.419
  0
ARC
  8
APS_GEOMETRY
 10
616.456
 20
-915.978
 40
1.772
 50
26.565
 51
38.157
  0
ARC
  8
APS_GEOMETRY
 10
617.278
 20
-915.332
 40
0.726
 50
38.157
 51
56.31
  0
ARC
  8
APS_GEOMETRY
 10
617.104
 20
-915.593
 40
1.04
 50
56.31
 51
69.193
  0
ARC
  8
APS_GEOMETRY
 10
614.664
 20
-922.013
 40
7.908
 50
69.193
 51
73.856
  0
ARC
  8
APS_GEOMETRY
 10
617.238
 20
-913.16
 40
1.312
 50
216.87
 51
253.393
  0
ARC
  8
APS_GEOMETRY
 10
617.219
 20
-913.174
 40
1.288
 50
180.0
 51
216.87
  0
ARC
  8
APS_GEOMETRY
 10
617.5
 20
-913.174
 40
1.569
 50
161.565
 51
180.0
  0
ARC
  8
APS_GEOMETRY
 10
617.443
 20
-913.155
 40
1.509
 50
142.765
 51
161.565
  0
ARC
  8
APS_GEOMETRY
 10
617.407
 20
-913.128
 40
1.464
 50
123.425
 51
142.765
  0
ARC
  8
APS_GEOMETRY
 10
617.44
 20
-913.178
 40
1.523
 50
104.47
 51
123.425
  0
ARC
  8
APS_GEOMETRY
 10
617.73
 20
-914.609
 40
2.982
 50
96.724
 51
102.995
  0
ARC
  8
APS_GEOMETRY
 10
618.631
 20
-922.246
 40
10.673
 50
93.411
 51
96.724
  0
ARC
  8
APS_GEOMETRY
 10
619.031
 20
-928.957
 40
17.395
 50
91.375
 51
93.411
  0
ARC
  8
APS_GEOMETRY
 10
619.529
 20
-949.707
 40
38.151
 50
90.0
 51
91.375
  0
LINE
  8
COSTRUZIONI
 10
182.755
 11
2182.755
 20
-1076.17
 21
-1076.17
  0
LINE
  8
COSTRUZIONI
 10
2182.755
 11
2182.755
 20
-1076.17
 21
-876.17
  0
LINE
  8
COSTRUZIONI
 10
2182.755
 11
182.755
 20
-876.17
 21
-876.17
  0
LINE
  8
COSTRUZIONI
 10
182.755
 11
182.755
 20
-876.17
 21
-1076.17
  0
LINE
  8
COSTRUZIONI
 10
648.606
 11
648.606
 20
-1076.17
 21
-876.17
  0
LINE
  8
COSTRUZIONI
 10
1983.863
 11
1983.863
 20
-1076.17
 21
-876.17
  0
LINE
  8
COSTRUZIONI
 10
2182.755
 11
648.606
 20
-926.17
 21
-926.17
  0
LINE
  8
COSTRUZIONI
 10
1983.863
 11
2182.755
 20
-1026.17
 21
-1026.17
  0
LINE
  8
COSTRUZIONI
 10
648.606
 11
2182.755
 20
-976.17
 21
-976.17
  0
LINE
  8
COSTRUZIONI
 10
1677.054
 11
1677.054
 20
-976.17
 21
-926.17
  0
LINE
  8
COSTRUZIONI
 10
1181.975
 11
1181.975
 20
-976.17
 21
-926.17
  0
LINE
  8
QUOTATURA
 10
-15.0
 11
-246.056
 20
-710.606
 21
-710.606
  0
LINE
  8
QUOTATURA
 10
-15.0
 11
-246.056
 20
-660.606
 21
-660.606
  0
LINE
  8
QUOTATURA
 10
-221.056
 11
-221.056
 20
-660.606
 21
-558.402
  0
LINE
  8
QUOTATURA
 10
-221.056
 11
-293.627
 20
-558.402
 21
-558.402
  0
LINE
  8
QUOTATURA
 10
-212.721
 11
-221.056
 20
-610.606
 21
-660.606
  0
LINE
  8
QUOTATURA
 10
-221.056
 11
-229.391
 20
-660.606
 21
-610.606
  0
LINE
  8
QUOTATURA
 10
-229.391
 11
-212.721
 20
-610.606
 21
-610.606
  0
LINE
  8
QUOTATURA
 10
-221.056
 11
-221.056
 20
-710.606
 21
-810.606
  0
LINE
  8
QUOTATURA
 10
-229.391
 11
-221.056
 20
-760.606
 21
-710.606
  0
LINE
  8
QUOTATURA
 10
-221.056
 11
-212.721
 20
-710.606
 21
-760.606
  0
LINE
  8
QUOTATURA
 10
-212.721
 11
-229.391
 20
-760.606
 21
-760.606
  0
CIRCLE
  8
QUOTATURA
 10
-3710.561
 20
1230.647
 40
2088.873
  0
LINE
  8
QUOTATURA
 10
-155.145
 11
-1850.682
 20
-587.162
 21
279.73
  0
CIRCLE
  8
QUOTATURA
 10
30.843
 20
-682.254
 40
208.887
  0
LINE
  8
APS_GEOMETRY
 10
-3508.987
 11
-3808.987
 20
947.126
 21
947.126
  0
LINE
  8
APS_GEOMETRY
 10
-3853.987
 11
-3918.987
 20
947.126
 21
947.126
  0
LINE
  8
APS_GEOMETRY
 10
-3918.987
 11
-3918.987
 20
947.126
 21
1447.126
  0
LINE
  8
APS_GEOMETRY
 10
-3918.987
 11
-3878.987
 20
1447.126
 21
1447.126
  0
LINE
  8
APS_GEOMETRY
 10
-2513.987
 11
-2513.987
 20
1447.126
 21
997.126
  0
LINE
  8
APS_GEOMETRY
 10
-2513.987
 11
-3423.987
 20
997.126
 21
997.126
  0
ARC
  8
APS_GEOMETRY
 10
-3423.987
 20
1027.126
 40
30.0
 50
180.0
 51
270.0
  0
LINE
  8
APS_GEOMETRY
 10
-3453.987
 11
-3453.987
 20
1027.126
 21
1147.126
  0
LINE
  8
APS_GEOMETRY
 10
-3453.987
 11
-3523.987
 20
1147.126
 21
1147.126
  0
ARC
  8
APS_GEOMETRY
 10
-3523.987
 20
1177.126
 40
30.0
 50
180.0
 51
270.0
  0
LINE
  8
APS_GEOMETRY
 10
-3553.987
 11
-3553.987
 20
1177.126
 21
1417.126
  0
ARC
  8
APS_GEOMETRY
 10
-3523.987
 20
1417.126
 40
30.0
 50
90.0
 51
180.0
  0
LINE
  8
APS_GEOMETRY
 10
-3523.987
 11
-2513.987
 20
1447.126
 21
1447.126
  0
LINE
  8
APS_GEOMETRY
 10
-3878.987
 11
-3878.987
 20
1447.126
 21
1307.126
  0
LINE
  8
APS_GEOMETRY
 10
-3878.987
 11
-3833.987
 20
1307.126
 21
1307.126
  0
LINE
  8
APS_GEOMETRY
 10
-3833.987
 11
-3833.987
 20
1307.126
 21
1447.126
  0
LINE
  8
APS_GEOMETRY
 10
-3833.987
 11
-3613.987
 20
1447.126
 21
1447.126
  0
ARC
  8
APS_GEOMETRY
 10
-3613.987
 20
1417.126
 40
30.0
 50
360.0
 51
90.0
  0
LINE
  8
APS_GEOMETRY
 10
-3583.987
 11
-3583.987
 20
1417.126
 21
1147.126
  0
LINE
  8
APS_GEOMETRY
 10
-3583.987
 11
-3478.987
 20
1147.126
 21
1147.126
  0
LINE
  8
APS_GEOMETRY
 10
-3478.987
 11
-3478.987
 20
1147.126
 21
977.126
  0
ARC
  8
APS_GEOMETRY
 10
-3508.987
 20
977.126
 40
30.0
 50
270.0
 51
360.0
  0
LINE
  8
APS_GEOMETRY
 10
-3853.987
 11
-3853.987
 20
947.126
 21
1087.126
  0
LINE
  8
APS_GEOMETRY
 10
-3853.987
 11
-3808.987
 20
1087.126
 21
1087.126
  0
LINE
  8
APS_GEOMETRY
 10
-3808.987
 11
-3808.987
 20
1087.126
 21
947.126
  0
LINE
  8
APS_GEOMETRY
 10
-4628.987
 11
-4628.987
 20
1477.126
 21
1447.126
  0
LINE
  8
APS_GEOMETRY
 10
-4628.987
 11
-4738.987
 20
1447.126
 21
1447.126
  0
LINE
  8
APS_GEOMETRY
 10
-4738.987
 11
-4738.987
 20
1447.126
 21
1597.126
  0
ARC
  8
APS_GEOMETRY
 10
-4683.987
 20
1597.126
 40
55.0
 50
3.945
 51
180.0
  0
ARC
  8
APS_GEOMETRY
 10
-4624.129
 20
1601.253
 40
5.0
 50
183.945
 51
258.69
  0
LINE
  8
APS_GEOMETRY
 10
-4625.11
 11
-4606.975
 20
1596.35
 21
1592.723
  0
ARC
  8
APS_GEOMETRY
 10
-4607.956
 20
1587.82
 40
5.0
 50
12.647
 51
78.69
  0
ARC
  8
APS_GEOMETRY
 10
-4566.487
 20
1597.126
 40
37.5
 50
192.647
 51
352.846
  0
ARC
  8
APS_GEOMETRY
 10
-4524.318
 20
1591.833
 40
5.0
 50
86.522
 51
172.846
  0
LINE
  8
APS_GEOMETRY
 10
-4524.015
 11
-3926.603
 20
1596.823
 21
1560.517
  0
ARC
  8
APS_GEOMETRY
 10
-3926.906
 20
1555.526
 40
5.0
 50
20.0
 51
86.522
  0
LINE
  8
APS_GEOMETRY
 10
-3922.207
 11
-3919.725
 20
1557.236
 21
1550.415
  0
ARC
  8
APS_GEOMETRY
 10
-3915.026
 20
1552.126
 40
5.0
 50
200.0
 51
270.0
  0
LINE
  8
APS_GEOMETRY
 10
-3915.026
 11
-3908.987
 20
1547.126
 21
1547.126
  0
ARC
  8
APS_GEOMETRY
 10
-3908.987
 20
1477.126
 40
70.0
 50
0.0
 51
90.0
  0
LINE
  8
APS_GEOMETRY
 10
-3838.987
 11
-3838.987
 20
1477.126
 21
1327.126
  0
LINE
  8
APS_GEOMETRY
 10
-3838.987
 11
-3869.25
 20
1327.126
 21
1332.389
  0
LINE
  8
APS_GEOMETRY
 10
-3869.25
 11
-3878.987
 20
1332.389
 21
1342.126
  0
LINE
  8
APS_GEOMETRY
 10
-3878.987
 11
-3878.987
 20
1342.126
 21
1447.126
  0
LINE
  8
APS_GEOMETRY
 10
-3878.987
 11
-3923.987
 20
1447.126
 21
1447.126
  0
LINE
  8
APS_GEOMETRY
 10
-3923.987
 11
-3923.987
 20
1447.126
 21
1477.126
  0
LINE
  8
APS_GEOMETRY
 10
-3923.987
 11
-4628.987
 20
1477.126
 21
1477.126
  0
ARC
  8
APS_GEOMETRY
 10
-3913.987
 20
797.126
 40
100.0
 50
180.0
 51
0.0
  0
LINE
  8
APS_GEOMETRY
 10
-3813.987
 11
-3813.987
 20
797.126
 21
1067.126
  0
LINE
  8
APS_GEOMETRY
 10
-3813.987
 11
-3844.25
 20
1067.126
 21
1061.862
  0
LINE
  8
APS_GEOMETRY
 10
-3844.25
 11
-3853.987
 20
1061.862
 21
1052.126
  0
LINE
  8
APS_GEOMETRY
 10
-3853.987
 11
-3853.987
 20
1052.126
 21
947.126
  0
LINE
  8
APS_GEOMETRY
 10
-3853.987
 11
-4013.987
 20
947.126
 21
947.126
  0
LINE
  8
APS_GEOMETRY
 10
-4013.987
 11
-4013.987
 20
947.126
 21
917.126
  0
LINE
  8
APS_GEOMETRY
 10
-5113.987
 11
-5113.987
 20
917.126
 21
947.126
  0
LINE
  8
APS_GEOMETRY
 10
-5113.987
 11
-5313.987
 20
947.126
 21
947.126
  0
LINE
  8
APS_GEOMETRY
 10
-5313.987
 11
-5313.987
 20
947.126
 21
797.126
  0
ARC
  8
APS_GEOMETRY
 10
-5213.987
 20
797.126
 40
100.0
 50
180.0
 51
360.0
  0
ARC
  8
APS_GEOMETRY
 10
-5213.987
 20
797.126
 40
100.0
 50
360.0
 51
0.0
  0
LINE
  8
APS_GEOMETRY
 10
-3963.987
 11
-5163.987
 20
917.126
 21
917.126
  0
LINE
  8
APS_GEOMETRY
 10
-5163.987
 11
-5163.987
 20
917.126
 21
797.126
  0
LINE
  8
APS_GEOMETRY
 10
-5163.987
 11
-3963.987
 20
797.126
 21
797.126
  0
LINE
  8
APS_GEOMETRY
 10
-3963.987
 11
-3963.987
 20
797.126
 21
917.126
  0
LINE
  8
COSTRUZIONI
 10
-5313.987
 11
-5313.987
 20
797.126
 21
687.126
  0
ARC
  8
COSTRUZIONI
 10
-5263.987
 20
687.126
 40
50.0
 50
180.0
 51
270.0
  0
LINE
  8
COSTRUZIONI
 10
-5263.987
 11
-3863.987
 20
637.126
 21
637.126
  0
ARC
  8
COSTRUZIONI
 10
-3863.987
 20
687.126
 40
50.0
 50
270.0
 51
0.0
  0
LINE
  8
COSTRUZIONI
 10
-3813.987
 11
-3813.987
 20
687.126
 21
797.126
  0
LINE
  8
APS_GEOMETRY
 10
-2503.987
 11
-2353.987
 20
1282.126
 21
1282.126
  0
ARC
  8
APS_GEOMETRY
 10
-2353.987
 20
1292.126
 40
10.0
 50
270.0
 51
0.0
  0
LINE
  8
APS_GEOMETRY
 10
-2343.987
 11
-2343.987
 20
1292.126
 21
1300.126
  0
ARC
  8
APS_GEOMETRY
 10
-2345.987
 20
1300.126
 40
2.0
 50
0.0
 51
90.0
  0
LINE
  8
APS_GEOMETRY
 10
-2345.987
 11
-2351.987
 20
1302.126
 21
1302.126
  0
ARC
  8
APS_GEOMETRY
 10
-2351.987
 20
1304.126
 40
2.0
 50
180.0
 51
270.0
  0
LINE
  8
APS_GEOMETRY
 10
-2353.987
 11
-2353.987
 20
1304.126
 21
1310.152
  0
ARC
  8
APS_GEOMETRY
 10
-2355.987
 20
1310.152
 40
2.0
 50
0.0
 51
88.512
  0
ARC
  8
APS_GEOMETRY
 10
-2353.987
 20
1387.126
 40
75.0
 50
180.0
 51
268.512
  0
ARC
  8
APS_GEOMETRY
 10
-2528.987
 20
1387.126
 40
100.0
 50
0.0
 51
136.826
  0
ARC
  8
APS_GEOMETRY
 10
-2598.269
 20
1452.126
 40
5.0
 50
136.826
 51
270.0
  0
LINE
  8
APS_GEOMETRY
 10
-2598.269
 11
-2503.987
 20
1447.126
 21
1447.126
  0
LINE
  8
APS_GEOMETRY
 10
-2503.987
 11
-2503.987
 20
1282.126
 21
1447.126
  0
LINE
  8
APS_GEOMETRY
 10
-2503.987
 11
-2353.987
 20
1162.126
 21
1162.126
  0
ARC
  8
APS_GEOMETRY
 10
-2353.987
 20
1152.126
 40
10.0
 50
360.0
 51
90.0
  0
LINE
  8
APS_GEOMETRY
 10
-2343.987
 11
-2343.987
 20
1152.126
 21
1144.126
  0
ARC
  8
APS_GEOMETRY
 10
-2345.987
 20
1144.126
 40
2.0
 50
270.0
 51
360.0
  0
LINE
  8
APS_GEOMETRY
 10
-2345.987
 11
-2351.987
 20
1142.126
 21
1142.126
  0
ARC
  8
APS_GEOMETRY
 10
-2351.987
 20
1140.126
 40
2.0
 50
90.0
 51
180.0
  0
LINE
  8
APS_GEOMETRY
 10
-2353.987
 11
-2353.987
 20
1140.126
 21
1134.1
  0
ARC
  8
APS_GEOMETRY
 10
-2355.987
 20
1134.1
 40
2.0
 50
271.488
 51
360.0
  0
ARC
  8
APS_GEOMETRY
 10
-2353.987
 20
1057.126
 40
75.0
 50
91.488
 51
180.0
  0
ARC
  8
APS_GEOMETRY
 10
-2528.987
 20
1057.126
 40
100.0
 50
223.174
 51
360.0
  0
ARC
  8
APS_GEOMETRY
 10
-2598.269
 20
992.126
 40
5.0
 50
90.0
 51
223.174
  0
LINE
  8
APS_GEOMETRY
 10
-2598.269
 11
-2503.987
 20
997.126
 21
997.126
  0
LINE
  8
APS_GEOMETRY
 10
-2503.987
 11
-2503.987
 20
1162.126
 21
997.126
  0
LINE
  8
APS_GEOMETRY
 10
-2493.987
 11
-1622.812
 20
1162.126
 21
1162.126
  0
LINE
  8
APS_GEOMETRY
 10
-1622.322
 11
-2493.987
 20
1282.126
 21
1282.126
  0
LINE
  8
APS_GEOMETRY
 10
-2493.987
 11
-2493.987
 20
1282.126
 21
1162.126
  0
LINE
  8
QUOTATURA
 10
-3914.553
 11
-3908.416
 20
-917.432
 21
-916.896
  0
ARC
  8
QUOTATURA
 10
-3890.803
 20
-914.814
 40
17.736
 50
186.74
 51
198.53
  0
ARC
  8
QUOTATURA
 10
-3897.789
 20
-917.156
 40
10.367
 50
198.53
 51
213.97
  0
ARC
  8
QUOTATURA
 10
-3899.207
 20
-918.111
 40
8.657
 50
213.97
 51
232.3
  0
ARC
  8
QUOTATURA
 10
-3895.699
 20
-913.572
 40
14.395
 50
232.3
 51
246.491
  0
ARC
  8
QUOTATURA
 10
-3894.886
 20
-911.704
 40
16.431
 50
246.491
 51
259.058
  0
ARC
  8
QUOTATURA
 10
-3893.895
 20
-906.579
 40
21.652
 50
259.058
 51
270.0
  0
ARC
  8
QUOTATURA
 10
-3893.895
 20
-906.156
 40
22.074
 50
270.0
 51
279.557
  0
ARC
  8
QUOTATURA
 10
-3892.695
 20
-913.286
 40
14.844
 50
279.557
 51
291.218
  0
ARC
  8
QUOTATURA
 10
-3891.623
 20
-916.046
 40
11.884
 50
291.218
 51
305.58
  0
ARC
  8
QUOTATURA
 10
-3888.846
 20
-919.927
 40
7.111
 50
305.58
 51
324.181
  0
ARC
  8
QUOTATURA
 10
-3889.181
 20
-919.686
 40
7.524
 50
324.181
 51
341.702
  0
ARC
  8
QUOTATURA
 10
-3888.593
 20
-919.88
 40
6.904
 50
341.702
 51
0.0
  0
ARC
  8
QUOTATURA
 10
-3888.648
 20
-919.88
 40
6.959
 50
0.0
 51
18.364
  0
ARC
  8
QUOTATURA
 10
-3887.923
 20
-919.64
 40
6.195
 50
18.364
 51
37.836
  0
ARC
  8
QUOTATURA
 10
-3888.117
 20
-919.79
 40
6.441
 50
37.836
 51
56.763
  0
ARC
  8
QUOTATURA
 10
-3892.757
 20
-926.872
 40
14.907
 50
56.763
 51
69.171
  0
ARC
  8
QUOTATURA
 10
-3892.877
 20
-926.842
 40
14.923
 50
68.703
 51
72.775
  0
ARC
  8
QUOTATURA
 10
-3908.653
 20
-977.73
 40
68.2
 50
72.775
 51
74.68
  0
ARC
  8
QUOTATURA
 10
-3921.81
 20
-1025.755
 40
117.995
 50
74.68
 51
75.781
  0
ARC
  8
QUOTATURA
 10
-3961.147
 20
-1181.005
 40
278.151
 50
75.781
 51
76.499
  0
ARC
  8
QUOTATURA
 10
-3870.928
 20
-805.246
 40
108.287
 50
254.657
 51
256.499
  0
ARC
  8
QUOTATURA
 10
-3884.901
 20
-856.173
 40
55.478
 50
252.083
 51
254.657
  0
ARC
  8
QUOTATURA
 10
-3890.514
 20
-873.534
 40
37.233
 50
248.254
 51
252.083
  0
ARC
  8
QUOTATURA
 10
-3899.073
 20
-894.989
 40
14.133
 50
242.038
 51
248.254
  0
ARC
  8
QUOTATURA
 10
-3898.013
 20
-892.798
 40
16.566
 50
228.905
 51
242.354
  0
ARC
  8
QUOTATURA
 10
-3901.751
 20
-897.083
 40
10.879
 50
212.289
 51
228.905
  0
ARC
  8
QUOTATURA
 10
-3901.729
 20
-897.07
 40
10.904
 50
195.759
 51
212.289
  0
ARC
  8
QUOTATURA
 10
-3900.684
 20
-896.775
 40
11.991
 50
180.0
 51
195.759
  0
ARC
  8
QUOTATURA
 10
-3900.404
 20
-896.775
 40
12.271
 50
163.111
 51
180.0
  0
ARC
  8
QUOTATURA
 10
-3899.468
 20
-897.059
 40
13.249
 50
146.861
 51
163.111
  0
ARC
  8
QUOTATURA
 10
-3900.764
 20
-896.213
 40
11.701
 50
128.527
 51
146.861
  0
ARC
  8
QUOTATURA
 10
-3898.59
 20
-898.944
 40
15.192
 50
112.452
 51
128.527
  0
ARC
  8
QUOTATURA
 10
-3896.44
 20
-904.147
 40
20.822
 50
100.53
 51
112.452
  0
ARC
  8
QUOTATURA
 10
-3895.371
 20
-909.898
 40
26.671
 50
90.0
 51
100.53
  0
ARC
  8
QUOTATURA
 10
-3895.371
 20
-913.108
 40
29.881
 50
79.651
 51
90.0
  0
ARC
  8
QUOTATURA
 10
-3893.677
 20
-903.835
 40
20.455
 50
67.135
 51
79.651
  0
ARC
  8
QUOTATURA
 10
-3891.843
 20
-899.484
 40
15.733
 50
51.104
 51
67.135
  0
ARC
  8
QUOTATURA
 10
-3889.986
 20
-897.183
 40
12.775
 50
33.299
 51
51.104
  0
ARC
  8
QUOTATURA
 10
-3891.26
 20
-898.019
 40
14.3
 50
17.312
 51
33.299
  0
ARC
  8
QUOTATURA
 10
-3892.918
 20
-898.536
 40
16.036
 50
2.22
 51
17.312
  0
LINE
  8
QUOTATURA
 10
-3876.893
 11
-3883.131
 20
-897.915
 21
-898.385
  0
ARC
  8
QUOTATURA
 10
-3896.085
 20
-899.783
 40
13.029
 50
6.159
 51
25.796
  0
ARC
  8
QUOTATURA
 10
-3891.738
 20
-897.681
 40
8.201
 50
25.796
 51
50.621
  0
ARC
  8
QUOTATURA
 10
-3892.009
 20
-898.012
 40
8.629
 50
50.621
 51
74.47
  0
ARC
  8
QUOTATURA
 10
-3895.103
 20
-909.144
 40
20.182
 50
74.47
 51
90.0
  0
ARC
  8
QUOTATURA
 10
-3895.103
 20
-916.776
 40
27.814
 50
90.0
 51
96.051
  0
ARC
  8
QUOTATURA
 10
-3896.383
 20
-904.698
 40
15.669
 50
96.051
 51
104.115
  0
ARC
  8
QUOTATURA
 10
-3897.364
 20
-900.798
 40
11.647
 50
104.115
 51
114.866
  0
ARC
  8
QUOTATURA
 10
-3899.299
 20
-896.623
 40
7.046
 50
114.866
 51
128.703
  0
ARC
  8
QUOTATURA
 10
-3898.863
 20
-897.166
 40
7.742
 50
128.703
 51
152.63
  0
ARC
  8
QUOTATURA
 10
-3900.461
 20
-896.339
 40
5.943
 50
152.63
 51
180.0
  0
ARC
  8
QUOTATURA
 10
-3900.372
 20
-896.339
 40
6.032
 50
180.0
 51
203.676
  0
ARC
  8
QUOTATURA
 10
-3900.734
 20
-896.498
 40
5.637
 50
203.676
 51
228.18
  0
ARC
  8
QUOTATURA
 10
-3901.332
 20
-897.229
 40
4.693
 50
227.675
 51
242.955
  0
ARC
  8
QUOTATURA
 10
-3894.372
 20
-883.594
 40
20.001
 50
242.955
 51
250.34
  0
ARC
  8
QUOTATURA
 10
-3889.208
 20
-869.141
 40
35.35
 50
250.34
 51
254.555
  0
ARC
  8
QUOTATURA
 10
-3875.655
 20
-820.088
 40
86.24
 50
254.555
 51
257.253
  0
ARC
  8
QUOTATURA
 10
-3932.31
 20
-1070.534
 40
170.534
 50
75.888
 51
77.253
  0
ARC
  8
QUOTATURA
 10
-3910.89
 20
-985.334
 40
82.683
 50
73.926
 51
75.888
  0
ARC
  8
QUOTATURA
 10
-3902.723
 20
-956.99
 40
53.186
 50
70.881
 51
73.926
  0
ARC
  8
QUOTATURA
 10
-3891.004
 20
-923.184
 40
17.406
 50
65.556
 51
70.881
  0
ARC
  8
QUOTATURA
 10
-3891.945
 20
-925.007
 40
19.455
 50
51.656
 51
65.253
  0
ARC
  8
QUOTATURA
 10
-3887.043
 20
-918.808
 40
11.552
 50
33.981
 51
51.656
  0
ARC
  8
QUOTATURA
 10
-3887.007
 20
-918.784
 40
11.509
 50
16.308
 51
33.981
  0
ARC
  8
QUOTATURA
 10
-3888.919
 20
-919.344
 40
13.501
 50
360.0
 51
16.308
  0
ARC
  8
QUOTATURA
 10
-3888.346
 20
-919.344
 40
12.928
 50
343.098
 51
0.0
  0
ARC
  8
QUOTATURA
 10
-3889.743
 20
-918.919
 40
14.388
 50
327.083
 51
343.098
  0
ARC
  8
QUOTATURA
 10
-3888.923
 20
-919.45
 40
13.412
 50
309.908
 51
327.083
  0
ARC
  8
QUOTATURA
 10
-3891.156
 20
-916.78
 40
16.892
 50
294.616
 51
309.908
  0
ARC
  8
QUOTATURA
 10
-3892.413
 20
-914.037
 40
19.909
 50
281.505
 51
294.616
  0
ARC
  8
QUOTATURA
 10
-3893.593
 20
-908.236
 40
25.829
 50
270.0
 51
281.505
  0
ARC
  8
QUOTATURA
 10
-3893.593
 20
-895.799
 40
38.266
 50
260.134
 51
270.0
  0
ARC
  8
QUOTATURA
 10
-3896.621
 20
-913.205
 40
20.599
 50
246.673
 51
260.134
  0
ARC
  8
QUOTATURA
 10
-3898.118
 20
-916.677
 40
16.818
 50
230.409
 51
246.673
  0
ARC
  8
QUOTATURA
 10
-3899.153
 20
-917.929
 40
15.193
 50
213.291
 51
230.409
  0
ARC
  8
QUOTATURA
 10
-3898.48
 20
-917.487
 40
15.998
 50
196.988
 51
213.291
  0
ARC
  8
QUOTATURA
 10
-3896.711
 20
-916.947
 40
17.848
 50
181.559
 51
196.988
  0
LINE
  8
QUOTATURA
 10
-3828.463
 11
-3821.957
 20
-915.99
 21
-917.633
  0
ARC
  8
QUOTATURA
 10
-3848.469
 20
-910.867
 40
27.362
 50
328.944
 51
345.682
  0
ARC
  8
QUOTATURA
 10
-3840.604
 20
-915.603
 40
18.181
 50
308.372
 51
328.944
  0
ARC
  8
QUOTATURA
 10
-3840.665
 20
-915.526
 40
18.28
 50
287.946
 51
308.372
  0
ARC
  8
QUOTATURA
 10
-3842.312
 20
-910.439
 40
23.626
 50
270.0
 51
287.946
  0
ARC
  8
QUOTATURA
 10
-3842.312
 20
-902.49
 40
31.576
 50
255.946
 51
270.0
  0
ARC
  8
QUOTATURA
 10
-3845.751
 20
-916.228
 40
17.414
 50
236.983
 51
255.946
  0
ARC
  8
QUOTATURA
 10
-3845.266
 20
-915.48
 40
18.305
 50
218.959
 51
236.983
  0
ARC
  8
QUOTATURA
 10
-3841.481
 20
-912.42
 40
23.173
 50
202.953
 51
218.959
  0
ARC
  8
QUOTATURA
 10
-3833.418
 20
-909.005
 40
31.928
 50
191.156
 51
202.953
  0
ARC
  8
QUOTATURA
 10
-3829.727
 20
-908.277
 40
35.691
 50
180.0
 51
191.156
  0
ARC
  8
QUOTATURA
 10
-3830.439
 20
-908.277
 40
34.978
 50
167.646
 51
180.0
  0
ARC
  8
QUOTATURA
 10
-3840.8
 20
-906.008
 40
24.372
 50
152.833
 51
167.646
  0
ARC
  8
QUOTATURA
 10
-3843.45
 20
-904.648
 40
21.393
 50
136.128
 51
152.833
  0
ARC
  8
QUOTATURA
 10
-3844.657
 20
-903.488
 40
19.719
 50
118.722
 51
136.128
  0
ARC
  8
QUOTATURA
 10
-3842.845
 20
-906.794
 40
23.49
 50
103.979
 51
118.722
  0
ARC
  8
QUOTATURA
 10
-3842.212
 20
-909.338
 40
26.111
 50
90.0
 51
103.979
  0
ARC
  8
QUOTATURA
 10
-3842.212
 20
-907.498
 40
24.271
 50
73.159
 51
90.0
  0
ARC
  8
QUOTATURA
 10
-3840.228
 20
-900.943
 40
17.422
 50
53.253
 51
73.159
  0
ARC
  8
QUOTATURA
 10
-3840.34
 20
-901.093
 40
17.609
 50
33.564
 51
53.253
  0
ARC
  8
QUOTATURA
 10
-3844.503
 20
-903.855
 40
22.606
 50
16.206
 51
33.564
  0
LINE
  8
QUOTATURA
 10
-3822.795
 11
-3829.2
 20
-897.546
 21
-899.055
  0
ARC
  8
QUOTATURA
 10
-3849.448
 20
-905.509
 40
21.252
 50
17.68
 51
32.423
  0
ARC
  8
QUOTATURA
 10
-3840.736
 20
-899.975
 40
10.931
 50
32.423
 51
53.036
  0
ARC
  8
QUOTATURA
 10
-3840.819
 20
-900.085
 40
11.067
 50
53.036
 51
73.344
  0
ARC
  8
QUOTATURA
 10
-3842.346
 20
-905.19
 40
16.396
 50
73.344
 51
90.0
  0
ARC
  8
QUOTATURA
 10
-3842.346
 20
-908.47
 40
19.677
 50
90.0
 51
105.999
  0
ARC
  8
QUOTATURA
 10
-3844.113
 20
-902.309
 40
13.267
 50
105.999
 51
125.514
  0
ARC
  8
QUOTATURA
 10
-3843.566
 20
-903.075
 40
14.208
 50
125.514
 51
143.746
  0
ARC
  8
QUOTATURA
 10
-3842.777
 20
-903.654
 40
15.187
 50
143.746
 51
161.376
  0
ARC
  8
QUOTATURA
 10
-3829.345
 20
-908.18
 40
29.361
 50
161.376
 51
170.719
  0
ARC
  8
QUOTATURA
 10
-3828.956
 20
-908.244
 40
29.755
 50
170.719
 51
180.0
  0
ARC
  8
QUOTATURA
 10
-3821.208
 20
-908.244
 40
37.502
 50
180.0
 51
189.477
  0
ARC
  8
QUOTATURA
 10
-3834.564
 20
-910.473
 40
23.962
 50
189.477
 51
201.34
  0
ARC
  8
QUOTATURA
 10
-3842.331
 20
-913.508
 40
15.623
 50
201.34
 51
219.109
  0
ARC
  8
QUOTATURA
 10
-3844.794
 20
-915.51
 40
12.449
 50
219.109
 51
239.036
  0
ARC
  8
QUOTATURA
 10
-3842.842
 20
-912.256
 40
16.244
 50
239.036
 51
254.511
  0
ARC
  8
QUOTATURA
 10
-3842.849
 20
-912.282
 40
16.216
 50
254.511
 51
270.0
  0
ARC
  8
QUOTATURA
 10
-3842.849
 20
-912.502
 40
15.997
 50
270.0
 51
288.808
  0
ARC
  8
QUOTATURA
 10
-3841.858
 20
-915.411
 40
12.923
 50
288.808
 51
309.756
  0
ARC
  8
QUOTATURA
 10
-3841.664
 20
-915.644
 40
12.62
 50
309.756
 51
331.26
  0
ARC
  8
QUOTATURA
 10
-3849.216
 20
-911.503
 40
21.233
 50
331.26
 51
347.8
  0
LINE
  8
QUOTATURA
 10
-3811.957
 11
-3793.077
 20
-933.227
 21
-884.065
  0
LINE
  8
QUOTATURA
 10
-3793.077
 11
-3786.068
 20
-884.065
 21
-884.065
  0
LINE
  8
QUOTATURA
 10
-3786.068
 11
-3765.948
 20
-884.065
 21
-933.227
  0
LINE
  8
QUOTATURA
 10
-3765.948
 11
-3773.359
 20
-933.227
 21
-933.227
  0
LINE
  8
QUOTATURA
 10
-3773.359
 11
-3779.093
 20
-933.227
 21
-918.338
  0
LINE
  8
QUOTATURA
 10
-3779.093
 11
-3799.65
 20
-918.338
 21
-918.338
  0
LINE
  8
QUOTATURA
 10
-3799.65
 11
-3805.049
 20
-918.338
 21
-933.227
  0
LINE
  8
QUOTATURA
 10
-3805.049
 11
-3811.957
 20
-933.227
 21
-933.227
  0
LINE
  8
QUOTATURA
 10
-3797.772
 11
-3781.105
 20
-913.039
 21
-913.039
  0
LINE
  8
QUOTATURA
 10
-3781.105
 11
-3786.236
 20
-913.039
 21
-899.424
  0
ARC
  8
QUOTATURA
 10
-3570.669
 20
-817.858
 40
230.483
 50
199.901
 51
200.726
  0
ARC
  8
QUOTATURA
 10
-3644.437
 20
-844.564
 40
152.029
 50
198.886
 51
199.901
  0
ARC
  8
QUOTATURA
 10
-3674.187
 20
-854.741
 40
120.586
 50
197.606
 51
198.886
  0
ARC
  8
QUOTATURA
 10
-3720.915
 20
-869.57
 40
71.561
 50
195.945
 51
197.606
  0
ARC
  8
QUOTATURA
 10
-3849.482
 20
-877.363
 40
60.926
 50
344.244
 51
348.768
  0
ARC
  8
QUOTATURA
 10
-3853.055
 20
-876.355
 40
64.637
 50
339.852
 51
344.244
  0
LINE
  8
QUOTATURA
 10
-3792.373
 11
-3797.772
 20
-898.619
 21
-913.039
  0
LINE
  8
QUOTATURA
 10
-3755.948
 11
-3755.948
 20
-933.227
 21
-884.065
  0
LINE
  8
QUOTATURA
 10
-3755.948
 11
-3749.442
 20
-884.065
 21
-884.065
  0
LINE
  8
QUOTATURA
 10
-3749.442
 11
-3749.442
 20
-884.065
 21
-927.425
  0
LINE
  8
QUOTATURA
 10
-3749.442
 11
-3725.23
 20
-927.425
 21
-927.425
  0
LINE
  8
QUOTATURA
 10
-3725.23
 11
-3725.23
 20
-927.425
 21
-933.227
  0
LINE
  8
QUOTATURA
 10
-3725.23
 11
-3755.948
 20
-933.227
 21
-933.227
  0
LINE
  8
QUOTATURA
 10
-3715.23
 11
-3696.35
 20
-933.227
 21
-884.065
  0
LINE
  8
QUOTATURA
 10
-3696.35
 11
-3689.341
 20
-884.065
 21
-884.065
  0
LINE
  8
QUOTATURA
 10
-3689.341
 11
-3669.221
 20
-884.065
 21
-933.227
  0
LINE
  8
QUOTATURA
 10
-3669.221
 11
-3676.632
 20
-933.227
 21
-933.227
  0
LINE
  8
QUOTATURA
 10
-3676.632
 11
-3682.366
 20
-933.227
 21
-918.338
  0
LINE
  8
QUOTATURA
 10
-3682.366
 11
-3702.923
 20
-918.338
 21
-918.338
  0
LINE
  8
QUOTATURA
 10
-3702.923
 11
-3708.322
 20
-918.338
 21
-933.227
  0
LINE
  8
QUOTATURA
 10
-3708.322
 11
-3715.23
 20
-933.227
 21
-933.227
  0
LINE
  8
QUOTATURA
 10
-3701.045
 11
-3684.378
 20
-913.039
 21
-913.039
  0
LINE
  8
QUOTATURA
 10
-3684.378
 11
-3689.509
 20
-913.039
 21
-899.424
  0
ARC
  8
QUOTATURA
 10
-3473.942
 20
-817.858
 40
230.483
 50
199.901
 51
200.726
  0
ARC
  8
QUOTATURA
 10
-3547.71
 20
-844.564
 40
152.029
 50
198.886
 51
199.901
  0
ARC
  8
QUOTATURA
 10
-3577.46
 20
-854.741
 40
120.586
 50
197.606
 51
198.886
  0
ARC
  8
QUOTATURA
 10
-3624.188
 20
-869.57
 40
71.561
 50
195.945
 51
197.606
  0
ARC
  8
QUOTATURA
 10
-3752.755
 20
-877.363
 40
60.926
 50
344.244
 51
348.768
  0
ARC
  8
QUOTATURA
 10
-3756.328
 20
-876.355
 40
64.637
 50
339.852
 51
344.244
  0
LINE
  8
QUOTATURA
 10
-3695.646
 11
-3701.045
 20
-898.619
 21
-913.039
  0
LINE
  8
QUOTATURA
 10
-3593.612
 11
-3599.648
 20
-933.227
 21
-933.227
  0
LINE
  8
QUOTATURA
 10
-3599.648
 11
-3599.648
 20
-933.227
 21
-894.763
  0
ARC
  8
QUOTATURA
 10
-3615.209
 20
-878.449
 40
22.545
 50
306.027
 51
313.647
  0
ARC
  8
QUOTATURA
 10
-3626.607
 20
-862.777
 40
41.924
 50
300.442
 51
306.027
  0
ARC
  8
QUOTATURA
 10
-3632.993
 20
-851.911
 40
54.527
 50
296.14
 51
300.442
  0
ARC
  8
QUOTATURA
 10
-3621.815
 20
-874.686
 40
29.157
 50
290.256
 51
296.14
  0
LINE
  8
QUOTATURA
 10
-3611.721
 11
-3611.721
 20
-902.04
 21
-896.205
  0
ARC
  8
QUOTATURA
 10
-3628.866
 20
-859.74
 40
40.295
 50
295.183
 51
303.085
  0
ARC
  8
QUOTATURA
 10
-3624.999
 20
-865.676
 40
33.21
 50
303.085
 51
311.791
  0
ARC
  8
QUOTATURA
 10
-3624.233
 20
-866.533
 40
32.06
 50
311.791
 51
320.774
  0
ARC
  8
QUOTATURA
 10
-3611.464
 20
-876.957
 40
15.577
 50
320.774
 51
333.677
  0
LINE
  8
QUOTATURA
 10
-3597.502
 11
-3593.612
 20
-883.864
 21
-883.864
  0
LINE
  8
QUOTATURA
 10
-3593.612
 11
-3593.612
 20
-883.864
 21
-933.227
  0
ARC
  8
QUOTATURA
 10
-3507.152
 20
-908.981
 40
76.46
 50
176.737
 51
180.0
  0
ARC
  8
QUOTATURA
 10
-3533.257
 20
-907.493
 40
50.312
 50
172.715
 51
176.737
  0
ARC
  8
QUOTATURA
 10
-3543.281
 20
-906.212
 40
40.207
 50
167.69
 51
172.715
  0
ARC
  8
QUOTATURA
 10
-3557.889
 20
-903.024
 40
25.255
 50
161.348
 51
167.69
  0
ARC
  8
QUOTATURA
 10
-3561.174
 20
-901.916
 40
21.789
 50
146.964
 51
161.348
  0
ARC
  8
QUOTATURA
 10
-3567.448
 20
-897.835
 40
14.304
 50
129.186
 51
146.964
  0
ARC
  8
QUOTATURA
 10
-3569.022
 20
-895.904
 40
11.812
 50
107.948
 51
129.186
  0
ARC
  8
QUOTATURA
 10
-3567.582
 20
-900.349
 40
16.485
 50
90.0
 51
107.948
  0
ARC
  8
QUOTATURA
 10
-3567.582
 20
-901.069
 40
17.205
 50
77.076
 51
90.0
  0
ARC
  8
QUOTATURA
 10
-3566.533
 20
-896.498
 40
12.515
 50
61.911
 51
77.076
  0
ARC
  8
QUOTATURA
 10
-3566.636
 20
-896.689
 40
12.732
 50
47.017
 51
61.911
  0
ARC
  8
QUOTATURA
 10
-3567.674
 20
-897.804
 40
14.255
 50
32.945
 51
47.017
  0
ARC
  8
QUOTATURA
 10
-3572.273
 20
-900.784
 40
19.736
 50
22.657
 51
32.945
  0
ARC
  8
QUOTATURA
 10
-3582.325
 20
-904.98
 40
30.628
 50
14.403
 51
22.657
  0
ARC
  8
QUOTATURA
 10
-3576.875
 20
-903.581
 40
25.002
 50
9.316
 51
14.403
  0
ARC
  8
QUOTATURA
 10
-3594.694
 20
-906.504
 40
43.058
 50
5.44
 51
9.316
  0
ARC
  8
QUOTATURA
 10
-3606.799
 20
-907.657
 40
55.219
 50
2.415
 51
5.44
  0
ARC
  8
QUOTATURA
 10
-3638.217
 20
-908.981
 40
86.664
 50
360.0
 51
2.415
  0
ARC
  8
QUOTATURA
 10
-3627.651
 20
-908.981
 40
76.098
 50
356.747
 51
360.0
  0
ARC
  8
QUOTATURA
 10
-3601.956
 20
-910.442
 40
50.362
 50
352.748
 51
356.747
  0
ARC
  8
QUOTATURA
 10
-3592.06
 20
-911.701
 40
40.386
 50
347.769
 51
352.748
  0
ARC
  8
QUOTATURA
 10
-3577.579
 20
-914.84
 40
25.568
 50
341.511
 51
347.769
  0
ARC
  8
QUOTATURA
 10
-3573.936
 20
-916.058
 40
21.727
 50
327.1
 51
341.511
  0
ARC
  8
QUOTATURA
 10
-3567.75
 20
-920.06
 40
14.359
 50
309.349
 51
327.1
  0
ARC
  8
QUOTATURA
 10
-3566.104
 20
-922.067
 40
11.764
 50
287.982
 51
309.349
  0
ARC
  8
QUOTATURA
 10
-3567.582
 20
-917.513
 40
16.552
 50
270.0
 51
287.982
  0
ARC
  8
QUOTATURA
 10
-3567.582
 20
-918.569
 40
15.496
 50
245.465
 51
270.0
  0
ARC
  8
QUOTATURA
 10
-3568.665
 20
-920.94
 40
12.89
 50
218.522
 51
245.465
  0
ARC
  8
QUOTATURA
 10
-3566.451
 20
-919.224
 40
15.691
 50
204.332
 51
218.392
  0
ARC
  8
QUOTATURA
 10
-3555.92
 20
-914.462
 40
27.248
 50
193.674
 51
204.332
  0
ARC
  8
QUOTATURA
 10
-3546.118
 20
-912.077
 40
37.337
 50
185.822
 51
193.674
  0
ARC
  8
QUOTATURA
 10
-3515.762
 20
-908.981
 40
67.85
 50
180.0
 51
185.822
  0
ARC
  8
QUOTATURA
 10
-3491.321
 20
-908.981
 40
86.087
 50
180.0
 51
184.02
  0
ARC
  8
QUOTATURA
 10
-3538.043
 20
-912.265
 40
39.25
 50
184.02
 51
189.974
  0
ARC
  8
QUOTATURA
 10
-3552.572
 20
-914.82
 40
24.498
 50
189.974
 51
199.409
  0
ARC
  8
QUOTATURA
 10
-3567.463
 20
-920.066
 40
8.71
 50
199.409
 51
215.265
  0
ARC
  8
QUOTATURA
 10
-3566.039
 20
-919.059
 40
10.454
 50
215.265
 51
240.181
  0
ARC
  8
QUOTATURA
 10
-3567.582
 20
-921.753
 40
7.349
 50
240.181
 51
270.0
  0
ARC
  8
QUOTATURA
 10
-3567.582
 20
-921.781
 40
7.321
 50
270.0
 51
299.922
  0
ARC
  8
QUOTATURA
 10
-3569.157
 20
-919.046
 40
10.477
 50
299.922
 51
324.848
  0
ARC
  8
QUOTATURA
 10
-3567.778
 20
-920.017
 40
8.791
 50
324.848
 51
340.604
  0
ARC
  8
QUOTATURA
 10
-3582.628
 20
-914.788
 40
24.535
 50
340.604
 51
350.016
  0
ARC
  8
QUOTATURA
 10
-3597.07
 20
-912.246
 40
39.198
 50
350.016
 51
355.972
  0
ARC
  8
QUOTATURA
 10
-3643.427
 20
-908.981
 40
85.671
 50
355.972
 51
360.0
  0
ARC
  8
QUOTATURA
 10
-3644.262
 20
-908.981
 40
86.505
 50
360.0
 51
4.011
  0
ARC
  8
QUOTATURA
 10
-3597.175
 20
-905.679
 40
39.302
 50
4.011
 51
9.964
  0
ARC
  8
QUOTATURA
 10
-3582.557
 20
-903.112
 40
24.461
 50
9.964
 51
19.421
  0
ARC
  8
QUOTATURA
 10
-3567.626
 20
-897.847
 40
8.629
 50
19.421
 51
35.378
  0
ARC
  8
QUOTATURA
 10
-3569.013
 20
-898.832
 40
10.33
 50
35.378
 51
60.52
  0
ARC
  8
QUOTATURA
 10
-3567.649
 20
-896.42
 40
7.559
 50
60.52
 51
90.0
  0
ARC
  8
QUOTATURA
 10
-3567.649
 20
-896.722
 40
7.861
 50
90.0
 51
117.937
  0
ARC
  8
QUOTATURA
 10
-3567.362
 20
-897.264
 40
8.474
 50
117.937
 51
144.825
  0
ARC
  8
QUOTATURA
 10
-3565.659
 20
-898.372
 40
10.506
 50
145.238
 51
159.914
  0
ARC
  8
QUOTATURA
 10
-3551.778
 20
-903.447
 40
25.285
 50
159.914
 51
169.359
  0
ARC
  8
QUOTATURA
 10
-3538.828
 20
-905.881
 40
38.462
 50
169.359
 51
175.63
  0
ARC
  8
QUOTATURA
 10
-3498.249
 20
-908.981
 40
79.159
 50
175.63
 51
180.0
  0
LINE
  8
QUOTATURA
 10
-3541.553
 11
-3541.553
 20
-904.488
 21
-897.613
  0
LINE
  8
QUOTATURA
 10
-3541.553
 11
-3534.678
 20
-897.613
 21
-897.613
  0
LINE
  8
QUOTATURA
 10
-3534.678
 11
-3534.678
 20
-897.613
 21
-904.488
  0
LINE
  8
QUOTATURA
 10
-3534.678
 11
-3541.553
 20
-904.488
 21
-904.488
  0
LINE
  8
QUOTATURA
 10
-3541.553
 11
-3541.553
 20
-933.227
 21
-926.352
  0
LINE
  8
QUOTATURA
 10
-3541.553
 11
-3534.678
 20
-926.352
 21
-926.352
  0
LINE
  8
QUOTATURA
 10
-3534.678
 11
-3534.678
 20
-926.352
 21
-933.227
  0
LINE
  8
QUOTATURA
 10
-3534.678
 11
-3541.553
 20
-933.227
 21
-933.227
  0
LINE
  8
QUOTATURA
 10
-3506.57
 11
-3512.606
 20
-933.227
 21
-933.227
  0
LINE
  8
QUOTATURA
 10
-3512.606
 11
-3512.606
 20
-933.227
 21
-894.763
  0
ARC
  8
QUOTATURA
 10
-3528.167
 20
-878.449
 40
22.545
 50
306.027
 51
313.647
  0
ARC
  8
QUOTATURA
 10
-3539.565
 20
-862.777
 40
41.924
 50
300.442
 51
306.027
  0
ARC
  8
QUOTATURA
 10
-3545.95
 20
-851.911
 40
54.527
 50
296.14
 51
300.442
  0
ARC
  8
QUOTATURA
 10
-3534.773
 20
-874.686
 40
29.157
 50
290.256
 51
296.14
  0
LINE
  8
QUOTATURA
 10
-3524.678
 11
-3524.678
 20
-902.04
 21
-896.205
  0
ARC
  8
QUOTATURA
 10
-3541.824
 20
-859.74
 40
40.295
 50
295.183
 51
303.085
  0
ARC
  8
QUOTATURA
 10
-3537.957
 20
-865.676
 40
33.21
 50
303.085
 51
311.791
  0
ARC
  8
QUOTATURA
 10
-3537.191
 20
-866.533
 40
32.06
 50
311.791
 51
320.774
  0
ARC
  8
QUOTATURA
 10
-3524.422
 20
-876.957
 40
15.577
 50
320.774
 51
333.677
  0
LINE
  8
QUOTATURA
 10
-3510.46
 11
-3506.57
 20
-883.864
 21
-883.864
  0
LINE
  8
QUOTATURA
 10
-3506.57
 11
-3506.57
 20
-883.864
 21
-933.227
  0
LINE
  8
QUOTATURA
 10
-2513.987
 11
-2513.987
 20
1247.126
 21
1338.415
  0
LINE
  8
QUOTATURA
 10
-3553.987
 11
-3098.573
 20
1313.415
 21
1313.415
  0
LINE
  8
QUOTATURA
 10
-2969.401
 11
-2513.987
 20
1313.415
 21
1313.415
  0
LINE
  8
QUOTATURA
 10
-3503.987
 11
-3553.987
 20
1305.08
 21
1313.415
  0
LINE
  8
QUOTATURA
 10
-3553.987
 11
-3503.987
 20
1313.415
 21
1321.75
  0
LINE
  8
QUOTATURA
 10
-3503.987
 11
-3503.987
 20
1321.75
 21
1305.08
  0
LINE
  8
QUOTATURA
 10
-2563.987
 11
-2513.987
 20
1321.75
 21
1313.415
  0
LINE
  8
QUOTATURA
 10
-2513.987
 11
-2563.987
 20
1313.415
 21
1305.08
  0
LINE
  8
QUOTATURA
 10
-2563.987
 11
-2563.987
 20
1305.08
 21
1321.75
  0
LINE
  8
QUOTATURA
 10
-2343.987
 11
-2343.987
 20
1325.126
 21
1849.201
  0
LINE
  8
QUOTATURA
 10
-2603.269
 11
-2603.269
 20
1477.126
 21
1849.201
  0
LINE
  8
QUOTATURA
 10
-2343.987
 11
-2391.172
 20
1824.201
 21
1824.201
  0
LINE
  8
QUOTATURA
 10
-2556.084
 11
-2603.269
 20
1824.201
 21
1824.201
  0
LINE
  8
QUOTATURA
 10
-2393.987
 11
-2343.987
 20
1832.536
 21
1824.201
  0
LINE
  8
QUOTATURA
 10
-2343.987
 11
-2393.987
 20
1824.201
 21
1815.866
  0
LINE
  8
QUOTATURA
 10
-2393.987
 11
-2393.987
 20
1815.866
 21
1832.536
  0
LINE
  8
QUOTATURA
 10
-2553.269
 11
-2603.269
 20
1815.866
 21
1824.201
  0
LINE
  8
QUOTATURA
 10
-2603.269
 11
-2553.269
 20
1824.201
 21
1832.536
  0
LINE
  8
QUOTATURA
 10
-2553.269
 11
-2553.269
 20
1832.536
 21
1815.866
  0
LINE
  8
QUOTATURA
 10
-2538.987
 11
-2828.254
 20
997.126
 21
997.126
  0
LINE
  8
QUOTATURA
 10
-2538.987
 11
-2828.254
 20
1447.126
 21
1447.126
  0
LINE
  8
QUOTATURA
 10
-2803.254
 11
-2803.254
 20
997.126
 21
1184.22
  0
LINE
  8
QUOTATURA
 10
-2803.254
 11
-2803.254
 20
1259.644
 21
1447.126
  0
LINE
  8
QUOTATURA
 10
-2794.919
 11
-2803.254
 20
1047.126
 21
997.126
  0
LINE
  8
QUOTATURA
 10
-2803.254
 11
-2811.589
 20
997.126
 21
1047.126
  0
LINE
  8
QUOTATURA
 10
-2811.589
 11
-2794.919
 20
1047.126
 21
1047.126
  0
LINE
  8
QUOTATURA
 10
-2811.589
 11
-2803.254
 20
1397.126
 21
1447.126
  0
LINE
  8
QUOTATURA
 10
-2803.254
 11
-2794.919
 20
1447.126
 21
1397.126
  0
LINE
  8
QUOTATURA
 10
-2794.919
 11
-2811.589
 20
1397.126
 21
1397.126
  0
LINE
  8
QUOTATURA
 10
-2468.987
 11
-2112.172
 20
1282.126
 21
1282.126
  0
LINE
  8
QUOTATURA
 10
-2468.987
 11
-2112.172
 20
1162.126
 21
1162.126
  0
LINE
  8
QUOTATURA
 10
-2137.172
 11
-2137.172
 20
1282.126
 21
1416.792
  0
LINE
  8
QUOTATURA
 10
-2137.172
 11
-1966.512
 20
1416.792
 21
1416.792
  0
LINE
  8
QUOTATURA
 10
-2128.837
 11
-2137.172
 20
1332.126
 21
1282.126
  0
LINE
  8
QUOTATURA
 10
-2137.172
 11
-2145.507
 20
1282.126
 21
1332.126
  0
LINE
  8
QUOTATURA
 10
-2145.507
 11
-2128.837
 20
1332.126
 21
1332.126
  0
LINE
  8
QUOTATURA
 10
-2137.172
 11
-2137.172
 20
1162.126
 21
1062.126
  0
LINE
  8
QUOTATURA
 10
-2145.507
 11
-2137.172
 20
1112.126
 21
1162.126
  0
LINE
  8
QUOTATURA
 10
-2137.172
 11
-2128.837
 20
1162.126
 21
1112.126
  0
LINE
  8
QUOTATURA
 10
-2128.837
 11
-2145.507
 20
1112.126
 21
1112.126
  0
LINE
  8
QUOTATURA
 10
-3943.987
 11
-4317.494
 20
947.126
 21
947.126
  0
LINE
  8
QUOTATURA
 10
-3943.987
 11
-4317.494
 20
1447.126
 21
1447.126
  0
LINE
  8
QUOTATURA
 10
-4292.494
 11
-4292.494
 20
947.126
 21
1159.016
  0
LINE
  8
QUOTATURA
 10
-4292.494
 11
-4292.494
 20
1234.644
 21
1447.126
  0
LINE
  8
QUOTATURA
 10
-4284.159
 11
-4292.494
 20
997.126
 21
947.126
  0
LINE
  8
QUOTATURA
 10
-4292.494
 11
-4300.829
 20
947.126
 21
997.126
  0
LINE
  8
QUOTATURA
 10
-4300.829
 11
-4284.159
 20
997.126
 21
997.126
  0
LINE
  8
QUOTATURA
 10
-4300.829
 11
-4292.494
 20
1397.126
 21
1447.126
  0
LINE
  8
QUOTATURA
 10
-4292.494
 11
-4284.159
 20
1447.126
 21
1397.126
  0
LINE
  8
QUOTATURA
 10
-4284.159
 11
-4300.829
 20
1397.126
 21
1397.126
  0
LINE
  8
QUOTATURA
 10
-4763.987
 11
-4875.348
 20
1447.126
 21
1447.126
  0
LINE
  8
QUOTATURA
 10
-4708.987
 11
-4875.348
 20
1652.126
 21
1652.126
  0
LINE
  8
QUOTATURA
 10
-4850.348
 11
-4850.348
 20
1652.126
 21
1345.259
  0
LINE
  8
QUOTATURA
 10
-4850.348
 11
-4928.283
 20
1345.259
 21
1345.259
  0
LINE
  8
QUOTATURA
 10
-4842.013
 11
-4850.348
 20
1497.126
 21
1447.126
  0
LINE
  8
QUOTATURA
 10
-4850.348
 11
-4858.683
 20
1447.126
 21
1497.126
  0
LINE
  8
QUOTATURA
 10
-4858.683
 11
-4842.013
 20
1497.126
 21
1497.126
  0
LINE
  8
QUOTATURA
 10
-4858.683
 11
-4850.348
 20
1602.126
 21
1652.126
  0
LINE
  8
QUOTATURA
 10
-4850.348
 11
-4842.013
 20
1652.126
 21
1602.126
  0
LINE
  8
QUOTATURA
 10
-4842.013
 11
-4858.683
 20
1602.126
 21
1602.126
  0
LINE
  8
QUOTATURA
 10
-4738.987
 11
-4738.987
 20
1622.126
 21
2022.778
  0
LINE
  8
QUOTATURA
 10
-3838.987
 11
-3838.987
 20
1502.126
 21
2022.778
  0
LINE
  8
QUOTATURA
 10
-4738.987
 11
-4343.717
 20
1997.778
 21
1997.778
  0
LINE
  8
QUOTATURA
 10
-4234.257
 11
-3838.987
 20
1997.778
 21
1997.778
  0
LINE
  8
QUOTATURA
 10
-4688.987
 11
-4738.987
 20
1989.443
 21
1997.778
  0
LINE
  8
QUOTATURA
 10
-4738.987
 11
-4688.987
 20
1997.778
 21
2006.113
  0
LINE
  8
QUOTATURA
 10
-4688.987
 11
-4688.987
 20
2006.113
 21
1989.443
  0
LINE
  8
QUOTATURA
 10
-3888.987
 11
-3838.987
 20
2006.113
 21
1997.778
  0
LINE
  8
QUOTATURA
 10
-3838.987
 11
-3888.987
 20
1997.778
 21
1989.443
  0
LINE
  8
QUOTATURA
 10
-3888.987
 11
-3888.987
 20
1989.443
 21
2006.113
  0
LINE
  8
QUOTATURA
 10
-5163.987
 11
-4631.391
 20
865.063
 21
865.063
  0
LINE
  8
QUOTATURA
 10
-4496.583
 11
-3963.987
 20
865.063
 21
865.063
  0
LINE
  8
QUOTATURA
 10
-5113.987
 11
-5163.987
 20
856.728
 21
865.063
  0
LINE
  8
QUOTATURA
 10
-5163.987
 11
-5113.987
 20
865.063
 21
873.398
  0
LINE
  8
QUOTATURA
 10
-5113.987
 11
-5113.987
 20
873.398
 21
856.728
  0
LINE
  8
QUOTATURA
 10
-4013.987
 11
-3963.987
 20
873.398
 21
865.063
  0
LINE
  8
QUOTATURA
 10
-3963.987
 11
-4013.987
 20
865.063
 21
856.728
  0
LINE
  8
QUOTATURA
 10
-4013.987
 11
-4013.987
 20
856.728
 21
873.398
  0
LINE
  8
QUOTATURA
 10
-3813.987
 11
-3813.987
 20
612.126
 21
342.84
  0
LINE
  8
QUOTATURA
 10
-5313.987
 11
-5313.987
 20
612.126
 21
342.84
  0
LINE
  8
QUOTATURA
 10
-3813.987
 11
-4495.189
 20
367.84
 21
367.84
  0
LINE
  8
QUOTATURA
 10
-4632.785
 11
-5313.987
 20
367.84
 21
367.84
  0
LINE
  8
QUOTATURA
 10
-3863.987
 11
-3813.987
 20
376.175
 21
367.84
  0
LINE
  8
QUOTATURA
 10
-3813.987
 11
-3863.987
 20
367.84
 21
359.505
  0
LINE
  8
QUOTATURA
 10
-3863.987
 11
-3863.987
 20
359.505
 21
376.175
  0
LINE
  8
QUOTATURA
 10
-5263.987
 11
-5313.987
 20
359.505
 21
367.84
  0
LINE
  8
QUOTATURA
 10
-5313.987
 11
-5263.987
 20
367.84
 21
376.175
  0
LINE
  8
QUOTATURA
 10
-5263.987
 11
-5263.987
 20
376.175
 21
359.505
  0
LINE
  8
QUOTATURA
 10
-5138.987
 11
-4885.532
 20
797.126
 21
797.126
  0
LINE
  8
QUOTATURA
 10
-5138.987
 11
-4885.532
 20
917.126
 21
917.126
  0
LINE
  8
QUOTATURA
 10
-4910.532
 11
-4910.532
 20
917.126
 21
1037.0
  0
LINE
  8
QUOTATURA
 10
-4910.532
 11
-4739.518
 20
1037.0
 21
1037.0
  0
LINE
  8
QUOTATURA
 10
-4902.197
 11
-4910.532
 20
967.126
 21
917.126
  0
LINE
  8
QUOTATURA
 10
-4910.532
 11
-4918.867
 20
917.126
 21
967.126
  0
LINE
  8
QUOTATURA
 10
-4918.867
 11
-4902.197
 20
967.126
 21
967.126
  0
LINE
  8
QUOTATURA
 10
-4910.532
 11
-4910.532
 20
797.126
 21
697.126
  0
LINE
  8
QUOTATURA
 10
-4918.867
 11
-4910.532
 20
747.126
 21
797.126
  0
LINE
  8
QUOTATURA
 10
-4910.532
 11
-4902.197
 20
797.126
 21
747.126
  0
LINE
  8
QUOTATURA
 10
-4902.197
 11
-4918.867
 20
747.126
 21
747.126
  0
LINE
  8
QUOTATURA
 10
-5338.987
 11
-5511.753
 20
947.126
 21
947.126
  0
LINE
  8
QUOTATURA
 10
-5238.987
 11
-5511.753
 20
697.126
 21
697.126
  0
LINE
  8
QUOTATURA
 10
-5486.753
 11
-5486.753
 20
947.126
 21
898.073
  0
LINE
  8
QUOTATURA
 10
-5486.753
 11
-5486.753
 20
822.51
 21
697.126
  0
LINE
  8
QUOTATURA
 10
-5495.088
 11
-5486.753
 20
897.126
 21
947.126
  0
LINE
  8
QUOTATURA
 10
-5486.753
 11
-5478.418
 20
947.126
 21
897.126
  0
LINE
  8
QUOTATURA
 10
-5478.418
 11
-5495.088
 20
897.126
 21
897.126
  0
LINE
  8
QUOTATURA
 10
-5478.418
 11
-5486.753
 20
747.126
 21
697.126
  0
LINE
  8
QUOTATURA
 10
-5486.753
 11
-5495.088
 20
697.126
 21
747.126
  0
LINE
  8
QUOTATURA
 10
-5495.088
 11
-5478.418
 20
747.126
 21
747.126
  0
LINE
  8
QUOTATURA
 10
-4538.987
 11
-4411.544
 20
637.126
 21
637.126
  0
LINE
  8
QUOTATURA
 10
-4538.987
 11
-4411.544
 20
917.126
 21
917.126
  0
LINE
  8
QUOTATURA
 10
-4436.544
 11
-4436.544
 20
917.126
 21
497.954
  0
LINE
  8
QUOTATURA
 10
-4436.544
 11
-4279.857
 20
497.954
 21
497.954
  0
LINE
  8
QUOTATURA
 10
-4428.209
 11
-4436.544
 20
687.126
 21
637.126
  0
LINE
  8
QUOTATURA
 10
-4436.544
 11
-4444.879
 20
637.126
 21
687.126
  0
LINE
  8
QUOTATURA
 10
-4444.879
 11
-4428.209
 20
687.126
 21
687.126
  0
LINE
  8
QUOTATURA
 10
-4444.879
 11
-4436.544
 20
867.126
 21
917.126
  0
LINE
  8
QUOTATURA
 10
-4436.544
 11
-4428.209
 20
917.126
 21
867.126
  0
LINE
  8
QUOTATURA
 10
-4428.209
 11
-4444.879
 20
867.126
 21
867.126
  0
LINE
  8
QUOTATURA
 10
-5313.987
 11
-5313.987
 20
972.126
 21
1117.763
  0
LINE
  8
QUOTATURA
 10
-5113.987
 11
-5113.987
 20
972.126
 21
1117.763
  0
LINE
  8
QUOTATURA
 10
-5113.987
 11
-5381.811
 20
1092.763
 21
1092.763
  0
LINE
  8
QUOTATURA
 10
-5263.987
 11
-5313.987
 20
1084.428
 21
1092.763
  0
LINE
  8
QUOTATURA
 10
-5313.987
 11
-5263.987
 20
1092.763
 21
1101.098
  0
LINE
  8
QUOTATURA
 10
-5263.987
 11
-5263.987
 20
1101.098
 21
1084.428
  0
LINE
  8
QUOTATURA
 10
-5163.987
 11
-5113.987
 20
1101.098
 21
1092.763
  0
LINE
  8
QUOTATURA
 10
-5113.987
 11
-5163.987
 20
1092.763
 21
1084.428
  0
LINE
  8
QUOTATURA
 10
-5163.987
 11
-5163.987
 20
1084.428
 21
1101.098
  0
LINE
  8
QUOTATURA
 10
-4013.987
 11
-4013.987
 20
922.126
 21
807.395
  0
LINE
  8
QUOTATURA
 10
-4013.987
 11
-3625.621
 20
832.395
 21
832.395
  0
LINE
  8
QUOTATURA
 10
-3963.987
 11
-4013.987
 20
824.06
 21
832.395
  0
LINE
  8
QUOTATURA
 10
-4013.987
 11
-3963.987
 20
832.395
 21
840.73
  0
LINE
  8
QUOTATURA
 10
-3963.987
 11
-3963.987
 20
840.73
 21
824.06
  0
LINE
  8
QUOTATURA
 10
-3863.987
 11
-3813.987
 20
840.73
 21
832.395
  0
LINE
  8
QUOTATURA
 10
-3813.987
 11
-3863.987
 20
832.395
 21
824.06
  0
LINE
  8
QUOTATURA
 10
-3863.987
 11
-3863.987
 20
824.06
 21
840.73
  0
LINE
  8
QUOTATURA
 10
-5088.987
 11
-5021.541
 20
917.126
 21
917.126
  0
LINE
  8
QUOTATURA
 10
-5088.987
 11
-5021.541
 20
947.126
 21
947.126
  0
LINE
  8
QUOTATURA
 10
-5046.541
 11
-5046.541
 20
947.126
 21
1124.586
  0
LINE
  8
QUOTATURA
 10
-5046.541
 11
-4876.796
 20
1124.586
 21
1124.586
  0
LINE
  8
QUOTATURA
 10
-5038.206
 11
-5046.541
 20
997.126
 21
947.126
  0
LINE
  8
QUOTATURA
 10
-5046.541
 11
-5054.876
 20
947.126
 21
997.126
  0
LINE
  8
QUOTATURA
 10
-5054.876
 11
-5038.206
 20
997.126
 21
997.126
  0
LINE
  8
QUOTATURA
 10
-5046.541
 11
-5046.541
 20
917.126
 21
817.126
  0
LINE
  8
QUOTATURA
 10
-5054.876
 11
-5046.541
 20
867.126
 21
917.126
  0
LINE
  8
QUOTATURA
 10
-5046.541
 11
-5038.206
 20
917.126
 21
867.126
  0
LINE
  8
QUOTATURA
 10
-5038.206
 11
-5054.876
 20
867.126
 21
867.126
  0
LINE
  8
QUOTATURA
 10
-4691.554
 11
-4718.174
 20
658.11
 21
701.247
  0
LINE
  8
QUOTATURA
 10
-4718.174
 11
-4679.0
 20
701.247
 21
669.078
  0
LINE
  8
QUOTATURA
 10
-4679.0
 11
-4691.554
 20
669.078
 21
658.11
  0
LINE
  8
QUOTATURA
 10
-4718.174
 11
-4164.972
 20
701.247
 21
68.064
  0
LINE
  8
QUOTATURA
 10
-4164.972
 11
-2711.985
 20
68.064
 21
68.064
  0
LINE
  8
QUOTATURA
 10
2368.5
 11
2714.912
 20
2354.0
 21
2354.0
  0
LINE
  8
QUOTATURA
 10
2368.5
 11
2714.912
 20
5.0
 21
5.0
  0
LINE
  8
QUOTATURA
 10
2699.912
 11
2699.912
 20
2354.0
 21
1688.614
  0
LINE
  8
QUOTATURA
 10
2699.912
 11
2699.912
 20
1643.037
 21
5.0
  0
LINE
  8
QUOTATURA
 10
2694.911
 11
2699.912
 20
2324.0
 21
2354.0
  0
LINE
  8
QUOTATURA
 10
2699.912
 11
2704.913
 20
2354.0
 21
2324.0
  0
LINE
  8
QUOTATURA
 10
2704.913
 11
2694.911
 20
2324.0
 21
2324.0
  0
LINE
  8
QUOTATURA
 10
2704.913
 11
2699.912
 20
35.0
 21
5.0
  0
LINE
  8
QUOTATURA
 10
2699.912
 11
2694.911
 20
5.0
 21
35.0
  0
LINE
  8
QUOTATURA
 10
2694.911
 11
2704.913
 20
35.0
 21
35.0
  0
LINE
  8
QUOTATURA
 10
2257.4
 11
2771.119
 20
665.0
 21
665.0
  0
LINE
  8
QUOTATURA
 10
2368.5
 11
2771.119
 20
5.0
 21
5.0
  0
LINE
  8
QUOTATURA
 10
2756.119
 11
2756.119
 20
665.0
 21
441.416
  0
LINE
  8
QUOTATURA
 10
2756.119
 11
2756.119
 20
396.005
 21
5.0
  0
LINE
  8
QUOTATURA
 10
2751.118
 11
2756.119
 20
635.0
 21
665.0
  0
LINE
  8
QUOTATURA
 10
2756.119
 11
2761.12
 20
665.0
 21
635.0
  0
LINE
  8
QUOTATURA
 10
2761.12
 11
2751.118
 20
635.0
 21
635.0
  0
LINE
  8
QUOTATURA
 10
2761.12
 11
2756.119
 20
35.0
 21
5.0
  0
LINE
  8
QUOTATURA
 10
2756.119
 11
2751.118
 20
5.0
 21
35.0
  0
LINE
  8
QUOTATURA
 10
2751.118
 11
2761.12
 20
35.0
 21
35.0
  0
LINE
  8
QUOTATURA
 10
2242.4
 11
2242.4
 20
659.999
 21
670.001
  0
LINE
  8
QUOTATURA
 10
2237.399
 11
2247.401
 20
665.0
 21
665.0
  0
LINE
  8
COSTRUZIONI
 10
5619.434
 11
5619.434
 20
-49.898
 21
2308.102
  0
LINE
  8
COSTRUZIONI
 10
5807.632
 11
5807.632
 20
2081.102
 21
-49.898
  0
LINE
  8
COSTRUZIONI
 10
5917.632
 11
5917.632
 20
2081.102
 21
-49.898
  0
LINE
  8
COSTRUZIONI
 10
5509.434
 11
5509.434
 20
-49.898
 21
2308.102
  0
LINE
  8
COSTRUZIONI
 10
5802.632
 11
5922.632
 20
2081.102
 21
2081.102
  0
LINE
  8
COSTRUZIONI
 10
5504.434
 11
5624.434
 20
2308.102
 21
2308.102
  0
LINE
  8
COSTRUZIONI
 10
5489.434
 11
5489.434
 20
-49.898
 21
2308.102
  0
LINE
  8
COSTRUZIONI
 10
5639.434
 11
5639.434
 20
-49.898
 21
2308.102
  0
LINE
  8
COSTRUZIONI
 10
5787.632
 11
5787.632
 20
2081.102
 21
-49.898
  0
LINE
  8
COSTRUZIONI
 10
5937.632
 11
5937.632
 20
2081.102
 21
-49.898
  0
LINE
  8
COSTRUZIONI
 10
5787.632
 11
5937.632
 20
2081.102
 21
2081.102
  0
LINE
  8
COSTRUZIONI
 10
5489.434
 11
5639.434
 20
2308.102
 21
2308.102
  0
LINE
  8
COSTRUZIONI
 10
5489.434
 11
5639.434
 20
-49.898
 21
-49.898
  0
LINE
  8
COSTRUZIONI
 10
5787.632
 11
5937.632
 20
-49.898
 21
-49.898
  0
LINE
  8
QUOTATURA
 10
5489.434
 11
5489.434
 20
-64.898
 21
-131.184
  0
LINE
  8
QUOTATURA
 10
5639.434
 11
5639.434
 20
-64.898
 21
-131.184
  0
LINE
  8
QUOTATURA
 10
5489.434
 11
5523.156
 20
-116.184
 21
-116.184
  0
LINE
  8
QUOTATURA
 10
5605.713
 11
5639.434
 20
-116.184
 21
-116.184
  0
LINE
  8
QUOTATURA
 10
5519.434
 11
5489.434
 20
-121.185
 21
-116.184
  0
LINE
  8
QUOTATURA
 10
5489.434
 11
5519.434
 20
-116.184
 21
-111.183
  0
LINE
  8
QUOTATURA
 10
5519.434
 11
5519.434
 20
-111.183
 21
-121.185
  0
LINE
  8
QUOTATURA
 10
5609.434
 11
5639.434
 20
-111.183
 21
-116.184
  0
LINE
  8
QUOTATURA
 10
5639.434
 11
5609.434
 20
-116.184
 21
-121.185
  0
LINE
  8
QUOTATURA
 10
5609.434
 11
5609.434
 20
-121.185
 21
-111.183
  0
LINE
  8
QUOTATURA
 10
5787.632
 11
5787.632
 20
-64.898
 21
-132.671
  0
LINE
  8
QUOTATURA
 10
5937.632
 11
5937.632
 20
-64.898
 21
-132.671
  0
LINE
  8
QUOTATURA
 10
5787.632
 11
5821.353
 20
-117.671
 21
-117.671
  0
LINE
  8
QUOTATURA
 10
5903.911
 11
5937.632
 20
-117.671
 21
-117.671
  0
LINE
  8
QUOTATURA
 10
5817.632
 11
5787.632
 20
-122.672
 21
-117.671
  0
LINE
  8
QUOTATURA
 10
5787.632
 11
5817.632
 20
-117.671
 21
-112.67
  0
LINE
  8
QUOTATURA
 10
5817.632
 11
5817.632
 20
-112.67
 21
-122.672
  0
LINE
  8
QUOTATURA
 10
5907.632
 11
5937.632
 20
-112.67
 21
-117.671
  0
LINE
  8
QUOTATURA
 10
5937.632
 11
5907.632
 20
-117.671
 21
-122.672
  0
LINE
  8
QUOTATURA
 10
5907.632
 11
5907.632
 20
-122.672
 21
-112.67
  0
LINE
  8
QUOTATURA
 10
5509.434
 11
5509.434
 20
-64.898
 21
-97.456
  0
LINE
  8
QUOTATURA
 10
5489.434
 11
5425.817
 20
-82.456
 21
-82.456
  0
LINE
  8
QUOTATURA
 10
5459.434
 11
5489.434
 20
-77.455
 21
-82.456
  0
LINE
  8
QUOTATURA
 10
5489.434
 11
5459.434
 20
-82.456
 21
-87.457
  0
LINE
  8
QUOTATURA
 10
5459.434
 11
5459.434
 20
-87.457
 21
-77.455
  0
LINE
  8
QUOTATURA
 10
5509.434
 11
5569.434
 20
-82.456
 21
-82.456
  0
LINE
  8
QUOTATURA
 10
5539.434
 11
5509.434
 20
-87.457
 21
-82.456
  0
LINE
  8
QUOTATURA
 10
5509.434
 11
5539.434
 20
-82.456
 21
-77.455
  0
LINE
  8
QUOTATURA
 10
5539.434
 11
5539.434
 20
-77.455
 21
-87.457
  0
LINE
  8
QUOTATURA
 10
5952.632
 11
6271.928
 20
2081.102
 21
2081.102
  0
LINE
  8
QUOTATURA
 10
5952.632
 11
6271.928
 20
-49.898
 21
-49.898
  0
LINE
  8
QUOTATURA
 10
6256.928
 11
6256.928
 20
2081.102
 21
1038.197
  0
LINE
  8
QUOTATURA
 10
6256.928
 11
6256.928
 20
993.102
 21
-49.898
  0
LINE
  8
QUOTATURA
 10
6251.927
 11
6256.928
 20
2051.102
 21
2081.102
  0
LINE
  8
QUOTATURA
 10
6256.928
 11
6261.929
 20
2081.102
 21
2051.102
  0
LINE
  8
QUOTATURA
 10
6261.929
 11
6251.927
 20
2051.102
 21
2051.102
  0
LINE
  8
QUOTATURA
 10
6261.929
 11
6256.928
 20
-19.898
 21
-49.898
  0
LINE
  8
QUOTATURA
 10
6256.928
 11
6251.927
 20
-49.898
 21
-19.898
  0
LINE
  8
QUOTATURA
 10
6251.927
 11
6261.929
 20
-19.898
 21
-19.898
  0
LINE
  8
APS_GEOMETRY
 10
5208.551
 11
5217.168
 20
-480.461
 21
-480.461
  0
ARC
  8
APS_GEOMETRY
 10
5216.732
 20
-468.114
 40
12.355
 50
272.021
 51
278.44
  0
ARC
  8
APS_GEOMETRY
 10
5217.218
 20
-471.391
 40
9.042
 50
278.44
 51
285.945
  0
ARC
  8
APS_GEOMETRY
 10
5220.877
 20
-484.49
 40
4.559
 50
98.584
 51
104.931
  0
ARC
  8
APS_GEOMETRY
 10
5220.569
 20
-482.45
 40
2.495
 50
90.0
 51
98.584
  0
ARC
  8
APS_GEOMETRY
 10
5220.569
 20
-481.83
 40
1.876
 50
52.871
 51
90.0
  0
ARC
  8
APS_GEOMETRY
 10
5218.025
 20
-485.191
 40
6.091
 50
32.518
 51
52.871
  0
ARC
  8
APS_GEOMETRY
 10
5216.009
 20
-486.476
 40
8.481
 50
17.209
 51
32.518
  0
ARC
  8
APS_GEOMETRY
 10
5217.689
 20
-485.956
 40
6.723
 50
360.0
 51
17.209
  0
ARC
  8
APS_GEOMETRY
 10
5221.053
 20
-485.956
 40
3.359
 50
337.348
 51
360.0
  0
ARC
  8
APS_GEOMETRY
 10
5222.403
 20
-486.519
 40
1.896
 50
307.042
 51
337.348
  0
ARC
  8
APS_GEOMETRY
 10
5222.168
 20
-486.197
 40
2.295
 50
287.186
 51
306.87
  0
ARC
  8
APS_GEOMETRY
 10
5221.959
 20
-485.52
 40
3.003
 50
270.0
 51
287.186
  0
ARC
  8
APS_GEOMETRY
 10
5221.959
 20
-485.826
 40
2.697
 50
252.221
 51
270.0
  0
ARC
  8
APS_GEOMETRY
 10
5221.833
 20
-486.218
 40
2.286
 50
232.896
 51
252.221
  0
ARC
  8
APS_GEOMETRY
 10
5222.319
 20
-485.576
 40
3.09
 50
218.3
 51
232.896
  0
ARC
  8
APS_GEOMETRY
 10
5226.109
 20
-482.583
 40
7.92
 50
209.197
 51
218.3
  0
ARC
  8
APS_GEOMETRY
 10
5206.832
 20
-493.027
 40
14.006
 50
28.025
 51
32.699
  0
ARC
  8
APS_GEOMETRY
 10
5216.91
 20
-486.557
 40
2.03
 50
32.699
 51
45.0
  0
ARC
  8
APS_GEOMETRY
 10
5217.597
 20
-485.87
 40
1.058
 50
45.0
 51
67.557
  0
ARC
  8
APS_GEOMETRY
 10
5217.593
 20
-485.88
 40
1.069
 50
67.557
 51
90.0
  0
ARC
  8
APS_GEOMETRY
 10
5217.593
 20
-485.795
 40
0.984
 50
90.0
 51
120.801
  0
ARC
  8
APS_GEOMETRY
 10
5217.56
 20
-485.74
 40
0.919
 50
120.801
 51
152.7
  0
ARC
  8
APS_GEOMETRY
 10
5218.289
 20
-486.116
 40
1.74
 50
152.7
 51
171.085
  0
ARC
  8
APS_GEOMETRY
 10
5223.834
 20
-486.986
 40
7.353
 50
171.085
 51
180.0
  0
LINE
  8
APS_GEOMETRY
 10
5216.481
 11
5216.481
 20
-486.986
 21
-496.143
  0
ARC
  8
APS_GEOMETRY
 10
5226.195
 20
-496.143
 40
9.714
 50
180.0
 51
188.194
  0
ARC
  8
APS_GEOMETRY
 10
5218.941
 20
-497.187
 40
2.385
 50
188.194
 51
204.775
  0
ARC
  8
APS_GEOMETRY
 10
5218.236
 20
-497.513
 40
1.609
 50
204.775
 51
228.576
  0
ARC
  8
APS_GEOMETRY
 10
5218.897
 20
-496.763
 40
2.608
 50
228.576
 51
247.218
  0
ARC
  8
APS_GEOMETRY
 10
5215.063
 20
-505.799
 40
7.208
 50
59.381
 51
66.93
  0
ARC
  8
APS_GEOMETRY
 10
5217.893
 20
-501.017
 40
1.65
 50
43.568
 51
59.381
  0
ARC
  8
APS_GEOMETRY
 10
5218.346
 20
-500.586
 40
1.025
 50
19.041
 51
43.568
  0
ARC
  8
APS_GEOMETRY
 10
5217.717
 20
-500.803
 40
1.691
 50
360.0
 51
19.041
  0
ARC
  8
APS_GEOMETRY
 10
5218.034
 20
-500.803
 40
1.374
 50
317.66
 51
360.0
  0
ARC
  8
APS_GEOMETRY
 10
5216.773
 20
-499.654
 40
3.08
 50
289.747
 51
317.66
  0
ARC
  8
APS_GEOMETRY
 10
5215.717
 20
-496.711
 40
6.206
 50
281.964
 51
289.747
  0
ARC
  8
APS_GEOMETRY
 10
5214.254
 20
-489.805
 40
13.265
 50
276.643
 51
281.964
  0
ARC
  8
APS_GEOMETRY
 10
5213.638
 20
-484.518
 40
18.589
 50
272.836
 51
276.643
  0
ARC
  8
APS_GEOMETRY
 10
5212.9
 20
-469.63
 40
33.495
 50
270.0
 51
272.836
  0
ARC
  8
APS_GEOMETRY
 10
5212.9
 20
-460.405
 40
42.72
 50
267.283
 51
270.0
  0
ARC
  8
APS_GEOMETRY
 10
5212.003
 20
-479.306
 40
23.797
 50
263.643
 51
267.283
  0
ARC
  8
APS_GEOMETRY
 10
5211.252
 20
-486.048
 40
17.014
 50
258.563
 51
263.643
  0
ARC
  8
APS_GEOMETRY
 10
5209.458
 20
-494.918
 40
7.964
 50
251.136
 51
258.563
  0
ARC
  8
APS_GEOMETRY
 10
5207.856
 20
-499.564
 40
3.05
 50
222.558
 51
251.395
  0
ARC
  8
APS_GEOMETRY
 10
5206.667
 20
-500.656
 40
1.436
 50
180.0
 51
222.558
  0
ARC
  8
APS_GEOMETRY
 10
5206.427
 20
-500.656
 40
1.196
 50
150.642
 51
180.0
  0
ARC
  8
APS_GEOMETRY
 10
5206.523
 20
-500.71
 40
1.306
 50
122.574
 51
150.642
  0
ARC
  8
APS_GEOMETRY
 10
5206.269
 20
-500.418
 40
0.926
 50
108.677
 51
119.055
  0
ARC
  8
APS_GEOMETRY
 10
5217.827
 20
-534.61
 40
37.018
 50
107.038
 51
108.677
  0
ARC
  8
APS_GEOMETRY
 10
5206.55
 20
-497.729
 40
1.549
 50
286.144
 51
308.66
  0
ARC
  8
APS_GEOMETRY
 10
5206.804
 20
-498.046
 40
1.143
 50
308.66
 51
334.933
  0
ARC
  8
APS_GEOMETRY
 10
5205.771
 20
-497.563
 40
2.283
 50
334.933
 51
348.829
  0
ARC
  8
APS_GEOMETRY
 10
5192.858
 20
-495.013
 40
15.445
 50
348.829
 51
354.161
  0
ARC
  8
APS_GEOMETRY
 10
5184.13
 20
-494.113
 40
24.219
 50
354.144
 51
355.66
  0
ARC
  8
APS_GEOMETRY
 10
5145.442
 20
-491.177
 40
63.019
 50
355.66
 51
356.6
  0
ARC
  8
APS_GEOMETRY
 10
5115.868
 20
-489.42
 40
92.646
 50
356.6
 51
357.24
  0
ARC
  8
APS_GEOMETRY
 10
5031.955
 20
-485.375
 40
176.656
 50
357.24
 51
357.703
  0
ARC
  8
APS_GEOMETRY
 10
5040.215
 20
-485.706
 40
168.389
 50
357.703
 51
358.674
  0
ARC
  8
APS_GEOMETRY
 10
5118.131
 20
-487.509
 40
90.452
 50
358.674
 51
0.0
  0
ARC
  8
APS_GEOMETRY
 10
5195.178
 20
-487.509
 40
13.405
 50
360.0
 51
6.242
  0
ARC
  8
APS_GEOMETRY
 10
5205.838
 20
-486.343
 40
2.682
 50
6.242
 51
20.225
  0
ARC
  8
APS_GEOMETRY
 10
5207.315
 20
-485.799
 40
1.107
 50
20.225
 51
50.44
  0
ARC
  8
APS_GEOMETRY
 10
5207.602
 20
-485.451
 40
0.657
 50
50.44
 51
90.0
  0
ARC
  8
APS_GEOMETRY
 10
5207.602
 20
-485.676
 40
0.881
 50
90.0
 51
126.747
  0
ARC
  8
APS_GEOMETRY
 10
5208.847
 20
-487.343
 40
2.962
 50
126.747
 51
146.547
  0
ARC
  8
APS_GEOMETRY
 10
5186.853
 20
-472.887
 40
23.357
 50
324.255
 51
326.701
  0
ARC
  8
APS_GEOMETRY
 10
5196.165
 20
-479.589
 40
11.885
 50
320.826
 51
324.255
  0
ARC
  8
APS_GEOMETRY
 10
5199.208
 20
-482.068
 40
7.959
 50
315.722
 51
320.826
  0
ARC
  8
APS_GEOMETRY
 10
5202.705
 20
-485.479
 40
3.075
 50
307.504
 51
315.722
  0
ARC
  8
APS_GEOMETRY
 10
5202.382
 20
-485.048
 40
3.613
 50
291.306
 51
307.405
  0
ARC
  8
APS_GEOMETRY
 10
5202.942
 20
-486.482
 40
2.073
 50
270.0
 51
291.306
  0
ARC
  8
APS_GEOMETRY
 10
5202.942
 20
-486.616
 40
1.939
 50
245.532
 51
270.0
  0
ARC
  8
APS_GEOMETRY
 10
5202.927
 20
-486.648
 40
1.904
 50
220.833
 51
245.532
  0
ARC
  8
APS_GEOMETRY
 10
5203.124
 20
-486.478
 40
2.164
 50
198.684
 51
220.833
  0
ARC
  8
APS_GEOMETRY
 10
5203.944
 20
-486.201
 40
3.03
 50
180.0
 51
198.684
  0
ARC
  8
APS_GEOMETRY
 10
5205.868
 20
-486.201
 40
4.954
 50
168.408
 51
180.0
  0
ARC
  8
APS_GEOMETRY
 10
5209.044
 20
-486.852
 40
8.196
 50
159.402
 51
168.408
  0
ARC
  8
APS_GEOMETRY
 10
5210.026
 20
-487.221
 40
9.245
 50
151.39
 51
159.402
  0
ARC
  8
APS_GEOMETRY
 10
5209.825
 20
-487.112
 40
9.016
 50
143.276
 51
151.39
  0
ARC
  8
APS_GEOMETRY
 10
5207.3
 20
-485.224
 40
5.863
 50
124.216
 51
143.31
  0
ARC
  8
APS_GEOMETRY
 10
5205.051
 20
-481.916
 40
1.864
 50
90.0
 51
124.216
  0
ARC
  8
APS_GEOMETRY
 10
5205.051
 20
-482.745
 40
2.692
 50
82.725
 51
90.0
  0
ARC
  8
APS_GEOMETRY
 10
5204.841
 20
-484.393
 40
4.353
 50
77.005
 51
82.725
  0
ARC
  8
APS_GEOMETRY
 10
5211.265
 20
-453.419
 40
27.28
 50
258.486
 51
260.378
  0
ARC
  8
APS_GEOMETRY
 10
5208.513
 20
-469.652
 40
10.816
 50
260.378
 51
263.382
  0
ARC
  8
APS_GEOMETRY
 10
5208.278
 20
-471.68
 40
8.774
 50
263.382
 51
267.084
  0
ARC
  8
APS_GEOMETRY
 10
5208.551
 20
-466.325
 40
14.137
 50
267.084
 51
270.0
  0
ARC
  8
APS_GEOMETRY
 10
5238.414
 20
-492.894
 40
12.891
 50
71.91
 51
90.0
  0
ARC
  8
APS_GEOMETRY
 10
5238.913
 20
-491.366
 40
11.283
 50
52.561
 51
71.91
  0
ARC
  8
APS_GEOMETRY
 10
5238.783
 20
-491.404
 40
11.393
 50
38.846
 51
52.156
  0
ARC
  8
APS_GEOMETRY
 10
5236.996
 20
-492.842
 40
13.686
 50
26.707
 51
38.846
  0
ARC
  8
APS_GEOMETRY
 10
5237.35
 20
-492.553
 40
13.241
 50
13.868
 51
26.278
  0
ARC
  8
APS_GEOMETRY
 10
5239.9
 20
-491.924
 40
10.614
 50
360.0
 51
13.868
  0
ARC
  8
APS_GEOMETRY
 10
5240.065
 20
-491.924
 40
10.449
 50
339.712
 51
360.0
  0
ARC
  8
APS_GEOMETRY
 10
5239.477
 20
-491.706
 40
11.076
 50
320.013
 51
339.712
  0
ARC
  8
APS_GEOMETRY
 10
5239.379
 20
-491.653
 40
11.186
 50
303.344
 51
320.123
  0
ARC
  8
APS_GEOMETRY
 10
5238.231
 20
-489.908
 40
13.274
 50
287.949
 51
303.344
  0
ARC
  8
APS_GEOMETRY
 10
5237.854
 20
-488.601
 40
14.634
 50
279.039
 51
287.776
  0
ARC
  8
APS_GEOMETRY
 10
5238.005
 20
-489.55
 40
13.673
 50
270.0
 51
279.039
  0
ARC
  8
APS_GEOMETRY
 10
5238.005
 20
-490.218
 40
13.005
 50
257.728
 51
270.0
  0
ARC
  8
APS_GEOMETRY
 10
5238.026
 20
-490.124
 40
13.102
 50
245.501
 51
257.728
  0
ARC
  8
APS_GEOMETRY
 10
5237.289
 20
-491.735
 40
11.33
 50
228.665
 51
245.511
  0
ARC
  8
APS_GEOMETRY
 10
5237.044
 20
-492.013
 40
10.959
 50
211.535
 51
228.665
  0
ARC
  8
APS_GEOMETRY
 10
5237.365
 20
-491.778
 40
11.356
 50
195.642
 51
211.701
  0
ARC
  8
APS_GEOMETRY
 10
5237.952
 20
-491.613
 40
11.966
 50
180.0
 51
195.642
  0
ARC
  8
APS_GEOMETRY
 10
5238.078
 20
-491.613
 40
12.091
 50
162.181
 51
180.0
  0
ARC
  8
APS_GEOMETRY
 10
5236.975
 20
-491.259
 40
10.933
 50
143.434
 51
162.181
  0
ARC
  8
APS_GEOMETRY
 10
5236.826
 20
-491.14
 40
10.742
 50
126.384
 51
143.471
  0
ARC
  8
APS_GEOMETRY
 10
5237.843
 20
-492.52
 40
12.457
 50
110.525
 51
126.384
  0
ARC
  8
APS_GEOMETRY
 10
5237.793
 20
-492.145
 40
12.089
 50
99.77
 51
110.925
  0
ARC
  8
APS_GEOMETRY
 10
5238.414
 20
-495.751
 40
15.748
 50
90.0
 51
99.77
  0
ARC
  8
APS_GEOMETRY
 10
5236.861
 20
-487.1
 40
2.404
 50
90.0
 51
119.604
  0
ARC
  8
APS_GEOMETRY
 10
5237.071
 20
-487.471
 40
2.83
 50
119.604
 51
146.842
  0
ARC
  8
APS_GEOMETRY
 10
5237.494
 20
-487.817
 40
3.374
 50
145.84
 51
164.055
  0
ARC
  8
APS_GEOMETRY
 10
5238.475
 20
-488.098
 40
4.394
 50
164.055
 51
180.0
  0
ARC
  8
APS_GEOMETRY
 10
5244.607
 20
-488.098
 40
10.526
 50
180.0
 51
189.977
  0
ARC
  8
APS_GEOMETRY
 10
5253.933
 20
-486.457
 40
19.995
 50
189.977
 51
197.211
  0
ARC
  8
APS_GEOMETRY
 10
5255.973
 20
-485.825
 40
22.131
 50
197.211
 51
203.76
  0
ARC
  8
APS_GEOMETRY
 10
5250.891
 20
-488.062
 40
16.579
 50
203.76
 51
211.329
  0
ARC
  8
APS_GEOMETRY
 10
5240.457
 20
-494.324
 40
4.411
 50
212.32
 51
224.441
  0
ARC
  8
APS_GEOMETRY
 10
5240.03
 20
-494.744
 40
3.812
 50
224.441
 51
237.484
  0
ARC
  8
APS_GEOMETRY
 10
5239.753
 20
-495.177
 40
3.298
 50
237.484
 51
252.416
  0
ARC
  8
APS_GEOMETRY
 10
5239.477
 20
-496.049
 40
2.383
 50
252.416
 51
270.0
  0
ARC
  8
APS_GEOMETRY
 10
5239.477
 20
-495.766
 40
2.666
 50
270.0
 51
294.953
  0
ARC
  8
APS_GEOMETRY
 10
5239.552
 20
-495.927
 40
2.489
 50
294.953
 51
320.793
  0
ARC
  8
APS_GEOMETRY
 10
5239.151
 20
-495.6
 40
3.005
 50
320.793
 51
342.777
  0
ARC
  8
APS_GEOMETRY
 10
5237.367
 20
-495.047
 40
4.873
 50
342.777
 51
0.0
  0
ARC
  8
APS_GEOMETRY
 10
5228.987
 20
-495.047
 40
13.254
 50
0.0
 51
8.499
  0
ARC
  8
APS_GEOMETRY
 10
5223.153
 20
-495.919
 40
19.152
 50
8.499
 51
15.566
  0
ARC
  8
APS_GEOMETRY
 10
5223.855
 20
-495.723
 40
18.424
 50
15.566
 51
22.909
  0
ARC
  8
APS_GEOMETRY
 10
5229.886
 20
-493.174
 40
11.876
 50
22.909
 51
32.057
  0
ARC
  8
APS_GEOMETRY
 10
5234.624
 20
-490.19
 40
6.276
 50
31.921
 51
42.51
  0
ARC
  8
APS_GEOMETRY
 10
5235.925
 20
-488.997
 40
4.511
 50
42.51
 51
55.008
  0
ARC
  8
APS_GEOMETRY
 10
5236.365
 20
-488.369
 40
3.745
 50
55.008
 51
69.88
  0
ARC
  8
APS_GEOMETRY
 10
5236.759
 20
-487.294
 40
2.599
 50
69.88
 51
87.754
  0
ARC
  8
APS_GEOMETRY
 10
5262.624
 20
-487.995
 40
7.992
 50
83.923
 51
90.0
  0
ARC
  8
APS_GEOMETRY
 10
5261.982
 20
-494.033
 40
14.063
 50
79.342
 51
83.923
  0
ARC
  8
APS_GEOMETRY
 10
5261.206
 20
-498.153
 40
18.256
 50
75.808
 51
79.342
  0
ARC
  8
APS_GEOMETRY
 10
5258.501
 20
-508.85
 40
29.29
 50
73.018
 51
75.808
  0
ARC
  8
APS_GEOMETRY
 10
5268.027
 20
-477.604
 40
3.376
 50
253.288
 51
259.046
  0
ARC
  8
APS_GEOMETRY
 10
5267.563
 20
-480.001
 40
0.935
 50
259.046
 51
270.0
  0
ARC
  8
APS_GEOMETRY
 10
5267.563
 20
-480.381
 40
0.555
 50
270.0
 51
286.699
  0
ARC
  8
APS_GEOMETRY
 10
5263.126
 20
-465.592
 40
15.995
 50
286.699
 51
289.799
  0
ARC
  8
APS_GEOMETRY
 10
5269.071
 20
-482.047
 40
1.501
 50
100.008
 51
110.556
  0
ARC
  8
APS_GEOMETRY
 10
5269.1
 20
-482.21
 40
1.667
 50
90.0
 51
100.008
  0
ARC
  8
APS_GEOMETRY
 10
5269.1
 20
-482.133
 40
1.59
 50
53.356
 51
90.0
  0
ARC
  8
APS_GEOMETRY
 10
5266.323
 20
-485.866
 40
6.242
 50
35.101
 51
53.356
  0
ARC
  8
APS_GEOMETRY
 10
5264.937
 20
-486.84
 40
7.936
 50
20.245
 51
35.101
  0
ARC
  8
APS_GEOMETRY
 10
5268.354
 20
-485.579
 40
4.294
 50
360.0
 51
20.245
  0
ARC
  8
APS_GEOMETRY
 10
5270.073
 20
-485.579
 40
2.575
 50
340.481
 51
360.0
  0
ARC
  8
APS_GEOMETRY
 10
5270.497
 20
-485.73
 40
2.125
 50
318.972
 51
340.481
  0
ARC
  8
APS_GEOMETRY
 10
5270.686
 20
-485.894
 40
1.874
 50
295.017
 51
318.972
  0
ARC
  8
APS_GEOMETRY
 10
5270.751
 20
-486.033
 40
1.721
 50
270.0
 51
295.017
  0
ARC
  8
APS_GEOMETRY
 10
5270.751
 20
-485.112
 40
2.643
 50
256.171
 51
270.0
  0
ARC
  8
APS_GEOMETRY
 10
5270.463
 20
-486.282
 40
1.437
 50
237.381
 51
256.171
  0
ARC
  8
APS_GEOMETRY
 10
5270.973
 20
-485.485
 40
2.384
 50
231.559
 51
237.381
  0
ARC
  8
APS_GEOMETRY
 10
5278.395
 20
-476.135
 40
14.321
 50
229.185
 51
231.559
  0
ARC
  8
APS_GEOMETRY
 10
5286.348
 20
-466.926
 40
26.49
 50
227.9
 51
229.185
  0
ARC
  8
APS_GEOMETRY
 10
5313.875
 20
-436.461
 40
67.548
 50
227.095
 51
227.9
  0
ARC
  8
APS_GEOMETRY
 10
5262.194
 20
-492.042
 40
8.348
 50
46.975
 51
64.612
  0
ARC
  8
APS_GEOMETRY
 10
5264.031
 20
-488.171
 40
4.063
 50
64.612
 51
90.0
  0
ARC
  8
APS_GEOMETRY
 10
5264.031
 20
-487.036
 40
2.928
 50
90.0
 51
106.966
  0
ARC
  8
APS_GEOMETRY
 10
5263.691
 20
-485.924
 40
1.766
 50
106.966
 51
128.868
  0
ARC
  8
APS_GEOMETRY
 10
5263.495
 20
-485.68
 40
1.453
 50
128.868
 51
154.741
  0
ARC
  8
APS_GEOMETRY
 10
5263.559
 20
-485.71
 40
1.523
 50
154.741
 51
180.0
  0
ARC
  8
APS_GEOMETRY
 10
5263.466
 20
-485.71
 40
1.43
 50
180.0
 51
206.64
  0
ARC
  8
APS_GEOMETRY
 10
5263.926
 20
-485.479
 40
1.945
 50
206.64
 51
229.43
  0
ARC
  8
APS_GEOMETRY
 10
5264.664
 20
-484.618
 40
3.08
 50
229.43
 51
244.493
  0
ARC
  8
APS_GEOMETRY
 10
5266.687
 20
-480.378
 40
7.777
 50
244.493
 51
253.956
  0
ARC
  8
APS_GEOMETRY
 10
5230.652
 20
-602.843
 40
119.879
 50
72.737
 51
73.58
  0
ARC
  8
APS_GEOMETRY
 10
5251.303
 20
-536.385
 40
50.287
 50
71.435
 51
72.737
  0
ARC
  8
APS_GEOMETRY
 10
5258.144
 20
-516.018
 40
28.801
 50
69.164
 51
71.435
  0
ARC
  8
APS_GEOMETRY
 10
5266.216
 20
-494.807
 40
6.106
 50
64.231
 51
69.164
  0
ARC
  8
APS_GEOMETRY
 10
5265.288
 20
-496.676
 40
8.193
 50
34.939
 51
64.068
  0
ARC
  8
APS_GEOMETRY
 10
5267.292
 20
-495.276
 40
5.749
 50
360.0
 51
34.939
  0
ARC
  8
APS_GEOMETRY
 10
5266.06
 20
-495.276
 40
6.981
 50
333.435
 51
360.0
  0
ARC
  8
APS_GEOMETRY
 10
5265.603
 20
-495.048
 40
7.491
 50
307.807
 51
333.435
  0
ARC
  8
APS_GEOMETRY
 10
5264.416
 20
-493.512
 40
9.433
 50
296.732
 51
307.786
  0
ARC
  8
APS_GEOMETRY
 10
5263.713
 20
-492.116
 40
10.995
 50
286.496
 51
296.732
  0
ARC
  8
APS_GEOMETRY
 10
5263.25
 20
-490.554
 40
12.625
 50
277.544
 51
286.496
  0
ARC
  8
APS_GEOMETRY
 10
5262.575
 20
-485.458
 40
17.765
 50
270.0
 51
277.544
  0
ARC
  8
APS_GEOMETRY
 10
5262.575
 20
-484.688
 40
18.535
 50
263.555
 51
270.0
  0
ARC
  8
APS_GEOMETRY
 10
5263.175
 20
-479.376
 40
23.881
 50
257.878
 51
263.555
  0
ARC
  8
APS_GEOMETRY
 10
5262.857
 20
-480.859
 40
22.364
 50
254.839
 51
257.878
  0
ARC
  8
APS_GEOMETRY
 10
5260.274
 20
-490.392
 40
12.487
 50
250.772
 51
254.839
  0
ARC
  8
APS_GEOMETRY
 10
5259.112
 20
-493.724
 40
8.959
 50
245.121
 51
250.772
  0
ARC
  8
APS_GEOMETRY
 10
5257.145
 20
-497.965
 40
4.284
 50
236.944
 51
245.121
  0
ARC
  8
APS_GEOMETRY
 10
5255.985
 20
-499.79
 40
2.122
 50
211.802
 51
236.31
  0
ARC
  8
APS_GEOMETRY
 10
5261.497
 20
-496.372
 40
8.608
 50
199.704
 51
211.802
  0
ARC
  8
APS_GEOMETRY
 10
5264.13
 20
-495.429
 40
11.404
 50
190.413
 51
199.704
  0
ARC
  8
APS_GEOMETRY
 10
5261.848
 20
-495.848
 40
9.084
 50
180.0
 51
190.413
  0
ARC
  8
APS_GEOMETRY
 10
5255.699
 20
-495.848
 40
2.934
 50
164.876
 51
180.0
  0
ARC
  8
APS_GEOMETRY
 10
5254.045
 20
-495.402
 40
1.222
 50
141.34
 51
164.876
  0
ARC
  8
APS_GEOMETRY
 10
5254.205
 20
-495.509
 40
1.414
 50
116.928
 51
142.001
  0
ARC
  8
APS_GEOMETRY
 10
5254.122
 20
-495.344
 40
1.229
 50
90.0
 51
116.928
  0
ARC
  8
APS_GEOMETRY
 10
5254.122
 20
-495.347
 40
1.232
 50
62.21
 51
90.0
  0
ARC
  8
APS_GEOMETRY
 10
5253.63
 20
-496.28
 40
2.287
 50
41.906
 51
62.21
  0
ARC
  8
APS_GEOMETRY
 10
5253.713
 20
-496.298
 40
2.237
 50
37.313
 51
43.668
  0
ARC
  8
APS_GEOMETRY
 10
5241.179
 20
-505.85
 40
17.997
 50
35.074
 51
37.313
  0
ARC
  8
APS_GEOMETRY
 10
5226.946
 20
-515.844
 40
35.389
 50
33.934
 51
35.074
  0
ARC
  8
APS_GEOMETRY
 10
5176.197
 20
-549.989
 40
96.555
 50
33.243
 51
33.934
  0
ARC
  8
APS_GEOMETRY
 10
5259.757
 20
-495.204
 40
3.363
 50
213.453
 51
231.637
  0
ARC
  8
APS_GEOMETRY
 10
5261.346
 20
-493.197
 40
5.924
 50
231.637
 51
245.313
  0
ARC
  8
APS_GEOMETRY
 10
5261.696
 20
-492.435
 40
6.762
 50
245.313
 51
257.398
  0
ARC
  8
APS_GEOMETRY
 10
5261.578
 20
-492.963
 40
6.222
 50
257.398
 51
270.0
  0
ARC
  8
APS_GEOMETRY
 10
5261.578
 20
-493.931
 40
5.253
 50
270.0
 51
282.907
  0
ARC
  8
APS_GEOMETRY
 10
5262.143
 20
-496.398
 40
2.722
 50
282.907
 51
300.872
  0
ARC
  8
APS_GEOMETRY
 10
5262.633
 20
-497.218
 40
1.767
 50
300.872
 51
326.876
  0
ARC
  8
APS_GEOMETRY
 10
5263.191
 20
-497.582
 40
1.101
 50
326.876
 51
0.0
  0
ARC
  8
APS_GEOMETRY
 10
5263.027
 20
-497.582
 40
1.266
 50
0.0
 51
27.553
  0
ARC
  8
APS_GEOMETRY
 10
5262.627
 20
-497.79
 40
1.717
 50
27.553
 51
51.147
  0
ARC
  8
APS_GEOMETRY
 10
5261.799
 20
-498.817
 40
3.036
 50
51.147
 51
65.225
  0
ARC
  8
APS_GEOMETRY
 10
5258.748
 20
-505.429
 40
10.318
 50
65.225
 51
72.848
  0
ARC
  8
APS_GEOMETRY
 10
5276.568
 20
-448.61
 40
49.231
 50
251.106
 51
252.532
  0
ARC
  8
APS_GEOMETRY
 10
5270.26
 20
-467.04
 40
29.751
 50
249.271
 51
251.106
  0
ARC
  8
APS_GEOMETRY
 10
5267.638
 20
-473.97
 40
22.341
 50
246.83
 51
249.271
  0
ARC
  8
APS_GEOMETRY
 10
5263.396
 20
-483.881
 40
11.56
 50
243.435
 51
246.83
  0
ARC
  8
APS_GEOMETRY
 10
5262.913
 20
-484.847
 40
10.481
 50
235.981
 51
243.435
  0
ARC
  8
APS_GEOMETRY
 10
5263.284
 20
-484.298
 40
11.144
 50
228.752
 51
235.981
  0
ARC
  8
APS_GEOMETRY
 10
5261.547
 20
-486.345
 40
8.459
 50
206.421
 51
228.457
  0
ARC
  8
APS_GEOMETRY
 10
5259.269
 20
-487.476
 40
5.916
 50
180.0
 51
206.421
  0
ARC
  8
APS_GEOMETRY
 10
5259.377
 20
-487.476
 40
6.024
 50
166.555
 51
180.0
  0
ARC
  8
APS_GEOMETRY
 10
5260.074
 20
-487.643
 40
6.741
 50
153.848
 51
166.555
  0
ARC
  8
APS_GEOMETRY
 10
5260.132
 20
-487.672
 40
6.806
 50
141.244
 51
153.848
  0
ARC
  8
APS_GEOMETRY
 10
5260.562
 20
-488.017
 40
7.357
 50
129.123
 51
141.244
  0
ARC
  8
APS_GEOMETRY
 10
5261.939
 20
-489.48
 40
9.362
 50
108.978
 51
130.006
  0
ARC
  8
APS_GEOMETRY
 10
5262.624
 20
-491.474
 40
11.47
 50
90.0
 51
108.978
  0
ARC
  8
APS_GEOMETRY
 10
5287.62
 20
-490.635
 40
10.632
 50
77.257
 51
90.0
  0
ARC
  8
APS_GEOMETRY
 10
5287.512
 20
-491.113
 40
11.122
 50
64.799
 51
77.257
  0
ARC
  8
APS_GEOMETRY
 10
5296.67
 20
-471.614
 40
10.421
 50
244.885
 51
251.175
  0
ARC
  8
APS_GEOMETRY
 10
5293.686
 20
-480.368
 40
1.173
 50
251.175
 51
270.0
  0
ARC
  8
APS_GEOMETRY
 10
5293.686
 20
-479.637
 40
1.903
 50
270.0
 51
278.82
  0
ARC
  8
APS_GEOMETRY
 10
5292.457
 20
-471.714
 40
9.922
 50
278.82
 51
282.68
  0
ARC
  8
APS_GEOMETRY
 10
5295.029
 20
-483.104
 40
1.755
 50
95.906
 51
102.995
  0
ARC
  8
APS_GEOMETRY
 10
5295.109
 20
-483.872
 40
2.528
 50
90.0
 51
95.906
  0
ARC
  8
APS_GEOMETRY
 10
5295.109
 20
-483.022
 40
1.678
 50
62.447
 51
90.0
  0
ARC
  8
APS_GEOMETRY
 10
5294.81
 20
-483.594
 40
2.323
 50
39.094
 51
62.447
  0
ARC
  8
APS_GEOMETRY
 10
5291.693
 20
-486.201
 40
6.386
 50
18.435
 51
39.611
  0
ARC
  8
APS_GEOMETRY
 10
5289.78
 20
-486.839
 40
8.403
 50
360.0
 51
18.435
  0
ARC
  8
APS_GEOMETRY
 10
5294.016
 20
-486.839
 40
4.167
 50
334.877
 51
360.0
  0
ARC
  8
APS_GEOMETRY
 10
5295.269
 20
-487.426
 40
2.783
 50
304.007
 51
334.877
  0
ARC
  8
APS_GEOMETRY
 10
5295.249
 20
-487.367
 40
2.843
 50
286.39
 51
303.69
  0
ARC
  8
APS_GEOMETRY
 10
5295.158
 20
-487.058
 40
3.165
 50
270.0
 51
286.39
  0
ARC
  8
APS_GEOMETRY
 10
5295.158
 20
-487.095
 40
3.128
 50
255.155
 51
270.0
  0
ARC
  8
APS_GEOMETRY
 10
5294.815
 20
-488.388
 40
1.791
 50
235.491
 51
255.155
  0
ARC
  8
APS_GEOMETRY
 10
5294.987
 20
-488.138
 40
2.094
 50
218.48
 51
235.491
  0
ARC
  8
APS_GEOMETRY
 10
5297.798
 20
-485.904
 40
5.684
 50
208.179
 51
218.48
  0
ARC
  8
APS_GEOMETRY
 10
5268.985
 20
-501.543
 40
27.099
 50
28.56
 51
31.664
  0
ARC
  8
APS_GEOMETRY
 10
5286.591
 20
-490.685
 40
6.414
 50
31.664
 51
38.047
  0
ARC
  8
APS_GEOMETRY
 10
5287.872
 20
-489.683
 40
4.788
 50
38.047
 51
46.56
  0
ARC
  8
APS_GEOMETRY
 10
5287.206
 20
-490.386
 40
5.756
 50
46.56
 51
54.324
  0
ARC
  8
APS_GEOMETRY
 10
5286.822
 20
-491.047
 40
6.517
 50
54.968
 51
71.48
  0
ARC
  8
APS_GEOMETRY
 10
5287.244
 20
-489.788
 40
5.19
 50
71.48
 51
90.0
  0
ARC
  8
APS_GEOMETRY
 10
5287.244
 20
-488.224
 40
3.625
 50
90.0
 51
114.63
  0
ARC
  8
APS_GEOMETRY
 10
5287.062
 20
-487.827
 40
3.188
 50
114.63
 51
140.921
  0
ARC
  8
APS_GEOMETRY
 10
5287.599
 20
-488.263
 40
3.881
 50
140.921
 51
163.13
  0
ARC
  8
APS_GEOMETRY
 10
5290.288
 20
-489.079
 40
6.691
 50
163.13
 51
180.0
  0
ARC
  8
APS_GEOMETRY
 10
5293.775
 20
-489.079
 40
10.178
 50
180.0
 51
195.44
  0
ARC
  8
APS_GEOMETRY
 10
5293.246
 20
-489.225
 40
9.629
 50
195.44
 51
211.316
  0
ARC
  8
APS_GEOMETRY
 10
5290.701
 20
-490.72
 40
6.678
 50
211.708
 51
240.457
  0
ARC
  8
APS_GEOMETRY
 10
5290.53
 20
-491.021
 40
6.332
 50
240.457
 51
270.0
  0
ARC
  8
APS_GEOMETRY
 10
5290.53
 20
-489.477
 40
7.875
 50
270.0
 51
279.549
  0
ARC
  8
APS_GEOMETRY
 10
5290.432
 20
-488.895
 40
8.466
 50
279.549
 51
288.759
  0
ARC
  8
APS_GEOMETRY
 10
5290.845
 20
-490.111
 40
7.182
 50
288.759
 51
299.545
  0
ARC
  8
APS_GEOMETRY
 10
5292.5
 20
-493.03
 40
3.826
 50
299.545
 51
314.341
  0
ARC
  8
APS_GEOMETRY
 10
5297.617
 20
-498.346
 40
3.553
 50
120.141
 51
133.452
  0
ARC
  8
APS_GEOMETRY
 10
5296.188
 20
-495.884
 40
0.706
 50
90.0
 51
120.141
  0
ARC
  8
APS_GEOMETRY
 10
5296.188
 20
-496.293
 40
1.115
 50
61.952
 51
90.0
  0
ARC
  8
APS_GEOMETRY
 10
5296.022
 20
-496.604
 40
1.468
 50
37.569
 51
61.952
  0
ARC
  8
APS_GEOMETRY
 10
5295.712
 20
-496.843
 40
1.859
 50
17.665
 51
37.569
  0
ARC
  8
APS_GEOMETRY
 10
5295.24
 20
-496.993
 40
2.354
 50
360.0
 51
17.665
  0
ARC
  8
APS_GEOMETRY
 10
5294.054
 20
-496.993
 40
3.54
 50
344.932
 51
0.0
  0
ARC
  8
APS_GEOMETRY
 10
5290.905
 20
-496.145
 40
6.801
 50
334.075
 51
344.932
  0
ARC
  8
APS_GEOMETRY
 10
5290.806
 20
-496.097
 40
6.912
 50
323.374
 51
334.075
  0
ARC
  8
APS_GEOMETRY
 10
5292.838
 20
-497.607
 40
4.38
 50
309.92
 51
323.374
  0
ARC
  8
APS_GEOMETRY
 10
5294.868
 20
-500.003
 40
1.24
 50
289.026
 51
308.991
  0
ARC
  8
APS_GEOMETRY
 10
5292.702
 20
-493.72
 40
7.886
 50
281.143
 51
289.026
  0
ARC
  8
APS_GEOMETRY
 10
5294.899
 20
-505.111
 40
3.715
 50
100.437
 51
110.12
  0
ARC
  8
APS_GEOMETRY
 10
5297.809
 20
-513.056
 40
12.177
 50
110.12
 51
115.463
  0
ARC
  8
APS_GEOMETRY
 10
5287.419
 20
-491.316
 40
11.919
 50
282.94
 51
295.628
  0
ARC
  8
APS_GEOMETRY
 10
5287.522
 20
-491.763
 40
11.46
 50
270.0
 51
282.94
  0
ARC
  8
APS_GEOMETRY
 10
5287.522
 20
-491.086
 40
12.137
 50
257.307
 51
270.0
  0
ARC
  8
APS_GEOMETRY
 10
5288.034
 20
-488.811
 40
14.469
 50
245.686
 51
257.307
  0
ARC
  8
APS_GEOMETRY
 10
5286.749
 20
-491.631
 40
11.37
 50
228.801
 51
245.735
  0
ARC
  8
APS_GEOMETRY
 10
5286.77
 20
-491.607
 40
11.402
 50
211.891
 51
228.801
  0
ARC
  8
APS_GEOMETRY
 10
5287.444
 20
-491.122
 40
12.231
 50
196.728
 51
212.152
  0
ARC
  8
APS_GEOMETRY
 10
5285.7
 20
-491.646
 40
10.41
 50
180.0
 51
196.728
  0
ARC
  8
APS_GEOMETRY
 10
5285.954
 20
-491.646
 40
10.663
 50
161.184
 51
180.0
  0
ARC
  8
APS_GEOMETRY
 10
5286.638
 20
-491.879
 40
11.386
 50
142.98
 51
161.184
  0
ARC
  8
APS_GEOMETRY
 10
5287.17
 20
-492.286
 40
12.056
 50
127.824
 51
142.958
  0
ARC
  8
APS_GEOMETRY
 10
5288.047
 20
-493.416
 40
13.486
 50
113.52
 51
127.824
  0
ARC
  8
APS_GEOMETRY
 10
5287.762
 20
-492.756
 40
12.768
 50
101.927
 51
113.527
  0
ARC
  8
APS_GEOMETRY
 10
5287.62
 20
-492.084
 40
12.08
 50
90.0
 51
101.927
  0
ARC
  8
APS_GEOMETRY
 10
5312.86
 20
-492.894
 40
12.891
 50
71.91
 51
90.0
  0
ARC
  8
APS_GEOMETRY
 10
5313.36
 20
-491.366
 40
11.283
 50
52.561
 51
71.91
  0
ARC
  8
APS_GEOMETRY
 10
5313.229
 20
-491.404
 40
11.393
 50
38.846
 51
52.156
  0
ARC
  8
APS_GEOMETRY
 10
5311.443
 20
-492.842
 40
13.686
 50
26.707
 51
38.846
  0
ARC
  8
APS_GEOMETRY
 10
5311.796
 20
-492.553
 40
13.241
 50
13.868
 51
26.278
  0
ARC
  8
APS_GEOMETRY
 10
5314.346
 20
-491.924
 40
10.614
 50
360.0
 51
13.868
  0
ARC
  8
APS_GEOMETRY
 10
5314.511
 20
-491.924
 40
10.449
 50
339.712
 51
360.0
  0
ARC
  8
APS_GEOMETRY
 10
5313.923
 20
-491.706
 40
11.076
 50
320.013
 51
339.712
  0
ARC
  8
APS_GEOMETRY
 10
5313.825
 20
-491.653
 40
11.186
 50
303.344
 51
320.123
  0
ARC
  8
APS_GEOMETRY
 10
5312.678
 20
-489.908
 40
13.274
 50
287.949
 51
303.344
  0
ARC
  8
APS_GEOMETRY
 10
5312.3
 20
-488.601
 40
14.634
 50
279.039
 51
287.776
  0
ARC
  8
APS_GEOMETRY
 10
5312.451
 20
-489.55
 40
13.673
 50
270.0
 51
279.039
  0
ARC
  8
APS_GEOMETRY
 10
5312.451
 20
-490.218
 40
13.005
 50
257.728
 51
270.0
  0
ARC
  8
APS_GEOMETRY
 10
5312.472
 20
-490.124
 40
13.102
 50
245.501
 51
257.728
  0
ARC
  8
APS_GEOMETRY
 10
5311.736
 20
-491.735
 40
11.33
 50
228.665
 51
245.511
  0
ARC
  8
APS_GEOMETRY
 10
5311.491
 20
-492.013
 40
10.959
 50
211.535
 51
228.665
  0
ARC
  8
APS_GEOMETRY
 10
5311.812
 20
-491.778
 40
11.356
 50
195.642
 51
211.701
  0
ARC
  8
APS_GEOMETRY
 10
5312.399
 20
-491.613
 40
11.966
 50
180.0
 51
195.642
  0
ARC
  8
APS_GEOMETRY
 10
5312.524
 20
-491.613
 40
12.091
 50
162.181
 51
180.0
  0
ARC
  8
APS_GEOMETRY
 10
5311.421
 20
-491.259
 40
10.933
 50
143.434
 51
162.181
  0
ARC
  8
APS_GEOMETRY
 10
5311.273
 20
-491.14
 40
10.742
 50
126.384
 51
143.471
  0
ARC
  8
APS_GEOMETRY
 10
5312.29
 20
-492.52
 40
12.457
 50
110.525
 51
126.384
  0
ARC
  8
APS_GEOMETRY
 10
5312.239
 20
-492.145
 40
12.089
 50
99.77
 51
110.925
  0
ARC
  8
APS_GEOMETRY
 10
5312.86
 20
-495.751
 40
15.748
 50
90.0
 51
99.77
  0
ARC
  8
APS_GEOMETRY
 10
5311.307
 20
-487.1
 40
2.404
 50
90.0
 51
119.604
  0
ARC
  8
APS_GEOMETRY
 10
5311.517
 20
-487.471
 40
2.83
 50
119.604
 51
146.842
  0
ARC
  8
APS_GEOMETRY
 10
5311.94
 20
-487.817
 40
3.374
 50
145.84
 51
164.055
  0
ARC
  8
APS_GEOMETRY
 10
5312.921
 20
-488.098
 40
4.394
 50
164.055
 51
180.0
  0
ARC
  8
APS_GEOMETRY
 10
5319.053
 20
-488.098
 40
10.526
 50
180.0
 51
189.977
  0
ARC
  8
APS_GEOMETRY
 10
5328.379
 20
-486.457
 40
19.995
 50
189.977
 51
197.211
  0
ARC
  8
APS_GEOMETRY
 10
5330.419
 20
-485.825
 40
22.131
 50
197.211
 51
203.76
  0
ARC
  8
APS_GEOMETRY
 10
5325.338
 20
-488.062
 40
16.579
 50
203.76
 51
211.329
  0
ARC
  8
APS_GEOMETRY
 10
5314.903
 20
-494.324
 40
4.411
 50
212.32
 51
224.441
  0
ARC
  8
APS_GEOMETRY
 10
5314.476
 20
-494.744
 40
3.812
 50
224.441
 51
237.484
  0
ARC
  8
APS_GEOMETRY
 10
5314.199
 20
-495.177
 40
3.298
 50
237.484
 51
252.416
  0
ARC
  8
APS_GEOMETRY
 10
5313.923
 20
-496.049
 40
2.383
 50
252.416
 51
270.0
  0
ARC
  8
APS_GEOMETRY
 10
5313.923
 20
-495.766
 40
2.666
 50
270.0
 51
294.953
  0
ARC
  8
APS_GEOMETRY
 10
5313.998
 20
-495.927
 40
2.489
 50
294.953
 51
320.793
  0
ARC
  8
APS_GEOMETRY
 10
5313.597
 20
-495.6
 40
3.005
 50
320.793
 51
342.777
  0
ARC
  8
APS_GEOMETRY
 10
5311.814
 20
-495.047
 40
4.873
 50
342.777
 51
0.0
  0
ARC
  8
APS_GEOMETRY
 10
5303.433
 20
-495.047
 40
13.254
 50
0.0
 51
8.499
  0
ARC
  8
APS_GEOMETRY
 10
5297.599
 20
-495.919
 40
19.152
 50
8.499
 51
15.566
  0
ARC
  8
APS_GEOMETRY
 10
5298.301
 20
-495.723
 40
18.424
 50
15.566
 51
22.909
  0
ARC
  8
APS_GEOMETRY
 10
5304.333
 20
-493.174
 40
11.876
 50
22.909
 51
32.057
  0
ARC
  8
APS_GEOMETRY
 10
5309.07
 20
-490.19
 40
6.276
 50
31.921
 51
42.51
  0
ARC
  8
APS_GEOMETRY
 10
5310.371
 20
-488.997
 40
4.511
 50
42.51
 51
55.008
  0
ARC
  8
APS_GEOMETRY
 10
5310.811
 20
-488.369
 40
3.745
 50
55.008
 51
69.88
  0
ARC
  8
APS_GEOMETRY
 10
5311.205
 20
-487.294
 40
2.599
 50
69.88
 51
87.754
  0
ARC
  8
APS_GEOMETRY
 10
5339.54
 20
-490.635
 40
10.632
 50
77.257
 51
90.0
  0
ARC
  8
APS_GEOMETRY
 10
5339.432
 20
-491.113
 40
11.122
 50
64.799
 51
77.257
  0
ARC
  8
APS_GEOMETRY
 10
5348.591
 20
-471.614
 40
10.421
 50
244.885
 51
251.175
  0
ARC
  8
APS_GEOMETRY
 10
5345.606
 20
-480.368
 40
1.173
 50
251.175
 51
270.0
  0
ARC
  8
APS_GEOMETRY
 10
5345.606
 20
-479.637
 40
1.903
 50
270.0
 51
278.82
  0
ARC
  8
APS_GEOMETRY
 10
5344.377
 20
-471.714
 40
9.922
 50
278.82
 51
282.68
  0
ARC
  8
APS_GEOMETRY
 10
5346.949
 20
-483.104
 40
1.755
 50
95.906
 51
102.995
  0
ARC
  8
APS_GEOMETRY
 10
5347.029
 20
-483.872
 40
2.528
 50
90.0
 51
95.906
  0
ARC
  8
APS_GEOMETRY
 10
5347.029
 20
-483.022
 40
1.678
 50
62.447
 51
90.0
  0
ARC
  8
APS_GEOMETRY
 10
5346.731
 20
-483.594
 40
2.323
 50
39.094
 51
62.447
  0
ARC
  8
APS_GEOMETRY
 10
5343.613
 20
-486.201
 40
6.386
 50
18.435
 51
39.611
  0
ARC
  8
APS_GEOMETRY
 10
5341.7
 20
-486.839
 40
8.403
 50
360.0
 51
18.435
  0
ARC
  8
APS_GEOMETRY
 10
5345.936
 20
-486.839
 40
4.167
 50
334.877
 51
360.0
  0
ARC
  8
APS_GEOMETRY
 10
5347.19
 20
-487.426
 40
2.783
 50
304.007
 51
334.877
  0
ARC
  8
APS_GEOMETRY
 10
5347.169
 20
-487.367
 40
2.843
 50
286.39
 51
303.69
  0
ARC
  8
APS_GEOMETRY
 10
5347.078
 20
-487.058
 40
3.165
 50
270.0
 51
286.39
  0
ARC
  8
APS_GEOMETRY
 10
5347.078
 20
-487.095
 40
3.128
 50
255.155
 51
270.0
  0
ARC
  8
APS_GEOMETRY
 10
5346.735
 20
-488.388
 40
1.791
 50
235.491
 51
255.155
  0
ARC
  8
APS_GEOMETRY
 10
5346.907
 20
-488.138
 40
2.094
 50
218.48
 51
235.491
  0
ARC
  8
APS_GEOMETRY
 10
5349.718
 20
-485.904
 40
5.684
 50
208.179
 51
218.48
  0
ARC
  8
APS_GEOMETRY
 10
5320.905
 20
-501.543
 40
27.099
 50
28.56
 51
31.664
  0
ARC
  8
APS_GEOMETRY
 10
5338.512
 20
-490.685
 40
6.414
 50
31.664
 51
38.047
  0
ARC
  8
APS_GEOMETRY
 10
5339.792
 20
-489.683
 40
4.788
 50
38.047
 51
46.56
  0
ARC
  8
APS_GEOMETRY
 10
5339.126
 20
-490.386
 40
5.756
 50
46.56
 51
54.324
  0
ARC
  8
APS_GEOMETRY
 10
5338.742
 20
-491.047
 40
6.517
 50
54.968
 51
71.48
  0
ARC
  8
APS_GEOMETRY
 10
5339.164
 20
-489.788
 40
5.19
 50
71.48
 51
90.0
  0
ARC
  8
APS_GEOMETRY
 10
5339.164
 20
-488.224
 40
3.625
 50
90.0
 51
114.63
  0
ARC
  8
APS_GEOMETRY
 10
5338.982
 20
-487.827
 40
3.188
 50
114.63
 51
140.921
  0
ARC
  8
APS_GEOMETRY
 10
5339.52
 20
-488.263
 40
3.881
 50
140.921
 51
163.13
  0
ARC
  8
APS_GEOMETRY
 10
5342.208
 20
-489.079
 40
6.691
 50
163.13
 51
180.0
  0
ARC
  8
APS_GEOMETRY
 10
5345.695
 20
-489.079
 40
10.178
 50
180.0
 51
195.44
  0
ARC
  8
APS_GEOMETRY
 10
5345.166
 20
-489.225
 40
9.629
 50
195.44
 51
211.316
  0
ARC
  8
APS_GEOMETRY
 10
5342.621
 20
-490.72
 40
6.678
 50
211.708
 51
240.457
  0
ARC
  8
APS_GEOMETRY
 10
5342.45
 20
-491.021
 40
6.332
 50
240.457
 51
270.0
  0
ARC
  8
APS_GEOMETRY
 10
5342.45
 20
-489.477
 40
7.875
 50
270.0
 51
279.549
  0
ARC
  8
APS_GEOMETRY
 10
5342.352
 20
-488.895
 40
8.466
 50
279.549
 51
288.759
  0
ARC
  8
APS_GEOMETRY
 10
5342.765
 20
-490.111
 40
7.182
 50
288.759
 51
299.545
  0
ARC
  8
APS_GEOMETRY
 10
5344.42
 20
-493.03
 40
3.826
 50
299.545
 51
314.341
  0
ARC
  8
APS_GEOMETRY
 10
5349.538
 20
-498.346
 40
3.553
 50
120.141
 51
133.452
  0
ARC
  8
APS_GEOMETRY
 10
5348.108
 20
-495.884
 40
0.706
 50
90.0
 51
120.141
  0
ARC
  8
APS_GEOMETRY
 10
5348.108
 20
-496.293
 40
1.115
 50
61.952
 51
90.0
  0
ARC
  8
APS_GEOMETRY
 10
5347.942
 20
-496.604
 40
1.468
 50
37.569
 51
61.952
  0
ARC
  8
APS_GEOMETRY
 10
5347.632
 20
-496.843
 40
1.859
 50
17.665
 51
37.569
  0
ARC
  8
APS_GEOMETRY
 10
5347.16
 20
-496.993
 40
2.354
 50
360.0
 51
17.665
  0
ARC
  8
APS_GEOMETRY
 10
5345.974
 20
-496.993
 40
3.54
 50
344.932
 51
0.0
  0
ARC
  8
APS_GEOMETRY
 10
5342.825
 20
-496.145
 40
6.801
 50
334.075
 51
344.932
  0
ARC
  8
APS_GEOMETRY
 10
5342.726
 20
-496.097
 40
6.912
 50
323.374
 51
334.075
  0
ARC
  8
APS_GEOMETRY
 10
5344.758
 20
-497.607
 40
4.38
 50
309.92
 51
323.374
  0
ARC
  8
APS_GEOMETRY
 10
5346.788
 20
-500.003
 40
1.24
 50
289.026
 51
308.991
  0
ARC
  8
APS_GEOMETRY
 10
5344.622
 20
-493.72
 40
7.886
 50
281.143
 51
289.026
  0
ARC
  8
APS_GEOMETRY
 10
5346.819
 20
-505.111
 40
3.715
 50
100.437
 51
110.12
  0
ARC
  8
APS_GEOMETRY
 10
5349.729
 20
-513.056
 40
12.177
 50
110.12
 51
115.463
  0
ARC
  8
APS_GEOMETRY
 10
5339.339
 20
-491.316
 40
11.919
 50
282.94
 51
295.628
  0
ARC
  8
APS_GEOMETRY
 10
5339.442
 20
-491.763
 40
11.46
 50
270.0
 51
282.94
  0
ARC
  8
APS_GEOMETRY
 10
5339.442
 20
-491.086
 40
12.137
 50
257.307
 51
270.0
  0
ARC
  8
APS_GEOMETRY
 10
5339.954
 20
-488.811
 40
14.469
 50
245.686
 51
257.307
  0
ARC
  8
APS_GEOMETRY
 10
5338.669
 20
-491.631
 40
11.37
 50
228.801
 51
245.735
  0
ARC
  8
APS_GEOMETRY
 10
5338.69
 20
-491.607
 40
11.402
 50
211.891
 51
228.801
  0
ARC
  8
APS_GEOMETRY
 10
5339.364
 20
-491.122
 40
12.231
 50
196.728
 51
212.152
  0
ARC
  8
APS_GEOMETRY
 10
5337.62
 20
-491.646
 40
10.41
 50
180.0
 51
196.728
  0
ARC
  8
APS_GEOMETRY
 10
5337.874
 20
-491.646
 40
10.663
 50
161.184
 51
180.0
  0
ARC
  8
APS_GEOMETRY
 10
5338.558
 20
-491.879
 40
11.386
 50
142.98
 51
161.184
  0
ARC
  8
APS_GEOMETRY
 10
5339.09
 20
-492.286
 40
12.056
 50
127.824
 51
142.958
  0
ARC
  8
APS_GEOMETRY
 10
5339.967
 20
-493.416
 40
13.486
 50
113.52
 51
127.824
  0
ARC
  8
APS_GEOMETRY
 10
5339.682
 20
-492.756
 40
12.768
 50
101.927
 51
113.527
  0
ARC
  8
APS_GEOMETRY
 10
5339.54
 20
-492.084
 40
12.08
 50
90.0
 51
101.927
  0
ARC
  8
APS_GEOMETRY
 10
5364.78
 20
-492.894
 40
12.891
 50
71.91
 51
90.0
  0
ARC
  8
APS_GEOMETRY
 10
5365.28
 20
-491.366
 40
11.283
 50
52.561
 51
71.91
  0
ARC
  8
APS_GEOMETRY
 10
5365.149
 20
-491.404
 40
11.393
 50
38.846
 51
52.156
  0
ARC
  8
APS_GEOMETRY
 10
5363.363
 20
-492.842
 40
13.686
 50
26.707
 51
38.846
  0
ARC
  8
APS_GEOMETRY
 10
5363.716
 20
-492.553
 40
13.241
 50
13.868
 51
26.278
  0
ARC
  8
APS_GEOMETRY
 10
5366.266
 20
-491.924
 40
10.614
 50
360.0
 51
13.868
  0
ARC
  8
APS_GEOMETRY
 10
5366.431
 20
-491.924
 40
10.449
 50
339.712
 51
360.0
  0
ARC
  8
APS_GEOMETRY
 10
5365.843
 20
-491.706
 40
11.076
 50
320.013
 51
339.712
  0
ARC
  8
APS_GEOMETRY
 10
5365.745
 20
-491.653
 40
11.186
 50
303.344
 51
320.123
  0
ARC
  8
APS_GEOMETRY
 10
5364.598
 20
-489.908
 40
13.274
 50
287.949
 51
303.344
  0
ARC
  8
APS_GEOMETRY
 10
5364.22
 20
-488.601
 40
14.634
 50
279.039
 51
287.776
  0
ARC
  8
APS_GEOMETRY
 10
5364.372
 20
-489.55
 40
13.673
 50
270.0
 51
279.039
  0
ARC
  8
APS_GEOMETRY
 10
5364.372
 20
-490.218
 40
13.005
 50
257.728
 51
270.0
  0
ARC
  8
APS_GEOMETRY
 10
5364.392
 20
-490.124
 40
13.102
 50
245.501
 51
257.728
  0
ARC
  8
APS_GEOMETRY
 10
5363.656
 20
-491.735
 40
11.33
 50
228.665
 51
245.511
  0
ARC
  8
APS_GEOMETRY
 10
5363.411
 20
-492.013
 40
10.959
 50
211.535
 51
228.665
  0
ARC
  8
APS_GEOMETRY
 10
5363.732
 20
-491.778
 40
11.356
 50
195.642
 51
211.701
  0
ARC
  8
APS_GEOMETRY
 10
5364.319
 20
-491.613
 40
11.966
 50
180.0
 51
195.642
  0
ARC
  8
APS_GEOMETRY
 10
5364.444
 20
-491.613
 40
12.091
 50
162.181
 51
180.0
  0
ARC
  8
APS_GEOMETRY
 10
5363.341
 20
-491.259
 40
10.933
 50
143.434
 51
162.181
  0
ARC
  8
APS_GEOMETRY
 10
5363.193
 20
-491.14
 40
10.742
 50
126.384
 51
143.471
  0
ARC
  8
APS_GEOMETRY
 10
5364.21
 20
-492.52
 40
12.457
 50
110.525
 51
126.384
  0
ARC
  8
APS_GEOMETRY
 10
5364.159
 20
-492.145
 40
12.089
 50
99.77
 51
110.925
  0
ARC
  8
APS_GEOMETRY
 10
5364.78
 20
-495.751
 40
15.748
 50
90.0
 51
99.77
  0
ARC
  8
APS_GEOMETRY
 10
5363.227
 20
-487.1
 40
2.404
 50
90.0
 51
119.604
  0
ARC
  8
APS_GEOMETRY
 10
5363.437
 20
-487.471
 40
2.83
 50
119.604
 51
146.842
  0
ARC
  8
APS_GEOMETRY
 10
5363.861
 20
-487.817
 40
3.374
 50
145.84
 51
164.055
  0
ARC
  8
APS_GEOMETRY
 10
5364.841
 20
-488.098
 40
4.394
 50
164.055
 51
180.0
  0
ARC
  8
APS_GEOMETRY
 10
5370.973
 20
-488.098
 40
10.526
 50
180.0
 51
189.977
  0
ARC
  8
APS_GEOMETRY
 10
5380.299
 20
-486.457
 40
19.995
 50
189.977
 51
197.211
  0
ARC
  8
APS_GEOMETRY
 10
5382.339
 20
-485.825
 40
22.131
 50
197.211
 51
203.76
  0
ARC
  8
APS_GEOMETRY
 10
5377.258
 20
-488.062
 40
16.579
 50
203.76
 51
211.329
  0
ARC
  8
APS_GEOMETRY
 10
5366.824
 20
-494.324
 40
4.411
 50
212.32
 51
224.441
  0
ARC
  8
APS_GEOMETRY
 10
5366.396
 20
-494.744
 40
3.812
 50
224.441
 51
237.484
  0
ARC
  8
APS_GEOMETRY
 10
5366.119
 20
-495.177
 40
3.298
 50
237.484
 51
252.416
  0
ARC
  8
APS_GEOMETRY
 10
5365.843
 20
-496.049
 40
2.383
 50
252.416
 51
270.0
  0
ARC
  8
APS_GEOMETRY
 10
5365.843
 20
-495.766
 40
2.666
 50
270.0
 51
294.953
  0
ARC
  8
APS_GEOMETRY
 10
5365.918
 20
-495.927
 40
2.489
 50
294.953
 51
320.793
  0
ARC
  8
APS_GEOMETRY
 10
5365.518
 20
-495.6
 40
3.005
 50
320.793
 51
342.777
  0
ARC
  8
APS_GEOMETRY
 10
5363.734
 20
-495.047
 40
4.873
 50
342.777
 51
0.0
  0
ARC
  8
APS_GEOMETRY
 10
5355.353
 20
-495.047
 40
13.254
 50
0.0
 51
8.499
  0
ARC
  8
APS_GEOMETRY
 10
5349.519
 20
-495.919
 40
19.152
 50
8.499
 51
15.566
  0
ARC
  8
APS_GEOMETRY
 10
5350.221
 20
-495.723
 40
18.424
 50
15.566
 51
22.909
  0
ARC
  8
APS_GEOMETRY
 10
5356.253
 20
-493.174
 40
11.876
 50
22.909
 51
32.057
  0
ARC
  8
APS_GEOMETRY
 10
5360.991
 20
-490.19
 40
6.276
 50
31.921
 51
42.51
  0
ARC
  8
APS_GEOMETRY
 10
5362.292
 20
-488.997
 40
4.511
 50
42.51
 51
55.008
  0
ARC
  8
APS_GEOMETRY
 10
5362.731
 20
-488.369
 40
3.745
 50
55.008
 51
69.88
  0
ARC
  8
APS_GEOMETRY
 10
5363.125
 20
-487.294
 40
2.599
 50
69.88
 51
87.754
  0
ARC
  8
APS_GEOMETRY
 10
5390.037
 20
-494.605
 40
1.21
 50
90.0
 51
115.837
  0
ARC
  8
APS_GEOMETRY
 10
5389.739
 20
-493.99
 40
0.526
 50
115.837
 51
155.462
  0
ARC
  8
APS_GEOMETRY
 10
5390.087
 20
-494.149
 40
0.909
 50
155.462
 51
168.366
  0
ARC
  8
APS_GEOMETRY
 10
5393.26
 20
-494.802
 40
4.148
 50
168.366
 51
174.395
  0
ARC
  8
APS_GEOMETRY
 10
5396.458
 20
-495.116
 40
7.361
 50
174.395
 51
177.813
  0
ARC
  8
APS_GEOMETRY
 10
5407.072
 20
-495.521
 40
17.983
 50
177.813
 51
180.0
  0
ARC
  8
APS_GEOMETRY
 10
5414.756
 20
-495.521
 40
25.667
 50
180.0
 51
184.62
  0
ARC
  8
APS_GEOMETRY
 10
5397.546
 20
-496.912
 40
8.401
 50
184.62
 51
192.7
  0
ARC
  8
APS_GEOMETRY
 10
5390.911
 20
-498.369
 40
1.609
 50
194.036
 51
205.821
  0
ARC
  8
APS_GEOMETRY
 10
5390.209
 20
-498.709
 40
0.828
 50
205.821
 51
222.274
  0
ARC
  8
APS_GEOMETRY
 10
5390.424
 20
-498.513
 40
1.119
 50
222.274
 51
234.605
  0
ARC
  8
APS_GEOMETRY
 10
5392.854
 20
-495.093
 40
5.315
 50
234.605
 51
240.255
  0
ARC
  8
APS_GEOMETRY
 10
5389.16
 20
-501.63
 40
2.194
 50
34.592
 51
61.189
  0
ARC
  8
APS_GEOMETRY
 10
5389.885
 20
-501.13
 40
1.313
 50
360.0
 51
34.592
  0
ARC
  8
APS_GEOMETRY
 10
5389.929
 20
-501.13
 40
1.27
 50
318.231
 51
360.0
  0
ARC
  8
APS_GEOMETRY
 10
5389.079
 20
-500.372
 40
2.408
 50
288.227
 51
318.231
  0
ARC
  8
APS_GEOMETRY
 10
5388.199
 20
-497.698
 40
5.223
 50
280.377
 51
288.227
  0
ARC
  8
APS_GEOMETRY
 10
5386.664
 20
-489.316
 40
13.744
 50
275.541
 51
280.377
  0
ARC
  8
APS_GEOMETRY
 10
5386.003
 20
-482.497
 40
20.595
 50
272.304
 51
275.541
  0
ARC
  8
APS_GEOMETRY
 10
5385.197
 20
-462.479
 40
40.629
 50
270.0
 51
272.304
  0
ARC
  8
APS_GEOMETRY
 10
5385.197
 20
-479.209
 40
23.9
 50
262.811
 51
270.0
  0
ARC
  8
APS_GEOMETRY
 10
5383.053
 20
-496.212
 40
6.762
 50
249.274
 51
262.811
  0
ARC
  8
APS_GEOMETRY
 10
5381.704
 20
-499.777
 40
2.95
 50
221.379
 51
249.274
  0
ARC
  8
APS_GEOMETRY
 10
5380.52
 20
-500.819
 40
1.373
 50
180.0
 51
221.379
  0
ARC
  8
APS_GEOMETRY
 10
5380.511
 20
-500.819
 40
1.364
 50
164.055
 51
180.0
  0
ARC
  8
APS_GEOMETRY
 10
5379.942
 20
-500.657
 40
0.773
 50
142.815
 51
164.055
  0
ARC
  8
APS_GEOMETRY
 10
5380.3
 20
-500.928
 40
1.222
 50
129.007
 51
142.815
  0
ARC
  8
APS_GEOMETRY
 10
5384.696
 20
-506.355
 40
8.206
 50
123.69
 51
129.007
  0
ARC
  8
APS_GEOMETRY
 10
5378.458
 20
-496.969
 40
3.064
 50
303.389
 51
319.022
  0
ARC
  8
APS_GEOMETRY
 10
5379.287
 20
-497.689
 40
1.966
 50
319.022
 51
338.575
  0
ARC
  8
APS_GEOMETRY
 10
5378.178
 20
-497.254
 40
3.158
 50
338.575
 51
351.049
  0
ARC
  8
APS_GEOMETRY
 10
5364.775
 20
-495.143
 40
16.726
 50
351.049
 51
356.46
  0
ARC
  8
APS_GEOMETRY
 10
5369.193
 20
-495.311
 40
12.307
 50
355.972
 51
358.68
  0
ARC
  8
APS_GEOMETRY
 10
5224.097
 20
-491.968
 40
157.441
 50
358.68
 51
359.437
  0
LINE
  8
APS_GEOMETRY
 10
5381.53
 11
5381.546
 20
-493.514
 21
-491.058
  0
LINE
  8
APS_GEOMETRY
 10
5381.546
 11
5381.551
 20
-491.058
 21
-487.852
  0
ARC
  8
APS_GEOMETRY
 10
5343.646
 20
-487.852
 40
37.905
 50
360.0
 51
1.717
  0
ARC
  8
APS_GEOMETRY
 10
5363.93
 20
-487.244
 40
17.611
 50
1.717
 51
4.236
  0
ARC
  8
APS_GEOMETRY
 10
5370.545
 20
-486.754
 40
10.979
 50
4.236
 51
8.269
  0
ARC
  8
APS_GEOMETRY
 10
5378.157
 20
-485.648
 40
3.287
 50
8.269
 51
15.642
  0
ARC
  8
APS_GEOMETRY
 10
5379.467
 20
-485.281
 40
1.926
 50
15.642
 51
39.417
  0
ARC
  8
APS_GEOMETRY
 10
5379.496
 20
-485.257
 40
1.888
 50
39.417
 51
63.435
  0
ARC
  8
APS_GEOMETRY
 10
5382.897
 20
-478.212
 40
5.935
 50
236.874
 51
244.486
  0
ARC
  8
APS_GEOMETRY
 10
5380.367
 20
-482.089
 40
1.306
 50
220.601
 51
236.874
  0
ARC
  8
APS_GEOMETRY
 10
5380.077
 20
-482.338
 40
0.923
 50
198.246
 51
220.601
  0
ARC
  8
APS_GEOMETRY
 10
5380.511
 20
-482.195
 40
1.38
 50
180.0
 51
198.246
  0
ARC
  8
APS_GEOMETRY
 10
5380.504
 20
-482.195
 40
1.374
 50
156.161
 51
180.0
  0
ARC
  8
APS_GEOMETRY
 10
5380.696
 20
-482.279
 40
1.583
 50
133.977
 51
156.161
  0
ARC
  8
APS_GEOMETRY
 10
5381.078
 20
-482.675
 40
2.133
 50
116.996
 51
133.977
  0
ARC
  8
APS_GEOMETRY
 10
5381.836
 20
-484.164
 40
3.804
 50
104.3
 51
116.996
  0
ARC
  8
APS_GEOMETRY
 10
5382.032
 20
-484.917
 40
4.582
 50
95.326
 51
104.349
  0
ARC
  8
APS_GEOMETRY
 10
5382.826
 20
-493.434
 40
13.136
 50
90.0
 51
95.326
  0
ARC
  8
APS_GEOMETRY
 10
5382.826
 20
-486.804
 40
6.506
 50
87.553
 51
90.0
  0
ARC
  8
APS_GEOMETRY
 10
5381.442
 20
-519.198
 40
38.93
 50
86.553
 51
87.553
  0
ARC
  8
APS_GEOMETRY
 10
5379.473
 20
-551.871
 40
71.662
 50
86.009
 51
86.553
  0
ARC
  8
APS_GEOMETRY
 10
5371.82
 20
-661.578
 40
181.636
 50
85.668
 51
86.009
  0
ARC
  8
APS_GEOMETRY
 10
5386.144
 20
-472.923
 40
7.563
 50
265.426
 51
268.531
  0
ARC
  8
APS_GEOMETRY
 10
5386.816
 20
-446.701
 40
33.793
 50
268.531
 51
270.0
  0
ARC
  8
APS_GEOMETRY
 10
5386.816
 20
-454.739
 40
25.755
 50
270.0
 51
271.637
  0
ARC
  8
APS_GEOMETRY
 10
5386.24
 20
-434.596
 40
45.906
 50
271.637
 51
272.862
  0
ARC
  8
APS_GEOMETRY
 10
5385.58
 20
-421.382
 40
59.137
 50
272.862
 51
273.814
  0
ARC
  8
APS_GEOMETRY
 10
5383.343
 20
-387.83
 40
92.764
 50
273.814
 51
274.574
  0
ARC
  8
APS_GEOMETRY
 10
5397.374
 20
-570.325
 40
90.271
 50
93.72
 51
94.214
  0
ARC
  8
APS_GEOMETRY
 10
5394.379
 20
-524.266
 40
44.115
 50
93.013
 51
93.72
  0
ARC
  8
APS_GEOMETRY
 10
5393.558
 20
-508.668
 40
28.496
 50
91.918
 51
93.013
  0
ARC
  8
APS_GEOMETRY
 10
5392.915
 20
-489.461
 40
9.277
 50
90.0
 51
91.918
  0
ARC
  8
APS_GEOMETRY
 10
5392.915
 20
-492.238
 40
12.054
 50
73.82
 51
90.0
  0
ARC
  8
APS_GEOMETRY
 10
5394.103
 20
-488.143
 40
7.791
 50
53.658
 51
73.82
  0
ARC
  8
APS_GEOMETRY
 10
5395.793
 20
-485.833
 40
4.929
 50
26.03
 51
53.569
  0
ARC
  8
APS_GEOMETRY
 10
5395.275
 20
-486.086
 40
5.506
 50
360.0
 51
26.03
  0
ARC
  8
APS_GEOMETRY
 10
5395.059
 20
-486.086
 40
5.722
 50
345.282
 51
360.0
  0
ARC
  8
APS_GEOMETRY
 10
5395.609
 20
-486.231
 40
5.152
 50
329.767
 51
345.282
  0
ARC
  8
APS_GEOMETRY
 10
5395.921
 20
-486.413
 40
4.792
 50
313.168
 51
329.767
  0
ARC
  8
APS_GEOMETRY
 10
5396.036
 20
-486.536
 40
4.623
 50
296.267
 51
313.168
  0
ARC
  8
APS_GEOMETRY
 10
5398.668
 20
-491.853
 40
1.31
 50
116.565
 51
139.899
  0
ARC
  8
APS_GEOMETRY
 10
5398.015
 20
-491.303
 40
0.456
 50
139.899
 51
180.0
  0
ARC
  8
APS_GEOMETRY
 10
5398.065
 20
-491.303
 40
0.506
 50
180.0
 51
226.193
  0
ARC
  8
APS_GEOMETRY
 10
5399.001
 20
-490.327
 40
1.858
 50
226.193
 51
249.829
  0
ARC
  8
APS_GEOMETRY
 10
5396.32
 20
-497.708
 40
5.995
 50
53.249
 51
70.105
  0
ARC
  8
APS_GEOMETRY
 10
5397.538
 20
-496.077
 40
3.96
 50
32.471
 51
53.249
  0
ARC
  8
APS_GEOMETRY
 10
5396.97
 20
-496.438
 40
4.632
 50
23.305
 51
32.471
  0
ARC
  8
APS_GEOMETRY
 10
5393.465
 20
-497.948
 40
8.449
 50
16.521
 51
23.305
  0
ARC
  8
APS_GEOMETRY
 10
5390.733
 20
-498.759
 40
11.299
 50
11.429
 51
16.521
  0
ARC
  8
APS_GEOMETRY
 10
5382.988
 20
-500.325
 40
19.201
 50
7.524
 51
11.429
  0
ARC
  8
APS_GEOMETRY
 10
5408.652
 20
-496.907
 40
6.69
 50
187.765
 51
196.914
  0
ARC
  8
APS_GEOMETRY
 10
5403.18
 20
-498.571
 40
0.971
 50
196.914
 51
221.082
  0
ARC
  8
APS_GEOMETRY
 10
5403.201
 20
-498.552
 40
0.999
 50
221.082
 51
244.607
  0
ARC
  8
APS_GEOMETRY
 10
5405.538
 20
-493.63
 40
6.448
 50
244.607
 51
253.811
  0
ARC
  8
APS_GEOMETRY
 10
5403.483
 20
-500.635
 40
0.852
 50
51.45
 51
72.474
  0
ARC
  8
APS_GEOMETRY
 10
5403.272
 20
-500.899
 40
1.191
 50
33.69
 51
51.45
  0
ARC
  8
APS_GEOMETRY
 10
5403.223
 20
-500.932
 40
1.25
 50
16.639
 51
33.69
  0
ARC
  8
APS_GEOMETRY
 10
5403.163
 20
-500.95
 40
1.312
 50
360.0
 51
16.639
  0
ARC
  8
APS_GEOMETRY
 10
5403.145
 20
-500.95
 40
1.331
 50
338.993
 51
360.0
  0
ARC
  8
APS_GEOMETRY
 10
5402.332
 20
-500.638
 40
2.201
 50
322.696
 51
338.993
  0
ARC
  8
APS_GEOMETRY
 10
5402.03
 20
-500.407
 40
2.582
 50
308.603
 51
322.696
  0
ARC
  8
APS_GEOMETRY
 10
5401.821
 20
-500.146
 40
2.916
 50
295.346
 51
308.603
  0
ARC
  8
APS_GEOMETRY
 10
5400.726
 20
-497.733
 40
5.566
 50
279.583
 51
294.905
  0
ARC
  8
APS_GEOMETRY
 10
5399.292
 20
-489.243
 40
14.176
 50
270.0
 51
279.583
  0
ARC
  8
APS_GEOMETRY
 10
5399.292
 20
-493.083
 40
10.336
 50
261.247
 51
270.0
  0
ARC
  8
APS_GEOMETRY
 10
5398.63
 20
-497.384
 40
5.985
 50
249.737
 51
261.247
  0
ARC
  8
APS_GEOMETRY
 10
5398.195
 20
-498.562
 40
4.728
 50
235.345
 51
249.737
  0
ARC
  8
APS_GEOMETRY
 10
5397.645
 20
-499.357
 40
3.762
 50
219.198
 51
235.345
  0
ARC
  8
APS_GEOMETRY
 10
5398.802
 20
-498.371
 40
5.281
 50
209.076
 51
219.56
  0
ARC
  8
APS_GEOMETRY
 10
5401.472
 20
-496.887
 40
8.337
 50
200.735
 51
209.076
  0
ARC
  8
APS_GEOMETRY
 10
5405.157
 20
-495.492
 40
12.277
 50
197.881
 51
200.735
  0
ARC
  8
APS_GEOMETRY
 10
5420.298
 20
-490.607
 40
28.186
 50
195.997
 51
197.881
  0
ARC
  8
APS_GEOMETRY
 10
5431.489
 20
-487.398
 40
39.828
 50
194.664
 51
195.997
  0
ARC
  8
APS_GEOMETRY
 10
5462.486
 20
-479.287
 40
71.869
 50
193.671
 51
194.664
  0
ARC
  8
APS_GEOMETRY
 10
5383.881
 20
-498.397
 40
9.026
 50
13.61
 51
23.585
  0
ARC
  8
APS_GEOMETRY
 10
5389.791
 20
-495.817
 40
2.577
 50
23.585
 51
42.31
  0
ARC
  8
APS_GEOMETRY
 10
5390.327
 20
-495.329
 40
1.853
 50
42.31
 51
67.521
  0
ARC
  8
APS_GEOMETRY
 10
5389.903
 20
-496.355
 40
2.962
 50
67.521
 51
87.397
  0
LINE
  8
APS_GEOMETRY
 10
5389.105
 11
5388.925
 20
-485.056
 21
-488.866
  0
LINE
  8
APS_GEOMETRY
 10
5388.925
 11
5388.925
 20
-488.866
 21
-488.927
  0
LINE
  8
APS_GEOMETRY
 10
5388.925
 11
5388.925
 20
-488.927
 21
-489.013
  0
ARC
  8
APS_GEOMETRY
 10
5391.572
 20
-489.013
 40
2.647
 50
180.0
 51
192.339
  0
ARC
  8
APS_GEOMETRY
 10
5389.468
 20
-489.474
 40
0.493
 50
192.339
 51
221.186
  0
ARC
  8
APS_GEOMETRY
 10
5389.418
 20
-489.518
 40
0.426
 50
221.186
 51
253.872
  0
ARC
  8
APS_GEOMETRY
 10
5389.776
 20
-488.28
 40
1.715
 50
253.872
 51
270.0
  0
ARC
  8
APS_GEOMETRY
 10
5389.776
 20
-486.009
 40
3.985
 50
270.0
 51
289.569
  0
ARC
  8
APS_GEOMETRY
 10
5390.5
 20
-488.047
 40
1.822
 50
289.569
 51
318.681
  0
ARC
  8
APS_GEOMETRY
 10
5390.304
 20
-487.875
 40
2.083
 50
318.681
 51
344.628
  0
ARC
  8
APS_GEOMETRY
 10
5386.653
 20
-486.871
 40
5.87
 50
344.628
 51
0.0
  0
ARC
  8
APS_GEOMETRY
 10
5388.389
 20
-486.871
 40
4.134
 50
0.0
 51
35.369
  0
ARC
  8
APS_GEOMETRY
 10
5390.282
 20
-485.527
 40
1.812
 50
35.369
 51
90.0
  0
ARC
  8
APS_GEOMETRY
 10
5390.282
 20
-485.547
 40
1.831
 50
90.0
 51
108.435
  0
ARC
  8
APS_GEOMETRY
 10
5389.926
 20
-484.478
 40
0.705
 50
108.435
 51
138.366
  0
ARC
  8
APS_GEOMETRY
 10
5390.022
 20
-484.563
 40
0.833
 50
138.366
 51
164.291
  0
ARC
  8
APS_GEOMETRY
 10
5392.264
 20
-485.194
 40
3.162
 50
164.291
 51
177.51
  0
LINE
  8
APS_GEOMETRY
 10
5418.215
 11
5426.358
 20
-481.246
 21
-488.376
  0
ARC
  8
APS_GEOMETRY
 10
5433.974
 20
-479.636
 40
11.592
 50
228.93
 51
232.674
  0
ARC
  8
APS_GEOMETRY
 10
5429.737
 20
-485.192
 40
4.605
 50
232.674
 51
238.617
  0
ARC
  8
APS_GEOMETRY
 10
5428.671
 20
-486.94
 40
2.558
 50
238.617
 51
249.131
  0
ARC
  8
APS_GEOMETRY
 10
5427.993
 20
-488.718
 40
0.655
 50
249.131
 51
270.0
  0
ARC
  8
APS_GEOMETRY
 10
5427.993
 20
-488.799
 40
0.574
 50
270.0
 51
334.898
  0
ARC
  8
APS_GEOMETRY
 10
5425.344
 20
-487.558
 40
3.499
 50
334.898
 51
0.0
  0
ARC
  8
APS_GEOMETRY
 10
5399.728
 20
-487.558
 40
29.115
 50
360.0
 51
2.026
  0
ARC
  8
APS_GEOMETRY
 10
5415.172
 20
-487.012
 40
13.662
 50
2.026
 51
4.984
  0
ARC
  8
APS_GEOMETRY
 10
5420.221
 20
-486.571
 40
8.593
 50
4.984
 51
9.673
  0
ARC
  8
APS_GEOMETRY
 10
5426.041
 20
-485.579
 40
2.689
 50
9.673
 51
18.06
  0
ARC
  8
APS_GEOMETRY
 10
5426.927
 20
-485.29
 40
1.758
 50
18.06
 51
42.397
  0
ARC
  8
APS_GEOMETRY
 10
5426.641
 20
-485.552
 40
2.145
 50
42.397
 51
64.398
  0
ARC
  8
APS_GEOMETRY
 10
5429.253
 20
-480.159
 40
3.847
 50
233.633
 51
244.026
  0
ARC
  8
APS_GEOMETRY
 10
5427.83
 20
-482.09
 40
1.448
 50
216.656
 51
233.633
  0
ARC
  8
APS_GEOMETRY
 10
5427.612
 20
-482.253
 40
1.176
 50
196.082
 51
216.656
  0
ARC
  8
APS_GEOMETRY
 10
5428.324
 20
-482.047
 40
1.917
 50
180.0
 51
196.082
  0
ARC
  8
APS_GEOMETRY
 10
5427.801
 20
-482.047
 40
1.394
 50
133.202
 51
180.0
  0
ARC
  8
APS_GEOMETRY
 10
5428.9
 20
-483.218
 40
3.0
 50
101.788
 51
133.202
  0
ARC
  8
APS_GEOMETRY
 10
5429.156
 20
-484.366
 40
4.176
 50
96.633
 51
102.011
  0
ARC
  8
APS_GEOMETRY
 10
5430.086
 20
-492.361
 40
12.225
 50
93.489
 51
96.633
  0
ARC
  8
APS_GEOMETRY
 10
5430.484
 20
-498.89
 40
18.766
 50
91.439
 51
93.489
  0
ARC
  8
APS_GEOMETRY
 10
5430.969
 20
-518.187
 40
38.069
 50
90.0
 51
91.439
  0
ARC
  8
APS_GEOMETRY
 10
5430.969
 20
-515.6
 40
35.482
 50
87.994
 51
90.0
  0
ARC
  8
APS_GEOMETRY
 10
5431.614
 20
-497.18
 40
17.05
 50
85.101
 51
87.994
  0
ARC
  8
APS_GEOMETRY
 10
5432.138
 20
-491.072
 40
10.92
 50
80.595
 51
85.101
  0
ARC
  8
APS_GEOMETRY
 10
5433.331
 20
-483.865
 40
3.615
 50
72.759
 51
80.595
  0
ARC
  8
APS_GEOMETRY
 10
5433.693
 20
-482.745
 40
2.438
 50
40.956
 51
73.072
  0
ARC
  8
APS_GEOMETRY
 10
5434.383
 20
-482.146
 40
1.524
 50
360.0
 51
40.956
  0
ARC
  8
APS_GEOMETRY
 10
5434.475
 20
-482.146
 40
1.432
 50
322.573
 51
360.0
  0
ARC
  8
APS_GEOMETRY
 10
5433.722
 20
-481.57
 40
2.38
 50
293.749
 51
322.573
  0
ARC
  8
APS_GEOMETRY
 10
5436.744
 20
-488.51
 40
5.19
 50
113.429
 51
119.291
  0
ARC
  8
APS_GEOMETRY
 10
5434.725
 20
-484.91
 40
1.062
 50
119.291
 51
132.274
  0
ARC
  8
APS_GEOMETRY
 10
5434.608
 20
-484.782
 40
0.889
 50
132.274
 51
147.653
  0
ARC
  8
APS_GEOMETRY
 10
5435.449
 20
-485.315
 40
1.884
 50
147.653
 51
158.199
  0
ARC
  8
APS_GEOMETRY
 10
5436.729
 20
-485.854
 40
3.273
 50
157.751
 51
167.885
  0
ARC
  8
APS_GEOMETRY
 10
5443.539
 20
-487.316
 40
10.238
 50
167.885
 51
173.61
  0
ARC
  8
APS_GEOMETRY
 10
5449.562
 20
-487.99
 40
16.299
 50
173.61
 51
177.221
  0
ARC
  8
APS_GEOMETRY
 10
5468.14
 20
-488.892
 40
34.899
 50
177.221
 51
179.689
  0
LINE
  8
APS_GEOMETRY
 10
5433.242
 11
5433.242
 20
-488.703
 21
-494.033
  0
ARC
  8
APS_GEOMETRY
 10
5650.925
 20
-494.033
 40
217.683
 50
180.0
 51
180.161
  0
ARC
  8
APS_GEOMETRY
 10
5839.834
 20
-493.501
 40
406.593
 50
180.161
 51
180.279
  0
LINE
  8
APS_GEOMETRY
 10
5433.246
 11
5433.251
 20
-495.485
 21
-496.379
  0
LINE
  8
APS_GEOMETRY
 10
5433.251
 11
5433.258
 20
-496.379
 21
-497.385
  0
ARC
  8
APS_GEOMETRY
 10
5394.416
 20
-497.606
 40
38.843
 50
358.204
 51
0.326
  0
ARC
  8
APS_GEOMETRY
 10
5412.893
 20
-498.185
 40
20.356
 50
355.274
 51
358.204
  0
ARC
  8
APS_GEOMETRY
 10
5419.325
 20
-498.717
 40
13.903
 50
350.991
 51
355.274
  0
ARC
  8
APS_GEOMETRY
 10
5427.514
 20
-500.015
 40
5.612
 50
344.249
 51
350.991
  0
ARC
  8
APS_GEOMETRY
 10
5430.282
 20
-500.806
 40
2.733
 50
314.415
 51
344.445
  0
ARC
  8
APS_GEOMETRY
 10
5431.296
 20
-501.841
 40
1.284
 50
270.0
 51
314.415
  0
ARC
  8
APS_GEOMETRY
 10
5431.296
 20
-501.045
 40
2.08
 50
256.342
 51
270.0
  0
ARC
  8
APS_GEOMETRY
 10
5431.148
 20
-501.655
 40
1.452
 50
239.982
 51
256.342
  0
ARC
  8
APS_GEOMETRY
 10
5431.795
 20
-500.535
 40
2.746
 50
231.153
 51
239.982
  0
ARC
  8
APS_GEOMETRY
 10
5442.669
 20
-487.032
 40
20.083
 50
227.891
 51
231.153
  0
LINE
  8
APS_GEOMETRY
 10
5429.203
 11
5419.506
 20
-501.931
 21
-493.248
  0
ARC
  8
APS_GEOMETRY
 10
5415.771
 20
-497.384
 40
5.573
 50
47.911
 51
61.468
  0
ARC
  8
APS_GEOMETRY
 10
5417.822
 20
-493.611
 40
1.278
 50
61.468
 51
90.0
  0
ARC
  8
APS_GEOMETRY
 10
5417.822
 20
-492.893
 40
0.56
 50
90.0
 51
133.195
  0
ARC
  8
APS_GEOMETRY
 10
5418.374
 20
-493.481
 40
1.367
 50
133.195
 51
160.454
  0
ARC
  8
APS_GEOMETRY
 10
5420.146
 20
-494.11
 40
3.247
 50
160.454
 51
173.251
  0
ARC
  8
APS_GEOMETRY
 10
5428.48
 20
-495.096
 40
11.639
 50
173.251
 51
180.0
  0
ARC
  8
APS_GEOMETRY
 10
5451.15
 20
-495.096
 40
34.309
 50
180.0
 51
181.897
  0
ARC
  8
APS_GEOMETRY
 10
5432.979
 20
-495.698
 40
16.128
 50
181.897
 51
184.664
  0
ARC
  8
APS_GEOMETRY
 10
5427.023
 20
-496.184
 40
10.152
 50
184.664
 51
189.048
  0
ARC
  8
APS_GEOMETRY
 10
5420.122
 20
-497.283
 40
3.165
 50
189.048
 51
196.905
  0
ARC
  8
APS_GEOMETRY
 10
5419.027
 20
-497.616
 40
2.02
 50
196.905
 51
220.253
  0
ARC
  8
APS_GEOMETRY
 10
5419.049
 20
-497.597
 40
2.049
 50
220.253
 51
243.435
  0
ARC
  8
APS_GEOMETRY
 10
5417.05
 20
-501.628
 40
2.45
 50
37.921
 51
63.778
  0
ARC
  8
APS_GEOMETRY
 10
5418.067
 20
-500.836
 40
1.162
 50
360.0
 51
37.921
  0
ARC
  8
APS_GEOMETRY
 10
5417.615
 20
-500.836
 40
1.614
 50
324.268
 51
360.0
  0
ARC
  8
APS_GEOMETRY
 10
5417.011
 20
-500.401
 40
2.357
 50
294.86
 51
324.268
  0
ARC
  8
APS_GEOMETRY
 10
5416.012
 20
-498.246
 40
4.732
 50
278.78
 51
294.86
  0
ARC
  8
APS_GEOMETRY
 10
5414.323
 20
-487.306
 40
15.802
 50
270.0
 51
278.78
  0
ARC
  8
APS_GEOMETRY
 10
5414.323
 20
-490.142
 40
12.966
 50
260.383
 51
270.0
  0
ARC
  8
APS_GEOMETRY
 10
5412.956
 20
-498.207
 40
4.787
 50
244.522
 51
260.383
  0
ARC
  8
APS_GEOMETRY
 10
5411.967
 20
-500.284
 40
2.486
 50
216.549
 51
244.522
  0
ARC
  8
APS_GEOMETRY
 10
5411.156
 20
-500.885
 40
1.477
 50
180.0
 51
216.549
  0
ARC
  8
APS_GEOMETRY
 10
5411.682
 20
-500.885
 40
2.003
 50
164.65
 51
180.0
  0
ARC
  8
APS_GEOMETRY
 10
5410.54
 20
-500.571
 40
0.818
 50
140.528
 51
164.65
  0
ARC
  8
APS_GEOMETRY
 10
5411.002
 20
-500.952
 40
1.417
 50
126.135
 51
140.528
  0
ARC
  8
APS_GEOMETRY
 10
5415.829
 20
-507.563
 40
9.603
 50
120.619
 51
126.135
  0
ARC
  8
APS_GEOMETRY
 10
5410.106
 20
-497.902
 40
1.625
 50
300.784
 51
330.068
  0
ARC
  8
APS_GEOMETRY
 10
5409.023
 20
-497.279
 40
2.875
 50
330.068
 51
351.983
  0
ARC
  8
APS_GEOMETRY
 10
5390.842
 20
-494.909
 40
21.21
 50
352.493
 51
355.365
  0
ARC
  8
APS_GEOMETRY
 10
5368.911
 20
-493.13
 40
43.213
 50
355.365
 51
357.376
  0
ARC
  8
APS_GEOMETRY
 10
5353.554
 20
-492.427
 40
58.586
 50
357.376
 51
358.861
  0
ARC
  8
APS_GEOMETRY
 10
5312.641
 20
-491.613
 40
99.507
 50
358.861
 51
0.0
  0
ARC
  8
APS_GEOMETRY
 10
5349.436
 20
-491.613
 40
62.712
 50
360.0
 51
1.926
  0
ARC
  8
APS_GEOMETRY
 10
5378.629
 20
-490.631
 40
33.503
 50
1.926
 51
4.562
  0
ARC
  8
APS_GEOMETRY
 10
5388.923
 20
-489.81
 40
23.176
 50
4.562
 51
8.366
  0
ARC
  8
APS_GEOMETRY
 10
5402.311
 20
-487.841
 40
9.644
 50
8.366
 51
14.265
  0
ARC
  8
APS_GEOMETRY
 10
5407.373
 20
-486.561
 40
4.422
 50
14.349
 51
23.629
  0
ARC
  8
APS_GEOMETRY
 10
5409.94
 20
-485.438
 40
1.62
 50
23.629
 51
38.991
  0
ARC
  8
APS_GEOMETRY
 10
5409.95
 20
-485.43
 40
1.608
 50
38.991
 51
54.462
  0
ARC
  8
APS_GEOMETRY
 10
5408.448
 20
-487.533
 40
4.192
 50
54.462
 51
64.026
  0
ARC
  8
APS_GEOMETRY
 10
5412.687
 20
-478.849
 40
5.471
 50
235.472
 51
243.947
  0
ARC
  8
APS_GEOMETRY
 10
5410.497
 20
-482.032
 40
1.608
 50
219.806
 51
235.472
  0
ARC
  8
APS_GEOMETRY
 10
5410.166
 20
-482.308
 40
1.176
 50
198.939
 51
219.806
  0
ARC
  8
APS_GEOMETRY
 10
5410.401
 20
-482.227
 40
1.425
 50
180.0
 51
198.939
  0
ARC
  8
APS_GEOMETRY
 10
5410.332
 20
-482.227
 40
1.356
 50
126.254
 51
180.0
  0
ARC
  8
APS_GEOMETRY
 10
5412.401
 20
-485.05
 40
4.856
 50
98.616
 51
126.254
  0
ARC
  8
APS_GEOMETRY
 10
5412.693
 20
-487.381
 40
7.205
 50
94.456
 51
98.13
  0
ARC
  8
APS_GEOMETRY
 10
5413.817
 20
-501.807
 40
21.675
 50
92.337
 51
94.456
  0
ARC
  8
APS_GEOMETRY
 10
5414.296
 20
-513.546
 40
33.424
 50
90.963
 51
92.337
  0
ARC
  8
APS_GEOMETRY
 10
5414.879
 20
-548.221
 40
68.103
 50
90.0
 51
90.963
  0
ARC
  8
APS_GEOMETRY
 10
5414.879
 20
-492.529
 40
12.411
 50
83.928
 51
90.0
  0
ARC
  8
APS_GEOMETRY
 10
5415.897
 20
-482.96
 40
2.788
 50
71.095
 51
83.928
  0
ARC
  8
APS_GEOMETRY
 10
5415.99
 20
-482.689
 40
2.501
 50
56.848
 51
71.095
  0
ARC
  8
APS_GEOMETRY
 10
5413.238
 20
-486.901
 40
7.532
 50
48.652
 51
56.848
  0
ARC
  8
APS_GEOMETRY
 10
5447.618
 20
-500.422
 40
20.304
 50
84.71
 51
90.0
  0
ARC
  8
APS_GEOMETRY
 10
5447.99
 20
-496.402
 40
16.267
 50
78.799
 51
84.71
  0
ARC
  8
APS_GEOMETRY
 10
5450.399
 20
-484.23
 40
3.859
 50
49.783
 51
78.771
  0
ARC
  8
APS_GEOMETRY
 10
5452.009
 20
-482.325
 40
1.365
 50
360.0
 51
49.783
  0
ARC
  8
APS_GEOMETRY
 10
5451.864
 20
-482.325
 40
1.51
 50
342.759
 51
360.0
  0
ARC
  8
APS_GEOMETRY
 10
5452.652
 20
-482.57
 40
0.685
 50
317.045
 51
342.759
  0
ARC
  8
APS_GEOMETRY
 10
5452.271
 20
-482.216
 40
1.205
 50
301.817
 51
317.045
  0
ARC
  8
APS_GEOMETRY
 10
5446.643
 20
-473.145
 40
11.88
 50
296.98
 51
301.817
  0
ARC
  8
APS_GEOMETRY
 10
5452.644
 20
-484.954
 40
1.366
 50
116.565
 51
149.078
  0
ARC
  8
APS_GEOMETRY
 10
5454.404
 20
-486.008
 40
3.417
 50
149.078
 51
169.469
  0
ARC
  8
APS_GEOMETRY
 10
5458.156
 20
-486.705
 40
7.234
 50
169.469
 51
174.598
  0
ARC
  8
APS_GEOMETRY
 10
5477.488
 20
-488.534
 40
26.652
 50
174.598
 51
177.269
  0
ARC
  8
APS_GEOMETRY
 10
5494.487
 20
-489.344
 40
43.67
 50
177.269
 51
178.901
  0
ARC
  8
APS_GEOMETRY
 10
5547.14
 20
-490.354
 40
96.333
 50
178.901
 51
180.0
  0
ARC
  8
APS_GEOMETRY
 10
5654.135
 20
-490.354
 40
203.328
 50
180.0
 51
180.88
  0
ARC
  8
APS_GEOMETRY
 10
5528.875
 20
-492.278
 40
78.054
 50
180.88
 51
182.3
  0
ARC
  8
APS_GEOMETRY
 10
5492.262
 20
-493.749
 40
41.411
 50
182.3
 51
184.974
  0
ARC
  8
APS_GEOMETRY
 10
5457.352
 20
-496.787
 40
6.369
 50
184.974
 51
191.793
  0
ARC
  8
APS_GEOMETRY
 10
5453.297
 20
-497.562
 40
2.242
 50
193.57
 51
205.787
  0
ARC
  8
APS_GEOMETRY
 10
5452.288
 20
-498.05
 40
1.122
 50
205.787
 51
223.091
  0
ARC
  8
APS_GEOMETRY
 10
5452.544
 20
-497.81
 40
1.472
 50
223.091
 51
236.441
  0
ARC
  8
APS_GEOMETRY
 10
5454.686
 20
-494.582
 40
5.346
 50
236.441
 51
243.435
  0
ARC
  8
APS_GEOMETRY
 10
5451.407
 20
-501.317
 40
2.146
 50
37.185
 51
65.556
  0
ARC
  8
APS_GEOMETRY
 10
5452.106
 20
-500.787
 40
1.268
 50
0.0
 51
37.185
  0
ARC
  8
APS_GEOMETRY
 10
5452.068
 20
-500.787
 40
1.306
 50
312.039
 51
360.0
  0
ARC
  8
APS_GEOMETRY
 10
5450.513
 20
-499.061
 40
3.629
 50
283.815
 51
312.039
  0
ARC
  8
APS_GEOMETRY
 10
5447.942
 20
-488.409
 40
14.587
 50
279.273
 51
283.627
  0
ARC
  8
APS_GEOMETRY
 10
5446.915
 20
-482.116
 40
20.963
 50
275.641
 51
279.273
  0
ARC
  8
APS_GEOMETRY
 10
5446.522
 20
-478.139
 40
24.959
 50
272.588
 51
275.641
  0
ARC
  8
APS_GEOMETRY
 10
5446.081
 20
-468.381
 40
34.728
 50
270.0
 51
272.588
  0
ARC
  8
APS_GEOMETRY
 10
5446.081
 20
-482.162
 40
20.947
 50
262.774
 51
270.0
  0
ARC
  8
APS_GEOMETRY
 10
5444.193
 20
-497.055
 40
5.934
 50
249.175
 51
262.774
  0
ARC
  8
APS_GEOMETRY
 10
5443.006
 20
-500.174
 40
2.597
 50
221.23
 51
249.175
  0
ARC
  8
APS_GEOMETRY
 10
5441.972
 20
-501.081
 40
1.221
 50
180.0
 51
221.23
  0
ARC
  8
APS_GEOMETRY
 10
5441.771
 20
-501.081
 40
1.021
 50
142.696
 51
180.0
  0
ARC
  8
APS_GEOMETRY
 10
5443.382
 20
-502.308
 40
3.046
 50
121.357
 51
142.696
  0
ARC
  8
APS_GEOMETRY
 10
5440.66
 20
-497.851
 40
2.177
 50
301.477
 51
324.728
  0
ARC
  8
APS_GEOMETRY
 10
5440.95
 20
-498.056
 40
1.822
 50
324.728
 51
350.181
  0
ARC
  8
APS_GEOMETRY
 10
5431.83
 20
-496.547
 40
11.066
 50
350.538
 51
355.423
  0
ARC
  8
APS_GEOMETRY
 10
5394.354
 20
-493.547
 40
48.662
 50
355.423
 51
357.752
  0
ARC
  8
APS_GEOMETRY
 10
5359.557
 20
-492.181
 40
83.485
 50
357.752
 51
359.111
  0
ARC
  8
APS_GEOMETRY
 10
5248.184
 20
-490.452
 40
194.872
 50
359.111
 51
0.0
  0
ARC
  8
APS_GEOMETRY
 10
5375.444
 20
-490.452
 40
67.612
 50
0.0
 51
1.773
  0
ARC
  8
APS_GEOMETRY
 10
5415.124
 20
-489.224
 40
27.913
 50
1.773
 51
4.532
  0
ARC
  8
APS_GEOMETRY
 10
5427.185
 20
-488.268
 40
15.814
 50
4.532
 51
9.384
  0
ARC
  8
APS_GEOMETRY
 10
5439.432
 20
-486.244
 40
3.402
 50
9.384
 51
19.855
  0
ARC
  8
APS_GEOMETRY
 10
5441.052
 20
-485.628
 40
1.668
 50
18.853
 51
42.158
  0
ARC
  8
APS_GEOMETRY
 10
5439.663
 20
-486.886
 40
3.542
 50
42.158
 51
58.092
  0
ARC
  8
APS_GEOMETRY
 10
5445.778
 20
-477.437
 40
7.713
 50
230.711
 51
236.634
  0
ARC
  8
APS_GEOMETRY
 10
5441.937
 20
-482.131
 40
1.648
 50
217.875
 51
230.711
  0
ARC
  8
APS_GEOMETRY
 10
5441.41
 20
-482.541
 40
0.981
 50
196.928
 51
217.875
  0
ARC
  8
APS_GEOMETRY
 10
5441.903
 20
-482.391
 40
1.496
 50
180.0
 51
196.928
  0
ARC
  8
APS_GEOMETRY
 10
5441.581
 20
-482.391
 40
1.174
 50
148.791
 51
180.0
  0
ARC
  8
APS_GEOMETRY
 10
5441.889
 20
-482.577
 40
1.533
 50
121.569
 51
148.791
  0
ARC
  8
APS_GEOMETRY
 10
5442.441
 20
-483.477
 40
2.589
 50
112.806
 51
121.569
  0
ARC
  8
APS_GEOMETRY
 10
5443.935
 20
-487.029
 40
6.443
 50
107.254
 51
112.806
  0
ARC
  8
APS_GEOMETRY
 10
5444.85
 20
-489.975
 40
9.527
 50
103.487
 51
107.254
  0
ARC
  8
APS_GEOMETRY
 10
5446.945
 20
-498.711
 40
18.511
 50
100.784
 51
103.487
  0
ARC
  8
APS_GEOMETRY
 10
5447.601
 20
-501.126
 40
21.008
 50
95.643
 51
101.31
  0
ARC
  8
APS_GEOMETRY
 10
5447.618
 20
-501.299
 40
21.181
 50
90.0
 51
95.643
  0
ARC
  8
APS_GEOMETRY
 10
5467.953
 20
-490.635
 40
10.632
 50
77.257
 51
90.0
  0
ARC
  8
APS_GEOMETRY
 10
5467.845
 20
-491.113
 40
11.122
 50
64.799
 51
77.257
  0
ARC
  8
APS_GEOMETRY
 10
5477.004
 20
-471.614
 40
10.421
 50
244.885
 51
251.175
  0
ARC
  8
APS_GEOMETRY
 10
5474.02
 20
-480.368
 40
1.173
 50
251.175
 51
270.0
  0
ARC
  8
APS_GEOMETRY
 10
5474.02
 20
-479.637
 40
1.903
 50
270.0
 51
278.82
  0
ARC
  8
APS_GEOMETRY
 10
5472.79
 20
-471.714
 40
9.922
 50
278.82
 51
282.68
  0
ARC
  8
APS_GEOMETRY
 10
5475.363
 20
-483.104
 40
1.755
 50
95.906
 51
102.995
  0
ARC
  8
APS_GEOMETRY
 10
5475.442
 20
-483.872
 40
2.528
 50
90.0
 51
95.906
  0
ARC
  8
APS_GEOMETRY
 10
5475.442
 20
-483.022
 40
1.678
 50
62.447
 51
90.0
  0
ARC
  8
APS_GEOMETRY
 10
5475.144
 20
-483.594
 40
2.323
 50
39.094
 51
62.447
  0
ARC
  8
APS_GEOMETRY
 10
5472.027
 20
-486.201
 40
6.386
 50
18.435
 51
39.611
  0
ARC
  8
APS_GEOMETRY
 10
5470.114
 20
-486.839
 40
8.403
 50
360.0
 51
18.435
  0
ARC
  8
APS_GEOMETRY
 10
5474.35
 20
-486.839
 40
4.167
 50
334.877
 51
360.0
  0
ARC
  8
APS_GEOMETRY
 10
5475.603
 20
-487.426
 40
2.783
 50
304.007
 51
334.877
  0
ARC
  8
APS_GEOMETRY
 10
5475.582
 20
-487.367
 40
2.843
 50
286.39
 51
303.69
  0
ARC
  8
APS_GEOMETRY
 10
5475.491
 20
-487.058
 40
3.165
 50
270.0
 51
286.39
  0
ARC
  8
APS_GEOMETRY
 10
5475.491
 20
-487.095
 40
3.128
 50
255.155
 51
270.0
  0
ARC
  8
APS_GEOMETRY
 10
5475.149
 20
-488.388
 40
1.791
 50
235.491
 51
255.155
  0
ARC
  8
APS_GEOMETRY
 10
5475.321
 20
-488.138
 40
2.094
 50
218.48
 51
235.491
  0
ARC
  8
APS_GEOMETRY
 10
5478.131
 20
-485.904
 40
5.684
 50
208.179
 51
218.48
  0
ARC
  8
APS_GEOMETRY
 10
5449.319
 20
-501.543
 40
27.099
 50
28.56
 51
31.664
  0
ARC
  8
APS_GEOMETRY
 10
5466.925
 20
-490.685
 40
6.414
 50
31.664
 51
38.047
  0
ARC
  8
APS_GEOMETRY
 10
5468.205
 20
-489.683
 40
4.788
 50
38.047
 51
46.56
  0
ARC
  8
APS_GEOMETRY
 10
5467.54
 20
-490.386
 40
5.756
 50
46.56
 51
54.324
  0
ARC
  8
APS_GEOMETRY
 10
5467.156
 20
-491.047
 40
6.517
 50
54.968
 51
71.48
  0
ARC
  8
APS_GEOMETRY
 10
5467.577
 20
-489.788
 40
5.19
 50
71.48
 51
90.0
  0
ARC
  8
APS_GEOMETRY
 10
5467.577
 20
-488.224
 40
3.625
 50
90.0
 51
114.63
  0
ARC
  8
APS_GEOMETRY
 10
5467.395
 20
-487.827
 40
3.188
 50
114.63
 51
140.921
  0
ARC
  8
APS_GEOMETRY
 10
5467.933
 20
-488.263
 40
3.881
 50
140.921
 51
163.13
  0
ARC
  8
APS_GEOMETRY
 10
5470.622
 20
-489.079
 40
6.691
 50
163.13
 51
180.0
  0
ARC
  8
APS_GEOMETRY
 10
5474.108
 20
-489.079
 40
10.178
 50
180.0
 51
195.44
  0
ARC
  8
APS_GEOMETRY
 10
5473.579
 20
-489.225
 40
9.629
 50
195.44
 51
211.316
  0
ARC
  8
APS_GEOMETRY
 10
5471.035
 20
-490.72
 40
6.678
 50
211.708
 51
240.457
  0
ARC
  8
APS_GEOMETRY
 10
5470.864
 20
-491.021
 40
6.332
 50
240.457
 51
270.0
  0
ARC
  8
APS_GEOMETRY
 10
5470.864
 20
-489.477
 40
7.875
 50
270.0
 51
279.549
  0
ARC
  8
APS_GEOMETRY
 10
5470.766
 20
-488.895
 40
8.466
 50
279.549
 51
288.759
  0
ARC
  8
APS_GEOMETRY
 10
5471.179
 20
-490.111
 40
7.182
 50
288.759
 51
299.545
  0
ARC
  8
APS_GEOMETRY
 10
5472.833
 20
-493.03
 40
3.826
 50
299.545
 51
314.341
  0
ARC
  8
APS_GEOMETRY
 10
5477.951
 20
-498.346
 40
3.553
 50
120.141
 51
133.452
  0
ARC
  8
APS_GEOMETRY
 10
5476.522
 20
-495.884
 40
0.706
 50
90.0
 51
120.141
  0
ARC
  8
APS_GEOMETRY
 10
5476.522
 20
-496.293
 40
1.115
 50
61.952
 51
90.0
  0
ARC
  8
APS_GEOMETRY
 10
5476.356
 20
-496.604
 40
1.468
 50
37.569
 51
61.952
  0
ARC
  8
APS_GEOMETRY
 10
5476.046
 20
-496.843
 40
1.859
 50
17.665
 51
37.569
  0
ARC
  8
APS_GEOMETRY
 10
5475.574
 20
-496.993
 40
2.354
 50
360.0
 51
17.665
  0
ARC
  8
APS_GEOMETRY
 10
5474.388
 20
-496.993
 40
3.54
 50
344.932
 51
0.0
  0
ARC
  8
APS_GEOMETRY
 10
5471.239
 20
-496.145
 40
6.801
 50
334.075
 51
344.932
  0
ARC
  8
APS_GEOMETRY
 10
5471.14
 20
-496.097
 40
6.912
 50
323.374
 51
334.075
  0
ARC
  8
APS_GEOMETRY
 10
5473.171
 20
-497.607
 40
4.38
 50
309.92
 51
323.374
  0
ARC
  8
APS_GEOMETRY
 10
5475.202
 20
-500.003
 40
1.24
 50
289.026
 51
308.991
  0
ARC
  8
APS_GEOMETRY
 10
5473.035
 20
-493.72
 40
7.886
 50
281.143
 51
289.026
  0
ARC
  8
APS_GEOMETRY
 10
5475.232
 20
-505.111
 40
3.715
 50
100.437
 51
110.12
  0
ARC
  8
APS_GEOMETRY
 10
5478.143
 20
-513.056
 40
12.177
 50
110.12
 51
115.463
  0
ARC
  8
APS_GEOMETRY
 10
5467.752
 20
-491.316
 40
11.919
 50
282.94
 51
295.628
  0
ARC
  8
APS_GEOMETRY
 10
5467.855
 20
-491.763
 40
11.46
 50
270.0
 51
282.94
  0
ARC
  8
APS_GEOMETRY
 10
5467.855
 20
-491.086
 40
12.137
 50
257.307
 51
270.0
  0
ARC
  8
APS_GEOMETRY
 10
5468.368
 20
-488.811
 40
14.469
 50
245.686
 51
257.307
  0
ARC
  8
APS_GEOMETRY
 10
5467.082
 20
-491.631
 40
11.37
 50
228.801
 51
245.735
  0
ARC
  8
APS_GEOMETRY
 10
5467.104
 20
-491.607
 40
11.402
 50
211.891
 51
228.801
  0
ARC
  8
APS_GEOMETRY
 10
5467.778
 20
-491.122
 40
12.231
 50
196.728
 51
212.152
  0
ARC
  8
APS_GEOMETRY
 10
5466.034
 20
-491.646
 40
10.41
 50
180.0
 51
196.728
  0
ARC
  8
APS_GEOMETRY
 10
5466.288
 20
-491.646
 40
10.663
 50
161.184
 51
180.0
  0
ARC
  8
APS_GEOMETRY
 10
5466.972
 20
-491.879
 40
11.386
 50
142.98
 51
161.184
  0
ARC
  8
APS_GEOMETRY
 10
5467.504
 20
-492.286
 40
12.056
 50
127.824
 51
142.958
  0
ARC
  8
APS_GEOMETRY
 10
5468.381
 20
-493.416
 40
13.486
 50
113.52
 51
127.824
  0
ARC
  8
APS_GEOMETRY
 10
5468.095
 20
-492.756
 40
12.768
 50
101.927
 51
113.527
  0
ARC
  8
APS_GEOMETRY
 10
5467.953
 20
-492.084
 40
12.08
 50
90.0
 51
101.927
  0
ARC
  8
APS_GEOMETRY
 10
5490.228
 20
-500.422
 40
20.304
 50
84.71
 51
90.0
  0
ARC
  8
APS_GEOMETRY
 10
5490.6
 20
-496.402
 40
16.267
 50
78.799
 51
84.71
  0
ARC
  8
APS_GEOMETRY
 10
5493.008
 20
-484.23
 40
3.859
 50
49.783
 51
78.771
  0
ARC
  8
APS_GEOMETRY
 10
5494.619
 20
-482.325
 40
1.365
 50
360.0
 51
49.783
  0
ARC
  8
APS_GEOMETRY
 10
5494.474
 20
-482.325
 40
1.51
 50
342.759
 51
360.0
  0
ARC
  8
APS_GEOMETRY
 10
5495.261
 20
-482.57
 40
0.685
 50
317.045
 51
342.759
  0
ARC
  8
APS_GEOMETRY
 10
5494.881
 20
-482.216
 40
1.205
 50
301.817
 51
317.045
  0
ARC
  8
APS_GEOMETRY
 10
5489.253
 20
-473.145
 40
11.88
 50
296.98
 51
301.817
  0
ARC
  8
APS_GEOMETRY
 10
5495.254
 20
-484.954
 40
1.366
 50
116.565
 51
149.078
  0
ARC
  8
APS_GEOMETRY
 10
5497.013
 20
-486.008
 40
3.417
 50
149.078
 51
169.469
  0
ARC
  8
APS_GEOMETRY
 10
5500.765
 20
-486.705
 40
7.234
 50
169.469
 51
174.598
  0
ARC
  8
APS_GEOMETRY
 10
5520.097
 20
-488.534
 40
26.652
 50
174.598
 51
177.269
  0
ARC
  8
APS_GEOMETRY
 10
5537.096
 20
-489.344
 40
43.67
 50
177.269
 51
178.901
  0
ARC
  8
APS_GEOMETRY
 10
5589.75
 20
-490.354
 40
96.333
 50
178.901
 51
180.0
  0
ARC
  8
APS_GEOMETRY
 10
5696.745
 20
-490.354
 40
203.328
 50
180.0
 51
180.88
  0
ARC
  8
APS_GEOMETRY
 10
5571.485
 20
-492.278
 40
78.054
 50
180.88
 51
182.3
  0
ARC
  8
APS_GEOMETRY
 10
5534.872
 20
-493.749
 40
41.411
 50
182.3
 51
184.974
  0
ARC
  8
APS_GEOMETRY
 10
5499.961
 20
-496.787
 40
6.369
 50
184.974
 51
191.793
  0
ARC
  8
APS_GEOMETRY
 10
5495.906
 20
-497.562
 40
2.242
 50
193.57
 51
205.787
  0
ARC
  8
APS_GEOMETRY
 10
5494.898
 20
-498.05
 40
1.122
 50
205.787
 51
223.091
  0
ARC
  8
APS_GEOMETRY
 10
5495.154
 20
-497.81
 40
1.472
 50
223.091
 51
236.441
  0
ARC
  8
APS_GEOMETRY
 10
5497.295
 20
-494.582
 40
5.346
 50
236.441
 51
243.435
  0
ARC
  8
APS_GEOMETRY
 10
5494.016
 20
-501.317
 40
2.146
 50
37.185
 51
65.556
  0
ARC
  8
APS_GEOMETRY
 10
5494.716
 20
-500.787
 40
1.268
 50
0.0
 51
37.185
  0
ARC
  8
APS_GEOMETRY
 10
5494.677
 20
-500.787
 40
1.306
 50
312.039
 51
360.0
  0
ARC
  8
APS_GEOMETRY
 10
5493.122
 20
-499.061
 40
3.629
 50
283.815
 51
312.039
  0
ARC
  8
APS_GEOMETRY
 10
5490.552
 20
-488.409
 40
14.587
 50
279.273
 51
283.627
  0
ARC
  8
APS_GEOMETRY
 10
5489.524
 20
-482.116
 40
20.963
 50
275.641
 51
279.273
  0
ARC
  8
APS_GEOMETRY
 10
5489.132
 20
-478.139
 40
24.959
 50
272.588
 51
275.641
  0
ARC
  8
APS_GEOMETRY
 10
5488.691
 20
-468.381
 40
34.728
 50
270.0
 51
272.588
  0
ARC
  8
APS_GEOMETRY
 10
5488.691
 20
-482.162
 40
20.947
 50
262.774
 51
270.0
  0
ARC
  8
APS_GEOMETRY
 10
5486.802
 20
-497.055
 40
5.934
 50
249.175
 51
262.774
  0
ARC
  8
APS_GEOMETRY
 10
5485.616
 20
-500.174
 40
2.597
 50
221.23
 51
249.175
  0
ARC
  8
APS_GEOMETRY
 10
5484.581
 20
-501.081
 40
1.221
 50
180.0
 51
221.23
  0
ARC
  8
APS_GEOMETRY
 10
5484.381
 20
-501.081
 40
1.021
 50
142.696
 51
180.0
  0
ARC
  8
APS_GEOMETRY
 10
5485.991
 20
-502.308
 40
3.046
 50
121.357
 51
142.696
  0
ARC
  8
APS_GEOMETRY
 10
5483.27
 20
-497.851
 40
2.177
 50
301.477
 51
324.728
  0
ARC
  8
APS_GEOMETRY
 10
5483.56
 20
-498.056
 40
1.822
 50
324.728
 51
350.181
  0
ARC
  8
APS_GEOMETRY
 10
5474.439
 20
-496.547
 40
11.066
 50
350.538
 51
355.423
  0
ARC
  8
APS_GEOMETRY
 10
5436.963
 20
-493.547
 40
48.662
 50
355.423
 51
357.752
  0
ARC
  8
APS_GEOMETRY
 10
5402.167
 20
-492.181
 40
83.485
 50
357.752
 51
359.111
  0
ARC
  8
APS_GEOMETRY
 10
5290.793
 20
-490.452
 40
194.872
 50
359.111
 51
0.0
  0
ARC
  8
APS_GEOMETRY
 10
5418.054
 20
-490.452
 40
67.612
 50
0.0
 51
1.773
  0
ARC
  8
APS_GEOMETRY
 10
5457.734
 20
-489.224
 40
27.913
 50
1.773
 51
4.532
  0
ARC
  8
APS_GEOMETRY
 10
5469.794
 20
-488.268
 40
15.814
 50
4.532
 51
9.384
  0
ARC
  8
APS_GEOMETRY
 10
5482.041
 20
-486.244
 40
3.402
 50
9.384
 51
19.855
  0
ARC
  8
APS_GEOMETRY
 10
5483.662
 20
-485.628
 40
1.668
 50
18.853
 51
42.158
  0
ARC
  8
APS_GEOMETRY
 10
5482.273
 20
-486.886
 40
3.542
 50
42.158
 51
58.092
  0
ARC
  8
APS_GEOMETRY
 10
5488.387
 20
-477.437
 40
7.713
 50
230.711
 51
236.634
  0
ARC
  8
APS_GEOMETRY
 10
5484.546
 20
-482.131
 40
1.648
 50
217.875
 51
230.711
  0
ARC
  8
APS_GEOMETRY
 10
5484.02
 20
-482.541
 40
0.981
 50
196.928
 51
217.875
  0
ARC
  8
APS_GEOMETRY
 10
5484.513
 20
-482.391
 40
1.496
 50
180.0
 51
196.928
  0
ARC
  8
APS_GEOMETRY
 10
5484.19
 20
-482.391
 40
1.174
 50
148.791
 51
180.0
  0
ARC
  8
APS_GEOMETRY
 10
5484.498
 20
-482.577
 40
1.533
 50
121.569
 51
148.791
  0
ARC
  8
APS_GEOMETRY
 10
5485.051
 20
-483.477
 40
2.589
 50
112.806
 51
121.569
  0
ARC
  8
APS_GEOMETRY
 10
5486.544
 20
-487.029
 40
6.443
 50
107.254
 51
112.806
  0
ARC
  8
APS_GEOMETRY
 10
5487.459
 20
-489.975
 40
9.527
 50
103.487
 51
107.254
  0
ARC
  8
APS_GEOMETRY
 10
5489.554
 20
-498.711
 40
18.511
 50
100.784
 51
103.487
  0
ARC
  8
APS_GEOMETRY
 10
5490.211
 20
-501.126
 40
21.008
 50
95.643
 51
101.31
  0
ARC
  8
APS_GEOMETRY
 10
5490.228
 20
-501.299
 40
21.181
 50
90.0
 51
95.643
  0
LINE
  8
APS_GEOMETRY
 10
5524.802
 11
5524.802
 20
-495.08
 21
-486.479
  0
ARC
  8
APS_GEOMETRY
 10
5504.941
 20
-486.479
 40
19.861
 50
0.0
 51
2.404
  0
ARC
  8
APS_GEOMETRY
 10
5516.7
 20
-485.985
 40
8.092
 50
2.404
 51
6.17
  0
ARC
  8
APS_GEOMETRY
 10
5520.224
 20
-485.604
 40
4.547
 50
6.17
 51
12.824
  0
ARC
  8
APS_GEOMETRY
 10
5523.674
 20
-484.819
 40
1.009
 50
12.824
 51
26.98
  0
ARC
  8
APS_GEOMETRY
 10
5523.835
 20
-484.737
 40
0.828
 50
26.98
 51
59.65
  0
ARC
  8
APS_GEOMETRY
 10
5522.316
 20
-487.331
 40
3.834
 50
59.65
 51
74.667
  0
ARC
  8
APS_GEOMETRY
 10
5524.067
 20
-481.082
 40
2.656
 50
225.0
 51
253.887
  0
ARC
  8
APS_GEOMETRY
 10
5522.987
 20
-482.162
 40
1.128
 50
180.0
 51
225.0
  0
ARC
  8
APS_GEOMETRY
 10
5523.194
 20
-482.162
 40
1.336
 50
151.157
 51
180.0
  0
ARC
  8
APS_GEOMETRY
 10
5523.191
 20
-482.16
 40
1.332
 50
122.276
 51
151.157
  0
ARC
  8
APS_GEOMETRY
 10
5523.573
 20
-482.765
 40
2.048
 50
102.308
 51
122.276
  0
ARC
  8
APS_GEOMETRY
 10
5524.278
 20
-485.997
 40
5.356
 50
90.0
 51
102.308
  0
ARC
  8
APS_GEOMETRY
 10
5524.278
 20
-492.224
 40
11.583
 50
88.989
 51
90.0
  0
ARC
  8
APS_GEOMETRY
 10
5523.305
 20
-547.397
 40
66.764
 50
88.568
 51
88.989
  0
ARC
  8
APS_GEOMETRY
 10
5521.93
 20
-602.399
 40
121.783
 50
88.337
 51
88.568
  0
ARC
  8
APS_GEOMETRY
 10
5516.601
 20
-785.957
 40
305.419
 50
88.191
 51
88.337
  0
LINE
  8
APS_GEOMETRY
 10
5526.241
 11
5527.205
 20
-480.69
 21
-480.69
  0
ARC
  8
APS_GEOMETRY
 10
5523.965
 20
57.284
 40
537.985
 50
270.345
 51
270.49
  0
ARC
  8
APS_GEOMETRY
 10
5526.984
 20
-296.021
 40
184.666
 50
270.49
 51
270.736
  0
ARC
  8
APS_GEOMETRY
 10
5528.224
 20
-392.457
 40
88.223
 50
270.736
 51
271.253
  0
ARC
  8
APS_GEOMETRY
 10
5529.987
 20
-473.065
 40
7.595
 50
271.253
 51
273.013
  0
ARC
  8
APS_GEOMETRY
 10
5529.913
 20
-471.671
 40
8.991
 50
273.013
 51
274.5
  0
ARC
  8
APS_GEOMETRY
 10
5521.585
 20
-365.844
 40
115.145
 50
274.5
 51
274.915
  0
LINE
  8
APS_GEOMETRY
 10
5531.451
 11
5532.432
 20
-480.566
 21
-480.479
  0
LINE
  8
APS_GEOMETRY
 10
5532.432
 11
5533.713
 20
-480.479
 21
-480.363
  0
ARC
  8
APS_GEOMETRY
 10
5535.82
 20
-500.725
 40
20.471
 50
93.24
 51
95.906
  0
ARC
  8
APS_GEOMETRY
 10
5535.447
 20
-494.133
 40
13.868
 50
90.0
 51
93.24
  0
ARC
  8
APS_GEOMETRY
 10
5535.447
 20
-492.042
 40
11.777
 50
77.12
 51
90.0
  0
ARC
  8
APS_GEOMETRY
 10
5536.067
 20
-489.329
 40
8.993
 50
62.371
 51
77.12
  0
ARC
  8
APS_GEOMETRY
 10
5537.118
 20
-487.359
 40
6.761
 50
31.215
 51
62.517
  0
ARC
  8
APS_GEOMETRY
 10
5537.086
 20
-487.378
 40
6.798
 50
360.0
 51
31.215
  0
ARC
  8
APS_GEOMETRY
 10
5536.903
 20
-487.378
 40
6.981
 50
334.496
 51
360.0
  0
ARC
  8
APS_GEOMETRY
 10
5537.247
 20
-487.542
 40
6.601
 50
308.254
 51
334.496
  0
ARC
  8
APS_GEOMETRY
 10
5536.197
 20
-486.159
 40
8.337
 50
287.855
 51
308.034
  0
ARC
  8
APS_GEOMETRY
 10
5535.496
 20
-483.982
 40
10.623
 50
270.0
 51
287.855
  0
ARC
  8
APS_GEOMETRY
 10
5535.496
 20
-478.507
 40
16.098
 50
266.918
 51
270.0
  0
ARC
  8
APS_GEOMETRY
 10
5536.473
 20
-460.359
 40
34.273
 50
264.806
 51
266.918
  0
ARC
  8
APS_GEOMETRY
 10
5529.937
 20
-541.413
 40
47.047
 50
85.815
 51
86.634
  0
ARC
  8
APS_GEOMETRY
 10
5532.536
 20
-497.224
 40
2.782
 50
86.634
 51
90.0
  0
ARC
  8
APS_GEOMETRY
 10
5532.536
 20
-494.853
 40
0.41
 50
90.0
 51
139.686
  0
ARC
  8
APS_GEOMETRY
 10
5532.688
 20
-494.982
 40
0.61
 50
139.686
 51
180.0
  0
LINE
  8
APS_GEOMETRY
 10
5532.078
 11
5532.078
 20
-494.982
 21
-495.08
  0
LINE
  8
APS_GEOMETRY
 10
5532.078
 11
5532.193
 20
-495.08
 21
-497.762
  0
ARC
  8
APS_GEOMETRY
 10
5536.068
 20
-497.6
 40
3.879
 50
182.386
 51
193.753
  0
ARC
  8
APS_GEOMETRY
 10
5533.569
 20
-498.212
 40
1.306
 50
193.753
 51
213.408
  0
ARC
  8
APS_GEOMETRY
 10
5533.597
 20
-498.193
 40
1.339
 50
213.408
 51
232.628
  0
ARC
  8
APS_GEOMETRY
 10
5535.852
 20
-495.24
 40
5.055
 50
232.628
 51
242.488
  0
ARC
  8
APS_GEOMETRY
 10
5532.091
 20
-502.373
 40
3.009
 50
40.539
 51
61.699
  0
ARC
  8
APS_GEOMETRY
 10
5533.735
 20
-500.966
 40
0.845
 50
360.0
 51
40.539
  0
ARC
  8
APS_GEOMETRY
 10
5533.445
 20
-500.966
 40
1.135
 50
315.297
 51
360.0
  0
ARC
  8
APS_GEOMETRY
 10
5531.911
 20
-499.448
 40
3.294
 50
289.502
 51
315.297
  0
ARC
  8
APS_GEOMETRY
 10
5530.786
 20
-496.272
 40
6.663
 50
282.372
 51
289.502
  0
ARC
  8
APS_GEOMETRY
 10
5529.605
 20
-490.886
 40
12.176
 50
277.099
 51
282.372
  0
ARC
  8
APS_GEOMETRY
 10
5529.119
 20
-486.987
 40
16.106
 50
273.104
 51
277.099
  0
ARC
  8
APS_GEOMETRY
 10
5528.546
 20
-476.427
 40
26.681
 50
270.0
 51
273.104
  0
ARC
  8
APS_GEOMETRY
 10
5528.546
 20
-476.747
 40
26.361
 50
263.473
 51
270.0
  0
ARC
  8
APS_GEOMETRY
 10
5526.38
 20
-495.681
 40
7.304
 50
251.056
 51
263.473
  0
ARC
  8
APS_GEOMETRY
 10
5524.989
 20
-499.733
 40
3.02
 50
224.161
 51
251.056
  0
ARC
  8
APS_GEOMETRY
 10
5523.652
 20
-501.032
 40
1.156
 50
180.0
 51
224.161
  0
ARC
  8
APS_GEOMETRY
 10
5523.892
 20
-501.032
 40
1.396
 50
160.821
 51
180.0
  0
ARC
  8
APS_GEOMETRY
 10
5523.306
 20
-500.828
 40
0.776
 50
135.0
 51
160.821
  0
ARC
  8
APS_GEOMETRY
 10
5523.86
 20
-501.382
 40
1.558
 50
121.522
 51
135.0
  0
ARC
  8
APS_GEOMETRY
 10
5530.102
 20
-511.56
 40
13.498
 50
116.952
 51
121.522
  0
ARC
  8
APS_GEOMETRY
 10
5523.286
 20
-498.204
 40
1.496
 50
297.824
 51
321.605
  0
ARC
  8
APS_GEOMETRY
 10
5523.63
 20
-498.477
 40
1.057
 50
321.605
 51
349.992
  0
ARC
  8
APS_GEOMETRY
 10
5522.031
 20
-498.195
 40
2.681
 50
349.992
 51
356.014
  0
ARC
  8
APS_GEOMETRY
 10
5497.699
 20
-496.499
 40
27.071
 50
356.014
 51
357.908
  0
ARC
  8
APS_GEOMETRY
 10
5469.297
 20
-495.462
 40
55.492
 50
357.908
 51
358.833
  0
ARC
  8
APS_GEOMETRY
 10
5366.599
 20
-493.37
 40
158.212
 50
358.833
 51
359.381
  0
LINE
  8
APS_GEOMETRY
 10
5532.193
 11
5532.193
 20
-484.402
 21
-489.962
  0
ARC
  8
APS_GEOMETRY
 10
5533.88
 20
-489.962
 40
1.687
 50
180.0
 51
199.885
  0
ARC
  8
APS_GEOMETRY
 10
5532.617
 20
-490.418
 40
0.345
 50
199.885
 51
244.799
  0
ARC
  8
APS_GEOMETRY
 10
5533.343
 20
-488.923
 40
2.007
 50
244.231
 51
258.996
  0
ARC
  8
APS_GEOMETRY
 10
5533.648
 20
-487.355
 40
3.604
 50
258.996
 51
270.0
  0
ARC
  8
APS_GEOMETRY
 10
5533.648
 20
-487.734
 40
3.225
 50
270.0
 51
288.435
  0
ARC
  8
APS_GEOMETRY
 10
5533.879
 20
-488.428
 40
2.494
 50
288.435
 51
309.428
  0
ARC
  8
APS_GEOMETRY
 10
5533.964
 20
-488.515
 40
2.373
 50
309.193
 51
339.939
  0
ARC
  8
APS_GEOMETRY
 10
5531.029
 20
-487.444
 40
5.497
 50
339.939
 51
0.0
  0
ARC
  8
APS_GEOMETRY
 10
5531.352
 20
-487.444
 40
5.174
 50
360.0
 51
22.011
  0
ARC
  8
APS_GEOMETRY
 10
5533.644
 20
-486.517
 40
2.701
 50
22.011
 51
52.651
  0
ARC
  8
APS_GEOMETRY
 10
5533.609
 20
-486.541
 40
2.742
 50
52.374
 51
72.309
  0
ARC
  8
APS_GEOMETRY
 10
5533.386
 20
-487.239
 40
3.475
 50
72.309
 51
90.0
  0
ARC
  8
APS_GEOMETRY
 10
5533.386
 20
-485.79
 40
2.026
 50
90.0
 51
118.113
  0
ARC
  8
APS_GEOMETRY
 10
5532.645
 20
-484.402
 40
0.452
 50
118.113
 51
180.0
  0
ARC
  8
APS_GEOMETRY
 10
5558.562
 20
-492.894
 40
12.891
 50
71.91
 51
90.0
  0
ARC
  8
APS_GEOMETRY
 10
5559.061
 20
-491.366
 40
11.283
 50
52.561
 51
71.91
  0
ARC
  8
APS_GEOMETRY
 10
5558.93
 20
-491.404
 40
11.393
 50
38.846
 51
52.156
  0
ARC
  8
APS_GEOMETRY
 10
5557.144
 20
-492.842
 40
13.686
 50
26.707
 51
38.846
  0
ARC
  8
APS_GEOMETRY
 10
5557.498
 20
-492.553
 40
13.241
 50
13.868
 51
26.278
  0
ARC
  8
APS_GEOMETRY
 10
5560.047
 20
-491.924
 40
10.614
 50
360.0
 51
13.868
  0
ARC
  8
APS_GEOMETRY
 10
5560.213
 20
-491.924
 40
10.449
 50
339.712
 51
360.0
  0
ARC
  8
APS_GEOMETRY
 10
5559.624
 20
-491.706
 40
11.076
 50
320.013
 51
339.712
  0
ARC
  8
APS_GEOMETRY
 10
5559.527
 20
-491.653
 40
11.186
 50
303.344
 51
320.123
  0
ARC
  8
APS_GEOMETRY
 10
5558.379
 20
-489.908
 40
13.274
 50
287.949
 51
303.344
  0
ARC
  8
APS_GEOMETRY
 10
5558.002
 20
-488.601
 40
14.634
 50
279.039
 51
287.776
  0
ARC
  8
APS_GEOMETRY
 10
5558.153
 20
-489.55
 40
13.673
 50
270.0
 51
279.039
  0
ARC
  8
APS_GEOMETRY
 10
5558.153
 20
-490.218
 40
13.005
 50
257.728
 51
270.0
  0
ARC
  8
APS_GEOMETRY
 10
5558.173
 20
-490.124
 40
13.102
 50
245.501
 51
257.728
  0
ARC
  8
APS_GEOMETRY
 10
5557.437
 20
-491.735
 40
11.33
 50
228.665
 51
245.511
  0
ARC
  8
APS_GEOMETRY
 10
5557.192
 20
-492.013
 40
10.959
 50
211.535
 51
228.665
  0
ARC
  8
APS_GEOMETRY
 10
5557.513
 20
-491.778
 40
11.356
 50
195.642
 51
211.701
  0
ARC
  8
APS_GEOMETRY
 10
5558.1
 20
-491.613
 40
11.966
 50
180.0
 51
195.642
  0
ARC
  8
APS_GEOMETRY
 10
5558.226
 20
-491.613
 40
12.091
 50
162.181
 51
180.0
  0
ARC
  8
APS_GEOMETRY
 10
5557.122
 20
-491.259
 40
10.933
 50
143.434
 51
162.181
  0
ARC
  8
APS_GEOMETRY
 10
5556.974
 20
-491.14
 40
10.742
 50
126.384
 51
143.471
  0
ARC
  8
APS_GEOMETRY
 10
5557.991
 20
-492.52
 40
12.457
 50
110.525
 51
126.384
  0
ARC
  8
APS_GEOMETRY
 10
5557.941
 20
-492.145
 40
12.089
 50
99.77
 51
110.925
  0
ARC
  8
APS_GEOMETRY
 10
5558.562
 20
-495.751
 40
15.748
 50
90.0
 51
99.77
  0
ARC
  8
APS_GEOMETRY
 10
5557.008
 20
-487.1
 40
2.404
 50
90.0
 51
119.604
  0
ARC
  8
APS_GEOMETRY
 10
5557.219
 20
-487.471
 40
2.83
 50
119.604
 51
146.842
  0
ARC
  8
APS_GEOMETRY
 10
5557.642
 20
-487.817
 40
3.374
 50
145.84
 51
164.055
  0
ARC
  8
APS_GEOMETRY
 10
5558.622
 20
-488.098
 40
4.394
 50
164.055
 51
180.0
  0
ARC
  8
APS_GEOMETRY
 10
5564.755
 20
-488.098
 40
10.526
 50
180.0
 51
189.977
  0
ARC
  8
APS_GEOMETRY
 10
5574.08
 20
-486.457
 40
19.995
 50
189.977
 51
197.211
  0
ARC
  8
APS_GEOMETRY
 10
5576.12
 20
-485.825
 40
22.131
 50
197.211
 51
203.76
  0
ARC
  8
APS_GEOMETRY
 10
5571.039
 20
-488.062
 40
16.579
 50
203.76
 51
211.329
  0
ARC
  8
APS_GEOMETRY
 10
5560.605
 20
-494.324
 40
4.411
 50
212.32
 51
224.441
  0
ARC
  8
APS_GEOMETRY
 10
5560.177
 20
-494.744
 40
3.812
 50
224.441
 51
237.484
  0
ARC
  8
APS_GEOMETRY
 10
5559.901
 20
-495.177
 40
3.298
 50
237.484
 51
252.416
  0
ARC
  8
APS_GEOMETRY
 10
5559.624
 20
-496.049
 40
2.383
 50
252.416
 51
270.0
  0
ARC
  8
APS_GEOMETRY
 10
5559.624
 20
-495.766
 40
2.666
 50
270.0
 51
294.953
  0
ARC
  8
APS_GEOMETRY
 10
5559.699
 20
-495.927
 40
2.489
 50
294.953
 51
320.793
  0
ARC
  8
APS_GEOMETRY
 10
5559.299
 20
-495.6
 40
3.005
 50
320.793
 51
342.777
  0
ARC
  8
APS_GEOMETRY
 10
5557.515
 20
-495.047
 40
4.873
 50
342.777
 51
0.0
  0
ARC
  8
APS_GEOMETRY
 10
5549.134
 20
-495.047
 40
13.254
 50
0.0
 51
8.499
  0
ARC
  8
APS_GEOMETRY
 10
5543.301
 20
-495.919
 40
19.152
 50
8.499
 51
15.566
  0
ARC
  8
APS_GEOMETRY
 10
5544.002
 20
-495.723
 40
18.424
 50
15.566
 51
22.909
  0
ARC
  8
APS_GEOMETRY
 10
5550.034
 20
-493.174
 40
11.876
 50
22.909
 51
32.057
  0
ARC
  8
APS_GEOMETRY
 10
5554.772
 20
-490.19
 40
6.276
 50
31.921
 51
42.51
  0
ARC
  8
APS_GEOMETRY
 10
5556.073
 20
-488.997
 40
4.511
 50
42.51
 51
55.008
  0
ARC
  8
APS_GEOMETRY
 10
5556.512
 20
-488.369
 40
3.745
 50
55.008
 51
69.88
  0
ARC
  8
APS_GEOMETRY
 10
5556.906
 20
-487.294
 40
2.599
 50
69.88
 51
87.754
  0
ARC
  8
APS_GEOMETRY
 10
5583.818
 20
-494.605
 40
1.21
 50
90.0
 51
115.837
  0
ARC
  8
APS_GEOMETRY
 10
5583.521
 20
-493.99
 40
0.526
 50
115.837
 51
155.462
  0
ARC
  8
APS_GEOMETRY
 10
5583.868
 20
-494.149
 40
0.909
 50
155.462
 51
168.366
  0
ARC
  8
APS_GEOMETRY
 10
5587.041
 20
-494.802
 40
4.148
 50
168.366
 51
174.395
  0
ARC
  8
APS_GEOMETRY
 10
5590.239
 20
-495.116
 40
7.361
 50
174.395
 51
177.813
  0
ARC
  8
APS_GEOMETRY
 10
5600.853
 20
-495.521
 40
17.983
 50
177.813
 51
180.0
  0
ARC
  8
APS_GEOMETRY
 10
5608.537
 20
-495.521
 40
25.667
 50
180.0
 51
184.62
  0
ARC
  8
APS_GEOMETRY
 10
5591.328
 20
-496.912
 40
8.401
 50
184.62
 51
192.7
  0
ARC
  8
APS_GEOMETRY
 10
5584.692
 20
-498.369
 40
1.609
 50
194.036
 51
205.821
  0
ARC
  8
APS_GEOMETRY
 10
5583.99
 20
-498.709
 40
0.828
 50
205.821
 51
222.274
  0
ARC
  8
APS_GEOMETRY
 10
5584.205
 20
-498.513
 40
1.119
 50
222.274
 51
234.605
  0
ARC
  8
APS_GEOMETRY
 10
5586.635
 20
-495.093
 40
5.315
 50
234.605
 51
240.255
  0
ARC
  8
APS_GEOMETRY
 10
5582.941
 20
-501.63
 40
2.194
 50
34.592
 51
61.189
  0
ARC
  8
APS_GEOMETRY
 10
5583.666
 20
-501.13
 40
1.313
 50
360.0
 51
34.592
  0
ARC
  8
APS_GEOMETRY
 10
5583.71
 20
-501.13
 40
1.27
 50
318.231
 51
360.0
  0
ARC
  8
APS_GEOMETRY
 10
5582.861
 20
-500.372
 40
2.408
 50
288.227
 51
318.231
  0
ARC
  8
APS_GEOMETRY
 10
5581.98
 20
-497.698
 40
5.223
 50
280.377
 51
288.227
  0
ARC
  8
APS_GEOMETRY
 10
5580.445
 20
-489.316
 40
13.744
 50
275.541
 51
280.377
  0
ARC
  8
APS_GEOMETRY
 10
5579.784
 20
-482.497
 40
20.595
 50
272.304
 51
275.541
  0
ARC
  8
APS_GEOMETRY
 10
5578.978
 20
-462.479
 40
40.629
 50
270.0
 51
272.304
  0
ARC
  8
APS_GEOMETRY
 10
5578.978
 20
-479.209
 40
23.9
 50
262.811
 51
270.0
  0
ARC
  8
APS_GEOMETRY
 10
5576.834
 20
-496.212
 40
6.762
 50
249.274
 51
262.811
  0
ARC
  8
APS_GEOMETRY
 10
5575.485
 20
-499.777
 40
2.95
 50
221.379
 51
249.274
  0
ARC
  8
APS_GEOMETRY
 10
5574.301
 20
-500.819
 40
1.373
 50
180.0
 51
221.379
  0
ARC
  8
APS_GEOMETRY
 10
5574.292
 20
-500.819
 40
1.364
 50
164.055
 51
180.0
  0
ARC
  8
APS_GEOMETRY
 10
5573.724
 20
-500.657
 40
0.773
 50
142.815
 51
164.055
  0
ARC
  8
APS_GEOMETRY
 10
5574.082
 20
-500.928
 40
1.222
 50
129.007
 51
142.815
  0
ARC
  8
APS_GEOMETRY
 10
5578.478
 20
-506.355
 40
8.206
 50
123.69
 51
129.007
  0
ARC
  8
APS_GEOMETRY
 10
5572.239
 20
-496.969
 40
3.064
 50
303.389
 51
319.022
  0
ARC
  8
APS_GEOMETRY
 10
5573.069
 20
-497.689
 40
1.966
 50
319.022
 51
338.575
  0
ARC
  8
APS_GEOMETRY
 10
5571.959
 20
-497.254
 40
3.158
 50
338.575
 51
351.049
  0
ARC
  8
APS_GEOMETRY
 10
5558.556
 20
-495.143
 40
16.726
 50
351.049
 51
356.46
  0
ARC
  8
APS_GEOMETRY
 10
5562.974
 20
-495.311
 40
12.307
 50
355.972
 51
358.68
  0
ARC
  8
APS_GEOMETRY
 10
5417.878
 20
-491.968
 40
157.441
 50
358.68
 51
359.437
  0
LINE
  8
APS_GEOMETRY
 10
5575.311
 11
5575.327
 20
-493.514
 21
-491.058
  0
LINE
  8
APS_GEOMETRY
 10
5575.327
 11
5575.332
 20
-491.058
 21
-487.852
  0
ARC
  8
APS_GEOMETRY
 10
5537.427
 20
-487.852
 40
37.905
 50
360.0
 51
1.717
  0
ARC
  8
APS_GEOMETRY
 10
5557.712
 20
-487.244
 40
17.611
 50
1.717
 51
4.236
  0
ARC
  8
APS_GEOMETRY
 10
5564.326
 20
-486.754
 40
10.979
 50
4.236
 51
8.269
  0
ARC
  8
APS_GEOMETRY
 10
5571.938
 20
-485.648
 40
3.287
 50
8.269
 51
15.642
  0
ARC
  8
APS_GEOMETRY
 10
5573.248
 20
-485.281
 40
1.926
 50
15.642
 51
39.417
  0
ARC
  8
APS_GEOMETRY
 10
5573.277
 20
-485.257
 40
1.888
 50
39.417
 51
63.435
  0
ARC
  8
APS_GEOMETRY
 10
5576.678
 20
-478.212
 40
5.935
 50
236.874
 51
244.486
  0
ARC
  8
APS_GEOMETRY
 10
5574.148
 20
-482.089
 40
1.306
 50
220.601
 51
236.874
  0
ARC
  8
APS_GEOMETRY
 10
5573.858
 20
-482.338
 40
0.923
 50
198.246
 51
220.601
  0
ARC
  8
APS_GEOMETRY
 10
5574.292
 20
-482.195
 40
1.38
 50
180.0
 51
198.246
  0
ARC
  8
APS_GEOMETRY
 10
5574.286
 20
-482.195
 40
1.374
 50
156.161
 51
180.0
  0
ARC
  8
APS_GEOMETRY
 10
5574.477
 20
-482.279
 40
1.583
 50
133.977
 51
156.161
  0
ARC
  8
APS_GEOMETRY
 10
5574.859
 20
-482.675
 40
2.133
 50
116.996
 51
133.977
  0
ARC
  8
APS_GEOMETRY
 10
5575.617
 20
-484.164
 40
3.804
 50
104.3
 51
116.996
  0
ARC
  8
APS_GEOMETRY
 10
5575.813
 20
-484.917
 40
4.582
 50
95.326
 51
104.349
  0
ARC
  8
APS_GEOMETRY
 10
5576.607
 20
-493.434
 40
13.136
 50
90.0
 51
95.326
  0
ARC
  8
APS_GEOMETRY
 10
5576.607
 20
-486.804
 40
6.506
 50
87.553
 51
90.0
  0
ARC
  8
APS_GEOMETRY
 10
5575.223
 20
-519.198
 40
38.93
 50
86.553
 51
87.553
  0
ARC
  8
APS_GEOMETRY
 10
5573.255
 20
-551.871
 40
71.662
 50
86.009
 51
86.553
  0
ARC
  8
APS_GEOMETRY
 10
5565.601
 20
-661.578
 40
181.636
 50
85.668
 51
86.009
  0
ARC
  8
APS_GEOMETRY
 10
5579.925
 20
-472.923
 40
7.563
 50
265.426
 51
268.531
  0
ARC
  8
APS_GEOMETRY
 10
5580.597
 20
-446.701
 40
33.793
 50
268.531
 51
270.0
  0
ARC
  8
APS_GEOMETRY
 10
5580.597
 20
-454.739
 40
25.755
 50
270.0
 51
271.637
  0
ARC
  8
APS_GEOMETRY
 10
5580.022
 20
-434.596
 40
45.906
 50
271.637
 51
272.862
  0
ARC
  8
APS_GEOMETRY
 10
5579.361
 20
-421.382
 40
59.137
 50
272.862
 51
273.814
  0
ARC
  8
APS_GEOMETRY
 10
5577.124
 20
-387.83
 40
92.764
 50
273.814
 51
274.574
  0
ARC
  8
APS_GEOMETRY
 10
5591.155
 20
-570.325
 40
90.271
 50
93.72
 51
94.214
  0
ARC
  8
APS_GEOMETRY
 10
5588.161
 20
-524.266
 40
44.115
 50
93.013
 51
93.72
  0
ARC
  8
APS_GEOMETRY
 10
5587.34
 20
-508.668
 40
28.496
 50
91.918
 51
93.013
  0
ARC
  8
APS_GEOMETRY
 10
5586.696
 20
-489.461
 40
9.277
 50
90.0
 51
91.918
  0
ARC
  8
APS_GEOMETRY
 10
5586.696
 20
-492.238
 40
12.054
 50
73.82
 51
90.0
  0
ARC
  8
APS_GEOMETRY
 10
5587.884
 20
-488.143
 40
7.791
 50
53.658
 51
73.82
  0
ARC
  8
APS_GEOMETRY
 10
5589.574
 20
-485.833
 40
4.929
 50
26.03
 51
53.569
  0
ARC
  8
APS_GEOMETRY
 10
5589.056
 20
-486.086
 40
5.506
 50
360.0
 51
26.03
  0
ARC
  8
APS_GEOMETRY
 10
5588.84
 20
-486.086
 40
5.722
 50
345.282
 51
360.0
  0
ARC
  8
APS_GEOMETRY
 10
5589.39
 20
-486.231
 40
5.152
 50
329.767
 51
345.282
  0
ARC
  8
APS_GEOMETRY
 10
5589.702
 20
-486.413
 40
4.792
 50
313.168
 51
329.767
  0
ARC
  8
APS_GEOMETRY
 10
5589.818
 20
-486.536
 40
4.623
 50
296.267
 51
313.168
  0
ARC
  8
APS_GEOMETRY
 10
5592.449
 20
-491.853
 40
1.31
 50
116.565
 51
139.899
  0
ARC
  8
APS_GEOMETRY
 10
5591.796
 20
-491.303
 40
0.456
 50
139.899
 51
180.0
  0
ARC
  8
APS_GEOMETRY
 10
5591.847
 20
-491.303
 40
0.506
 50
180.0
 51
226.193
  0
ARC
  8
APS_GEOMETRY
 10
5592.782
 20
-490.327
 40
1.858
 50
226.193
 51
249.829
  0
ARC
  8
APS_GEOMETRY
 10
5590.102
 20
-497.708
 40
5.995
 50
53.249
 51
70.105
  0
ARC
  8
APS_GEOMETRY
 10
5591.319
 20
-496.077
 40
3.96
 50
32.471
 51
53.249
  0
ARC
  8
APS_GEOMETRY
 10
5590.752
 20
-496.438
 40
4.632
 50
23.305
 51
32.471
  0
ARC
  8
APS_GEOMETRY
 10
5587.247
 20
-497.948
 40
8.449
 50
16.521
 51
23.305
  0
ARC
  8
APS_GEOMETRY
 10
5584.514
 20
-498.759
 40
11.299
 50
11.429
 51
16.521
  0
ARC
  8
APS_GEOMETRY
 10
5576.769
 20
-500.325
 40
19.201
 50
7.524
 51
11.429
  0
ARC
  8
APS_GEOMETRY
 10
5602.433
 20
-496.907
 40
6.69
 50
187.765
 51
196.914
  0
ARC
  8
APS_GEOMETRY
 10
5596.961
 20
-498.571
 40
0.971
 50
196.914
 51
221.082
  0
ARC
  8
APS_GEOMETRY
 10
5596.982
 20
-498.552
 40
0.999
 50
221.082
 51
244.607
  0
ARC
  8
APS_GEOMETRY
 10
5599.319
 20
-493.63
 40
6.448
 50
244.607
 51
253.811
  0
ARC
  8
APS_GEOMETRY
 10
5597.265
 20
-500.635
 40
0.852
 50
51.45
 51
72.474
  0
ARC
  8
APS_GEOMETRY
 10
5597.054
 20
-500.899
 40
1.191
 50
33.69
 51
51.45
  0
ARC
  8
APS_GEOMETRY
 10
5597.004
 20
-500.932
 40
1.25
 50
16.639
 51
33.69
  0
ARC
  8
APS_GEOMETRY
 10
5596.945
 20
-500.95
 40
1.312
 50
360.0
 51
16.639
  0
ARC
  8
APS_GEOMETRY
 10
5596.926
 20
-500.95
 40
1.331
 50
338.993
 51
360.0
  0
ARC
  8
APS_GEOMETRY
 10
5596.114
 20
-500.638
 40
2.201
 50
322.696
 51
338.993
  0
ARC
  8
APS_GEOMETRY
 10
5595.811
 20
-500.407
 40
2.582
 50
308.603
 51
322.696
  0
ARC
  8
APS_GEOMETRY
 10
5595.603
 20
-500.146
 40
2.916
 50
295.346
 51
308.603
  0
ARC
  8
APS_GEOMETRY
 10
5594.507
 20
-497.733
 40
5.566
 50
279.583
 51
294.905
  0
ARC
  8
APS_GEOMETRY
 10
5593.074
 20
-489.243
 40
14.176
 50
270.0
 51
279.583
  0
ARC
  8
APS_GEOMETRY
 10
5593.074
 20
-493.083
 40
10.336
 50
261.247
 51
270.0
  0
ARC
  8
APS_GEOMETRY
 10
5592.411
 20
-497.384
 40
5.985
 50
249.737
 51
261.247
  0
ARC
  8
APS_GEOMETRY
 10
5591.976
 20
-498.562
 40
4.728
 50
235.345
 51
249.737
  0
ARC
  8
APS_GEOMETRY
 10
5591.427
 20
-499.357
 40
3.762
 50
219.198
 51
235.345
  0
ARC
  8
APS_GEOMETRY
 10
5592.583
 20
-498.371
 40
5.281
 50
209.076
 51
219.56
  0
ARC
  8
APS_GEOMETRY
 10
5595.254
 20
-496.887
 40
8.337
 50
200.735
 51
209.076
  0
ARC
  8
APS_GEOMETRY
 10
5598.938
 20
-495.492
 40
12.277
 50
197.881
 51
200.735
  0
ARC
  8
APS_GEOMETRY
 10
5614.079
 20
-490.607
 40
28.186
 50
195.997
 51
197.881
  0
ARC
  8
APS_GEOMETRY
 10
5625.27
 20
-487.398
 40
39.828
 50
194.664
 51
195.997
  0
ARC
  8
APS_GEOMETRY
 10
5656.268
 20
-479.287
 40
71.869
 50
193.671
 51
194.664
  0
ARC
  8
APS_GEOMETRY
 10
5577.662
 20
-498.397
 40
9.026
 50
13.61
 51
23.585
  0
ARC
  8
APS_GEOMETRY
 10
5583.572
 20
-495.817
 40
2.577
 50
23.585
 51
42.31
  0
ARC
  8
APS_GEOMETRY
 10
5584.108
 20
-495.329
 40
1.853
 50
42.31
 51
67.521
  0
ARC
  8
APS_GEOMETRY
 10
5583.684
 20
-496.355
 40
2.962
 50
67.521
 51
87.397
  0
LINE
  8
APS_GEOMETRY
 10
5582.886
 11
5582.707
 20
-485.056
 21
-488.866
  0
LINE
  8
APS_GEOMETRY
 10
5582.707
 11
5582.707
 20
-488.866
 21
-488.927
  0
LINE
  8
APS_GEOMETRY
 10
5582.707
 11
5582.707
 20
-488.927
 21
-489.013
  0
ARC
  8
APS_GEOMETRY
 10
5585.354
 20
-489.013
 40
2.647
 50
180.0
 51
192.339
  0
ARC
  8
APS_GEOMETRY
 10
5583.249
 20
-489.474
 40
0.493
 50
192.339
 51
221.186
  0
ARC
  8
APS_GEOMETRY
 10
5583.199
 20
-489.518
 40
0.426
 50
221.186
 51
253.872
  0
ARC
  8
APS_GEOMETRY
 10
5583.557
 20
-488.28
 40
1.715
 50
253.872
 51
270.0
  0
ARC
  8
APS_GEOMETRY
 10
5583.557
 20
-486.009
 40
3.985
 50
270.0
 51
289.569
  0
ARC
  8
APS_GEOMETRY
 10
5584.281
 20
-488.047
 40
1.822
 50
289.569
 51
318.681
  0
ARC
  8
APS_GEOMETRY
 10
5584.085
 20
-487.875
 40
2.083
 50
318.681
 51
344.628
  0
ARC
  8
APS_GEOMETRY
 10
5580.434
 20
-486.871
 40
5.87
 50
344.628
 51
0.0
  0
ARC
  8
APS_GEOMETRY
 10
5582.17
 20
-486.871
 40
4.134
 50
0.0
 51
35.369
  0
ARC
  8
APS_GEOMETRY
 10
5584.064
 20
-485.527
 40
1.812
 50
35.369
 51
90.0
  0
ARC
  8
APS_GEOMETRY
 10
5584.064
 20
-485.547
 40
1.831
 50
90.0
 51
108.435
  0
ARC
  8
APS_GEOMETRY
 10
5583.707
 20
-484.478
 40
0.705
 50
108.435
 51
138.366
  0
ARC
  8
APS_GEOMETRY
 10
5583.803
 20
-484.563
 40
0.833
 50
138.366
 51
164.291
  0
ARC
  8
APS_GEOMETRY
 10
5586.046
 20
-485.194
 40
3.162
 50
164.291
 51
177.51
  0
LINE
  8
APS_GEOMETRY
 10
5608.143
 11
5616.761
 20
-480.461
 21
-480.461
  0
ARC
  8
APS_GEOMETRY
 10
5616.325
 20
-468.114
 40
12.355
 50
272.021
 51
278.44
  0
ARC
  8
APS_GEOMETRY
 10
5616.811
 20
-471.391
 40
9.042
 50
278.44
 51
285.945
  0
ARC
  8
APS_GEOMETRY
 10
5620.47
 20
-484.49
 40
4.559
 50
98.584
 51
104.931
  0
ARC
  8
APS_GEOMETRY
 10
5620.162
 20
-482.45
 40
2.495
 50
90.0
 51
98.584
  0
ARC
  8
APS_GEOMETRY
 10
5620.162
 20
-481.83
 40
1.876
 50
52.871
 51
90.0
  0
ARC
  8
APS_GEOMETRY
 10
5617.618
 20
-485.191
 40
6.091
 50
32.518
 51
52.871
  0
ARC
  8
APS_GEOMETRY
 10
5615.602
 20
-486.476
 40
8.481
 50
17.209
 51
32.518
  0
ARC
  8
APS_GEOMETRY
 10
5617.282
 20
-485.956
 40
6.723
 50
360.0
 51
17.209
  0
ARC
  8
APS_GEOMETRY
 10
5620.646
 20
-485.956
 40
3.359
 50
337.348
 51
360.0
  0
ARC
  8
APS_GEOMETRY
 10
5621.996
 20
-486.519
 40
1.896
 50
307.042
 51
337.348
  0
ARC
  8
APS_GEOMETRY
 10
5621.761
 20
-486.197
 40
2.295
 50
287.186
 51
306.87
  0
ARC
  8
APS_GEOMETRY
 10
5621.552
 20
-485.52
 40
3.003
 50
270.0
 51
287.186
  0
ARC
  8
APS_GEOMETRY
 10
5621.552
 20
-485.826
 40
2.697
 50
252.221
 51
270.0
  0
ARC
  8
APS_GEOMETRY
 10
5621.426
 20
-486.218
 40
2.286
 50
232.896
 51
252.221
  0
ARC
  8
APS_GEOMETRY
 10
5621.911
 20
-485.576
 40
3.09
 50
218.3
 51
232.896
  0
ARC
  8
APS_GEOMETRY
 10
5625.702
 20
-482.583
 40
7.92
 50
209.197
 51
218.3
  0
ARC
  8
APS_GEOMETRY
 10
5606.425
 20
-493.027
 40
14.006
 50
28.025
 51
32.699
  0
ARC
  8
APS_GEOMETRY
 10
5616.503
 20
-486.557
 40
2.03
 50
32.699
 51
45.0
  0
ARC
  8
APS_GEOMETRY
 10
5617.19
 20
-485.87
 40
1.058
 50
45.0
 51
67.557
  0
ARC
  8
APS_GEOMETRY
 10
5617.186
 20
-485.88
 40
1.069
 50
67.557
 51
90.0
  0
ARC
  8
APS_GEOMETRY
 10
5617.186
 20
-485.795
 40
0.984
 50
90.0
 51
120.801
  0
ARC
  8
APS_GEOMETRY
 10
5617.153
 20
-485.74
 40
0.919
 50
120.801
 51
152.7
  0
ARC
  8
APS_GEOMETRY
 10
5617.882
 20
-486.116
 40
1.74
 50
152.7
 51
171.085
  0
ARC
  8
APS_GEOMETRY
 10
5623.426
 20
-486.986
 40
7.353
 50
171.085
 51
180.0
  0
LINE
  8
APS_GEOMETRY
 10
5616.074
 11
5616.074
 20
-486.986
 21
-496.143
  0
ARC
  8
APS_GEOMETRY
 10
5625.787
 20
-496.143
 40
9.714
 50
180.0
 51
188.194
  0
ARC
  8
APS_GEOMETRY
 10
5618.534
 20
-497.187
 40
2.385
 50
188.194
 51
204.775
  0
ARC
  8
APS_GEOMETRY
 10
5617.829
 20
-497.513
 40
1.609
 50
204.775
 51
228.576
  0
ARC
  8
APS_GEOMETRY
 10
5618.49
 20
-496.763
 40
2.608
 50
228.576
 51
247.218
  0
ARC
  8
APS_GEOMETRY
 10
5614.656
 20
-505.799
 40
7.208
 50
59.381
 51
66.93
  0
ARC
  8
APS_GEOMETRY
 10
5617.486
 20
-501.017
 40
1.65
 50
43.568
 51
59.381
  0
ARC
  8
APS_GEOMETRY
 10
5617.939
 20
-500.586
 40
1.025
 50
19.041
 51
43.568
  0
ARC
  8
APS_GEOMETRY
 10
5617.31
 20
-500.803
 40
1.691
 50
360.0
 51
19.041
  0
ARC
  8
APS_GEOMETRY
 10
5617.627
 20
-500.803
 40
1.374
 50
317.66
 51
360.0
  0
ARC
  8
APS_GEOMETRY
 10
5616.366
 20
-499.654
 40
3.08
 50
289.747
 51
317.66
  0
ARC
  8
APS_GEOMETRY
 10
5615.31
 20
-496.711
 40
6.206
 50
281.964
 51
289.747
  0
ARC
  8
APS_GEOMETRY
 10
5613.846
 20
-489.805
 40
13.265
 50
276.643
 51
281.964
  0
ARC
  8
APS_GEOMETRY
 10
5613.23
 20
-484.518
 40
18.589
 50
272.836
 51
276.643
  0
ARC
  8
APS_GEOMETRY
 10
5612.493
 20
-469.63
 40
33.495
 50
270.0
 51
272.836
  0
ARC
  8
APS_GEOMETRY
 10
5612.493
 20
-460.405
 40
42.72
 50
267.283
 51
270.0
  0
ARC
  8
APS_GEOMETRY
 10
5611.596
 20
-479.306
 40
23.797
 50
263.643
 51
267.283
  0
ARC
  8
APS_GEOMETRY
 10
5610.845
 20
-486.048
 40
17.014
 50
258.563
 51
263.643
  0
ARC
  8
APS_GEOMETRY
 10
5609.05
 20
-494.918
 40
7.964
 50
251.136
 51
258.563
  0
ARC
  8
APS_GEOMETRY
 10
5607.448
 20
-499.564
 40
3.05
 50
222.558
 51
251.395
  0
ARC
  8
APS_GEOMETRY
 10
5606.26
 20
-500.656
 40
1.436
 50
180.0
 51
222.558
  0
ARC
  8
APS_GEOMETRY
 10
5606.02
 20
-500.656
 40
1.196
 50
150.642
 51
180.0
  0
ARC
  8
APS_GEOMETRY
 10
5606.116
 20
-500.71
 40
1.306
 50
122.574
 51
150.642
  0
ARC
  8
APS_GEOMETRY
 10
5605.862
 20
-500.418
 40
0.926
 50
108.677
 51
119.055
  0
ARC
  8
APS_GEOMETRY
 10
5617.42
 20
-534.61
 40
37.018
 50
107.038
 51
108.677
  0
ARC
  8
APS_GEOMETRY
 10
5606.143
 20
-497.729
 40
1.549
 50
286.144
 51
308.66
  0
ARC
  8
APS_GEOMETRY
 10
5606.396
 20
-498.046
 40
1.143
 50
308.66
 51
334.933
  0
ARC
  8
APS_GEOMETRY
 10
5605.364
 20
-497.563
 40
2.283
 50
334.933
 51
348.829
  0
ARC
  8
APS_GEOMETRY
 10
5592.451
 20
-495.013
 40
15.445
 50
348.829
 51
354.161
  0
ARC
  8
APS_GEOMETRY
 10
5583.723
 20
-494.113
 40
24.219
 50
354.144
 51
355.66
  0
ARC
  8
APS_GEOMETRY
 10
5545.035
 20
-491.177
 40
63.019
 50
355.66
 51
356.6
  0
ARC
  8
APS_GEOMETRY
 10
5515.461
 20
-489.42
 40
92.646
 50
356.6
 51
357.24
  0
ARC
  8
APS_GEOMETRY
 10
5431.548
 20
-485.375
 40
176.656
 50
357.24
 51
357.703
  0
ARC
  8
APS_GEOMETRY
 10
5439.808
 20
-485.706
 40
168.389
 50
357.703
 51
358.674
  0
ARC
  8
APS_GEOMETRY
 10
5517.724
 20
-487.509
 40
90.452
 50
358.674
 51
0.0
  0
ARC
  8
APS_GEOMETRY
 10
5594.771
 20
-487.509
 40
13.405
 50
360.0
 51
6.242
  0
ARC
  8
APS_GEOMETRY
 10
5605.431
 20
-486.343
 40
2.682
 50
6.242
 51
20.225
  0
ARC
  8
APS_GEOMETRY
 10
5606.908
 20
-485.799
 40
1.107
 50
20.225
 51
50.44
  0
ARC
  8
APS_GEOMETRY
 10
5607.195
 20
-485.451
 40
0.657
 50
50.44
 51
90.0
  0
ARC
  8
APS_GEOMETRY
 10
5607.195
 20
-485.676
 40
0.881
 50
90.0
 51
126.747
  0
ARC
  8
APS_GEOMETRY
 10
5608.44
 20
-487.343
 40
2.962
 50
126.747
 51
146.547
  0
ARC
  8
APS_GEOMETRY
 10
5586.446
 20
-472.887
 40
23.357
 50
324.255
 51
326.701
  0
ARC
  8
APS_GEOMETRY
 10
5595.758
 20
-479.589
 40
11.885
 50
320.826
 51
324.255
  0
ARC
  8
APS_GEOMETRY
 10
5598.801
 20
-482.068
 40
7.959
 50
315.722
 51
320.826
  0
ARC
  8
APS_GEOMETRY
 10
5602.298
 20
-485.479
 40
3.075
 50
307.504
 51
315.722
  0
ARC
  8
APS_GEOMETRY
 10
5601.975
 20
-485.048
 40
3.613
 50
291.306
 51
307.405
  0
ARC
  8
APS_GEOMETRY
 10
5602.535
 20
-486.482
 40
2.073
 50
270.0
 51
291.306
  0
ARC
  8
APS_GEOMETRY
 10
5602.535
 20
-486.616
 40
1.939
 50
245.532
 51
270.0
  0
ARC
  8
APS_GEOMETRY
 10
5602.52
 20
-486.648
 40
1.904
 50
220.833
 51
245.532
  0
ARC
  8
APS_GEOMETRY
 10
5602.717
 20
-486.478
 40
2.164
 50
198.684
 51
220.833
  0
ARC
  8
APS_GEOMETRY
 10
5603.537
 20
-486.201
 40
3.03
 50
180.0
 51
198.684
  0
ARC
  8
APS_GEOMETRY
 10
5605.461
 20
-486.201
 40
4.954
 50
168.408
 51
180.0
  0
ARC
  8
APS_GEOMETRY
 10
5608.637
 20
-486.852
 40
8.196
 50
159.402
 51
168.408
  0
ARC
  8
APS_GEOMETRY
 10
5609.619
 20
-487.221
 40
9.245
 50
151.39
 51
159.402
  0
ARC
  8
APS_GEOMETRY
 10
5609.418
 20
-487.112
 40
9.016
 50
143.276
 51
151.39
  0
ARC
  8
APS_GEOMETRY
 10
5606.893
 20
-485.224
 40
5.863
 50
124.216
 51
143.31
  0
ARC
  8
APS_GEOMETRY
 10
5604.644
 20
-481.916
 40
1.864
 50
90.0
 51
124.216
  0
ARC
  8
APS_GEOMETRY
 10
5604.644
 20
-482.745
 40
2.692
 50
82.725
 51
90.0
  0
ARC
  8
APS_GEOMETRY
 10
5604.434
 20
-484.393
 40
4.353
 50
77.005
 51
82.725
  0
ARC
  8
APS_GEOMETRY
 10
5610.858
 20
-453.419
 40
27.28
 50
258.486
 51
260.378
  0
ARC
  8
APS_GEOMETRY
 10
5608.106
 20
-469.652
 40
10.816
 50
260.378
 51
263.382
  0
ARC
  8
APS_GEOMETRY
 10
5607.871
 20
-471.68
 40
8.774
 50
263.382
 51
267.084
  0
ARC
  8
APS_GEOMETRY
 10
5608.143
 20
-466.325
 40
14.137
 50
267.084
 51
270.0
  0
LINE
  8
APS_GEOMETRY
 10
5629.852
 11
5638.257
 20
-480.461
 21
-480.461
  0
ARC
  8
APS_GEOMETRY
 10
5638.257
 20
-374.602
 40
105.86
 50
270.0
 51
270.69
  0
ARC
  8
APS_GEOMETRY
 10
5638.853
 20
-424.13
 40
56.328
 50
270.69
 51
271.637
  0
ARC
  8
APS_GEOMETRY
 10
5639.356
 20
-441.727
 40
38.724
 50
271.637
 51
273.013
  0
ARC
  8
APS_GEOMETRY
 10
5640.582
 20
-465.008
 40
15.41
 50
273.013
 51
275.194
  0
ARC
  8
APS_GEOMETRY
 10
5640.885
 20
-468.349
 40
12.056
 50
275.194
 51
280.756
  0
ARC
  8
APS_GEOMETRY
 10
5640.942
 20
-468.649
 40
11.75
 50
280.756
 51
286.39
  0
ARC
  8
APS_GEOMETRY
 10
5645.249
 20
-483.392
 40
3.609
 50
100.305
 51
105.945
  0
ARC
  8
APS_GEOMETRY
 10
5644.797
 20
-480.907
 40
1.083
 50
90.0
 51
100.305
  0
ARC
  8
APS_GEOMETRY
 10
5644.797
 20
-481.294
 40
1.47
 50
58.946
 51
90.0
  0
ARC
  8
APS_GEOMETRY
 10
5644.235
 20
-482.227
 40
2.56
 50
35.538
 51
58.946
  0
ARC
  8
APS_GEOMETRY
 10
5642.041
 20
-483.842
 40
5.284
 50
16.699
 51
35.952
  0
ARC
  8
APS_GEOMETRY
 10
5640.39
 20
-484.337
 40
7.007
 50
360.0
 51
16.699
  0
ARC
  8
APS_GEOMETRY
 10
5643.465
 20
-484.337
 40
3.932
 50
344.982
 51
360.0
  0
ARC
  8
APS_GEOMETRY
 10
5645.353
 20
-484.843
 40
1.978
 50
323.746
 51
344.982
  0
ARC
  8
APS_GEOMETRY
 10
5645.772
 20
-485.151
 40
1.458
 50
296.114
 51
323.746
  0
ARC
  8
APS_GEOMETRY
 10
5645.697
 20
-484.997
 40
1.629
 50
270.0
 51
296.114
  0
ARC
  8
APS_GEOMETRY
 10
5645.697
 20
-484.584
 40
2.042
 50
255.311
 51
270.0
  0
ARC
  8
APS_GEOMETRY
 10
5645.424
 20
-485.625
 40
0.965
 50
233.881
 51
255.311
  0
ARC
  8
APS_GEOMETRY
 10
5645.711
 20
-485.232
 40
1.453
 50
219.289
 51
233.881
  0
ARC
  8
APS_GEOMETRY
 10
5651.476
 20
-480.515
 40
8.902
 50
213.408
 51
219.289
  0
ARC
  8
APS_GEOMETRY
 10
5640.676
 20
-487.629
 40
4.031
 50
33.294
 51
51.246
  0
ARC
  8
APS_GEOMETRY
 10
5641.224
 20
-486.945
 40
3.154
 50
51.246
 51
71.565
  0
ARC
  8
APS_GEOMETRY
 10
5640.862
 20
-488.034
 40
4.302
 50
71.565
 51
79.278
  0
ARC
  8
APS_GEOMETRY
 10
5639.698
 20
-494.181
 40
10.559
 50
79.278
 51
84.2
  0
ARC
  8
APS_GEOMETRY
 10
5639.201
 20
-499.071
 40
15.473
 50
84.2
 51
87.567
  0
ARC
  8
APS_GEOMETRY
 10
5638.6
 20
-513.21
 40
29.625
 50
87.567
 51
90.0
  0
ARC
  8
APS_GEOMETRY
 10
5638.6
 20
-491.912
 40
8.328
 50
90.0
 51
96.374
  0
ARC
  8
APS_GEOMETRY
 10
5638.047
 20
-486.964
 40
3.349
 50
96.374
 51
106.434
  0
ARC
  8
APS_GEOMETRY
 10
5637.654
 20
-485.633
 40
1.961
 50
106.434
 51
123.056
  0
ARC
  8
APS_GEOMETRY
 10
5637.041
 20
-484.69
 40
0.836
 50
123.056
 51
148.627
  0
ARC
  8
APS_GEOMETRY
 10
5637.601
 20
-485.008
 40
1.48
 50
149.421
 51
165.28
  0
ARC
  8
APS_GEOMETRY
 10
5639.216
 20
-485.432
 40
3.149
 50
165.28
 51
176.135
  0
ARC
  8
APS_GEOMETRY
 10
5643.837
 20
-485.744
 40
7.781
 50
176.135
 51
178.367
  0
ARC
  8
APS_GEOMETRY
 10
5686.59
 20
-486.963
 40
50.551
 50
178.367
 51
179.242
  0
ARC
  8
APS_GEOMETRY
 10
5730.774
 20
-487.548
 40
94.739
 50
179.242
 51
179.709
  0
ARC
  8
APS_GEOMETRY
 10
5881.099
 20
-488.31
 40
245.066
 50
179.709
 51
180.0
  0
ARC
  8
APS_GEOMETRY
 10
5639.578
 20
-488.31
 40
3.545
 50
180.0
 51
195.027
  0
ARC
  8
APS_GEOMETRY
 10
5636.679
 20
-489.089
 40
0.543
 50
195.027
 51
234.058
  0
ARC
  8
APS_GEOMETRY
 10
5636.707
 20
-489.05
 40
0.591
 50
234.058
 51
253.191
  0
ARC
  8
APS_GEOMETRY
 10
5637.326
 20
-487.002
 40
2.731
 50
253.191
 51
262.063
  0
ARC
  8
APS_GEOMETRY
 10
5637.642
 20
-484.729
 40
5.025
 50
262.063
 51
266.949
  0
ARC
  8
APS_GEOMETRY
 10
5638.06
 20
-476.888
 40
12.877
 50
266.949
 51
270.0
  0
ARC
  8
APS_GEOMETRY
 10
5638.06
 20
-487.405
 40
2.361
 50
270.0
 51
286.007
  0
ARC
  8
APS_GEOMETRY
 10
5638.474
 20
-488.845
 40
0.862
 50
286.007
 51
312.647
  0
ARC
  8
APS_GEOMETRY
 10
5638.465
 20
-488.836
 40
0.875
 50
312.647
 51
338.993
  0
ARC
  8
APS_GEOMETRY
 10
5636.678
 20
-488.149
 40
2.79
 50
338.993
 51
353.66
  0
ARC
  8
APS_GEOMETRY
 10
5655.137
 20
-490.351
 40
15.801
 50
169.663
 51
173.118
  0
ARC
  8
APS_GEOMETRY
 10
5641.942
 20
-487.944
 40
2.388
 50
160.769
 51
169.663
  0
ARC
  8
APS_GEOMETRY
 10
5640.839
 20
-487.559
 40
1.219
 50
143.746
 51
160.769
  0
ARC
  8
APS_GEOMETRY
 10
5641.105
 20
-487.755
 40
1.55
 50
128.66
 51
143.746
  0
ARC
  8
APS_GEOMETRY
 10
5640.928
 20
-487.466
 40
1.215
 50
110.171
 51
130.601
  0
ARC
  8
APS_GEOMETRY
 10
5640.938
 20
-487.496
 40
1.246
 50
90.0
 51
110.171
  0
ARC
  8
APS_GEOMETRY
 10
5640.938
 20
-487.513
 40
1.264
 50
61.22
 51
90.0
  0
ARC
  8
APS_GEOMETRY
 10
5640.718
 20
-487.915
 40
1.722
 50
36.634
 51
61.22
  0
ARC
  8
APS_GEOMETRY
 10
5640.511
 20
-488.038
 40
1.961
 50
19.103
 51
35.91
  0
ARC
  8
APS_GEOMETRY
 10
5634.113
 20
-490.254
 40
8.732
 50
11.16
 51
19.103
  0
ARC
  8
APS_GEOMETRY
 10
5630.771
 20
-490.913
 40
12.139
 50
5.396
 51
11.16
  0
ARC
  8
APS_GEOMETRY
 10
5629.071
 20
-491.074
 40
13.846
 50
0.0
 51
5.396
  0
ARC
  8
APS_GEOMETRY
 10
5629.312
 20
-491.074
 40
13.605
 50
349.287
 51
0.0
  0
ARC
  8
APS_GEOMETRY
 10
5635.991
 20
-492.337
 40
6.808
 50
334.12
 51
349.287
  0
ARC
  8
APS_GEOMETRY
 10
5640.592
 20
-494.561
 40
1.698
 50
303.53
 51
333.853
  0
ARC
  8
APS_GEOMETRY
 10
5640.759
 20
-494.812
 40
1.396
 50
270.0
 51
303.53
  0
ARC
  8
APS_GEOMETRY
 10
5640.759
 20
-494.747
 40
1.461
 50
249.578
 51
270.0
  0
ARC
  8
APS_GEOMETRY
 10
5640.448
 20
-495.582
 40
0.57
 50
216.607
 51
249.578
  0
ARC
  8
APS_GEOMETRY
 10
5640.745
 20
-495.361
 40
0.94
 50
195.422
 51
216.607
  0
ARC
  8
APS_GEOMETRY
 10
5645.876
 20
-493.946
 40
6.263
 50
187.253
 51
195.422
  0
ARC
  8
APS_GEOMETRY
 10
5637.59
 20
-495.012
 40
2.092
 50
7.561
 51
49.434
  0
ARC
  8
APS_GEOMETRY
 10
5637.505
 20
-495.111
 40
2.222
 50
49.434
 51
90.0
  0
ARC
  8
APS_GEOMETRY
 10
5637.505
 20
-494.384
 40
1.495
 50
90.0
 51
115.224
  0
ARC
  8
APS_GEOMETRY
 10
5637.209
 20
-493.756
 40
0.801
 50
115.224
 51
149.931
  0
ARC
  8
APS_GEOMETRY
 10
5637.743
 20
-494.066
 40
1.419
 50
149.931
 51
171.111
  0
ARC
  8
APS_GEOMETRY
 10
5644.227
 20
-495.08
 40
7.982
 50
171.111
 51
180.0
  0
ARC
  8
APS_GEOMETRY
 10
5650.615
 20
-495.08
 40
14.369
 50
180.0
 51
183.062
  0
ARC
  8
APS_GEOMETRY
 10
5672.609
 20
-493.903
 40
36.395
 50
183.062
 51
184.986
  0
ARC
  8
APS_GEOMETRY
 10
5661.072
 20
-494.91
 40
24.815
 50
184.986
 51
187.804
  0
ARC
  8
APS_GEOMETRY
 10
5639.222
 20
-497.904
 40
2.76
 50
187.804
 51
196.26
  0
ARC
  8
APS_GEOMETRY
 10
5637.295
 20
-498.485
 40
0.748
 50
194.931
 51
230.024
  0
ARC
  8
APS_GEOMETRY
 10
5637.785
 20
-497.9
 40
1.511
 50
230.024
 51
254.511
  0
ARC
  8
APS_GEOMETRY
 10
5638.381
 20
-495.749
 40
3.742
 50
254.511
 51
265.219
  0
ARC
  8
APS_GEOMETRY
 10
5639.63
 20
-480.816
 40
18.728
 50
265.219
 51
270.0
  0
ARC
  8
APS_GEOMETRY
 10
5639.63
 20
-482.796
 40
16.748
 50
270.0
 51
274.186
  0
ARC
  8
APS_GEOMETRY
 10
5640.14
 20
-489.754
 40
9.771
 50
274.186
 51
279.668
  0
ARC
  8
APS_GEOMETRY
 10
5640.558
 20
-492.208
 40
7.282
 50
279.668
 51
286.991
  0
ARC
  8
APS_GEOMETRY
 10
5641.514
 20
-495.338
 40
4.009
 50
286.991
 51
296.866
  0
ARC
  8
APS_GEOMETRY
 10
5641.713
 20
-495.73
 40
3.569
 50
296.866
 51
318.366
  0
ARC
  8
APS_GEOMETRY
 10
5639.713
 20
-493.953
 40
6.245
 50
318.366
 51
334.581
  0
ARC
  8
APS_GEOMETRY
 10
5652.878
 20
-500.266
 40
8.355
 50
147.08
 51
154.231
  0
ARC
  8
APS_GEOMETRY
 10
5647.375
 20
-496.703
 40
1.8
 50
131.634
 51
147.08
  0
ARC
  8
APS_GEOMETRY
 10
5646.964
 20
-496.241
 40
1.182
 50
108.875
 51
131.634
  0
ARC
  8
APS_GEOMETRY
 10
5647.136
 20
-496.742
 40
1.712
 50
90.0
 51
108.875
  0
ARC
  8
APS_GEOMETRY
 10
5647.136
 20
-496.395
 40
1.364
 50
62.628
 51
90.0
  0
ARC
  8
APS_GEOMETRY
 10
5647.049
 20
-496.561
 40
1.551
 50
36.995
 51
62.628
  0
ARC
  8
APS_GEOMETRY
 10
5646.663
 20
-496.853
 40
2.036
 50
16.728
 51
36.995
  0
ARC
  8
APS_GEOMETRY
 10
5645.76
 20
-497.124
 40
2.978
 50
360.0
 51
16.728
  0
ARC
  8
APS_GEOMETRY
 10
5643.972
 20
-497.124
 40
4.766
 50
348.323
 51
360.0
  0
ARC
  8
APS_GEOMETRY
 10
5636.818
 20
-495.645
 40
12.072
 50
340.994
 51
348.323
  0
ARC
  8
APS_GEOMETRY
 10
5635.121
 20
-495.061
 40
13.867
 50
334.592
 51
340.994
  0
ARC
  8
APS_GEOMETRY
 10
5638.083
 20
-496.468
 40
10.587
 50
327.265
 51
334.592
  0
ARC
  8
APS_GEOMETRY
 10
5641.523
 20
-498.495
 40
6.599
 50
320.133
 51
325.923
  0
ARC
  8
APS_GEOMETRY
 10
5645.524
 20
-501.837
 40
1.386
 50
307.476
 51
320.133
  0
ARC
  8
APS_GEOMETRY
 10
5645.875
 20
-502.294
 40
0.81
 50
286.429
 51
307.476
  0
ARC
  8
APS_GEOMETRY
 10
5645.729
 20
-501.802
 40
1.323
 50
270.0
 51
286.429
  0
ARC
  8
APS_GEOMETRY
 10
5645.729
 20
-500.273
 40
2.852
 50
263.774
 51
270.0
  0
ARC
  8
APS_GEOMETRY
 10
5646.564
 20
-492.624
 40
10.546
 50
260.538
 51
263.774
  0
ARC
  8
APS_GEOMETRY
 10
5642.829
 20
-513.697
 40
10.857
 50
79.38
 51
84.987
  0
ARC
  8
APS_GEOMETRY
 10
5641.21
 20
-532.153
 40
29.383
 50
84.987
 51
88.394
  0
LINE
  8
APS_GEOMETRY
 10
5642.034
 11
5628.168
 20
-502.782
 21
-502.782
  0
ARC
  8
APS_GEOMETRY
 10
5628.168
 20
-499.88
 40
2.902
 50
254.103
 51
270.0
  0
ARC
  8
APS_GEOMETRY
 10
5627.759
 20
-501.315
 40
1.41
 50
231.216
 51
254.103
  0
ARC
  8
APS_GEOMETRY
 10
5627.591
 20
-501.523
 40
1.142
 50
203.795
 51
231.216
  0
ARC
  8
APS_GEOMETRY
 10
5627.927
 20
-501.375
 40
1.509
 50
180.0
 51
203.795
  0
ARC
  8
APS_GEOMETRY
 10
5628.055
 20
-501.375
 40
1.637
 50
164.055
 51
180.0
  0
ARC
  8
APS_GEOMETRY
 10
5627.046
 20
-501.087
 40
0.588
 50
137.291
 51
164.055
  0
ARC
  8
APS_GEOMETRY
 10
5627.35
 20
-501.367
 40
1.001
 50
120.964
 51
137.291
  0
ARC
  8
APS_GEOMETRY
 10
5630.6
 20
-506.784
 40
7.318
 50
114.944
 51
120.964
  0
ARC
  8
APS_GEOMETRY
 10
5626.542
 20
-497.907
 40
2.443
 50
293.429
 51
305.72
  0
ARC
  8
APS_GEOMETRY
 10
5627.214
 20
-498.842
 40
1.292
 50
305.72
 51
322.651
  0
ARC
  8
APS_GEOMETRY
 10
5627.11
 20
-498.762
 40
1.423
 50
322.651
 51
338.11
  0
ARC
  8
APS_GEOMETRY
 10
5625.081
 20
-497.947
 40
3.61
 50
338.11
 51
347.8
  0
ARC
  8
APS_GEOMETRY
 10
5612.481
 20
-495.185
 40
16.509
 50
347.672
 51
352.051
  0
ARC
  8
APS_GEOMETRY
 10
5600.284
 20
-493.482
 40
28.824
 50
352.051
 51
355.365
  0
ARC
  8
APS_GEOMETRY
 10
5592.071
 20
-492.816
 40
37.064
 50
355.365
 51
357.943
  0
ARC
  8
APS_GEOMETRY
 10
5570.866
 20
-492.055
 40
58.283
 50
357.943
 51
0.0
  0
ARC
  8
APS_GEOMETRY
 10
5546.39
 20
-492.055
 40
82.759
 50
360.0
 51
2.183
  0
ARC
  8
APS_GEOMETRY
 10
5595.877
 20
-490.168
 40
33.235
 50
2.183
 51
5.629
  0
ARC
  8
APS_GEOMETRY
 10
5610.619
 20
-488.715
 40
18.422
 50
5.629
 51
11.805
  0
ARC
  8
APS_GEOMETRY
 10
5624.927
 20
-485.725
 40
3.805
 50
11.805
 51
25.419
  0
ARC
  8
APS_GEOMETRY
 10
5626.779
 20
-484.884
 40
1.772
 50
26.565
 51
38.157
  0
ARC
  8
APS_GEOMETRY
 10
5627.601
 20
-484.238
 40
0.726
 50
38.157
 51
56.31
  0
ARC
  8
APS_GEOMETRY
 10
5627.427
 20
-484.499
 40
1.04
 50
56.31
 51
69.193
  0
ARC
  8
APS_GEOMETRY
 10
5624.988
 20
-490.919
 40
7.908
 50
69.193
 51
73.856
  0
ARC
  8
APS_GEOMETRY
 10
5627.561
 20
-482.066
 40
1.312
 50
216.87
 51
253.393
  0
ARC
  8
APS_GEOMETRY
 10
5627.542
 20
-482.08
 40
1.288
 50
180.0
 51
216.87
  0
ARC
  8
APS_GEOMETRY
 10
5627.823
 20
-482.08
 40
1.569
 50
161.565
 51
180.0
  0
ARC
  8
APS_GEOMETRY
 10
5627.767
 20
-482.061
 40
1.509
 50
142.765
 51
161.565
  0
ARC
  8
APS_GEOMETRY
 10
5627.731
 20
-482.034
 40
1.464
 50
123.425
 51
142.765
  0
ARC
  8
APS_GEOMETRY
 10
5627.763
 20
-482.084
 40
1.523
 50
104.47
 51
123.425
  0
ARC
  8
APS_GEOMETRY
 10
5628.053
 20
-483.515
 40
2.982
 50
96.724
 51
102.995
  0
ARC
  8
APS_GEOMETRY
 10
5628.954
 20
-491.152
 40
10.673
 50
93.411
 51
96.724
  0
ARC
  8
APS_GEOMETRY
 10
5629.354
 20
-497.863
 40
17.395
 50
91.375
 51
93.411
  0
ARC
  8
APS_GEOMETRY
 10
5629.852
 20
-518.613
 40
38.151
 50
90.0
 51
91.375
  0
LINE
  8
COSTRUZIONI
 10
5193.078
 11
7193.078
 20
-645.076
 21
-645.076
  0
LINE
  8
COSTRUZIONI
 10
7193.078
 11
7193.078
 20
-645.076
 21
-445.076
  0
LINE
  8
COSTRUZIONI
 10
7193.078
 11
5193.078
 20
-445.076
 21
-445.076
  0
LINE
  8
COSTRUZIONI
 10
5193.078
 11
5193.078
 20
-445.076
 21
-645.076
  0
LINE
  8
COSTRUZIONI
 10
5658.929
 11
5658.929
 20
-645.076
 21
-445.076
  0
LINE
  8
COSTRUZIONI
 10
6994.186
 11
6994.186
 20
-645.076
 21
-445.076
  0
LINE
  8
COSTRUZIONI
 10
7193.078
 11
5658.929
 20
-495.076
 21
-495.076
  0
LINE
  8
COSTRUZIONI
 10
6994.186
 11
7193.078
 20
-595.076
 21
-595.076
  0
LINE
  8
COSTRUZIONI
 10
5658.929
 11
7193.078
 20
-545.076
 21
-545.076
  0
LINE
  8
COSTRUZIONI
 10
6687.377
 11
6687.377
 20
-545.076
 21
-495.076
  0
LINE
  8
COSTRUZIONI
 10
6192.298
 11
6192.298
 20
-545.076
 21
-495.076
  0
LINE
  8
QUOTATURA
 10
5474.434
 11
4984.014
 20
-49.898
 21
-49.898
  0
LINE
  8
QUOTATURA
 10
5474.434
 11
4984.014
 20
2308.102
 21
2308.102
  0
LINE
  8
QUOTATURA
 10
4999.014
 11
4999.014
 20
-49.898
 21
1106.318
  0
LINE
  8
QUOTATURA
 10
4999.014
 11
4999.014
 20
1151.697
 21
2308.102
  0
LINE
  8
QUOTATURA
 10
5004.015
 11
4999.014
 20
-19.898
 21
-49.898
  0
LINE
  8
QUOTATURA
 10
4999.014
 11
4994.013
 20
-49.898
 21
-19.898
  0
LINE
  8
QUOTATURA
 10
4994.013
 11
5004.015
 20
-19.898
 21
-19.898
  0
LINE
  8
QUOTATURA
 10
4994.013
 11
4999.014
 20
2278.102
 21
2308.102
  0
LINE
  8
QUOTATURA
 10
4999.014
 11
5004.015
 20
2308.102
 21
2278.102
  0
LINE
  8
QUOTATURA
 10
5004.015
 11
4994.013
 20
2278.102
 21
2278.102
  0
LINE
  8
COSTRUZIONI
 10
1096.5
 11
1096.5
 20
707.5
 21
2247.5
  0
LINE
  8
COSTRUZIONI
 10
1096.5
 11
560.5
 20
2247.5
 21
2247.5
  0
LINE
  8
COSTRUZIONI
 10
560.5
 11
560.5
 20
2247.5
 21
707.5
  0
LINE
  8
COSTRUZIONI
 10
560.5
 11
1096.5
 20
707.5
 21
707.5
  0
LINE
  8
COSTRUZIONI
 10
7148.621
 11
7148.621
 20
2226.0
 21
1896.786
  0
ARC
  8
COSTRUZIONI
 10
7141.621
 20
1896.786
 40
7.0
 50
208.653
 51
360.0
  0
ARC
  8
COSTRUZIONI
 10
6873.258
 20
1750.148
 40
298.813
 50
28.653
 51
85.802
  0
ARC
  8
COSTRUZIONI
 10
6894.621
 20
2041.178
 40
7.0
 50
85.802
 51
94.198
  0
ARC
  8
COSTRUZIONI
 10
6915.983
 20
1750.148
 40
298.813
 50
94.198
 51
151.347
  0
ARC
  8
COSTRUZIONI
 10
6647.621
 20
1896.786
 40
7.0
 50
180.0
 51
331.347
  0
LINE
  8
COSTRUZIONI
 10
6640.621
 11
6640.621
 20
1896.786
 21
2226.0
  0
ARC
  8
COSTRUZIONI
 10
6647.621
 20
2226.0
 40
7.0
 50
90.0
 51
180.0
  0
LINE
  8
COSTRUZIONI
 10
6647.621
 11
7141.621
 20
2233.0
 21
2233.0
  0
ARC
  8
COSTRUZIONI
 10
7141.621
 20
2226.0
 40
7.0
 50
360.0
 51
90.0
  0
LINE
  8
COSTRUZIONI
 10
7148.621
 11
7148.621
 20
1507.728
 21
729.0
  0
ARC
  8
COSTRUZIONI
 10
7141.621
 20
729.0
 40
7.0
 50
270.0
 51
360.0
  0
LINE
  8
COSTRUZIONI
 10
7141.621
 11
6647.621
 20
722.0
 21
722.0
  0
ARC
  8
COSTRUZIONI
 10
6647.621
 20
729.0
 40
7.0
 50
180.0
 51
270.0
  0
LINE
  8
COSTRUZIONI
 10
6640.621
 11
6640.621
 20
729.0
 21
1507.728
  0
ARC
  8
COSTRUZIONI
 10
6647.621
 20
1507.728
 40
7.0
 50
90.0
 51
180.0
  0
LINE
  8
COSTRUZIONI
 10
6647.621
 11
6670.053
 20
1514.728
 21
1514.728
  0
LINE
  8
COSTRUZIONI
 10
6670.053
 11
6670.053
 20
1514.728
 21
1548.092
  0
ARC
  8
COSTRUZIONI
 10
6677.053
 20
1548.092
 40
7.0
 50
90.0
 51
180.0
  0
LINE
  8
COSTRUZIONI
 10
6677.053
 11
6688.974
 20
1555.092
 21
1555.092
  0
LINE
  8
COSTRUZIONI
 10
6688.974
 11
6688.974
 20
1555.092
 21
1619.715
  0
ARC
  8
COSTRUZIONI
 10
6915.983
 20
1750.148
 40
261.813
 50
94.809
 51
209.88
  0
ARC
  8
COSTRUZIONI
 10
6894.621
 20
2004.064
 40
7.0
 50
85.191
 51
94.809
  0
ARC
  8
COSTRUZIONI
 10
6873.258
 20
1750.148
 40
261.813
 50
330.12
 51
85.191
  0
LINE
  8
COSTRUZIONI
 10
7100.267
 11
7100.267
 20
1619.715
 21
1555.092
  0
LINE
  8
COSTRUZIONI
 10
7100.267
 11
7112.188
 20
1555.092
 21
1555.092
  0
ARC
  8
COSTRUZIONI
 10
7112.188
 20
1548.092
 40
7.0
 50
360.0
 51
90.0
  0
LINE
  8
COSTRUZIONI
 10
7119.188
 11
7119.188
 20
1548.092
 21
1514.728
  0
LINE
  8
COSTRUZIONI
 10
7119.188
 11
7141.621
 20
1514.728
 21
1514.728
  0
ARC
  8
COSTRUZIONI
 10
7141.621
 20
1507.728
 40
7.0
 50
360.0
 51
90.0
  0
LINE
  8
COSTRUZIONI
 10
7162.621
 11
7162.621
 20
707.5
 21
2247.5
  0
LINE
  8
COSTRUZIONI
 10
7162.621
 11
6626.621
 20
2247.5
 21
2247.5
  0
LINE
  8
COSTRUZIONI
 10
6626.621
 11
6626.621
 20
2247.5
 21
707.5
  0
LINE
  8
COSTRUZIONI
 10
6626.621
 11
7162.621
 20
707.5
 21
707.5
  0
LINE
  8
QUOTATURA
 10
6626.621
 11
6626.621
 20
692.5
 21
633.756
  0
LINE
  8
QUOTATURA
 10
7162.621
 11
7162.621
 20
692.5
 21
633.756
  0
LINE
  8
QUOTATURA
 10
6626.621
 11
6864.077
 20
648.756
 21
648.756
  0
LINE
  8
QUOTATURA
 10
6925.164
 11
7162.621
 20
648.756
 21
648.756
  0
LINE
  8
QUOTATURA
 10
6656.621
 11
6626.621
 20
643.755
 21
648.756
  0
LINE
  8
QUOTATURA
 10
6626.621
 11
6656.621
 20
648.756
 21
653.757
  0
LINE
  8
QUOTATURA
 10
6656.621
 11
6656.621
 20
653.757
 21
643.755
  0
LINE
  8
QUOTATURA
 10
7132.621
 11
7162.621
 20
653.757
 21
648.756
  0
LINE
  8
QUOTATURA
 10
7162.621
 11
7132.621
 20
648.756
 21
643.755
  0
LINE
  8
QUOTATURA
 10
7132.621
 11
7132.621
 20
643.755
 21
653.757
  0
LINE
  8
QUOTATURA
 10
6611.621
 11
6529.194
 20
707.5
 21
707.5
  0
LINE
  8
QUOTATURA
 10
6611.621
 11
6529.194
 20
2247.5
 21
2247.5
  0
LINE
  8
QUOTATURA
 10
6544.194
 11
6544.194
 20
707.5
 21
1462.256
  0
LINE
  8
QUOTATURA
 10
6544.194
 11
6544.194
 20
1492.508
 21
2247.5
  0
LINE
  8
QUOTATURA
 10
6549.195
 11
6544.194
 20
737.5
 21
707.5
  0
LINE
  8
QUOTATURA
 10
6544.194
 11
6539.193
 20
707.5
 21
737.5
  0
LINE
  8
QUOTATURA
 10
6539.193
 11
6549.195
 20
737.5
 21
737.5
  0
LINE
  8
QUOTATURA
 10
6539.193
 11
6544.194
 20
2217.5
 21
2247.5
  0
LINE
  8
QUOTATURA
 10
6544.194
 11
6549.195
 20
2247.5
 21
2217.5
  0
LINE
  8
QUOTATURA
 10
6549.195
 11
6539.193
 20
2217.5
 21
2217.5
  0
LINE
  8
NESSUNA
 10
8396.312
 11
8421.392
 20
-529.119
 21
-529.119
  0
LINE
  8
NESSUNA
 10
8421.392
 11
8421.392
 20
-529.119
 21
-482.102
  0
ARC
  8
NESSUNA
 10
8399.644
 20
-438.205
 40
48.989
 50
296.355
 51
0.0
  0
LINE
  8
NESSUNA
 10
8448.633
 11
8448.633
 20
-438.205
 21
-367.177
  0
ARC
  8
NESSUNA
 10
8497.622
 20
-367.177
 40
48.989
 50
116.355
 51
180.0
  0
LINE
  8
NESSUNA
 10
8475.874
 11
8509.456
 20
-323.28
 21
-323.28
  0
LINE
  8
NESSUNA
 10
8509.456
 11
8509.456
 20
-323.28
 21
-313.28
  0
LINE
  8
NESSUNA
 10
8509.456
 11
8475.874
 20
-313.28
 21
-313.28
  0
ARC
  8
NESSUNA
 10
8497.622
 20
-269.383
 40
48.989
 50
180.0
 51
243.645
  0
LINE
  8
NESSUNA
 10
8448.633
 11
8448.633
 20
-269.383
 21
-198.355
  0
ARC
  8
NESSUNA
 10
8399.644
 20
-198.355
 40
48.989
 50
360.0
 51
63.645
  0
LINE
  8
NESSUNA
 10
8421.392
 11
8421.392
 20
-154.458
 21
-107.44
  0
LINE
  8
NESSUNA
 10
8421.392
 11
8396.312
 20
-107.44
 21
-107.44
  0
LINE
  8
NESSUNA
 10
8396.312
 11
8341.392
 20
-107.44
 21
-52.52
  0
LINE
  8
NESSUNA
 10
8341.392
 11
8286.471
 20
-52.52
 21
-107.44
  0
LINE
  8
NESSUNA
 10
8286.471
 11
8261.392
 20
-107.44
 21
-107.44
  0
LINE
  8
NESSUNA
 10
8261.392
 11
8261.392
 20
-107.44
 21
-154.458
  0
ARC
  8
NESSUNA
 10
8283.139
 20
-198.355
 40
48.989
 50
116.355
 51
180.0
  0
LINE
  8
NESSUNA
 10
8234.15
 11
8234.15
 20
-198.355
 21
-269.383
  0
ARC
  8
NESSUNA
 10
8185.161
 20
-269.383
 40
48.989
 50
296.355
 51
0.0
  0
LINE
  8
NESSUNA
 10
8206.909
 11
8173.327
 20
-313.28
 21
-313.28
  0
LINE
  8
NESSUNA
 10
8173.327
 11
8173.327
 20
-313.28
 21
-323.28
  0
LINE
  8
NESSUNA
 10
8173.327
 11
8206.909
 20
-323.28
 21
-323.28
  0
ARC
  8
NESSUNA
 10
8185.161
 20
-367.177
 40
48.989
 50
360.0
 51
63.645
  0
LINE
  8
NESSUNA
 10
8234.15
 11
8234.15
 20
-367.177
 21
-438.205
  0
ARC
  8
NESSUNA
 10
8283.139
 20
-438.205
 40
48.989
 50
180.0
 51
243.645
  0
LINE
  8
NESSUNA
 10
8261.392
 11
8261.392
 20
-482.102
 21
-529.119
  0
LINE
  8
NESSUNA
 10
8261.392
 11
8286.471
 20
-529.119
 21
-529.119
  0
LINE
  8
NESSUNA
 10
8286.471
 11
8341.392
 20
-529.119
 21
-584.04
  0
LINE
  8
NESSUNA
 10
8341.392
 11
8396.312
 20
-584.04
 21
-529.119
  0
ARC
  8
NESSUNA
 10
8185.161
 20
-269.383
 40
58.989
 50
304.012
 51
360.0
  0
LINE
  8
NESSUNA
 10
8244.15
 11
8244.15
 20
-269.383
 21
-198.355
  0
ARC
  8
NESSUNA
 10
8283.139
 20
-198.355
 40
38.989
 50
116.355
 51
180.0
  0
LINE
  8
NESSUNA
 10
8265.831
 11
8265.915
 20
-163.418
 21
-163.377
  0
LINE
  8
NESSUNA
 10
8265.915
 11
8265.999
 20
-163.377
 21
-163.335
  0
LINE
  8
NESSUNA
 10
8265.999
 11
8266.083
 20
-163.335
 21
-163.294
  0
LINE
  8
NESSUNA
 10
8266.083
 11
8266.168
 20
-163.294
 21
-163.253
  0
LINE
  8
NESSUNA
 10
8266.168
 11
8266.252
 20
-163.253
 21
-163.213
  0
LINE
  8
NESSUNA
 10
8266.252
 11
8266.337
 20
-163.213
 21
-163.172
  0
LINE
  8
NESSUNA
 10
8266.337
 11
8266.421
 20
-163.172
 21
-163.132
  0
LINE
  8
NESSUNA
 10
8266.421
 11
8266.506
 20
-163.132
 21
-163.092
  0
LINE
  8
NESSUNA
 10
8266.506
 11
8266.591
 20
-163.092
 21
-163.052
  0
LINE
  8
NESSUNA
 10
8266.591
 11
8266.676
 20
-163.052
 21
-163.012
  0
LINE
  8
NESSUNA
 10
8266.676
 11
8266.761
 20
-163.012
 21
-162.973
  0
LINE
  8
NESSUNA
 10
8266.761
 11
8266.846
 20
-162.973
 21
-162.933
  0
LINE
  8
NESSUNA
 10
8266.846
 11
8266.931
 20
-162.933
 21
-162.894
  0
LINE
  8
NESSUNA
 10
8266.931
 11
8267.017
 20
-162.894
 21
-162.855
  0
LINE
  8
NESSUNA
 10
8267.017
 11
8267.102
 20
-162.855
 21
-162.817
  0
LINE
  8
NESSUNA
 10
8267.102
 11
8267.188
 20
-162.817
 21
-162.778
  0
LINE
  8
NESSUNA
 10
8267.188
 11
8267.273
 20
-162.778
 21
-162.74
  0
LINE
  8
NESSUNA
 10
8267.273
 11
8267.359
 20
-162.74
 21
-162.702
  0
LINE
  8
NESSUNA
 10
8267.359
 11
8267.445
 20
-162.702
 21
-162.664
  0
LINE
  8
NESSUNA
 10
8267.445
 11
8267.531
 20
-162.664
 21
-162.626
  0
LINE
  8
NESSUNA
 10
8267.531
 11
8267.617
 20
-162.626
 21
-162.589
  0
LINE
  8
NESSUNA
 10
8267.617
 11
8267.703
 20
-162.589
 21
-162.552
  0
LINE
  8
NESSUNA
 10
8267.703
 11
8267.789
 20
-162.552
 21
-162.515
  0
LINE
  8
NESSUNA
 10
8267.789
 11
8267.875
 20
-162.515
 21
-162.478
  0
LINE
  8
NESSUNA
 10
8267.875
 11
8267.961
 20
-162.478
 21
-162.441
  0
LINE
  8
NESSUNA
 10
8267.961
 11
8268.048
 20
-162.441
 21
-162.405
  0
LINE
  8
NESSUNA
 10
8268.048
 11
8268.134
 20
-162.405
 21
-162.369
  0
LINE
  8
NESSUNA
 10
8268.134
 11
8268.221
 20
-162.369
 21
-162.333
  0
LINE
  8
NESSUNA
 10
8268.221
 11
8268.308
 20
-162.333
 21
-162.297
  0
LINE
  8
NESSUNA
 10
8268.308
 11
8268.394
 20
-162.297
 21
-162.261
  0
LINE
  8
NESSUNA
 10
8268.394
 11
8268.481
 20
-162.261
 21
-162.226
  0
LINE
  8
NESSUNA
 10
8268.481
 11
8268.568
 20
-162.226
 21
-162.191
  0
LINE
  8
NESSUNA
 10
8268.568
 11
8268.655
 20
-162.191
 21
-162.156
  0
LINE
  8
NESSUNA
 10
8268.655
 11
8268.742
 20
-162.156
 21
-162.121
  0
LINE
  8
NESSUNA
 10
8268.742
 11
8268.829
 20
-162.121
 21
-162.087
  0
LINE
  8
NESSUNA
 10
8268.829
 11
8268.917
 20
-162.087
 21
-162.052
  0
LINE
  8
NESSUNA
 10
8268.917
 11
8269.004
 20
-162.052
 21
-162.018
  0
LINE
  8
NESSUNA
 10
8269.004
 11
8269.091
 20
-162.018
 21
-161.984
  0
LINE
  8
NESSUNA
 10
8269.091
 11
8269.179
 20
-161.984
 21
-161.951
  0
LINE
  8
NESSUNA
 10
8269.179
 11
8269.267
 20
-161.951
 21
-161.917
  0
LINE
  8
NESSUNA
 10
8269.267
 11
8269.354
 20
-161.917
 21
-161.884
  0
LINE
  8
NESSUNA
 10
8269.354
 11
8269.442
 20
-161.884
 21
-161.851
  0
LINE
  8
NESSUNA
 10
8269.442
 11
8269.53
 20
-161.851
 21
-161.818
  0
LINE
  8
NESSUNA
 10
8269.53
 11
8269.618
 20
-161.818
 21
-161.785
  0
LINE
  8
NESSUNA
 10
8269.618
 11
8269.706
 20
-161.785
 21
-161.753
  0
LINE
  8
NESSUNA
 10
8269.706
 11
8269.794
 20
-161.753
 21
-161.721
  0
LINE
  8
NESSUNA
 10
8269.794
 11
8269.882
 20
-161.721
 21
-161.689
  0
LINE
  8
NESSUNA
 10
8269.882
 11
8269.97
 20
-161.689
 21
-161.657
  0
LINE
  8
NESSUNA
 10
8269.97
 11
8270.058
 20
-161.657
 21
-161.626
  0
LINE
  8
NESSUNA
 10
8270.058
 11
8270.147
 20
-161.626
 21
-161.594
  0
LINE
  8
NESSUNA
 10
8270.147
 11
8270.235
 20
-161.594
 21
-161.563
  0
LINE
  8
NESSUNA
 10
8270.235
 11
8270.324
 20
-161.563
 21
-161.532
  0
LINE
  8
NESSUNA
 10
8270.324
 11
8270.412
 20
-161.532
 21
-161.501
  0
LINE
  8
NESSUNA
 10
8270.412
 11
8270.501
 20
-161.501
 21
-161.471
  0
LINE
  8
NESSUNA
 10
8270.501
 11
8270.59
 20
-161.471
 21
-161.441
  0
LINE
  8
NESSUNA
 10
8270.59
 11
8270.679
 20
-161.441
 21
-161.411
  0
LINE
  8
NESSUNA
 10
8270.679
 11
8270.767
 20
-161.411
 21
-161.381
  0
LINE
  8
NESSUNA
 10
8270.767
 11
8270.856
 20
-161.381
 21
-161.351
  0
LINE
  8
NESSUNA
 10
8270.856
 11
8270.945
 20
-161.351
 21
-161.322
  0
LINE
  8
NESSUNA
 10
8270.945
 11
8271.034
 20
-161.322
 21
-161.292
  0
LINE
  8
NESSUNA
 10
8271.034
 11
8271.124
 20
-161.292
 21
-161.263
  0
LINE
  8
NESSUNA
 10
8271.124
 11
8271.213
 20
-161.263
 21
-161.235
  0
LINE
  8
NESSUNA
 10
8271.213
 11
8271.302
 20
-161.235
 21
-161.206
  0
LINE
  8
NESSUNA
 10
8271.302
 11
8271.392
 20
-161.206
 21
-161.178
  0
LINE
  8
NESSUNA
 10
8271.392
 11
8271.392
 20
-161.178
 21
-117.44
  0
LINE
  8
NESSUNA
 10
8271.392
 11
8290.613
 20
-117.44
 21
-117.44
  0
LINE
  8
NESSUNA
 10
8290.613
 11
8341.392
 20
-117.44
 21
-66.662
  0
LINE
  8
NESSUNA
 10
8341.392
 11
8392.17
 20
-66.662
 21
-117.44
  0
LINE
  8
NESSUNA
 10
8392.17
 11
8411.392
 20
-117.44
 21
-117.44
  0
LINE
  8
NESSUNA
 10
8411.392
 11
8411.392
 20
-117.44
 21
-161.178
  0
LINE
  8
NESSUNA
 10
8411.392
 11
8411.481
 20
-161.178
 21
-161.206
  0
LINE
  8
NESSUNA
 10
8411.481
 11
8411.57
 20
-161.206
 21
-161.235
  0
LINE
  8
NESSUNA
 10
8411.57
 11
8411.659
 20
-161.235
 21
-161.263
  0
LINE
  8
NESSUNA
 10
8411.659
 11
8411.749
 20
-161.263
 21
-161.292
  0
LINE
  8
NESSUNA
 10
8411.749
 11
8411.838
 20
-161.292
 21
-161.322
  0
LINE
  8
NESSUNA
 10
8411.838
 11
8411.927
 20
-161.322
 21
-161.351
  0
LINE
  8
NESSUNA
 10
8411.927
 11
8412.016
 20
-161.351
 21
-161.381
  0
LINE
  8
NESSUNA
 10
8412.016
 11
8412.105
 20
-161.381
 21
-161.411
  0
LINE
  8
NESSUNA
 10
8412.105
 11
8412.193
 20
-161.411
 21
-161.441
  0
LINE
  8
NESSUNA
 10
8412.193
 11
8412.282
 20
-161.441
 21
-161.471
  0
LINE
  8
NESSUNA
 10
8412.282
 11
8412.371
 20
-161.471
 21
-161.501
  0
LINE
  8
NESSUNA
 10
8412.371
 11
8412.459
 20
-161.501
 21
-161.532
  0
LINE
  8
NESSUNA
 10
8412.459
 11
8412.548
 20
-161.532
 21
-161.563
  0
LINE
  8
NESSUNA
 10
8412.548
 11
8412.636
 20
-161.563
 21
-161.594
  0
LINE
  8
NESSUNA
 10
8412.636
 11
8412.725
 20
-161.594
 21
-161.626
  0
LINE
  8
NESSUNA
 10
8412.725
 11
8412.813
 20
-161.626
 21
-161.657
  0
LINE
  8
NESSUNA
 10
8412.813
 11
8412.901
 20
-161.657
 21
-161.689
  0
LINE
  8
NESSUNA
 10
8412.901
 11
8412.989
 20
-161.689
 21
-161.721
  0
LINE
  8
NESSUNA
 10
8412.989
 11
8413.077
 20
-161.721
 21
-161.753
  0
LINE
  8
NESSUNA
 10
8413.077
 11
8413.165
 20
-161.753
 21
-161.785
  0
LINE
  8
NESSUNA
 10
8413.165
 11
8413.253
 20
-161.785
 21
-161.818
  0
LINE
  8
NESSUNA
 10
8413.253
 11
8413.341
 20
-161.818
 21
-161.851
  0
LINE
  8
NESSUNA
 10
8413.341
 11
8413.429
 20
-161.851
 21
-161.884
  0
LINE
  8
NESSUNA
 10
8413.429
 11
8413.517
 20
-161.884
 21
-161.917
  0
LINE
  8
NESSUNA
 10
8413.517
 11
8413.604
 20
-161.917
 21
-161.951
  0
LINE
  8
NESSUNA
 10
8413.604
 11
8413.692
 20
-161.951
 21
-161.984
  0
LINE
  8
NESSUNA
 10
8413.692
 11
8413.779
 20
-161.984
 21
-162.018
  0
LINE
  8
NESSUNA
 10
8413.779
 11
8413.866
 20
-162.018
 21
-162.052
  0
LINE
  8
NESSUNA
 10
8413.866
 11
8413.954
 20
-162.052
 21
-162.087
  0
LINE
  8
NESSUNA
 10
8413.954
 11
8414.041
 20
-162.087
 21
-162.121
  0
LINE
  8
NESSUNA
 10
8414.041
 11
8414.128
 20
-162.121
 21
-162.156
  0
LINE
  8
NESSUNA
 10
8414.128
 11
8414.215
 20
-162.156
 21
-162.191
  0
LINE
  8
NESSUNA
 10
8414.215
 11
8414.302
 20
-162.191
 21
-162.226
  0
LINE
  8
NESSUNA
 10
8414.302
 11
8414.389
 20
-162.226
 21
-162.261
  0
LINE
  8
NESSUNA
 10
8414.389
 11
8414.476
 20
-162.261
 21
-162.297
  0
LINE
  8
NESSUNA
 10
8414.476
 11
8414.562
 20
-162.297
 21
-162.333
  0
LINE
  8
NESSUNA
 10
8414.562
 11
8414.649
 20
-162.333
 21
-162.369
  0
LINE
  8
NESSUNA
 10
8414.649
 11
8414.735
 20
-162.369
 21
-162.405
  0
LINE
  8
NESSUNA
 10
8414.735
 11
8414.822
 20
-162.405
 21
-162.441
  0
LINE
  8
NESSUNA
 10
8414.822
 11
8414.908
 20
-162.441
 21
-162.478
  0
LINE
  8
NESSUNA
 10
8414.908
 11
8414.994
 20
-162.478
 21
-162.515
  0
LINE
  8
NESSUNA
 10
8414.994
 11
8415.08
 20
-162.515
 21
-162.552
  0
LINE
  8
NESSUNA
 10
8415.08
 11
8415.166
 20
-162.552
 21
-162.589
  0
LINE
  8
NESSUNA
 10
8415.166
 11
8415.252
 20
-162.589
 21
-162.626
  0
LINE
  8
NESSUNA
 10
8415.252
 11
8415.338
 20
-162.626
 21
-162.664
  0
LINE
  8
NESSUNA
 10
8415.338
 11
8415.424
 20
-162.664
 21
-162.702
  0
LINE
  8
NESSUNA
 10
8415.424
 11
8415.51
 20
-162.702
 21
-162.74
  0
LINE
  8
NESSUNA
 10
8415.51
 11
8415.595
 20
-162.74
 21
-162.778
  0
LINE
  8
NESSUNA
 10
8415.595
 11
8415.681
 20
-162.778
 21
-162.817
  0
LINE
  8
NESSUNA
 10
8415.681
 11
8415.766
 20
-162.817
 21
-162.855
  0
LINE
  8
NESSUNA
 10
8415.766
 11
8415.852
 20
-162.855
 21
-162.894
  0
LINE
  8
NESSUNA
 10
8415.852
 11
8415.937
 20
-162.894
 21
-162.933
  0
LINE
  8
NESSUNA
 10
8415.937
 11
8416.022
 20
-162.933
 21
-162.973
  0
LINE
  8
NESSUNA
 10
8416.022
 11
8416.107
 20
-162.973
 21
-163.012
  0
LINE
  8
NESSUNA
 10
8416.107
 11
8416.192
 20
-163.012
 21
-163.052
  0
LINE
  8
NESSUNA
 10
8416.192
 11
8416.277
 20
-163.052
 21
-163.092
  0
LINE
  8
NESSUNA
 10
8416.277
 11
8416.362
 20
-163.092
 21
-163.132
  0
LINE
  8
NESSUNA
 10
8416.362
 11
8416.446
 20
-163.132
 21
-163.172
  0
LINE
  8
NESSUNA
 10
8416.446
 11
8416.531
 20
-163.172
 21
-163.213
  0
LINE
  8
NESSUNA
 10
8416.531
 11
8416.615
 20
-163.213
 21
-163.253
  0
LINE
  8
NESSUNA
 10
8416.615
 11
8416.7
 20
-163.253
 21
-163.294
  0
LINE
  8
NESSUNA
 10
8416.7
 11
8416.784
 20
-163.294
 21
-163.335
  0
LINE
  8
NESSUNA
 10
8416.784
 11
8416.868
 20
-163.335
 21
-163.377
  0
LINE
  8
NESSUNA
 10
8416.868
 11
8416.952
 20
-163.377
 21
-163.418
  0
ARC
  8
NESSUNA
 10
8399.644
 20
-198.355
 40
38.989
 50
360.0
 51
63.645
  0
LINE
  8
NESSUNA
 10
8438.633
 11
8438.633
 20
-198.355
 21
-269.383
  0
ARC
  8
NESSUNA
 10
8497.622
 20
-269.383
 40
58.989
 50
180.0
 51
235.988
  0
ARC
  8
NESSUNA
 10
8497.622
 20
-367.177
 40
58.989
 50
124.012
 51
180.0
  0
LINE
  8
NESSUNA
 10
8438.633
 11
8438.633
 20
-367.177
 21
-438.205
  0
ARC
  8
NESSUNA
 10
8399.644
 20
-438.205
 40
38.989
 50
296.355
 51
0.0
  0
LINE
  8
NESSUNA
 10
8416.952
 11
8416.868
 20
-473.141
 21
-473.183
  0
LINE
  8
NESSUNA
 10
8416.868
 11
8416.784
 20
-473.183
 21
-473.224
  0
LINE
  8
NESSUNA
 10
8416.784
 11
8416.7
 20
-473.224
 21
-473.265
  0
LINE
  8
NESSUNA
 10
8416.7
 11
8416.615
 20
-473.265
 21
-473.306
  0
LINE
  8
NESSUNA
 10
8416.615
 11
8416.531
 20
-473.306
 21
-473.347
  0
LINE
  8
NESSUNA
 10
8416.531
 11
8416.446
 20
-473.347
 21
-473.387
  0
LINE
  8
NESSUNA
 10
8416.446
 11
8416.362
 20
-473.387
 21
-473.427
  0
LINE
  8
NESSUNA
 10
8416.362
 11
8416.277
 20
-473.427
 21
-473.468
  0
LINE
  8
NESSUNA
 10
8416.277
 11
8416.192
 20
-473.468
 21
-473.507
  0
LINE
  8
NESSUNA
 10
8416.192
 11
8416.107
 20
-473.507
 21
-473.547
  0
LINE
  8
NESSUNA
 10
8416.107
 11
8416.022
 20
-473.547
 21
-473.587
  0
LINE
  8
NESSUNA
 10
8416.022
 11
8415.937
 20
-473.587
 21
-473.626
  0
LINE
  8
NESSUNA
 10
8415.937
 11
8415.852
 20
-473.626
 21
-473.665
  0
LINE
  8
NESSUNA
 10
8415.852
 11
8415.766
 20
-473.665
 21
-473.704
  0
LINE
  8
NESSUNA
 10
8415.766
 11
8415.681
 20
-473.704
 21
-473.743
  0
LINE
  8
NESSUNA
 10
8415.681
 11
8415.595
 20
-473.743
 21
-473.781
  0
LINE
  8
NESSUNA
 10
8415.595
 11
8415.51
 20
-473.781
 21
-473.819
  0
LINE
  8
NESSUNA
 10
8415.51
 11
8415.424
 20
-473.819
 21
-473.857
  0
LINE
  8
NESSUNA
 10
8415.424
 11
8415.338
 20
-473.857
 21
-473.895
  0
LINE
  8
NESSUNA
 10
8415.338
 11
8415.252
 20
-473.895
 21
-473.933
  0
LINE
  8
NESSUNA
 10
8415.252
 11
8415.166
 20
-473.933
 21
-473.97
  0
LINE
  8
NESSUNA
 10
8415.166
 11
8415.08
 20
-473.97
 21
-474.007
  0
LINE
  8
NESSUNA
 10
8415.08
 11
8414.994
 20
-474.007
 21
-474.045
  0
LINE
  8
NESSUNA
 10
8414.994
 11
8414.908
 20
-474.045
 21
-474.081
  0
LINE
  8
NESSUNA
 10
8414.908
 11
8414.822
 20
-474.081
 21
-474.118
  0
LINE
  8
NESSUNA
 10
8414.822
 11
8414.735
 20
-474.118
 21
-474.154
  0
LINE
  8
NESSUNA
 10
8414.735
 11
8414.649
 20
-474.154
 21
-474.191
  0
LINE
  8
NESSUNA
 10
8414.649
 11
8414.562
 20
-474.191
 21
-474.226
  0
LINE
  8
NESSUNA
 10
8414.562
 11
8414.476
 20
-474.226
 21
-474.262
  0
LINE
  8
NESSUNA
 10
8414.476
 11
8414.389
 20
-474.262
 21
-474.298
  0
LINE
  8
NESSUNA
 10
8414.389
 11
8414.302
 20
-474.298
 21
-474.333
  0
LINE
  8
NESSUNA
 10
8414.302
 11
8414.215
 20
-474.333
 21
-474.368
  0
LINE
  8
NESSUNA
 10
8414.215
 11
8414.128
 20
-474.368
 21
-474.403
  0
LINE
  8
NESSUNA
 10
8414.128
 11
8414.041
 20
-474.403
 21
-474.438
  0
LINE
  8
NESSUNA
 10
8414.041
 11
8413.954
 20
-474.438
 21
-474.473
  0
LINE
  8
NESSUNA
 10
8413.954
 11
8413.866
 20
-474.473
 21
-474.507
  0
LINE
  8
NESSUNA
 10
8413.866
 11
8413.779
 20
-474.507
 21
-474.541
  0
LINE
  8
NESSUNA
 10
8413.779
 11
8413.692
 20
-474.541
 21
-474.575
  0
LINE
  8
NESSUNA
 10
8413.692
 11
8413.604
 20
-474.575
 21
-474.608
  0
LINE
  8
NESSUNA
 10
8413.604
 11
8413.517
 20
-474.608
 21
-474.642
  0
LINE
  8
NESSUNA
 10
8413.517
 11
8413.429
 20
-474.642
 21
-474.675
  0
LINE
  8
NESSUNA
 10
8413.429
 11
8413.341
 20
-474.675
 21
-474.708
  0
LINE
  8
NESSUNA
 10
8413.341
 11
8413.253
 20
-474.708
 21
-474.741
  0
LINE
  8
NESSUNA
 10
8413.253
 11
8413.165
 20
-474.741
 21
-474.774
  0
LINE
  8
NESSUNA
 10
8413.165
 11
8413.077
 20
-474.774
 21
-474.806
  0
LINE
  8
NESSUNA
 10
8413.077
 11
8412.989
 20
-474.806
 21
-474.838
  0
LINE
  8
NESSUNA
 10
8412.989
 11
8412.901
 20
-474.838
 21
-474.87
  0
LINE
  8
NESSUNA
 10
8412.901
 11
8412.813
 20
-474.87
 21
-474.902
  0
LINE
  8
NESSUNA
 10
8412.813
 11
8412.725
 20
-474.902
 21
-474.934
  0
LINE
  8
NESSUNA
 10
8412.725
 11
8412.636
 20
-474.934
 21
-474.965
  0
LINE
  8
NESSUNA
 10
8412.636
 11
8412.548
 20
-474.965
 21
-474.996
  0
LINE
  8
NESSUNA
 10
8412.548
 11
8412.459
 20
-474.996
 21
-475.027
  0
LINE
  8
NESSUNA
 10
8412.459
 11
8412.371
 20
-475.027
 21
-475.058
  0
LINE
  8
NESSUNA
 10
8412.371
 11
8412.282
 20
-475.058
 21
-475.088
  0
LINE
  8
NESSUNA
 10
8412.282
 11
8412.193
 20
-475.088
 21
-475.119
  0
LINE
  8
NESSUNA
 10
8412.193
 11
8412.105
 20
-475.119
 21
-475.149
  0
LINE
  8
NESSUNA
 10
8412.105
 11
8412.016
 20
-475.149
 21
-475.179
  0
LINE
  8
NESSUNA
 10
8412.016
 11
8411.927
 20
-475.179
 21
-475.208
  0
LINE
  8
NESSUNA
 10
8411.927
 11
8411.838
 20
-475.208
 21
-475.238
  0
LINE
  8
NESSUNA
 10
8411.838
 11
8411.749
 20
-475.238
 21
-475.267
  0
LINE
  8
NESSUNA
 10
8411.749
 11
8411.659
 20
-475.267
 21
-475.296
  0
LINE
  8
NESSUNA
 10
8411.659
 11
8411.57
 20
-475.296
 21
-475.325
  0
LINE
  8
NESSUNA
 10
8411.57
 11
8411.481
 20
-475.325
 21
-475.353
  0
LINE
  8
NESSUNA
 10
8411.481
 11
8411.392
 20
-475.353
 21
-475.382
  0
LINE
  8
NESSUNA
 10
8411.392
 11
8411.392
 20
-475.382
 21
-519.119
  0
LINE
  8
NESSUNA
 10
8411.392
 11
8392.17
 20
-519.119
 21
-519.119
  0
LINE
  8
NESSUNA
 10
8392.17
 11
8341.392
 20
-519.119
 21
-569.897
  0
LINE
  8
NESSUNA
 10
8341.392
 11
8290.613
 20
-569.897
 21
-519.119
  0
LINE
  8
NESSUNA
 10
8290.613
 11
8271.392
 20
-519.119
 21
-519.119
  0
LINE
  8
NESSUNA
 10
8271.392
 11
8271.392
 20
-519.119
 21
-475.382
  0
LINE
  8
NESSUNA
 10
8271.392
 11
8271.302
 20
-475.382
 21
-475.353
  0
LINE
  8
NESSUNA
 10
8271.302
 11
8271.213
 20
-475.353
 21
-475.325
  0
LINE
  8
NESSUNA
 10
8271.213
 11
8271.124
 20
-475.325
 21
-475.296
  0
LINE
  8
NESSUNA
 10
8271.124
 11
8271.034
 20
-475.296
 21
-475.267
  0
LINE
  8
NESSUNA
 10
8271.034
 11
8270.945
 20
-475.267
 21
-475.238
  0
LINE
  8
NESSUNA
 10
8270.945
 11
8270.856
 20
-475.238
 21
-475.208
  0
LINE
  8
NESSUNA
 10
8270.856
 11
8270.767
 20
-475.208
 21
-475.179
  0
LINE
  8
NESSUNA
 10
8270.767
 11
8270.679
 20
-475.179
 21
-475.149
  0
LINE
  8
NESSUNA
 10
8270.679
 11
8270.59
 20
-475.149
 21
-475.119
  0
LINE
  8
NESSUNA
 10
8270.59
 11
8270.501
 20
-475.119
 21
-475.088
  0
LINE
  8
NESSUNA
 10
8270.501
 11
8270.412
 20
-475.088
 21
-475.058
  0
LINE
  8
NESSUNA
 10
8270.412
 11
8270.324
 20
-475.058
 21
-475.027
  0
LINE
  8
NESSUNA
 10
8270.324
 11
8270.235
 20
-475.027
 21
-474.996
  0
LINE
  8
NESSUNA
 10
8270.235
 11
8270.147
 20
-474.996
 21
-474.965
  0
LINE
  8
NESSUNA
 10
8270.147
 11
8270.058
 20
-474.965
 21
-474.934
  0
LINE
  8
NESSUNA
 10
8270.058
 11
8269.97
 20
-474.934
 21
-474.902
  0
LINE
  8
NESSUNA
 10
8269.97
 11
8269.882
 20
-474.902
 21
-474.87
  0
LINE
  8
NESSUNA
 10
8269.882
 11
8269.794
 20
-474.87
 21
-474.838
  0
LINE
  8
NESSUNA
 10
8269.794
 11
8269.706
 20
-474.838
 21
-474.806
  0
LINE
  8
NESSUNA
 10
8269.706
 11
8269.618
 20
-474.806
 21
-474.774
  0
LINE
  8
NESSUNA
 10
8269.618
 11
8269.53
 20
-474.774
 21
-474.741
  0
LINE
  8
NESSUNA
 10
8269.53
 11
8269.442
 20
-474.741
 21
-474.708
  0
LINE
  8
NESSUNA
 10
8269.442
 11
8269.354
 20
-474.708
 21
-474.675
  0
LINE
  8
NESSUNA
 10
8269.354
 11
8269.267
 20
-474.675
 21
-474.642
  0
LINE
  8
NESSUNA
 10
8269.267
 11
8269.179
 20
-474.642
 21
-474.608
  0
LINE
  8
NESSUNA
 10
8269.179
 11
8269.091
 20
-474.608
 21
-474.575
  0
LINE
  8
NESSUNA
 10
8269.091
 11
8269.004
 20
-474.575
 21
-474.541
  0
LINE
  8
NESSUNA
 10
8269.004
 11
8268.917
 20
-474.541
 21
-474.507
  0
LINE
  8
NESSUNA
 10
8268.917
 11
8268.829
 20
-474.507
 21
-474.473
  0
LINE
  8
NESSUNA
 10
8268.829
 11
8268.742
 20
-474.473
 21
-474.438
  0
LINE
  8
NESSUNA
 10
8268.742
 11
8268.655
 20
-474.438
 21
-474.403
  0
LINE
  8
NESSUNA
 10
8268.655
 11
8268.568
 20
-474.403
 21
-474.368
  0
LINE
  8
NESSUNA
 10
8268.568
 11
8268.481
 20
-474.368
 21
-474.333
  0
LINE
  8
NESSUNA
 10
8268.481
 11
8268.394
 20
-474.333
 21
-474.298
  0
LINE
  8
NESSUNA
 10
8268.394
 11
8268.308
 20
-474.298
 21
-474.262
  0
LINE
  8
NESSUNA
 10
8268.308
 11
8268.221
 20
-474.262
 21
-474.226
  0
LINE
  8
NESSUNA
 10
8268.221
 11
8268.134
 20
-474.226
 21
-474.191
  0
LINE
  8
NESSUNA
 10
8268.134
 11
8268.048
 20
-474.191
 21
-474.154
  0
LINE
  8
NESSUNA
 10
8268.048
 11
8267.961
 20
-474.154
 21
-474.118
  0
LINE
  8
NESSUNA
 10
8267.961
 11
8267.875
 20
-474.118
 21
-474.081
  0
LINE
  8
NESSUNA
 10
8267.875
 11
8267.789
 20
-474.081
 21
-474.045
  0
LINE
  8
NESSUNA
 10
8267.789
 11
8267.703
 20
-474.045
 21
-474.007
  0
LINE
  8
NESSUNA
 10
8267.703
 11
8267.617
 20
-474.007
 21
-473.97
  0
LINE
  8
NESSUNA
 10
8267.617
 11
8267.531
 20
-473.97
 21
-473.933
  0
LINE
  8
NESSUNA
 10
8267.531
 11
8267.445
 20
-473.933
 21
-473.895
  0
LINE
  8
NESSUNA
 10
8267.445
 11
8267.359
 20
-473.895
 21
-473.857
  0
LINE
  8
NESSUNA
 10
8267.359
 11
8267.273
 20
-473.857
 21
-473.819
  0
LINE
  8
NESSUNA
 10
8267.273
 11
8267.188
 20
-473.819
 21
-473.781
  0
LINE
  8
NESSUNA
 10
8267.188
 11
8267.102
 20
-473.781
 21
-473.743
  0
LINE
  8
NESSUNA
 10
8267.102
 11
8267.017
 20
-473.743
 21
-473.704
  0
LINE
  8
NESSUNA
 10
8267.017
 11
8266.931
 20
-473.704
 21
-473.665
  0
LINE
  8
NESSUNA
 10
8266.931
 11
8266.846
 20
-473.665
 21
-473.626
  0
LINE
  8
NESSUNA
 10
8266.846
 11
8266.761
 20
-473.626
 21
-473.587
  0
LINE
  8
NESSUNA
 10
8266.761
 11
8266.676
 20
-473.587
 21
-473.547
  0
LINE
  8
NESSUNA
 10
8266.676
 11
8266.591
 20
-473.547
 21
-473.507
  0
LINE
  8
NESSUNA
 10
8266.591
 11
8266.506
 20
-473.507
 21
-473.468
  0
LINE
  8
NESSUNA
 10
8266.506
 11
8266.421
 20
-473.468
 21
-473.427
  0
LINE
  8
NESSUNA
 10
8266.421
 11
8266.337
 20
-473.427
 21
-473.387
  0
LINE
  8
NESSUNA
 10
8266.337
 11
8266.252
 20
-473.387
 21
-473.347
  0
LINE
  8
NESSUNA
 10
8266.252
 11
8266.168
 20
-473.347
 21
-473.306
  0
LINE
  8
NESSUNA
 10
8266.168
 11
8266.083
 20
-473.306
 21
-473.265
  0
LINE
  8
NESSUNA
 10
8266.083
 11
8265.999
 20
-473.265
 21
-473.224
  0
LINE
  8
NESSUNA
 10
8265.999
 11
8265.915
 20
-473.224
 21
-473.183
  0
LINE
  8
NESSUNA
 10
8265.915
 11
8265.831
 20
-473.183
 21
-473.141
  0
ARC
  8
NESSUNA
 10
8283.139
 20
-438.205
 40
38.989
 50
180.0
 51
243.645
  0
LINE
  8
NESSUNA
 10
8244.15
 11
8244.15
 20
-438.205
 21
-367.177
  0
ARC
  8
NESSUNA
 10
8185.161
 20
-367.177
 40
58.989
 50
0.0
 51
55.988
  0
LINE
  8
NESSUNA
 10
8178.327
 11
8164.185
 20
-318.28
 21
-304.137
  0
LINE
  8
NESSUNA
 10
8164.185
 11
8192.469
 20
-304.137
 21
-275.853
  0
LINE
  8
NESSUNA
 10
8192.469
 11
8157.114
 20
-275.853
 21
-240.498
  0
LINE
  8
NESSUNA
 10
8157.114
 11
8121.758
 20
-240.498
 21
-275.853
  0
LINE
  8
NESSUNA
 10
8121.758
 11
8150.043
 20
-275.853
 21
-304.137
  0
LINE
  8
NESSUNA
 10
8150.043
 11
8135.901
 20
-304.137
 21
-318.28
  0
LINE
  8
NESSUNA
 10
8135.901
 11
8150.043
 20
-318.28
 21
-332.422
  0
LINE
  8
NESSUNA
 10
8150.043
 11
8121.758
 20
-332.422
 21
-360.706
  0
LINE
  8
NESSUNA
 10
8121.758
 11
8157.114
 20
-360.706
 21
-396.061
  0
LINE
  8
NESSUNA
 10
8157.114
 11
8192.469
 20
-396.061
 21
-360.706
  0
LINE
  8
NESSUNA
 10
8192.469
 11
8164.185
 20
-360.706
 21
-332.422
  0
LINE
  8
NESSUNA
 10
8164.185
 11
8178.327
 20
-332.422
 21
-318.28
  0
LINE
  8
NESSUNA
 10
8178.327
 11
8157.114
 20
-275.853
 21
-297.066
  0
LINE
  8
NESSUNA
 10
8157.114
 11
8135.901
 20
-297.066
 21
-275.853
  0
LINE
  8
NESSUNA
 10
8135.901
 11
8157.114
 20
-275.853
 21
-254.64
  0
LINE
  8
NESSUNA
 10
8157.114
 11
8178.327
 20
-254.64
 21
-275.853
  0
LINE
  8
NESSUNA
 10
8135.901
 11
8157.114
 20
-360.706
 21
-339.493
  0
LINE
  8
NESSUNA
 10
8157.114
 11
8178.327
 20
-339.493
 21
-360.706
  0
LINE
  8
NESSUNA
 10
8178.327
 11
8157.114
 20
-360.706
 21
-381.919
  0
LINE
  8
NESSUNA
 10
8157.114
 11
8135.901
 20
-381.919
 21
-360.706
  0
LINE
  8
NESSUNA
 10
8150.043
 11
8157.114
 20
-318.28
 21
-311.209
  0
LINE
  8
NESSUNA
 10
8157.114
 11
8164.185
 20
-311.209
 21
-318.28
  0
LINE
  8
NESSUNA
 10
8164.185
 11
8157.114
 20
-318.28
 21
-325.351
  0
LINE
  8
NESSUNA
 10
8157.114
 11
8150.043
 20
-325.351
 21
-318.28
  0
LINE
  8
NESSUNA
 10
7874.514
 11
7867.797
 20
-326.142
 21
-326.142
  0
ARC
  8
NESSUNA
 10
7872.147
 20
-317.363
 40
9.798
 50
180.0
 51
243.645
  0
LINE
  8
NESSUNA
 10
7862.349
 11
7862.349
 20
-317.363
 21
-303.157
  0
ARC
  8
NESSUNA
 10
7852.551
 20
-303.157
 40
9.798
 50
360.0
 51
63.645
  0
LINE
  8
NESSUNA
 10
7856.901
 11
7856.901
 20
-294.378
 21
-284.974
  0
LINE
  8
NESSUNA
 10
7856.901
 11
7851.885
 20
-284.974
 21
-284.974
  0
LINE
  8
NESSUNA
 10
7851.885
 11
7840.901
 20
-284.974
 21
-273.99
  0
LINE
  8
NESSUNA
 10
7840.901
 11
7829.917
 20
-273.99
 21
-284.974
  0
LINE
  8
NESSUNA
 10
7829.917
 11
7824.901
 20
-284.974
 21
-284.974
  0
LINE
  8
NESSUNA
 10
7824.901
 11
7824.901
 20
-284.974
 21
-294.378
  0
ARC
  8
NESSUNA
 10
7829.25
 20
-303.157
 40
9.798
 50
116.355
 51
180.0
  0
LINE
  8
NESSUNA
 10
7819.453
 11
7819.453
 20
-303.157
 21
-317.363
  0
ARC
  8
NESSUNA
 10
7809.655
 20
-317.363
 40
9.798
 50
296.355
 51
0.0
  0
LINE
  8
NESSUNA
 10
7814.004
 11
7807.288
 20
-326.142
 21
-326.142
  0
LINE
  8
NESSUNA
 10
7807.288
 11
7807.288
 20
-326.142
 21
-328.142
  0
LINE
  8
NESSUNA
 10
7807.288
 11
7814.004
 20
-328.142
 21
-328.142
  0
ARC
  8
NESSUNA
 10
7809.655
 20
-336.922
 40
9.798
 50
360.0
 51
63.645
  0
LINE
  8
NESSUNA
 10
7819.453
 11
7819.453
 20
-336.922
 21
-351.127
  0
ARC
  8
NESSUNA
 10
7829.25
 20
-351.127
 40
9.798
 50
180.0
 51
243.645
  0
LINE
  8
NESSUNA
 10
7824.901
 11
7824.901
 20
-359.907
 21
-369.31
  0
LINE
  8
NESSUNA
 10
7824.901
 11
7829.917
 20
-369.31
 21
-369.31
  0
LINE
  8
NESSUNA
 10
7829.917
 11
7840.901
 20
-369.31
 21
-380.294
  0
LINE
  8
NESSUNA
 10
7840.901
 11
7851.885
 20
-380.294
 21
-369.31
  0
LINE
  8
NESSUNA
 10
7851.885
 11
7856.901
 20
-369.31
 21
-369.31
  0
LINE
  8
NESSUNA
 10
7856.901
 11
7856.901
 20
-369.31
 21
-359.907
  0
ARC
  8
NESSUNA
 10
7852.551
 20
-351.127
 40
9.798
 50
296.355
 51
0.0
  0
LINE
  8
NESSUNA
 10
7862.349
 11
7862.349
 20
-351.127
 21
-336.922
  0
ARC
  8
NESSUNA
 10
7872.147
 20
-336.922
 40
9.798
 50
116.355
 51
180.0
  0
LINE
  8
NESSUNA
 10
7867.797
 11
7874.514
 20
-328.142
 21
-328.142
  0
LINE
  8
NESSUNA
 10
7874.514
 11
7874.514
 20
-328.142
 21
-326.142
  0
ARC
  8
NESSUNA
 10
7872.147
 20
-317.363
 40
11.798
 50
180.0
 51
235.988
  0
ARC
  8
NESSUNA
 10
7872.147
 20
-336.922
 40
11.798
 50
124.012
 51
180.0
  0
LINE
  8
NESSUNA
 10
7860.349
 11
7860.349
 20
-336.922
 21
-351.127
  0
ARC
  8
NESSUNA
 10
7852.551
 20
-351.127
 40
7.798
 50
296.355
 51
0.0
  0
LINE
  8
NESSUNA
 10
7856.013
 11
7855.996
 20
-358.114
 21
-358.123
  0
LINE
  8
NESSUNA
 10
7855.996
 11
7855.979
 20
-358.123
 21
-358.131
  0
LINE
  8
NESSUNA
 10
7855.979
 11
7855.963
 20
-358.131
 21
-358.139
  0
LINE
  8
NESSUNA
 10
7855.963
 11
7855.946
 20
-358.139
 21
-358.147
  0
LINE
  8
NESSUNA
 10
7855.946
 11
7855.929
 20
-358.147
 21
-358.156
  0
LINE
  8
NESSUNA
 10
7855.929
 11
7855.912
 20
-358.156
 21
-358.164
  0
LINE
  8
NESSUNA
 10
7855.912
 11
7855.895
 20
-358.164
 21
-358.172
  0
LINE
  8
NESSUNA
 10
7855.895
 11
7855.878
 20
-358.172
 21
-358.18
  0
LINE
  8
NESSUNA
 10
7855.878
 11
7855.861
 20
-358.18
 21
-358.188
  0
LINE
  8
NESSUNA
 10
7855.861
 11
7855.844
 20
-358.188
 21
-358.196
  0
LINE
  8
NESSUNA
 10
7855.844
 11
7855.827
 20
-358.196
 21
-358.204
  0
LINE
  8
NESSUNA
 10
7855.827
 11
7855.81
 20
-358.204
 21
-358.211
  0
LINE
  8
NESSUNA
 10
7855.81
 11
7855.793
 20
-358.211
 21
-358.219
  0
LINE
  8
NESSUNA
 10
7855.793
 11
7855.776
 20
-358.219
 21
-358.227
  0
LINE
  8
NESSUNA
 10
7855.776
 11
7855.759
 20
-358.227
 21
-358.235
  0
LINE
  8
NESSUNA
 10
7855.759
 11
7855.742
 20
-358.235
 21
-358.242
  0
LINE
  8
NESSUNA
 10
7855.742
 11
7855.725
 20
-358.242
 21
-358.25
  0
LINE
  8
NESSUNA
 10
7855.725
 11
7855.707
 20
-358.25
 21
-358.258
  0
LINE
  8
NESSUNA
 10
7855.707
 11
7855.69
 20
-358.258
 21
-358.265
  0
LINE
  8
NESSUNA
 10
7855.69
 11
7855.673
 20
-358.265
 21
-358.273
  0
LINE
  8
NESSUNA
 10
7855.673
 11
7855.656
 20
-358.273
 21
-358.28
  0
LINE
  8
NESSUNA
 10
7855.656
 11
7855.639
 20
-358.28
 21
-358.288
  0
LINE
  8
NESSUNA
 10
7855.639
 11
7855.621
 20
-358.288
 21
-358.295
  0
LINE
  8
NESSUNA
 10
7855.621
 11
7855.604
 20
-358.295
 21
-358.302
  0
LINE
  8
NESSUNA
 10
7855.604
 11
7855.587
 20
-358.302
 21
-358.31
  0
LINE
  8
NESSUNA
 10
7855.587
 11
7855.57
 20
-358.31
 21
-358.317
  0
LINE
  8
NESSUNA
 10
7855.57
 11
7855.552
 20
-358.317
 21
-358.324
  0
LINE
  8
NESSUNA
 10
7855.552
 11
7855.535
 20
-358.324
 21
-358.332
  0
LINE
  8
NESSUNA
 10
7855.535
 11
7855.518
 20
-358.332
 21
-358.339
  0
LINE
  8
NESSUNA
 10
7855.518
 11
7855.5
 20
-358.339
 21
-358.346
  0
LINE
  8
NESSUNA
 10
7855.5
 11
7855.483
 20
-358.346
 21
-358.353
  0
LINE
  8
NESSUNA
 10
7855.483
 11
7855.466
 20
-358.353
 21
-358.36
  0
LINE
  8
NESSUNA
 10
7855.466
 11
7855.448
 20
-358.36
 21
-358.367
  0
LINE
  8
NESSUNA
 10
7855.448
 11
7855.431
 20
-358.367
 21
-358.374
  0
LINE
  8
NESSUNA
 10
7855.431
 11
7855.413
 20
-358.374
 21
-358.381
  0
LINE
  8
NESSUNA
 10
7855.413
 11
7855.396
 20
-358.381
 21
-358.388
  0
LINE
  8
NESSUNA
 10
7855.396
 11
7855.378
 20
-358.388
 21
-358.394
  0
LINE
  8
NESSUNA
 10
7855.378
 11
7855.361
 20
-358.394
 21
-358.401
  0
LINE
  8
NESSUNA
 10
7855.361
 11
7855.343
 20
-358.401
 21
-358.408
  0
LINE
  8
NESSUNA
 10
7855.343
 11
7855.326
 20
-358.408
 21
-358.415
  0
LINE
  8
NESSUNA
 10
7855.326
 11
7855.308
 20
-358.415
 21
-358.421
  0
LINE
  8
NESSUNA
 10
7855.308
 11
7855.291
 20
-358.421
 21
-358.428
  0
LINE
  8
NESSUNA
 10
7855.291
 11
7855.273
 20
-358.428
 21
-358.434
  0
LINE
  8
NESSUNA
 10
7855.273
 11
7855.256
 20
-358.434
 21
-358.441
  0
LINE
  8
NESSUNA
 10
7855.256
 11
7855.238
 20
-358.441
 21
-358.447
  0
LINE
  8
NESSUNA
 10
7855.238
 11
7855.22
 20
-358.447
 21
-358.454
  0
LINE
  8
NESSUNA
 10
7855.22
 11
7855.203
 20
-358.454
 21
-358.46
  0
LINE
  8
NESSUNA
 10
7855.203
 11
7855.185
 20
-358.46
 21
-358.467
  0
LINE
  8
NESSUNA
 10
7855.185
 11
7855.168
 20
-358.467
 21
-358.473
  0
LINE
  8
NESSUNA
 10
7855.168
 11
7855.15
 20
-358.473
 21
-358.479
  0
LINE
  8
NESSUNA
 10
7855.15
 11
7855.132
 20
-358.479
 21
-358.485
  0
LINE
  8
NESSUNA
 10
7855.132
 11
7855.114
 20
-358.485
 21
-358.492
  0
LINE
  8
NESSUNA
 10
7855.114
 11
7855.097
 20
-358.492
 21
-358.498
  0
LINE
  8
NESSUNA
 10
7855.097
 11
7855.079
 20
-358.498
 21
-358.504
  0
LINE
  8
NESSUNA
 10
7855.079
 11
7855.061
 20
-358.504
 21
-358.51
  0
LINE
  8
NESSUNA
 10
7855.061
 11
7855.044
 20
-358.51
 21
-358.516
  0
LINE
  8
NESSUNA
 10
7855.044
 11
7855.026
 20
-358.516
 21
-358.522
  0
LINE
  8
NESSUNA
 10
7855.026
 11
7855.008
 20
-358.522
 21
-358.528
  0
LINE
  8
NESSUNA
 10
7855.008
 11
7854.99
 20
-358.528
 21
-358.534
  0
LINE
  8
NESSUNA
 10
7854.99
 11
7854.972
 20
-358.534
 21
-358.54
  0
LINE
  8
NESSUNA
 10
7854.972
 11
7854.954
 20
-358.54
 21
-358.545
  0
LINE
  8
NESSUNA
 10
7854.954
 11
7854.937
 20
-358.545
 21
-358.551
  0
LINE
  8
NESSUNA
 10
7854.937
 11
7854.919
 20
-358.551
 21
-358.557
  0
LINE
  8
NESSUNA
 10
7854.919
 11
7854.901
 20
-358.557
 21
-358.563
  0
LINE
  8
NESSUNA
 10
7854.901
 11
7854.901
 20
-358.563
 21
-367.31
  0
LINE
  8
NESSUNA
 10
7854.901
 11
7851.057
 20
-367.31
 21
-367.31
  0
LINE
  8
NESSUNA
 10
7851.057
 11
7840.901
 20
-367.31
 21
-377.466
  0
LINE
  8
NESSUNA
 10
7840.901
 11
7830.745
 20
-377.466
 21
-367.31
  0
LINE
  8
NESSUNA
 10
7830.745
 11
7826.901
 20
-367.31
 21
-367.31
  0
LINE
  8
NESSUNA
 10
7826.901
 11
7826.901
 20
-367.31
 21
-358.563
  0
LINE
  8
NESSUNA
 10
7826.901
 11
7826.883
 20
-358.563
 21
-358.557
  0
LINE
  8
NESSUNA
 10
7826.883
 11
7826.865
 20
-358.557
 21
-358.551
  0
LINE
  8
NESSUNA
 10
7826.865
 11
7826.847
 20
-358.551
 21
-358.545
  0
LINE
  8
NESSUNA
 10
7826.847
 11
7826.829
 20
-358.545
 21
-358.54
  0
LINE
  8
NESSUNA
 10
7826.829
 11
7826.812
 20
-358.54
 21
-358.534
  0
LINE
  8
NESSUNA
 10
7826.812
 11
7826.794
 20
-358.534
 21
-358.528
  0
LINE
  8
NESSUNA
 10
7826.794
 11
7826.776
 20
-358.528
 21
-358.522
  0
LINE
  8
NESSUNA
 10
7826.776
 11
7826.758
 20
-358.522
 21
-358.516
  0
LINE
  8
NESSUNA
 10
7826.758
 11
7826.741
 20
-358.516
 21
-358.51
  0
LINE
  8
NESSUNA
 10
7826.741
 11
7826.723
 20
-358.51
 21
-358.504
  0
LINE
  8
NESSUNA
 10
7826.723
 11
7826.705
 20
-358.504
 21
-358.498
  0
LINE
  8
NESSUNA
 10
7826.705
 11
7826.687
 20
-358.498
 21
-358.492
  0
LINE
  8
NESSUNA
 10
7826.687
 11
7826.67
 20
-358.492
 21
-358.485
  0
LINE
  8
NESSUNA
 10
7826.67
 11
7826.652
 20
-358.485
 21
-358.479
  0
LINE
  8
NESSUNA
 10
7826.652
 11
7826.634
 20
-358.479
 21
-358.473
  0
LINE
  8
NESSUNA
 10
7826.634
 11
7826.617
 20
-358.473
 21
-358.467
  0
LINE
  8
NESSUNA
 10
7826.617
 11
7826.599
 20
-358.467
 21
-358.46
  0
LINE
  8
NESSUNA
 10
7826.599
 11
7826.581
 20
-358.46
 21
-358.454
  0
LINE
  8
NESSUNA
 10
7826.581
 11
7826.564
 20
-358.454
 21
-358.447
  0
LINE
  8
NESSUNA
 10
7826.564
 11
7826.546
 20
-358.447
 21
-358.441
  0
LINE
  8
NESSUNA
 10
7826.546
 11
7826.529
 20
-358.441
 21
-358.434
  0
LINE
  8
NESSUNA
 10
7826.529
 11
7826.511
 20
-358.434
 21
-358.428
  0
LINE
  8
NESSUNA
 10
7826.511
 11
7826.493
 20
-358.428
 21
-358.421
  0
LINE
  8
NESSUNA
 10
7826.493
 11
7826.476
 20
-358.421
 21
-358.415
  0
LINE
  8
NESSUNA
 10
7826.476
 11
7826.458
 20
-358.415
 21
-358.408
  0
LINE
  8
NESSUNA
 10
7826.458
 11
7826.441
 20
-358.408
 21
-358.401
  0
LINE
  8
NESSUNA
 10
7826.441
 11
7826.423
 20
-358.401
 21
-358.394
  0
LINE
  8
NESSUNA
 10
7826.423
 11
7826.406
 20
-358.394
 21
-358.388
  0
LINE
  8
NESSUNA
 10
7826.406
 11
7826.388
 20
-358.388
 21
-358.381
  0
LINE
  8
NESSUNA
 10
7826.388
 11
7826.371
 20
-358.381
 21
-358.374
  0
LINE
  8
NESSUNA
 10
7826.371
 11
7826.354
 20
-358.374
 21
-358.367
  0
LINE
  8
NESSUNA
 10
7826.354
 11
7826.336
 20
-358.367
 21
-358.36
  0
LINE
  8
NESSUNA
 10
7826.336
 11
7826.319
 20
-358.36
 21
-358.353
  0
LINE
  8
NESSUNA
 10
7826.319
 11
7826.301
 20
-358.353
 21
-358.346
  0
LINE
  8
NESSUNA
 10
7826.301
 11
7826.284
 20
-358.346
 21
-358.339
  0
LINE
  8
NESSUNA
 10
7826.284
 11
7826.267
 20
-358.339
 21
-358.332
  0
LINE
  8
NESSUNA
 10
7826.267
 11
7826.249
 20
-358.332
 21
-358.324
  0
LINE
  8
NESSUNA
 10
7826.249
 11
7826.232
 20
-358.324
 21
-358.317
  0
LINE
  8
NESSUNA
 10
7826.232
 11
7826.215
 20
-358.317
 21
-358.31
  0
LINE
  8
NESSUNA
 10
7826.215
 11
7826.198
 20
-358.31
 21
-358.302
  0
LINE
  8
NESSUNA
 10
7826.198
 11
7826.18
 20
-358.302
 21
-358.295
  0
LINE
  8
NESSUNA
 10
7826.18
 11
7826.163
 20
-358.295
 21
-358.288
  0
LINE
  8
NESSUNA
 10
7826.163
 11
7826.146
 20
-358.288
 21
-358.28
  0
LINE
  8
NESSUNA
 10
7826.146
 11
7826.129
 20
-358.28
 21
-358.273
  0
LINE
  8
NESSUNA
 10
7826.129
 11
7826.112
 20
-358.273
 21
-358.265
  0
LINE
  8
NESSUNA
 10
7826.112
 11
7826.094
 20
-358.265
 21
-358.258
  0
LINE
  8
NESSUNA
 10
7826.094
 11
7826.077
 20
-358.258
 21
-358.25
  0
LINE
  8
NESSUNA
 10
7826.077
 11
7826.06
 20
-358.25
 21
-358.242
  0
LINE
  8
NESSUNA
 10
7826.06
 11
7826.043
 20
-358.242
 21
-358.235
  0
LINE
  8
NESSUNA
 10
7826.043
 11
7826.026
 20
-358.235
 21
-358.227
  0
LINE
  8
NESSUNA
 10
7826.026
 11
7826.009
 20
-358.227
 21
-358.219
  0
LINE
  8
NESSUNA
 10
7826.009
 11
7825.992
 20
-358.219
 21
-358.211
  0
LINE
  8
NESSUNA
 10
7825.992
 11
7825.975
 20
-358.211
 21
-358.204
  0
LINE
  8
NESSUNA
 10
7825.975
 11
7825.958
 20
-358.204
 21
-358.196
  0
LINE
  8
NESSUNA
 10
7825.958
 11
7825.941
 20
-358.196
 21
-358.188
  0
LINE
  8
NESSUNA
 10
7825.941
 11
7825.924
 20
-358.188
 21
-358.18
  0
LINE
  8
NESSUNA
 10
7825.924
 11
7825.907
 20
-358.18
 21
-358.172
  0
LINE
  8
NESSUNA
 10
7825.907
 11
7825.89
 20
-358.172
 21
-358.164
  0
LINE
  8
NESSUNA
 10
7825.89
 11
7825.873
 20
-358.164
 21
-358.156
  0
LINE
  8
NESSUNA
 10
7825.873
 11
7825.856
 20
-358.156
 21
-358.147
  0
LINE
  8
NESSUNA
 10
7825.856
 11
7825.839
 20
-358.147
 21
-358.139
  0
LINE
  8
NESSUNA
 10
7825.839
 11
7825.822
 20
-358.139
 21
-358.131
  0
LINE
  8
NESSUNA
 10
7825.822
 11
7825.806
 20
-358.131
 21
-358.123
  0
LINE
  8
NESSUNA
 10
7825.806
 11
7825.789
 20
-358.123
 21
-358.114
  0
ARC
  8
NESSUNA
 10
7829.25
 20
-351.127
 40
7.798
 50
180.0
 51
243.645
  0
LINE
  8
NESSUNA
 10
7821.453
 11
7821.453
 20
-351.127
 21
-336.922
  0
ARC
  8
NESSUNA
 10
7809.655
 20
-336.922
 40
11.798
 50
0.0
 51
55.988
  0
ARC
  8
NESSUNA
 10
7809.655
 20
-317.363
 40
11.798
 50
304.012
 51
360.0
  0
LINE
  8
NESSUNA
 10
7821.453
 11
7821.453
 20
-317.363
 21
-303.157
  0
ARC
  8
NESSUNA
 10
7829.25
 20
-303.157
 40
7.798
 50
116.355
 51
180.0
  0
LINE
  8
NESSUNA
 10
7825.789
 11
7825.806
 20
-296.17
 21
-296.162
  0
LINE
  8
NESSUNA
 10
7825.806
 11
7825.822
 20
-296.162
 21
-296.153
  0
LINE
  8
NESSUNA
 10
7825.822
 11
7825.839
 20
-296.153
 21
-296.145
  0
LINE
  8
NESSUNA
 10
7825.839
 11
7825.856
 20
-296.145
 21
-296.137
  0
LINE
  8
NESSUNA
 10
7825.856
 11
7825.873
 20
-296.137
 21
-296.129
  0
LINE
  8
NESSUNA
 10
7825.873
 11
7825.89
 20
-296.129
 21
-296.121
  0
LINE
  8
NESSUNA
 10
7825.89
 11
7825.907
 20
-296.121
 21
-296.113
  0
LINE
  8
NESSUNA
 10
7825.907
 11
7825.924
 20
-296.113
 21
-296.105
  0
LINE
  8
NESSUNA
 10
7825.924
 11
7825.941
 20
-296.105
 21
-296.097
  0
LINE
  8
NESSUNA
 10
7825.941
 11
7825.958
 20
-296.097
 21
-296.089
  0
LINE
  8
NESSUNA
 10
7825.958
 11
7825.975
 20
-296.089
 21
-296.081
  0
LINE
  8
NESSUNA
 10
7825.975
 11
7825.992
 20
-296.081
 21
-296.073
  0
LINE
  8
NESSUNA
 10
7825.992
 11
7826.009
 20
-296.073
 21
-296.065
  0
LINE
  8
NESSUNA
 10
7826.009
 11
7826.026
 20
-296.065
 21
-296.057
  0
LINE
  8
NESSUNA
 10
7826.026
 11
7826.043
 20
-296.057
 21
-296.05
  0
LINE
  8
NESSUNA
 10
7826.043
 11
7826.06
 20
-296.05
 21
-296.042
  0
LINE
  8
NESSUNA
 10
7826.06
 11
7826.077
 20
-296.042
 21
-296.034
  0
LINE
  8
NESSUNA
 10
7826.077
 11
7826.094
 20
-296.034
 21
-296.027
  0
LINE
  8
NESSUNA
 10
7826.094
 11
7826.112
 20
-296.027
 21
-296.019
  0
LINE
  8
NESSUNA
 10
7826.112
 11
7826.129
 20
-296.019
 21
-296.011
  0
LINE
  8
NESSUNA
 10
7826.129
 11
7826.146
 20
-296.011
 21
-296.004
  0
LINE
  8
NESSUNA
 10
7826.146
 11
7826.163
 20
-296.004
 21
-295.997
  0
LINE
  8
NESSUNA
 10
7826.163
 11
7826.18
 20
-295.997
 21
-295.989
  0
LINE
  8
NESSUNA
 10
7826.18
 11
7826.198
 20
-295.989
 21
-295.982
  0
LINE
  8
NESSUNA
 10
7826.198
 11
7826.215
 20
-295.982
 21
-295.974
  0
LINE
  8
NESSUNA
 10
7826.215
 11
7826.232
 20
-295.974
 21
-295.967
  0
LINE
  8
NESSUNA
 10
7826.232
 11
7826.249
 20
-295.967
 21
-295.96
  0
LINE
  8
NESSUNA
 10
7826.249
 11
7826.267
 20
-295.96
 21
-295.953
  0
LINE
  8
NESSUNA
 10
7826.267
 11
7826.284
 20
-295.953
 21
-295.946
  0
LINE
  8
NESSUNA
 10
7826.284
 11
7826.301
 20
-295.946
 21
-295.938
  0
LINE
  8
NESSUNA
 10
7826.301
 11
7826.319
 20
-295.938
 21
-295.931
  0
LINE
  8
NESSUNA
 10
7826.319
 11
7826.336
 20
-295.931
 21
-295.924
  0
LINE
  8
NESSUNA
 10
7826.336
 11
7826.354
 20
-295.924
 21
-295.917
  0
LINE
  8
NESSUNA
 10
7826.354
 11
7826.371
 20
-295.917
 21
-295.91
  0
LINE
  8
NESSUNA
 10
7826.371
 11
7826.388
 20
-295.91
 21
-295.904
  0
LINE
  8
NESSUNA
 10
7826.388
 11
7826.406
 20
-295.904
 21
-295.897
  0
LINE
  8
NESSUNA
 10
7826.406
 11
7826.423
 20
-295.897
 21
-295.89
  0
LINE
  8
NESSUNA
 10
7826.423
 11
7826.441
 20
-295.89
 21
-295.883
  0
LINE
  8
NESSUNA
 10
7826.441
 11
7826.458
 20
-295.883
 21
-295.876
  0
LINE
  8
NESSUNA
 10
7826.458
 11
7826.476
 20
-295.876
 21
-295.87
  0
LINE
  8
NESSUNA
 10
7826.476
 11
7826.493
 20
-295.87
 21
-295.863
  0
LINE
  8
NESSUNA
 10
7826.493
 11
7826.511
 20
-295.863
 21
-295.856
  0
LINE
  8
NESSUNA
 10
7826.511
 11
7826.529
 20
-295.856
 21
-295.85
  0
LINE
  8
NESSUNA
 10
7826.529
 11
7826.546
 20
-295.85
 21
-295.843
  0
LINE
  8
NESSUNA
 10
7826.546
 11
7826.564
 20
-295.843
 21
-295.837
  0
LINE
  8
NESSUNA
 10
7826.564
 11
7826.581
 20
-295.837
 21
-295.83
  0
LINE
  8
NESSUNA
 10
7826.581
 11
7826.599
 20
-295.83
 21
-295.824
  0
LINE
  8
NESSUNA
 10
7826.599
 11
7826.617
 20
-295.824
 21
-295.818
  0
LINE
  8
NESSUNA
 10
7826.617
 11
7826.634
 20
-295.818
 21
-295.811
  0
LINE
  8
NESSUNA
 10
7826.634
 11
7826.652
 20
-295.811
 21
-295.805
  0
LINE
  8
NESSUNA
 10
7826.652
 11
7826.67
 20
-295.805
 21
-295.799
  0
LINE
  8
NESSUNA
 10
7826.67
 11
7826.687
 20
-295.799
 21
-295.793
  0
LINE
  8
NESSUNA
 10
7826.687
 11
7826.705
 20
-295.793
 21
-295.786
  0
LINE
  8
NESSUNA
 10
7826.705
 11
7826.723
 20
-295.786
 21
-295.78
  0
LINE
  8
NESSUNA
 10
7826.723
 11
7826.741
 20
-295.78
 21
-295.774
  0
LINE
  8
NESSUNA
 10
7826.741
 11
7826.758
 20
-295.774
 21
-295.768
  0
LINE
  8
NESSUNA
 10
7826.758
 11
7826.776
 20
-295.768
 21
-295.762
  0
LINE
  8
NESSUNA
 10
7826.776
 11
7826.794
 20
-295.762
 21
-295.756
  0
LINE
  8
NESSUNA
 10
7826.794
 11
7826.812
 20
-295.756
 21
-295.751
  0
LINE
  8
NESSUNA
 10
7826.812
 11
7826.829
 20
-295.751
 21
-295.745
  0
LINE
  8
NESSUNA
 10
7826.829
 11
7826.847
 20
-295.745
 21
-295.739
  0
LINE
  8
NESSUNA
 10
7826.847
 11
7826.865
 20
-295.739
 21
-295.733
  0
LINE
  8
NESSUNA
 10
7826.865
 11
7826.883
 20
-295.733
 21
-295.727
  0
LINE
  8
NESSUNA
 10
7826.883
 11
7826.901
 20
-295.727
 21
-295.722
  0
LINE
  8
NESSUNA
 10
7826.901
 11
7826.901
 20
-295.722
 21
-286.974
  0
LINE
  8
NESSUNA
 10
7826.901
 11
7830.745
 20
-286.974
 21
-286.974
  0
LINE
  8
NESSUNA
 10
7830.745
 11
7840.901
 20
-286.974
 21
-276.819
  0
LINE
  8
NESSUNA
 10
7840.901
 11
7851.057
 20
-276.819
 21
-286.974
  0
LINE
  8
NESSUNA
 10
7851.057
 11
7854.901
 20
-286.974
 21
-286.974
  0
LINE
  8
NESSUNA
 10
7854.901
 11
7854.901
 20
-286.974
 21
-295.722
  0
LINE
  8
NESSUNA
 10
7854.901
 11
7854.919
 20
-295.722
 21
-295.727
  0
LINE
  8
NESSUNA
 10
7854.919
 11
7854.937
 20
-295.727
 21
-295.733
  0
LINE
  8
NESSUNA
 10
7854.937
 11
7854.954
 20
-295.733
 21
-295.739
  0
LINE
  8
NESSUNA
 10
7854.954
 11
7854.972
 20
-295.739
 21
-295.745
  0
LINE
  8
NESSUNA
 10
7854.972
 11
7854.99
 20
-295.745
 21
-295.751
  0
LINE
  8
NESSUNA
 10
7854.99
 11
7855.008
 20
-295.751
 21
-295.756
  0
LINE
  8
NESSUNA
 10
7855.008
 11
7855.026
 20
-295.756
 21
-295.762
  0
LINE
  8
NESSUNA
 10
7855.026
 11
7855.044
 20
-295.762
 21
-295.768
  0
LINE
  8
NESSUNA
 10
7855.044
 11
7855.061
 20
-295.768
 21
-295.774
  0
LINE
  8
NESSUNA
 10
7855.061
 11
7855.079
 20
-295.774
 21
-295.78
  0
LINE
  8
NESSUNA
 10
7855.079
 11
7855.097
 20
-295.78
 21
-295.786
  0
LINE
  8
NESSUNA
 10
7855.097
 11
7855.114
 20
-295.786
 21
-295.793
  0
LINE
  8
NESSUNA
 10
7855.114
 11
7855.132
 20
-295.793
 21
-295.799
  0
LINE
  8
NESSUNA
 10
7855.132
 11
7855.15
 20
-295.799
 21
-295.805
  0
LINE
  8
NESSUNA
 10
7855.15
 11
7855.168
 20
-295.805
 21
-295.811
  0
LINE
  8
NESSUNA
 10
7855.168
 11
7855.185
 20
-295.811
 21
-295.818
  0
LINE
  8
NESSUNA
 10
7855.185
 11
7855.203
 20
-295.818
 21
-295.824
  0
LINE
  8
NESSUNA
 10
7855.203
 11
7855.22
 20
-295.824
 21
-295.83
  0
LINE
  8
NESSUNA
 10
7855.22
 11
7855.238
 20
-295.83
 21
-295.837
  0
LINE
  8
NESSUNA
 10
7855.238
 11
7855.256
 20
-295.837
 21
-295.843
  0
LINE
  8
NESSUNA
 10
7855.256
 11
7855.273
 20
-295.843
 21
-295.85
  0
LINE
  8
NESSUNA
 10
7855.273
 11
7855.291
 20
-295.85
 21
-295.856
  0
LINE
  8
NESSUNA
 10
7855.291
 11
7855.308
 20
-295.856
 21
-295.863
  0
LINE
  8
NESSUNA
 10
7855.308
 11
7855.326
 20
-295.863
 21
-295.87
  0
LINE
  8
NESSUNA
 10
7855.326
 11
7855.343
 20
-295.87
 21
-295.876
  0
LINE
  8
NESSUNA
 10
7855.343
 11
7855.361
 20
-295.876
 21
-295.883
  0
LINE
  8
NESSUNA
 10
7855.361
 11
7855.378
 20
-295.883
 21
-295.89
  0
LINE
  8
NESSUNA
 10
7855.378
 11
7855.396
 20
-295.89
 21
-295.897
  0
LINE
  8
NESSUNA
 10
7855.396
 11
7855.413
 20
-295.897
 21
-295.904
  0
LINE
  8
NESSUNA
 10
7855.413
 11
7855.431
 20
-295.904
 21
-295.91
  0
LINE
  8
NESSUNA
 10
7855.431
 11
7855.448
 20
-295.91
 21
-295.917
  0
LINE
  8
NESSUNA
 10
7855.448
 11
7855.466
 20
-295.917
 21
-295.924
  0
LINE
  8
NESSUNA
 10
7855.466
 11
7855.483
 20
-295.924
 21
-295.931
  0
LINE
  8
NESSUNA
 10
7855.483
 11
7855.5
 20
-295.931
 21
-295.938
  0
LINE
  8
NESSUNA
 10
7855.5
 11
7855.518
 20
-295.938
 21
-295.946
  0
LINE
  8
NESSUNA
 10
7855.518
 11
7855.535
 20
-295.946
 21
-295.953
  0
LINE
  8
NESSUNA
 10
7855.535
 11
7855.552
 20
-295.953
 21
-295.96
  0
LINE
  8
NESSUNA
 10
7855.552
 11
7855.57
 20
-295.96
 21
-295.967
  0
LINE
  8
NESSUNA
 10
7855.57
 11
7855.587
 20
-295.967
 21
-295.974
  0
LINE
  8
NESSUNA
 10
7855.587
 11
7855.604
 20
-295.974
 21
-295.982
  0
LINE
  8
NESSUNA
 10
7855.604
 11
7855.621
 20
-295.982
 21
-295.989
  0
LINE
  8
NESSUNA
 10
7855.621
 11
7855.639
 20
-295.989
 21
-295.997
  0
LINE
  8
NESSUNA
 10
7855.639
 11
7855.656
 20
-295.997
 21
-296.004
  0
LINE
  8
NESSUNA
 10
7855.656
 11
7855.673
 20
-296.004
 21
-296.011
  0
LINE
  8
NESSUNA
 10
7855.673
 11
7855.69
 20
-296.011
 21
-296.019
  0
LINE
  8
NESSUNA
 10
7855.69
 11
7855.707
 20
-296.019
 21
-296.027
  0
LINE
  8
NESSUNA
 10
7855.707
 11
7855.725
 20
-296.027
 21
-296.034
  0
LINE
  8
NESSUNA
 10
7855.725
 11
7855.742
 20
-296.034
 21
-296.042
  0
LINE
  8
NESSUNA
 10
7855.742
 11
7855.759
 20
-296.042
 21
-296.05
  0
LINE
  8
NESSUNA
 10
7855.759
 11
7855.776
 20
-296.05
 21
-296.057
  0
LINE
  8
NESSUNA
 10
7855.776
 11
7855.793
 20
-296.057
 21
-296.065
  0
LINE
  8
NESSUNA
 10
7855.793
 11
7855.81
 20
-296.065
 21
-296.073
  0
LINE
  8
NESSUNA
 10
7855.81
 11
7855.827
 20
-296.073
 21
-296.081
  0
LINE
  8
NESSUNA
 10
7855.827
 11
7855.844
 20
-296.081
 21
-296.089
  0
LINE
  8
NESSUNA
 10
7855.844
 11
7855.861
 20
-296.089
 21
-296.097
  0
LINE
  8
NESSUNA
 10
7855.861
 11
7855.878
 20
-296.097
 21
-296.105
  0
LINE
  8
NESSUNA
 10
7855.878
 11
7855.895
 20
-296.105
 21
-296.113
  0
LINE
  8
NESSUNA
 10
7855.895
 11
7855.912
 20
-296.113
 21
-296.121
  0
LINE
  8
NESSUNA
 10
7855.912
 11
7855.929
 20
-296.121
 21
-296.129
  0
LINE
  8
NESSUNA
 10
7855.929
 11
7855.946
 20
-296.129
 21
-296.137
  0
LINE
  8
NESSUNA
 10
7855.946
 11
7855.963
 20
-296.137
 21
-296.145
  0
LINE
  8
NESSUNA
 10
7855.963
 11
7855.979
 20
-296.145
 21
-296.153
  0
LINE
  8
NESSUNA
 10
7855.979
 11
7855.996
 20
-296.153
 21
-296.162
  0
LINE
  8
NESSUNA
 10
7855.996
 11
7856.013
 20
-296.162
 21
-296.17
  0
ARC
  8
NESSUNA
 10
7852.551
 20
-303.157
 40
7.798
 50
360.0
 51
63.645
  0
LINE
  8
NESSUNA
 10
7860.349
 11
7860.349
 20
-303.157
 21
-317.363
  0
LINE
  8
NESSUNA
 10
7843.729
 11
7841.901
 20
-258.884
 21
-257.056
  0
LINE
  8
NESSUNA
 10
7841.901
 11
7841.901
 20
-257.056
 21
-245.607
  0
LINE
  8
NESSUNA
 10
7841.901
 11
7851.885
 20
-245.607
 21
-235.623
  0
LINE
  8
NESSUNA
 10
7851.885
 11
7856.901
 20
-235.623
 21
-235.623
  0
LINE
  8
NESSUNA
 10
7856.901
 11
7856.901
 20
-235.623
 21
-228.574
  0
ARC
  8
NESSUNA
 10
7853.501
 20
-219.623
 40
9.575
 50
290.8
 51
0.0
  0
ARC
  8
NESSUNA
 10
7853.501
 20
-219.623
 40
9.575
 50
360.0
 51
69.2
  0
LINE
  8
NESSUNA
 10
7856.901
 11
7856.901
 20
-210.673
 21
-203.623
  0
LINE
  8
NESSUNA
 10
7856.901
 11
7854.04
 20
-203.623
 21
-203.623
  0
LINE
  8
NESSUNA
 10
7854.04
 11
7841.901
 20
-203.623
 21
-191.484
  0
LINE
  8
NESSUNA
 10
7841.901
 11
7841.901
 20
-191.484
 21
-185.618
  0
LINE
  8
NESSUNA
 10
7841.901
 11
7839.901
 20
-185.618
 21
-185.618
  0
LINE
  8
NESSUNA
 10
7839.901
 11
7839.901
 20
-185.618
 21
-191.484
  0
LINE
  8
NESSUNA
 10
7839.901
 11
7827.762
 20
-191.484
 21
-203.623
  0
LINE
  8
NESSUNA
 10
7827.762
 11
7824.901
 20
-203.623
 21
-203.623
  0
LINE
  8
NESSUNA
 10
7824.901
 11
7824.901
 20
-203.623
 21
-210.673
  0
ARC
  8
NESSUNA
 10
7828.301
 20
-219.623
 40
9.575
 50
110.8
 51
180.0
  0
ARC
  8
NESSUNA
 10
7828.301
 20
-219.623
 40
9.575
 50
180.0
 51
249.2
  0
LINE
  8
NESSUNA
 10
7824.901
 11
7824.901
 20
-228.574
 21
-235.623
  0
LINE
  8
NESSUNA
 10
7824.901
 11
7829.917
 20
-235.623
 21
-235.623
  0
LINE
  8
NESSUNA
 10
7829.917
 11
7839.901
 20
-235.623
 21
-245.607
  0
LINE
  8
NESSUNA
 10
7839.901
 11
7839.901
 20
-245.607
 21
-257.056
  0
LINE
  8
NESSUNA
 10
7839.901
 11
7838.072
 20
-257.056
 21
-258.884
  0
LINE
  8
NESSUNA
 10
7838.072
 11
7832.416
 20
-258.884
 21
-253.228
  0
LINE
  8
NESSUNA
 10
7832.416
 11
7825.345
 20
-253.228
 21
-260.299
  0
LINE
  8
NESSUNA
 10
7825.345
 11
7832.416
 20
-260.299
 21
-267.37
  0
LINE
  8
NESSUNA
 10
7832.416
 11
7838.072
 20
-267.37
 21
-261.713
  0
LINE
  8
NESSUNA
 10
7838.072
 11
7839.901
 20
-261.713
 21
-263.541
  0
LINE
  8
NESSUNA
 10
7839.901
 11
7839.901
 20
-263.541
 21
-274.99
  0
LINE
  8
NESSUNA
 10
7839.901
 11
7840.901
 20
-274.99
 21
-273.99
  0
LINE
  8
NESSUNA
 10
7840.901
 11
7841.901
 20
-273.99
 21
-274.99
  0
LINE
  8
NESSUNA
 10
7841.901
 11
7841.901
 20
-274.99
 21
-263.541
  0
LINE
  8
NESSUNA
 10
7841.901
 11
7843.729
 20
-263.541
 21
-261.713
  0
LINE
  8
NESSUNA
 10
7843.729
 11
7849.386
 20
-261.713
 21
-267.37
  0
LINE
  8
NESSUNA
 10
7849.386
 11
7856.457
 20
-267.37
 21
-260.299
  0
LINE
  8
NESSUNA
 10
7856.457
 11
7849.386
 20
-260.299
 21
-253.228
  0
LINE
  8
NESSUNA
 10
7849.386
 11
7843.729
 20
-253.228
 21
-258.884
  0
ARC
  8
NESSUNA
 10
7853.501
 20
-219.623
 40
7.575
 50
360.0
 51
69.2
  0
ARC
  8
NESSUNA
 10
7853.501
 20
-219.623
 40
7.575
 50
290.8
 51
0.0
  0
LINE
  8
NESSUNA
 10
7856.191
 11
7854.901
 20
-226.704
 21
-227.194
  0
LINE
  8
NESSUNA
 10
7854.901
 11
7854.901
 20
-227.194
 21
-233.623
  0
LINE
  8
NESSUNA
 10
7854.901
 11
7851.057
 20
-233.623
 21
-233.623
  0
LINE
  8
NESSUNA
 10
7851.057
 11
7840.901
 20
-233.623
 21
-243.779
  0
LINE
  8
NESSUNA
 10
7840.901
 11
7830.745
 20
-243.779
 21
-233.623
  0
LINE
  8
NESSUNA
 10
7830.745
 11
7826.901
 20
-233.623
 21
-233.623
  0
LINE
  8
NESSUNA
 10
7826.901
 11
7826.901
 20
-233.623
 21
-227.194
  0
LINE
  8
NESSUNA
 10
7826.901
 11
7825.611
 20
-227.194
 21
-226.704
  0
ARC
  8
NESSUNA
 10
7828.301
 20
-219.623
 40
7.575
 50
180.0
 51
249.2
  0
ARC
  8
NESSUNA
 10
7828.301
 20
-219.623
 40
7.575
 50
110.8
 51
180.0
  0
LINE
  8
NESSUNA
 10
7825.611
 11
7826.901
 20
-212.542
 21
-212.052
  0
LINE
  8
NESSUNA
 10
7826.901
 11
7826.901
 20
-212.052
 21
-205.623
  0
LINE
  8
NESSUNA
 10
7826.901
 11
7828.59
 20
-205.623
 21
-205.623
  0
LINE
  8
NESSUNA
 10
7828.59
 11
7840.901
 20
-205.623
 21
-193.313
  0
LINE
  8
NESSUNA
 10
7840.901
 11
7853.211
 20
-193.313
 21
-205.623
  0
LINE
  8
NESSUNA
 10
7853.211
 11
7854.901
 20
-205.623
 21
-205.623
  0
LINE
  8
NESSUNA
 10
7854.901
 11
7854.901
 20
-205.623
 21
-212.052
  0
LINE
  8
NESSUNA
 10
7854.901
 11
7856.191
 20
-212.052
 21
-212.542
  0
LINE
  8
NESSUNA
 10
7849.386
 11
7845.144
 20
-264.541
 21
-260.299
  0
LINE
  8
NESSUNA
 10
7845.144
 11
7849.386
 20
-260.299
 21
-256.056
  0
LINE
  8
NESSUNA
 10
7849.386
 11
7853.629
 20
-256.056
 21
-260.299
  0
LINE
  8
NESSUNA
 10
7853.629
 11
7849.386
 20
-260.299
 21
-264.541
  0
LINE
  8
NESSUNA
 10
7832.416
 11
7836.658
 20
-256.056
 21
-260.299
  0
LINE
  8
NESSUNA
 10
7836.658
 11
7832.416
 20
-260.299
 21
-264.541
  0
LINE
  8
NESSUNA
 10
7832.416
 11
7828.173
 20
-264.541
 21
-260.299
  0
LINE
  8
NESSUNA
 10
7828.173
 11
7832.416
 20
-260.299
 21
-256.056
  0
LINE
  8
NESSUNA
 10
7840.901
 11
7842.315
 20
-258.884
 21
-260.299
  0
LINE
  8
NESSUNA
 10
7842.315
 11
7840.901
 20
-260.299
 21
-261.713
  0
LINE
  8
NESSUNA
 10
7840.901
 11
7839.487
 20
-261.713
 21
-260.299
  0
LINE
  8
NESSUNA
 10
7839.487
 11
7840.901
 20
-260.299
 21
-258.884
  0
LINE
  8
NESSUNA
 10
7808.288
 11
7805.46
 20
-327.142
 21
-324.314
  0
LINE
  8
NESSUNA
 10
7805.46
 11
7811.116
 20
-324.314
 21
-318.657
  0
LINE
  8
NESSUNA
 10
7811.116
 11
7804.045
 20
-318.657
 21
-311.586
  0
LINE
  8
NESSUNA
 10
7804.045
 11
7796.974
 20
-311.586
 21
-318.657
  0
LINE
  8
NESSUNA
 10
7796.974
 11
7802.631
 20
-318.657
 21
-324.314
  0
LINE
  8
NESSUNA
 10
7802.631
 11
7799.803
 20
-324.314
 21
-327.142
  0
LINE
  8
NESSUNA
 10
7799.803
 11
7802.631
 20
-327.142
 21
-329.971
  0
LINE
  8
NESSUNA
 10
7802.631
 11
7796.974
 20
-329.971
 21
-335.627
  0
LINE
  8
NESSUNA
 10
7796.974
 11
7804.045
 20
-335.627
 21
-342.698
  0
LINE
  8
NESSUNA
 10
7804.045
 11
7811.116
 20
-342.698
 21
-335.627
  0
LINE
  8
NESSUNA
 10
7811.116
 11
7805.46
 20
-335.627
 21
-329.971
  0
LINE
  8
NESSUNA
 10
7805.46
 11
7808.288
 20
-329.971
 21
-327.142
  0
LINE
  8
NESSUNA
 10
7808.288
 11
7804.045
 20
-318.657
 21
-322.899
  0
LINE
  8
NESSUNA
 10
7804.045
 11
7799.803
 20
-322.899
 21
-318.657
  0
LINE
  8
NESSUNA
 10
7799.803
 11
7804.045
 20
-318.657
 21
-314.414
  0
LINE
  8
NESSUNA
 10
7804.045
 11
7808.288
 20
-314.414
 21
-318.657
  0
LINE
  8
NESSUNA
 10
7799.803
 11
7804.045
 20
-335.627
 21
-331.385
  0
LINE
  8
NESSUNA
 10
7804.045
 11
7808.288
 20
-331.385
 21
-335.627
  0
LINE
  8
NESSUNA
 10
7808.288
 11
7804.045
 20
-335.627
 21
-339.87
  0
LINE
  8
NESSUNA
 10
7804.045
 11
7799.803
 20
-339.87
 21
-335.627
  0
LINE
  8
NESSUNA
 10
7802.631
 11
7804.045
 20
-327.142
 21
-325.728
  0
LINE
  8
NESSUNA
 10
7804.045
 11
7805.46
 20
-325.728
 21
-327.142
  0
LINE
  8
NESSUNA
 10
7805.46
 11
7804.045
 20
-327.142
 21
-328.556
  0
LINE
  8
NESSUNA
 10
7804.045
 11
7802.631
 20
-328.556
 21
-327.142
  0
LINE
  8
NESSUNA
 10
7873.514
 11
7876.342
 20
-327.142
 21
-324.314
  0
LINE
  8
NESSUNA
 10
7876.342
 11
7870.685
 20
-324.314
 21
-318.657
  0
LINE
  8
NESSUNA
 10
7870.685
 11
7877.756
 20
-318.657
 21
-311.586
  0
LINE
  8
NESSUNA
 10
7877.756
 11
7884.828
 20
-311.586
 21
-318.657
  0
LINE
  8
NESSUNA
 10
7884.828
 11
7879.171
 20
-318.657
 21
-324.314
  0
LINE
  8
NESSUNA
 10
7879.171
 11
7881.999
 20
-324.314
 21
-327.142
  0
LINE
  8
NESSUNA
 10
7881.999
 11
7879.171
 20
-327.142
 21
-329.971
  0
LINE
  8
NESSUNA
 10
7879.171
 11
7884.828
 20
-329.971
 21
-335.627
  0
LINE
  8
NESSUNA
 10
7884.828
 11
7877.756
 20
-335.627
 21
-342.698
  0
LINE
  8
NESSUNA
 10
7877.756
 11
7870.685
 20
-342.698
 21
-335.627
  0
LINE
  8
NESSUNA
 10
7870.685
 11
7876.342
 20
-335.627
 21
-329.971
  0
LINE
  8
NESSUNA
 10
7876.342
 11
7873.514
 20
-329.971
 21
-327.142
  0
LINE
  8
NESSUNA
 10
7873.514
 11
7877.756
 20
-318.657
 21
-322.899
  0
LINE
  8
NESSUNA
 10
7877.756
 11
7881.999
 20
-322.899
 21
-318.657
  0
LINE
  8
NESSUNA
 10
7881.999
 11
7877.756
 20
-318.657
 21
-314.414
  0
LINE
  8
NESSUNA
 10
7877.756
 11
7873.514
 20
-314.414
 21
-318.657
  0
LINE
  8
NESSUNA
 10
7881.999
 11
7877.756
 20
-335.627
 21
-331.385
  0
LINE
  8
NESSUNA
 10
7877.756
 11
7873.514
 20
-331.385
 21
-335.627
  0
LINE
  8
NESSUNA
 10
7873.514
 11
7877.756
 20
-335.627
 21
-339.87
  0
LINE
  8
NESSUNA
 10
7877.756
 11
7881.999
 20
-339.87
 21
-335.627
  0
LINE
  8
NESSUNA
 10
7879.171
 11
7877.756
 20
-327.142
 21
-325.728
  0
LINE
  8
NESSUNA
 10
7877.756
 11
7876.342
 20
-325.728
 21
-327.142
  0
LINE
  8
NESSUNA
 10
7876.342
 11
7877.756
 20
-327.142
 21
-328.556
  0
LINE
  8
NESSUNA
 10
7877.756
 11
7879.171
 20
-328.556
 21
-327.142
  0
LINE
  8
NESSUNA
 10
7843.729
 11
7841.901
 20
-395.4
 21
-397.228
  0
LINE
  8
NESSUNA
 10
7841.901
 11
7841.901
 20
-397.228
 21
-408.677
  0
LINE
  8
NESSUNA
 10
7841.901
 11
7851.885
 20
-408.677
 21
-418.661
  0
LINE
  8
NESSUNA
 10
7851.885
 11
7856.901
 20
-418.661
 21
-418.661
  0
LINE
  8
NESSUNA
 10
7856.901
 11
7856.901
 20
-418.661
 21
-425.71
  0
ARC
  8
NESSUNA
 10
7853.501
 20
-434.661
 40
9.575
 50
360.0
 51
69.2
  0
ARC
  8
NESSUNA
 10
7853.501
 20
-434.661
 40
9.575
 50
290.8
 51
0.0
  0
LINE
  8
NESSUNA
 10
7856.901
 11
7856.901
 20
-443.612
 21
-450.661
  0
LINE
  8
NESSUNA
 10
7856.901
 11
7854.04
 20
-450.661
 21
-450.661
  0
LINE
  8
NESSUNA
 10
7854.04
 11
7841.901
 20
-450.661
 21
-462.8
  0
LINE
  8
NESSUNA
 10
7841.901
 11
7841.901
 20
-462.8
 21
-468.666
  0
LINE
  8
NESSUNA
 10
7841.901
 11
7839.901
 20
-468.666
 21
-468.666
  0
LINE
  8
NESSUNA
 10
7839.901
 11
7839.901
 20
-468.666
 21
-462.8
  0
LINE
  8
NESSUNA
 10
7839.901
 11
7827.762
 20
-462.8
 21
-450.661
  0
LINE
  8
NESSUNA
 10
7827.762
 11
7824.901
 20
-450.661
 21
-450.661
  0
LINE
  8
NESSUNA
 10
7824.901
 11
7824.901
 20
-450.661
 21
-443.612
  0
ARC
  8
NESSUNA
 10
7828.301
 20
-434.661
 40
9.575
 50
180.0
 51
249.2
  0
ARC
  8
NESSUNA
 10
7828.301
 20
-434.661
 40
9.575
 50
110.8
 51
180.0
  0
LINE
  8
NESSUNA
 10
7824.901
 11
7824.901
 20
-425.71
 21
-418.661
  0
LINE
  8
NESSUNA
 10
7824.901
 11
7829.917
 20
-418.661
 21
-418.661
  0
LINE
  8
NESSUNA
 10
7829.917
 11
7839.901
 20
-418.661
 21
-408.677
  0
LINE
  8
NESSUNA
 10
7839.901
 11
7839.901
 20
-408.677
 21
-397.228
  0
LINE
  8
NESSUNA
 10
7839.901
 11
7838.072
 20
-397.228
 21
-395.4
  0
LINE
  8
NESSUNA
 10
7838.072
 11
7832.416
 20
-395.4
 21
-401.057
  0
LINE
  8
NESSUNA
 10
7832.416
 11
7825.345
 20
-401.057
 21
-393.986
  0
LINE
  8
NESSUNA
 10
7825.345
 11
7832.416
 20
-393.986
 21
-386.914
  0
LINE
  8
NESSUNA
 10
7832.416
 11
7838.072
 20
-386.914
 21
-392.571
  0
LINE
  8
NESSUNA
 10
7838.072
 11
7839.901
 20
-392.571
 21
-390.743
  0
LINE
  8
NESSUNA
 10
7839.901
 11
7839.901
 20
-390.743
 21
-379.294
  0
LINE
  8
NESSUNA
 10
7839.901
 11
7840.901
 20
-379.294
 21
-380.294
  0
LINE
  8
NESSUNA
 10
7840.901
 11
7841.901
 20
-380.294
 21
-379.294
  0
LINE
  8
NESSUNA
 10
7841.901
 11
7841.901
 20
-379.294
 21
-390.743
  0
LINE
  8
NESSUNA
 10
7841.901
 11
7843.729
 20
-390.743
 21
-392.571
  0
LINE
  8
NESSUNA
 10
7843.729
 11
7849.386
 20
-392.571
 21
-386.914
  0
LINE
  8
NESSUNA
 10
7849.386
 11
7856.457
 20
-386.914
 21
-393.986
  0
LINE
  8
NESSUNA
 10
7856.457
 11
7849.386
 20
-393.986
 21
-401.057
  0
LINE
  8
NESSUNA
 10
7849.386
 11
7843.729
 20
-401.057
 21
-395.4
  0
ARC
  8
NESSUNA
 10
7853.501
 20
-434.661
 40
7.575
 50
290.8
 51
0.0
  0
ARC
  8
NESSUNA
 10
7853.501
 20
-434.661
 40
7.575
 50
360.0
 51
69.2
  0
LINE
  8
NESSUNA
 10
7856.191
 11
7854.901
 20
-427.58
 21
-427.09
  0
LINE
  8
NESSUNA
 10
7854.901
 11
7854.901
 20
-427.09
 21
-420.661
  0
LINE
  8
NESSUNA
 10
7854.901
 11
7851.057
 20
-420.661
 21
-420.661
  0
LINE
  8
NESSUNA
 10
7851.057
 11
7840.901
 20
-420.661
 21
-410.505
  0
LINE
  8
NESSUNA
 10
7840.901
 11
7830.745
 20
-410.505
 21
-420.661
  0
LINE
  8
NESSUNA
 10
7830.745
 11
7826.901
 20
-420.661
 21
-420.661
  0
LINE
  8
NESSUNA
 10
7826.901
 11
7826.901
 20
-420.661
 21
-427.09
  0
LINE
  8
NESSUNA
 10
7826.901
 11
7825.611
 20
-427.09
 21
-427.58
  0
ARC
  8
NESSUNA
 10
7828.301
 20
-434.661
 40
7.575
 50
110.8
 51
180.0
  0
ARC
  8
NESSUNA
 10
7828.301
 20
-434.661
 40
7.575
 50
180.0
 51
249.2
  0
LINE
  8
NESSUNA
 10
7825.611
 11
7826.901
 20
-441.742
 21
-442.232
  0
LINE
  8
NESSUNA
 10
7826.901
 11
7826.901
 20
-442.232
 21
-448.661
  0
LINE
  8
NESSUNA
 10
7826.901
 11
7828.59
 20
-448.661
 21
-448.661
  0
LINE
  8
NESSUNA
 10
7828.59
 11
7840.901
 20
-448.661
 21
-460.972
  0
LINE
  8
NESSUNA
 10
7840.901
 11
7853.211
 20
-460.972
 21
-448.661
  0
LINE
  8
NESSUNA
 10
7853.211
 11
7854.901
 20
-448.661
 21
-448.661
  0
LINE
  8
NESSUNA
 10
7854.901
 11
7854.901
 20
-448.661
 21
-442.232
  0
LINE
  8
NESSUNA
 10
7854.901
 11
7856.191
 20
-442.232
 21
-441.742
  0
LINE
  8
NESSUNA
 10
7849.386
 11
7845.144
 20
-389.743
 21
-393.986
  0
LINE
  8
NESSUNA
 10
7845.144
 11
7849.386
 20
-393.986
 21
-398.228
  0
LINE
  8
NESSUNA
 10
7849.386
 11
7853.629
 20
-398.228
 21
-393.986
  0
LINE
  8
NESSUNA
 10
7853.629
 11
7849.386
 20
-393.986
 21
-389.743
  0
LINE
  8
NESSUNA
 10
7832.416
 11
7836.658
 20
-398.228
 21
-393.986
  0
LINE
  8
NESSUNA
 10
7836.658
 11
7832.416
 20
-393.986
 21
-389.743
  0
LINE
  8
NESSUNA
 10
7832.416
 11
7828.173
 20
-389.743
 21
-393.986
  0
LINE
  8
NESSUNA
 10
7828.173
 11
7832.416
 20
-393.986
 21
-398.228
  0
LINE
  8
NESSUNA
 10
7840.901
 11
7842.315
 20
-395.4
 21
-393.986
  0
LINE
  8
NESSUNA
 10
7842.315
 11
7840.901
 20
-393.986
 21
-392.571
  0
LINE
  8
NESSUNA
 10
7840.901
 11
7839.487
 20
-392.571
 21
-393.986
  0
LINE
  8
NESSUNA
 10
7839.487
 11
7840.901
 20
-393.986
 21
-395.4
  0
LINE
  8
ELEVATIONS
 10
7795.168
 11
7795.157
 20
-315.058
 21
-468.666
  0
LINE
  8
ELEVATIONS
 10
7795.157
 11
7886.821
 20
-468.666
 21
-468.666
  0
LINE
  8
ELEVATIONS
 10
7886.821
 11
7886.821
 20
-468.666
 21
-315.058
  0
LINE
  8
ELEVATIONS
 10
7886.821
 11
7886.821
 20
-360.827
 21
-292.273
  0
LINE
  8
ELEVATIONS
 10
7886.821
 11
7881.765
 20
-292.273
 21
-292.273
  0
LINE
  8
ELEVATIONS
 10
7881.765
 11
7881.765
 20
-292.273
 21
-283.113
  0
LINE
  8
ELEVATIONS
 10
7881.765
 11
7877.841
 20
-283.113
 21
-283.113
  0
LINE
  8
ELEVATIONS
 10
7877.841
 11
7877.841
 20
-283.113
 21
-269.798
  0
LINE
  8
ELEVATIONS
 10
7877.841
 11
7879.511
 20
-269.798
 21
-266.726
  0
ARC
  8
ELEVATIONS
 10
7828.561
 20
-239.021
 40
57.996
 50
331.464
 51
43.105
  0
ARC
  8
ELEVATIONS
 10
7840.604
 20
-225.303
 40
39.869
 50
40.538
 51
153.692
  0
LINE
  8
ELEVATIONS
 10
7804.865
 11
7802.695
 20
-207.633
 21
-212.021
  0
LINE
  8
ELEVATIONS
 10
7802.695
 11
7802.45
 20
-212.021
 21
-212.543
  0
ARC
  8
ELEVATIONS
 10
7859.731
 20
-239.492
 40
63.304
 50
154.805
 51
208.603
  0
LINE
  8
ELEVATIONS
 10
7804.153
 11
7804.153
 20
-269.798
 21
-283.113
  0
LINE
  8
ELEVATIONS
 10
7804.153
 11
7800.229
 20
-283.113
 21
-283.113
  0
LINE
  8
ELEVATIONS
 10
7800.229
 11
7800.229
 20
-283.113
 21
-292.273
  0
LINE
  8
ELEVATIONS
 10
7800.229
 11
7795.173
 20
-292.273
 21
-292.272
  0
LINE
  8
ELEVATIONS
 10
7795.173
 11
7795.168
 20
-292.272
 21
-360.827
  0
LINE
  8
NESSUNA
 10
7840.901
 11
7840.901
 20
-258.884
 21
-261.713
  0
LINE
  8
NESSUNA
 10
7840.901
 11
7840.901
 20
-168.553
 21
-485.731
  0
LINE
  8
NESSUNA
 10
7900.996
 11
7780.996
 20
-327.142
 21
-327.142
  0
LINE
  8
COSTRUZIONI
 10
6894.621
 11
6894.621
 20
1416.532
 21
1316.532
  0
LINE
  8
COSTRUZIONI
 10
6844.621
 11
6944.621
 20
1366.532
 21
1366.532
  0
CIRCLE
  8
COSTRUZIONI
 10
6894.621
 20
1366.532
 40
50.0
  0
ARC
  8
APS_GEOMETRY
 10
7050.851
 20
1415.429
 40
58.989
 50
180.0
 51
235.988
  0
ARC
  8
APS_GEOMETRY
 10
7050.851
 20
1317.635
 40
58.989
 50
124.012
 51
180.0
  0
LINE
  8
APS_GEOMETRY
 10
6991.862
 11
6991.862
 20
1317.635
 21
1246.607
  0
ARC
  8
APS_GEOMETRY
 10
6952.873
 20
1246.607
 40
38.989
 50
296.355
 51
0.0
  0
LINE
  8
APS_GEOMETRY
 10
6970.181
 11
6970.097
 20
1211.67
 21
1211.629
  0
LINE
  8
APS_GEOMETRY
 10
6970.097
 11
6970.013
 20
1211.629
 21
1211.587
  0
LINE
  8
APS_GEOMETRY
 10
6970.013
 11
6969.929
 20
1211.587
 21
1211.546
  0
LINE
  8
APS_GEOMETRY
 10
6969.929
 11
6969.844
 20
1211.546
 21
1211.505
  0
LINE
  8
APS_GEOMETRY
 10
6969.844
 11
6969.76
 20
1211.505
 21
1211.465
  0
LINE
  8
APS_GEOMETRY
 10
6969.76
 11
6969.675
 20
1211.465
 21
1211.424
  0
LINE
  8
APS_GEOMETRY
 10
6969.675
 11
6969.591
 20
1211.424
 21
1211.384
  0
LINE
  8
APS_GEOMETRY
 10
6969.591
 11
6969.506
 20
1211.384
 21
1211.344
  0
LINE
  8
APS_GEOMETRY
 10
6969.506
 11
6969.421
 20
1211.344
 21
1211.304
  0
LINE
  8
APS_GEOMETRY
 10
6969.421
 11
6969.336
 20
1211.304
 21
1211.264
  0
LINE
  8
APS_GEOMETRY
 10
6969.336
 11
6969.251
 20
1211.264
 21
1211.225
  0
LINE
  8
APS_GEOMETRY
 10
6969.251
 11
6969.166
 20
1211.225
 21
1211.185
  0
LINE
  8
APS_GEOMETRY
 10
6969.166
 11
6969.081
 20
1211.185
 21
1211.146
  0
LINE
  8
APS_GEOMETRY
 10
6969.081
 11
6968.995
 20
1211.146
 21
1211.107
  0
LINE
  8
APS_GEOMETRY
 10
6968.995
 11
6968.91
 20
1211.107
 21
1211.069
  0
LINE
  8
APS_GEOMETRY
 10
6968.91
 11
6968.825
 20
1211.069
 21
1211.03
  0
LINE
  8
APS_GEOMETRY
 10
6968.825
 11
6968.739
 20
1211.03
 21
1210.992
  0
LINE
  8
APS_GEOMETRY
 10
6968.739
 11
6968.653
 20
1210.992
 21
1210.954
  0
LINE
  8
APS_GEOMETRY
 10
6968.653
 11
6968.567
 20
1210.954
 21
1210.916
  0
LINE
  8
APS_GEOMETRY
 10
6968.567
 11
6968.482
 20
1210.916
 21
1210.879
  0
LINE
  8
APS_GEOMETRY
 10
6968.482
 11
6968.396
 20
1210.879
 21
1210.841
  0
LINE
  8
APS_GEOMETRY
 10
6968.396
 11
6968.31
 20
1210.841
 21
1210.804
  0
LINE
  8
APS_GEOMETRY
 10
6968.31
 11
6968.223
 20
1210.804
 21
1210.767
  0
LINE
  8
APS_GEOMETRY
 10
6968.223
 11
6968.137
 20
1210.767
 21
1210.73
  0
LINE
  8
APS_GEOMETRY
 10
6968.137
 11
6968.051
 20
1210.73
 21
1210.693
  0
LINE
  8
APS_GEOMETRY
 10
6968.051
 11
6967.964
 20
1210.693
 21
1210.657
  0
LINE
  8
APS_GEOMETRY
 10
6967.964
 11
6967.878
 20
1210.657
 21
1210.621
  0
LINE
  8
APS_GEOMETRY
 10
6967.878
 11
6967.791
 20
1210.621
 21
1210.585
  0
LINE
  8
APS_GEOMETRY
 10
6967.791
 11
6967.705
 20
1210.585
 21
1210.549
  0
LINE
  8
APS_GEOMETRY
 10
6967.705
 11
6967.618
 20
1210.549
 21
1210.514
  0
LINE
  8
APS_GEOMETRY
 10
6967.618
 11
6967.531
 20
1210.514
 21
1210.478
  0
LINE
  8
APS_GEOMETRY
 10
6967.531
 11
6967.444
 20
1210.478
 21
1210.443
  0
LINE
  8
APS_GEOMETRY
 10
6967.444
 11
6967.357
 20
1210.443
 21
1210.408
  0
LINE
  8
APS_GEOMETRY
 10
6967.357
 11
6967.27
 20
1210.408
 21
1210.373
  0
LINE
  8
APS_GEOMETRY
 10
6967.27
 11
6967.183
 20
1210.373
 21
1210.339
  0
LINE
  8
APS_GEOMETRY
 10
6967.183
 11
6967.096
 20
1210.339
 21
1210.305
  0
LINE
  8
APS_GEOMETRY
 10
6967.096
 11
6967.008
 20
1210.305
 21
1210.27
  0
LINE
  8
APS_GEOMETRY
 10
6967.008
 11
6966.921
 20
1210.27
 21
1210.237
  0
LINE
  8
APS_GEOMETRY
 10
6966.921
 11
6966.833
 20
1210.237
 21
1210.203
  0
LINE
  8
APS_GEOMETRY
 10
6966.833
 11
6966.746
 20
1210.203
 21
1210.169
  0
LINE
  8
APS_GEOMETRY
 10
6966.746
 11
6966.658
 20
1210.169
 21
1210.136
  0
LINE
  8
APS_GEOMETRY
 10
6966.658
 11
6966.57
 20
1210.136
 21
1210.103
  0
LINE
  8
APS_GEOMETRY
 10
6966.57
 11
6966.482
 20
1210.103
 21
1210.07
  0
LINE
  8
APS_GEOMETRY
 10
6966.482
 11
6966.395
 20
1210.07
 21
1210.038
  0
LINE
  8
APS_GEOMETRY
 10
6966.395
 11
6966.307
 20
1210.038
 21
1210.005
  0
LINE
  8
APS_GEOMETRY
 10
6966.307
 11
6966.218
 20
1210.005
 21
1209.973
  0
LINE
  8
APS_GEOMETRY
 10
6966.218
 11
6966.13
 20
1209.973
 21
1209.941
  0
LINE
  8
APS_GEOMETRY
 10
6966.13
 11
6966.042
 20
1209.941
 21
1209.909
  0
LINE
  8
APS_GEOMETRY
 10
6966.042
 11
6965.954
 20
1209.909
 21
1209.878
  0
LINE
  8
APS_GEOMETRY
 10
6965.954
 11
6965.865
 20
1209.878
 21
1209.846
  0
LINE
  8
APS_GEOMETRY
 10
6965.865
 11
6965.777
 20
1209.846
 21
1209.815
  0
LINE
  8
APS_GEOMETRY
 10
6965.777
 11
6965.689
 20
1209.815
 21
1209.784
  0
LINE
  8
APS_GEOMETRY
 10
6965.689
 11
6965.6
 20
1209.784
 21
1209.754
  0
LINE
  8
APS_GEOMETRY
 10
6965.6
 11
6965.511
 20
1209.754
 21
1209.723
  0
LINE
  8
APS_GEOMETRY
 10
6965.511
 11
6965.423
 20
1209.723
 21
1209.693
  0
LINE
  8
APS_GEOMETRY
 10
6965.423
 11
6965.334
 20
1209.693
 21
1209.663
  0
LINE
  8
APS_GEOMETRY
 10
6965.334
 11
6965.245
 20
1209.663
 21
1209.633
  0
LINE
  8
APS_GEOMETRY
 10
6965.245
 11
6965.156
 20
1209.633
 21
1209.603
  0
LINE
  8
APS_GEOMETRY
 10
6965.156
 11
6965.067
 20
1209.603
 21
1209.574
  0
LINE
  8
APS_GEOMETRY
 10
6965.067
 11
6964.978
 20
1209.574
 21
1209.545
  0
LINE
  8
APS_GEOMETRY
 10
6964.978
 11
6964.889
 20
1209.545
 21
1209.516
  0
LINE
  8
APS_GEOMETRY
 10
6964.889
 11
6964.799
 20
1209.516
 21
1209.487
  0
LINE
  8
APS_GEOMETRY
 10
6964.799
 11
6964.71
 20
1209.487
 21
1209.458
  0
LINE
  8
APS_GEOMETRY
 10
6964.71
 11
6964.621
 20
1209.458
 21
1209.43
  0
LINE
  8
APS_GEOMETRY
 10
6964.621
 11
6964.621
 20
1209.43
 21
1165.692
  0
LINE
  8
APS_GEOMETRY
 10
6964.621
 11
6945.399
 20
1165.692
 21
1165.692
  0
LINE
  8
APS_GEOMETRY
 10
6945.399
 11
6894.621
 20
1165.692
 21
1114.914
  0
LINE
  8
APS_GEOMETRY
 10
6894.621
 11
6843.842
 20
1114.914
 21
1165.692
  0
LINE
  8
APS_GEOMETRY
 10
6843.842
 11
6824.621
 20
1165.692
 21
1165.692
  0
LINE
  8
APS_GEOMETRY
 10
6824.621
 11
6824.621
 20
1165.692
 21
1209.43
  0
LINE
  8
APS_GEOMETRY
 10
6824.621
 11
6824.531
 20
1209.43
 21
1209.458
  0
LINE
  8
APS_GEOMETRY
 10
6824.531
 11
6824.442
 20
1209.458
 21
1209.487
  0
LINE
  8
APS_GEOMETRY
 10
6824.442
 11
6824.353
 20
1209.487
 21
1209.516
  0
LINE
  8
APS_GEOMETRY
 10
6824.353
 11
6824.264
 20
1209.516
 21
1209.545
  0
LINE
  8
APS_GEOMETRY
 10
6824.264
 11
6824.174
 20
1209.545
 21
1209.574
  0
LINE
  8
APS_GEOMETRY
 10
6824.174
 11
6824.085
 20
1209.574
 21
1209.603
  0
LINE
  8
APS_GEOMETRY
 10
6824.085
 11
6823.996
 20
1209.603
 21
1209.633
  0
LINE
  8
APS_GEOMETRY
 10
6823.996
 11
6823.908
 20
1209.633
 21
1209.663
  0
LINE
  8
APS_GEOMETRY
 10
6823.908
 11
6823.819
 20
1209.663
 21
1209.693
  0
LINE
  8
APS_GEOMETRY
 10
6823.819
 11
6823.73
 20
1209.693
 21
1209.723
  0
LINE
  8
APS_GEOMETRY
 10
6823.73
 11
6823.641
 20
1209.723
 21
1209.754
  0
LINE
  8
APS_GEOMETRY
 10
6823.641
 11
6823.553
 20
1209.754
 21
1209.784
  0
LINE
  8
APS_GEOMETRY
 10
6823.553
 11
6823.464
 20
1209.784
 21
1209.815
  0
LINE
  8
APS_GEOMETRY
 10
6823.464
 11
6823.376
 20
1209.815
 21
1209.846
  0
LINE
  8
APS_GEOMETRY
 10
6823.376
 11
6823.287
 20
1209.846
 21
1209.878
  0
LINE
  8
APS_GEOMETRY
 10
6823.287
 11
6823.199
 20
1209.878
 21
1209.909
  0
LINE
  8
APS_GEOMETRY
 10
6823.199
 11
6823.111
 20
1209.909
 21
1209.941
  0
LINE
  8
APS_GEOMETRY
 10
6823.111
 11
6823.023
 20
1209.941
 21
1209.973
  0
LINE
  8
APS_GEOMETRY
 10
6823.023
 11
6822.935
 20
1209.973
 21
1210.005
  0
LINE
  8
APS_GEOMETRY
 10
6822.935
 11
6822.847
 20
1210.005
 21
1210.038
  0
LINE
  8
APS_GEOMETRY
 10
6822.847
 11
6822.759
 20
1210.038
 21
1210.07
  0
LINE
  8
APS_GEOMETRY
 10
6822.759
 11
6822.671
 20
1210.07
 21
1210.103
  0
LINE
  8
APS_GEOMETRY
 10
6822.671
 11
6822.583
 20
1210.103
 21
1210.136
  0
LINE
  8
APS_GEOMETRY
 10
6822.583
 11
6822.496
 20
1210.136
 21
1210.169
  0
LINE
  8
APS_GEOMETRY
 10
6822.496
 11
6822.408
 20
1210.169
 21
1210.203
  0
LINE
  8
APS_GEOMETRY
 10
6822.408
 11
6822.321
 20
1210.203
 21
1210.237
  0
LINE
  8
APS_GEOMETRY
 10
6822.321
 11
6822.233
 20
1210.237
 21
1210.27
  0
LINE
  8
APS_GEOMETRY
 10
6822.233
 11
6822.146
 20
1210.27
 21
1210.305
  0
LINE
  8
APS_GEOMETRY
 10
6822.146
 11
6822.058
 20
1210.305
 21
1210.339
  0
LINE
  8
APS_GEOMETRY
 10
6822.058
 11
6821.971
 20
1210.339
 21
1210.373
  0
LINE
  8
APS_GEOMETRY
 10
6821.971
 11
6821.884
 20
1210.373
 21
1210.408
  0
LINE
  8
APS_GEOMETRY
 10
6821.884
 11
6821.797
 20
1210.408
 21
1210.443
  0
LINE
  8
APS_GEOMETRY
 10
6821.797
 11
6821.71
 20
1210.443
 21
1210.478
  0
LINE
  8
APS_GEOMETRY
 10
6821.71
 11
6821.623
 20
1210.478
 21
1210.514
  0
LINE
  8
APS_GEOMETRY
 10
6821.623
 11
6821.537
 20
1210.514
 21
1210.549
  0
LINE
  8
APS_GEOMETRY
 10
6821.537
 11
6821.45
 20
1210.549
 21
1210.585
  0
LINE
  8
APS_GEOMETRY
 10
6821.45
 11
6821.363
 20
1210.585
 21
1210.621
  0
LINE
  8
APS_GEOMETRY
 10
6821.363
 11
6821.277
 20
1210.621
 21
1210.657
  0
LINE
  8
APS_GEOMETRY
 10
6821.277
 11
6821.19
 20
1210.657
 21
1210.693
  0
LINE
  8
APS_GEOMETRY
 10
6821.19
 11
6821.104
 20
1210.693
 21
1210.73
  0
LINE
  8
APS_GEOMETRY
 10
6821.104
 11
6821.018
 20
1210.73
 21
1210.767
  0
LINE
  8
APS_GEOMETRY
 10
6821.018
 11
6820.932
 20
1210.767
 21
1210.804
  0
LINE
  8
APS_GEOMETRY
 10
6820.932
 11
6820.846
 20
1210.804
 21
1210.841
  0
LINE
  8
APS_GEOMETRY
 10
6820.846
 11
6820.76
 20
1210.841
 21
1210.879
  0
LINE
  8
APS_GEOMETRY
 10
6820.76
 11
6820.674
 20
1210.879
 21
1210.916
  0
LINE
  8
APS_GEOMETRY
 10
6820.674
 11
6820.588
 20
1210.916
 21
1210.954
  0
LINE
  8
APS_GEOMETRY
 10
6820.588
 11
6820.502
 20
1210.954
 21
1210.992
  0
LINE
  8
APS_GEOMETRY
 10
6820.502
 11
6820.417
 20
1210.992
 21
1211.03
  0
LINE
  8
APS_GEOMETRY
 10
6820.417
 11
6820.331
 20
1211.03
 21
1211.069
  0
LINE
  8
APS_GEOMETRY
 10
6820.331
 11
6820.246
 20
1211.069
 21
1211.107
  0
LINE
  8
APS_GEOMETRY
 10
6820.246
 11
6820.161
 20
1211.107
 21
1211.146
  0
LINE
  8
APS_GEOMETRY
 10
6820.161
 11
6820.075
 20
1211.146
 21
1211.185
  0
LINE
  8
APS_GEOMETRY
 10
6820.075
 11
6819.99
 20
1211.185
 21
1211.225
  0
LINE
  8
APS_GEOMETRY
 10
6819.99
 11
6819.905
 20
1211.225
 21
1211.264
  0
LINE
  8
APS_GEOMETRY
 10
6819.905
 11
6819.82
 20
1211.264
 21
1211.304
  0
LINE
  8
APS_GEOMETRY
 10
6819.82
 11
6819.735
 20
1211.304
 21
1211.344
  0
LINE
  8
APS_GEOMETRY
 10
6819.735
 11
6819.651
 20
1211.344
 21
1211.384
  0
LINE
  8
APS_GEOMETRY
 10
6819.651
 11
6819.566
 20
1211.384
 21
1211.424
  0
LINE
  8
APS_GEOMETRY
 10
6819.566
 11
6819.481
 20
1211.424
 21
1211.465
  0
LINE
  8
APS_GEOMETRY
 10
6819.481
 11
6819.397
 20
1211.465
 21
1211.505
  0
LINE
  8
APS_GEOMETRY
 10
6819.397
 11
6819.313
 20
1211.505
 21
1211.546
  0
LINE
  8
APS_GEOMETRY
 10
6819.313
 11
6819.228
 20
1211.546
 21
1211.587
  0
LINE
  8
APS_GEOMETRY
 10
6819.228
 11
6819.144
 20
1211.587
 21
1211.629
  0
LINE
  8
APS_GEOMETRY
 10
6819.144
 11
6819.06
 20
1211.629
 21
1211.67
  0
ARC
  8
APS_GEOMETRY
 10
6836.369
 20
1246.607
 40
38.989
 50
180.0
 51
243.645
  0
LINE
  8
APS_GEOMETRY
 10
6797.38
 11
6797.38
 20
1246.607
 21
1317.635
  0
ARC
  8
APS_GEOMETRY
 10
6738.391
 20
1317.635
 40
58.989
 50
0.0
 51
55.988
  0
ARC
  8
APS_GEOMETRY
 10
6738.391
 20
1415.429
 40
58.989
 50
304.012
 51
360.0
  0
LINE
  8
APS_GEOMETRY
 10
6797.38
 11
6797.38
 20
1415.429
 21
1486.457
  0
ARC
  8
APS_GEOMETRY
 10
6836.369
 20
1486.457
 40
38.989
 50
116.355
 51
180.0
  0
LINE
  8
APS_GEOMETRY
 10
6819.06
 11
6819.144
 20
1521.393
 21
1521.435
  0
LINE
  8
APS_GEOMETRY
 10
6819.144
 11
6819.228
 20
1521.435
 21
1521.476
  0
LINE
  8
APS_GEOMETRY
 10
6819.228
 11
6819.313
 20
1521.476
 21
1521.517
  0
LINE
  8
APS_GEOMETRY
 10
6819.313
 11
6819.397
 20
1521.517
 21
1521.558
  0
LINE
  8
APS_GEOMETRY
 10
6819.397
 11
6819.481
 20
1521.558
 21
1521.599
  0
LINE
  8
APS_GEOMETRY
 10
6819.481
 11
6819.566
 20
1521.599
 21
1521.639
  0
LINE
  8
APS_GEOMETRY
 10
6819.566
 11
6819.651
 20
1521.639
 21
1521.68
  0
LINE
  8
APS_GEOMETRY
 10
6819.651
 11
6819.735
 20
1521.68
 21
1521.72
  0
LINE
  8
APS_GEOMETRY
 10
6819.735
 11
6819.82
 20
1521.72
 21
1521.76
  0
LINE
  8
APS_GEOMETRY
 10
6819.82
 11
6819.905
 20
1521.76
 21
1521.799
  0
LINE
  8
APS_GEOMETRY
 10
6819.905
 11
6819.99
 20
1521.799
 21
1521.839
  0
LINE
  8
APS_GEOMETRY
 10
6819.99
 11
6820.075
 20
1521.839
 21
1521.878
  0
LINE
  8
APS_GEOMETRY
 10
6820.075
 11
6820.161
 20
1521.878
 21
1521.917
  0
LINE
  8
APS_GEOMETRY
 10
6820.161
 11
6820.246
 20
1521.917
 21
1521.956
  0
LINE
  8
APS_GEOMETRY
 10
6820.246
 11
6820.331
 20
1521.956
 21
1521.995
  0
LINE
  8
APS_GEOMETRY
 10
6820.331
 11
6820.417
 20
1521.995
 21
1522.033
  0
LINE
  8
APS_GEOMETRY
 10
6820.417
 11
6820.502
 20
1522.033
 21
1522.071
  0
LINE
  8
APS_GEOMETRY
 10
6820.502
 11
6820.588
 20
1522.071
 21
1522.109
  0
LINE
  8
APS_GEOMETRY
 10
6820.588
 11
6820.674
 20
1522.109
 21
1522.147
  0
LINE
  8
APS_GEOMETRY
 10
6820.674
 11
6820.76
 20
1522.147
 21
1522.185
  0
LINE
  8
APS_GEOMETRY
 10
6820.76
 11
6820.846
 20
1522.185
 21
1522.222
  0
LINE
  8
APS_GEOMETRY
 10
6820.846
 11
6820.932
 20
1522.222
 21
1522.26
  0
LINE
  8
APS_GEOMETRY
 10
6820.932
 11
6821.018
 20
1522.26
 21
1522.297
  0
LINE
  8
APS_GEOMETRY
 10
6821.018
 11
6821.104
 20
1522.297
 21
1522.333
  0
LINE
  8
APS_GEOMETRY
 10
6821.104
 11
6821.19
 20
1522.333
 21
1522.37
  0
LINE
  8
APS_GEOMETRY
 10
6821.19
 11
6821.277
 20
1522.37
 21
1522.406
  0
LINE
  8
APS_GEOMETRY
 10
6821.277
 11
6821.363
 20
1522.406
 21
1522.443
  0
LINE
  8
APS_GEOMETRY
 10
6821.363
 11
6821.45
 20
1522.443
 21
1522.479
  0
LINE
  8
APS_GEOMETRY
 10
6821.45
 11
6821.537
 20
1522.479
 21
1522.514
  0
LINE
  8
APS_GEOMETRY
 10
6821.537
 11
6821.623
 20
1522.514
 21
1522.55
  0
LINE
  8
APS_GEOMETRY
 10
6821.623
 11
6821.71
 20
1522.55
 21
1522.585
  0
LINE
  8
APS_GEOMETRY
 10
6821.71
 11
6821.797
 20
1522.585
 21
1522.62
  0
LINE
  8
APS_GEOMETRY
 10
6821.797
 11
6821.884
 20
1522.62
 21
1522.655
  0
LINE
  8
APS_GEOMETRY
 10
6821.884
 11
6821.971
 20
1522.655
 21
1522.69
  0
LINE
  8
APS_GEOMETRY
 10
6821.971
 11
6822.058
 20
1522.69
 21
1522.725
  0
LINE
  8
APS_GEOMETRY
 10
6822.058
 11
6822.146
 20
1522.725
 21
1522.759
  0
LINE
  8
APS_GEOMETRY
 10
6822.146
 11
6822.233
 20
1522.759
 21
1522.793
  0
LINE
  8
APS_GEOMETRY
 10
6822.233
 11
6822.321
 20
1522.793
 21
1522.827
  0
LINE
  8
APS_GEOMETRY
 10
6822.321
 11
6822.408
 20
1522.827
 21
1522.861
  0
LINE
  8
APS_GEOMETRY
 10
6822.408
 11
6822.496
 20
1522.861
 21
1522.894
  0
LINE
  8
APS_GEOMETRY
 10
6822.496
 11
6822.583
 20
1522.894
 21
1522.927
  0
LINE
  8
APS_GEOMETRY
 10
6822.583
 11
6822.671
 20
1522.927
 21
1522.96
  0
LINE
  8
APS_GEOMETRY
 10
6822.671
 11
6822.759
 20
1522.96
 21
1522.993
  0
LINE
  8
APS_GEOMETRY
 10
6822.759
 11
6822.847
 20
1522.993
 21
1523.026
  0
LINE
  8
APS_GEOMETRY
 10
6822.847
 11
6822.935
 20
1523.026
 21
1523.058
  0
LINE
  8
APS_GEOMETRY
 10
6822.935
 11
6823.023
 20
1523.058
 21
1523.091
  0
LINE
  8
APS_GEOMETRY
 10
6823.023
 11
6823.111
 20
1523.091
 21
1523.122
  0
LINE
  8
APS_GEOMETRY
 10
6823.111
 11
6823.199
 20
1523.122
 21
1523.154
  0
LINE
  8
APS_GEOMETRY
 10
6823.199
 11
6823.287
 20
1523.154
 21
1523.186
  0
LINE
  8
APS_GEOMETRY
 10
6823.287
 11
6823.376
 20
1523.186
 21
1523.217
  0
LINE
  8
APS_GEOMETRY
 10
6823.376
 11
6823.464
 20
1523.217
 21
1523.248
  0
LINE
  8
APS_GEOMETRY
 10
6823.464
 11
6823.553
 20
1523.248
 21
1523.279
  0
LINE
  8
APS_GEOMETRY
 10
6823.553
 11
6823.641
 20
1523.279
 21
1523.31
  0
LINE
  8
APS_GEOMETRY
 10
6823.641
 11
6823.73
 20
1523.31
 21
1523.34
  0
LINE
  8
APS_GEOMETRY
 10
6823.73
 11
6823.819
 20
1523.34
 21
1523.371
  0
LINE
  8
APS_GEOMETRY
 10
6823.819
 11
6823.908
 20
1523.371
 21
1523.401
  0
LINE
  8
APS_GEOMETRY
 10
6823.908
 11
6823.996
 20
1523.401
 21
1523.431
  0
LINE
  8
APS_GEOMETRY
 10
6823.996
 11
6824.085
 20
1523.431
 21
1523.46
  0
LINE
  8
APS_GEOMETRY
 10
6824.085
 11
6824.174
 20
1523.46
 21
1523.49
  0
LINE
  8
APS_GEOMETRY
 10
6824.174
 11
6824.264
 20
1523.49
 21
1523.519
  0
LINE
  8
APS_GEOMETRY
 10
6824.264
 11
6824.353
 20
1523.519
 21
1523.548
  0
LINE
  8
APS_GEOMETRY
 10
6824.353
 11
6824.442
 20
1523.548
 21
1523.577
  0
LINE
  8
APS_GEOMETRY
 10
6824.442
 11
6824.531
 20
1523.577
 21
1523.605
  0
LINE
  8
APS_GEOMETRY
 10
6824.531
 11
6824.621
 20
1523.605
 21
1523.634
  0
LINE
  8
APS_GEOMETRY
 10
6824.621
 11
6824.621
 20
1523.634
 21
1567.371
  0
LINE
  8
APS_GEOMETRY
 10
6824.621
 11
6843.842
 20
1567.371
 21
1567.371
  0
LINE
  8
APS_GEOMETRY
 10
6843.842
 11
6894.621
 20
1567.371
 21
1618.15
  0
LINE
  8
APS_GEOMETRY
 10
6894.621
 11
6945.399
 20
1618.15
 21
1567.371
  0
LINE
  8
APS_GEOMETRY
 10
6945.399
 11
6964.621
 20
1567.371
 21
1567.371
  0
LINE
  8
APS_GEOMETRY
 10
6964.621
 11
6964.621
 20
1567.371
 21
1523.634
  0
LINE
  8
APS_GEOMETRY
 10
6964.621
 11
6964.71
 20
1523.634
 21
1523.605
  0
LINE
  8
APS_GEOMETRY
 10
6964.71
 11
6964.799
 20
1523.605
 21
1523.577
  0
LINE
  8
APS_GEOMETRY
 10
6964.799
 11
6964.889
 20
1523.577
 21
1523.548
  0
LINE
  8
APS_GEOMETRY
 10
6964.889
 11
6964.978
 20
1523.548
 21
1523.519
  0
LINE
  8
APS_GEOMETRY
 10
6964.978
 11
6965.067
 20
1523.519
 21
1523.49
  0
LINE
  8
APS_GEOMETRY
 10
6965.067
 11
6965.156
 20
1523.49
 21
1523.46
  0
LINE
  8
APS_GEOMETRY
 10
6965.156
 11
6965.245
 20
1523.46
 21
1523.431
  0
LINE
  8
APS_GEOMETRY
 10
6965.245
 11
6965.334
 20
1523.431
 21
1523.401
  0
LINE
  8
APS_GEOMETRY
 10
6965.334
 11
6965.423
 20
1523.401
 21
1523.371
  0
LINE
  8
APS_GEOMETRY
 10
6965.423
 11
6965.511
 20
1523.371
 21
1523.34
  0
LINE
  8
APS_GEOMETRY
 10
6965.511
 11
6965.6
 20
1523.34
 21
1523.31
  0
LINE
  8
APS_GEOMETRY
 10
6965.6
 11
6965.689
 20
1523.31
 21
1523.279
  0
LINE
  8
APS_GEOMETRY
 10
6965.689
 11
6965.777
 20
1523.279
 21
1523.248
  0
LINE
  8
APS_GEOMETRY
 10
6965.777
 11
6965.865
 20
1523.248
 21
1523.217
  0
LINE
  8
APS_GEOMETRY
 10
6965.865
 11
6965.954
 20
1523.217
 21
1523.186
  0
LINE
  8
APS_GEOMETRY
 10
6965.954
 11
6966.042
 20
1523.186
 21
1523.154
  0
LINE
  8
APS_GEOMETRY
 10
6966.042
 11
6966.13
 20
1523.154
 21
1523.122
  0
LINE
  8
APS_GEOMETRY
 10
6966.13
 11
6966.218
 20
1523.122
 21
1523.091
  0
LINE
  8
APS_GEOMETRY
 10
6966.218
 11
6966.307
 20
1523.091
 21
1523.058
  0
LINE
  8
APS_GEOMETRY
 10
6966.307
 11
6966.395
 20
1523.058
 21
1523.026
  0
LINE
  8
APS_GEOMETRY
 10
6966.395
 11
6966.482
 20
1523.026
 21
1522.993
  0
LINE
  8
APS_GEOMETRY
 10
6966.482
 11
6966.57
 20
1522.993
 21
1522.96
  0
LINE
  8
APS_GEOMETRY
 10
6966.57
 11
6966.658
 20
1522.96
 21
1522.927
  0
LINE
  8
APS_GEOMETRY
 10
6966.658
 11
6966.746
 20
1522.927
 21
1522.894
  0
LINE
  8
APS_GEOMETRY
 10
6966.746
 11
6966.833
 20
1522.894
 21
1522.861
  0
LINE
  8
APS_GEOMETRY
 10
6966.833
 11
6966.921
 20
1522.861
 21
1522.827
  0
LINE
  8
APS_GEOMETRY
 10
6966.921
 11
6967.008
 20
1522.827
 21
1522.793
  0
LINE
  8
APS_GEOMETRY
 10
6967.008
 11
6967.096
 20
1522.793
 21
1522.759
  0
LINE
  8
APS_GEOMETRY
 10
6967.096
 11
6967.183
 20
1522.759
 21
1522.725
  0
LINE
  8
APS_GEOMETRY
 10
6967.183
 11
6967.27
 20
1522.725
 21
1522.69
  0
LINE
  8
APS_GEOMETRY
 10
6967.27
 11
6967.357
 20
1522.69
 21
1522.655
  0
LINE
  8
APS_GEOMETRY
 10
6967.357
 11
6967.444
 20
1522.655
 21
1522.62
  0
LINE
  8
APS_GEOMETRY
 10
6967.444
 11
6967.531
 20
1522.62
 21
1522.585
  0
LINE
  8
APS_GEOMETRY
 10
6967.531
 11
6967.618
 20
1522.585
 21
1522.55
  0
LINE
  8
APS_GEOMETRY
 10
6967.618
 11
6967.705
 20
1522.55
 21
1522.514
  0
LINE
  8
APS_GEOMETRY
 10
6967.705
 11
6967.791
 20
1522.514
 21
1522.479
  0
LINE
  8
APS_GEOMETRY
 10
6967.791
 11
6967.878
 20
1522.479
 21
1522.443
  0
LINE
  8
APS_GEOMETRY
 10
6967.878
 11
6967.964
 20
1522.443
 21
1522.406
  0
LINE
  8
APS_GEOMETRY
 10
6967.964
 11
6968.051
 20
1522.406
 21
1522.37
  0
LINE
  8
APS_GEOMETRY
 10
6968.051
 11
6968.137
 20
1522.37
 21
1522.333
  0
LINE
  8
APS_GEOMETRY
 10
6968.137
 11
6968.223
 20
1522.333
 21
1522.297
  0
LINE
  8
APS_GEOMETRY
 10
6968.223
 11
6968.31
 20
1522.297
 21
1522.26
  0
LINE
  8
APS_GEOMETRY
 10
6968.31
 11
6968.396
 20
1522.26
 21
1522.222
  0
LINE
  8
APS_GEOMETRY
 10
6968.396
 11
6968.482
 20
1522.222
 21
1522.185
  0
LINE
  8
APS_GEOMETRY
 10
6968.482
 11
6968.567
 20
1522.185
 21
1522.147
  0
LINE
  8
APS_GEOMETRY
 10
6968.567
 11
6968.653
 20
1522.147
 21
1522.109
  0
LINE
  8
APS_GEOMETRY
 10
6968.653
 11
6968.739
 20
1522.109
 21
1522.071
  0
LINE
  8
APS_GEOMETRY
 10
6968.739
 11
6968.825
 20
1522.071
 21
1522.033
  0
LINE
  8
APS_GEOMETRY
 10
6968.825
 11
6968.91
 20
1522.033
 21
1521.995
  0
LINE
  8
APS_GEOMETRY
 10
6968.91
 11
6968.995
 20
1521.995
 21
1521.956
  0
LINE
  8
APS_GEOMETRY
 10
6968.995
 11
6969.081
 20
1521.956
 21
1521.917
  0
LINE
  8
APS_GEOMETRY
 10
6969.081
 11
6969.166
 20
1521.917
 21
1521.878
  0
LINE
  8
APS_GEOMETRY
 10
6969.166
 11
6969.251
 20
1521.878
 21
1521.839
  0
LINE
  8
APS_GEOMETRY
 10
6969.251
 11
6969.336
 20
1521.839
 21
1521.799
  0
LINE
  8
APS_GEOMETRY
 10
6969.336
 11
6969.421
 20
1521.799
 21
1521.76
  0
LINE
  8
APS_GEOMETRY
 10
6969.421
 11
6969.506
 20
1521.76
 21
1521.72
  0
LINE
  8
APS_GEOMETRY
 10
6969.506
 11
6969.591
 20
1521.72
 21
1521.68
  0
LINE
  8
APS_GEOMETRY
 10
6969.591
 11
6969.675
 20
1521.68
 21
1521.639
  0
LINE
  8
APS_GEOMETRY
 10
6969.675
 11
6969.76
 20
1521.639
 21
1521.599
  0
LINE
  8
APS_GEOMETRY
 10
6969.76
 11
6969.844
 20
1521.599
 21
1521.558
  0
LINE
  8
APS_GEOMETRY
 10
6969.844
 11
6969.929
 20
1521.558
 21
1521.517
  0
LINE
  8
APS_GEOMETRY
 10
6969.929
 11
6970.013
 20
1521.517
 21
1521.476
  0
LINE
  8
APS_GEOMETRY
 10
6970.013
 11
6970.097
 20
1521.476
 21
1521.435
  0
LINE
  8
APS_GEOMETRY
 10
6970.097
 11
6970.181
 20
1521.435
 21
1521.393
  0
ARC
  8
APS_GEOMETRY
 10
6952.873
 20
1486.457
 40
38.989
 50
360.0
 51
63.645
  0
LINE
  8
APS_GEOMETRY
 10
6991.862
 11
6991.862
 20
1486.457
 21
1415.429
  0
LINE
  8
APS_GEOMETRY
 10
6731.556
 11
6710.343
 20
1408.958
 21
1387.745
  0
LINE
  8
APS_GEOMETRY
 10
6710.343
 11
6689.13
 20
1387.745
 21
1408.958
  0
LINE
  8
APS_GEOMETRY
 10
6689.13
 11
6710.343
 20
1408.958
 21
1430.171
  0
LINE
  8
APS_GEOMETRY
 10
6710.343
 11
6731.556
 20
1430.171
 21
1408.958
  0
LINE
  8
APS_GEOMETRY
 10
6689.13
 11
6710.343
 20
1324.105
 21
1345.319
  0
LINE
  8
APS_GEOMETRY
 10
6710.343
 11
6731.556
 20
1345.319
 21
1324.105
  0
LINE
  8
APS_GEOMETRY
 10
6731.556
 11
6710.343
 20
1324.105
 21
1302.892
  0
LINE
  8
APS_GEOMETRY
 10
6710.343
 11
6689.13
 20
1302.892
 21
1324.105
  0
LINE
  8
APS_GEOMETRY
 10
6703.272
 11
6710.343
 20
1366.532
 21
1373.603
  0
LINE
  8
APS_GEOMETRY
 10
6710.343
 11
6717.414
 20
1373.603
 21
1366.532
  0
LINE
  8
APS_GEOMETRY
 10
6717.414
 11
6710.343
 20
1366.532
 21
1359.461
  0
LINE
  8
APS_GEOMETRY
 10
6710.343
 11
6703.272
 20
1359.461
 21
1366.532
  0
LINE
  8
APS_GEOMETRY
 10
7057.685
 11
7078.898
 20
1408.958
 21
1387.745
  0
LINE
  8
APS_GEOMETRY
 10
7078.898
 11
7100.112
 20
1387.745
 21
1408.958
  0
LINE
  8
APS_GEOMETRY
 10
7100.112
 11
7078.898
 20
1408.958
 21
1430.171
  0
LINE
  8
APS_GEOMETRY
 10
7078.898
 11
7057.685
 20
1430.171
 21
1408.958
  0
LINE
  8
APS_GEOMETRY
 10
7100.112
 11
7078.898
 20
1324.105
 21
1345.319
  0
LINE
  8
APS_GEOMETRY
 10
7078.898
 11
7057.685
 20
1345.319
 21
1324.105
  0
LINE
  8
APS_GEOMETRY
 10
7057.685
 11
7078.898
 20
1324.105
 21
1302.892
  0
LINE
  8
APS_GEOMETRY
 10
7078.898
 11
7100.112
 20
1302.892
 21
1324.105
  0
LINE
  8
APS_GEOMETRY
 10
7085.969
 11
7078.898
 20
1366.532
 21
1373.603
  0
LINE
  8
APS_GEOMETRY
 10
7078.898
 11
7071.827
 20
1373.603
 21
1366.532
  0
LINE
  8
APS_GEOMETRY
 10
7071.827
 11
7078.898
 20
1366.532
 21
1359.461
  0
LINE
  8
APS_GEOMETRY
 10
7078.898
 11
7085.969
 20
1359.461
 21
1366.532
  0
LINE
  8
APS_GEOMETRY
 10
6937.047
 11
6915.834
 20
1655.046
 21
1676.259
  0
LINE
  8
APS_GEOMETRY
 10
6915.834
 11
6937.047
 20
1676.259
 21
1697.472
  0
LINE
  8
APS_GEOMETRY
 10
6937.047
 11
6958.26
 20
1697.472
 21
1676.259
  0
LINE
  8
APS_GEOMETRY
 10
6958.26
 11
6937.047
 20
1676.259
 21
1655.046
  0
LINE
  8
APS_GEOMETRY
 10
6852.194
 11
6873.407
 20
1697.472
 21
1676.259
  0
LINE
  8
APS_GEOMETRY
 10
6873.407
 11
6852.194
 20
1676.259
 21
1655.046
  0
LINE
  8
APS_GEOMETRY
 10
6852.194
 11
6830.981
 20
1655.046
 21
1676.259
  0
LINE
  8
APS_GEOMETRY
 10
6830.981
 11
6852.194
 20
1676.259
 21
1697.472
  0
LINE
  8
APS_GEOMETRY
 10
6894.621
 11
6901.692
 20
1683.33
 21
1676.259
  0
LINE
  8
APS_GEOMETRY
 10
6901.692
 11
6894.621
 20
1676.259
 21
1669.188
  0
LINE
  8
APS_GEOMETRY
 10
6894.621
 11
6887.55
 20
1669.188
 21
1676.259
  0
LINE
  8
APS_GEOMETRY
 10
6887.55
 11
6894.621
 20
1676.259
 21
1683.33
  0
ARC
  8
APS_GEOMETRY
 10
6957.621
 20
877.917
 40
37.873
 50
290.8
 51
69.2
  0
LINE
  8
APS_GEOMETRY
 10
6971.07
 11
6964.621
 20
913.322
 21
915.772
  0
LINE
  8
APS_GEOMETRY
 10
6964.621
 11
6964.621
 20
915.772
 21
947.917
  0
LINE
  8
APS_GEOMETRY
 10
6964.621
 11
6945.399
 20
947.917
 21
947.917
  0
LINE
  8
APS_GEOMETRY
 10
6945.399
 11
6894.621
 20
947.917
 21
998.695
  0
LINE
  8
APS_GEOMETRY
 10
6894.621
 11
6843.842
 20
998.695
 21
947.917
  0
LINE
  8
APS_GEOMETRY
 10
6843.842
 11
6824.621
 20
947.917
 21
947.917
  0
LINE
  8
APS_GEOMETRY
 10
6824.621
 11
6824.621
 20
947.917
 21
915.772
  0
LINE
  8
APS_GEOMETRY
 10
6824.621
 11
6818.172
 20
915.772
 21
913.322
  0
ARC
  8
APS_GEOMETRY
 10
6831.621
 20
877.917
 40
37.873
 50
110.8
 51
249.2
  0
LINE
  8
APS_GEOMETRY
 10
6818.172
 11
6824.621
 20
842.512
 21
840.062
  0
LINE
  8
APS_GEOMETRY
 10
6824.621
 11
6824.621
 20
840.062
 21
807.917
  0
LINE
  8
APS_GEOMETRY
 10
6824.621
 11
6833.069
 20
807.917
 21
807.917
  0
LINE
  8
APS_GEOMETRY
 10
6833.069
 11
6894.621
 20
807.917
 21
746.365
  0
LINE
  8
APS_GEOMETRY
 10
6894.621
 11
6956.173
 20
746.365
 21
807.917
  0
LINE
  8
APS_GEOMETRY
 10
6956.173
 11
6964.621
 20
807.917
 21
807.917
  0
LINE
  8
APS_GEOMETRY
 10
6964.621
 11
6964.621
 20
807.917
 21
840.062
  0
LINE
  8
APS_GEOMETRY
 10
6964.621
 11
6971.07
 20
840.062
 21
842.512
  0
LINE
  8
APS_GEOMETRY
 10
6937.047
 11
6915.834
 20
1078.018
 21
1056.805
  0
LINE
  8
APS_GEOMETRY
 10
6915.834
 11
6937.047
 20
1056.805
 21
1035.591
  0
LINE
  8
APS_GEOMETRY
 10
6937.047
 11
6958.26
 20
1035.591
 21
1056.805
  0
LINE
  8
APS_GEOMETRY
 10
6958.26
 11
6937.047
 20
1056.805
 21
1078.018
  0
LINE
  8
APS_GEOMETRY
 10
6852.194
 11
6873.407
 20
1035.591
 21
1056.805
  0
LINE
  8
APS_GEOMETRY
 10
6873.407
 11
6852.194
 20
1056.805
 21
1078.018
  0
LINE
  8
APS_GEOMETRY
 10
6852.194
 11
6830.981
 20
1078.018
 21
1056.805
  0
LINE
  8
APS_GEOMETRY
 10
6830.981
 11
6852.194
 20
1056.805
 21
1035.591
  0
LINE
  8
APS_GEOMETRY
 10
6894.621
 11
6901.692
 20
1049.733
 21
1056.805
  0
LINE
  8
APS_GEOMETRY
 10
6901.692
 11
6894.621
 20
1056.805
 21
1063.876
  0
LINE
  8
APS_GEOMETRY
 10
6894.621
 11
6887.55
 20
1063.876
 21
1056.805
  0
LINE
  8
APS_GEOMETRY
 10
6887.55
 11
6894.621
 20
1056.805
 21
1049.733
  0
LINE
  8
APS_GEOMETRY
 10
7062.685
 11
7029.103
 20
1371.532
 21
1371.532
  0
ARC
  8
APS_GEOMETRY
 10
7050.851
 20
1415.429
 40
48.989
 50
180.0
 51
243.645
  0
LINE
  8
APS_GEOMETRY
 10
7001.862
 11
7001.862
 20
1415.429
 21
1486.457
  0
ARC
  8
APS_GEOMETRY
 10
6952.873
 20
1486.457
 40
48.989
 50
360.0
 51
63.645
  0
LINE
  8
APS_GEOMETRY
 10
6974.621
 11
6974.621
 20
1530.354
 21
1577.371
  0
LINE
  8
APS_GEOMETRY
 10
6974.621
 11
6949.541
 20
1577.371
 21
1577.371
  0
LINE
  8
APS_GEOMETRY
 10
6949.541
 11
6899.621
 20
1577.371
 21
1627.292
  0
LINE
  8
APS_GEOMETRY
 10
6899.621
 11
6899.621
 20
1627.292
 21
1660.046
  0
LINE
  8
APS_GEOMETRY
 10
6899.621
 11
6908.763
 20
1660.046
 21
1669.188
  0
LINE
  8
APS_GEOMETRY
 10
6908.763
 11
6937.047
 20
1669.188
 21
1640.904
  0
LINE
  8
APS_GEOMETRY
 10
6937.047
 11
6972.402
 20
1640.904
 21
1676.259
  0
LINE
  8
APS_GEOMETRY
 10
6972.402
 11
6937.047
 20
1676.259
 21
1711.614
  0
LINE
  8
APS_GEOMETRY
 10
6937.047
 11
6908.763
 20
1711.614
 21
1683.33
  0
LINE
  8
APS_GEOMETRY
 10
6908.763
 11
6899.621
 20
1683.33
 21
1692.472
  0
LINE
  8
APS_GEOMETRY
 10
6899.621
 11
6899.621
 20
1692.472
 21
1725.226
  0
LINE
  8
APS_GEOMETRY
 10
6899.621
 11
6949.541
 20
1725.226
 21
1775.147
  0
LINE
  8
APS_GEOMETRY
 10
6949.541
 11
6974.621
 20
1775.147
 21
1775.147
  0
LINE
  8
APS_GEOMETRY
 10
6974.621
 11
6974.621
 20
1775.147
 21
1810.393
  0
ARC
  8
APS_GEOMETRY
 10
6957.621
 20
1855.147
 40
47.873
 50
290.8
 51
69.2
  0
LINE
  8
APS_GEOMETRY
 10
6974.621
 11
6974.621
 20
1899.9
 21
1935.147
  0
LINE
  8
APS_GEOMETRY
 10
6974.621
 11
6960.315
 20
1935.147
 21
1935.147
  0
LINE
  8
APS_GEOMETRY
 10
6960.315
 11
6899.621
 20
1935.147
 21
1995.841
  0
LINE
  8
APS_GEOMETRY
 10
6899.621
 11
6899.621
 20
1995.841
 21
2025.172
  0
LINE
  8
APS_GEOMETRY
 10
6899.621
 11
6889.621
 20
2025.172
 21
2025.172
  0
LINE
  8
APS_GEOMETRY
 10
6889.621
 11
6889.621
 20
2025.172
 21
1995.841
  0
LINE
  8
APS_GEOMETRY
 10
6889.621
 11
6828.926
 20
1995.841
 21
1935.147
  0
LINE
  8
APS_GEOMETRY
 10
6828.926
 11
6814.621
 20
1935.147
 21
1935.147
  0
LINE
  8
APS_GEOMETRY
 10
6814.621
 11
6814.621
 20
1935.147
 21
1899.9
  0
ARC
  8
APS_GEOMETRY
 10
6831.621
 20
1855.147
 40
47.873
 50
110.8
 51
249.2
  0
LINE
  8
APS_GEOMETRY
 10
6814.621
 11
6814.621
 20
1810.393
 21
1775.147
  0
LINE
  8
APS_GEOMETRY
 10
6814.621
 11
6839.7
 20
1775.147
 21
1775.147
  0
LINE
  8
APS_GEOMETRY
 10
6839.7
 11
6889.621
 20
1775.147
 21
1725.226
  0
LINE
  8
APS_GEOMETRY
 10
6889.621
 11
6889.621
 20
1725.226
 21
1692.472
  0
LINE
  8
APS_GEOMETRY
 10
6889.621
 11
6880.479
 20
1692.472
 21
1683.33
  0
LINE
  8
APS_GEOMETRY
 10
6880.479
 11
6852.194
 20
1683.33
 21
1711.614
  0
LINE
  8
APS_GEOMETRY
 10
6852.194
 11
6816.839
 20
1711.614
 21
1676.259
  0
LINE
  8
APS_GEOMETRY
 10
6816.839
 11
6852.194
 20
1676.259
 21
1640.904
  0
LINE
  8
APS_GEOMETRY
 10
6852.194
 11
6880.479
 20
1640.904
 21
1669.188
  0
LINE
  8
APS_GEOMETRY
 10
6880.479
 11
6889.621
 20
1669.188
 21
1660.046
  0
LINE
  8
APS_GEOMETRY
 10
6889.621
 11
6889.621
 20
1660.046
 21
1627.292
  0
LINE
  8
APS_GEOMETRY
 10
6889.621
 11
6839.7
 20
1627.292
 21
1577.371
  0
LINE
  8
APS_GEOMETRY
 10
6839.7
 11
6814.621
 20
1577.371
 21
1577.371
  0
LINE
  8
APS_GEOMETRY
 10
6814.621
 11
6814.621
 20
1577.371
 21
1530.354
  0
ARC
  8
APS_GEOMETRY
 10
6836.369
 20
1486.457
 40
48.989
 50
116.355
 51
180.0
  0
LINE
  8
APS_GEOMETRY
 10
6787.38
 11
6787.38
 20
1486.457
 21
1415.429
  0
ARC
  8
APS_GEOMETRY
 10
6738.391
 20
1415.429
 40
48.989
 50
296.355
 51
0.0
  0
LINE
  8
APS_GEOMETRY
 10
6760.138
 11
6726.556
 20
1371.532
 21
1371.532
  0
LINE
  8
APS_GEOMETRY
 10
6726.556
 11
6717.414
 20
1371.532
 21
1380.674
  0
LINE
  8
APS_GEOMETRY
 10
6717.414
 11
6745.698
 20
1380.674
 21
1408.958
  0
LINE
  8
APS_GEOMETRY
 10
6745.698
 11
6710.343
 20
1408.958
 21
1444.314
  0
LINE
  8
APS_GEOMETRY
 10
6710.343
 11
6674.988
 20
1444.314
 21
1408.958
  0
LINE
  8
APS_GEOMETRY
 10
6674.988
 11
6703.272
 20
1408.958
 21
1380.674
  0
LINE
  8
APS_GEOMETRY
 10
6703.272
 11
6689.13
 20
1380.674
 21
1366.532
  0
LINE
  8
APS_GEOMETRY
 10
6689.13
 11
6703.272
 20
1366.532
 21
1352.39
  0
LINE
  8
APS_GEOMETRY
 10
6703.272
 11
6674.988
 20
1352.39
 21
1324.105
  0
LINE
  8
APS_GEOMETRY
 10
6674.988
 11
6710.343
 20
1324.105
 21
1288.75
  0
LINE
  8
APS_GEOMETRY
 10
6710.343
 11
6745.698
 20
1288.75
 21
1324.105
  0
LINE
  8
APS_GEOMETRY
 10
6745.698
 11
6717.414
 20
1324.105
 21
1352.39
  0
LINE
  8
APS_GEOMETRY
 10
6717.414
 11
6726.556
 20
1352.39
 21
1361.532
  0
LINE
  8
APS_GEOMETRY
 10
6726.556
 11
6760.138
 20
1361.532
 21
1361.532
  0
ARC
  8
APS_GEOMETRY
 10
6738.391
 20
1317.635
 40
48.989
 50
360.0
 51
63.645
  0
LINE
  8
APS_GEOMETRY
 10
6787.38
 11
6787.38
 20
1317.635
 21
1246.607
  0
ARC
  8
APS_GEOMETRY
 10
6836.369
 20
1246.607
 40
48.989
 50
180.0
 51
243.645
  0
LINE
  8
APS_GEOMETRY
 10
6814.621
 11
6814.621
 20
1202.71
 21
1155.692
  0
LINE
  8
APS_GEOMETRY
 10
6814.621
 11
6839.7
 20
1155.692
 21
1155.692
  0
LINE
  8
APS_GEOMETRY
 10
6839.7
 11
6889.621
 20
1155.692
 21
1105.772
  0
LINE
  8
APS_GEOMETRY
 10
6889.621
 11
6889.621
 20
1105.772
 21
1073.018
  0
LINE
  8
APS_GEOMETRY
 10
6889.621
 11
6880.479
 20
1073.018
 21
1063.876
  0
LINE
  8
APS_GEOMETRY
 10
6880.479
 11
6852.194
 20
1063.876
 21
1092.16
  0
LINE
  8
APS_GEOMETRY
 10
6852.194
 11
6816.839
 20
1092.16
 21
1056.805
  0
LINE
  8
APS_GEOMETRY
 10
6816.839
 11
6852.194
 20
1056.805
 21
1021.449
  0
LINE
  8
APS_GEOMETRY
 10
6852.194
 11
6880.479
 20
1021.449
 21
1049.733
  0
LINE
  8
APS_GEOMETRY
 10
6880.479
 11
6889.621
 20
1049.733
 21
1040.591
  0
LINE
  8
APS_GEOMETRY
 10
6889.621
 11
6889.621
 20
1040.591
 21
1007.837
  0
LINE
  8
APS_GEOMETRY
 10
6889.621
 11
6839.7
 20
1007.837
 21
957.917
  0
LINE
  8
APS_GEOMETRY
 10
6839.7
 11
6814.621
 20
957.917
 21
957.917
  0
LINE
  8
APS_GEOMETRY
 10
6814.621
 11
6814.621
 20
957.917
 21
922.67
  0
ARC
  8
APS_GEOMETRY
 10
6831.621
 20
877.917
 40
47.873
 50
110.8
 51
249.2
  0
LINE
  8
APS_GEOMETRY
 10
6814.621
 11
6814.621
 20
833.164
 21
797.917
  0
LINE
  8
APS_GEOMETRY
 10
6814.621
 11
6828.926
 20
797.917
 21
797.917
  0
LINE
  8
APS_GEOMETRY
 10
6828.926
 11
6889.621
 20
797.917
 21
737.223
  0
LINE
  8
APS_GEOMETRY
 10
6889.621
 11
6889.621
 20
737.223
 21
707.891
  0
LINE
  8
APS_GEOMETRY
 10
6889.621
 11
6899.621
 20
707.891
 21
707.891
  0
LINE
  8
APS_GEOMETRY
 10
6899.621
 11
6899.621
 20
707.891
 21
737.223
  0
LINE
  8
APS_GEOMETRY
 10
6899.621
 11
6960.315
 20
737.223
 21
797.917
  0
LINE
  8
APS_GEOMETRY
 10
6960.315
 11
6974.621
 20
797.917
 21
797.917
  0
LINE
  8
APS_GEOMETRY
 10
6974.621
 11
6974.621
 20
797.917
 21
833.164
  0
ARC
  8
APS_GEOMETRY
 10
6957.621
 20
877.917
 40
47.873
 50
290.8
 51
69.2
  0
LINE
  8
APS_GEOMETRY
 10
6974.621
 11
6974.621
 20
922.67
 21
957.917
  0
LINE
  8
APS_GEOMETRY
 10
6974.621
 11
6949.541
 20
957.917
 21
957.917
  0
LINE
  8
APS_GEOMETRY
 10
6949.541
 11
6899.621
 20
957.917
 21
1007.837
  0
LINE
  8
APS_GEOMETRY
 10
6899.621
 11
6899.621
 20
1007.837
 21
1040.591
  0
LINE
  8
APS_GEOMETRY
 10
6899.621
 11
6908.763
 20
1040.591
 21
1049.733
  0
LINE
  8
APS_GEOMETRY
 10
6908.763
 11
6937.047
 20
1049.733
 21
1021.449
  0
LINE
  8
APS_GEOMETRY
 10
6937.047
 11
6972.402
 20
1021.449
 21
1056.805
  0
LINE
  8
APS_GEOMETRY
 10
6972.402
 11
6937.047
 20
1056.805
 21
1092.16
  0
LINE
  8
APS_GEOMETRY
 10
6937.047
 11
6908.763
 20
1092.16
 21
1063.876
  0
LINE
  8
APS_GEOMETRY
 10
6908.763
 11
6899.621
 20
1063.876
 21
1073.018
  0
LINE
  8
APS_GEOMETRY
 10
6899.621
 11
6899.621
 20
1073.018
 21
1105.772
  0
LINE
  8
APS_GEOMETRY
 10
6899.621
 11
6949.541
 20
1105.772
 21
1155.692
  0
LINE
  8
APS_GEOMETRY
 10
6949.541
 11
6974.621
 20
1155.692
 21
1155.692
  0
LINE
  8
APS_GEOMETRY
 10
6974.621
 11
6974.621
 20
1155.692
 21
1202.71
  0
ARC
  8
APS_GEOMETRY
 10
6952.873
 20
1246.607
 40
48.989
 50
296.355
 51
0.0
  0
LINE
  8
APS_GEOMETRY
 10
7001.862
 11
7001.862
 20
1246.607
 21
1317.635
  0
ARC
  8
APS_GEOMETRY
 10
7050.851
 20
1317.635
 40
48.989
 50
116.355
 51
180.0
  0
LINE
  8
APS_GEOMETRY
 10
7029.103
 11
7062.685
 20
1361.532
 21
1361.532
  0
LINE
  8
APS_GEOMETRY
 10
7062.685
 11
7071.827
 20
1361.532
 21
1352.39
  0
LINE
  8
APS_GEOMETRY
 10
7071.827
 11
7043.543
 20
1352.39
 21
1324.105
  0
LINE
  8
APS_GEOMETRY
 10
7043.543
 11
7078.898
 20
1324.105
 21
1288.75
  0
LINE
  8
APS_GEOMETRY
 10
7078.898
 11
7114.254
 20
1288.75
 21
1324.105
  0
LINE
  8
APS_GEOMETRY
 10
7114.254
 11
7085.969
 20
1324.105
 21
1352.39
  0
LINE
  8
APS_GEOMETRY
 10
7085.969
 11
7100.112
 20
1352.39
 21
1366.532
  0
LINE
  8
APS_GEOMETRY
 10
7100.112
 11
7085.969
 20
1366.532
 21
1380.674
  0
LINE
  8
APS_GEOMETRY
 10
7085.969
 11
7114.254
 20
1380.674
 21
1408.958
  0
LINE
  8
APS_GEOMETRY
 10
7114.254
 11
7078.898
 20
1408.958
 21
1444.314
  0
LINE
  8
APS_GEOMETRY
 10
7078.898
 11
7043.543
 20
1444.314
 21
1408.958
  0
LINE
  8
APS_GEOMETRY
 10
7043.543
 11
7071.827
 20
1408.958
 21
1380.674
  0
LINE
  8
APS_GEOMETRY
 10
7071.827
 11
7062.685
 20
1380.674
 21
1371.532
  0
ARC
  8
APS_GEOMETRY
 10
6957.621
 20
1855.147
 40
37.873
 50
290.8
 51
69.2
  0
LINE
  8
APS_GEOMETRY
 10
6971.07
 11
6964.621
 20
1819.742
 21
1817.292
  0
LINE
  8
APS_GEOMETRY
 10
6964.621
 11
6964.621
 20
1817.292
 21
1785.147
  0
LINE
  8
APS_GEOMETRY
 10
6964.621
 11
6945.399
 20
1785.147
 21
1785.147
  0
LINE
  8
APS_GEOMETRY
 10
6945.399
 11
6894.621
 20
1785.147
 21
1734.368
  0
LINE
  8
APS_GEOMETRY
 10
6894.621
 11
6843.842
 20
1734.368
 21
1785.147
  0
LINE
  8
APS_GEOMETRY
 10
6843.842
 11
6824.621
 20
1785.147
 21
1785.147
  0
LINE
  8
APS_GEOMETRY
 10
6824.621
 11
6824.621
 20
1785.147
 21
1817.292
  0
LINE
  8
APS_GEOMETRY
 10
6824.621
 11
6818.172
 20
1817.292
 21
1819.742
  0
ARC
  8
APS_GEOMETRY
 10
6831.621
 20
1855.147
 40
37.873
 50
110.8
 51
249.2
  0
LINE
  8
APS_GEOMETRY
 10
6818.172
 11
6824.621
 20
1890.552
 21
1893.001
  0
LINE
  8
APS_GEOMETRY
 10
6824.621
 11
6824.621
 20
1893.001
 21
1925.147
  0
LINE
  8
APS_GEOMETRY
 10
6824.621
 11
6833.069
 20
1925.147
 21
1925.147
  0
LINE
  8
APS_GEOMETRY
 10
6833.069
 11
6894.621
 20
1925.147
 21
1986.699
  0
LINE
  8
APS_GEOMETRY
 10
6894.621
 11
6956.173
 20
1986.699
 21
1925.147
  0
LINE
  8
APS_GEOMETRY
 10
6956.173
 11
6964.621
 20
1925.147
 21
1925.147
  0
LINE
  8
APS_GEOMETRY
 10
6964.621
 11
6964.621
 20
1925.147
 21
1893.001
  0
LINE
  8
APS_GEOMETRY
 10
6964.621
 11
6971.07
 20
1893.001
 21
1890.552
  0
LINE
  8
QUOTATURA
 10
6783.704
 11
6797.043
 20
1200.129
 21
1227.462
  0
LINE
  8
QUOTATURA
 10
6797.043
 11
6793.291
 20
1227.462
 21
1197.28
  0
LINE
  8
QUOTATURA
 10
6793.291
 11
6783.704
 20
1197.28
 21
1200.129
  0
LINE
  8
QUOTATURA
 10
6797.043
 11
6537.472
 20
1227.462
 21
353.915
  0
LINE
  8
QUOTATURA
 10
6537.472
 11
7322.121
 20
353.915
 21
353.915
  0
LINE
  8
QUOTATURA
 10
6914.621
 11
7336.131
 20
707.891
 21
707.891
  0
LINE
  8
QUOTATURA
 10
6914.621
 11
7336.131
 20
2025.172
 21
2025.172
  0
LINE
  8
QUOTATURA
 10
7321.131
 11
7321.131
 20
707.891
 21
1344.032
  0
LINE
  8
QUOTATURA
 10
7321.131
 11
7321.131
 20
1389.126
 21
2025.172
  0
LINE
  8
QUOTATURA
 10
7326.132
 11
7321.131
 20
737.891
 21
707.891
  0
LINE
  8
QUOTATURA
 10
7321.131
 11
7316.13
 20
707.891
 21
737.891
  0
LINE
  8
QUOTATURA
 10
7316.13
 11
7326.132
 20
737.891
 21
737.891
  0
LINE
  8
QUOTATURA
 10
7316.13
 11
7321.131
 20
1995.172
 21
2025.172
  0
LINE
  8
QUOTATURA
 10
7321.131
 11
7326.132
 20
2025.172
 21
1995.172
  0
LINE
  8
QUOTATURA
 10
7326.132
 11
7316.13
 20
1995.172
 21
1995.172
  0
LINE
  8
QUOTATURA
 10
6674.988
 11
6674.988
 20
1423.958
 21
2166.525
  0
LINE
  8
QUOTATURA
 10
7114.254
 11
7114.254
 20
1423.958
 21
2166.525
  0
LINE
  8
QUOTATURA
 10
6674.988
 11
6829.009
 20
2151.525
 21
2151.525
  0
LINE
  8
QUOTATURA
 10
6960.232
 11
7114.254
 20
2151.525
 21
2151.525
  0
LINE
  8
QUOTATURA
 10
6704.988
 11
6674.988
 20
2146.524
 21
2151.525
  0
LINE
  8
QUOTATURA
 10
6674.988
 11
6704.988
 20
2151.525
 21
2156.526
  0
LINE
  8
QUOTATURA
 10
6704.988
 11
6704.988
 20
2156.526
 21
2146.524
  0
LINE
  8
QUOTATURA
 10
7084.254
 11
7114.254
 20
2156.526
 21
2151.525
  0
LINE
  8
QUOTATURA
 10
7114.254
 11
7084.254
 20
2151.525
 21
2146.524
  0
LINE
  8
QUOTATURA
 10
7084.254
 11
7084.254
 20
2146.524
 21
2156.526
  0
LINE
  8
QUOTATURA
 10
6797.38
 11
6855.456
 20
1266.668
 21
1266.668
  0
LINE
  8
QUOTATURA
 10
6827.38
 11
6797.38
 20
1261.667
 21
1266.668
  0
LINE
  8
QUOTATURA
 10
6797.38
 11
6827.38
 20
1266.668
 21
1271.669
  0
LINE
  8
QUOTATURA
 10
6827.38
 11
6827.38
 20
1271.669
 21
1261.667
  0
LINE
  8
QUOTATURA
 10
6787.38
 11
6727.38
 20
1266.668
 21
1266.668
  0
LINE
  8
QUOTATURA
 10
6757.38
 11
6787.38
 20
1271.669
 21
1266.668
  0
LINE
  8
QUOTATURA
 10
6787.38
 11
6757.38
 20
1266.668
 21
1261.667
  0
LINE
  8
QUOTATURA
 10
6757.38
 11
6757.38
 20
1261.667
 21
1271.669
  0
LINE
  8
0I-HINGES
 10
6248.562
 11
6244.319
 20
-199.254
 21
-203.497
  0
LINE
  8
0I-HINGES
 10
6244.319
 11
6244.319
 20
-203.497
 21
-224.646
  0
LINE
  8
0I-HINGES
 10
6244.319
 11
6233.408
 20
-224.646
 21
-235.558
  0
LINE
  8
0I-HINGES
 10
6233.408
 11
6248.562
 20
-235.558
 21
-250.712
  0
LINE
  8
0I-HINGES
 10
6248.562
 11
6263.716
 20
-250.712
 21
-235.558
  0
LINE
  8
0I-HINGES
 10
6263.716
 11
6252.805
 20
-235.558
 21
-224.646
  0
LINE
  8
0I-HINGES
 10
6252.805
 11
6252.805
 20
-224.646
 21
-203.497
  0
LINE
  8
0I-HINGES
 10
6252.805
 11
6248.533
 20
-203.497
 21
-199.226
  0
LINE
  8
0I-HINGES
 10
6244.319
 11
6229.165
 20
-254.954
 21
-270.108
  0
LINE
  8
0I-HINGES
 10
6229.165
 11
6229.165
 20
-270.108
 21
-239.8
  0
LINE
  8
0I-HINGES
 10
6229.165
 11
6244.319
 20
-239.8
 21
-254.954
  0
LINE
  8
0I-HINGES
 10
6233.408
 11
6248.562
 20
-274.351
 21
-259.197
  0
LINE
  8
0I-HINGES
 10
6248.562
 11
6263.716
 20
-259.197
 21
-274.351
  0
LINE
  8
0I-HINGES
 10
6263.716
 11
6252.805
 20
-274.351
 21
-285.262
  0
LINE
  8
0I-HINGES
 10
6252.805
 11
6252.805
 20
-285.262
 21
-306.412
  0
LINE
  8
0I-HINGES
 10
6252.805
 11
6248.533
 20
-306.412
 21
-310.683
  0
LINE
  8
0I-HINGES
 10
6248.533
 11
6244.319
 20
-310.683
 21
-306.412
  0
LINE
  8
0I-HINGES
 10
6244.319
 11
6244.319
 20
-306.412
 21
-285.262
  0
LINE
  8
0I-HINGES
 10
6244.319
 11
6233.408
 20
-285.262
 21
-274.351
  0
LINE
  8
0I-HINGES
 10
6252.805
 11
6267.959
 20
-254.954
 21
-239.8
  0
LINE
  8
0I-HINGES
 10
6267.959
 11
6267.959
 20
-239.8
 21
-270.108
  0
LINE
  8
0I-HINGES
 10
6267.959
 11
6252.805
 20
-270.108
 21
-254.954
  0
LINE
  8
0I-HINGES
 10
6293.319
 11
6272.201
 20
-295.469
 21
-274.351
  0
LINE
  8
0I-HINGES
 10
6272.201
 11
6273.959
 20
-274.351
 21
-272.594
  0
LINE
  8
0I-HINGES
 10
6273.959
 11
6273.959
 20
-272.594
 21
-237.315
  0
LINE
  8
0I-HINGES
 10
6273.959
 11
6272.201
 20
-237.315
 21
-235.558
  0
LINE
  8
0I-HINGES
 10
6272.201
 11
6293.319
 20
-235.558
 21
-214.44
  0
LINE
  8
0I-HINGES
 10
6293.319
 11
6297.562
 20
-214.44
 21
-218.682
  0
LINE
  8
0I-HINGES
 10
6297.562
 11
6297.562
 20
-218.682
 21
-291.226
  0
LINE
  8
0I-HINGES
 10
6297.562
 11
6293.319
 20
-291.226
 21
-295.469
  0
LINE
  8
0I-HINGES
 10
6283.077
 11
6283.077
 20
-314.954
 21
-305.712
  0
LINE
  8
0I-HINGES
 10
6283.077
 11
6289.077
 20
-305.712
 21
-299.712
  0
LINE
  8
0I-HINGES
 10
6289.077
 11
6267.959
 20
-299.712
 21
-278.594
  0
LINE
  8
0I-HINGES
 10
6267.959
 11
6258.805
 20
-278.594
 21
-287.748
  0
LINE
  8
0I-HINGES
 10
6258.805
 11
6258.805
 20
-287.748
 21
-308.897
  0
LINE
  8
0I-HINGES
 10
6258.805
 11
6252.747
 20
-308.897
 21
-314.954
  0
LINE
  8
0I-HINGES
 10
6303.562
 11
6303.562
 20
-314.954
 21
-305.712
  0
LINE
  8
0I-HINGES
 10
6303.562
 11
6297.562
 20
-305.712
 21
-299.712
  0
LINE
  8
0I-HINGES
 10
6297.562
 11
6303.562
 20
-299.712
 21
-293.712
  0
LINE
  8
0I-HINGES
 10
6303.562
 11
6303.562
 20
-293.712
 21
-216.197
  0
LINE
  8
0I-HINGES
 10
6303.562
 11
6297.562
 20
-216.197
 21
-210.197
  0
LINE
  8
0I-HINGES
 10
6297.562
 11
6303.562
 20
-210.197
 21
-204.197
  0
LINE
  8
0I-HINGES
 10
6303.562
 11
6303.562
 20
-204.197
 21
-194.954
  0
LINE
  8
0I-HINGES
 10
6297.562
 11
6297.562
 20
-314.954
 21
-308.197
  0
LINE
  8
0I-HINGES
 10
6297.562
 11
6293.319
 20
-308.197
 21
-303.954
  0
LINE
  8
0I-HINGES
 10
6293.319
 11
6289.077
 20
-303.954
 21
-308.197
  0
LINE
  8
0I-HINGES
 10
6289.077
 11
6289.077
 20
-308.197
 21
-314.954
  0
LINE
  8
0I-HINGES
 10
6252.747
 11
6258.805
 20
-194.954
 21
-201.012
  0
LINE
  8
0I-HINGES
 10
6258.805
 11
6258.805
 20
-201.012
 21
-222.161
  0
LINE
  8
0I-HINGES
 10
6258.805
 11
6267.959
 20
-222.161
 21
-231.315
  0
LINE
  8
0I-HINGES
 10
6267.959
 11
6289.077
 20
-231.315
 21
-210.197
  0
LINE
  8
0I-HINGES
 10
6289.077
 11
6283.077
 20
-210.197
 21
-204.197
  0
LINE
  8
0I-HINGES
 10
6283.077
 11
6283.077
 20
-204.197
 21
-194.954
  0
LINE
  8
0I-HINGES
 10
6297.562
 11
6297.562
 20
-194.954
 21
-201.712
  0
LINE
  8
0I-HINGES
 10
6297.562
 11
6293.319
 20
-201.712
 21
-205.954
  0
LINE
  8
0I-HINGES
 10
6293.319
 11
6289.077
 20
-205.954
 21
-201.712
  0
LINE
  8
0I-HINGES
 10
6289.077
 11
6289.077
 20
-201.712
 21
-194.954
  0
LINE
  8
0I-HINGES
 10
6203.805
 11
6224.923
 20
-214.44
 21
-235.558
  0
LINE
  8
0I-HINGES
 10
6224.923
 11
6223.165
 20
-235.558
 21
-237.315
  0
LINE
  8
0I-HINGES
 10
6223.165
 11
6223.165
 20
-237.315
 21
-272.594
  0
LINE
  8
0I-HINGES
 10
6223.165
 11
6224.923
 20
-272.594
 21
-274.351
  0
LINE
  8
0I-HINGES
 10
6224.923
 11
6203.805
 20
-274.351
 21
-295.469
  0
LINE
  8
0I-HINGES
 10
6203.805
 11
6199.562
 20
-295.469
 21
-291.226
  0
LINE
  8
0I-HINGES
 10
6199.562
 11
6199.562
 20
-291.226
 21
-218.682
  0
LINE
  8
0I-HINGES
 10
6199.562
 11
6203.805
 20
-218.682
 21
-214.44
  0
LINE
  8
0I-HINGES
 10
6214.047
 11
6214.047
 20
-194.954
 21
-204.197
  0
LINE
  8
0I-HINGES
 10
6214.047
 11
6208.047
 20
-204.197
 21
-210.197
  0
LINE
  8
0I-HINGES
 10
6208.047
 11
6229.165
 20
-210.197
 21
-231.315
  0
LINE
  8
0I-HINGES
 10
6229.165
 11
6238.319
 20
-231.315
 21
-222.161
  0
LINE
  8
0I-HINGES
 10
6238.319
 11
6238.319
 20
-222.161
 21
-201.012
  0
LINE
  8
0I-HINGES
 10
6238.319
 11
6244.377
 20
-201.012
 21
-194.954
  0
LINE
  8
0I-HINGES
 10
6193.562
 11
6193.562
 20
-194.954
 21
-204.197
  0
LINE
  8
0I-HINGES
 10
6193.562
 11
6199.562
 20
-204.197
 21
-210.197
  0
LINE
  8
0I-HINGES
 10
6199.562
 11
6193.562
 20
-210.197
 21
-216.197
  0
LINE
  8
0I-HINGES
 10
6193.562
 11
6193.562
 20
-216.197
 21
-293.712
  0
LINE
  8
0I-HINGES
 10
6193.562
 11
6199.562
 20
-293.712
 21
-299.712
  0
LINE
  8
0I-HINGES
 10
6199.562
 11
6193.562
 20
-299.712
 21
-305.712
  0
LINE
  8
0I-HINGES
 10
6193.562
 11
6193.562
 20
-305.712
 21
-314.954
  0
LINE
  8
0I-HINGES
 10
6199.562
 11
6199.562
 20
-194.954
 21
-201.712
  0
LINE
  8
0I-HINGES
 10
6199.562
 11
6203.805
 20
-201.712
 21
-205.954
  0
LINE
  8
0I-HINGES
 10
6203.805
 11
6208.047
 20
-205.954
 21
-201.712
  0
LINE
  8
0I-HINGES
 10
6208.047
 11
6208.047
 20
-201.712
 21
-194.954
  0
LINE
  8
0I-HINGES
 10
6244.377
 11
6238.319
 20
-314.954
 21
-308.897
  0
LINE
  8
0I-HINGES
 10
6238.319
 11
6238.319
 20
-308.897
 21
-287.748
  0
LINE
  8
0I-HINGES
 10
6238.319
 11
6229.165
 20
-287.748
 21
-278.594
  0
LINE
  8
0I-HINGES
 10
6229.165
 11
6208.047
 20
-278.594
 21
-299.712
  0
LINE
  8
0I-HINGES
 10
6208.047
 11
6214.047
 20
-299.712
 21
-305.712
  0
LINE
  8
0I-HINGES
 10
6214.047
 11
6214.047
 20
-305.712
 21
-314.954
  0
LINE
  8
0I-HINGES
 10
6199.562
 11
6199.562
 20
-314.954
 21
-308.197
  0
LINE
  8
0I-HINGES
 10
6199.562
 11
6203.805
 20
-308.197
 21
-303.954
  0
LINE
  8
0I-HINGES
 10
6203.805
 11
6208.047
 20
-303.954
 21
-308.197
  0
LINE
  8
0I-HINGES
 10
6208.047
 11
6208.047
 20
-308.197
 21
-314.954
  0
LINE
  8
0I-HINGES
 10
6244.319
 11
6244.262
 20
-314.897
 21
-314.954
  0
LINE
  8
COSTRUZIONI
 10
5509.434
 11
5619.434
 20
2308.102
 21
-49.898
  0
LINE
  8
COSTRUZIONI
 10
5619.434
 11
5509.434
 20
2308.102
 21
-49.898
  0
LINE
  8
COSTRUZIONI
 10
5807.632
 11
5917.632
 20
2081.102
 21
-49.898
  0
LINE
  8
COSTRUZIONI
 10
5917.632
 11
5807.632
 20
2081.102
 21
-49.898
  0
LINE
  8
QUOTATURA
 10
5619.434
 11
5619.434
 20
1114.102
 21
1080.171
  0
LINE
  8
QUOTATURA
 10
5509.434
 11
5509.434
 20
1114.102
 21
1080.171
  0
LINE
  8
QUOTATURA
 10
5619.434
 11
5209.41
 20
1095.171
 21
1095.171
  0
LINE
  8
QUOTATURA
 10
5589.434
 11
5619.434
 20
1100.172
 21
1095.171
  0
LINE
  8
QUOTATURA
 10
5619.434
 11
5589.434
 20
1095.171
 21
1090.17
  0
LINE
  8
QUOTATURA
 10
5589.434
 11
5589.434
 20
1090.17
 21
1100.172
  0
LINE
  8
QUOTATURA
 10
5539.434
 11
5509.434
 20
1090.17
 21
1095.171
  0
LINE
  8
QUOTATURA
 10
5509.434
 11
5539.434
 20
1095.171
 21
1100.172
  0
LINE
  8
QUOTATURA
 10
5539.434
 11
5539.434
 20
1100.172
 21
1090.17
  0
LINE
  8
QUOTATURA
 10
5807.632
 11
5807.632
 20
1000.602
 21
836.636
  0
LINE
  8
QUOTATURA
 10
5917.632
 11
5917.632
 20
1000.602
 21
836.636
  0
LINE
  8
QUOTATURA
 10
5807.632
 11
6124.549
 20
851.636
 21
851.636
  0
LINE
  8
QUOTATURA
 10
5837.632
 11
5807.632
 20
846.635
 21
851.636
  0
LINE
  8
QUOTATURA
 10
5807.632
 11
5837.632
 20
851.636
 21
856.637
  0
LINE
  8
QUOTATURA
 10
5837.632
 11
5837.632
 20
856.637
 21
846.635
  0
LINE
  8
QUOTATURA
 10
5887.632
 11
5917.632
 20
856.637
 21
851.636
  0
LINE
  8
QUOTATURA
 10
5917.632
 11
5887.632
 20
851.636
 21
846.635
  0
LINE
  8
QUOTATURA
 10
5887.632
 11
5887.632
 20
846.635
 21
856.637
  0
LINE
  8
QUOTATURA
 10
5563.658
 11
5550.813
 20
547.696
 21
575.264
  0
LINE
  8
QUOTATURA
 10
5550.813
 11
5571.906
 20
575.264
 21
553.353
  0
LINE
  8
QUOTATURA
 10
5571.906
 11
5563.658
 20
553.353
 21
547.696
  0
LINE
  8
QUOTATURA
 10
5550.813
 11
6171.869
 20
575.264
 21
-330.199
  0
LINE
  8
QUOTATURA
 10
6171.869
 11
6334.388
 20
-330.199
 21
-330.199
  0
LINE
  8
QUOTATURA
 10
5867.135
 11
5861.341
 20
472.854
 21
502.711
  0
LINE
  8
QUOTATURA
 10
5861.341
 11
5876.507
 20
502.711
 21
476.348
  0
LINE
  8
QUOTATURA
 10
5876.507
 11
5867.135
 20
476.348
 21
472.854
  0
LINE
  8
QUOTATURA
 10
5861.341
 11
6171.869
 20
502.711
 21
-330.199
  0
LINE
  8
QUOTATURA
 10
6318.562
 11
6446.598
 20
-194.954
 21
-194.954
  0
LINE
  8
QUOTATURA
 10
6318.562
 11
6446.598
 20
-314.954
 21
-314.954
  0
LINE
  8
QUOTATURA
 10
6431.598
 11
6431.598
 20
-314.954
 21
-110.452
  0
LINE
  8
QUOTATURA
 10
6431.598
 11
6506.382
 20
-110.452
 21
-110.452
  0
LINE
  8
QUOTATURA
 10
6426.597
 11
6431.598
 20
-224.954
 21
-194.954
  0
LINE
  8
QUOTATURA
 10
6431.598
 11
6436.599
 20
-194.954
 21
-224.954
  0
LINE
  8
QUOTATURA
 10
6436.599
 11
6426.597
 20
-224.954
 21
-224.954
  0
LINE
  8
QUOTATURA
 10
6436.599
 11
6431.598
 20
-284.954
 21
-314.954
  0
LINE
  8
QUOTATURA
 10
6431.598
 11
6426.597
 20
-314.954
 21
-284.954
  0
LINE
  8
QUOTATURA
 10
6426.597
 11
6436.599
 20
-284.954
 21
-284.954
  0
LINE
  8
QUOTATURA
 10
6193.562
 11
6193.562
 20
-179.954
 21
-113.029
  0
LINE
  8
QUOTATURA
 10
6303.562
 11
6303.562
 20
-179.954
 21
-113.029
  0
LINE
  8
QUOTATURA
 10
6193.562
 11
6331.56
 20
-128.029
 21
-128.029
  0
LINE
  8
QUOTATURA
 10
6223.562
 11
6193.562
 20
-133.03
 21
-128.029
  0
LINE
  8
QUOTATURA
 10
6193.562
 11
6223.562
 20
-128.029
 21
-123.028
  0
LINE
  8
QUOTATURA
 10
6223.562
 11
6223.562
 20
-123.028
 21
-133.03
  0
LINE
  8
QUOTATURA
 10
6273.562
 11
6303.562
 20
-123.028
 21
-128.029
  0
LINE
  8
QUOTATURA
 10
6303.562
 11
6273.562
 20
-128.029
 21
-133.03
  0
LINE
  8
QUOTATURA
 10
6273.562
 11
6273.562
 20
-133.03
 21
-123.028
  0
LINE
  8
QUOTATURA
 10
6193.562
 11
6163.406
 20
-186.883
 21
-186.883
  0
LINE
  8
QUOTATURA
 10
6163.562
 11
6193.562
 20
-181.882
 21
-186.883
  0
LINE
  8
QUOTATURA
 10
6193.562
 11
6163.562
 20
-186.883
 21
-191.884
  0
LINE
  8
QUOTATURA
 10
6163.562
 11
6163.562
 20
-191.884
 21
-181.882
  0
LINE
  8
QUOTATURA
 10
6199.562
 11
6259.562
 20
-186.883
 21
-186.883
  0
LINE
  8
QUOTATURA
 10
6229.562
 11
6199.562
 20
-191.884
 21
-186.883
  0
LINE
  8
QUOTATURA
 10
6199.562
 11
6229.562
 20
-186.883
 21
-181.882
  0
LINE
  8
QUOTATURA
 10
6229.562
 11
6229.562
 20
-181.882
 21
-191.884
  0
TEXT
  8
QUOTATURA
 10
2697.608
 20
1451.5
 30
0.0
 40
20.0
 50
0.0
  1
EST.TEL.=2390
  0
TEXT
  8
QUOTATURA
 10
1143.607
 20
-206.074
 30
0.0
 40
20.0
 50
0.0
  1
LN=2292
  0
TEXT
  8
QUOTATURA
 10
1099.071
 20
-245.244
 30
0.0
 40
20.0
 50
0.0
  1
EST.TEL.=2380
  0
TEXT
  8
QUOTATURA
 10
228.804
 20
-90.882
 30
0.0
 40
20.0
 50
0.0
  1
414
  0
TEXT
  8
QUOTATURA
 10
801.915
 20
-90.882
 30
0.0
 40
20.0
 50
0.0
  1
750
  0
TEXT
  8
QUOTATURA
 10
-76.519
 20
-81.059
 30
0.0
 40
20.0
 50
0.0
  1
150
  0
TEXT
  8
QUOTATURA
 10
-218.402
 20
114.0
 30
0.0
 40
20.0
 50
0.0
  1
248
  0
TEXT
  8
TEXT
 10
2551.246
 20
584.769
 30
0.0
 40
30.0
 50
0.0
  1
SEZ.A
  0
TEXT
  8
TEXT
 10
1149.923
 20
-503.906
 30
0.0
 40
30.0
 50
0.0
  1
SEZ.A
  0
TEXT
  8
TEXT
 10
2090.753
 20
-1017.605
 30
0.0
 40
20.0
 50
0.0
  1
B.Stefano
  0
TEXT
  8
TEXT
 10
653.555
 20
-894.839
 30
0.0
 40
15.0
 50
0.0
  1
file:
  0
TEXT
  8
TEXT
 10
1990.774
 20
-895.148
 30
0.0
 40
15.0
 50
0.0
  1
data:
  0
TEXT
  8
TEXT
 10
2104.31
 20
-914.949
 30
0.0
 40
20.0
 50
0.0
  1
27-03-13
  0
TEXT
  8
TEXT
 10
2105.329
 20
-1071.423
 30
0.0
 40
20.0
 50
0.0
  1
1 : 10
  0
TEXT
  8
TEXT
 10
1988.91
 20
-992.763
 30
0.0
 40
15.0
 50
0.0
  1
responsabile tecnico:
  0
TEXT
  8
TEXT
 10
1990.965
 20
-1045.147
 30
0.0
 40
15.0
 50
0.0
  1
scala:
  0
TEXT
  8
TEXT
 10
191.517
 20
-895.436
 30
0.0
 40
15.0
 50
0.0
  1
Ufficio tecnico:
  0
TEXT
  8
TEXT
 10
190.518
 20
-968.157
 30
0.0
 40
20.0
 50
0.0
  1
tel. 0577-68.54.26
  0
TEXT
  8
TEXT
 10
190.518
 20
-998.157
 30
0.0
 40
20.0
 50
0.0
  1
fax 0577-68.64.29
  0
TEXT
  8
TEXT
 10
190.518
 20
-1028.157
 30
0.0
 40
20.0
 50
0.0
  1
e-mail: tecnico@toscocornici.it
  0
TEXT
  8
TEXT
 10
190.518
 20
-1058.157
 30
0.0
 40
20.0
 50
0.0
  1
web: www.tosococornici.it
  0
TEXT
  8
TEXT
 10
700.4
 20
-915.422
 30
0.0
 40
20.0
 50
0.0
  1
PORTA_MOBILNOVA
  0
TEXT
  8
TEXT
 10
653.555
 20
-944.839
 30
0.0
 40
15.0
 50
0.0
  1
pezzo:
  0
TEXT
  8
TEXT
 10
700.4
 20
-965.422
 30
0.0
 40
20.0
 50
0.0
  1
PEZZO
  0
TEXT
  8
TEXT
 10
653.555
 20
-994.839
 30
0.0
 40
15.0
 50
0.0
  1
note:
  0
TEXT
  8
TEXT
 10
700.4
 20
-1015.422
 30
0.0
 40
20.0
 50
0.0
  1
NOTE
  0
TEXT
  8
TEXT
 10
1187.704
 20
-944.839
 30
0.0
 40
15.0
 50
0.0
  1
lotto:
  0
TEXT
  8
TEXT
 10
1235.754
 20
-965.422
 30
0.0
 40
20.0
 50
0.0
  1
________
  0
TEXT
  8
TEXT
 10
1687.704
 20
-944.839
 30
0.0
 40
15.0
 50
0.0
  1
ordine:
  0
TEXT
  8
TEXT
 10
1741.793
 20
-965.422
 30
0.0
 40
20.0
 50
0.0
  1
______
  0
TEXT
  8
TEXT
 10
1988.812
 20
-944.839
 30
0.0
 40
15.0
 50
0.0
  1
pos:
  0
TEXT
  8
TEXT
 10
2033.226
 20
-965.422
 30
0.0
 40
20.0
 50
0.0
  1
_______
  0
TEXT
  8
QUOTATURA
 10
-380.781
 20
-583.402
 30
0.0
 40
50.0
 50
0.0
  1
50
  0
TEXT
  8
QUOTATURA
 10
-3086.073
 20
1288.415
 30
0.0
 40
50.0
 50
0.0
  1
104
  0
TEXT
  8
QUOTATURA
 10
-2543.584
 20
1799.201
 30
0.0
 40
50.0
 50
0.0
  1
25.9
  0
TEXT
  8
QUOTATURA
 10
-2847.982
 20
1197.126
 30
0.0
 40
50.0
 50
0.0
  1
45
  0
TEXT
  8
QUOTATURA
 10
-1954.012
 20
1391.792
 30
0.0
 40
50.0
 50
0.0
  1
12
  0
TEXT
  8
QUOTATURA
 10
-4335.3
 20
1172.126
 30
0.0
 40
50.0
 50
0.0
  1
50
  0
TEXT
  8
QUOTATURA
 10
-5084.549
 20
1320.259
 30
0.0
 40
50.0
 50
0.0
  1
20.5
  0
TEXT
  8
QUOTATURA
 10
-4331.375
 20
1972.778
 30
0.0
 40
50.0
 50
0.0
  1
90
  0
TEXT
  8
QUOTATURA
 10
-4618.891
 20
840.063
 30
0.0
 40
50.0
 50
0.0
  1
120
  0
TEXT
  8
QUOTATURA
 10
-4620.285
 20
342.84
 30
0.0
 40
50.0
 50
0.0
  1
150
  0
TEXT
  8
QUOTATURA
 10
-4727.018
 20
1012.0
 30
0.0
 40
50.0
 50
0.0
  1
12
  0
TEXT
  8
QUOTATURA
 10
-5526.567
 20
835.416
 30
0.0
 40
50.0
 50
0.0
  1
25
  0
TEXT
  8
QUOTATURA
 10
-4267.357
 20
472.954
 30
0.0
 40
50.0
 50
0.0
  1
28
  0
TEXT
  8
QUOTATURA
 10
-5476.962
 20
1067.763
 30
0.0
 40
50.0
 50
0.0
  1
20
  0
TEXT
  8
QUOTATURA
 10
-3613.121
 20
807.395
 30
0.0
 40
50.0
 50
0.0
  1
20
  0
TEXT
  8
QUOTATURA
 10
-4865.636
 20
1099.586
 30
0.0
 40
50.0
 50
0.0
  1
3
  0
TEXT
  8
TEXT
 10
-4118.317
 20
81.395
 30
0.0
 40
100.0
 50
0.0
  1
ZOCCOLO+DIAMANTE
  0
TEXT
  8
TEXT
 10
-5204.725
 20
2254.211
 30
0.0
 40
200.0
 50
0.0
  1
PORTA_MOBILNOVA_D1
  0
TEXT
  8
TEXT
 10
-36.775
 20
-591.271
 30
0.0
 40
200.0
 50
0.0
  1
D1
  0
TEXT
  8
QUOTATURA
 10
2565.157
 20
1650.909
 30
0.0
 40
30.0
 50
0.0
  1
HANTA=2349
  0
TEXT
  8
QUOTATURA
 10
2716.988
 20
403.871
 30
0.0
 40
30.0
 50
0.0
  1
660
  0
TEXT
  8
TEXT
 10
5825.99
 20
-253.573
 30
0.0
 40
50.0
 50
0.0
  1
X2
  0
TEXT
  8
TEXT
 10
5540.152
 20
-260.17
 30
0.0
 40
50.0
 50
0.0
  1
X1
  0
TEXT
  8
QUOTATURA
 10
5530.656
 20
-131.184
 30
0.0
 40
30.0
 50
0.0
  1
150
  0
TEXT
  8
QUOTATURA
 10
5828.853
 20
-132.671
 30
0.0
 40
30.0
 50
0.0
  1
150
  0
TEXT
  8
QUOTATURA
 10
5368.727
 20
-97.456
 30
0.0
 40
30.0
 50
0.0
  1
20
  0
TEXT
  8
QUOTATURA
 10
6216.85
 20
1000.602
 30
0.0
 40
30.0
 50
0.0
  1
2131
  0
TEXT
  8
TEXT
 10
5521.707
 20
2372.619
 30
0.0
 40
50.0
 50
0.0
  1
COPRIFILI DECORATI
  0
TEXT
  8
TEXT
 10
5720.499
 20
2551.532
 30
0.0
 40
50.0
 50
0.0
  1
DECORO LASER INCISIONE X FOGLIA
  0
TEXT
  8
TEXT
 10
7101.076
 20
-586.511
 30
0.0
 40
20.0
 50
0.0
  1
B.Stefano
  0
TEXT
  8
TEXT
 10
5663.878
 20
-463.745
 30
0.0
 40
15.0
 50
0.0
  1
file:
  0
TEXT
  8
TEXT
 10
7001.097
 20
-464.054
 30
0.0
 40
15.0
 50
0.0
  1
data:
  0
TEXT
  8
TEXT
 10
7114.633
 20
-483.855
 30
0.0
 40
20.0
 50
0.0
  1
27-03-13
  0
TEXT
  8
TEXT
 10
7115.653
 20
-640.329
 30
0.0
 40
20.0
 50
0.0
  1
1 : 10
  0
TEXT
  8
TEXT
 10
6999.233
 20
-561.669
 30
0.0
 40
15.0
 50
0.0
  1
responsabile tecnico:
  0
TEXT
  8
TEXT
 10
7001.288
 20
-614.053
 30
0.0
 40
15.0
 50
0.0
  1
scala:
  0
TEXT
  8
TEXT
 10
5201.84
 20
-464.342
 30
0.0
 40
15.0
 50
0.0
  1
Ufficio tecnico:
  0
TEXT
  8
TEXT
 10
5200.842
 20
-537.063
 30
0.0
 40
20.0
 50
0.0
  1
tel. 0577-68.54.26
  0
TEXT
  8
TEXT
 10
5200.842
 20
-567.063
 30
0.0
 40
20.0
 50
0.0
  1
fax 0577-68.64.29
  0
TEXT
  8
TEXT
 10
5200.842
 20
-597.063
 30
0.0
 40
20.0
 50
0.0
  1
e-mail: tecnico@toscocornici.it
  0
TEXT
  8
TEXT
 10
5200.842
 20
-627.063
 30
0.0
 40
20.0
 50
0.0
  1
web: www.tosococornici.it
  0
TEXT
  8
TEXT
 10
5710.724
 20
-484.328
 30
0.0
 40
20.0
 50
0.0
  1
PORTA_MOBILNOVA_LASER
  0
TEXT
  8
TEXT
 10
5663.878
 20
-513.745
 30
0.0
 40
15.0
 50
0.0
  1
pezzo:
  0
TEXT
  8
TEXT
 10
5710.724
 20
-534.328
 30
0.0
 40
20.0
 50
0.0
  1
PEZZO
  0
TEXT
  8
TEXT
 10
5663.878
 20
-563.745
 30
0.0
 40
15.0
 50
0.0
  1
note:
  0
TEXT
  8
TEXT
 10
5710.724
 20
-584.328
 30
0.0
 40
20.0
 50
0.0
  1
NOTE
  0
TEXT
  8
TEXT
 10
6198.027
 20
-513.745
 30
0.0
 40
15.0
 50
0.0
  1
lotto:
  0
TEXT
  8
TEXT
 10
6246.077
 20
-534.328
 30
0.0
 40
20.0
 50
0.0
  1
________
  0
TEXT
  8
TEXT
 10
6698.027
 20
-513.745
 30
0.0
 40
15.0
 50
0.0
  1
ordine:
  0
TEXT
  8
TEXT
 10
6752.116
 20
-534.328
 30
0.0
 40
20.0
 50
0.0
  1
______
  0
TEXT
  8
TEXT
 10
6999.135
 20
-513.745
 30
0.0
 40
15.0
 50
0.0
  1
pos:
  0
TEXT
  8
TEXT
 10
7043.55
 20
-534.328
 30
0.0
 40
20.0
 50
0.0
  1
_______
  0
TEXT
  8
QUOTATURA
 10
4947.439
 20
1114.102
 30
0.0
 40
30.0
 50
0.0
  1
2358
  0
TEXT
  8
TEXT
 10
6599.562
 20
2362.794
 30
0.0
 40
50.0
 50
0.0
  1
PANNELLO DECORATO
  0
TEXT
  8
TEXT
 10
6694.126
 20
520.156
 30
0.0
 40
50.0
 50
0.0
  1
4 FACCIATE
  0
TEXT
  8
QUOTATURA
 10
6869.008
 20
638.756
 30
0.0
 40
20.0
 50
0.0
  1
536
  0
TEXT
  8
QUOTATURA
 10
6511.342
 20
1467.5
 30
0.0
 40
20.0
 50
0.0
  1
1540
  0
TEXT
  8
TEXT
 10
6693.342
 20
448.213
 30
0.0
 40
50.0
 50
0.0
  1
INCISIONE
  0
TEXT
  8
QUOTATURA
 10
7261.533
 20
1351.532
 30
0.0
 40
30.0
 50
0.0
  1
1317.3
  0
TEXT
  8
QUOTATURA
 10
6835.612
 20
2136.525
 30
0.0
 40
30.0
 50
0.0
  1
439.3
  0
TEXT
  8
QUOTATURA
 10
6862.956
 20
1251.668
 30
0.0
 40
30.0
 50
0.0
  1
10
  0
TEXT
  8
TEXT
 10
5064.692
 20
1143.478
 30
0.0
 40
30.0
 50
0.0
  1
AREA DECORO
  0
TEXT
  8
TEXT
 10
6141.19
 20
925.713
 30
0.0
 40
30.0
 50
0.0
  1
AREA
  0
TEXT
  8
TEXT
 10
6141.19
 20
880.713
 30
0.0
 40
30.0
 50
0.0
  1
DECORO
  0
TEXT
  8
QUOTATURA
 10
5145.732
 20
1080.171
 30
0.0
 40
30.0
 50
0.0
  1
110
  0
TEXT
  8
QUOTATURA
 10
6132.049
 20
836.636
 30
0.0
 40
30.0
 50
0.0
  1
110
  0
TEXT
  8
QUOTATURA
 10
6513.882
 20
-125.452
 30
0.0
 40
30.0
 50
0.0
  1
120
  0
TEXT
  8
QUOTATURA
 10
6339.06
 20
-143.029
 30
0.0
 40
30.0
 50
0.0
  1
110
  0
TEXT
  8
QUOTATURA
 10
6134.414
 20
-201.883
 30
0.0
 40
30.0
 50
0.0
  1
6
  0
ENDSEC
  0
EOF
