  0
SECTION
  2
TABLES
  0
TABLE
  2
LTYPE
 70
     1
  0
LTYPE
  2
DASHED
 70
    64
  3
__ __ __ __ __ __ __ __ __ __ __ __ __ __ __ __
 72
    65
 73
     2
 40
0.75
 49
0.5
 49
-0.25
  0
ENDTAB
  0
ENDSEC
  0
SECTION
  2
BLOCKS
  0
BLOCK
 70
 64
  2
APS_WVOL
  6
DASHED
 10
  0
 20
  0
 30
  0
  0
LINE
  8
WORK_VOLUME
  6
DASHED
 10
0.0
 11
2003.6
 20
0.0
 21
0.0
 30
0.0
 31
0.0
  0
LINE
  8
WORK_VOLUME
  6
DASHED
 10
2003.6
 11
2003.6
 20
0.0
 21
223.3
 30
0.0
 31
0.0
  0
LINE
  8
WORK_VOLUME
  6
DASHED
 10
2003.6
 11
0.0
 20
223.3
 21
223.3
 30
0.0
 31
0.0
  0
LINE
  8
WORK_VOLUME
  6
DASHED
 10
0.0
 11
0.0
 20
223.3
 21
0.0
 30
0.0
 31
0.0
  0
LINE
  8
WORK_VOLUME
  6
DASHED
 10
0.0
 11
0.0
 20
0.0
 21
0.0
 30
0.0
 31
26.0
  0
LINE
  8
WORK_VOLUME
  6
DASHED
 10
0.0
 11
0.0
 20
223.3
 21
223.3
 30
0.0
 31
26.0
  0
LINE
  8
WORK_VOLUME
  6
DASHED
 10
2003.6
 11
2003.6
 20
223.3
 21
223.3
 30
0.0
 31
26.0
  0
LINE
  8
WORK_VOLUME
  6
DASHED
 10
2003.6
 11
2003.6
 20
0.0
 21
0.0
 30
0.0
 31
26.0
  0
LINE
  8
WORK_VOLUME
  6
DASHED
 10
0.0
 11
2003.6
 20
0.0
 21
0.0
 30
26.0
 31
26.0
  0
LINE
  8
WORK_VOLUME
  6
DASHED
 10
2003.6
 11
2003.6
 20
0.0
 21
223.3
 30
26.0
 31
26.0
  0
LINE
  8
WORK_VOLUME
  6
DASHED
 10
2003.6
 11
0.0
 20
223.3
 21
223.3
 30
26.0
 31
26.0
  0
LINE
  8
WORK_VOLUME
  6
DASHED
 10
0.0
 11
0.0
 20
223.3
 21
0.0
 30
26.0
 31
26.0
  0
ENDBLK
  0
ENDSEC
  0
SECTION
  2
ENTITIES
  0
INSERT
  2
APS_WVOL
  8
WORK_VOLUME
  6
DASHED
 10
  0
 20
  0
 30
  0
  0
LINE
  8
COSTRUZIONI
 10
6341.177
 11
6341.177
 20
0.0
 21
2390.0
  0
LINE
  8
COSTRUZIONI
 10
6341.177
 11
3961.177
 20
2390.0
 21
2390.0
  0
LINE
  8
COSTRUZIONI
 10
3961.177
 11
3961.177
 20
2390.0
 21
0.0
  0
LINE
  8
COSTRUZIONI
 10
6297.177
 11
6297.177
 20
0.0
 21
2346.0
  0
LINE
  8
COSTRUZIONI
 10
6297.177
 11
4005.177
 20
2346.0
 21
2346.0
  0
LINE
  8
COSTRUZIONI
 10
4005.177
 11
4005.177
 20
2346.0
 21
0.0
  0
LINE
  8
COSTRUZIONI
 10
4005.177
 11
3961.177
 20
2346.0
 21
2390.0
  0
LINE
  8
COSTRUZIONI
 10
6297.177
 11
6341.177
 20
2346.0
 21
2390.0
  0
LINE
  8
QUOTATURA
 10
6361.177
 11
6873.938
 20
2400.0
 21
2400.0
  0
LINE
  8
QUOTATURA
 10
6361.177
 11
6873.938
 20
0.0
 21
0.0
  0
LINE
  8
QUOTATURA
 10
6863.938
 11
6863.938
 20
2400.0
 21
1215.314
  0
LINE
  8
QUOTATURA
 10
6863.938
 11
6863.938
 20
1184.756
 21
0.0
  0
LINE
  8
QUOTATURA
 10
6860.604
 11
6863.938
 20
2380.0
 21
2400.0
  0
LINE
  8
QUOTATURA
 10
6863.938
 11
6867.272
 20
2400.0
 21
2380.0
  0
LINE
  8
QUOTATURA
 10
6867.272
 11
6860.604
 20
2380.0
 21
2380.0
  0
LINE
  8
QUOTATURA
 10
6867.272
 11
6863.938
 20
20.0
 21
0.0
  0
LINE
  8
QUOTATURA
 10
6863.938
 11
6860.604
 20
0.0
 21
20.0
  0
LINE
  8
QUOTATURA
 10
6860.604
 11
6867.272
 20
20.0
 21
20.0
  0
LINE
  8
QUOTATURA
 10
6351.177
 11
6759.537
 20
2390.0
 21
2390.0
  0
LINE
  8
QUOTATURA
 10
6351.177
 11
6759.537
 20
0.0
 21
0.0
  0
LINE
  8
QUOTATURA
 10
6749.537
 11
6749.537
 20
2390.0
 21
1476.854
  0
LINE
  8
QUOTATURA
 10
6749.537
 11
6749.537
 20
1446.252
 21
0.0
  0
LINE
  8
QUOTATURA
 10
6746.203
 11
6749.537
 20
2370.0
 21
2390.0
  0
LINE
  8
QUOTATURA
 10
6749.537
 11
6752.871
 20
2390.0
 21
2370.0
  0
LINE
  8
QUOTATURA
 10
6752.871
 11
6746.203
 20
2370.0
 21
2370.0
  0
LINE
  8
QUOTATURA
 10
6752.871
 11
6749.537
 20
20.0
 21
0.0
  0
LINE
  8
QUOTATURA
 10
6749.537
 11
6746.203
 20
0.0
 21
20.0
  0
LINE
  8
QUOTATURA
 10
6746.203
 11
6752.871
 20
20.0
 21
20.0
  0
LINE
  8
QUOTATURA
 10
4005.177
 11
4005.177
 20
-10.0
 21
-206.074
  0
LINE
  8
QUOTATURA
 10
6297.177
 11
6297.177
 20
-10.0
 21
-206.074
  0
LINE
  8
QUOTATURA
 10
4005.177
 11
5089.783
 20
-196.074
 21
-196.074
  0
LINE
  8
QUOTATURA
 10
5212.57
 11
6297.177
 20
-196.074
 21
-196.074
  0
LINE
  8
QUOTATURA
 10
4025.177
 11
4005.177
 20
-199.408
 21
-196.074
  0
LINE
  8
QUOTATURA
 10
4005.177
 11
4025.177
 20
-196.074
 21
-192.74
  0
LINE
  8
QUOTATURA
 10
4025.177
 11
4025.177
 20
-192.74
 21
-199.408
  0
LINE
  8
QUOTATURA
 10
6277.177
 11
6297.177
 20
-192.74
 21
-196.074
  0
LINE
  8
QUOTATURA
 10
6297.177
 11
6277.177
 20
-196.074
 21
-199.408
  0
LINE
  8
QUOTATURA
 10
6277.177
 11
6277.177
 20
-199.408
 21
-192.74
  0
LINE
  8
APS_GEOMETRY
 10
5154.677
 11
5154.677
 20
2354.0
 21
5.0
  0
LINE
  8
APS_GEOMETRY
 10
5147.677
 11
5147.677
 20
2354.0
 21
5.0
  0
LINE
  8
APS_GEOMETRY
 10
4404.677
 11
4404.677
 20
2354.0
 21
5.0
  0
LINE
  8
APS_GEOMETRY
 10
5897.677
 11
5897.677
 20
2354.0
 21
5.0
  0
LINE
  8
APS_GEOMETRY
 10
4411.677
 11
4411.677
 20
2354.0
 21
5.0
  0
LINE
  8
APS_GEOMETRY
 10
5890.677
 11
5890.677
 20
2354.0
 21
5.0
  0
LINE
  8
APS_GEOMETRY
 10
6304.677
 11
6304.677
 20
5.0
 21
2354.0
  0
LINE
  8
APS_GEOMETRY
 10
6304.677
 11
3997.677
 20
2354.0
 21
2354.0
  0
LINE
  8
APS_GEOMETRY
 10
3997.677
 11
3997.677
 20
2354.0
 21
5.0
  0
LINE
  8
APS_GEOMETRY
 10
3997.677
 11
6304.677
 20
5.0
 21
5.0
  0
LINE
  8
COSTRUZIONI
 10
6200.677
 11
6200.677
 20
238.1
 21
617.9
  0
ARC
  8
COSTRUZIONI
 10
6193.577
 20
617.9
 40
7.1
 50
0.0
 51
90.0
  0
LINE
  8
COSTRUZIONI
 10
6193.577
 11
6001.777
 20
625.0
 21
625.0
  0
ARC
  8
COSTRUZIONI
 10
6001.777
 20
617.9
 40
7.1
 50
90.0
 51
180.0
  0
LINE
  8
COSTRUZIONI
 10
5994.677
 11
5994.677
 20
617.9
 21
238.1
  0
ARC
  8
COSTRUZIONI
 10
6001.777
 20
238.1
 40
7.1
 50
180.0
 51
270.0
  0
LINE
  8
COSTRUZIONI
 10
6001.777
 11
6193.577
 20
231.0
 21
231.0
  0
ARC
  8
COSTRUZIONI
 10
6193.577
 20
238.1
 40
7.1
 50
270.0
 51
0.0
  0
LINE
  8
COSTRUZIONI
 10
6200.677
 11
6200.677
 20
2242.9
 21
712.1
  0
ARC
  8
COSTRUZIONI
 10
6193.577
 20
712.1
 40
7.1
 50
270.0
 51
360.0
  0
LINE
  8
COSTRUZIONI
 10
6193.577
 11
6001.777
 20
705.0
 21
705.0
  0
ARC
  8
COSTRUZIONI
 10
6001.777
 20
712.1
 40
7.1
 50
180.0
 51
270.0
  0
LINE
  8
COSTRUZIONI
 10
5994.677
 11
5994.677
 20
712.1
 21
2242.9
  0
ARC
  8
COSTRUZIONI
 10
6001.777
 20
2242.9
 40
7.1
 50
90.0
 51
180.0
  0
LINE
  8
COSTRUZIONI
 10
6001.777
 11
6193.577
 20
2250.0
 21
2250.0
  0
ARC
  8
COSTRUZIONI
 10
6193.577
 20
2242.9
 40
7.1
 50
0.0
 51
90.0
  0
LINE
  8
COSTRUZIONI
 10
5050.677
 11
5050.677
 20
2242.9
 21
712.1
  0
ARC
  8
COSTRUZIONI
 10
5043.577
 20
712.1
 40
7.1
 50
270.0
 51
360.0
  0
LINE
  8
COSTRUZIONI
 10
5043.577
 11
4515.777
 20
705.0
 21
705.0
  0
ARC
  8
COSTRUZIONI
 10
4515.777
 20
712.1
 40
7.1
 50
180.0
 51
270.0
  0
LINE
  8
COSTRUZIONI
 10
4508.677
 11
4508.677
 20
712.1
 21
2242.9
  0
ARC
  8
COSTRUZIONI
 10
4515.777
 20
2242.9
 40
7.1
 50
90.0
 51
180.0
  0
LINE
  8
COSTRUZIONI
 10
4515.777
 11
5043.577
 20
2250.0
 21
2250.0
  0
ARC
  8
COSTRUZIONI
 10
5043.577
 20
2242.9
 40
7.1
 50
0.0
 51
90.0
  0
LINE
  8
COSTRUZIONI
 10
5050.677
 11
5050.677
 20
238.1
 21
617.9
  0
ARC
  8
COSTRUZIONI
 10
5043.577
 20
617.9
 40
7.1
 50
0.0
 51
90.0
  0
LINE
  8
COSTRUZIONI
 10
5043.577
 11
4515.777
 20
625.0
 21
625.0
  0
ARC
  8
COSTRUZIONI
 10
4515.777
 20
617.9
 40
7.1
 50
90.0
 51
180.0
  0
LINE
  8
COSTRUZIONI
 10
4508.677
 11
4508.677
 20
617.9
 21
238.1
  0
ARC
  8
COSTRUZIONI
 10
4515.777
 20
238.1
 40
7.1
 50
180.0
 51
270.0
  0
LINE
  8
COSTRUZIONI
 10
4515.777
 11
5043.577
 20
231.0
 21
231.0
  0
ARC
  8
COSTRUZIONI
 10
5043.577
 20
238.1
 40
7.1
 50
270.0
 51
360.0
  0
LINE
  8
COSTRUZIONI
 10
5258.777
 11
5786.577
 20
231.0
 21
231.0
  0
ARC
  8
COSTRUZIONI
 10
5786.577
 20
238.1
 40
7.1
 50
270.0
 51
0.0
  0
LINE
  8
COSTRUZIONI
 10
5793.677
 11
5793.677
 20
238.1
 21
625.0
  0
LINE
  8
COSTRUZIONI
 10
5793.677
 11
5258.777
 20
625.0
 21
625.0
  0
ARC
  8
COSTRUZIONI
 10
5258.777
 20
617.9
 40
7.1
 50
90.0
 51
180.0
  0
LINE
  8
COSTRUZIONI
 10
5251.677
 11
5251.677
 20
617.9
 21
238.1
  0
ARC
  8
COSTRUZIONI
 10
5258.777
 20
238.1
 40
7.1
 50
180.0
 51
270.0
  0
CIRCLE
  8
COSTRUZIONI
 10
5197.677
 20
1045.0
 40
10.0
  0
LINE
  8
COSTRUZIONI
 10
4300.577
 11
4108.777
 20
705.0
 21
705.0
  0
ARC
  8
COSTRUZIONI
 10
4108.777
 20
712.1
 40
7.1
 50
180.0
 51
270.0
  0
LINE
  8
COSTRUZIONI
 10
4101.677
 11
4101.677
 20
712.1
 21
2242.9
  0
ARC
  8
COSTRUZIONI
 10
4108.777
 20
2242.9
 40
7.1
 50
90.0
 51
180.0
  0
LINE
  8
COSTRUZIONI
 10
4108.777
 11
4300.577
 20
2250.0
 21
2250.0
  0
ARC
  8
COSTRUZIONI
 10
4300.577
 20
2242.9
 40
7.1
 50
0.0
 51
90.0
  0
LINE
  8
COSTRUZIONI
 10
4307.677
 11
4307.677
 20
2242.9
 21
712.1
  0
ARC
  8
COSTRUZIONI
 10
4300.577
 20
712.1
 40
7.1
 50
270.0
 51
360.0
  0
LINE
  8
COSTRUZIONI
 10
5786.577
 11
5258.777
 20
705.0
 21
705.0
  0
ARC
  8
COSTRUZIONI
 10
5258.777
 20
712.1
 40
7.1
 50
180.0
 51
270.0
  0
LINE
  8
COSTRUZIONI
 10
5251.677
 11
5251.677
 20
712.1
 21
2242.9
  0
ARC
  8
COSTRUZIONI
 10
5258.777
 20
2242.9
 40
7.1
 50
90.0
 51
180.0
  0
LINE
  8
COSTRUZIONI
 10
5258.777
 11
5786.577
 20
2250.0
 21
2250.0
  0
ARC
  8
COSTRUZIONI
 10
5786.577
 20
2242.9
 40
7.1
 50
360.0
 51
90.0
  0
LINE
  8
COSTRUZIONI
 10
5793.677
 11
5793.677
 20
2242.9
 21
712.1
  0
ARC
  8
COSTRUZIONI
 10
5786.577
 20
712.1
 40
7.1
 50
270.0
 51
360.0
  0
LINE
  8
COSTRUZIONI
 10
4307.677
 11
4307.677
 20
238.1
 21
617.9
  0
ARC
  8
COSTRUZIONI
 10
4300.577
 20
617.9
 40
7.1
 50
0.0
 51
90.0
  0
LINE
  8
COSTRUZIONI
 10
4300.577
 11
4108.777
 20
625.0
 21
625.0
  0
ARC
  8
COSTRUZIONI
 10
4108.777
 20
617.9
 40
7.1
 50
90.0
 51
180.0
  0
LINE
  8
COSTRUZIONI
 10
4101.677
 11
4101.677
 20
617.9
 21
238.1
  0
ARC
  8
COSTRUZIONI
 10
4108.777
 20
238.1
 40
7.1
 50
180.0
 51
270.0
  0
LINE
  8
COSTRUZIONI
 10
4108.777
 11
4300.577
 20
231.0
 21
231.0
  0
ARC
  8
COSTRUZIONI
 10
4300.577
 20
238.1
 40
7.1
 50
270.0
 51
360.0
  0
LINE
  8
APS_GEOMETRY
 10
4290.677
 11
4290.677
 20
729.0
 21
2226.0
  0
ARC
  8
APS_GEOMETRY
 10
4283.677
 20
2226.0
 40
7.0
 50
0.0
 51
90.0
  0
LINE
  8
APS_GEOMETRY
 10
4283.677
 11
4125.677
 20
2233.0
 21
2233.0
  0
ARC
  8
APS_GEOMETRY
 10
4125.677
 20
2226.0
 40
7.0
 50
90.0
 51
180.0
  0
LINE
  8
APS_GEOMETRY
 10
4118.677
 11
4118.677
 20
2226.0
 21
729.0
  0
ARC
  8
APS_GEOMETRY
 10
4125.677
 20
729.0
 40
7.0
 50
180.0
 51
270.0
  0
LINE
  8
APS_GEOMETRY
 10
4125.677
 11
4283.677
 20
722.0
 21
722.0
  0
ARC
  8
APS_GEOMETRY
 10
4283.677
 20
729.0
 40
7.0
 50
270.0
 51
0.0
  0
LINE
  8
APS_GEOMETRY
 10
4290.677
 11
4290.677
 20
255.0
 21
601.0
  0
ARC
  8
APS_GEOMETRY
 10
4283.677
 20
601.0
 40
7.0
 50
0.0
 51
90.0
  0
LINE
  8
APS_GEOMETRY
 10
4283.677
 11
4125.677
 20
608.0
 21
608.0
  0
ARC
  8
APS_GEOMETRY
 10
4125.677
 20
601.0
 40
7.0
 50
90.0
 51
180.0
  0
LINE
  8
APS_GEOMETRY
 10
4118.677
 11
4118.677
 20
601.0
 21
255.0
  0
ARC
  8
APS_GEOMETRY
 10
4125.677
 20
255.0
 40
7.0
 50
180.0
 51
270.0
  0
LINE
  8
APS_GEOMETRY
 10
4125.677
 11
4283.677
 20
248.0
 21
248.0
  0
ARC
  8
APS_GEOMETRY
 10
4283.677
 20
255.0
 40
7.0
 50
270.0
 51
0.0
  0
LINE
  8
APS_GEOMETRY
 10
6176.677
 11
6018.677
 20
248.0
 21
248.0
  0
ARC
  8
APS_GEOMETRY
 10
6018.677
 20
255.0
 40
7.0
 50
180.0
 51
270.0
  0
LINE
  8
APS_GEOMETRY
 10
6011.677
 11
6011.677
 20
255.0
 21
601.0
  0
ARC
  8
APS_GEOMETRY
 10
6018.677
 20
601.0
 40
7.0
 50
90.0
 51
180.0
  0
LINE
  8
APS_GEOMETRY
 10
6018.677
 11
6176.677
 20
608.0
 21
608.0
  0
ARC
  8
APS_GEOMETRY
 10
6176.677
 20
601.0
 40
7.0
 50
360.0
 51
90.0
  0
LINE
  8
APS_GEOMETRY
 10
6183.677
 11
6183.677
 20
601.0
 21
255.0
  0
ARC
  8
APS_GEOMETRY
 10
6176.677
 20
255.0
 40
7.0
 50
270.0
 51
360.0
  0
LINE
  8
APS_GEOMETRY
 10
6183.677
 11
6183.677
 20
729.0
 21
2226.0
  0
ARC
  8
APS_GEOMETRY
 10
6176.677
 20
2226.0
 40
7.0
 50
0.0
 51
90.0
  0
LINE
  8
APS_GEOMETRY
 10
6176.677
 11
6018.677
 20
2233.0
 21
2233.0
  0
ARC
  8
APS_GEOMETRY
 10
6018.677
 20
2226.0
 40
7.0
 50
90.0
 51
180.0
  0
LINE
  8
APS_GEOMETRY
 10
6011.677
 11
6011.677
 20
2226.0
 21
729.0
  0
ARC
  8
APS_GEOMETRY
 10
6018.677
 20
729.0
 40
7.0
 50
180.0
 51
270.0
  0
LINE
  8
APS_GEOMETRY
 10
6018.677
 11
6176.677
 20
722.0
 21
722.0
  0
ARC
  8
APS_GEOMETRY
 10
6176.677
 20
729.0
 40
7.0
 50
270.0
 51
0.0
  0
LINE
  8
APS_GEOMETRY
 10
5769.677
 11
5275.677
 20
608.0
 21
608.0
  0
ARC
  8
APS_GEOMETRY
 10
5275.677
 20
601.0
 40
7.0
 50
90.0
 51
180.0
  0
LINE
  8
APS_GEOMETRY
 10
5268.677
 11
5268.677
 20
601.0
 21
255.0
  0
ARC
  8
APS_GEOMETRY
 10
5275.677
 20
255.0
 40
7.0
 50
180.0
 51
270.0
  0
LINE
  8
APS_GEOMETRY
 10
5275.677
 11
5769.677
 20
248.0
 21
248.0
  0
ARC
  8
APS_GEOMETRY
 10
5769.677
 20
255.0
 40
7.0
 50
270.0
 51
0.0
  0
LINE
  8
APS_GEOMETRY
 10
5776.677
 11
5776.677
 20
255.0
 21
601.0
  0
ARC
  8
APS_GEOMETRY
 10
5769.677
 20
601.0
 40
7.0
 50
0.0
 51
90.0
  0
LINE
  8
APS_GEOMETRY
 10
4525.677
 11
4525.677
 20
255.0
 21
601.0
  0
ARC
  8
APS_GEOMETRY
 10
4532.677
 20
601.0
 40
7.0
 50
90.0
 51
180.0
  0
LINE
  8
APS_GEOMETRY
 10
4532.677
 11
5026.677
 20
608.0
 21
608.0
  0
ARC
  8
APS_GEOMETRY
 10
5026.677
 20
601.0
 40
7.0
 50
360.0
 51
90.0
  0
LINE
  8
APS_GEOMETRY
 10
5033.677
 11
5033.677
 20
601.0
 21
255.0
  0
ARC
  8
APS_GEOMETRY
 10
5026.677
 20
255.0
 40
7.0
 50
270.0
 51
360.0
  0
LINE
  8
APS_GEOMETRY
 10
5026.677
 11
4532.677
 20
248.0
 21
248.0
  0
ARC
  8
APS_GEOMETRY
 10
4532.677
 20
255.0
 40
7.0
 50
180.0
 51
270.0
  0
LINE
  8
APS_GEOMETRY
 10
6330.177
 11
6330.177
 20
0.0
 21
2379.0
  0
LINE
  8
APS_GEOMETRY
 10
6330.177
 11
3972.177
 20
2379.0
 21
2379.0
  0
LINE
  8
APS_GEOMETRY
 10
3972.177
 11
3972.177
 20
2379.0
 21
0.0
  0
LINE
  8
QUOTATURA
 10
3951.177
 11
3951.177
 20
-10.0
 21
-286.576
  0
LINE
  8
QUOTATURA
 10
6351.177
 11
6351.177
 20
-10.0
 21
-286.576
  0
LINE
  8
QUOTATURA
 10
3951.177
 11
5064.769
 20
-276.576
 21
-276.576
  0
LINE
  8
QUOTATURA
 10
5237.584
 11
6351.177
 20
-276.576
 21
-276.576
  0
LINE
  8
QUOTATURA
 10
3971.177
 11
3951.177
 20
-279.91
 21
-276.576
  0
LINE
  8
QUOTATURA
 10
3951.177
 11
3971.177
 20
-276.576
 21
-273.242
  0
LINE
  8
QUOTATURA
 10
3971.177
 11
3971.177
 20
-273.242
 21
-279.91
  0
LINE
  8
QUOTATURA
 10
6331.177
 11
6351.177
 20
-273.242
 21
-276.576
  0
LINE
  8
QUOTATURA
 10
6351.177
 11
6331.177
 20
-276.576
 21
-279.91
  0
LINE
  8
QUOTATURA
 10
6331.177
 11
6331.177
 20
-279.91
 21
-273.242
  0
LINE
  8
QUOTATURA
 10
3961.177
 11
3961.177
 20
-10.0
 21
-245.244
  0
LINE
  8
QUOTATURA
 10
6341.177
 11
6341.177
 20
-10.0
 21
-245.244
  0
LINE
  8
QUOTATURA
 10
3961.177
 11
5045.247
 20
-235.244
 21
-235.244
  0
LINE
  8
QUOTATURA
 10
5257.106
 11
6341.177
 20
-235.244
 21
-235.244
  0
LINE
  8
QUOTATURA
 10
3981.177
 11
3961.177
 20
-238.578
 21
-235.244
  0
LINE
  8
QUOTATURA
 10
3961.177
 11
3981.177
 20
-235.244
 21
-231.91
  0
LINE
  8
QUOTATURA
 10
3981.177
 11
3981.177
 20
-231.91
 21
-238.578
  0
LINE
  8
QUOTATURA
 10
6321.177
 11
6341.177
 20
-231.91
 21
-235.244
  0
LINE
  8
QUOTATURA
 10
6341.177
 11
6321.177
 20
-235.244
 21
-238.578
  0
LINE
  8
QUOTATURA
 10
6321.177
 11
6321.177
 20
-238.578
 21
-231.91
  0
LINE
  8
APS_GEOMETRY
 10
6480.177
 11
6480.177
 20
0.0
 21
2529.0
  0
LINE
  8
APS_GEOMETRY
 10
6480.177
 11
3822.177
 20
2529.0
 21
2529.0
  0
LINE
  8
APS_GEOMETRY
 10
3822.177
 11
3822.177
 20
2529.0
 21
0.0
  0
LINE
  8
APS_GEOMETRY
 10
3972.177
 11
3822.177
 20
248.0
 21
248.0
  0
LINE
  8
APS_GEOMETRY
 10
6330.177
 11
6480.177
 20
248.0
 21
248.0
  0
LINE
  8
APS_GEOMETRY
 10
3972.177
 11
3822.177
 20
0.0
 21
0.0
  0
LINE
  8
APS_GEOMETRY
 10
6330.177
 11
6480.177
 20
0.0
 21
0.0
  0
LINE
  8
APS_GEOMETRY
 10
3972.177
 11
3822.177
 20
2379.0
 21
2379.0
  0
LINE
  8
APS_GEOMETRY
 10
3972.177
 11
3972.177
 20
2379.0
 21
2529.0
  0
LINE
  8
APS_GEOMETRY
 10
6330.177
 11
6480.177
 20
2379.0
 21
2379.0
  0
LINE
  8
APS_GEOMETRY
 10
6330.177
 11
6330.177
 20
2379.0
 21
2529.0
  0
LINE
  8
APS_GEOMETRY
 10
6460.177
 11
6460.177
 20
248.0
 21
2379.0
  0
LINE
  8
APS_GEOMETRY
 10
6330.177
 11
3972.177
 20
2509.0
 21
2509.0
  0
LINE
  8
APS_GEOMETRY
 10
3842.177
 11
3842.177
 20
2379.0
 21
248.0
  0
LINE
  8
APS_GEOMETRY
 10
3952.177
 11
3952.177
 20
2379.0
 21
248.0
  0
LINE
  8
APS_GEOMETRY
 10
6330.177
 11
3972.177
 20
2399.0
 21
2399.0
  0
LINE
  8
APS_GEOMETRY
 10
6350.177
 11
6350.177
 20
248.0
 21
2379.0
  0
LINE
  8
APS_GEOMETRY
 10
4002.177
 11
3972.177
 20
-710.606
 21
-710.606
  0
LINE
  8
APS_GEOMETRY
 10
3967.677
 11
3961.177
 20
-710.606
 21
-710.606
  0
LINE
  8
APS_GEOMETRY
 10
3961.177
 11
3961.177
 20
-710.606
 21
-660.606
  0
LINE
  8
APS_GEOMETRY
 10
3961.177
 11
3965.177
 20
-660.606
 21
-660.606
  0
LINE
  8
APS_GEOMETRY
 10
6294.677
 11
6301.677
 20
-690.606
 21
-690.606
  0
ARC
  8
APS_GEOMETRY
 10
6301.677
 20
-687.606
 40
3.0
 50
270.0
 51
0.0
  0
LINE
  8
APS_GEOMETRY
 10
6304.677
 11
6304.677
 20
-687.606
 21
-663.606
  0
ARC
  8
APS_GEOMETRY
 10
6301.677
 20
-663.606
 40
3.0
 50
0.0
 51
90.0
  0
LINE
  8
APS_GEOMETRY
 10
6301.677
 11
4407.677
 20
-660.606
 21
-660.606
  0
ARC
  8
APS_GEOMETRY
 10
4407.677
 20
-663.606
 40
3.0
 50
90.0
 51
180.0
  0
LINE
  8
APS_GEOMETRY
 10
4404.677
 11
4404.677
 20
-663.606
 21
-687.606
  0
ARC
  8
APS_GEOMETRY
 10
4407.677
 20
-687.606
 40
3.0
 50
180.0
 51
270.0
  0
LINE
  8
APS_GEOMETRY
 10
4407.677
 11
4414.677
 20
-690.606
 21
-690.606
  0
LINE
  8
APS_GEOMETRY
 10
4414.677
 11
4414.677
 20
-690.606
 21
-702.606
  0
ARC
  8
APS_GEOMETRY
 10
4417.677
 20
-702.606
 40
3.0
 50
180.0
 51
270.0
  0
LINE
  8
APS_GEOMETRY
 10
4417.677
 11
6291.677
 20
-705.606
 21
-705.606
  0
ARC
  8
APS_GEOMETRY
 10
6291.677
 20
-702.606
 40
3.0
 50
270.0
 51
0.0
  0
LINE
  8
APS_GEOMETRY
 10
6294.677
 11
6294.677
 20
-702.606
 21
-690.606
  0
LINE
  8
APS_GEOMETRY
 10
4401.677
 11
4401.677
 20
-663.606
 21
-690.606
  0
LINE
  8
APS_GEOMETRY
 10
4401.677
 11
4408.677
 20
-690.606
 21
-690.606
  0
ARC
  8
APS_GEOMETRY
 10
4408.677
 20
-693.606
 40
3.0
 50
360.0
 51
90.0
  0
LINE
  8
APS_GEOMETRY
 10
4411.677
 11
4411.677
 20
-693.606
 21
-702.606
  0
ARC
  8
APS_GEOMETRY
 10
4408.677
 20
-702.606
 40
3.0
 50
270.0
 51
360.0
  0
LINE
  8
APS_GEOMETRY
 10
4101.677
 11
4101.677
 20
-660.606
 21
-705.606
  0
LINE
  8
APS_GEOMETRY
 10
4101.677
 11
4010.677
 20
-705.606
 21
-705.606
  0
ARC
  8
APS_GEOMETRY
 10
4010.677
 20
-702.606
 40
3.0
 50
180.0
 51
270.0
  0
LINE
  8
APS_GEOMETRY
 10
4007.677
 11
4007.677
 20
-702.606
 21
-690.606
  0
LINE
  8
APS_GEOMETRY
 10
4007.677
 11
4000.677
 20
-690.606
 21
-690.606
  0
ARC
  8
APS_GEOMETRY
 10
4000.677
 20
-687.606
 40
3.0
 50
180.0
 51
270.0
  0
LINE
  8
APS_GEOMETRY
 10
3997.677
 11
3997.677
 20
-687.606
 21
-663.606
  0
ARC
  8
APS_GEOMETRY
 10
4000.677
 20
-663.606
 40
3.0
 50
90.0
 51
180.0
  0
LINE
  8
APS_GEOMETRY
 10
4000.677
 11
4101.677
 20
-660.606
 21
-660.606
  0
LINE
  8
APS_GEOMETRY
 10
4398.677
 11
4307.677
 20
-660.606
 21
-660.606
  0
LINE
  8
APS_GEOMETRY
 10
4307.677
 11
4307.677
 20
-660.606
 21
-705.606
  0
LINE
  8
APS_GEOMETRY
 10
4307.677
 11
4408.677
 20
-705.606
 21
-705.606
  0
ARC
  8
APS_GEOMETRY
 10
4398.677
 20
-663.606
 40
3.0
 50
360.0
 51
90.0
  0
LINE
  8
QUOTATURA
 10
3997.677
 11
3997.677
 20
-5.0
 21
-90.882
  0
LINE
  8
QUOTATURA
 10
4411.677
 11
4411.677
 20
-5.0
 21
-90.882
  0
LINE
  8
QUOTATURA
 10
3997.677
 11
4175.579
 20
-80.882
 21
-80.882
  0
LINE
  8
QUOTATURA
 10
4233.775
 11
4411.677
 20
-80.882
 21
-80.882
  0
LINE
  8
QUOTATURA
 10
4017.677
 11
3997.677
 20
-84.216
 21
-80.882
  0
LINE
  8
QUOTATURA
 10
3997.677
 11
4017.677
 20
-80.882
 21
-77.548
  0
LINE
  8
QUOTATURA
 10
4017.677
 11
4017.677
 20
-77.548
 21
-84.216
  0
LINE
  8
QUOTATURA
 10
4391.677
 11
4411.677
 20
-77.548
 21
-80.882
  0
LINE
  8
QUOTATURA
 10
4411.677
 11
4391.677
 20
-80.882
 21
-84.216
  0
LINE
  8
QUOTATURA
 10
4391.677
 11
4391.677
 20
-84.216
 21
-77.548
  0
LINE
  8
QUOTATURA
 10
4404.677
 11
4404.677
 20
-5.0
 21
-90.882
  0
LINE
  8
QUOTATURA
 10
5154.677
 11
5154.677
 20
-5.0
 21
-90.882
  0
LINE
  8
QUOTATURA
 10
4404.677
 11
4748.642
 20
-80.882
 21
-80.882
  0
LINE
  8
QUOTATURA
 10
4810.711
 11
5154.677
 20
-80.882
 21
-80.882
  0
LINE
  8
QUOTATURA
 10
4424.677
 11
4404.677
 20
-84.216
 21
-80.882
  0
LINE
  8
QUOTATURA
 10
4404.677
 11
4424.677
 20
-80.882
 21
-77.548
  0
LINE
  8
QUOTATURA
 10
4424.677
 11
4424.677
 20
-77.548
 21
-84.216
  0
LINE
  8
QUOTATURA
 10
5134.677
 11
5154.677
 20
-77.548
 21
-80.882
  0
LINE
  8
QUOTATURA
 10
5154.677
 11
5134.677
 20
-80.882
 21
-84.216
  0
LINE
  8
QUOTATURA
 10
5134.677
 11
5134.677
 20
-84.216
 21
-77.548
  0
ARC
  8
APS_GEOMETRY
 10
5150.677
 20
-663.606
 40
3.0
 50
90.0
 51
180.0
  0
LINE
  8
APS_GEOMETRY
 10
5147.677
 11
5147.677
 20
-663.606
 21
-687.606
  0
ARC
  8
APS_GEOMETRY
 10
5150.677
 20
-687.606
 40
3.0
 50
180.0
 51
270.0
  0
LINE
  8
APS_GEOMETRY
 10
5150.677
 11
5157.677
 20
-690.606
 21
-690.606
  0
LINE
  8
APS_GEOMETRY
 10
5157.677
 11
5157.677
 20
-690.606
 21
-702.606
  0
ARC
  8
APS_GEOMETRY
 10
5160.677
 20
-702.606
 40
3.0
 50
180.0
 51
270.0
  0
LINE
  8
APS_GEOMETRY
 10
5144.677
 11
5144.677
 20
-663.606
 21
-690.606
  0
LINE
  8
APS_GEOMETRY
 10
5144.677
 11
5151.677
 20
-690.606
 21
-690.606
  0
ARC
  8
APS_GEOMETRY
 10
5151.677
 20
-693.606
 40
3.0
 50
360.0
 51
90.0
  0
LINE
  8
APS_GEOMETRY
 10
5154.677
 11
5154.677
 20
-693.606
 21
-702.606
  0
ARC
  8
APS_GEOMETRY
 10
5151.677
 20
-702.606
 40
3.0
 50
270.0
 51
360.0
  0
ARC
  8
APS_GEOMETRY
 10
5141.677
 20
-663.606
 40
3.0
 50
360.0
 51
90.0
  0
ARC
  8
APS_GEOMETRY
 10
5894.677
 20
-663.606
 40
3.0
 50
360.0
 51
90.0
  0
LINE
  8
APS_GEOMETRY
 10
5897.677
 11
5897.677
 20
-663.606
 21
-687.606
  0
ARC
  8
APS_GEOMETRY
 10
5894.677
 20
-687.606
 40
3.0
 50
270.0
 51
360.0
  0
LINE
  8
APS_GEOMETRY
 10
5894.677
 11
5887.677
 20
-690.606
 21
-690.606
  0
LINE
  8
APS_GEOMETRY
 10
5887.677
 11
5887.677
 20
-690.606
 21
-702.606
  0
ARC
  8
APS_GEOMETRY
 10
5884.677
 20
-702.606
 40
3.0
 50
270.0
 51
360.0
  0
LINE
  8
APS_GEOMETRY
 10
5900.677
 11
5900.677
 20
-663.606
 21
-690.606
  0
LINE
  8
APS_GEOMETRY
 10
5900.677
 11
5893.677
 20
-690.606
 21
-690.606
  0
ARC
  8
APS_GEOMETRY
 10
5893.677
 20
-693.606
 40
3.0
 50
90.0
 51
180.0
  0
LINE
  8
APS_GEOMETRY
 10
5890.677
 11
5890.677
 20
-693.606
 21
-702.606
  0
ARC
  8
APS_GEOMETRY
 10
5893.677
 20
-702.606
 40
3.0
 50
180.0
 51
270.0
  0
ARC
  8
APS_GEOMETRY
 10
5903.677
 20
-663.606
 40
3.0
 50
90.0
 51
180.0
  0
LINE
  8
APS_GEOMETRY
 10
3965.177
 11
3965.177
 20
-660.606
 21
-674.606
  0
LINE
  8
APS_GEOMETRY
 10
3965.177
 11
3969.677
 20
-674.606
 21
-674.606
  0
LINE
  8
APS_GEOMETRY
 10
3969.677
 11
3969.677
 20
-674.606
 21
-660.606
  0
LINE
  8
APS_GEOMETRY
 10
3969.677
 11
3991.677
 20
-660.606
 21
-660.606
  0
ARC
  8
APS_GEOMETRY
 10
3991.677
 20
-663.606
 40
3.0
 50
360.0
 51
90.0
  0
LINE
  8
APS_GEOMETRY
 10
3994.677
 11
3994.677
 20
-663.606
 21
-690.606
  0
LINE
  8
APS_GEOMETRY
 10
3994.677
 11
4005.177
 20
-690.606
 21
-690.606
  0
LINE
  8
APS_GEOMETRY
 10
4005.177
 11
4005.177
 20
-690.606
 21
-707.606
  0
ARC
  8
APS_GEOMETRY
 10
4002.177
 20
-707.606
 40
3.0
 50
270.0
 51
360.0
  0
LINE
  8
APS_GEOMETRY
 10
3967.677
 11
3967.677
 20
-710.606
 21
-696.606
  0
LINE
  8
APS_GEOMETRY
 10
3967.677
 11
3972.177
 20
-696.606
 21
-696.606
  0
LINE
  8
APS_GEOMETRY
 10
3972.177
 11
3972.177
 20
-696.606
 21
-710.606
  0
LINE
  8
APS_GEOMETRY
 10
3890.177
 11
3890.177
 20
-657.606
 21
-660.606
  0
LINE
  8
APS_GEOMETRY
 10
3890.177
 11
3879.177
 20
-660.606
 21
-660.606
  0
LINE
  8
APS_GEOMETRY
 10
3879.177
 11
3879.177
 20
-660.606
 21
-645.606
  0
ARC
  8
APS_GEOMETRY
 10
3884.677
 20
-645.606
 40
5.5
 50
3.945
 51
180.0
  0
ARC
  8
APS_GEOMETRY
 10
3890.662
 20
-645.193
 40
0.5
 50
183.945
 51
258.69
  0
LINE
  8
APS_GEOMETRY
 10
3890.564
 11
3892.378
 20
-645.684
 21
-646.046
  0
ARC
  8
APS_GEOMETRY
 10
3892.28
 20
-646.537
 40
0.5
 50
12.647
 51
78.69
  0
ARC
  8
APS_GEOMETRY
 10
3896.427
 20
-645.606
 40
3.75
 50
192.647
 51
352.846
  0
ARC
  8
APS_GEOMETRY
 10
3900.644
 20
-646.135
 40
0.5
 50
86.522
 51
172.846
  0
LINE
  8
APS_GEOMETRY
 10
3900.674
 11
3960.415
 20
-645.636
 21
-649.267
  0
ARC
  8
APS_GEOMETRY
 10
3960.385
 20
-649.766
 40
0.5
 50
20.0
 51
86.522
  0
LINE
  8
APS_GEOMETRY
 10
3960.855
 11
3961.103
 20
-649.595
 21
-650.277
  0
ARC
  8
APS_GEOMETRY
 10
3961.573
 20
-650.106
 40
0.5
 50
200.0
 51
270.0
  0
LINE
  8
APS_GEOMETRY
 10
3961.573
 11
3962.177
 20
-650.606
 21
-650.606
  0
ARC
  8
APS_GEOMETRY
 10
3962.177
 20
-657.606
 40
7.0
 50
0.0
 51
90.0
  0
LINE
  8
APS_GEOMETRY
 10
3969.177
 11
3969.177
 20
-657.606
 21
-672.606
  0
LINE
  8
APS_GEOMETRY
 10
3969.177
 11
3966.15
 20
-672.606
 21
-672.08
  0
LINE
  8
APS_GEOMETRY
 10
3966.15
 11
3965.177
 20
-672.08
 21
-671.106
  0
LINE
  8
APS_GEOMETRY
 10
3965.177
 11
3965.177
 20
-671.106
 21
-660.606
  0
LINE
  8
APS_GEOMETRY
 10
3965.177
 11
3960.677
 20
-660.606
 21
-660.606
  0
LINE
  8
APS_GEOMETRY
 10
3960.677
 11
3960.677
 20
-660.606
 21
-657.606
  0
LINE
  8
APS_GEOMETRY
 10
3960.677
 11
3890.177
 20
-657.606
 21
-657.606
  0
LINE
  8
QUOTATURA
 10
3972.177
 11
3972.177
 20
-10.0
 21
-81.059
  0
LINE
  8
QUOTATURA
 10
3822.177
 11
3822.177
 20
-10.0
 21
-81.059
  0
LINE
  8
QUOTATURA
 10
3972.177
 11
3924.696
 20
-71.059
 21
-71.059
  0
LINE
  8
QUOTATURA
 10
3869.657
 11
3822.177
 20
-71.059
 21
-71.059
  0
LINE
  8
QUOTATURA
 10
3952.177
 11
3972.177
 20
-67.725
 21
-71.059
  0
LINE
  8
QUOTATURA
 10
3972.177
 11
3952.177
 20
-71.059
 21
-74.393
  0
LINE
  8
QUOTATURA
 10
3952.177
 11
3952.177
 20
-74.393
 21
-67.725
  0
LINE
  8
QUOTATURA
 10
3842.177
 11
3822.177
 20
-74.393
 21
-71.059
  0
LINE
  8
QUOTATURA
 10
3822.177
 11
3842.177
 20
-71.059
 21
-67.725
  0
LINE
  8
QUOTATURA
 10
3842.177
 11
3842.177
 20
-67.725
 21
-74.393
  0
LINE
  8
QUOTATURA
 10
3812.177
 11
3749.078
 20
0.0
 21
0.0
  0
LINE
  8
QUOTATURA
 10
3812.177
 11
3749.078
 20
248.0
 21
248.0
  0
LINE
  8
QUOTATURA
 10
3759.078
 11
3759.078
 20
0.0
 21
108.81
  0
LINE
  8
QUOTATURA
 10
3759.078
 11
3759.078
 20
139.063
 21
248.0
  0
LINE
  8
QUOTATURA
 10
3762.412
 11
3759.078
 20
20.0
 21
0.0
  0
LINE
  8
QUOTATURA
 10
3759.078
 11
3755.744
 20
0.0
 21
20.0
  0
LINE
  8
QUOTATURA
 10
3755.744
 11
3762.412
 20
20.0
 21
20.0
  0
LINE
  8
QUOTATURA
 10
3755.744
 11
3759.078
 20
228.0
 21
248.0
  0
LINE
  8
QUOTATURA
 10
3759.078
 11
3762.412
 20
248.0
 21
228.0
  0
LINE
  8
QUOTATURA
 10
3762.412
 11
3755.744
 20
228.0
 21
228.0
  0
LINE
  8
QUOTATURA
 10
6582.861
 11
6574.526
 20
452.612
 21
402.612
  0
LINE
  8
QUOTATURA
 10
6574.526
 11
6566.191
 20
402.612
 21
452.612
  0
LINE
  8
QUOTATURA
 10
6566.191
 11
6582.861
 20
452.612
 21
452.612
  0
LINE
  8
QUOTATURA
 10
6574.526
 11
6574.526
 20
402.612
 21
562.0
  0
LINE
  8
QUOTATURA
 10
6574.526
 11
6494.832
 20
562.0
 21
562.0
  0
ARC
  8
APS_GEOMETRY
 10
3961.677
 20
-725.606
 40
10.0
 50
180.0
 51
0.0
  0
LINE
  8
APS_GEOMETRY
 10
3971.677
 11
3971.677
 20
-725.606
 21
-698.606
  0
LINE
  8
APS_GEOMETRY
 10
3971.677
 11
3968.65
 20
-698.606
 21
-699.132
  0
LINE
  8
APS_GEOMETRY
 10
3968.65
 11
3967.677
 20
-699.132
 21
-700.106
  0
LINE
  8
APS_GEOMETRY
 10
3967.677
 11
3967.677
 20
-700.106
 21
-710.606
  0
LINE
  8
APS_GEOMETRY
 10
3967.677
 11
3951.677
 20
-710.606
 21
-710.606
  0
LINE
  8
APS_GEOMETRY
 10
3951.677
 11
3951.677
 20
-710.606
 21
-713.606
  0
LINE
  8
APS_GEOMETRY
 10
3841.677
 11
3841.677
 20
-713.606
 21
-710.606
  0
LINE
  8
APS_GEOMETRY
 10
3841.677
 11
3821.677
 20
-710.606
 21
-710.606
  0
LINE
  8
APS_GEOMETRY
 10
3821.677
 11
3821.677
 20
-710.606
 21
-725.606
  0
ARC
  8
APS_GEOMETRY
 10
3831.677
 20
-725.606
 40
10.0
 50
180.0
 51
360.0
  0
ARC
  8
APS_GEOMETRY
 10
3831.677
 20
-725.606
 40
10.0
 50
360.0
 51
0.0
  0
LINE
  8
APS_GEOMETRY
 10
3956.677
 11
3836.677
 20
-713.606
 21
-713.606
  0
LINE
  8
APS_GEOMETRY
 10
3836.677
 11
3836.677
 20
-713.606
 21
-725.606
  0
LINE
  8
APS_GEOMETRY
 10
3836.677
 11
3956.677
 20
-725.606
 21
-725.606
  0
LINE
  8
APS_GEOMETRY
 10
3956.677
 11
3956.677
 20
-725.606
 21
-713.606
  0
LINE
  8
COSTRUZIONI
 10
3821.677
 11
3821.677
 20
-725.606
 21
-736.606
  0
ARC
  8
COSTRUZIONI
 10
3826.677
 20
-736.606
 40
5.0
 50
180.0
 51
270.0
  0
LINE
  8
COSTRUZIONI
 10
3826.677
 11
3966.677
 20
-741.606
 21
-741.606
  0
ARC
  8
COSTRUZIONI
 10
3966.677
 20
-736.606
 40
5.0
 50
270.0
 51
0.0
  0
LINE
  8
COSTRUZIONI
 10
3971.677
 11
3971.677
 20
-736.606
 21
-725.606
  0
LINE
  8
APS_GEOMETRY
 10
6300.177
 11
6330.177
 20
-710.606
 21
-710.606
  0
LINE
  8
APS_GEOMETRY
 10
6334.677
 11
6341.177
 20
-710.606
 21
-710.606
  0
LINE
  8
APS_GEOMETRY
 10
6341.177
 11
6341.177
 20
-710.606
 21
-660.606
  0
LINE
  8
APS_GEOMETRY
 10
6341.177
 11
6337.177
 20
-660.606
 21
-660.606
  0
LINE
  8
APS_GEOMETRY
 10
6337.177
 11
6337.177
 20
-660.606
 21
-674.606
  0
LINE
  8
APS_GEOMETRY
 10
6337.177
 11
6332.677
 20
-674.606
 21
-674.606
  0
LINE
  8
APS_GEOMETRY
 10
6332.677
 11
6332.677
 20
-674.606
 21
-660.606
  0
LINE
  8
APS_GEOMETRY
 10
6332.677
 11
6310.677
 20
-660.606
 21
-660.606
  0
ARC
  8
APS_GEOMETRY
 10
6310.677
 20
-663.606
 40
3.0
 50
90.0
 51
180.0
  0
LINE
  8
APS_GEOMETRY
 10
6307.677
 11
6307.677
 20
-663.606
 21
-690.606
  0
LINE
  8
APS_GEOMETRY
 10
6307.677
 11
6297.177
 20
-690.606
 21
-690.606
  0
LINE
  8
APS_GEOMETRY
 10
6297.177
 11
6297.177
 20
-690.606
 21
-707.606
  0
ARC
  8
APS_GEOMETRY
 10
6300.177
 20
-707.606
 40
3.0
 50
180.0
 51
270.0
  0
LINE
  8
APS_GEOMETRY
 10
6334.677
 11
6334.677
 20
-710.606
 21
-696.606
  0
LINE
  8
APS_GEOMETRY
 10
6334.677
 11
6330.177
 20
-696.606
 21
-696.606
  0
LINE
  8
APS_GEOMETRY
 10
6330.177
 11
6330.177
 20
-696.606
 21
-710.606
  0
LINE
  8
APS_GEOMETRY
 10
6412.177
 11
6412.177
 20
-657.606
 21
-660.606
  0
LINE
  8
APS_GEOMETRY
 10
6412.177
 11
6423.177
 20
-660.606
 21
-660.606
  0
LINE
  8
APS_GEOMETRY
 10
6423.177
 11
6423.177
 20
-660.606
 21
-645.606
  0
ARC
  8
APS_GEOMETRY
 10
6417.677
 20
-645.606
 40
5.5
 50
0.0
 51
176.055
  0
ARC
  8
APS_GEOMETRY
 10
6411.691
 20
-645.193
 40
0.5
 50
281.31
 51
356.055
  0
LINE
  8
APS_GEOMETRY
 10
6411.789
 11
6409.975
 20
-645.684
 21
-646.046
  0
ARC
  8
APS_GEOMETRY
 10
6410.073
 20
-646.537
 40
0.5
 50
101.31
 51
167.353
  0
ARC
  8
APS_GEOMETRY
 10
6405.927
 20
-645.606
 40
3.75
 50
187.154
 51
347.353
  0
ARC
  8
APS_GEOMETRY
 10
6401.71
 20
-646.135
 40
0.5
 50
7.154
 51
93.478
  0
LINE
  8
APS_GEOMETRY
 10
6401.679
 11
6341.938
 20
-645.636
 21
-649.267
  0
ARC
  8
APS_GEOMETRY
 10
6341.968
 20
-649.766
 40
0.5
 50
93.478
 51
160.0
  0
LINE
  8
APS_GEOMETRY
 10
6341.499
 11
6341.25
 20
-649.595
 21
-650.277
  0
ARC
  8
APS_GEOMETRY
 10
6340.781
 20
-650.106
 40
0.5
 50
270.0
 51
340.0
  0
LINE
  8
APS_GEOMETRY
 10
6340.781
 11
6340.177
 20
-650.606
 21
-650.606
  0
ARC
  8
APS_GEOMETRY
 10
6340.177
 20
-657.606
 40
7.0
 50
90.0
 51
180.0
  0
LINE
  8
APS_GEOMETRY
 10
6333.177
 11
6333.177
 20
-657.606
 21
-672.606
  0
LINE
  8
APS_GEOMETRY
 10
6333.177
 11
6336.203
 20
-672.606
 21
-672.08
  0
LINE
  8
APS_GEOMETRY
 10
6336.203
 11
6337.177
 20
-672.08
 21
-671.106
  0
LINE
  8
APS_GEOMETRY
 10
6337.177
 11
6337.177
 20
-671.106
 21
-660.606
  0
LINE
  8
APS_GEOMETRY
 10
6337.177
 11
6341.677
 20
-660.606
 21
-660.606
  0
LINE
  8
APS_GEOMETRY
 10
6341.677
 11
6341.677
 20
-660.606
 21
-657.606
  0
LINE
  8
APS_GEOMETRY
 10
6341.677
 11
6412.177
 20
-657.606
 21
-657.606
  0
ARC
  8
APS_GEOMETRY
 10
6340.677
 20
-725.606
 40
10.0
 50
180.0
 51
360.0
  0
LINE
  8
APS_GEOMETRY
 10
6330.677
 11
6330.677
 20
-725.606
 21
-698.606
  0
LINE
  8
APS_GEOMETRY
 10
6330.677
 11
6333.703
 20
-698.606
 21
-699.132
  0
LINE
  8
APS_GEOMETRY
 10
6333.703
 11
6334.677
 20
-699.132
 21
-700.106
  0
LINE
  8
APS_GEOMETRY
 10
6334.677
 11
6334.677
 20
-700.106
 21
-710.606
  0
LINE
  8
APS_GEOMETRY
 10
6334.677
 11
6350.677
 20
-710.606
 21
-710.606
  0
LINE
  8
APS_GEOMETRY
 10
6350.677
 11
6350.677
 20
-710.606
 21
-713.606
  0
LINE
  8
APS_GEOMETRY
 10
6460.677
 11
6460.677
 20
-713.606
 21
-710.606
  0
LINE
  8
APS_GEOMETRY
 10
6460.677
 11
6480.677
 20
-710.606
 21
-710.606
  0
LINE
  8
APS_GEOMETRY
 10
6480.677
 11
6480.677
 20
-710.606
 21
-725.606
  0
ARC
  8
APS_GEOMETRY
 10
6470.677
 20
-725.606
 40
10.0
 50
180.0
 51
360.0
  0
ARC
  8
APS_GEOMETRY
 10
6470.677
 20
-725.606
 40
10.0
 50
360.0
 51
360.0
  0
LINE
  8
APS_GEOMETRY
 10
6345.677
 11
6465.677
 20
-713.606
 21
-713.606
  0
LINE
  8
APS_GEOMETRY
 10
6465.677
 11
6465.677
 20
-713.606
 21
-725.606
  0
LINE
  8
APS_GEOMETRY
 10
6465.677
 11
6345.677
 20
-725.606
 21
-725.606
  0
LINE
  8
APS_GEOMETRY
 10
6345.677
 11
6345.677
 20
-725.606
 21
-713.606
  0
LINE
  8
COSTRUZIONI
 10
6480.677
 11
6480.677
 20
-725.606
 21
-736.606
  0
ARC
  8
COSTRUZIONI
 10
6475.677
 20
-736.606
 40
5.0
 50
270.0
 51
360.0
  0
LINE
  8
COSTRUZIONI
 10
6475.677
 11
6335.677
 20
-741.606
 21
-741.606
  0
ARC
  8
COSTRUZIONI
 10
6335.677
 20
-736.606
 40
5.0
 50
180.0
 51
270.0
  0
LINE
  8
COSTRUZIONI
 10
6330.677
 11
6330.677
 20
-736.606
 21
-725.606
  0
LINE
  8
APS_GEOMETRY
 10
4102.677
 11
4117.677
 20
-677.106
 21
-677.106
  0
ARC
  8
APS_GEOMETRY
 10
4117.677
 20
-676.106
 40
1.0
 50
270.0
 51
0.0
  0
LINE
  8
APS_GEOMETRY
 10
4118.677
 11
4118.677
 20
-676.106
 21
-675.306
  0
ARC
  8
APS_GEOMETRY
 10
4118.477
 20
-675.306
 40
0.2
 50
0.0
 51
90.0
  0
LINE
  8
APS_GEOMETRY
 10
4118.477
 11
4117.877
 20
-675.106
 21
-675.106
  0
ARC
  8
APS_GEOMETRY
 10
4117.877
 20
-674.906
 40
0.2
 50
180.0
 51
270.0
  0
LINE
  8
APS_GEOMETRY
 10
4117.677
 11
4117.677
 20
-674.906
 21
-674.304
  0
ARC
  8
APS_GEOMETRY
 10
4117.477
 20
-674.304
 40
0.2
 50
0.0
 51
88.512
  0
ARC
  8
APS_GEOMETRY
 10
4117.677
 20
-666.606
 40
7.5
 50
180.0
 51
268.512
  0
ARC
  8
APS_GEOMETRY
 10
4100.177
 20
-666.606
 40
10.0
 50
0.0
 51
136.826
  0
ARC
  8
APS_GEOMETRY
 10
4093.248
 20
-660.106
 40
0.5
 50
136.826
 51
270.0
  0
LINE
  8
APS_GEOMETRY
 10
4093.248
 11
4102.677
 20
-660.606
 21
-660.606
  0
LINE
  8
APS_GEOMETRY
 10
4102.677
 11
4102.677
 20
-677.106
 21
-660.606
  0
LINE
  8
APS_GEOMETRY
 10
4102.677
 11
4117.677
 20
-689.106
 21
-689.106
  0
ARC
  8
APS_GEOMETRY
 10
4117.677
 20
-690.106
 40
1.0
 50
360.0
 51
90.0
  0
LINE
  8
APS_GEOMETRY
 10
4118.677
 11
4118.677
 20
-690.106
 21
-690.906
  0
ARC
  8
APS_GEOMETRY
 10
4118.477
 20
-690.906
 40
0.2
 50
270.0
 51
360.0
  0
LINE
  8
APS_GEOMETRY
 10
4118.477
 11
4117.877
 20
-691.106
 21
-691.106
  0
ARC
  8
APS_GEOMETRY
 10
4117.877
 20
-691.306
 40
0.2
 50
90.0
 51
180.0
  0
LINE
  8
APS_GEOMETRY
 10
4117.677
 11
4117.677
 20
-691.306
 21
-691.909
  0
ARC
  8
APS_GEOMETRY
 10
4117.477
 20
-691.909
 40
0.2
 50
271.488
 51
360.0
  0
ARC
  8
APS_GEOMETRY
 10
4117.677
 20
-699.606
 40
7.5
 50
91.488
 51
180.0
  0
ARC
  8
APS_GEOMETRY
 10
4100.177
 20
-699.606
 40
10.0
 50
223.174
 51
360.0
  0
ARC
  8
APS_GEOMETRY
 10
4093.248
 20
-706.106
 40
0.5
 50
90.0
 51
223.174
  0
LINE
  8
APS_GEOMETRY
 10
4093.248
 11
4102.677
 20
-705.606
 21
-705.606
  0
LINE
  8
APS_GEOMETRY
 10
4102.677
 11
4102.677
 20
-689.106
 21
-705.606
  0
LINE
  8
APS_GEOMETRY
 10
4306.677
 11
4291.677
 20
-677.106
 21
-677.106
  0
ARC
  8
APS_GEOMETRY
 10
4291.677
 20
-676.106
 40
1.0
 50
180.0
 51
270.0
  0
LINE
  8
APS_GEOMETRY
 10
4290.677
 11
4290.677
 20
-676.106
 21
-675.306
  0
ARC
  8
APS_GEOMETRY
 10
4290.877
 20
-675.306
 40
0.2
 50
90.0
 51
180.0
  0
LINE
  8
APS_GEOMETRY
 10
4290.877
 11
4291.477
 20
-675.106
 21
-675.106
  0
ARC
  8
APS_GEOMETRY
 10
4291.477
 20
-674.906
 40
0.2
 50
270.0
 51
0.0
  0
LINE
  8
APS_GEOMETRY
 10
4291.677
 11
4291.677
 20
-674.906
 21
-674.304
  0
ARC
  8
APS_GEOMETRY
 10
4291.877
 20
-674.304
 40
0.2
 50
91.488
 51
180.0
  0
ARC
  8
APS_GEOMETRY
 10
4291.677
 20
-666.606
 40
7.5
 50
271.488
 51
360.0
  0
ARC
  8
APS_GEOMETRY
 10
4309.177
 20
-666.606
 40
10.0
 50
43.174
 51
180.0
  0
ARC
  8
APS_GEOMETRY
 10
4316.105
 20
-660.106
 40
0.5
 50
270.0
 51
43.174
  0
LINE
  8
APS_GEOMETRY
 10
4316.105
 11
4306.677
 20
-660.606
 21
-660.606
  0
LINE
  8
APS_GEOMETRY
 10
4306.677
 11
4306.677
 20
-677.106
 21
-660.606
  0
LINE
  8
APS_GEOMETRY
 10
4306.677
 11
4291.677
 20
-689.106
 21
-689.106
  0
ARC
  8
APS_GEOMETRY
 10
4291.677
 20
-690.106
 40
1.0
 50
90.0
 51
180.0
  0
LINE
  8
APS_GEOMETRY
 10
4290.677
 11
4290.677
 20
-690.106
 21
-690.906
  0
ARC
  8
APS_GEOMETRY
 10
4290.877
 20
-690.906
 40
0.2
 50
180.0
 51
270.0
  0
LINE
  8
APS_GEOMETRY
 10
4290.877
 11
4291.477
 20
-691.106
 21
-691.106
  0
ARC
  8
APS_GEOMETRY
 10
4291.477
 20
-691.306
 40
0.2
 50
360.0
 51
90.0
  0
LINE
  8
APS_GEOMETRY
 10
4291.677
 11
4291.677
 20
-691.306
 21
-691.909
  0
ARC
  8
APS_GEOMETRY
 10
4291.877
 20
-691.909
 40
0.2
 50
180.0
 51
268.512
  0
ARC
  8
APS_GEOMETRY
 10
4291.677
 20
-699.606
 40
7.5
 50
0.0
 51
88.512
  0
ARC
  8
APS_GEOMETRY
 10
4309.177
 20
-699.606
 40
10.0
 50
180.0
 51
316.826
  0
ARC
  8
APS_GEOMETRY
 10
4316.105
 20
-706.106
 40
0.5
 50
316.826
 51
90.0
  0
LINE
  8
APS_GEOMETRY
 10
4316.105
 11
4306.677
 20
-705.606
 21
-705.606
  0
LINE
  8
APS_GEOMETRY
 10
4306.677
 11
4306.677
 20
-689.106
 21
-705.606
  0
LINE
  8
APS_GEOMETRY
 10
4103.677
 11
4305.677
 20
-689.106
 21
-689.106
  0
LINE
  8
APS_GEOMETRY
 10
4305.677
 11
4305.677
 20
-689.106
 21
-677.106
  0
LINE
  8
APS_GEOMETRY
 10
4305.677
 11
4103.677
 20
-677.106
 21
-677.106
  0
LINE
  8
APS_GEOMETRY
 10
4103.677
 11
4103.677
 20
-677.106
 21
-689.106
  0
LINE
  8
APS_GEOMETRY
 10
5033.677
 11
5033.677
 20
2226.0
 21
1896.786
  0
ARC
  8
APS_GEOMETRY
 10
5026.677
 20
1896.786
 40
7.0
 50
208.653
 51
360.0
  0
ARC
  8
APS_GEOMETRY
 10
4758.314
 20
1750.148
 40
298.813
 50
28.653
 51
85.802
  0
ARC
  8
APS_GEOMETRY
 10
4779.677
 20
2041.178
 40
7.0
 50
85.802
 51
94.198
  0
ARC
  8
APS_GEOMETRY
 10
4801.039
 20
1750.148
 40
298.813
 50
94.198
 51
151.347
  0
ARC
  8
APS_GEOMETRY
 10
4532.677
 20
1896.786
 40
7.0
 50
180.0
 51
331.347
  0
LINE
  8
APS_GEOMETRY
 10
4525.677
 11
4525.677
 20
1896.786
 21
2226.0
  0
ARC
  8
APS_GEOMETRY
 10
4532.677
 20
2226.0
 40
7.0
 50
90.0
 51
180.0
  0
LINE
  8
APS_GEOMETRY
 10
4532.677
 11
5026.677
 20
2233.0
 21
2233.0
  0
ARC
  8
APS_GEOMETRY
 10
5026.677
 20
2226.0
 40
7.0
 50
360.0
 51
90.0
  0
LINE
  8
APS_GEOMETRY
 10
5033.677
 11
5033.677
 20
1507.728
 21
729.0
  0
ARC
  8
APS_GEOMETRY
 10
5026.677
 20
729.0
 40
7.0
 50
270.0
 51
360.0
  0
LINE
  8
APS_GEOMETRY
 10
5026.677
 11
4532.677
 20
722.0
 21
722.0
  0
ARC
  8
APS_GEOMETRY
 10
4532.677
 20
729.0
 40
7.0
 50
180.0
 51
270.0
  0
LINE
  8
APS_GEOMETRY
 10
4525.677
 11
4525.677
 20
729.0
 21
1507.728
  0
ARC
  8
APS_GEOMETRY
 10
4532.677
 20
1507.728
 40
7.0
 50
90.0
 51
180.0
  0
LINE
  8
APS_GEOMETRY
 10
4532.677
 11
4555.109
 20
1514.728
 21
1514.728
  0
LINE
  8
APS_GEOMETRY
 10
4555.109
 11
4555.109
 20
1514.728
 21
1548.092
  0
ARC
  8
APS_GEOMETRY
 10
4562.109
 20
1548.092
 40
7.0
 50
90.0
 51
180.0
  0
LINE
  8
APS_GEOMETRY
 10
4562.109
 11
4574.03
 20
1555.092
 21
1555.092
  0
LINE
  8
APS_GEOMETRY
 10
4574.03
 11
4574.03
 20
1555.092
 21
1619.715
  0
ARC
  8
APS_GEOMETRY
 10
4801.039
 20
1750.148
 40
261.813
 50
94.809
 51
209.88
  0
ARC
  8
APS_GEOMETRY
 10
4779.677
 20
2004.064
 40
7.0
 50
85.191
 51
94.809
  0
ARC
  8
APS_GEOMETRY
 10
4758.314
 20
1750.148
 40
261.813
 50
330.12
 51
85.191
  0
LINE
  8
APS_GEOMETRY
 10
4985.323
 11
4985.323
 20
1619.715
 21
1555.092
  0
LINE
  8
APS_GEOMETRY
 10
4985.323
 11
4997.244
 20
1555.092
 21
1555.092
  0
ARC
  8
APS_GEOMETRY
 10
4997.244
 20
1548.092
 40
7.0
 50
360.0
 51
90.0
  0
LINE
  8
APS_GEOMETRY
 10
5004.244
 11
5004.244
 20
1548.092
 21
1514.728
  0
LINE
  8
APS_GEOMETRY
 10
5004.244
 11
5026.677
 20
1514.728
 21
1514.728
  0
ARC
  8
APS_GEOMETRY
 10
5026.677
 20
1507.728
 40
7.0
 50
360.0
 51
90.0
  0
LINE
  8
APS_GEOMETRY
 10
5776.677
 11
5776.677
 20
2226.0
 21
1896.786
  0
ARC
  8
APS_GEOMETRY
 10
5769.677
 20
1896.786
 40
7.0
 50
208.653
 51
360.0
  0
ARC
  8
APS_GEOMETRY
 10
5501.314
 20
1750.148
 40
298.813
 50
28.653
 51
85.802
  0
ARC
  8
APS_GEOMETRY
 10
5522.677
 20
2041.178
 40
7.0
 50
85.802
 51
94.198
  0
ARC
  8
APS_GEOMETRY
 10
5544.039
 20
1750.148
 40
298.813
 50
94.198
 51
151.347
  0
ARC
  8
APS_GEOMETRY
 10
5275.677
 20
1896.786
 40
7.0
 50
180.0
 51
331.347
  0
LINE
  8
APS_GEOMETRY
 10
5268.677
 11
5268.677
 20
1896.786
 21
2226.0
  0
ARC
  8
APS_GEOMETRY
 10
5275.677
 20
2226.0
 40
7.0
 50
90.0
 51
180.0
  0
LINE
  8
APS_GEOMETRY
 10
5275.677
 11
5769.677
 20
2233.0
 21
2233.0
  0
ARC
  8
APS_GEOMETRY
 10
5769.677
 20
2226.0
 40
7.0
 50
360.0
 51
90.0
  0
LINE
  8
APS_GEOMETRY
 10
5776.677
 11
5776.677
 20
1507.728
 21
729.0
  0
ARC
  8
APS_GEOMETRY
 10
5769.677
 20
729.0
 40
7.0
 50
270.0
 51
360.0
  0
LINE
  8
APS_GEOMETRY
 10
5769.677
 11
5275.677
 20
722.0
 21
722.0
  0
ARC
  8
APS_GEOMETRY
 10
5275.677
 20
729.0
 40
7.0
 50
180.0
 51
270.0
  0
LINE
  8
APS_GEOMETRY
 10
5268.677
 11
5268.677
 20
729.0
 21
1507.728
  0
ARC
  8
APS_GEOMETRY
 10
5275.677
 20
1507.728
 40
7.0
 50
90.0
 51
180.0
  0
LINE
  8
APS_GEOMETRY
 10
5275.677
 11
5298.109
 20
1514.728
 21
1514.728
  0
LINE
  8
APS_GEOMETRY
 10
5298.109
 11
5298.109
 20
1514.728
 21
1548.092
  0
ARC
  8
APS_GEOMETRY
 10
5305.109
 20
1548.092
 40
7.0
 50
90.0
 51
180.0
  0
LINE
  8
APS_GEOMETRY
 10
5305.109
 11
5317.03
 20
1555.092
 21
1555.092
  0
LINE
  8
APS_GEOMETRY
 10
5317.03
 11
5317.03
 20
1555.092
 21
1619.715
  0
ARC
  8
APS_GEOMETRY
 10
5544.039
 20
1750.148
 40
261.813
 50
94.809
 51
209.88
  0
ARC
  8
APS_GEOMETRY
 10
5522.677
 20
2004.064
 40
7.0
 50
85.191
 51
94.809
  0
ARC
  8
APS_GEOMETRY
 10
5501.314
 20
1750.148
 40
261.813
 50
330.12
 51
85.191
  0
LINE
  8
APS_GEOMETRY
 10
5728.323
 11
5728.323
 20
1619.715
 21
1555.092
  0
LINE
  8
APS_GEOMETRY
 10
5728.323
 11
5740.244
 20
1555.092
 21
1555.092
  0
ARC
  8
APS_GEOMETRY
 10
5740.244
 20
1548.092
 40
7.0
 50
360.0
 51
90.0
  0
LINE
  8
APS_GEOMETRY
 10
5747.244
 11
5747.244
 20
1548.092
 21
1514.728
  0
LINE
  8
APS_GEOMETRY
 10
5747.244
 11
5769.677
 20
1514.728
 21
1514.728
  0
ARC
  8
APS_GEOMETRY
 10
5769.677
 20
1507.728
 40
7.0
 50
360.0
 51
90.0
  0
LINE
  8
APS_GEOMETRY
 10
4149.404
 11
4158.021
 20
-911.555
 21
-911.555
  0
ARC
  8
APS_GEOMETRY
 10
4157.585
 20
-899.208
 40
12.355
 50
272.021
 51
278.44
  0
ARC
  8
APS_GEOMETRY
 10
4158.072
 20
-902.485
 40
9.042
 50
278.44
 51
285.945
  0
ARC
  8
APS_GEOMETRY
 10
4161.73
 20
-915.584
 40
4.559
 50
98.584
 51
104.931
  0
ARC
  8
APS_GEOMETRY
 10
4161.422
 20
-913.544
 40
2.495
 50
90.0
 51
98.584
  0
ARC
  8
APS_GEOMETRY
 10
4161.422
 20
-912.924
 40
1.876
 50
52.871
 51
90.0
  0
ARC
  8
APS_GEOMETRY
 10
4158.878
 20
-916.285
 40
6.091
 50
32.518
 51
52.871
  0
ARC
  8
APS_GEOMETRY
 10
4156.863
 20
-917.57
 40
8.481
 50
17.209
 51
32.518
  0
ARC
  8
APS_GEOMETRY
 10
4158.542
 20
-917.05
 40
6.723
 50
360.0
 51
17.209
  0
ARC
  8
APS_GEOMETRY
 10
4161.906
 20
-917.05
 40
3.359
 50
337.348
 51
360.0
  0
ARC
  8
APS_GEOMETRY
 10
4163.256
 20
-917.613
 40
1.896
 50
307.042
 51
337.348
  0
ARC
  8
APS_GEOMETRY
 10
4163.022
 20
-917.291
 40
2.295
 50
287.186
 51
306.87
  0
ARC
  8
APS_GEOMETRY
 10
4162.812
 20
-916.614
 40
3.003
 50
270.0
 51
287.186
  0
ARC
  8
APS_GEOMETRY
 10
4162.812
 20
-916.92
 40
2.697
 50
252.221
 51
270.0
  0
ARC
  8
APS_GEOMETRY
 10
4162.687
 20
-917.312
 40
2.286
 50
232.896
 51
252.221
  0
ARC
  8
APS_GEOMETRY
 10
4163.172
 20
-916.67
 40
3.09
 50
218.3
 51
232.896
  0
ARC
  8
APS_GEOMETRY
 10
4166.962
 20
-913.677
 40
7.92
 50
209.197
 51
218.3
  0
ARC
  8
APS_GEOMETRY
 10
4147.685
 20
-924.121
 40
14.006
 50
28.025
 51
32.699
  0
ARC
  8
APS_GEOMETRY
 10
4157.763
 20
-917.651
 40
2.03
 50
32.699
 51
45.0
  0
ARC
  8
APS_GEOMETRY
 10
4158.45
 20
-916.964
 40
1.058
 50
45.0
 51
67.557
  0
ARC
  8
APS_GEOMETRY
 10
4158.446
 20
-916.974
 40
1.069
 50
67.557
 51
90.0
  0
ARC
  8
APS_GEOMETRY
 10
4158.446
 20
-916.889
 40
0.984
 50
90.0
 51
120.801
  0
ARC
  8
APS_GEOMETRY
 10
4158.413
 20
-916.834
 40
0.919
 50
120.801
 51
152.7
  0
ARC
  8
APS_GEOMETRY
 10
4159.143
 20
-917.21
 40
1.74
 50
152.7
 51
171.085
  0
ARC
  8
APS_GEOMETRY
 10
4164.687
 20
-918.08
 40
7.353
 50
171.085
 51
180.0
  0
LINE
  8
APS_GEOMETRY
 10
4157.334
 11
4157.334
 20
-918.08
 21
-927.237
  0
ARC
  8
APS_GEOMETRY
 10
4167.048
 20
-927.237
 40
9.714
 50
180.0
 51
188.194
  0
ARC
  8
APS_GEOMETRY
 10
4159.794
 20
-928.281
 40
2.385
 50
188.194
 51
204.775
  0
ARC
  8
APS_GEOMETRY
 10
4159.09
 20
-928.607
 40
1.609
 50
204.775
 51
228.576
  0
ARC
  8
APS_GEOMETRY
 10
4159.751
 20
-927.857
 40
2.608
 50
228.576
 51
247.218
  0
ARC
  8
APS_GEOMETRY
 10
4155.916
 20
-936.893
 40
7.208
 50
59.381
 51
66.93
  0
ARC
  8
APS_GEOMETRY
 10
4158.747
 20
-932.111
 40
1.65
 50
43.568
 51
59.381
  0
ARC
  8
APS_GEOMETRY
 10
4159.2
 20
-931.68
 40
1.025
 50
19.041
 51
43.568
  0
ARC
  8
APS_GEOMETRY
 10
4158.57
 20
-931.897
 40
1.691
 50
360.0
 51
19.041
  0
ARC
  8
APS_GEOMETRY
 10
4158.888
 20
-931.897
 40
1.374
 50
317.66
 51
360.0
  0
ARC
  8
APS_GEOMETRY
 10
4157.627
 20
-930.748
 40
3.08
 50
289.747
 51
317.66
  0
ARC
  8
APS_GEOMETRY
 10
4156.57
 20
-927.805
 40
6.206
 50
281.964
 51
289.747
  0
ARC
  8
APS_GEOMETRY
 10
4155.107
 20
-920.899
 40
13.265
 50
276.643
 51
281.964
  0
ARC
  8
APS_GEOMETRY
 10
4154.491
 20
-915.612
 40
18.589
 50
272.836
 51
276.643
  0
ARC
  8
APS_GEOMETRY
 10
4153.753
 20
-900.724
 40
33.495
 50
270.0
 51
272.836
  0
ARC
  8
APS_GEOMETRY
 10
4153.753
 20
-891.499
 40
42.72
 50
267.283
 51
270.0
  0
ARC
  8
APS_GEOMETRY
 10
4152.857
 20
-910.4
 40
23.797
 50
263.643
 51
267.283
  0
ARC
  8
APS_GEOMETRY
 10
4152.105
 20
-917.142
 40
17.014
 50
258.563
 51
263.643
  0
ARC
  8
APS_GEOMETRY
 10
4150.311
 20
-926.012
 40
7.964
 50
251.136
 51
258.563
  0
ARC
  8
APS_GEOMETRY
 10
4148.709
 20
-930.658
 40
3.05
 50
222.558
 51
251.395
  0
ARC
  8
APS_GEOMETRY
 10
4147.52
 20
-931.75
 40
1.436
 50
180.0
 51
222.558
  0
ARC
  8
APS_GEOMETRY
 10
4147.28
 20
-931.75
 40
1.196
 50
150.642
 51
180.0
  0
ARC
  8
APS_GEOMETRY
 10
4147.376
 20
-931.804
 40
1.306
 50
122.574
 51
150.642
  0
ARC
  8
APS_GEOMETRY
 10
4147.123
 20
-931.512
 40
0.926
 50
108.677
 51
119.055
  0
ARC
  8
APS_GEOMETRY
 10
4158.681
 20
-965.704
 40
37.018
 50
107.038
 51
108.677
  0
ARC
  8
APS_GEOMETRY
 10
4147.403
 20
-928.823
 40
1.549
 50
286.144
 51
308.66
  0
ARC
  8
APS_GEOMETRY
 10
4147.657
 20
-929.14
 40
1.143
 50
308.66
 51
334.933
  0
ARC
  8
APS_GEOMETRY
 10
4146.625
 20
-928.657
 40
2.283
 50
334.933
 51
348.829
  0
ARC
  8
APS_GEOMETRY
 10
4133.712
 20
-926.107
 40
15.445
 50
348.829
 51
354.161
  0
ARC
  8
APS_GEOMETRY
 10
4124.984
 20
-925.207
 40
24.219
 50
354.144
 51
355.66
  0
ARC
  8
APS_GEOMETRY
 10
4086.296
 20
-922.271
 40
63.019
 50
355.66
 51
356.6
  0
ARC
  8
APS_GEOMETRY
 10
4056.721
 20
-920.514
 40
92.646
 50
356.6
 51
357.24
  0
ARC
  8
APS_GEOMETRY
 10
3972.809
 20
-916.469
 40
176.656
 50
357.24
 51
357.703
  0
ARC
  8
APS_GEOMETRY
 10
3981.069
 20
-916.8
 40
168.389
 50
357.703
 51
358.674
  0
ARC
  8
APS_GEOMETRY
 10
4058.985
 20
-918.603
 40
90.452
 50
358.674
 51
0.0
  0
ARC
  8
APS_GEOMETRY
 10
4136.032
 20
-918.603
 40
13.405
 50
360.0
 51
6.242
  0
ARC
  8
APS_GEOMETRY
 10
4146.691
 20
-917.437
 40
2.682
 50
6.242
 51
20.225
  0
ARC
  8
APS_GEOMETRY
 10
4148.169
 20
-916.893
 40
1.107
 50
20.225
 51
50.44
  0
ARC
  8
APS_GEOMETRY
 10
4148.456
 20
-916.545
 40
0.657
 50
50.44
 51
90.0
  0
ARC
  8
APS_GEOMETRY
 10
4148.456
 20
-916.77
 40
0.881
 50
90.0
 51
126.747
  0
ARC
  8
APS_GEOMETRY
 10
4149.701
 20
-918.437
 40
2.962
 50
126.747
 51
146.547
  0
ARC
  8
APS_GEOMETRY
 10
4127.707
 20
-903.981
 40
23.357
 50
324.255
 51
326.701
  0
ARC
  8
APS_GEOMETRY
 10
4137.018
 20
-910.683
 40
11.885
 50
320.826
 51
324.255
  0
ARC
  8
APS_GEOMETRY
 10
4140.061
 20
-913.162
 40
7.959
 50
315.722
 51
320.826
  0
ARC
  8
APS_GEOMETRY
 10
4143.558
 20
-916.573
 40
3.075
 50
307.504
 51
315.722
  0
ARC
  8
APS_GEOMETRY
 10
4143.236
 20
-916.142
 40
3.613
 50
291.306
 51
307.405
  0
ARC
  8
APS_GEOMETRY
 10
4143.795
 20
-917.576
 40
2.073
 50
270.0
 51
291.306
  0
ARC
  8
APS_GEOMETRY
 10
4143.795
 20
-917.71
 40
1.939
 50
245.532
 51
270.0
  0
ARC
  8
APS_GEOMETRY
 10
4143.781
 20
-917.742
 40
1.904
 50
220.833
 51
245.532
  0
ARC
  8
APS_GEOMETRY
 10
4143.977
 20
-917.572
 40
2.164
 50
198.684
 51
220.833
  0
ARC
  8
APS_GEOMETRY
 10
4144.798
 20
-917.295
 40
3.03
 50
180.0
 51
198.684
  0
ARC
  8
APS_GEOMETRY
 10
4146.721
 20
-917.295
 40
4.954
 50
168.408
 51
180.0
  0
ARC
  8
APS_GEOMETRY
 10
4149.898
 20
-917.946
 40
8.196
 50
159.402
 51
168.408
  0
ARC
  8
APS_GEOMETRY
 10
4150.879
 20
-918.315
 40
9.245
 50
151.39
 51
159.402
  0
ARC
  8
APS_GEOMETRY
 10
4150.678
 20
-918.206
 40
9.016
 50
143.276
 51
151.39
  0
ARC
  8
APS_GEOMETRY
 10
4148.153
 20
-916.318
 40
5.863
 50
124.216
 51
143.31
  0
ARC
  8
APS_GEOMETRY
 10
4145.905
 20
-913.01
 40
1.864
 50
90.0
 51
124.216
  0
ARC
  8
APS_GEOMETRY
 10
4145.905
 20
-913.839
 40
2.692
 50
82.725
 51
90.0
  0
ARC
  8
APS_GEOMETRY
 10
4145.694
 20
-915.487
 40
4.353
 50
77.005
 51
82.725
  0
ARC
  8
APS_GEOMETRY
 10
4152.118
 20
-884.513
 40
27.28
 50
258.486
 51
260.378
  0
ARC
  8
APS_GEOMETRY
 10
4149.366
 20
-900.746
 40
10.816
 50
260.378
 51
263.382
  0
ARC
  8
APS_GEOMETRY
 10
4149.131
 20
-902.774
 40
8.774
 50
263.382
 51
267.084
  0
ARC
  8
APS_GEOMETRY
 10
4149.404
 20
-897.419
 40
14.137
 50
267.084
 51
270.0
  0
ARC
  8
APS_GEOMETRY
 10
4179.267
 20
-923.988
 40
12.891
 50
71.91
 51
90.0
  0
ARC
  8
APS_GEOMETRY
 10
4179.767
 20
-922.46
 40
11.283
 50
52.561
 51
71.91
  0
ARC
  8
APS_GEOMETRY
 10
4179.636
 20
-922.498
 40
11.393
 50
38.846
 51
52.156
  0
ARC
  8
APS_GEOMETRY
 10
4177.85
 20
-923.936
 40
13.686
 50
26.707
 51
38.846
  0
ARC
  8
APS_GEOMETRY
 10
4178.203
 20
-923.647
 40
13.241
 50
13.868
 51
26.278
  0
ARC
  8
APS_GEOMETRY
 10
4180.753
 20
-923.018
 40
10.614
 50
360.0
 51
13.868
  0
ARC
  8
APS_GEOMETRY
 10
4180.918
 20
-923.018
 40
10.449
 50
339.712
 51
360.0
  0
ARC
  8
APS_GEOMETRY
 10
4180.33
 20
-922.8
 40
11.076
 50
320.013
 51
339.712
  0
ARC
  8
APS_GEOMETRY
 10
4180.233
 20
-922.747
 40
11.186
 50
303.344
 51
320.123
  0
ARC
  8
APS_GEOMETRY
 10
4179.085
 20
-921.002
 40
13.274
 50
287.949
 51
303.344
  0
ARC
  8
APS_GEOMETRY
 10
4178.708
 20
-919.695
 40
14.634
 50
279.039
 51
287.776
  0
ARC
  8
APS_GEOMETRY
 10
4178.859
 20
-920.644
 40
13.673
 50
270.0
 51
279.039
  0
ARC
  8
APS_GEOMETRY
 10
4178.859
 20
-921.312
 40
13.005
 50
257.728
 51
270.0
  0
ARC
  8
APS_GEOMETRY
 10
4178.879
 20
-921.218
 40
13.102
 50
245.501
 51
257.728
  0
ARC
  8
APS_GEOMETRY
 10
4178.143
 20
-922.829
 40
11.33
 50
228.665
 51
245.511
  0
ARC
  8
APS_GEOMETRY
 10
4177.898
 20
-923.107
 40
10.959
 50
211.535
 51
228.665
  0
ARC
  8
APS_GEOMETRY
 10
4178.219
 20
-922.872
 40
11.356
 50
195.642
 51
211.701
  0
ARC
  8
APS_GEOMETRY
 10
4178.806
 20
-922.707
 40
11.966
 50
180.0
 51
195.642
  0
ARC
  8
APS_GEOMETRY
 10
4178.931
 20
-922.707
 40
12.091
 50
162.181
 51
180.0
  0
ARC
  8
APS_GEOMETRY
 10
4177.828
 20
-922.353
 40
10.933
 50
143.434
 51
162.181
  0
ARC
  8
APS_GEOMETRY
 10
4177.68
 20
-922.234
 40
10.742
 50
126.384
 51
143.471
  0
ARC
  8
APS_GEOMETRY
 10
4178.697
 20
-923.614
 40
12.457
 50
110.525
 51
126.384
  0
ARC
  8
APS_GEOMETRY
 10
4178.647
 20
-923.239
 40
12.089
 50
99.77
 51
110.925
  0
ARC
  8
APS_GEOMETRY
 10
4179.267
 20
-926.845
 40
15.748
 50
90.0
 51
99.77
  0
ARC
  8
APS_GEOMETRY
 10
4177.714
 20
-918.194
 40
2.404
 50
90.0
 51
119.604
  0
ARC
  8
APS_GEOMETRY
 10
4177.925
 20
-918.565
 40
2.83
 50
119.604
 51
146.842
  0
ARC
  8
APS_GEOMETRY
 10
4178.348
 20
-918.911
 40
3.374
 50
145.84
 51
164.055
  0
ARC
  8
APS_GEOMETRY
 10
4179.328
 20
-919.192
 40
4.394
 50
164.055
 51
180.0
  0
ARC
  8
APS_GEOMETRY
 10
4185.46
 20
-919.192
 40
10.526
 50
180.0
 51
189.977
  0
ARC
  8
APS_GEOMETRY
 10
4194.786
 20
-917.551
 40
19.995
 50
189.977
 51
197.211
  0
ARC
  8
APS_GEOMETRY
 10
4196.826
 20
-916.919
 40
22.131
 50
197.211
 51
203.76
  0
ARC
  8
APS_GEOMETRY
 10
4191.745
 20
-919.156
 40
16.579
 50
203.76
 51
211.329
  0
ARC
  8
APS_GEOMETRY
 10
4181.311
 20
-925.418
 40
4.411
 50
212.32
 51
224.441
  0
ARC
  8
APS_GEOMETRY
 10
4180.883
 20
-925.838
 40
3.812
 50
224.441
 51
237.484
  0
ARC
  8
APS_GEOMETRY
 10
4180.607
 20
-926.271
 40
3.298
 50
237.484
 51
252.416
  0
ARC
  8
APS_GEOMETRY
 10
4180.33
 20
-927.143
 40
2.383
 50
252.416
 51
270.0
  0
ARC
  8
APS_GEOMETRY
 10
4180.33
 20
-926.86
 40
2.666
 50
270.0
 51
294.953
  0
ARC
  8
APS_GEOMETRY
 10
4180.405
 20
-927.021
 40
2.489
 50
294.953
 51
320.793
  0
ARC
  8
APS_GEOMETRY
 10
4180.005
 20
-926.694
 40
3.005
 50
320.793
 51
342.777
  0
ARC
  8
APS_GEOMETRY
 10
4178.221
 20
-926.141
 40
4.873
 50
342.777
 51
0.0
  0
ARC
  8
APS_GEOMETRY
 10
4169.84
 20
-926.141
 40
13.254
 50
0.0
 51
8.499
  0
ARC
  8
APS_GEOMETRY
 10
4164.007
 20
-927.013
 40
19.152
 50
8.499
 51
15.566
  0
ARC
  8
APS_GEOMETRY
 10
4164.708
 20
-926.817
 40
18.424
 50
15.566
 51
22.909
  0
ARC
  8
APS_GEOMETRY
 10
4170.74
 20
-924.268
 40
11.876
 50
22.909
 51
32.057
  0
ARC
  8
APS_GEOMETRY
 10
4175.478
 20
-921.284
 40
6.276
 50
31.921
 51
42.51
  0
ARC
  8
APS_GEOMETRY
 10
4176.779
 20
-920.091
 40
4.511
 50
42.51
 51
55.008
  0
ARC
  8
APS_GEOMETRY
 10
4177.218
 20
-919.463
 40
3.745
 50
55.008
 51
69.88
  0
ARC
  8
APS_GEOMETRY
 10
4177.612
 20
-918.388
 40
2.599
 50
69.88
 51
87.754
  0
ARC
  8
APS_GEOMETRY
 10
4203.478
 20
-919.089
 40
7.992
 50
83.923
 51
90.0
  0
ARC
  8
APS_GEOMETRY
 10
4202.835
 20
-925.127
 40
14.063
 50
79.342
 51
83.923
  0
ARC
  8
APS_GEOMETRY
 10
4202.06
 20
-929.247
 40
18.256
 50
75.808
 51
79.342
  0
ARC
  8
APS_GEOMETRY
 10
4199.354
 20
-939.944
 40
29.29
 50
73.018
 51
75.808
  0
ARC
  8
APS_GEOMETRY
 10
4208.88
 20
-908.698
 40
3.376
 50
253.288
 51
259.046
  0
ARC
  8
APS_GEOMETRY
 10
4208.416
 20
-911.095
 40
0.935
 50
259.046
 51
270.0
  0
ARC
  8
APS_GEOMETRY
 10
4208.416
 20
-911.475
 40
0.555
 50
270.0
 51
286.699
  0
ARC
  8
APS_GEOMETRY
 10
4203.979
 20
-896.686
 40
15.995
 50
286.699
 51
289.799
  0
ARC
  8
APS_GEOMETRY
 10
4209.924
 20
-913.141
 40
1.501
 50
100.008
 51
110.556
  0
ARC
  8
APS_GEOMETRY
 10
4209.953
 20
-913.304
 40
1.667
 50
90.0
 51
100.008
  0
ARC
  8
APS_GEOMETRY
 10
4209.953
 20
-913.227
 40
1.59
 50
53.356
 51
90.0
  0
ARC
  8
APS_GEOMETRY
 10
4207.176
 20
-916.96
 40
6.242
 50
35.101
 51
53.356
  0
ARC
  8
APS_GEOMETRY
 10
4205.791
 20
-917.934
 40
7.936
 50
20.245
 51
35.101
  0
ARC
  8
APS_GEOMETRY
 10
4209.207
 20
-916.673
 40
4.294
 50
360.0
 51
20.245
  0
ARC
  8
APS_GEOMETRY
 10
4210.927
 20
-916.673
 40
2.575
 50
340.481
 51
360.0
  0
ARC
  8
APS_GEOMETRY
 10
4211.35
 20
-916.824
 40
2.125
 50
318.972
 51
340.481
  0
ARC
  8
APS_GEOMETRY
 10
4211.54
 20
-916.988
 40
1.874
 50
295.017
 51
318.972
  0
ARC
  8
APS_GEOMETRY
 10
4211.605
 20
-917.127
 40
1.721
 50
270.0
 51
295.017
  0
ARC
  8
APS_GEOMETRY
 10
4211.605
 20
-916.206
 40
2.643
 50
256.171
 51
270.0
  0
ARC
  8
APS_GEOMETRY
 10
4211.316
 20
-917.376
 40
1.437
 50
237.381
 51
256.171
  0
ARC
  8
APS_GEOMETRY
 10
4211.827
 20
-916.579
 40
2.384
 50
231.559
 51
237.381
  0
ARC
  8
APS_GEOMETRY
 10
4219.248
 20
-907.229
 40
14.321
 50
229.185
 51
231.559
  0
ARC
  8
APS_GEOMETRY
 10
4227.202
 20
-898.02
 40
26.49
 50
227.9
 51
229.185
  0
ARC
  8
APS_GEOMETRY
 10
4254.728
 20
-867.555
 40
67.548
 50
227.095
 51
227.9
  0
ARC
  8
APS_GEOMETRY
 10
4203.047
 20
-923.136
 40
8.348
 50
46.975
 51
64.612
  0
ARC
  8
APS_GEOMETRY
 10
4204.884
 20
-919.265
 40
4.063
 50
64.612
 51
90.0
  0
ARC
  8
APS_GEOMETRY
 10
4204.884
 20
-918.13
 40
2.928
 50
90.0
 51
106.966
  0
ARC
  8
APS_GEOMETRY
 10
4204.545
 20
-917.018
 40
1.766
 50
106.966
 51
128.868
  0
ARC
  8
APS_GEOMETRY
 10
4204.349
 20
-916.774
 40
1.453
 50
128.868
 51
154.741
  0
ARC
  8
APS_GEOMETRY
 10
4204.412
 20
-916.804
 40
1.523
 50
154.741
 51
180.0
  0
ARC
  8
APS_GEOMETRY
 10
4204.32
 20
-916.804
 40
1.43
 50
180.0
 51
206.64
  0
ARC
  8
APS_GEOMETRY
 10
4204.78
 20
-916.573
 40
1.945
 50
206.64
 51
229.43
  0
ARC
  8
APS_GEOMETRY
 10
4205.518
 20
-915.712
 40
3.08
 50
229.43
 51
244.493
  0
ARC
  8
APS_GEOMETRY
 10
4207.54
 20
-911.472
 40
7.777
 50
244.493
 51
253.956
  0
ARC
  8
APS_GEOMETRY
 10
4171.505
 20
-1033.937
 40
119.879
 50
72.737
 51
73.58
  0
ARC
  8
APS_GEOMETRY
 10
4192.157
 20
-967.479
 40
50.287
 50
71.435
 51
72.737
  0
ARC
  8
APS_GEOMETRY
 10
4198.997
 20
-947.112
 40
28.801
 50
69.164
 51
71.435
  0
ARC
  8
APS_GEOMETRY
 10
4207.07
 20
-925.901
 40
6.106
 50
64.231
 51
69.164
  0
ARC
  8
APS_GEOMETRY
 10
4206.141
 20
-927.77
 40
8.193
 50
34.939
 51
64.068
  0
ARC
  8
APS_GEOMETRY
 10
4208.145
 20
-926.37
 40
5.749
 50
360.0
 51
34.939
  0
ARC
  8
APS_GEOMETRY
 10
4206.913
 20
-926.37
 40
6.981
 50
333.435
 51
360.0
  0
ARC
  8
APS_GEOMETRY
 10
4206.457
 20
-926.142
 40
7.491
 50
307.807
 51
333.435
  0
ARC
  8
APS_GEOMETRY
 10
4205.269
 20
-924.606
 40
9.433
 50
296.732
 51
307.786
  0
ARC
  8
APS_GEOMETRY
 10
4204.566
 20
-923.21
 40
10.995
 50
286.496
 51
296.732
  0
ARC
  8
APS_GEOMETRY
 10
4204.104
 20
-921.648
 40
12.625
 50
277.544
 51
286.496
  0
ARC
  8
APS_GEOMETRY
 10
4203.429
 20
-916.552
 40
17.765
 50
270.0
 51
277.544
  0
ARC
  8
APS_GEOMETRY
 10
4203.429
 20
-915.782
 40
18.535
 50
263.555
 51
270.0
  0
ARC
  8
APS_GEOMETRY
 10
4204.029
 20
-910.47
 40
23.881
 50
257.878
 51
263.555
  0
ARC
  8
APS_GEOMETRY
 10
4203.71
 20
-911.953
 40
22.364
 50
254.839
 51
257.878
  0
ARC
  8
APS_GEOMETRY
 10
4201.127
 20
-921.486
 40
12.487
 50
250.772
 51
254.839
  0
ARC
  8
APS_GEOMETRY
 10
4199.965
 20
-924.818
 40
8.959
 50
245.121
 51
250.772
  0
ARC
  8
APS_GEOMETRY
 10
4197.998
 20
-929.059
 40
4.284
 50
236.944
 51
245.121
  0
ARC
  8
APS_GEOMETRY
 10
4196.839
 20
-930.884
 40
2.122
 50
211.802
 51
236.31
  0
ARC
  8
APS_GEOMETRY
 10
4202.351
 20
-927.466
 40
8.608
 50
199.704
 51
211.802
  0
ARC
  8
APS_GEOMETRY
 10
4204.983
 20
-926.523
 40
11.404
 50
190.413
 51
199.704
  0
ARC
  8
APS_GEOMETRY
 10
4202.702
 20
-926.942
 40
9.084
 50
180.0
 51
190.413
  0
ARC
  8
APS_GEOMETRY
 10
4196.552
 20
-926.942
 40
2.934
 50
164.876
 51
180.0
  0
ARC
  8
APS_GEOMETRY
 10
4194.899
 20
-926.496
 40
1.222
 50
141.34
 51
164.876
  0
ARC
  8
APS_GEOMETRY
 10
4195.059
 20
-926.603
 40
1.414
 50
116.928
 51
142.001
  0
ARC
  8
APS_GEOMETRY
 10
4194.975
 20
-926.438
 40
1.229
 50
90.0
 51
116.928
  0
ARC
  8
APS_GEOMETRY
 10
4194.975
 20
-926.441
 40
1.232
 50
62.21
 51
90.0
  0
ARC
  8
APS_GEOMETRY
 10
4194.483
 20
-927.374
 40
2.287
 50
41.906
 51
62.21
  0
ARC
  8
APS_GEOMETRY
 10
4194.567
 20
-927.392
 40
2.237
 50
37.313
 51
43.668
  0
ARC
  8
APS_GEOMETRY
 10
4182.033
 20
-936.944
 40
17.997
 50
35.074
 51
37.313
  0
ARC
  8
APS_GEOMETRY
 10
4167.799
 20
-946.938
 40
35.389
 50
33.934
 51
35.074
  0
ARC
  8
APS_GEOMETRY
 10
4117.05
 20
-981.083
 40
96.555
 50
33.243
 51
33.934
  0
ARC
  8
APS_GEOMETRY
 10
4200.61
 20
-926.298
 40
3.363
 50
213.453
 51
231.637
  0
ARC
  8
APS_GEOMETRY
 10
4202.199
 20
-924.291
 40
5.924
 50
231.637
 51
245.313
  0
ARC
  8
APS_GEOMETRY
 10
4202.549
 20
-923.529
 40
6.762
 50
245.313
 51
257.398
  0
ARC
  8
APS_GEOMETRY
 10
4202.431
 20
-924.057
 40
6.222
 50
257.398
 51
270.0
  0
ARC
  8
APS_GEOMETRY
 10
4202.431
 20
-925.025
 40
5.253
 50
270.0
 51
282.907
  0
ARC
  8
APS_GEOMETRY
 10
4202.997
 20
-927.492
 40
2.722
 50
282.907
 51
300.872
  0
ARC
  8
APS_GEOMETRY
 10
4203.487
 20
-928.312
 40
1.767
 50
300.872
 51
326.876
  0
ARC
  8
APS_GEOMETRY
 10
4204.045
 20
-928.676
 40
1.101
 50
326.876
 51
0.0
  0
ARC
  8
APS_GEOMETRY
 10
4203.88
 20
-928.676
 40
1.266
 50
0.0
 51
27.553
  0
ARC
  8
APS_GEOMETRY
 10
4203.48
 20
-928.884
 40
1.717
 50
27.553
 51
51.147
  0
ARC
  8
APS_GEOMETRY
 10
4202.653
 20
-929.911
 40
3.036
 50
51.147
 51
65.225
  0
ARC
  8
APS_GEOMETRY
 10
4199.601
 20
-936.523
 40
10.318
 50
65.225
 51
72.848
  0
ARC
  8
APS_GEOMETRY
 10
4217.422
 20
-879.704
 40
49.231
 50
251.106
 51
252.532
  0
ARC
  8
APS_GEOMETRY
 10
4211.114
 20
-898.134
 40
29.751
 50
249.271
 51
251.106
  0
ARC
  8
APS_GEOMETRY
 10
4208.491
 20
-905.064
 40
22.341
 50
246.83
 51
249.271
  0
ARC
  8
APS_GEOMETRY
 10
4204.249
 20
-914.975
 40
11.56
 50
243.435
 51
246.83
  0
ARC
  8
APS_GEOMETRY
 10
4203.766
 20
-915.941
 40
10.481
 50
235.981
 51
243.435
  0
ARC
  8
APS_GEOMETRY
 10
4204.137
 20
-915.392
 40
11.144
 50
228.752
 51
235.981
  0
ARC
  8
APS_GEOMETRY
 10
4202.4
 20
-917.439
 40
8.459
 50
206.421
 51
228.457
  0
ARC
  8
APS_GEOMETRY
 10
4200.123
 20
-918.57
 40
5.916
 50
180.0
 51
206.421
  0
ARC
  8
APS_GEOMETRY
 10
4200.23
 20
-918.57
 40
6.024
 50
166.555
 51
180.0
  0
ARC
  8
APS_GEOMETRY
 10
4200.928
 20
-918.737
 40
6.741
 50
153.848
 51
166.555
  0
ARC
  8
APS_GEOMETRY
 10
4200.986
 20
-918.766
 40
6.806
 50
141.244
 51
153.848
  0
ARC
  8
APS_GEOMETRY
 10
4201.416
 20
-919.111
 40
7.357
 50
129.123
 51
141.244
  0
ARC
  8
APS_GEOMETRY
 10
4202.792
 20
-920.574
 40
9.362
 50
108.978
 51
130.006
  0
ARC
  8
APS_GEOMETRY
 10
4203.478
 20
-922.568
 40
11.47
 50
90.0
 51
108.978
  0
ARC
  8
APS_GEOMETRY
 10
4228.473
 20
-921.729
 40
10.632
 50
77.257
 51
90.0
  0
ARC
  8
APS_GEOMETRY
 10
4228.365
 20
-922.207
 40
11.122
 50
64.799
 51
77.257
  0
ARC
  8
APS_GEOMETRY
 10
4237.524
 20
-902.708
 40
10.421
 50
244.885
 51
251.175
  0
ARC
  8
APS_GEOMETRY
 10
4234.54
 20
-911.462
 40
1.173
 50
251.175
 51
270.0
  0
ARC
  8
APS_GEOMETRY
 10
4234.54
 20
-910.731
 40
1.903
 50
270.0
 51
278.82
  0
ARC
  8
APS_GEOMETRY
 10
4233.31
 20
-902.808
 40
9.922
 50
278.82
 51
282.68
  0
ARC
  8
APS_GEOMETRY
 10
4235.883
 20
-914.198
 40
1.755
 50
95.906
 51
102.995
  0
ARC
  8
APS_GEOMETRY
 10
4235.962
 20
-914.966
 40
2.528
 50
90.0
 51
95.906
  0
ARC
  8
APS_GEOMETRY
 10
4235.962
 20
-914.116
 40
1.678
 50
62.447
 51
90.0
  0
ARC
  8
APS_GEOMETRY
 10
4235.664
 20
-914.688
 40
2.323
 50
39.094
 51
62.447
  0
ARC
  8
APS_GEOMETRY
 10
4232.547
 20
-917.295
 40
6.386
 50
18.435
 51
39.611
  0
ARC
  8
APS_GEOMETRY
 10
4230.633
 20
-917.933
 40
8.403
 50
360.0
 51
18.435
  0
ARC
  8
APS_GEOMETRY
 10
4234.87
 20
-917.933
 40
4.167
 50
334.877
 51
360.0
  0
ARC
  8
APS_GEOMETRY
 10
4236.123
 20
-918.52
 40
2.783
 50
304.007
 51
334.877
  0
ARC
  8
APS_GEOMETRY
 10
4236.102
 20
-918.461
 40
2.843
 50
286.39
 51
303.69
  0
ARC
  8
APS_GEOMETRY
 10
4236.011
 20
-918.152
 40
3.165
 50
270.0
 51
286.39
  0
ARC
  8
APS_GEOMETRY
 10
4236.011
 20
-918.189
 40
3.128
 50
255.155
 51
270.0
  0
ARC
  8
APS_GEOMETRY
 10
4235.669
 20
-919.482
 40
1.791
 50
235.491
 51
255.155
  0
ARC
  8
APS_GEOMETRY
 10
4235.841
 20
-919.232
 40
2.094
 50
218.48
 51
235.491
  0
ARC
  8
APS_GEOMETRY
 10
4238.651
 20
-916.998
 40
5.684
 50
208.179
 51
218.48
  0
ARC
  8
APS_GEOMETRY
 10
4209.839
 20
-932.637
 40
27.099
 50
28.56
 51
31.664
  0
ARC
  8
APS_GEOMETRY
 10
4227.445
 20
-921.779
 40
6.414
 50
31.664
 51
38.047
  0
ARC
  8
APS_GEOMETRY
 10
4228.725
 20
-920.777
 40
4.788
 50
38.047
 51
46.56
  0
ARC
  8
APS_GEOMETRY
 10
4228.06
 20
-921.48
 40
5.756
 50
46.56
 51
54.324
  0
ARC
  8
APS_GEOMETRY
 10
4227.676
 20
-922.141
 40
6.517
 50
54.968
 51
71.48
  0
ARC
  8
APS_GEOMETRY
 10
4228.097
 20
-920.882
 40
5.19
 50
71.48
 51
90.0
  0
ARC
  8
APS_GEOMETRY
 10
4228.097
 20
-919.318
 40
3.625
 50
90.0
 51
114.63
  0
ARC
  8
APS_GEOMETRY
 10
4227.915
 20
-918.921
 40
3.188
 50
114.63
 51
140.921
  0
ARC
  8
APS_GEOMETRY
 10
4228.453
 20
-919.357
 40
3.881
 50
140.921
 51
163.13
  0
ARC
  8
APS_GEOMETRY
 10
4231.142
 20
-920.173
 40
6.691
 50
163.13
 51
180.0
  0
ARC
  8
APS_GEOMETRY
 10
4234.628
 20
-920.173
 40
10.178
 50
180.0
 51
195.44
  0
ARC
  8
APS_GEOMETRY
 10
4234.099
 20
-920.319
 40
9.629
 50
195.44
 51
211.316
  0
ARC
  8
APS_GEOMETRY
 10
4231.555
 20
-921.814
 40
6.678
 50
211.708
 51
240.457
  0
ARC
  8
APS_GEOMETRY
 10
4231.384
 20
-922.115
 40
6.332
 50
240.457
 51
270.0
  0
ARC
  8
APS_GEOMETRY
 10
4231.384
 20
-920.571
 40
7.875
 50
270.0
 51
279.549
  0
ARC
  8
APS_GEOMETRY
 10
4231.286
 20
-919.989
 40
8.466
 50
279.549
 51
288.759
  0
ARC
  8
APS_GEOMETRY
 10
4231.698
 20
-921.205
 40
7.182
 50
288.759
 51
299.545
  0
ARC
  8
APS_GEOMETRY
 10
4233.353
 20
-924.124
 40
3.826
 50
299.545
 51
314.341
  0
ARC
  8
APS_GEOMETRY
 10
4238.471
 20
-929.44
 40
3.553
 50
120.141
 51
133.452
  0
ARC
  8
APS_GEOMETRY
 10
4237.041
 20
-926.978
 40
0.706
 50
90.0
 51
120.141
  0
ARC
  8
APS_GEOMETRY
 10
4237.041
 20
-927.387
 40
1.115
 50
61.952
 51
90.0
  0
ARC
  8
APS_GEOMETRY
 10
4236.875
 20
-927.698
 40
1.468
 50
37.569
 51
61.952
  0
ARC
  8
APS_GEOMETRY
 10
4236.566
 20
-927.937
 40
1.859
 50
17.665
 51
37.569
  0
ARC
  8
APS_GEOMETRY
 10
4236.093
 20
-928.087
 40
2.354
 50
360.0
 51
17.665
  0
ARC
  8
APS_GEOMETRY
 10
4234.907
 20
-928.087
 40
3.54
 50
344.932
 51
0.0
  0
ARC
  8
APS_GEOMETRY
 10
4231.758
 20
-927.239
 40
6.801
 50
334.075
 51
344.932
  0
ARC
  8
APS_GEOMETRY
 10
4231.659
 20
-927.191
 40
6.912
 50
323.374
 51
334.075
  0
ARC
  8
APS_GEOMETRY
 10
4233.691
 20
-928.701
 40
4.38
 50
309.92
 51
323.374
  0
ARC
  8
APS_GEOMETRY
 10
4235.722
 20
-931.097
 40
1.24
 50
289.026
 51
308.991
  0
ARC
  8
APS_GEOMETRY
 10
4233.555
 20
-924.814
 40
7.886
 50
281.143
 51
289.026
  0
ARC
  8
APS_GEOMETRY
 10
4235.752
 20
-936.205
 40
3.715
 50
100.437
 51
110.12
  0
ARC
  8
APS_GEOMETRY
 10
4238.663
 20
-944.15
 40
12.177
 50
110.12
 51
115.463
  0
ARC
  8
APS_GEOMETRY
 10
4228.272
 20
-922.41
 40
11.919
 50
282.94
 51
295.628
  0
ARC
  8
APS_GEOMETRY
 10
4228.375
 20
-922.857
 40
11.46
 50
270.0
 51
282.94
  0
ARC
  8
APS_GEOMETRY
 10
4228.375
 20
-922.18
 40
12.137
 50
257.307
 51
270.0
  0
ARC
  8
APS_GEOMETRY
 10
4228.887
 20
-919.905
 40
14.469
 50
245.686
 51
257.307
  0
ARC
  8
APS_GEOMETRY
 10
4227.602
 20
-922.725
 40
11.37
 50
228.801
 51
245.735
  0
ARC
  8
APS_GEOMETRY
 10
4227.624
 20
-922.701
 40
11.402
 50
211.891
 51
228.801
  0
ARC
  8
APS_GEOMETRY
 10
4228.298
 20
-922.216
 40
12.231
 50
196.728
 51
212.152
  0
ARC
  8
APS_GEOMETRY
 10
4226.554
 20
-922.74
 40
10.41
 50
180.0
 51
196.728
  0
ARC
  8
APS_GEOMETRY
 10
4226.807
 20
-922.74
 40
10.663
 50
161.184
 51
180.0
  0
ARC
  8
APS_GEOMETRY
 10
4227.492
 20
-922.973
 40
11.386
 50
142.98
 51
161.184
  0
ARC
  8
APS_GEOMETRY
 10
4228.024
 20
-923.38
 40
12.056
 50
127.824
 51
142.958
  0
ARC
  8
APS_GEOMETRY
 10
4228.901
 20
-924.51
 40
13.486
 50
113.52
 51
127.824
  0
ARC
  8
APS_GEOMETRY
 10
4228.615
 20
-923.85
 40
12.768
 50
101.927
 51
113.527
  0
ARC
  8
APS_GEOMETRY
 10
4228.473
 20
-923.178
 40
12.08
 50
90.0
 51
101.927
  0
ARC
  8
APS_GEOMETRY
 10
4253.714
 20
-923.988
 40
12.891
 50
71.91
 51
90.0
  0
ARC
  8
APS_GEOMETRY
 10
4254.213
 20
-922.46
 40
11.283
 50
52.561
 51
71.91
  0
ARC
  8
APS_GEOMETRY
 10
4254.082
 20
-922.498
 40
11.393
 50
38.846
 51
52.156
  0
ARC
  8
APS_GEOMETRY
 10
4252.296
 20
-923.936
 40
13.686
 50
26.707
 51
38.846
  0
ARC
  8
APS_GEOMETRY
 10
4252.65
 20
-923.647
 40
13.241
 50
13.868
 51
26.278
  0
ARC
  8
APS_GEOMETRY
 10
4255.199
 20
-923.018
 40
10.614
 50
360.0
 51
13.868
  0
ARC
  8
APS_GEOMETRY
 10
4255.365
 20
-923.018
 40
10.449
 50
339.712
 51
360.0
  0
ARC
  8
APS_GEOMETRY
 10
4254.776
 20
-922.8
 40
11.076
 50
320.013
 51
339.712
  0
ARC
  8
APS_GEOMETRY
 10
4254.679
 20
-922.747
 40
11.186
 50
303.344
 51
320.123
  0
ARC
  8
APS_GEOMETRY
 10
4253.531
 20
-921.002
 40
13.274
 50
287.949
 51
303.344
  0
ARC
  8
APS_GEOMETRY
 10
4253.154
 20
-919.695
 40
14.634
 50
279.039
 51
287.776
  0
ARC
  8
APS_GEOMETRY
 10
4253.305
 20
-920.644
 40
13.673
 50
270.0
 51
279.039
  0
ARC
  8
APS_GEOMETRY
 10
4253.305
 20
-921.312
 40
13.005
 50
257.728
 51
270.0
  0
ARC
  8
APS_GEOMETRY
 10
4253.325
 20
-921.218
 40
13.102
 50
245.501
 51
257.728
  0
ARC
  8
APS_GEOMETRY
 10
4252.589
 20
-922.829
 40
11.33
 50
228.665
 51
245.511
  0
ARC
  8
APS_GEOMETRY
 10
4252.344
 20
-923.107
 40
10.959
 50
211.535
 51
228.665
  0
ARC
  8
APS_GEOMETRY
 10
4252.665
 20
-922.872
 40
11.356
 50
195.642
 51
211.701
  0
ARC
  8
APS_GEOMETRY
 10
4253.252
 20
-922.707
 40
11.966
 50
180.0
 51
195.642
  0
ARC
  8
APS_GEOMETRY
 10
4253.378
 20
-922.707
 40
12.091
 50
162.181
 51
180.0
  0
ARC
  8
APS_GEOMETRY
 10
4252.274
 20
-922.353
 40
10.933
 50
143.434
 51
162.181
  0
ARC
  8
APS_GEOMETRY
 10
4252.126
 20
-922.234
 40
10.742
 50
126.384
 51
143.471
  0
ARC
  8
APS_GEOMETRY
 10
4253.143
 20
-923.614
 40
12.457
 50
110.525
 51
126.384
  0
ARC
  8
APS_GEOMETRY
 10
4253.093
 20
-923.239
 40
12.089
 50
99.77
 51
110.925
  0
ARC
  8
APS_GEOMETRY
 10
4253.714
 20
-926.845
 40
15.748
 50
90.0
 51
99.77
  0
ARC
  8
APS_GEOMETRY
 10
4252.16
 20
-918.194
 40
2.404
 50
90.0
 51
119.604
  0
ARC
  8
APS_GEOMETRY
 10
4252.371
 20
-918.565
 40
2.83
 50
119.604
 51
146.842
  0
ARC
  8
APS_GEOMETRY
 10
4252.794
 20
-918.911
 40
3.374
 50
145.84
 51
164.055
  0
ARC
  8
APS_GEOMETRY
 10
4253.774
 20
-919.192
 40
4.394
 50
164.055
 51
180.0
  0
ARC
  8
APS_GEOMETRY
 10
4259.907
 20
-919.192
 40
10.526
 50
180.0
 51
189.977
  0
ARC
  8
APS_GEOMETRY
 10
4269.233
 20
-917.551
 40
19.995
 50
189.977
 51
197.211
  0
ARC
  8
APS_GEOMETRY
 10
4271.272
 20
-916.919
 40
22.131
 50
197.211
 51
203.76
  0
ARC
  8
APS_GEOMETRY
 10
4266.191
 20
-919.156
 40
16.579
 50
203.76
 51
211.329
  0
ARC
  8
APS_GEOMETRY
 10
4255.757
 20
-925.418
 40
4.411
 50
212.32
 51
224.441
  0
ARC
  8
APS_GEOMETRY
 10
4255.329
 20
-925.838
 40
3.812
 50
224.441
 51
237.484
  0
ARC
  8
APS_GEOMETRY
 10
4255.053
 20
-926.271
 40
3.298
 50
237.484
 51
252.416
  0
ARC
  8
APS_GEOMETRY
 10
4254.777
 20
-927.143
 40
2.383
 50
252.416
 51
270.0
  0
ARC
  8
APS_GEOMETRY
 10
4254.777
 20
-926.86
 40
2.666
 50
270.0
 51
294.953
  0
ARC
  8
APS_GEOMETRY
 10
4254.851
 20
-927.021
 40
2.489
 50
294.953
 51
320.793
  0
ARC
  8
APS_GEOMETRY
 10
4254.451
 20
-926.694
 40
3.005
 50
320.793
 51
342.777
  0
ARC
  8
APS_GEOMETRY
 10
4252.667
 20
-926.141
 40
4.873
 50
342.777
 51
0.0
  0
ARC
  8
APS_GEOMETRY
 10
4244.286
 20
-926.141
 40
13.254
 50
0.0
 51
8.499
  0
ARC
  8
APS_GEOMETRY
 10
4238.453
 20
-927.013
 40
19.152
 50
8.499
 51
15.566
  0
ARC
  8
APS_GEOMETRY
 10
4239.154
 20
-926.817
 40
18.424
 50
15.566
 51
22.909
  0
ARC
  8
APS_GEOMETRY
 10
4245.186
 20
-924.268
 40
11.876
 50
22.909
 51
32.057
  0
ARC
  8
APS_GEOMETRY
 10
4249.924
 20
-921.284
 40
6.276
 50
31.921
 51
42.51
  0
ARC
  8
APS_GEOMETRY
 10
4251.225
 20
-920.091
 40
4.511
 50
42.51
 51
55.008
  0
ARC
  8
APS_GEOMETRY
 10
4251.664
 20
-919.463
 40
3.745
 50
55.008
 51
69.88
  0
ARC
  8
APS_GEOMETRY
 10
4252.058
 20
-918.388
 40
2.599
 50
69.88
 51
87.754
  0
ARC
  8
APS_GEOMETRY
 10
4280.393
 20
-921.729
 40
10.632
 50
77.257
 51
90.0
  0
ARC
  8
APS_GEOMETRY
 10
4280.285
 20
-922.207
 40
11.122
 50
64.799
 51
77.257
  0
ARC
  8
APS_GEOMETRY
 10
4289.444
 20
-902.708
 40
10.421
 50
244.885
 51
251.175
  0
ARC
  8
APS_GEOMETRY
 10
4286.46
 20
-911.462
 40
1.173
 50
251.175
 51
270.0
  0
ARC
  8
APS_GEOMETRY
 10
4286.46
 20
-910.731
 40
1.903
 50
270.0
 51
278.82
  0
ARC
  8
APS_GEOMETRY
 10
4285.23
 20
-902.808
 40
9.922
 50
278.82
 51
282.68
  0
ARC
  8
APS_GEOMETRY
 10
4287.803
 20
-914.198
 40
1.755
 50
95.906
 51
102.995
  0
ARC
  8
APS_GEOMETRY
 10
4287.882
 20
-914.966
 40
2.528
 50
90.0
 51
95.906
  0
ARC
  8
APS_GEOMETRY
 10
4287.882
 20
-914.116
 40
1.678
 50
62.447
 51
90.0
  0
ARC
  8
APS_GEOMETRY
 10
4287.584
 20
-914.688
 40
2.323
 50
39.094
 51
62.447
  0
ARC
  8
APS_GEOMETRY
 10
4284.467
 20
-917.295
 40
6.386
 50
18.435
 51
39.611
  0
ARC
  8
APS_GEOMETRY
 10
4282.554
 20
-917.933
 40
8.403
 50
360.0
 51
18.435
  0
ARC
  8
APS_GEOMETRY
 10
4286.79
 20
-917.933
 40
4.167
 50
334.877
 51
360.0
  0
ARC
  8
APS_GEOMETRY
 10
4288.043
 20
-918.52
 40
2.783
 50
304.007
 51
334.877
  0
ARC
  8
APS_GEOMETRY
 10
4288.022
 20
-918.461
 40
2.843
 50
286.39
 51
303.69
  0
ARC
  8
APS_GEOMETRY
 10
4287.931
 20
-918.152
 40
3.165
 50
270.0
 51
286.39
  0
ARC
  8
APS_GEOMETRY
 10
4287.931
 20
-918.189
 40
3.128
 50
255.155
 51
270.0
  0
ARC
  8
APS_GEOMETRY
 10
4287.589
 20
-919.482
 40
1.791
 50
235.491
 51
255.155
  0
ARC
  8
APS_GEOMETRY
 10
4287.761
 20
-919.232
 40
2.094
 50
218.48
 51
235.491
  0
ARC
  8
APS_GEOMETRY
 10
4290.571
 20
-916.998
 40
5.684
 50
208.179
 51
218.48
  0
ARC
  8
APS_GEOMETRY
 10
4261.759
 20
-932.637
 40
27.099
 50
28.56
 51
31.664
  0
ARC
  8
APS_GEOMETRY
 10
4279.365
 20
-921.779
 40
6.414
 50
31.664
 51
38.047
  0
ARC
  8
APS_GEOMETRY
 10
4280.645
 20
-920.777
 40
4.788
 50
38.047
 51
46.56
  0
ARC
  8
APS_GEOMETRY
 10
4279.98
 20
-921.48
 40
5.756
 50
46.56
 51
54.324
  0
ARC
  8
APS_GEOMETRY
 10
4279.596
 20
-922.141
 40
6.517
 50
54.968
 51
71.48
  0
ARC
  8
APS_GEOMETRY
 10
4280.017
 20
-920.882
 40
5.19
 50
71.48
 51
90.0
  0
ARC
  8
APS_GEOMETRY
 10
4280.017
 20
-919.318
 40
3.625
 50
90.0
 51
114.63
  0
ARC
  8
APS_GEOMETRY
 10
4279.835
 20
-918.921
 40
3.188
 50
114.63
 51
140.921
  0
ARC
  8
APS_GEOMETRY
 10
4280.373
 20
-919.357
 40
3.881
 50
140.921
 51
163.13
  0
ARC
  8
APS_GEOMETRY
 10
4283.062
 20
-920.173
 40
6.691
 50
163.13
 51
180.0
  0
ARC
  8
APS_GEOMETRY
 10
4286.548
 20
-920.173
 40
10.178
 50
180.0
 51
195.44
  0
ARC
  8
APS_GEOMETRY
 10
4286.019
 20
-920.319
 40
9.629
 50
195.44
 51
211.316
  0
ARC
  8
APS_GEOMETRY
 10
4283.475
 20
-921.814
 40
6.678
 50
211.708
 51
240.457
  0
ARC
  8
APS_GEOMETRY
 10
4283.304
 20
-922.115
 40
6.332
 50
240.457
 51
270.0
  0
ARC
  8
APS_GEOMETRY
 10
4283.304
 20
-920.571
 40
7.875
 50
270.0
 51
279.549
  0
ARC
  8
APS_GEOMETRY
 10
4283.206
 20
-919.989
 40
8.466
 50
279.549
 51
288.759
  0
ARC
  8
APS_GEOMETRY
 10
4283.619
 20
-921.205
 40
7.182
 50
288.759
 51
299.545
  0
ARC
  8
APS_GEOMETRY
 10
4285.273
 20
-924.124
 40
3.826
 50
299.545
 51
314.341
  0
ARC
  8
APS_GEOMETRY
 10
4290.391
 20
-929.44
 40
3.553
 50
120.141
 51
133.452
  0
ARC
  8
APS_GEOMETRY
 10
4288.961
 20
-926.978
 40
0.706
 50
90.0
 51
120.141
  0
ARC
  8
APS_GEOMETRY
 10
4288.961
 20
-927.387
 40
1.115
 50
61.952
 51
90.0
  0
ARC
  8
APS_GEOMETRY
 10
4288.795
 20
-927.698
 40
1.468
 50
37.569
 51
61.952
  0
ARC
  8
APS_GEOMETRY
 10
4288.486
 20
-927.937
 40
1.859
 50
17.665
 51
37.569
  0
ARC
  8
APS_GEOMETRY
 10
4288.013
 20
-928.087
 40
2.354
 50
360.0
 51
17.665
  0
ARC
  8
APS_GEOMETRY
 10
4286.827
 20
-928.087
 40
3.54
 50
344.932
 51
0.0
  0
ARC
  8
APS_GEOMETRY
 10
4283.678
 20
-927.239
 40
6.801
 50
334.075
 51
344.932
  0
ARC
  8
APS_GEOMETRY
 10
4283.579
 20
-927.191
 40
6.912
 50
323.374
 51
334.075
  0
ARC
  8
APS_GEOMETRY
 10
4285.611
 20
-928.701
 40
4.38
 50
309.92
 51
323.374
  0
ARC
  8
APS_GEOMETRY
 10
4287.642
 20
-931.097
 40
1.24
 50
289.026
 51
308.991
  0
ARC
  8
APS_GEOMETRY
 10
4285.475
 20
-924.814
 40
7.886
 50
281.143
 51
289.026
  0
ARC
  8
APS_GEOMETRY
 10
4287.672
 20
-936.205
 40
3.715
 50
100.437
 51
110.12
  0
ARC
  8
APS_GEOMETRY
 10
4290.583
 20
-944.15
 40
12.177
 50
110.12
 51
115.463
  0
ARC
  8
APS_GEOMETRY
 10
4280.192
 20
-922.41
 40
11.919
 50
282.94
 51
295.628
  0
ARC
  8
APS_GEOMETRY
 10
4280.295
 20
-922.857
 40
11.46
 50
270.0
 51
282.94
  0
ARC
  8
APS_GEOMETRY
 10
4280.295
 20
-922.18
 40
12.137
 50
257.307
 51
270.0
  0
ARC
  8
APS_GEOMETRY
 10
4280.807
 20
-919.905
 40
14.469
 50
245.686
 51
257.307
  0
ARC
  8
APS_GEOMETRY
 10
4279.522
 20
-922.725
 40
11.37
 50
228.801
 51
245.735
  0
ARC
  8
APS_GEOMETRY
 10
4279.544
 20
-922.701
 40
11.402
 50
211.891
 51
228.801
  0
ARC
  8
APS_GEOMETRY
 10
4280.218
 20
-922.216
 40
12.231
 50
196.728
 51
212.152
  0
ARC
  8
APS_GEOMETRY
 10
4278.474
 20
-922.74
 40
10.41
 50
180.0
 51
196.728
  0
ARC
  8
APS_GEOMETRY
 10
4278.727
 20
-922.74
 40
10.663
 50
161.184
 51
180.0
  0
ARC
  8
APS_GEOMETRY
 10
4279.412
 20
-922.973
 40
11.386
 50
142.98
 51
161.184
  0
ARC
  8
APS_GEOMETRY
 10
4279.944
 20
-923.38
 40
12.056
 50
127.824
 51
142.958
  0
ARC
  8
APS_GEOMETRY
 10
4280.821
 20
-924.51
 40
13.486
 50
113.52
 51
127.824
  0
ARC
  8
APS_GEOMETRY
 10
4280.535
 20
-923.85
 40
12.768
 50
101.927
 51
113.527
  0
ARC
  8
APS_GEOMETRY
 10
4280.393
 20
-923.178
 40
12.08
 50
90.0
 51
101.927
  0
ARC
  8
APS_GEOMETRY
 10
4305.634
 20
-923.988
 40
12.891
 50
71.91
 51
90.0
  0
ARC
  8
APS_GEOMETRY
 10
4306.133
 20
-922.46
 40
11.283
 50
52.561
 51
71.91
  0
ARC
  8
APS_GEOMETRY
 10
4306.002
 20
-922.498
 40
11.393
 50
38.846
 51
52.156
  0
ARC
  8
APS_GEOMETRY
 10
4304.216
 20
-923.936
 40
13.686
 50
26.707
 51
38.846
  0
ARC
  8
APS_GEOMETRY
 10
4304.57
 20
-923.647
 40
13.241
 50
13.868
 51
26.278
  0
ARC
  8
APS_GEOMETRY
 10
4307.12
 20
-923.018
 40
10.614
 50
360.0
 51
13.868
  0
ARC
  8
APS_GEOMETRY
 10
4307.285
 20
-923.018
 40
10.449
 50
339.712
 51
360.0
  0
ARC
  8
APS_GEOMETRY
 10
4306.696
 20
-922.8
 40
11.076
 50
320.013
 51
339.712
  0
ARC
  8
APS_GEOMETRY
 10
4306.599
 20
-922.747
 40
11.186
 50
303.344
 51
320.123
  0
ARC
  8
APS_GEOMETRY
 10
4305.451
 20
-921.002
 40
13.274
 50
287.949
 51
303.344
  0
ARC
  8
APS_GEOMETRY
 10
4305.074
 20
-919.695
 40
14.634
 50
279.039
 51
287.776
  0
ARC
  8
APS_GEOMETRY
 10
4305.225
 20
-920.644
 40
13.673
 50
270.0
 51
279.039
  0
ARC
  8
APS_GEOMETRY
 10
4305.225
 20
-921.312
 40
13.005
 50
257.728
 51
270.0
  0
ARC
  8
APS_GEOMETRY
 10
4305.245
 20
-921.218
 40
13.102
 50
245.501
 51
257.728
  0
ARC
  8
APS_GEOMETRY
 10
4304.509
 20
-922.829
 40
11.33
 50
228.665
 51
245.511
  0
ARC
  8
APS_GEOMETRY
 10
4304.264
 20
-923.107
 40
10.959
 50
211.535
 51
228.665
  0
ARC
  8
APS_GEOMETRY
 10
4304.585
 20
-922.872
 40
11.356
 50
195.642
 51
211.701
  0
ARC
  8
APS_GEOMETRY
 10
4305.172
 20
-922.707
 40
11.966
 50
180.0
 51
195.642
  0
ARC
  8
APS_GEOMETRY
 10
4305.298
 20
-922.707
 40
12.091
 50
162.181
 51
180.0
  0
ARC
  8
APS_GEOMETRY
 10
4304.195
 20
-922.353
 40
10.933
 50
143.434
 51
162.181
  0
ARC
  8
APS_GEOMETRY
 10
4304.046
 20
-922.234
 40
10.742
 50
126.384
 51
143.471
  0
ARC
  8
APS_GEOMETRY
 10
4305.063
 20
-923.614
 40
12.457
 50
110.525
 51
126.384
  0
ARC
  8
APS_GEOMETRY
 10
4305.013
 20
-923.239
 40
12.089
 50
99.77
 51
110.925
  0
ARC
  8
APS_GEOMETRY
 10
4305.634
 20
-926.845
 40
15.748
 50
90.0
 51
99.77
  0
ARC
  8
APS_GEOMETRY
 10
4304.08
 20
-918.194
 40
2.404
 50
90.0
 51
119.604
  0
ARC
  8
APS_GEOMETRY
 10
4304.291
 20
-918.565
 40
2.83
 50
119.604
 51
146.842
  0
ARC
  8
APS_GEOMETRY
 10
4304.714
 20
-918.911
 40
3.374
 50
145.84
 51
164.055
  0
ARC
  8
APS_GEOMETRY
 10
4305.695
 20
-919.192
 40
4.394
 50
164.055
 51
180.0
  0
ARC
  8
APS_GEOMETRY
 10
4311.827
 20
-919.192
 40
10.526
 50
180.0
 51
189.977
  0
ARC
  8
APS_GEOMETRY
 10
4321.153
 20
-917.551
 40
19.995
 50
189.977
 51
197.211
  0
ARC
  8
APS_GEOMETRY
 10
4323.192
 20
-916.919
 40
22.131
 50
197.211
 51
203.76
  0
ARC
  8
APS_GEOMETRY
 10
4318.111
 20
-919.156
 40
16.579
 50
203.76
 51
211.329
  0
ARC
  8
APS_GEOMETRY
 10
4307.677
 20
-925.418
 40
4.411
 50
212.32
 51
224.441
  0
ARC
  8
APS_GEOMETRY
 10
4307.249
 20
-925.838
 40
3.812
 50
224.441
 51
237.484
  0
ARC
  8
APS_GEOMETRY
 10
4306.973
 20
-926.271
 40
3.298
 50
237.484
 51
252.416
  0
ARC
  8
APS_GEOMETRY
 10
4306.697
 20
-927.143
 40
2.383
 50
252.416
 51
270.0
  0
ARC
  8
APS_GEOMETRY
 10
4306.697
 20
-926.86
 40
2.666
 50
270.0
 51
294.953
  0
ARC
  8
APS_GEOMETRY
 10
4306.771
 20
-927.021
 40
2.489
 50
294.953
 51
320.793
  0
ARC
  8
APS_GEOMETRY
 10
4306.371
 20
-926.694
 40
3.005
 50
320.793
 51
342.777
  0
ARC
  8
APS_GEOMETRY
 10
4304.587
 20
-926.141
 40
4.873
 50
342.777
 51
0.0
  0
ARC
  8
APS_GEOMETRY
 10
4296.206
 20
-926.141
 40
13.254
 50
0.0
 51
8.499
  0
ARC
  8
APS_GEOMETRY
 10
4290.373
 20
-927.013
 40
19.152
 50
8.499
 51
15.566
  0
ARC
  8
APS_GEOMETRY
 10
4291.074
 20
-926.817
 40
18.424
 50
15.566
 51
22.909
  0
ARC
  8
APS_GEOMETRY
 10
4297.106
 20
-924.268
 40
11.876
 50
22.909
 51
32.057
  0
ARC
  8
APS_GEOMETRY
 10
4301.844
 20
-921.284
 40
6.276
 50
31.921
 51
42.51
  0
ARC
  8
APS_GEOMETRY
 10
4303.145
 20
-920.091
 40
4.511
 50
42.51
 51
55.008
  0
ARC
  8
APS_GEOMETRY
 10
4303.584
 20
-919.463
 40
3.745
 50
55.008
 51
69.88
  0
ARC
  8
APS_GEOMETRY
 10
4303.978
 20
-918.388
 40
2.599
 50
69.88
 51
87.754
  0
ARC
  8
APS_GEOMETRY
 10
4330.891
 20
-925.699
 40
1.21
 50
90.0
 51
115.837
  0
ARC
  8
APS_GEOMETRY
 10
4330.593
 20
-925.084
 40
0.526
 50
115.837
 51
155.462
  0
ARC
  8
APS_GEOMETRY
 10
4330.94
 20
-925.243
 40
0.909
 50
155.462
 51
168.366
  0
ARC
  8
APS_GEOMETRY
 10
4334.113
 20
-925.896
 40
4.148
 50
168.366
 51
174.395
  0
ARC
  8
APS_GEOMETRY
 10
4337.311
 20
-926.21
 40
7.361
 50
174.395
 51
177.813
  0
ARC
  8
APS_GEOMETRY
 10
4347.925
 20
-926.615
 40
17.983
 50
177.813
 51
180.0
  0
ARC
  8
APS_GEOMETRY
 10
4355.61
 20
-926.615
 40
25.667
 50
180.0
 51
184.62
  0
ARC
  8
APS_GEOMETRY
 10
4338.4
 20
-928.006
 40
8.401
 50
184.62
 51
192.7
  0
ARC
  8
APS_GEOMETRY
 10
4331.765
 20
-929.463
 40
1.609
 50
194.036
 51
205.821
  0
ARC
  8
APS_GEOMETRY
 10
4331.062
 20
-929.803
 40
0.828
 50
205.821
 51
222.274
  0
ARC
  8
APS_GEOMETRY
 10
4331.277
 20
-929.607
 40
1.119
 50
222.274
 51
234.605
  0
ARC
  8
APS_GEOMETRY
 10
4333.707
 20
-926.187
 40
5.315
 50
234.605
 51
240.255
  0
ARC
  8
APS_GEOMETRY
 10
4330.013
 20
-932.724
 40
2.194
 50
34.592
 51
61.189
  0
ARC
  8
APS_GEOMETRY
 10
4330.738
 20
-932.224
 40
1.313
 50
360.0
 51
34.592
  0
ARC
  8
APS_GEOMETRY
 10
4330.782
 20
-932.224
 40
1.27
 50
318.231
 51
360.0
  0
ARC
  8
APS_GEOMETRY
 10
4329.933
 20
-931.466
 40
2.408
 50
288.227
 51
318.231
  0
ARC
  8
APS_GEOMETRY
 10
4329.052
 20
-928.792
 40
5.223
 50
280.377
 51
288.227
  0
ARC
  8
APS_GEOMETRY
 10
4327.517
 20
-920.41
 40
13.744
 50
275.541
 51
280.377
  0
ARC
  8
APS_GEOMETRY
 10
4326.856
 20
-913.591
 40
20.595
 50
272.304
 51
275.541
  0
ARC
  8
APS_GEOMETRY
 10
4326.05
 20
-893.573
 40
40.629
 50
270.0
 51
272.304
  0
ARC
  8
APS_GEOMETRY
 10
4326.05
 20
-910.303
 40
23.9
 50
262.811
 51
270.0
  0
ARC
  8
APS_GEOMETRY
 10
4323.906
 20
-927.306
 40
6.762
 50
249.274
 51
262.811
  0
ARC
  8
APS_GEOMETRY
 10
4322.557
 20
-930.871
 40
2.95
 50
221.379
 51
249.274
  0
ARC
  8
APS_GEOMETRY
 10
4321.374
 20
-931.913
 40
1.373
 50
180.0
 51
221.379
  0
ARC
  8
APS_GEOMETRY
 10
4321.365
 20
-931.913
 40
1.364
 50
164.055
 51
180.0
  0
ARC
  8
APS_GEOMETRY
 10
4320.796
 20
-931.751
 40
0.773
 50
142.815
 51
164.055
  0
ARC
  8
APS_GEOMETRY
 10
4321.154
 20
-932.022
 40
1.222
 50
129.007
 51
142.815
  0
ARC
  8
APS_GEOMETRY
 10
4325.55
 20
-937.449
 40
8.206
 50
123.69
 51
129.007
  0
ARC
  8
APS_GEOMETRY
 10
4319.312
 20
-928.063
 40
3.064
 50
303.389
 51
319.022
  0
ARC
  8
APS_GEOMETRY
 10
4320.141
 20
-928.783
 40
1.966
 50
319.022
 51
338.575
  0
ARC
  8
APS_GEOMETRY
 10
4319.031
 20
-928.348
 40
3.158
 50
338.575
 51
351.049
  0
ARC
  8
APS_GEOMETRY
 10
4305.628
 20
-926.237
 40
16.726
 50
351.049
 51
356.46
  0
ARC
  8
APS_GEOMETRY
 10
4310.046
 20
-926.405
 40
12.307
 50
355.972
 51
358.68
  0
ARC
  8
APS_GEOMETRY
 10
4164.951
 20
-923.062
 40
157.441
 50
358.68
 51
359.437
  0
LINE
  8
APS_GEOMETRY
 10
4322.384
 11
4322.399
 20
-924.608
 21
-922.152
  0
LINE
  8
APS_GEOMETRY
 10
4322.399
 11
4322.404
 20
-922.152
 21
-918.946
  0
ARC
  8
APS_GEOMETRY
 10
4284.499
 20
-918.946
 40
37.905
 50
360.0
 51
1.717
  0
ARC
  8
APS_GEOMETRY
 10
4304.784
 20
-918.338
 40
17.611
 50
1.717
 51
4.236
  0
ARC
  8
APS_GEOMETRY
 10
4311.398
 20
-917.848
 40
10.979
 50
4.236
 51
8.269
  0
ARC
  8
APS_GEOMETRY
 10
4319.01
 20
-916.742
 40
3.287
 50
8.269
 51
15.642
  0
ARC
  8
APS_GEOMETRY
 10
4320.32
 20
-916.375
 40
1.926
 50
15.642
 51
39.417
  0
ARC
  8
APS_GEOMETRY
 10
4320.35
 20
-916.351
 40
1.888
 50
39.417
 51
63.435
  0
ARC
  8
APS_GEOMETRY
 10
4323.75
 20
-909.306
 40
5.935
 50
236.874
 51
244.486
  0
ARC
  8
APS_GEOMETRY
 10
4321.221
 20
-913.183
 40
1.306
 50
220.601
 51
236.874
  0
ARC
  8
APS_GEOMETRY
 10
4320.93
 20
-913.432
 40
0.923
 50
198.246
 51
220.601
  0
ARC
  8
APS_GEOMETRY
 10
4321.364
 20
-913.289
 40
1.38
 50
180.0
 51
198.246
  0
ARC
  8
APS_GEOMETRY
 10
4321.358
 20
-913.289
 40
1.374
 50
156.161
 51
180.0
  0
ARC
  8
APS_GEOMETRY
 10
4321.549
 20
-913.373
 40
1.583
 50
133.977
 51
156.161
  0
ARC
  8
APS_GEOMETRY
 10
4321.931
 20
-913.769
 40
2.133
 50
116.996
 51
133.977
  0
ARC
  8
APS_GEOMETRY
 10
4322.69
 20
-915.258
 40
3.804
 50
104.3
 51
116.996
  0
ARC
  8
APS_GEOMETRY
 10
4322.886
 20
-916.011
 40
4.582
 50
95.326
 51
104.349
  0
ARC
  8
APS_GEOMETRY
 10
4323.679
 20
-924.528
 40
13.136
 50
90.0
 51
95.326
  0
ARC
  8
APS_GEOMETRY
 10
4323.679
 20
-917.898
 40
6.506
 50
87.553
 51
90.0
  0
ARC
  8
APS_GEOMETRY
 10
4322.295
 20
-950.292
 40
38.93
 50
86.553
 51
87.553
  0
ARC
  8
APS_GEOMETRY
 10
4320.327
 20
-982.965
 40
71.662
 50
86.009
 51
86.553
  0
ARC
  8
APS_GEOMETRY
 10
4312.673
 20
-1092.672
 40
181.636
 50
85.668
 51
86.009
  0
ARC
  8
APS_GEOMETRY
 10
4326.997
 20
-904.017
 40
7.563
 50
265.426
 51
268.531
  0
ARC
  8
APS_GEOMETRY
 10
4327.669
 20
-877.795
 40
33.793
 50
268.531
 51
270.0
  0
ARC
  8
APS_GEOMETRY
 10
4327.669
 20
-885.833
 40
25.755
 50
270.0
 51
271.637
  0
ARC
  8
APS_GEOMETRY
 10
4327.094
 20
-865.69
 40
45.906
 50
271.637
 51
272.862
  0
ARC
  8
APS_GEOMETRY
 10
4326.433
 20
-852.476
 40
59.137
 50
272.862
 51
273.814
  0
ARC
  8
APS_GEOMETRY
 10
4324.196
 20
-818.924
 40
92.764
 50
273.814
 51
274.574
  0
ARC
  8
APS_GEOMETRY
 10
4338.227
 20
-1001.419
 40
90.271
 50
93.72
 51
94.214
  0
ARC
  8
APS_GEOMETRY
 10
4335.233
 20
-955.36
 40
44.115
 50
93.013
 51
93.72
  0
ARC
  8
APS_GEOMETRY
 10
4334.412
 20
-939.762
 40
28.496
 50
91.918
 51
93.013
  0
ARC
  8
APS_GEOMETRY
 10
4333.769
 20
-920.555
 40
9.277
 50
90.0
 51
91.918
  0
ARC
  8
APS_GEOMETRY
 10
4333.769
 20
-923.332
 40
12.054
 50
73.82
 51
90.0
  0
ARC
  8
APS_GEOMETRY
 10
4334.957
 20
-919.237
 40
7.791
 50
53.658
 51
73.82
  0
ARC
  8
APS_GEOMETRY
 10
4336.646
 20
-916.927
 40
4.929
 50
26.03
 51
53.569
  0
ARC
  8
APS_GEOMETRY
 10
4336.128
 20
-917.18
 40
5.506
 50
360.0
 51
26.03
  0
ARC
  8
APS_GEOMETRY
 10
4335.912
 20
-917.18
 40
5.722
 50
345.282
 51
360.0
  0
ARC
  8
APS_GEOMETRY
 10
4336.463
 20
-917.325
 40
5.152
 50
329.767
 51
345.282
  0
ARC
  8
APS_GEOMETRY
 10
4336.774
 20
-917.507
 40
4.792
 50
313.168
 51
329.767
  0
ARC
  8
APS_GEOMETRY
 10
4336.89
 20
-917.63
 40
4.623
 50
296.267
 51
313.168
  0
ARC
  8
APS_GEOMETRY
 10
4339.521
 20
-922.947
 40
1.31
 50
116.565
 51
139.899
  0
ARC
  8
APS_GEOMETRY
 10
4338.868
 20
-922.397
 40
0.456
 50
139.899
 51
180.0
  0
ARC
  8
APS_GEOMETRY
 10
4338.919
 20
-922.397
 40
0.506
 50
180.0
 51
226.193
  0
ARC
  8
APS_GEOMETRY
 10
4339.854
 20
-921.421
 40
1.858
 50
226.193
 51
249.829
  0
ARC
  8
APS_GEOMETRY
 10
4337.174
 20
-928.802
 40
5.995
 50
53.249
 51
70.105
  0
ARC
  8
APS_GEOMETRY
 10
4338.391
 20
-927.171
 40
3.96
 50
32.471
 51
53.249
  0
ARC
  8
APS_GEOMETRY
 10
4337.824
 20
-927.532
 40
4.632
 50
23.305
 51
32.471
  0
ARC
  8
APS_GEOMETRY
 10
4334.319
 20
-929.042
 40
8.449
 50
16.521
 51
23.305
  0
ARC
  8
APS_GEOMETRY
 10
4331.586
 20
-929.853
 40
11.299
 50
11.429
 51
16.521
  0
ARC
  8
APS_GEOMETRY
 10
4323.841
 20
-931.419
 40
19.201
 50
7.524
 51
11.429
  0
ARC
  8
APS_GEOMETRY
 10
4349.505
 20
-928.001
 40
6.69
 50
187.765
 51
196.914
  0
ARC
  8
APS_GEOMETRY
 10
4344.034
 20
-929.665
 40
0.971
 50
196.914
 51
221.082
  0
ARC
  8
APS_GEOMETRY
 10
4344.054
 20
-929.646
 40
0.999
 50
221.082
 51
244.607
  0
ARC
  8
APS_GEOMETRY
 10
4346.391
 20
-924.724
 40
6.448
 50
244.607
 51
253.811
  0
ARC
  8
APS_GEOMETRY
 10
4344.337
 20
-931.729
 40
0.852
 50
51.45
 51
72.474
  0
ARC
  8
APS_GEOMETRY
 10
4344.126
 20
-931.993
 40
1.191
 50
33.69
 51
51.45
  0
ARC
  8
APS_GEOMETRY
 10
4344.076
 20
-932.026
 40
1.25
 50
16.639
 51
33.69
  0
ARC
  8
APS_GEOMETRY
 10
4344.017
 20
-932.044
 40
1.312
 50
360.0
 51
16.639
  0
ARC
  8
APS_GEOMETRY
 10
4343.998
 20
-932.044
 40
1.331
 50
338.993
 51
360.0
  0
ARC
  8
APS_GEOMETRY
 10
4343.186
 20
-931.732
 40
2.201
 50
322.696
 51
338.993
  0
ARC
  8
APS_GEOMETRY
 10
4342.883
 20
-931.501
 40
2.582
 50
308.603
 51
322.696
  0
ARC
  8
APS_GEOMETRY
 10
4342.675
 20
-931.24
 40
2.916
 50
295.346
 51
308.603
  0
ARC
  8
APS_GEOMETRY
 10
4341.579
 20
-928.827
 40
5.566
 50
279.583
 51
294.905
  0
ARC
  8
APS_GEOMETRY
 10
4340.146
 20
-920.337
 40
14.176
 50
270.0
 51
279.583
  0
ARC
  8
APS_GEOMETRY
 10
4340.146
 20
-924.177
 40
10.336
 50
261.247
 51
270.0
  0
ARC
  8
APS_GEOMETRY
 10
4339.484
 20
-928.478
 40
5.985
 50
249.737
 51
261.247
  0
ARC
  8
APS_GEOMETRY
 10
4339.048
 20
-929.656
 40
4.728
 50
235.345
 51
249.737
  0
ARC
  8
APS_GEOMETRY
 10
4338.499
 20
-930.451
 40
3.762
 50
219.198
 51
235.345
  0
ARC
  8
APS_GEOMETRY
 10
4339.655
 20
-929.465
 40
5.281
 50
209.076
 51
219.56
  0
ARC
  8
APS_GEOMETRY
 10
4342.326
 20
-927.981
 40
8.337
 50
200.735
 51
209.076
  0
ARC
  8
APS_GEOMETRY
 10
4346.01
 20
-926.586
 40
12.277
 50
197.881
 51
200.735
  0
ARC
  8
APS_GEOMETRY
 10
4361.151
 20
-921.701
 40
28.186
 50
195.997
 51
197.881
  0
ARC
  8
APS_GEOMETRY
 10
4372.342
 20
-918.492
 40
39.828
 50
194.664
 51
195.997
  0
ARC
  8
APS_GEOMETRY
 10
4403.34
 20
-910.381
 40
71.869
 50
193.671
 51
194.664
  0
ARC
  8
APS_GEOMETRY
 10
4324.735
 20
-929.491
 40
9.026
 50
13.61
 51
23.585
  0
ARC
  8
APS_GEOMETRY
 10
4330.644
 20
-926.911
 40
2.577
 50
23.585
 51
42.31
  0
ARC
  8
APS_GEOMETRY
 10
4331.18
 20
-926.423
 40
1.853
 50
42.31
 51
67.521
  0
ARC
  8
APS_GEOMETRY
 10
4330.756
 20
-927.449
 40
2.962
 50
67.521
 51
87.397
  0
LINE
  8
APS_GEOMETRY
 10
4329.959
 11
4329.779
 20
-916.15
 21
-919.96
  0
LINE
  8
APS_GEOMETRY
 10
4329.779
 11
4329.779
 20
-919.96
 21
-920.021
  0
LINE
  8
APS_GEOMETRY
 10
4329.779
 11
4329.779
 20
-920.021
 21
-920.107
  0
ARC
  8
APS_GEOMETRY
 10
4332.426
 20
-920.107
 40
2.647
 50
180.0
 51
192.339
  0
ARC
  8
APS_GEOMETRY
 10
4330.321
 20
-920.568
 40
0.493
 50
192.339
 51
221.186
  0
ARC
  8
APS_GEOMETRY
 10
4330.271
 20
-920.612
 40
0.426
 50
221.186
 51
253.872
  0
ARC
  8
APS_GEOMETRY
 10
4330.629
 20
-919.374
 40
1.715
 50
253.872
 51
270.0
  0
ARC
  8
APS_GEOMETRY
 10
4330.629
 20
-917.103
 40
3.985
 50
270.0
 51
289.569
  0
ARC
  8
APS_GEOMETRY
 10
4331.353
 20
-919.141
 40
1.822
 50
289.569
 51
318.681
  0
ARC
  8
APS_GEOMETRY
 10
4331.158
 20
-918.969
 40
2.083
 50
318.681
 51
344.628
  0
ARC
  8
APS_GEOMETRY
 10
4327.506
 20
-917.965
 40
5.87
 50
344.628
 51
0.0
  0
ARC
  8
APS_GEOMETRY
 10
4329.242
 20
-917.965
 40
4.134
 50
0.0
 51
35.369
  0
ARC
  8
APS_GEOMETRY
 10
4331.136
 20
-916.621
 40
1.812
 50
35.369
 51
90.0
  0
ARC
  8
APS_GEOMETRY
 10
4331.136
 20
-916.641
 40
1.831
 50
90.0
 51
108.435
  0
ARC
  8
APS_GEOMETRY
 10
4330.78
 20
-915.572
 40
0.705
 50
108.435
 51
138.366
  0
ARC
  8
APS_GEOMETRY
 10
4330.875
 20
-915.657
 40
0.833
 50
138.366
 51
164.291
  0
ARC
  8
APS_GEOMETRY
 10
4333.118
 20
-916.288
 40
3.162
 50
164.291
 51
177.51
  0
LINE
  8
APS_GEOMETRY
 10
4359.068
 11
4367.211
 20
-912.34
 21
-919.47
  0
ARC
  8
APS_GEOMETRY
 10
4374.827
 20
-910.73
 40
11.592
 50
228.93
 51
232.674
  0
ARC
  8
APS_GEOMETRY
 10
4370.59
 20
-916.286
 40
4.605
 50
232.674
 51
238.617
  0
ARC
  8
APS_GEOMETRY
 10
4369.524
 20
-918.034
 40
2.558
 50
238.617
 51
249.131
  0
ARC
  8
APS_GEOMETRY
 10
4368.846
 20
-919.812
 40
0.655
 50
249.131
 51
270.0
  0
ARC
  8
APS_GEOMETRY
 10
4368.846
 20
-919.893
 40
0.574
 50
270.0
 51
334.898
  0
ARC
  8
APS_GEOMETRY
 10
4366.197
 20
-918.652
 40
3.499
 50
334.898
 51
0.0
  0
ARC
  8
APS_GEOMETRY
 10
4340.582
 20
-918.652
 40
29.115
 50
360.0
 51
2.026
  0
ARC
  8
APS_GEOMETRY
 10
4356.025
 20
-918.106
 40
13.662
 50
2.026
 51
4.984
  0
ARC
  8
APS_GEOMETRY
 10
4361.075
 20
-917.665
 40
8.593
 50
4.984
 51
9.673
  0
ARC
  8
APS_GEOMETRY
 10
4366.894
 20
-916.673
 40
2.689
 50
9.673
 51
18.06
  0
ARC
  8
APS_GEOMETRY
 10
4367.78
 20
-916.384
 40
1.758
 50
18.06
 51
42.397
  0
ARC
  8
APS_GEOMETRY
 10
4367.494
 20
-916.646
 40
2.145
 50
42.397
 51
64.398
  0
ARC
  8
APS_GEOMETRY
 10
4370.106
 20
-911.253
 40
3.847
 50
233.633
 51
244.026
  0
ARC
  8
APS_GEOMETRY
 10
4368.684
 20
-913.184
 40
1.448
 50
216.656
 51
233.633
  0
ARC
  8
APS_GEOMETRY
 10
4368.465
 20
-913.347
 40
1.176
 50
196.082
 51
216.656
  0
ARC
  8
APS_GEOMETRY
 10
4369.177
 20
-913.141
 40
1.917
 50
180.0
 51
196.082
  0
ARC
  8
APS_GEOMETRY
 10
4368.654
 20
-913.141
 40
1.394
 50
133.202
 51
180.0
  0
ARC
  8
APS_GEOMETRY
 10
4369.753
 20
-914.312
 40
3.0
 50
101.788
 51
133.202
  0
ARC
  8
APS_GEOMETRY
 10
4370.01
 20
-915.46
 40
4.176
 50
96.633
 51
102.011
  0
ARC
  8
APS_GEOMETRY
 10
4370.939
 20
-923.455
 40
12.225
 50
93.489
 51
96.633
  0
ARC
  8
APS_GEOMETRY
 10
4371.337
 20
-929.984
 40
18.766
 50
91.439
 51
93.489
  0
ARC
  8
APS_GEOMETRY
 10
4371.822
 20
-949.281
 40
38.069
 50
90.0
 51
91.439
  0
ARC
  8
APS_GEOMETRY
 10
4371.822
 20
-946.694
 40
35.482
 50
87.994
 51
90.0
  0
ARC
  8
APS_GEOMETRY
 10
4372.467
 20
-928.274
 40
17.05
 50
85.101
 51
87.994
  0
ARC
  8
APS_GEOMETRY
 10
4372.991
 20
-922.166
 40
10.92
 50
80.595
 51
85.101
  0
ARC
  8
APS_GEOMETRY
 10
4374.185
 20
-914.959
 40
3.615
 50
72.759
 51
80.595
  0
ARC
  8
APS_GEOMETRY
 10
4374.546
 20
-913.839
 40
2.438
 50
40.956
 51
73.072
  0
ARC
  8
APS_GEOMETRY
 10
4375.236
 20
-913.24
 40
1.524
 50
360.0
 51
40.956
  0
ARC
  8
APS_GEOMETRY
 10
4375.328
 20
-913.24
 40
1.432
 50
322.573
 51
360.0
  0
ARC
  8
APS_GEOMETRY
 10
4374.576
 20
-912.664
 40
2.38
 50
293.749
 51
322.573
  0
ARC
  8
APS_GEOMETRY
 10
4377.598
 20
-919.604
 40
5.19
 50
113.429
 51
119.291
  0
ARC
  8
APS_GEOMETRY
 10
4375.578
 20
-916.004
 40
1.062
 50
119.291
 51
132.274
  0
ARC
  8
APS_GEOMETRY
 10
4375.462
 20
-915.876
 40
0.889
 50
132.274
 51
147.653
  0
ARC
  8
APS_GEOMETRY
 10
4376.303
 20
-916.409
 40
1.884
 50
147.653
 51
158.199
  0
ARC
  8
APS_GEOMETRY
 10
4377.582
 20
-916.948
 40
3.273
 50
157.751
 51
167.885
  0
ARC
  8
APS_GEOMETRY
 10
4384.392
 20
-918.41
 40
10.238
 50
167.885
 51
173.61
  0
ARC
  8
APS_GEOMETRY
 10
4390.416
 20
-919.084
 40
16.299
 50
173.61
 51
177.221
  0
ARC
  8
APS_GEOMETRY
 10
4408.994
 20
-919.986
 40
34.899
 50
177.221
 51
179.689
  0
LINE
  8
APS_GEOMETRY
 10
4374.095
 11
4374.095
 20
-919.797
 21
-925.127
  0
ARC
  8
APS_GEOMETRY
 10
4591.778
 20
-925.127
 40
217.683
 50
180.0
 51
180.161
  0
ARC
  8
APS_GEOMETRY
 10
4780.687
 20
-924.595
 40
406.593
 50
180.161
 51
180.279
  0
LINE
  8
APS_GEOMETRY
 10
4374.099
 11
4374.104
 20
-926.579
 21
-927.473
  0
LINE
  8
APS_GEOMETRY
 10
4374.104
 11
4374.112
 20
-927.473
 21
-928.479
  0
ARC
  8
APS_GEOMETRY
 10
4335.27
 20
-928.7
 40
38.843
 50
358.204
 51
0.326
  0
ARC
  8
APS_GEOMETRY
 10
4353.747
 20
-929.279
 40
20.356
 50
355.274
 51
358.204
  0
ARC
  8
APS_GEOMETRY
 10
4360.178
 20
-929.811
 40
13.903
 50
350.991
 51
355.274
  0
ARC
  8
APS_GEOMETRY
 10
4368.367
 20
-931.109
 40
5.612
 50
344.249
 51
350.991
  0
ARC
  8
APS_GEOMETRY
 10
4371.135
 20
-931.9
 40
2.733
 50
314.415
 51
344.445
  0
ARC
  8
APS_GEOMETRY
 10
4372.149
 20
-932.935
 40
1.284
 50
270.0
 51
314.415
  0
ARC
  8
APS_GEOMETRY
 10
4372.149
 20
-932.139
 40
2.08
 50
256.342
 51
270.0
  0
ARC
  8
APS_GEOMETRY
 10
4372.001
 20
-932.749
 40
1.452
 50
239.982
 51
256.342
  0
ARC
  8
APS_GEOMETRY
 10
4372.648
 20
-931.629
 40
2.746
 50
231.153
 51
239.982
  0
ARC
  8
APS_GEOMETRY
 10
4383.523
 20
-918.126
 40
20.083
 50
227.891
 51
231.153
  0
LINE
  8
APS_GEOMETRY
 10
4370.056
 11
4360.36
 20
-933.025
 21
-924.342
  0
ARC
  8
APS_GEOMETRY
 10
4356.624
 20
-928.478
 40
5.573
 50
47.911
 51
61.468
  0
ARC
  8
APS_GEOMETRY
 10
4358.675
 20
-924.705
 40
1.278
 50
61.468
 51
90.0
  0
ARC
  8
APS_GEOMETRY
 10
4358.675
 20
-923.987
 40
0.56
 50
90.0
 51
133.195
  0
ARC
  8
APS_GEOMETRY
 10
4359.228
 20
-924.575
 40
1.367
 50
133.195
 51
160.454
  0
ARC
  8
APS_GEOMETRY
 10
4361.0
 20
-925.204
 40
3.247
 50
160.454
 51
173.251
  0
ARC
  8
APS_GEOMETRY
 10
4369.333
 20
-926.19
 40
11.639
 50
173.251
 51
180.0
  0
ARC
  8
APS_GEOMETRY
 10
4392.003
 20
-926.19
 40
34.309
 50
180.0
 51
181.897
  0
ARC
  8
APS_GEOMETRY
 10
4373.832
 20
-926.792
 40
16.128
 50
181.897
 51
184.664
  0
ARC
  8
APS_GEOMETRY
 10
4367.876
 20
-927.278
 40
10.152
 50
184.664
 51
189.048
  0
ARC
  8
APS_GEOMETRY
 10
4360.976
 20
-928.377
 40
3.165
 50
189.048
 51
196.905
  0
ARC
  8
APS_GEOMETRY
 10
4359.88
 20
-928.71
 40
2.02
 50
196.905
 51
220.253
  0
ARC
  8
APS_GEOMETRY
 10
4359.902
 20
-928.691
 40
2.049
 50
220.253
 51
243.435
  0
ARC
  8
APS_GEOMETRY
 10
4357.904
 20
-932.722
 40
2.45
 50
37.921
 51
63.778
  0
ARC
  8
APS_GEOMETRY
 10
4358.92
 20
-931.93
 40
1.162
 50
360.0
 51
37.921
  0
ARC
  8
APS_GEOMETRY
 10
4358.468
 20
-931.93
 40
1.614
 50
324.268
 51
360.0
  0
ARC
  8
APS_GEOMETRY
 10
4357.864
 20
-931.495
 40
2.357
 50
294.86
 51
324.268
  0
ARC
  8
APS_GEOMETRY
 10
4356.866
 20
-929.34
 40
4.732
 50
278.78
 51
294.86
  0
ARC
  8
APS_GEOMETRY
 10
4355.176
 20
-918.4
 40
15.802
 50
270.0
 51
278.78
  0
ARC
  8
APS_GEOMETRY
 10
4355.176
 20
-921.236
 40
12.966
 50
260.383
 51
270.0
  0
ARC
  8
APS_GEOMETRY
 10
4353.81
 20
-929.301
 40
4.787
 50
244.522
 51
260.383
  0
ARC
  8
APS_GEOMETRY
 10
4352.82
 20
-931.378
 40
2.486
 50
216.549
 51
244.522
  0
ARC
  8
APS_GEOMETRY
 10
4352.009
 20
-931.979
 40
1.477
 50
180.0
 51
216.549
  0
ARC
  8
APS_GEOMETRY
 10
4352.536
 20
-931.979
 40
2.003
 50
164.65
 51
180.0
  0
ARC
  8
APS_GEOMETRY
 10
4351.393
 20
-931.665
 40
0.818
 50
140.528
 51
164.65
  0
ARC
  8
APS_GEOMETRY
 10
4351.855
 20
-932.046
 40
1.417
 50
126.135
 51
140.528
  0
ARC
  8
APS_GEOMETRY
 10
4356.683
 20
-938.657
 40
9.603
 50
120.619
 51
126.135
  0
ARC
  8
APS_GEOMETRY
 10
4350.96
 20
-928.996
 40
1.625
 50
300.784
 51
330.068
  0
ARC
  8
APS_GEOMETRY
 10
4349.877
 20
-928.373
 40
2.875
 50
330.068
 51
351.983
  0
ARC
  8
APS_GEOMETRY
 10
4331.695
 20
-926.003
 40
21.21
 50
352.493
 51
355.365
  0
ARC
  8
APS_GEOMETRY
 10
4309.764
 20
-924.224
 40
43.213
 50
355.365
 51
357.376
  0
ARC
  8
APS_GEOMETRY
 10
4294.408
 20
-923.521
 40
58.586
 50
357.376
 51
358.861
  0
ARC
  8
APS_GEOMETRY
 10
4253.494
 20
-922.707
 40
99.507
 50
358.861
 51
0.0
  0
ARC
  8
APS_GEOMETRY
 10
4290.289
 20
-922.707
 40
62.712
 50
360.0
 51
1.926
  0
ARC
  8
APS_GEOMETRY
 10
4319.482
 20
-921.725
 40
33.503
 50
1.926
 51
4.562
  0
ARC
  8
APS_GEOMETRY
 10
4329.776
 20
-920.904
 40
23.176
 50
4.562
 51
8.366
  0
ARC
  8
APS_GEOMETRY
 10
4343.164
 20
-918.935
 40
9.644
 50
8.366
 51
14.265
  0
ARC
  8
APS_GEOMETRY
 10
4348.227
 20
-917.655
 40
4.422
 50
14.349
 51
23.629
  0
ARC
  8
APS_GEOMETRY
 10
4350.794
 20
-916.532
 40
1.62
 50
23.629
 51
38.991
  0
ARC
  8
APS_GEOMETRY
 10
4350.803
 20
-916.524
 40
1.608
 50
38.991
 51
54.462
  0
ARC
  8
APS_GEOMETRY
 10
4349.301
 20
-918.627
 40
4.192
 50
54.462
 51
64.026
  0
ARC
  8
APS_GEOMETRY
 10
4353.54
 20
-909.943
 40
5.471
 50
235.472
 51
243.947
  0
ARC
  8
APS_GEOMETRY
 10
4351.351
 20
-913.126
 40
1.608
 50
219.806
 51
235.472
  0
ARC
  8
APS_GEOMETRY
 10
4351.019
 20
-913.402
 40
1.176
 50
198.939
 51
219.806
  0
ARC
  8
APS_GEOMETRY
 10
4351.255
 20
-913.321
 40
1.425
 50
180.0
 51
198.939
  0
ARC
  8
APS_GEOMETRY
 10
4351.185
 20
-913.321
 40
1.356
 50
126.254
 51
180.0
  0
ARC
  8
APS_GEOMETRY
 10
4353.255
 20
-916.144
 40
4.856
 50
98.616
 51
126.254
  0
ARC
  8
APS_GEOMETRY
 10
4353.546
 20
-918.475
 40
7.205
 50
94.456
 51
98.13
  0
ARC
  8
APS_GEOMETRY
 10
4354.67
 20
-932.901
 40
21.675
 50
92.337
 51
94.456
  0
ARC
  8
APS_GEOMETRY
 10
4355.149
 20
-944.64
 40
33.424
 50
90.963
 51
92.337
  0
ARC
  8
APS_GEOMETRY
 10
4355.732
 20
-979.315
 40
68.103
 50
90.0
 51
90.963
  0
ARC
  8
APS_GEOMETRY
 10
4355.732
 20
-923.623
 40
12.411
 50
83.928
 51
90.0
  0
ARC
  8
APS_GEOMETRY
 10
4356.75
 20
-914.054
 40
2.788
 50
71.095
 51
83.928
  0
ARC
  8
APS_GEOMETRY
 10
4356.843
 20
-913.783
 40
2.501
 50
56.848
 51
71.095
  0
ARC
  8
APS_GEOMETRY
 10
4354.092
 20
-917.995
 40
7.532
 50
48.652
 51
56.848
  0
ARC
  8
APS_GEOMETRY
 10
4388.472
 20
-931.516
 40
20.304
 50
84.71
 51
90.0
  0
ARC
  8
APS_GEOMETRY
 10
4388.844
 20
-927.496
 40
16.267
 50
78.799
 51
84.71
  0
ARC
  8
APS_GEOMETRY
 10
4391.252
 20
-915.324
 40
3.859
 50
49.783
 51
78.771
  0
ARC
  8
APS_GEOMETRY
 10
4392.863
 20
-913.419
 40
1.365
 50
360.0
 51
49.783
  0
ARC
  8
APS_GEOMETRY
 10
4392.718
 20
-913.419
 40
1.51
 50
342.759
 51
360.0
  0
ARC
  8
APS_GEOMETRY
 10
4393.505
 20
-913.664
 40
0.685
 50
317.045
 51
342.759
  0
ARC
  8
APS_GEOMETRY
 10
4393.125
 20
-913.31
 40
1.205
 50
301.817
 51
317.045
  0
ARC
  8
APS_GEOMETRY
 10
4387.497
 20
-904.239
 40
11.88
 50
296.98
 51
301.817
  0
ARC
  8
APS_GEOMETRY
 10
4393.498
 20
-916.048
 40
1.366
 50
116.565
 51
149.078
  0
ARC
  8
APS_GEOMETRY
 10
4395.257
 20
-917.102
 40
3.417
 50
149.078
 51
169.469
  0
ARC
  8
APS_GEOMETRY
 10
4399.009
 20
-917.799
 40
7.234
 50
169.469
 51
174.598
  0
ARC
  8
APS_GEOMETRY
 10
4418.341
 20
-919.627
 40
26.652
 50
174.598
 51
177.269
  0
ARC
  8
APS_GEOMETRY
 10
4435.34
 20
-920.438
 40
43.67
 50
177.269
 51
178.901
  0
ARC
  8
APS_GEOMETRY
 10
4487.994
 20
-921.448
 40
96.333
 50
178.901
 51
180.0
  0
ARC
  8
APS_GEOMETRY
 10
4594.989
 20
-921.448
 40
203.328
 50
180.0
 51
180.88
  0
ARC
  8
APS_GEOMETRY
 10
4469.729
 20
-923.372
 40
78.054
 50
180.88
 51
182.3
  0
ARC
  8
APS_GEOMETRY
 10
4433.116
 20
-924.843
 40
41.411
 50
182.3
 51
184.974
  0
ARC
  8
APS_GEOMETRY
 10
4398.205
 20
-927.881
 40
6.369
 50
184.974
 51
191.793
  0
ARC
  8
APS_GEOMETRY
 10
4394.15
 20
-928.656
 40
2.242
 50
193.57
 51
205.787
  0
ARC
  8
APS_GEOMETRY
 10
4393.142
 20
-929.144
 40
1.122
 50
205.787
 51
223.091
  0
ARC
  8
APS_GEOMETRY
 10
4393.398
 20
-928.904
 40
1.472
 50
223.091
 51
236.441
  0
ARC
  8
APS_GEOMETRY
 10
4395.539
 20
-925.676
 40
5.346
 50
236.441
 51
243.435
  0
ARC
  8
APS_GEOMETRY
 10
4392.26
 20
-932.411
 40
2.146
 50
37.185
 51
65.556
  0
ARC
  8
APS_GEOMETRY
 10
4392.96
 20
-931.881
 40
1.268
 50
0.0
 51
37.185
  0
ARC
  8
APS_GEOMETRY
 10
4392.921
 20
-931.881
 40
1.306
 50
312.039
 51
360.0
  0
ARC
  8
APS_GEOMETRY
 10
4391.366
 20
-930.155
 40
3.629
 50
283.815
 51
312.039
  0
ARC
  8
APS_GEOMETRY
 10
4388.796
 20
-919.503
 40
14.587
 50
279.273
 51
283.627
  0
ARC
  8
APS_GEOMETRY
 10
4387.768
 20
-913.21
 40
20.963
 50
275.641
 51
279.273
  0
ARC
  8
APS_GEOMETRY
 10
4387.376
 20
-909.233
 40
24.959
 50
272.588
 51
275.641
  0
ARC
  8
APS_GEOMETRY
 10
4386.935
 20
-899.475
 40
34.728
 50
270.0
 51
272.588
  0
ARC
  8
APS_GEOMETRY
 10
4386.935
 20
-913.256
 40
20.947
 50
262.774
 51
270.0
  0
ARC
  8
APS_GEOMETRY
 10
4385.046
 20
-928.149
 40
5.934
 50
249.175
 51
262.774
  0
ARC
  8
APS_GEOMETRY
 10
4383.86
 20
-931.268
 40
2.597
 50
221.23
 51
249.175
  0
ARC
  8
APS_GEOMETRY
 10
4382.825
 20
-932.175
 40
1.221
 50
180.0
 51
221.23
  0
ARC
  8
APS_GEOMETRY
 10
4382.625
 20
-932.175
 40
1.021
 50
142.696
 51
180.0
  0
ARC
  8
APS_GEOMETRY
 10
4384.235
 20
-933.402
 40
3.046
 50
121.357
 51
142.696
  0
ARC
  8
APS_GEOMETRY
 10
4381.514
 20
-928.945
 40
2.177
 50
301.477
 51
324.728
  0
ARC
  8
APS_GEOMETRY
 10
4381.804
 20
-929.15
 40
1.822
 50
324.728
 51
350.181
  0
ARC
  8
APS_GEOMETRY
 10
4372.683
 20
-927.641
 40
11.066
 50
350.538
 51
355.423
  0
ARC
  8
APS_GEOMETRY
 10
4335.207
 20
-924.641
 40
48.662
 50
355.423
 51
357.752
  0
ARC
  8
APS_GEOMETRY
 10
4300.411
 20
-923.275
 40
83.485
 50
357.752
 51
359.111
  0
ARC
  8
APS_GEOMETRY
 10
4189.037
 20
-921.546
 40
194.872
 50
359.111
 51
0.0
  0
ARC
  8
APS_GEOMETRY
 10
4316.298
 20
-921.546
 40
67.612
 50
0.0
 51
1.773
  0
ARC
  8
APS_GEOMETRY
 10
4355.978
 20
-920.318
 40
27.913
 50
1.773
 51
4.532
  0
ARC
  8
APS_GEOMETRY
 10
4368.038
 20
-919.362
 40
15.814
 50
4.532
 51
9.384
  0
ARC
  8
APS_GEOMETRY
 10
4380.285
 20
-917.338
 40
3.402
 50
9.384
 51
19.855
  0
ARC
  8
APS_GEOMETRY
 10
4381.906
 20
-916.722
 40
1.668
 50
18.853
 51
42.158
  0
ARC
  8
APS_GEOMETRY
 10
4380.517
 20
-917.98
 40
3.542
 50
42.158
 51
58.092
  0
ARC
  8
APS_GEOMETRY
 10
4386.631
 20
-908.531
 40
7.713
 50
230.711
 51
236.634
  0
ARC
  8
APS_GEOMETRY
 10
4382.79
 20
-913.225
 40
1.648
 50
217.875
 51
230.711
  0
ARC
  8
APS_GEOMETRY
 10
4382.264
 20
-913.635
 40
0.981
 50
196.928
 51
217.875
  0
ARC
  8
APS_GEOMETRY
 10
4382.757
 20
-913.485
 40
1.496
 50
180.0
 51
196.928
  0
ARC
  8
APS_GEOMETRY
 10
4382.434
 20
-913.485
 40
1.174
 50
148.791
 51
180.0
  0
ARC
  8
APS_GEOMETRY
 10
4382.742
 20
-913.671
 40
1.533
 50
121.569
 51
148.791
  0
ARC
  8
APS_GEOMETRY
 10
4383.295
 20
-914.571
 40
2.589
 50
112.806
 51
121.569
  0
ARC
  8
APS_GEOMETRY
 10
4384.788
 20
-918.123
 40
6.443
 50
107.254
 51
112.806
  0
ARC
  8
APS_GEOMETRY
 10
4385.703
 20
-921.069
 40
9.527
 50
103.487
 51
107.254
  0
ARC
  8
APS_GEOMETRY
 10
4387.798
 20
-929.805
 40
18.511
 50
100.784
 51
103.487
  0
ARC
  8
APS_GEOMETRY
 10
4388.455
 20
-932.22
 40
21.008
 50
95.643
 51
101.31
  0
ARC
  8
APS_GEOMETRY
 10
4388.472
 20
-932.393
 40
21.181
 50
90.0
 51
95.643
  0
ARC
  8
APS_GEOMETRY
 10
4408.807
 20
-921.729
 40
10.632
 50
77.257
 51
90.0
  0
ARC
  8
APS_GEOMETRY
 10
4408.699
 20
-922.207
 40
11.122
 50
64.799
 51
77.257
  0
ARC
  8
APS_GEOMETRY
 10
4417.857
 20
-902.708
 40
10.421
 50
244.885
 51
251.175
  0
ARC
  8
APS_GEOMETRY
 10
4414.873
 20
-911.462
 40
1.173
 50
251.175
 51
270.0
  0
ARC
  8
APS_GEOMETRY
 10
4414.873
 20
-910.731
 40
1.903
 50
270.0
 51
278.82
  0
ARC
  8
APS_GEOMETRY
 10
4413.644
 20
-902.808
 40
9.922
 50
278.82
 51
282.68
  0
ARC
  8
APS_GEOMETRY
 10
4416.216
 20
-914.198
 40
1.755
 50
95.906
 51
102.995
  0
ARC
  8
APS_GEOMETRY
 10
4416.296
 20
-914.966
 40
2.528
 50
90.0
 51
95.906
  0
ARC
  8
APS_GEOMETRY
 10
4416.296
 20
-914.116
 40
1.678
 50
62.447
 51
90.0
  0
ARC
  8
APS_GEOMETRY
 10
4415.997
 20
-914.688
 40
2.323
 50
39.094
 51
62.447
  0
ARC
  8
APS_GEOMETRY
 10
4412.88
 20
-917.295
 40
6.386
 50
18.435
 51
39.611
  0
ARC
  8
APS_GEOMETRY
 10
4410.967
 20
-917.933
 40
8.403
 50
360.0
 51
18.435
  0
ARC
  8
APS_GEOMETRY
 10
4415.203
 20
-917.933
 40
4.167
 50
334.877
 51
360.0
  0
ARC
  8
APS_GEOMETRY
 10
4416.456
 20
-918.52
 40
2.783
 50
304.007
 51
334.877
  0
ARC
  8
APS_GEOMETRY
 10
4416.436
 20
-918.461
 40
2.843
 50
286.39
 51
303.69
  0
ARC
  8
APS_GEOMETRY
 10
4416.345
 20
-918.152
 40
3.165
 50
270.0
 51
286.39
  0
ARC
  8
APS_GEOMETRY
 10
4416.345
 20
-918.189
 40
3.128
 50
255.155
 51
270.0
  0
ARC
  8
APS_GEOMETRY
 10
4416.002
 20
-919.482
 40
1.791
 50
235.491
 51
255.155
  0
ARC
  8
APS_GEOMETRY
 10
4416.174
 20
-919.232
 40
2.094
 50
218.48
 51
235.491
  0
ARC
  8
APS_GEOMETRY
 10
4418.985
 20
-916.998
 40
5.684
 50
208.179
 51
218.48
  0
ARC
  8
APS_GEOMETRY
 10
4390.172
 20
-932.637
 40
27.099
 50
28.56
 51
31.664
  0
ARC
  8
APS_GEOMETRY
 10
4407.778
 20
-921.779
 40
6.414
 50
31.664
 51
38.047
  0
ARC
  8
APS_GEOMETRY
 10
4409.059
 20
-920.777
 40
4.788
 50
38.047
 51
46.56
  0
ARC
  8
APS_GEOMETRY
 10
4408.393
 20
-921.48
 40
5.756
 50
46.56
 51
54.324
  0
ARC
  8
APS_GEOMETRY
 10
4408.009
 20
-922.141
 40
6.517
 50
54.968
 51
71.48
  0
ARC
  8
APS_GEOMETRY
 10
4408.431
 20
-920.882
 40
5.19
 50
71.48
 51
90.0
  0
ARC
  8
APS_GEOMETRY
 10
4408.431
 20
-919.318
 40
3.625
 50
90.0
 51
114.63
  0
ARC
  8
APS_GEOMETRY
 10
4408.249
 20
-918.921
 40
3.188
 50
114.63
 51
140.921
  0
ARC
  8
APS_GEOMETRY
 10
4408.786
 20
-919.357
 40
3.881
 50
140.921
 51
163.13
  0
ARC
  8
APS_GEOMETRY
 10
4411.475
 20
-920.173
 40
6.691
 50
163.13
 51
180.0
  0
ARC
  8
APS_GEOMETRY
 10
4414.962
 20
-920.173
 40
10.178
 50
180.0
 51
195.44
  0
ARC
  8
APS_GEOMETRY
 10
4414.433
 20
-920.319
 40
9.629
 50
195.44
 51
211.316
  0
ARC
  8
APS_GEOMETRY
 10
4411.888
 20
-921.814
 40
6.678
 50
211.708
 51
240.457
  0
ARC
  8
APS_GEOMETRY
 10
4411.717
 20
-922.115
 40
6.332
 50
240.457
 51
270.0
  0
ARC
  8
APS_GEOMETRY
 10
4411.717
 20
-920.571
 40
7.875
 50
270.0
 51
279.549
  0
ARC
  8
APS_GEOMETRY
 10
4411.619
 20
-919.989
 40
8.466
 50
279.549
 51
288.759
  0
ARC
  8
APS_GEOMETRY
 10
4412.032
 20
-921.205
 40
7.182
 50
288.759
 51
299.545
  0
ARC
  8
APS_GEOMETRY
 10
4413.687
 20
-924.124
 40
3.826
 50
299.545
 51
314.341
  0
ARC
  8
APS_GEOMETRY
 10
4418.804
 20
-929.44
 40
3.553
 50
120.141
 51
133.452
  0
ARC
  8
APS_GEOMETRY
 10
4417.375
 20
-926.978
 40
0.706
 50
90.0
 51
120.141
  0
ARC
  8
APS_GEOMETRY
 10
4417.375
 20
-927.387
 40
1.115
 50
61.952
 51
90.0
  0
ARC
  8
APS_GEOMETRY
 10
4417.209
 20
-927.698
 40
1.468
 50
37.569
 51
61.952
  0
ARC
  8
APS_GEOMETRY
 10
4416.899
 20
-927.937
 40
1.859
 50
17.665
 51
37.569
  0
ARC
  8
APS_GEOMETRY
 10
4416.427
 20
-928.087
 40
2.354
 50
360.0
 51
17.665
  0
ARC
  8
APS_GEOMETRY
 10
4415.241
 20
-928.087
 40
3.54
 50
344.932
 51
0.0
  0
ARC
  8
APS_GEOMETRY
 10
4412.092
 20
-927.239
 40
6.801
 50
334.075
 51
344.932
  0
ARC
  8
APS_GEOMETRY
 10
4411.993
 20
-927.191
 40
6.912
 50
323.374
 51
334.075
  0
ARC
  8
APS_GEOMETRY
 10
4414.025
 20
-928.701
 40
4.38
 50
309.92
 51
323.374
  0
ARC
  8
APS_GEOMETRY
 10
4416.055
 20
-931.097
 40
1.24
 50
289.026
 51
308.991
  0
ARC
  8
APS_GEOMETRY
 10
4413.889
 20
-924.814
 40
7.886
 50
281.143
 51
289.026
  0
ARC
  8
APS_GEOMETRY
 10
4416.086
 20
-936.205
 40
3.715
 50
100.437
 51
110.12
  0
ARC
  8
APS_GEOMETRY
 10
4418.996
 20
-944.15
 40
12.177
 50
110.12
 51
115.463
  0
ARC
  8
APS_GEOMETRY
 10
4408.606
 20
-922.41
 40
11.919
 50
282.94
 51
295.628
  0
ARC
  8
APS_GEOMETRY
 10
4408.709
 20
-922.857
 40
11.46
 50
270.0
 51
282.94
  0
ARC
  8
APS_GEOMETRY
 10
4408.709
 20
-922.18
 40
12.137
 50
257.307
 51
270.0
  0
ARC
  8
APS_GEOMETRY
 10
4409.221
 20
-919.905
 40
14.469
 50
245.686
 51
257.307
  0
ARC
  8
APS_GEOMETRY
 10
4407.936
 20
-922.725
 40
11.37
 50
228.801
 51
245.735
  0
ARC
  8
APS_GEOMETRY
 10
4407.957
 20
-922.701
 40
11.402
 50
211.891
 51
228.801
  0
ARC
  8
APS_GEOMETRY
 10
4408.631
 20
-922.216
 40
12.231
 50
196.728
 51
212.152
  0
ARC
  8
APS_GEOMETRY
 10
4406.887
 20
-922.74
 40
10.41
 50
180.0
 51
196.728
  0
ARC
  8
APS_GEOMETRY
 10
4407.141
 20
-922.74
 40
10.663
 50
161.184
 51
180.0
  0
ARC
  8
APS_GEOMETRY
 10
4407.825
 20
-922.973
 40
11.386
 50
142.98
 51
161.184
  0
ARC
  8
APS_GEOMETRY
 10
4408.357
 20
-923.38
 40
12.056
 50
127.824
 51
142.958
  0
ARC
  8
APS_GEOMETRY
 10
4409.234
 20
-924.51
 40
13.486
 50
113.52
 51
127.824
  0
ARC
  8
APS_GEOMETRY
 10
4408.949
 20
-923.85
 40
12.768
 50
101.927
 51
113.527
  0
ARC
  8
APS_GEOMETRY
 10
4408.807
 20
-923.178
 40
12.08
 50
90.0
 51
101.927
  0
ARC
  8
APS_GEOMETRY
 10
4431.081
 20
-931.516
 40
20.304
 50
84.71
 51
90.0
  0
ARC
  8
APS_GEOMETRY
 10
4431.453
 20
-927.496
 40
16.267
 50
78.799
 51
84.71
  0
ARC
  8
APS_GEOMETRY
 10
4433.861
 20
-915.324
 40
3.859
 50
49.783
 51
78.771
  0
ARC
  8
APS_GEOMETRY
 10
4435.472
 20
-913.419
 40
1.365
 50
360.0
 51
49.783
  0
ARC
  8
APS_GEOMETRY
 10
4435.327
 20
-913.419
 40
1.51
 50
342.759
 51
360.0
  0
ARC
  8
APS_GEOMETRY
 10
4436.115
 20
-913.664
 40
0.685
 50
317.045
 51
342.759
  0
ARC
  8
APS_GEOMETRY
 10
4435.734
 20
-913.31
 40
1.205
 50
301.817
 51
317.045
  0
ARC
  8
APS_GEOMETRY
 10
4430.106
 20
-904.239
 40
11.88
 50
296.98
 51
301.817
  0
ARC
  8
APS_GEOMETRY
 10
4436.107
 20
-916.048
 40
1.366
 50
116.565
 51
149.078
  0
ARC
  8
APS_GEOMETRY
 10
4437.867
 20
-917.102
 40
3.417
 50
149.078
 51
169.469
  0
ARC
  8
APS_GEOMETRY
 10
4441.619
 20
-917.799
 40
7.234
 50
169.469
 51
174.598
  0
ARC
  8
APS_GEOMETRY
 10
4460.951
 20
-919.627
 40
26.652
 50
174.598
 51
177.269
  0
ARC
  8
APS_GEOMETRY
 10
4477.95
 20
-920.438
 40
43.67
 50
177.269
 51
178.901
  0
ARC
  8
APS_GEOMETRY
 10
4530.603
 20
-921.448
 40
96.333
 50
178.901
 51
180.0
  0
ARC
  8
APS_GEOMETRY
 10
4637.598
 20
-921.448
 40
203.328
 50
180.0
 51
180.88
  0
ARC
  8
APS_GEOMETRY
 10
4512.338
 20
-923.372
 40
78.054
 50
180.88
 51
182.3
  0
ARC
  8
APS_GEOMETRY
 10
4475.725
 20
-924.843
 40
41.411
 50
182.3
 51
184.974
  0
ARC
  8
APS_GEOMETRY
 10
4440.815
 20
-927.881
 40
6.369
 50
184.974
 51
191.793
  0
ARC
  8
APS_GEOMETRY
 10
4436.76
 20
-928.656
 40
2.242
 50
193.57
 51
205.787
  0
ARC
  8
APS_GEOMETRY
 10
4435.751
 20
-929.144
 40
1.122
 50
205.787
 51
223.091
  0
ARC
  8
APS_GEOMETRY
 10
4436.007
 20
-928.904
 40
1.472
 50
223.091
 51
236.441
  0
ARC
  8
APS_GEOMETRY
 10
4438.149
 20
-925.676
 40
5.346
 50
236.441
 51
243.435
  0
ARC
  8
APS_GEOMETRY
 10
4434.87
 20
-932.411
 40
2.146
 50
37.185
 51
65.556
  0
ARC
  8
APS_GEOMETRY
 10
4435.569
 20
-931.881
 40
1.268
 50
0.0
 51
37.185
  0
ARC
  8
APS_GEOMETRY
 10
4435.531
 20
-931.881
 40
1.306
 50
312.039
 51
360.0
  0
ARC
  8
APS_GEOMETRY
 10
4433.975
 20
-930.155
 40
3.629
 50
283.815
 51
312.039
  0
ARC
  8
APS_GEOMETRY
 10
4431.405
 20
-919.503
 40
14.587
 50
279.273
 51
283.627
  0
ARC
  8
APS_GEOMETRY
 10
4430.378
 20
-913.21
 40
20.963
 50
275.641
 51
279.273
  0
ARC
  8
APS_GEOMETRY
 10
4429.985
 20
-909.233
 40
24.959
 50
272.588
 51
275.641
  0
ARC
  8
APS_GEOMETRY
 10
4429.544
 20
-899.475
 40
34.728
 50
270.0
 51
272.588
  0
ARC
  8
APS_GEOMETRY
 10
4429.544
 20
-913.256
 40
20.947
 50
262.774
 51
270.0
  0
ARC
  8
APS_GEOMETRY
 10
4427.656
 20
-928.149
 40
5.934
 50
249.175
 51
262.774
  0
ARC
  8
APS_GEOMETRY
 10
4426.469
 20
-931.268
 40
2.597
 50
221.23
 51
249.175
  0
ARC
  8
APS_GEOMETRY
 10
4425.435
 20
-932.175
 40
1.221
 50
180.0
 51
221.23
  0
ARC
  8
APS_GEOMETRY
 10
4425.234
 20
-932.175
 40
1.021
 50
142.696
 51
180.0
  0
ARC
  8
APS_GEOMETRY
 10
4426.845
 20
-933.402
 40
3.046
 50
121.357
 51
142.696
  0
ARC
  8
APS_GEOMETRY
 10
4424.123
 20
-928.945
 40
2.177
 50
301.477
 51
324.728
  0
ARC
  8
APS_GEOMETRY
 10
4424.413
 20
-929.15
 40
1.822
 50
324.728
 51
350.181
  0
ARC
  8
APS_GEOMETRY
 10
4415.293
 20
-927.641
 40
11.066
 50
350.538
 51
355.423
  0
ARC
  8
APS_GEOMETRY
 10
4377.817
 20
-924.641
 40
48.662
 50
355.423
 51
357.752
  0
ARC
  8
APS_GEOMETRY
 10
4343.02
 20
-923.275
 40
83.485
 50
357.752
 51
359.111
  0
ARC
  8
APS_GEOMETRY
 10
4231.647
 20
-921.546
 40
194.872
 50
359.111
 51
0.0
  0
ARC
  8
APS_GEOMETRY
 10
4358.907
 20
-921.546
 40
67.612
 50
0.0
 51
1.773
  0
ARC
  8
APS_GEOMETRY
 10
4398.587
 20
-920.318
 40
27.913
 50
1.773
 51
4.532
  0
ARC
  8
APS_GEOMETRY
 10
4410.648
 20
-919.362
 40
15.814
 50
4.532
 51
9.384
  0
ARC
  8
APS_GEOMETRY
 10
4422.894
 20
-917.338
 40
3.402
 50
9.384
 51
19.855
  0
ARC
  8
APS_GEOMETRY
 10
4424.515
 20
-916.722
 40
1.668
 50
18.853
 51
42.158
  0
ARC
  8
APS_GEOMETRY
 10
4423.126
 20
-917.98
 40
3.542
 50
42.158
 51
58.092
  0
ARC
  8
APS_GEOMETRY
 10
4429.24
 20
-908.531
 40
7.713
 50
230.711
 51
236.634
  0
ARC
  8
APS_GEOMETRY
 10
4425.4
 20
-913.225
 40
1.648
 50
217.875
 51
230.711
  0
ARC
  8
APS_GEOMETRY
 10
4424.873
 20
-913.635
 40
0.981
 50
196.928
 51
217.875
  0
ARC
  8
APS_GEOMETRY
 10
4425.366
 20
-913.485
 40
1.496
 50
180.0
 51
196.928
  0
ARC
  8
APS_GEOMETRY
 10
4425.044
 20
-913.485
 40
1.174
 50
148.791
 51
180.0
  0
ARC
  8
APS_GEOMETRY
 10
4425.351
 20
-913.671
 40
1.533
 50
121.569
 51
148.791
  0
ARC
  8
APS_GEOMETRY
 10
4425.904
 20
-914.571
 40
2.589
 50
112.806
 51
121.569
  0
ARC
  8
APS_GEOMETRY
 10
4427.398
 20
-918.123
 40
6.443
 50
107.254
 51
112.806
  0
ARC
  8
APS_GEOMETRY
 10
4428.312
 20
-921.069
 40
9.527
 50
103.487
 51
107.254
  0
ARC
  8
APS_GEOMETRY
 10
4430.408
 20
-929.805
 40
18.511
 50
100.784
 51
103.487
  0
ARC
  8
APS_GEOMETRY
 10
4431.064
 20
-932.22
 40
21.008
 50
95.643
 51
101.31
  0
ARC
  8
APS_GEOMETRY
 10
4431.081
 20
-932.393
 40
21.181
 50
90.0
 51
95.643
  0
LINE
  8
APS_GEOMETRY
 10
4465.655
 11
4465.655
 20
-926.174
 21
-917.573
  0
ARC
  8
APS_GEOMETRY
 10
4445.794
 20
-917.573
 40
19.861
 50
0.0
 51
2.404
  0
ARC
  8
APS_GEOMETRY
 10
4457.553
 20
-917.079
 40
8.092
 50
2.404
 51
6.17
  0
ARC
  8
APS_GEOMETRY
 10
4461.078
 20
-916.698
 40
4.547
 50
6.17
 51
12.824
  0
ARC
  8
APS_GEOMETRY
 10
4464.527
 20
-915.913
 40
1.009
 50
12.824
 51
26.98
  0
ARC
  8
APS_GEOMETRY
 10
4464.689
 20
-915.831
 40
0.828
 50
26.98
 51
59.65
  0
ARC
  8
APS_GEOMETRY
 10
4463.17
 20
-918.425
 40
3.834
 50
59.65
 51
74.667
  0
ARC
  8
APS_GEOMETRY
 10
4464.921
 20
-912.176
 40
2.656
 50
225.0
 51
253.887
  0
ARC
  8
APS_GEOMETRY
 10
4463.84
 20
-913.256
 40
1.128
 50
180.0
 51
225.0
  0
ARC
  8
APS_GEOMETRY
 10
4464.048
 20
-913.256
 40
1.336
 50
151.157
 51
180.0
  0
ARC
  8
APS_GEOMETRY
 10
4464.045
 20
-913.254
 40
1.332
 50
122.276
 51
151.157
  0
ARC
  8
APS_GEOMETRY
 10
4464.427
 20
-913.859
 40
2.048
 50
102.308
 51
122.276
  0
ARC
  8
APS_GEOMETRY
 10
4465.132
 20
-917.091
 40
5.356
 50
90.0
 51
102.308
  0
ARC
  8
APS_GEOMETRY
 10
4465.132
 20
-923.318
 40
11.583
 50
88.989
 51
90.0
  0
ARC
  8
APS_GEOMETRY
 10
4464.158
 20
-978.491
 40
66.764
 50
88.568
 51
88.989
  0
ARC
  8
APS_GEOMETRY
 10
4462.783
 20
-1033.493
 40
121.783
 50
88.337
 51
88.568
  0
ARC
  8
APS_GEOMETRY
 10
4457.454
 20
-1217.051
 40
305.419
 50
88.191
 51
88.337
  0
LINE
  8
APS_GEOMETRY
 10
4467.094
 11
4468.059
 20
-911.784
 21
-911.784
  0
ARC
  8
APS_GEOMETRY
 10
4464.818
 20
-373.81
 40
537.985
 50
270.345
 51
270.49
  0
ARC
  8
APS_GEOMETRY
 10
4467.838
 20
-727.115
 40
184.666
 50
270.49
 51
270.736
  0
ARC
  8
APS_GEOMETRY
 10
4469.077
 20
-823.551
 40
88.223
 50
270.736
 51
271.253
  0
ARC
  8
APS_GEOMETRY
 10
4470.84
 20
-904.159
 40
7.595
 50
271.253
 51
273.013
  0
ARC
  8
APS_GEOMETRY
 10
4470.767
 20
-902.765
 40
8.991
 50
273.013
 51
274.5
  0
ARC
  8
APS_GEOMETRY
 10
4462.439
 20
-796.938
 40
115.145
 50
274.5
 51
274.915
  0
LINE
  8
APS_GEOMETRY
 10
4472.304
 11
4473.286
 20
-911.66
 21
-911.573
  0
LINE
  8
APS_GEOMETRY
 10
4473.286
 11
4474.567
 20
-911.573
 21
-911.457
  0
ARC
  8
APS_GEOMETRY
 10
4476.673
 20
-931.819
 40
20.471
 50
93.24
 51
95.906
  0
ARC
  8
APS_GEOMETRY
 10
4476.3
 20
-925.227
 40
13.868
 50
90.0
 51
93.24
  0
ARC
  8
APS_GEOMETRY
 10
4476.3
 20
-923.136
 40
11.777
 50
77.12
 51
90.0
  0
ARC
  8
APS_GEOMETRY
 10
4476.921
 20
-920.422
 40
8.993
 50
62.371
 51
77.12
  0
ARC
  8
APS_GEOMETRY
 10
4477.971
 20
-918.453
 40
6.761
 50
31.215
 51
62.517
  0
ARC
  8
APS_GEOMETRY
 10
4477.939
 20
-918.472
 40
6.798
 50
360.0
 51
31.215
  0
ARC
  8
APS_GEOMETRY
 10
4477.757
 20
-918.472
 40
6.981
 50
334.496
 51
360.0
  0
ARC
  8
APS_GEOMETRY
 10
4478.1
 20
-918.636
 40
6.601
 50
308.254
 51
334.496
  0
ARC
  8
APS_GEOMETRY
 10
4477.05
 20
-917.253
 40
8.337
 50
287.855
 51
308.034
  0
ARC
  8
APS_GEOMETRY
 10
4476.349
 20
-915.076
 40
10.623
 50
270.0
 51
287.855
  0
ARC
  8
APS_GEOMETRY
 10
4476.349
 20
-909.601
 40
16.098
 50
266.918
 51
270.0
  0
ARC
  8
APS_GEOMETRY
 10
4477.326
 20
-891.453
 40
34.273
 50
264.806
 51
266.918
  0
ARC
  8
APS_GEOMETRY
 10
4470.79
 20
-972.507
 40
47.047
 50
85.815
 51
86.634
  0
ARC
  8
APS_GEOMETRY
 10
4473.39
 20
-928.318
 40
2.782
 50
86.634
 51
90.0
  0
ARC
  8
APS_GEOMETRY
 10
4473.39
 20
-925.947
 40
0.41
 50
90.0
 51
139.686
  0
ARC
  8
APS_GEOMETRY
 10
4473.542
 20
-926.076
 40
0.61
 50
139.686
 51
180.0
  0
LINE
  8
APS_GEOMETRY
 10
4472.932
 11
4472.932
 20
-926.076
 21
-926.174
  0
LINE
  8
APS_GEOMETRY
 10
4472.932
 11
4473.046
 20
-926.174
 21
-928.856
  0
ARC
  8
APS_GEOMETRY
 10
4476.921
 20
-928.694
 40
3.879
 50
182.386
 51
193.753
  0
ARC
  8
APS_GEOMETRY
 10
4474.422
 20
-929.306
 40
1.306
 50
193.753
 51
213.408
  0
ARC
  8
APS_GEOMETRY
 10
4474.45
 20
-929.287
 40
1.339
 50
213.408
 51
232.628
  0
ARC
  8
APS_GEOMETRY
 10
4476.706
 20
-926.334
 40
5.055
 50
232.628
 51
242.488
  0
ARC
  8
APS_GEOMETRY
 10
4472.944
 20
-933.467
 40
3.009
 50
40.539
 51
61.699
  0
ARC
  8
APS_GEOMETRY
 10
4474.588
 20
-932.06
 40
0.845
 50
360.0
 51
40.539
  0
ARC
  8
APS_GEOMETRY
 10
4474.299
 20
-932.06
 40
1.135
 50
315.297
 51
360.0
  0
ARC
  8
APS_GEOMETRY
 10
4472.764
 20
-930.542
 40
3.294
 50
289.502
 51
315.297
  0
ARC
  8
APS_GEOMETRY
 10
4471.639
 20
-927.366
 40
6.663
 50
282.372
 51
289.502
  0
ARC
  8
APS_GEOMETRY
 10
4470.458
 20
-921.98
 40
12.176
 50
277.099
 51
282.372
  0
ARC
  8
APS_GEOMETRY
 10
4469.972
 20
-918.081
 40
16.106
 50
273.104
 51
277.099
  0
ARC
  8
APS_GEOMETRY
 10
4469.4
 20
-907.521
 40
26.681
 50
270.0
 51
273.104
  0
ARC
  8
APS_GEOMETRY
 10
4469.4
 20
-907.841
 40
26.361
 50
263.473
 51
270.0
  0
ARC
  8
APS_GEOMETRY
 10
4467.233
 20
-926.775
 40
7.304
 50
251.056
 51
263.473
  0
ARC
  8
APS_GEOMETRY
 10
4465.842
 20
-930.827
 40
3.02
 50
224.161
 51
251.056
  0
ARC
  8
APS_GEOMETRY
 10
4464.505
 20
-932.126
 40
1.156
 50
180.0
 51
224.161
  0
ARC
  8
APS_GEOMETRY
 10
4464.745
 20
-932.126
 40
1.396
 50
160.821
 51
180.0
  0
ARC
  8
APS_GEOMETRY
 10
4464.16
 20
-931.922
 40
0.776
 50
135.0
 51
160.821
  0
ARC
  8
APS_GEOMETRY
 10
4464.713
 20
-932.476
 40
1.558
 50
121.522
 51
135.0
  0
ARC
  8
APS_GEOMETRY
 10
4470.956
 20
-942.654
 40
13.498
 50
116.952
 51
121.522
  0
ARC
  8
APS_GEOMETRY
 10
4464.139
 20
-929.298
 40
1.496
 50
297.824
 51
321.605
  0
ARC
  8
APS_GEOMETRY
 10
4464.484
 20
-929.571
 40
1.057
 50
321.605
 51
349.992
  0
ARC
  8
APS_GEOMETRY
 10
4462.884
 20
-929.289
 40
2.681
 50
349.992
 51
356.014
  0
ARC
  8
APS_GEOMETRY
 10
4438.553
 20
-927.593
 40
27.071
 50
356.014
 51
357.908
  0
ARC
  8
APS_GEOMETRY
 10
4410.151
 20
-926.556
 40
55.492
 50
357.908
 51
358.833
  0
ARC
  8
APS_GEOMETRY
 10
4307.452
 20
-924.464
 40
158.212
 50
358.833
 51
359.381
  0
LINE
  8
APS_GEOMETRY
 10
4473.046
 11
4473.046
 20
-915.496
 21
-921.056
  0
ARC
  8
APS_GEOMETRY
 10
4474.733
 20
-921.056
 40
1.687
 50
180.0
 51
199.885
  0
ARC
  8
APS_GEOMETRY
 10
4473.471
 20
-921.512
 40
0.345
 50
199.885
 51
244.799
  0
ARC
  8
APS_GEOMETRY
 10
4474.196
 20
-920.017
 40
2.007
 50
244.231
 51
258.996
  0
ARC
  8
APS_GEOMETRY
 10
4474.501
 20
-918.449
 40
3.604
 50
258.996
 51
270.0
  0
ARC
  8
APS_GEOMETRY
 10
4474.501
 20
-918.828
 40
3.225
 50
270.0
 51
288.435
  0
ARC
  8
APS_GEOMETRY
 10
4474.733
 20
-919.522
 40
2.494
 50
288.435
 51
309.428
  0
ARC
  8
APS_GEOMETRY
 10
4474.817
 20
-919.609
 40
2.373
 50
309.193
 51
339.939
  0
ARC
  8
APS_GEOMETRY
 10
4471.882
 20
-918.538
 40
5.497
 50
339.939
 51
0.0
  0
ARC
  8
APS_GEOMETRY
 10
4472.205
 20
-918.538
 40
5.174
 50
360.0
 51
22.011
  0
ARC
  8
APS_GEOMETRY
 10
4474.498
 20
-917.611
 40
2.701
 50
22.011
 51
52.651
  0
ARC
  8
APS_GEOMETRY
 10
4474.462
 20
-917.635
 40
2.742
 50
52.374
 51
72.309
  0
ARC
  8
APS_GEOMETRY
 10
4474.24
 20
-918.333
 40
3.475
 50
72.309
 51
90.0
  0
ARC
  8
APS_GEOMETRY
 10
4474.24
 20
-916.884
 40
2.026
 50
90.0
 51
118.113
  0
ARC
  8
APS_GEOMETRY
 10
4473.498
 20
-915.496
 40
0.452
 50
118.113
 51
180.0
  0
ARC
  8
APS_GEOMETRY
 10
4499.415
 20
-923.988
 40
12.891
 50
71.91
 51
90.0
  0
ARC
  8
APS_GEOMETRY
 10
4499.914
 20
-922.46
 40
11.283
 50
52.561
 51
71.91
  0
ARC
  8
APS_GEOMETRY
 10
4499.783
 20
-922.498
 40
11.393
 50
38.846
 51
52.156
  0
ARC
  8
APS_GEOMETRY
 10
4497.997
 20
-923.936
 40
13.686
 50
26.707
 51
38.846
  0
ARC
  8
APS_GEOMETRY
 10
4498.351
 20
-923.647
 40
13.241
 50
13.868
 51
26.278
  0
ARC
  8
APS_GEOMETRY
 10
4500.901
 20
-923.018
 40
10.614
 50
360.0
 51
13.868
  0
ARC
  8
APS_GEOMETRY
 10
4501.066
 20
-923.018
 40
10.449
 50
339.712
 51
360.0
  0
ARC
  8
APS_GEOMETRY
 10
4500.478
 20
-922.8
 40
11.076
 50
320.013
 51
339.712
  0
ARC
  8
APS_GEOMETRY
 10
4500.38
 20
-922.747
 40
11.186
 50
303.344
 51
320.123
  0
ARC
  8
APS_GEOMETRY
 10
4499.232
 20
-921.002
 40
13.274
 50
287.949
 51
303.344
  0
ARC
  8
APS_GEOMETRY
 10
4498.855
 20
-919.695
 40
14.634
 50
279.039
 51
287.776
  0
ARC
  8
APS_GEOMETRY
 10
4499.006
 20
-920.644
 40
13.673
 50
270.0
 51
279.039
  0
ARC
  8
APS_GEOMETRY
 10
4499.006
 20
-921.312
 40
13.005
 50
257.728
 51
270.0
  0
ARC
  8
APS_GEOMETRY
 10
4499.027
 20
-921.218
 40
13.102
 50
245.501
 51
257.728
  0
ARC
  8
APS_GEOMETRY
 10
4498.29
 20
-922.829
 40
11.33
 50
228.665
 51
245.511
  0
ARC
  8
APS_GEOMETRY
 10
4498.045
 20
-923.107
 40
10.959
 50
211.535
 51
228.665
  0
ARC
  8
APS_GEOMETRY
 10
4498.366
 20
-922.872
 40
11.356
 50
195.642
 51
211.701
  0
ARC
  8
APS_GEOMETRY
 10
4498.953
 20
-922.707
 40
11.966
 50
180.0
 51
195.642
  0
ARC
  8
APS_GEOMETRY
 10
4499.079
 20
-922.707
 40
12.091
 50
162.181
 51
180.0
  0
ARC
  8
APS_GEOMETRY
 10
4497.976
 20
-922.353
 40
10.933
 50
143.434
 51
162.181
  0
ARC
  8
APS_GEOMETRY
 10
4497.827
 20
-922.234
 40
10.742
 50
126.384
 51
143.471
  0
ARC
  8
APS_GEOMETRY
 10
4498.844
 20
-923.614
 40
12.457
 50
110.525
 51
126.384
  0
ARC
  8
APS_GEOMETRY
 10
4498.794
 20
-923.239
 40
12.089
 50
99.77
 51
110.925
  0
ARC
  8
APS_GEOMETRY
 10
4499.415
 20
-926.845
 40
15.748
 50
90.0
 51
99.77
  0
ARC
  8
APS_GEOMETRY
 10
4497.862
 20
-918.194
 40
2.404
 50
90.0
 51
119.604
  0
ARC
  8
APS_GEOMETRY
 10
4498.072
 20
-918.565
 40
2.83
 50
119.604
 51
146.842
  0
ARC
  8
APS_GEOMETRY
 10
4498.495
 20
-918.911
 40
3.374
 50
145.84
 51
164.055
  0
ARC
  8
APS_GEOMETRY
 10
4499.476
 20
-919.192
 40
4.394
 50
164.055
 51
180.0
  0
ARC
  8
APS_GEOMETRY
 10
4505.608
 20
-919.192
 40
10.526
 50
180.0
 51
189.977
  0
ARC
  8
APS_GEOMETRY
 10
4514.934
 20
-917.551
 40
19.995
 50
189.977
 51
197.211
  0
ARC
  8
APS_GEOMETRY
 10
4516.974
 20
-916.919
 40
22.131
 50
197.211
 51
203.76
  0
ARC
  8
APS_GEOMETRY
 10
4511.892
 20
-919.156
 40
16.579
 50
203.76
 51
211.329
  0
ARC
  8
APS_GEOMETRY
 10
4501.458
 20
-925.418
 40
4.411
 50
212.32
 51
224.441
  0
ARC
  8
APS_GEOMETRY
 10
4501.03
 20
-925.838
 40
3.812
 50
224.441
 51
237.484
  0
ARC
  8
APS_GEOMETRY
 10
4500.754
 20
-926.271
 40
3.298
 50
237.484
 51
252.416
  0
ARC
  8
APS_GEOMETRY
 10
4500.478
 20
-927.143
 40
2.383
 50
252.416
 51
270.0
  0
ARC
  8
APS_GEOMETRY
 10
4500.478
 20
-926.86
 40
2.666
 50
270.0
 51
294.953
  0
ARC
  8
APS_GEOMETRY
 10
4500.552
 20
-927.021
 40
2.489
 50
294.953
 51
320.793
  0
ARC
  8
APS_GEOMETRY
 10
4500.152
 20
-926.694
 40
3.005
 50
320.793
 51
342.777
  0
ARC
  8
APS_GEOMETRY
 10
4498.368
 20
-926.141
 40
4.873
 50
342.777
 51
0.0
  0
ARC
  8
APS_GEOMETRY
 10
4489.988
 20
-926.141
 40
13.254
 50
0.0
 51
8.499
  0
ARC
  8
APS_GEOMETRY
 10
4484.154
 20
-927.013
 40
19.152
 50
8.499
 51
15.566
  0
ARC
  8
APS_GEOMETRY
 10
4484.855
 20
-926.817
 40
18.424
 50
15.566
 51
22.909
  0
ARC
  8
APS_GEOMETRY
 10
4490.887
 20
-924.268
 40
11.876
 50
22.909
 51
32.057
  0
ARC
  8
APS_GEOMETRY
 10
4495.625
 20
-921.284
 40
6.276
 50
31.921
 51
42.51
  0
ARC
  8
APS_GEOMETRY
 10
4496.926
 20
-920.091
 40
4.511
 50
42.51
 51
55.008
  0
ARC
  8
APS_GEOMETRY
 10
4497.366
 20
-919.463
 40
3.745
 50
55.008
 51
69.88
  0
ARC
  8
APS_GEOMETRY
 10
4497.76
 20
-918.388
 40
2.599
 50
69.88
 51
87.754
  0
ARC
  8
APS_GEOMETRY
 10
4524.672
 20
-925.699
 40
1.21
 50
90.0
 51
115.837
  0
ARC
  8
APS_GEOMETRY
 10
4524.374
 20
-925.084
 40
0.526
 50
115.837
 51
155.462
  0
ARC
  8
APS_GEOMETRY
 10
4524.722
 20
-925.243
 40
0.909
 50
155.462
 51
168.366
  0
ARC
  8
APS_GEOMETRY
 10
4527.895
 20
-925.896
 40
4.148
 50
168.366
 51
174.395
  0
ARC
  8
APS_GEOMETRY
 10
4531.092
 20
-926.21
 40
7.361
 50
174.395
 51
177.813
  0
ARC
  8
APS_GEOMETRY
 10
4541.707
 20
-926.615
 40
17.983
 50
177.813
 51
180.0
  0
ARC
  8
APS_GEOMETRY
 10
4549.391
 20
-926.615
 40
25.667
 50
180.0
 51
184.62
  0
ARC
  8
APS_GEOMETRY
 10
4532.181
 20
-928.006
 40
8.401
 50
184.62
 51
192.7
  0
ARC
  8
APS_GEOMETRY
 10
4525.546
 20
-929.463
 40
1.609
 50
194.036
 51
205.821
  0
ARC
  8
APS_GEOMETRY
 10
4524.843
 20
-929.803
 40
0.828
 50
205.821
 51
222.274
  0
ARC
  8
APS_GEOMETRY
 10
4525.058
 20
-929.607
 40
1.119
 50
222.274
 51
234.605
  0
ARC
  8
APS_GEOMETRY
 10
4527.489
 20
-926.187
 40
5.315
 50
234.605
 51
240.255
  0
ARC
  8
APS_GEOMETRY
 10
4523.794
 20
-932.724
 40
2.194
 50
34.592
 51
61.189
  0
ARC
  8
APS_GEOMETRY
 10
4524.519
 20
-932.224
 40
1.313
 50
360.0
 51
34.592
  0
ARC
  8
APS_GEOMETRY
 10
4524.563
 20
-932.224
 40
1.27
 50
318.231
 51
360.0
  0
ARC
  8
APS_GEOMETRY
 10
4523.714
 20
-931.466
 40
2.408
 50
288.227
 51
318.231
  0
ARC
  8
APS_GEOMETRY
 10
4522.834
 20
-928.792
 40
5.223
 50
280.377
 51
288.227
  0
ARC
  8
APS_GEOMETRY
 10
4521.299
 20
-920.41
 40
13.744
 50
275.541
 51
280.377
  0
ARC
  8
APS_GEOMETRY
 10
4520.637
 20
-913.591
 40
20.595
 50
272.304
 51
275.541
  0
ARC
  8
APS_GEOMETRY
 10
4519.832
 20
-893.573
 40
40.629
 50
270.0
 51
272.304
  0
ARC
  8
APS_GEOMETRY
 10
4519.832
 20
-910.303
 40
23.9
 50
262.811
 51
270.0
  0
ARC
  8
APS_GEOMETRY
 10
4517.687
 20
-927.306
 40
6.762
 50
249.274
 51
262.811
  0
ARC
  8
APS_GEOMETRY
 10
4516.338
 20
-930.871
 40
2.95
 50
221.379
 51
249.274
  0
ARC
  8
APS_GEOMETRY
 10
4515.155
 20
-931.913
 40
1.373
 50
180.0
 51
221.379
  0
ARC
  8
APS_GEOMETRY
 10
4515.146
 20
-931.913
 40
1.364
 50
164.055
 51
180.0
  0
ARC
  8
APS_GEOMETRY
 10
4514.577
 20
-931.751
 40
0.773
 50
142.815
 51
164.055
  0
ARC
  8
APS_GEOMETRY
 10
4514.935
 20
-932.022
 40
1.222
 50
129.007
 51
142.815
  0
ARC
  8
APS_GEOMETRY
 10
4519.331
 20
-937.449
 40
8.206
 50
123.69
 51
129.007
  0
ARC
  8
APS_GEOMETRY
 10
4513.093
 20
-928.063
 40
3.064
 50
303.389
 51
319.022
  0
ARC
  8
APS_GEOMETRY
 10
4513.922
 20
-928.783
 40
1.966
 50
319.022
 51
338.575
  0
ARC
  8
APS_GEOMETRY
 10
4512.812
 20
-928.348
 40
3.158
 50
338.575
 51
351.049
  0
ARC
  8
APS_GEOMETRY
 10
4499.409
 20
-926.237
 40
16.726
 50
351.049
 51
356.46
  0
ARC
  8
APS_GEOMETRY
 10
4503.827
 20
-926.405
 40
12.307
 50
355.972
 51
358.68
  0
ARC
  8
APS_GEOMETRY
 10
4358.732
 20
-923.062
 40
157.441
 50
358.68
 51
359.437
  0
LINE
  8
APS_GEOMETRY
 10
4516.165
 11
4516.18
 20
-924.608
 21
-922.152
  0
LINE
  8
APS_GEOMETRY
 10
4516.18
 11
4516.185
 20
-922.152
 21
-918.946
  0
ARC
  8
APS_GEOMETRY
 10
4478.281
 20
-918.946
 40
37.905
 50
360.0
 51
1.717
  0
ARC
  8
APS_GEOMETRY
 10
4498.565
 20
-918.338
 40
17.611
 50
1.717
 51
4.236
  0
ARC
  8
APS_GEOMETRY
 10
4505.18
 20
-917.848
 40
10.979
 50
4.236
 51
8.269
  0
ARC
  8
APS_GEOMETRY
 10
4512.791
 20
-916.742
 40
3.287
 50
8.269
 51
15.642
  0
ARC
  8
APS_GEOMETRY
 10
4514.101
 20
-916.375
 40
1.926
 50
15.642
 51
39.417
  0
ARC
  8
APS_GEOMETRY
 10
4514.131
 20
-916.351
 40
1.888
 50
39.417
 51
63.435
  0
ARC
  8
APS_GEOMETRY
 10
4517.532
 20
-909.306
 40
5.935
 50
236.874
 51
244.486
  0
ARC
  8
APS_GEOMETRY
 10
4515.002
 20
-913.183
 40
1.306
 50
220.601
 51
236.874
  0
ARC
  8
APS_GEOMETRY
 10
4514.712
 20
-913.432
 40
0.923
 50
198.246
 51
220.601
  0
ARC
  8
APS_GEOMETRY
 10
4515.146
 20
-913.289
 40
1.38
 50
180.0
 51
198.246
  0
ARC
  8
APS_GEOMETRY
 10
4515.139
 20
-913.289
 40
1.374
 50
156.161
 51
180.0
  0
ARC
  8
APS_GEOMETRY
 10
4515.331
 20
-913.373
 40
1.583
 50
133.977
 51
156.161
  0
ARC
  8
APS_GEOMETRY
 10
4515.712
 20
-913.769
 40
2.133
 50
116.996
 51
133.977
  0
ARC
  8
APS_GEOMETRY
 10
4516.471
 20
-915.258
 40
3.804
 50
104.3
 51
116.996
  0
ARC
  8
APS_GEOMETRY
 10
4516.667
 20
-916.011
 40
4.582
 50
95.326
 51
104.349
  0
ARC
  8
APS_GEOMETRY
 10
4517.461
 20
-924.528
 40
13.136
 50
90.0
 51
95.326
  0
ARC
  8
APS_GEOMETRY
 10
4517.461
 20
-917.898
 40
6.506
 50
87.553
 51
90.0
  0
ARC
  8
APS_GEOMETRY
 10
4516.076
 20
-950.292
 40
38.93
 50
86.553
 51
87.553
  0
ARC
  8
APS_GEOMETRY
 10
4514.108
 20
-982.965
 40
71.662
 50
86.009
 51
86.553
  0
ARC
  8
APS_GEOMETRY
 10
4506.454
 20
-1092.672
 40
181.636
 50
85.668
 51
86.009
  0
ARC
  8
APS_GEOMETRY
 10
4520.778
 20
-904.017
 40
7.563
 50
265.426
 51
268.531
  0
ARC
  8
APS_GEOMETRY
 10
4521.451
 20
-877.795
 40
33.793
 50
268.531
 51
270.0
  0
ARC
  8
APS_GEOMETRY
 10
4521.451
 20
-885.833
 40
25.755
 50
270.0
 51
271.637
  0
ARC
  8
APS_GEOMETRY
 10
4520.875
 20
-865.69
 40
45.906
 50
271.637
 51
272.862
  0
ARC
  8
APS_GEOMETRY
 10
4520.214
 20
-852.476
 40
59.137
 50
272.862
 51
273.814
  0
ARC
  8
APS_GEOMETRY
 10
4517.978
 20
-818.924
 40
92.764
 50
273.814
 51
274.574
  0
ARC
  8
APS_GEOMETRY
 10
4532.009
 20
-1001.419
 40
90.271
 50
93.72
 51
94.214
  0
ARC
  8
APS_GEOMETRY
 10
4529.014
 20
-955.36
 40
44.115
 50
93.013
 51
93.72
  0
ARC
  8
APS_GEOMETRY
 10
4528.193
 20
-939.762
 40
28.496
 50
91.918
 51
93.013
  0
ARC
  8
APS_GEOMETRY
 10
4527.55
 20
-920.555
 40
9.277
 50
90.0
 51
91.918
  0
ARC
  8
APS_GEOMETRY
 10
4527.55
 20
-923.332
 40
12.054
 50
73.82
 51
90.0
  0
ARC
  8
APS_GEOMETRY
 10
4528.738
 20
-919.237
 40
7.791
 50
53.658
 51
73.82
  0
ARC
  8
APS_GEOMETRY
 10
4530.428
 20
-916.927
 40
4.929
 50
26.03
 51
53.569
  0
ARC
  8
APS_GEOMETRY
 10
4529.909
 20
-917.18
 40
5.506
 50
360.0
 51
26.03
  0
ARC
  8
APS_GEOMETRY
 10
4529.693
 20
-917.18
 40
5.722
 50
345.282
 51
360.0
  0
ARC
  8
APS_GEOMETRY
 10
4530.244
 20
-917.325
 40
5.152
 50
329.767
 51
345.282
  0
ARC
  8
APS_GEOMETRY
 10
4530.556
 20
-917.507
 40
4.792
 50
313.168
 51
329.767
  0
ARC
  8
APS_GEOMETRY
 10
4530.671
 20
-917.63
 40
4.623
 50
296.267
 51
313.168
  0
ARC
  8
APS_GEOMETRY
 10
4533.303
 20
-922.947
 40
1.31
 50
116.565
 51
139.899
  0
ARC
  8
APS_GEOMETRY
 10
4532.649
 20
-922.397
 40
0.456
 50
139.899
 51
180.0
  0
ARC
  8
APS_GEOMETRY
 10
4532.7
 20
-922.397
 40
0.506
 50
180.0
 51
226.193
  0
ARC
  8
APS_GEOMETRY
 10
4533.635
 20
-921.421
 40
1.858
 50
226.193
 51
249.829
  0
ARC
  8
APS_GEOMETRY
 10
4530.955
 20
-928.802
 40
5.995
 50
53.249
 51
70.105
  0
ARC
  8
APS_GEOMETRY
 10
4532.173
 20
-927.171
 40
3.96
 50
32.471
 51
53.249
  0
ARC
  8
APS_GEOMETRY
 10
4531.605
 20
-927.532
 40
4.632
 50
23.305
 51
32.471
  0
ARC
  8
APS_GEOMETRY
 10
4528.1
 20
-929.042
 40
8.449
 50
16.521
 51
23.305
  0
ARC
  8
APS_GEOMETRY
 10
4525.367
 20
-929.853
 40
11.299
 50
11.429
 51
16.521
  0
ARC
  8
APS_GEOMETRY
 10
4517.622
 20
-931.419
 40
19.201
 50
7.524
 51
11.429
  0
ARC
  8
APS_GEOMETRY
 10
4543.286
 20
-928.001
 40
6.69
 50
187.765
 51
196.914
  0
ARC
  8
APS_GEOMETRY
 10
4537.815
 20
-929.665
 40
0.971
 50
196.914
 51
221.082
  0
ARC
  8
APS_GEOMETRY
 10
4537.836
 20
-929.646
 40
0.999
 50
221.082
 51
244.607
  0
ARC
  8
APS_GEOMETRY
 10
4540.172
 20
-924.724
 40
6.448
 50
244.607
 51
253.811
  0
ARC
  8
APS_GEOMETRY
 10
4538.118
 20
-931.729
 40
0.852
 50
51.45
 51
72.474
  0
ARC
  8
APS_GEOMETRY
 10
4537.907
 20
-931.993
 40
1.191
 50
33.69
 51
51.45
  0
ARC
  8
APS_GEOMETRY
 10
4537.858
 20
-932.026
 40
1.25
 50
16.639
 51
33.69
  0
ARC
  8
APS_GEOMETRY
 10
4537.798
 20
-932.044
 40
1.312
 50
360.0
 51
16.639
  0
ARC
  8
APS_GEOMETRY
 10
4537.78
 20
-932.044
 40
1.331
 50
338.993
 51
360.0
  0
ARC
  8
APS_GEOMETRY
 10
4536.967
 20
-931.732
 40
2.201
 50
322.696
 51
338.993
  0
ARC
  8
APS_GEOMETRY
 10
4536.664
 20
-931.501
 40
2.582
 50
308.603
 51
322.696
  0
ARC
  8
APS_GEOMETRY
 10
4536.456
 20
-931.24
 40
2.916
 50
295.346
 51
308.603
  0
ARC
  8
APS_GEOMETRY
 10
4535.36
 20
-928.827
 40
5.566
 50
279.583
 51
294.905
  0
ARC
  8
APS_GEOMETRY
 10
4533.927
 20
-920.337
 40
14.176
 50
270.0
 51
279.583
  0
ARC
  8
APS_GEOMETRY
 10
4533.927
 20
-924.177
 40
10.336
 50
261.247
 51
270.0
  0
ARC
  8
APS_GEOMETRY
 10
4533.265
 20
-928.478
 40
5.985
 50
249.737
 51
261.247
  0
ARC
  8
APS_GEOMETRY
 10
4532.83
 20
-929.656
 40
4.728
 50
235.345
 51
249.737
  0
ARC
  8
APS_GEOMETRY
 10
4532.28
 20
-930.451
 40
3.762
 50
219.198
 51
235.345
  0
ARC
  8
APS_GEOMETRY
 10
4533.437
 20
-929.465
 40
5.281
 50
209.076
 51
219.56
  0
ARC
  8
APS_GEOMETRY
 10
4536.107
 20
-927.981
 40
8.337
 50
200.735
 51
209.076
  0
ARC
  8
APS_GEOMETRY
 10
4539.792
 20
-926.586
 40
12.277
 50
197.881
 51
200.735
  0
ARC
  8
APS_GEOMETRY
 10
4554.932
 20
-921.701
 40
28.186
 50
195.997
 51
197.881
  0
ARC
  8
APS_GEOMETRY
 10
4566.123
 20
-918.492
 40
39.828
 50
194.664
 51
195.997
  0
ARC
  8
APS_GEOMETRY
 10
4597.121
 20
-910.381
 40
71.869
 50
193.671
 51
194.664
  0
ARC
  8
APS_GEOMETRY
 10
4518.516
 20
-929.491
 40
9.026
 50
13.61
 51
23.585
  0
ARC
  8
APS_GEOMETRY
 10
4524.426
 20
-926.911
 40
2.577
 50
23.585
 51
42.31
  0
ARC
  8
APS_GEOMETRY
 10
4524.962
 20
-926.423
 40
1.853
 50
42.31
 51
67.521
  0
ARC
  8
APS_GEOMETRY
 10
4524.537
 20
-927.449
 40
2.962
 50
67.521
 51
87.397
  0
LINE
  8
APS_GEOMETRY
 10
4523.74
 11
4523.56
 20
-916.15
 21
-919.96
  0
LINE
  8
APS_GEOMETRY
 10
4523.56
 11
4523.56
 20
-919.96
 21
-920.021
  0
LINE
  8
APS_GEOMETRY
 10
4523.56
 11
4523.56
 20
-920.021
 21
-920.107
  0
ARC
  8
APS_GEOMETRY
 10
4526.207
 20
-920.107
 40
2.647
 50
180.0
 51
192.339
  0
ARC
  8
APS_GEOMETRY
 10
4524.102
 20
-920.568
 40
0.493
 50
192.339
 51
221.186
  0
ARC
  8
APS_GEOMETRY
 10
4524.052
 20
-920.612
 40
0.426
 50
221.186
 51
253.872
  0
ARC
  8
APS_GEOMETRY
 10
4524.41
 20
-919.374
 40
1.715
 50
253.872
 51
270.0
  0
ARC
  8
APS_GEOMETRY
 10
4524.41
 20
-917.103
 40
3.985
 50
270.0
 51
289.569
  0
ARC
  8
APS_GEOMETRY
 10
4525.135
 20
-919.141
 40
1.822
 50
289.569
 51
318.681
  0
ARC
  8
APS_GEOMETRY
 10
4524.939
 20
-918.969
 40
2.083
 50
318.681
 51
344.628
  0
ARC
  8
APS_GEOMETRY
 10
4521.287
 20
-917.965
 40
5.87
 50
344.628
 51
0.0
  0
ARC
  8
APS_GEOMETRY
 10
4523.023
 20
-917.965
 40
4.134
 50
0.0
 51
35.369
  0
ARC
  8
APS_GEOMETRY
 10
4524.917
 20
-916.621
 40
1.812
 50
35.369
 51
90.0
  0
ARC
  8
APS_GEOMETRY
 10
4524.917
 20
-916.641
 40
1.831
 50
90.0
 51
108.435
  0
ARC
  8
APS_GEOMETRY
 10
4524.561
 20
-915.572
 40
0.705
 50
108.435
 51
138.366
  0
ARC
  8
APS_GEOMETRY
 10
4524.656
 20
-915.657
 40
0.833
 50
138.366
 51
164.291
  0
ARC
  8
APS_GEOMETRY
 10
4526.899
 20
-916.288
 40
3.162
 50
164.291
 51
177.51
  0
LINE
  8
APS_GEOMETRY
 10
4548.997
 11
4557.614
 20
-911.555
 21
-911.555
  0
ARC
  8
APS_GEOMETRY
 10
4557.178
 20
-899.208
 40
12.355
 50
272.021
 51
278.44
  0
ARC
  8
APS_GEOMETRY
 10
4557.665
 20
-902.485
 40
9.042
 50
278.44
 51
285.945
  0
ARC
  8
APS_GEOMETRY
 10
4561.323
 20
-915.584
 40
4.559
 50
98.584
 51
104.931
  0
ARC
  8
APS_GEOMETRY
 10
4561.015
 20
-913.544
 40
2.495
 50
90.0
 51
98.584
  0
ARC
  8
APS_GEOMETRY
 10
4561.015
 20
-912.924
 40
1.876
 50
52.871
 51
90.0
  0
ARC
  8
APS_GEOMETRY
 10
4558.471
 20
-916.285
 40
6.091
 50
32.518
 51
52.871
  0
ARC
  8
APS_GEOMETRY
 10
4556.455
 20
-917.57
 40
8.481
 50
17.209
 51
32.518
  0
ARC
  8
APS_GEOMETRY
 10
4558.135
 20
-917.05
 40
6.723
 50
360.0
 51
17.209
  0
ARC
  8
APS_GEOMETRY
 10
4561.499
 20
-917.05
 40
3.359
 50
337.348
 51
360.0
  0
ARC
  8
APS_GEOMETRY
 10
4562.849
 20
-917.613
 40
1.896
 50
307.042
 51
337.348
  0
ARC
  8
APS_GEOMETRY
 10
4562.615
 20
-917.291
 40
2.295
 50
287.186
 51
306.87
  0
ARC
  8
APS_GEOMETRY
 10
4562.405
 20
-916.614
 40
3.003
 50
270.0
 51
287.186
  0
ARC
  8
APS_GEOMETRY
 10
4562.405
 20
-916.92
 40
2.697
 50
252.221
 51
270.0
  0
ARC
  8
APS_GEOMETRY
 10
4562.28
 20
-917.312
 40
2.286
 50
232.896
 51
252.221
  0
ARC
  8
APS_GEOMETRY
 10
4562.765
 20
-916.67
 40
3.09
 50
218.3
 51
232.896
  0
ARC
  8
APS_GEOMETRY
 10
4566.555
 20
-913.677
 40
7.92
 50
209.197
 51
218.3
  0
ARC
  8
APS_GEOMETRY
 10
4547.278
 20
-924.121
 40
14.006
 50
28.025
 51
32.699
  0
ARC
  8
APS_GEOMETRY
 10
4557.356
 20
-917.651
 40
2.03
 50
32.699
 51
45.0
  0
ARC
  8
APS_GEOMETRY
 10
4558.043
 20
-916.964
 40
1.058
 50
45.0
 51
67.557
  0
ARC
  8
APS_GEOMETRY
 10
4558.039
 20
-916.974
 40
1.069
 50
67.557
 51
90.0
  0
ARC
  8
APS_GEOMETRY
 10
4558.039
 20
-916.889
 40
0.984
 50
90.0
 51
120.801
  0
ARC
  8
APS_GEOMETRY
 10
4558.006
 20
-916.834
 40
0.919
 50
120.801
 51
152.7
  0
ARC
  8
APS_GEOMETRY
 10
4558.735
 20
-917.21
 40
1.74
 50
152.7
 51
171.085
  0
ARC
  8
APS_GEOMETRY
 10
4564.28
 20
-918.08
 40
7.353
 50
171.085
 51
180.0
  0
LINE
  8
APS_GEOMETRY
 10
4556.927
 11
4556.927
 20
-918.08
 21
-927.237
  0
ARC
  8
APS_GEOMETRY
 10
4566.641
 20
-927.237
 40
9.714
 50
180.0
 51
188.194
  0
ARC
  8
APS_GEOMETRY
 10
4559.387
 20
-928.281
 40
2.385
 50
188.194
 51
204.775
  0
ARC
  8
APS_GEOMETRY
 10
4558.682
 20
-928.607
 40
1.609
 50
204.775
 51
228.576
  0
ARC
  8
APS_GEOMETRY
 10
4559.343
 20
-927.857
 40
2.608
 50
228.576
 51
247.218
  0
ARC
  8
APS_GEOMETRY
 10
4555.509
 20
-936.893
 40
7.208
 50
59.381
 51
66.93
  0
ARC
  8
APS_GEOMETRY
 10
4558.34
 20
-932.111
 40
1.65
 50
43.568
 51
59.381
  0
ARC
  8
APS_GEOMETRY
 10
4558.792
 20
-931.68
 40
1.025
 50
19.041
 51
43.568
  0
ARC
  8
APS_GEOMETRY
 10
4558.163
 20
-931.897
 40
1.691
 50
360.0
 51
19.041
  0
ARC
  8
APS_GEOMETRY
 10
4558.481
 20
-931.897
 40
1.374
 50
317.66
 51
360.0
  0
ARC
  8
APS_GEOMETRY
 10
4557.219
 20
-930.748
 40
3.08
 50
289.747
 51
317.66
  0
ARC
  8
APS_GEOMETRY
 10
4556.163
 20
-927.805
 40
6.206
 50
281.964
 51
289.747
  0
ARC
  8
APS_GEOMETRY
 10
4554.7
 20
-920.899
 40
13.265
 50
276.643
 51
281.964
  0
ARC
  8
APS_GEOMETRY
 10
4554.084
 20
-915.612
 40
18.589
 50
272.836
 51
276.643
  0
ARC
  8
APS_GEOMETRY
 10
4553.346
 20
-900.724
 40
33.495
 50
270.0
 51
272.836
  0
ARC
  8
APS_GEOMETRY
 10
4553.346
 20
-891.499
 40
42.72
 50
267.283
 51
270.0
  0
ARC
  8
APS_GEOMETRY
 10
4552.449
 20
-910.4
 40
23.797
 50
263.643
 51
267.283
  0
ARC
  8
APS_GEOMETRY
 10
4551.698
 20
-917.142
 40
17.014
 50
258.563
 51
263.643
  0
ARC
  8
APS_GEOMETRY
 10
4549.904
 20
-926.012
 40
7.964
 50
251.136
 51
258.563
  0
ARC
  8
APS_GEOMETRY
 10
4548.302
 20
-930.658
 40
3.05
 50
222.558
 51
251.395
  0
ARC
  8
APS_GEOMETRY
 10
4547.113
 20
-931.75
 40
1.436
 50
180.0
 51
222.558
  0
ARC
  8
APS_GEOMETRY
 10
4546.873
 20
-931.75
 40
1.196
 50
150.642
 51
180.0
  0
ARC
  8
APS_GEOMETRY
 10
4546.969
 20
-931.804
 40
1.306
 50
122.574
 51
150.642
  0
ARC
  8
APS_GEOMETRY
 10
4546.716
 20
-931.512
 40
0.926
 50
108.677
 51
119.055
  0
ARC
  8
APS_GEOMETRY
 10
4558.273
 20
-965.704
 40
37.018
 50
107.038
 51
108.677
  0
ARC
  8
APS_GEOMETRY
 10
4546.996
 20
-928.823
 40
1.549
 50
286.144
 51
308.66
  0
ARC
  8
APS_GEOMETRY
 10
4547.25
 20
-929.14
 40
1.143
 50
308.66
 51
334.933
  0
ARC
  8
APS_GEOMETRY
 10
4546.217
 20
-928.657
 40
2.283
 50
334.933
 51
348.829
  0
ARC
  8
APS_GEOMETRY
 10
4533.305
 20
-926.107
 40
15.445
 50
348.829
 51
354.161
  0
ARC
  8
APS_GEOMETRY
 10
4524.577
 20
-925.207
 40
24.219
 50
354.144
 51
355.66
  0
ARC
  8
APS_GEOMETRY
 10
4485.888
 20
-922.271
 40
63.019
 50
355.66
 51
356.6
  0
ARC
  8
APS_GEOMETRY
 10
4456.314
 20
-920.514
 40
92.646
 50
356.6
 51
357.24
  0
ARC
  8
APS_GEOMETRY
 10
4372.401
 20
-916.469
 40
176.656
 50
357.24
 51
357.703
  0
ARC
  8
APS_GEOMETRY
 10
4380.662
 20
-916.8
 40
168.389
 50
357.703
 51
358.674
  0
ARC
  8
APS_GEOMETRY
 10
4458.578
 20
-918.603
 40
90.452
 50
358.674
 51
0.0
  0
ARC
  8
APS_GEOMETRY
 10
4535.624
 20
-918.603
 40
13.405
 50
360.0
 51
6.242
  0
ARC
  8
APS_GEOMETRY
 10
4546.284
 20
-917.437
 40
2.682
 50
6.242
 51
20.225
  0
ARC
  8
APS_GEOMETRY
 10
4547.761
 20
-916.893
 40
1.107
 50
20.225
 51
50.44
  0
ARC
  8
APS_GEOMETRY
 10
4548.048
 20
-916.545
 40
0.657
 50
50.44
 51
90.0
  0
ARC
  8
APS_GEOMETRY
 10
4548.048
 20
-916.77
 40
0.881
 50
90.0
 51
126.747
  0
ARC
  8
APS_GEOMETRY
 10
4549.293
 20
-918.437
 40
2.962
 50
126.747
 51
146.547
  0
ARC
  8
APS_GEOMETRY
 10
4527.299
 20
-903.981
 40
23.357
 50
324.255
 51
326.701
  0
ARC
  8
APS_GEOMETRY
 10
4536.611
 20
-910.683
 40
11.885
 50
320.826
 51
324.255
  0
ARC
  8
APS_GEOMETRY
 10
4539.654
 20
-913.162
 40
7.959
 50
315.722
 51
320.826
  0
ARC
  8
APS_GEOMETRY
 10
4543.151
 20
-916.573
 40
3.075
 50
307.504
 51
315.722
  0
ARC
  8
APS_GEOMETRY
 10
4542.829
 20
-916.142
 40
3.613
 50
291.306
 51
307.405
  0
ARC
  8
APS_GEOMETRY
 10
4543.388
 20
-917.576
 40
2.073
 50
270.0
 51
291.306
  0
ARC
  8
APS_GEOMETRY
 10
4543.388
 20
-917.71
 40
1.939
 50
245.532
 51
270.0
  0
ARC
  8
APS_GEOMETRY
 10
4543.373
 20
-917.742
 40
1.904
 50
220.833
 51
245.532
  0
ARC
  8
APS_GEOMETRY
 10
4543.57
 20
-917.572
 40
2.164
 50
198.684
 51
220.833
  0
ARC
  8
APS_GEOMETRY
 10
4544.391
 20
-917.295
 40
3.03
 50
180.0
 51
198.684
  0
ARC
  8
APS_GEOMETRY
 10
4546.314
 20
-917.295
 40
4.954
 50
168.408
 51
180.0
  0
ARC
  8
APS_GEOMETRY
 10
4549.491
 20
-917.946
 40
8.196
 50
159.402
 51
168.408
  0
ARC
  8
APS_GEOMETRY
 10
4550.472
 20
-918.315
 40
9.245
 50
151.39
 51
159.402
  0
ARC
  8
APS_GEOMETRY
 10
4550.271
 20
-918.206
 40
9.016
 50
143.276
 51
151.39
  0
ARC
  8
APS_GEOMETRY
 10
4547.746
 20
-916.318
 40
5.863
 50
124.216
 51
143.31
  0
ARC
  8
APS_GEOMETRY
 10
4545.497
 20
-913.01
 40
1.864
 50
90.0
 51
124.216
  0
ARC
  8
APS_GEOMETRY
 10
4545.497
 20
-913.839
 40
2.692
 50
82.725
 51
90.0
  0
ARC
  8
APS_GEOMETRY
 10
4545.287
 20
-915.487
 40
4.353
 50
77.005
 51
82.725
  0
ARC
  8
APS_GEOMETRY
 10
4551.711
 20
-884.513
 40
27.28
 50
258.486
 51
260.378
  0
ARC
  8
APS_GEOMETRY
 10
4548.959
 20
-900.746
 40
10.816
 50
260.378
 51
263.382
  0
ARC
  8
APS_GEOMETRY
 10
4548.724
 20
-902.774
 40
8.774
 50
263.382
 51
267.084
  0
ARC
  8
APS_GEOMETRY
 10
4548.997
 20
-897.419
 40
14.137
 50
267.084
 51
270.0
  0
LINE
  8
APS_GEOMETRY
 10
4570.705
 11
4579.11
 20
-911.555
 21
-911.555
  0
ARC
  8
APS_GEOMETRY
 10
4579.11
 20
-805.696
 40
105.86
 50
270.0
 51
270.69
  0
ARC
  8
APS_GEOMETRY
 10
4579.707
 20
-855.224
 40
56.328
 50
270.69
 51
271.637
  0
ARC
  8
APS_GEOMETRY
 10
4580.21
 20
-872.821
 40
38.724
 50
271.637
 51
273.013
  0
ARC
  8
APS_GEOMETRY
 10
4581.435
 20
-896.102
 40
15.41
 50
273.013
 51
275.194
  0
ARC
  8
APS_GEOMETRY
 10
4581.739
 20
-899.443
 40
12.056
 50
275.194
 51
280.756
  0
ARC
  8
APS_GEOMETRY
 10
4581.796
 20
-899.743
 40
11.75
 50
280.756
 51
286.39
  0
ARC
  8
APS_GEOMETRY
 10
4586.103
 20
-914.486
 40
3.609
 50
100.305
 51
105.945
  0
ARC
  8
APS_GEOMETRY
 10
4585.651
 20
-912.001
 40
1.083
 50
90.0
 51
100.305
  0
ARC
  8
APS_GEOMETRY
 10
4585.651
 20
-912.388
 40
1.47
 50
58.946
 51
90.0
  0
ARC
  8
APS_GEOMETRY
 10
4585.089
 20
-913.321
 40
2.56
 50
35.538
 51
58.946
  0
ARC
  8
APS_GEOMETRY
 10
4582.894
 20
-914.936
 40
5.284
 50
16.699
 51
35.952
  0
ARC
  8
APS_GEOMETRY
 10
4581.244
 20
-915.431
 40
7.007
 50
360.0
 51
16.699
  0
ARC
  8
APS_GEOMETRY
 10
4584.319
 20
-915.431
 40
3.932
 50
344.982
 51
360.0
  0
ARC
  8
APS_GEOMETRY
 10
4586.206
 20
-915.937
 40
1.978
 50
323.746
 51
344.982
  0
ARC
  8
APS_GEOMETRY
 10
4586.625
 20
-916.245
 40
1.458
 50
296.114
 51
323.746
  0
ARC
  8
APS_GEOMETRY
 10
4586.55
 20
-916.091
 40
1.629
 50
270.0
 51
296.114
  0
ARC
  8
APS_GEOMETRY
 10
4586.55
 20
-915.678
 40
2.042
 50
255.311
 51
270.0
  0
ARC
  8
APS_GEOMETRY
 10
4586.277
 20
-916.719
 40
0.965
 50
233.881
 51
255.311
  0
ARC
  8
APS_GEOMETRY
 10
4586.564
 20
-916.326
 40
1.453
 50
219.289
 51
233.881
  0
ARC
  8
APS_GEOMETRY
 10
4592.33
 20
-911.609
 40
8.902
 50
213.408
 51
219.289
  0
ARC
  8
APS_GEOMETRY
 10
4581.529
 20
-918.723
 40
4.031
 50
33.294
 51
51.246
  0
ARC
  8
APS_GEOMETRY
 10
4582.078
 20
-918.039
 40
3.154
 50
51.246
 51
71.565
  0
ARC
  8
APS_GEOMETRY
 10
4581.715
 20
-919.128
 40
4.302
 50
71.565
 51
79.278
  0
ARC
  8
APS_GEOMETRY
 10
4580.551
 20
-925.275
 40
10.559
 50
79.278
 51
84.2
  0
ARC
  8
APS_GEOMETRY
 10
4580.054
 20
-930.165
 40
15.473
 50
84.2
 51
87.567
  0
ARC
  8
APS_GEOMETRY
 10
4579.453
 20
-944.304
 40
29.625
 50
87.567
 51
90.0
  0
ARC
  8
APS_GEOMETRY
 10
4579.453
 20
-923.006
 40
8.328
 50
90.0
 51
96.374
  0
ARC
  8
APS_GEOMETRY
 10
4578.901
 20
-918.058
 40
3.349
 50
96.374
 51
106.434
  0
ARC
  8
APS_GEOMETRY
 10
4578.508
 20
-916.727
 40
1.961
 50
106.434
 51
123.056
  0
ARC
  8
APS_GEOMETRY
 10
4577.895
 20
-915.784
 40
0.836
 50
123.056
 51
148.627
  0
ARC
  8
APS_GEOMETRY
 10
4578.455
 20
-916.102
 40
1.48
 50
149.421
 51
165.28
  0
ARC
  8
APS_GEOMETRY
 10
4580.069
 20
-916.526
 40
3.149
 50
165.28
 51
176.135
  0
ARC
  8
APS_GEOMETRY
 10
4584.69
 20
-916.838
 40
7.781
 50
176.135
 51
178.367
  0
ARC
  8
APS_GEOMETRY
 10
4627.443
 20
-918.057
 40
50.551
 50
178.367
 51
179.242
  0
ARC
  8
APS_GEOMETRY
 10
4671.628
 20
-918.642
 40
94.739
 50
179.242
 51
179.709
  0
ARC
  8
APS_GEOMETRY
 10
4821.952
 20
-919.404
 40
245.066
 50
179.709
 51
180.0
  0
ARC
  8
APS_GEOMETRY
 10
4580.432
 20
-919.404
 40
3.545
 50
180.0
 51
195.027
  0
ARC
  8
APS_GEOMETRY
 10
4577.532
 20
-920.183
 40
0.543
 50
195.027
 51
234.058
  0
ARC
  8
APS_GEOMETRY
 10
4577.56
 20
-920.144
 40
0.591
 50
234.058
 51
253.191
  0
ARC
  8
APS_GEOMETRY
 10
4578.179
 20
-918.096
 40
2.731
 50
253.191
 51
262.063
  0
ARC
  8
APS_GEOMETRY
 10
4578.496
 20
-915.823
 40
5.025
 50
262.063
 51
266.949
  0
ARC
  8
APS_GEOMETRY
 10
4578.914
 20
-907.982
 40
12.877
 50
266.949
 51
270.0
  0
ARC
  8
APS_GEOMETRY
 10
4578.914
 20
-918.499
 40
2.361
 50
270.0
 51
286.007
  0
ARC
  8
APS_GEOMETRY
 10
4579.327
 20
-919.939
 40
0.862
 50
286.007
 51
312.647
  0
ARC
  8
APS_GEOMETRY
 10
4579.318
 20
-919.93
 40
0.875
 50
312.647
 51
338.993
  0
ARC
  8
APS_GEOMETRY
 10
4577.531
 20
-919.243
 40
2.79
 50
338.993
 51
353.66
  0
ARC
  8
APS_GEOMETRY
 10
4595.991
 20
-921.445
 40
15.801
 50
169.663
 51
173.118
  0
ARC
  8
APS_GEOMETRY
 10
4582.796
 20
-919.038
 40
2.388
 50
160.769
 51
169.663
  0
ARC
  8
APS_GEOMETRY
 10
4581.692
 20
-918.653
 40
1.219
 50
143.746
 51
160.769
  0
ARC
  8
APS_GEOMETRY
 10
4581.959
 20
-918.849
 40
1.55
 50
128.66
 51
143.746
  0
ARC
  8
APS_GEOMETRY
 10
4581.781
 20
-918.56
 40
1.215
 50
110.171
 51
130.601
  0
ARC
  8
APS_GEOMETRY
 10
4581.792
 20
-918.59
 40
1.246
 50
90.0
 51
110.171
  0
ARC
  8
APS_GEOMETRY
 10
4581.792
 20
-918.607
 40
1.264
 50
61.22
 51
90.0
  0
ARC
  8
APS_GEOMETRY
 10
4581.571
 20
-919.009
 40
1.722
 50
36.634
 51
61.22
  0
ARC
  8
APS_GEOMETRY
 10
4581.364
 20
-919.132
 40
1.961
 50
19.103
 51
35.91
  0
ARC
  8
APS_GEOMETRY
 10
4574.967
 20
-921.348
 40
8.732
 50
11.16
 51
19.103
  0
ARC
  8
APS_GEOMETRY
 10
4571.624
 20
-922.007
 40
12.139
 50
5.396
 51
11.16
  0
ARC
  8
APS_GEOMETRY
 10
4569.924
 20
-922.168
 40
13.846
 50
0.0
 51
5.396
  0
ARC
  8
APS_GEOMETRY
 10
4570.165
 20
-922.168
 40
13.605
 50
349.287
 51
0.0
  0
ARC
  8
APS_GEOMETRY
 10
4576.844
 20
-923.431
 40
6.808
 50
334.12
 51
349.287
  0
ARC
  8
APS_GEOMETRY
 10
4581.445
 20
-925.655
 40
1.698
 50
303.53
 51
333.853
  0
ARC
  8
APS_GEOMETRY
 10
4581.612
 20
-925.906
 40
1.396
 50
270.0
 51
303.53
  0
ARC
  8
APS_GEOMETRY
 10
4581.612
 20
-925.841
 40
1.461
 50
249.578
 51
270.0
  0
ARC
  8
APS_GEOMETRY
 10
4581.301
 20
-926.676
 40
0.57
 50
216.607
 51
249.578
  0
ARC
  8
APS_GEOMETRY
 10
4581.598
 20
-926.455
 40
0.94
 50
195.422
 51
216.607
  0
ARC
  8
APS_GEOMETRY
 10
4586.729
 20
-925.04
 40
6.263
 50
187.253
 51
195.422
  0
ARC
  8
APS_GEOMETRY
 10
4578.443
 20
-926.106
 40
2.092
 50
7.561
 51
49.434
  0
ARC
  8
APS_GEOMETRY
 10
4578.358
 20
-926.205
 40
2.222
 50
49.434
 51
90.0
  0
ARC
  8
APS_GEOMETRY
 10
4578.358
 20
-925.478
 40
1.495
 50
90.0
 51
115.224
  0
ARC
  8
APS_GEOMETRY
 10
4578.062
 20
-924.85
 40
0.801
 50
115.224
 51
149.931
  0
ARC
  8
APS_GEOMETRY
 10
4578.597
 20
-925.16
 40
1.419
 50
149.931
 51
171.111
  0
ARC
  8
APS_GEOMETRY
 10
4585.081
 20
-926.174
 40
7.982
 50
171.111
 51
180.0
  0
ARC
  8
APS_GEOMETRY
 10
4591.468
 20
-926.174
 40
14.369
 50
180.0
 51
183.062
  0
ARC
  8
APS_GEOMETRY
 10
4613.462
 20
-924.997
 40
36.395
 50
183.062
 51
184.986
  0
ARC
  8
APS_GEOMETRY
 10
4601.926
 20
-926.004
 40
24.815
 50
184.986
 51
187.804
  0
ARC
  8
APS_GEOMETRY
 10
4580.075
 20
-928.998
 40
2.76
 50
187.804
 51
196.26
  0
ARC
  8
APS_GEOMETRY
 10
4578.148
 20
-929.579
 40
0.748
 50
194.931
 51
230.024
  0
ARC
  8
APS_GEOMETRY
 10
4578.639
 20
-928.994
 40
1.511
 50
230.024
 51
254.511
  0
ARC
  8
APS_GEOMETRY
 10
4579.235
 20
-926.843
 40
3.742
 50
254.511
 51
265.219
  0
ARC
  8
APS_GEOMETRY
 10
4580.484
 20
-911.91
 40
18.728
 50
265.219
 51
270.0
  0
ARC
  8
APS_GEOMETRY
 10
4580.484
 20
-913.89
 40
16.748
 50
270.0
 51
274.186
  0
ARC
  8
APS_GEOMETRY
 10
4580.993
 20
-920.848
 40
9.771
 50
274.186
 51
279.668
  0
ARC
  8
APS_GEOMETRY
 10
4581.411
 20
-923.302
 40
7.282
 50
279.668
 51
286.991
  0
ARC
  8
APS_GEOMETRY
 10
4582.367
 20
-926.432
 40
4.009
 50
286.991
 51
296.866
  0
ARC
  8
APS_GEOMETRY
 10
4582.566
 20
-926.824
 40
3.569
 50
296.866
 51
318.366
  0
ARC
  8
APS_GEOMETRY
 10
4580.567
 20
-925.047
 40
6.245
 50
318.366
 51
334.581
  0
ARC
  8
APS_GEOMETRY
 10
4593.731
 20
-931.36
 40
8.355
 50
147.08
 51
154.231
  0
ARC
  8
APS_GEOMETRY
 10
4588.228
 20
-927.797
 40
1.8
 50
131.634
 51
147.08
  0
ARC
  8
APS_GEOMETRY
 10
4587.818
 20
-927.335
 40
1.182
 50
108.875
 51
131.634
  0
ARC
  8
APS_GEOMETRY
 10
4587.989
 20
-927.836
 40
1.712
 50
90.0
 51
108.875
  0
ARC
  8
APS_GEOMETRY
 10
4587.989
 20
-927.489
 40
1.364
 50
62.628
 51
90.0
  0
ARC
  8
APS_GEOMETRY
 10
4587.903
 20
-927.655
 40
1.551
 50
36.995
 51
62.628
  0
ARC
  8
APS_GEOMETRY
 10
4587.516
 20
-927.947
 40
2.036
 50
16.728
 51
36.995
  0
ARC
  8
APS_GEOMETRY
 10
4586.613
 20
-928.218
 40
2.978
 50
360.0
 51
16.728
  0
ARC
  8
APS_GEOMETRY
 10
4584.826
 20
-928.218
 40
4.766
 50
348.323
 51
360.0
  0
ARC
  8
APS_GEOMETRY
 10
4577.671
 20
-926.739
 40
12.072
 50
340.994
 51
348.323
  0
ARC
  8
APS_GEOMETRY
 10
4575.974
 20
-926.155
 40
13.867
 50
334.592
 51
340.994
  0
ARC
  8
APS_GEOMETRY
 10
4578.936
 20
-927.562
 40
10.587
 50
327.265
 51
334.592
  0
ARC
  8
APS_GEOMETRY
 10
4582.376
 20
-929.589
 40
6.599
 50
320.133
 51
325.923
  0
ARC
  8
APS_GEOMETRY
 10
4586.377
 20
-932.931
 40
1.386
 50
307.476
 51
320.133
  0
ARC
  8
APS_GEOMETRY
 10
4586.728
 20
-933.388
 40
0.81
 50
286.429
 51
307.476
  0
ARC
  8
APS_GEOMETRY
 10
4586.583
 20
-932.896
 40
1.323
 50
270.0
 51
286.429
  0
ARC
  8
APS_GEOMETRY
 10
4586.583
 20
-931.367
 40
2.852
 50
263.774
 51
270.0
  0
ARC
  8
APS_GEOMETRY
 10
4587.417
 20
-923.718
 40
10.546
 50
260.538
 51
263.774
  0
ARC
  8
APS_GEOMETRY
 10
4583.683
 20
-944.791
 40
10.857
 50
79.38
 51
84.987
  0
ARC
  8
APS_GEOMETRY
 10
4582.064
 20
-963.247
 40
29.383
 50
84.987
 51
88.394
  0
LINE
  8
APS_GEOMETRY
 10
4582.887
 11
4569.021
 20
-933.876
 21
-933.876
  0
ARC
  8
APS_GEOMETRY
 10
4569.021
 20
-930.974
 40
2.902
 50
254.103
 51
270.0
  0
ARC
  8
APS_GEOMETRY
 10
4568.612
 20
-932.409
 40
1.41
 50
231.216
 51
254.103
  0
ARC
  8
APS_GEOMETRY
 10
4568.445
 20
-932.617
 40
1.142
 50
203.795
 51
231.216
  0
ARC
  8
APS_GEOMETRY
 10
4568.781
 20
-932.469
 40
1.509
 50
180.0
 51
203.795
  0
ARC
  8
APS_GEOMETRY
 10
4568.908
 20
-932.469
 40
1.637
 50
164.055
 51
180.0
  0
ARC
  8
APS_GEOMETRY
 10
4567.9
 20
-932.181
 40
0.588
 50
137.291
 51
164.055
  0
ARC
  8
APS_GEOMETRY
 10
4568.203
 20
-932.461
 40
1.001
 50
120.964
 51
137.291
  0
ARC
  8
APS_GEOMETRY
 10
4571.453
 20
-937.878
 40
7.318
 50
114.944
 51
120.964
  0
ARC
  8
APS_GEOMETRY
 10
4567.396
 20
-929.001
 40
2.443
 50
293.429
 51
305.72
  0
ARC
  8
APS_GEOMETRY
 10
4568.068
 20
-929.936
 40
1.292
 50
305.72
 51
322.651
  0
ARC
  8
APS_GEOMETRY
 10
4567.963
 20
-929.856
 40
1.423
 50
322.651
 51
338.11
  0
ARC
  8
APS_GEOMETRY
 10
4565.934
 20
-929.041
 40
3.61
 50
338.11
 51
347.8
  0
ARC
  8
APS_GEOMETRY
 10
4553.334
 20
-926.279
 40
16.509
 50
347.672
 51
352.051
  0
ARC
  8
APS_GEOMETRY
 10
4541.138
 20
-924.576
 40
28.824
 50
352.051
 51
355.365
  0
ARC
  8
APS_GEOMETRY
 10
4532.924
 20
-923.91
 40
37.064
 50
355.365
 51
357.943
  0
ARC
  8
APS_GEOMETRY
 10
4511.719
 20
-923.149
 40
58.283
 50
357.943
 51
0.0
  0
ARC
  8
APS_GEOMETRY
 10
4487.243
 20
-923.149
 40
82.759
 50
360.0
 51
2.183
  0
ARC
  8
APS_GEOMETRY
 10
4536.731
 20
-921.262
 40
33.235
 50
2.183
 51
5.629
  0
ARC
  8
APS_GEOMETRY
 10
4551.473
 20
-919.809
 40
18.422
 50
5.629
 51
11.805
  0
ARC
  8
APS_GEOMETRY
 10
4565.781
 20
-916.819
 40
3.805
 50
11.805
 51
25.419
  0
ARC
  8
APS_GEOMETRY
 10
4567.633
 20
-915.978
 40
1.772
 50
26.565
 51
38.157
  0
ARC
  8
APS_GEOMETRY
 10
4568.455
 20
-915.332
 40
0.726
 50
38.157
 51
56.31
  0
ARC
  8
APS_GEOMETRY
 10
4568.281
 20
-915.593
 40
1.04
 50
56.31
 51
69.193
  0
ARC
  8
APS_GEOMETRY
 10
4565.841
 20
-922.013
 40
7.908
 50
69.193
 51
73.856
  0
ARC
  8
APS_GEOMETRY
 10
4568.415
 20
-913.16
 40
1.312
 50
216.87
 51
253.393
  0
ARC
  8
APS_GEOMETRY
 10
4568.396
 20
-913.174
 40
1.288
 50
180.0
 51
216.87
  0
ARC
  8
APS_GEOMETRY
 10
4568.677
 20
-913.174
 40
1.569
 50
161.565
 51
180.0
  0
ARC
  8
APS_GEOMETRY
 10
4568.62
 20
-913.155
 40
1.509
 50
142.765
 51
161.565
  0
ARC
  8
APS_GEOMETRY
 10
4568.584
 20
-913.128
 40
1.464
 50
123.425
 51
142.765
  0
ARC
  8
APS_GEOMETRY
 10
4568.617
 20
-913.178
 40
1.523
 50
104.47
 51
123.425
  0
ARC
  8
APS_GEOMETRY
 10
4568.907
 20
-914.609
 40
2.982
 50
96.724
 51
102.995
  0
ARC
  8
APS_GEOMETRY
 10
4569.807
 20
-922.246
 40
10.673
 50
93.411
 51
96.724
  0
ARC
  8
APS_GEOMETRY
 10
4570.207
 20
-928.957
 40
17.395
 50
91.375
 51
93.411
  0
ARC
  8
APS_GEOMETRY
 10
4570.705
 20
-949.707
 40
38.151
 50
90.0
 51
91.375
  0
LINE
  8
COSTRUZIONI
 10
4133.932
 11
6133.932
 20
-1076.17
 21
-1076.17
  0
LINE
  8
COSTRUZIONI
 10
6133.932
 11
6133.932
 20
-1076.17
 21
-876.17
  0
LINE
  8
COSTRUZIONI
 10
6133.932
 11
4133.932
 20
-876.17
 21
-876.17
  0
LINE
  8
COSTRUZIONI
 10
4133.932
 11
4133.932
 20
-876.17
 21
-1076.17
  0
LINE
  8
COSTRUZIONI
 10
4599.783
 11
4599.783
 20
-1076.17
 21
-876.17
  0
LINE
  8
COSTRUZIONI
 10
5935.039
 11
5935.039
 20
-1076.17
 21
-876.17
  0
LINE
  8
COSTRUZIONI
 10
6133.932
 11
4599.783
 20
-926.17
 21
-926.17
  0
LINE
  8
COSTRUZIONI
 10
5935.039
 11
6133.932
 20
-1026.17
 21
-1026.17
  0
LINE
  8
COSTRUZIONI
 10
4599.783
 11
6133.932
 20
-976.17
 21
-976.17
  0
LINE
  8
COSTRUZIONI
 10
5628.23
 11
5628.23
 20
-976.17
 21
-926.17
  0
LINE
  8
COSTRUZIONI
 10
5133.152
 11
5133.152
 20
-976.17
 21
-926.17
  0
LINE
  8
QUOTATURA
 10
3936.177
 11
3705.12
 20
-710.606
 21
-710.606
  0
LINE
  8
QUOTATURA
 10
3936.177
 11
3705.12
 20
-660.606
 21
-660.606
  0
LINE
  8
QUOTATURA
 10
3730.12
 11
3730.12
 20
-660.606
 21
-558.402
  0
LINE
  8
QUOTATURA
 10
3730.12
 11
3657.55
 20
-558.402
 21
-558.402
  0
LINE
  8
QUOTATURA
 10
3738.455
 11
3730.12
 20
-610.606
 21
-660.606
  0
LINE
  8
QUOTATURA
 10
3730.12
 11
3721.785
 20
-660.606
 21
-610.606
  0
LINE
  8
QUOTATURA
 10
3721.785
 11
3738.455
 20
-610.606
 21
-610.606
  0
LINE
  8
QUOTATURA
 10
3730.12
 11
3730.12
 20
-710.606
 21
-810.606
  0
LINE
  8
QUOTATURA
 10
3721.785
 11
3730.12
 20
-760.606
 21
-710.606
  0
LINE
  8
QUOTATURA
 10
3730.12
 11
3738.455
 20
-710.606
 21
-760.606
  0
LINE
  8
QUOTATURA
 10
3738.455
 11
3721.785
 20
-760.606
 21
-760.606
  0
LINE
  8
QUOTATURA
 10
6319.677
 11
6666.088
 20
2354.0
 21
2354.0
  0
LINE
  8
QUOTATURA
 10
6319.677
 11
6666.088
 20
5.0
 21
5.0
  0
LINE
  8
QUOTATURA
 10
6651.088
 11
6651.088
 20
2354.0
 21
1688.614
  0
LINE
  8
QUOTATURA
 10
6651.088
 11
6651.088
 20
1643.037
 21
5.0
  0
LINE
  8
QUOTATURA
 10
6646.087
 11
6651.088
 20
2324.0
 21
2354.0
  0
LINE
  8
QUOTATURA
 10
6651.088
 11
6656.089
 20
2354.0
 21
2324.0
  0
LINE
  8
QUOTATURA
 10
6656.089
 11
6646.087
 20
2324.0
 21
2324.0
  0
LINE
  8
QUOTATURA
 10
6656.089
 11
6651.088
 20
35.0
 21
5.0
  0
LINE
  8
QUOTATURA
 10
6651.088
 11
6646.087
 20
5.0
 21
35.0
  0
LINE
  8
QUOTATURA
 10
6646.087
 11
6656.089
 20
35.0
 21
35.0
  0
LINE
  8
QUOTATURA
 10
6208.577
 11
6722.295
 20
665.0
 21
665.0
  0
LINE
  8
QUOTATURA
 10
6319.677
 11
6722.295
 20
5.0
 21
5.0
  0
LINE
  8
QUOTATURA
 10
6707.295
 11
6707.295
 20
665.0
 21
441.416
  0
LINE
  8
QUOTATURA
 10
6707.295
 11
6707.295
 20
396.005
 21
5.0
  0
LINE
  8
QUOTATURA
 10
6702.294
 11
6707.295
 20
635.0
 21
665.0
  0
LINE
  8
QUOTATURA
 10
6707.295
 11
6712.296
 20
665.0
 21
635.0
  0
LINE
  8
QUOTATURA
 10
6712.296
 11
6702.294
 20
635.0
 21
635.0
  0
LINE
  8
QUOTATURA
 10
6712.296
 11
6707.295
 20
35.0
 21
5.0
  0
LINE
  8
QUOTATURA
 10
6707.295
 11
6702.294
 20
5.0
 21
35.0
  0
LINE
  8
QUOTATURA
 10
6702.294
 11
6712.296
 20
35.0
 21
35.0
  0
LINE
  8
QUOTATURA
 10
6193.577
 11
6193.577
 20
659.999
 21
670.001
  0
LINE
  8
QUOTATURA
 10
6188.576
 11
6198.578
 20
665.0
 21
665.0
  0
LINE
  8
APS_GEOMETRY
 10
4316.327
 11
4316.327
 20
238.1
 21
617.9
  0
ARC
  8
APS_GEOMETRY
 10
4300.577
 20
617.9
 40
15.75
 50
0.0
 51
90.0
  0
LINE
  8
APS_GEOMETRY
 10
4300.577
 11
4108.777
 20
633.65
 21
633.65
  0
ARC
  8
APS_GEOMETRY
 10
4108.777
 20
617.9
 40
15.75
 50
90.0
 51
180.0
  0
LINE
  8
APS_GEOMETRY
 10
4093.027
 11
4093.027
 20
617.9
 21
238.1
  0
ARC
  8
APS_GEOMETRY
 10
4108.777
 20
238.1
 40
15.75
 50
180.0
 51
270.0
  0
LINE
  8
APS_GEOMETRY
 10
4108.777
 11
4300.577
 20
222.35
 21
222.35
  0
ARC
  8
APS_GEOMETRY
 10
4300.577
 20
238.1
 40
15.75
 50
270.0
 51
0.0
  0
LINE
  8
APS_GEOMETRY
 10
4300.577
 11
4108.777
 20
696.35
 21
696.35
  0
ARC
  8
APS_GEOMETRY
 10
4108.777
 20
712.1
 40
15.75
 50
180.0
 51
270.0
  0
LINE
  8
APS_GEOMETRY
 10
4093.027
 11
4093.027
 20
712.1
 21
2242.9
  0
ARC
  8
APS_GEOMETRY
 10
4108.777
 20
2242.9
 40
15.75
 50
90.0
 51
180.0
  0
LINE
  8
APS_GEOMETRY
 10
4108.777
 11
4300.577
 20
2258.65
 21
2258.65
  0
ARC
  8
APS_GEOMETRY
 10
4300.577
 20
2242.9
 40
15.75
 50
360.0
 51
90.0
  0
LINE
  8
APS_GEOMETRY
 10
4316.327
 11
4316.327
 20
2242.9
 21
712.1
  0
ARC
  8
APS_GEOMETRY
 10
4300.577
 20
712.1
 40
15.75
 50
270.0
 51
360.0
  0
LINE
  8
APS_GEOMETRY
 10
5059.327
 11
5059.327
 20
238.1
 21
617.9
  0
ARC
  8
APS_GEOMETRY
 10
5043.577
 20
617.9
 40
15.75
 50
0.0
 51
90.0
  0
LINE
  8
APS_GEOMETRY
 10
5043.577
 11
4515.777
 20
633.65
 21
633.65
  0
ARC
  8
APS_GEOMETRY
 10
4515.777
 20
617.9
 40
15.75
 50
90.0
 51
180.0
  0
LINE
  8
APS_GEOMETRY
 10
4500.027
 11
4500.027
 20
617.9
 21
238.1
  0
ARC
  8
APS_GEOMETRY
 10
4515.777
 20
238.1
 40
15.75
 50
180.0
 51
270.0
  0
LINE
  8
APS_GEOMETRY
 10
4515.777
 11
5043.577
 20
222.35
 21
222.35
  0
ARC
  8
APS_GEOMETRY
 10
5043.577
 20
238.1
 40
15.75
 50
270.0
 51
0.0
  0
LINE
  8
APS_GEOMETRY
 10
5059.327
 11
5059.327
 20
2242.9
 21
712.1
  0
ARC
  8
APS_GEOMETRY
 10
5043.577
 20
712.1
 40
15.75
 50
270.0
 51
360.0
  0
LINE
  8
APS_GEOMETRY
 10
5043.577
 11
4515.777
 20
696.35
 21
696.35
  0
ARC
  8
APS_GEOMETRY
 10
4515.777
 20
712.1
 40
15.75
 50
180.0
 51
270.0
  0
LINE
  8
APS_GEOMETRY
 10
4500.027
 11
4500.027
 20
712.1
 21
2242.9
  0
ARC
  8
APS_GEOMETRY
 10
4515.777
 20
2242.9
 40
15.75
 50
90.0
 51
180.0
  0
LINE
  8
APS_GEOMETRY
 10
4515.777
 11
5043.577
 20
2258.65
 21
2258.65
  0
ARC
  8
APS_GEOMETRY
 10
5043.577
 20
2242.9
 40
15.75
 50
360.0
 51
90.0
  0
LINE
  8
APS_GEOMETRY
 10
5786.577
 11
5258.777
 20
696.35
 21
696.35
  0
ARC
  8
APS_GEOMETRY
 10
5258.777
 20
712.1
 40
15.75
 50
180.0
 51
270.0
  0
LINE
  8
APS_GEOMETRY
 10
5243.027
 11
5243.027
 20
712.1
 21
2242.9
  0
ARC
  8
APS_GEOMETRY
 10
5258.777
 20
2242.9
 40
15.75
 50
90.0
 51
180.0
  0
LINE
  8
APS_GEOMETRY
 10
5258.777
 11
5786.577
 20
2258.65
 21
2258.65
  0
ARC
  8
APS_GEOMETRY
 10
5786.577
 20
2242.9
 40
15.75
 50
360.0
 51
90.0
  0
LINE
  8
APS_GEOMETRY
 10
5802.327
 11
5802.327
 20
2242.9
 21
712.1
  0
ARC
  8
APS_GEOMETRY
 10
5786.577
 20
712.1
 40
15.75
 50
270.0
 51
360.0
  0
LINE
  8
APS_GEOMETRY
 10
5258.777
 11
5786.577
 20
222.35
 21
222.35
  0
ARC
  8
APS_GEOMETRY
 10
5786.577
 20
238.1
 40
15.75
 50
270.0
 51
0.0
  0
LINE
  8
APS_GEOMETRY
 10
5802.327
 11
5802.327
 20
238.1
 21
633.65
  0
LINE
  8
APS_GEOMETRY
 10
5802.327
 11
5258.777
 20
633.65
 21
633.65
  0
ARC
  8
APS_GEOMETRY
 10
5258.777
 20
617.9
 40
15.75
 50
90.0
 51
180.0
  0
LINE
  8
APS_GEOMETRY
 10
5243.027
 11
5243.027
 20
617.9
 21
238.1
  0
ARC
  8
APS_GEOMETRY
 10
5258.777
 20
238.1
 40
15.75
 50
180.0
 51
270.0
  0
LINE
  8
APS_GEOMETRY
 10
6209.327
 11
6209.327
 20
238.1
 21
617.9
  0
ARC
  8
APS_GEOMETRY
 10
6193.577
 20
617.9
 40
15.75
 50
0.0
 51
90.0
  0
LINE
  8
APS_GEOMETRY
 10
6193.577
 11
6001.777
 20
633.65
 21
633.65
  0
ARC
  8
APS_GEOMETRY
 10
6001.777
 20
617.9
 40
15.75
 50
90.0
 51
180.0
  0
LINE
  8
APS_GEOMETRY
 10
5986.027
 11
5986.027
 20
617.9
 21
238.1
  0
ARC
  8
APS_GEOMETRY
 10
6001.777
 20
238.1
 40
15.75
 50
180.0
 51
270.0
  0
LINE
  8
APS_GEOMETRY
 10
6001.777
 11
6193.577
 20
222.35
 21
222.35
  0
ARC
  8
APS_GEOMETRY
 10
6193.577
 20
238.1
 40
15.75
 50
270.0
 51
0.0
  0
LINE
  8
APS_GEOMETRY
 10
6209.327
 11
6209.327
 20
2242.9
 21
712.1
  0
ARC
  8
APS_GEOMETRY
 10
6193.577
 20
712.1
 40
15.75
 50
270.0
 51
360.0
  0
LINE
  8
APS_GEOMETRY
 10
6193.577
 11
6001.777
 20
696.35
 21
696.35
  0
ARC
  8
APS_GEOMETRY
 10
6001.777
 20
712.1
 40
15.75
 50
180.0
 51
270.0
  0
LINE
  8
APS_GEOMETRY
 10
5986.027
 11
5986.027
 20
712.1
 21
2242.9
  0
ARC
  8
APS_GEOMETRY
 10
6001.777
 20
2242.9
 40
15.75
 50
90.0
 51
180.0
  0
LINE
  8
APS_GEOMETRY
 10
6001.777
 11
6193.577
 20
2258.65
 21
2258.65
  0
ARC
  8
APS_GEOMETRY
 10
6193.577
 20
2242.9
 40
15.75
 50
360.0
 51
90.0
  0
LINE
  8
BRACHETTONE_PROFILO
 10
1222.45
 11
1970.95
 20
25.65
 21
25.65
 30
0.0
 31
0.0
  0
ARC
  8
BRACHETTONE_PROFILO
 10
1970.95
 20
32.65
 30
0.0
 40
7.0
 50
270.0
 51
360.0
210
0.0
220
0.0
230
1.0
  0
LINE
  8
BRACHETTONE_PROFILO
 10
1977.95
 11
1977.95
 20
32.65
 21
190.65
 30
0.0
 31
0.0
  0
ARC
  8
BRACHETTONE_PROFILO
 10
1970.95
 20
190.65
 30
0.0
 40
7.0
 50
360.0
 51
90.0
210
0.0
220
0.0
230
1.0
  0
LINE
  8
BRACHETTONE_PROFILO
 10
1970.95
 11
473.95
 20
197.65
 21
197.65
 30
0.0
 31
0.0
  0
ARC
  8
BRACHETTONE_PROFILO
 10
473.95
 20
190.65
 30
0.0
 40
7.0
 50
90.0
 51
180.0
210
0.0
220
0.0
230
1.0
  0
LINE
  8
BRACHETTONE_PROFILO
 10
466.95
 11
466.95
 20
190.65
 21
32.65
 30
0.0
 31
0.0
  0
ARC
  8
BRACHETTONE_PROFILO
 10
473.95
 20
32.65
 30
0.0
 40
7.0
 50
180.0
 51
270.0
210
0.0
220
0.0
230
1.0
  0
LINE
  8
BRACHETTONE_PROFILO
 10
473.95
 11
1222.45
 20
25.65
 21
25.65
 30
0.0
 31
0.0
  0
LINE
  8
BRACHETTONE_PROFILO
 10
205.65
 11
378.65
 20
25.65
 21
25.65
 30
0.0
 31
0.0
  0
ARC
  8
BRACHETTONE_PROFILO
 10
378.65
 20
32.65
 30
0.0
 40
7.0
 50
270.0
 51
360.0
210
0.0
220
0.0
230
1.0
  0
LINE
  8
BRACHETTONE_PROFILO
 10
385.65
 11
385.65
 20
32.65
 21
190.65
 30
0.0
 31
0.0
  0
ARC
  8
BRACHETTONE_PROFILO
 10
378.65
 20
190.65
 30
0.0
 40
7.0
 50
360.0
 51
90.0
210
0.0
220
0.0
230
1.0
  0
LINE
  8
BRACHETTONE_PROFILO
 10
378.65
 11
32.65
 20
197.65
 21
197.65
 30
0.0
 31
0.0
  0
ARC
  8
BRACHETTONE_PROFILO
 10
32.65
 20
190.65
 30
0.0
 40
7.0
 50
90.0
 51
180.0
210
0.0
220
0.0
230
1.0
  0
LINE
  8
BRACHETTONE_PROFILO
 10
25.65
 11
25.65
 20
190.65
 21
32.65
 30
0.0
 31
0.0
  0
ARC
  8
BRACHETTONE_PROFILO
 10
32.65
 20
32.65
 30
0.0
 40
7.0
 50
180.0
 51
270.0
210
0.0
220
0.0
230
1.0
  0
LINE
  8
BRACHETTONE_PROFILO
 10
32.65
 11
205.65
 20
25.65
 21
25.65
 30
0.0
 31
0.0
  0
LINE
  8
BRACHETTONE_BATTENTE
 10
205.65
 11
15.75
 20
0.0
 21
0.0
 30
0.0
 31
0.0
  0
ARC
  8
BRACHETTONE_BATTENTE
 10
15.75
 20
15.75
 30
0.0
 40
15.75
 50
180.0
 51
270.0
210
0.0
220
0.0
230
1.0
  0
LINE
  8
BRACHETTONE_BATTENTE
 10
0.0
 11
0.0
 20
15.75
 21
207.55
 30
0.0
 31
0.0
  0
ARC
  8
BRACHETTONE_BATTENTE
 10
15.75
 20
207.55
 30
0.0
 40
15.75
 50
90.0
 51
180.0
210
0.0
220
0.0
230
1.0
  0
LINE
  8
BRACHETTONE_BATTENTE
 10
15.75
 11
395.55
 20
223.3
 21
223.3
 30
0.0
 31
0.0
  0
ARC
  8
BRACHETTONE_BATTENTE
 10
395.55
 20
207.55
 30
0.0
 40
15.75
 50
360.0
 51
90.0
210
0.0
220
0.0
230
1.0
  0
LINE
  8
BRACHETTONE_BATTENTE
 10
411.3
 11
411.3
 20
207.55
 21
15.75
 30
0.0
 31
0.0
  0
ARC
  8
BRACHETTONE_BATTENTE
 10
395.55
 20
15.75
 30
0.0
 40
15.75
 50
270.0
 51
360.0
210
0.0
220
0.0
230
1.0
  0
LINE
  8
BRACHETTONE_BATTENTE
 10
395.55
 11
205.65
 20
0.0
 21
0.0
 30
0.0
 31
0.0
  0
LINE
  8
BRACHETTONE_BATTENTE
 10
1222.45
 11
457.05
 20
0.0
 21
0.0
 30
0.0
 31
0.0
  0
ARC
  8
BRACHETTONE_BATTENTE
 10
457.05
 20
15.75
 30
0.0
 40
15.75
 50
180.0
 51
270.0
210
0.0
220
0.0
230
1.0
  0
LINE
  8
BRACHETTONE_BATTENTE
 10
441.3
 11
441.3
 20
15.75
 21
207.55
 30
0.0
 31
0.0
  0
ARC
  8
BRACHETTONE_BATTENTE
 10
457.05
 20
207.55
 30
0.0
 40
15.75
 50
90.0
 51
180.0
210
0.0
220
0.0
230
1.0
  0
LINE
  8
BRACHETTONE_BATTENTE
 10
457.05
 11
1987.85
 20
223.3
 21
223.3
 30
0.0
 31
0.0
  0
ARC
  8
BRACHETTONE_BATTENTE
 10
1987.85
 20
207.55
 30
0.0
 40
15.75
 50
360.0
 51
90.0
210
0.0
220
0.0
230
1.0
  0
LINE
  8
BRACHETTONE_BATTENTE
 10
2003.6
 11
2003.6
 20
207.55
 21
15.75
 30
0.0
 31
0.0
  0
ARC
  8
BRACHETTONE_BATTENTE
 10
1987.85
 20
15.75
 30
0.0
 40
15.75
 50
270.0
 51
360.0
210
0.0
220
0.0
230
1.0
  0
LINE
  8
BRACHETTONE_BATTENTE
 10
1987.85
 11
1222.45
 20
0.0
 21
0.0
 30
0.0
 31
0.0
  0
LINE
  8
COSTRUZIONI
 10
411.3
 11
441.3
 20
111.65
 21
111.65
 30
0.0
 31
0.0
  0
LINE
  8
QUOTATURA
 10
411.3
 11
411.3
 20
5.75
 21
-93.032
  0
LINE
  8
QUOTATURA
 10
0.0
 11
168.296
 20
-83.032
 21
-83.032
  0
LINE
  8
QUOTATURA
 10
243.004
 11
411.3
 20
-83.032
 21
-83.032
  0
LINE
  8
QUOTATURA
 10
20.0
 11
0.0
 20
-86.366
 21
-83.032
  0
LINE
  8
QUOTATURA
 10
0.0
 11
20.0
 20
-83.032
 21
-79.698
  0
LINE
  8
QUOTATURA
 10
20.0
 11
20.0
 20
-79.698
 21
-86.366
  0
LINE
  8
QUOTATURA
 10
391.3
 11
411.3
 20
-79.698
 21
-83.032
  0
LINE
  8
QUOTATURA
 10
411.3
 11
391.3
 20
-83.032
 21
-86.366
  0
LINE
  8
QUOTATURA
 10
391.3
 11
391.3
 20
-86.366
 21
-79.698
  0
LINE
  8
QUOTATURA
 10
0.0
 11
291.186
 20
-123.559
 21
-123.559
  0
LINE
  8
QUOTATURA
 10
375.698
 11
441.3
 20
-123.559
 21
-123.559
  0
LINE
  8
QUOTATURA
 10
20.0
 11
0.0
 20
-126.893
 21
-123.559
  0
LINE
  8
QUOTATURA
 10
0.0
 11
20.0
 20
-123.559
 21
-120.225
  0
LINE
  8
QUOTATURA
 10
20.0
 11
20.0
 20
-120.225
 21
-126.893
  0
LINE
  8
QUOTATURA
 10
421.3
 11
441.3
 20
-120.225
 21
-123.559
  0
LINE
  8
QUOTATURA
 10
441.3
 11
421.3
 20
-123.559
 21
-126.893
  0
LINE
  8
QUOTATURA
 10
421.3
 11
421.3
 20
-126.893
 21
-120.225
  0
LINE
  8
QUOTATURA
 10
441.3
 11
441.3
 20
5.75
 21
-133.803
  0
LINE
  8
QUOTATURA
 10
2003.6
 11
2003.6
 20
-10.0
 21
-133.803
  0
LINE
  8
QUOTATURA
 10
441.3
 11
1173.61
 20
-123.803
 21
-123.803
  0
LINE
  8
QUOTATURA
 10
1271.29
 11
2003.6
 20
-123.803
 21
-123.803
  0
LINE
  8
QUOTATURA
 10
461.3
 11
441.3
 20
-127.137
 21
-123.803
  0
LINE
  8
QUOTATURA
 10
441.3
 11
461.3
 20
-123.803
 21
-120.469
  0
LINE
  8
QUOTATURA
 10
461.3
 11
461.3
 20
-120.469
 21
-127.137
  0
LINE
  8
QUOTATURA
 10
1983.6
 11
2003.6
 20
-120.469
 21
-123.803
  0
LINE
  8
QUOTATURA
 10
2003.6
 11
1983.6
 20
-123.803
 21
-127.137
  0
LINE
  8
QUOTATURA
 10
1983.6
 11
1983.6
 20
-127.137
 21
-120.469
  0
LINE
  8
QUOTATURA
 10
0.0
 11
0.0
 20
-10.0
 21
-182.555
  0
LINE
  8
QUOTATURA
 10
2003.6
 11
2003.6
 20
-10.0
 21
-182.555
  0
LINE
  8
QUOTATURA
 10
0.0
 11
948.125
 20
-172.555
 21
-172.555
  0
LINE
  8
QUOTATURA
 10
1055.475
 11
2003.6
 20
-172.555
 21
-172.555
  0
LINE
  8
QUOTATURA
 10
20.0
 11
0.0
 20
-175.889
 21
-172.555
  0
LINE
  8
QUOTATURA
 10
0.0
 11
20.0
 20
-172.555
 21
-169.221
  0
LINE
  8
QUOTATURA
 10
20.0
 11
20.0
 20
-169.221
 21
-175.889
  0
LINE
  8
QUOTATURA
 10
1983.6
 11
2003.6
 20
-169.221
 21
-172.555
  0
LINE
  8
QUOTATURA
 10
2003.6
 11
1983.6
 20
-172.555
 21
-175.889
  0
LINE
  8
QUOTATURA
 10
1983.6
 11
1983.6
 20
-175.889
 21
-169.221
  0
LINE
  8
QUOTATURA
 10
-10.0
 11
-110.896
 20
0.0
 21
0.0
  0
LINE
  8
QUOTATURA
 10
-10.0
 11
-110.896
 20
223.3
 21
223.3
  0
LINE
  8
QUOTATURA
 10
-100.896
 11
-100.896
 20
0.0
 21
96.65
  0
LINE
  8
QUOTATURA
 10
-100.896
 11
-100.896
 20
126.713
 21
223.3
  0
LINE
  8
QUOTATURA
 10
-97.562
 11
-100.896
 20
20.0
 21
0.0
  0
LINE
  8
QUOTATURA
 10
-100.896
 11
-104.23
 20
0.0
 21
20.0
  0
LINE
  8
QUOTATURA
 10
-104.23
 11
-97.562
 20
20.0
 21
20.0
  0
LINE
  8
QUOTATURA
 10
-104.23
 11
-100.896
 20
203.3
 21
223.3
  0
LINE
  8
QUOTATURA
 10
-100.896
 11
-97.562
 20
223.3
 21
203.3
  0
LINE
  8
QUOTATURA
 10
-97.562
 11
-104.23
 20
203.3
 21
203.3
  0
TEXT
  8
QUOTATURA
 10
6782.53
 20
1190.0
 30
0.0
 40
20.0
 50
0.0
  1
MURO=2400
  0
TEXT
  8
QUOTATURA
 10
6648.784
 20
1451.5
 30
0.0
 40
20.0
 50
0.0
  1
EST.TEL.=2390
  0
TEXT
  8
QUOTATURA
 10
5094.783
 20
-206.074
 30
0.0
 40
20.0
 50
0.0
  1
LN=2292
  0
TEXT
  8
QUOTATURA
 10
5069.769
 20
-286.576
 30
0.0
 40
20.0
 50
0.0
  1
MURO=2400
  0
TEXT
  8
QUOTATURA
 10
5050.247
 20
-245.244
 30
0.0
 40
20.0
 50
0.0
  1
EST.TEL.=2380
  0
TEXT
  8
QUOTATURA
 10
4179.98
 20
-90.882
 30
0.0
 40
20.0
 50
0.0
  1
414
  0
TEXT
  8
QUOTATURA
 10
4753.091
 20
-90.882
 30
0.0
 40
20.0
 50
0.0
  1
750
  0
TEXT
  8
QUOTATURA
 10
3874.657
 20
-81.059
 30
0.0
 40
20.0
 50
0.0
  1
150
  0
TEXT
  8
QUOTATURA
 10
3732.775
 20
114.0
 30
0.0
 40
20.0
 50
0.0
  1
248
  0
TEXT
  8
TEXT
 10
6502.422
 20
584.769
 30
0.0
 40
30.0
 50
0.0
  1
SEZ.A
  0
TEXT
  8
TEXT
 10
5101.099
 20
-503.906
 30
0.0
 40
30.0
 50
0.0
  1
SEZ.A
  0
TEXT
  8
TEXT
 10
6041.93
 20
-1017.605
 30
0.0
 40
20.0
 50
0.0
  1
B.Stefano
  0
TEXT
  8
TEXT
 10
4604.732
 20
-894.839
 30
0.0
 40
15.0
 50
0.0
  1
file:
  0
TEXT
  8
TEXT
 10
5941.95
 20
-895.148
 30
0.0
 40
15.0
 50
0.0
  1
data:
  0
TEXT
  8
TEXT
 10
6055.487
 20
-914.949
 30
0.0
 40
20.0
 50
0.0
  1
27-03-13
  0
TEXT
  8
TEXT
 10
6056.506
 20
-1071.423
 30
0.0
 40
20.0
 50
0.0
  1
1 : 10
  0
TEXT
  8
TEXT
 10
5940.086
 20
-992.763
 30
0.0
 40
15.0
 50
0.0
  1
responsabile tecnico:
  0
TEXT
  8
TEXT
 10
5942.141
 20
-1045.147
 30
0.0
 40
15.0
 50
0.0
  1
scala:
  0
TEXT
  8
TEXT
 10
4142.694
 20
-895.436
 30
0.0
 40
15.0
 50
0.0
  1
Ufficio tecnico:
  0
TEXT
  8
TEXT
 10
4141.695
 20
-968.157
 30
0.0
 40
20.0
 50
0.0
  1
tel. 0577-68.54.26
  0
TEXT
  8
TEXT
 10
4141.695
 20
-998.157
 30
0.0
 40
20.0
 50
0.0
  1
fax 0577-68.64.29
  0
TEXT
  8
TEXT
 10
4141.695
 20
-1028.157
 30
0.0
 40
20.0
 50
0.0
  1
e-mail: tecnico@toscocornici.it
  0
TEXT
  8
TEXT
 10
4141.695
 20
-1058.157
 30
0.0
 40
20.0
 50
0.0
  1
web: www.tosococornici.it
  0
TEXT
  8
TEXT
 10
4651.577
 20
-915.422
 30
0.0
 40
20.0
 50
0.0
  1
PORTA_MOBILNOVA
  0
TEXT
  8
TEXT
 10
4604.732
 20
-944.839
 30
0.0
 40
15.0
 50
0.0
  1
pezzo:
  0
TEXT
  8
TEXT
 10
4651.577
 20
-965.422
 30
0.0
 40
20.0
 50
0.0
  1
PEZZO
  0
TEXT
  8
TEXT
 10
4604.732
 20
-994.839
 30
0.0
 40
15.0
 50
0.0
  1
note:
  0
TEXT
  8
TEXT
 10
4651.577
 20
-1015.422
 30
0.0
 40
20.0
 50
0.0
  1
NOTE
  0
TEXT
  8
TEXT
 10
5138.881
 20
-944.839
 30
0.0
 40
15.0
 50
0.0
  1
lotto:
  0
TEXT
  8
TEXT
 10
5186.93
 20
-965.422
 30
0.0
 40
20.0
 50
0.0
  1
________
  0
TEXT
  8
TEXT
 10
5638.881
 20
-944.839
 30
0.0
 40
15.0
 50
0.0
  1
ordine:
  0
TEXT
  8
TEXT
 10
5692.97
 20
-965.422
 30
0.0
 40
20.0
 50
0.0
  1
______
  0
TEXT
  8
TEXT
 10
5939.988
 20
-944.839
 30
0.0
 40
15.0
 50
0.0
  1
pos:
  0
TEXT
  8
TEXT
 10
5984.403
 20
-965.422
 30
0.0
 40
20.0
 50
0.0
  1
_______
  0
TEXT
  8
QUOTATURA
 10
3570.395
 20
-583.402
 30
0.0
 40
50.0
 50
0.0
  1
50
  0
TEXT
  8
TEXT
 10
3914.401
 20
-591.271
 30
0.0
 40
200.0
 50
0.0
  1
D1
  0
TEXT
  8
QUOTATURA
 10
6516.333
 20
1650.909
 30
0.0
 40
30.0
 50
0.0
  1
HANTA=2349
  0
TEXT
  8
QUOTATURA
 10
6668.164
 20
403.871
 30
0.0
 40
30.0
 50
0.0
  1
660
  0
TEXT
  8
QUOTATURA
 10
172.698
 20
-93.032
 30
0.0
 40
20.0
 50
0.0
  1
411.3
  0
TEXT
  8
QUOTATURA
 10
295.588
 20
-133.559
 30
0.0
 40
20.0
 50
0.0
  1
441.3
  0
TEXT
  8
QUOTATURA
 10
1178.61
 20
-133.803
 30
0.0
 40
20.0
 50
0.0
  1
1562.3
  0
TEXT
  8
QUOTATURA
 10
953.125
 20
-182.555
 30
0.0
 40
20.0
 50
0.0
  1
2003.6
  0
TEXT
  8
QUOTATURA
 10
-138.876
 20
101.65
 30
0.0
 40
20.0
 50
0.0
  1
223.3
  0
TEXT
  8
TEXT
 10
262.885
 20
-245.677
 30
0.0
 40
30.0
 50
0.0
  1
spessore finito da pann.22= 20.5+1
  0
TEXT
  8
TEXT
 10
262.885
 20
-290.677
 30
0.0
 40
30.0
 50
0.0
  1
spessore finito da pann.25= 23.5+1
  0
TEXT
  8
TEXT
 10
262.885
 20
-335.677
 30
0.0
 40
30.0
 50
0.0
  1
larghezza= 25.65tot./16
  0
TEXT
  8
TEXT
 10
328.743
 20
410.209
 30
0.0
 40
30.0
 50
0.0
  1
ESEGUIRE N. 4 PEZZI
  0
TEXT
  8
TEXT
 10
328.743
 20
365.209
 30
0.0
 40
30.0
 50
0.0
  1

  0
ENDSEC
  0
EOF
