  0
SECTION
  2
ENTITIES
  0
LINE
  8
COSTRUZIONI
 10
26.5
 11
0.0
 20
2113.5
 21
2140.0
  0
LINE
  8
COSTRUZIONI
 10
853.5
 11
880.0
 20
2113.5
 21
2140.0
  0
LINE
  8
APS_GEOMETRY
 10
26.5
 11
853.5
 20
4.5
 21
4.5
  0
LINE
  8
APS_GEOMETRY
 10
853.5
 11
853.5
 20
4.5
 21
2113.5
  0
LINE
  8
APS_GEOMETRY
 10
853.5
 11
26.5
 20
2113.5
 21
2113.5
  0
LINE
  8
APS_GEOMETRY
 10
26.5
 11
26.5
 20
2113.5
 21
4.5
  0
LINE
  8
APS_GEOMETRY
 10
869.5
 11
869.5
 20
106.012
 21
2129.5
  0
LINE
  8
APS_GEOMETRY
 10
869.5
 11
10.5
 20
2129.5
 21
2129.5
  0
LINE
  8
APS_GEOMETRY
 10
10.5
 11
10.5
 20
2129.5
 21
106.012
  0
LINE
  8
APS_GEOMETRY
 10
10.5
 11
-79.5
 20
2129.5
 21
2219.5
  0
LINE
  8
APS_GEOMETRY
 10
869.5
 11
959.5
 20
2129.5
 21
2219.5
  0
LINE
  8
APS_GEOMETRY
 10
959.5
 11
959.5
 20
113.0
 21
2219.5
  0
LINE
  8
APS_GEOMETRY
 10
959.5
 11
-79.5
 20
2219.5
 21
2219.5
  0
LINE
  8
APS_GEOMETRY
 10
-79.5
 11
-79.5
 20
2219.5
 21
113.0
  0
LINE
  8
APS_GEOMETRY
 10
124.5
 11
124.5
 20
2113.5
 21
4.5
  0
LINE
  8
APS_GEOMETRY
 10
755.5
 11
755.5
 20
4.5
 21
1034.5
  0
LINE
  8
APS_GEOMETRY
 10
755.5
 11
755.5
 20
1054.5
 21
2113.5
  0
LINE
  8
QUOTATURA
 10
43.0
 11
43.0
 20
-201.033
 21
-200.367
  0
LINE
  8
COSTRUZIONI
 10
25.8
 11
33.5
 20
-196.2
 21
-196.2
  0
ARC
  8
COSTRUZIONI
 10
38.5
 20
-208.2
 40
13.0
 50
67.38
 51
112.62
  0
LINE
  8
COSTRUZIONI
 10
43.5
 11
43.5
 20
-196.2
 21
-199.7
  0
LINE
  8
COSTRUZIONI
 10
43.5
 11
25.8
 20
-199.7
 21
-199.7
  0
LINE
  8
COSTRUZIONI
 10
25.8
 11
25.8
 20
-199.7
 21
-196.2
  0
LINE
  8
COSTRUZIONI
 10
25.977
 11
25.8
 20
-199.7
 21
-199.523
  0
LINE
  8
COSTRUZIONI
 10
25.8
 11
26.507
 20
-198.993
 21
-199.7
  0
LINE
  8
COSTRUZIONI
 10
26.684
 11
25.8
 20
-199.7
 21
-198.816
  0
LINE
  8
COSTRUZIONI
 10
25.8
 11
27.214
 20
-198.286
 21
-199.7
  0
LINE
  8
COSTRUZIONI
 10
27.391
 11
25.8
 20
-199.7
 21
-198.109
  0
LINE
  8
COSTRUZIONI
 10
25.8
 11
27.921
 20
-197.579
 21
-199.7
  0
LINE
  8
COSTRUZIONI
 10
28.098
 11
25.8
 20
-199.7
 21
-197.402
  0
LINE
  8
COSTRUZIONI
 10
25.8
 11
28.628
 20
-196.872
 21
-199.7
  0
LINE
  8
COSTRUZIONI
 10
28.805
 11
25.8
 20
-199.7
 21
-196.695
  0
LINE
  8
COSTRUZIONI
 10
25.836
 11
29.336
 20
-196.2
 21
-199.7
  0
LINE
  8
COSTRUZIONI
 10
29.512
 11
26.012
 20
-199.7
 21
-196.2
  0
LINE
  8
COSTRUZIONI
 10
26.543
 11
30.043
 20
-196.2
 21
-199.7
  0
LINE
  8
COSTRUZIONI
 10
30.219
 11
26.719
 20
-199.7
 21
-196.2
  0
LINE
  8
COSTRUZIONI
 10
27.25
 11
30.75
 20
-196.2
 21
-199.7
  0
LINE
  8
COSTRUZIONI
 10
30.927
 11
27.427
 20
-199.7
 21
-196.2
  0
LINE
  8
COSTRUZIONI
 10
27.957
 11
31.457
 20
-196.2
 21
-199.7
  0
LINE
  8
COSTRUZIONI
 10
31.634
 11
28.134
 20
-199.7
 21
-196.2
  0
LINE
  8
COSTRUZIONI
 10
28.664
 11
32.164
 20
-196.2
 21
-199.7
  0
LINE
  8
COSTRUZIONI
 10
32.341
 11
28.841
 20
-199.7
 21
-196.2
  0
LINE
  8
COSTRUZIONI
 10
29.371
 11
32.871
 20
-196.2
 21
-199.7
  0
LINE
  8
COSTRUZIONI
 10
33.048
 11
29.548
 20
-199.7
 21
-196.2
  0
LINE
  8
COSTRUZIONI
 10
30.078
 11
33.578
 20
-196.2
 21
-199.7
  0
LINE
  8
COSTRUZIONI
 10
33.755
 11
30.255
 20
-199.7
 21
-196.2
  0
LINE
  8
COSTRUZIONI
 10
30.785
 11
34.285
 20
-196.2
 21
-199.7
  0
LINE
  8
COSTRUZIONI
 10
34.462
 11
30.962
 20
-199.7
 21
-196.2
  0
LINE
  8
COSTRUZIONI
 10
31.492
 11
34.992
 20
-196.2
 21
-199.7
  0
LINE
  8
COSTRUZIONI
 10
35.169
 11
31.669
 20
-199.7
 21
-196.2
  0
LINE
  8
COSTRUZIONI
 10
32.199
 11
35.699
 20
-196.2
 21
-199.7
  0
LINE
  8
COSTRUZIONI
 10
35.876
 11
32.376
 20
-199.7
 21
-196.2
  0
LINE
  8
COSTRUZIONI
 10
32.907
 11
36.407
 20
-196.2
 21
-199.7
  0
LINE
  8
COSTRUZIONI
 10
36.583
 11
33.083
 20
-199.7
 21
-196.2
  0
LINE
  8
COSTRUZIONI
 10
33.58
 11
37.114
 20
-196.167
 21
-199.7
  0
LINE
  8
COSTRUZIONI
 10
37.29
 11
33.707
 20
-199.7
 21
-196.116
  0
LINE
  8
COSTRUZIONI
 10
34.091
 11
37.821
 20
-195.97
 21
-199.7
  0
LINE
  8
COSTRUZIONI
 10
37.998
 11
34.222
 20
-199.7
 21
-195.924
  0
LINE
  8
COSTRUZIONI
 10
34.62
 11
38.528
 20
-195.792
 21
-199.7
  0
LINE
  8
COSTRUZIONI
 10
38.705
 11
34.756
 20
-199.7
 21
-195.751
  0
LINE
  8
COSTRUZIONI
 10
35.169
 11
39.235
 20
-195.634
 21
-199.7
  0
LINE
  8
COSTRUZIONI
 10
39.412
 11
35.309
 20
-199.7
 21
-195.598
  0
LINE
  8
COSTRUZIONI
 10
35.739
 11
39.942
 20
-195.497
 21
-199.7
  0
LINE
  8
COSTRUZIONI
 10
40.119
 11
35.885
 20
-199.7
 21
-195.466
  0
LINE
  8
COSTRUZIONI
 10
36.331
 11
40.649
 20
-195.382
 21
-199.7
  0
LINE
  8
COSTRUZIONI
 10
40.826
 11
36.483
 20
-199.7
 21
-195.357
  0
LINE
  8
COSTRUZIONI
 10
36.949
 11
41.356
 20
-195.293
 21
-199.7
  0
LINE
  8
COSTRUZIONI
 10
41.533
 11
37.108
 20
-199.7
 21
-195.275
  0
LINE
  8
COSTRUZIONI
 10
37.595
 11
42.063
 20
-195.232
 21
-199.7
  0
LINE
  8
COSTRUZIONI
 10
42.24
 11
37.761
 20
-199.7
 21
-195.221
  0
LINE
  8
COSTRUZIONI
 10
38.273
 11
42.771
 20
-195.202
 21
-199.7
  0
LINE
  8
COSTRUZIONI
 10
42.947
 11
38.447
 20
-199.7
 21
-195.2
  0
LINE
  8
COSTRUZIONI
 10
38.987
 11
43.478
 20
-195.209
 21
-199.7
  0
LINE
  8
COSTRUZIONI
 10
43.5
 11
39.172
 20
-199.546
 21
-195.217
  0
LINE
  8
COSTRUZIONI
 10
39.744
 11
43.5
 20
-195.26
 21
-199.015
  0
LINE
  8
COSTRUZIONI
 10
43.5
 11
39.942
 20
-198.839
 21
-195.28
  0
LINE
  8
COSTRUZIONI
 10
40.555
 11
43.5
 20
-195.364
 21
-198.308
  0
LINE
  8
COSTRUZIONI
 10
43.5
 11
40.768
 20
-198.131
 21
-195.399
  0
LINE
  8
COSTRUZIONI
 10
41.435
 11
43.5
 20
-195.536
 21
-197.601
  0
LINE
  8
COSTRUZIONI
 10
43.5
 11
41.668
 20
-197.424
 21
-195.592
  0
LINE
  8
COSTRUZIONI
 10
42.407
 11
43.5
 20
-195.801
 21
-196.894
  0
LINE
  8
COSTRUZIONI
 10
43.5
 11
42.67
 20
-196.717
 21
-195.887
  0
ARC
  8
APS_GEOMETRY
 10
43.0
 20
-200.7
 40
1.0
 50
360.0
 51
90.0
  0
LINE
  8
APS_GEOMETRY
 10
0.0
 11
0.0
 20
-213.496
 21
-284.5
  0
LINE
  8
APS_GEOMETRY
 10
0.0
 11
6.7
 20
-284.5
 21
-284.5
  0
LINE
  8
APS_GEOMETRY
 10
6.7
 11
6.7
 20
-284.5
 21
-270.5
  0
LINE
  8
APS_GEOMETRY
 10
6.7
 11
11.0
 20
-270.5
 21
-270.5
  0
LINE
  8
APS_GEOMETRY
 10
11.0
 11
11.0
 20
-270.5
 21
-284.5
  0
LINE
  8
APS_GEOMETRY
 10
11.0
 11
34.0
 20
-284.5
 21
-284.5
  0
ARC
  8
APS_GEOMETRY
 10
34.0
 20
-274.5
 40
10.0
 50
270.0
 51
0.0
  0
LINE
  8
APS_GEOMETRY
 10
44.0
 11
44.0
 20
-274.5
 21
-200.7
  0
LINE
  8
APS_GEOMETRY
 10
33.5
 11
33.5
 20
-196.2
 21
-169.5
  0
ARC
  8
APS_GEOMETRY
 10
30.5
 20
-169.5
 40
3.0
 50
0.0
 51
90.0
  0
LINE
  8
APS_GEOMETRY
 10
30.5
 11
8.5
 20
-166.5
 21
-166.5
  0
LINE
  8
APS_GEOMETRY
 10
8.5
 11
8.5
 20
-166.5
 21
-180.5
  0
LINE
  8
APS_GEOMETRY
 10
8.5
 11
4.2
 20
-180.5
 21
-180.5
  0
LINE
  8
APS_GEOMETRY
 10
4.2
 11
4.2
 20
-180.5
 21
-166.5
  0
LINE
  8
APS_GEOMETRY
 10
4.2
 11
0.0
 20
-166.5
 21
-166.5
  0
LINE
  8
APS_GEOMETRY
 10
0.0
 11
0.0
 20
-166.5
 21
-284.5
  0
LINE
  8
APS_GEOMETRY
 10
-70.5
 11
-70.5
 20
-163.5
 21
-166.5
  0
LINE
  8
APS_GEOMETRY
 10
-70.5
 11
-81.5
 20
-166.5
 21
-166.5
  0
LINE
  8
APS_GEOMETRY
 10
-81.5
 11
-81.5
 20
-166.5
 21
-151.5
  0
ARC
  8
APS_GEOMETRY
 10
-76.0
 20
-151.5
 40
5.5
 50
3.945
 51
180.0
  0
ARC
  8
APS_GEOMETRY
 10
-70.014
 20
-151.087
 40
0.5
 50
183.945
 51
258.69
  0
LINE
  8
APS_GEOMETRY
 10
-70.112
 11
-68.299
 20
-151.578
 21
-151.94
  0
ARC
  8
APS_GEOMETRY
 10
-68.397
 20
-152.431
 40
0.5
 50
12.647
 51
78.69
  0
ARC
  8
APS_GEOMETRY
 10
-64.25
 20
-151.5
 40
3.75
 50
192.647
 51
352.846
  0
ARC
  8
APS_GEOMETRY
 10
-60.033
 20
-152.029
 40
0.5
 50
86.522
 51
172.846
  0
LINE
  8
APS_GEOMETRY
 10
-60.003
 11
-0.262
 20
-151.53
 21
-155.161
  0
ARC
  8
APS_GEOMETRY
 10
-0.292
 20
-155.66
 40
0.5
 50
20.0
 51
86.522
  0
LINE
  8
APS_GEOMETRY
 10
0.178
 11
0.426
 20
-155.489
 21
-156.171
  0
ARC
  8
APS_GEOMETRY
 10
0.896
 20
-156.0
 40
0.5
 50
200.0
 51
270.0
  0
LINE
  8
APS_GEOMETRY
 10
0.896
 11
1.5
 20
-156.5
 21
-156.5
  0
ARC
  8
APS_GEOMETRY
 10
1.5
 20
-163.5
 40
7.0
 50
0.0
 51
90.0
  0
LINE
  8
APS_GEOMETRY
 10
8.5
 11
8.5
 20
-163.5
 21
-178.5
  0
LINE
  8
APS_GEOMETRY
 10
8.5
 11
5.474
 20
-178.5
 21
-177.974
  0
LINE
  8
APS_GEOMETRY
 10
5.474
 11
4.5
 20
-177.974
 21
-177.0
  0
LINE
  8
APS_GEOMETRY
 10
4.5
 11
4.5
 20
-177.0
 21
-166.5
  0
LINE
  8
APS_GEOMETRY
 10
4.5
 11
0.0
 20
-166.5
 21
-166.5
  0
LINE
  8
APS_GEOMETRY
 10
0.0
 11
0.0
 20
-166.5
 21
-163.5
  0
LINE
  8
APS_GEOMETRY
 10
0.0
 11
-70.5
 20
-163.5
 21
-163.5
  0
ARC
  8
APS_GEOMETRY
 10
124.917
 20
-167.758
 40
11.091
 50
30.225
 51
92.153
  0
ARC
  8
APS_GEOMETRY
 10
142.667
 20
-158.008
 40
9.168
 50
207.031
 51
251.855
  0
ARC
  8
APS_GEOMETRY
 10
139.5
 20
-167.671
 40
1.0
 50
360.0
 51
71.855
  0
LINE
  8
APS_GEOMETRY
 10
140.5
 11
140.5
 20
-167.671
 21
-171.5
  0
ARC
  8
APS_GEOMETRY
 10
139.5
 20
-171.5
 40
1.0
 50
270.0
 51
360.0
  0
LINE
  8
APS_GEOMETRY
 10
139.5
 11
124.5
 20
-172.5
 21
-172.5
  0
LINE
  8
APS_GEOMETRY
 10
39.5
 11
121.5
 20
-196.5
 21
-196.5
  0
LINE
  8
APS_GEOMETRY
 10
121.5
 11
124.5
 20
-196.5
 21
-193.5
  0
LINE
  8
APS_GEOMETRY
 10
124.5
 11
124.5
 20
-193.5
 21
-191.324
  0
ARC
  8
APS_GEOMETRY
 10
124.947
 20
-178.095
 40
13.236
 50
268.063
 51
293.672
  0
ARC
  8
APS_GEOMETRY
 10
126.165
 20
-180.68
 40
10.38
 50
293.243
 51
323.413
  0
ARC
  8
APS_GEOMETRY
 10
141.879
 20
-191.836
 40
8.896
 50
103.437
 51
146.043
  0
ARC
  8
APS_GEOMETRY
 10
139.542
 20
-182.143
 40
1.075
 50
284.545
 51
305.813
  0
ARC
  8
APS_GEOMETRY
 10
139.679
 20
-182.331
 40
0.842
 50
305.67
 51
330.722
  0
ARC
  8
APS_GEOMETRY
 10
139.818
 20
-182.411
 40
0.682
 50
330.899
 51
359.762
  0
LINE
  8
APS_GEOMETRY
 10
140.5
 11
140.5
 20
-182.414
 21
-179.311
  0
ARC
  8
APS_GEOMETRY
 10
139.821
 20
-179.313
 40
0.679
 50
0.198
 51
27.386
  0
ARC
  8
APS_GEOMETRY
 10
139.695
 20
-179.381
 40
0.823
 50
27.555
 51
51.463
  0
ARC
  8
APS_GEOMETRY
 10
139.557
 20
-179.551
 40
1.041
 50
51.362
 51
71.773
  0
ARC
  8
APS_GEOMETRY
 10
139.502
 20
-179.707
 40
1.206
 50
71.597
 51
90.091
  0
LINE
  8
APS_GEOMETRY
 10
139.5
 11
124.5
 20
-178.5
 21
-178.5
  0
LINE
  8
APS_GEOMETRY
 10
124.5
 11
124.5
 20
-178.5
 21
-154.5
  0
LINE
  8
APS_GEOMETRY
 10
124.5
 11
121.5
 20
-154.5
 21
-151.5
  0
LINE
  8
APS_GEOMETRY
 10
121.5
 11
31.5
 20
-151.5
 21
-151.5
  0
ARC
  8
APS_GEOMETRY
 10
31.5
 20
-156.5
 40
5.0
 50
90.0
 51
180.0
  0
LINE
  8
APS_GEOMETRY
 10
26.5
 11
26.5
 20
-156.5
 21
-164.5
  0
ARC
  8
APS_GEOMETRY
 10
28.5
 20
-164.5
 40
2.0
 50
180.0
 51
270.0
  0
LINE
  8
APS_GEOMETRY
 10
28.5
 11
36.5
 20
-166.5
 21
-166.5
  0
LINE
  8
APS_GEOMETRY
 10
36.5
 11
36.5
 20
-166.5
 21
-193.5
  0
ARC
  8
APS_GEOMETRY
 10
39.5
 20
-193.5
 40
3.0
 50
180.0
 51
270.0
  0
LINE
  8
APS_GEOMETRY
 10
0.066
 11
0.066
 20
115.0
 21
2139.934
  0
LINE
  8
APS_GEOMETRY
 10
0.546
 11
0.546
 20
115.0
 21
2139.454
  0
LINE
  8
APS_GEOMETRY
 10
-70.5
 11
-70.5
 20
315.903
 21
316.012
  0
LINE
  8
APS_GEOMETRY
 10
-70.5
 11
-70.5
 20
115.0
 21
2210.5
  0
LINE
  8
APS_GEOMETRY
 10
-67.966
 11
-67.966
 20
315.903
 21
316.012
  0
LINE
  8
APS_GEOMETRY
 10
-67.966
 11
-67.966
 20
115.0
 21
2207.966
  0
LINE
  8
APS_GEOMETRY
 10
-60.5
 11
-60.5
 20
315.903
 21
316.012
  0
LINE
  8
APS_GEOMETRY
 10
-60.5
 11
-60.5
 20
115.0
 21
2200.5
  0
LINE
  8
COSTRUZIONI
 10
-1.5
 11
-1.5
 20
-166.5
 21
-284.5
  0
LINE
  8
COSTRUZIONI
 10
-21.5
 11
-21.5
 20
-166.5
 21
-284.5
  0
LINE
  8
COSTRUZIONI
 10
-1.5
 11
-136.543
 20
-166.5
 21
-166.5
  0
LINE
  8
COSTRUZIONI
 10
-1.5
 11
-136.543
 20
-284.5
 21
-284.5
  0
LINE
  8
COSTRUZIONI
 10
-21.5
 11
-1.5
 20
-284.5
 21
-166.5
  0
LINE
  8
COSTRUZIONI
 10
-21.5
 11
-1.5
 20
-166.5
 21
-284.5
  0
LINE
  8
QUOTATURA
 10
837.0
 11
837.0
 20
-201.033
 21
-200.367
  0
LINE
  8
COSTRUZIONI
 10
854.2
 11
846.5
 20
-196.2
 21
-196.2
  0
ARC
  8
COSTRUZIONI
 10
841.5
 20
-208.2
 40
13.0
 50
67.38
 51
112.62
  0
LINE
  8
COSTRUZIONI
 10
836.5
 11
836.5
 20
-196.2
 21
-199.7
  0
LINE
  8
COSTRUZIONI
 10
836.5
 11
854.2
 20
-199.7
 21
-199.7
  0
LINE
  8
COSTRUZIONI
 10
854.2
 11
854.2
 20
-199.7
 21
-196.2
  0
LINE
  8
COSTRUZIONI
 10
854.023
 11
854.2
 20
-199.7
 21
-199.523
  0
LINE
  8
COSTRUZIONI
 10
854.2
 11
853.493
 20
-198.993
 21
-199.7
  0
LINE
  8
COSTRUZIONI
 10
853.316
 11
854.2
 20
-199.7
 21
-198.816
  0
LINE
  8
COSTRUZIONI
 10
854.2
 11
852.786
 20
-198.286
 21
-199.7
  0
LINE
  8
COSTRUZIONI
 10
852.609
 11
854.2
 20
-199.7
 21
-198.109
  0
LINE
  8
COSTRUZIONI
 10
854.2
 11
852.079
 20
-197.579
 21
-199.7
  0
LINE
  8
COSTRUZIONI
 10
851.902
 11
854.2
 20
-199.7
 21
-197.402
  0
LINE
  8
COSTRUZIONI
 10
854.2
 11
851.372
 20
-196.872
 21
-199.7
  0
LINE
  8
COSTRUZIONI
 10
851.195
 11
854.2
 20
-199.7
 21
-196.695
  0
LINE
  8
COSTRUZIONI
 10
854.164
 11
850.664
 20
-196.2
 21
-199.7
  0
LINE
  8
COSTRUZIONI
 10
850.488
 11
853.988
 20
-199.7
 21
-196.2
  0
LINE
  8
COSTRUZIONI
 10
853.457
 11
849.957
 20
-196.2
 21
-199.7
  0
LINE
  8
COSTRUZIONI
 10
849.781
 11
853.281
 20
-199.7
 21
-196.2
  0
LINE
  8
COSTRUZIONI
 10
852.75
 11
849.25
 20
-196.2
 21
-199.7
  0
LINE
  8
COSTRUZIONI
 10
849.073
 11
852.573
 20
-199.7
 21
-196.2
  0
LINE
  8
COSTRUZIONI
 10
852.043
 11
848.543
 20
-196.2
 21
-199.7
  0
LINE
  8
COSTRUZIONI
 10
848.366
 11
851.866
 20
-199.7
 21
-196.2
  0
LINE
  8
COSTRUZIONI
 10
851.336
 11
847.836
 20
-196.2
 21
-199.7
  0
LINE
  8
COSTRUZIONI
 10
847.659
 11
851.159
 20
-199.7
 21
-196.2
  0
LINE
  8
COSTRUZIONI
 10
850.629
 11
847.129
 20
-196.2
 21
-199.7
  0
LINE
  8
COSTRUZIONI
 10
846.952
 11
850.452
 20
-199.7
 21
-196.2
  0
LINE
  8
COSTRUZIONI
 10
849.922
 11
846.422
 20
-196.2
 21
-199.7
  0
LINE
  8
COSTRUZIONI
 10
846.245
 11
849.745
 20
-199.7
 21
-196.2
  0
LINE
  8
COSTRUZIONI
 10
849.215
 11
845.715
 20
-196.2
 21
-199.7
  0
LINE
  8
COSTRUZIONI
 10
845.538
 11
849.038
 20
-199.7
 21
-196.2
  0
LINE
  8
COSTRUZIONI
 10
848.508
 11
845.008
 20
-196.2
 21
-199.7
  0
LINE
  8
COSTRUZIONI
 10
844.831
 11
848.331
 20
-199.7
 21
-196.2
  0
LINE
  8
COSTRUZIONI
 10
847.801
 11
844.301
 20
-196.2
 21
-199.7
  0
LINE
  8
COSTRUZIONI
 10
844.124
 11
847.624
 20
-199.7
 21
-196.2
  0
LINE
  8
COSTRUZIONI
 10
847.093
 11
843.593
 20
-196.2
 21
-199.7
  0
LINE
  8
COSTRUZIONI
 10
843.417
 11
846.917
 20
-199.7
 21
-196.2
  0
LINE
  8
COSTRUZIONI
 10
846.42
 11
842.886
 20
-196.167
 21
-199.7
  0
LINE
  8
COSTRUZIONI
 10
842.71
 11
846.293
 20
-199.7
 21
-196.116
  0
LINE
  8
COSTRUZIONI
 10
845.909
 11
842.179
 20
-195.97
 21
-199.7
  0
LINE
  8
COSTRUZIONI
 10
842.002
 11
845.778
 20
-199.7
 21
-195.924
  0
LINE
  8
COSTRUZIONI
 10
845.38
 11
841.472
 20
-195.792
 21
-199.7
  0
LINE
  8
COSTRUZIONI
 10
841.295
 11
845.244
 20
-199.7
 21
-195.751
  0
LINE
  8
COSTRUZIONI
 10
844.831
 11
840.765
 20
-195.634
 21
-199.7
  0
LINE
  8
COSTRUZIONI
 10
840.588
 11
844.691
 20
-199.7
 21
-195.598
  0
LINE
  8
COSTRUZIONI
 10
844.261
 11
840.058
 20
-195.497
 21
-199.7
  0
LINE
  8
COSTRUZIONI
 10
839.881
 11
844.115
 20
-199.7
 21
-195.466
  0
LINE
  8
COSTRUZIONI
 10
843.669
 11
839.351
 20
-195.382
 21
-199.7
  0
LINE
  8
COSTRUZIONI
 10
839.174
 11
843.517
 20
-199.7
 21
-195.357
  0
LINE
  8
COSTRUZIONI
 10
843.051
 11
838.644
 20
-195.293
 21
-199.7
  0
LINE
  8
COSTRUZIONI
 10
838.467
 11
842.892
 20
-199.7
 21
-195.275
  0
LINE
  8
COSTRUZIONI
 10
842.405
 11
837.937
 20
-195.232
 21
-199.7
  0
LINE
  8
COSTRUZIONI
 10
837.76
 11
842.239
 20
-199.7
 21
-195.221
  0
LINE
  8
COSTRUZIONI
 10
841.727
 11
837.229
 20
-195.202
 21
-199.7
  0
LINE
  8
COSTRUZIONI
 10
837.053
 11
841.553
 20
-199.7
 21
-195.2
  0
LINE
  8
COSTRUZIONI
 10
841.013
 11
836.522
 20
-195.209
 21
-199.7
  0
LINE
  8
COSTRUZIONI
 10
836.5
 11
840.828
 20
-199.546
 21
-195.217
  0
LINE
  8
COSTRUZIONI
 10
840.256
 11
836.5
 20
-195.26
 21
-199.015
  0
LINE
  8
COSTRUZIONI
 10
836.5
 11
840.058
 20
-198.839
 21
-195.28
  0
LINE
  8
COSTRUZIONI
 10
839.445
 11
836.5
 20
-195.364
 21
-198.308
  0
LINE
  8
COSTRUZIONI
 10
836.5
 11
839.232
 20
-198.131
 21
-195.399
  0
LINE
  8
COSTRUZIONI
 10
838.565
 11
836.5
 20
-195.536
 21
-197.601
  0
LINE
  8
COSTRUZIONI
 10
836.5
 11
838.332
 20
-197.424
 21
-195.592
  0
LINE
  8
COSTRUZIONI
 10
837.593
 11
836.5
 20
-195.801
 21
-196.894
  0
LINE
  8
COSTRUZIONI
 10
836.5
 11
837.33
 20
-196.717
 21
-195.887
  0
ARC
  8
APS_GEOMETRY
 10
837.0
 20
-200.7
 40
1.0
 50
90.0
 51
180.0
  0
LINE
  8
APS_GEOMETRY
 10
880.0
 11
880.0
 20
-213.496
 21
-284.5
  0
LINE
  8
APS_GEOMETRY
 10
880.0
 11
873.3
 20
-284.5
 21
-284.5
  0
LINE
  8
APS_GEOMETRY
 10
873.3
 11
873.3
 20
-284.5
 21
-270.5
  0
LINE
  8
APS_GEOMETRY
 10
873.3
 11
869.0
 20
-270.5
 21
-270.5
  0
LINE
  8
APS_GEOMETRY
 10
869.0
 11
869.0
 20
-270.5
 21
-284.5
  0
LINE
  8
APS_GEOMETRY
 10
869.0
 11
846.0
 20
-284.5
 21
-284.5
  0
ARC
  8
APS_GEOMETRY
 10
846.0
 20
-274.5
 40
10.0
 50
180.0
 51
270.0
  0
LINE
  8
APS_GEOMETRY
 10
836.0
 11
836.0
 20
-274.5
 21
-200.7
  0
LINE
  8
APS_GEOMETRY
 10
846.5
 11
846.5
 20
-196.2
 21
-169.5
  0
ARC
  8
APS_GEOMETRY
 10
849.5
 20
-169.5
 40
3.0
 50
90.0
 51
180.0
  0
LINE
  8
APS_GEOMETRY
 10
849.5
 11
871.5
 20
-166.5
 21
-166.5
  0
LINE
  8
APS_GEOMETRY
 10
871.5
 11
871.5
 20
-166.5
 21
-180.5
  0
LINE
  8
APS_GEOMETRY
 10
871.5
 11
875.8
 20
-180.5
 21
-180.5
  0
LINE
  8
APS_GEOMETRY
 10
875.8
 11
875.8
 20
-180.5
 21
-166.5
  0
LINE
  8
APS_GEOMETRY
 10
875.8
 11
880.0
 20
-166.5
 21
-166.5
  0
LINE
  8
APS_GEOMETRY
 10
880.0
 11
880.0
 20
-166.5
 21
-284.5
  0
LINE
  8
APS_GEOMETRY
 10
950.5
 11
950.5
 20
-163.5
 21
-166.5
  0
LINE
  8
APS_GEOMETRY
 10
950.5
 11
961.5
 20
-166.5
 21
-166.5
  0
LINE
  8
APS_GEOMETRY
 10
961.5
 11
961.5
 20
-166.5
 21
-151.5
  0
ARC
  8
APS_GEOMETRY
 10
956.0
 20
-151.5
 40
5.5
 50
0.0
 51
176.055
  0
ARC
  8
APS_GEOMETRY
 10
950.014
 20
-151.087
 40
0.5
 50
281.31
 51
356.055
  0
LINE
  8
APS_GEOMETRY
 10
950.112
 11
948.299
 20
-151.578
 21
-151.94
  0
ARC
  8
APS_GEOMETRY
 10
948.397
 20
-152.431
 40
0.5
 50
101.31
 51
167.353
  0
ARC
  8
APS_GEOMETRY
 10
944.25
 20
-151.5
 40
3.75
 50
187.154
 51
347.353
  0
ARC
  8
APS_GEOMETRY
 10
940.033
 20
-152.029
 40
0.5
 50
7.154
 51
93.478
  0
LINE
  8
APS_GEOMETRY
 10
940.003
 11
880.262
 20
-151.53
 21
-155.161
  0
ARC
  8
APS_GEOMETRY
 10
880.292
 20
-155.66
 40
0.5
 50
93.478
 51
160.0
  0
LINE
  8
APS_GEOMETRY
 10
879.822
 11
879.574
 20
-155.489
 21
-156.171
  0
ARC
  8
APS_GEOMETRY
 10
879.104
 20
-156.0
 40
0.5
 50
270.0
 51
340.0
  0
LINE
  8
APS_GEOMETRY
 10
879.104
 11
878.5
 20
-156.5
 21
-156.5
  0
ARC
  8
APS_GEOMETRY
 10
878.5
 20
-163.5
 40
7.0
 50
90.0
 51
180.0
  0
LINE
  8
APS_GEOMETRY
 10
871.5
 11
871.5
 20
-163.5
 21
-178.5
  0
LINE
  8
APS_GEOMETRY
 10
871.5
 11
874.526
 20
-178.5
 21
-177.974
  0
LINE
  8
APS_GEOMETRY
 10
874.526
 11
875.5
 20
-177.974
 21
-177.0
  0
LINE
  8
APS_GEOMETRY
 10
875.5
 11
875.5
 20
-177.0
 21
-166.5
  0
LINE
  8
APS_GEOMETRY
 10
875.5
 11
880.0
 20
-166.5
 21
-166.5
  0
LINE
  8
APS_GEOMETRY
 10
880.0
 11
880.0
 20
-166.5
 21
-163.5
  0
LINE
  8
APS_GEOMETRY
 10
880.0
 11
950.5
 20
-163.5
 21
-163.5
  0
ARC
  8
APS_GEOMETRY
 10
755.083
 20
-167.758
 40
11.091
 50
87.847
 51
149.775
  0
ARC
  8
APS_GEOMETRY
 10
737.333
 20
-158.008
 40
9.168
 50
288.145
 51
332.969
  0
ARC
  8
APS_GEOMETRY
 10
740.5
 20
-167.671
 40
1.0
 50
108.145
 51
180.0
  0
LINE
  8
APS_GEOMETRY
 10
739.5
 11
739.5
 20
-167.671
 21
-171.5
  0
ARC
  8
APS_GEOMETRY
 10
740.5
 20
-171.5
 40
1.0
 50
180.0
 51
270.0
  0
LINE
  8
APS_GEOMETRY
 10
740.5
 11
755.5
 20
-172.5
 21
-172.5
  0
LINE
  8
APS_GEOMETRY
 10
840.5
 11
758.5
 20
-196.5
 21
-196.5
  0
LINE
  8
APS_GEOMETRY
 10
758.5
 11
755.5
 20
-196.5
 21
-193.5
  0
LINE
  8
APS_GEOMETRY
 10
755.5
 11
755.5
 20
-193.5
 21
-191.324
  0
ARC
  8
APS_GEOMETRY
 10
755.053
 20
-178.095
 40
13.236
 50
246.328
 51
271.937
  0
ARC
  8
APS_GEOMETRY
 10
753.835
 20
-180.68
 40
10.38
 50
216.587
 51
246.757
  0
ARC
  8
APS_GEOMETRY
 10
738.121
 20
-191.836
 40
8.896
 50
33.957
 51
76.563
  0
ARC
  8
APS_GEOMETRY
 10
740.458
 20
-182.143
 40
1.075
 50
234.187
 51
255.455
  0
ARC
  8
APS_GEOMETRY
 10
740.321
 20
-182.331
 40
0.842
 50
209.278
 51
234.33
  0
ARC
  8
APS_GEOMETRY
 10
740.182
 20
-182.411
 40
0.682
 50
180.238
 51
209.101
  0
LINE
  8
APS_GEOMETRY
 10
739.5
 11
739.5
 20
-182.414
 21
-179.311
  0
ARC
  8
APS_GEOMETRY
 10
740.179
 20
-179.313
 40
0.679
 50
152.614
 51
179.802
  0
ARC
  8
APS_GEOMETRY
 10
740.305
 20
-179.381
 40
0.823
 50
128.537
 51
152.445
  0
ARC
  8
APS_GEOMETRY
 10
740.443
 20
-179.551
 40
1.041
 50
108.227
 51
128.638
  0
ARC
  8
APS_GEOMETRY
 10
740.498
 20
-179.707
 40
1.206
 50
89.909
 51
108.403
  0
LINE
  8
APS_GEOMETRY
 10
740.5
 11
755.5
 20
-178.5
 21
-178.5
  0
LINE
  8
APS_GEOMETRY
 10
755.5
 11
755.5
 20
-178.5
 21
-154.5
  0
LINE
  8
APS_GEOMETRY
 10
755.5
 11
758.5
 20
-154.5
 21
-151.5
  0
LINE
  8
APS_GEOMETRY
 10
758.5
 11
848.5
 20
-151.5
 21
-151.5
  0
ARC
  8
APS_GEOMETRY
 10
848.5
 20
-156.5
 40
5.0
 50
360.0
 51
90.0
  0
LINE
  8
APS_GEOMETRY
 10
853.5
 11
853.5
 20
-156.5
 21
-164.5
  0
ARC
  8
APS_GEOMETRY
 10
851.5
 20
-164.5
 40
2.0
 50
270.0
 51
360.0
  0
LINE
  8
APS_GEOMETRY
 10
851.5
 11
843.5
 20
-166.5
 21
-166.5
  0
LINE
  8
APS_GEOMETRY
 10
843.5
 11
843.5
 20
-166.5
 21
-193.5
  0
ARC
  8
APS_GEOMETRY
 10
840.5
 20
-193.5
 40
3.0
 50
270.0
 51
360.0
  0
LINE
  8
COSTRUZIONI
 10
881.5
 11
881.5
 20
-166.5
 21
-284.5
  0
LINE
  8
COSTRUZIONI
 10
901.5
 11
901.5
 20
-166.5
 21
-284.5
  0
LINE
  8
COSTRUZIONI
 10
881.5
 11
1016.543
 20
-166.5
 21
-166.5
  0
LINE
  8
COSTRUZIONI
 10
881.5
 11
1016.543
 20
-284.5
 21
-284.5
  0
LINE
  8
COSTRUZIONI
 10
901.5
 11
881.5
 20
-284.5
 21
-166.5
  0
LINE
  8
COSTRUZIONI
 10
901.5
 11
881.5
 20
-166.5
 21
-284.5
  0
LINE
  8
APS_GEOMETRY
 10
879.934
 11
879.934
 20
115.0
 21
2139.934
  0
LINE
  8
APS_GEOMETRY
 10
879.454
 11
879.454
 20
115.0
 21
2139.454
  0
LINE
  8
APS_GEOMETRY
 10
950.5
 11
950.5
 20
115.0
 21
2210.5
  0
LINE
  8
APS_GEOMETRY
 10
947.966
 11
947.966
 20
115.0
 21
2207.966
  0
LINE
  8
APS_GEOMETRY
 10
940.5
 11
940.5
 20
115.0
 21
2200.5
  0
LINE
  8
QUOTATURA
 10
-295.033
 11
-294.367
 20
2097.0
 21
2097.0
  0
LINE
  8
COSTRUZIONI
 10
-290.2
 11
-290.2
 20
2114.2
 21
2106.5
  0
ARC
  8
COSTRUZIONI
 10
-302.2
 20
2101.5
 40
13.0
 50
337.38
 51
22.62
  0
LINE
  8
COSTRUZIONI
 10
-290.2
 11
-293.7
 20
2096.5
 21
2096.5
  0
LINE
  8
COSTRUZIONI
 10
-293.7
 11
-293.7
 20
2096.5
 21
2114.2
  0
LINE
  8
COSTRUZIONI
 10
-293.7
 11
-290.2
 20
2114.2
 21
2114.2
  0
LINE
  8
COSTRUZIONI
 10
-293.7
 11
-293.523
 20
2114.023
 21
2114.2
  0
LINE
  8
COSTRUZIONI
 10
-292.993
 11
-293.7
 20
2114.2
 21
2113.493
  0
LINE
  8
COSTRUZIONI
 10
-293.7
 11
-292.816
 20
2113.316
 21
2114.2
  0
LINE
  8
COSTRUZIONI
 10
-292.286
 11
-293.7
 20
2114.2
 21
2112.786
  0
LINE
  8
COSTRUZIONI
 10
-293.7
 11
-292.109
 20
2112.609
 21
2114.2
  0
LINE
  8
COSTRUZIONI
 10
-291.579
 11
-293.7
 20
2114.2
 21
2112.079
  0
LINE
  8
COSTRUZIONI
 10
-293.7
 11
-291.402
 20
2111.902
 21
2114.2
  0
LINE
  8
COSTRUZIONI
 10
-290.872
 11
-293.7
 20
2114.2
 21
2111.372
  0
LINE
  8
COSTRUZIONI
 10
-293.7
 11
-290.695
 20
2111.195
 21
2114.2
  0
LINE
  8
COSTRUZIONI
 10
-290.2
 11
-293.7
 20
2114.164
 21
2110.664
  0
LINE
  8
COSTRUZIONI
 10
-293.7
 11
-290.2
 20
2110.488
 21
2113.988
  0
LINE
  8
COSTRUZIONI
 10
-290.2
 11
-293.7
 20
2113.457
 21
2109.957
  0
LINE
  8
COSTRUZIONI
 10
-293.7
 11
-290.2
 20
2109.781
 21
2113.281
  0
LINE
  8
COSTRUZIONI
 10
-290.2
 11
-293.7
 20
2112.75
 21
2109.25
  0
LINE
  8
COSTRUZIONI
 10
-293.7
 11
-290.2
 20
2109.074
 21
2112.574
  0
LINE
  8
COSTRUZIONI
 10
-290.2
 11
-293.7
 20
2112.043
 21
2108.543
  0
LINE
  8
COSTRUZIONI
 10
-293.7
 11
-290.2
 20
2108.366
 21
2111.866
  0
LINE
  8
COSTRUZIONI
 10
-290.2
 11
-293.7
 20
2111.336
 21
2107.836
  0
LINE
  8
COSTRUZIONI
 10
-293.7
 11
-290.2
 20
2107.659
 21
2111.159
  0
LINE
  8
COSTRUZIONI
 10
-290.2
 11
-293.7
 20
2110.629
 21
2107.129
  0
LINE
  8
COSTRUZIONI
 10
-293.7
 11
-290.2
 20
2106.952
 21
2110.452
  0
LINE
  8
COSTRUZIONI
 10
-290.2
 11
-293.7
 20
2109.922
 21
2106.422
  0
LINE
  8
COSTRUZIONI
 10
-293.7
 11
-290.2
 20
2106.245
 21
2109.745
  0
LINE
  8
COSTRUZIONI
 10
-290.2
 11
-293.7
 20
2109.215
 21
2105.715
  0
LINE
  8
COSTRUZIONI
 10
-293.7
 11
-290.2
 20
2105.538
 21
2109.038
  0
LINE
  8
COSTRUZIONI
 10
-290.2
 11
-293.7
 20
2108.508
 21
2105.008
  0
LINE
  8
COSTRUZIONI
 10
-293.7
 11
-290.2
 20
2104.831
 21
2108.331
  0
LINE
  8
COSTRUZIONI
 10
-290.2
 11
-293.7
 20
2107.801
 21
2104.301
  0
LINE
  8
COSTRUZIONI
 10
-293.7
 11
-290.2
 20
2104.124
 21
2107.624
  0
LINE
  8
COSTRUZIONI
 10
-290.2
 11
-293.7
 20
2107.093
 21
2103.593
  0
LINE
  8
COSTRUZIONI
 10
-293.7
 11
-290.2
 20
2103.417
 21
2106.917
  0
LINE
  8
COSTRUZIONI
 10
-290.167
 11
-293.7
 20
2106.42
 21
2102.886
  0
LINE
  8
COSTRUZIONI
 10
-293.7
 11
-290.116
 20
2102.71
 21
2106.294
  0
LINE
  8
COSTRUZIONI
 10
-289.97
 11
-293.7
 20
2105.909
 21
2102.179
  0
LINE
  8
COSTRUZIONI
 10
-293.7
 11
-289.924
 20
2102.002
 21
2105.778
  0
LINE
  8
COSTRUZIONI
 10
-289.792
 11
-293.7
 20
2105.38
 21
2101.472
  0
LINE
  8
COSTRUZIONI
 10
-293.7
 11
-289.751
 20
2101.295
 21
2105.244
  0
LINE
  8
COSTRUZIONI
 10
-289.634
 11
-293.7
 20
2104.831
 21
2100.765
  0
LINE
  8
COSTRUZIONI
 10
-293.7
 11
-289.598
 20
2100.588
 21
2104.691
  0
LINE
  8
COSTRUZIONI
 10
-289.497
 11
-293.7
 20
2104.261
 21
2100.058
  0
LINE
  8
COSTRUZIONI
 10
-293.7
 11
-289.466
 20
2099.881
 21
2104.115
  0
LINE
  8
COSTRUZIONI
 10
-289.382
 11
-293.7
 20
2103.669
 21
2099.351
  0
LINE
  8
COSTRUZIONI
 10
-293.7
 11
-289.357
 20
2099.174
 21
2103.517
  0
LINE
  8
COSTRUZIONI
 10
-289.293
 11
-293.7
 20
2103.051
 21
2098.644
  0
LINE
  8
COSTRUZIONI
 10
-293.7
 11
-289.275
 20
2098.467
 21
2102.892
  0
LINE
  8
COSTRUZIONI
 10
-289.232
 11
-293.7
 20
2102.405
 21
2097.937
  0
LINE
  8
COSTRUZIONI
 10
-293.7
 11
-289.221
 20
2097.76
 21
2102.239
  0
LINE
  8
COSTRUZIONI
 10
-289.202
 11
-293.7
 20
2101.727
 21
2097.229
  0
LINE
  8
COSTRUZIONI
 10
-293.7
 11
-289.2
 20
2097.053
 21
2101.553
  0
LINE
  8
COSTRUZIONI
 10
-289.209
 11
-293.7
 20
2101.013
 21
2096.522
  0
LINE
  8
COSTRUZIONI
 10
-293.546
 11
-289.217
 20
2096.5
 21
2100.828
  0
LINE
  8
COSTRUZIONI
 10
-289.26
 11
-293.015
 20
2100.256
 21
2096.5
  0
LINE
  8
COSTRUZIONI
 10
-292.838
 11
-289.28
 20
2096.5
 21
2100.058
  0
LINE
  8
COSTRUZIONI
 10
-289.364
 11
-292.308
 20
2099.445
 21
2096.5
  0
LINE
  8
COSTRUZIONI
 10
-292.131
 11
-289.399
 20
2096.5
 21
2099.232
  0
LINE
  8
COSTRUZIONI
 10
-289.536
 11
-291.601
 20
2098.566
 21
2096.5
  0
LINE
  8
COSTRUZIONI
 10
-291.424
 11
-289.592
 20
2096.5
 21
2098.332
  0
LINE
  8
COSTRUZIONI
 10
-289.801
 11
-290.894
 20
2097.593
 21
2096.5
  0
LINE
  8
COSTRUZIONI
 10
-290.717
 11
-289.887
 20
2096.5
 21
2097.33
  0
ARC
  8
APS_GEOMETRY
 10
-294.7
 20
2097.0
 40
1.0
 50
270.0
 51
360.0
  0
LINE
  8
APS_GEOMETRY
 10
-307.496
 11
-378.5
 20
2140.0
 21
2140.0
  0
LINE
  8
APS_GEOMETRY
 10
-378.5
 11
-378.5
 20
2140.0
 21
2133.3
  0
LINE
  8
APS_GEOMETRY
 10
-378.5
 11
-364.5
 20
2133.3
 21
2133.3
  0
LINE
  8
APS_GEOMETRY
 10
-364.5
 11
-364.5
 20
2133.3
 21
2129.0
  0
LINE
  8
APS_GEOMETRY
 10
-364.5
 11
-378.5
 20
2129.0
 21
2129.0
  0
LINE
  8
APS_GEOMETRY
 10
-378.5
 11
-378.5
 20
2129.0
 21
2106.0
  0
ARC
  8
APS_GEOMETRY
 10
-368.5
 20
2106.0
 40
10.0
 50
180.0
 51
270.0
  0
LINE
  8
APS_GEOMETRY
 10
-368.5
 11
-294.7
 20
2096.0
 21
2096.0
  0
LINE
  8
APS_GEOMETRY
 10
-290.2
 11
-263.5
 20
2106.5
 21
2106.5
  0
ARC
  8
APS_GEOMETRY
 10
-263.5
 20
2109.5
 40
3.0
 50
270.0
 51
360.0
  0
LINE
  8
APS_GEOMETRY
 10
-260.5
 11
-260.5
 20
2109.5
 21
2131.5
  0
LINE
  8
APS_GEOMETRY
 10
-260.5
 11
-274.5
 20
2131.5
 21
2131.5
  0
LINE
  8
APS_GEOMETRY
 10
-274.5
 11
-274.5
 20
2131.5
 21
2135.8
  0
LINE
  8
APS_GEOMETRY
 10
-274.5
 11
-260.5
 20
2135.8
 21
2135.8
  0
LINE
  8
APS_GEOMETRY
 10
-260.5
 11
-260.5
 20
2135.8
 21
2140.0
  0
LINE
  8
APS_GEOMETRY
 10
-260.5
 11
-378.5
 20
2140.0
 21
2140.0
  0
LINE
  8
APS_GEOMETRY
 10
-257.5
 11
-260.5
 20
2210.5
 21
2210.5
  0
LINE
  8
APS_GEOMETRY
 10
-260.5
 11
-260.5
 20
2210.5
 21
2221.5
  0
LINE
  8
APS_GEOMETRY
 10
-260.5
 11
-245.5
 20
2221.5
 21
2221.5
  0
ARC
  8
APS_GEOMETRY
 10
-245.5
 20
2216.0
 40
5.5
 50
273.945
 51
90.0
  0
ARC
  8
APS_GEOMETRY
 10
-245.087
 20
2210.014
 40
0.5
 50
93.945
 51
168.69
  0
LINE
  8
APS_GEOMETRY
 10
-245.578
 11
-245.94
 20
2210.112
 21
2208.299
  0
ARC
  8
APS_GEOMETRY
 10
-246.431
 20
2208.397
 40
0.5
 50
282.647
 51
348.69
  0
ARC
  8
APS_GEOMETRY
 10
-245.5
 20
2204.25
 40
3.75
 50
102.647
 51
262.846
  0
ARC
  8
APS_GEOMETRY
 10
-246.029
 20
2200.033
 40
0.5
 50
356.522
 51
82.846
  0
LINE
  8
APS_GEOMETRY
 10
-245.53
 11
-249.161
 20
2200.003
 21
2140.262
  0
ARC
  8
APS_GEOMETRY
 10
-249.66
 20
2140.292
 40
0.5
 50
290.0
 51
356.522
  0
LINE
  8
APS_GEOMETRY
 10
-249.489
 11
-250.171
 20
2139.822
 21
2139.574
  0
ARC
  8
APS_GEOMETRY
 10
-250.0
 20
2139.104
 40
0.5
 50
110.0
 51
180.0
  0
LINE
  8
APS_GEOMETRY
 10
-250.5
 11
-250.5
 20
2139.104
 21
2138.5
  0
ARC
  8
APS_GEOMETRY
 10
-257.5
 20
2138.5
 40
7.0
 50
270.0
 51
0.0
  0
LINE
  8
APS_GEOMETRY
 10
-257.5
 11
-272.5
 20
2131.5
 21
2131.5
  0
LINE
  8
APS_GEOMETRY
 10
-272.5
 11
-271.974
 20
2131.5
 21
2134.526
  0
LINE
  8
APS_GEOMETRY
 10
-271.974
 11
-271.0
 20
2134.526
 21
2135.5
  0
LINE
  8
APS_GEOMETRY
 10
-271.0
 11
-260.5
 20
2135.5
 21
2135.5
  0
LINE
  8
APS_GEOMETRY
 10
-260.5
 11
-260.5
 20
2135.5
 21
2140.0
  0
LINE
  8
APS_GEOMETRY
 10
-260.5
 11
-257.5
 20
2140.0
 21
2140.0
  0
LINE
  8
APS_GEOMETRY
 10
-257.5
 11
-257.5
 20
2140.0
 21
2210.5
  0
LINE
  8
COSTRUZIONI
 10
-260.5
 11
-378.5
 20
2141.5
 21
2141.5
  0
LINE
  8
COSTRUZIONI
 10
-260.5
 11
-378.5
 20
2161.5
 21
2161.5
  0
LINE
  8
COSTRUZIONI
 10
-260.5
 11
-260.5
 20
2141.5
 21
2276.543
  0
LINE
  8
COSTRUZIONI
 10
-378.5
 11
-378.5
 20
2141.5
 21
2276.543
  0
LINE
  8
COSTRUZIONI
 10
-378.5
 11
-260.5
 20
2161.5
 21
2141.5
  0
LINE
  8
COSTRUZIONI
 10
-260.5
 11
-378.5
 20
2161.5
 21
2141.5
  0
LINE
  8
APS_GEOMETRY
 10
-70.5
 11
950.5
 20
2210.5
 21
2210.5
  0
LINE
  8
APS_GEOMETRY
 10
-67.966
 11
947.966
 20
2207.966
 21
2207.966
  0
LINE
  8
APS_GEOMETRY
 10
-60.5
 11
940.5
 20
2200.5
 21
2200.5
  0
LINE
  8
APS_GEOMETRY
 10
0.066
 11
879.934
 20
2139.934
 21
2139.934
  0
LINE
  8
APS_GEOMETRY
 10
879.454
 11
0.546
 20
2139.454
 21
2139.454
  0
LINE
  8
APS_GEOMETRY
 10
-381.5
 11
-378.5
 20
2208.0
 21
2208.0
  0
LINE
  8
APS_GEOMETRY
 10
-378.5
 11
-378.5
 20
2208.0
 21
2219.0
  0
LINE
  8
APS_GEOMETRY
 10
-378.5
 11
-393.5
 20
2219.0
 21
2219.0
  0
ARC
  8
APS_GEOMETRY
 10
-393.5
 20
2213.5
 40
5.5
 50
90.0
 51
266.055
  0
ARC
  8
APS_GEOMETRY
 10
-393.913
 20
2207.514
 40
0.5
 50
11.31
 51
86.055
  0
LINE
  8
APS_GEOMETRY
 10
-393.423
 11
-393.06
 20
2207.612
 21
2205.799
  0
ARC
  8
APS_GEOMETRY
 10
-392.57
 20
2205.897
 40
0.5
 50
191.31
 51
257.353
  0
ARC
  8
APS_GEOMETRY
 10
-393.5
 20
2201.75
 40
3.75
 50
277.154
 51
77.353
  0
ARC
  8
APS_GEOMETRY
 10
-392.971
 20
2197.533
 40
0.5
 50
97.154
 51
183.478
  0
LINE
  8
APS_GEOMETRY
 10
-393.47
 11
-389.839
 20
2197.503
 21
2137.762
  0
ARC
  8
APS_GEOMETRY
 10
-389.34
 20
2137.792
 40
0.5
 50
183.478
 51
250.0
  0
LINE
  8
APS_GEOMETRY
 10
-389.511
 11
-388.829
 20
2137.322
 21
2137.074
  0
ARC
  8
APS_GEOMETRY
 10
-389.0
 20
2136.604
 40
0.5
 50
360.0
 51
70.0
  0
LINE
  8
APS_GEOMETRY
 10
-388.5
 11
-388.5
 20
2136.604
 21
2136.0
  0
ARC
  8
APS_GEOMETRY
 10
-381.5
 20
2136.0
 40
7.0
 50
180.0
 51
270.0
  0
LINE
  8
APS_GEOMETRY
 10
-381.5
 11
-366.5
 20
2129.0
 21
2129.0
  0
LINE
  8
APS_GEOMETRY
 10
-366.5
 11
-367.026
 20
2129.0
 21
2132.026
  0
LINE
  8
APS_GEOMETRY
 10
-367.026
 11
-368.0
 20
2132.026
 21
2133.0
  0
LINE
  8
APS_GEOMETRY
 10
-368.0
 11
-378.5
 20
2133.0
 21
2133.0
  0
LINE
  8
APS_GEOMETRY
 10
-378.5
 11
-378.5
 20
2133.0
 21
2137.5
  0
LINE
  8
APS_GEOMETRY
 10
-378.5
 11
-381.5
 20
2137.5
 21
2137.5
  0
LINE
  8
APS_GEOMETRY
 10
-381.5
 11
-381.5
 20
2137.5
 21
2208.0
  0
LINE
  8
COSTRUZIONI
 10
44.0
 11
44.0
 20
4.5
 21
0.0
  0
LINE
  8
COSTRUZIONI
 10
44.0
 11
7.5
 20
0.0
 21
0.0
  0
LINE
  8
COSTRUZIONI
 10
836.0
 11
836.0
 20
4.5
 21
0.0
  0
LINE
  8
COSTRUZIONI
 10
836.0
 11
872.5
 20
0.0
 21
0.0
  0
LINE
  8
APS_GEOMETRY
 10
-378.5
 11
-204.787
 20
0.0
 21
0.0
  0
LINE
  8
APS_GEOMETRY
 10
948.0
 11
948.0
 20
-287.5
 21
-284.5
  0
LINE
  8
APS_GEOMETRY
 10
948.0
 11
959.0
 20
-284.5
 21
-284.5
  0
LINE
  8
APS_GEOMETRY
 10
959.0
 11
959.0
 20
-284.5
 21
-299.5
  0
ARC
  8
APS_GEOMETRY
 10
953.5
 20
-299.5
 40
5.5
 50
183.945
 51
360.0
  0
ARC
  8
APS_GEOMETRY
 10
947.514
 20
-299.913
 40
0.5
 50
3.945
 51
78.69
  0
LINE
  8
APS_GEOMETRY
 10
947.612
 11
945.799
 20
-299.423
 21
-299.06
  0
ARC
  8
APS_GEOMETRY
 10
945.897
 20
-298.57
 40
0.5
 50
192.647
 51
258.69
  0
ARC
  8
APS_GEOMETRY
 10
941.75
 20
-299.5
 40
3.75
 50
12.647
 51
172.846
  0
ARC
  8
APS_GEOMETRY
 10
937.533
 20
-298.971
 40
0.5
 50
266.522
 51
352.846
  0
LINE
  8
APS_GEOMETRY
 10
937.503
 11
877.762
 20
-299.47
 21
-295.839
  0
ARC
  8
APS_GEOMETRY
 10
877.792
 20
-295.34
 40
0.5
 50
200.0
 51
266.522
  0
LINE
  8
APS_GEOMETRY
 10
877.322
 11
877.074
 20
-295.511
 21
-294.829
  0
ARC
  8
APS_GEOMETRY
 10
876.604
 20
-295.0
 40
0.5
 50
20.0
 51
90.0
  0
LINE
  8
APS_GEOMETRY
 10
876.604
 11
876.0
 20
-294.5
 21
-294.5
  0
ARC
  8
APS_GEOMETRY
 10
876.0
 20
-287.5
 40
7.0
 50
180.0
 51
270.0
  0
LINE
  8
APS_GEOMETRY
 10
869.0
 11
869.0
 20
-287.5
 21
-272.5
  0
LINE
  8
APS_GEOMETRY
 10
869.0
 11
872.026
 20
-272.5
 21
-273.026
  0
LINE
  8
APS_GEOMETRY
 10
872.026
 11
873.0
 20
-273.026
 21
-274.0
  0
LINE
  8
APS_GEOMETRY
 10
873.0
 11
873.0
 20
-274.0
 21
-284.5
  0
LINE
  8
APS_GEOMETRY
 10
873.0
 11
877.5
 20
-284.5
 21
-284.5
  0
LINE
  8
APS_GEOMETRY
 10
877.5
 11
877.5
 20
-284.5
 21
-287.5
  0
LINE
  8
APS_GEOMETRY
 10
877.5
 11
948.0
 20
-287.5
 21
-287.5
  0
LINE
  8
APS_GEOMETRY
 10
-68.0
 11
-68.0
 20
-287.5
 21
-284.5
  0
LINE
  8
APS_GEOMETRY
 10
-68.0
 11
-79.0
 20
-284.5
 21
-284.5
  0
LINE
  8
APS_GEOMETRY
 10
-79.0
 11
-79.0
 20
-284.5
 21
-299.5
  0
ARC
  8
APS_GEOMETRY
 10
-73.5
 20
-299.5
 40
5.5
 50
180.0
 51
356.055
  0
ARC
  8
APS_GEOMETRY
 10
-67.514
 20
-299.913
 40
0.5
 50
101.31
 51
176.055
  0
LINE
  8
APS_GEOMETRY
 10
-67.612
 11
-65.799
 20
-299.423
 21
-299.06
  0
ARC
  8
APS_GEOMETRY
 10
-65.897
 20
-298.57
 40
0.5
 50
281.31
 51
347.353
  0
ARC
  8
APS_GEOMETRY
 10
-61.75
 20
-299.5
 40
3.75
 50
7.154
 51
167.353
  0
ARC
  8
APS_GEOMETRY
 10
-57.533
 20
-298.971
 40
0.5
 50
187.154
 51
273.478
  0
LINE
  8
APS_GEOMETRY
 10
-57.503
 11
2.238
 20
-299.47
 21
-295.839
  0
ARC
  8
APS_GEOMETRY
 10
2.208
 20
-295.34
 40
0.5
 50
273.478
 51
340.0
  0
LINE
  8
APS_GEOMETRY
 10
2.678
 11
2.926
 20
-295.511
 21
-294.829
  0
ARC
  8
APS_GEOMETRY
 10
3.396
 20
-295.0
 40
0.5
 50
90.0
 51
160.0
  0
LINE
  8
APS_GEOMETRY
 10
3.396
 11
4.0
 20
-294.5
 21
-294.5
  0
ARC
  8
APS_GEOMETRY
 10
4.0
 20
-287.5
 40
7.0
 50
270.0
 51
360.0
  0
LINE
  8
APS_GEOMETRY
 10
11.0
 11
11.0
 20
-287.5
 21
-272.5
  0
LINE
  8
APS_GEOMETRY
 10
11.0
 11
7.974
 20
-272.5
 21
-273.026
  0
LINE
  8
APS_GEOMETRY
 10
7.974
 11
7.0
 20
-273.026
 21
-274.0
  0
LINE
  8
APS_GEOMETRY
 10
7.0
 11
7.0
 20
-274.0
 21
-284.5
  0
LINE
  8
APS_GEOMETRY
 10
7.0
 11
2.5
 20
-284.5
 21
-284.5
  0
LINE
  8
APS_GEOMETRY
 10
2.5
 11
2.5
 20
-284.5
 21
-287.5
  0
LINE
  8
APS_GEOMETRY
 10
2.5
 11
-68.0
 20
-287.5
 21
-287.5
  0
LINE
  8
QUOTATURA
 10
-410.5
 11
-578.085
 20
0.0
 21
0.0
  0
LINE
  8
QUOTATURA
 10
-388.5
 11
-578.085
 20
2140.0
 21
2140.0
  0
LINE
  8
QUOTATURA
 10
-568.085
 11
-568.085
 20
0.0
 21
899.753
  0
LINE
  8
QUOTATURA
 10
-568.085
 11
-568.085
 20
1240.247
 21
2140.0
  0
LINE
  8
QUOTATURA
 10
-564.751
 11
-568.085
 20
20.0
 21
0.0
  0
LINE
  8
QUOTATURA
 10
-568.085
 11
-571.419
 20
0.0
 21
20.0
  0
LINE
  8
QUOTATURA
 10
-571.419
 11
-564.751
 20
20.0
 21
20.0
  0
LINE
  8
QUOTATURA
 10
-571.419
 11
-568.085
 20
2120.0
 21
2140.0
  0
LINE
  8
QUOTATURA
 10
-568.085
 11
-564.751
 20
2140.0
 21
2120.0
  0
LINE
  8
QUOTATURA
 10
-564.751
 11
-571.419
 20
2120.0
 21
2120.0
  0
LINE
  8
QUOTATURA
 10
-388.5
 11
-482.173
 20
2096.0
 21
2096.0
  0
LINE
  8
QUOTATURA
 10
-472.173
 11
-472.173
 20
0.0
 21
910.312
  0
LINE
  8
QUOTATURA
 10
-472.173
 11
-472.173
 20
1185.688
 21
2096.0
  0
LINE
  8
QUOTATURA
 10
-468.839
 11
-472.173
 20
20.0
 21
0.0
  0
LINE
  8
QUOTATURA
 10
-472.173
 11
-475.507
 20
0.0
 21
20.0
  0
LINE
  8
QUOTATURA
 10
-475.507
 11
-468.839
 20
20.0
 21
20.0
  0
LINE
  8
QUOTATURA
 10
-475.507
 11
-472.173
 20
2076.0
 21
2096.0
  0
LINE
  8
QUOTATURA
 10
-472.173
 11
-468.839
 20
2096.0
 21
2076.0
  0
LINE
  8
QUOTATURA
 10
-468.839
 11
-475.507
 20
2076.0
 21
2076.0
  0
LINE
  8
QUOTATURA
 10
44.0
 11
312.082
 20
-246.083
 21
-246.083
  0
LINE
  8
QUOTATURA
 10
567.918
 11
836.0
 20
-246.083
 21
-246.083
  0
LINE
  8
QUOTATURA
 10
64.0
 11
44.0
 20
-249.417
 21
-246.083
  0
LINE
  8
QUOTATURA
 10
44.0
 11
64.0
 20
-246.083
 21
-242.749
  0
LINE
  8
QUOTATURA
 10
64.0
 11
64.0
 20
-242.749
 21
-249.417
  0
LINE
  8
QUOTATURA
 10
816.0
 11
836.0
 20
-242.749
 21
-246.083
  0
LINE
  8
QUOTATURA
 10
836.0
 11
816.0
 20
-246.083
 21
-249.417
  0
LINE
  8
QUOTATURA
 10
816.0
 11
816.0
 20
-249.417
 21
-242.749
  0
LINE
  8
QUOTATURA
 10
0.0
 11
0.0
 20
-304.5
 21
-366.097
  0
LINE
  8
QUOTATURA
 10
880.0
 11
880.0
 20
-300.5
 21
-366.097
  0
LINE
  8
QUOTATURA
 10
0.0
 11
275.71
 20
-356.097
 21
-356.097
  0
LINE
  8
QUOTATURA
 10
604.29
 11
880.0
 20
-356.097
 21
-356.097
  0
LINE
  8
QUOTATURA
 10
20.0
 11
0.0
 20
-359.431
 21
-356.097
  0
LINE
  8
QUOTATURA
 10
0.0
 11
20.0
 20
-356.097
 21
-352.763
  0
LINE
  8
QUOTATURA
 10
20.0
 11
20.0
 20
-352.763
 21
-359.431
  0
LINE
  8
QUOTATURA
 10
860.0
 11
880.0
 20
-352.763
 21
-356.097
  0
LINE
  8
QUOTATURA
 10
880.0
 11
860.0
 20
-356.097
 21
-359.431
  0
LINE
  8
QUOTATURA
 10
860.0
 11
860.0
 20
-359.431
 21
-352.763
  0
LINE
  8
COSTRUZIONI
 10
-743.704
 11
1256.296
 20
-638.647
 21
-638.647
  0
LINE
  8
COSTRUZIONI
 10
1256.296
 11
1256.296
 20
-638.647
 21
-438.647
  0
LINE
  8
COSTRUZIONI
 10
1256.296
 11
-743.704
 20
-438.647
 21
-438.647
  0
LINE
  8
COSTRUZIONI
 10
-743.704
 11
-743.704
 20
-438.647
 21
-638.647
  0
LINE
  8
COSTRUZIONI
 10
256.296
 11
256.296
 20
-638.647
 21
-438.647
  0
LINE
  8
COSTRUZIONI
 10
256.296
 11
1256.296
 20
-538.647
 21
-538.647
  0
LINE
  8
COSTRUZIONI
 10
756.296
 11
756.296
 20
-638.647
 21
-438.647
  0
LINE
  8
APS_GEOMETRY
 10
-681.019
 11
-663.785
 20
-492.632
 21
-492.632
  0
ARC
  8
APS_GEOMETRY
 10
-664.656
 20
-467.937
 40
24.711
 50
272.021
 51
278.44
  0
ARC
  8
APS_GEOMETRY
 10
-663.683
 20
-474.492
 40
18.083
 50
278.44
 51
285.945
  0
ARC
  8
APS_GEOMETRY
 10
-656.366
 20
-500.69
 40
9.118
 50
98.584
 51
104.931
  0
ARC
  8
APS_GEOMETRY
 10
-656.982
 20
-496.609
 40
4.991
 50
90.0
 51
98.584
  0
ARC
  8
APS_GEOMETRY
 10
-656.982
 20
-495.37
 40
3.752
 50
52.871
 51
90.0
  0
ARC
  8
APS_GEOMETRY
 10
-662.071
 20
-502.091
 40
12.182
 50
32.518
 51
52.871
  0
ARC
  8
APS_GEOMETRY
 10
-666.102
 20
-504.661
 40
16.963
 50
17.209
 51
32.518
  0
ARC
  8
APS_GEOMETRY
 10
-662.742
 20
-503.621
 40
13.445
 50
360.0
 51
17.209
  0
ARC
  8
APS_GEOMETRY
 10
-656.014
 20
-503.621
 40
6.717
 50
337.348
 51
360.0
  0
ARC
  8
APS_GEOMETRY
 10
-653.315
 20
-504.747
 40
3.792
 50
307.042
 51
337.348
  0
ARC
  8
APS_GEOMETRY
 10
-653.784
 20
-504.103
 40
4.589
 50
287.186
 51
306.87
  0
ARC
  8
APS_GEOMETRY
 10
-654.203
 20
-502.749
 40
6.006
 50
270.0
 51
287.186
  0
ARC
  8
APS_GEOMETRY
 10
-654.203
 20
-503.362
 40
5.393
 50
252.221
 51
270.0
  0
ARC
  8
APS_GEOMETRY
 10
-654.454
 20
-504.145
 40
4.571
 50
232.896
 51
252.221
  0
ARC
  8
APS_GEOMETRY
 10
-653.483
 20
-502.861
 40
6.18
 50
218.3
 51
232.896
  0
ARC
  8
APS_GEOMETRY
 10
-645.903
 20
-496.875
 40
15.839
 50
209.197
 51
218.3
  0
ARC
  8
APS_GEOMETRY
 10
-684.457
 20
-517.763
 40
28.012
 50
28.025
 51
32.699
  0
ARC
  8
APS_GEOMETRY
 10
-664.301
 20
-504.823
 40
4.06
 50
32.699
 51
45.0
  0
ARC
  8
APS_GEOMETRY
 10
-662.926
 20
-503.449
 40
2.116
 50
45.0
 51
67.557
  0
ARC
  8
APS_GEOMETRY
 10
-662.934
 20
-503.469
 40
2.137
 50
67.557
 51
90.0
  0
ARC
  8
APS_GEOMETRY
 10
-662.934
 20
-503.3
 40
1.969
 50
90.0
 51
120.801
  0
ARC
  8
APS_GEOMETRY
 10
-663.001
 20
-503.189
 40
1.839
 50
120.801
 51
152.7
  0
ARC
  8
APS_GEOMETRY
 10
-661.542
 20
-503.941
 40
3.481
 50
152.7
 51
171.085
  0
ARC
  8
APS_GEOMETRY
 10
-650.453
 20
-505.681
 40
14.705
 50
171.085
 51
180.0
  0
LINE
  8
APS_GEOMETRY
 10
-665.158
 11
-665.158
 20
-505.681
 21
-523.995
  0
ARC
  8
APS_GEOMETRY
 10
-645.731
 20
-523.995
 40
19.427
 50
180.0
 51
188.194
  0
ARC
  8
APS_GEOMETRY
 10
-660.239
 20
-526.084
 40
4.77
 50
188.194
 51
204.775
  0
ARC
  8
APS_GEOMETRY
 10
-661.648
 20
-526.734
 40
3.218
 50
204.775
 51
228.576
  0
ARC
  8
APS_GEOMETRY
 10
-660.326
 20
-525.236
 40
5.216
 50
228.576
 51
247.218
  0
ARC
  8
APS_GEOMETRY
 10
-667.995
 20
-543.308
 40
14.416
 50
59.381
 51
66.93
  0
ARC
  8
APS_GEOMETRY
 10
-662.334
 20
-533.742
 40
3.301
 50
43.568
 51
59.381
  0
ARC
  8
APS_GEOMETRY
 10
-661.428
 20
-532.881
 40
2.051
 50
19.041
 51
43.568
  0
ARC
  8
APS_GEOMETRY
 10
-662.686
 20
-533.315
 40
3.382
 50
360.0
 51
19.041
  0
ARC
  8
APS_GEOMETRY
 10
-662.052
 20
-533.315
 40
2.747
 50
317.66
 51
360.0
  0
ARC
  8
APS_GEOMETRY
 10
-664.574
 20
-531.017
 40
6.16
 50
289.747
 51
317.66
  0
ARC
  8
APS_GEOMETRY
 10
-666.687
 20
-525.132
 40
12.412
 50
281.964
 51
289.747
  0
ARC
  8
APS_GEOMETRY
 10
-669.613
 20
-511.32
 40
26.531
 50
276.643
 51
281.964
  0
ARC
  8
APS_GEOMETRY
 10
-670.845
 20
-500.745
 40
37.178
 50
272.836
 51
276.643
  0
ARC
  8
APS_GEOMETRY
 10
-672.32
 20
-470.969
 40
66.99
 50
270.0
 51
272.836
  0
ARC
  8
APS_GEOMETRY
 10
-672.32
 20
-452.519
 40
85.44
 50
267.283
 51
270.0
  0
ARC
  8
APS_GEOMETRY
 10
-674.114
 20
-490.322
 40
47.595
 50
263.643
 51
267.283
  0
ARC
  8
APS_GEOMETRY
 10
-675.616
 20
-503.806
 40
34.027
 50
258.563
 51
263.643
  0
ARC
  8
APS_GEOMETRY
 10
-679.205
 20
-521.545
 40
15.929
 50
251.136
 51
258.563
  0
ARC
  8
APS_GEOMETRY
 10
-682.409
 20
-530.838
 40
6.099
 50
222.558
 51
251.395
  0
ARC
  8
APS_GEOMETRY
 10
-684.787
 20
-533.021
 40
2.871
 50
180.0
 51
222.558
  0
ARC
  8
APS_GEOMETRY
 10
-685.266
 20
-533.021
 40
2.392
 50
150.642
 51
180.0
  0
ARC
  8
APS_GEOMETRY
 10
-685.075
 20
-533.129
 40
2.612
 50
122.574
 51
150.642
  0
ARC
  8
APS_GEOMETRY
 10
-685.582
 20
-532.546
 40
1.851
 50
108.677
 51
119.055
  0
ARC
  8
APS_GEOMETRY
 10
-662.466
 20
-600.93
 40
74.036
 50
107.038
 51
108.677
  0
ARC
  8
APS_GEOMETRY
 10
-685.021
 20
-527.166
 40
3.099
 50
286.144
 51
308.66
  0
ARC
  8
APS_GEOMETRY
 10
-684.513
 20
-527.801
 40
2.287
 50
308.66
 51
334.933
  0
ARC
  8
APS_GEOMETRY
 10
-686.578
 20
-526.835
 40
4.566
 50
334.933
 51
348.829
  0
ARC
  8
APS_GEOMETRY
 10
-712.404
 20
-521.735
 40
30.891
 50
348.829
 51
354.161
  0
ARC
  8
APS_GEOMETRY
 10
-729.86
 20
-519.936
 40
48.439
 50
354.144
 51
355.66
  0
ARC
  8
APS_GEOMETRY
 10
-807.236
 20
-514.064
 40
126.038
 50
355.66
 51
356.6
  0
ARC
  8
APS_GEOMETRY
 10
-866.385
 20
-510.55
 40
185.291
 50
356.6
 51
357.24
  0
ARC
  8
APS_GEOMETRY
 10
-1034.21
 20
-502.459
 40
353.311
 50
357.24
 51
357.703
  0
ARC
  8
APS_GEOMETRY
 10
-1017.69
 20
-503.121
 40
336.777
 50
357.703
 51
358.674
  0
ARC
  8
APS_GEOMETRY
 10
-861.857
 20
-506.727
 40
180.903
 50
358.674
 51
0.0
  0
ARC
  8
APS_GEOMETRY
 10
-707.764
 20
-506.727
 40
26.81
 50
0.0
 51
6.242
  0
ARC
  8
APS_GEOMETRY
 10
-686.445
 20
-504.396
 40
5.364
 50
6.242
 51
20.225
  0
ARC
  8
APS_GEOMETRY
 10
-683.49
 20
-503.307
 40
2.215
 50
20.225
 51
50.44
  0
ARC
  8
APS_GEOMETRY
 10
-682.916
 20
-502.612
 40
1.314
 50
50.44
 51
90.0
  0
ARC
  8
APS_GEOMETRY
 10
-682.916
 20
-503.061
 40
1.762
 50
90.0
 51
126.747
  0
ARC
  8
APS_GEOMETRY
 10
-680.426
 20
-506.396
 40
5.924
 50
126.747
 51
146.547
  0
ARC
  8
APS_GEOMETRY
 10
-724.414
 20
-477.483
 40
46.715
 50
324.255
 51
326.701
  0
ARC
  8
APS_GEOMETRY
 10
-705.791
 20
-490.887
 40
23.77
 50
320.826
 51
324.255
  0
ARC
  8
APS_GEOMETRY
 10
-699.704
 20
-495.846
 40
15.918
 50
315.722
 51
320.826
  0
ARC
  8
APS_GEOMETRY
 10
-692.71
 20
-502.667
 40
6.149
 50
307.504
 51
315.722
  0
ARC
  8
APS_GEOMETRY
 10
-693.356
 20
-501.805
 40
7.226
 50
291.306
 51
307.405
  0
ARC
  8
APS_GEOMETRY
 10
-692.237
 20
-504.674
 40
4.146
 50
270.0
 51
291.306
  0
ARC
  8
APS_GEOMETRY
 10
-692.237
 20
-504.941
 40
3.879
 50
245.532
 51
270.0
  0
ARC
  8
APS_GEOMETRY
 10
-692.266
 20
-505.006
 40
3.808
 50
220.833
 51
245.532
  0
ARC
  8
APS_GEOMETRY
 10
-691.873
 20
-504.666
 40
4.328
 50
198.684
 51
220.833
  0
ARC
  8
APS_GEOMETRY
 10
-690.231
 20
-504.111
 40
6.06
 50
180.0
 51
198.684
  0
ARC
  8
APS_GEOMETRY
 10
-686.384
 20
-504.111
 40
9.908
 50
168.408
 51
180.0
  0
ARC
  8
APS_GEOMETRY
 10
-680.031
 20
-505.414
 40
16.393
 50
159.402
 51
168.408
  0
ARC
  8
APS_GEOMETRY
 10
-678.068
 20
-506.152
 40
18.49
 50
151.39
 51
159.402
  0
ARC
  8
APS_GEOMETRY
 10
-678.471
 20
-505.933
 40
18.032
 50
143.276
 51
151.39
  0
ARC
  8
APS_GEOMETRY
 10
-683.52
 20
-502.157
 40
11.726
 50
124.216
 51
143.31
  0
ARC
  8
APS_GEOMETRY
 10
-688.018
 20
-495.542
 40
3.728
 50
90.0
 51
124.216
  0
ARC
  8
APS_GEOMETRY
 10
-688.018
 20
-497.199
 40
5.384
 50
82.725
 51
90.0
  0
ARC
  8
APS_GEOMETRY
 10
-688.439
 20
-500.494
 40
8.707
 50
77.005
 51
82.725
  0
ARC
  8
APS_GEOMETRY
 10
-675.59
 20
-438.548
 40
54.561
 50
258.486
 51
260.378
  0
ARC
  8
APS_GEOMETRY
 10
-681.094
 20
-471.013
 40
21.633
 50
260.378
 51
263.382
  0
ARC
  8
APS_GEOMETRY
 10
-681.565
 20
-475.07
 40
17.548
 50
263.382
 51
267.084
  0
ARC
  8
APS_GEOMETRY
 10
-681.019
 20
-464.359
 40
28.273
 50
267.084
 51
270.0
  0
ARC
  8
APS_GEOMETRY
 10
-621.292
 20
-517.498
 40
25.782
 50
71.91
 51
90.0
  0
ARC
  8
APS_GEOMETRY
 10
-620.294
 20
-514.441
 40
22.566
 50
52.561
 51
71.91
  0
ARC
  8
APS_GEOMETRY
 10
-620.555
 20
-514.517
 40
22.786
 50
38.846
 51
52.156
  0
ARC
  8
APS_GEOMETRY
 10
-624.128
 20
-517.394
 40
27.372
 50
26.707
 51
38.846
  0
ARC
  8
APS_GEOMETRY
 10
-623.42
 20
-516.816
 40
26.482
 50
13.868
 51
26.278
  0
ARC
  8
APS_GEOMETRY
 10
-618.321
 20
-515.557
 40
21.229
 50
360.0
 51
13.868
  0
ARC
  8
APS_GEOMETRY
 10
-617.99
 20
-515.557
 40
20.899
 50
339.712
 51
360.0
  0
ARC
  8
APS_GEOMETRY
 10
-619.167
 20
-515.122
 40
22.153
 50
320.013
 51
339.712
  0
ARC
  8
APS_GEOMETRY
 10
-619.362
 20
-515.015
 40
22.372
 50
303.344
 51
320.123
  0
ARC
  8
APS_GEOMETRY
 10
-621.658
 20
-511.526
 40
26.548
 50
287.949
 51
303.344
  0
ARC
  8
APS_GEOMETRY
 10
-622.412
 20
-508.911
 40
29.269
 50
279.039
 51
287.776
  0
ARC
  8
APS_GEOMETRY
 10
-622.11
 20
-510.81
 40
27.346
 50
270.0
 51
279.039
  0
ARC
  8
APS_GEOMETRY
 10
-622.11
 20
-512.145
 40
26.011
 50
257.728
 51
270.0
  0
ARC
  8
APS_GEOMETRY
 10
-622.069
 20
-511.956
 40
26.203
 50
245.501
 51
257.728
  0
ARC
  8
APS_GEOMETRY
 10
-623.542
 20
-515.179
 40
22.66
 50
228.665
 51
245.511
  0
ARC
  8
APS_GEOMETRY
 10
-624.032
 20
-515.736
 40
21.918
 50
211.535
 51
228.665
  0
ARC
  8
APS_GEOMETRY
 10
-623.39
 20
-515.265
 40
22.712
 50
195.642
 51
211.701
  0
ARC
  8
APS_GEOMETRY
 10
-622.216
 20
-514.936
 40
23.931
 50
180.0
 51
195.642
  0
ARC
  8
APS_GEOMETRY
 10
-621.964
 20
-514.936
 40
24.183
 50
162.181
 51
180.0
  0
ARC
  8
APS_GEOMETRY
 10
-624.171
 20
-514.227
 40
21.865
 50
143.434
 51
162.181
  0
ARC
  8
APS_GEOMETRY
 10
-624.468
 20
-513.989
 40
21.485
 50
126.384
 51
143.471
  0
ARC
  8
APS_GEOMETRY
 10
-622.433
 20
-516.75
 40
24.914
 50
110.525
 51
126.384
  0
ARC
  8
APS_GEOMETRY
 10
-622.534
 20
-516.0
 40
24.177
 50
99.77
 51
110.925
  0
ARC
  8
APS_GEOMETRY
 10
-621.292
 20
-523.212
 40
31.496
 50
90.0
 51
99.77
  0
ARC
  8
APS_GEOMETRY
 10
-624.399
 20
-505.91
 40
4.807
 50
90.0
 51
119.604
  0
ARC
  8
APS_GEOMETRY
 10
-623.978
 20
-506.651
 40
5.659
 50
119.604
 51
146.842
  0
ARC
  8
APS_GEOMETRY
 10
-623.132
 20
-507.344
 40
6.748
 50
145.84
 51
164.055
  0
ARC
  8
APS_GEOMETRY
 10
-621.171
 20
-507.905
 40
8.788
 50
164.055
 51
180.0
  0
ARC
  8
APS_GEOMETRY
 10
-608.906
 20
-507.905
 40
21.053
 50
180.0
 51
189.977
  0
ARC
  8
APS_GEOMETRY
 10
-590.255
 20
-504.624
 40
39.991
 50
189.977
 51
197.211
  0
ARC
  8
APS_GEOMETRY
 10
-586.175
 20
-503.36
 40
44.261
 50
197.211
 51
203.76
  0
ARC
  8
APS_GEOMETRY
 10
-596.338
 20
-507.834
 40
33.157
 50
203.76
 51
211.329
  0
ARC
  8
APS_GEOMETRY
 10
-617.206
 20
-520.358
 40
8.821
 50
212.32
 51
224.441
  0
ARC
  8
APS_GEOMETRY
 10
-618.061
 20
-521.197
 40
7.623
 50
224.441
 51
237.484
  0
ARC
  8
APS_GEOMETRY
 10
-618.614
 20
-522.064
 40
6.595
 50
237.484
 51
252.416
  0
ARC
  8
APS_GEOMETRY
 10
-619.167
 20
-523.807
 40
4.766
 50
252.416
 51
270.0
  0
ARC
  8
APS_GEOMETRY
 10
-619.167
 20
-523.242
 40
5.331
 50
270.0
 51
294.953
  0
ARC
  8
APS_GEOMETRY
 10
-619.017
 20
-523.563
 40
4.977
 50
294.953
 51
320.793
  0
ARC
  8
APS_GEOMETRY
 10
-619.818
 20
-522.91
 40
6.011
 50
320.793
 51
342.777
  0
ARC
  8
APS_GEOMETRY
 10
-623.386
 20
-521.804
 40
9.746
 50
342.777
 51
0.0
  0
ARC
  8
APS_GEOMETRY
 10
-640.147
 20
-521.804
 40
26.507
 50
0.0
 51
8.499
  0
ARC
  8
APS_GEOMETRY
 10
-651.814
 20
-523.547
 40
38.304
 50
8.499
 51
15.566
  0
ARC
  8
APS_GEOMETRY
 10
-650.411
 20
-523.156
 40
36.848
 50
15.566
 51
22.909
  0
ARC
  8
APS_GEOMETRY
 10
-638.348
 20
-518.058
 40
23.751
 50
22.909
 51
32.057
  0
ARC
  8
APS_GEOMETRY
 10
-628.872
 20
-512.089
 40
12.552
 50
31.921
 51
42.51
  0
ARC
  8
APS_GEOMETRY
 10
-626.27
 20
-509.703
 40
9.022
 50
42.51
 51
55.008
  0
ARC
  8
APS_GEOMETRY
 10
-625.391
 20
-508.448
 40
7.489
 50
55.008
 51
69.88
  0
ARC
  8
APS_GEOMETRY
 10
-624.603
 20
-506.297
 40
5.198
 50
69.88
 51
87.754
  0
ARC
  8
APS_GEOMETRY
 10
-572.872
 20
-507.7
 40
15.983
 50
83.923
 51
90.0
  0
ARC
  8
APS_GEOMETRY
 10
-574.157
 20
-519.775
 40
28.127
 50
79.342
 51
83.923
  0
ARC
  8
APS_GEOMETRY
 10
-575.708
 20
-528.015
 40
36.512
 50
75.808
 51
79.342
  0
ARC
  8
APS_GEOMETRY
 10
-581.119
 20
-549.41
 40
58.58
 50
73.018
 51
75.808
  0
ARC
  8
APS_GEOMETRY
 10
-562.067
 20
-486.917
 40
6.752
 50
253.288
 51
259.046
  0
ARC
  8
APS_GEOMETRY
 10
-562.995
 20
-491.711
 40
1.87
 50
259.046
 51
270.0
  0
ARC
  8
APS_GEOMETRY
 10
-562.995
 20
-492.471
 40
1.11
 50
270.0
 51
286.699
  0
ARC
  8
APS_GEOMETRY
 10
-571.868
 20
-462.894
 40
31.989
 50
286.699
 51
289.799
  0
ARC
  8
APS_GEOMETRY
 10
-559.979
 20
-495.803
 40
3.002
 50
100.008
 51
110.556
  0
ARC
  8
APS_GEOMETRY
 10
-559.921
 20
-496.13
 40
3.334
 50
90.0
 51
100.008
  0
ARC
  8
APS_GEOMETRY
 10
-559.921
 20
-495.975
 40
3.179
 50
53.356
 51
90.0
  0
ARC
  8
APS_GEOMETRY
 10
-565.475
 20
-503.441
 40
12.484
 50
35.101
 51
53.356
  0
ARC
  8
APS_GEOMETRY
 10
-568.246
 20
-505.389
 40
15.871
 50
20.245
 51
35.101
  0
ARC
  8
APS_GEOMETRY
 10
-561.412
 20
-502.868
 40
8.588
 50
360.0
 51
20.245
  0
ARC
  8
APS_GEOMETRY
 10
-557.974
 20
-502.868
 40
5.15
 50
340.481
 51
360.0
  0
ARC
  8
APS_GEOMETRY
 10
-557.126
 20
-503.169
 40
4.25
 50
318.972
 51
340.481
  0
ARC
  8
APS_GEOMETRY
 10
-556.748
 20
-503.498
 40
3.748
 50
295.017
 51
318.972
  0
ARC
  8
APS_GEOMETRY
 10
-556.618
 20
-503.776
 40
3.442
 50
270.0
 51
295.017
  0
ARC
  8
APS_GEOMETRY
 10
-556.618
 20
-501.933
 40
5.285
 50
256.171
 51
270.0
  0
ARC
  8
APS_GEOMETRY
 10
-557.194
 20
-504.274
 40
2.874
 50
237.381
 51
256.171
  0
ARC
  8
APS_GEOMETRY
 10
-556.174
 20
-502.679
 40
4.768
 50
231.559
 51
237.381
  0
ARC
  8
APS_GEOMETRY
 10
-541.331
 20
-483.98
 40
28.642
 50
229.185
 51
231.559
  0
ARC
  8
APS_GEOMETRY
 10
-525.424
 20
-465.56
 40
52.979
 50
227.9
 51
229.185
  0
ARC
  8
APS_GEOMETRY
 10
-470.371
 20
-404.632
 40
135.095
 50
227.095
 51
227.9
  0
ARC
  8
APS_GEOMETRY
 10
-573.733
 20
-515.794
 40
16.696
 50
46.975
 51
64.612
  0
ARC
  8
APS_GEOMETRY
 10
-570.059
 20
-508.052
 40
8.127
 50
64.612
 51
90.0
  0
ARC
  8
APS_GEOMETRY
 10
-570.059
 20
-505.781
 40
5.856
 50
90.0
 51
106.966
  0
ARC
  8
APS_GEOMETRY
 10
-570.737
 20
-503.557
 40
3.531
 50
106.966
 51
128.868
  0
ARC
  8
APS_GEOMETRY
 10
-571.13
 20
-503.07
 40
2.905
 50
128.868
 51
154.741
  0
ARC
  8
APS_GEOMETRY
 10
-571.003
 20
-503.13
 40
3.046
 50
154.741
 51
180.0
  0
ARC
  8
APS_GEOMETRY
 10
-571.188
 20
-503.13
 40
2.861
 50
180.0
 51
206.64
  0
ARC
  8
APS_GEOMETRY
 10
-570.268
 20
-502.668
 40
3.891
 50
206.64
 51
229.43
  0
ARC
  8
APS_GEOMETRY
 10
-568.792
 20
-500.945
 40
6.159
 50
229.43
 51
244.493
  0
ARC
  8
APS_GEOMETRY
 10
-564.746
 20
-492.466
 40
15.554
 50
244.493
 51
253.956
  0
ARC
  8
APS_GEOMETRY
 10
-636.817
 20
-737.395
 40
239.758
 50
72.737
 51
73.58
  0
ARC
  8
APS_GEOMETRY
 10
-595.514
 20
-604.479
 40
100.573
 50
71.435
 51
72.737
  0
ARC
  8
APS_GEOMETRY
 10
-581.833
 20
-563.745
 40
57.603
 50
69.164
 51
71.435
  0
ARC
  8
APS_GEOMETRY
 10
-565.688
 20
-521.323
 40
12.212
 50
64.231
 51
69.164
  0
ARC
  8
APS_GEOMETRY
 10
-567.545
 20
-525.061
 40
16.387
 50
34.939
 51
64.068
  0
ARC
  8
APS_GEOMETRY
 10
-563.537
 20
-522.262
 40
11.498
 50
360.0
 51
34.939
  0
ARC
  8
APS_GEOMETRY
 10
-566.001
 20
-522.262
 40
13.962
 50
333.435
 51
360.0
  0
ARC
  8
APS_GEOMETRY
 10
-566.914
 20
-521.805
 40
14.982
 50
307.807
 51
333.435
  0
ARC
  8
APS_GEOMETRY
 10
-569.289
 20
-518.733
 40
18.866
 50
296.732
 51
307.786
  0
ARC
  8
APS_GEOMETRY
 10
-570.694
 20
-515.942
 40
21.99
 50
286.496
 51
296.732
  0
ARC
  8
APS_GEOMETRY
 10
-571.62
 20
-512.817
 40
25.25
 50
277.544
 51
286.496
  0
ARC
  8
APS_GEOMETRY
 10
-572.97
 20
-502.626
 40
35.53
 50
270.0
 51
277.544
  0
ARC
  8
APS_GEOMETRY
 10
-572.97
 20
-501.085
 40
37.071
 50
263.555
 51
270.0
  0
ARC
  8
APS_GEOMETRY
 10
-571.77
 20
-490.461
 40
47.762
 50
257.878
 51
263.555
  0
ARC
  8
APS_GEOMETRY
 10
-572.407
 20
-493.427
 40
44.729
 50
254.839
 51
257.878
  0
ARC
  8
APS_GEOMETRY
 10
-577.573
 20
-512.494
 40
24.974
 50
250.772
 51
254.839
  0
ARC
  8
APS_GEOMETRY
 10
-579.897
 20
-519.156
 40
17.918
 50
245.121
 51
250.772
  0
ARC
  8
APS_GEOMETRY
 10
-583.83
 20
-527.639
 40
8.568
 50
236.944
 51
245.121
  0
ARC
  8
APS_GEOMETRY
 10
-586.15
 20
-531.289
 40
4.243
 50
211.802
 51
236.31
  0
ARC
  8
APS_GEOMETRY
 10
-575.126
 20
-524.453
 40
17.215
 50
199.704
 51
211.802
  0
ARC
  8
APS_GEOMETRY
 10
-569.861
 20
-522.568
 40
22.807
 50
190.413
 51
199.704
  0
ARC
  8
APS_GEOMETRY
 10
-574.424
 20
-523.406
 40
18.168
 50
180.0
 51
190.413
  0
ARC
  8
APS_GEOMETRY
 10
-586.723
 20
-523.406
 40
5.869
 50
164.876
 51
180.0
  0
ARC
  8
APS_GEOMETRY
 10
-590.03
 20
-522.513
 40
2.443
 50
141.34
 51
164.876
  0
ARC
  8
APS_GEOMETRY
 10
-589.71
 20
-522.727
 40
2.827
 50
116.928
 51
142.001
  0
ARC
  8
APS_GEOMETRY
 10
-589.877
 20
-522.397
 40
2.457
 50
90.0
 51
116.928
  0
ARC
  8
APS_GEOMETRY
 10
-589.877
 20
-522.403
 40
2.464
 50
62.21
 51
90.0
  0
ARC
  8
APS_GEOMETRY
 10
-590.861
 20
-524.27
 40
4.573
 50
41.906
 51
62.21
  0
ARC
  8
APS_GEOMETRY
 10
-590.694
 20
-524.305
 40
4.475
 50
37.313
 51
43.668
  0
ARC
  8
APS_GEOMETRY
 10
-615.762
 20
-543.41
 40
35.993
 50
35.074
 51
37.313
  0
ARC
  8
APS_GEOMETRY
 10
-644.229
 20
-563.398
 40
70.777
 50
33.934
 51
35.074
  0
ARC
  8
APS_GEOMETRY
 10
-745.727
 20
-631.688
 40
193.11
 50
33.243
 51
33.934
  0
ARC
  8
APS_GEOMETRY
 10
-578.607
 20
-522.118
 40
6.727
 50
213.453
 51
231.637
  0
ARC
  8
APS_GEOMETRY
 10
-575.429
 20
-518.102
 40
11.848
 50
231.637
 51
245.313
  0
ARC
  8
APS_GEOMETRY
 10
-574.729
 20
-516.579
 40
13.524
 50
245.313
 51
257.398
  0
ARC
  8
APS_GEOMETRY
 10
-574.965
 20
-517.635
 40
12.443
 50
257.398
 51
270.0
  0
ARC
  8
APS_GEOMETRY
 10
-574.965
 20
-519.572
 40
10.506
 50
270.0
 51
282.907
  0
ARC
  8
APS_GEOMETRY
 10
-573.834
 20
-524.505
 40
5.445
 50
282.907
 51
300.872
  0
ARC
  8
APS_GEOMETRY
 10
-572.854
 20
-526.145
 40
3.535
 50
300.872
 51
326.876
  0
ARC
  8
APS_GEOMETRY
 10
-571.738
 20
-526.873
 40
2.202
 50
326.876
 51
0.0
  0
ARC
  8
APS_GEOMETRY
 10
-572.067
 20
-526.873
 40
2.531
 50
0.0
 51
27.553
  0
ARC
  8
APS_GEOMETRY
 10
-572.867
 20
-527.29
 40
3.434
 50
27.553
 51
51.147
  0
ARC
  8
APS_GEOMETRY
 10
-574.522
 20
-529.344
 40
6.071
 50
51.147
 51
65.225
  0
ARC
  8
APS_GEOMETRY
 10
-580.625
 20
-542.568
 40
20.636
 50
65.225
 51
72.848
  0
ARC
  8
APS_GEOMETRY
 10
-544.984
 20
-428.929
 40
98.462
 50
251.106
 51
252.532
  0
ARC
  8
APS_GEOMETRY
 10
-557.6
 20
-465.79
 40
59.501
 50
249.271
 51
251.106
  0
ARC
  8
APS_GEOMETRY
 10
-562.845
 20
-479.65
 40
44.683
 50
246.83
 51
249.271
  0
ARC
  8
APS_GEOMETRY
 10
-571.329
 20
-499.472
 40
23.121
 50
243.435
 51
246.83
  0
ARC
  8
APS_GEOMETRY
 10
-572.295
 20
-501.404
 40
20.961
 50
235.981
 51
243.435
  0
ARC
  8
APS_GEOMETRY
 10
-571.553
 20
-500.305
 40
22.287
 50
228.752
 51
235.981
  0
ARC
  8
APS_GEOMETRY
 10
-575.027
 20
-504.399
 40
16.918
 50
206.421
 51
228.457
  0
ARC
  8
APS_GEOMETRY
 10
-579.582
 20
-506.662
 40
11.833
 50
180.0
 51
206.421
  0
ARC
  8
APS_GEOMETRY
 10
-579.367
 20
-506.662
 40
12.047
 50
166.555
 51
180.0
  0
ARC
  8
APS_GEOMETRY
 10
-577.972
 20
-506.996
 40
13.482
 50
153.848
 51
166.555
  0
ARC
  8
APS_GEOMETRY
 10
-577.856
 20
-507.053
 40
13.611
 50
141.244
 51
153.848
  0
ARC
  8
APS_GEOMETRY
 10
-576.995
 20
-507.743
 40
14.714
 50
129.123
 51
141.244
  0
ARC
  8
APS_GEOMETRY
 10
-574.242
 20
-510.67
 40
18.725
 50
108.978
 51
130.006
  0
ARC
  8
APS_GEOMETRY
 10
-572.872
 20
-514.657
 40
22.94
 50
90.0
 51
108.978
  0
ARC
  8
APS_GEOMETRY
 10
-522.881
 20
-512.98
 40
21.264
 50
77.257
 51
90.0
  0
ARC
  8
APS_GEOMETRY
 10
-523.097
 20
-513.936
 40
22.243
 50
64.799
 51
77.257
  0
ARC
  8
APS_GEOMETRY
 10
-504.779
 20
-474.937
 40
20.843
 50
244.885
 51
251.175
  0
ARC
  8
APS_GEOMETRY
 10
-510.748
 20
-492.445
 40
2.346
 50
251.175
 51
270.0
  0
ARC
  8
APS_GEOMETRY
 10
-510.748
 20
-490.984
 40
3.806
 50
270.0
 51
278.82
  0
ARC
  8
APS_GEOMETRY
 10
-513.207
 20
-475.137
 40
19.844
 50
278.82
 51
282.68
  0
ARC
  8
APS_GEOMETRY
 10
-508.062
 20
-497.917
 40
3.511
 50
95.906
 51
102.995
  0
ARC
  8
APS_GEOMETRY
 10
-507.903
 20
-499.454
 40
5.055
 50
90.0
 51
95.906
  0
ARC
  8
APS_GEOMETRY
 10
-507.903
 20
-497.754
 40
3.356
 50
62.447
 51
90.0
  0
ARC
  8
APS_GEOMETRY
 10
-508.499
 20
-498.897
 40
4.645
 50
39.094
 51
62.447
  0
ARC
  8
APS_GEOMETRY
 10
-514.734
 20
-504.111
 40
12.772
 50
18.435
 51
39.611
  0
ARC
  8
APS_GEOMETRY
 10
-518.56
 20
-505.387
 40
16.806
 50
360.0
 51
18.435
  0
ARC
  8
APS_GEOMETRY
 10
-510.088
 20
-505.387
 40
8.333
 50
334.877
 51
360.0
  0
ARC
  8
APS_GEOMETRY
 10
-507.581
 20
-506.562
 40
5.565
 50
304.007
 51
334.877
  0
ARC
  8
APS_GEOMETRY
 10
-507.623
 20
-506.444
 40
5.686
 50
286.39
 51
303.69
  0
ARC
  8
APS_GEOMETRY
 10
-507.805
 20
-505.826
 40
6.33
 50
270.0
 51
286.39
  0
ARC
  8
APS_GEOMETRY
 10
-507.805
 20
-505.9
 40
6.257
 50
255.155
 51
270.0
  0
ARC
  8
APS_GEOMETRY
 10
-508.49
 20
-508.485
 40
3.581
 50
235.491
 51
255.155
  0
ARC
  8
APS_GEOMETRY
 10
-508.146
 20
-507.985
 40
4.189
 50
218.48
 51
235.491
  0
ARC
  8
APS_GEOMETRY
 10
-502.525
 20
-503.517
 40
11.369
 50
208.179
 51
218.48
  0
ARC
  8
APS_GEOMETRY
 10
-560.15
 20
-534.796
 40
54.198
 50
28.56
 51
31.664
  0
ARC
  8
APS_GEOMETRY
 10
-524.938
 20
-513.08
 40
12.827
 50
31.664
 51
38.047
  0
ARC
  8
APS_GEOMETRY
 10
-522.377
 20
-511.076
 40
9.576
 50
38.047
 51
46.56
  0
ARC
  8
APS_GEOMETRY
 10
-523.708
 20
-512.481
 40
11.512
 50
46.56
 51
54.324
  0
ARC
  8
APS_GEOMETRY
 10
-524.476
 20
-513.803
 40
13.034
 50
54.968
 51
71.48
  0
ARC
  8
APS_GEOMETRY
 10
-523.633
 20
-511.286
 40
10.38
 50
71.48
 51
90.0
  0
ARC
  8
APS_GEOMETRY
 10
-523.633
 20
-508.157
 40
7.251
 50
90.0
 51
114.63
  0
ARC
  8
APS_GEOMETRY
 10
-523.997
 20
-507.363
 40
6.377
 50
114.63
 51
140.921
  0
ARC
  8
APS_GEOMETRY
 10
-522.922
 20
-508.236
 40
7.763
 50
140.921
 51
163.13
  0
ARC
  8
APS_GEOMETRY
 10
-517.544
 20
-509.867
 40
13.382
 50
163.13
 51
180.0
  0
ARC
  8
APS_GEOMETRY
 10
-510.571
 20
-509.867
 40
20.355
 50
180.0
 51
195.44
  0
ARC
  8
APS_GEOMETRY
 10
-511.629
 20
-510.159
 40
19.258
 50
195.44
 51
211.316
  0
ARC
  8
APS_GEOMETRY
 10
-516.718
 20
-513.148
 40
13.357
 50
211.708
 51
240.457
  0
ARC
  8
APS_GEOMETRY
 10
-517.06
 20
-513.752
 40
12.663
 50
240.457
 51
270.0
  0
ARC
  8
APS_GEOMETRY
 10
-517.06
 20
-510.664
 40
15.751
 50
270.0
 51
279.549
  0
ARC
  8
APS_GEOMETRY
 10
-517.256
 20
-509.5
 40
16.931
 50
279.549
 51
288.759
  0
ARC
  8
APS_GEOMETRY
 10
-516.43
 20
-511.931
 40
14.364
 50
288.759
 51
299.545
  0
ARC
  8
APS_GEOMETRY
 10
-513.121
 20
-517.77
 40
7.652
 50
299.545
 51
314.341
  0
ARC
  8
APS_GEOMETRY
 10
-502.885
 20
-528.401
 40
7.105
 50
120.141
 51
133.452
  0
ARC
  8
APS_GEOMETRY
 10
-505.744
 20
-523.477
 40
1.412
 50
90.0
 51
120.141
  0
ARC
  8
APS_GEOMETRY
 10
-505.744
 20
-524.295
 40
2.23
 50
61.952
 51
90.0
  0
ARC
  8
APS_GEOMETRY
 10
-506.076
 20
-524.918
 40
2.936
 50
37.569
 51
61.952
  0
ARC
  8
APS_GEOMETRY
 10
-506.696
 20
-525.395
 40
3.717
 50
17.665
 51
37.569
  0
ARC
  8
APS_GEOMETRY
 10
-507.64
 20
-525.695
 40
4.709
 50
360.0
 51
17.665
  0
ARC
  8
APS_GEOMETRY
 10
-510.012
 20
-525.695
 40
7.081
 50
344.932
 51
360.0
  0
ARC
  8
APS_GEOMETRY
 10
-516.31
 20
-524.0
 40
13.603
 50
334.075
 51
344.932
  0
ARC
  8
APS_GEOMETRY
 10
-516.509
 20
-523.904
 40
13.823
 50
323.374
 51
334.075
  0
ARC
  8
APS_GEOMETRY
 10
-512.445
 20
-526.924
 40
8.76
 50
309.92
 51
323.374
  0
ARC
  8
APS_GEOMETRY
 10
-508.384
 20
-531.715
 40
2.48
 50
289.026
 51
308.991
  0
ARC
  8
APS_GEOMETRY
 10
-512.717
 20
-519.15
 40
15.771
 50
281.143
 51
289.026
  0
ARC
  8
APS_GEOMETRY
 10
-508.323
 20
-541.931
 40
7.431
 50
100.437
 51
110.12
  0
ARC
  8
APS_GEOMETRY
 10
-502.502
 20
-557.821
 40
24.353
 50
110.12
 51
115.463
  0
ARC
  8
APS_GEOMETRY
 10
-523.283
 20
-514.341
 40
23.838
 50
282.94
 51
295.628
  0
ARC
  8
APS_GEOMETRY
 10
-523.077
 20
-515.235
 40
22.921
 50
270.0
 51
282.94
  0
ARC
  8
APS_GEOMETRY
 10
-523.077
 20
-513.881
 40
24.275
 50
257.307
 51
270.0
  0
ARC
  8
APS_GEOMETRY
 10
-522.053
 20
-509.331
 40
28.939
 50
245.686
 51
257.307
  0
ARC
  8
APS_GEOMETRY
 10
-524.623
 20
-514.972
 40
22.739
 50
228.801
 51
245.735
  0
ARC
  8
APS_GEOMETRY
 10
-524.58
 20
-514.923
 40
22.805
 50
211.891
 51
228.801
  0
ARC
  8
APS_GEOMETRY
 10
-523.232
 20
-513.953
 40
24.462
 50
196.728
 51
212.152
  0
ARC
  8
APS_GEOMETRY
 10
-526.72
 20
-515.001
 40
20.82
 50
180.0
 51
196.728
  0
ARC
  8
APS_GEOMETRY
 10
-526.212
 20
-515.001
 40
21.327
 50
161.184
 51
180.0
  0
ARC
  8
APS_GEOMETRY
 10
-524.844
 20
-515.468
 40
22.773
 50
142.98
 51
161.184
  0
ARC
  8
APS_GEOMETRY
 10
-523.78
 20
-516.282
 40
24.112
 50
127.824
 51
142.958
  0
ARC
  8
APS_GEOMETRY
 10
-522.026
 20
-518.541
 40
26.973
 50
113.52
 51
127.824
  0
ARC
  8
APS_GEOMETRY
 10
-522.597
 20
-517.222
 40
25.535
 50
101.927
 51
113.527
  0
ARC
  8
APS_GEOMETRY
 10
-522.881
 20
-515.877
 40
24.161
 50
90.0
 51
101.927
  0
ARC
  8
APS_GEOMETRY
 10
-472.4
 20
-517.498
 40
25.782
 50
71.91
 51
90.0
  0
ARC
  8
APS_GEOMETRY
 10
-471.401
 20
-514.441
 40
22.566
 50
52.561
 51
71.91
  0
ARC
  8
APS_GEOMETRY
 10
-471.663
 20
-514.517
 40
22.786
 50
38.846
 51
52.156
  0
ARC
  8
APS_GEOMETRY
 10
-475.235
 20
-517.394
 40
27.372
 50
26.707
 51
38.846
  0
ARC
  8
APS_GEOMETRY
 10
-474.528
 20
-516.816
 40
26.482
 50
13.868
 51
26.278
  0
ARC
  8
APS_GEOMETRY
 10
-469.428
 20
-515.557
 40
21.229
 50
360.0
 51
13.868
  0
ARC
  8
APS_GEOMETRY
 10
-469.098
 20
-515.557
 40
20.899
 50
339.712
 51
360.0
  0
ARC
  8
APS_GEOMETRY
 10
-470.275
 20
-515.122
 40
22.153
 50
320.013
 51
339.712
  0
ARC
  8
APS_GEOMETRY
 10
-470.47
 20
-515.015
 40
22.372
 50
303.344
 51
320.123
  0
ARC
  8
APS_GEOMETRY
 10
-472.765
 20
-511.526
 40
26.548
 50
287.949
 51
303.344
  0
ARC
  8
APS_GEOMETRY
 10
-473.52
 20
-508.911
 40
29.269
 50
279.039
 51
287.776
  0
ARC
  8
APS_GEOMETRY
 10
-473.217
 20
-510.81
 40
27.346
 50
270.0
 51
279.039
  0
ARC
  8
APS_GEOMETRY
 10
-473.217
 20
-512.145
 40
26.011
 50
257.728
 51
270.0
  0
ARC
  8
APS_GEOMETRY
 10
-473.177
 20
-511.956
 40
26.203
 50
245.501
 51
257.728
  0
ARC
  8
APS_GEOMETRY
 10
-474.649
 20
-515.179
 40
22.66
 50
228.665
 51
245.511
  0
ARC
  8
APS_GEOMETRY
 10
-475.139
 20
-515.736
 40
21.918
 50
211.535
 51
228.665
  0
ARC
  8
APS_GEOMETRY
 10
-474.497
 20
-515.265
 40
22.712
 50
195.642
 51
211.701
  0
ARC
  8
APS_GEOMETRY
 10
-473.323
 20
-514.936
 40
23.931
 50
180.0
 51
195.642
  0
ARC
  8
APS_GEOMETRY
 10
-473.072
 20
-514.936
 40
24.183
 50
162.181
 51
180.0
  0
ARC
  8
APS_GEOMETRY
 10
-475.278
 20
-514.227
 40
21.865
 50
143.434
 51
162.181
  0
ARC
  8
APS_GEOMETRY
 10
-475.575
 20
-513.989
 40
21.485
 50
126.384
 51
143.471
  0
ARC
  8
APS_GEOMETRY
 10
-473.541
 20
-516.75
 40
24.914
 50
110.525
 51
126.384
  0
ARC
  8
APS_GEOMETRY
 10
-473.642
 20
-516.0
 40
24.177
 50
99.77
 51
110.925
  0
ARC
  8
APS_GEOMETRY
 10
-472.4
 20
-523.212
 40
31.496
 50
90.0
 51
99.77
  0
ARC
  8
APS_GEOMETRY
 10
-475.507
 20
-505.91
 40
4.807
 50
90.0
 51
119.604
  0
ARC
  8
APS_GEOMETRY
 10
-475.086
 20
-506.651
 40
5.659
 50
119.604
 51
146.842
  0
ARC
  8
APS_GEOMETRY
 10
-474.24
 20
-507.344
 40
6.748
 50
145.84
 51
164.055
  0
ARC
  8
APS_GEOMETRY
 10
-472.278
 20
-507.905
 40
8.788
 50
164.055
 51
180.0
  0
ARC
  8
APS_GEOMETRY
 10
-460.014
 20
-507.905
 40
21.053
 50
180.0
 51
189.977
  0
ARC
  8
APS_GEOMETRY
 10
-441.362
 20
-504.624
 40
39.991
 50
189.977
 51
197.211
  0
ARC
  8
APS_GEOMETRY
 10
-437.283
 20
-503.36
 40
44.261
 50
197.211
 51
203.76
  0
ARC
  8
APS_GEOMETRY
 10
-447.445
 20
-507.834
 40
33.157
 50
203.76
 51
211.329
  0
ARC
  8
APS_GEOMETRY
 10
-468.314
 20
-520.358
 40
8.821
 50
212.32
 51
224.441
  0
ARC
  8
APS_GEOMETRY
 10
-469.169
 20
-521.197
 40
7.623
 50
224.441
 51
237.484
  0
ARC
  8
APS_GEOMETRY
 10
-469.722
 20
-522.064
 40
6.595
 50
237.484
 51
252.416
  0
ARC
  8
APS_GEOMETRY
 10
-470.274
 20
-523.807
 40
4.766
 50
252.416
 51
270.0
  0
ARC
  8
APS_GEOMETRY
 10
-470.274
 20
-523.242
 40
5.331
 50
270.0
 51
294.953
  0
ARC
  8
APS_GEOMETRY
 10
-470.125
 20
-523.563
 40
4.977
 50
294.953
 51
320.793
  0
ARC
  8
APS_GEOMETRY
 10
-470.925
 20
-522.91
 40
6.011
 50
320.793
 51
342.777
  0
ARC
  8
APS_GEOMETRY
 10
-474.493
 20
-521.804
 40
9.746
 50
342.777
 51
0.0
  0
ARC
  8
APS_GEOMETRY
 10
-491.254
 20
-521.804
 40
26.507
 50
0.0
 51
8.499
  0
ARC
  8
APS_GEOMETRY
 10
-502.922
 20
-523.547
 40
38.304
 50
8.499
 51
15.566
  0
ARC
  8
APS_GEOMETRY
 10
-501.519
 20
-523.156
 40
36.848
 50
15.566
 51
22.909
  0
ARC
  8
APS_GEOMETRY
 10
-489.455
 20
-518.058
 40
23.751
 50
22.909
 51
32.057
  0
ARC
  8
APS_GEOMETRY
 10
-479.979
 20
-512.089
 40
12.552
 50
31.921
 51
42.51
  0
ARC
  8
APS_GEOMETRY
 10
-477.377
 20
-509.703
 40
9.022
 50
42.51
 51
55.008
  0
ARC
  8
APS_GEOMETRY
 10
-476.499
 20
-508.448
 40
7.489
 50
55.008
 51
69.88
  0
ARC
  8
APS_GEOMETRY
 10
-475.71
 20
-506.297
 40
5.198
 50
69.88
 51
87.754
  0
ARC
  8
APS_GEOMETRY
 10
-419.041
 20
-512.98
 40
21.264
 50
77.257
 51
90.0
  0
ARC
  8
APS_GEOMETRY
 10
-419.257
 20
-513.936
 40
22.243
 50
64.799
 51
77.257
  0
ARC
  8
APS_GEOMETRY
 10
-400.939
 20
-474.937
 40
20.843
 50
244.885
 51
251.175
  0
ARC
  8
APS_GEOMETRY
 10
-406.908
 20
-492.445
 40
2.346
 50
251.175
 51
270.0
  0
ARC
  8
APS_GEOMETRY
 10
-406.908
 20
-490.984
 40
3.806
 50
270.0
 51
278.82
  0
ARC
  8
APS_GEOMETRY
 10
-409.367
 20
-475.137
 40
19.844
 50
278.82
 51
282.68
  0
ARC
  8
APS_GEOMETRY
 10
-404.222
 20
-497.917
 40
3.511
 50
95.906
 51
102.995
  0
ARC
  8
APS_GEOMETRY
 10
-404.063
 20
-499.454
 40
5.055
 50
90.0
 51
95.906
  0
ARC
  8
APS_GEOMETRY
 10
-404.063
 20
-497.754
 40
3.356
 50
62.447
 51
90.0
  0
ARC
  8
APS_GEOMETRY
 10
-404.659
 20
-498.897
 40
4.645
 50
39.094
 51
62.447
  0
ARC
  8
APS_GEOMETRY
 10
-410.894
 20
-504.111
 40
12.772
 50
18.435
 51
39.611
  0
ARC
  8
APS_GEOMETRY
 10
-414.72
 20
-505.387
 40
16.806
 50
360.0
 51
18.435
  0
ARC
  8
APS_GEOMETRY
 10
-406.248
 20
-505.387
 40
8.333
 50
334.877
 51
360.0
  0
ARC
  8
APS_GEOMETRY
 10
-403.741
 20
-506.562
 40
5.565
 50
304.007
 51
334.877
  0
ARC
  8
APS_GEOMETRY
 10
-403.783
 20
-506.444
 40
5.686
 50
286.39
 51
303.69
  0
ARC
  8
APS_GEOMETRY
 10
-403.965
 20
-505.826
 40
6.33
 50
270.0
 51
286.39
  0
ARC
  8
APS_GEOMETRY
 10
-403.965
 20
-505.9
 40
6.257
 50
255.155
 51
270.0
  0
ARC
  8
APS_GEOMETRY
 10
-404.65
 20
-508.485
 40
3.581
 50
235.491
 51
255.155
  0
ARC
  8
APS_GEOMETRY
 10
-404.306
 20
-507.985
 40
4.189
 50
218.48
 51
235.491
  0
ARC
  8
APS_GEOMETRY
 10
-398.685
 20
-503.517
 40
11.369
 50
208.179
 51
218.48
  0
ARC
  8
APS_GEOMETRY
 10
-456.31
 20
-534.796
 40
54.198
 50
28.56
 51
31.664
  0
ARC
  8
APS_GEOMETRY
 10
-421.097
 20
-513.08
 40
12.827
 50
31.664
 51
38.047
  0
ARC
  8
APS_GEOMETRY
 10
-418.537
 20
-511.076
 40
9.576
 50
38.047
 51
46.56
  0
ARC
  8
APS_GEOMETRY
 10
-419.868
 20
-512.481
 40
11.512
 50
46.56
 51
54.324
  0
ARC
  8
APS_GEOMETRY
 10
-420.636
 20
-513.803
 40
13.034
 50
54.968
 51
71.48
  0
ARC
  8
APS_GEOMETRY
 10
-419.793
 20
-511.286
 40
10.38
 50
71.48
 51
90.0
  0
ARC
  8
APS_GEOMETRY
 10
-419.793
 20
-508.157
 40
7.251
 50
90.0
 51
114.63
  0
ARC
  8
APS_GEOMETRY
 10
-420.157
 20
-507.363
 40
6.377
 50
114.63
 51
140.921
  0
ARC
  8
APS_GEOMETRY
 10
-419.081
 20
-508.236
 40
7.763
 50
140.921
 51
163.13
  0
ARC
  8
APS_GEOMETRY
 10
-413.704
 20
-509.867
 40
13.382
 50
163.13
 51
180.0
  0
ARC
  8
APS_GEOMETRY
 10
-406.73
 20
-509.867
 40
20.355
 50
180.0
 51
195.44
  0
ARC
  8
APS_GEOMETRY
 10
-407.789
 20
-510.159
 40
19.258
 50
195.44
 51
211.316
  0
ARC
  8
APS_GEOMETRY
 10
-412.878
 20
-513.148
 40
13.357
 50
211.708
 51
240.457
  0
ARC
  8
APS_GEOMETRY
 10
-413.22
 20
-513.752
 40
12.663
 50
240.457
 51
270.0
  0
ARC
  8
APS_GEOMETRY
 10
-413.22
 20
-510.664
 40
15.751
 50
270.0
 51
279.549
  0
ARC
  8
APS_GEOMETRY
 10
-413.415
 20
-509.5
 40
16.931
 50
279.549
 51
288.759
  0
ARC
  8
APS_GEOMETRY
 10
-412.59
 20
-511.931
 40
14.364
 50
288.759
 51
299.545
  0
ARC
  8
APS_GEOMETRY
 10
-409.28
 20
-517.77
 40
7.652
 50
299.545
 51
314.341
  0
ARC
  8
APS_GEOMETRY
 10
-399.045
 20
-528.401
 40
7.105
 50
120.141
 51
133.452
  0
ARC
  8
APS_GEOMETRY
 10
-401.904
 20
-523.477
 40
1.412
 50
90.0
 51
120.141
  0
ARC
  8
APS_GEOMETRY
 10
-401.904
 20
-524.295
 40
2.23
 50
61.952
 51
90.0
  0
ARC
  8
APS_GEOMETRY
 10
-402.236
 20
-524.918
 40
2.936
 50
37.569
 51
61.952
  0
ARC
  8
APS_GEOMETRY
 10
-402.856
 20
-525.395
 40
3.717
 50
17.665
 51
37.569
  0
ARC
  8
APS_GEOMETRY
 10
-403.8
 20
-525.695
 40
4.709
 50
360.0
 51
17.665
  0
ARC
  8
APS_GEOMETRY
 10
-406.172
 20
-525.695
 40
7.081
 50
344.932
 51
360.0
  0
ARC
  8
APS_GEOMETRY
 10
-412.47
 20
-524.0
 40
13.603
 50
334.075
 51
344.932
  0
ARC
  8
APS_GEOMETRY
 10
-412.668
 20
-523.904
 40
13.823
 50
323.374
 51
334.075
  0
ARC
  8
APS_GEOMETRY
 10
-408.605
 20
-526.924
 40
8.76
 50
309.92
 51
323.374
  0
ARC
  8
APS_GEOMETRY
 10
-404.544
 20
-531.715
 40
2.48
 50
289.026
 51
308.991
  0
ARC
  8
APS_GEOMETRY
 10
-408.877
 20
-519.15
 40
15.771
 50
281.143
 51
289.026
  0
ARC
  8
APS_GEOMETRY
 10
-404.483
 20
-541.931
 40
7.431
 50
100.437
 51
110.12
  0
ARC
  8
APS_GEOMETRY
 10
-398.661
 20
-557.821
 40
24.353
 50
110.12
 51
115.463
  0
ARC
  8
APS_GEOMETRY
 10
-419.443
 20
-514.341
 40
23.838
 50
282.94
 51
295.628
  0
ARC
  8
APS_GEOMETRY
 10
-419.237
 20
-515.235
 40
22.921
 50
270.0
 51
282.94
  0
ARC
  8
APS_GEOMETRY
 10
-419.237
 20
-513.881
 40
24.275
 50
257.307
 51
270.0
  0
ARC
  8
APS_GEOMETRY
 10
-418.212
 20
-509.331
 40
28.939
 50
245.686
 51
257.307
  0
ARC
  8
APS_GEOMETRY
 10
-420.783
 20
-514.972
 40
22.739
 50
228.801
 51
245.735
  0
ARC
  8
APS_GEOMETRY
 10
-420.74
 20
-514.923
 40
22.805
 50
211.891
 51
228.801
  0
ARC
  8
APS_GEOMETRY
 10
-419.392
 20
-513.953
 40
24.462
 50
196.728
 51
212.152
  0
ARC
  8
APS_GEOMETRY
 10
-422.88
 20
-515.001
 40
20.82
 50
180.0
 51
196.728
  0
ARC
  8
APS_GEOMETRY
 10
-422.372
 20
-515.001
 40
21.327
 50
161.184
 51
180.0
  0
ARC
  8
APS_GEOMETRY
 10
-421.004
 20
-515.468
 40
22.773
 50
142.98
 51
161.184
  0
ARC
  8
APS_GEOMETRY
 10
-419.94
 20
-516.282
 40
24.112
 50
127.824
 51
142.958
  0
ARC
  8
APS_GEOMETRY
 10
-418.186
 20
-518.541
 40
26.973
 50
113.52
 51
127.824
  0
ARC
  8
APS_GEOMETRY
 10
-418.757
 20
-517.222
 40
25.535
 50
101.927
 51
113.527
  0
ARC
  8
APS_GEOMETRY
 10
-419.041
 20
-515.877
 40
24.161
 50
90.0
 51
101.927
  0
ARC
  8
APS_GEOMETRY
 10
-368.56
 20
-517.498
 40
25.782
 50
71.91
 51
90.0
  0
ARC
  8
APS_GEOMETRY
 10
-367.561
 20
-514.441
 40
22.566
 50
52.561
 51
71.91
  0
ARC
  8
APS_GEOMETRY
 10
-367.823
 20
-514.517
 40
22.786
 50
38.846
 51
52.156
  0
ARC
  8
APS_GEOMETRY
 10
-371.395
 20
-517.394
 40
27.372
 50
26.707
 51
38.846
  0
ARC
  8
APS_GEOMETRY
 10
-370.688
 20
-516.816
 40
26.482
 50
13.868
 51
26.278
  0
ARC
  8
APS_GEOMETRY
 10
-365.588
 20
-515.557
 40
21.229
 50
360.0
 51
13.868
  0
ARC
  8
APS_GEOMETRY
 10
-365.258
 20
-515.557
 40
20.899
 50
339.712
 51
360.0
  0
ARC
  8
APS_GEOMETRY
 10
-366.434
 20
-515.122
 40
22.153
 50
320.013
 51
339.712
  0
ARC
  8
APS_GEOMETRY
 10
-366.629
 20
-515.015
 40
22.372
 50
303.344
 51
320.123
  0
ARC
  8
APS_GEOMETRY
 10
-368.925
 20
-511.526
 40
26.548
 50
287.949
 51
303.344
  0
ARC
  8
APS_GEOMETRY
 10
-369.679
 20
-508.911
 40
29.269
 50
279.039
 51
287.776
  0
ARC
  8
APS_GEOMETRY
 10
-369.377
 20
-510.81
 40
27.346
 50
270.0
 51
279.039
  0
ARC
  8
APS_GEOMETRY
 10
-369.377
 20
-512.145
 40
26.011
 50
257.728
 51
270.0
  0
ARC
  8
APS_GEOMETRY
 10
-369.336
 20
-511.956
 40
26.203
 50
245.501
 51
257.728
  0
ARC
  8
APS_GEOMETRY
 10
-370.809
 20
-515.179
 40
22.66
 50
228.665
 51
245.511
  0
ARC
  8
APS_GEOMETRY
 10
-371.299
 20
-515.736
 40
21.918
 50
211.535
 51
228.665
  0
ARC
  8
APS_GEOMETRY
 10
-370.657
 20
-515.265
 40
22.712
 50
195.642
 51
211.701
  0
ARC
  8
APS_GEOMETRY
 10
-369.483
 20
-514.936
 40
23.931
 50
180.0
 51
195.642
  0
ARC
  8
APS_GEOMETRY
 10
-369.232
 20
-514.936
 40
24.183
 50
162.181
 51
180.0
  0
ARC
  8
APS_GEOMETRY
 10
-371.438
 20
-514.227
 40
21.865
 50
143.434
 51
162.181
  0
ARC
  8
APS_GEOMETRY
 10
-371.735
 20
-513.989
 40
21.485
 50
126.384
 51
143.471
  0
ARC
  8
APS_GEOMETRY
 10
-369.701
 20
-516.75
 40
24.914
 50
110.525
 51
126.384
  0
ARC
  8
APS_GEOMETRY
 10
-369.802
 20
-516.0
 40
24.177
 50
99.77
 51
110.925
  0
ARC
  8
APS_GEOMETRY
 10
-368.56
 20
-523.212
 40
31.496
 50
90.0
 51
99.77
  0
ARC
  8
APS_GEOMETRY
 10
-371.667
 20
-505.91
 40
4.807
 50
90.0
 51
119.604
  0
ARC
  8
APS_GEOMETRY
 10
-371.246
 20
-506.651
 40
5.659
 50
119.604
 51
146.842
  0
ARC
  8
APS_GEOMETRY
 10
-370.399
 20
-507.344
 40
6.748
 50
145.84
 51
164.055
  0
ARC
  8
APS_GEOMETRY
 10
-368.438
 20
-507.905
 40
8.788
 50
164.055
 51
180.0
  0
ARC
  8
APS_GEOMETRY
 10
-356.174
 20
-507.905
 40
21.053
 50
180.0
 51
189.977
  0
ARC
  8
APS_GEOMETRY
 10
-337.522
 20
-504.624
 40
39.991
 50
189.977
 51
197.211
  0
ARC
  8
APS_GEOMETRY
 10
-333.443
 20
-503.36
 40
44.261
 50
197.211
 51
203.76
  0
ARC
  8
APS_GEOMETRY
 10
-343.605
 20
-507.834
 40
33.157
 50
203.76
 51
211.329
  0
ARC
  8
APS_GEOMETRY
 10
-364.473
 20
-520.358
 40
8.821
 50
212.32
 51
224.441
  0
ARC
  8
APS_GEOMETRY
 10
-365.329
 20
-521.197
 40
7.623
 50
224.441
 51
237.484
  0
ARC
  8
APS_GEOMETRY
 10
-365.882
 20
-522.064
 40
6.595
 50
237.484
 51
252.416
  0
ARC
  8
APS_GEOMETRY
 10
-366.434
 20
-523.807
 40
4.766
 50
252.416
 51
270.0
  0
ARC
  8
APS_GEOMETRY
 10
-366.434
 20
-523.242
 40
5.331
 50
270.0
 51
294.953
  0
ARC
  8
APS_GEOMETRY
 10
-366.285
 20
-523.563
 40
4.977
 50
294.953
 51
320.793
  0
ARC
  8
APS_GEOMETRY
 10
-367.085
 20
-522.91
 40
6.011
 50
320.793
 51
342.777
  0
ARC
  8
APS_GEOMETRY
 10
-370.653
 20
-521.804
 40
9.746
 50
342.777
 51
0.0
  0
ARC
  8
APS_GEOMETRY
 10
-387.414
 20
-521.804
 40
26.507
 50
0.0
 51
8.499
  0
ARC
  8
APS_GEOMETRY
 10
-399.082
 20
-523.547
 40
38.304
 50
8.499
 51
15.566
  0
ARC
  8
APS_GEOMETRY
 10
-397.679
 20
-523.156
 40
36.848
 50
15.566
 51
22.909
  0
ARC
  8
APS_GEOMETRY
 10
-385.615
 20
-518.058
 40
23.751
 50
22.909
 51
32.057
  0
ARC
  8
APS_GEOMETRY
 10
-376.139
 20
-512.089
 40
12.552
 50
31.921
 51
42.51
  0
ARC
  8
APS_GEOMETRY
 10
-373.537
 20
-509.703
 40
9.022
 50
42.51
 51
55.008
  0
ARC
  8
APS_GEOMETRY
 10
-372.658
 20
-508.448
 40
7.489
 50
55.008
 51
69.88
  0
ARC
  8
APS_GEOMETRY
 10
-371.87
 20
-506.297
 40
5.198
 50
69.88
 51
87.754
  0
ARC
  8
APS_GEOMETRY
 10
-318.046
 20
-520.92
 40
2.42
 50
90.0
 51
115.837
  0
ARC
  8
APS_GEOMETRY
 10
-318.642
 20
-519.69
 40
1.053
 50
115.837
 51
155.462
  0
ARC
  8
APS_GEOMETRY
 10
-317.946
 20
-520.007
 40
1.817
 50
155.462
 51
168.366
  0
ARC
  8
APS_GEOMETRY
 10
-311.6
 20
-521.314
 40
8.296
 50
168.366
 51
174.395
  0
ARC
  8
APS_GEOMETRY
 10
-305.205
 20
-521.942
 40
14.722
 50
174.395
 51
177.813
  0
ARC
  8
APS_GEOMETRY
 10
-283.976
 20
-522.752
 40
35.966
 50
177.813
 51
180.0
  0
ARC
  8
APS_GEOMETRY
 10
-268.608
 20
-522.752
 40
51.335
 50
180.0
 51
184.62
  0
ARC
  8
APS_GEOMETRY
 10
-303.028
 20
-525.533
 40
16.803
 50
184.62
 51
192.7
  0
ARC
  8
APS_GEOMETRY
 10
-316.298
 20
-528.447
 40
3.218
 50
194.036
 51
205.821
  0
ARC
  8
APS_GEOMETRY
 10
-317.703
 20
-529.127
 40
1.656
 50
205.821
 51
222.274
  0
ARC
  8
APS_GEOMETRY
 10
-317.273
 20
-528.736
 40
2.238
 50
222.274
 51
234.605
  0
ARC
  8
APS_GEOMETRY
 10
-312.412
 20
-521.895
 40
10.63
 50
234.605
 51
240.255
  0
ARC
  8
APS_GEOMETRY
 10
-319.801
 20
-534.97
 40
4.389
 50
34.592
 51
61.189
  0
ARC
  8
APS_GEOMETRY
 10
-318.351
 20
-533.969
 40
2.627
 50
360.0
 51
34.592
  0
ARC
  8
APS_GEOMETRY
 10
-318.263
 20
-533.969
 40
2.539
 50
318.231
 51
360.0
  0
ARC
  8
APS_GEOMETRY
 10
-319.961
 20
-532.453
 40
4.816
 50
288.227
 51
318.231
  0
ARC
  8
APS_GEOMETRY
 10
-321.723
 20
-527.105
 40
10.446
 50
280.377
 51
288.227
  0
ARC
  8
APS_GEOMETRY
 10
-324.792
 20
-510.341
 40
27.489
 50
275.541
 51
280.377
  0
ARC
  8
APS_GEOMETRY
 10
-326.115
 20
-496.704
 40
41.19
 50
272.304
 51
275.541
  0
ARC
  8
APS_GEOMETRY
 10
-327.726
 20
-456.668
 40
81.259
 50
270.0
 51
272.304
  0
ARC
  8
APS_GEOMETRY
 10
-327.726
 20
-490.127
 40
47.8
 50
262.811
 51
270.0
  0
ARC
  8
APS_GEOMETRY
 10
-332.015
 20
-524.133
 40
13.524
 50
249.274
 51
262.811
  0
ARC
  8
APS_GEOMETRY
 10
-334.713
 20
-531.263
 40
5.901
 50
221.379
 51
249.274
  0
ARC
  8
APS_GEOMETRY
 10
-337.08
 20
-533.348
 40
2.747
 50
180.0
 51
221.379
  0
ARC
  8
APS_GEOMETRY
 10
-337.098
 20
-533.348
 40
2.728
 50
164.055
 51
180.0
  0
ARC
  8
APS_GEOMETRY
 10
-338.235
 20
-533.023
 40
1.546
 50
142.815
 51
164.055
  0
ARC
  8
APS_GEOMETRY
 10
-337.52
 20
-533.566
 40
2.444
 50
129.007
 51
142.815
  0
ARC
  8
APS_GEOMETRY
 10
-328.728
 20
-544.42
 40
16.412
 50
123.69
 51
129.007
  0
ARC
  8
APS_GEOMETRY
 10
-341.204
 20
-525.648
 40
6.128
 50
303.389
 51
319.022
  0
ARC
  8
APS_GEOMETRY
 10
-339.546
 20
-527.088
 40
3.932
 50
319.022
 51
338.575
  0
ARC
  8
APS_GEOMETRY
 10
-341.765
 20
-526.217
 40
6.316
 50
338.575
 51
351.049
  0
ARC
  8
APS_GEOMETRY
 10
-368.571
 20
-521.995
 40
33.452
 50
351.049
 51
356.46
  0
ARC
  8
APS_GEOMETRY
 10
-359.735
 20
-522.331
 40
24.613
 50
355.972
 51
358.68
  0
ARC
  8
APS_GEOMETRY
 10
-649.926
 20
-515.645
 40
314.881
 50
358.68
 51
359.437
  0
LINE
  8
APS_GEOMETRY
 10
-335.06
 11
-335.029
 20
-518.738
 21
-513.826
  0
LINE
  8
APS_GEOMETRY
 10
-335.029
 11
-335.019
 20
-513.826
 21
-507.414
  0
ARC
  8
APS_GEOMETRY
 10
-410.828
 20
-507.414
 40
75.809
 50
0.0
 51
1.717
  0
ARC
  8
APS_GEOMETRY
 10
-370.26
 20
-506.198
 40
35.223
 50
1.717
 51
4.236
  0
ARC
  8
APS_GEOMETRY
 10
-357.031
 20
-505.218
 40
21.957
 50
4.236
 51
8.269
  0
ARC
  8
APS_GEOMETRY
 10
-341.807
 20
-503.006
 40
6.573
 50
8.269
 51
15.642
  0
ARC
  8
APS_GEOMETRY
 10
-339.187
 20
-502.272
 40
3.853
 50
15.642
 51
39.417
  0
ARC
  8
APS_GEOMETRY
 10
-339.128
 20
-502.224
 40
3.776
 50
39.417
 51
63.435
  0
ARC
  8
APS_GEOMETRY
 10
-332.327
 20
-488.134
 40
11.869
 50
236.874
 51
244.486
  0
ARC
  8
APS_GEOMETRY
 10
-337.386
 20
-495.887
 40
2.611
 50
220.601
 51
236.874
  0
ARC
  8
APS_GEOMETRY
 10
-337.966
 20
-496.385
 40
1.847
 50
198.246
 51
220.601
  0
ARC
  8
APS_GEOMETRY
 10
-337.099
 20
-496.099
 40
2.761
 50
180.0
 51
198.246
  0
ARC
  8
APS_GEOMETRY
 10
-337.112
 20
-496.099
 40
2.748
 50
156.161
 51
180.0
  0
ARC
  8
APS_GEOMETRY
 10
-336.728
 20
-496.268
 40
3.167
 50
133.977
 51
156.161
  0
ARC
  8
APS_GEOMETRY
 10
-335.965
 20
-497.059
 40
4.266
 50
116.996
 51
133.977
  0
ARC
  8
APS_GEOMETRY
 10
-334.448
 20
-500.037
 40
7.608
 50
104.3
 51
116.996
  0
ARC
  8
APS_GEOMETRY
 10
-334.056
 20
-501.543
 40
9.164
 50
95.326
 51
104.349
  0
ARC
  8
APS_GEOMETRY
 10
-332.468
 20
-518.577
 40
26.272
 50
90.0
 51
95.326
  0
ARC
  8
APS_GEOMETRY
 10
-332.468
 20
-505.318
 40
13.013
 50
87.553
 51
90.0
  0
ARC
  8
APS_GEOMETRY
 10
-335.237
 20
-570.106
 40
77.86
 50
86.553
 51
87.553
  0
ARC
  8
APS_GEOMETRY
 10
-339.173
 20
-635.452
 40
143.325
 50
86.009
 51
86.553
  0
ARC
  8
APS_GEOMETRY
 10
-354.481
 20
-854.866
 40
363.271
 50
85.668
 51
86.009
  0
ARC
  8
APS_GEOMETRY
 10
-325.833
 20
-477.555
 40
15.125
 50
265.426
 51
268.531
  0
ARC
  8
APS_GEOMETRY
 10
-324.489
 20
-425.112
 40
67.586
 50
268.531
 51
270.0
  0
ARC
  8
APS_GEOMETRY
 10
-324.489
 20
-441.187
 40
51.511
 50
270.0
 51
271.637
  0
ARC
  8
APS_GEOMETRY
 10
-325.64
 20
-400.902
 40
91.812
 50
271.637
 51
272.862
  0
ARC
  8
APS_GEOMETRY
 10
-326.961
 20
-374.473
 40
118.274
 50
272.862
 51
273.814
  0
ARC
  8
APS_GEOMETRY
 10
-331.435
 20
-307.369
 40
185.527
 50
273.814
 51
274.574
  0
ARC
  8
APS_GEOMETRY
 10
-303.373
 20
-672.36
 40
180.543
 50
93.72
 51
94.214
  0
ARC
  8
APS_GEOMETRY
 10
-309.362
 20
-580.242
 40
88.23
 50
93.013
 51
93.72
  0
ARC
  8
APS_GEOMETRY
 10
-311.004
 20
-549.046
 40
56.991
 50
91.918
 51
93.013
  0
ARC
  8
APS_GEOMETRY
 10
-312.29
 20
-510.631
 40
18.554
 50
90.0
 51
91.918
  0
ARC
  8
APS_GEOMETRY
 10
-312.29
 20
-516.185
 40
24.109
 50
73.82
 51
90.0
  0
ARC
  8
APS_GEOMETRY
 10
-309.914
 20
-507.995
 40
15.581
 50
53.658
 51
73.82
  0
ARC
  8
APS_GEOMETRY
 10
-306.534
 20
-503.376
 40
9.857
 50
26.03
 51
53.569
  0
ARC
  8
APS_GEOMETRY
 10
-307.571
 20
-503.882
 40
11.012
 50
360.0
 51
26.03
  0
ARC
  8
APS_GEOMETRY
 10
-308.003
 20
-503.882
 40
11.443
 50
345.282
 51
360.0
  0
ARC
  8
APS_GEOMETRY
 10
-306.902
 20
-504.171
 40
10.305
 50
329.767
 51
345.282
  0
ARC
  8
APS_GEOMETRY
 10
-306.278
 20
-504.535
 40
9.583
 50
313.168
 51
329.767
  0
ARC
  8
APS_GEOMETRY
 10
-306.047
 20
-504.781
 40
9.246
 50
296.267
 51
313.168
  0
ARC
  8
APS_GEOMETRY
 10
-300.784
 20
-515.415
 40
2.62
 50
116.565
 51
139.899
  0
ARC
  8
APS_GEOMETRY
 10
-302.091
 20
-514.315
 40
0.911
 50
139.899
 51
180.0
  0
ARC
  8
APS_GEOMETRY
 10
-301.99
 20
-514.315
 40
1.013
 50
180.0
 51
226.193
  0
ARC
  8
APS_GEOMETRY
 10
-300.119
 20
-512.364
 40
3.715
 50
226.193
 51
249.829
  0
ARC
  8
APS_GEOMETRY
 10
-305.48
 20
-527.125
 40
11.989
 50
53.249
 51
70.105
  0
ARC
  8
APS_GEOMETRY
 10
-303.045
 20
-523.864
 40
7.919
 50
32.471
 51
53.249
  0
ARC
  8
APS_GEOMETRY
 10
-304.18
 20
-524.586
 40
9.264
 50
23.305
 51
32.471
  0
ARC
  8
APS_GEOMETRY
 10
-311.19
 20
-527.606
 40
16.897
 50
16.521
 51
23.305
  0
ARC
  8
APS_GEOMETRY
 10
-316.655
 20
-529.227
 40
22.598
 50
11.429
 51
16.521
  0
ARC
  8
APS_GEOMETRY
 10
-332.145
 20
-532.359
 40
38.401
 50
7.524
 51
11.429
  0
ARC
  8
APS_GEOMETRY
 10
-280.817
 20
-525.523
 40
13.38
 50
187.765
 51
196.914
  0
ARC
  8
APS_GEOMETRY
 10
-291.76
 20
-528.851
 40
1.942
 50
196.914
 51
221.082
  0
ARC
  8
APS_GEOMETRY
 10
-291.718
 20
-528.814
 40
1.997
 50
221.082
 51
244.607
  0
ARC
  8
APS_GEOMETRY
 10
-287.045
 20
-518.969
 40
12.896
 50
244.607
 51
253.811
  0
ARC
  8
APS_GEOMETRY
 10
-291.154
 20
-532.979
 40
1.705
 50
51.45
 51
72.474
  0
ARC
  8
APS_GEOMETRY
 10
-291.576
 20
-533.508
 40
2.382
 50
33.69
 51
51.45
  0
ARC
  8
APS_GEOMETRY
 10
-291.674
 20
-533.574
 40
2.5
 50
16.639
 51
33.69
  0
ARC
  8
APS_GEOMETRY
 10
-291.794
 20
-533.61
 40
2.625
 50
360.0
 51
16.639
  0
ARC
  8
APS_GEOMETRY
 10
-291.83
 20
-533.61
 40
2.662
 50
338.993
 51
360.0
  0
ARC
  8
APS_GEOMETRY
 10
-293.455
 20
-532.986
 40
4.402
 50
322.696
 51
338.993
  0
ARC
  8
APS_GEOMETRY
 10
-294.061
 20
-532.524
 40
5.164
 50
308.603
 51
322.696
  0
ARC
  8
APS_GEOMETRY
 10
-294.478
 20
-532.002
 40
5.831
 50
295.346
 51
308.603
  0
ARC
  8
APS_GEOMETRY
 10
-296.669
 20
-527.176
 40
11.131
 50
279.583
 51
294.905
  0
ARC
  8
APS_GEOMETRY
 10
-299.536
 20
-510.195
 40
28.353
 50
270.0
 51
279.583
  0
ARC
  8
APS_GEOMETRY
 10
-299.536
 20
-517.876
 40
20.672
 50
261.247
 51
270.0
  0
ARC
  8
APS_GEOMETRY
 10
-300.86
 20
-526.477
 40
11.97
 50
249.737
 51
261.247
  0
ARC
  8
APS_GEOMETRY
 10
-301.73
 20
-528.834
 40
9.457
 50
235.345
 51
249.737
  0
ARC
  8
APS_GEOMETRY
 10
-302.83
 20
-530.424
 40
7.524
 50
219.198
 51
235.345
  0
ARC
  8
APS_GEOMETRY
 10
-300.517
 20
-528.452
 40
10.563
 50
209.076
 51
219.56
  0
ARC
  8
APS_GEOMETRY
 10
-295.176
 20
-525.483
 40
16.674
 50
200.735
 51
209.076
  0
ARC
  8
APS_GEOMETRY
 10
-287.806
 20
-522.693
 40
24.554
 50
197.881
 51
200.735
  0
ARC
  8
APS_GEOMETRY
 10
-257.525
 20
-512.923
 40
56.372
 50
195.997
 51
197.881
  0
ARC
  8
APS_GEOMETRY
 10
-235.143
 20
-506.506
 40
79.656
 50
194.664
 51
195.997
  0
ARC
  8
APS_GEOMETRY
 10
-173.148
 20
-490.284
 40
143.738
 50
193.671
 51
194.664
  0
ARC
  8
APS_GEOMETRY
 10
-330.358
 20
-528.504
 40
18.051
 50
13.61
 51
23.585
  0
ARC
  8
APS_GEOMETRY
 10
-318.539
 20
-523.344
 40
5.155
 50
23.585
 51
42.31
  0
ARC
  8
APS_GEOMETRY
 10
-317.467
 20
-522.368
 40
3.705
 50
42.31
 51
67.521
  0
ARC
  8
APS_GEOMETRY
 10
-318.315
 20
-524.419
 40
5.924
 50
67.521
 51
87.397
  0
LINE
  8
APS_GEOMETRY
 10
-319.91
 11
-320.27
 20
-501.822
 21
-509.442
  0
LINE
  8
APS_GEOMETRY
 10
-320.27
 11
-320.27
 20
-509.442
 21
-509.564
  0
LINE
  8
APS_GEOMETRY
 10
-320.27
 11
-320.27
 20
-509.564
 21
-509.736
  0
ARC
  8
APS_GEOMETRY
 10
-314.976
 20
-509.736
 40
5.294
 50
180.0
 51
192.339
  0
ARC
  8
APS_GEOMETRY
 10
-319.185
 20
-510.657
 40
0.986
 50
192.339
 51
221.186
  0
ARC
  8
APS_GEOMETRY
 10
-319.285
 20
-510.745
 40
0.852
 50
221.186
 51
253.872
  0
ARC
  8
APS_GEOMETRY
 10
-318.569
 20
-508.269
 40
3.429
 50
253.872
 51
270.0
  0
ARC
  8
APS_GEOMETRY
 10
-318.569
 20
-503.728
 40
7.971
 50
270.0
 51
289.569
  0
ARC
  8
APS_GEOMETRY
 10
-317.12
 20
-507.804
 40
3.644
 50
289.569
 51
318.681
  0
ARC
  8
APS_GEOMETRY
 10
-317.512
 20
-507.46
 40
4.166
 50
318.681
 51
344.628
  0
ARC
  8
APS_GEOMETRY
 10
-324.815
 20
-505.452
 40
11.74
 50
344.628
 51
0.0
  0
ARC
  8
APS_GEOMETRY
 10
-321.343
 20
-505.452
 40
8.268
 50
0.0
 51
35.369
  0
ARC
  8
APS_GEOMETRY
 10
-317.555
 20
-502.763
 40
3.623
 50
35.369
 51
90.0
  0
ARC
  8
APS_GEOMETRY
 10
-317.555
 20
-502.803
 40
3.663
 50
90.0
 51
108.435
  0
ARC
  8
APS_GEOMETRY
 10
-318.268
 20
-500.665
 40
1.409
 50
108.435
 51
138.366
  0
ARC
  8
APS_GEOMETRY
 10
-318.077
 20
-500.835
 40
1.665
 50
138.366
 51
164.291
  0
ARC
  8
APS_GEOMETRY
 10
-313.592
 20
-502.097
 40
6.324
 50
164.291
 51
177.51
  0
LINE
  8
APS_GEOMETRY
 10
-261.691
 11
-245.405
 20
-494.202
 21
-508.461
  0
ARC
  8
APS_GEOMETRY
 10
-230.173
 20
-490.981
 40
23.185
 50
228.93
 51
232.674
  0
ARC
  8
APS_GEOMETRY
 10
-238.647
 20
-502.094
 40
9.21
 50
232.674
 51
238.617
  0
ARC
  8
APS_GEOMETRY
 10
-240.778
 20
-505.589
 40
5.116
 50
238.617
 51
249.131
  0
ARC
  8
APS_GEOMETRY
 10
-242.135
 20
-509.146
 40
1.309
 50
249.131
 51
270.0
  0
ARC
  8
APS_GEOMETRY
 10
-242.135
 20
-509.308
 40
1.148
 50
270.0
 51
334.898
  0
ARC
  8
APS_GEOMETRY
 10
-247.433
 20
-506.826
 40
6.999
 50
334.898
 51
0.0
  0
ARC
  8
APS_GEOMETRY
 10
-298.664
 20
-506.826
 40
58.23
 50
0.0
 51
2.026
  0
ARC
  8
APS_GEOMETRY
 10
-267.777
 20
-505.733
 40
27.324
 50
2.026
 51
4.984
  0
ARC
  8
APS_GEOMETRY
 10
-257.678
 20
-504.852
 40
17.186
 50
4.984
 51
9.673
  0
ARC
  8
APS_GEOMETRY
 10
-246.038
 20
-502.868
 40
5.379
 50
9.673
 51
18.06
  0
ARC
  8
APS_GEOMETRY
 10
-244.267
 20
-502.29
 40
3.515
 50
18.06
 51
42.397
  0
ARC
  8
APS_GEOMETRY
 10
-244.839
 20
-502.813
 40
4.29
 50
42.397
 51
64.398
  0
ARC
  8
APS_GEOMETRY
 10
-239.615
 20
-492.026
 40
7.695
 50
233.633
 51
244.026
  0
ARC
  8
APS_GEOMETRY
 10
-242.46
 20
-495.89
 40
2.896
 50
216.656
 51
233.633
  0
ARC
  8
APS_GEOMETRY
 10
-242.896
 20
-496.215
 40
2.353
 50
196.082
 51
216.656
  0
ARC
  8
APS_GEOMETRY
 10
-241.472
 20
-495.804
 40
3.835
 50
180.0
 51
196.082
  0
ARC
  8
APS_GEOMETRY
 10
-242.519
 20
-495.804
 40
2.788
 50
133.202
 51
180.0
  0
ARC
  8
APS_GEOMETRY
 10
-240.32
 20
-498.146
 40
6.0
 50
101.788
 51
133.202
  0
ARC
  8
APS_GEOMETRY
 10
-239.808
 20
-500.442
 40
8.353
 50
96.633
 51
102.011
  0
ARC
  8
APS_GEOMETRY
 10
-237.949
 20
-516.431
 40
24.449
 50
93.489
 51
96.633
  0
ARC
  8
APS_GEOMETRY
 10
-237.152
 20
-529.49
 40
37.532
 50
91.439
 51
93.489
  0
ARC
  8
APS_GEOMETRY
 10
-236.183
 20
-568.084
 40
76.138
 50
90.0
 51
91.439
  0
ARC
  8
APS_GEOMETRY
 10
-236.183
 20
-562.91
 40
70.964
 50
87.994
 51
90.0
  0
ARC
  8
APS_GEOMETRY
 10
-234.892
 20
-526.069
 40
34.101
 50
85.101
 51
87.994
  0
ARC
  8
APS_GEOMETRY
 10
-233.845
 20
-513.853
 40
21.84
 50
80.595
 51
85.101
  0
ARC
  8
APS_GEOMETRY
 10
-231.458
 20
-499.439
 40
7.23
 50
72.759
 51
80.595
  0
ARC
  8
APS_GEOMETRY
 10
-230.734
 20
-497.198
 40
4.876
 50
40.956
 51
73.072
  0
ARC
  8
APS_GEOMETRY
 10
-229.354
 20
-496.001
 40
3.048
 50
360.0
 51
40.956
  0
ARC
  8
APS_GEOMETRY
 10
-229.171
 20
-496.001
 40
2.865
 50
322.573
 51
360.0
  0
ARC
  8
APS_GEOMETRY
 10
-230.676
 20
-494.849
 40
4.76
 50
293.749
 51
322.573
  0
ARC
  8
APS_GEOMETRY
 10
-224.632
 20
-508.73
 40
10.38
 50
113.429
 51
119.291
  0
ARC
  8
APS_GEOMETRY
 10
-228.671
 20
-501.529
 40
2.124
 50
119.291
 51
132.274
  0
ARC
  8
APS_GEOMETRY
 10
-228.904
 20
-501.273
 40
1.778
 50
132.274
 51
147.653
  0
ARC
  8
APS_GEOMETRY
 10
-227.222
 20
-502.339
 40
3.769
 50
147.653
 51
158.199
  0
ARC
  8
APS_GEOMETRY
 10
-224.662
 20
-503.418
 40
6.546
 50
157.751
 51
167.885
  0
ARC
  8
APS_GEOMETRY
 10
-211.042
 20
-506.341
 40
20.477
 50
167.885
 51
173.61
  0
ARC
  8
APS_GEOMETRY
 10
-198.996
 20
-507.69
 40
32.599
 50
173.61
 51
177.221
  0
ARC
  8
APS_GEOMETRY
 10
-161.84
 20
-509.494
 40
69.798
 50
177.221
 51
179.689
  0
LINE
  8
APS_GEOMETRY
 10
-231.637
 11
-231.637
 20
-509.115
 21
-519.776
  0
ARC
  8
APS_GEOMETRY
 10
203.729
 20
-519.776
 40
435.365
 50
180.0
 51
180.161
  0
ARC
  8
APS_GEOMETRY
 10
581.548
 20
-518.712
 40
813.186
 50
180.161
 51
180.279
  0
LINE
  8
APS_GEOMETRY
 10
-231.629
 11
-231.618
 20
-522.679
 21
-524.467
  0
LINE
  8
APS_GEOMETRY
 10
-231.618
 11
-231.604
 20
-524.467
 21
-526.48
  0
ARC
  8
APS_GEOMETRY
 10
-309.288
 20
-526.922
 40
77.685
 50
358.204
 51
0.326
  0
ARC
  8
APS_GEOMETRY
 10
-272.334
 20
-528.08
 40
40.713
 50
355.274
 51
358.204
  0
ARC
  8
APS_GEOMETRY
 10
-259.471
 20
-529.144
 40
27.806
 50
350.991
 51
355.274
  0
ARC
  8
APS_GEOMETRY
 10
-243.093
 20
-531.74
 40
11.223
 50
344.249
 51
350.991
  0
ARC
  8
APS_GEOMETRY
 10
-237.557
 20
-533.321
 40
5.466
 50
314.415
 51
344.445
  0
ARC
  8
APS_GEOMETRY
 10
-235.529
 20
-535.391
 40
2.568
 50
270.0
 51
314.415
  0
ARC
  8
APS_GEOMETRY
 10
-235.529
 20
-533.799
 40
4.16
 50
256.342
 51
270.0
  0
ARC
  8
APS_GEOMETRY
 10
-235.825
 20
-535.019
 40
2.905
 50
239.982
 51
256.342
  0
ARC
  8
APS_GEOMETRY
 10
-234.531
 20
-532.779
 40
5.492
 50
231.153
 51
239.982
  0
ARC
  8
APS_GEOMETRY
 10
-212.782
 20
-505.774
 40
40.166
 50
227.891
 51
231.153
  0
LINE
  8
APS_GEOMETRY
 10
-239.715
 11
-259.108
 20
-535.572
 21
-518.206
  0
ARC
  8
APS_GEOMETRY
 10
-266.579
 20
-526.478
 40
11.146
 50
47.911
 51
61.468
  0
ARC
  8
APS_GEOMETRY
 10
-262.476
 20
-518.932
 40
2.557
 50
61.468
 51
90.0
  0
ARC
  8
APS_GEOMETRY
 10
-262.476
 20
-517.495
 40
1.12
 50
90.0
 51
133.195
  0
ARC
  8
APS_GEOMETRY
 10
-261.372
 20
-518.671
 40
2.733
 50
133.195
 51
160.454
  0
ARC
  8
APS_GEOMETRY
 10
-257.828
 20
-519.929
 40
6.494
 50
160.454
 51
173.251
  0
ARC
  8
APS_GEOMETRY
 10
-241.161
 20
-521.902
 40
23.278
 50
173.251
 51
180.0
  0
ARC
  8
APS_GEOMETRY
 10
-195.82
 20
-521.902
 40
68.618
 50
180.0
 51
181.897
  0
ARC
  8
APS_GEOMETRY
 10
-232.163
 20
-523.105
 40
32.255
 50
181.897
 51
184.664
  0
ARC
  8
APS_GEOMETRY
 10
-244.075
 20
-524.077
 40
20.304
 50
184.664
 51
189.048
  0
ARC
  8
APS_GEOMETRY
 10
-257.876
 20
-526.275
 40
6.329
 50
189.048
 51
196.905
  0
ARC
  8
APS_GEOMETRY
 10
-260.066
 20
-526.941
 40
4.04
 50
196.905
 51
220.253
  0
ARC
  8
APS_GEOMETRY
 10
-260.023
 20
-526.904
 40
4.097
 50
220.253
 51
243.435
  0
ARC
  8
APS_GEOMETRY
 10
-264.02
 20
-534.964
 40
4.901
 50
37.921
 51
63.778
  0
ARC
  8
APS_GEOMETRY
 10
-261.987
 20
-533.381
 40
2.324
 50
360.0
 51
37.921
  0
ARC
  8
APS_GEOMETRY
 10
-262.891
 20
-533.381
 40
3.227
 50
324.268
 51
360.0
  0
ARC
  8
APS_GEOMETRY
 10
-264.099
 20
-532.512
 40
4.715
 50
294.86
 51
324.268
  0
ARC
  8
APS_GEOMETRY
 10
-266.096
 20
-528.202
 40
9.465
 50
278.78
 51
294.86
  0
ARC
  8
APS_GEOMETRY
 10
-269.475
 20
-506.322
 40
31.604
 50
270.0
 51
278.78
  0
ARC
  8
APS_GEOMETRY
 10
-269.475
 20
-511.994
 40
25.933
 50
260.383
 51
270.0
  0
ARC
  8
APS_GEOMETRY
 10
-272.208
 20
-528.123
 40
9.574
 50
244.522
 51
260.383
  0
ARC
  8
APS_GEOMETRY
 10
-274.187
 20
-532.277
 40
4.972
 50
216.549
 51
244.522
  0
ARC
  8
APS_GEOMETRY
 10
-275.809
 20
-533.479
 40
2.954
 50
180.0
 51
216.549
  0
ARC
  8
APS_GEOMETRY
 10
-274.756
 20
-533.479
 40
4.007
 50
164.65
 51
180.0
  0
ARC
  8
APS_GEOMETRY
 10
-277.041
 20
-532.851
 40
1.637
 50
140.528
 51
164.65
  0
ARC
  8
APS_GEOMETRY
 10
-276.116
 20
-533.613
 40
2.835
 50
126.135
 51
140.528
  0
ARC
  8
APS_GEOMETRY
 10
-266.462
 20
-546.835
 40
19.207
 50
120.619
 51
126.135
  0
ARC
  8
APS_GEOMETRY
 10
-277.908
 20
-527.514
 40
3.251
 50
300.784
 51
330.068
  0
ARC
  8
APS_GEOMETRY
 10
-280.074
 20
-526.267
 40
5.749
 50
330.068
 51
351.983
  0
ARC
  8
APS_GEOMETRY
 10
-316.436
 20
-521.527
 40
42.42
 50
352.493
 51
355.365
  0
ARC
  8
APS_GEOMETRY
 10
-360.299
 20
-517.97
 40
86.427
 50
355.365
 51
357.376
  0
ARC
  8
APS_GEOMETRY
 10
-391.012
 20
-516.563
 40
117.171
 50
357.376
 51
358.861
  0
ARC
  8
APS_GEOMETRY
 10
-472.838
 20
-514.936
 40
199.014
 50
358.861
 51
0.0
  0
ARC
  8
APS_GEOMETRY
 10
-399.249
 20
-514.936
 40
125.424
 50
360.0
 51
1.926
  0
ARC
  8
APS_GEOMETRY
 10
-340.862
 20
-512.972
 40
67.005
 50
1.926
 51
4.562
  0
ARC
  8
APS_GEOMETRY
 10
-320.275
 20
-511.33
 40
46.352
 50
4.562
 51
8.366
  0
ARC
  8
APS_GEOMETRY
 10
-293.499
 20
-507.392
 40
19.288
 50
8.366
 51
14.265
  0
ARC
  8
APS_GEOMETRY
 10
-283.374
 20
-504.831
 40
8.844
 50
14.349
 51
23.629
  0
ARC
  8
APS_GEOMETRY
 10
-278.239
 20
-502.585
 40
3.24
 50
23.629
 51
38.991
  0
ARC
  8
APS_GEOMETRY
 10
-278.22
 20
-502.57
 40
3.215
 50
38.991
 51
54.462
  0
ARC
  8
APS_GEOMETRY
 10
-281.224
 20
-506.775
 40
8.384
 50
54.462
 51
64.026
  0
ARC
  8
APS_GEOMETRY
 10
-272.747
 20
-489.408
 40
10.942
 50
235.472
 51
243.947
  0
ARC
  8
APS_GEOMETRY
 10
-277.126
 20
-495.773
 40
3.216
 50
219.806
 51
235.472
  0
ARC
  8
APS_GEOMETRY
 10
-277.789
 20
-496.326
 40
2.353
 50
198.939
 51
219.806
  0
ARC
  8
APS_GEOMETRY
 10
-277.318
 20
-496.164
 40
2.851
 50
180.0
 51
198.939
  0
ARC
  8
APS_GEOMETRY
 10
-277.457
 20
-496.164
 40
2.712
 50
126.254
 51
180.0
  0
ARC
  8
APS_GEOMETRY
 10
-273.318
 20
-501.809
 40
9.711
 50
98.616
 51
126.254
  0
ARC
  8
APS_GEOMETRY
 10
-272.735
 20
-506.472
 40
14.41
 50
94.456
 51
98.13
  0
ARC
  8
APS_GEOMETRY
 10
-270.487
 20
-535.324
 40
43.349
 50
92.337
 51
94.456
  0
ARC
  8
APS_GEOMETRY
 10
-269.528
 20
-558.802
 40
66.847
 50
90.963
 51
92.337
  0
ARC
  8
APS_GEOMETRY
 10
-268.363
 20
-628.151
 40
136.206
 50
90.0
 51
90.963
  0
ARC
  8
APS_GEOMETRY
 10
-268.363
 20
-516.767
 40
24.822
 50
83.928
 51
90.0
  0
ARC
  8
APS_GEOMETRY
 10
-266.327
 20
-497.63
 40
5.577
 50
71.095
 51
83.928
  0
ARC
  8
APS_GEOMETRY
 10
-266.141
 20
-497.087
 40
5.003
 50
56.848
 51
71.095
  0
ARC
  8
APS_GEOMETRY
 10
-271.643
 20
-505.511
 40
15.065
 50
48.652
 51
56.848
  0
ARC
  8
APS_GEOMETRY
 10
-202.884
 20
-532.553
 40
40.608
 50
84.71
 51
90.0
  0
ARC
  8
APS_GEOMETRY
 10
-202.139
 20
-524.513
 40
32.533
 50
78.799
 51
84.71
  0
ARC
  8
APS_GEOMETRY
 10
-197.323
 20
-500.17
 40
7.718
 50
49.783
 51
78.771
  0
ARC
  8
APS_GEOMETRY
 10
-194.102
 20
-496.36
 40
2.729
 50
360.0
 51
49.783
  0
ARC
  8
APS_GEOMETRY
 10
-194.392
 20
-496.36
 40
3.02
 50
342.759
 51
360.0
  0
ARC
  8
APS_GEOMETRY
 10
-192.817
 20
-496.849
 40
1.37
 50
317.045
 51
342.759
  0
ARC
  8
APS_GEOMETRY
 10
-193.577
 20
-496.141
 40
2.41
 50
301.817
 51
317.045
  0
ARC
  8
APS_GEOMETRY
 10
-204.833
 20
-477.999
 40
23.76
 50
296.98
 51
301.817
  0
ARC
  8
APS_GEOMETRY
 10
-192.832
 20
-501.617
 40
2.733
 50
116.565
 51
149.078
  0
ARC
  8
APS_GEOMETRY
 10
-189.313
 20
-503.725
 40
6.835
 50
149.078
 51
169.469
  0
ARC
  8
APS_GEOMETRY
 10
-181.809
 20
-505.12
 40
14.468
 50
169.469
 51
174.598
  0
ARC
  8
APS_GEOMETRY
 10
-143.144
 20
-508.776
 40
53.304
 50
174.598
 51
177.269
  0
ARC
  8
APS_GEOMETRY
 10
-109.147
 20
-510.398
 40
87.341
 50
177.269
 51
178.901
  0
ARC
  8
APS_GEOMETRY
 10
-3.84
 20
-512.418
 40
192.667
 50
178.901
 51
180.0
  0
ARC
  8
APS_GEOMETRY
 10
210.15
 20
-512.418
 40
406.657
 50
180.0
 51
180.88
  0
ARC
  8
APS_GEOMETRY
 10
-40.37
 20
-516.266
 40
156.107
 50
180.88
 51
182.3
  0
ARC
  8
APS_GEOMETRY
 10
-113.596
 20
-519.207
 40
82.823
 50
182.3
 51
184.974
  0
ARC
  8
APS_GEOMETRY
 10
-183.416
 20
-525.283
 40
12.738
 50
184.974
 51
191.793
  0
ARC
  8
APS_GEOMETRY
 10
-191.527
 20
-526.834
 40
4.484
 50
193.57
 51
205.787
  0
ARC
  8
APS_GEOMETRY
 10
-193.544
 20
-527.809
 40
2.244
 50
205.787
 51
223.091
  0
ARC
  8
APS_GEOMETRY
 10
-193.032
 20
-527.33
 40
2.944
 50
223.091
 51
236.441
  0
ARC
  8
APS_GEOMETRY
 10
-188.749
 20
-520.873
 40
10.693
 50
236.441
 51
243.435
  0
ARC
  8
APS_GEOMETRY
 10
-195.306
 20
-534.344
 40
4.291
 50
37.185
 51
65.556
  0
ARC
  8
APS_GEOMETRY
 10
-193.907
 20
-533.283
 40
2.535
 50
360.0
 51
37.185
  0
ARC
  8
APS_GEOMETRY
 10
-193.984
 20
-533.283
 40
2.612
 50
312.039
 51
360.0
  0
ARC
  8
APS_GEOMETRY
 10
-197.095
 20
-529.832
 40
7.258
 50
283.815
 51
312.039
  0
ARC
  8
APS_GEOMETRY
 10
-202.236
 20
-508.527
 40
29.174
 50
279.273
 51
283.627
  0
ARC
  8
APS_GEOMETRY
 10
-204.29
 20
-495.941
 40
41.926
 50
275.641
 51
279.273
  0
ARC
  8
APS_GEOMETRY
 10
-205.076
 20
-487.988
 40
49.919
 50
272.588
 51
275.641
  0
ARC
  8
APS_GEOMETRY
 10
-205.958
 20
-468.471
 40
69.456
 50
270.0
 51
272.588
  0
ARC
  8
APS_GEOMETRY
 10
-205.958
 20
-496.033
 40
41.894
 50
262.774
 51
270.0
  0
ARC
  8
APS_GEOMETRY
 10
-209.735
 20
-525.82
 40
11.868
 50
249.175
 51
262.774
  0
ARC
  8
APS_GEOMETRY
 10
-212.108
 20
-532.058
 40
5.194
 50
221.23
 51
249.175
  0
ARC
  8
APS_GEOMETRY
 10
-214.177
 20
-533.871
 40
2.443
 50
180.0
 51
221.23
  0
ARC
  8
APS_GEOMETRY
 10
-214.578
 20
-533.871
 40
2.041
 50
142.696
 51
180.0
  0
ARC
  8
APS_GEOMETRY
 10
-211.357
 20
-536.326
 40
6.091
 50
121.357
 51
142.696
  0
ARC
  8
APS_GEOMETRY
 10
-216.8
 20
-527.411
 40
4.354
 50
301.477
 51
324.728
  0
ARC
  8
APS_GEOMETRY
 10
-216.22
 20
-527.821
 40
3.643
 50
324.728
 51
350.181
  0
ARC
  8
APS_GEOMETRY
 10
-234.46
 20
-524.804
 40
22.132
 50
350.538
 51
355.423
  0
ARC
  8
APS_GEOMETRY
 10
-309.412
 20
-518.804
 40
97.324
 50
355.423
 51
357.752
  0
ARC
  8
APS_GEOMETRY
 10
-379.006
 20
-516.072
 40
166.971
 50
357.752
 51
359.111
  0
ARC
  8
APS_GEOMETRY
 10
-601.753
 20
-512.614
 40
389.744
 50
359.111
 51
0.0
  0
ARC
  8
APS_GEOMETRY
 10
-347.232
 20
-512.614
 40
135.223
 50
0.0
 51
1.773
  0
ARC
  8
APS_GEOMETRY
 10
-267.872
 20
-510.158
 40
55.825
 50
1.773
 51
4.532
  0
ARC
  8
APS_GEOMETRY
 10
-243.751
 20
-508.246
 40
31.629
 50
4.532
 51
9.384
  0
ARC
  8
APS_GEOMETRY
 10
-219.257
 20
-504.198
 40
6.803
 50
9.384
 51
19.855
  0
ARC
  8
APS_GEOMETRY
 10
-216.016
 20
-502.965
 40
3.336
 50
18.853
 51
42.158
  0
ARC
  8
APS_GEOMETRY
 10
-218.794
 20
-505.481
 40
7.084
 50
42.158
 51
58.092
  0
ARC
  8
APS_GEOMETRY
 10
-206.565
 20
-486.584
 40
15.426
 50
230.711
 51
236.634
  0
ARC
  8
APS_GEOMETRY
 10
-214.247
 20
-495.972
 40
3.296
 50
217.875
 51
230.711
  0
ARC
  8
APS_GEOMETRY
 10
-215.3
 20
-496.791
 40
1.962
 50
196.928
 51
217.875
  0
ARC
  8
APS_GEOMETRY
 10
-214.314
 20
-496.491
 40
2.992
 50
180.0
 51
196.928
  0
ARC
  8
APS_GEOMETRY
 10
-214.959
 20
-496.491
 40
2.347
 50
148.791
 51
180.0
  0
ARC
  8
APS_GEOMETRY
 10
-214.343
 20
-496.864
 40
3.067
 50
121.569
 51
148.791
  0
ARC
  8
APS_GEOMETRY
 10
-213.238
 20
-498.663
 40
5.178
 50
112.806
 51
121.569
  0
ARC
  8
APS_GEOMETRY
 10
-210.251
 20
-505.767
 40
12.885
 50
107.254
 51
112.806
  0
ARC
  8
APS_GEOMETRY
 10
-208.421
 20
-511.659
 40
19.054
 50
103.487
 51
107.254
  0
ARC
  8
APS_GEOMETRY
 10
-204.231
 20
-529.131
 40
37.022
 50
100.784
 51
103.487
  0
ARC
  8
APS_GEOMETRY
 10
-202.918
 20
-533.962
 40
42.015
 50
95.643
 51
101.31
  0
ARC
  8
APS_GEOMETRY
 10
-202.884
 20
-534.308
 40
42.362
 50
90.0
 51
95.643
  0
ARC
  8
APS_GEOMETRY
 10
-162.214
 20
-512.98
 40
21.264
 50
77.257
 51
90.0
  0
ARC
  8
APS_GEOMETRY
 10
-162.43
 20
-513.936
 40
22.243
 50
64.799
 51
77.257
  0
ARC
  8
APS_GEOMETRY
 10
-144.112
 20
-474.937
 40
20.843
 50
244.885
 51
251.175
  0
ARC
  8
APS_GEOMETRY
 10
-150.081
 20
-492.445
 40
2.346
 50
251.175
 51
270.0
  0
ARC
  8
APS_GEOMETRY
 10
-150.081
 20
-490.984
 40
3.806
 50
270.0
 51
278.82
  0
ARC
  8
APS_GEOMETRY
 10
-152.54
 20
-475.137
 40
19.844
 50
278.82
 51
282.68
  0
ARC
  8
APS_GEOMETRY
 10
-147.395
 20
-497.917
 40
3.511
 50
95.906
 51
102.995
  0
ARC
  8
APS_GEOMETRY
 10
-147.236
 20
-499.454
 40
5.055
 50
90.0
 51
95.906
  0
ARC
  8
APS_GEOMETRY
 10
-147.236
 20
-497.754
 40
3.356
 50
62.447
 51
90.0
  0
ARC
  8
APS_GEOMETRY
 10
-147.832
 20
-498.897
 40
4.645
 50
39.094
 51
62.447
  0
ARC
  8
APS_GEOMETRY
 10
-154.066
 20
-504.111
 40
12.772
 50
18.435
 51
39.611
  0
ARC
  8
APS_GEOMETRY
 10
-157.893
 20
-505.387
 40
16.806
 50
360.0
 51
18.435
  0
ARC
  8
APS_GEOMETRY
 10
-149.421
 20
-505.387
 40
8.333
 50
334.877
 51
360.0
  0
ARC
  8
APS_GEOMETRY
 10
-146.914
 20
-506.562
 40
5.565
 50
304.007
 51
334.877
  0
ARC
  8
APS_GEOMETRY
 10
-146.956
 20
-506.444
 40
5.686
 50
286.39
 51
303.69
  0
ARC
  8
APS_GEOMETRY
 10
-147.138
 20
-505.826
 40
6.33
 50
270.0
 51
286.39
  0
ARC
  8
APS_GEOMETRY
 10
-147.138
 20
-505.9
 40
6.257
 50
255.155
 51
270.0
  0
ARC
  8
APS_GEOMETRY
 10
-147.823
 20
-508.485
 40
3.581
 50
235.491
 51
255.155
  0
ARC
  8
APS_GEOMETRY
 10
-147.479
 20
-507.985
 40
4.189
 50
218.48
 51
235.491
  0
ARC
  8
APS_GEOMETRY
 10
-141.858
 20
-503.517
 40
11.369
 50
208.179
 51
218.48
  0
ARC
  8
APS_GEOMETRY
 10
-199.483
 20
-534.796
 40
54.198
 50
28.56
 51
31.664
  0
ARC
  8
APS_GEOMETRY
 10
-164.27
 20
-513.08
 40
12.827
 50
31.664
 51
38.047
  0
ARC
  8
APS_GEOMETRY
 10
-161.71
 20
-511.076
 40
9.576
 50
38.047
 51
46.56
  0
ARC
  8
APS_GEOMETRY
 10
-163.041
 20
-512.481
 40
11.512
 50
46.56
 51
54.324
  0
ARC
  8
APS_GEOMETRY
 10
-163.809
 20
-513.803
 40
13.034
 50
54.968
 51
71.48
  0
ARC
  8
APS_GEOMETRY
 10
-162.966
 20
-511.286
 40
10.38
 50
71.48
 51
90.0
  0
ARC
  8
APS_GEOMETRY
 10
-162.966
 20
-508.157
 40
7.251
 50
90.0
 51
114.63
  0
ARC
  8
APS_GEOMETRY
 10
-163.33
 20
-507.363
 40
6.377
 50
114.63
 51
140.921
  0
ARC
  8
APS_GEOMETRY
 10
-162.254
 20
-508.236
 40
7.763
 50
140.921
 51
163.13
  0
ARC
  8
APS_GEOMETRY
 10
-156.877
 20
-509.867
 40
13.382
 50
163.13
 51
180.0
  0
ARC
  8
APS_GEOMETRY
 10
-149.903
 20
-509.867
 40
20.355
 50
180.0
 51
195.44
  0
ARC
  8
APS_GEOMETRY
 10
-150.962
 20
-510.159
 40
19.258
 50
195.44
 51
211.316
  0
ARC
  8
APS_GEOMETRY
 10
-156.051
 20
-513.148
 40
13.357
 50
211.708
 51
240.457
  0
ARC
  8
APS_GEOMETRY
 10
-156.393
 20
-513.752
 40
12.663
 50
240.457
 51
270.0
  0
ARC
  8
APS_GEOMETRY
 10
-156.393
 20
-510.664
 40
15.751
 50
270.0
 51
279.549
  0
ARC
  8
APS_GEOMETRY
 10
-156.588
 20
-509.5
 40
16.931
 50
279.549
 51
288.759
  0
ARC
  8
APS_GEOMETRY
 10
-155.763
 20
-511.931
 40
14.364
 50
288.759
 51
299.545
  0
ARC
  8
APS_GEOMETRY
 10
-152.453
 20
-517.77
 40
7.652
 50
299.545
 51
314.341
  0
ARC
  8
APS_GEOMETRY
 10
-142.218
 20
-528.401
 40
7.105
 50
120.141
 51
133.452
  0
ARC
  8
APS_GEOMETRY
 10
-145.077
 20
-523.477
 40
1.412
 50
90.0
 51
120.141
  0
ARC
  8
APS_GEOMETRY
 10
-145.077
 20
-524.295
 40
2.23
 50
61.952
 51
90.0
  0
ARC
  8
APS_GEOMETRY
 10
-145.409
 20
-524.918
 40
2.936
 50
37.569
 51
61.952
  0
ARC
  8
APS_GEOMETRY
 10
-146.029
 20
-525.395
 40
3.717
 50
17.665
 51
37.569
  0
ARC
  8
APS_GEOMETRY
 10
-146.973
 20
-525.695
 40
4.709
 50
360.0
 51
17.665
  0
ARC
  8
APS_GEOMETRY
 10
-149.345
 20
-525.695
 40
7.081
 50
344.932
 51
360.0
  0
ARC
  8
APS_GEOMETRY
 10
-155.643
 20
-524.0
 40
13.603
 50
334.075
 51
344.932
  0
ARC
  8
APS_GEOMETRY
 10
-155.841
 20
-523.904
 40
13.823
 50
323.374
 51
334.075
  0
ARC
  8
APS_GEOMETRY
 10
-151.778
 20
-526.924
 40
8.76
 50
309.92
 51
323.374
  0
ARC
  8
APS_GEOMETRY
 10
-147.717
 20
-531.715
 40
2.48
 50
289.026
 51
308.991
  0
ARC
  8
APS_GEOMETRY
 10
-152.05
 20
-519.15
 40
15.771
 50
281.143
 51
289.026
  0
ARC
  8
APS_GEOMETRY
 10
-147.656
 20
-541.931
 40
7.431
 50
100.437
 51
110.12
  0
ARC
  8
APS_GEOMETRY
 10
-141.834
 20
-557.821
 40
24.353
 50
110.12
 51
115.463
  0
ARC
  8
APS_GEOMETRY
 10
-162.615
 20
-514.341
 40
23.838
 50
282.94
 51
295.628
  0
ARC
  8
APS_GEOMETRY
 10
-162.41
 20
-515.235
 40
22.921
 50
270.0
 51
282.94
  0
ARC
  8
APS_GEOMETRY
 10
-162.41
 20
-513.881
 40
24.275
 50
257.307
 51
270.0
  0
ARC
  8
APS_GEOMETRY
 10
-161.385
 20
-509.331
 40
28.939
 50
245.686
 51
257.307
  0
ARC
  8
APS_GEOMETRY
 10
-163.956
 20
-514.972
 40
22.739
 50
228.801
 51
245.735
  0
ARC
  8
APS_GEOMETRY
 10
-163.913
 20
-514.923
 40
22.805
 50
211.891
 51
228.801
  0
ARC
  8
APS_GEOMETRY
 10
-162.565
 20
-513.953
 40
24.462
 50
196.728
 51
212.152
  0
ARC
  8
APS_GEOMETRY
 10
-166.053
 20
-515.001
 40
20.82
 50
180.0
 51
196.728
  0
ARC
  8
APS_GEOMETRY
 10
-165.545
 20
-515.001
 40
21.327
 50
161.184
 51
180.0
  0
ARC
  8
APS_GEOMETRY
 10
-164.177
 20
-515.468
 40
22.773
 50
142.98
 51
161.184
  0
ARC
  8
APS_GEOMETRY
 10
-163.113
 20
-516.282
 40
24.112
 50
127.824
 51
142.958
  0
ARC
  8
APS_GEOMETRY
 10
-161.359
 20
-518.541
 40
26.973
 50
113.52
 51
127.824
  0
ARC
  8
APS_GEOMETRY
 10
-161.93
 20
-517.222
 40
25.535
 50
101.927
 51
113.527
  0
ARC
  8
APS_GEOMETRY
 10
-162.214
 20
-515.877
 40
24.161
 50
90.0
 51
101.927
  0
ARC
  8
APS_GEOMETRY
 10
-117.665
 20
-532.553
 40
40.608
 50
84.71
 51
90.0
  0
ARC
  8
APS_GEOMETRY
 10
-116.921
 20
-524.513
 40
32.533
 50
78.799
 51
84.71
  0
ARC
  8
APS_GEOMETRY
 10
-112.104
 20
-500.17
 40
7.718
 50
49.783
 51
78.771
  0
ARC
  8
APS_GEOMETRY
 10
-108.883
 20
-496.36
 40
2.729
 50
360.0
 51
49.783
  0
ARC
  8
APS_GEOMETRY
 10
-109.173
 20
-496.36
 40
3.02
 50
342.759
 51
360.0
  0
ARC
  8
APS_GEOMETRY
 10
-107.598
 20
-496.849
 40
1.37
 50
317.045
 51
342.759
  0
ARC
  8
APS_GEOMETRY
 10
-108.359
 20
-496.141
 40
2.41
 50
301.817
 51
317.045
  0
ARC
  8
APS_GEOMETRY
 10
-119.615
 20
-477.999
 40
23.76
 50
296.98
 51
301.817
  0
ARC
  8
APS_GEOMETRY
 10
-107.613
 20
-501.617
 40
2.733
 50
116.565
 51
149.078
  0
ARC
  8
APS_GEOMETRY
 10
-104.094
 20
-503.725
 40
6.835
 50
149.078
 51
169.469
  0
ARC
  8
APS_GEOMETRY
 10
-96.59
 20
-505.12
 40
14.468
 50
169.469
 51
174.598
  0
ARC
  8
APS_GEOMETRY
 10
-57.926
 20
-508.776
 40
53.304
 50
174.598
 51
177.269
  0
ARC
  8
APS_GEOMETRY
 10
-23.928
 20
-510.398
 40
87.341
 50
177.269
 51
178.901
  0
ARC
  8
APS_GEOMETRY
 10
81.379
 20
-512.418
 40
192.667
 50
178.901
 51
180.0
  0
ARC
  8
APS_GEOMETRY
 10
295.369
 20
-512.418
 40
406.657
 50
180.0
 51
180.88
  0
ARC
  8
APS_GEOMETRY
 10
44.849
 20
-516.266
 40
156.107
 50
180.88
 51
182.3
  0
ARC
  8
APS_GEOMETRY
 10
-28.377
 20
-519.207
 40
82.823
 50
182.3
 51
184.974
  0
ARC
  8
APS_GEOMETRY
 10
-98.198
 20
-525.283
 40
12.738
 50
184.974
 51
191.793
  0
ARC
  8
APS_GEOMETRY
 10
-106.308
 20
-526.834
 40
4.484
 50
193.57
 51
205.787
  0
ARC
  8
APS_GEOMETRY
 10
-108.325
 20
-527.809
 40
2.244
 50
205.787
 51
223.091
  0
ARC
  8
APS_GEOMETRY
 10
-107.813
 20
-527.33
 40
2.944
 50
223.091
 51
236.441
  0
ARC
  8
APS_GEOMETRY
 10
-103.53
 20
-520.873
 40
10.693
 50
236.441
 51
243.435
  0
ARC
  8
APS_GEOMETRY
 10
-110.088
 20
-534.344
 40
4.291
 50
37.185
 51
65.556
  0
ARC
  8
APS_GEOMETRY
 10
-108.689
 20
-533.283
 40
2.535
 50
360.0
 51
37.185
  0
ARC
  8
APS_GEOMETRY
 10
-108.765
 20
-533.283
 40
2.612
 50
312.039
 51
360.0
  0
ARC
  8
APS_GEOMETRY
 10
-111.876
 20
-529.832
 40
7.258
 50
283.815
 51
312.039
  0
ARC
  8
APS_GEOMETRY
 10
-117.017
 20
-508.527
 40
29.174
 50
279.273
 51
283.627
  0
ARC
  8
APS_GEOMETRY
 10
-119.072
 20
-495.941
 40
41.926
 50
275.641
 51
279.273
  0
ARC
  8
APS_GEOMETRY
 10
-119.857
 20
-487.988
 40
49.919
 50
272.588
 51
275.641
  0
ARC
  8
APS_GEOMETRY
 10
-120.739
 20
-468.471
 40
69.456
 50
270.0
 51
272.588
  0
ARC
  8
APS_GEOMETRY
 10
-120.739
 20
-496.033
 40
41.894
 50
262.774
 51
270.0
  0
ARC
  8
APS_GEOMETRY
 10
-124.516
 20
-525.82
 40
11.868
 50
249.175
 51
262.774
  0
ARC
  8
APS_GEOMETRY
 10
-126.889
 20
-532.058
 40
5.194
 50
221.23
 51
249.175
  0
ARC
  8
APS_GEOMETRY
 10
-128.958
 20
-533.871
 40
2.443
 50
180.0
 51
221.23
  0
ARC
  8
APS_GEOMETRY
 10
-129.359
 20
-533.871
 40
2.041
 50
142.696
 51
180.0
  0
ARC
  8
APS_GEOMETRY
 10
-126.138
 20
-536.326
 40
6.091
 50
121.357
 51
142.696
  0
ARC
  8
APS_GEOMETRY
 10
-131.581
 20
-527.411
 40
4.354
 50
301.477
 51
324.728
  0
ARC
  8
APS_GEOMETRY
 10
-131.001
 20
-527.821
 40
3.643
 50
324.728
 51
350.181
  0
ARC
  8
APS_GEOMETRY
 10
-149.242
 20
-524.804
 40
22.132
 50
350.538
 51
355.423
  0
ARC
  8
APS_GEOMETRY
 10
-224.194
 20
-518.804
 40
97.324
 50
355.423
 51
357.752
  0
ARC
  8
APS_GEOMETRY
 10
-293.787
 20
-516.072
 40
166.971
 50
357.752
 51
359.111
  0
ARC
  8
APS_GEOMETRY
 10
-516.534
 20
-512.614
 40
389.744
 50
359.111
 51
0.0
  0
ARC
  8
APS_GEOMETRY
 10
-262.013
 20
-512.614
 40
135.223
 50
0.0
 51
1.773
  0
ARC
  8
APS_GEOMETRY
 10
-182.653
 20
-510.158
 40
55.825
 50
1.773
 51
4.532
  0
ARC
  8
APS_GEOMETRY
 10
-158.532
 20
-508.246
 40
31.629
 50
4.532
 51
9.384
  0
ARC
  8
APS_GEOMETRY
 10
-134.039
 20
-504.198
 40
6.803
 50
9.384
 51
19.855
  0
ARC
  8
APS_GEOMETRY
 10
-130.797
 20
-502.965
 40
3.336
 50
18.853
 51
42.158
  0
ARC
  8
APS_GEOMETRY
 10
-133.575
 20
-505.481
 40
7.084
 50
42.158
 51
58.092
  0
ARC
  8
APS_GEOMETRY
 10
-121.347
 20
-486.584
 40
15.426
 50
230.711
 51
236.634
  0
ARC
  8
APS_GEOMETRY
 10
-129.028
 20
-495.972
 40
3.296
 50
217.875
 51
230.711
  0
ARC
  8
APS_GEOMETRY
 10
-130.081
 20
-496.791
 40
1.962
 50
196.928
 51
217.875
  0
ARC
  8
APS_GEOMETRY
 10
-129.095
 20
-496.491
 40
2.992
 50
180.0
 51
196.928
  0
ARC
  8
APS_GEOMETRY
 10
-129.74
 20
-496.491
 40
2.347
 50
148.791
 51
180.0
  0
ARC
  8
APS_GEOMETRY
 10
-129.125
 20
-496.864
 40
3.067
 50
121.569
 51
148.791
  0
ARC
  8
APS_GEOMETRY
 10
-128.019
 20
-498.663
 40
5.178
 50
112.806
 51
121.569
  0
ARC
  8
APS_GEOMETRY
 10
-125.032
 20
-505.767
 40
12.885
 50
107.254
 51
112.806
  0
ARC
  8
APS_GEOMETRY
 10
-123.202
 20
-511.659
 40
19.054
 50
103.487
 51
107.254
  0
ARC
  8
APS_GEOMETRY
 10
-119.012
 20
-529.131
 40
37.022
 50
100.784
 51
103.487
  0
ARC
  8
APS_GEOMETRY
 10
-117.699
 20
-533.962
 40
42.015
 50
95.643
 51
101.31
  0
ARC
  8
APS_GEOMETRY
 10
-117.665
 20
-534.308
 40
42.362
 50
90.0
 51
95.643
  0
LINE
  8
APS_GEOMETRY
 10
-48.517
 11
-48.517
 20
-521.869
 21
-504.667
  0
ARC
  8
APS_GEOMETRY
 10
-88.238
 20
-504.667
 40
39.721
 50
0.0
 51
2.404
  0
ARC
  8
APS_GEOMETRY
 10
-64.721
 20
-503.68
 40
16.183
 50
2.404
 51
6.17
  0
ARC
  8
APS_GEOMETRY
 10
-57.672
 20
-502.918
 40
9.093
 50
6.17
 51
12.824
  0
ARC
  8
APS_GEOMETRY
 10
-50.772
 20
-501.347
 40
2.017
 50
12.824
 51
26.98
  0
ARC
  8
APS_GEOMETRY
 10
-50.45
 20
-501.183
 40
1.655
 50
26.98
 51
59.65
  0
ARC
  8
APS_GEOMETRY
 10
-53.488
 20
-506.371
 40
7.668
 50
59.65
 51
74.667
  0
ARC
  8
APS_GEOMETRY
 10
-49.986
 20
-493.872
 40
5.313
 50
225.0
 51
253.887
  0
ARC
  8
APS_GEOMETRY
 10
-52.147
 20
-496.033
 40
2.257
 50
180.0
 51
225.0
  0
ARC
  8
APS_GEOMETRY
 10
-51.732
 20
-496.033
 40
2.672
 50
151.157
 51
180.0
  0
ARC
  8
APS_GEOMETRY
 10
-51.738
 20
-496.03
 40
2.665
 50
122.276
 51
151.157
  0
ARC
  8
APS_GEOMETRY
 10
-50.974
 20
-497.24
 40
4.096
 50
102.308
 51
122.276
  0
ARC
  8
APS_GEOMETRY
 10
-49.563
 20
-503.704
 40
10.712
 50
90.0
 51
102.308
  0
ARC
  8
APS_GEOMETRY
 10
-49.563
 20
-516.158
 40
23.166
 50
88.989
 51
90.0
  0
ARC
  8
APS_GEOMETRY
 10
-51.511
 20
-626.503
 40
133.528
 50
88.568
 51
88.989
  0
ARC
  8
APS_GEOMETRY
 10
-54.261
 20
-736.507
 40
243.567
 50
88.337
 51
88.568
  0
ARC
  8
APS_GEOMETRY
 10
-64.919
 20
-1103.623
 40
610.838
 50
88.191
 51
88.337
  0
LINE
  8
APS_GEOMETRY
 10
-45.639
 11
-43.709
 20
-493.09
 21
-493.09
  0
ARC
  8
APS_GEOMETRY
 10
-50.191
 20
582.86
 40
1075.969
 50
270.345
 51
270.49
  0
ARC
  8
APS_GEOMETRY
 10
-44.152
 20
-123.751
 40
369.332
 50
270.49
 51
270.736
  0
ARC
  8
APS_GEOMETRY
 10
-41.673
 20
-316.623
 40
176.445
 50
270.736
 51
271.253
  0
ARC
  8
APS_GEOMETRY
 10
-38.147
 20
-477.839
 40
15.19
 50
271.253
 51
273.013
  0
ARC
  8
APS_GEOMETRY
 10
-38.294
 20
-475.052
 40
17.982
 50
273.013
 51
274.5
  0
ARC
  8
APS_GEOMETRY
 10
-54.95
 20
-263.398
 40
230.289
 50
274.5
 51
274.915
  0
LINE
  8
APS_GEOMETRY
 10
-35.219
 11
-33.256
 20
-492.841
 21
-492.668
  0
LINE
  8
APS_GEOMETRY
 10
-33.256
 11
-30.694
 20
-492.668
 21
-492.436
  0
ARC
  8
APS_GEOMETRY
 10
-26.481
 20
-533.16
 40
40.941
 50
93.24
 51
95.906
  0
ARC
  8
APS_GEOMETRY
 10
-27.227
 20
-519.976
 40
27.736
 50
90.0
 51
93.24
  0
ARC
  8
APS_GEOMETRY
 10
-27.227
 20
-515.793
 40
23.553
 50
77.12
 51
90.0
  0
ARC
  8
APS_GEOMETRY
 10
-25.986
 20
-510.366
 40
17.987
 50
62.371
 51
77.12
  0
ARC
  8
APS_GEOMETRY
 10
-23.885
 20
-506.427
 40
13.522
 50
31.215
 51
62.517
  0
ARC
  8
APS_GEOMETRY
 10
-23.949
 20
-506.466
 40
13.597
 50
360.0
 51
31.215
  0
ARC
  8
APS_GEOMETRY
 10
-24.314
 20
-506.466
 40
13.962
 50
334.496
 51
360.0
  0
ARC
  8
APS_GEOMETRY
 10
-23.627
 20
-506.793
 40
13.201
 50
308.254
 51
334.496
  0
ARC
  8
APS_GEOMETRY
 10
-25.727
 20
-504.027
 40
16.674
 50
287.855
 51
308.034
  0
ARC
  8
APS_GEOMETRY
 10
-27.129
 20
-499.674
 40
21.247
 50
270.0
 51
287.855
  0
ARC
  8
APS_GEOMETRY
 10
-27.129
 20
-488.724
 40
32.197
 50
266.918
 51
270.0
  0
ARC
  8
APS_GEOMETRY
 10
-25.174
 20
-452.427
 40
68.546
 50
264.806
 51
266.918
  0
ARC
  8
APS_GEOMETRY
 10
-38.247
 20
-614.536
 40
94.095
 50
85.815
 51
86.634
  0
ARC
  8
APS_GEOMETRY
 10
-33.048
 20
-526.157
 40
5.563
 50
86.634
 51
90.0
  0
ARC
  8
APS_GEOMETRY
 10
-33.048
 20
-521.415
 40
0.821
 50
90.0
 51
139.686
  0
ARC
  8
APS_GEOMETRY
 10
-32.744
 20
-521.673
 40
1.22
 50
139.686
 51
180.0
  0
LINE
  8
APS_GEOMETRY
 10
-33.964
 11
-33.964
 20
-521.673
 21
-521.869
  0
LINE
  8
APS_GEOMETRY
 10
-33.964
 11
-33.735
 20
-521.869
 21
-527.232
  0
ARC
  8
APS_GEOMETRY
 10
-25.984
 20
-526.91
 40
7.757
 50
182.386
 51
193.753
  0
ARC
  8
APS_GEOMETRY
 10
-30.983
 20
-528.133
 40
2.612
 50
193.753
 51
213.408
  0
ARC
  8
APS_GEOMETRY
 10
-30.926
 20
-528.096
 40
2.679
 50
213.408
 51
232.628
  0
ARC
  8
APS_GEOMETRY
 10
-26.416
 20
-522.19
 40
10.11
 50
232.628
 51
242.488
  0
ARC
  8
APS_GEOMETRY
 10
-33.939
 20
-536.455
 40
6.017
 50
40.539
 51
61.699
  0
ARC
  8
APS_GEOMETRY
 10
-30.65
 20
-533.642
 40
1.69
 50
360.0
 51
40.539
  0
ARC
  8
APS_GEOMETRY
 10
-31.23
 20
-533.642
 40
2.269
 50
315.297
 51
360.0
  0
ARC
  8
APS_GEOMETRY
 10
-34.299
 20
-530.605
 40
6.588
 50
289.502
 51
315.297
  0
ARC
  8
APS_GEOMETRY
 10
-36.549
 20
-524.253
 40
13.326
 50
282.372
 51
289.502
  0
ARC
  8
APS_GEOMETRY
 10
-38.911
 20
-513.482
 40
24.353
 50
277.099
 51
282.372
  0
ARC
  8
APS_GEOMETRY
 10
-39.883
 20
-505.683
 40
32.213
 50
273.104
 51
277.099
  0
ARC
  8
APS_GEOMETRY
 10
-41.028
 20
-484.564
 40
53.362
 50
270.0
 51
273.104
  0
ARC
  8
APS_GEOMETRY
 10
-41.028
 20
-485.204
 40
52.723
 50
263.473
 51
270.0
  0
ARC
  8
APS_GEOMETRY
 10
-45.36
 20
-523.071
 40
14.609
 50
251.056
 51
263.473
  0
ARC
  8
APS_GEOMETRY
 10
-48.142
 20
-531.176
 40
6.039
 50
224.161
 51
251.056
  0
ARC
  8
APS_GEOMETRY
 10
-50.817
 20
-533.773
 40
2.311
 50
180.0
 51
224.161
  0
ARC
  8
APS_GEOMETRY
 10
-50.337
 20
-533.773
 40
2.791
 50
160.821
 51
180.0
  0
ARC
  8
APS_GEOMETRY
 10
-51.508
 20
-533.366
 40
1.552
 50
135.0
 51
160.821
  0
ARC
  8
APS_GEOMETRY
 10
-50.401
 20
-534.473
 40
3.117
 50
121.522
 51
135.0
  0
ARC
  8
APS_GEOMETRY
 10
-37.916
 20
-554.829
 40
26.996
 50
116.952
 51
121.522
  0
ARC
  8
APS_GEOMETRY
 10
-51.549
 20
-528.118
 40
2.993
 50
297.824
 51
321.605
  0
ARC
  8
APS_GEOMETRY
 10
-50.86
 20
-528.664
 40
2.113
 50
321.605
 51
349.992
  0
ARC
  8
APS_GEOMETRY
 10
-54.059
 20
-528.099
 40
5.362
 50
349.992
 51
356.014
  0
ARC
  8
APS_GEOMETRY
 10
-102.722
 20
-524.708
 40
54.143
 50
356.014
 51
357.908
  0
ARC
  8
APS_GEOMETRY
 10
-159.526
 20
-522.633
 40
110.985
 50
357.908
 51
358.833
  0
ARC
  8
APS_GEOMETRY
 10
-364.922
 20
-518.449
 40
316.424
 50
358.833
 51
359.381
  0
LINE
  8
APS_GEOMETRY
 10
-33.735
 11
-33.735
 20
-500.514
 21
-511.633
  0
ARC
  8
APS_GEOMETRY
 10
-30.361
 20
-511.633
 40
3.374
 50
180.0
 51
199.885
  0
ARC
  8
APS_GEOMETRY
 10
-32.885
 20
-512.546
 40
0.689
 50
199.885
 51
244.799
  0
ARC
  8
APS_GEOMETRY
 10
-31.434
 20
-509.556
 40
4.013
 50
244.231
 51
258.996
  0
ARC
  8
APS_GEOMETRY
 10
-30.824
 20
-506.419
 40
7.209
 50
258.996
 51
270.0
  0
ARC
  8
APS_GEOMETRY
 10
-30.824
 20
-507.177
 40
6.45
 50
270.0
 51
288.435
  0
ARC
  8
APS_GEOMETRY
 10
-30.362
 20
-508.566
 40
4.987
 50
288.435
 51
309.428
  0
ARC
  8
APS_GEOMETRY
 10
-30.193
 20
-508.74
 40
4.745
 50
309.193
 51
339.939
  0
ARC
  8
APS_GEOMETRY
 10
-36.063
 20
-506.597
 40
10.994
 50
339.939
 51
0.0
  0
ARC
  8
APS_GEOMETRY
 10
-35.416
 20
-506.597
 40
10.348
 50
0.0
 51
22.011
  0
ARC
  8
APS_GEOMETRY
 10
-30.832
 20
-504.743
 40
5.403
 50
22.011
 51
52.651
  0
ARC
  8
APS_GEOMETRY
 10
-30.902
 20
-504.792
 40
5.485
 50
52.374
 51
72.309
  0
ARC
  8
APS_GEOMETRY
 10
-31.348
 20
-506.188
 40
6.95
 50
72.309
 51
90.0
  0
ARC
  8
APS_GEOMETRY
 10
-31.348
 20
-503.29
 40
4.052
 50
90.0
 51
118.113
  0
ARC
  8
APS_GEOMETRY
 10
-32.831
 20
-500.514
 40
0.904
 50
118.113
 51
180.0
  0
ARC
  8
APS_GEOMETRY
 10
19.003
 20
-517.498
 40
25.782
 50
71.91
 51
90.0
  0
ARC
  8
APS_GEOMETRY
 10
20.001
 20
-514.441
 40
22.566
 50
52.561
 51
71.91
  0
ARC
  8
APS_GEOMETRY
 10
19.74
 20
-514.517
 40
22.786
 50
38.846
 51
52.156
  0
ARC
  8
APS_GEOMETRY
 10
16.168
 20
-517.394
 40
27.372
 50
26.707
 51
38.846
  0
ARC
  8
APS_GEOMETRY
 10
16.875
 20
-516.816
 40
26.482
 50
13.868
 51
26.278
  0
ARC
  8
APS_GEOMETRY
 10
21.974
 20
-515.557
 40
21.229
 50
360.0
 51
13.868
  0
ARC
  8
APS_GEOMETRY
 10
22.305
 20
-515.557
 40
20.899
 50
339.712
 51
360.0
  0
ARC
  8
APS_GEOMETRY
 10
21.128
 20
-515.122
 40
22.153
 50
320.013
 51
339.712
  0
ARC
  8
APS_GEOMETRY
 10
20.933
 20
-515.015
 40
22.372
 50
303.344
 51
320.123
  0
ARC
  8
APS_GEOMETRY
 10
18.637
 20
-511.526
 40
26.548
 50
287.949
 51
303.344
  0
ARC
  8
APS_GEOMETRY
 10
17.883
 20
-508.911
 40
29.269
 50
279.039
 51
287.776
  0
ARC
  8
APS_GEOMETRY
 10
18.185
 20
-510.81
 40
27.346
 50
270.0
 51
279.039
  0
ARC
  8
APS_GEOMETRY
 10
18.185
 20
-512.145
 40
26.011
 50
257.728
 51
270.0
  0
ARC
  8
APS_GEOMETRY
 10
18.226
 20
-511.956
 40
26.203
 50
245.501
 51
257.728
  0
ARC
  8
APS_GEOMETRY
 10
16.753
 20
-515.179
 40
22.66
 50
228.665
 51
245.511
  0
ARC
  8
APS_GEOMETRY
 10
16.264
 20
-515.736
 40
21.918
 50
211.535
 51
228.665
  0
ARC
  8
APS_GEOMETRY
 10
16.906
 20
-515.265
 40
22.712
 50
195.642
 51
211.701
  0
ARC
  8
APS_GEOMETRY
 10
18.079
 20
-514.936
 40
23.931
 50
180.0
 51
195.642
  0
ARC
  8
APS_GEOMETRY
 10
18.331
 20
-514.936
 40
24.183
 50
162.181
 51
180.0
  0
ARC
  8
APS_GEOMETRY
 10
16.124
 20
-514.227
 40
21.865
 50
143.434
 51
162.181
  0
ARC
  8
APS_GEOMETRY
 10
15.827
 20
-513.989
 40
21.485
 50
126.384
 51
143.471
  0
ARC
  8
APS_GEOMETRY
 10
17.862
 20
-516.75
 40
24.914
 50
110.525
 51
126.384
  0
ARC
  8
APS_GEOMETRY
 10
17.761
 20
-516.0
 40
24.177
 50
99.77
 51
110.925
  0
ARC
  8
APS_GEOMETRY
 10
19.003
 20
-523.212
 40
31.496
 50
90.0
 51
99.77
  0
ARC
  8
APS_GEOMETRY
 10
15.896
 20
-505.91
 40
4.807
 50
90.0
 51
119.604
  0
ARC
  8
APS_GEOMETRY
 10
16.317
 20
-506.651
 40
5.659
 50
119.604
 51
146.842
  0
ARC
  8
APS_GEOMETRY
 10
17.163
 20
-507.344
 40
6.748
 50
145.84
 51
164.055
  0
ARC
  8
APS_GEOMETRY
 10
19.124
 20
-507.905
 40
8.788
 50
164.055
 51
180.0
  0
ARC
  8
APS_GEOMETRY
 10
31.389
 20
-507.905
 40
21.053
 50
180.0
 51
189.977
  0
ARC
  8
APS_GEOMETRY
 10
50.04
 20
-504.624
 40
39.991
 50
189.977
 51
197.211
  0
ARC
  8
APS_GEOMETRY
 10
54.12
 20
-503.36
 40
44.261
 50
197.211
 51
203.76
  0
ARC
  8
APS_GEOMETRY
 10
43.957
 20
-507.834
 40
33.157
 50
203.76
 51
211.329
  0
ARC
  8
APS_GEOMETRY
 10
23.089
 20
-520.358
 40
8.821
 50
212.32
 51
224.441
  0
ARC
  8
APS_GEOMETRY
 10
22.234
 20
-521.197
 40
7.623
 50
224.441
 51
237.484
  0
ARC
  8
APS_GEOMETRY
 10
21.681
 20
-522.064
 40
6.595
 50
237.484
 51
252.416
  0
ARC
  8
APS_GEOMETRY
 10
21.128
 20
-523.807
 40
4.766
 50
252.416
 51
270.0
  0
ARC
  8
APS_GEOMETRY
 10
21.128
 20
-523.242
 40
5.331
 50
270.0
 51
294.953
  0
ARC
  8
APS_GEOMETRY
 10
21.278
 20
-523.563
 40
4.977
 50
294.953
 51
320.793
  0
ARC
  8
APS_GEOMETRY
 10
20.477
 20
-522.91
 40
6.011
 50
320.793
 51
342.777
  0
ARC
  8
APS_GEOMETRY
 10
16.909
 20
-521.804
 40
9.746
 50
342.777
 51
0.0
  0
ARC
  8
APS_GEOMETRY
 10
0.148
 20
-521.804
 40
26.507
 50
0.0
 51
8.499
  0
ARC
  8
APS_GEOMETRY
 10
-11.519
 20
-523.547
 40
38.304
 50
8.499
 51
15.566
  0
ARC
  8
APS_GEOMETRY
 10
-10.116
 20
-523.156
 40
36.848
 50
15.566
 51
22.909
  0
ARC
  8
APS_GEOMETRY
 10
1.947
 20
-518.058
 40
23.751
 50
22.909
 51
32.057
  0
ARC
  8
APS_GEOMETRY
 10
11.423
 20
-512.089
 40
12.552
 50
31.921
 51
42.51
  0
ARC
  8
APS_GEOMETRY
 10
14.025
 20
-509.703
 40
9.022
 50
42.51
 51
55.008
  0
ARC
  8
APS_GEOMETRY
 10
14.904
 20
-508.448
 40
7.489
 50
55.008
 51
69.88
  0
ARC
  8
APS_GEOMETRY
 10
15.692
 20
-506.297
 40
5.198
 50
69.88
 51
87.754
  0
ARC
  8
APS_GEOMETRY
 10
69.517
 20
-520.92
 40
2.42
 50
90.0
 51
115.837
  0
ARC
  8
APS_GEOMETRY
 10
68.921
 20
-519.69
 40
1.053
 50
115.837
 51
155.462
  0
ARC
  8
APS_GEOMETRY
 10
69.616
 20
-520.007
 40
1.817
 50
155.462
 51
168.366
  0
ARC
  8
APS_GEOMETRY
 10
75.962
 20
-521.314
 40
8.296
 50
168.366
 51
174.395
  0
ARC
  8
APS_GEOMETRY
 10
82.358
 20
-521.942
 40
14.722
 50
174.395
 51
177.813
  0
ARC
  8
APS_GEOMETRY
 10
103.586
 20
-522.752
 40
35.966
 50
177.813
 51
180.0
  0
ARC
  8
APS_GEOMETRY
 10
118.954
 20
-522.752
 40
51.335
 50
180.0
 51
184.62
  0
ARC
  8
APS_GEOMETRY
 10
84.535
 20
-525.533
 40
16.803
 50
184.62
 51
192.7
  0
ARC
  8
APS_GEOMETRY
 10
71.264
 20
-528.447
 40
3.218
 50
194.036
 51
205.821
  0
ARC
  8
APS_GEOMETRY
 10
69.859
 20
-529.127
 40
1.656
 50
205.821
 51
222.274
  0
ARC
  8
APS_GEOMETRY
 10
70.29
 20
-528.736
 40
2.238
 50
222.274
 51
234.605
  0
ARC
  8
APS_GEOMETRY
 10
75.15
 20
-521.895
 40
10.63
 50
234.605
 51
240.255
  0
ARC
  8
APS_GEOMETRY
 10
67.761
 20
-534.97
 40
4.389
 50
34.592
 51
61.189
  0
ARC
  8
APS_GEOMETRY
 10
69.212
 20
-533.969
 40
2.627
 50
360.0
 51
34.592
  0
ARC
  8
APS_GEOMETRY
 10
69.299
 20
-533.969
 40
2.539
 50
318.231
 51
360.0
  0
ARC
  8
APS_GEOMETRY
 10
67.601
 20
-532.453
 40
4.816
 50
288.227
 51
318.231
  0
ARC
  8
APS_GEOMETRY
 10
65.84
 20
-527.105
 40
10.446
 50
280.377
 51
288.227
  0
ARC
  8
APS_GEOMETRY
 10
62.77
 20
-510.341
 40
27.489
 50
275.541
 51
280.377
  0
ARC
  8
APS_GEOMETRY
 10
61.447
 20
-496.704
 40
41.19
 50
272.304
 51
275.541
  0
ARC
  8
APS_GEOMETRY
 10
59.836
 20
-456.668
 40
81.259
 50
270.0
 51
272.304
  0
ARC
  8
APS_GEOMETRY
 10
59.836
 20
-490.127
 40
47.8
 50
262.811
 51
270.0
  0
ARC
  8
APS_GEOMETRY
 10
55.547
 20
-524.133
 40
13.524
 50
249.274
 51
262.811
  0
ARC
  8
APS_GEOMETRY
 10
52.849
 20
-531.263
 40
5.901
 50
221.379
 51
249.274
  0
ARC
  8
APS_GEOMETRY
 10
50.483
 20
-533.348
 40
2.747
 50
180.0
 51
221.379
  0
ARC
  8
APS_GEOMETRY
 10
50.464
 20
-533.348
 40
2.728
 50
164.055
 51
180.0
  0
ARC
  8
APS_GEOMETRY
 10
49.327
 20
-533.023
 40
1.546
 50
142.815
 51
164.055
  0
ARC
  8
APS_GEOMETRY
 10
50.043
 20
-533.566
 40
2.444
 50
129.007
 51
142.815
  0
ARC
  8
APS_GEOMETRY
 10
58.835
 20
-544.42
 40
16.412
 50
123.69
 51
129.007
  0
ARC
  8
APS_GEOMETRY
 10
46.358
 20
-525.648
 40
6.128
 50
303.389
 51
319.022
  0
ARC
  8
APS_GEOMETRY
 10
48.017
 20
-527.088
 40
3.932
 50
319.022
 51
338.575
  0
ARC
  8
APS_GEOMETRY
 10
45.797
 20
-526.217
 40
6.316
 50
338.575
 51
351.049
  0
ARC
  8
APS_GEOMETRY
 10
18.991
 20
-521.995
 40
33.452
 50
351.049
 51
356.46
  0
ARC
  8
APS_GEOMETRY
 10
27.827
 20
-522.331
 40
24.613
 50
355.972
 51
358.68
  0
ARC
  8
APS_GEOMETRY
 10
-262.364
 20
-515.645
 40
314.881
 50
358.68
 51
359.437
  0
LINE
  8
APS_GEOMETRY
 10
52.503
 11
52.533
 20
-518.738
 21
-513.826
  0
LINE
  8
APS_GEOMETRY
 10
52.533
 11
52.543
 20
-513.826
 21
-507.414
  0
ARC
  8
APS_GEOMETRY
 10
-23.266
 20
-507.414
 40
75.809
 50
0.0
 51
1.717
  0
ARC
  8
APS_GEOMETRY
 10
17.303
 20
-506.198
 40
35.223
 50
1.717
 51
4.236
  0
ARC
  8
APS_GEOMETRY
 10
30.532
 20
-505.218
 40
21.957
 50
4.236
 51
8.269
  0
ARC
  8
APS_GEOMETRY
 10
45.756
 20
-503.006
 40
6.573
 50
8.269
 51
15.642
  0
ARC
  8
APS_GEOMETRY
 10
48.376
 20
-502.272
 40
3.853
 50
15.642
 51
39.417
  0
ARC
  8
APS_GEOMETRY
 10
48.434
 20
-502.224
 40
3.776
 50
39.417
 51
63.435
  0
ARC
  8
APS_GEOMETRY
 10
55.236
 20
-488.134
 40
11.869
 50
236.874
 51
244.486
  0
ARC
  8
APS_GEOMETRY
 10
50.176
 20
-495.887
 40
2.611
 50
220.601
 51
236.874
  0
ARC
  8
APS_GEOMETRY
 10
49.596
 20
-496.385
 40
1.847
 50
198.246
 51
220.601
  0
ARC
  8
APS_GEOMETRY
 10
50.464
 20
-496.099
 40
2.761
 50
180.0
 51
198.246
  0
ARC
  8
APS_GEOMETRY
 10
50.451
 20
-496.099
 40
2.748
 50
156.161
 51
180.0
  0
ARC
  8
APS_GEOMETRY
 10
50.834
 20
-496.268
 40
3.167
 50
133.977
 51
156.161
  0
ARC
  8
APS_GEOMETRY
 10
51.598
 20
-497.059
 40
4.266
 50
116.996
 51
133.977
  0
ARC
  8
APS_GEOMETRY
 10
53.114
 20
-500.037
 40
7.608
 50
104.3
 51
116.996
  0
ARC
  8
APS_GEOMETRY
 10
53.506
 20
-501.543
 40
9.164
 50
95.326
 51
104.349
  0
ARC
  8
APS_GEOMETRY
 10
55.094
 20
-518.577
 40
26.272
 50
90.0
 51
95.326
  0
ARC
  8
APS_GEOMETRY
 10
55.094
 20
-505.318
 40
13.013
 50
87.553
 51
90.0
  0
ARC
  8
APS_GEOMETRY
 10
52.326
 20
-570.106
 40
77.86
 50
86.553
 51
87.553
  0
ARC
  8
APS_GEOMETRY
 10
48.389
 20
-635.452
 40
143.325
 50
86.009
 51
86.553
  0
ARC
  8
APS_GEOMETRY
 10
33.081
 20
-854.866
 40
363.271
 50
85.668
 51
86.009
  0
ARC
  8
APS_GEOMETRY
 10
61.729
 20
-477.555
 40
15.125
 50
265.426
 51
268.531
  0
ARC
  8
APS_GEOMETRY
 10
63.074
 20
-425.112
 40
67.586
 50
268.531
 51
270.0
  0
ARC
  8
APS_GEOMETRY
 10
63.074
 20
-441.187
 40
51.511
 50
270.0
 51
271.637
  0
ARC
  8
APS_GEOMETRY
 10
61.923
 20
-400.902
 40
91.812
 50
271.637
 51
272.862
  0
ARC
  8
APS_GEOMETRY
 10
60.601
 20
-374.473
 40
118.274
 50
272.862
 51
273.814
  0
ARC
  8
APS_GEOMETRY
 10
56.128
 20
-307.369
 40
185.527
 50
273.814
 51
274.574
  0
ARC
  8
APS_GEOMETRY
 10
84.19
 20
-672.36
 40
180.543
 50
93.72
 51
94.214
  0
ARC
  8
APS_GEOMETRY
 10
78.201
 20
-580.242
 40
88.23
 50
93.013
 51
93.72
  0
ARC
  8
APS_GEOMETRY
 10
76.559
 20
-549.046
 40
56.991
 50
91.918
 51
93.013
  0
ARC
  8
APS_GEOMETRY
 10
75.272
 20
-510.631
 40
18.554
 50
90.0
 51
91.918
  0
ARC
  8
APS_GEOMETRY
 10
75.272
 20
-516.185
 40
24.109
 50
73.82
 51
90.0
  0
ARC
  8
APS_GEOMETRY
 10
77.648
 20
-507.995
 40
15.581
 50
53.658
 51
73.82
  0
ARC
  8
APS_GEOMETRY
 10
81.028
 20
-503.376
 40
9.857
 50
26.03
 51
53.569
  0
ARC
  8
APS_GEOMETRY
 10
79.991
 20
-503.882
 40
11.012
 50
360.0
 51
26.03
  0
ARC
  8
APS_GEOMETRY
 10
79.56
 20
-503.882
 40
11.443
 50
345.282
 51
360.0
  0
ARC
  8
APS_GEOMETRY
 10
80.66
 20
-504.171
 40
10.305
 50
329.767
 51
345.282
  0
ARC
  8
APS_GEOMETRY
 10
81.284
 20
-504.535
 40
9.583
 50
313.168
 51
329.767
  0
ARC
  8
APS_GEOMETRY
 10
81.515
 20
-504.781
 40
9.246
 50
296.267
 51
313.168
  0
ARC
  8
APS_GEOMETRY
 10
86.778
 20
-515.415
 40
2.62
 50
116.565
 51
139.899
  0
ARC
  8
APS_GEOMETRY
 10
85.472
 20
-514.315
 40
0.911
 50
139.899
 51
180.0
  0
ARC
  8
APS_GEOMETRY
 10
85.573
 20
-514.315
 40
1.013
 50
180.0
 51
226.193
  0
ARC
  8
APS_GEOMETRY
 10
87.444
 20
-512.364
 40
3.715
 50
226.193
 51
249.829
  0
ARC
  8
APS_GEOMETRY
 10
82.083
 20
-527.125
 40
11.989
 50
53.249
 51
70.105
  0
ARC
  8
APS_GEOMETRY
 10
84.518
 20
-523.864
 40
7.919
 50
32.471
 51
53.249
  0
ARC
  8
APS_GEOMETRY
 10
83.383
 20
-524.586
 40
9.264
 50
23.305
 51
32.471
  0
ARC
  8
APS_GEOMETRY
 10
76.373
 20
-527.606
 40
16.897
 50
16.521
 51
23.305
  0
ARC
  8
APS_GEOMETRY
 10
70.907
 20
-529.227
 40
22.598
 50
11.429
 51
16.521
  0
ARC
  8
APS_GEOMETRY
 10
55.417
 20
-532.359
 40
38.401
 50
7.524
 51
11.429
  0
ARC
  8
APS_GEOMETRY
 10
106.746
 20
-525.523
 40
13.38
 50
187.765
 51
196.914
  0
ARC
  8
APS_GEOMETRY
 10
95.802
 20
-528.851
 40
1.942
 50
196.914
 51
221.082
  0
ARC
  8
APS_GEOMETRY
 10
95.844
 20
-528.814
 40
1.997
 50
221.082
 51
244.607
  0
ARC
  8
APS_GEOMETRY
 10
100.517
 20
-518.969
 40
12.896
 50
244.607
 51
253.811
  0
ARC
  8
APS_GEOMETRY
 10
96.409
 20
-532.979
 40
1.705
 50
51.45
 51
72.474
  0
ARC
  8
APS_GEOMETRY
 10
95.987
 20
-533.508
 40
2.382
 50
33.69
 51
51.45
  0
ARC
  8
APS_GEOMETRY
 10
95.888
 20
-533.574
 40
2.5
 50
16.639
 51
33.69
  0
ARC
  8
APS_GEOMETRY
 10
95.769
 20
-533.61
 40
2.625
 50
360.0
 51
16.639
  0
ARC
  8
APS_GEOMETRY
 10
95.732
 20
-533.61
 40
2.662
 50
338.993
 51
360.0
  0
ARC
  8
APS_GEOMETRY
 10
94.107
 20
-532.986
 40
4.402
 50
322.696
 51
338.993
  0
ARC
  8
APS_GEOMETRY
 10
93.502
 20
-532.524
 40
5.164
 50
308.603
 51
322.696
  0
ARC
  8
APS_GEOMETRY
 10
93.085
 20
-532.002
 40
5.831
 50
295.346
 51
308.603
  0
ARC
  8
APS_GEOMETRY
 10
90.894
 20
-527.176
 40
11.131
 50
279.583
 51
294.905
  0
ARC
  8
APS_GEOMETRY
 10
88.027
 20
-510.195
 40
28.353
 50
270.0
 51
279.583
  0
ARC
  8
APS_GEOMETRY
 10
88.027
 20
-517.876
 40
20.672
 50
261.247
 51
270.0
  0
ARC
  8
APS_GEOMETRY
 10
86.703
 20
-526.477
 40
11.97
 50
249.737
 51
261.247
  0
ARC
  8
APS_GEOMETRY
 10
85.832
 20
-528.834
 40
9.457
 50
235.345
 51
249.737
  0
ARC
  8
APS_GEOMETRY
 10
84.733
 20
-530.424
 40
7.524
 50
219.198
 51
235.345
  0
ARC
  8
APS_GEOMETRY
 10
87.046
 20
-528.452
 40
10.563
 50
209.076
 51
219.56
  0
ARC
  8
APS_GEOMETRY
 10
92.387
 20
-525.483
 40
16.674
 50
200.735
 51
209.076
  0
ARC
  8
APS_GEOMETRY
 10
99.756
 20
-522.693
 40
24.554
 50
197.881
 51
200.735
  0
ARC
  8
APS_GEOMETRY
 10
130.038
 20
-512.923
 40
56.372
 50
195.997
 51
197.881
  0
ARC
  8
APS_GEOMETRY
 10
152.42
 20
-506.506
 40
79.656
 50
194.664
 51
195.997
  0
ARC
  8
APS_GEOMETRY
 10
214.415
 20
-490.284
 40
143.738
 50
193.671
 51
194.664
  0
ARC
  8
APS_GEOMETRY
 10
57.204
 20
-528.504
 40
18.051
 50
13.61
 51
23.585
  0
ARC
  8
APS_GEOMETRY
 10
69.024
 20
-523.344
 40
5.155
 50
23.585
 51
42.31
  0
ARC
  8
APS_GEOMETRY
 10
70.096
 20
-522.368
 40
3.705
 50
42.31
 51
67.521
  0
ARC
  8
APS_GEOMETRY
 10
69.248
 20
-524.419
 40
5.924
 50
67.521
 51
87.397
  0
LINE
  8
APS_GEOMETRY
 10
67.652
 11
67.293
 20
-501.822
 21
-509.442
  0
LINE
  8
APS_GEOMETRY
 10
67.293
 11
67.293
 20
-509.442
 21
-509.564
  0
LINE
  8
APS_GEOMETRY
 10
67.293
 11
67.293
 20
-509.564
 21
-509.736
  0
ARC
  8
APS_GEOMETRY
 10
72.587
 20
-509.736
 40
5.294
 50
180.0
 51
192.339
  0
ARC
  8
APS_GEOMETRY
 10
68.378
 20
-510.657
 40
0.986
 50
192.339
 51
221.186
  0
ARC
  8
APS_GEOMETRY
 10
68.277
 20
-510.745
 40
0.852
 50
221.186
 51
253.872
  0
ARC
  8
APS_GEOMETRY
 10
68.993
 20
-508.269
 40
3.429
 50
253.872
 51
270.0
  0
ARC
  8
APS_GEOMETRY
 10
68.993
 20
-503.728
 40
7.971
 50
270.0
 51
289.569
  0
ARC
  8
APS_GEOMETRY
 10
70.442
 20
-507.804
 40
3.644
 50
289.569
 51
318.681
  0
ARC
  8
APS_GEOMETRY
 10
70.05
 20
-507.46
 40
4.166
 50
318.681
 51
344.628
  0
ARC
  8
APS_GEOMETRY
 10
62.748
 20
-505.452
 40
11.74
 50
344.628
 51
0.0
  0
ARC
  8
APS_GEOMETRY
 10
66.219
 20
-505.452
 40
8.268
 50
0.0
 51
35.369
  0
ARC
  8
APS_GEOMETRY
 10
70.007
 20
-502.763
 40
3.623
 50
35.369
 51
90.0
  0
ARC
  8
APS_GEOMETRY
 10
70.007
 20
-502.803
 40
3.663
 50
90.0
 51
108.435
  0
ARC
  8
APS_GEOMETRY
 10
69.294
 20
-500.665
 40
1.409
 50
108.435
 51
138.366
  0
ARC
  8
APS_GEOMETRY
 10
69.486
 20
-500.835
 40
1.665
 50
138.366
 51
164.291
  0
ARC
  8
APS_GEOMETRY
 10
73.971
 20
-502.097
 40
6.324
 50
164.291
 51
177.51
  0
LINE
  8
APS_GEOMETRY
 10
118.166
 11
135.401
 20
-492.632
 21
-492.632
  0
ARC
  8
APS_GEOMETRY
 10
134.529
 20
-467.937
 40
24.711
 50
272.021
 51
278.44
  0
ARC
  8
APS_GEOMETRY
 10
135.502
 20
-474.492
 40
18.083
 50
278.44
 51
285.945
  0
ARC
  8
APS_GEOMETRY
 10
142.819
 20
-500.69
 40
9.118
 50
98.584
 51
104.931
  0
ARC
  8
APS_GEOMETRY
 10
142.203
 20
-496.609
 40
4.991
 50
90.0
 51
98.584
  0
ARC
  8
APS_GEOMETRY
 10
142.203
 20
-495.37
 40
3.752
 50
52.871
 51
90.0
  0
ARC
  8
APS_GEOMETRY
 10
137.115
 20
-502.091
 40
12.182
 50
32.518
 51
52.871
  0
ARC
  8
APS_GEOMETRY
 10
133.083
 20
-504.661
 40
16.963
 50
17.209
 51
32.518
  0
ARC
  8
APS_GEOMETRY
 10
136.443
 20
-503.621
 40
13.445
 50
360.0
 51
17.209
  0
ARC
  8
APS_GEOMETRY
 10
143.171
 20
-503.621
 40
6.717
 50
337.348
 51
360.0
  0
ARC
  8
APS_GEOMETRY
 10
145.871
 20
-504.747
 40
3.792
 50
307.042
 51
337.348
  0
ARC
  8
APS_GEOMETRY
 10
145.402
 20
-504.103
 40
4.589
 50
287.186
 51
306.87
  0
ARC
  8
APS_GEOMETRY
 10
144.983
 20
-502.749
 40
6.006
 50
270.0
 51
287.186
  0
ARC
  8
APS_GEOMETRY
 10
144.983
 20
-503.362
 40
5.393
 50
252.221
 51
270.0
  0
ARC
  8
APS_GEOMETRY
 10
144.732
 20
-504.145
 40
4.571
 50
232.896
 51
252.221
  0
ARC
  8
APS_GEOMETRY
 10
145.703
 20
-502.861
 40
6.18
 50
218.3
 51
232.896
  0
ARC
  8
APS_GEOMETRY
 10
153.283
 20
-496.875
 40
15.839
 50
209.197
 51
218.3
  0
ARC
  8
APS_GEOMETRY
 10
114.729
 20
-517.763
 40
28.012
 50
28.025
 51
32.699
  0
ARC
  8
APS_GEOMETRY
 10
134.885
 20
-504.823
 40
4.06
 50
32.699
 51
45.0
  0
ARC
  8
APS_GEOMETRY
 10
136.259
 20
-503.449
 40
2.116
 50
45.0
 51
67.557
  0
ARC
  8
APS_GEOMETRY
 10
136.251
 20
-503.469
 40
2.137
 50
67.557
 51
90.0
  0
ARC
  8
APS_GEOMETRY
 10
136.251
 20
-503.3
 40
1.969
 50
90.0
 51
120.801
  0
ARC
  8
APS_GEOMETRY
 10
136.185
 20
-503.189
 40
1.839
 50
120.801
 51
152.7
  0
ARC
  8
APS_GEOMETRY
 10
137.644
 20
-503.941
 40
3.481
 50
152.7
 51
171.085
  0
ARC
  8
APS_GEOMETRY
 10
148.732
 20
-505.681
 40
14.705
 50
171.085
 51
180.0
  0
LINE
  8
APS_GEOMETRY
 10
134.027
 11
134.027
 20
-505.681
 21
-523.995
  0
ARC
  8
APS_GEOMETRY
 10
153.454
 20
-523.995
 40
19.427
 50
180.0
 51
188.194
  0
ARC
  8
APS_GEOMETRY
 10
138.947
 20
-526.084
 40
4.77
 50
188.194
 51
204.775
  0
ARC
  8
APS_GEOMETRY
 10
137.537
 20
-526.734
 40
3.218
 50
204.775
 51
228.576
  0
ARC
  8
APS_GEOMETRY
 10
138.86
 20
-525.236
 40
5.216
 50
228.576
 51
247.218
  0
ARC
  8
APS_GEOMETRY
 10
131.191
 20
-543.308
 40
14.416
 50
59.381
 51
66.93
  0
ARC
  8
APS_GEOMETRY
 10
136.852
 20
-533.742
 40
3.301
 50
43.568
 51
59.381
  0
ARC
  8
APS_GEOMETRY
 10
137.758
 20
-532.881
 40
2.051
 50
19.041
 51
43.568
  0
ARC
  8
APS_GEOMETRY
 10
136.499
 20
-533.315
 40
3.382
 50
360.0
 51
19.041
  0
ARC
  8
APS_GEOMETRY
 10
137.134
 20
-533.315
 40
2.747
 50
317.66
 51
360.0
  0
ARC
  8
APS_GEOMETRY
 10
134.612
 20
-531.017
 40
6.16
 50
289.747
 51
317.66
  0
ARC
  8
APS_GEOMETRY
 10
132.499
 20
-525.132
 40
12.412
 50
281.964
 51
289.747
  0
ARC
  8
APS_GEOMETRY
 10
129.572
 20
-511.32
 40
26.531
 50
276.643
 51
281.964
  0
ARC
  8
APS_GEOMETRY
 10
128.34
 20
-500.745
 40
37.178
 50
272.836
 51
276.643
  0
ARC
  8
APS_GEOMETRY
 10
126.865
 20
-470.969
 40
66.99
 50
270.0
 51
272.836
  0
ARC
  8
APS_GEOMETRY
 10
126.865
 20
-452.519
 40
85.44
 50
267.283
 51
270.0
  0
ARC
  8
APS_GEOMETRY
 10
125.071
 20
-490.322
 40
47.595
 50
263.643
 51
267.283
  0
ARC
  8
APS_GEOMETRY
 10
123.569
 20
-503.806
 40
34.027
 50
258.563
 51
263.643
  0
ARC
  8
APS_GEOMETRY
 10
119.98
 20
-521.545
 40
15.929
 50
251.136
 51
258.563
  0
ARC
  8
APS_GEOMETRY
 10
116.776
 20
-530.838
 40
6.099
 50
222.558
 51
251.395
  0
ARC
  8
APS_GEOMETRY
 10
114.399
 20
-533.021
 40
2.871
 50
180.0
 51
222.558
  0
ARC
  8
APS_GEOMETRY
 10
113.919
 20
-533.021
 40
2.392
 50
150.642
 51
180.0
  0
ARC
  8
APS_GEOMETRY
 10
114.111
 20
-533.129
 40
2.612
 50
122.574
 51
150.642
  0
ARC
  8
APS_GEOMETRY
 10
113.604
 20
-532.546
 40
1.851
 50
108.677
 51
119.055
  0
ARC
  8
APS_GEOMETRY
 10
136.719
 20
-600.93
 40
74.036
 50
107.038
 51
108.677
  0
ARC
  8
APS_GEOMETRY
 10
114.165
 20
-527.166
 40
3.099
 50
286.144
 51
308.66
  0
ARC
  8
APS_GEOMETRY
 10
114.672
 20
-527.801
 40
2.287
 50
308.66
 51
334.933
  0
ARC
  8
APS_GEOMETRY
 10
112.608
 20
-526.835
 40
4.566
 50
334.933
 51
348.829
  0
ARC
  8
APS_GEOMETRY
 10
86.782
 20
-521.735
 40
30.891
 50
348.829
 51
354.161
  0
ARC
  8
APS_GEOMETRY
 10
69.326
 20
-519.936
 40
48.439
 50
354.144
 51
355.66
  0
ARC
  8
APS_GEOMETRY
 10
-8.05
 20
-514.064
 40
126.038
 50
355.66
 51
356.6
  0
ARC
  8
APS_GEOMETRY
 10
-67.199
 20
-510.55
 40
185.291
 50
356.6
 51
357.24
  0
ARC
  8
APS_GEOMETRY
 10
-235.024
 20
-502.459
 40
353.311
 50
357.24
 51
357.703
  0
ARC
  8
APS_GEOMETRY
 10
-218.504
 20
-503.121
 40
336.777
 50
357.703
 51
358.674
  0
ARC
  8
APS_GEOMETRY
 10
-62.672
 20
-506.727
 40
180.903
 50
358.674
 51
0.0
  0
ARC
  8
APS_GEOMETRY
 10
91.422
 20
-506.727
 40
26.81
 50
0.0
 51
6.242
  0
ARC
  8
APS_GEOMETRY
 10
112.741
 20
-504.396
 40
5.364
 50
6.242
 51
20.225
  0
ARC
  8
APS_GEOMETRY
 10
115.696
 20
-503.307
 40
2.215
 50
20.225
 51
50.44
  0
ARC
  8
APS_GEOMETRY
 10
116.269
 20
-502.612
 40
1.314
 50
50.44
 51
90.0
  0
ARC
  8
APS_GEOMETRY
 10
116.269
 20
-503.061
 40
1.762
 50
90.0
 51
126.747
  0
ARC
  8
APS_GEOMETRY
 10
118.759
 20
-506.396
 40
5.924
 50
126.747
 51
146.547
  0
ARC
  8
APS_GEOMETRY
 10
74.772
 20
-477.483
 40
46.715
 50
324.255
 51
326.701
  0
ARC
  8
APS_GEOMETRY
 10
93.395
 20
-490.887
 40
23.77
 50
320.826
 51
324.255
  0
ARC
  8
APS_GEOMETRY
 10
99.481
 20
-495.846
 40
15.918
 50
315.722
 51
320.826
  0
ARC
  8
APS_GEOMETRY
 10
106.475
 20
-502.667
 40
6.149
 50
307.504
 51
315.722
  0
ARC
  8
APS_GEOMETRY
 10
105.83
 20
-501.805
 40
7.226
 50
291.306
 51
307.405
  0
ARC
  8
APS_GEOMETRY
 10
106.949
 20
-504.674
 40
4.146
 50
270.0
 51
291.306
  0
ARC
  8
APS_GEOMETRY
 10
106.949
 20
-504.941
 40
3.879
 50
245.532
 51
270.0
  0
ARC
  8
APS_GEOMETRY
 10
106.92
 20
-505.006
 40
3.808
 50
220.833
 51
245.532
  0
ARC
  8
APS_GEOMETRY
 10
107.313
 20
-504.666
 40
4.328
 50
198.684
 51
220.833
  0
ARC
  8
APS_GEOMETRY
 10
108.954
 20
-504.111
 40
6.06
 50
180.0
 51
198.684
  0
ARC
  8
APS_GEOMETRY
 10
112.801
 20
-504.111
 40
9.908
 50
168.408
 51
180.0
  0
ARC
  8
APS_GEOMETRY
 10
119.154
 20
-505.414
 40
16.393
 50
159.402
 51
168.408
  0
ARC
  8
APS_GEOMETRY
 10
121.117
 20
-506.152
 40
18.49
 50
151.39
 51
159.402
  0
ARC
  8
APS_GEOMETRY
 10
120.715
 20
-505.933
 40
18.032
 50
143.276
 51
151.39
  0
ARC
  8
APS_GEOMETRY
 10
115.665
 20
-502.157
 40
11.726
 50
124.216
 51
143.31
  0
ARC
  8
APS_GEOMETRY
 10
111.168
 20
-495.542
 40
3.728
 50
90.0
 51
124.216
  0
ARC
  8
APS_GEOMETRY
 10
111.168
 20
-497.199
 40
5.384
 50
82.725
 51
90.0
  0
ARC
  8
APS_GEOMETRY
 10
110.747
 20
-500.494
 40
8.707
 50
77.005
 51
82.725
  0
ARC
  8
APS_GEOMETRY
 10
123.595
 20
-438.548
 40
54.561
 50
258.486
 51
260.378
  0
ARC
  8
APS_GEOMETRY
 10
118.091
 20
-471.013
 40
21.633
 50
260.378
 51
263.382
  0
ARC
  8
APS_GEOMETRY
 10
117.621
 20
-475.07
 40
17.548
 50
263.382
 51
267.084
  0
ARC
  8
APS_GEOMETRY
 10
118.166
 20
-464.359
 40
28.273
 50
267.084
 51
270.0
  0
LINE
  8
APS_GEOMETRY
 10
161.583
 11
178.393
 20
-492.632
 21
-492.632
  0
ARC
  8
APS_GEOMETRY
 10
178.393
 20
-280.913
 40
211.72
 50
270.0
 51
270.69
  0
ARC
  8
APS_GEOMETRY
 10
179.586
 20
-379.969
 40
112.656
 50
270.69
 51
271.637
  0
ARC
  8
APS_GEOMETRY
 10
180.592
 20
-415.163
 40
77.448
 50
271.637
 51
273.013
  0
ARC
  8
APS_GEOMETRY
 10
183.043
 20
-461.725
 40
30.821
 50
273.013
 51
275.194
  0
ARC
  8
APS_GEOMETRY
 10
183.65
 20
-468.407
 40
24.112
 50
275.194
 51
280.756
  0
ARC
  8
APS_GEOMETRY
 10
183.764
 20
-469.008
 40
23.5
 50
280.756
 51
286.39
  0
ARC
  8
APS_GEOMETRY
 10
192.378
 20
-498.493
 40
7.217
 50
100.305
 51
105.945
  0
ARC
  8
APS_GEOMETRY
 10
191.474
 20
-493.523
 40
2.166
 50
90.0
 51
100.305
  0
ARC
  8
APS_GEOMETRY
 10
191.474
 20
-494.296
 40
2.94
 50
58.946
 51
90.0
  0
ARC
  8
APS_GEOMETRY
 10
190.35
 20
-496.164
 40
5.119
 50
35.538
 51
58.946
  0
ARC
  8
APS_GEOMETRY
 10
185.961
 20
-499.392
 40
10.568
 50
16.699
 51
35.952
  0
ARC
  8
APS_GEOMETRY
 10
182.66
 20
-500.383
 40
14.014
 50
360.0
 51
16.699
  0
ARC
  8
APS_GEOMETRY
 10
188.81
 20
-500.383
 40
7.864
 50
344.982
 51
360.0
  0
ARC
  8
APS_GEOMETRY
 10
192.585
 20
-501.396
 40
3.956
 50
323.746
 51
344.982
  0
ARC
  8
APS_GEOMETRY
 10
193.424
 20
-502.011
 40
2.916
 50
296.114
 51
323.746
  0
ARC
  8
APS_GEOMETRY
 10
193.273
 20
-501.704
 40
3.258
 50
270.0
 51
296.114
  0
ARC
  8
APS_GEOMETRY
 10
193.273
 20
-500.877
 40
4.084
 50
255.311
 51
270.0
  0
ARC
  8
APS_GEOMETRY
 10
192.727
 20
-502.96
 40
1.931
 50
233.881
 51
255.311
  0
ARC
  8
APS_GEOMETRY
 10
193.302
 20
-502.173
 40
2.906
 50
219.289
 51
233.881
  0
ARC
  8
APS_GEOMETRY
 10
204.832
 20
-492.739
 40
17.803
 50
213.408
 51
219.289
  0
ARC
  8
APS_GEOMETRY
 10
183.231
 20
-506.967
 40
8.063
 50
33.294
 51
51.246
  0
ARC
  8
APS_GEOMETRY
 10
184.329
 20
-505.599
 40
6.309
 50
51.246
 51
71.565
  0
ARC
  8
APS_GEOMETRY
 10
183.603
 20
-507.777
 40
8.604
 50
71.565
 51
79.278
  0
ARC
  8
APS_GEOMETRY
 10
181.275
 20
-520.072
 40
21.118
 50
79.278
 51
84.2
  0
ARC
  8
APS_GEOMETRY
 10
180.281
 20
-529.851
 40
30.947
 50
84.2
 51
87.567
  0
ARC
  8
APS_GEOMETRY
 10
179.08
 20
-558.129
 40
59.251
 50
87.567
 51
90.0
  0
ARC
  8
APS_GEOMETRY
 10
179.08
 20
-515.534
 40
16.656
 50
90.0
 51
96.374
  0
ARC
  8
APS_GEOMETRY
 10
177.974
 20
-505.638
 40
6.698
 50
96.374
 51
106.434
  0
ARC
  8
APS_GEOMETRY
 10
177.189
 20
-502.975
 40
3.921
 50
106.434
 51
123.056
  0
ARC
  8
APS_GEOMETRY
 10
175.962
 20
-501.09
 40
1.673
 50
123.056
 51
148.627
  0
ARC
  8
APS_GEOMETRY
 10
177.082
 20
-501.725
 40
2.96
 50
149.421
 51
165.28
  0
ARC
  8
APS_GEOMETRY
 10
180.311
 20
-502.573
 40
6.298
 50
165.28
 51
176.135
  0
ARC
  8
APS_GEOMETRY
 10
189.554
 20
-503.198
 40
15.562
 50
176.135
 51
178.367
  0
ARC
  8
APS_GEOMETRY
 10
275.059
 20
-505.636
 40
101.103
 50
178.367
 51
179.242
  0
ARC
  8
APS_GEOMETRY
 10
363.428
 20
-506.805
 40
189.479
 50
179.242
 51
179.709
  0
ARC
  8
APS_GEOMETRY
 10
664.077
 20
-508.33
 40
490.132
 50
179.709
 51
180.0
  0
ARC
  8
APS_GEOMETRY
 10
181.036
 20
-508.33
 40
7.091
 50
180.0
 51
195.027
  0
ARC
  8
APS_GEOMETRY
 10
175.237
 20
-509.887
 40
1.086
 50
195.027
 51
234.058
  0
ARC
  8
APS_GEOMETRY
 10
175.294
 20
-509.809
 40
1.183
 50
234.058
 51
253.191
  0
ARC
  8
APS_GEOMETRY
 10
176.531
 20
-505.713
 40
5.461
 50
253.191
 51
262.063
  0
ARC
  8
APS_GEOMETRY
 10
177.165
 20
-501.168
 40
10.05
 50
262.063
 51
266.949
  0
ARC
  8
APS_GEOMETRY
 10
178.001
 20
-485.486
 40
25.755
 50
266.949
 51
270.0
  0
ARC
  8
APS_GEOMETRY
 10
178.001
 20
-506.519
 40
4.722
 50
270.0
 51
286.007
  0
ARC
  8
APS_GEOMETRY
 10
178.827
 20
-509.4
 40
1.725
 50
286.007
 51
312.647
  0
ARC
  8
APS_GEOMETRY
 10
178.81
 20
-509.381
 40
1.75
 50
312.647
 51
338.993
  0
ARC
  8
APS_GEOMETRY
 10
175.235
 20
-508.008
 40
5.58
 50
338.993
 51
353.66
  0
ARC
  8
APS_GEOMETRY
 10
212.154
 20
-512.411
 40
31.601
 50
169.663
 51
173.118
  0
ARC
  8
APS_GEOMETRY
 10
185.764
 20
-507.597
 40
4.776
 50
160.769
 51
169.663
  0
ARC
  8
APS_GEOMETRY
 10
183.557
 20
-506.827
 40
2.439
 50
143.746
 51
160.769
  0
ARC
  8
APS_GEOMETRY
 10
184.09
 20
-507.219
 40
3.1
 50
128.66
 51
143.746
  0
ARC
  8
APS_GEOMETRY
 10
183.735
 20
-506.642
 40
2.429
 50
110.171
 51
130.601
  0
ARC
  8
APS_GEOMETRY
 10
183.756
 20
-506.701
 40
2.492
 50
90.0
 51
110.171
  0
ARC
  8
APS_GEOMETRY
 10
183.756
 20
-506.736
 40
2.527
 50
61.22
 51
90.0
  0
ARC
  8
APS_GEOMETRY
 10
183.315
 20
-507.539
 40
3.443
 50
36.634
 51
61.22
  0
ARC
  8
APS_GEOMETRY
 10
182.901
 20
-507.785
 40
3.923
 50
19.103
 51
35.91
  0
ARC
  8
APS_GEOMETRY
 10
170.106
 20
-512.217
 40
17.463
 50
11.16
 51
19.103
  0
ARC
  8
APS_GEOMETRY
 10
163.421
 20
-513.536
 40
24.277
 50
5.396
 51
11.16
  0
ARC
  8
APS_GEOMETRY
 10
160.021
 20
-513.857
 40
27.692
 50
0.0
 51
5.396
  0
ARC
  8
APS_GEOMETRY
 10
160.503
 20
-513.857
 40
27.21
 50
349.287
 51
0.0
  0
ARC
  8
APS_GEOMETRY
 10
173.861
 20
-516.384
 40
13.615
 50
334.12
 51
349.287
  0
ARC
  8
APS_GEOMETRY
 10
183.063
 20
-520.831
 40
3.396
 50
303.53
 51
333.853
  0
ARC
  8
APS_GEOMETRY
 10
183.397
 20
-521.334
 40
2.791
 50
270.0
 51
303.53
  0
ARC
  8
APS_GEOMETRY
 10
183.397
 20
-521.204
 40
2.922
 50
249.578
 51
270.0
  0
ARC
  8
APS_GEOMETRY
 10
182.775
 20
-522.873
 40
1.14
 50
216.607
 51
249.578
  0
ARC
  8
APS_GEOMETRY
 10
183.369
 20
-522.432
 40
1.881
 50
195.422
 51
216.607
  0
ARC
  8
APS_GEOMETRY
 10
193.632
 20
-519.601
 40
12.526
 50
187.253
 51
195.422
  0
ARC
  8
APS_GEOMETRY
 10
177.059
 20
-521.733
 40
4.183
 50
7.561
 51
49.434
  0
ARC
  8
APS_GEOMETRY
 10
176.889
 20
-521.932
 40
4.445
 50
49.434
 51
90.0
  0
ARC
  8
APS_GEOMETRY
 10
176.889
 20
-520.478
 40
2.991
 50
90.0
 51
115.224
  0
ARC
  8
APS_GEOMETRY
 10
176.297
 20
-519.222
 40
1.603
 50
115.224
 51
149.931
  0
ARC
  8
APS_GEOMETRY
 10
177.366
 20
-519.841
 40
2.838
 50
149.931
 51
171.111
  0
ARC
  8
APS_GEOMETRY
 10
190.334
 20
-521.869
 40
15.963
 50
171.111
 51
180.0
  0
ARC
  8
APS_GEOMETRY
 10
203.109
 20
-521.869
 40
28.739
 50
180.0
 51
183.062
  0
ARC
  8
APS_GEOMETRY
 10
247.097
 20
-519.516
 40
72.789
 50
183.062
 51
184.986
  0
ARC
  8
APS_GEOMETRY
 10
224.024
 20
-521.529
 40
49.629
 50
184.986
 51
187.804
  0
ARC
  8
APS_GEOMETRY
 10
180.323
 20
-527.518
 40
5.52
 50
187.804
 51
196.26
  0
ARC
  8
APS_GEOMETRY
 10
176.47
 20
-528.679
 40
1.496
 50
194.931
 51
230.024
  0
ARC
  8
APS_GEOMETRY
 10
177.45
 20
-527.509
 40
3.022
 50
230.024
 51
254.511
  0
ARC
  8
APS_GEOMETRY
 10
178.642
 20
-523.208
 40
7.485
 50
254.511
 51
265.219
  0
ARC
  8
APS_GEOMETRY
 10
181.14
 20
-493.341
 40
37.456
 50
265.219
 51
270.0
  0
ARC
  8
APS_GEOMETRY
 10
181.14
 20
-497.301
 40
33.497
 50
270.0
 51
274.186
  0
ARC
  8
APS_GEOMETRY
 10
182.159
 20
-511.217
 40
19.543
 50
274.186
 51
279.668
  0
ARC
  8
APS_GEOMETRY
 10
182.995
 20
-516.125
 40
14.564
 50
279.668
 51
286.991
  0
ARC
  8
APS_GEOMETRY
 10
184.908
 20
-522.385
 40
8.018
 50
286.991
 51
296.866
  0
ARC
  8
APS_GEOMETRY
 10
185.305
 20
-523.17
 40
7.139
 50
296.866
 51
318.366
  0
ARC
  8
APS_GEOMETRY
 10
181.306
 20
-519.615
 40
12.489
 50
318.366
 51
334.581
  0
ARC
  8
APS_GEOMETRY
 10
207.635
 20
-532.241
 40
16.711
 50
147.08
 51
154.231
  0
ARC
  8
APS_GEOMETRY
 10
196.629
 20
-525.115
 40
3.599
 50
131.634
 51
147.08
  0
ARC
  8
APS_GEOMETRY
 10
195.808
 20
-524.192
 40
2.364
 50
108.875
 51
131.634
  0
ARC
  8
APS_GEOMETRY
 10
196.151
 20
-525.194
 40
3.423
 50
90.0
 51
108.875
  0
ARC
  8
APS_GEOMETRY
 10
196.151
 20
-524.498
 40
2.727
 50
62.628
 51
90.0
  0
ARC
  8
APS_GEOMETRY
 10
195.978
 20
-524.832
 40
3.103
 50
36.995
 51
62.628
  0
ARC
  8
APS_GEOMETRY
 10
195.205
 20
-525.414
 40
4.071
 50
16.728
 51
36.995
  0
ARC
  8
APS_GEOMETRY
 10
193.4
 20
-525.957
 40
5.956
 50
360.0
 51
16.728
  0
ARC
  8
APS_GEOMETRY
 10
189.824
 20
-525.957
 40
9.532
 50
348.323
 51
360.0
  0
ARC
  8
APS_GEOMETRY
 10
175.515
 20
-523.0
 40
24.143
 50
340.994
 51
348.323
  0
ARC
  8
APS_GEOMETRY
 10
172.121
 20
-521.831
 40
27.733
 50
334.592
 51
340.994
  0
ARC
  8
APS_GEOMETRY
 10
178.045
 20
-524.645
 40
21.175
 50
327.265
 51
334.592
  0
ARC
  8
APS_GEOMETRY
 10
184.925
 20
-528.7
 40
13.198
 50
320.133
 51
325.923
  0
ARC
  8
APS_GEOMETRY
 10
192.928
 20
-535.384
 40
2.771
 50
307.476
 51
320.133
  0
ARC
  8
APS_GEOMETRY
 10
193.629
 20
-536.298
 40
1.619
 50
286.429
 51
307.476
  0
ARC
  8
APS_GEOMETRY
 10
193.338
 20
-535.314
 40
2.646
 50
270.0
 51
286.429
  0
ARC
  8
APS_GEOMETRY
 10
193.338
 20
-532.255
 40
5.704
 50
263.774
 51
270.0
  0
ARC
  8
APS_GEOMETRY
 10
195.007
 20
-516.958
 40
21.092
 50
260.538
 51
263.774
  0
ARC
  8
APS_GEOMETRY
 10
187.538
 20
-559.104
 40
21.713
 50
79.38
 51
84.987
  0
ARC
  8
APS_GEOMETRY
 10
184.3
 20
-596.015
 40
58.766
 50
84.987
 51
88.394
  0
LINE
  8
APS_GEOMETRY
 10
185.947
 11
158.215
 20
-537.272
 21
-537.272
  0
ARC
  8
APS_GEOMETRY
 10
158.215
 20
-531.469
 40
5.804
 50
254.103
 51
270.0
  0
ARC
  8
APS_GEOMETRY
 10
157.398
 20
-534.339
 40
2.82
 50
231.216
 51
254.103
  0
ARC
  8
APS_GEOMETRY
 10
157.062
 20
-534.756
 40
2.284
 50
203.795
 51
231.216
  0
ARC
  8
APS_GEOMETRY
 10
157.734
 20
-534.46
 40
3.019
 50
180.0
 51
203.795
  0
ARC
  8
APS_GEOMETRY
 10
157.989
 20
-534.46
 40
3.273
 50
164.055
 51
180.0
  0
ARC
  8
APS_GEOMETRY
 10
155.972
 20
-533.884
 40
1.175
 50
137.291
 51
164.055
  0
ARC
  8
APS_GEOMETRY
 10
156.579
 20
-534.444
 40
2.001
 50
120.964
 51
137.291
  0
ARC
  8
APS_GEOMETRY
 10
163.079
 20
-545.278
 40
14.637
 50
114.944
 51
120.964
  0
ARC
  8
APS_GEOMETRY
 10
154.964
 20
-527.524
 40
4.886
 50
293.429
 51
305.72
  0
ARC
  8
APS_GEOMETRY
 10
156.308
 20
-529.393
 40
2.584
 50
305.72
 51
322.651
  0
ARC
  8
APS_GEOMETRY
 10
156.1
 20
-529.234
 40
2.846
 50
322.651
 51
338.11
  0
ARC
  8
APS_GEOMETRY
 10
152.042
 20
-527.604
 40
7.219
 50
338.11
 51
347.8
  0
ARC
  8
APS_GEOMETRY
 10
126.841
 20
-522.08
 40
33.018
 50
347.672
 51
352.051
  0
ARC
  8
APS_GEOMETRY
 10
102.448
 20
-518.674
 40
57.647
 50
352.051
 51
355.365
  0
ARC
  8
APS_GEOMETRY
 10
86.021
 20
-517.342
 40
74.128
 50
355.365
 51
357.943
  0
ARC
  8
APS_GEOMETRY
 10
43.612
 20
-515.819
 40
116.566
 50
357.943
 51
0.0
  0
ARC
  8
APS_GEOMETRY
 10
-5.341
 20
-515.819
 40
165.518
 50
0.0
 51
2.183
  0
ARC
  8
APS_GEOMETRY
 10
93.634
 20
-512.045
 40
66.471
 50
2.183
 51
5.629
  0
ARC
  8
APS_GEOMETRY
 10
123.118
 20
-509.139
 40
36.844
 50
5.629
 51
11.805
  0
ARC
  8
APS_GEOMETRY
 10
151.734
 20
-503.159
 40
7.61
 50
11.805
 51
25.419
  0
ARC
  8
APS_GEOMETRY
 10
155.438
 20
-501.477
 40
3.544
 50
26.565
 51
38.157
  0
ARC
  8
APS_GEOMETRY
 10
157.082
 20
-500.185
 40
1.452
 50
38.157
 51
56.31
  0
ARC
  8
APS_GEOMETRY
 10
156.735
 20
-500.707
 40
2.079
 50
56.31
 51
69.193
  0
ARC
  8
APS_GEOMETRY
 10
151.855
 20
-513.548
 40
15.817
 50
69.193
 51
73.856
  0
ARC
  8
APS_GEOMETRY
 10
157.002
 20
-495.841
 40
2.623
 50
216.87
 51
253.393
  0
ARC
  8
APS_GEOMETRY
 10
156.965
 20
-495.87
 40
2.576
 50
180.0
 51
216.87
  0
ARC
  8
APS_GEOMETRY
 10
157.526
 20
-495.87
 40
3.138
 50
161.565
 51
180.0
  0
ARC
  8
APS_GEOMETRY
 10
157.413
 20
-495.832
 40
3.018
 50
142.765
 51
161.565
  0
ARC
  8
APS_GEOMETRY
 10
157.341
 20
-495.777
 40
2.928
 50
123.425
 51
142.765
  0
ARC
  8
APS_GEOMETRY
 10
157.406
 20
-495.877
 40
3.047
 50
104.47
 51
123.425
  0
ARC
  8
APS_GEOMETRY
 10
157.986
 20
-498.739
 40
5.965
 50
96.724
 51
102.995
  0
ARC
  8
APS_GEOMETRY
 10
159.787
 20
-514.014
 40
21.346
 50
93.411
 51
96.724
  0
ARC
  8
APS_GEOMETRY
 10
160.587
 20
-527.435
 40
34.791
 50
91.375
 51
93.411
  0
ARC
  8
APS_GEOMETRY
 10
161.583
 20
-568.935
 40
76.303
 50
90.0
 51
91.375
  0
LINE
  8
APS_GEOMETRY
 10
10.5
 11
10.5
 20
3.0
 21
91.426
  0
LINE
  8
APS_GEOMETRY
 10
10.5
 11
-79.5
 20
91.426
 21
91.426
  0
LINE
  8
APS_GEOMETRY
 10
-79.5
 11
-79.5
 20
91.426
 21
3.0
  0
ARC
  8
APS_GEOMETRY
 10
-76.5
 20
3.0
 40
3.0
 50
180.0
 51
270.0
  0
LINE
  8
APS_GEOMETRY
 10
-76.5
 11
7.5
 20
0.0
 21
0.0
  0
ARC
  8
APS_GEOMETRY
 10
7.5
 20
3.0
 40
3.0
 50
270.0
 51
0.0
  0
LINE
  8
APS_GEOMETRY
 10
-79.5
 11
10.5
 20
105.903
 21
105.903
  0
LINE
  8
APS_GEOMETRY
 10
-79.5
 11
10.5
 20
106.012
 21
106.012
  0
LINE
  8
APS_GEOMETRY
 10
-79.5
 11
10.5
 20
88.285
 21
88.285
  0
LINE
  8
APS_GEOMETRY
 10
10.5
 11
10.5
 20
84.426
 21
113.0
  0
ARC
  8
APS_GEOMETRY
 10
8.5
 20
113.0
 40
2.0
 50
0.0
 51
90.0
  0
LINE
  8
APS_GEOMETRY
 10
8.5
 11
-77.5
 20
115.0
 21
115.0
  0
ARC
  8
APS_GEOMETRY
 10
-77.5
 20
113.0
 40
2.0
 50
90.0
 51
180.0
  0
LINE
  8
APS_GEOMETRY
 10
-79.5
 11
-79.5
 20
113.0
 21
84.426
  0
LINE
  8
APS_GEOMETRY
 10
-79.5
 11
10.5
 20
84.426
 21
84.426
  0
LINE
  8
QUOTATURA
 10
-24.502
 11
-4.502
 20
-28.336
 21
-31.67
  0
LINE
  8
QUOTATURA
 10
-4.502
 11
-24.502
 20
-31.67
 21
-35.004
  0
LINE
  8
QUOTATURA
 10
-24.502
 11
-24.502
 20
-35.004
 21
-28.336
  0
LINE
  8
QUOTATURA
 10
-4.502
 11
-45.428
 20
-31.67
 21
-31.67
  0
LINE
  8
QUOTATURA
 10
-45.428
 11
-45.428
 20
-31.67
 21
-4.069
  0
LINE
  8
QUOTATURA
 10
434.176
 11
454.176
 20
-28.336
 21
-31.67
  0
LINE
  8
QUOTATURA
 10
454.176
 11
434.176
 20
-31.67
 21
-35.004
  0
LINE
  8
QUOTATURA
 10
434.176
 11
434.176
 20
-35.004
 21
-28.336
  0
LINE
  8
QUOTATURA
 10
454.176
 11
413.25
 20
-31.67
 21
-31.67
  0
LINE
  8
QUOTATURA
 10
413.25
 11
413.25
 20
-31.67
 21
-4.069
  0
LINE
  8
QUOTATURA
 10
1016.282
 11
1012.948
 20
938.118
 21
918.118
  0
LINE
  8
QUOTATURA
 10
1012.948
 11
1009.614
 20
918.118
 21
938.118
  0
LINE
  8
QUOTATURA
 10
1009.614
 11
1016.282
 20
938.118
 21
938.118
  0
LINE
  8
QUOTATURA
 10
1012.948
 11
1012.948
 20
918.118
 21
960.248
  0
LINE
  8
QUOTATURA
 10
1012.948
 11
973.691
 20
960.248
 21
960.248
  0
LINE
  8
QUOTATURA
 10
11.0
 11
11.0
 20
-304.5
 21
-386.838
  0
LINE
  8
QUOTATURA
 10
-79.0
 11
-79.0
 20
-311.5
 21
-386.838
  0
LINE
  8
QUOTATURA
 10
11.0
 11
-12.108
 20
-376.838
 21
-376.838
  0
LINE
  8
QUOTATURA
 10
-55.892
 11
-79.0
 20
-376.838
 21
-376.838
  0
LINE
  8
QUOTATURA
 10
-9.0
 11
11.0
 20
-373.504
 21
-376.838
  0
LINE
  8
QUOTATURA
 10
11.0
 11
-9.0
 20
-376.838
 21
-380.172
  0
LINE
  8
QUOTATURA
 10
-9.0
 11
-9.0
 20
-380.172
 21
-373.504
  0
LINE
  8
QUOTATURA
 10
-59.0
 11
-79.0
 20
-380.172
 21
-376.838
  0
LINE
  8
QUOTATURA
 10
-79.0
 11
-59.0
 20
-376.838
 21
-373.504
  0
LINE
  8
QUOTATURA
 10
-59.0
 11
-59.0
 20
-373.504
 21
-380.172
  0
LINE
  8
QUOTATURA
 10
-89.0
 11
-118.562
 20
-284.5
 21
-284.5
  0
LINE
  8
QUOTATURA
 10
-83.5
 11
-118.562
 20
-305.0
 21
-305.0
  0
LINE
  8
QUOTATURA
 10
-108.562
 11
-108.562
 20
-305.0
 21
-343.144
  0
LINE
  8
QUOTATURA
 10
-108.562
 11
-145.923
 20
-343.144
 21
-343.144
  0
LINE
  8
QUOTATURA
 10
-111.896
 11
-108.562
 20
-325.0
 21
-305.0
  0
LINE
  8
QUOTATURA
 10
-108.562
 11
-105.228
 20
-305.0
 21
-325.0
  0
LINE
  8
QUOTATURA
 10
-105.228
 11
-111.896
 20
-325.0
 21
-325.0
  0
LINE
  8
QUOTATURA
 10
-108.562
 11
-108.562
 20
-284.5
 21
-244.5
  0
LINE
  8
QUOTATURA
 10
-105.228
 11
-108.562
 20
-264.5
 21
-284.5
  0
LINE
  8
QUOTATURA
 10
-108.562
 11
-111.896
 20
-284.5
 21
-264.5
  0
LINE
  8
QUOTATURA
 10
-111.896
 11
-105.228
 20
-264.5
 21
-264.5
  0
LINE
  8
SEZIONI
 10
-395.362
 11
-395.362
 20
-372.62
 21
-286.44
  0
LINE
  8
SEZIONI
 10
-395.362
 11
-415.362
 20
-286.44
 21
-286.44
  0
LINE
  8
APS_GEOMETRY
 10
-415.362
 11
-415.362
 20
-286.44
 21
-369.792
  0
ARC
  8
APS_GEOMETRY
 10
-412.443
 20
-369.793
 40
2.919
 50
179.978
 51
201.741
  0
ARC
  8
APS_GEOMETRY
 10
-412.519
 20
-369.825
 40
2.837
 50
201.707
 51
223.889
  0
ARC
  8
APS_GEOMETRY
 10
-412.601
 20
-369.904
 40
2.723
 50
223.884
 51
246.686
  0
ARC
  8
APS_GEOMETRY
 10
-412.634
 20
-369.976
 40
2.643
 50
246.717
 51
269.976
  0
LINE
  8
APS_GEOMETRY
 10
-412.635
 11
-395.362
 20
-372.62
 21
-372.62
  0
LINE
  8
APS_GEOMETRY
 10
-395.362
 11
-407.862
 20
-257.62
 21
-257.62
  0
ARC
  8
APS_GEOMETRY
 10
-407.382
 20
-262.315
 40
4.72
 50
95.833
 51
118.475
  0
ARC
  8
APS_GEOMETRY
 10
-407.515
 20
-262.078
 40
4.448
 50
118.427
 51
141.99
  0
ARC
  8
APS_GEOMETRY
 10
-407.745
 20
-261.896
 40
4.155
 50
142.008
 51
166.674
  0
ARC
  8
APS_GEOMETRY
 10
-407.868
 20
-261.861
 40
4.027
 50
166.76
 51
191.947
  0
ARC
  8
APS_GEOMETRY
 10
-407.756
 20
-261.831
 40
4.143
 50
192.036
 51
216.749
  0
ARC
  8
APS_GEOMETRY
 10
-407.526
 20
-261.657
 40
4.431
 50
216.771
 51
240.392
  0
ARC
  8
APS_GEOMETRY
 10
-407.385
 20
-261.417
 40
4.71
 50
240.347
 51
263.022
  0
ARC
  8
APS_GEOMETRY
 10
-407.971
 20
-266.194
 40
0.103
 50
54.435
 51
82.623
  0
ARC
  8
APS_GEOMETRY
 10
-407.966
 20
-266.188
 40
0.095
 50
24.724
 51
54.493
  0
ARC
  8
APS_GEOMETRY
 10
-407.961
 20
-266.185
 40
0.089
 50
353.534
 51
24.612
  0
ARC
  8
APS_GEOMETRY
 10
-416.293
 20
-265.221
 40
8.478
 50
327.663
 51
353.405
  0
ARC
  8
APS_GEOMETRY
 10
-416.773
 20
-264.91
 40
9.05
 50
302.985
 51
327.622
  0
ARC
  8
APS_GEOMETRY
 10
-408.325
 20
-278.08
 40
6.598
 50
122.264
 51
149.225
  0
ARC
  8
APS_GEOMETRY
 10
-408.697
 20
-277.851
 40
6.16
 50
149.285
 51
177.522
  0
ARC
  8
APS_GEOMETRY
 10
-407.05
 20
-277.829
 40
7.806
 50
178.204
 51
214.333
  0
ARC
  8
APS_GEOMETRY
 10
-414.239
 20
-282.76
 40
0.912
 50
10.007
 51
35.429
  0
ARC
  8
APS_GEOMETRY
 10
-414.217
 20
-282.755
 40
0.89
 50
344.07
 51
9.909
  0
ARC
  8
APS_GEOMETRY
 10
-414.25
 20
-282.744
 40
0.924
 50
318.79
 51
343.982
  0
LINE
  8
APS_GEOMETRY
 10
-413.555
 11
-414.68
 20
-283.353
 21
-284.645
  0
ARC
  8
APS_GEOMETRY
 10
-412.632
 20
-286.45
 40
2.73
 50
138.612
 51
179.788
  0
LINE
  8
APS_GEOMETRY
 10
-415.362
 11
-395.362
 20
-286.44
 21
-286.44
  0
LINE
  8
APS_GEOMETRY
 10
-395.362
 11
-395.362
 20
-286.44
 21
-257.62
  0
CIRCLE
  8
QUOTATURA
 10
-6526.345
 20
-4389.496
 40
1787.87
  0
LINE
  8
QUOTATURA
 10
-206.366
 11
-5014.353
 20
-401.338
 21
-3435.369
  0
CIRCLE
  8
QUOTATURA
 10
-55.166
 20
-305.925
 40
178.787
  0
LINE
  8
COSTRUZIONI
 10
-5716.683
 11
-5639.683
 20
-3292.246
 21
-3292.246
  0
ARC
  8
COSTRUZIONI
 10
-5589.683
 20
-3412.246
 40
130.0
 50
67.38
 51
112.62
  0
LINE
  8
COSTRUZIONI
 10
-5539.683
 11
-5539.683
 20
-3292.246
 21
-3327.246
  0
LINE
  8
COSTRUZIONI
 10
-5539.683
 11
-5716.683
 20
-3327.246
 21
-3327.246
  0
LINE
  8
COSTRUZIONI
 10
-5716.683
 11
-5716.683
 20
-3327.246
 21
-3292.246
  0
LINE
  8
COSTRUZIONI
 10
-5714.915
 11
-5716.683
 20
-3327.246
 21
-3325.478
  0
LINE
  8
COSTRUZIONI
 10
-5716.683
 11
-5709.612
 20
-3320.175
 21
-3327.246
  0
LINE
  8
COSTRUZIONI
 10
-5707.844
 11
-5716.683
 20
-3327.246
 21
-3318.407
  0
LINE
  8
COSTRUZIONI
 10
-5716.683
 11
-5702.541
 20
-3313.104
 21
-3327.246
  0
LINE
  8
COSTRUZIONI
 10
-5700.773
 11
-5716.683
 20
-3327.246
 21
-3311.336
  0
LINE
  8
COSTRUZIONI
 10
-5716.683
 11
-5695.47
 20
-3306.033
 21
-3327.246
  0
LINE
  8
COSTRUZIONI
 10
-5693.702
 11
-5716.683
 20
-3327.246
 21
-3304.265
  0
LINE
  8
COSTRUZIONI
 10
-5716.683
 11
-5688.399
 20
-3298.962
 21
-3327.246
  0
LINE
  8
COSTRUZIONI
 10
-5686.631
 11
-5716.683
 20
-3327.246
 21
-3297.194
  0
LINE
  8
COSTRUZIONI
 10
-5716.328
 11
-5681.328
 20
-3292.246
 21
-3327.246
  0
LINE
  8
COSTRUZIONI
 10
-5679.56
 11
-5714.56
 20
-3327.246
 21
-3292.246
  0
LINE
  8
COSTRUZIONI
 10
-5709.257
 11
-5674.257
 20
-3292.246
 21
-3327.246
  0
LINE
  8
COSTRUZIONI
 10
-5672.489
 11
-5707.489
 20
-3327.246
 21
-3292.246
  0
LINE
  8
COSTRUZIONI
 10
-5702.185
 11
-5667.185
 20
-3292.246
 21
-3327.246
  0
LINE
  8
COSTRUZIONI
 10
-5665.418
 11
-5700.418
 20
-3327.246
 21
-3292.246
  0
LINE
  8
COSTRUZIONI
 10
-5695.114
 11
-5660.114
 20
-3292.246
 21
-3327.246
  0
LINE
  8
COSTRUZIONI
 10
-5658.347
 11
-5693.347
 20
-3327.246
 21
-3292.246
  0
LINE
  8
COSTRUZIONI
 10
-5688.043
 11
-5653.043
 20
-3292.246
 21
-3327.246
  0
LINE
  8
COSTRUZIONI
 10
-5651.276
 11
-5686.276
 20
-3327.246
 21
-3292.246
  0
LINE
  8
COSTRUZIONI
 10
-5680.972
 11
-5645.972
 20
-3292.246
 21
-3327.246
  0
LINE
  8
COSTRUZIONI
 10
-5644.205
 11
-5679.205
 20
-3327.246
 21
-3292.246
  0
LINE
  8
COSTRUZIONI
 10
-5673.901
 11
-5638.901
 20
-3292.246
 21
-3327.246
  0
LINE
  8
COSTRUZIONI
 10
-5637.133
 11
-5672.133
 20
-3327.246
 21
-3292.246
  0
LINE
  8
COSTRUZIONI
 10
-5666.83
 11
-5631.83
 20
-3292.246
 21
-3327.246
  0
LINE
  8
COSTRUZIONI
 10
-5630.062
 11
-5665.062
 20
-3327.246
 21
-3292.246
  0
LINE
  8
COSTRUZIONI
 10
-5659.759
 11
-5624.759
 20
-3292.246
 21
-3327.246
  0
LINE
  8
COSTRUZIONI
 10
-5622.991
 11
-5657.991
 20
-3327.246
 21
-3292.246
  0
LINE
  8
COSTRUZIONI
 10
-5652.688
 11
-5617.688
 20
-3292.246
 21
-3327.246
  0
LINE
  8
COSTRUZIONI
 10
-5615.92
 11
-5650.92
 20
-3327.246
 21
-3292.246
  0
LINE
  8
COSTRUZIONI
 10
-5645.617
 11
-5610.617
 20
-3292.246
 21
-3327.246
  0
LINE
  8
COSTRUZIONI
 10
-5608.849
 11
-5643.849
 20
-3327.246
 21
-3292.246
  0
LINE
  8
COSTRUZIONI
 10
-5638.878
 11
-5603.546
 20
-3291.914
 21
-3327.246
  0
LINE
  8
COSTRUZIONI
 10
-5601.778
 11
-5637.618
 20
-3327.246
 21
-3291.406
  0
LINE
  8
COSTRUZIONI
 10
-5633.771
 11
-5596.475
 20
-3289.95
 21
-3327.246
  0
LINE
  8
COSTRUZIONI
 10
-5594.707
 11
-5632.466
 20
-3327.246
 21
-3289.488
  0
LINE
  8
COSTRUZIONI
 10
-5628.48
 11
-5589.404
 20
-3288.17
 21
-3327.246
  0
LINE
  8
COSTRUZIONI
 10
-5587.636
 11
-5627.127
 20
-3327.246
 21
-3287.755
  0
LINE
  8
COSTRUZIONI
 10
-5622.993
 11
-5582.333
 20
-3286.586
 21
-3327.246
  0
LINE
  8
COSTRUZIONI
 10
-5580.565
 11
-5621.589
 20
-3327.246
 21
-3286.222
  0
LINE
  8
COSTRUZIONI
 10
-5617.295
 11
-5575.262
 20
-3285.212
 21
-3327.246
  0
LINE
  8
COSTRUZIONI
 10
-5573.494
 11
-5615.836
 20
-3327.246
 21
-3284.904
  0
LINE
  8
COSTRUZIONI
 10
-5611.369
 11
-5568.191
 20
-3284.068
 21
-3327.246
  0
LINE
  8
COSTRUZIONI
 10
-5566.423
 11
-5609.849
 20
-3327.246
 21
-3283.82
  0
LINE
  8
COSTRUZIONI
 10
-5605.191
 11
-5561.119
 20
-3283.174
 21
-3327.246
  0
LINE
  8
COSTRUZIONI
 10
-5559.352
 11
-5603.604
 20
-3327.246
 21
-3282.994
  0
LINE
  8
COSTRUZIONI
 10
-5598.733
 11
-5554.048
 20
-3282.561
 21
-3327.246
  0
LINE
  8
COSTRUZIONI
 10
-5552.281
 11
-5597.071
 20
-3327.246
 21
-3282.456
  0
LINE
  8
COSTRUZIONI
 10
-5591.957
 11
-5546.977
 20
-3282.266
 21
-3327.246
  0
LINE
  8
COSTRUZIONI
 10
-5545.21
 11
-5590.208
 20
-3327.246
 21
-3282.247
  0
LINE
  8
COSTRUZIONI
 10
-5584.815
 11
-5539.906
 20
-3282.337
 21
-3327.246
  0
LINE
  8
COSTRUZIONI
 10
-5539.683
 11
-5582.965
 20
-3325.702
 21
-3282.42
  0
LINE
  8
COSTRUZIONI
 10
-5577.238
 11
-5539.683
 20
-3282.843
 21
-3320.398
  0
LINE
  8
COSTRUZIONI
 10
-5539.683
 11
-5575.265
 20
-3318.631
 21
-3283.048
  0
LINE
  8
COSTRUZIONI
 10
-5569.129
 11
-5539.683
 20
-3283.881
 21
-3313.327
  0
LINE
  8
COSTRUZIONI
 10
-5539.683
 11
-5567.003
 20
-3311.559
 21
-3284.24
  0
LINE
  8
COSTRUZIONI
 10
-5560.338
 11
-5539.683
 20
-3285.601
 21
-3306.256
  0
LINE
  8
COSTRUZIONI
 10
-5539.683
 11
-5558.007
 20
-3304.488
 21
-3286.164
  0
LINE
  8
COSTRUZIONI
 10
-5550.612
 11
-5539.683
 20
-3288.256
 21
-3299.185
  0
LINE
  8
COSTRUZIONI
 10
-5539.683
 11
-5547.986
 20
-3297.417
 21
-3289.115
  0
ARC
  8
APS_GEOMETRY
 10
-5544.683
 20
-3337.246
 40
10.0
 50
360.0
 51
90.0
  0
LINE
  8
APS_GEOMETRY
 10
-5974.683
 11
-5974.683
 20
-3465.204
 21
-4175.247
  0
LINE
  8
APS_GEOMETRY
 10
-5974.683
 11
-5907.682
 20
-4175.247
 21
-4175.247
  0
LINE
  8
APS_GEOMETRY
 10
-5907.682
 11
-5907.682
 20
-4175.247
 21
-4035.247
  0
LINE
  8
APS_GEOMETRY
 10
-5907.682
 11
-5864.682
 20
-4035.247
 21
-4035.247
  0
LINE
  8
APS_GEOMETRY
 10
-5864.682
 11
-5864.682
 20
-4035.247
 21
-4175.247
  0
LINE
  8
APS_GEOMETRY
 10
-5864.682
 11
-5634.683
 20
-4175.247
 21
-4175.247
  0
ARC
  8
APS_GEOMETRY
 10
-5634.683
 20
-4075.247
 40
100.0
 50
270.0
 51
0.0
  0
LINE
  8
APS_GEOMETRY
 10
-5534.683
 11
-5534.683
 20
-4075.247
 21
-3337.246
  0
LINE
  8
APS_GEOMETRY
 10
-5639.683
 11
-5639.683
 20
-3292.246
 21
-3025.246
  0
ARC
  8
APS_GEOMETRY
 10
-5669.683
 20
-3025.246
 40
30.0
 50
0.0
 51
90.0
  0
LINE
  8
APS_GEOMETRY
 10
-5669.683
 11
-5889.683
 20
-2995.246
 21
-2995.246
  0
LINE
  8
APS_GEOMETRY
 10
-5889.683
 11
-5889.683
 20
-2995.246
 21
-3135.246
  0
LINE
  8
APS_GEOMETRY
 10
-5889.683
 11
-5932.683
 20
-3135.246
 21
-3135.246
  0
LINE
  8
APS_GEOMETRY
 10
-5932.683
 11
-5932.683
 20
-3135.246
 21
-2995.246
  0
LINE
  8
APS_GEOMETRY
 10
-5932.683
 11
-5974.683
 20
-2995.246
 21
-2995.246
  0
LINE
  8
APS_GEOMETRY
 10
-5974.683
 11
-5974.683
 20
-2995.246
 21
-4175.247
  0
LINE
  8
APS_GEOMETRY
 10
-6679.683
 11
-6679.683
 20
-2965.246
 21
-2995.246
  0
LINE
  8
APS_GEOMETRY
 10
-6679.683
 11
-6789.683
 20
-2995.246
 21
-2995.246
  0
LINE
  8
APS_GEOMETRY
 10
-6789.683
 11
-6789.683
 20
-2995.246
 21
-2845.246
  0
ARC
  8
APS_GEOMETRY
 10
-6734.683
 20
-2845.246
 40
55.0
 50
3.945
 51
180.0
  0
ARC
  8
APS_GEOMETRY
 10
-6674.825
 20
-2841.119
 40
5.0
 50
183.945
 51
258.69
  0
LINE
  8
APS_GEOMETRY
 10
-6675.806
 11
-6657.671
 20
-2846.022
 21
-2849.649
  0
ARC
  8
APS_GEOMETRY
 10
-6658.652
 20
-2854.552
 40
5.0
 50
12.647
 51
78.69
  0
ARC
  8
APS_GEOMETRY
 10
-6617.183
 20
-2845.246
 40
37.5
 50
192.647
 51
352.846
  0
ARC
  8
APS_GEOMETRY
 10
-6575.014
 20
-2850.539
 40
5.0
 50
86.522
 51
172.846
  0
LINE
  8
APS_GEOMETRY
 10
-6574.71
 11
-5977.299
 20
-2845.549
 21
-2881.855
  0
ARC
  8
APS_GEOMETRY
 10
-5977.602
 20
-2886.846
 40
5.0
 50
20.0
 51
86.522
  0
LINE
  8
APS_GEOMETRY
 10
-5972.903
 11
-5970.421
 20
-2885.136
 21
-2891.957
  0
ARC
  8
APS_GEOMETRY
 10
-5965.722
 20
-2890.246
 40
5.0
 50
200.0
 51
270.0
  0
LINE
  8
APS_GEOMETRY
 10
-5965.722
 11
-5959.683
 20
-2895.246
 21
-2895.246
  0
ARC
  8
APS_GEOMETRY
 10
-5959.683
 20
-2965.246
 40
70.0
 50
0.0
 51
90.0
  0
LINE
  8
APS_GEOMETRY
 10
-5889.683
 11
-5889.683
 20
-2965.246
 21
-3115.246
  0
LINE
  8
APS_GEOMETRY
 10
-5889.683
 11
-5919.946
 20
-3115.246
 21
-3109.983
  0
LINE
  8
APS_GEOMETRY
 10
-5919.946
 11
-5929.683
 20
-3109.983
 21
-3100.246
  0
LINE
  8
APS_GEOMETRY
 10
-5929.683
 11
-5929.683
 20
-3100.246
 21
-2995.246
  0
LINE
  8
APS_GEOMETRY
 10
-5929.683
 11
-5974.683
 20
-2995.246
 21
-2995.246
  0
LINE
  8
APS_GEOMETRY
 10
-5974.683
 11
-5974.683
 20
-2995.246
 21
-2965.246
  0
LINE
  8
APS_GEOMETRY
 10
-5974.683
 11
-6679.683
 20
-2965.246
 21
-2965.246
  0
LINE
  8
APS_GEOMETRY
 10
-5579.683
 11
-5112.452
 20
-3295.245
 21
-3295.245
  0
LINE
  8
APS_GEOMETRY
 10
-5625.363
 11
-5659.683
 20
-2845.245
 21
-2845.245
  0
ARC
  8
APS_GEOMETRY
 10
-5659.683
 20
-2895.245
 40
50.0
 50
90.0
 51
180.0
  0
LINE
  8
APS_GEOMETRY
 10
-5709.683
 11
-5709.683
 20
-2895.245
 21
-2975.245
  0
ARC
  8
APS_GEOMETRY
 10
-5689.683
 20
-2975.245
 40
20.0
 50
180.0
 51
270.0
  0
LINE
  8
APS_GEOMETRY
 10
-5689.683
 11
-5609.683
 20
-2995.245
 21
-2995.245
  0
LINE
  8
APS_GEOMETRY
 10
-5609.683
 11
-5609.683
 20
-2995.245
 21
-3265.245
  0
ARC
  8
APS_GEOMETRY
 10
-5579.683
 20
-3265.245
 40
30.0
 50
180.0
 51
270.0
  0
LINE
  8
COSTRUZIONI
 10
-6074.683
 11
-6074.683
 20
-2995.246
 21
-4175.247
  0
LINE
  8
COSTRUZIONI
 10
-6274.683
 11
-6274.683
 20
-2995.246
 21
-4175.247
  0
LINE
  8
COSTRUZIONI
 10
-6074.683
 11
-7425.115
 20
-2995.246
 21
-2995.246
  0
LINE
  8
COSTRUZIONI
 10
-6074.683
 11
-7425.115
 20
-4175.247
 21
-4175.247
  0
LINE
  8
COSTRUZIONI
 10
-6274.683
 11
-6074.683
 20
-4175.247
 21
-2995.246
  0
LINE
  8
COSTRUZIONI
 10
-6274.683
 11
-6074.683
 20
-2995.246
 21
-4175.247
  0
LINE
  8
APS_GEOMETRY
 10
-6654.682
 11
-6654.682
 20
-4205.247
 21
-4175.247
  0
LINE
  8
APS_GEOMETRY
 10
-6654.682
 11
-6764.682
 20
-4175.247
 21
-4175.247
  0
LINE
  8
APS_GEOMETRY
 10
-6764.682
 11
-6764.682
 20
-4175.247
 21
-4325.247
  0
ARC
  8
APS_GEOMETRY
 10
-6709.682
 20
-4325.247
 40
55.0
 50
180.0
 51
356.055
  0
ARC
  8
APS_GEOMETRY
 10
-6649.825
 20
-4329.374
 40
5.0
 50
101.31
 51
176.055
  0
LINE
  8
APS_GEOMETRY
 10
-6650.805
 11
-6632.671
 20
-4324.471
 21
-4320.845
  0
ARC
  8
APS_GEOMETRY
 10
-6633.651
 20
-4315.942
 40
5.0
 50
281.31
 51
347.353
  0
ARC
  8
APS_GEOMETRY
 10
-6592.182
 20
-4325.247
 40
37.5
 50
7.154
 51
167.353
  0
ARC
  8
APS_GEOMETRY
 10
-6550.013
 20
-4319.954
 40
5.0
 50
187.154
 51
273.478
  0
LINE
  8
APS_GEOMETRY
 10
-6549.71
 11
-5952.298
 20
-4324.945
 21
-4288.638
  0
ARC
  8
APS_GEOMETRY
 10
-5952.601
 20
-4283.648
 40
5.0
 50
273.478
 51
340.0
  0
LINE
  8
APS_GEOMETRY
 10
-5947.903
 11
-5945.42
 20
-4285.358
 21
-4278.537
  0
ARC
  8
APS_GEOMETRY
 10
-5940.722
 20
-4280.247
 40
5.0
 50
90.0
 51
160.0
  0
LINE
  8
APS_GEOMETRY
 10
-5940.722
 11
-5934.682
 20
-4275.247
 21
-4275.247
  0
ARC
  8
APS_GEOMETRY
 10
-5934.682
 20
-4205.247
 40
70.0
 50
270.0
 51
360.0
  0
LINE
  8
APS_GEOMETRY
 10
-5864.682
 11
-5864.682
 20
-4205.247
 21
-4055.247
  0
LINE
  8
APS_GEOMETRY
 10
-5864.682
 11
-5894.946
 20
-4055.247
 21
-4060.51
  0
LINE
  8
APS_GEOMETRY
 10
-5894.946
 11
-5904.682
 20
-4060.51
 21
-4070.247
  0
LINE
  8
APS_GEOMETRY
 10
-5904.682
 11
-5904.682
 20
-4070.247
 21
-4175.247
  0
LINE
  8
APS_GEOMETRY
 10
-5904.682
 11
-5949.682
 20
-4175.247
 21
-4175.247
  0
LINE
  8
APS_GEOMETRY
 10
-5949.682
 11
-5949.682
 20
-4175.247
 21
-4205.247
  0
LINE
  8
APS_GEOMETRY
 10
-5949.682
 11
-6654.682
 20
-4205.247
 21
-4205.247
  0
LINE
  8
COSTRUZIONI
 10
-5328.444
 11
-7724.246
 20
-5716.716
 21
-5716.716
  0
ARC
  8
QUOTATURA
 10
-6597.59
 20
-6195.233
 40
8.221
 50
42.904
 51
122.546
  0
ARC
  8
QUOTATURA
 10
-6599.7
 20
-6191.823
 40
4.211
 50
123.307
 51
253.426
  0
LINE
  8
QUOTATURA
 10
-6600.901
 11
-6594.235
 20
-6195.859
 21
-6198.081
  0
ARC
  8
QUOTATURA
 10
-6595.592
 20
-6202.387
 40
4.515
 50
299.838
 51
72.504
  0
ARC
  8
QUOTATURA
 10
-6597.679
 20
-6198.79
 40
8.673
 50
240.023
 51
299.974
  0
ARC
  8
QUOTATURA
 10
-6599.641
 20
-6202.153
 40
4.78
 50
209.759
 51
240.255
  0
ARC
  8
QUOTATURA
 10
-6583.835
 20
-6197.352
 40
12.158
 50
31.027
 51
40.045
  0
ARC
  8
QUOTATURA
 10
-6579.639
 20
-6193.623
 40
6.548
 50
38.687
 51
141.312
  0
ARC
  8
QUOTATURA
 10
-6575.29
 20
-6197.196
 40
12.177
 50
140.979
 51
219.022
  0
ARC
  8
QUOTATURA
 10
-6579.639
 20
-6200.77
 40
6.548
 50
218.688
 51
321.313
  0
ARC
  8
QUOTATURA
 10
-6583.91
 20
-6197.723
 40
11.79
 50
322.727
 51
335.346
  0
LINE
  8
QUOTATURA
 10
-6566.593
 11
-6554.371
 20
-6202.922
 21
-6202.922
  0
LINE
  8
QUOTATURA
 10
-6569.038
 11
-6561.26
 20
-6207.366
 21
-6187.366
  0
LINE
  8
QUOTATURA
 10
-6561.26
 11
-6559.482
 20
-6187.366
 21
-6187.366
  0
LINE
  8
QUOTATURA
 10
-6559.482
 11
-6552.149
 20
-6187.366
 21
-6207.366
  0
LINE
  8
QUOTATURA
 10
-6548.149
 11
-6548.149
 20
-6187.366
 21
-6207.366
  0
LINE
  8
QUOTATURA
 10
-6548.149
 11
-6534.816
 20
-6207.366
 21
-6207.366
  0
LINE
  8
QUOTATURA
 10
-6528.371
 11
-6516.149
 20
-6202.922
 21
-6202.922
  0
LINE
  8
QUOTATURA
 10
-6530.816
 11
-6523.038
 20
-6207.366
 21
-6187.366
  0
LINE
  8
QUOTATURA
 10
-6523.038
 11
-6521.26
 20
-6187.366
 21
-6187.366
  0
LINE
  8
QUOTATURA
 10
-6521.26
 11
-6513.927
 20
-6187.366
 21
-6207.366
  0
LINE
  8
QUOTATURA
 10
-6490.927
 11
-6487.496
 20
-6207.366
 21
-6207.366
  0
LINE
  8
QUOTATURA
 10
-6487.496
 11
-6484.064
 20
-6207.366
 21
-6207.366
  0
LINE
  8
QUOTATURA
 10
-6487.496
 11
-6487.496
 20
-6207.366
 21
-6187.366
  0
LINE
  8
QUOTATURA
 10
-6487.496
 11
-6490.927
 20
-6187.366
 21
-6190.797
  0
ARC
  8
QUOTATURA
 10
-6472.165
 20
-6201.062
 40
6.548
 50
218.689
 51
321.311
  0
ARC
  8
QUOTATURA
 10
-6476.514
 20
-6197.488
 40
12.177
 50
320.978
 51
39.021
  0
ARC
  8
QUOTATURA
 10
-6472.165
 20
-6193.915
 40
6.548
 50
38.688
 51
141.313
  0
ARC
  8
QUOTATURA
 10
-6467.815
 20
-6197.489
 40
12.177
 50
140.979
 51
219.021
  0
LINE
  8
QUOTATURA
 10
-6459.409
 11
-6460.409
 20
-6194.741
 21
-6194.741
  0
LINE
  8
QUOTATURA
 10
-6460.409
 11
-6460.409
 20
-6194.741
 21
-6193.741
  0
LINE
  8
QUOTATURA
 10
-6460.409
 11
-6459.409
 20
-6193.741
 21
-6193.741
  0
LINE
  8
QUOTATURA
 10
-6459.409
 11
-6459.409
 20
-6193.741
 21
-6194.741
  0
LINE
  8
QUOTATURA
 10
-6459.409
 11
-6460.409
 20
-6202.741
 21
-6202.741
  0
LINE
  8
QUOTATURA
 10
-6460.409
 11
-6460.409
 20
-6202.741
 21
-6201.741
  0
LINE
  8
QUOTATURA
 10
-6460.409
 11
-6459.409
 20
-6201.741
 21
-6201.741
  0
LINE
  8
QUOTATURA
 10
-6459.409
 11
-6459.409
 20
-6201.741
 21
-6202.741
  0
LINE
  8
QUOTATURA
 10
-6455.409
 11
-6451.978
 20
-6207.366
 21
-6207.366
  0
LINE
  8
QUOTATURA
 10
-6451.978
 11
-6448.547
 20
-6207.366
 21
-6207.366
  0
LINE
  8
QUOTATURA
 10
-6451.978
 11
-6451.978
 20
-6207.366
 21
-6187.366
  0
LINE
  8
QUOTATURA
 10
-6451.978
 11
-6455.409
 20
-6187.366
 21
-6190.797
  0
LINE
  8
QUOTATURA
 10
-6864.682
 11
-7067.457
 20
-4175.247
 21
-4175.247
  0
LINE
  8
QUOTATURA
 10
-6809.682
 11
-7067.457
 20
-4380.247
 21
-4380.247
  0
LINE
  8
QUOTATURA
 10
-6967.457
 11
-6967.457
 20
-4380.247
 21
-4770.573
  0
LINE
  8
QUOTATURA
 10
-6967.457
 11
-7366.561
 20
-4770.573
 21
-4770.573
  0
LINE
  8
QUOTATURA
 10
-7000.797
 11
-6967.457
 20
-4580.247
 21
-4380.247
  0
LINE
  8
QUOTATURA
 10
-6967.457
 11
-6934.117
 20
-4380.247
 21
-4580.247
  0
LINE
  8
QUOTATURA
 10
-6934.117
 11
-7000.797
 20
-4580.247
 21
-4580.247
  0
LINE
  8
QUOTATURA
 10
-6967.457
 11
-6967.457
 20
-4175.247
 21
-3775.247
  0
LINE
  8
QUOTATURA
 10
-6934.117
 11
-6967.457
 20
-3975.247
 21
-4175.247
  0
LINE
  8
QUOTATURA
 10
-6967.457
 11
-7000.797
 20
-4175.247
 21
-3975.247
  0
LINE
  8
QUOTATURA
 10
-7000.797
 11
-6934.117
 20
-3975.247
 21
-3975.247
  0
LINE
  8
QUOTATURA
 10
-6764.682
 11
-6764.682
 20
-4464.846
 21
-5268.463
  0
LINE
  8
QUOTATURA
 10
-5864.682
 11
-5864.682
 20
-4464.846
 21
-5268.463
  0
LINE
  8
QUOTATURA
 10
-6764.682
 11
-6533.602
 20
-5168.463
 21
-5168.463
  0
LINE
  8
QUOTATURA
 10
-6095.763
 11
-5864.682
 20
-5168.463
 21
-5168.463
  0
LINE
  8
QUOTATURA
 10
-6564.682
 11
-6764.682
 20
-5201.803
 21
-5168.463
  0
LINE
  8
QUOTATURA
 10
-6764.682
 11
-6564.682
 20
-5168.463
 21
-5135.123
  0
LINE
  8
QUOTATURA
 10
-6564.682
 11
-6564.682
 20
-5135.123
 21
-5201.803
  0
LINE
  8
QUOTATURA
 10
-6064.682
 11
-5864.682
 20
-5135.123
 21
-5168.463
  0
LINE
  8
QUOTATURA
 10
-5864.682
 11
-6064.682
 20
-5168.463
 21
-5201.803
  0
LINE
  8
QUOTATURA
 10
-6064.682
 11
-6064.682
 20
-5201.803
 21
-5135.123
  0
LINE
  8
QUOTATURA
 10
-6074.683
 11
-6589.869
 20
-3486.198
 21
-3486.198
  0
LINE
  8
QUOTATURA
 10
-6174.683
 11
-6074.683
 20
-3469.528
 21
-3486.198
  0
LINE
  8
QUOTATURA
 10
-6074.683
 11
-6174.683
 20
-3486.198
 21
-3502.868
  0
LINE
  8
QUOTATURA
 10
-6174.683
 11
-6174.683
 20
-3502.868
 21
-3469.528
  0
LINE
  8
QUOTATURA
 10
-5974.683
 11
-5774.683
 20
-3486.198
 21
-3486.198
  0
LINE
  8
QUOTATURA
 10
-5874.683
 11
-5974.683
 20
-3502.868
 21
-3486.198
  0
LINE
  8
QUOTATURA
 10
-5974.683
 11
-5874.683
 20
-3486.198
 21
-3469.528
  0
LINE
  8
QUOTATURA
 10
-5874.683
 11
-5874.683
 20
-3469.528
 21
-3502.868
  0
LINE
  8
QUOTATURA
 10
-6764.682
 11
-6764.682
 20
-4464.846
 21
-4496.024
  0
LINE
  8
QUOTATURA
 10
-6074.683
 11
-6074.683
 20
-4464.846
 21
-4606.024
  0
LINE
  8
QUOTATURA
 10
-6764.682
 11
-5733.618
 20
-4556.024
 21
-4556.024
  0
LINE
  8
QUOTATURA
 10
-6664.682
 11
-6764.682
 20
-4572.694
 21
-4556.024
  0
LINE
  8
QUOTATURA
 10
-6764.682
 11
-6664.682
 20
-4556.024
 21
-4539.354
  0
LINE
  8
QUOTATURA
 10
-6664.682
 11
-6664.682
 20
-4539.354
 21
-4572.694
  0
LINE
  8
QUOTATURA
 10
-6174.683
 11
-6074.683
 20
-4539.354
 21
-4556.024
  0
LINE
  8
QUOTATURA
 10
-6074.683
 11
-6174.683
 20
-4556.024
 21
-4572.694
  0
LINE
  8
QUOTATURA
 10
-6174.683
 11
-6174.683
 20
-4572.694
 21
-4539.354
  0
LINE
  8
APS_GEOMETRY
 10
869.5
 11
869.5
 20
3.0
 21
91.426
  0
LINE
  8
APS_GEOMETRY
 10
869.5
 11
959.5
 20
91.426
 21
91.426
  0
LINE
  8
APS_GEOMETRY
 10
959.5
 11
959.5
 20
91.426
 21
3.0
  0
ARC
  8
APS_GEOMETRY
 10
956.5
 20
3.0
 40
3.0
 50
270.0
 51
360.0
  0
LINE
  8
APS_GEOMETRY
 10
956.5
 11
872.5
 20
0.0
 21
0.0
  0
ARC
  8
APS_GEOMETRY
 10
872.5
 20
3.0
 40
3.0
 50
180.0
 51
270.0
  0
LINE
  8
APS_GEOMETRY
 10
959.5
 11
869.5
 20
105.903
 21
105.903
  0
LINE
  8
APS_GEOMETRY
 10
959.5
 11
869.5
 20
106.012
 21
106.012
  0
LINE
  8
APS_GEOMETRY
 10
959.5
 11
869.5
 20
88.285
 21
88.285
  0
LINE
  8
APS_GEOMETRY
 10
869.5
 11
869.5
 20
84.426
 21
113.0
  0
ARC
  8
APS_GEOMETRY
 10
871.5
 20
113.0
 40
2.0
 50
90.0
 51
180.0
  0
LINE
  8
APS_GEOMETRY
 10
871.5
 11
957.5
 20
115.0
 21
115.0
  0
ARC
  8
APS_GEOMETRY
 10
957.5
 20
113.0
 40
2.0
 50
360.0
 51
90.0
  0
LINE
  8
APS_GEOMETRY
 10
959.5
 11
959.5
 20
113.0
 21
84.426
  0
LINE
  8
APS_GEOMETRY
 10
959.5
 11
869.5
 20
84.426
 21
84.426
  0
LINE
  8
QUOTATURA
 10
-86.5
 11
-127.818
 20
0.0
 21
0.0
  0
LINE
  8
QUOTATURA
 10
-87.5
 11
-127.818
 20
115.0
 21
115.0
  0
LINE
  8
QUOTATURA
 10
-117.818
 11
-117.818
 20
0.0
 21
42.338
  0
LINE
  8
QUOTATURA
 10
-117.818
 11
-117.818
 20
72.508
 21
115.0
  0
LINE
  8
QUOTATURA
 10
-114.484
 11
-117.818
 20
20.0
 21
0.0
  0
LINE
  8
QUOTATURA
 10
-117.818
 11
-121.152
 20
0.0
 21
20.0
  0
LINE
  8
QUOTATURA
 10
-121.152
 11
-114.484
 20
20.0
 21
20.0
  0
LINE
  8
QUOTATURA
 10
-121.152
 11
-117.818
 20
95.0
 21
115.0
  0
LINE
  8
QUOTATURA
 10
-117.818
 11
-114.484
 20
115.0
 21
95.0
  0
LINE
  8
QUOTATURA
 10
-114.484
 11
-121.152
 20
95.0
 21
95.0
  0
LINE
  8
QUOTATURA
 10
-385.362
 11
-329.248
 20
-372.62
 21
-372.62
  0
LINE
  8
QUOTATURA
 10
-385.362
 11
-329.248
 20
-257.62
 21
-257.62
  0
LINE
  8
QUOTATURA
 10
-339.248
 11
-339.248
 20
-372.62
 21
-330.282
  0
LINE
  8
QUOTATURA
 10
-339.248
 11
-339.248
 20
-300.112
 21
-257.62
  0
LINE
  8
QUOTATURA
 10
-335.914
 11
-339.248
 20
-352.62
 21
-372.62
  0
LINE
  8
QUOTATURA
 10
-339.248
 11
-342.582
 20
-372.62
 21
-352.62
  0
LINE
  8
QUOTATURA
 10
-342.582
 11
-335.914
 20
-352.62
 21
-352.62
  0
LINE
  8
QUOTATURA
 10
-342.582
 11
-339.248
 20
-277.62
 21
-257.62
  0
LINE
  8
QUOTATURA
 10
-339.248
 11
-335.914
 20
-257.62
 21
-277.62
  0
LINE
  8
QUOTATURA
 10
-335.914
 11
-342.582
 20
-277.62
 21
-277.62
  0
LINE
  8
QUOTATURA
 10
-415.362
 11
-415.362
 20
-379.792
 21
-415.753
  0
LINE
  8
QUOTATURA
 10
-395.362
 11
-395.362
 20
-382.62
 21
-415.753
  0
LINE
  8
QUOTATURA
 10
-415.362
 11
-443.766
 20
-405.753
 21
-405.753
  0
LINE
  8
QUOTATURA
 10
-435.362
 11
-415.362
 20
-402.419
 21
-405.753
  0
LINE
  8
QUOTATURA
 10
-415.362
 11
-435.362
 20
-405.753
 21
-409.087
  0
LINE
  8
QUOTATURA
 10
-435.362
 11
-435.362
 20
-409.087
 21
-402.419
  0
LINE
  8
QUOTATURA
 10
-395.362
 11
-355.362
 20
-405.753
 21
-405.753
  0
LINE
  8
QUOTATURA
 10
-375.362
 11
-395.362
 20
-409.087
 21
-405.753
  0
LINE
  8
QUOTATURA
 10
-395.362
 11
-375.362
 20
-405.753
 21
-402.419
  0
LINE
  8
QUOTATURA
 10
-375.362
 11
-375.362
 20
-402.419
 21
-409.087
  0
LINE
  8
SEZIONI
 10
-376.072
 11
-376.072
 20
-173.089
 21
-86.909
  0
LINE
  8
SEZIONI
 10
-376.072
 11
-416.072
 20
-86.909
 21
-86.909
  0
LINE
  8
APS_GEOMETRY
 10
-376.072
 11
-413.072
 20
-173.089
 21
-173.089
  0
ARC
  8
APS_GEOMETRY
 10
-413.072
 20
-170.089
 40
3.0
 50
180.0
 51
270.0
  0
LINE
  8
APS_GEOMETRY
 10
-416.072
 11
-416.072
 20
-170.089
 21
-86.909
  0
LINE
  8
APS_GEOMETRY
 10
-376.072
 11
-408.572
 20
-58.089
 21
-58.089
  0
ARC
  8
APS_GEOMETRY
 10
-408.092
 20
-62.784
 40
4.72
 50
95.833
 51
118.475
  0
ARC
  8
APS_GEOMETRY
 10
-408.225
 20
-62.547
 40
4.448
 50
118.427
 51
141.99
  0
ARC
  8
APS_GEOMETRY
 10
-408.455
 20
-62.365
 40
4.155
 50
142.008
 51
166.674
  0
ARC
  8
APS_GEOMETRY
 10
-408.578
 20
-62.33
 40
4.027
 50
166.76
 51
191.947
  0
ARC
  8
APS_GEOMETRY
 10
-408.466
 20
-62.3
 40
4.143
 50
192.036
 51
216.749
  0
ARC
  8
APS_GEOMETRY
 10
-408.236
 20
-62.126
 40
4.431
 50
216.771
 51
240.392
  0
ARC
  8
APS_GEOMETRY
 10
-408.095
 20
-61.886
 40
4.71
 50
240.347
 51
263.022
  0
ARC
  8
APS_GEOMETRY
 10
-408.681
 20
-66.663
 40
0.103
 50
54.435
 51
82.623
  0
ARC
  8
APS_GEOMETRY
 10
-408.676
 20
-66.657
 40
0.095
 50
24.724
 51
54.493
  0
ARC
  8
APS_GEOMETRY
 10
-408.671
 20
-66.654
 40
0.089
 50
353.534
 51
24.612
  0
ARC
  8
APS_GEOMETRY
 10
-417.003
 20
-65.691
 40
8.478
 50
327.663
 51
353.405
  0
ARC
  8
APS_GEOMETRY
 10
-417.483
 20
-65.379
 40
9.05
 50
302.985
 51
327.622
  0
ARC
  8
APS_GEOMETRY
 10
-409.035
 20
-78.549
 40
6.598
 50
122.264
 51
149.225
  0
ARC
  8
APS_GEOMETRY
 10
-409.407
 20
-78.32
 40
6.16
 50
149.285
 51
177.522
  0
ARC
  8
APS_GEOMETRY
 10
-407.76
 20
-78.298
 40
7.806
 50
178.204
 51
214.333
  0
ARC
  8
APS_GEOMETRY
 10
-414.949
 20
-83.229
 40
0.912
 50
10.007
 51
35.429
  0
ARC
  8
APS_GEOMETRY
 10
-414.928
 20
-83.224
 40
0.89
 50
344.07
 51
9.909
  0
ARC
  8
APS_GEOMETRY
 10
-414.96
 20
-83.213
 40
0.924
 50
318.79
 51
343.982
  0
LINE
  8
APS_GEOMETRY
 10
-414.265
 11
-415.39
 20
-83.822
 21
-85.114
  0
ARC
  8
APS_GEOMETRY
 10
-413.342
 20
-86.919
 40
2.73
 50
138.612
 51
179.788
  0
LINE
  8
APS_GEOMETRY
 10
-416.072
 11
-376.072
 20
-86.909
 21
-86.909
  0
LINE
  8
APS_GEOMETRY
 10
-376.072
 11
-376.072
 20
-86.909
 21
-58.089
  0
LINE
  8
QUOTATURA
 10
-366.072
 11
-314.652
 20
-173.089
 21
-173.089
  0
LINE
  8
QUOTATURA
 10
-366.072
 11
-314.652
 20
-58.089
 21
-58.089
  0
LINE
  8
QUOTATURA
 10
-324.652
 11
-324.652
 20
-173.089
 21
-130.751
  0
LINE
  8
QUOTATURA
 10
-324.652
 11
-324.652
 20
-100.581
 21
-58.089
  0
LINE
  8
QUOTATURA
 10
-321.318
 11
-324.652
 20
-153.089
 21
-173.089
  0
LINE
  8
QUOTATURA
 10
-324.652
 11
-327.986
 20
-173.089
 21
-153.089
  0
LINE
  8
QUOTATURA
 10
-327.986
 11
-321.318
 20
-153.089
 21
-153.089
  0
LINE
  8
QUOTATURA
 10
-327.986
 11
-324.652
 20
-78.089
 21
-58.089
  0
LINE
  8
QUOTATURA
 10
-324.652
 11
-321.318
 20
-58.089
 21
-78.089
  0
LINE
  8
QUOTATURA
 10
-321.318
 11
-327.986
 20
-78.089
 21
-78.089
  0
LINE
  8
QUOTATURA
 10
-416.072
 11
-416.072
 20
-180.089
 21
-215.823
  0
LINE
  8
QUOTATURA
 10
-376.072
 11
-376.072
 20
-183.089
 21
-215.823
  0
LINE
  8
QUOTATURA
 10
-416.072
 11
-452.534
 20
-205.823
 21
-205.823
  0
LINE
  8
QUOTATURA
 10
-436.072
 11
-416.072
 20
-202.489
 21
-205.823
  0
LINE
  8
QUOTATURA
 10
-416.072
 11
-436.072
 20
-205.823
 21
-209.157
  0
LINE
  8
QUOTATURA
 10
-436.072
 11
-436.072
 20
-209.157
 21
-202.489
  0
LINE
  8
QUOTATURA
 10
-376.072
 11
-336.072
 20
-205.823
 21
-205.823
  0
LINE
  8
QUOTATURA
 10
-356.072
 11
-376.072
 20
-209.157
 21
-205.823
  0
LINE
  8
QUOTATURA
 10
-376.072
 11
-356.072
 20
-205.823
 21
-202.489
  0
LINE
  8
QUOTATURA
 10
-356.072
 11
-356.072
 20
-202.489
 21
-209.157
  0
CIRCLE
  8
QUOTATURA
 10
-6370.682
 20
981.523
 40
2282.17
  0
LINE
  8
QUOTATURA
 10
-628.569
 11
-4134.195
 20
-184.976
 21
527.185
  0
CIRCLE
  8
QUOTATURA
 10
-404.92
 20
-230.41
 40
228.217
  0
LINE
  8
COSTRUZIONI
 10
-5436.854
 11
-7304.51
 20
-1100.847
 21
-1100.847
  0
LINE
  8
SEZIONI
 10
-6275.102
 11
-6275.102
 20
-440.572
 21
421.229
  0
LINE
  8
SEZIONI
 10
-6275.102
 11
-6475.102
 20
421.229
 21
421.229
  0
LINE
  8
APS_GEOMETRY
 10
-6475.102
 11
-6475.102
 20
421.229
 21
-412.293
  0
ARC
  8
APS_GEOMETRY
 10
-6445.916
 20
-412.304
 40
29.186
 50
179.978
 51
201.741
  0
ARC
  8
APS_GEOMETRY
 10
-6446.67
 20
-412.623
 40
28.368
 50
201.707
 51
223.889
  0
ARC
  8
APS_GEOMETRY
 10
-6447.49
 20
-413.415
 40
27.227
 50
223.884
 51
246.686
  0
ARC
  8
APS_GEOMETRY
 10
-6447.818
 20
-414.139
 40
26.432
 50
246.717
 51
269.976
  0
LINE
  8
APS_GEOMETRY
 10
-6447.829
 11
-6275.102
 20
-440.572
 21
-440.572
  0
LINE
  8
APS_GEOMETRY
 10
-6275.102
 11
-6400.101
 20
709.428
 21
709.428
  0
ARC
  8
APS_GEOMETRY
 10
-6395.305
 20
662.474
 40
47.198
 50
95.833
 51
118.475
  0
ARC
  8
APS_GEOMETRY
 10
-6396.635
 20
664.848
 40
44.478
 50
118.427
 51
141.99
  0
ARC
  8
APS_GEOMETRY
 10
-6398.934
 20
666.662
 40
41.549
 50
142.008
 51
166.674
  0
ARC
  8
APS_GEOMETRY
 10
-6400.16
 20
667.014
 40
40.275
 50
166.76
 51
191.947
  0
ARC
  8
APS_GEOMETRY
 10
-6399.043
 20
667.316
 40
41.431
 50
192.036
 51
216.749
  0
ARC
  8
APS_GEOMETRY
 10
-6396.742
 20
669.055
 40
44.314
 50
216.771
 51
240.392
  0
ARC
  8
APS_GEOMETRY
 10
-6395.335
 20
671.455
 40
47.096
 50
240.347
 51
263.022
  0
ARC
  8
APS_GEOMETRY
 10
-6401.19
 20
623.683
 40
1.033
 50
54.435
 51
82.623
  0
ARC
  8
APS_GEOMETRY
 10
-6401.142
 20
623.748
 40
0.953
 50
24.724
 51
54.493
  0
ARC
  8
APS_GEOMETRY
 10
-6401.089
 20
623.774
 40
0.894
 50
353.534
 51
24.612
  0
ARC
  8
APS_GEOMETRY
 10
-6484.417
 20
633.41
 40
84.777
 50
327.663
 51
353.405
  0
ARC
  8
APS_GEOMETRY
 10
-6489.217
 20
636.524
 40
90.498
 50
302.985
 51
327.622
  0
ARC
  8
APS_GEOMETRY
 10
-6404.728
 20
504.822
 40
65.978
 50
122.264
 51
149.225
  0
ARC
  8
APS_GEOMETRY
 10
-6408.455
 20
507.117
 40
61.601
 50
149.285
 51
177.522
  0
ARC
  8
APS_GEOMETRY
 10
-6391.982
 20
507.334
 40
78.056
 50
178.204
 51
214.333
  0
ARC
  8
APS_GEOMETRY
 10
-6463.87
 20
458.024
 40
9.121
 50
10.007
 51
35.429
  0
ARC
  8
APS_GEOMETRY
 10
-6463.657
 20
458.077
 40
8.902
 50
344.07
 51
9.909
  0
ARC
  8
APS_GEOMETRY
 10
-6463.983
 20
458.185
 40
9.244
 50
318.79
 51
343.982
  0
LINE
  8
APS_GEOMETRY
 10
-6457.028
 11
-6468.283
 20
452.094
 21
439.179
  0
ARC
  8
APS_GEOMETRY
 10
-6447.8
 20
421.128
 40
27.302
 50
138.612
 51
179.788
  0
LINE
  8
APS_GEOMETRY
 10
-6475.102
 11
-6275.102
 20
421.229
 21
421.229
  0
LINE
  8
APS_GEOMETRY
 10
-6275.102
 11
-6275.102
 20
421.229
 21
709.428
  0
LINE
  8
SEZIONI
 10
-6082.203
 11
-6082.203
 20
1554.736
 21
2416.537
  0
LINE
  8
SEZIONI
 10
-6082.203
 11
-6482.203
 20
2416.537
 21
2416.537
  0
LINE
  8
APS_GEOMETRY
 10
-6082.203
 11
-6452.203
 20
1554.736
 21
1554.736
  0
ARC
  8
APS_GEOMETRY
 10
-6452.203
 20
1584.736
 40
30.0
 50
180.0
 51
270.0
  0
LINE
  8
APS_GEOMETRY
 10
-6482.203
 11
-6482.203
 20
1584.736
 21
2416.537
  0
LINE
  8
APS_GEOMETRY
 10
-6082.203
 11
-6407.202
 20
2704.736
 21
2704.736
  0
ARC
  8
APS_GEOMETRY
 10
-6402.406
 20
2657.782
 40
47.198
 50
95.833
 51
118.475
  0
ARC
  8
APS_GEOMETRY
 10
-6403.736
 20
2660.156
 40
44.478
 50
118.427
 51
141.99
  0
ARC
  8
APS_GEOMETRY
 10
-6406.035
 20
2661.97
 40
41.549
 50
142.008
 51
166.674
  0
ARC
  8
APS_GEOMETRY
 10
-6407.261
 20
2662.322
 40
40.275
 50
166.76
 51
191.947
  0
ARC
  8
APS_GEOMETRY
 10
-6406.143
 20
2662.624
 40
41.431
 50
192.036
 51
216.749
  0
ARC
  8
APS_GEOMETRY
 10
-6403.843
 20
2664.363
 40
44.314
 50
216.771
 51
240.392
  0
ARC
  8
APS_GEOMETRY
 10
-6402.436
 20
2666.763
 40
47.096
 50
240.347
 51
263.022
  0
ARC
  8
APS_GEOMETRY
 10
-6408.29
 20
2618.991
 40
1.033
 50
54.435
 51
82.623
  0
ARC
  8
APS_GEOMETRY
 10
-6408.243
 20
2619.056
 40
0.953
 50
24.724
 51
54.493
  0
ARC
  8
APS_GEOMETRY
 10
-6408.19
 20
2619.082
 40
0.894
 50
353.534
 51
24.612
  0
ARC
  8
APS_GEOMETRY
 10
-6491.518
 20
2628.718
 40
84.777
 50
327.663
 51
353.405
  0
ARC
  8
APS_GEOMETRY
 10
-6496.318
 20
2631.832
 40
90.498
 50
302.985
 51
327.622
  0
ARC
  8
APS_GEOMETRY
 10
-6411.829
 20
2500.13
 40
65.978
 50
122.264
 51
149.225
  0
ARC
  8
APS_GEOMETRY
 10
-6415.556
 20
2502.425
 40
61.601
 50
149.285
 51
177.522
  0
ARC
  8
APS_GEOMETRY
 10
-6399.082
 20
2502.642
 40
78.056
 50
178.204
 51
214.333
  0
ARC
  8
APS_GEOMETRY
 10
-6470.971
 20
2453.332
 40
9.121
 50
10.007
 51
35.429
  0
ARC
  8
APS_GEOMETRY
 10
-6470.758
 20
2453.385
 40
8.902
 50
344.07
 51
9.909
  0
ARC
  8
APS_GEOMETRY
 10
-6471.083
 20
2453.493
 40
9.244
 50
318.79
 51
343.982
  0
LINE
  8
APS_GEOMETRY
 10
-6464.129
 11
-6475.384
 20
2447.402
 21
2434.487
  0
ARC
  8
APS_GEOMETRY
 10
-6454.901
 20
2416.436
 40
27.302
 50
138.612
 51
179.788
  0
LINE
  8
APS_GEOMETRY
 10
-6482.203
 11
-6082.203
 20
2416.537
 21
2416.537
  0
LINE
  8
APS_GEOMETRY
 10
-6082.203
 11
-6082.203
 20
2416.537
 21
2704.736
  0
ARC
  8
QUOTATURA
 10
-6477.549
 20
-1327.447
 40
12.331
 50
42.904
 51
122.546
  0
ARC
  8
QUOTATURA
 10
-6480.714
 20
-1322.331
 40
6.317
 50
123.307
 51
253.426
  0
LINE
  8
QUOTATURA
 10
-6482.516
 11
-6472.516
 20
-1328.386
 21
-1331.719
  0
ARC
  8
QUOTATURA
 10
-6474.552
 20
-1338.178
 40
6.772
 50
299.838
 51
72.504
  0
ARC
  8
QUOTATURA
 10
-6477.682
 20
-1332.783
 40
13.01
 50
240.023
 51
299.974
  0
ARC
  8
QUOTATURA
 10
-6480.626
 20
-1337.827
 40
7.17
 50
209.759
 51
240.255
  0
ARC
  8
QUOTATURA
 10
-6456.916
 20
-1330.625
 40
18.236
 50
31.027
 51
40.045
  0
ARC
  8
QUOTATURA
 10
-6450.622
 20
-1325.031
 40
9.822
 50
38.687
 51
141.312
  0
ARC
  8
QUOTATURA
 10
-6444.098
 20
-1330.392
 40
18.265
 50
140.979
 51
219.022
  0
ARC
  8
QUOTATURA
 10
-6450.622
 20
-1335.752
 40
9.822
 50
218.688
 51
321.313
  0
ARC
  8
QUOTATURA
 10
-6457.029
 20
-1331.181
 40
17.685
 50
322.727
 51
335.346
  0
LINE
  8
QUOTATURA
 10
-6431.054
 11
-6412.721
 20
-1338.98
 21
-1338.98
  0
LINE
  8
QUOTATURA
 10
-6434.721
 11
-6423.054
 20
-1345.647
 21
-1315.647
  0
LINE
  8
QUOTATURA
 10
-6423.054
 11
-6420.388
 20
-1315.647
 21
-1315.647
  0
LINE
  8
QUOTATURA
 10
-6420.388
 11
-6409.388
 20
-1315.647
 21
-1345.647
  0
LINE
  8
QUOTATURA
 10
-6403.388
 11
-6403.388
 20
-1315.647
 21
-1345.647
  0
LINE
  8
QUOTATURA
 10
-6403.388
 11
-6383.388
 20
-1345.647
 21
-1345.647
  0
LINE
  8
QUOTATURA
 10
-6373.721
 11
-6355.388
 20
-1338.98
 21
-1338.98
  0
LINE
  8
QUOTATURA
 10
-6377.388
 11
-6365.721
 20
-1345.647
 21
-1315.647
  0
LINE
  8
QUOTATURA
 10
-6365.721
 11
-6363.054
 20
-1315.647
 21
-1315.647
  0
LINE
  8
QUOTATURA
 10
-6363.054
 11
-6352.054
 20
-1315.647
 21
-1345.647
  0
LINE
  8
QUOTATURA
 10
-6317.554
 11
-6312.407
 20
-1345.647
 21
-1345.647
  0
LINE
  8
QUOTATURA
 10
-6312.407
 11
-6307.26
 20
-1345.647
 21
-1345.647
  0
LINE
  8
QUOTATURA
 10
-6312.407
 11
-6312.407
 20
-1345.647
 21
-1315.647
  0
LINE
  8
QUOTATURA
 10
-6312.407
 11
-6317.554
 20
-1315.647
 21
-1320.794
  0
ARC
  8
QUOTATURA
 10
-6289.411
 20
-1336.191
 40
9.822
 50
218.689
 51
321.311
  0
ARC
  8
QUOTATURA
 10
-6295.935
 20
-1330.83
 40
18.265
 50
320.978
 51
39.021
  0
ARC
  8
QUOTATURA
 10
-6289.411
 20
-1325.47
 40
9.822
 50
38.688
 51
141.313
  0
ARC
  8
QUOTATURA
 10
-6282.887
 20
-1330.83
 40
18.265
 50
140.979
 51
219.021
  0
LINE
  8
QUOTATURA
 10
-6270.278
 11
-6271.778
 20
-1326.709
 21
-1326.709
  0
LINE
  8
QUOTATURA
 10
-6271.778
 11
-6271.778
 20
-1326.709
 21
-1325.209
  0
LINE
  8
QUOTATURA
 10
-6271.778
 11
-6270.278
 20
-1325.209
 21
-1325.209
  0
LINE
  8
QUOTATURA
 10
-6270.278
 11
-6270.278
 20
-1325.209
 21
-1326.709
  0
LINE
  8
QUOTATURA
 10
-6270.278
 11
-6271.778
 20
-1338.709
 21
-1338.709
  0
LINE
  8
QUOTATURA
 10
-6271.778
 11
-6271.778
 20
-1338.709
 21
-1337.209
  0
LINE
  8
QUOTATURA
 10
-6271.778
 11
-6270.278
 20
-1337.209
 21
-1337.209
  0
LINE
  8
QUOTATURA
 10
-6270.278
 11
-6270.278
 20
-1337.209
 21
-1338.709
  0
LINE
  8
QUOTATURA
 10
-6264.278
 11
-6259.131
 20
-1345.647
 21
-1345.647
  0
LINE
  8
QUOTATURA
 10
-6259.131
 11
-6253.984
 20
-1345.647
 21
-1345.647
  0
LINE
  8
QUOTATURA
 10
-6259.131
 11
-6259.131
 20
-1345.647
 21
-1315.647
  0
LINE
  8
QUOTATURA
 10
-6259.131
 11
-6264.278
 20
-1315.647
 21
-1320.794
  0
LINE
  8
QUOTATURA
 10
-5982.203
 11
-5642.551
 20
1554.736
 21
1554.736
  0
LINE
  8
QUOTATURA
 10
-5982.203
 11
-5642.551
 20
2704.736
 21
2704.736
  0
LINE
  8
QUOTATURA
 10
-5742.551
 11
-5742.551
 20
1554.736
 21
1978.113
  0
LINE
  8
QUOTATURA
 10
-5742.551
 11
-5742.551
 20
2279.812
 21
2704.736
  0
LINE
  8
QUOTATURA
 10
-5709.211
 11
-5742.551
 20
1754.736
 21
1554.736
  0
LINE
  8
QUOTATURA
 10
-5742.551
 11
-5775.891
 20
1554.736
 21
1754.736
  0
LINE
  8
QUOTATURA
 10
-5775.891
 11
-5709.211
 20
1754.736
 21
1754.736
  0
LINE
  8
QUOTATURA
 10
-5775.891
 11
-5742.551
 20
2504.736
 21
2704.736
  0
LINE
  8
QUOTATURA
 10
-5742.551
 11
-5709.211
 20
2704.736
 21
2504.736
  0
LINE
  8
QUOTATURA
 10
-5709.211
 11
-5775.891
 20
2504.736
 21
2504.736
  0
LINE
  8
QUOTATURA
 10
-6175.102
 11
-5766.362
 20
709.428
 21
709.428
  0
LINE
  8
QUOTATURA
 10
-6175.102
 11
-5766.362
 20
-440.572
 21
-440.572
  0
LINE
  8
QUOTATURA
 10
-5866.362
 11
-5866.362
 20
709.428
 21
284.504
  0
LINE
  8
QUOTATURA
 10
-5866.362
 11
-5866.362
 20
-17.195
 21
-440.572
  0
LINE
  8
QUOTATURA
 10
-5899.702
 11
-5866.362
 20
509.428
 21
709.428
  0
LINE
  8
QUOTATURA
 10
-5866.362
 11
-5833.022
 20
709.428
 21
509.428
  0
LINE
  8
QUOTATURA
 10
-5833.022
 11
-5899.702
 20
509.428
 21
509.428
  0
LINE
  8
QUOTATURA
 10
-5833.022
 11
-5866.362
 20
-240.572
 21
-440.572
  0
LINE
  8
QUOTATURA
 10
-5866.362
 11
-5899.702
 20
-440.572
 21
-240.572
  0
LINE
  8
QUOTATURA
 10
-5899.702
 11
-5833.022
 20
-240.572
 21
-240.572
  0
LINE
  8
QUOTATURA
 10
-6475.102
 11
-6475.102
 20
-512.293
 21
-820.472
  0
LINE
  8
QUOTATURA
 10
-6275.102
 11
-6275.102
 20
-540.572
 21
-820.472
  0
LINE
  8
QUOTATURA
 10
-6475.102
 11
-6728.943
 20
-720.472
 21
-720.472
  0
LINE
  8
QUOTATURA
 10
-6675.102
 11
-6475.102
 20
-687.132
 21
-720.472
  0
LINE
  8
QUOTATURA
 10
-6475.102
 11
-6675.102
 20
-720.472
 21
-753.812
  0
LINE
  8
QUOTATURA
 10
-6675.102
 11
-6675.102
 20
-753.812
 21
-687.132
  0
LINE
  8
QUOTATURA
 10
-6275.102
 11
-5875.102
 20
-720.472
 21
-720.472
  0
LINE
  8
QUOTATURA
 10
-6075.102
 11
-6275.102
 20
-753.812
 21
-720.472
  0
LINE
  8
QUOTATURA
 10
-6275.102
 11
-6075.102
 20
-720.472
 21
-687.132
  0
LINE
  8
QUOTATURA
 10
-6075.102
 11
-6075.102
 20
-687.132
 21
-753.812
  0
LINE
  8
QUOTATURA
 10
-6482.203
 11
-6482.203
 20
1484.736
 21
1087.673
  0
LINE
  8
QUOTATURA
 10
-6082.203
 11
-6082.203
 20
1454.736
 21
1087.673
  0
LINE
  8
QUOTATURA
 10
-6482.203
 11
-6729.834
 20
1187.673
 21
1187.673
  0
LINE
  8
QUOTATURA
 10
-6682.203
 11
-6482.203
 20
1221.013
 21
1187.673
  0
LINE
  8
QUOTATURA
 10
-6482.203
 11
-6682.203
 20
1187.673
 21
1154.333
  0
LINE
  8
QUOTATURA
 10
-6682.203
 11
-6682.203
 20
1154.333
 21
1221.013
  0
LINE
  8
QUOTATURA
 10
-6082.203
 11
-5682.203
 20
1187.673
 21
1187.673
  0
LINE
  8
QUOTATURA
 10
-5882.203
 11
-6082.203
 20
1154.333
 21
1187.673
  0
LINE
  8
QUOTATURA
 10
-6082.203
 11
-5882.203
 20
1187.673
 21
1221.013
  0
LINE
  8
QUOTATURA
 10
-5882.203
 11
-5882.203
 20
1221.013
 21
1154.333
  0
CIRCLE
  8
APS_GEOMETRY
 10
793.5
 20
1044.5
 40
2.0
  0
LINE
  8
APS_GEOMETRY
 10
793.5
 11
693.5
 20
1054.5
 21
1054.5
  0
LINE
  8
APS_GEOMETRY
 10
693.5
 11
693.5
 20
1054.5
 21
1034.5
  0
LINE
  8
APS_GEOMETRY
 10
693.5
 11
803.5
 20
1034.5
 21
1034.5
  0
LINE
  8
APS_GEOMETRY
 10
803.5
 11
803.5
 20
1034.5
 21
1054.5
  0
LINE
  8
APS_GEOMETRY
 10
803.5
 11
703.5
 20
1054.5
 21
1054.5
  0
ARC
  8
APS_GEOMETRY
 10
793.5
 20
943.5
 40
7.0
 50
180.0
 51
360.0
  0
LINE
  8
APS_GEOMETRY
 10
800.5
 11
800.5
 20
943.5
 21
954.5
  0
ARC
  8
APS_GEOMETRY
 10
793.5
 20
954.5
 40
7.0
 50
360.0
 51
180.0
  0
LINE
  8
APS_GEOMETRY
 10
786.5
 11
786.5
 20
954.5
 21
943.5
  0
CIRCLE
  8
APS_GEOMETRY
 10
793.5
 20
1044.5
 40
1.0
  0
LINE
  8
APS_GEOMETRY
 10
818.5
 11
818.5
 20
924.0
 21
974.0
  0
LINE
  8
APS_GEOMETRY
 10
818.5
 11
768.5
 20
974.0
 21
974.0
  0
LINE
  8
APS_GEOMETRY
 10
768.5
 11
768.5
 20
974.0
 21
924.0
  0
LINE
  8
APS_GEOMETRY
 10
768.5
 11
818.5
 20
924.0
 21
924.0
  0
LINE
  8
APS_GEOMETRY
 10
768.5
 11
768.5
 20
1034.5
 21
1019.5
  0
LINE
  8
APS_GEOMETRY
 10
768.5
 11
818.5
 20
1019.5
 21
1019.5
  0
LINE
  8
APS_GEOMETRY
 10
818.5
 11
818.5
 20
1019.5
 21
1069.5
  0
LINE
  8
APS_GEOMETRY
 10
818.5
 11
768.5
 20
1069.5
 21
1069.5
  0
LINE
  8
APS_GEOMETRY
 10
768.5
 11
768.5
 20
1069.5
 21
1054.5
  0
LINE
  8
COSTRUZIONI
 10
127.5
 11
153.58
 20
-172.5
 21
-172.5
  0
ARC
  8
COSTRUZIONI
 10
153.716
 20
-145.016
 40
27.485
 50
269.715
 51
292.333
  0
ARC
  8
COSTRUZIONI
 10
174.543
 20
-195.632
 40
27.248
 50
91.83
 51
112.398
  0
LINE
  8
COSTRUZIONI
 10
173.672
 11
183.061
 20
-168.397
 21
-168.053
  0
ARC
  8
COSTRUZIONI
 10
182.988
 20
-166.054
 40
2.0
 50
272.101
 51
340.0
  0
LINE
  8
COSTRUZIONI
 10
184.867
 11
185.261
 20
-166.738
 21
-165.658
  0
ARC
  8
COSTRUZIONI
 10
186.2
 20
-166.0
 40
1.0
 50
90.0
 51
160.0
  0
LINE
  8
COSTRUZIONI
 10
186.2
 11
693.8
 20
-165.0
 21
-165.0
  0
ARC
  8
COSTRUZIONI
 10
693.8
 20
-166.0
 40
1.0
 50
20.0
 51
90.0
  0
LINE
  8
COSTRUZIONI
 10
694.739
 11
695.133
 20
-165.658
 21
-166.738
  0
ARC
  8
COSTRUZIONI
 10
697.012
 20
-166.054
 40
2.0
 50
200.0
 51
267.899
  0
LINE
  8
COSTRUZIONI
 10
696.939
 11
706.328
 20
-168.053
 21
-168.397
  0
ARC
  8
COSTRUZIONI
 10
705.457
 20
-195.632
 40
27.248
 50
67.602
 51
88.17
  0
ARC
  8
COSTRUZIONI
 10
726.284
 20
-145.016
 40
27.485
 50
247.667
 51
270.285
  0
LINE
  8
COSTRUZIONI
 10
726.42
 11
752.5
 20
-172.5
 21
-172.5
  0
LINE
  8
COSTRUZIONI
 10
752.5
 11
752.5
 20
-172.5
 21
-178.5
  0
LINE
  8
COSTRUZIONI
 10
752.5
 11
726.42
 20
-178.5
 21
-178.5
  0
ARC
  8
COSTRUZIONI
 10
726.284
 20
-205.984
 40
27.485
 50
89.715
 51
112.333
  0
ARC
  8
COSTRUZIONI
 10
705.457
 20
-155.369
 40
27.248
 50
271.83
 51
292.398
  0
LINE
  8
COSTRUZIONI
 10
706.328
 11
696.939
 20
-182.603
 21
-182.947
  0
ARC
  8
COSTRUZIONI
 10
697.012
 20
-184.946
 40
2.0
 50
92.101
 51
160.0
  0
LINE
  8
COSTRUZIONI
 10
695.133
 11
694.739
 20
-184.262
 21
-185.342
  0
ARC
  8
COSTRUZIONI
 10
693.8
 20
-185.0
 40
1.0
 50
270.0
 51
340.0
  0
LINE
  8
COSTRUZIONI
 10
693.8
 11
186.2
 20
-186.0
 21
-186.0
  0
ARC
  8
COSTRUZIONI
 10
186.2
 20
-185.0
 40
1.0
 50
200.0
 51
270.0
  0
LINE
  8
COSTRUZIONI
 10
185.261
 11
184.867
 20
-185.342
 21
-184.262
  0
ARC
  8
COSTRUZIONI
 10
182.988
 20
-184.946
 40
2.0
 50
20.0
 51
87.899
  0
LINE
  8
COSTRUZIONI
 10
183.061
 11
173.672
 20
-182.947
 21
-182.603
  0
ARC
  8
COSTRUZIONI
 10
174.543
 20
-155.369
 40
27.248
 50
247.602
 51
268.17
  0
ARC
  8
COSTRUZIONI
 10
153.716
 20
-205.984
 40
27.485
 50
67.667
 51
90.285
  0
LINE
  8
COSTRUZIONI
 10
153.58
 11
127.5
 20
-178.5
 21
-178.5
  0
LINE
  8
COSTRUZIONI
 10
127.5
 11
127.5
 20
-178.5
 21
-172.5
  0
LINE
  8
APS_GEOMETRY
 10
739.5
 11
140.5
 20
1999.5
 21
1999.5
  0
LINE
  8
APS_GEOMETRY
 10
140.5
 11
140.5
 20
1999.5
 21
1307.5
  0
LINE
  8
APS_GEOMETRY
 10
140.5
 11
140.5
 20
1195.5
 21
890.5
  0
LINE
  8
APS_GEOMETRY
 10
140.5
 11
140.5
 20
778.5
 21
180.5
  0
LINE
  8
APS_GEOMETRY
 10
140.5
 11
739.5
 20
180.5
 21
180.5
  0
LINE
  8
APS_GEOMETRY
 10
124.5
 11
755.5
 20
164.5
 21
164.5
  0
LINE
  8
APS_GEOMETRY
 10
739.5
 11
755.5
 20
180.5
 21
164.5
  0
LINE
  8
APS_GEOMETRY
 10
124.5
 11
140.5
 20
164.5
 21
180.5
  0
LINE
  8
APS_GEOMETRY
 10
755.5
 11
124.5
 20
2015.5
 21
2015.5
  0
LINE
  8
APS_GEOMETRY
 10
140.5
 11
124.5
 20
1999.5
 21
2015.5
  0
LINE
  8
APS_GEOMETRY
 10
739.5
 11
755.5
 20
1999.5
 21
2015.5
  0
LINE
  8
APS_GEOMETRY
 10
739.5
 11
739.5
 20
1999.5
 21
1307.5
  0
LINE
  8
APS_GEOMETRY
 10
739.5
 11
739.5
 20
1195.5
 21
1054.5
  0
LINE
  8
APS_GEOMETRY
 10
739.5
 11
739.5
 20
1034.5
 21
890.5
  0
LINE
  8
APS_GEOMETRY
 10
739.5
 11
739.5
 20
778.5
 21
180.5
  0
LINE
  8
APS_GEOMETRY
 10
198.5
 11
681.5
 20
238.5
 21
238.5
  0
LINE
  8
APS_GEOMETRY
 10
198.5
 11
198.5
 20
1941.5
 21
1365.5
  0
LINE
  8
APS_GEOMETRY
 10
198.5
 11
198.5
 20
1137.5
 21
948.5
  0
LINE
  8
APS_GEOMETRY
 10
198.5
 11
198.5
 20
720.5
 21
238.5
  0
LINE
  8
APS_GEOMETRY
 10
681.5
 11
681.5
 20
1941.5
 21
1365.5
  0
LINE
  8
APS_GEOMETRY
 10
681.5
 11
681.5
 20
1137.5
 21
948.5
  0
LINE
  8
APS_GEOMETRY
 10
681.5
 11
681.5
 20
720.5
 21
238.5
  0
LINE
  8
APS_GEOMETRY
 10
681.5
 11
198.5
 20
1941.5
 21
1941.5
  0
LINE
  8
APS_GEOMETRY
 10
198.5
 11
140.5
 20
238.5
 21
180.5
  0
LINE
  8
APS_GEOMETRY
 10
681.5
 11
739.5
 20
238.5
 21
180.5
  0
LINE
  8
APS_GEOMETRY
 10
198.5
 11
140.5
 20
1941.5
 21
1999.5
  0
LINE
  8
APS_GEOMETRY
 10
681.5
 11
739.5
 20
1941.5
 21
1999.5
  0
LINE
  8
APS_GEOMETRY
 10
140.5
 11
739.5
 20
890.5
 21
890.5
  0
LINE
  8
APS_GEOMETRY
 10
124.5
 11
755.5
 20
874.5
 21
874.5
  0
LINE
  8
APS_GEOMETRY
 10
739.5
 11
755.5
 20
890.5
 21
874.5
  0
LINE
  8
APS_GEOMETRY
 10
124.5
 11
140.5
 20
874.5
 21
890.5
  0
LINE
  8
APS_GEOMETRY
 10
198.5
 11
681.5
 20
948.5
 21
948.5
  0
LINE
  8
APS_GEOMETRY
 10
198.5
 11
140.5
 20
948.5
 21
890.5
  0
LINE
  8
APS_GEOMETRY
 10
681.5
 11
739.5
 20
948.5
 21
890.5
  0
LINE
  8
APS_GEOMETRY
 10
140.5
 11
739.5
 20
1307.5
 21
1307.5
  0
LINE
  8
APS_GEOMETRY
 10
124.5
 11
755.5
 20
1291.5
 21
1291.5
  0
LINE
  8
APS_GEOMETRY
 10
739.5
 11
755.5
 20
1307.5
 21
1291.5
  0
LINE
  8
APS_GEOMETRY
 10
124.5
 11
140.5
 20
1291.5
 21
1307.5
  0
LINE
  8
APS_GEOMETRY
 10
198.5
 11
681.5
 20
1365.5
 21
1365.5
  0
LINE
  8
APS_GEOMETRY
 10
198.5
 11
140.5
 20
1365.5
 21
1307.5
  0
LINE
  8
APS_GEOMETRY
 10
681.5
 11
739.5
 20
1365.5
 21
1307.5
  0
LINE
  8
APS_GEOMETRY
 10
739.5
 11
140.5
 20
1195.5
 21
1195.5
  0
LINE
  8
APS_GEOMETRY
 10
755.5
 11
124.5
 20
1211.5
 21
1211.5
  0
LINE
  8
APS_GEOMETRY
 10
140.5
 11
124.5
 20
1195.5
 21
1211.5
  0
LINE
  8
APS_GEOMETRY
 10
739.5
 11
755.5
 20
1195.5
 21
1211.5
  0
LINE
  8
APS_GEOMETRY
 10
681.5
 11
198.5
 20
1137.5
 21
1137.5
  0
LINE
  8
APS_GEOMETRY
 10
198.5
 11
140.5
 20
1137.5
 21
1195.5
  0
LINE
  8
APS_GEOMETRY
 10
681.5
 11
739.5
 20
1137.5
 21
1195.5
  0
LINE
  8
APS_GEOMETRY
 10
739.5
 11
140.5
 20
778.5
 21
778.5
  0
LINE
  8
APS_GEOMETRY
 10
755.5
 11
124.5
 20
794.5
 21
794.5
  0
LINE
  8
APS_GEOMETRY
 10
140.5
 11
124.5
 20
778.5
 21
794.5
  0
LINE
  8
APS_GEOMETRY
 10
739.5
 11
755.5
 20
778.5
 21
794.5
  0
LINE
  8
APS_GEOMETRY
 10
681.5
 11
198.5
 20
720.5
 21
720.5
  0
LINE
  8
APS_GEOMETRY
 10
198.5
 11
140.5
 20
720.5
 21
778.5
  0
LINE
  8
APS_GEOMETRY
 10
681.5
 11
739.5
 20
720.5
 21
778.5
  0
ARC
  8
APS_GEOMETRY
 10
-261.758
 20
2015.083
 40
11.091
 50
300.225
 51
2.153
  0
ARC
  8
APS_GEOMETRY
 10
-252.008
 20
1997.333
 40
9.168
 50
117.031
 51
161.855
  0
ARC
  8
APS_GEOMETRY
 10
-261.671
 20
2000.5
 40
1.0
 50
270.0
 51
341.855
  0
LINE
  8
APS_GEOMETRY
 10
-261.671
 11
-265.5
 20
1999.5
 21
1999.5
  0
ARC
  8
APS_GEOMETRY
 10
-265.5
 20
2000.5
 40
1.0
 50
180.0
 51
270.0
  0
LINE
  8
APS_GEOMETRY
 10
-266.5
 11
-266.5
 20
2000.5
 21
2015.5
  0
LINE
  8
APS_GEOMETRY
 10
-290.5
 11
-290.5
 20
2100.5
 21
2018.5
  0
LINE
  8
APS_GEOMETRY
 10
-290.5
 11
-287.5
 20
2018.5
 21
2015.5
  0
LINE
  8
APS_GEOMETRY
 10
-287.5
 11
-285.324
 20
2015.5
 21
2015.5
  0
ARC
  8
APS_GEOMETRY
 10
-272.095
 20
2015.053
 40
13.236
 50
178.063
 51
203.672
  0
ARC
  8
APS_GEOMETRY
 10
-274.68
 20
2013.835
 40
10.38
 50
203.243
 51
233.413
  0
ARC
  8
APS_GEOMETRY
 10
-285.836
 20
1998.121
 40
8.896
 50
13.437
 51
56.043
  0
ARC
  8
APS_GEOMETRY
 10
-276.143
 20
2000.459
 40
1.075
 50
194.545
 51
215.813
  0
ARC
  8
APS_GEOMETRY
 10
-276.331
 20
2000.321
 40
0.842
 50
215.67
 51
240.722
  0
ARC
  8
APS_GEOMETRY
 10
-276.411
 20
2000.182
 40
0.682
 50
240.899
 51
269.762
  0
LINE
  8
APS_GEOMETRY
 10
-276.413
 11
-273.311
 20
1999.5
 21
1999.5
  0
ARC
  8
APS_GEOMETRY
 10
-273.313
 20
2000.179
 40
0.679
 50
270.198
 51
297.386
  0
ARC
  8
APS_GEOMETRY
 10
-273.381
 20
2000.305
 40
0.823
 50
297.555
 51
321.463
  0
ARC
  8
APS_GEOMETRY
 10
-273.551
 20
2000.443
 40
1.041
 50
321.362
 51
341.773
  0
ARC
  8
APS_GEOMETRY
 10
-273.707
 20
2000.498
 40
1.206
 50
341.597
 51
0.091
  0
LINE
  8
APS_GEOMETRY
 10
-272.5
 11
-272.5
 20
2000.5
 21
2015.5
  0
LINE
  8
APS_GEOMETRY
 10
-272.5
 11
-248.5
 20
2015.5
 21
2015.5
  0
LINE
  8
APS_GEOMETRY
 10
-248.5
 11
-245.5
 20
2015.5
 21
2018.5
  0
LINE
  8
APS_GEOMETRY
 10
-245.5
 11
-245.5
 20
2018.5
 21
2108.5
  0
ARC
  8
APS_GEOMETRY
 10
-250.5
 20
2108.5
 40
5.0
 50
360.0
 51
90.0
  0
LINE
  8
APS_GEOMETRY
 10
-250.5
 11
-258.5
 20
2113.5
 21
2113.5
  0
ARC
  8
APS_GEOMETRY
 10
-258.5
 20
2111.5
 40
2.0
 50
90.0
 51
180.0
  0
LINE
  8
APS_GEOMETRY
 10
-260.5
 11
-260.5
 20
2111.5
 21
2103.5
  0
LINE
  8
APS_GEOMETRY
 10
-260.5
 11
-287.5
 20
2103.5
 21
2103.5
  0
ARC
  8
APS_GEOMETRY
 10
-287.5
 20
2100.5
 40
3.0
 50
90.0
 51
180.0
  0
ARC
  8
APS_GEOMETRY
 10
-261.758
 20
1211.083
 40
11.091
 50
300.225
 51
2.153
  0
ARC
  8
APS_GEOMETRY
 10
-252.008
 20
1193.333
 40
9.168
 50
117.031
 51
161.855
  0
ARC
  8
APS_GEOMETRY
 10
-261.671
 20
1196.5
 40
1.0
 50
270.0
 51
341.855
  0
LINE
  8
APS_GEOMETRY
 10
-261.671
 11
-265.5
 20
1195.5
 21
1195.5
  0
ARC
  8
APS_GEOMETRY
 10
-265.5
 20
1196.5
 40
1.0
 50
180.0
 51
270.0
  0
LINE
  8
APS_GEOMETRY
 10
-266.5
 11
-266.5
 20
1196.5
 21
1211.5
  0
LINE
  8
APS_GEOMETRY
 10
-290.5
 11
-287.5
 20
1214.5
 21
1211.5
  0
LINE
  8
APS_GEOMETRY
 10
-287.5
 11
-285.324
 20
1211.5
 21
1211.5
  0
ARC
  8
APS_GEOMETRY
 10
-272.095
 20
1211.053
 40
13.236
 50
178.063
 51
203.672
  0
ARC
  8
APS_GEOMETRY
 10
-274.68
 20
1209.835
 40
10.38
 50
203.243
 51
233.413
  0
ARC
  8
APS_GEOMETRY
 10
-285.836
 20
1194.121
 40
8.896
 50
13.437
 51
56.043
  0
ARC
  8
APS_GEOMETRY
 10
-276.143
 20
1196.458
 40
1.075
 50
194.545
 51
215.813
  0
ARC
  8
APS_GEOMETRY
 10
-276.331
 20
1196.321
 40
0.842
 50
215.67
 51
240.722
  0
ARC
  8
APS_GEOMETRY
 10
-276.411
 20
1196.182
 40
0.682
 50
240.899
 51
269.762
  0
LINE
  8
APS_GEOMETRY
 10
-276.413
 11
-273.311
 20
1195.5
 21
1195.5
  0
ARC
  8
APS_GEOMETRY
 10
-273.313
 20
1196.179
 40
0.679
 50
270.198
 51
297.386
  0
ARC
  8
APS_GEOMETRY
 10
-273.381
 20
1196.305
 40
0.823
 50
297.555
 51
321.463
  0
ARC
  8
APS_GEOMETRY
 10
-273.551
 20
1196.443
 40
1.041
 50
321.362
 51
341.773
  0
ARC
  8
APS_GEOMETRY
 10
-273.707
 20
1196.498
 40
1.206
 50
341.597
 51
0.091
  0
LINE
  8
APS_GEOMETRY
 10
-272.5
 11
-272.5
 20
1196.5
 21
1211.5
  0
LINE
  8
APS_GEOMETRY
 10
-272.5
 11
-248.5
 20
1211.5
 21
1211.5
  0
LINE
  8
APS_GEOMETRY
 10
-248.5
 11
-245.5
 20
1211.5
 21
1214.5
  0
LINE
  8
APS_GEOMETRY
 10
-245.5
 11
-245.5
 20
1214.5
 21
1288.5
  0
LINE
  8
APS_GEOMETRY
 10
-245.5
 11
-248.5
 20
1288.5
 21
1291.5
  0
LINE
  8
APS_GEOMETRY
 10
-248.5
 11
-272.5
 20
1291.5
 21
1291.5
  0
LINE
  8
APS_GEOMETRY
 10
-272.5
 11
-272.5
 20
1291.5
 21
1306.5
  0
ARC
  8
APS_GEOMETRY
 10
-273.707
 20
1306.502
 40
1.206
 50
359.909
 51
18.403
  0
ARC
  8
APS_GEOMETRY
 10
-273.551
 20
1306.557
 40
1.041
 50
18.227
 51
38.638
  0
ARC
  8
APS_GEOMETRY
 10
-273.381
 20
1306.695
 40
0.823
 50
38.537
 51
62.445
  0
ARC
  8
APS_GEOMETRY
 10
-273.313
 20
1306.821
 40
0.679
 50
62.614
 51
89.802
  0
LINE
  8
APS_GEOMETRY
 10
-273.311
 11
-276.413
 20
1307.5
 21
1307.5
  0
ARC
  8
APS_GEOMETRY
 10
-276.411
 20
1306.818
 40
0.682
 50
90.238
 51
119.101
  0
ARC
  8
APS_GEOMETRY
 10
-276.331
 20
1306.679
 40
0.842
 50
119.278
 51
144.33
  0
ARC
  8
APS_GEOMETRY
 10
-276.143
 20
1306.542
 40
1.075
 50
144.187
 51
165.455
  0
ARC
  8
APS_GEOMETRY
 10
-285.836
 20
1308.879
 40
8.896
 50
303.957
 51
346.563
  0
ARC
  8
APS_GEOMETRY
 10
-274.68
 20
1293.165
 40
10.38
 50
126.587
 51
156.757
  0
ARC
  8
APS_GEOMETRY
 10
-272.095
 20
1291.947
 40
13.236
 50
156.328
 51
181.937
  0
LINE
  8
APS_GEOMETRY
 10
-285.324
 11
-287.5
 20
1291.5
 21
1291.5
  0
LINE
  8
APS_GEOMETRY
 10
-287.5
 11
-290.5
 20
1291.5
 21
1288.5
  0
LINE
  8
APS_GEOMETRY
 10
-290.5
 11
-290.5
 20
1288.5
 21
1214.5
  0
ARC
  8
APS_GEOMETRY
 10
-261.758
 20
1291.917
 40
11.091
 50
357.847
 51
59.775
  0
ARC
  8
APS_GEOMETRY
 10
-252.008
 20
1309.667
 40
9.168
 50
198.145
 51
242.969
  0
ARC
  8
APS_GEOMETRY
 10
-261.671
 20
1306.5
 40
1.0
 50
18.145
 51
90.0
  0
LINE
  8
APS_GEOMETRY
 10
-261.671
 11
-265.5
 20
1307.5
 21
1307.5
  0
ARC
  8
APS_GEOMETRY
 10
-265.5
 20
1306.5
 40
1.0
 50
90.0
 51
180.0
  0
LINE
  8
APS_GEOMETRY
 10
-266.5
 11
-266.5
 20
1306.5
 21
1291.5
  0
ARC
  8
APS_GEOMETRY
 10
-261.758
 20
794.083
 40
11.091
 50
300.225
 51
2.153
  0
ARC
  8
APS_GEOMETRY
 10
-252.008
 20
776.333
 40
9.168
 50
117.031
 51
161.855
  0
ARC
  8
APS_GEOMETRY
 10
-261.671
 20
779.5
 40
1.0
 50
270.0
 51
341.855
  0
LINE
  8
APS_GEOMETRY
 10
-261.671
 11
-265.5
 20
778.5
 21
778.5
  0
ARC
  8
APS_GEOMETRY
 10
-265.5
 20
779.5
 40
1.0
 50
180.0
 51
270.0
  0
LINE
  8
APS_GEOMETRY
 10
-266.5
 11
-266.5
 20
779.5
 21
794.5
  0
LINE
  8
APS_GEOMETRY
 10
-290.5
 11
-287.5
 20
797.5
 21
794.5
  0
LINE
  8
APS_GEOMETRY
 10
-287.5
 11
-285.324
 20
794.5
 21
794.5
  0
ARC
  8
APS_GEOMETRY
 10
-272.095
 20
794.053
 40
13.236
 50
178.063
 51
203.672
  0
ARC
  8
APS_GEOMETRY
 10
-274.68
 20
792.835
 40
10.38
 50
203.243
 51
233.413
  0
ARC
  8
APS_GEOMETRY
 10
-285.836
 20
777.121
 40
8.896
 50
13.437
 51
56.043
  0
ARC
  8
APS_GEOMETRY
 10
-276.143
 20
779.458
 40
1.075
 50
194.545
 51
215.813
  0
ARC
  8
APS_GEOMETRY
 10
-276.331
 20
779.321
 40
0.842
 50
215.67
 51
240.722
  0
ARC
  8
APS_GEOMETRY
 10
-276.411
 20
779.182
 40
0.682
 50
240.899
 51
269.762
  0
LINE
  8
APS_GEOMETRY
 10
-276.413
 11
-273.311
 20
778.5
 21
778.5
  0
ARC
  8
APS_GEOMETRY
 10
-273.313
 20
779.179
 40
0.679
 50
270.198
 51
297.386
  0
ARC
  8
APS_GEOMETRY
 10
-273.381
 20
779.305
 40
0.823
 50
297.555
 51
321.463
  0
ARC
  8
APS_GEOMETRY
 10
-273.551
 20
779.443
 40
1.041
 50
321.362
 51
341.773
  0
ARC
  8
APS_GEOMETRY
 10
-273.707
 20
779.498
 40
1.206
 50
341.597
 51
0.091
  0
LINE
  8
APS_GEOMETRY
 10
-272.5
 11
-272.5
 20
779.5
 21
794.5
  0
LINE
  8
APS_GEOMETRY
 10
-272.5
 11
-248.5
 20
794.5
 21
794.5
  0
LINE
  8
APS_GEOMETRY
 10
-248.5
 11
-245.5
 20
794.5
 21
797.5
  0
LINE
  8
APS_GEOMETRY
 10
-245.5
 11
-245.5
 20
797.5
 21
871.5
  0
LINE
  8
APS_GEOMETRY
 10
-245.5
 11
-248.5
 20
871.5
 21
874.5
  0
LINE
  8
APS_GEOMETRY
 10
-248.5
 11
-272.5
 20
874.5
 21
874.5
  0
LINE
  8
APS_GEOMETRY
 10
-272.5
 11
-272.5
 20
874.5
 21
889.5
  0
ARC
  8
APS_GEOMETRY
 10
-273.707
 20
889.502
 40
1.206
 50
359.909
 51
18.403
  0
ARC
  8
APS_GEOMETRY
 10
-273.551
 20
889.557
 40
1.041
 50
18.227
 51
38.638
  0
ARC
  8
APS_GEOMETRY
 10
-273.381
 20
889.695
 40
0.823
 50
38.537
 51
62.445
  0
ARC
  8
APS_GEOMETRY
 10
-273.313
 20
889.821
 40
0.679
 50
62.614
 51
89.802
  0
LINE
  8
APS_GEOMETRY
 10
-273.311
 11
-276.413
 20
890.5
 21
890.5
  0
ARC
  8
APS_GEOMETRY
 10
-276.411
 20
889.818
 40
0.682
 50
90.238
 51
119.101
  0
ARC
  8
APS_GEOMETRY
 10
-276.331
 20
889.679
 40
0.842
 50
119.278
 51
144.33
  0
ARC
  8
APS_GEOMETRY
 10
-276.143
 20
889.542
 40
1.075
 50
144.187
 51
165.455
  0
ARC
  8
APS_GEOMETRY
 10
-285.836
 20
891.879
 40
8.896
 50
303.957
 51
346.563
  0
ARC
  8
APS_GEOMETRY
 10
-274.68
 20
876.165
 40
10.38
 50
126.587
 51
156.757
  0
ARC
  8
APS_GEOMETRY
 10
-272.095
 20
874.947
 40
13.236
 50
156.328
 51
181.937
  0
LINE
  8
APS_GEOMETRY
 10
-285.324
 11
-287.5
 20
874.5
 21
874.5
  0
LINE
  8
APS_GEOMETRY
 10
-287.5
 11
-290.5
 20
874.5
 21
871.5
  0
LINE
  8
APS_GEOMETRY
 10
-290.5
 11
-290.5
 20
871.5
 21
797.5
  0
ARC
  8
APS_GEOMETRY
 10
-261.758
 20
874.917
 40
11.091
 50
357.847
 51
59.775
  0
ARC
  8
APS_GEOMETRY
 10
-252.008
 20
892.667
 40
9.168
 50
198.145
 51
242.969
  0
ARC
  8
APS_GEOMETRY
 10
-261.671
 20
889.5
 40
1.0
 50
18.145
 51
90.0
  0
LINE
  8
APS_GEOMETRY
 10
-261.671
 11
-265.5
 20
890.5
 21
890.5
  0
ARC
  8
APS_GEOMETRY
 10
-265.5
 20
889.5
 40
1.0
 50
90.0
 51
180.0
  0
LINE
  8
APS_GEOMETRY
 10
-266.5
 11
-266.5
 20
889.5
 21
874.5
  0
ARC
  8
APS_GEOMETRY
 10
-261.758
 20
164.917
 40
11.091
 50
357.847
 51
59.775
  0
ARC
  8
APS_GEOMETRY
 10
-252.008
 20
182.667
 40
9.168
 50
198.145
 51
242.969
  0
ARC
  8
APS_GEOMETRY
 10
-261.671
 20
179.5
 40
1.0
 50
18.145
 51
90.0
  0
LINE
  8
APS_GEOMETRY
 10
-261.671
 11
-265.5
 20
180.5
 21
180.5
  0
ARC
  8
APS_GEOMETRY
 10
-265.5
 20
179.5
 40
1.0
 50
90.0
 51
180.0
  0
LINE
  8
APS_GEOMETRY
 10
-266.5
 11
-266.5
 20
179.5
 21
164.5
  0
LINE
  8
APS_GEOMETRY
 10
-290.5
 11
-287.5
 20
161.5
 21
164.5
  0
LINE
  8
APS_GEOMETRY
 10
-287.5
 11
-285.324
 20
164.5
 21
164.5
  0
ARC
  8
APS_GEOMETRY
 10
-272.095
 20
164.947
 40
13.236
 50
156.328
 51
181.937
  0
ARC
  8
APS_GEOMETRY
 10
-274.68
 20
166.165
 40
10.38
 50
126.587
 51
156.757
  0
ARC
  8
APS_GEOMETRY
 10
-285.836
 20
181.879
 40
8.896
 50
303.957
 51
346.563
  0
ARC
  8
APS_GEOMETRY
 10
-276.143
 20
179.542
 40
1.075
 50
144.187
 51
165.455
  0
ARC
  8
APS_GEOMETRY
 10
-276.331
 20
179.679
 40
0.842
 50
119.278
 51
144.33
  0
ARC
  8
APS_GEOMETRY
 10
-276.411
 20
179.818
 40
0.682
 50
90.238
 51
119.101
  0
LINE
  8
APS_GEOMETRY
 10
-276.413
 11
-273.311
 20
180.5
 21
180.5
  0
ARC
  8
APS_GEOMETRY
 10
-273.313
 20
179.821
 40
0.679
 50
62.614
 51
89.802
  0
ARC
  8
APS_GEOMETRY
 10
-273.381
 20
179.695
 40
0.823
 50
38.537
 51
62.445
  0
ARC
  8
APS_GEOMETRY
 10
-273.551
 20
179.557
 40
1.041
 50
18.227
 51
38.638
  0
ARC
  8
APS_GEOMETRY
 10
-273.707
 20
179.502
 40
1.206
 50
359.909
 51
18.403
  0
LINE
  8
APS_GEOMETRY
 10
-272.5
 11
-272.5
 20
179.5
 21
164.5
  0
LINE
  8
APS_GEOMETRY
 10
-272.5
 11
-248.5
 20
164.5
 21
164.5
  0
LINE
  8
APS_GEOMETRY
 10
-248.5
 11
-245.5
 20
164.5
 21
161.5
  0
LINE
  8
APS_GEOMETRY
 10
-245.5
 11
-245.5
 20
161.5
 21
9.5
  0
ARC
  8
APS_GEOMETRY
 10
-250.5
 20
9.5
 40
5.0
 50
270.0
 51
360.0
  0
LINE
  8
APS_GEOMETRY
 10
-250.5
 11
-285.5
 20
4.5
 21
4.5
  0
ARC
  8
APS_GEOMETRY
 10
-285.5
 20
9.5
 40
5.0
 50
180.0
 51
270.0
  0
LINE
  8
APS_GEOMETRY
 10
-290.5
 11
-290.5
 20
9.5
 21
161.5
  0
LINE
  8
COSTRUZIONI
 10
-272.5
 11
-272.5
 20
167.5
 21
193.58
  0
ARC
  8
COSTRUZIONI
 10
-299.984
 20
193.716
 40
27.485
 50
359.715
 51
22.333
  0
ARC
  8
COSTRUZIONI
 10
-249.369
 20
214.543
 40
27.248
 50
181.83
 51
202.398
  0
LINE
  8
COSTRUZIONI
 10
-276.603
 11
-276.947
 20
213.672
 21
223.061
  0
ARC
  8
COSTRUZIONI
 10
-278.946
 20
222.988
 40
2.0
 50
2.101
 51
70.0
  0
LINE
  8
COSTRUZIONI
 10
-278.262
 11
-279.342
 20
224.867
 21
225.261
  0
ARC
  8
COSTRUZIONI
 10
-279.0
 20
226.2
 40
1.0
 50
180.0
 51
250.0
  0
LINE
  8
COSTRUZIONI
 10
-280.0
 11
-280.0
 20
226.2
 21
732.8
  0
ARC
  8
COSTRUZIONI
 10
-279.0
 20
732.8
 40
1.0
 50
110.0
 51
180.0
  0
LINE
  8
COSTRUZIONI
 10
-279.342
 11
-278.262
 20
733.739
 21
734.133
  0
ARC
  8
COSTRUZIONI
 10
-278.946
 20
736.012
 40
2.0
 50
290.0
 51
357.899
  0
LINE
  8
COSTRUZIONI
 10
-276.947
 11
-276.603
 20
735.939
 21
745.328
  0
ARC
  8
COSTRUZIONI
 10
-249.369
 20
744.457
 40
27.248
 50
157.602
 51
178.17
  0
ARC
  8
COSTRUZIONI
 10
-299.984
 20
765.284
 40
27.485
 50
337.667
 51
0.285
  0
LINE
  8
COSTRUZIONI
 10
-272.5
 11
-272.5
 20
765.42
 21
791.5
  0
LINE
  8
COSTRUZIONI
 10
-272.5
 11
-266.5
 20
791.5
 21
791.5
  0
LINE
  8
COSTRUZIONI
 10
-266.5
 11
-266.5
 20
791.5
 21
765.42
  0
ARC
  8
COSTRUZIONI
 10
-239.016
 20
765.284
 40
27.485
 50
179.715
 51
202.333
  0
ARC
  8
COSTRUZIONI
 10
-289.632
 20
744.457
 40
27.248
 50
1.83
 51
22.398
  0
LINE
  8
COSTRUZIONI
 10
-262.397
 11
-262.053
 20
745.328
 21
735.939
  0
ARC
  8
COSTRUZIONI
 10
-260.054
 20
736.012
 40
2.0
 50
182.101
 51
250.0
  0
LINE
  8
COSTRUZIONI
 10
-260.738
 11
-259.658
 20
734.133
 21
733.739
  0
ARC
  8
COSTRUZIONI
 10
-260.0
 20
732.8
 40
1.0
 50
360.0
 51
70.0
  0
LINE
  8
COSTRUZIONI
 10
-259.0
 11
-259.0
 20
732.8
 21
226.2
  0
ARC
  8
COSTRUZIONI
 10
-260.0
 20
226.2
 40
1.0
 50
290.0
 51
360.0
  0
LINE
  8
COSTRUZIONI
 10
-259.658
 11
-260.738
 20
225.261
 21
224.867
  0
ARC
  8
COSTRUZIONI
 10
-260.054
 20
222.988
 40
2.0
 50
110.0
 51
177.899
  0
LINE
  8
COSTRUZIONI
 10
-262.053
 11
-262.397
 20
223.061
 21
213.672
  0
ARC
  8
COSTRUZIONI
 10
-289.632
 20
214.543
 40
27.248
 50
337.602
 51
358.17
  0
ARC
  8
COSTRUZIONI
 10
-239.016
 20
193.716
 40
27.485
 50
157.667
 51
180.285
  0
LINE
  8
COSTRUZIONI
 10
-266.5
 11
-266.5
 20
193.58
 21
167.5
  0
LINE
  8
COSTRUZIONI
 10
-266.5
 11
-272.5
 20
167.5
 21
167.5
  0
LINE
  8
QUOTATURA
 10
114.5
 11
-159.857
 20
890.5
 21
890.5
  0
LINE
  8
QUOTATURA
 10
-149.857
 11
-149.857
 20
4.5
 21
359.927
  0
LINE
  8
QUOTATURA
 10
-149.857
 11
-149.857
 20
722.143
 21
890.5
  0
LINE
  8
QUOTATURA
 10
-146.523
 11
-149.857
 20
24.5
 21
4.5
  0
LINE
  8
QUOTATURA
 10
-149.857
 11
-153.191
 20
4.5
 21
24.5
  0
LINE
  8
QUOTATURA
 10
-153.191
 11
-146.523
 20
24.5
 21
24.5
  0
LINE
  8
QUOTATURA
 10
-153.191
 11
-149.857
 20
870.5
 21
890.5
  0
LINE
  8
QUOTATURA
 10
-149.857
 11
-146.523
 20
890.5
 21
870.5
  0
LINE
  8
QUOTATURA
 10
-146.523
 11
-153.191
 20
870.5
 21
870.5
  0
ARC
  8
COSTRUZIONI
 10
-279.0
 20
1149.8
 40
1.0
 50
110.0
 51
180.0
  0
LINE
  8
COSTRUZIONI
 10
-279.342
 11
-278.262
 20
1150.739
 21
1151.133
  0
ARC
  8
COSTRUZIONI
 10
-278.946
 20
1153.012
 40
2.0
 50
290.0
 51
357.899
  0
LINE
  8
COSTRUZIONI
 10
-276.947
 11
-276.603
 20
1152.939
 21
1162.328
  0
ARC
  8
COSTRUZIONI
 10
-249.369
 20
1161.457
 40
27.248
 50
157.602
 51
178.17
  0
ARC
  8
COSTRUZIONI
 10
-299.984
 20
1182.284
 40
27.485
 50
337.667
 51
0.285
  0
LINE
  8
COSTRUZIONI
 10
-272.5
 11
-272.5
 20
1182.42
 21
1208.5
  0
LINE
  8
COSTRUZIONI
 10
-272.5
 11
-266.5
 20
1208.5
 21
1208.5
  0
LINE
  8
COSTRUZIONI
 10
-266.5
 11
-266.5
 20
1208.5
 21
1182.42
  0
ARC
  8
COSTRUZIONI
 10
-239.016
 20
1182.284
 40
27.485
 50
179.715
 51
202.333
  0
ARC
  8
COSTRUZIONI
 10
-289.632
 20
1161.457
 40
27.248
 50
1.83
 51
22.398
  0
LINE
  8
COSTRUZIONI
 10
-262.397
 11
-262.053
 20
1162.328
 21
1152.939
  0
ARC
  8
COSTRUZIONI
 10
-260.054
 20
1153.012
 40
2.0
 50
182.101
 51
250.0
  0
LINE
  8
COSTRUZIONI
 10
-260.738
 11
-259.658
 20
1151.133
 21
1150.739
  0
ARC
  8
COSTRUZIONI
 10
-260.0
 20
1149.8
 40
1.0
 50
360.0
 51
70.0
  0
LINE
  8
COSTRUZIONI
 10
-259.0
 11
-259.0
 20
1149.8
 21
936.2
  0
ARC
  8
COSTRUZIONI
 10
-260.0
 20
936.2
 40
1.0
 50
290.0
 51
360.0
  0
LINE
  8
COSTRUZIONI
 10
-259.658
 11
-260.738
 20
935.261
 21
934.867
  0
ARC
  8
COSTRUZIONI
 10
-260.054
 20
932.988
 40
2.0
 50
110.0
 51
177.899
  0
LINE
  8
COSTRUZIONI
 10
-262.053
 11
-262.397
 20
933.061
 21
923.672
  0
ARC
  8
COSTRUZIONI
 10
-289.632
 20
924.543
 40
27.248
 50
337.602
 51
358.17
  0
ARC
  8
COSTRUZIONI
 10
-239.016
 20
903.716
 40
27.485
 50
157.667
 51
180.285
  0
LINE
  8
COSTRUZIONI
 10
-266.5
 11
-266.5
 20
903.58
 21
877.5
  0
LINE
  8
COSTRUZIONI
 10
-266.5
 11
-272.5
 20
877.5
 21
877.5
  0
LINE
  8
COSTRUZIONI
 10
-272.5
 11
-272.5
 20
877.5
 21
903.58
  0
ARC
  8
COSTRUZIONI
 10
-299.984
 20
903.716
 40
27.485
 50
359.715
 51
22.333
  0
ARC
  8
COSTRUZIONI
 10
-249.369
 20
924.543
 40
27.248
 50
181.83
 51
202.398
  0
LINE
  8
COSTRUZIONI
 10
-276.603
 11
-276.947
 20
923.672
 21
933.061
  0
ARC
  8
COSTRUZIONI
 10
-278.946
 20
932.988
 40
2.0
 50
2.101
 51
70.0
  0
LINE
  8
COSTRUZIONI
 10
-278.262
 11
-279.342
 20
934.867
 21
935.261
  0
ARC
  8
COSTRUZIONI
 10
-279.0
 20
936.2
 40
1.0
 50
180.0
 51
250.0
  0
LINE
  8
COSTRUZIONI
 10
-280.0
 11
-280.0
 20
936.2
 21
1149.8
  0
ARC
  8
COSTRUZIONI
 10
-279.0
 20
1953.8
 40
1.0
 50
110.0
 51
180.0
  0
LINE
  8
COSTRUZIONI
 10
-279.342
 11
-278.262
 20
1954.74
 21
1955.133
  0
ARC
  8
COSTRUZIONI
 10
-278.946
 20
1957.012
 40
2.0
 50
290.0
 51
357.899
  0
LINE
  8
COSTRUZIONI
 10
-276.947
 11
-276.603
 20
1956.939
 21
1966.328
  0
ARC
  8
COSTRUZIONI
 10
-249.369
 20
1965.457
 40
27.248
 50
157.602
 51
178.17
  0
ARC
  8
COSTRUZIONI
 10
-299.984
 20
1986.284
 40
27.485
 50
337.667
 51
0.285
  0
LINE
  8
COSTRUZIONI
 10
-272.5
 11
-272.5
 20
1986.42
 21
2012.5
  0
LINE
  8
COSTRUZIONI
 10
-272.5
 11
-266.5
 20
2012.5
 21
2012.5
  0
LINE
  8
COSTRUZIONI
 10
-266.5
 11
-266.5
 20
2012.5
 21
1986.42
  0
ARC
  8
COSTRUZIONI
 10
-239.016
 20
1986.284
 40
27.485
 50
179.715
 51
202.333
  0
ARC
  8
COSTRUZIONI
 10
-289.632
 20
1965.457
 40
27.248
 50
1.83
 51
22.398
  0
LINE
  8
COSTRUZIONI
 10
-262.397
 11
-262.053
 20
1966.328
 21
1956.939
  0
ARC
  8
COSTRUZIONI
 10
-260.054
 20
1957.012
 40
2.0
 50
182.101
 51
250.0
  0
LINE
  8
COSTRUZIONI
 10
-260.738
 11
-259.658
 20
1955.133
 21
1954.74
  0
ARC
  8
COSTRUZIONI
 10
-260.0
 20
1953.8
 40
1.0
 50
360.0
 51
70.0
  0
LINE
  8
COSTRUZIONI
 10
-259.0
 11
-259.0
 20
1953.8
 21
1353.2
  0
ARC
  8
COSTRUZIONI
 10
-260.0
 20
1353.2
 40
1.0
 50
290.0
 51
360.0
  0
LINE
  8
COSTRUZIONI
 10
-259.658
 11
-260.738
 20
1352.261
 21
1351.867
  0
ARC
  8
COSTRUZIONI
 10
-260.054
 20
1349.988
 40
2.0
 50
110.0
 51
177.899
  0
LINE
  8
COSTRUZIONI
 10
-262.053
 11
-262.397
 20
1350.061
 21
1340.672
  0
ARC
  8
COSTRUZIONI
 10
-289.632
 20
1341.543
 40
27.248
 50
337.602
 51
358.17
  0
ARC
  8
COSTRUZIONI
 10
-239.016
 20
1320.716
 40
27.485
 50
157.667
 51
180.285
  0
LINE
  8
COSTRUZIONI
 10
-266.5
 11
-266.5
 20
1320.58
 21
1294.5
  0
LINE
  8
COSTRUZIONI
 10
-266.5
 11
-272.5
 20
1294.5
 21
1294.5
  0
LINE
  8
COSTRUZIONI
 10
-272.5
 11
-272.5
 20
1294.5
 21
1320.58
  0
ARC
  8
COSTRUZIONI
 10
-299.984
 20
1320.716
 40
27.485
 50
359.715
 51
22.333
  0
ARC
  8
COSTRUZIONI
 10
-249.369
 20
1341.543
 40
27.248
 50
181.83
 51
202.398
  0
LINE
  8
COSTRUZIONI
 10
-276.603
 11
-276.947
 20
1340.672
 21
1350.061
  0
ARC
  8
COSTRUZIONI
 10
-278.946
 20
1349.988
 40
2.0
 50
2.101
 51
70.0
  0
LINE
  8
COSTRUZIONI
 10
-278.262
 11
-279.342
 20
1351.867
 21
1352.261
  0
ARC
  8
COSTRUZIONI
 10
-279.0
 20
1353.2
 40
1.0
 50
180.0
 51
250.0
  0
LINE
  8
COSTRUZIONI
 10
-280.0
 11
-280.0
 20
1353.2
 21
1953.8
  0
LINE
  8
QUOTATURA
 10
16.5
 11
-210.311
 20
4.5
 21
4.5
  0
LINE
  8
QUOTATURA
 10
114.5
 11
-210.311
 20
1307.5
 21
1307.5
  0
LINE
  8
QUOTATURA
 10
-200.311
 11
-200.311
 20
4.5
 21
769.258
  0
LINE
  8
QUOTATURA
 10
-200.311
 11
-200.311
 20
1144.009
 21
1307.5
  0
LINE
  8
QUOTATURA
 10
-196.977
 11
-200.311
 20
24.5
 21
4.5
  0
LINE
  8
QUOTATURA
 10
-200.311
 11
-203.645
 20
4.5
 21
24.5
  0
LINE
  8
QUOTATURA
 10
-203.645
 11
-196.977
 20
24.5
 21
24.5
  0
LINE
  8
QUOTATURA
 10
-203.645
 11
-200.311
 20
1287.5
 21
1307.5
  0
LINE
  8
QUOTATURA
 10
-200.311
 11
-196.977
 20
1307.5
 21
1287.5
  0
LINE
  8
QUOTATURA
 10
-196.977
 11
-203.645
 20
1287.5
 21
1287.5
  0
TEXT
  8
QUOTATURA
 10
-558.085
 20
904.753
 30
0.0
 40
20.0
 50
90.0
  1
ESTERNO TELAIO=2140
  0
TEXT
  8
QUOTATURA
 10
-462.173
 20
915.312
 30
0.0
 40
20.0
 50
90.0
  1
LUCE NETTA=2096
  0
TEXT
  8
QUOTATURA
 10
317.082
 20
-256.083
 30
0.0
 40
20.0
 50
0.0
  1
LUCE NETTA=792
  0
TEXT
  8
QUOTATURA
 10
280.71
 20
-366.097
 30
0.0
 40
20.0
 50
0.0
  1
ESTERNO TELAIO=880
  0
TEXT
  8
TEXT
 10
-737.173
 20
-464.042
 30
0.0
 40
20.0
 50
0.0
  1
Ufficio tecnico:
  0
TEXT
  8
TEXT
 10
-243.825
 20
-588.384
 30
0.0
 40
25.0
 50
0.0
  1
tel. 0577-68.54.26 - fax 0577-68.64.29
  0
TEXT
  8
TEXT
 10
-243.825
 20
-625.884
 30
0.0
 40
25.0
 50
0.0
  1
e-mail: tecnico@toscocornici.it - web: www.tosococornici.it
  0
TEXT
  8
TEXT
 10
367.265
 20
-617.576
 30
0.0
 40
40.0
 50
0.0
  1
B.Ste
  0
TEXT
  8
TEXT
 10
515.684
 20
-617.576
 30
0.0
 40
40.0
 50
0.0
  1
f
  0
TEXT
  8
TEXT
 10
546.369
 20
-617.576
 30
0.0
 40
40.0
 50
0.0
  1
ano
  0
TEXT
  8
TEXT
 10
263.045
 20
-461.079
 30
0.0
 40
20.0
 50
0.0
  1
documento:
  0
TEXT
  8
TEXT
 10
506.701
 20
-514.201
 30
0.0
 40
30.0
 50
0.0
  1
MOD-200
  0
TEXT
  8
TEXT
 10
764.246
 20
-460.994
 30
0.0
 40
20.0
 50
0.0
  1
data:
  0
TEXT
  8
TEXT
 10
1013.345
 20
-512.485
 30
0.0
 40
30.0
 50
0.0
  1
16/06/2010
  0
TEXT
  8
TEXT
 10
1022.099
 20
-613.194
 30
0.0
 40
30.0
 50
0.0
  1
1 : 10
  0
TEXT
  8
TEXT
 10
261.232
 20
-559.304
 30
0.0
 40
20.0
 50
0.0
  1
responsabile tecnico:
  0
TEXT
  8
TEXT
 10
762.827
 20
-559.594
 30
0.0
 40
20.0
 50
0.0
  1
scala:
  0
TEXT
  8
TEXT
 10
399.608
 20
-68.294
 30
0.0
 40
20.0
 50
0.0
  1
SEZ-A
  0
TEXT
  8
TEXT
 10
992.283
 20
978.054
 30
0.0
 40
20.0
 50
0.0
  1
SEZ-B
  0
TEXT
  8
TEXT
 10
-53.278
 20
-71.833
 30
0.0
 40
20.0
 50
0.0
  1
SEZ-C
  0
TEXT
  8
TEXT
 10
390.183
 20
-218.096
 30
0.0
 40
20.0
 50
0.0
  1
SEZ-B
  0
TEXT
  8
TEXT
 10
-364.347
 20
1008.267
 30
0.0
 40
20.0
 50
0.0
  1
SEZ-A
  0
TEXT
  8
TEXT
 10
-502.157
 20
-128.85
 30
0.0
 40
20.0
 50
0.0
  1
SEZ-C
  0
TEXT
  8
QUOTATURA
 10
-50.955
 20
-386.838
 30
0.0
 40
20.0
 50
0.0
  1
90
  0
TEXT
  8
QUOTATURA
 10
-208.429
 20
-353.144
 30
0.0
 40
20.0
 50
0.0
  1
20.5
  0
TEXT
  8
TEXT
 10
-582.38
 20
-328.551
 30
0.0
 40
20.0
 50
0.0
  1
BATTISCOPA
  0
TEXT
  8
TEXT
 10
-609.207
 20
-210.655
 30
0.0
 40
20.0
 50
0.0
  1
D2
  0
TEXT
  8
TEXT
 10
-198.614
 20
-400.142
 30
0.0
 40
20.0
 50
0.0
  1
D1
  0
TEXT
  8
TEXT
 10
-5316.413
 20
-3699.398
 30
0.0
 40
200.0
 50
0.0
  1
D1
  0
TEXT
  8
QUOTATURA
 10
-7991.622
 20
-4870.573
 30
0.0
 40
200.0
 50
0.0
  1
20.5
  0
TEXT
  8
QUOTATURA
 10
-6484.233
 20
-5268.463
 30
0.0
 40
200.0
 50
0.0
  1
90
  0
TEXT
  8
QUOTATURA
 10
-6747.818
 20
-3536.198
 30
0.0
 40
100.0
 50
0.0
  1
10
  0
TEXT
  8
QUOTATURA
 10
-5708.618
 20
-4606.024
 30
0.0
 40
100.0
 50
0.0
  1
MIN.[70/80]
  0
TEXT
  8
TEXT
 10
-5804.114
 20
-4754.685
 30
0.0
 40
100.0
 50
0.0
  1
INGOMBRO
  0
TEXT
  8
TEXT
 10
-5804.114
 20
-4904.685
 30
0.0
 40
100.0
 50
0.0
  1
COP.SUL MURO
  0
TEXT
  8
QUOTATURA
 10
-135.939
 20
47.5
 30
0.0
 40
20.0
 50
0.0
  1
115
  0
TEXT
  8
QUOTATURA
 10
-357.369
 20
-325.12
 30
0.0
 40
20.0
 50
0.0
  1
115
  0
TEXT
  8
QUOTATURA
 10
-481.827
 20
-415.753
 30
0.0
 40
20.0
 50
0.0
  1
20
  0
TEXT
  8
QUOTATURA
 10
-342.773
 20
-125.589
 30
0.0
 40
20.0
 50
0.0
  1
115
  0
TEXT
  8
QUOTATURA
 10
-493.927
 20
-215.823
 30
0.0
 40
20.0
 50
0.0
  1
40
  0
TEXT
  8
QUOTATURA
 10
-5923.764
 20
2029.736
 30
0.0
 40
200.0
 50
0.0
  1
115
  0
TEXT
  8
QUOTATURA
 10
-6047.575
 20
34.428
 30
0.0
 40
200.0
 50
0.0
  1
115
  0
TEXT
  8
QUOTATURA
 10
-7109.548
 20
-820.472
 30
0.0
 40
200.0
 50
0.0
  1
20
  0
TEXT
  8
QUOTATURA
 10
-7143.772
 20
1087.673
 30
0.0
 40
200.0
 50
0.0
  1
40
  0
TEXT
  8
TEXT
 10
-7800.727
 20
1887.189
 30
0.0
 40
200.0
 50
0.0
  1
SEZ-C
  0
TEXT
  8
TEXT
 10
-8228.232
 20
-21.338
 30
0.0
 40
200.0
 50
0.0
  1
BATTISCOPA
  0
TEXT
  8
TEXT
 10
-4965.946
 20
508.795
 30
0.0
 40
200.0
 50
0.0
  1
D2
  0
TEXT
  8
QUOTATURA
 10
-139.857
 20
364.927
 30
0.0
 40
20.0
 50
90.0
  1
H TRAV. CENTRALE=886
  0
TEXT
  8
QUOTATURA
 10
-190.311
 20
774.258
 30
0.0
 40
20.0
 50
90.0
  1
H TRAV. CENTRALE=1303
  0
ENDSEC
  0
EOF
